timestamp,station_code,station_name,actual_pm25,sarima_prediction,residual
2021-01-01 00:00:00,1432A,SLD,49.0,107.25058688624031,-58.25058688624031
2021-01-01 01:00:00,1432A,SLD,49.0,108.27995093866926,-59.27995093866926
2021-01-01 02:00:00,1432A,SLD,,109.19585801793663,
2021-01-01 03:00:00,1432A,SLD,51.0,109.24902225489133,-58.24902225489133
2021-01-01 04:00:00,1432A,SLD,53.0,108.11100979851528,-55.11100979851528
2021-01-01 05:00:00,1432A,SLD,,108.4732016445779,
2021-01-01 06:00:00,1432A,SLD,,109.14991711549132,
2021-01-01 07:00:00,1432A,SLD,55.0,108.2923670978328,-53.292367097832795
2021-01-01 08:00:00,1432A,SLD,57.0,108.11756789565399,-51.11756789565399
2021-01-01 09:00:00,1432A,SLD,60.0,108.7025029889838,-48.702502988983795
2021-01-01 10:00:00,1432A,SLD,68.0,109.54140930203877,-41.54140930203877
2021-01-01 11:00:00,1432A,SLD,74.0,110.1636343919615,-36.163634391961494
2021-01-01 12:00:00,1432A,SLD,83.0,109.39240521046402,-26.39240521046402
2021-01-01 13:00:00,1432A,SLD,72.0,108.56050355429873,-36.560503554298734
2021-01-01 14:00:00,1432A,SLD,,108.74757267065013,
2021-01-01 15:00:00,1432A,SLD,75.0,108.2076632922033,-33.20766329220331
2021-01-01 16:00:00,1432A,SLD,80.0,107.4062726320343,-27.4062726320343
2021-01-01 17:00:00,1432A,SLD,73.0,107.58788835983124,-34.58788835983124
2021-01-01 18:00:00,1432A,SLD,71.0,107.09933092167877,-36.09933092167877
2021-01-01 19:00:00,1432A,SLD,72.0,108.12861933180241,-36.12861933180241
2021-01-01 20:00:00,1432A,SLD,77.0,110.39155251662665,-33.391552516626646
2021-01-01 21:00:00,1432A,SLD,81.0,111.05529422565112,-30.055294225651124
2021-01-01 22:00:00,1432A,SLD,79.0,109.38486479175498,-30.38486479175498
2021-01-01 23:00:00,1432A,SLD,73.0,108.65306965026629,-35.65306965026629
2021-01-02 00:00:00,1432A,SLD,71.0,108.71870680685898,-37.718706806858975
2021-01-02 01:00:00,1432A,SLD,73.0,109.82464297828885,-36.82464297828885
2021-01-02 02:00:00,1432A,SLD,79.0,110.63760775064318,-31.637607750643184
2021-01-02 03:00:00,1432A,SLD,79.0,110.2751999584956,-31.275199958495605
2021-01-02 04:00:00,1432A,SLD,79.0,109.4452595295596,-30.445259529559607
2021-01-02 05:00:00,1432A,SLD,80.0,109.99384598718278,-29.99384598718278
2021-01-02 06:00:00,1432A,SLD,81.0,110.69408494632232,-29.69408494632232
2021-01-02 07:00:00,1432A,SLD,84.0,109.66768094488384,-25.66768094488384
2021-01-02 08:00:00,1432A,SLD,84.0,109.55632780420841,-25.556327804208408
2021-01-02 09:00:00,1432A,SLD,86.0,110.19635704874727,-24.196357048747274
2021-01-02 10:00:00,1432A,SLD,85.0,110.89061900011515,-25.89061900011515
2021-01-02 11:00:00,1432A,SLD,88.0,111.2911453612258,-23.2911453612258
2021-01-02 12:00:00,1432A,SLD,93.0,110.24977939140702,-17.249779391407017
2021-01-02 13:00:00,1432A,SLD,92.0,109.31943760429567,-17.319437604295672
2021-01-02 14:00:00,1432A,SLD,93.0,109.33920375467399,-16.33920375467399
2021-01-02 15:00:00,1432A,SLD,94.0,108.75966982632919,-14.759669826329187
2021-01-02 16:00:00,1432A,SLD,94.0,107.90956522872763,-13.90956522872763
2021-01-02 17:00:00,1432A,SLD,96.0,108.07663744211551,-12.076637442115512
2021-01-02 18:00:00,1432A,SLD,112.0,107.55024050606922,4.4497594939307845
2021-01-02 19:00:00,1432A,SLD,110.0,108.59445147087062,1.4055485291293763
2021-01-02 20:00:00,1432A,SLD,108.0,110.76224109196716,-2.762241091967155
2021-01-02 21:00:00,1432A,SLD,112.0,111.48381636005612,0.5161836399438755
2021-01-02 22:00:00,1432A,SLD,106.0,110.24197685914488,-4.241976859144884
2021-01-02 23:00:00,1432A,SLD,109.0,109.7628328068834,-0.7628328068833952
2021-01-03 00:00:00,1432A,SLD,119.0,109.85680204032147,9.143197959678531
2021-01-03 01:00:00,1432A,SLD,111.0,110.96539994592733,0.034600054072669195
2021-01-03 02:00:00,1432A,SLD,,111.77478632630243,
2021-01-03 03:00:00,1432A,SLD,107.0,111.39793277652295,-4.39793277652295
2021-01-03 04:00:00,1432A,SLD,119.0,110.57870128257274,8.421298717427263
2021-01-03 05:00:00,1432A,SLD,111.0,111.13376702945008,-0.1337670294500839
2021-01-03 06:00:00,1432A,SLD,112.0,111.83482369186552,0.1651763081344768
2021-01-03 07:00:00,1432A,SLD,102.0,110.8025501333971,-8.802550133397105
2021-01-03 08:00:00,1432A,SLD,103.0,110.69340245017067,-7.693402450170666
2021-01-03 09:00:00,1432A,SLD,117.0,111.33534683023254,5.664653169767462
2021-01-03 10:00:00,1432A,SLD,121.0,112.02458077864203,8.975419221357967
2021-01-03 11:00:00,1432A,SLD,117.0,112.41740063912356,4.5825993608764435
2021-01-03 12:00:00,1432A,SLD,118.0,111.36664440649045,6.633355593509549
2021-01-03 13:00:00,1432A,SLD,110.0,110.43288072817059,-0.43288072817058776
2021-01-03 14:00:00,1432A,SLD,68.0,110.44683123666661,-42.44683123666661
2021-01-03 15:00:00,1432A,SLD,55.0,109.86591991378124,-54.86591991378124
2021-01-03 16:00:00,1432A,SLD,56.0,109.01412196416325,-53.01412196416325
2021-01-03 17:00:00,1432A,SLD,45.0,109.1806886284055,-64.1806886284055
2021-01-03 18:00:00,1432A,SLD,63.0,108.6529763482619,-45.6529763482619
2021-01-03 19:00:00,1432A,SLD,74.0,109.69770603808094,-35.69770603808094
2021-01-03 20:00:00,1432A,SLD,78.0,111.86218836040469,-33.86218836040469
2021-01-03 21:00:00,1432A,SLD,77.0,112.58577398895764,-35.58577398895764
2021-01-03 22:00:00,1432A,SLD,72.0,111.35883276286228,-39.35883276286228
2021-01-03 23:00:00,1432A,SLD,70.0,110.88847115057467,-40.888471150574674
2021-01-04 00:00:00,1432A,SLD,70.0,110.9834252393126,-40.983425239312595
2021-01-04 01:00:00,1432A,SLD,73.0,112.09211566983375,-39.092115669833746
2021-01-04 02:00:00,1432A,SLD,79.0,112.90137766122301,-33.90137766122301
2021-01-04 03:00:00,1432A,SLD,88.0,112.52402196043492,-24.524021960434922
2021-01-04 04:00:00,1432A,SLD,94.0,111.70516272127682,-17.70516272127682
2021-01-04 05:00:00,1432A,SLD,95.0,112.26045369563734,-17.260453695637338
2021-01-04 06:00:00,1432A,SLD,96.0,112.96153878235113,-16.961538782351127
2021-01-04 07:00:00,1432A,SLD,96.0,111.92906119138696,-15.929061191386964
2021-01-04 08:00:00,1432A,SLD,98.0,111.81999017237645,-13.81999017237645
2021-01-04 09:00:00,1432A,SLD,99.0,112.46200112473304,-13.462001124733035
2021-01-04 10:00:00,1432A,SLD,102.0,113.15106029402598,-11.151060294025982
2021-01-04 11:00:00,1432A,SLD,104.0,113.54361226775748,-9.543612267757482
2021-01-04 12:00:00,1432A,SLD,106.0,112.4925296188807,-6.492529618880695
2021-01-04 13:00:00,1432A,SLD,108.0,111.55864699172025,-3.558646991720252
2021-01-04 14:00:00,1432A,SLD,106.0,111.57239534187255,-5.57239534187255
2021-01-04 15:00:00,1432A,SLD,105.0,110.99143613918223,-5.991436139182227
2021-01-04 16:00:00,1432A,SLD,107.0,110.13957932671714,-3.13957932671714
2021-01-04 17:00:00,1432A,SLD,106.0,110.30612841749456,-4.306128417494563
2021-01-04 18:00:00,1432A,SLD,109.0,109.77837041449017,-0.7783704144901691
2021-01-04 19:00:00,1432A,SLD,114.0,110.82311813578235,3.1768818642176484
2021-01-04 20:00:00,1432A,SLD,118.0,112.98748549262926,5.012514507370739
2021-01-04 21:00:00,1432A,SLD,120.0,113.71114100360445,6.288858996395547
2021-01-04 22:00:00,1432A,SLD,115.0,112.48471765853108,2.515282341468918
2021-01-04 23:00:00,1432A,SLD,114.0,112.01466133387208,1.985338666127916
2021-01-05 00:00:00,1432A,SLD,115.0,112.1096496573033,2.8903503426967063
2021-01-05 01:00:00,1432A,SLD,115.0,113.21834330409601,1.7816566959039903
2021-01-05 02:00:00,1432A,SLD,110.0,114.02760097158227,-4.027600971582274
2021-01-05 03:00:00,1432A,SLD,107.0,113.6502278154525,-6.650227815452496
2021-01-05 04:00:00,1432A,SLD,104.0,112.83138151629547,-8.831381516295465
2021-01-05 05:00:00,1432A,SLD,104.0,113.38668031982016,-9.386680319820158
2021-01-05 06:00:00,1432A,SLD,107.0,114.08776639459496,-7.087766394594965
2021-01-05 07:00:00,1432A,SLD,112.0,113.05528171122856,-1.0552817112285595
2021-01-05 08:00:00,1432A,SLD,113.0,112.94621335715364,0.05378664284636159
2021-01-05 09:00:00,1432A,SLD,114.0,113.5882266236391,0.41177337636089817
2021-01-05 10:00:00,1432A,SLD,117.0,114.27727971741065,2.72272028258935
2021-01-05 11:00:00,1432A,SLD,113.0,114.66982237909322,-1.669822379093219
2021-01-05 12:00:00,1432A,SLD,114.0,113.61872838361559,0.3812716163844101
2021-01-05 13:00:00,1432A,SLD,88.0,112.68484162165778,-24.68484162165778
2021-01-05 14:00:00,1432A,SLD,67.0,112.69858294455553,-45.698582944555525
2021-01-05 15:00:00,1432A,SLD,53.0,112.11762207750859,-59.117622077508585
2021-01-05 16:00:00,1432A,SLD,60.0,111.26576321890379,-51.265763218903786
2021-01-05 17:00:00,1432A,SLD,52.0,111.43231169880755,-59.43231169880755
2021-01-05 18:00:00,1432A,SLD,55.0,110.90455210642438,-55.904552106424376
2021-01-05 19:00:00,1432A,SLD,60.0,111.94930045451113,-51.94930045451113
2021-01-05 20:00:00,1432A,SLD,62.0,114.11366381502697,-52.11366381502697
2021-01-05 21:00:00,1432A,SLD,71.0,114.83732175519486,-43.837321755194864
2021-01-05 22:00:00,1432A,SLD,70.0,113.61091641225636,-43.61091641225636
2021-01-05 23:00:00,1432A,SLD,64.0,113.14087069974347,-49.14087069974347
2021-01-06 00:00:00,1432A,SLD,64.0,113.23586021321165,-49.23586021321165
2021-01-06 01:00:00,1432A,SLD,65.0,114.34455397180564,-49.34455397180564
2021-01-06 02:00:00,1432A,SLD,65.0,115.1538114889881,-50.1538114889881
2021-01-06 03:00:00,1432A,SLD,64.0,114.77643772609073,-50.776437726090734
2021-01-06 04:00:00,1432A,SLD,61.0,113.95759187674291,-52.95759187674291
2021-01-06 05:00:00,1432A,SLD,59.0,114.51289095241826,-55.51289095241826
2021-01-06 06:00:00,1432A,SLD,60.0,115.2139770615392,-55.2139770615392
2021-01-06 07:00:00,1432A,SLD,65.0,114.18149213163282,-49.18149213163282
2021-01-06 08:00:00,1432A,SLD,64.0,114.07242387019409,-50.072423870194086
2021-01-06 09:00:00,1432A,SLD,65.0,114.71443721712131,-49.714437217121315
2021-01-06 10:00:00,1432A,SLD,62.0,115.4034900997008,-53.403490099700804
2021-01-06 11:00:00,1432A,SLD,61.0,115.79603243768595,-54.79603243768595
2021-01-06 12:00:00,1432A,SLD,66.0,114.74493804778751,-48.744938047787514
2021-01-06 13:00:00,1432A,SLD,74.0,113.81105114209944,-39.811051142099444
2021-01-06 14:00:00,1432A,SLD,75.0,113.8247922207218,-38.824792220721804
2021-01-06 15:00:00,1432A,SLD,78.0,113.24383129581992,-35.243831295819916
2021-01-06 16:00:00,1432A,SLD,80.0,112.39197236608898,-32.39197236608898
2021-01-06 17:00:00,1432A,SLD,82.0,112.55852082475808,-30.558520824758077
2021-01-06 18:00:00,1432A,SLD,74.0,112.03076117712628,-38.03076117712628
2021-01-06 19:00:00,1432A,SLD,75.0,113.07550954700113,-38.07550954700113
2021-01-06 20:00:00,1432A,SLD,73.0,115.23987276859994,-42.23987276859994
2021-01-06 21:00:00,1432A,SLD,72.0,115.96353079320933,-43.96353079320933
2021-01-06 22:00:00,1432A,SLD,68.0,114.73712607604557,-46.73712607604557
2021-01-06 23:00:00,1432A,SLD,71.0,114.26708073242297,-43.26708073242297
2021-01-07 00:00:00,1432A,SLD,75.0,114.3620702872582,-39.362070287258206
2021-01-07 01:00:00,1432A,SLD,68.0,115.47076404973853,-47.470764049738534
2021-01-07 02:00:00,1432A,SLD,58.0,116.28002156169626,-58.28002156169626
2021-01-07 03:00:00,1432A,SLD,58.0,115.90264777770696,-57.90264777770696
2021-01-07 04:00:00,1432A,SLD,46.0,115.08380194399503,-69.08380194399503
2021-01-07 05:00:00,1432A,SLD,42.0,115.63910102913064,-73.63910102913064
2021-01-07 06:00:00,1432A,SLD,41.0,116.34018713944549,-75.34018713944549
2021-01-07 07:00:00,1432A,SLD,38.0,115.3077022009691,-77.3077022009691
2021-01-07 08:00:00,1432A,SLD,34.0,115.1986339427505,-81.1986339427505
2021-01-07 09:00:00,1432A,SLD,34.0,115.84064729247397,-81.84064729247397
2021-01-07 10:00:00,1432A,SLD,34.0,116.52970016771219,-82.52970016771219
2021-01-07 11:00:00,1432A,SLD,36.0,116.92224249444521,-80.92224249444521
2021-01-07 12:00:00,1432A,SLD,38.0,115.87114809083629,-77.87114809083629
2021-01-07 13:00:00,1432A,SLD,39.0,114.93726118015199,-75.93726118015199
2021-01-07 14:00:00,1432A,SLD,37.0,114.95100225028307,-77.95100225028307
2021-01-07 15:00:00,1432A,SLD,,114.37004132337006,
2021-01-07 16:00:00,1432A,SLD,34.0,113.5181823911667,-79.5181823911667
2021-01-07 17:00:00,1432A,SLD,34.0,113.68473084909768,-79.68473084909768
2021-01-07 18:00:00,1432A,SLD,34.0,113.15697119954537,-79.15697119954537
2021-01-07 19:00:00,1432A,SLD,37.0,114.2017195701776,-77.2017195701776
2021-01-07 20:00:00,1432A,SLD,37.0,116.36608278694749,-79.36608278694749
2021-01-07 21:00:00,1432A,SLD,38.0,117.08974081449217,-79.08974081449217
2021-01-07 22:00:00,1432A,SLD,39.0,115.86333611908107,-76.86333611908107
2021-01-07 23:00:00,1432A,SLD,38.0,115.39329078828152,-77.39329078828152
2021-01-08 00:00:00,1432A,SLD,38.0,115.48828034455472,-77.48828034455472
2021-01-08 01:00:00,1432A,SLD,38.0,116.59697410717014,-78.59697410717014
2021-01-08 02:00:00,1432A,SLD,35.0,117.40623161894625,-82.40623161894625
2021-01-08 03:00:00,1432A,SLD,35.0,117.02885783422379,-82.02885783422379
2021-01-08 04:00:00,1432A,SLD,35.0,116.21001200105536,-81.21001200105536
2021-01-08 05:00:00,1432A,SLD,37.0,116.76531108651983,-79.76531108651983
2021-01-08 06:00:00,1432A,SLD,36.0,117.46639719687617,-81.46639719687617
2021-01-08 07:00:00,1432A,SLD,37.0,116.4339122581019,-79.4339122581019
2021-01-08 08:00:00,1432A,SLD,38.0,116.32484399999524,-78.32484399999524
2021-01-08 09:00:00,1432A,SLD,39.0,116.96685734981591,-77.96685734981591
2021-01-08 10:00:00,1432A,SLD,42.0,117.65591022479893,-75.65591022479893
2021-01-08 11:00:00,1432A,SLD,45.0,118.04845255114084,-73.04845255114084
2021-01-08 12:00:00,1432A,SLD,39.0,116.99735814705531,-77.99735814705531
2021-01-08 13:00:00,1432A,SLD,35.0,116.06347123619734,-81.06347123619734
2021-01-08 14:00:00,1432A,SLD,39.0,116.07721230603322,-77.07721230603322
2021-01-08 15:00:00,1432A,SLD,44.0,115.49625137905035,-71.49625137905035
2021-01-08 16:00:00,1432A,SLD,46.0,114.64439244676103,-68.64439244676103
2021-01-08 17:00:00,1432A,SLD,46.0,114.81094090466632,-68.81094090466632
2021-01-08 18:00:00,1432A,SLD,44.0,114.28318125504727,-70.28318125504727
2021-01-08 19:00:00,1432A,SLD,42.0,115.32792962570582,-73.32792962570582
2021-01-08 20:00:00,1432A,SLD,43.0,117.49229284230786,-74.49229284230786
2021-01-08 21:00:00,1432A,SLD,49.0,118.21595086995458,-69.21595086995458
2021-01-08 22:00:00,1432A,SLD,49.0,116.98954617529961,-67.98954617529961
2021-01-08 23:00:00,1432A,SLD,52.0,116.5195008449458,-64.5195008449458
2021-01-09 00:00:00,1432A,SLD,64.0,116.614490401269,-52.614490401268995
2021-01-09 01:00:00,1432A,SLD,64.0,117.7231841638891,-53.7231841638891
2021-01-09 02:00:00,1432A,SLD,61.0,118.5324416756589,-57.5324416756589
2021-01-09 03:00:00,1432A,SLD,61.0,118.15506789091096,-57.155067890910956
2021-01-09 04:00:00,1432A,SLD,62.0,117.33622205776142,-55.33622205776142
2021-01-09 05:00:00,1432A,SLD,60.0,117.8915211432373,-57.8915211432373
2021-01-09 06:00:00,1432A,SLD,60.0,118.5926072535951,-58.592607253595105
2021-01-09 07:00:00,1432A,SLD,67.0,117.56012231481044,-50.56012231481044
2021-01-09 08:00:00,1432A,SLD,66.0,117.45105405670768,-51.451054056707676
2021-01-09 09:00:00,1432A,SLD,,118.09306740653173,
2021-01-09 10:00:00,1432A,SLD,71.0,118.78212028150588,-47.78212028150588
2021-01-09 11:00:00,1432A,SLD,76.0,119.1746626078342,-43.17466260783419
2021-01-09 12:00:00,1432A,SLD,80.0,118.12356820373209,-38.12356820373209
2021-01-09 13:00:00,1432A,SLD,81.0,117.18968129286807,-36.18968129286807
2021-01-09 14:00:00,1432A,SLD,78.0,117.20342236269373,-39.20342236269373
2021-01-09 15:00:00,1432A,SLD,89.0,116.6224614357084,-27.622461435708402
2021-01-09 16:00:00,1432A,SLD,78.0,115.77060250341611,-37.770602503416114
2021-01-09 17:00:00,1432A,SLD,71.0,115.93715096132051,-44.93715096132051
2021-01-09 18:00:00,1432A,SLD,75.0,115.40939131169914,-40.40939131169914
2021-01-09 19:00:00,1432A,SLD,74.0,116.4541396823586,-42.4541396823586
2021-01-09 20:00:00,1432A,SLD,65.0,118.6185028989548,-53.6185028989548
2021-01-09 21:00:00,1432A,SLD,62.0,119.34216092660508,-57.342160926605075
2021-01-09 22:00:00,1432A,SLD,66.0,118.11575623197638,-52.11575623197638
2021-01-09 23:00:00,1432A,SLD,76.0,117.64571090163807,-41.64571090163807
2021-01-10 00:00:00,1432A,SLD,76.0,117.74070045796299,-41.74070045796299
2021-01-10 01:00:00,1432A,SLD,71.0,118.84939422058325,-47.84939422058325
2021-01-10 02:00:00,1432A,SLD,68.0,119.65865173235285,-51.65865173235285
2021-01-10 03:00:00,1432A,SLD,67.0,119.28127794760401,-52.28127794760401
2021-01-10 04:00:00,1432A,SLD,71.0,118.46243211445513,-47.462432114455126
2021-01-10 05:00:00,1432A,SLD,69.0,119.01773119993143,-50.01773119993143
2021-01-10 06:00:00,1432A,SLD,68.0,119.71881731028928,-51.71881731028928
2021-01-10 07:00:00,1432A,SLD,68.0,118.68633237150428,-50.68633237150428
2021-01-10 08:00:00,1432A,SLD,70.0,118.57726411340164,-48.57726411340164
2021-01-10 09:00:00,1432A,SLD,74.0,119.2192774632258,-45.219277463225794
2021-01-10 10:00:00,1432A,SLD,66.0,119.90833033819963,-53.90833033819963
2021-01-10 11:00:00,1432A,SLD,39.0,120.30087266452747,-81.30087266452747
2021-01-10 12:00:00,1432A,SLD,40.0,119.24977826042479,-79.24977826042479
2021-01-10 13:00:00,1432A,SLD,53.0,118.31589134956059,-65.31589134956059
2021-01-10 14:00:00,1432A,SLD,54.0,118.32963241938587,-64.32963241938587
2021-01-10 15:00:00,1432A,SLD,44.0,117.74867149240046,-73.74867149240046
2021-01-10 16:00:00,1432A,SLD,39.0,116.89681256010807,-77.89681256010807
2021-01-10 17:00:00,1432A,SLD,36.0,117.06336101801243,-81.06336101801243
2021-01-10 18:00:00,1432A,SLD,36.0,116.53560136839097,-80.53560136839097
2021-01-10 19:00:00,1432A,SLD,40.0,117.58034973905046,-77.58034973905046
2021-01-10 20:00:00,1432A,SLD,43.0,119.74471295564648,-76.74471295564648
2021-01-10 21:00:00,1432A,SLD,49.0,120.46837098329686,-71.46837098329686
2021-01-10 22:00:00,1432A,SLD,63.0,119.24196628866909,-56.24196628866909
2021-01-10 23:00:00,1432A,SLD,57.0,118.77192095833132,-61.77192095833132
2021-01-11 00:00:00,1432A,SLD,56.0,118.8669105146563,-62.8669105146563
2021-01-11 01:00:00,1432A,SLD,59.0,119.97560427727659,-60.97560427727659
2021-01-11 02:00:00,1432A,SLD,61.0,120.78486178904616,-59.78486178904616
2021-01-11 03:00:00,1432A,SLD,61.0,120.40748800429729,-59.40748800429729
2021-01-11 04:00:00,1432A,SLD,63.0,119.58864217114845,-56.58864217114845
2021-01-11 05:00:00,1432A,SLD,69.0,120.14394125662474,-51.14394125662474
2021-01-11 06:00:00,1432A,SLD,64.0,120.84502736698259,-56.84502736698259
2021-01-11 07:00:00,1432A,SLD,56.0,119.81254242819756,-63.81254242819756
2021-01-11 08:00:00,1432A,SLD,65.0,119.70347417009494,-54.703474170094935
2021-01-11 09:00:00,1432A,SLD,66.0,120.34548751991912,-54.34548751991912
2021-01-11 10:00:00,1432A,SLD,76.0,121.03454039489296,-45.03454039489296
2021-01-11 11:00:00,1432A,SLD,48.0,121.42708272122078,-73.42708272122078
2021-01-11 12:00:00,1432A,SLD,32.0,120.3759883171181,-88.3759883171181
2021-01-11 13:00:00,1432A,SLD,22.0,119.44210140625385,-97.44210140625385
2021-01-11 14:00:00,1432A,SLD,22.0,119.45584247607913,-97.45584247607913
2021-01-11 15:00:00,1432A,SLD,23.0,118.87488154909371,-95.87488154909371
2021-01-11 16:00:00,1432A,SLD,25.0,118.02302261680131,-93.02302261680131
2021-01-11 17:00:00,1432A,SLD,27.0,118.18957107470568,-91.18957107470568
2021-01-11 18:00:00,1432A,SLD,30.0,117.66181142508422,-87.66181142508422
2021-01-11 19:00:00,1432A,SLD,33.0,118.70655979574373,-85.70655979574373
2021-01-11 20:00:00,1432A,SLD,36.0,120.87092301233973,-84.87092301233973
2021-01-11 21:00:00,1432A,SLD,40.0,121.5945810399901,-81.5945810399901
2021-01-11 22:00:00,1432A,SLD,56.0,120.36817634536236,-64.36817634536236
2021-01-11 23:00:00,1432A,SLD,47.0,119.8981310150246,-72.8981310150246
2021-01-12 00:00:00,1432A,SLD,44.0,119.99312057134959,-75.99312057134959
2021-01-12 01:00:00,1432A,SLD,46.0,121.10181433396987,-75.10181433396987
2021-01-12 02:00:00,1432A,SLD,37.0,121.91107184573944,-84.91107184573944
2021-01-12 03:00:00,1432A,SLD,34.0,121.53369806099057,-87.53369806099057
2021-01-12 04:00:00,1432A,SLD,35.0,120.71485222784172,-85.71485222784172
2021-01-12 05:00:00,1432A,SLD,40.0,121.27015131331802,-81.27015131331802
2021-01-12 06:00:00,1432A,SLD,48.0,121.97123742367587,-73.97123742367587
2021-01-12 07:00:00,1432A,SLD,42.0,120.93875248489086,-78.93875248489086
2021-01-12 08:00:00,1432A,SLD,44.0,120.82968422678823,-76.82968422678823
2021-01-12 09:00:00,1432A,SLD,47.0,121.47169757661241,-74.47169757661241
2021-01-12 10:00:00,1432A,SLD,60.0,122.16075045158624,-62.16075045158624
2021-01-12 11:00:00,1432A,SLD,59.0,122.55329277791407,-63.553292777914066
2021-01-12 12:00:00,1432A,SLD,53.0,121.50219837381137,-68.50219837381137
2021-01-12 13:00:00,1432A,SLD,46.0,120.56831146294714,-74.56831146294714
2021-01-12 14:00:00,1432A,SLD,46.0,120.58205253277241,-74.58205253277241
2021-01-12 15:00:00,1432A,SLD,43.0,120.001091605787,-77.001091605787
2021-01-12 16:00:00,1432A,SLD,45.0,119.1492326734946,-74.1492326734946
2021-01-12 17:00:00,1432A,SLD,48.0,119.31578113139896,-71.31578113139896
2021-01-12 18:00:00,1432A,SLD,47.0,118.7880214817775,-71.7880214817775
2021-01-12 19:00:00,1432A,SLD,49.0,119.83276985243701,-70.83276985243701
2021-01-12 20:00:00,1432A,SLD,55.0,121.997133069033,-66.997133069033
2021-01-12 21:00:00,1432A,SLD,57.0,122.72079109668339,-65.72079109668339
2021-01-12 22:00:00,1432A,SLD,60.0,121.49438640205564,-61.49438640205564
2021-01-12 23:00:00,1432A,SLD,65.0,121.02434107171788,-56.024341071717885
2021-01-13 00:00:00,1432A,SLD,66.0,121.11933062804287,-55.119330628042874
2021-01-13 01:00:00,1432A,SLD,68.0,122.22802439066315,-54.22802439066315
2021-01-13 02:00:00,1432A,SLD,71.0,123.03728190243272,-52.037281902432724
2021-01-13 03:00:00,1432A,SLD,88.0,122.65990811768386,-34.659908117683855
2021-01-13 04:00:00,1432A,SLD,86.0,121.841062284535,-35.841062284535
2021-01-13 05:00:00,1432A,SLD,87.0,122.3963613700113,-35.396361370011306
2021-01-13 06:00:00,1432A,SLD,97.0,123.09744748036915,-26.097447480369155
2021-01-13 07:00:00,1432A,SLD,109.0,122.06496254158414,-13.064962541584137
2021-01-13 08:00:00,1432A,SLD,110.0,121.95589428348151,-11.955894283481513
2021-01-13 09:00:00,1432A,SLD,110.0,122.5979076333057,-12.597907633305695
2021-01-13 10:00:00,1432A,SLD,118.0,123.28696050827952,-5.28696050827952
2021-01-13 11:00:00,1432A,SLD,107.0,123.67950283460735,-16.679502834607348
2021-01-13 12:00:00,1432A,SLD,111.0,122.62840843050465,-11.62840843050465
2021-01-13 13:00:00,1432A,SLD,119.0,121.69452151964042,-2.6945215196404178
2021-01-13 14:00:00,1432A,SLD,118.0,121.70826258946569,-3.70826258946569
2021-01-13 15:00:00,1432A,SLD,113.0,121.12730166248028,-8.127301662480278
2021-01-13 16:00:00,1432A,SLD,116.0,120.27544273018788,-4.275442730187876
2021-01-13 17:00:00,1432A,SLD,116.0,120.44199118809225,-4.441991188092246
2021-01-13 18:00:00,1432A,SLD,114.0,119.91423153847079,-5.914231538470787
2021-01-13 19:00:00,1432A,SLD,115.0,120.95897990913029,-5.958979909130292
2021-01-13 20:00:00,1432A,SLD,117.0,123.12334312572628,-6.123343125726279
2021-01-13 21:00:00,1432A,SLD,123.0,123.84700115337667,-0.8470011533766666
2021-01-13 22:00:00,1432A,SLD,130.0,122.62059645874892,7.3794035412510794
2021-01-13 23:00:00,1432A,SLD,129.0,122.15055112841117,6.849448871588834
2021-01-14 00:00:00,1432A,SLD,136.0,122.24554068473616,13.754459315263844
2021-01-14 01:00:00,1432A,SLD,140.0,123.35423444735643,16.645765552643567
2021-01-14 02:00:00,1432A,SLD,144.0,124.163491959126,19.836508040873994
2021-01-14 03:00:00,1432A,SLD,136.0,123.78611817437714,12.213881825622863
2021-01-14 04:00:00,1432A,SLD,132.0,122.96727234122828,9.03272765877172
2021-01-14 05:00:00,1432A,SLD,137.0,123.52257142670459,13.477428573295413
2021-01-14 06:00:00,1432A,SLD,140.0,124.22365753706244,15.776342462937563
2021-01-14 07:00:00,1432A,SLD,135.0,123.19117259827742,11.808827401722581
2021-01-14 08:00:00,1432A,SLD,129.0,123.0821043401748,5.917895659825206
2021-01-14 09:00:00,1432A,SLD,134.0,123.72411768999898,10.275882310001023
2021-01-14 10:00:00,1432A,SLD,136.0,124.4131705649728,11.586829435027198
2021-01-14 11:00:00,1432A,SLD,141.0,124.80571289130063,16.19428710869937
2021-01-14 12:00:00,1432A,SLD,132.0,123.75461848719793,8.24538151280207
2021-01-14 13:00:00,1432A,SLD,105.0,122.8207315763337,-17.8207315763337
2021-01-14 14:00:00,1432A,SLD,80.0,122.83447264615897,-42.83447264615897
2021-01-14 15:00:00,1432A,SLD,82.0,122.25351171917356,-40.25351171917356
2021-01-14 16:00:00,1432A,SLD,93.0,121.40165278688116,-28.401652786881158
2021-01-14 17:00:00,1432A,SLD,89.0,121.56820124478553,-32.56820124478553
2021-01-14 18:00:00,1432A,SLD,83.0,121.04044159516407,-38.04044159516407
2021-01-14 19:00:00,1432A,SLD,84.0,122.08518996582357,-38.085189965823574
2021-01-14 20:00:00,1432A,SLD,84.0,124.24955318241956,-40.24955318241956
2021-01-14 21:00:00,1432A,SLD,92.0,124.97321121006995,-32.97321121006995
2021-01-14 22:00:00,1432A,SLD,92.0,123.7468065154422,-31.746806515442202
2021-01-14 23:00:00,1432A,SLD,96.0,123.27676118510445,-27.276761185104448
2021-01-15 00:00:00,1432A,SLD,103.0,123.37175074142944,-20.371750741429437
2021-01-15 01:00:00,1432A,SLD,112.0,124.48044450404971,-12.480444504049714
2021-01-15 02:00:00,1432A,SLD,132.0,125.28970201581929,6.710297984180713
2021-01-15 03:00:00,1432A,SLD,143.0,124.91232823107042,18.08767176892958
2021-01-15 04:00:00,1432A,SLD,137.0,124.09348239792156,12.906517602078438
2021-01-15 05:00:00,1432A,SLD,134.0,124.64878148339787,9.351218516602131
2021-01-15 06:00:00,1432A,SLD,136.0,125.34986759375572,10.650132406244282
2021-01-15 07:00:00,1432A,SLD,141.0,124.3173826549707,16.6826173450293
2021-01-15 08:00:00,1432A,SLD,146.0,124.20831439686808,21.791685603131924
2021-01-15 09:00:00,1432A,SLD,151.0,124.85032774669226,26.14967225330774
2021-01-15 10:00:00,1432A,SLD,151.0,125.53938062166608,25.460619378333917
2021-01-15 11:00:00,1432A,SLD,159.0,125.93192294799391,33.06807705200609
2021-01-15 12:00:00,1432A,SLD,161.0,124.88082854389121,36.11917145610879
2021-01-15 13:00:00,1432A,SLD,148.0,123.94694163302698,24.05305836697302
2021-01-15 14:00:00,1432A,SLD,130.0,123.96068270285225,6.039317297147747
2021-01-15 15:00:00,1432A,SLD,94.0,123.37972177586684,-29.37972177586684
2021-01-15 16:00:00,1432A,SLD,84.0,122.52786284357444,-38.52786284357444
2021-01-15 17:00:00,1432A,SLD,94.0,122.69441130147881,-28.69441130147881
2021-01-15 18:00:00,1432A,SLD,96.0,122.16665165185735,-26.16665165185735
2021-01-15 19:00:00,1432A,SLD,96.0,123.21140002251686,-27.211400022516855
2021-01-15 20:00:00,1432A,SLD,102.0,125.37576323911284,-23.375763239112842
2021-01-15 21:00:00,1432A,SLD,101.0,126.09942126676323,-25.09942126676323
2021-01-15 22:00:00,1432A,SLD,97.0,124.87301657213548,-27.873016572135484
2021-01-15 23:00:00,1432A,SLD,97.0,124.40297124179773,-27.40297124179773
2021-01-16 00:00:00,1432A,SLD,119.0,124.49796079812272,-5.497960798122719
2021-01-16 01:00:00,1432A,SLD,113.0,125.606654560743,-12.606654560742996
2021-01-16 02:00:00,1432A,SLD,112.0,126.41591207251257,-14.415912072512569
2021-01-16 03:00:00,1432A,SLD,116.0,126.0385382877637,-10.0385382877637
2021-01-16 04:00:00,1432A,SLD,117.0,125.21969245461484,-8.219692454614844
2021-01-16 05:00:00,1432A,SLD,117.0,125.77499154009115,-8.77499154009115
2021-01-16 06:00:00,1432A,SLD,121.0,126.476077650449,-5.476077650449
2021-01-16 07:00:00,1432A,SLD,124.0,125.44359271166398,-1.4435927116639817
2021-01-16 08:00:00,1432A,SLD,125.0,125.33452445356136,-0.3345244535613574
2021-01-16 09:00:00,1432A,SLD,129.0,125.97653780338554,3.02346219661446
2021-01-16 10:00:00,1432A,SLD,144.0,126.66559067835937,17.334409321640635
2021-01-16 11:00:00,1432A,SLD,147.0,127.05813300468719,19.941866995312807
2021-01-16 12:00:00,1432A,SLD,151.0,126.0070386005845,24.992961399415506
2021-01-16 13:00:00,1432A,SLD,153.0,125.07315168972026,27.926848310279738
2021-01-16 14:00:00,1432A,SLD,153.0,125.08689275954553,27.913107240454465
2021-01-16 15:00:00,1432A,SLD,119.0,124.50593183256012,-5.5059318325601225
2021-01-16 16:00:00,1432A,SLD,97.0,123.65407290026772,-26.65407290026772
2021-01-16 17:00:00,1432A,SLD,48.0,123.82062135817209,-75.82062135817209
2021-01-16 18:00:00,1432A,SLD,47.0,123.29286170855063,-76.29286170855063
2021-01-16 19:00:00,1432A,SLD,43.0,124.33761007921014,-81.33761007921014
2021-01-16 20:00:00,1432A,SLD,36.0,126.50197329580612,-90.50197329580612
2021-01-16 21:00:00,1432A,SLD,35.0,127.22563132345651,-92.22563132345651
2021-01-16 22:00:00,1432A,SLD,35.0,125.99922662882877,-90.99922662882877
2021-01-16 23:00:00,1432A,SLD,36.0,125.52918129849101,-89.52918129849101
2021-01-17 00:00:00,1432A,SLD,39.0,125.624170854816,-86.624170854816
2021-01-17 01:00:00,1432A,SLD,36.0,126.73286461743628,-90.73286461743628
2021-01-17 02:00:00,1432A,SLD,38.0,127.54212212920585,-89.54212212920585
2021-01-17 03:00:00,1432A,SLD,37.0,127.16474834445698,-90.16474834445698
2021-01-17 04:00:00,1432A,SLD,34.0,126.34590251130813,-92.34590251130813
2021-01-17 05:00:00,1432A,SLD,35.0,126.90120159678443,-91.90120159678443
2021-01-17 06:00:00,1432A,SLD,34.0,127.60228770714228,-93.60228770714228
2021-01-17 07:00:00,1432A,SLD,33.0,126.56980276835726,-93.56980276835726
2021-01-17 08:00:00,1432A,SLD,31.0,126.46073451025464,-95.46073451025464
2021-01-17 09:00:00,1432A,SLD,32.0,127.10274786007882,-95.10274786007882
2021-01-17 10:00:00,1432A,SLD,33.0,127.79180073505265,-94.79180073505265
2021-01-17 11:00:00,1432A,SLD,34.0,128.18434306138047,-94.18434306138047
2021-01-17 12:00:00,1432A,SLD,36.0,127.13324865727778,-91.13324865727778
2021-01-17 13:00:00,1432A,SLD,30.0,126.19936174641354,-96.19936174641354
2021-01-17 14:00:00,1432A,SLD,25.0,126.21310281623882,-101.21310281623882
2021-01-17 15:00:00,1432A,SLD,23.0,125.6321418892534,-102.6321418892534
2021-01-17 16:00:00,1432A,SLD,22.0,124.780282956961,-102.780282956961
2021-01-17 17:00:00,1432A,SLD,23.0,124.94683141486537,-101.94683141486537
2021-01-17 18:00:00,1432A,SLD,24.0,124.41907176524391,-100.41907176524391
2021-01-17 19:00:00,1432A,SLD,24.0,125.46382013590342,-101.46382013590342
2021-01-17 20:00:00,1432A,SLD,29.0,127.6281833524994,-98.6281833524994
2021-01-17 21:00:00,1432A,SLD,29.0,128.3518413801498,-99.3518413801498
2021-01-17 22:00:00,1432A,SLD,29.0,127.12543668552206,-98.12543668552206
2021-01-17 23:00:00,1432A,SLD,28.0,126.6553913551843,-98.6553913551843
2021-01-18 00:00:00,1432A,SLD,26.0,126.7503809115093,-100.7503809115093
2021-01-18 01:00:00,1432A,SLD,23.0,127.85907467412957,-104.85907467412957
2021-01-18 02:00:00,1432A,SLD,24.0,128.66833218589915,-104.66833218589915
2021-01-18 03:00:00,1432A,SLD,23.0,128.29095840115028,-105.29095840115028
2021-01-18 04:00:00,1432A,SLD,23.0,127.47211256800142,-104.47211256800142
2021-01-18 05:00:00,1432A,SLD,23.0,128.02741165347774,-105.02741165347774
2021-01-18 06:00:00,1432A,SLD,28.0,128.72849776383558,-100.72849776383558
2021-01-18 07:00:00,1432A,SLD,30.0,127.69601282505056,-97.69601282505056
2021-01-18 08:00:00,1432A,SLD,34.0,127.58694456694793,-93.58694456694793
2021-01-18 09:00:00,1432A,SLD,37.0,128.22895791677212,-91.22895791677212
2021-01-18 10:00:00,1432A,SLD,34.0,128.91801079174596,-94.91801079174596
2021-01-18 11:00:00,1432A,SLD,34.0,129.31055311807378,-95.31055311807378
2021-01-18 12:00:00,1432A,SLD,29.0,128.2594587139711,-99.2594587139711
2021-01-18 13:00:00,1432A,SLD,29.0,127.32557180310687,-98.32557180310687
2021-01-18 14:00:00,1432A,SLD,30.0,127.33931287293214,-97.33931287293214
2021-01-18 15:00:00,1432A,SLD,35.0,126.75835194594673,-91.75835194594673
2021-01-18 16:00:00,1432A,SLD,33.0,125.90649301365433,-92.90649301365433
2021-01-18 17:00:00,1432A,SLD,36.0,126.0730414715587,-90.0730414715587
2021-01-18 18:00:00,1432A,SLD,42.0,125.54528182193724,-83.54528182193724
2021-01-18 19:00:00,1432A,SLD,47.0,126.59003019259674,-79.59003019259674
2021-01-18 20:00:00,1432A,SLD,49.0,128.75439340919274,-79.75439340919274
2021-01-18 21:00:00,1432A,SLD,39.0,129.47805143684315,-90.47805143684315
2021-01-18 22:00:00,1432A,SLD,37.0,128.2516467422154,-91.2516467422154
2021-01-18 23:00:00,1432A,SLD,36.0,127.78160141187765,-91.78160141187765
2021-01-19 00:00:00,1432A,SLD,37.0,127.87659096820263,-90.87659096820263
2021-01-19 01:00:00,1432A,SLD,45.0,128.9852847308229,-83.98528473082291
2021-01-19 02:00:00,1432A,SLD,47.0,129.79454224259248,-82.79454224259248
2021-01-19 03:00:00,1432A,SLD,47.0,129.41716845784362,-82.41716845784362
2021-01-19 04:00:00,1432A,SLD,53.0,128.59832262469476,-75.59832262469476
2021-01-19 05:00:00,1432A,SLD,55.0,129.15362171017108,-74.15362171017108
2021-01-19 06:00:00,1432A,SLD,70.0,129.85470782052892,-59.854707820528915
2021-01-19 07:00:00,1432A,SLD,78.0,128.8222228817439,-50.8222228817439
2021-01-19 08:00:00,1432A,SLD,77.0,128.71315462364126,-51.71315462364126
2021-01-19 09:00:00,1432A,SLD,78.0,129.35516797346543,-51.35516797346543
2021-01-19 10:00:00,1432A,SLD,81.0,130.04422084843927,-49.04422084843927
2021-01-19 11:00:00,1432A,SLD,76.0,130.4367631747671,-54.436763174767094
2021-01-19 12:00:00,1432A,SLD,58.0,129.3856687706644,-71.38566877066441
2021-01-19 13:00:00,1432A,SLD,66.0,128.45178185980018,-62.45178185980018
2021-01-19 14:00:00,1432A,SLD,68.0,128.46552292962545,-60.46552292962545
2021-01-19 15:00:00,1432A,SLD,74.0,127.88456200264004,-53.88456200264004
2021-01-19 16:00:00,1432A,SLD,80.0,127.03270307034764,-47.03270307034764
2021-01-19 17:00:00,1432A,SLD,77.0,127.199251528252,-50.199251528252006
2021-01-19 18:00:00,1432A,SLD,77.0,126.67149187863055,-49.67149187863055
2021-01-19 19:00:00,1432A,SLD,78.0,127.71624024929005,-49.71624024929005
2021-01-19 20:00:00,1432A,SLD,82.0,129.88060346588605,-47.880603465886054
2021-01-19 21:00:00,1432A,SLD,86.0,130.60426149353646,-44.604261493536455
2021-01-19 22:00:00,1432A,SLD,82.0,129.3778567989087,-47.37785679890871
2021-01-19 23:00:00,1432A,SLD,80.0,128.90781146857097,-48.90781146857097
2021-01-20 00:00:00,1432A,SLD,81.0,129.00280102489594,-48.002801024895945
2021-01-20 01:00:00,1432A,SLD,82.0,130.11149478751622,-48.11149478751622
2021-01-20 02:00:00,1432A,SLD,83.0,130.9207522992858,-47.920752299285795
2021-01-20 03:00:00,1432A,SLD,81.0,130.54337851453693,-49.543378514536926
2021-01-20 04:00:00,1432A,SLD,84.0,129.72453268138807,-45.72453268138807
2021-01-20 05:00:00,1432A,SLD,86.0,130.2798317668644,-44.27983176686439
2021-01-20 06:00:00,1432A,SLD,87.0,130.98091787722223,-43.980917877222225
2021-01-20 07:00:00,1432A,SLD,89.0,129.9484329384372,-40.94843293843721
2021-01-20 08:00:00,1432A,SLD,93.0,129.83936468033457,-36.83936468033457
2021-01-20 09:00:00,1432A,SLD,97.0,130.48137803015874,-33.48137803015874
2021-01-20 10:00:00,1432A,SLD,106.0,131.17043090513258,-25.170430905132577
2021-01-20 11:00:00,1432A,SLD,102.0,131.5629732314604,-29.562973231460404
2021-01-20 12:00:00,1432A,SLD,95.0,130.51187882735772,-35.51187882735772
2021-01-20 13:00:00,1432A,SLD,100.0,129.5779919164935,-29.577991916493488
2021-01-20 14:00:00,1432A,SLD,105.0,129.59173298631876,-24.59173298631876
2021-01-20 15:00:00,1432A,SLD,105.0,129.01077205933336,-24.010772059333362
2021-01-20 16:00:00,1432A,SLD,98.0,128.15891312704096,-30.15891312704096
2021-01-20 17:00:00,1432A,SLD,100.0,128.32546158494534,-28.325461584945344
2021-01-20 18:00:00,1432A,SLD,,127.79770193532389,
2021-01-20 19:00:00,1432A,SLD,110.0,128.8424503059834,-18.84245030598339
2021-01-20 20:00:00,1432A,SLD,108.0,131.0068135225794,-23.006813522579392
2021-01-20 21:00:00,1432A,SLD,113.0,131.7304715502298,-18.730471550229794
2021-01-20 22:00:00,1432A,SLD,116.0,130.50406685560205,-14.504066855602048
2021-01-20 23:00:00,1432A,SLD,120.0,130.0340215252643,-10.034021525264308
2021-01-21 00:00:00,1432A,SLD,113.0,130.12901108158928,-17.129011081589283
2021-01-21 01:00:00,1432A,SLD,114.0,131.23770484420956,-17.23770484420956
2021-01-21 02:00:00,1432A,SLD,115.0,132.04696235597913,-17.046962355979133
2021-01-21 03:00:00,1432A,SLD,115.0,131.66958857123026,-16.669588571230264
2021-01-21 04:00:00,1432A,SLD,116.0,130.8507427380814,-14.850742738081408
2021-01-21 05:00:00,1432A,SLD,123.0,131.40604182355773,-8.406041823557729
2021-01-21 06:00:00,1432A,SLD,122.0,132.10712793391556,-10.107127933915564
2021-01-21 07:00:00,1432A,SLD,124.0,131.07464299513055,-7.074642995130546
2021-01-21 08:00:00,1432A,SLD,123.0,130.9655747370279,-7.965574737027907
2021-01-21 09:00:00,1432A,SLD,124.0,131.60758808685208,-7.6075880868520755
2021-01-21 10:00:00,1432A,SLD,118.0,132.29664096182591,-14.296640961825915
2021-01-21 11:00:00,1432A,SLD,121.0,132.68918328815374,-11.689183288153743
2021-01-21 12:00:00,1432A,SLD,106.0,131.63808888405106,-25.638088884051058
2021-01-21 13:00:00,1432A,SLD,81.0,130.70420197318683,-49.70420197318683
2021-01-21 14:00:00,1432A,SLD,58.0,130.7179430430121,-72.7179430430121
2021-01-21 15:00:00,1432A,SLD,50.0,130.1369821160267,-80.1369821160267
2021-01-21 16:00:00,1432A,SLD,63.0,129.2851231837343,-66.2851231837343
2021-01-21 17:00:00,1432A,SLD,63.0,129.45167164163868,-66.45167164163868
2021-01-21 18:00:00,1432A,SLD,63.0,128.92391199201722,-65.92391199201722
2021-01-21 19:00:00,1432A,SLD,63.0,129.96866036267673,-66.96866036267673
2021-01-21 20:00:00,1432A,SLD,75.0,132.13302357927273,-57.13302357927273
2021-01-21 21:00:00,1432A,SLD,79.0,132.85668160692313,-53.85668160692313
2021-01-21 22:00:00,1432A,SLD,77.0,131.6302769122954,-54.630276912295386
2021-01-21 23:00:00,1432A,SLD,72.0,131.16023158195765,-59.160231581957646
2021-01-22 00:00:00,1432A,SLD,73.0,131.25522113828262,-58.25522113828262
2021-01-22 01:00:00,1432A,SLD,73.0,132.3639149009029,-59.3639149009029
2021-01-22 02:00:00,1432A,SLD,71.0,133.17317241267247,-62.17317241267247
2021-01-22 03:00:00,1432A,SLD,71.0,132.7957986279236,-61.7957986279236
2021-01-22 04:00:00,1432A,SLD,71.0,131.97695279477475,-60.976952794774746
2021-01-22 05:00:00,1432A,SLD,74.0,132.53225188025107,-58.53225188025107
2021-01-22 06:00:00,1432A,SLD,74.0,133.2333379906089,-59.2333379906089
2021-01-22 07:00:00,1432A,SLD,77.0,132.20085305182388,-55.200853051823884
2021-01-22 08:00:00,1432A,SLD,80.0,132.09178479372125,-52.091784793721246
2021-01-22 09:00:00,1432A,SLD,84.0,132.7337981435454,-48.733798143545414
2021-01-22 10:00:00,1432A,SLD,86.0,133.42285101851925,-47.42285101851925
2021-01-22 11:00:00,1432A,SLD,95.0,133.81539334484708,-38.81539334484708
2021-01-22 12:00:00,1432A,SLD,87.0,132.7642989407444,-45.764298940744396
2021-01-22 13:00:00,1432A,SLD,72.0,131.83041202988016,-59.830412029880165
2021-01-22 14:00:00,1432A,SLD,70.0,131.84415309970544,-61.84415309970544
2021-01-22 15:00:00,1432A,SLD,58.0,131.26319217272004,-73.26319217272004
2021-01-22 16:00:00,1432A,SLD,54.0,130.41133324042764,-76.41133324042764
2021-01-22 17:00:00,1432A,SLD,58.0,130.57788169833202,-72.57788169833202
2021-01-22 18:00:00,1432A,SLD,59.0,130.05012204871056,-71.05012204871056
2021-01-22 19:00:00,1432A,SLD,71.0,131.09487041937007,-60.09487041937007
2021-01-22 20:00:00,1432A,SLD,58.0,133.25923363596607,-75.25923363596607
2021-01-22 21:00:00,1432A,SLD,56.0,133.98289166361647,-77.98289166361647
2021-01-22 22:00:00,1432A,SLD,61.0,132.75648696898872,-71.75648696898872
2021-01-22 23:00:00,1432A,SLD,67.0,132.28644163865098,-65.28644163865098
2021-01-23 00:00:00,1432A,SLD,70.0,132.38143119497596,-62.38143119497596
2021-01-23 01:00:00,1432A,SLD,72.0,133.49012495759624,-61.49012495759624
2021-01-23 02:00:00,1432A,SLD,78.0,134.2993824693658,-56.29938246936581
2021-01-23 03:00:00,1432A,SLD,84.0,133.92200868461694,-49.92200868461694
2021-01-23 04:00:00,1432A,SLD,87.0,133.10316285146808,-46.103162851468085
2021-01-23 05:00:00,1432A,SLD,92.0,133.6584619369444,-41.658461936944406
2021-01-23 06:00:00,1432A,SLD,93.0,134.35954804730224,-41.35954804730224
2021-01-23 07:00:00,1432A,SLD,101.0,133.32706310851722,-32.32706310851722
2021-01-23 08:00:00,1432A,SLD,108.0,133.21799485041458,-25.217994850414584
2021-01-23 09:00:00,1432A,SLD,113.0,133.86000820023875,-20.860008200238752
2021-01-23 10:00:00,1432A,SLD,116.0,134.5490610752126,-18.54906107521259
2021-01-23 11:00:00,1432A,SLD,128.0,134.94160340154042,-6.941603401540419
2021-01-23 12:00:00,1432A,SLD,119.0,133.89050899743773,-14.890508997437735
2021-01-23 13:00:00,1432A,SLD,118.0,132.9566220865735,-14.956622086573503
2021-01-23 14:00:00,1432A,SLD,121.0,132.97036315639878,-11.970363156398776
2021-01-23 15:00:00,1432A,SLD,120.0,132.38940222941338,-12.389402229413378
2021-01-23 16:00:00,1432A,SLD,116.0,131.53754329712098,-15.537543297120976
2021-01-23 17:00:00,1432A,SLD,113.0,131.70409175502536,-18.70409175502536
2021-01-23 18:00:00,1432A,SLD,119.0,131.1763321054039,-12.176332105403901
2021-01-23 19:00:00,1432A,SLD,123.0,132.2210804760634,-9.221080476063406
2021-01-23 20:00:00,1432A,SLD,124.0,134.3854436926594,-10.385443692659408
2021-01-23 21:00:00,1432A,SLD,128.0,135.1091017203098,-7.109101720309809
2021-01-23 22:00:00,1432A,SLD,127.0,133.88269702568206,-6.882697025682063
2021-01-23 23:00:00,1432A,SLD,130.0,133.41265169534432,-3.412651695344323
2021-01-24 00:00:00,1432A,SLD,133.0,133.5076412516693,-0.5076412516692983
2021-01-24 01:00:00,1432A,SLD,135.0,134.61633501428958,0.38366498571042484
2021-01-24 02:00:00,1432A,SLD,130.0,135.42559252605915,-5.425592526059148
2021-01-24 03:00:00,1432A,SLD,131.0,135.04821874131028,-4.048218741310279
2021-01-24 04:00:00,1432A,SLD,138.0,134.22937290816142,3.770627091838577
2021-01-24 05:00:00,1432A,SLD,140.0,134.78467199363774,5.215328006362256
2021-01-24 06:00:00,1432A,SLD,135.0,135.48575810399558,-0.48575810399557895
2021-01-24 07:00:00,1432A,SLD,138.0,134.45327316521056,3.546726834789439
2021-01-24 08:00:00,1432A,SLD,138.0,134.34420490710792,3.6557950928920775
2021-01-24 09:00:00,1432A,SLD,142.0,134.9862182569321,7.013781743067909
2021-01-24 10:00:00,1432A,SLD,138.0,135.67527113190593,2.32472886809407
2021-01-24 11:00:00,1432A,SLD,143.0,136.06781345823376,6.932186541766242
2021-01-24 12:00:00,1432A,SLD,148.0,135.01671905413107,12.983280945868927
2021-01-24 13:00:00,1432A,SLD,139.0,134.08283214326684,4.917167856733158
2021-01-24 14:00:00,1432A,SLD,138.0,134.0965732130921,3.903426786907886
2021-01-24 15:00:00,1432A,SLD,139.0,133.51561228610672,5.484387713893284
2021-01-24 16:00:00,1432A,SLD,132.0,132.66375335381431,-0.6637533538143146
2021-01-24 17:00:00,1432A,SLD,99.0,132.8303018117187,-33.8303018117187
2021-01-24 18:00:00,1432A,SLD,79.0,132.30254216209724,-53.30254216209724
2021-01-24 19:00:00,1432A,SLD,45.0,133.34729053275674,-88.34729053275674
2021-01-24 20:00:00,1432A,SLD,42.0,135.51165374935275,-93.51165374935275
2021-01-24 21:00:00,1432A,SLD,31.0,136.23531177700315,-105.23531177700315
2021-01-24 22:00:00,1432A,SLD,36.0,135.0089070823754,-99.0089070823754
2021-01-24 23:00:00,1432A,SLD,50.0,134.53886175203766,-84.53886175203766
2021-01-25 00:00:00,1432A,SLD,55.0,134.63385130836264,-79.63385130836264
2021-01-25 01:00:00,1432A,SLD,54.0,135.7425450709829,-81.74254507098291
2021-01-25 02:00:00,1432A,SLD,52.0,136.5518025827525,-84.55180258275249
2021-01-25 03:00:00,1432A,SLD,52.0,136.17442879800362,-84.17442879800362
2021-01-25 04:00:00,1432A,SLD,52.0,135.35558296485476,-83.35558296485476
2021-01-25 05:00:00,1432A,SLD,53.0,135.91088205033108,-82.91088205033108
2021-01-25 06:00:00,1432A,SLD,55.0,136.61196816068892,-81.61196816068892
2021-01-25 07:00:00,1432A,SLD,56.0,135.5794832219039,-79.5794832219039
2021-01-25 08:00:00,1432A,SLD,58.0,135.47041496380126,-77.47041496380126
2021-01-25 09:00:00,1432A,SLD,59.0,136.11242831362543,-77.11242831362543
2021-01-25 10:00:00,1432A,SLD,54.0,136.80148118859927,-82.80148118859927
2021-01-25 11:00:00,1432A,SLD,47.0,137.1940235149271,-90.1940235149271
2021-01-25 12:00:00,1432A,SLD,39.0,136.1429291108244,-97.14292911082441
2021-01-25 13:00:00,1432A,SLD,40.0,135.20904219996018,-95.20904219996018
2021-01-25 14:00:00,1432A,SLD,44.0,135.22278326978545,-91.22278326978545
2021-01-25 15:00:00,1432A,SLD,49.0,134.64182234280005,-85.64182234280005
2021-01-25 16:00:00,1432A,SLD,51.0,133.78996341050765,-82.78996341050765
2021-01-25 17:00:00,1432A,SLD,52.0,133.95651186841204,-81.95651186841204
2021-01-25 18:00:00,1432A,SLD,53.0,133.42875221879058,-80.42875221879058
2021-01-25 19:00:00,1432A,SLD,56.0,134.47350058945008,-78.47350058945008
2021-01-25 20:00:00,1432A,SLD,58.0,136.63786380604608,-78.63786380604608
2021-01-25 21:00:00,1432A,SLD,64.0,137.3615218336965,-73.36152183369649
2021-01-25 22:00:00,1432A,SLD,64.0,136.13511713906874,-72.13511713906874
2021-01-25 23:00:00,1432A,SLD,68.0,135.665071808731,-67.665071808731
2021-01-26 00:00:00,1432A,SLD,74.0,135.76006136505598,-61.760061365055975
2021-01-26 01:00:00,1432A,SLD,74.0,136.86875512767625,-62.86875512767625
2021-01-26 02:00:00,1432A,SLD,75.0,137.67801263944583,-62.678012639445825
2021-01-26 03:00:00,1432A,SLD,72.0,137.30063885469696,-65.30063885469696
2021-01-26 04:00:00,1432A,SLD,74.0,136.4817930215481,-62.4817930215481
2021-01-26 05:00:00,1432A,SLD,73.0,137.03709210702442,-64.03709210702442
2021-01-26 06:00:00,1432A,SLD,75.0,137.73817821738226,-62.738178217382256
2021-01-26 07:00:00,1432A,SLD,73.0,136.70569327859724,-63.70569327859724
2021-01-26 08:00:00,1432A,SLD,74.0,136.5966250204946,-62.5966250204946
2021-01-26 09:00:00,1432A,SLD,77.0,137.23863837031877,-60.23863837031877
2021-01-26 10:00:00,1432A,SLD,80.0,137.9276912452926,-57.92769124529261
2021-01-26 11:00:00,1432A,SLD,84.0,138.32023357162043,-54.320233571620435
2021-01-26 12:00:00,1432A,SLD,87.0,137.26913916751775,-50.26913916751775
2021-01-26 13:00:00,1432A,SLD,89.0,136.33525225665352,-47.33525225665352
2021-01-26 14:00:00,1432A,SLD,70.0,136.3489933264788,-66.34899332647879
2021-01-26 15:00:00,1432A,SLD,55.0,135.7680323994934,-80.76803239949339
2021-01-26 16:00:00,1432A,SLD,56.0,134.916173467201,-78.91617346720099
2021-01-26 17:00:00,1432A,SLD,,135.08272192510537,
2021-01-26 18:00:00,1432A,SLD,48.0,134.55496227548392,-86.55496227548392
2021-01-26 19:00:00,1432A,SLD,75.0,135.59971064614342,-60.59971064614342
2021-01-26 20:00:00,1432A,SLD,72.0,137.76407386273942,-65.76407386273942
2021-01-26 21:00:00,1432A,SLD,68.0,138.48773189038982,-70.48773189038982
2021-01-26 22:00:00,1432A,SLD,56.0,137.26132719576208,-81.26132719576208
2021-01-26 23:00:00,1432A,SLD,52.0,136.79128186542434,-84.79128186542434
2021-01-27 00:00:00,1432A,SLD,51.0,136.8862714217493,-85.88627142174931
2021-01-27 01:00:00,1432A,SLD,51.0,137.9949651843696,-86.99496518436959
2021-01-27 02:00:00,1432A,SLD,53.0,138.80422269613916,-85.80422269613916
2021-01-27 03:00:00,1432A,SLD,67.0,138.4268489113903,-71.4268489113903
2021-01-27 04:00:00,1432A,SLD,69.0,137.60800307824144,-68.60800307824144
2021-01-27 05:00:00,1432A,SLD,62.0,138.16330216371776,-76.16330216371776
2021-01-27 06:00:00,1432A,SLD,60.0,138.8643882740756,-78.8643882740756
2021-01-27 07:00:00,1432A,SLD,61.0,137.83190333529058,-76.83190333529058
2021-01-27 08:00:00,1432A,SLD,64.0,137.72283507718794,-73.72283507718794
2021-01-27 09:00:00,1432A,SLD,64.0,138.3648484270121,-74.3648484270121
2021-01-27 10:00:00,1432A,SLD,66.0,139.05390130198595,-73.05390130198595
2021-01-27 11:00:00,1432A,SLD,66.0,139.44644362831377,-73.44644362831377
2021-01-27 12:00:00,1432A,SLD,62.0,138.3953492242111,-76.39534922421109
2021-01-27 13:00:00,1432A,SLD,63.0,137.46146231334686,-74.46146231334686
2021-01-27 14:00:00,1432A,SLD,45.0,137.47520338317213,-92.47520338317213
2021-01-27 15:00:00,1432A,SLD,42.0,136.89424245618673,-94.89424245618673
2021-01-27 16:00:00,1432A,SLD,40.0,136.04238352389433,-96.04238352389433
2021-01-27 17:00:00,1432A,SLD,46.0,136.2089319817987,-90.20893198179871
2021-01-27 18:00:00,1432A,SLD,56.0,135.68117233217725,-79.68117233217725
2021-01-27 19:00:00,1432A,SLD,61.0,136.72592070283676,-75.72592070283676
2021-01-27 20:00:00,1432A,SLD,60.0,138.89028391943276,-78.89028391943276
2021-01-27 21:00:00,1432A,SLD,65.0,139.61394194708316,-74.61394194708316
2021-01-27 22:00:00,1432A,SLD,77.0,138.38753725245542,-61.38753725245542
2021-01-27 23:00:00,1432A,SLD,80.0,137.91749192211768,-57.91749192211768
2021-01-28 00:00:00,1432A,SLD,84.0,138.01248147844265,-54.01248147844265
2021-01-28 01:00:00,1432A,SLD,88.0,139.12117524106293,-51.12117524106293
2021-01-28 02:00:00,1432A,SLD,88.0,139.9304327528325,-51.9304327528325
2021-01-28 03:00:00,1432A,SLD,88.0,139.55305896808363,-51.55305896808363
2021-01-28 04:00:00,1432A,SLD,91.0,138.73421313493478,-47.73421313493478
2021-01-28 05:00:00,1432A,SLD,98.0,139.2895122204111,-41.2895122204111
2021-01-28 06:00:00,1432A,SLD,98.0,139.99059833076893,-41.99059833076893
2021-01-28 07:00:00,1432A,SLD,100.0,138.95811339198391,-38.958113391983915
2021-01-28 08:00:00,1432A,SLD,100.0,138.84904513388128,-38.849045133881276
2021-01-28 09:00:00,1432A,SLD,104.0,139.49105848370544,-35.491058483705444
2021-01-28 10:00:00,1432A,SLD,107.0,140.18011135867928,-33.180111358679284
2021-01-28 11:00:00,1432A,SLD,108.0,140.5726536850071,-32.57265368500711
2021-01-28 12:00:00,1432A,SLD,117.0,139.52155928090443,-22.521559280904427
2021-01-28 13:00:00,1432A,SLD,119.0,138.5876723700402,-19.587672370040195
2021-01-28 14:00:00,1432A,SLD,112.0,138.60141343986547,-26.601413439865468
2021-01-28 15:00:00,1432A,SLD,99.0,138.02045251288007,-39.02045251288007
2021-01-28 16:00:00,1432A,SLD,88.0,137.16859358058767,-49.16859358058767
2021-01-28 17:00:00,1432A,SLD,65.0,137.33514203849205,-72.33514203849205
2021-01-28 18:00:00,1432A,SLD,58.0,136.8073823888706,-78.8073823888706
2021-01-28 19:00:00,1432A,SLD,57.0,137.8521307595301,-80.8521307595301
2021-01-28 20:00:00,1432A,SLD,47.0,140.0164939761261,-93.0164939761261
2021-01-28 21:00:00,1432A,SLD,53.0,140.7401520037765,-87.7401520037765
2021-01-28 22:00:00,1432A,SLD,51.0,139.51374730914875,-88.51374730914875
2021-01-28 23:00:00,1432A,SLD,52.0,139.04370197881101,-87.04370197881101
2021-01-29 00:00:00,1432A,SLD,53.0,139.138691535136,-86.13869153513599
2021-01-29 01:00:00,1432A,SLD,56.0,140.24738529775627,-84.24738529775627
2021-01-29 02:00:00,1432A,SLD,58.0,141.05664280952584,-83.05664280952584
2021-01-29 03:00:00,1432A,SLD,60.0,140.67926902477697,-80.67926902477697
2021-01-29 04:00:00,1432A,SLD,60.0,139.86042319162812,-79.86042319162812
2021-01-29 05:00:00,1432A,SLD,73.0,140.41572227710444,-67.41572227710444
2021-01-29 06:00:00,1432A,SLD,73.0,141.11680838746227,-68.11680838746227
2021-01-29 07:00:00,1432A,SLD,62.0,140.08432344867725,-78.08432344867725
2021-01-29 08:00:00,1432A,SLD,68.0,139.97525519057461,-71.97525519057461
2021-01-29 09:00:00,1432A,SLD,68.0,140.61726854039878,-72.61726854039878
2021-01-29 10:00:00,1432A,SLD,67.0,141.30632141537262,-74.30632141537262
2021-01-29 11:00:00,1432A,SLD,57.0,141.69886374170045,-84.69886374170045
2021-01-29 12:00:00,1432A,SLD,61.0,140.64776933759777,-79.64776933759777
2021-01-29 13:00:00,1432A,SLD,61.0,139.71388242673353,-78.71388242673353
2021-01-29 14:00:00,1432A,SLD,58.0,139.7276234965588,-81.7276234965588
2021-01-29 15:00:00,1432A,SLD,64.0,139.1466625695734,-75.14666256957341
2021-01-29 16:00:00,1432A,SLD,64.0,138.294803637281,-74.294803637281
2021-01-29 17:00:00,1432A,SLD,55.0,138.4613520951854,-83.46135209518539
2021-01-29 18:00:00,1432A,SLD,63.0,137.93359244556393,-74.93359244556393
2021-01-29 19:00:00,1432A,SLD,70.0,138.97834081622344,-68.97834081622344
2021-01-29 20:00:00,1432A,SLD,73.0,141.14270403281944,-68.14270403281944
2021-01-29 21:00:00,1432A,SLD,72.0,141.86636206046984,-69.86636206046984
2021-01-29 22:00:00,1432A,SLD,71.0,140.6399573658421,-69.6399573658421
2021-01-29 23:00:00,1432A,SLD,68.0,140.16991203550435,-72.16991203550435
2021-01-30 00:00:00,1432A,SLD,68.0,140.26490159182933,-72.26490159182933
2021-01-30 01:00:00,1432A,SLD,67.0,141.3735953544496,-74.3735953544496
2021-01-30 02:00:00,1432A,SLD,61.0,142.18285286621918,-81.18285286621918
2021-01-30 03:00:00,1432A,SLD,56.0,141.8054790814703,-85.80547908147031
2021-01-30 04:00:00,1432A,SLD,53.0,140.98663324832145,-87.98663324832145
2021-01-30 05:00:00,1432A,SLD,49.0,141.54193233379777,-92.54193233379777
2021-01-30 06:00:00,1432A,SLD,49.0,142.2430184441556,-93.24301844415561
2021-01-30 07:00:00,1432A,SLD,56.0,141.2105335053706,-85.21053350537059
2021-01-30 08:00:00,1432A,SLD,53.0,141.10146524726795,-88.10146524726795
2021-01-30 09:00:00,1432A,SLD,49.0,141.74347859709212,-92.74347859709212
2021-01-30 10:00:00,1432A,SLD,57.0,142.43253147206596,-85.43253147206596
2021-01-30 11:00:00,1432A,SLD,55.0,142.8250737983938,-87.82507379839379
2021-01-30 12:00:00,1432A,SLD,50.0,141.7739793942911,-91.7739793942911
2021-01-30 13:00:00,1432A,SLD,45.0,140.84009248342687,-95.84009248342687
2021-01-30 14:00:00,1432A,SLD,48.0,140.85383355325214,-92.85383355325214
2021-01-30 15:00:00,1432A,SLD,37.0,140.27287262626675,-103.27287262626675
2021-01-30 16:00:00,1432A,SLD,31.0,139.42101369397434,-108.42101369397434
2021-01-30 17:00:00,1432A,SLD,38.0,139.58756215187873,-101.58756215187873
2021-01-30 18:00:00,1432A,SLD,40.0,139.05980250225727,-99.05980250225727
2021-01-30 19:00:00,1432A,SLD,47.0,140.10455087291678,-93.10455087291678
2021-01-30 20:00:00,1432A,SLD,49.0,142.26891408951278,-93.26891408951278
2021-01-30 21:00:00,1432A,SLD,45.0,142.99257211716318,-97.99257211716318
2021-01-30 22:00:00,1432A,SLD,41.0,141.76616742253543,-100.76616742253543
2021-01-30 23:00:00,1432A,SLD,42.0,141.2961220921977,-99.29612209219769
2021-01-31 00:00:00,1432A,SLD,45.0,141.39111164852267,-96.39111164852267
2021-01-31 01:00:00,1432A,SLD,46.0,142.49980541114294,-96.49980541114294
2021-01-31 02:00:00,1432A,SLD,45.0,143.30906292291252,-98.30906292291252
2021-01-31 03:00:00,1432A,SLD,52.0,142.93168913816365,-90.93168913816365
2021-01-31 04:00:00,1432A,SLD,60.0,142.1128433050148,-82.11284330501479
2021-01-31 05:00:00,1432A,SLD,64.0,142.6681423904911,-78.66814239049111
2021-01-31 06:00:00,1432A,SLD,59.0,143.36922850084895,-84.36922850084895
2021-01-31 07:00:00,1432A,SLD,56.0,142.33674356206393,-86.33674356206393
2021-01-31 08:00:00,1432A,SLD,52.0,142.2276753039613,-90.22767530396129
2021-01-31 09:00:00,1432A,SLD,54.0,142.86968865378546,-88.86968865378546
2021-01-31 10:00:00,1432A,SLD,59.0,143.5587415287593,-84.5587415287593
2021-01-31 11:00:00,1432A,SLD,64.0,143.95128385508713,-79.95128385508713
2021-01-31 12:00:00,1432A,SLD,65.0,142.90018945098444,-77.90018945098444
2021-01-31 13:00:00,1432A,SLD,55.0,141.9663025401202,-86.96630254012021
2021-01-31 14:00:00,1432A,SLD,43.0,141.98004360994548,-98.98004360994548
2021-01-31 15:00:00,1432A,SLD,34.0,141.39908268296008,-107.39908268296008
2021-01-31 16:00:00,1432A,SLD,39.0,140.54722375066768,-101.54722375066768
2021-01-31 17:00:00,1432A,SLD,40.0,140.71377220857207,-100.71377220857207
2021-01-31 18:00:00,1432A,SLD,37.0,140.1860125589506,-103.18601255895061
2021-01-31 19:00:00,1432A,SLD,40.0,141.2307609296101,-101.23076092961011
2021-01-31 20:00:00,1432A,SLD,46.0,143.39512414620611,-97.39512414620611
2021-01-31 21:00:00,1432A,SLD,48.0,144.11878217385652,-96.11878217385652
2021-01-31 22:00:00,1432A,SLD,50.0,142.89237747922877,-92.89237747922877
2021-01-31 23:00:00,1432A,SLD,53.0,142.42233214889103,-89.42233214889103
2021-02-01 00:00:00,1432A,SLD,49.0,142.517321705216,-93.517321705216
2021-02-01 01:00:00,1432A,SLD,50.0,143.62601546783628,-93.62601546783628
2021-02-01 02:00:00,1432A,SLD,56.0,144.43527297960586,-88.43527297960586
2021-02-01 03:00:00,1432A,SLD,59.0,144.057899194857,-85.05789919485699
2021-02-01 04:00:00,1432A,SLD,62.0,143.23905336170813,-81.23905336170813
2021-02-01 05:00:00,1432A,SLD,64.0,143.79435244718445,-79.79435244718445
2021-02-01 06:00:00,1432A,SLD,68.0,144.4954385575423,-76.49543855754229
2021-02-01 07:00:00,1432A,SLD,68.0,143.46295361875727,-75.46295361875727
2021-02-01 08:00:00,1432A,SLD,64.0,143.35388536065463,-79.35388536065463
2021-02-01 09:00:00,1432A,SLD,63.0,143.9958987104788,-80.9958987104788
2021-02-01 10:00:00,1432A,SLD,70.0,144.68495158545264,-74.68495158545264
2021-02-01 11:00:00,1432A,SLD,76.0,145.07749391178046,-69.07749391178046
2021-02-01 12:00:00,1432A,SLD,76.0,144.02639950767778,-68.02639950767778
2021-02-01 13:00:00,1432A,SLD,74.0,143.09251259681355,-69.09251259681355
2021-02-01 14:00:00,1432A,SLD,67.0,143.10625366663882,-76.10625366663882
2021-02-01 15:00:00,1432A,SLD,68.0,142.52529273965342,-74.52529273965342
2021-02-01 16:00:00,1432A,SLD,63.0,141.67343380736102,-78.67343380736102
2021-02-01 17:00:00,1432A,SLD,58.0,141.8399822652654,-83.8399822652654
2021-02-01 18:00:00,1432A,SLD,52.0,141.31222261564395,-89.31222261564395
2021-02-01 19:00:00,1432A,SLD,59.0,142.35697098630345,-83.35697098630345
2021-02-01 20:00:00,1432A,SLD,61.0,144.52133420289945,-83.52133420289945
2021-02-01 21:00:00,1432A,SLD,64.0,145.24499223054985,-81.24499223054985
2021-02-01 22:00:00,1432A,SLD,68.0,144.0185875359221,-76.01858753592211
2021-02-01 23:00:00,1432A,SLD,65.0,143.54854220558437,-78.54854220558437
2021-02-02 00:00:00,1432A,SLD,60.0,143.64353176190934,-83.64353176190934
2021-02-02 01:00:00,1432A,SLD,60.0,144.75222552452962,-84.75222552452962
2021-02-02 02:00:00,1432A,SLD,60.0,145.5614830362992,-85.5614830362992
2021-02-02 03:00:00,1432A,SLD,60.0,145.18410925155032,-85.18410925155032
2021-02-02 04:00:00,1432A,SLD,62.0,144.36526341840147,-82.36526341840147
2021-02-02 05:00:00,1432A,SLD,62.0,144.9205625038778,-82.92056250387779
2021-02-02 06:00:00,1432A,SLD,64.0,145.62164861423562,-81.62164861423562
2021-02-02 07:00:00,1432A,SLD,68.0,144.5891636754506,-76.5891636754506
2021-02-02 08:00:00,1432A,SLD,69.0,144.48009541734797,-75.48009541734797
2021-02-02 09:00:00,1432A,SLD,70.0,145.12210876717214,-75.12210876717214
2021-02-02 10:00:00,1432A,SLD,74.0,145.81116164214598,-71.81116164214598
2021-02-02 11:00:00,1432A,SLD,84.0,146.2037039684738,-62.2037039684738
2021-02-02 12:00:00,1432A,SLD,81.0,145.15260956437112,-64.15260956437112
2021-02-02 13:00:00,1432A,SLD,83.0,144.2187226535069,-61.21872265350689
2021-02-02 14:00:00,1432A,SLD,95.0,144.23246372333216,-49.23246372333216
2021-02-02 15:00:00,1432A,SLD,100.0,143.65150279634676,-43.65150279634676
2021-02-02 16:00:00,1432A,SLD,100.0,142.79964386405436,-42.79964386405436
2021-02-02 17:00:00,1432A,SLD,103.0,142.96619232195874,-39.966192321958744
2021-02-02 18:00:00,1432A,SLD,108.0,142.43843267233729,-34.438432672337285
2021-02-02 19:00:00,1432A,SLD,110.0,143.4831810429968,-33.48318104299679
2021-02-02 20:00:00,1432A,SLD,111.0,145.6475442595928,-34.64754425959279
2021-02-02 21:00:00,1432A,SLD,112.0,146.3712022872432,-34.37120228724319
2021-02-02 22:00:00,1432A,SLD,122.0,145.14479759261545,-23.144797592615447
2021-02-02 23:00:00,1432A,SLD,128.0,144.6747522622777,-16.674752262277707
2021-02-03 00:00:00,1432A,SLD,125.0,144.76974181860268,-19.769741818602682
2021-02-03 01:00:00,1432A,SLD,138.0,145.87843558122296,-7.878435581222959
2021-02-03 02:00:00,1432A,SLD,121.0,146.68769309299253,-25.687693092992532
2021-02-03 03:00:00,1432A,SLD,125.0,146.31031930824366,-21.310319308243663
2021-02-03 04:00:00,1432A,SLD,124.0,145.4914734750948,-21.491473475094807
2021-02-03 05:00:00,1432A,SLD,124.0,146.04677256057113,-22.046772560571128
2021-02-03 06:00:00,1432A,SLD,123.0,146.74785867092896,-23.747858670928963
2021-02-03 07:00:00,1432A,SLD,125.0,145.71537373214395,-20.715373732143945
2021-02-03 08:00:00,1432A,SLD,129.0,145.6063054740413,-16.606305474041307
2021-02-03 09:00:00,1432A,SLD,134.0,146.24831882386547,-12.248318823865475
2021-02-03 10:00:00,1432A,SLD,146.0,146.9373716988393,-0.9373716988393141
2021-02-03 11:00:00,1432A,SLD,149.0,147.32991402516714,1.6700859748328583
2021-02-03 12:00:00,1432A,SLD,137.0,146.27881962106446,-9.278819621064457
2021-02-03 13:00:00,1432A,SLD,134.0,145.34493271020023,-11.344932710200226
2021-02-03 14:00:00,1432A,SLD,130.0,145.3586737800255,-15.358673780025498
2021-02-03 15:00:00,1432A,SLD,128.0,144.7777128530401,-16.7777128530401
2021-02-03 16:00:00,1432A,SLD,127.0,143.9258539207477,-16.9258539207477
2021-02-03 17:00:00,1432A,SLD,129.0,144.09240237865208,-15.092402378652082
2021-02-03 18:00:00,1432A,SLD,123.0,143.56464272903062,-20.564642729030624
2021-02-03 19:00:00,1432A,SLD,126.0,144.60939109969013,-18.60939109969013
2021-02-03 20:00:00,1432A,SLD,130.0,146.77375431628613,-16.77375431628613
2021-02-03 21:00:00,1432A,SLD,134.0,147.49741234393653,-13.497412343936531
2021-02-03 22:00:00,1432A,SLD,134.0,146.27100764930879,-12.271007649308785
2021-02-03 23:00:00,1432A,SLD,137.0,145.80096231897105,-8.800962318971045
2021-02-04 00:00:00,1432A,SLD,139.0,145.89595187529602,-6.895951875296021
2021-02-04 01:00:00,1432A,SLD,136.0,147.0046456379163,-11.004645637916298
2021-02-04 02:00:00,1432A,SLD,137.0,147.81390314968587,-10.81390314968587
2021-02-04 03:00:00,1432A,SLD,140.0,147.436529364937,-7.436529364937002
2021-02-04 04:00:00,1432A,SLD,143.0,146.61768353178815,-3.6176835317881455
2021-02-04 05:00:00,1432A,SLD,144.0,147.17298261726447,-3.1729826172644664
2021-02-04 06:00:00,1432A,SLD,129.0,147.8740687276223,-18.8740687276223
2021-02-04 07:00:00,1432A,SLD,128.0,146.84158378883728,-18.841583788837283
2021-02-04 08:00:00,1432A,SLD,123.0,146.73251553073464,-23.732515530734645
2021-02-04 09:00:00,1432A,SLD,125.0,147.3745288805588,-22.374528880558813
2021-02-04 10:00:00,1432A,SLD,136.0,148.06358175553265,-12.063581755532653
2021-02-04 11:00:00,1432A,SLD,136.0,148.45612408186048,-12.45612408186048
2021-02-04 12:00:00,1432A,SLD,137.0,147.4050296777578,-10.405029677757796
2021-02-04 13:00:00,1432A,SLD,150.0,146.47114276689356,3.528857233106436
2021-02-04 14:00:00,1432A,SLD,155.0,146.48488383671884,8.515116163281164
2021-02-04 15:00:00,1432A,SLD,151.0,145.90392290973344,5.0960770902665615
2021-02-04 16:00:00,1432A,SLD,154.0,145.05206397744104,8.947936022558963
2021-02-04 17:00:00,1432A,SLD,156.0,145.21861243534542,10.78138756465458
2021-02-04 18:00:00,1432A,SLD,,144.69085278572396,
2021-02-04 19:00:00,1432A,SLD,,145.73560115638347,
2021-02-04 20:00:00,1432A,SLD,155.0,147.89996437297947,7.100035627020532
2021-02-04 21:00:00,1432A,SLD,108.0,148.62362240062987,-40.62362240062987
2021-02-04 22:00:00,1432A,SLD,81.0,147.39721770600212,-66.39721770600212
2021-02-04 23:00:00,1432A,SLD,82.0,146.92717237566438,-64.92717237566438
2021-02-05 00:00:00,1432A,SLD,64.0,147.02216193198936,-83.02216193198936
2021-02-05 01:00:00,1432A,SLD,46.0,148.13085569460964,-102.13085569460964
2021-02-05 02:00:00,1432A,SLD,40.0,148.9401132063792,-108.94011320637921
2021-02-05 03:00:00,1432A,SLD,37.0,148.56273942163034,-111.56273942163034
2021-02-05 04:00:00,1432A,SLD,38.0,147.74389358848148,-109.74389358848148
2021-02-05 05:00:00,1432A,SLD,40.0,148.2991926739578,-108.2991926739578
2021-02-05 06:00:00,1432A,SLD,45.0,149.00027878431564,-104.00027878431564
2021-02-05 07:00:00,1432A,SLD,49.0,147.96779384553062,-98.96779384553062
2021-02-05 08:00:00,1432A,SLD,58.0,147.85872558742798,-89.85872558742798
2021-02-05 09:00:00,1432A,SLD,67.0,148.50073893725215,-81.50073893725215
2021-02-05 10:00:00,1432A,SLD,66.0,149.189791812226,-83.18979181222599
2021-02-05 11:00:00,1432A,SLD,76.0,149.58233413855382,-73.58233413855382
2021-02-05 12:00:00,1432A,SLD,69.0,148.53123973445113,-79.53123973445113
2021-02-05 13:00:00,1432A,SLD,59.0,147.5973528235869,-88.5973528235869
2021-02-05 14:00:00,1432A,SLD,56.0,147.61109389341217,-91.61109389341217
2021-02-05 15:00:00,1432A,SLD,47.0,147.03013296642678,-100.03013296642678
2021-02-05 16:00:00,1432A,SLD,39.0,146.17827403413438,-107.17827403413438
2021-02-05 17:00:00,1432A,SLD,37.0,146.34482249203876,-109.34482249203876
2021-02-05 18:00:00,1432A,SLD,34.0,145.8170628424173,-111.8170628424173
2021-02-05 19:00:00,1432A,SLD,32.0,146.8618112130768,-114.8618112130768
2021-02-05 20:00:00,1432A,SLD,35.0,149.0261744296728,-114.0261744296728
2021-02-05 21:00:00,1432A,SLD,39.0,149.7498324573232,-110.74983245732321
2021-02-05 22:00:00,1432A,SLD,40.0,148.52342776269546,-108.52342776269546
2021-02-05 23:00:00,1432A,SLD,46.0,148.05338243235772,-102.05338243235772
2021-02-06 00:00:00,1432A,SLD,44.0,148.1483719886827,-104.1483719886827
2021-02-06 01:00:00,1432A,SLD,39.0,149.25706575130297,-110.25706575130297
2021-02-06 02:00:00,1432A,SLD,41.0,150.06632326307255,-109.06632326307255
2021-02-06 03:00:00,1432A,SLD,42.0,149.68894947832368,-107.68894947832368
2021-02-06 04:00:00,1432A,SLD,42.0,148.87010364517482,-106.87010364517482
2021-02-06 05:00:00,1432A,SLD,43.0,149.42540273065114,-106.42540273065114
2021-02-06 06:00:00,1432A,SLD,45.0,150.12648884100898,-105.12648884100898
2021-02-06 07:00:00,1432A,SLD,47.0,149.09400390222396,-102.09400390222396
2021-02-06 08:00:00,1432A,SLD,55.0,148.98493564412132,-93.98493564412132
2021-02-06 09:00:00,1432A,SLD,63.0,149.6269489939455,-86.62694899394549
2021-02-06 10:00:00,1432A,SLD,70.0,150.31600186891933,-80.31600186891933
2021-02-06 11:00:00,1432A,SLD,84.0,150.70854419524716,-66.70854419524716
2021-02-06 12:00:00,1432A,SLD,73.0,149.65744979114447,-76.65744979114447
2021-02-06 13:00:00,1432A,SLD,68.0,148.72356288028024,-80.72356288028024
2021-02-06 14:00:00,1432A,SLD,56.0,148.7373039501055,-92.73730395010551
2021-02-06 15:00:00,1432A,SLD,61.0,148.15634302312012,-87.15634302312012
2021-02-06 16:00:00,1432A,SLD,62.0,147.3044840908277,-85.30448409082771
2021-02-06 17:00:00,1432A,SLD,61.0,147.4710325487321,-86.4710325487321
2021-02-06 18:00:00,1432A,SLD,61.0,146.94327289911064,-85.94327289911064
2021-02-06 19:00:00,1432A,SLD,65.0,147.98802126977014,-82.98802126977014
2021-02-06 20:00:00,1432A,SLD,69.0,150.15238448636615,-81.15238448636615
2021-02-06 21:00:00,1432A,SLD,76.0,150.87604251401655,-74.87604251401655
2021-02-06 22:00:00,1432A,SLD,80.0,149.6496378193888,-69.6496378193888
2021-02-06 23:00:00,1432A,SLD,77.0,149.17959248905106,-72.17959248905106
2021-02-07 00:00:00,1432A,SLD,78.0,149.27458204537604,-71.27458204537604
2021-02-07 01:00:00,1432A,SLD,84.0,150.3832758079963,-66.38327580799631
2021-02-07 02:00:00,1432A,SLD,89.0,151.1925333197659,-62.192533319765886
2021-02-07 03:00:00,1432A,SLD,94.0,150.81515953501702,-56.81515953501702
2021-02-07 04:00:00,1432A,SLD,94.0,149.99631370186816,-55.99631370186816
2021-02-07 05:00:00,1432A,SLD,90.0,150.55161278734448,-60.55161278734448
2021-02-07 06:00:00,1432A,SLD,94.0,151.25269889770232,-57.25269889770232
2021-02-07 07:00:00,1432A,SLD,103.0,150.2202139589173,-47.2202139589173
2021-02-07 08:00:00,1432A,SLD,90.0,150.11114570081466,-60.11114570081466
2021-02-07 09:00:00,1432A,SLD,90.0,150.75315905063883,-60.75315905063883
2021-02-07 10:00:00,1432A,SLD,94.0,151.44221192561267,-57.44221192561267
2021-02-07 11:00:00,1432A,SLD,100.0,151.8347542519405,-51.834754251940495
2021-02-07 12:00:00,1432A,SLD,98.0,150.7836598478378,-52.78365984783781
2021-02-07 13:00:00,1432A,SLD,83.0,149.84977293697358,-66.84977293697358
2021-02-07 14:00:00,1432A,SLD,58.0,149.86351400679885,-91.86351400679885
2021-02-07 15:00:00,1432A,SLD,47.0,149.28255307981345,-102.28255307981345
2021-02-07 16:00:00,1432A,SLD,39.0,148.43069414752105,-109.43069414752105
2021-02-07 17:00:00,1432A,SLD,40.0,148.59724260542544,-108.59724260542544
2021-02-07 18:00:00,1432A,SLD,45.0,148.06948295580398,-103.06948295580398
2021-02-07 19:00:00,1432A,SLD,48.0,149.11423132646348,-101.11423132646348
2021-02-07 20:00:00,1432A,SLD,52.0,151.27859454305948,-99.27859454305948
2021-02-07 21:00:00,1432A,SLD,50.0,152.00225257070989,-102.00225257070989
2021-02-07 22:00:00,1432A,SLD,63.0,150.77584787608214,-87.77584787608214
2021-02-07 23:00:00,1432A,SLD,58.0,150.3058025457444,-92.3058025457444
2021-02-08 00:00:00,1432A,SLD,62.0,150.40079210206937,-88.40079210206937
2021-02-08 01:00:00,1432A,SLD,64.0,151.50948586468965,-87.50948586468965
2021-02-08 02:00:00,1432A,SLD,69.0,152.31874337645922,-83.31874337645922
2021-02-08 03:00:00,1432A,SLD,84.0,151.94136959171036,-67.94136959171036
2021-02-08 04:00:00,1432A,SLD,95.0,151.1225237585615,-56.1225237585615
2021-02-08 05:00:00,1432A,SLD,91.0,151.67782284403782,-60.67782284403782
2021-02-08 06:00:00,1432A,SLD,87.0,152.37890895439565,-65.37890895439565
2021-02-08 07:00:00,1432A,SLD,93.0,151.34642401561064,-58.34642401561064
2021-02-08 08:00:00,1432A,SLD,102.0,151.237355757508,-49.237355757508
2021-02-08 09:00:00,1432A,SLD,93.0,151.87936910733217,-58.87936910733217
2021-02-08 10:00:00,1432A,SLD,89.0,152.568421982306,-63.568421982306006
2021-02-08 11:00:00,1432A,SLD,103.0,152.96096430863383,-49.960964308633834
2021-02-08 12:00:00,1432A,SLD,111.0,151.90986990453115,-40.90986990453115
2021-02-08 13:00:00,1432A,SLD,97.0,150.97598299366692,-53.97598299366692
2021-02-08 14:00:00,1432A,SLD,95.0,150.9897240634922,-55.98972406349219
2021-02-08 15:00:00,1432A,SLD,86.0,150.4087631365068,-64.40876313650679
2021-02-08 16:00:00,1432A,SLD,77.0,149.5569042042144,-72.55690420421439
2021-02-08 17:00:00,1432A,SLD,75.0,149.72345266211877,-74.72345266211877
2021-02-08 18:00:00,1432A,SLD,70.0,149.19569301249732,-79.19569301249732
2021-02-08 19:00:00,1432A,SLD,71.0,150.24044138315682,-79.24044138315682
2021-02-08 20:00:00,1432A,SLD,,152.40480459975282,
2021-02-08 21:00:00,1432A,SLD,,153.12846262740322,
2021-02-08 22:00:00,1432A,SLD,,151.90205793277548,
2021-02-08 23:00:00,1432A,SLD,,151.43201260243774,
2021-02-09 00:00:00,1432A,SLD,82.0,151.5270021587627,-69.52700215876271
2021-02-09 01:00:00,1432A,SLD,75.0,152.635695921383,-77.63569592138299
2021-02-09 02:00:00,1432A,SLD,77.0,153.44495343315256,-76.44495343315256
2021-02-09 03:00:00,1432A,SLD,80.0,153.0675796484037,-73.0675796484037
2021-02-09 04:00:00,1432A,SLD,82.0,152.24873381525484,-70.24873381525484
2021-02-09 05:00:00,1432A,SLD,87.0,152.80403290073116,-65.80403290073116
2021-02-09 06:00:00,1432A,SLD,91.0,153.505119011089,-62.50511901108899
2021-02-09 07:00:00,1432A,SLD,87.0,152.47263407230398,-65.47263407230398
2021-02-09 08:00:00,1432A,SLD,90.0,152.36356581420134,-62.36356581420134
2021-02-09 09:00:00,1432A,SLD,93.0,153.0055791640255,-60.005579164025505
2021-02-09 10:00:00,1432A,SLD,108.0,153.69463203899934,-45.694632038999345
2021-02-09 11:00:00,1432A,SLD,96.0,154.08717436532717,-58.08717436532717
2021-02-09 12:00:00,1432A,SLD,104.0,153.0360799612245,-49.03607996122449
2021-02-09 13:00:00,1432A,SLD,,152.10219305036026,
2021-02-09 14:00:00,1432A,SLD,110.0,152.11593412018553,-42.11593412018553
2021-02-09 15:00:00,1432A,SLD,108.0,151.53497319320013,-43.53497319320013
2021-02-09 16:00:00,1432A,SLD,102.0,150.68311426090773,-48.68311426090773
2021-02-09 17:00:00,1432A,SLD,106.0,150.8496627188121,-44.84966271881211
2021-02-09 18:00:00,1432A,SLD,101.0,150.32190306919065,-49.321903069190654
2021-02-09 19:00:00,1432A,SLD,103.0,151.36665143985016,-48.36665143985016
2021-02-09 20:00:00,1432A,SLD,108.0,153.53101465644616,-45.53101465644616
2021-02-09 21:00:00,1432A,SLD,108.0,154.25467268409656,-46.25467268409656
2021-02-09 22:00:00,1432A,SLD,109.0,153.02826798946882,-44.028267989468816
2021-02-09 23:00:00,1432A,SLD,101.0,152.55822265913108,-51.558222659131076
2021-02-10 00:00:00,1432A,SLD,101.0,152.65321221545605,-51.65321221545605
2021-02-10 01:00:00,1432A,SLD,102.0,153.76190597807633,-51.76190597807633
2021-02-10 02:00:00,1432A,SLD,95.0,154.5711634898459,-59.5711634898459
2021-02-10 03:00:00,1432A,SLD,96.0,154.19378970509703,-58.19378970509703
2021-02-10 04:00:00,1432A,SLD,96.0,153.37494387194818,-57.374943871948176
2021-02-10 05:00:00,1432A,SLD,98.0,153.9302429574245,-55.9302429574245
2021-02-10 06:00:00,1432A,SLD,102.0,154.63132906778233,-52.63132906778233
2021-02-10 07:00:00,1432A,SLD,98.0,153.5988441289973,-55.598844128997314
2021-02-10 08:00:00,1432A,SLD,99.0,153.48977587089468,-54.489775870894675
2021-02-10 09:00:00,1432A,SLD,100.0,154.13178922071884,-54.131789220718844
2021-02-10 10:00:00,1432A,SLD,108.0,154.82084209569268,-46.82084209569268
2021-02-10 11:00:00,1432A,SLD,124.0,155.2133844220205,-31.21338442202051
2021-02-10 12:00:00,1432A,SLD,130.0,154.16229001791783,-24.162290017917826
2021-02-10 13:00:00,1432A,SLD,117.0,153.2284031070536,-36.228403107053595
2021-02-10 14:00:00,1432A,SLD,103.0,153.24214417687887,-50.24214417687887
2021-02-10 15:00:00,1432A,SLD,94.0,152.66118324989347,-58.66118324989347
2021-02-10 16:00:00,1432A,SLD,86.0,151.80932431760107,-65.80932431760107
2021-02-10 17:00:00,1432A,SLD,87.0,151.97587277550545,-64.97587277550545
2021-02-10 18:00:00,1432A,SLD,80.0,151.448113125884,-71.44811312588399
2021-02-10 19:00:00,1432A,SLD,85.0,152.4928614965435,-67.4928614965435
2021-02-10 20:00:00,1432A,SLD,99.0,154.6572247131395,-55.6572247131395
2021-02-10 21:00:00,1432A,SLD,98.0,155.3808827407899,-57.3808827407899
2021-02-10 22:00:00,1432A,SLD,104.0,154.15447804616215,-50.154478046162154
2021-02-10 23:00:00,1432A,SLD,104.0,153.6844327158244,-49.684432715824414
2021-02-11 00:00:00,1432A,SLD,94.0,153.7794222721494,-59.77942227214939
2021-02-11 01:00:00,1432A,SLD,109.0,154.88811603476967,-45.888116034769666
2021-02-11 02:00:00,1432A,SLD,114.0,155.69737354653924,-41.69737354653924
2021-02-11 03:00:00,1432A,SLD,127.0,155.31999976179037,-28.31999976179037
2021-02-11 04:00:00,1432A,SLD,132.0,154.50115392864151,-22.501153928641514
2021-02-11 05:00:00,1432A,SLD,126.0,155.05645301411784,-29.056453014117835
2021-02-11 06:00:00,1432A,SLD,142.0,155.75753912447567,-13.75753912447567
2021-02-11 07:00:00,1432A,SLD,148.0,154.72505418569065,-6.725054185690652
2021-02-11 08:00:00,1432A,SLD,148.0,154.615985927588,-6.615985927588014
2021-02-11 09:00:00,1432A,SLD,154.0,155.25799927741218,-1.257999277412182
2021-02-11 10:00:00,1432A,SLD,151.0,155.94705215238602,-4.947052152386021
2021-02-11 11:00:00,1432A,SLD,126.0,156.33959447871385,-30.33959447871385
2021-02-11 12:00:00,1432A,SLD,148.0,155.28850007461116,-7.288500074611164
2021-02-11 13:00:00,1432A,SLD,102.0,154.35461316374693,-52.35461316374693
2021-02-11 14:00:00,1432A,SLD,86.0,154.3683542335722,-68.3683542335722
2021-02-11 15:00:00,1432A,SLD,89.0,153.7873933065868,-64.78739330658681
2021-02-11 16:00:00,1432A,SLD,86.0,152.9355343742944,-66.9355343742944
2021-02-11 17:00:00,1432A,SLD,75.0,153.1020828321988,-78.10208283219879
2021-02-11 18:00:00,1432A,SLD,71.0,152.57432318257733,-81.57432318257733
2021-02-11 19:00:00,1432A,SLD,80.0,153.61907155323684,-73.61907155323684
2021-02-11 20:00:00,1432A,SLD,98.0,155.78343476983284,-57.78343476983284
2021-02-11 21:00:00,1432A,SLD,100.0,156.50709279748324,-56.50709279748324
2021-02-11 22:00:00,1432A,SLD,106.0,155.2806881028555,-49.28068810285549
2021-02-11 23:00:00,1432A,SLD,114.0,154.81064277251775,-40.81064277251775
2021-02-12 00:00:00,1432A,SLD,127.0,154.90563232884273,-27.905632328842728
2021-02-12 01:00:00,1432A,SLD,102.0,156.014326091463,-54.014326091463005
2021-02-12 02:00:00,1432A,SLD,104.0,156.82358360323258,-52.82358360323258
2021-02-12 03:00:00,1432A,SLD,137.0,156.4462098184837,-19.44620981848371
2021-02-12 04:00:00,1432A,SLD,153.0,155.62736398533485,-2.6273639853348527
2021-02-12 05:00:00,1432A,SLD,155.0,156.18266307081117,-1.1826630708111736
2021-02-12 06:00:00,1432A,SLD,161.0,156.883749181169,4.116250818830991
2021-02-12 07:00:00,1432A,SLD,161.0,155.851264242384,5.148735757616009
2021-02-12 08:00:00,1432A,SLD,163.0,155.74219598428135,7.257804015718648
2021-02-12 09:00:00,1432A,SLD,165.0,156.38420933410552,8.61579066589448
2021-02-12 10:00:00,1432A,SLD,171.0,157.07326220907936,13.92673779092064
2021-02-12 11:00:00,1432A,SLD,198.0,157.4658045354072,40.53419546459281
2021-02-12 12:00:00,1432A,SLD,180.0,156.4147101313045,23.585289868695497
2021-02-12 13:00:00,1432A,SLD,151.0,155.48082322044027,-4.480823220440271
2021-02-12 14:00:00,1432A,SLD,114.0,155.49456429026554,-41.494564290265544
2021-02-12 15:00:00,1432A,SLD,89.0,154.91360336328015,-65.91360336328015
2021-02-12 16:00:00,1432A,SLD,82.0,154.06174443098774,-72.06174443098774
2021-02-12 17:00:00,1432A,SLD,82.0,154.22829288889213,-72.22829288889213
2021-02-12 18:00:00,1432A,SLD,75.0,153.70053323927067,-78.70053323927067
2021-02-12 19:00:00,1432A,SLD,84.0,154.74528160993017,-70.74528160993017
2021-02-12 20:00:00,1432A,SLD,83.0,156.90964482652618,-73.90964482652618
2021-02-12 21:00:00,1432A,SLD,76.0,157.63330285417658,-81.63330285417658
2021-02-12 22:00:00,1432A,SLD,80.0,156.40689815954883,-76.40689815954883
2021-02-12 23:00:00,1432A,SLD,92.0,155.9368528292111,-63.93685282921109
2021-02-13 00:00:00,1432A,SLD,106.0,156.03184238553607,-50.031842385536066
2021-02-13 01:00:00,1432A,SLD,104.0,157.14053614815634,-53.14053614815634
2021-02-13 02:00:00,1432A,SLD,107.0,157.94979365992592,-50.949793659925916
2021-02-13 03:00:00,1432A,SLD,96.0,157.57241987517705,-61.57241987517705
2021-02-13 04:00:00,1432A,SLD,78.0,156.7535740420282,-78.75357404202819
2021-02-13 05:00:00,1432A,SLD,75.0,157.3088731275045,-82.30887312750451
2021-02-13 06:00:00,1432A,SLD,73.0,158.00995923786235,-85.00995923786235
2021-02-13 07:00:00,1432A,SLD,69.0,156.97747429907733,-87.97747429907733
2021-02-13 08:00:00,1432A,SLD,67.0,156.8684060409747,-89.86840604097469
2021-02-13 09:00:00,1432A,SLD,62.0,157.51041939079886,-95.51041939079886
2021-02-13 10:00:00,1432A,SLD,54.0,158.1994722657727,-104.1994722657727
2021-02-13 11:00:00,1432A,SLD,42.0,158.59201459210053,-116.59201459210053
2021-02-13 12:00:00,1432A,SLD,36.0,157.54092018799784,-121.54092018799784
2021-02-13 13:00:00,1432A,SLD,20.0,156.6070332771336,-136.6070332771336
2021-02-13 14:00:00,1432A,SLD,15.0,156.62077434695888,-141.62077434695888
2021-02-13 15:00:00,1432A,SLD,14.0,156.03981341997348,-142.03981341997348
2021-02-13 16:00:00,1432A,SLD,15.0,155.18795448768108,-140.18795448768108
2021-02-13 17:00:00,1432A,SLD,17.0,155.35450294558547,-138.35450294558547
2021-02-13 18:00:00,1432A,SLD,18.0,154.826743295964,-136.826743295964
2021-02-13 19:00:00,1432A,SLD,22.0,155.8714916666235,-133.8714916666235
2021-02-13 20:00:00,1432A,SLD,54.0,158.0358548832195,-104.03585488321951
2021-02-13 21:00:00,1432A,SLD,50.0,158.75951291086992,-108.75951291086992
2021-02-13 22:00:00,1432A,SLD,45.0,157.53310821624217,-112.53310821624217
2021-02-13 23:00:00,1432A,SLD,46.0,157.06306288590443,-111.06306288590443
2021-02-14 00:00:00,1432A,SLD,54.0,157.1580524422294,-103.1580524422294
2021-02-14 01:00:00,1432A,SLD,59.0,158.26674620484968,-99.26674620484968
2021-02-14 02:00:00,1432A,SLD,61.0,159.07600371661925,-98.07600371661925
2021-02-14 03:00:00,1432A,SLD,60.0,158.69862993187039,-98.69862993187039
2021-02-14 04:00:00,1432A,SLD,62.0,157.87978409872153,-95.87978409872153
2021-02-14 05:00:00,1432A,SLD,62.0,158.43508318419785,-96.43508318419785
2021-02-14 06:00:00,1432A,SLD,62.0,159.13616929455569,-97.13616929455569
2021-02-14 07:00:00,1432A,SLD,62.0,158.10368435577067,-96.10368435577067
2021-02-14 08:00:00,1432A,SLD,62.0,157.99461609766803,-95.99461609766803
2021-02-14 09:00:00,1432A,SLD,63.0,158.6366294474922,-95.6366294474922
2021-02-14 10:00:00,1432A,SLD,70.0,159.32568232246604,-89.32568232246604
2021-02-14 11:00:00,1432A,SLD,71.0,159.71822464879386,-88.71822464879386
2021-02-14 12:00:00,1432A,SLD,62.0,158.66713024469118,-96.66713024469118
2021-02-14 13:00:00,1432A,SLD,,157.73324333382695,
2021-02-14 14:00:00,1432A,SLD,,157.74698440365222,
2021-02-14 15:00:00,1432A,SLD,,157.16602347666682,
2021-02-14 16:00:00,1432A,SLD,,156.31416454437442,
2021-02-14 17:00:00,1432A,SLD,,156.4807130022788,
2021-02-14 18:00:00,1432A,SLD,,155.95295335265735,
2021-02-14 19:00:00,1432A,SLD,,156.99770172331685,
2021-02-14 20:00:00,1432A,SLD,33.0,159.16206493991285,-126.16206493991285
2021-02-14 21:00:00,1432A,SLD,45.0,159.88572296756325,-114.88572296756325
2021-02-14 22:00:00,1432A,SLD,47.0,158.6593182729355,-111.65931827293551
2021-02-14 23:00:00,1432A,SLD,50.0,158.18927294259777,-108.18927294259777
2021-02-15 00:00:00,1432A,SLD,54.0,158.28426249892274,-104.28426249892274
2021-02-15 01:00:00,1432A,SLD,48.0,159.39295626154302,-111.39295626154302
2021-02-15 02:00:00,1432A,SLD,63.0,160.2022137733126,-97.2022137733126
2021-02-15 03:00:00,1432A,SLD,42.0,159.82483998856372,-117.82483998856372
2021-02-15 04:00:00,1432A,SLD,37.0,159.00599415541487,-122.00599415541487
2021-02-15 05:00:00,1432A,SLD,32.0,159.5612932408912,-127.56129324089119
2021-02-15 06:00:00,1432A,SLD,24.0,160.26237935124902,-136.26237935124902
2021-02-15 07:00:00,1432A,SLD,21.0,159.229894412464,-138.229894412464
2021-02-15 08:00:00,1432A,SLD,23.0,159.12082615436137,-136.12082615436137
2021-02-15 09:00:00,1432A,SLD,20.0,159.76283950418554,-139.76283950418554
2021-02-15 10:00:00,1432A,SLD,16.0,160.45189237915937,-144.45189237915937
2021-02-15 11:00:00,1432A,SLD,17.0,160.8444347054872,-143.8444347054872
2021-02-15 12:00:00,1432A,SLD,18.0,159.79334030138452,-141.79334030138452
2021-02-15 13:00:00,1432A,SLD,18.0,158.8594533905203,-140.8594533905203
2021-02-15 14:00:00,1432A,SLD,16.0,158.87319446034556,-142.87319446034556
2021-02-15 15:00:00,1432A,SLD,12.0,158.29223353336016,-146.29223353336016
2021-02-15 16:00:00,1432A,SLD,13.0,157.44037460106776,-144.44037460106776
2021-02-15 17:00:00,1432A,SLD,15.0,157.60692305897214,-142.60692305897214
2021-02-15 18:00:00,1432A,SLD,,157.07916340935068,
2021-02-15 19:00:00,1432A,SLD,,158.1239117800102,
2021-02-15 20:00:00,1432A,SLD,,160.2882749966062,
2021-02-15 21:00:00,1432A,SLD,,161.0119330242566,
2021-02-15 22:00:00,1432A,SLD,,159.78552832962885,
2021-02-15 23:00:00,1432A,SLD,,159.3154829992911,
2021-02-16 00:00:00,1432A,SLD,22.0,159.41047255561608,-137.41047255561608
2021-02-16 01:00:00,1432A,SLD,22.0,160.51916631823636,-138.51916631823636
2021-02-16 02:00:00,1432A,SLD,31.0,161.32842383000593,-130.32842383000593
2021-02-16 03:00:00,1432A,SLD,30.0,160.95105004525706,-130.95105004525706
2021-02-16 04:00:00,1432A,SLD,27.0,160.1322042121082,-133.1322042121082
2021-02-16 05:00:00,1432A,SLD,22.0,160.68750329758453,-138.68750329758453
2021-02-16 06:00:00,1432A,SLD,19.0,161.38858940794236,-142.38858940794236
2021-02-16 07:00:00,1432A,SLD,17.0,160.35610446915734,-143.35610446915734
2021-02-16 08:00:00,1432A,SLD,19.0,160.2470362110547,-141.2470362110547
2021-02-16 09:00:00,1432A,SLD,22.0,160.88904956087887,-138.88904956087887
2021-02-16 10:00:00,1432A,SLD,25.0,161.5781024358527,-136.5781024358527
2021-02-16 11:00:00,1432A,SLD,26.0,161.97064476218054,-135.97064476218054
2021-02-16 12:00:00,1432A,SLD,24.0,160.91955035807786,-136.91955035807786
2021-02-16 13:00:00,1432A,SLD,20.0,159.98566344721362,-139.98566344721362
2021-02-16 14:00:00,1432A,SLD,18.0,159.9994045170389,-141.9994045170389
2021-02-16 15:00:00,1432A,SLD,14.0,159.4184435900535,-145.4184435900535
2021-02-16 16:00:00,1432A,SLD,15.0,158.5665846577611,-143.5665846577611
2021-02-16 17:00:00,1432A,SLD,15.0,158.73313311566548,-143.73313311566548
2021-02-16 18:00:00,1432A,SLD,13.0,158.20537346604402,-145.20537346604402
2021-02-16 19:00:00,1432A,SLD,14.0,159.25012183670353,-145.25012183670353
2021-02-16 20:00:00,1432A,SLD,16.0,161.41448505329953,-145.41448505329953
2021-02-16 21:00:00,1432A,SLD,24.0,162.13814308094993,-138.13814308094993
2021-02-16 22:00:00,1432A,SLD,26.0,160.91173838632218,-134.91173838632218
2021-02-16 23:00:00,1432A,SLD,23.0,160.44169305598444,-137.44169305598444
2021-02-17 00:00:00,1432A,SLD,23.0,160.53668261230942,-137.53668261230942
2021-02-17 01:00:00,1432A,SLD,25.0,161.6453763749297,-136.6453763749297
2021-02-17 02:00:00,1432A,SLD,24.0,162.45463388669927,-138.45463388669927
2021-02-17 03:00:00,1432A,SLD,26.0,162.0772601019504,-136.0772601019504
2021-02-17 04:00:00,1432A,SLD,25.0,161.25841426880154,-136.25841426880154
2021-02-17 05:00:00,1432A,SLD,29.0,161.81371335427787,-132.81371335427787
2021-02-17 06:00:00,1432A,SLD,31.0,162.5147994646357,-131.5147994646357
2021-02-17 07:00:00,1432A,SLD,31.0,161.48231452585068,-130.48231452585068
2021-02-17 08:00:00,1432A,SLD,32.0,161.37324626774804,-129.37324626774804
2021-02-17 09:00:00,1432A,SLD,35.0,162.0152596175722,-127.01525961757221
2021-02-17 10:00:00,1432A,SLD,38.0,162.70431249254605,-124.70431249254605
2021-02-17 11:00:00,1432A,SLD,35.0,163.09685481887388,-128.09685481887388
2021-02-17 12:00:00,1432A,SLD,33.0,162.0457604147712,-129.0457604147712
2021-02-17 13:00:00,1432A,SLD,29.0,161.11187350390696,-132.11187350390696
2021-02-17 14:00:00,1432A,SLD,22.0,161.12561457373224,-139.12561457373224
2021-02-17 15:00:00,1432A,SLD,18.0,160.54465364674684,-142.54465364674684
2021-02-17 16:00:00,1432A,SLD,22.0,159.69279471445444,-137.69279471445444
2021-02-17 17:00:00,1432A,SLD,24.0,159.85934317235882,-135.85934317235882
2021-02-17 18:00:00,1432A,SLD,29.0,159.33158352273736,-130.33158352273736
2021-02-17 19:00:00,1432A,SLD,30.0,160.37633189339687,-130.37633189339687
2021-02-17 20:00:00,1432A,SLD,24.0,162.54069510999287,-138.54069510999287
2021-02-17 21:00:00,1432A,SLD,20.0,163.26435313764327,-143.26435313764327
2021-02-17 22:00:00,1432A,SLD,22.0,162.03794844301552,-140.03794844301552
2021-02-17 23:00:00,1432A,SLD,25.0,161.56790311267778,-136.56790311267778
2021-02-18 00:00:00,1432A,SLD,27.0,161.66289266900276,-134.66289266900276
2021-02-18 01:00:00,1432A,SLD,28.0,162.77158643162304,-134.77158643162304
2021-02-18 02:00:00,1432A,SLD,29.0,163.5808439433926,-134.5808439433926
2021-02-18 03:00:00,1432A,SLD,27.0,163.20347015864374,-136.20347015864374
2021-02-18 04:00:00,1432A,SLD,24.0,162.38462432549488,-138.38462432549488
2021-02-18 05:00:00,1432A,SLD,24.0,162.9399234109712,-138.9399234109712
2021-02-18 06:00:00,1432A,SLD,24.0,163.64100952132904,-139.64100952132904
2021-02-18 07:00:00,1432A,SLD,22.0,162.60852458254402,-140.60852458254402
2021-02-18 08:00:00,1432A,SLD,22.0,162.49945632444138,-140.49945632444138
2021-02-18 09:00:00,1432A,SLD,27.0,163.14146967426555,-136.14146967426555
2021-02-18 10:00:00,1432A,SLD,27.0,163.8305225492394,-136.8305225492394
2021-02-18 11:00:00,1432A,SLD,28.0,164.22306487556722,-136.22306487556722
2021-02-18 12:00:00,1432A,SLD,27.0,163.17197047146453,-136.17197047146453
2021-02-18 13:00:00,1432A,SLD,24.0,162.2380835606003,-138.2380835606003
2021-02-18 14:00:00,1432A,SLD,20.0,162.25182463042557,-142.25182463042557
2021-02-18 15:00:00,1432A,SLD,18.0,161.67086370344018,-143.67086370344018
2021-02-18 16:00:00,1432A,SLD,21.0,160.81900477114777,-139.81900477114777
2021-02-18 17:00:00,1432A,SLD,14.0,160.98555322905216,-146.98555322905216
2021-02-18 18:00:00,1432A,SLD,14.0,160.4577935794307,-146.4577935794307
2021-02-18 19:00:00,1432A,SLD,15.0,161.5025419500902,-146.5025419500902
2021-02-18 20:00:00,1432A,SLD,19.0,163.6669051666862,-144.6669051666862
2021-02-18 21:00:00,1432A,SLD,22.0,164.3905631943366,-142.3905631943366
2021-02-18 22:00:00,1432A,SLD,23.0,163.16415849970886,-140.16415849970886
2021-02-18 23:00:00,1432A,SLD,25.0,162.69411316937112,-137.69411316937112
2021-02-19 00:00:00,1432A,SLD,,162.7891027256961,
2021-02-19 01:00:00,1432A,SLD,26.0,163.89779648831637,-137.89779648831637
2021-02-19 02:00:00,1432A,SLD,27.0,164.70705400008595,-137.70705400008595
2021-02-19 03:00:00,1432A,SLD,31.0,164.32968021533708,-133.32968021533708
2021-02-19 04:00:00,1432A,SLD,30.0,163.51083438218822,-133.51083438218822
2021-02-19 05:00:00,1432A,SLD,30.0,164.06613346766454,-134.06613346766454
2021-02-19 06:00:00,1432A,SLD,29.0,164.76721957802238,-135.76721957802238
2021-02-19 07:00:00,1432A,SLD,30.0,163.73473463923736,-133.73473463923736
2021-02-19 08:00:00,1432A,SLD,28.0,163.62566638113472,-135.62566638113472
2021-02-19 09:00:00,1432A,SLD,33.0,164.2676797309589,-131.2676797309589
2021-02-19 10:00:00,1432A,SLD,32.0,164.95673260593273,-132.95673260593273
2021-02-19 11:00:00,1432A,SLD,26.0,165.34927493226056,-139.34927493226056
2021-02-19 12:00:00,1432A,SLD,26.0,164.29818052815787,-138.29818052815787
2021-02-19 13:00:00,1432A,SLD,28.0,163.36429361729364,-135.36429361729364
2021-02-19 14:00:00,1432A,SLD,26.0,163.3780346871189,-137.3780346871189
2021-02-19 15:00:00,1432A,SLD,25.0,162.79707376013351,-137.79707376013351
2021-02-19 16:00:00,1432A,SLD,24.0,161.9452148278411,-137.9452148278411
2021-02-19 17:00:00,1432A,SLD,22.0,162.1117632857455,-140.1117632857455
2021-02-19 18:00:00,1432A,SLD,20.0,161.58400363612404,-141.58400363612404
2021-02-19 19:00:00,1432A,SLD,18.0,162.62875200678354,-144.62875200678354
2021-02-19 20:00:00,1432A,SLD,22.0,164.79311522337954,-142.79311522337954
2021-02-19 21:00:00,1432A,SLD,24.0,165.51677325102995,-141.51677325102995
2021-02-19 22:00:00,1432A,SLD,25.0,164.2903685564022,-139.2903685564022
2021-02-19 23:00:00,1432A,SLD,30.0,163.82032322606446,-133.82032322606446
2021-02-20 00:00:00,1432A,SLD,31.0,163.91531278238944,-132.91531278238944
2021-02-20 01:00:00,1432A,SLD,33.0,165.0240065450097,-132.0240065450097
2021-02-20 02:00:00,1432A,SLD,32.0,165.83326405677929,-133.83326405677929
2021-02-20 03:00:00,1432A,SLD,34.0,165.45589027203042,-131.45589027203042
2021-02-20 04:00:00,1432A,SLD,40.0,164.63704443888156,-124.63704443888156
2021-02-20 05:00:00,1432A,SLD,36.0,165.19234352435788,-129.19234352435788
2021-02-20 06:00:00,1432A,SLD,38.0,165.89342963471572,-127.89342963471572
2021-02-20 07:00:00,1432A,SLD,37.0,164.8609446959307,-127.8609446959307
2021-02-20 08:00:00,1432A,SLD,38.0,164.75187643782806,-126.75187643782806
2021-02-20 09:00:00,1432A,SLD,43.0,165.39388978765223,-122.39388978765223
2021-02-20 10:00:00,1432A,SLD,52.0,166.08294266262607,-114.08294266262607
2021-02-20 11:00:00,1432A,SLD,54.0,166.4754849889539,-112.4754849889539
2021-02-20 12:00:00,1432A,SLD,58.0,165.4243905848512,-107.42439058485121
2021-02-20 13:00:00,1432A,SLD,46.0,164.49050367398698,-118.49050367398698
2021-02-20 14:00:00,1432A,SLD,43.0,164.50424474381225,-121.50424474381225
2021-02-20 15:00:00,1432A,SLD,42.0,163.92328381682685,-121.92328381682685
2021-02-20 16:00:00,1432A,SLD,42.0,163.07142488453445,-121.07142488453445
2021-02-20 17:00:00,1432A,SLD,38.0,163.23797334243883,-125.23797334243883
2021-02-20 18:00:00,1432A,SLD,36.0,162.71021369281738,-126.71021369281738
2021-02-20 19:00:00,1432A,SLD,34.0,163.75496206347688,-129.75496206347688
2021-02-20 20:00:00,1432A,SLD,34.0,165.91932528007288,-131.91932528007288
2021-02-20 21:00:00,1432A,SLD,37.0,166.64298330772328,-129.64298330772328
2021-02-20 22:00:00,1432A,SLD,38.0,165.41657861309554,-127.41657861309554
2021-02-20 23:00:00,1432A,SLD,36.0,164.9465332827578,-128.9465332827578
2021-02-21 00:00:00,1432A,SLD,37.0,165.04152283908277,-128.04152283908277
2021-02-21 01:00:00,1432A,SLD,38.0,166.15021660170305,-128.15021660170305
2021-02-21 02:00:00,1432A,SLD,40.0,166.95947411347262,-126.95947411347262
2021-02-21 03:00:00,1432A,SLD,42.0,166.58210032872375,-124.58210032872375
2021-02-21 04:00:00,1432A,SLD,47.0,165.7632544955749,-118.7632544955749
2021-02-21 05:00:00,1432A,SLD,50.0,166.31855358105122,-116.31855358105122
2021-02-21 06:00:00,1432A,SLD,50.0,167.01963969140905,-117.01963969140905
2021-02-21 07:00:00,1432A,SLD,67.0,165.98715475262404,-98.98715475262404
2021-02-21 08:00:00,1432A,SLD,64.0,165.8780864945214,-101.8780864945214
2021-02-21 09:00:00,1432A,SLD,60.0,166.52009984434557,-106.52009984434557
2021-02-21 10:00:00,1432A,SLD,63.0,167.2091527193194,-104.2091527193194
2021-02-21 11:00:00,1432A,SLD,58.0,167.60169504564723,-109.60169504564723
2021-02-21 12:00:00,1432A,SLD,56.0,166.55060064154455,-110.55060064154455
2021-02-21 13:00:00,1432A,SLD,53.0,165.61671373068032,-112.61671373068032
2021-02-21 14:00:00,1432A,SLD,49.0,165.6304548005056,-116.63045480050559
2021-02-21 15:00:00,1432A,SLD,48.0,165.0494938735202,-117.04949387352019
2021-02-21 16:00:00,1432A,SLD,44.0,164.1976349412278,-120.19763494122779
2021-02-21 17:00:00,1432A,SLD,46.0,164.36418339913217,-118.36418339913217
2021-02-21 18:00:00,1432A,SLD,47.0,163.83642374951071,-116.83642374951071
2021-02-21 19:00:00,1432A,SLD,49.0,164.88117212017022,-115.88117212017022
2021-02-21 20:00:00,1432A,SLD,52.0,167.04553533676622,-115.04553533676622
2021-02-21 21:00:00,1432A,SLD,55.0,167.76919336441662,-112.76919336441662
2021-02-21 22:00:00,1432A,SLD,63.0,166.54278866978888,-103.54278866978888
2021-02-21 23:00:00,1432A,SLD,60.0,166.07274333945114,-106.07274333945114
2021-02-22 00:00:00,1432A,SLD,63.0,166.1677328957761,-103.16773289577611
2021-02-22 01:00:00,1432A,SLD,67.0,167.2764266583964,-100.27642665839639
2021-02-22 02:00:00,1432A,SLD,68.0,168.08568417016596,-100.08568417016596
2021-02-22 03:00:00,1432A,SLD,78.0,167.7083103854171,-89.7083103854171
2021-02-22 04:00:00,1432A,SLD,99.0,166.88946455226824,-67.88946455226824
2021-02-22 05:00:00,1432A,SLD,87.0,167.44476363774456,-80.44476363774456
2021-02-22 06:00:00,1432A,SLD,106.0,168.1458497481024,-62.14584974810239
2021-02-22 07:00:00,1432A,SLD,102.0,167.11336480931737,-65.11336480931737
2021-02-22 08:00:00,1432A,SLD,96.0,167.00429655121474,-71.00429655121474
2021-02-22 09:00:00,1432A,SLD,103.0,167.6463099010389,-64.6463099010389
2021-02-22 10:00:00,1432A,SLD,112.0,168.33536277601274,-56.335362776012744
2021-02-22 11:00:00,1432A,SLD,111.0,168.72790510234057,-57.72790510234057
2021-02-22 12:00:00,1432A,SLD,100.0,167.6768106982379,-67.67681069823789
2021-02-22 13:00:00,1432A,SLD,73.0,166.74292378737366,-93.74292378737366
2021-02-22 14:00:00,1432A,SLD,59.0,166.75666485719893,-107.75666485719893
2021-02-22 15:00:00,1432A,SLD,61.0,166.17570393021353,-105.17570393021353
2021-02-22 16:00:00,1432A,SLD,62.0,165.32384499792113,-103.32384499792113
2021-02-22 17:00:00,1432A,SLD,57.0,165.4903934558255,-108.49039345582551
2021-02-22 18:00:00,1432A,SLD,52.0,164.96263380620405,-112.96263380620405
2021-02-22 19:00:00,1432A,SLD,61.0,166.00738217686356,-105.00738217686356
2021-02-22 20:00:00,1432A,SLD,70.0,168.17174539345956,-98.17174539345956
2021-02-22 21:00:00,1432A,SLD,74.0,168.89540342110996,-94.89540342110996
2021-02-22 22:00:00,1432A,SLD,76.0,167.66899872648222,-91.66899872648222
2021-02-22 23:00:00,1432A,SLD,87.0,167.19895339614447,-80.19895339614447
2021-02-23 00:00:00,1432A,SLD,90.0,167.29394295246945,-77.29394295246945
2021-02-23 01:00:00,1432A,SLD,86.0,168.40263671508973,-82.40263671508973
2021-02-23 02:00:00,1432A,SLD,90.0,169.2118942268593,-79.2118942268593
2021-02-23 03:00:00,1432A,SLD,90.0,168.83452044211043,-78.83452044211043
2021-02-23 04:00:00,1432A,SLD,83.0,168.01567460896158,-85.01567460896158
2021-02-23 05:00:00,1432A,SLD,87.0,168.5709736944379,-81.5709736944379
2021-02-23 06:00:00,1432A,SLD,85.0,169.27205980479573,-84.27205980479573
2021-02-23 07:00:00,1432A,SLD,89.0,168.2395748660107,-79.23957486601071
2021-02-23 08:00:00,1432A,SLD,92.0,168.13050660790807,-76.13050660790807
2021-02-23 09:00:00,1432A,SLD,86.0,168.77251995773224,-82.77251995773224
2021-02-23 10:00:00,1432A,SLD,91.0,169.46157283270608,-78.46157283270608
2021-02-23 11:00:00,1432A,SLD,100.0,169.8541151590339,-69.85411515903391
2021-02-23 12:00:00,1432A,SLD,97.0,168.80302075493123,-71.80302075493123
2021-02-23 13:00:00,1432A,SLD,104.0,167.869133844067,-63.869133844066994
2021-02-23 14:00:00,1432A,SLD,97.0,167.88287491389227,-70.88287491389227
2021-02-23 15:00:00,1432A,SLD,82.0,167.30191398690687,-85.30191398690687
2021-02-23 16:00:00,1432A,SLD,70.0,166.45005505461447,-96.45005505461447
2021-02-23 17:00:00,1432A,SLD,68.0,166.61660351251885,-98.61660351251885
2021-02-23 18:00:00,1432A,SLD,63.0,166.0888438628974,-103.08884386289739
2021-02-23 19:00:00,1432A,SLD,56.0,167.1335922335569,-111.1335922335569
2021-02-23 20:00:00,1432A,SLD,62.0,169.2979554501529,-107.2979554501529
2021-02-23 21:00:00,1432A,SLD,64.0,170.0216134778033,-106.0216134778033
2021-02-23 22:00:00,1432A,SLD,64.0,168.79520878317555,-104.79520878317555
2021-02-23 23:00:00,1432A,SLD,61.0,168.3251634528378,-107.32516345283781
2021-02-24 00:00:00,1432A,SLD,65.0,168.4201530091628,-103.42015300916279
2021-02-24 01:00:00,1432A,SLD,73.0,169.52884677178307,-96.52884677178307
2021-02-24 02:00:00,1432A,SLD,73.0,170.33810428355264,-97.33810428355264
2021-02-24 03:00:00,1432A,SLD,76.0,169.96073049880377,-93.96073049880377
2021-02-24 04:00:00,1432A,SLD,75.0,169.1418846656549,-94.14188466565491
2021-02-24 05:00:00,1432A,SLD,83.0,169.69718375113123,-86.69718375113123
2021-02-24 06:00:00,1432A,SLD,82.0,170.39826986148907,-88.39826986148907
2021-02-24 07:00:00,1432A,SLD,68.0,169.36578492270405,-101.36578492270405
2021-02-24 08:00:00,1432A,SLD,63.0,169.2567166646014,-106.25671666460141
2021-02-24 09:00:00,1432A,SLD,64.0,169.89873001442558,-105.89873001442558
2021-02-24 10:00:00,1432A,SLD,61.0,170.58778288939942,-109.58778288939942
2021-02-24 11:00:00,1432A,SLD,59.0,170.98032521572725,-111.98032521572725
2021-02-24 12:00:00,1432A,SLD,62.0,169.92923081162456,-107.92923081162456
2021-02-24 13:00:00,1432A,SLD,59.0,168.99534390076033,-109.99534390076033
2021-02-24 14:00:00,1432A,SLD,60.0,169.0090849705856,-109.0090849705856
2021-02-24 15:00:00,1432A,SLD,66.0,168.4281240436002,-102.4281240436002
2021-02-24 16:00:00,1432A,SLD,74.0,167.5762651113078,-93.5762651113078
2021-02-24 17:00:00,1432A,SLD,77.0,167.7428135692122,-90.74281356921219
2021-02-24 18:00:00,1432A,SLD,72.0,167.21505391959073,-95.21505391959073
2021-02-24 19:00:00,1432A,SLD,66.0,168.25980229025024,-102.25980229025024
2021-02-24 20:00:00,1432A,SLD,58.0,170.42416550684624,-112.42416550684624
2021-02-24 21:00:00,1432A,SLD,56.0,171.14782353449664,-115.14782353449664
2021-02-24 22:00:00,1432A,SLD,50.0,169.9214188398689,-119.92141883986889
2021-02-24 23:00:00,1432A,SLD,50.0,169.45137350953115,-119.45137350953115
2021-02-25 00:00:00,1432A,SLD,41.0,169.54636306585613,-128.54636306585613
2021-02-25 01:00:00,1432A,SLD,24.0,170.6550568284764,-146.6550568284764
2021-02-25 02:00:00,1432A,SLD,18.0,171.46431434024598,-153.46431434024598
2021-02-25 03:00:00,1432A,SLD,18.0,171.0869405554971,-153.0869405554971
2021-02-25 04:00:00,1432A,SLD,18.0,170.26809472234825,-152.26809472234825
2021-02-25 05:00:00,1432A,SLD,20.0,170.82339380782457,-150.82339380782457
2021-02-25 06:00:00,1432A,SLD,27.0,171.5244799181824,-144.5244799181824
2021-02-25 07:00:00,1432A,SLD,28.0,170.4919949793974,-142.4919949793974
2021-02-25 08:00:00,1432A,SLD,29.0,170.38292672129475,-141.38292672129475
2021-02-25 09:00:00,1432A,SLD,29.0,171.02494007111892,-142.02494007111892
2021-02-25 10:00:00,1432A,SLD,28.0,171.71399294609276,-143.71399294609276
2021-02-25 11:00:00,1432A,SLD,27.0,172.1065352724206,-145.1065352724206
2021-02-25 12:00:00,1432A,SLD,26.0,171.0554408683179,-145.0554408683179
2021-02-25 13:00:00,1432A,SLD,24.0,170.12155395745367,-146.12155395745367
2021-02-25 14:00:00,1432A,SLD,25.0,170.13529502727894,-145.13529502727894
2021-02-25 15:00:00,1432A,SLD,28.0,169.55433410029354,-141.55433410029354
2021-02-25 16:00:00,1432A,SLD,26.0,168.70247516800114,-142.70247516800114
2021-02-25 17:00:00,1432A,SLD,28.0,168.86902362590553,-140.86902362590553
2021-02-25 18:00:00,1432A,SLD,29.0,168.34126397628407,-139.34126397628407
2021-02-25 19:00:00,1432A,SLD,30.0,169.38601234694357,-139.38601234694357
2021-02-25 20:00:00,1432A,SLD,31.0,171.55037556353957,-140.55037556353957
2021-02-25 21:00:00,1432A,SLD,35.0,172.27403359118998,-137.27403359118998
2021-02-25 22:00:00,1432A,SLD,39.0,171.04762889656223,-132.04762889656223
2021-02-25 23:00:00,1432A,SLD,39.0,170.5775835662245,-131.5775835662245
2021-02-26 00:00:00,1432A,SLD,28.0,170.67257312254947,-142.67257312254947
2021-02-26 01:00:00,1432A,SLD,20.0,171.78126688516974,-151.78126688516974
2021-02-26 02:00:00,1432A,SLD,16.0,172.59052439693932,-156.59052439693932
2021-02-26 03:00:00,1432A,SLD,20.0,172.21315061219045,-152.21315061219045
2021-02-26 04:00:00,1432A,SLD,17.0,171.3943047790416,-154.3943047790416
2021-02-26 05:00:00,1432A,SLD,15.0,171.9496038645179,-156.9496038645179
2021-02-26 06:00:00,1432A,SLD,21.0,172.65068997487575,-151.65068997487575
2021-02-26 07:00:00,1432A,SLD,17.0,171.61820503609073,-154.61820503609073
2021-02-26 08:00:00,1432A,SLD,16.0,171.5091367779881,-155.5091367779881
2021-02-26 09:00:00,1432A,SLD,19.0,172.15115012781226,-153.15115012781226
2021-02-26 10:00:00,1432A,SLD,16.0,172.8402030027861,-156.8402030027861
2021-02-26 11:00:00,1432A,SLD,20.0,173.23274532911392,-153.23274532911392
2021-02-26 12:00:00,1432A,SLD,25.0,172.18165092501124,-147.18165092501124
2021-02-26 13:00:00,1432A,SLD,26.0,171.247764014147,-145.247764014147
2021-02-26 14:00:00,1432A,SLD,27.0,171.26150508397228,-144.26150508397228
2021-02-26 15:00:00,1432A,SLD,16.0,170.68054415698688,-154.68054415698688
2021-02-26 16:00:00,1432A,SLD,12.0,169.82868522469448,-157.82868522469448
2021-02-26 17:00:00,1432A,SLD,15.0,169.99523368259887,-154.99523368259887
2021-02-26 18:00:00,1432A,SLD,15.0,169.4674740329774,-154.4674740329774
2021-02-26 19:00:00,1432A,SLD,12.0,170.5122224036369,-158.5122224036369
2021-02-26 20:00:00,1432A,SLD,12.0,172.6765856202329,-160.6765856202329
2021-02-26 21:00:00,1432A,SLD,17.0,173.40024364788331,-156.40024364788331
2021-02-26 22:00:00,1432A,SLD,22.0,172.17383895325557,-150.17383895325557
2021-02-26 23:00:00,1432A,SLD,25.0,171.70379362291783,-146.70379362291783
2021-02-27 00:00:00,1432A,SLD,25.0,171.7987831792428,-146.7987831792428
2021-02-27 01:00:00,1432A,SLD,18.0,172.90747694186308,-154.90747694186308
2021-02-27 02:00:00,1432A,SLD,15.0,173.71673445363265,-158.71673445363265
2021-02-27 03:00:00,1432A,SLD,18.0,173.33936066888378,-155.33936066888378
2021-02-27 04:00:00,1432A,SLD,20.0,172.52051483573493,-152.52051483573493
2021-02-27 05:00:00,1432A,SLD,23.0,173.07581392121125,-150.07581392121125
2021-02-27 06:00:00,1432A,SLD,24.0,173.77690003156908,-149.77690003156908
2021-02-27 07:00:00,1432A,SLD,22.0,172.74441509278407,-150.74441509278407
2021-02-27 08:00:00,1432A,SLD,25.0,172.63534683468143,-147.63534683468143
2021-02-27 09:00:00,1432A,SLD,22.0,173.2773601845056,-151.2773601845056
2021-02-27 10:00:00,1432A,SLD,25.0,173.96641305947944,-148.96641305947944
2021-02-27 11:00:00,1432A,SLD,26.0,174.35895538580726,-148.35895538580726
2021-02-27 12:00:00,1432A,SLD,27.0,173.30786098170458,-146.30786098170458
2021-02-27 13:00:00,1432A,SLD,29.0,172.37397407084035,-143.37397407084035
2021-02-27 14:00:00,1432A,SLD,26.0,172.38771514066562,-146.38771514066562
2021-02-27 15:00:00,1432A,SLD,22.0,171.80675421368022,-149.80675421368022
2021-02-27 16:00:00,1432A,SLD,27.0,170.95489528138782,-143.95489528138782
2021-02-27 17:00:00,1432A,SLD,23.0,171.1214437392922,-148.1214437392922
2021-02-27 18:00:00,1432A,SLD,23.0,170.59368408967075,-147.59368408967075
2021-02-27 19:00:00,1432A,SLD,31.0,171.63843246033025,-140.63843246033025
2021-02-27 20:00:00,1432A,SLD,32.0,173.80279567692625,-141.80279567692625
2021-02-27 21:00:00,1432A,SLD,26.0,174.52645370457665,-148.52645370457665
2021-02-27 22:00:00,1432A,SLD,19.0,173.3000490099489,-154.3000490099489
2021-02-27 23:00:00,1432A,SLD,14.0,172.83000367961117,-158.83000367961117
2021-02-28 00:00:00,1432A,SLD,8.0,172.92499323593614,-164.92499323593614
2021-02-28 01:00:00,1432A,SLD,8.0,174.03368699855642,-166.03368699855642
2021-02-28 02:00:00,1432A,SLD,5.0,174.842944510326,-169.842944510326
2021-02-28 03:00:00,1432A,SLD,6.0,174.46557072557712,-168.46557072557712
2021-02-28 04:00:00,1432A,SLD,6.0,173.64672489242827,-167.64672489242827
2021-02-28 05:00:00,1432A,SLD,4.0,174.2020239779046,-170.2020239779046
2021-02-28 06:00:00,1432A,SLD,2.0,174.90311008826242,-172.90311008826242
2021-02-28 07:00:00,1432A,SLD,2.0,173.8706251494774,-171.8706251494774
2021-02-28 08:00:00,1432A,SLD,4.0,173.76155689137477,-169.76155689137477
2021-02-28 09:00:00,1432A,SLD,5.0,174.40357024119893,-169.40357024119893
2021-02-28 10:00:00,1432A,SLD,7.0,175.09262311617277,-168.09262311617277
2021-02-28 11:00:00,1432A,SLD,7.0,175.4851654425006,-168.4851654425006
2021-02-28 12:00:00,1432A,SLD,8.0,174.43407103839792,-166.43407103839792
2021-02-28 13:00:00,1432A,SLD,9.0,173.5001841275337,-164.5001841275337
2021-02-28 14:00:00,1432A,SLD,10.0,173.51392519735896,-163.51392519735896
2021-02-28 15:00:00,1432A,SLD,9.0,172.93296427037356,-163.93296427037356
2021-02-28 16:00:00,1432A,SLD,10.0,172.08110533808116,-162.08110533808116
2021-02-28 17:00:00,1432A,SLD,10.0,172.24765379598554,-162.24765379598554
2021-02-28 18:00:00,1432A,SLD,11.0,171.71989414636408,-160.71989414636408
2021-02-28 19:00:00,1432A,SLD,13.0,172.7646425170236,-159.7646425170236
2021-02-28 20:00:00,1432A,SLD,12.0,174.9290057336196,-162.9290057336196
2021-02-28 21:00:00,1432A,SLD,12.0,175.65266376127,-163.65266376127
2021-02-28 22:00:00,1432A,SLD,14.0,174.42625906664225,-160.42625906664225
2021-02-28 23:00:00,1432A,SLD,21.0,173.9562137363045,-152.9562137363045
2021-03-01 00:00:00,1432A,SLD,23.0,174.05120329262948,-151.05120329262948
2021-03-01 01:00:00,1432A,SLD,23.0,175.15989705524976,-152.15989705524976
2021-03-01 02:00:00,1432A,SLD,23.0,175.96915456701933,-152.96915456701933
2021-03-01 03:00:00,1432A,SLD,23.0,175.59178078227046,-152.59178078227046
2021-03-01 04:00:00,1432A,SLD,23.0,174.7729349491216,-151.7729349491216
2021-03-01 05:00:00,1432A,SLD,23.0,175.32823403459793,-152.32823403459793
2021-03-01 06:00:00,1432A,SLD,19.0,176.02932014495576,-157.02932014495576
2021-03-01 07:00:00,1432A,SLD,16.0,174.99683520617074,-158.99683520617074
2021-03-01 08:00:00,1432A,SLD,17.0,174.8877669480681,-157.8877669480681
2021-03-01 09:00:00,1432A,SLD,17.0,175.52978029789227,-158.52978029789227
2021-03-01 10:00:00,1432A,SLD,17.0,176.2188331728661,-159.2188331728661
2021-03-01 11:00:00,1432A,SLD,22.0,176.61137549919394,-154.61137549919394
2021-03-01 12:00:00,1432A,SLD,25.0,175.56028109509126,-150.56028109509126
2021-03-01 13:00:00,1432A,SLD,22.0,174.62639418422702,-152.62639418422702
2021-03-01 14:00:00,1432A,SLD,22.0,174.6401352540523,-152.6401352540523
2021-03-01 15:00:00,1432A,SLD,22.0,174.0591743270669,-152.0591743270669
2021-03-01 16:00:00,1432A,SLD,24.0,173.2073153947745,-149.2073153947745
2021-03-01 17:00:00,1432A,SLD,23.0,173.37386385267888,-150.37386385267888
2021-03-01 18:00:00,1432A,SLD,24.0,172.84610420305742,-148.84610420305742
2021-03-01 19:00:00,1432A,SLD,25.0,173.89085257371693,-148.89085257371693
2021-03-01 20:00:00,1432A,SLD,30.0,176.05521579031293,-146.05521579031293
2021-03-01 21:00:00,1432A,SLD,33.0,176.77887381796333,-143.77887381796333
2021-03-01 22:00:00,1432A,SLD,36.0,175.55246912333558,-139.55246912333558
2021-03-01 23:00:00,1432A,SLD,31.0,175.08242379299784,-144.08242379299784
2021-03-02 00:00:00,1432A,SLD,29.0,175.17741334932282,-146.17741334932282
2021-03-02 01:00:00,1432A,SLD,30.0,176.2861071119431,-146.2861071119431
2021-03-02 02:00:00,1432A,SLD,31.0,177.09536462371267,-146.09536462371267
2021-03-02 03:00:00,1432A,SLD,28.0,176.7179908389638,-148.7179908389638
2021-03-02 04:00:00,1432A,SLD,29.0,175.89914500581494,-146.89914500581494
2021-03-02 05:00:00,1432A,SLD,31.0,176.45444409129126,-145.45444409129126
2021-03-02 06:00:00,1432A,SLD,44.0,177.1555302016491,-133.1555302016491
2021-03-02 07:00:00,1432A,SLD,38.0,176.12304526286408,-138.12304526286408
2021-03-02 08:00:00,1432A,SLD,38.0,176.01397700476144,-138.01397700476144
2021-03-02 09:00:00,1432A,SLD,39.0,176.6559903545856,-137.6559903545856
2021-03-02 10:00:00,1432A,SLD,41.0,177.34504322955945,-136.34504322955945
2021-03-02 11:00:00,1432A,SLD,46.0,177.73758555588728,-131.73758555588728
2021-03-02 12:00:00,1432A,SLD,43.0,176.6864911517846,-133.6864911517846
2021-03-02 13:00:00,1432A,SLD,30.0,175.75260424092036,-145.75260424092036
2021-03-02 14:00:00,1432A,SLD,31.0,175.76634531074563,-144.76634531074563
2021-03-02 15:00:00,1432A,SLD,,175.18538438376024,
2021-03-02 16:00:00,1432A,SLD,29.0,174.33352545146784,-145.33352545146784
2021-03-02 17:00:00,1432A,SLD,34.0,174.50007390937222,-140.50007390937222
2021-03-02 18:00:00,1432A,SLD,35.0,173.97231425975076,-138.97231425975076
2021-03-02 19:00:00,1432A,SLD,34.0,175.01706263041027,-141.01706263041027
2021-03-02 20:00:00,1432A,SLD,32.0,177.18142584700627,-145.18142584700627
2021-03-02 21:00:00,1432A,SLD,28.0,177.90508387465667,-149.90508387465667
2021-03-02 22:00:00,1432A,SLD,29.0,176.67867918002892,-147.67867918002892
2021-03-02 23:00:00,1432A,SLD,33.0,176.20863384969118,-143.20863384969118
2021-03-03 00:00:00,1432A,SLD,34.0,176.30362340601616,-142.30362340601616
2021-03-03 01:00:00,1432A,SLD,33.0,177.41231716863643,-144.41231716863643
2021-03-03 02:00:00,1432A,SLD,27.0,178.221574680406,-151.221574680406
2021-03-03 03:00:00,1432A,SLD,20.0,177.84420089565714,-157.84420089565714
2021-03-03 04:00:00,1432A,SLD,22.0,177.02535506250828,-155.02535506250828
2021-03-03 05:00:00,1432A,SLD,24.0,177.5806541479846,-153.5806541479846
2021-03-03 06:00:00,1432A,SLD,30.0,178.28174025834244,-148.28174025834244
2021-03-03 07:00:00,1432A,SLD,36.0,177.24925531955742,-141.24925531955742
2021-03-03 08:00:00,1432A,SLD,41.0,177.14018706145478,-136.14018706145478
2021-03-03 09:00:00,1432A,SLD,49.0,177.78220041127895,-128.78220041127895
2021-03-03 10:00:00,1432A,SLD,52.0,178.4712532862528,-126.47125328625279
2021-03-03 11:00:00,1432A,SLD,51.0,178.86379561258062,-127.86379561258062
2021-03-03 12:00:00,1432A,SLD,51.0,177.81270120847793,-126.81270120847793
2021-03-03 13:00:00,1432A,SLD,53.0,176.8788142976137,-123.8788142976137
2021-03-03 14:00:00,1432A,SLD,51.0,176.89255536743897,-125.89255536743897
2021-03-03 15:00:00,1432A,SLD,48.0,176.31159444045358,-128.31159444045358
2021-03-03 16:00:00,1432A,SLD,45.0,175.45973550816117,-130.45973550816117
2021-03-03 17:00:00,1432A,SLD,44.0,175.62628396606556,-131.62628396606556
2021-03-03 18:00:00,1432A,SLD,44.0,175.0985243164441,-131.0985243164441
2021-03-03 19:00:00,1432A,SLD,44.0,176.1432726871036,-132.1432726871036
2021-03-03 20:00:00,1432A,SLD,51.0,178.3076359036996,-127.3076359036996
2021-03-03 21:00:00,1432A,SLD,50.0,179.03129393135,-129.03129393135
2021-03-03 22:00:00,1432A,SLD,50.0,177.80488923672226,-127.80488923672226
2021-03-03 23:00:00,1432A,SLD,49.0,177.33484390638452,-128.33484390638452
2021-03-04 00:00:00,1432A,SLD,40.0,177.4298334627095,-137.4298334627095
2021-03-04 01:00:00,1432A,SLD,38.0,178.53852722532977,-140.53852722532977
2021-03-04 02:00:00,1432A,SLD,39.0,179.34778473709935,-140.34778473709935
2021-03-04 03:00:00,1432A,SLD,31.0,178.97041095235048,-147.97041095235048
2021-03-04 04:00:00,1432A,SLD,30.0,178.15156511920162,-148.15156511920162
2021-03-04 05:00:00,1432A,SLD,35.0,178.70686420467794,-143.70686420467794
2021-03-04 06:00:00,1432A,SLD,31.0,179.40795031503578,-148.40795031503578
2021-03-04 07:00:00,1432A,SLD,35.0,178.37546537625076,-143.37546537625076
2021-03-04 08:00:00,1432A,SLD,38.0,178.26639711814812,-140.26639711814812
2021-03-04 09:00:00,1432A,SLD,45.0,178.9084104679723,-133.9084104679723
2021-03-04 10:00:00,1432A,SLD,50.0,179.59746334294613,-129.59746334294613
2021-03-04 11:00:00,1432A,SLD,51.0,179.99000566927396,-128.99000566927396
2021-03-04 12:00:00,1432A,SLD,58.0,178.93891126517127,-120.93891126517127
2021-03-04 13:00:00,1432A,SLD,64.0,178.00502435430704,-114.00502435430704
2021-03-04 14:00:00,1432A,SLD,64.0,178.0187654241323,-114.01876542413231
2021-03-04 15:00:00,1432A,SLD,64.0,177.4378044971469,-113.43780449714691
2021-03-04 16:00:00,1432A,SLD,67.0,176.5859455648545,-109.58594556485451
2021-03-04 17:00:00,1432A,SLD,77.0,176.7524940227589,-99.7524940227589
2021-03-04 18:00:00,1432A,SLD,92.0,176.22473437313744,-84.22473437313744
2021-03-04 19:00:00,1432A,SLD,94.0,177.26948274379694,-83.26948274379694
2021-03-04 20:00:00,1432A,SLD,96.0,179.43384596039294,-83.43384596039294
2021-03-04 21:00:00,1432A,SLD,88.0,180.15750398804335,-92.15750398804335
2021-03-04 22:00:00,1432A,SLD,79.0,178.9310992934156,-99.9310992934156
2021-03-04 23:00:00,1432A,SLD,71.0,178.46105396307786,-107.46105396307786
2021-03-05 00:00:00,1432A,SLD,65.0,178.55604351940283,-113.55604351940283
2021-03-05 01:00:00,1432A,SLD,71.0,179.6647372820231,-108.66473728202311
2021-03-05 02:00:00,1432A,SLD,80.0,180.47399479379268,-100.47399479379268
2021-03-05 03:00:00,1432A,SLD,83.0,180.09662100904382,-97.09662100904382
2021-03-05 04:00:00,1432A,SLD,87.0,179.27777517589496,-92.27777517589496
2021-03-05 05:00:00,1432A,SLD,87.0,179.83307426137128,-92.83307426137128
2021-03-05 06:00:00,1432A,SLD,89.0,180.53416037172912,-91.53416037172912
2021-03-05 07:00:00,1432A,SLD,94.0,179.5016754329441,-85.5016754329441
2021-03-05 08:00:00,1432A,SLD,93.0,179.39260717484146,-86.39260717484146
2021-03-05 09:00:00,1432A,SLD,93.0,180.03462052466563,-87.03462052466563
2021-03-05 10:00:00,1432A,SLD,94.0,180.72367339963947,-86.72367339963947
2021-03-05 11:00:00,1432A,SLD,92.0,181.1162157259673,-89.1162157259673
2021-03-05 12:00:00,1432A,SLD,81.0,180.0651213218646,-99.06512132186461
2021-03-05 13:00:00,1432A,SLD,66.0,179.13123441100038,-113.13123441100038
2021-03-05 14:00:00,1432A,SLD,58.0,179.14497548082565,-121.14497548082565
2021-03-05 15:00:00,1432A,SLD,50.0,178.56401455384025,-128.56401455384025
2021-03-05 16:00:00,1432A,SLD,43.0,177.71215562154785,-134.71215562154785
2021-03-05 17:00:00,1432A,SLD,40.0,177.87870407945223,-137.87870407945223
2021-03-05 18:00:00,1432A,SLD,42.0,177.35094442983078,-135.35094442983078
2021-03-05 19:00:00,1432A,SLD,45.0,178.39569280049028,-133.39569280049028
2021-03-05 20:00:00,1432A,SLD,48.0,180.56005601708628,-132.56005601708628
2021-03-05 21:00:00,1432A,SLD,52.0,181.28371404473668,-129.28371404473668
2021-03-05 22:00:00,1432A,SLD,57.0,180.05730935010894,-123.05730935010894
2021-03-05 23:00:00,1432A,SLD,49.0,179.5872640197712,-130.5872640197712
2021-03-06 00:00:00,1432A,SLD,46.0,179.68225357609617,-133.68225357609617
2021-03-06 01:00:00,1432A,SLD,41.0,180.79094733871645,-139.79094733871645
2021-03-06 02:00:00,1432A,SLD,46.0,181.60020485048602,-135.60020485048602
2021-03-06 03:00:00,1432A,SLD,56.0,181.22283106573715,-125.22283106573715
2021-03-06 04:00:00,1432A,SLD,67.0,180.4039852325883,-113.4039852325883
2021-03-06 05:00:00,1432A,SLD,51.0,180.95928431806462,-129.95928431806462
2021-03-06 06:00:00,1432A,SLD,48.0,181.66037042842245,-133.66037042842245
2021-03-06 07:00:00,1432A,SLD,49.0,180.62788548963744,-131.62788548963744
2021-03-06 08:00:00,1432A,SLD,48.0,180.5188172315348,-132.5188172315348
2021-03-06 09:00:00,1432A,SLD,51.0,181.16083058135897,-130.16083058135897
2021-03-06 10:00:00,1432A,SLD,46.0,181.8498834563328,-135.8498834563328
2021-03-06 11:00:00,1432A,SLD,38.0,182.24242578266063,-144.24242578266063
2021-03-06 12:00:00,1432A,SLD,34.0,181.19133137855795,-147.19133137855795
2021-03-06 13:00:00,1432A,SLD,31.0,180.25744446769372,-149.25744446769372
2021-03-06 14:00:00,1432A,SLD,26.0,180.271185537519,-154.271185537519
2021-03-06 15:00:00,1432A,SLD,25.0,179.6902246105336,-154.6902246105336
2021-03-06 16:00:00,1432A,SLD,23.0,178.8383656782412,-155.8383656782412
2021-03-06 17:00:00,1432A,SLD,23.0,179.00491413614557,-156.00491413614557
2021-03-06 18:00:00,1432A,SLD,30.0,178.4771544865241,-148.4771544865241
2021-03-06 19:00:00,1432A,SLD,32.0,179.52190285718362,-147.52190285718362
2021-03-06 20:00:00,1432A,SLD,40.0,181.68626607377962,-141.68626607377962
2021-03-06 21:00:00,1432A,SLD,39.0,182.40992410143002,-143.40992410143002
2021-03-06 22:00:00,1432A,SLD,38.0,181.18351940680228,-143.18351940680228
2021-03-06 23:00:00,1432A,SLD,41.0,180.71347407646454,-139.71347407646454
2021-03-07 00:00:00,1432A,SLD,57.0,180.8084636327895,-123.80846363278951
2021-03-07 01:00:00,1432A,SLD,56.0,181.9171573954098,-125.91715739540979
2021-03-07 02:00:00,1432A,SLD,43.0,182.72641490717936,-139.72641490717936
2021-03-07 03:00:00,1432A,SLD,43.0,182.3490411224305,-139.3490411224305
2021-03-07 04:00:00,1432A,SLD,39.0,181.53019528928164,-142.53019528928164
2021-03-07 05:00:00,1432A,SLD,36.0,182.08549437475796,-146.08549437475796
2021-03-07 06:00:00,1432A,SLD,34.0,182.7865804851158,-148.7865804851158
2021-03-07 07:00:00,1432A,SLD,31.0,181.75409554633077,-150.75409554633077
2021-03-07 08:00:00,1432A,SLD,32.0,181.64502728822814,-149.64502728822814
2021-03-07 09:00:00,1432A,SLD,32.0,182.2870406380523,-150.2870406380523
2021-03-07 10:00:00,1432A,SLD,26.0,182.97609351302614,-156.97609351302614
2021-03-07 11:00:00,1432A,SLD,24.0,183.36863583935397,-159.36863583935397
2021-03-07 12:00:00,1432A,SLD,25.0,182.3175414352513,-157.3175414352513
2021-03-07 13:00:00,1432A,SLD,25.0,181.38365452438705,-156.38365452438705
2021-03-07 14:00:00,1432A,SLD,27.0,181.39739559421233,-154.39739559421233
2021-03-07 15:00:00,1432A,SLD,32.0,180.81643466722693,-148.81643466722693
2021-03-07 16:00:00,1432A,SLD,29.0,179.96457573493453,-150.96457573493453
2021-03-07 17:00:00,1432A,SLD,31.0,180.1311241928389,-149.1311241928389
2021-03-07 18:00:00,1432A,SLD,28.0,179.60336454321745,-151.60336454321745
2021-03-07 19:00:00,1432A,SLD,28.0,180.64811291387696,-152.64811291387696
2021-03-07 20:00:00,1432A,SLD,33.0,182.81247613047296,-149.81247613047296
2021-03-07 21:00:00,1432A,SLD,39.0,183.53613415812336,-144.53613415812336
2021-03-07 22:00:00,1432A,SLD,43.0,182.30972946349561,-139.30972946349561
2021-03-07 23:00:00,1432A,SLD,50.0,181.83968413315787,-131.83968413315787
2021-03-08 00:00:00,1432A,SLD,49.0,181.93467368948285,-132.93467368948285
2021-03-08 01:00:00,1432A,SLD,54.0,183.04336745210313,-129.04336745210313
2021-03-08 02:00:00,1432A,SLD,54.0,183.8526249638727,-129.8526249638727
2021-03-08 03:00:00,1432A,SLD,62.0,183.47525117912383,-121.47525117912383
2021-03-08 04:00:00,1432A,SLD,62.0,182.65640534597497,-120.65640534597497
2021-03-08 05:00:00,1432A,SLD,59.0,183.2117044314513,-124.2117044314513
2021-03-08 06:00:00,1432A,SLD,61.0,183.91279054180913,-122.91279054180913
2021-03-08 07:00:00,1432A,SLD,60.0,182.8803056030241,-122.88030560302411
2021-03-08 08:00:00,1432A,SLD,60.0,182.77123734492147,-122.77123734492147
2021-03-08 09:00:00,1432A,SLD,49.0,183.41325069474564,-134.41325069474564
2021-03-08 10:00:00,1432A,SLD,26.0,184.10230356971948,-158.10230356971948
2021-03-08 11:00:00,1432A,SLD,19.0,184.4948458960473,-165.4948458960473
2021-03-08 12:00:00,1432A,SLD,20.0,183.44375149194462,-163.44375149194462
2021-03-08 13:00:00,1432A,SLD,22.0,182.5098645810804,-160.5098645810804
2021-03-08 14:00:00,1432A,SLD,30.0,182.52360565090567,-152.52360565090567
2021-03-08 15:00:00,1432A,SLD,28.0,181.94264472392027,-153.94264472392027
2021-03-08 16:00:00,1432A,SLD,33.0,181.09078579162787,-148.09078579162787
2021-03-08 17:00:00,1432A,SLD,44.0,181.25733424953225,-137.25733424953225
2021-03-08 18:00:00,1432A,SLD,42.0,180.7295745999108,-138.7295745999108
2021-03-08 19:00:00,1432A,SLD,38.0,181.7743229705703,-143.7743229705703
2021-03-08 20:00:00,1432A,SLD,45.0,183.9386861871663,-138.9386861871663
2021-03-08 21:00:00,1432A,SLD,49.0,184.6623442148167,-135.6623442148167
2021-03-08 22:00:00,1432A,SLD,49.0,183.43593952018895,-134.43593952018895
2021-03-08 23:00:00,1432A,SLD,53.0,182.9658941898512,-129.9658941898512
2021-03-09 00:00:00,1432A,SLD,68.0,183.0608837461762,-115.06088374617619
2021-03-09 01:00:00,1432A,SLD,71.0,184.16957750879646,-113.16957750879646
2021-03-09 02:00:00,1432A,SLD,73.0,184.97883502056604,-111.97883502056604
2021-03-09 03:00:00,1432A,SLD,70.0,184.60146123581717,-114.60146123581717
2021-03-09 04:00:00,1432A,SLD,65.0,183.7826154026683,-118.78261540266831
2021-03-09 05:00:00,1432A,SLD,64.0,184.33791448814463,-120.33791448814463
2021-03-09 06:00:00,1432A,SLD,56.0,185.03900059850247,-129.03900059850247
2021-03-09 07:00:00,1432A,SLD,56.0,184.00651565971745,-128.00651565971745
2021-03-09 08:00:00,1432A,SLD,59.0,183.8974474016148,-124.89744740161481
2021-03-09 09:00:00,1432A,SLD,55.0,184.53946075143898,-129.53946075143898
2021-03-09 10:00:00,1432A,SLD,53.0,185.22851362641282,-132.22851362641282
2021-03-09 11:00:00,1432A,SLD,52.0,185.62105595274065,-133.62105595274065
2021-03-09 12:00:00,1432A,SLD,57.0,184.56996154863796,-127.56996154863796
2021-03-09 13:00:00,1432A,SLD,65.0,183.63607463777373,-118.63607463777373
2021-03-09 14:00:00,1432A,SLD,67.0,183.649815707599,-116.649815707599
2021-03-09 15:00:00,1432A,SLD,62.0,183.0688547806136,-121.0688547806136
2021-03-09 16:00:00,1432A,SLD,53.0,182.2169958483212,-129.2169958483212
2021-03-09 17:00:00,1432A,SLD,50.0,182.3835443062256,-132.3835443062256
2021-03-09 18:00:00,1432A,SLD,46.0,181.85578465660413,-135.85578465660413
2021-03-09 19:00:00,1432A,SLD,46.0,182.90053302726363,-136.90053302726363
2021-03-09 20:00:00,1432A,SLD,47.0,185.06489624385964,-138.06489624385964
2021-03-09 21:00:00,1432A,SLD,47.0,185.78855427151004,-138.78855427151004
2021-03-09 22:00:00,1432A,SLD,48.0,184.5621495768823,-136.5621495768823
2021-03-09 23:00:00,1432A,SLD,57.0,184.09210424654455,-127.09210424654455
2021-03-10 00:00:00,1432A,SLD,59.0,184.18709380286953,-125.18709380286953
2021-03-10 01:00:00,1432A,SLD,65.0,185.2957875654898,-120.2957875654898
2021-03-10 02:00:00,1432A,SLD,70.0,186.10504507725938,-116.10504507725938
2021-03-10 03:00:00,1432A,SLD,76.0,185.7276712925105,-109.72767129251051
2021-03-10 04:00:00,1432A,SLD,81.0,184.90882545936165,-103.90882545936165
2021-03-10 05:00:00,1432A,SLD,78.0,185.46412454483797,-107.46412454483797
2021-03-10 06:00:00,1432A,SLD,70.0,186.1652106551958,-116.1652106551958
2021-03-10 07:00:00,1432A,SLD,73.0,185.1327257164108,-112.13272571641079
2021-03-10 08:00:00,1432A,SLD,71.0,185.02365745830815,-114.02365745830815
2021-03-10 09:00:00,1432A,SLD,72.0,185.66567080813232,-113.66567080813232
2021-03-10 10:00:00,1432A,SLD,72.0,186.35472368310616,-114.35472368310616
2021-03-10 11:00:00,1432A,SLD,58.0,186.747266009434,-128.747266009434
2021-03-10 12:00:00,1432A,SLD,46.0,185.6961716053313,-139.6961716053313
2021-03-10 13:00:00,1432A,SLD,43.0,184.76228469446707,-141.76228469446707
2021-03-10 14:00:00,1432A,SLD,42.0,184.77602576429234,-142.77602576429234
2021-03-10 15:00:00,1432A,SLD,37.0,184.19506483730694,-147.19506483730694
2021-03-10 16:00:00,1432A,SLD,34.0,183.34320590501454,-149.34320590501454
2021-03-10 17:00:00,1432A,SLD,35.0,183.50975436291893,-148.50975436291893
2021-03-10 18:00:00,1432A,SLD,37.0,182.98199471329747,-145.98199471329747
2021-03-10 19:00:00,1432A,SLD,37.0,184.02674308395697,-147.02674308395697
2021-03-10 20:00:00,1432A,SLD,40.0,186.19110630055297,-146.19110630055297
2021-03-10 21:00:00,1432A,SLD,44.0,186.91476432820338,-142.91476432820338
2021-03-10 22:00:00,1432A,SLD,48.0,185.68835963357563,-137.68835963357563
2021-03-10 23:00:00,1432A,SLD,54.0,185.2183143032379,-131.2183143032379
2021-03-11 00:00:00,1432A,SLD,55.0,185.31330385956286,-130.31330385956286
2021-03-11 01:00:00,1432A,SLD,59.0,186.42199762218314,-127.42199762218314
2021-03-11 02:00:00,1432A,SLD,61.0,187.23125513395271,-126.23125513395271
2021-03-11 03:00:00,1432A,SLD,62.0,186.85388134920385,-124.85388134920385
2021-03-11 04:00:00,1432A,SLD,64.0,186.035035516055,-122.03503551605499
2021-03-11 05:00:00,1432A,SLD,73.0,186.5903346015313,-113.59033460153131
2021-03-11 06:00:00,1432A,SLD,78.0,187.29142071188915,-109.29142071188915
2021-03-11 07:00:00,1432A,SLD,76.0,186.25893577310413,-110.25893577310413
2021-03-11 08:00:00,1432A,SLD,83.0,186.1498675150015,-103.14986751500149
2021-03-11 09:00:00,1432A,SLD,85.0,186.79188086482566,-101.79188086482566
2021-03-11 10:00:00,1432A,SLD,88.0,187.4809337397995,-99.4809337397995
2021-03-11 11:00:00,1432A,SLD,,187.87347606612732,
2021-03-11 12:00:00,1432A,SLD,80.0,186.82238166202464,-106.82238166202464
2021-03-11 13:00:00,1432A,SLD,61.0,185.8884947511604,-124.88849475116041
2021-03-11 14:00:00,1432A,SLD,60.0,185.90223582098568,-125.90223582098568
2021-03-11 15:00:00,1432A,SLD,63.0,185.32127489400028,-122.32127489400028
2021-03-11 16:00:00,1432A,SLD,60.0,184.46941596170788,-124.46941596170788
2021-03-11 17:00:00,1432A,SLD,58.0,184.63596441961226,-126.63596441961226
2021-03-11 18:00:00,1432A,SLD,57.0,184.1082047699908,-127.1082047699908
2021-03-11 19:00:00,1432A,SLD,55.0,185.1529531406503,-130.1529531406503
2021-03-11 20:00:00,1432A,SLD,59.0,187.3173163572463,-128.3173163572463
2021-03-11 21:00:00,1432A,SLD,64.0,188.0409743848967,-124.04097438489671
2021-03-11 22:00:00,1432A,SLD,59.0,186.81456969026897,-127.81456969026897
2021-03-11 23:00:00,1432A,SLD,53.0,186.34452435993123,-133.34452435993123
2021-03-12 00:00:00,1432A,SLD,82.0,186.4395139162562,-104.4395139162562
2021-03-12 01:00:00,1432A,SLD,91.0,187.54820767887648,-96.54820767887648
2021-03-12 02:00:00,1432A,SLD,92.0,188.35746519064605,-96.35746519064605
2021-03-12 03:00:00,1432A,SLD,96.0,187.98009140589718,-91.98009140589718
2021-03-12 04:00:00,1432A,SLD,94.0,187.16124557274833,-93.16124557274833
2021-03-12 05:00:00,1432A,SLD,95.0,187.71654465822465,-92.71654465822465
2021-03-12 06:00:00,1432A,SLD,96.0,188.41763076858248,-92.41763076858248
2021-03-12 07:00:00,1432A,SLD,96.0,187.38514582979747,-91.38514582979747
2021-03-12 08:00:00,1432A,SLD,96.0,187.27607757169483,-91.27607757169483
2021-03-12 09:00:00,1432A,SLD,93.0,187.918090921519,-94.918090921519
2021-03-12 10:00:00,1432A,SLD,74.0,188.60714379649284,-114.60714379649284
2021-03-12 11:00:00,1432A,SLD,78.0,188.99968612282066,-110.99968612282066
2021-03-12 12:00:00,1432A,SLD,75.0,187.94859171871798,-112.94859171871798
2021-03-12 13:00:00,1432A,SLD,68.0,187.01470480785375,-119.01470480785375
2021-03-12 14:00:00,1432A,SLD,70.0,187.02844587767902,-117.02844587767902
2021-03-12 15:00:00,1432A,SLD,80.0,186.44748495069362,-106.44748495069362
2021-03-12 16:00:00,1432A,SLD,116.0,185.59562601840122,-69.59562601840122
2021-03-12 17:00:00,1432A,SLD,137.0,185.7621744763056,-48.7621744763056
2021-03-12 18:00:00,1432A,SLD,142.0,185.23441482668414,-43.234414826684144
2021-03-12 19:00:00,1432A,SLD,131.0,186.27916319734365,-55.27916319734365
2021-03-12 20:00:00,1432A,SLD,,188.44352641393965,
2021-03-12 21:00:00,1432A,SLD,,189.16718444159005,
2021-03-12 22:00:00,1432A,SLD,77.0,187.9407797469623,-110.9407797469623
2021-03-12 23:00:00,1432A,SLD,111.0,187.47073441662457,-76.47073441662457
2021-03-13 00:00:00,1432A,SLD,102.0,187.56572397294954,-85.56572397294954
2021-03-13 01:00:00,1432A,SLD,101.0,188.67441773556982,-87.67441773556982
2021-03-13 02:00:00,1432A,SLD,100.0,189.4836752473394,-89.48367524733939
2021-03-13 03:00:00,1432A,SLD,98.0,189.10630146259052,-91.10630146259052
2021-03-13 04:00:00,1432A,SLD,98.0,188.28745562944167,-90.28745562944167
2021-03-13 05:00:00,1432A,SLD,92.0,188.842754714918,-96.84275471491799
2021-03-13 06:00:00,1432A,SLD,89.0,189.54384082527582,-100.54384082527582
2021-03-13 07:00:00,1432A,SLD,86.0,188.5113558864908,-102.5113558864908
2021-03-13 08:00:00,1432A,SLD,87.0,188.40228762838817,-101.40228762838817
2021-03-13 09:00:00,1432A,SLD,98.0,189.04430097821233,-91.04430097821233
2021-03-13 10:00:00,1432A,SLD,106.0,189.73335385318617,-83.73335385318617
2021-03-13 11:00:00,1432A,SLD,102.0,190.125896179514,-88.125896179514
2021-03-13 12:00:00,1432A,SLD,92.0,189.07480177541132,-97.07480177541132
2021-03-13 13:00:00,1432A,SLD,88.0,188.14091486454709,-100.14091486454709
2021-03-13 14:00:00,1432A,SLD,83.0,188.15465593437236,-105.15465593437236
2021-03-13 15:00:00,1432A,SLD,83.0,187.57369500738696,-104.57369500738696
2021-03-13 16:00:00,1432A,SLD,77.0,186.72183607509456,-109.72183607509456
2021-03-13 17:00:00,1432A,SLD,66.0,186.88838453299894,-120.88838453299894
2021-03-13 18:00:00,1432A,SLD,68.0,186.36062488337748,-118.36062488337748
2021-03-13 19:00:00,1432A,SLD,92.0,187.405373254037,-95.40537325403699
2021-03-13 20:00:00,1432A,SLD,106.0,189.569736470633,-83.56973647063299
2021-03-13 21:00:00,1432A,SLD,115.0,190.2933944982834,-75.29339449828339
2021-03-13 22:00:00,1432A,SLD,116.0,189.06698980365564,-73.06698980365564
2021-03-13 23:00:00,1432A,SLD,130.0,188.5969444733179,-58.596944473317905
2021-03-14 00:00:00,1432A,SLD,132.0,188.69193402964288,-56.69193402964288
2021-03-14 01:00:00,1432A,SLD,135.0,189.80062779226316,-54.80062779226316
2021-03-14 02:00:00,1432A,SLD,143.0,190.60988530403273,-47.60988530403273
2021-03-14 03:00:00,1432A,SLD,148.0,190.23251151928386,-42.23251151928386
2021-03-14 04:00:00,1432A,SLD,153.0,189.413665686135,-36.413665686135005
2021-03-14 05:00:00,1432A,SLD,155.0,189.96896477161133,-34.968964771611326
2021-03-14 06:00:00,1432A,SLD,152.0,190.67005088196916,-38.67005088196916
2021-03-14 07:00:00,1432A,SLD,153.0,189.63756594318414,-36.63756594318414
2021-03-14 08:00:00,1432A,SLD,150.0,189.5284976850815,-39.528497685081504
2021-03-14 09:00:00,1432A,SLD,142.0,190.17051103490567,-48.17051103490567
2021-03-14 10:00:00,1432A,SLD,,190.8595639098795,
2021-03-14 11:00:00,1432A,SLD,,191.25210623620734,
2021-03-14 12:00:00,1432A,SLD,116.0,190.20101183210465,-74.20101183210465
2021-03-14 13:00:00,1432A,SLD,91.0,189.26712492124042,-98.26712492124042
2021-03-14 14:00:00,1432A,SLD,74.0,189.2808659910657,-115.2808659910657
2021-03-14 15:00:00,1432A,SLD,70.0,188.6999050640803,-118.6999050640803
2021-03-14 16:00:00,1432A,SLD,62.0,187.8480461317879,-125.8480461317879
2021-03-14 17:00:00,1432A,SLD,62.0,188.01459458969228,-126.01459458969228
2021-03-14 18:00:00,1432A,SLD,62.0,187.48683494007082,-125.48683494007082
2021-03-14 19:00:00,1432A,SLD,53.0,188.53158331073033,-135.53158331073033
2021-03-14 20:00:00,1432A,SLD,57.0,190.69594652732633,-133.69594652732633
2021-03-14 21:00:00,1432A,SLD,68.0,191.41960455497673,-123.41960455497673
2021-03-14 22:00:00,1432A,SLD,70.0,190.19319986034898,-120.19319986034898
2021-03-14 23:00:00,1432A,SLD,75.0,189.72315453001124,-114.72315453001124
2021-03-15 00:00:00,1432A,SLD,79.0,189.81814408633622,-110.81814408633622
2021-03-15 01:00:00,1432A,SLD,82.0,190.9268378489565,-108.9268378489565
2021-03-15 02:00:00,1432A,SLD,86.0,191.73609536072607,-105.73609536072607
2021-03-15 03:00:00,1432A,SLD,87.0,191.3587215759772,-104.3587215759772
2021-03-15 04:00:00,1432A,SLD,89.0,190.53987574282834,-101.53987574282834
2021-03-15 05:00:00,1432A,SLD,103.0,191.09517482830466,-88.09517482830466
2021-03-15 06:00:00,1432A,SLD,100.0,191.7962609386625,-91.7962609386625
2021-03-15 07:00:00,1432A,SLD,101.0,190.76377599987748,-89.76377599987748
2021-03-15 08:00:00,1432A,SLD,103.0,190.65470774177484,-87.65470774177484
2021-03-15 09:00:00,1432A,SLD,110.0,191.296721091599,-81.29672109159901
2021-03-15 10:00:00,1432A,SLD,116.0,191.98577396657285,-75.98577396657285
2021-03-15 11:00:00,1432A,SLD,112.0,192.37831629290068,-80.37831629290068
2021-03-15 12:00:00,1432A,SLD,92.0,191.327221888798,-99.327221888798
2021-03-15 13:00:00,1432A,SLD,68.0,190.39333497793376,-122.39333497793376
2021-03-15 14:00:00,1432A,SLD,55.0,190.40707604775903,-135.40707604775903
2021-03-15 15:00:00,1432A,SLD,48.0,189.82611512077364,-141.82611512077364
2021-03-15 16:00:00,1432A,SLD,48.0,188.97425618848123,-140.97425618848123
2021-03-15 17:00:00,1432A,SLD,46.0,189.14080464638562,-143.14080464638562
2021-03-15 18:00:00,1432A,SLD,42.0,188.61304499676416,-146.61304499676416
2021-03-15 19:00:00,1432A,SLD,44.0,189.65779336742366,-145.65779336742366
2021-03-15 20:00:00,1432A,SLD,49.0,191.82215658401967,-142.82215658401967
2021-03-15 21:00:00,1432A,SLD,52.0,192.54581461167007,-140.54581461167007
2021-03-15 22:00:00,1432A,SLD,62.0,191.31940991704232,-129.31940991704232
2021-03-15 23:00:00,1432A,SLD,71.0,190.84936458670458,-119.84936458670458
2021-03-16 00:00:00,1432A,SLD,73.0,190.94435414302956,-117.94435414302956
2021-03-16 01:00:00,1432A,SLD,74.0,192.05304790564983,-118.05304790564983
2021-03-16 02:00:00,1432A,SLD,74.0,192.8623054174194,-118.8623054174194
2021-03-16 03:00:00,1432A,SLD,78.0,192.48493163267054,-114.48493163267054
2021-03-16 04:00:00,1432A,SLD,82.0,191.66608579952168,-109.66608579952168
2021-03-16 05:00:00,1432A,SLD,80.0,192.221384884998,-112.221384884998
2021-03-16 06:00:00,1432A,SLD,91.0,192.92247099535584,-101.92247099535584
2021-03-16 07:00:00,1432A,SLD,99.0,191.88998605657082,-92.88998605657082
2021-03-16 08:00:00,1432A,SLD,120.0,191.78091779846818,-71.78091779846818
2021-03-16 09:00:00,1432A,SLD,130.0,192.42293114829235,-62.42293114829235
2021-03-16 10:00:00,1432A,SLD,129.0,193.1119840232662,-64.11198402326619
2021-03-16 11:00:00,1432A,SLD,,193.50452634959402,
2021-03-16 12:00:00,1432A,SLD,,192.45343194549133,
2021-03-16 13:00:00,1432A,SLD,,191.5195450346271,
2021-03-16 14:00:00,1432A,SLD,62.0,191.53328610445237,-129.53328610445237
2021-03-16 15:00:00,1432A,SLD,62.0,190.95232517746697,-128.95232517746697
2021-03-16 16:00:00,1432A,SLD,67.0,190.10046624517457,-123.10046624517457
2021-03-16 17:00:00,1432A,SLD,76.0,190.26701470307896,-114.26701470307896
2021-03-16 18:00:00,1432A,SLD,71.0,189.7392550534575,-118.7392550534575
2021-03-16 19:00:00,1432A,SLD,81.0,190.784003424117,-109.784003424117
2021-03-16 20:00:00,1432A,SLD,80.0,192.948366640713,-112.948366640713
2021-03-16 21:00:00,1432A,SLD,65.0,193.6720246683634,-128.6720246683634
2021-03-16 22:00:00,1432A,SLD,57.0,192.44561997373566,-135.44561997373566
2021-03-16 23:00:00,1432A,SLD,60.0,191.97557464339792,-131.97557464339792
2021-03-17 00:00:00,1432A,SLD,64.0,192.0705641997229,-128.0705641997229
2021-03-17 01:00:00,1432A,SLD,64.0,193.17925796234317,-129.17925796234317
2021-03-17 02:00:00,1432A,SLD,67.0,193.98851547411275,-126.98851547411275
2021-03-17 03:00:00,1432A,SLD,60.0,193.61114168936388,-133.61114168936388
2021-03-17 04:00:00,1432A,SLD,48.0,192.79229585621502,-144.79229585621502
2021-03-17 05:00:00,1432A,SLD,43.0,193.34759494169134,-150.34759494169134
2021-03-17 06:00:00,1432A,SLD,42.0,194.04868105204918,-152.04868105204918
2021-03-17 07:00:00,1432A,SLD,70.0,193.01619611326416,-123.01619611326416
2021-03-17 08:00:00,1432A,SLD,69.0,192.90712785516152,-123.90712785516152
2021-03-17 09:00:00,1432A,SLD,87.0,193.5491412049857,-106.54914120498569
2021-03-17 10:00:00,1432A,SLD,91.0,194.23819407995953,-103.23819407995953
2021-03-17 11:00:00,1432A,SLD,87.0,194.63073640628735,-107.63073640628735
2021-03-17 12:00:00,1432A,SLD,75.0,193.57964200218467,-118.57964200218467
2021-03-17 13:00:00,1432A,SLD,78.0,192.64575509132044,-114.64575509132044
2021-03-17 14:00:00,1432A,SLD,88.0,192.6594961611457,-104.65949616114571
2021-03-17 15:00:00,1432A,SLD,80.0,192.0785352341603,-112.07853523416031
2021-03-17 16:00:00,1432A,SLD,71.0,191.2266763018679,-120.22667630186791
2021-03-17 17:00:00,1432A,SLD,72.0,191.3932247597723,-119.3932247597723
2021-03-17 18:00:00,1432A,SLD,67.0,190.86546511015084,-123.86546511015084
2021-03-17 19:00:00,1432A,SLD,62.0,191.91021348081034,-129.91021348081034
2021-03-17 20:00:00,1432A,SLD,54.0,194.07457669740634,-140.07457669740634
2021-03-17 21:00:00,1432A,SLD,45.0,194.79823472505674,-149.79823472505674
2021-03-17 22:00:00,1432A,SLD,39.0,193.571830030429,-154.571830030429
2021-03-17 23:00:00,1432A,SLD,33.0,193.10178470009126,-160.10178470009126
2021-03-18 00:00:00,1432A,SLD,,193.19677425641623,
2021-03-18 01:00:00,1432A,SLD,,194.3054680190365,
2021-03-18 02:00:00,1432A,SLD,,195.11472553080608,
2021-03-18 03:00:00,1432A,SLD,,194.73735174605721,
2021-03-18 04:00:00,1432A,SLD,,193.91850591290836,
2021-03-18 05:00:00,1432A,SLD,,194.47380499838468,
2021-03-18 06:00:00,1432A,SLD,,195.17489110874251,
2021-03-18 07:00:00,1432A,SLD,,194.1424061699575,
2021-03-18 08:00:00,1432A,SLD,,194.03333791185486,
2021-03-18 09:00:00,1432A,SLD,,194.67535126167903,
2021-03-18 10:00:00,1432A,SLD,,195.36440413665287,
2021-03-18 11:00:00,1432A,SLD,,195.7569464629807,
2021-03-18 12:00:00,1432A,SLD,,194.705852058878,
2021-03-18 13:00:00,1432A,SLD,16.0,193.77196514801378,-177.77196514801378
2021-03-18 14:00:00,1432A,SLD,30.0,193.78570621783905,-163.78570621783905
2021-03-18 15:00:00,1432A,SLD,24.0,193.20474529085365,-169.20474529085365
2021-03-18 16:00:00,1432A,SLD,32.0,192.35288635856125,-160.35288635856125
2021-03-18 17:00:00,1432A,SLD,32.0,192.51943481646563,-160.51943481646563
2021-03-18 18:00:00,1432A,SLD,29.0,191.99167516684417,-162.99167516684417
2021-03-18 19:00:00,1432A,SLD,27.0,193.03642353750368,-166.03642353750368
2021-03-18 20:00:00,1432A,SLD,28.0,195.20078675409968,-167.20078675409968
2021-03-18 21:00:00,1432A,SLD,36.0,195.92444478175008,-159.92444478175008
2021-03-18 22:00:00,1432A,SLD,,194.69804008712234,
2021-03-18 23:00:00,1432A,SLD,,194.2279947567846,
2021-03-19 00:00:00,1432A,SLD,,194.32298431310957,
2021-03-19 01:00:00,1432A,SLD,,195.43167807572985,
2021-03-19 02:00:00,1432A,SLD,40.0,196.24093558749942,-156.24093558749942
2021-03-19 03:00:00,1432A,SLD,34.0,195.86356180275055,-161.86356180275055
2021-03-19 04:00:00,1432A,SLD,32.0,195.0447159696017,-163.0447159696017
2021-03-19 05:00:00,1432A,SLD,30.0,195.60001505507802,-165.60001505507802
2021-03-19 06:00:00,1432A,SLD,24.0,196.30110116543585,-172.30110116543585
2021-03-19 07:00:00,1432A,SLD,19.0,195.26861622665083,-176.26861622665083
2021-03-19 08:00:00,1432A,SLD,26.0,195.1595479685482,-169.1595479685482
2021-03-19 09:00:00,1432A,SLD,32.0,195.80156131837236,-163.80156131837236
2021-03-19 10:00:00,1432A,SLD,28.0,196.4906141933462,-168.4906141933462
2021-03-19 11:00:00,1432A,SLD,28.0,196.88315651967403,-168.88315651967403
2021-03-19 12:00:00,1432A,SLD,30.0,195.83206211557135,-165.83206211557135
2021-03-19 13:00:00,1432A,SLD,24.0,194.89817520470712,-170.89817520470712
2021-03-19 14:00:00,1432A,SLD,14.0,194.9119162745324,-180.9119162745324
2021-03-19 15:00:00,1432A,SLD,13.0,194.330955347547,-181.330955347547
2021-03-19 16:00:00,1432A,SLD,11.0,193.4790964152546,-182.4790964152546
2021-03-19 17:00:00,1432A,SLD,11.0,193.64564487315897,-182.64564487315897
2021-03-19 18:00:00,1432A,SLD,12.0,193.1178852235375,-181.1178852235375
2021-03-19 19:00:00,1432A,SLD,12.0,194.16263359419702,-182.16263359419702
2021-03-19 20:00:00,1432A,SLD,15.0,196.32699681079302,-181.32699681079302
2021-03-19 21:00:00,1432A,SLD,21.0,197.05065483844342,-176.05065483844342
2021-03-19 22:00:00,1432A,SLD,28.0,195.82425014381568,-167.82425014381568
2021-03-19 23:00:00,1432A,SLD,38.0,195.35420481347793,-157.35420481347793
2021-03-20 00:00:00,1432A,SLD,57.0,195.4491943698029,-138.4491943698029
2021-03-20 01:00:00,1432A,SLD,53.0,196.5578881324232,-143.5578881324232
2021-03-20 02:00:00,1432A,SLD,64.0,197.36714564419276,-133.36714564419276
2021-03-20 03:00:00,1432A,SLD,86.0,196.9897718594439,-110.98977185944389
2021-03-20 04:00:00,1432A,SLD,90.0,196.17092602629504,-106.17092602629504
2021-03-20 05:00:00,1432A,SLD,92.0,196.72622511177136,-104.72622511177136
2021-03-20 06:00:00,1432A,SLD,101.0,197.4273112221292,-96.42731122212919
2021-03-20 07:00:00,1432A,SLD,103.0,196.39482628334417,-93.39482628334417
2021-03-20 08:00:00,1432A,SLD,105.0,196.28575802524153,-91.28575802524153
2021-03-20 09:00:00,1432A,SLD,98.0,196.9277713750657,-98.9277713750657
2021-03-20 10:00:00,1432A,SLD,92.0,197.61682425003954,-105.61682425003954
2021-03-20 11:00:00,1432A,SLD,85.0,198.00936657636737,-113.00936657636737
2021-03-20 12:00:00,1432A,SLD,,196.95827217226469,
2021-03-20 13:00:00,1432A,SLD,,196.02438526140045,
2021-03-20 14:00:00,1432A,SLD,66.0,196.03812633122573,-130.03812633122573
2021-03-20 15:00:00,1432A,SLD,68.0,195.45716540424033,-127.45716540424033
2021-03-20 16:00:00,1432A,SLD,70.0,194.60530647194793,-124.60530647194793
2021-03-20 17:00:00,1432A,SLD,65.0,194.7718549298523,-129.7718549298523
2021-03-20 18:00:00,1432A,SLD,65.0,194.24409528023085,-129.24409528023085
2021-03-20 19:00:00,1432A,SLD,66.0,195.28884365089036,-129.28884365089036
2021-03-20 20:00:00,1432A,SLD,67.0,197.45320686748636,-130.45320686748636
2021-03-20 21:00:00,1432A,SLD,66.0,198.17686489513676,-132.17686489513676
2021-03-20 22:00:00,1432A,SLD,60.0,196.950460200509,-136.950460200509
2021-03-20 23:00:00,1432A,SLD,55.0,196.48041487017127,-141.48041487017127
2021-03-21 00:00:00,1432A,SLD,57.0,196.57540442649625,-139.57540442649625
2021-03-21 01:00:00,1432A,SLD,64.0,197.68409818911653,-133.68409818911653
2021-03-21 02:00:00,1432A,SLD,62.0,198.4933557008861,-136.4933557008861
2021-03-21 03:00:00,1432A,SLD,64.0,198.11598191613723,-134.11598191613723
2021-03-21 04:00:00,1432A,SLD,57.0,197.29713608298837,-140.29713608298837
2021-03-21 05:00:00,1432A,SLD,51.0,197.8524351684647,-146.8524351684647
2021-03-21 06:00:00,1432A,SLD,53.0,198.55352127882253,-145.55352127882253
2021-03-21 07:00:00,1432A,SLD,50.0,197.5210363400375,-147.5210363400375
2021-03-21 08:00:00,1432A,SLD,44.0,197.41196808193487,-153.41196808193487
2021-03-21 09:00:00,1432A,SLD,44.0,198.05398143175904,-154.05398143175904
2021-03-21 10:00:00,1432A,SLD,52.0,198.74303430673288,-146.74303430673288
2021-03-21 11:00:00,1432A,SLD,57.0,199.1355766330607,-142.1355766330607
2021-03-21 12:00:00,1432A,SLD,60.0,198.08448222895802,-138.08448222895802
2021-03-21 13:00:00,1432A,SLD,65.0,197.1505953180938,-132.1505953180938
2021-03-21 14:00:00,1432A,SLD,61.0,197.16433638791906,-136.16433638791906
2021-03-21 15:00:00,1432A,SLD,59.0,196.58337546093367,-137.58337546093367
2021-03-21 16:00:00,1432A,SLD,56.0,195.73151652864127,-139.73151652864127
2021-03-21 17:00:00,1432A,SLD,53.0,195.89806498654565,-142.89806498654565
2021-03-21 18:00:00,1432A,SLD,48.0,195.3703053369242,-147.3703053369242
2021-03-21 19:00:00,1432A,SLD,44.0,196.4150537075837,-152.4150537075837
2021-03-21 20:00:00,1432A,SLD,46.0,198.5794169241797,-152.5794169241797
2021-03-21 21:00:00,1432A,SLD,52.0,199.3030749518301,-147.3030749518301
2021-03-21 22:00:00,1432A,SLD,48.0,198.07667025720235,-150.07667025720235
2021-03-21 23:00:00,1432A,SLD,43.0,197.6066249268646,-154.6066249268646
2021-03-22 00:00:00,1432A,SLD,44.0,197.7016144831896,-153.7016144831896
2021-03-22 01:00:00,1432A,SLD,44.0,198.81030824580986,-154.81030824580986
2021-03-22 02:00:00,1432A,SLD,44.0,199.61956575757944,-155.61956575757944
2021-03-22 03:00:00,1432A,SLD,42.0,199.24219197283057,-157.24219197283057
2021-03-22 04:00:00,1432A,SLD,42.0,198.4233461396817,-156.4233461396817
2021-03-22 05:00:00,1432A,SLD,42.0,198.97864522515803,-156.97864522515803
2021-03-22 06:00:00,1432A,SLD,46.0,199.67973133551587,-153.67973133551587
2021-03-22 07:00:00,1432A,SLD,49.0,198.64724639673085,-149.64724639673085
2021-03-22 08:00:00,1432A,SLD,48.0,198.5381781386282,-150.5381781386282
2021-03-22 09:00:00,1432A,SLD,53.0,199.18019148845238,-146.18019148845238
2021-03-22 10:00:00,1432A,SLD,57.0,199.86924436342622,-142.86924436342622
2021-03-22 11:00:00,1432A,SLD,56.0,200.26178668975405,-144.26178668975405
2021-03-22 12:00:00,1432A,SLD,52.0,199.21069228565136,-147.21069228565136
2021-03-22 13:00:00,1432A,SLD,61.0,198.27680537478713,-137.27680537478713
2021-03-22 14:00:00,1432A,SLD,50.0,198.2905464446124,-148.2905464446124
2021-03-22 15:00:00,1432A,SLD,51.0,197.709585517627,-146.709585517627
2021-03-22 16:00:00,1432A,SLD,49.0,196.8577265853346,-147.8577265853346
2021-03-22 17:00:00,1432A,SLD,46.0,197.024275043239,-151.024275043239
2021-03-22 18:00:00,1432A,SLD,44.0,196.49651539361753,-152.49651539361753
2021-03-22 19:00:00,1432A,SLD,67.0,197.54126376427703,-130.54126376427703
2021-03-22 20:00:00,1432A,SLD,56.0,199.70562698087303,-143.70562698087303
2021-03-22 21:00:00,1432A,SLD,46.0,200.42928500852344,-154.42928500852344
2021-03-22 22:00:00,1432A,SLD,39.0,199.2028803138957,-160.2028803138957
2021-03-22 23:00:00,1432A,SLD,44.0,198.73283498355795,-154.73283498355795
2021-03-23 00:00:00,1432A,SLD,41.0,198.82782453988293,-157.82782453988293
2021-03-23 01:00:00,1432A,SLD,39.0,199.9365183025032,-160.9365183025032
2021-03-23 02:00:00,1432A,SLD,35.0,200.74577581427278,-165.74577581427278
2021-03-23 03:00:00,1432A,SLD,34.0,200.3684020295239,-166.3684020295239
2021-03-23 04:00:00,1432A,SLD,33.0,199.54955619637505,-166.54955619637505
2021-03-23 05:00:00,1432A,SLD,35.0,200.10485528185137,-165.10485528185137
2021-03-23 06:00:00,1432A,SLD,36.0,200.8059413922092,-164.8059413922092
2021-03-23 07:00:00,1432A,SLD,37.0,199.7734564534242,-162.7734564534242
2021-03-23 08:00:00,1432A,SLD,39.0,199.66438819532155,-160.66438819532155
2021-03-23 09:00:00,1432A,SLD,42.0,200.30640154514572,-158.30640154514572
2021-03-23 10:00:00,1432A,SLD,50.0,200.99545442011956,-150.99545442011956
2021-03-23 11:00:00,1432A,SLD,54.0,201.38799674644739,-147.38799674644739
2021-03-23 12:00:00,1432A,SLD,56.0,200.3369023423447,-144.3369023423447
2021-03-23 13:00:00,1432A,SLD,54.0,199.40301543148047,-145.40301543148047
2021-03-23 14:00:00,1432A,SLD,52.0,199.41675650130574,-147.41675650130574
2021-03-23 15:00:00,1432A,SLD,51.0,198.83579557432034,-147.83579557432034
2021-03-23 16:00:00,1432A,SLD,50.0,197.98393664202794,-147.98393664202794
2021-03-23 17:00:00,1432A,SLD,52.0,198.15048509993233,-146.15048509993233
2021-03-23 18:00:00,1432A,SLD,50.0,197.62272545031087,-147.62272545031087
2021-03-23 19:00:00,1432A,SLD,,198.66747382097037,
2021-03-23 20:00:00,1432A,SLD,52.0,200.83183703756637,-148.83183703756637
2021-03-23 21:00:00,1432A,SLD,58.0,201.55549506521677,-143.55549506521677
2021-03-23 22:00:00,1432A,SLD,55.0,200.32909037058903,-145.32909037058903
2021-03-23 23:00:00,1432A,SLD,43.0,199.8590450402513,-156.8590450402513
2021-03-24 00:00:00,1432A,SLD,36.0,199.95403459657626,-163.95403459657626
2021-03-24 01:00:00,1432A,SLD,34.0,201.06272835919654,-167.06272835919654
2021-03-24 02:00:00,1432A,SLD,34.0,201.8719858709661,-167.8719858709661
2021-03-24 03:00:00,1432A,SLD,35.0,201.49461208621724,-166.49461208621724
2021-03-24 04:00:00,1432A,SLD,38.0,200.6757662530684,-162.6757662530684
2021-03-24 05:00:00,1432A,SLD,38.0,201.2310653385447,-163.2310653385447
2021-03-24 06:00:00,1432A,SLD,41.0,201.93215144890254,-160.93215144890254
2021-03-24 07:00:00,1432A,SLD,45.0,200.89966651011753,-155.89966651011753
2021-03-24 08:00:00,1432A,SLD,48.0,200.7905982520149,-152.7905982520149
2021-03-24 09:00:00,1432A,SLD,54.0,201.43261160183906,-147.43261160183906
2021-03-24 10:00:00,1432A,SLD,50.0,202.1216644768129,-152.1216644768129
2021-03-24 11:00:00,1432A,SLD,46.0,202.51420680314072,-156.51420680314072
2021-03-24 12:00:00,1432A,SLD,51.0,201.46311239903804,-150.46311239903804
2021-03-24 13:00:00,1432A,SLD,52.0,200.5292254881738,-148.5292254881738
2021-03-24 14:00:00,1432A,SLD,54.0,200.54296655799908,-146.54296655799908
2021-03-24 15:00:00,1432A,SLD,59.0,199.96200563101368,-140.96200563101368
2021-03-24 16:00:00,1432A,SLD,60.0,199.11014669872128,-139.11014669872128
2021-03-24 17:00:00,1432A,SLD,51.0,199.27669515662566,-148.27669515662566
2021-03-24 18:00:00,1432A,SLD,46.0,198.7489355070042,-152.7489355070042
2021-03-24 19:00:00,1432A,SLD,45.0,199.7936838776637,-154.7936838776637
2021-03-24 20:00:00,1432A,SLD,46.0,201.9580470942597,-155.9580470942597
2021-03-24 21:00:00,1432A,SLD,46.0,202.6817051219101,-156.6817051219101
2021-03-24 22:00:00,1432A,SLD,50.0,201.45530042728237,-151.45530042728237
2021-03-24 23:00:00,1432A,SLD,49.0,200.98525509694463,-151.98525509694463
2021-03-25 00:00:00,1432A,SLD,48.0,201.0802446532696,-153.0802446532696
2021-03-25 01:00:00,1432A,SLD,50.0,202.18893841588988,-152.18893841588988
2021-03-25 02:00:00,1432A,SLD,51.0,202.99819592765945,-151.99819592765945
2021-03-25 03:00:00,1432A,SLD,52.0,202.62082214291058,-150.62082214291058
2021-03-25 04:00:00,1432A,SLD,58.0,201.80197630976173,-143.80197630976173
2021-03-25 05:00:00,1432A,SLD,82.0,202.35727539523805,-120.35727539523805
2021-03-25 06:00:00,1432A,SLD,85.0,203.05836150559588,-118.05836150559588
2021-03-25 07:00:00,1432A,SLD,87.0,202.02587656681087,-115.02587656681087
2021-03-25 08:00:00,1432A,SLD,92.0,201.91680830870823,-109.91680830870823
2021-03-25 09:00:00,1432A,SLD,90.0,202.5588216585324,-112.5588216585324
2021-03-25 10:00:00,1432A,SLD,91.0,203.24787453350623,-112.24787453350623
2021-03-25 11:00:00,1432A,SLD,95.0,203.64041685983406,-108.64041685983406
2021-03-25 12:00:00,1432A,SLD,99.0,202.58932245573138,-103.58932245573138
2021-03-25 13:00:00,1432A,SLD,102.0,201.65543554486715,-99.65543554486715
2021-03-25 14:00:00,1432A,SLD,99.0,201.66917661469242,-102.66917661469242
2021-03-25 15:00:00,1432A,SLD,102.0,201.08821568770702,-99.08821568770702
2021-03-25 16:00:00,1432A,SLD,101.0,200.23635675541462,-99.23635675541462
2021-03-25 17:00:00,1432A,SLD,109.0,200.402905213319,-91.402905213319
2021-03-25 18:00:00,1432A,SLD,105.0,199.87514556369754,-94.87514556369754
2021-03-25 19:00:00,1432A,SLD,108.0,200.91989393435705,-92.91989393435705
2021-03-25 20:00:00,1432A,SLD,94.0,203.08425715095305,-109.08425715095305
2021-03-25 21:00:00,1432A,SLD,79.0,203.80791517860345,-124.80791517860345
2021-03-25 22:00:00,1432A,SLD,80.0,202.5815104839757,-122.5815104839757
2021-03-25 23:00:00,1432A,SLD,77.0,202.11146515363797,-125.11146515363797
2021-03-26 00:00:00,1432A,SLD,70.0,202.20645470996294,-132.20645470996294
2021-03-26 01:00:00,1432A,SLD,66.0,203.31514847258322,-137.31514847258322
2021-03-26 02:00:00,1432A,SLD,61.0,204.1244059843528,-143.1244059843528
2021-03-26 03:00:00,1432A,SLD,53.0,203.74703219960392,-150.74703219960392
2021-03-26 04:00:00,1432A,SLD,48.0,202.92818636645507,-154.92818636645507
2021-03-26 05:00:00,1432A,SLD,46.0,203.4834854519314,-157.4834854519314
2021-03-26 06:00:00,1432A,SLD,44.0,204.18457156228922,-160.18457156228922
2021-03-26 07:00:00,1432A,SLD,40.0,203.1520866235042,-163.1520866235042
2021-03-26 08:00:00,1432A,SLD,36.0,203.04301836540157,-167.04301836540157
2021-03-26 09:00:00,1432A,SLD,31.0,203.68503171522573,-172.68503171522573
2021-03-26 10:00:00,1432A,SLD,28.0,204.37408459019957,-176.37408459019957
2021-03-26 11:00:00,1432A,SLD,28.0,204.7666269165274,-176.7666269165274
2021-03-26 12:00:00,1432A,SLD,30.0,203.71553251242472,-173.71553251242472
2021-03-26 13:00:00,1432A,SLD,34.0,202.78164560156048,-168.78164560156048
2021-03-26 14:00:00,1432A,SLD,38.0,202.79538667138576,-164.79538667138576
2021-03-26 15:00:00,1432A,SLD,35.0,202.21442574440036,-167.21442574440036
2021-03-26 16:00:00,1432A,SLD,32.0,201.36256681210796,-169.36256681210796
2021-03-26 17:00:00,1432A,SLD,30.0,201.52911527001234,-171.52911527001234
2021-03-26 18:00:00,1432A,SLD,31.0,201.00135562039088,-170.00135562039088
2021-03-26 19:00:00,1432A,SLD,27.0,202.0461039910504,-175.0461039910504
2021-03-26 20:00:00,1432A,SLD,19.0,204.2104672076464,-185.2104672076464
2021-03-26 21:00:00,1432A,SLD,16.0,204.9341252352968,-188.9341252352968
2021-03-26 22:00:00,1432A,SLD,21.0,203.70772054066904,-182.70772054066904
2021-03-26 23:00:00,1432A,SLD,25.0,203.2376752103313,-178.2376752103313
2021-03-27 00:00:00,1432A,SLD,28.0,203.33266476665628,-175.33266476665628
2021-03-27 01:00:00,1432A,SLD,33.0,204.44135852927656,-171.44135852927656
2021-03-27 02:00:00,1432A,SLD,37.0,205.25061604104613,-168.25061604104613
2021-03-27 03:00:00,1432A,SLD,38.0,204.87324225629726,-166.87324225629726
2021-03-27 04:00:00,1432A,SLD,40.0,204.0543964231484,-164.0543964231484
2021-03-27 05:00:00,1432A,SLD,41.0,204.60969550862472,-163.60969550862472
2021-03-27 06:00:00,1432A,SLD,42.0,205.31078161898256,-163.31078161898256
2021-03-27 07:00:00,1432A,SLD,44.0,204.27829668019754,-160.27829668019754
2021-03-27 08:00:00,1432A,SLD,48.0,204.1692284220949,-156.1692284220949
2021-03-27 09:00:00,1432A,SLD,53.0,204.81124177191907,-151.81124177191907
2021-03-27 10:00:00,1432A,SLD,53.0,205.5002946468929,-152.5002946468929
2021-03-27 11:00:00,1432A,SLD,50.0,205.89283697322074,-155.89283697322074
2021-03-27 12:00:00,1432A,SLD,36.0,204.84174256911805,-168.84174256911805
2021-03-27 13:00:00,1432A,SLD,30.0,203.90785565825382,-173.90785565825382
2021-03-27 14:00:00,1432A,SLD,31.0,203.9215967280791,-172.9215967280791
2021-03-27 15:00:00,1432A,SLD,36.0,203.3406358010937,-167.3406358010937
2021-03-27 16:00:00,1432A,SLD,33.0,202.4887768688013,-169.4887768688013
2021-03-27 17:00:00,1432A,SLD,32.0,202.65532532670568,-170.65532532670568
2021-03-27 18:00:00,1432A,SLD,33.0,202.12756567708422,-169.12756567708422
2021-03-27 19:00:00,1432A,SLD,37.0,203.17231404774373,-166.17231404774373
2021-03-27 20:00:00,1432A,SLD,34.0,205.33667726433973,-171.33667726433973
2021-03-27 21:00:00,1432A,SLD,37.0,206.06033529199013,-169.06033529199013
2021-03-27 22:00:00,1432A,SLD,49.0,204.83393059736238,-155.83393059736238
2021-03-27 23:00:00,1432A,SLD,45.0,204.36388526702464,-159.36388526702464
2021-03-28 00:00:00,1432A,SLD,46.0,204.45887482334962,-158.45887482334962
2021-03-28 01:00:00,1432A,SLD,47.0,205.5675685859699,-158.5675685859699
2021-03-28 02:00:00,1432A,SLD,50.0,206.37682609773947,-156.37682609773947
2021-03-28 03:00:00,1432A,SLD,51.0,205.9994523129906,-154.9994523129906
2021-03-28 04:00:00,1432A,SLD,53.0,205.18060647984174,-152.18060647984174
2021-03-28 05:00:00,1432A,SLD,62.0,205.73590556531806,-143.73590556531806
2021-03-28 06:00:00,1432A,SLD,58.0,206.4369916756759,-148.4369916756759
2021-03-28 07:00:00,1432A,SLD,57.0,205.40450673689088,-148.40450673689088
2021-03-28 08:00:00,1432A,SLD,64.0,205.29543847878824,-141.29543847878824
2021-03-28 09:00:00,1432A,SLD,72.0,205.9374518286124,-133.9374518286124
2021-03-28 10:00:00,1432A,SLD,70.0,206.62650470358625,-136.62650470358625
2021-03-28 11:00:00,1432A,SLD,61.0,207.01904702991408,-146.01904702991408
2021-03-28 12:00:00,1432A,SLD,55.0,205.9679526258114,-150.9679526258114
2021-03-28 13:00:00,1432A,SLD,53.0,205.03406571494716,-152.03406571494716
2021-03-28 14:00:00,1432A,SLD,58.0,205.04780678477243,-147.04780678477243
2021-03-28 15:00:00,1432A,SLD,53.0,204.46684585778704,-151.46684585778704
2021-03-28 16:00:00,1432A,SLD,47.0,203.61498692549463,-156.61498692549463
2021-03-28 17:00:00,1432A,SLD,48.0,203.78153538339902,-155.78153538339902
2021-03-28 18:00:00,1432A,SLD,47.0,203.25377573377756,-156.25377573377756
2021-03-28 19:00:00,1432A,SLD,47.0,204.29852410443706,-157.29852410443706
2021-03-28 20:00:00,1432A,SLD,50.0,206.46288732103307,-156.46288732103307
2021-03-28 21:00:00,1432A,SLD,58.0,207.18654534868347,-149.18654534868347
2021-03-28 22:00:00,1432A,SLD,70.0,205.96014065405572,-135.96014065405572
2021-03-28 23:00:00,1432A,SLD,56.0,205.49009532371798,-149.49009532371798
2021-03-29 00:00:00,1432A,SLD,58.0,205.58508488004296,-147.58508488004296
2021-03-29 01:00:00,1432A,SLD,62.0,206.69377864266323,-144.69377864266323
2021-03-29 02:00:00,1432A,SLD,75.0,207.5030361544328,-132.5030361544328
2021-03-29 03:00:00,1432A,SLD,106.0,207.12566236968394,-101.12566236968394
2021-03-29 04:00:00,1432A,SLD,91.0,206.30681653653508,-115.30681653653508
2021-03-29 05:00:00,1432A,SLD,88.0,206.8621156220114,-118.8621156220114
2021-03-29 06:00:00,1432A,SLD,86.0,207.56320173236924,-121.56320173236924
2021-03-29 07:00:00,1432A,SLD,86.0,206.53071679358422,-120.53071679358422
2021-03-29 08:00:00,1432A,SLD,87.0,206.42164853548158,-119.42164853548158
2021-03-29 09:00:00,1432A,SLD,99.0,207.06366188530575,-108.06366188530575
2021-03-29 10:00:00,1432A,SLD,90.0,207.7527147602796,-117.75271476027959
2021-03-29 11:00:00,1432A,SLD,77.0,208.14525708660742,-131.14525708660742
2021-03-29 12:00:00,1432A,SLD,64.0,207.09416268250473,-143.09416268250473
2021-03-29 13:00:00,1432A,SLD,51.0,206.1602757716405,-155.1602757716405
2021-03-29 14:00:00,1432A,SLD,49.0,206.17401684146577,-157.17401684146577
2021-03-29 15:00:00,1432A,SLD,54.0,205.59305591448037,-151.59305591448037
2021-03-29 16:00:00,1432A,SLD,54.0,204.74119698218797,-150.74119698218797
2021-03-29 17:00:00,1432A,SLD,61.0,204.90774544009236,-143.90774544009236
2021-03-29 18:00:00,1432A,SLD,56.0,204.3799857904709,-148.3799857904709
2021-03-29 19:00:00,1432A,SLD,58.0,205.4247341611304,-147.4247341611304
2021-03-29 20:00:00,1432A,SLD,58.0,207.5890973777264,-149.5890973777264
2021-03-29 21:00:00,1432A,SLD,74.0,208.3127554053768,-134.3127554053768
2021-03-29 22:00:00,1432A,SLD,80.0,207.08635071074906,-127.08635071074906
2021-03-29 23:00:00,1432A,SLD,90.0,206.61630538041132,-116.61630538041132
2021-03-30 00:00:00,1432A,SLD,90.0,206.7112949367363,-116.7112949367363
2021-03-30 01:00:00,1432A,SLD,90.0,207.81998869935657,-117.81998869935657
2021-03-30 02:00:00,1432A,SLD,92.0,208.62924621112614,-116.62924621112614
2021-03-30 03:00:00,1432A,SLD,88.0,208.25187242637728,-120.25187242637728
2021-03-30 04:00:00,1432A,SLD,89.0,207.43302659322842,-118.43302659322842
2021-03-30 05:00:00,1432A,SLD,90.0,207.98832567870474,-117.98832567870474
2021-03-30 06:00:00,1432A,SLD,90.0,208.68941178906258,-118.68941178906258
2021-03-30 07:00:00,1432A,SLD,88.0,207.65692685027756,-119.65692685027756
2021-03-30 08:00:00,1432A,SLD,94.0,207.54785859217492,-113.54785859217492
2021-03-30 09:00:00,1432A,SLD,107.0,208.1898719419991,-101.18987194199909
2021-03-30 10:00:00,1432A,SLD,103.0,208.87892481697293,-105.87892481697293
2021-03-30 11:00:00,1432A,SLD,92.0,209.27146714330075,-117.27146714330075
2021-03-30 12:00:00,1432A,SLD,90.0,208.22037273919807,-118.22037273919807
2021-03-30 13:00:00,1432A,SLD,92.0,207.28648582833384,-115.28648582833384
2021-03-30 14:00:00,1432A,SLD,71.0,207.3002268981591,-136.3002268981591
2021-03-30 15:00:00,1432A,SLD,74.0,206.7192659711737,-132.7192659711737
2021-03-30 16:00:00,1432A,SLD,56.0,205.8674070388813,-149.8674070388813
2021-03-30 17:00:00,1432A,SLD,61.0,206.0339554967857,-145.0339554967857
2021-03-30 18:00:00,1432A,SLD,61.0,205.50619584716424,-144.50619584716424
2021-03-30 19:00:00,1432A,SLD,59.0,206.55094421782374,-147.55094421782374
2021-03-30 20:00:00,1432A,SLD,74.0,208.71530743441974,-134.71530743441974
2021-03-30 21:00:00,1432A,SLD,76.0,209.43896546207014,-133.43896546207014
2021-03-30 22:00:00,1432A,SLD,49.0,208.2125607674424,-159.2125607674424
2021-03-30 23:00:00,1432A,SLD,32.0,207.74251543710466,-175.74251543710466
2021-03-31 00:00:00,1432A,SLD,50.0,207.83750499342963,-157.83750499342963
2021-03-31 01:00:00,1432A,SLD,65.0,208.9461987560499,-143.9461987560499
2021-03-31 02:00:00,1432A,SLD,52.0,209.75545626781948,-157.75545626781948
2021-03-31 03:00:00,1432A,SLD,45.0,209.3780824830706,-164.3780824830706
2021-03-31 04:00:00,1432A,SLD,38.0,208.55923664992176,-170.55923664992176
2021-03-31 05:00:00,1432A,SLD,31.0,209.11453573539808,-178.11453573539808
2021-03-31 06:00:00,1432A,SLD,34.0,209.8156218457559,-175.8156218457559
2021-03-31 07:00:00,1432A,SLD,36.0,208.7831369069709,-172.7831369069709
2021-03-31 08:00:00,1432A,SLD,41.0,208.67406864886826,-167.67406864886826
2021-03-31 09:00:00,1432A,SLD,41.0,209.31608199869243,-168.31608199869243
2021-03-31 10:00:00,1432A,SLD,37.0,210.00513487366626,-173.00513487366626
2021-03-31 11:00:00,1432A,SLD,22.0,210.3976771999941,-188.3976771999941
2021-03-31 12:00:00,1432A,SLD,17.0,209.3465827958914,-192.3465827958914
2021-03-31 13:00:00,1432A,SLD,16.0,208.41269588502718,-192.41269588502718
2021-03-31 14:00:00,1432A,SLD,15.0,208.42643695485245,-193.42643695485245
2021-03-31 15:00:00,1432A,SLD,13.0,207.84547602786705,-194.84547602786705
2021-03-31 16:00:00,1432A,SLD,12.0,206.99361709557465,-194.99361709557465
2021-03-31 17:00:00,1432A,SLD,11.0,207.16016555347903,-196.16016555347903
2021-03-31 18:00:00,1432A,SLD,11.0,206.63240590385757,-195.63240590385757
2021-03-31 19:00:00,1432A,SLD,9.0,207.67715427451708,-198.67715427451708
2021-03-31 20:00:00,1432A,SLD,9.0,209.84151749111308,-200.84151749111308
2021-03-31 21:00:00,1432A,SLD,10.0,210.56517551876348,-200.56517551876348
2021-03-31 22:00:00,1432A,SLD,8.0,209.33877082413574,-201.33877082413574
2021-03-31 23:00:00,1432A,SLD,6.0,208.868725493798,-202.868725493798
2021-04-01 00:00:00,1432A,SLD,8.0,208.96371505012297,-200.96371505012297
2021-04-01 01:00:00,1432A,SLD,8.0,210.07240881274325,-202.07240881274325
2021-04-01 02:00:00,1432A,SLD,8.0,210.88166632451282,-202.88166632451282
2021-04-01 03:00:00,1432A,SLD,7.0,210.50429253976395,-203.50429253976395
2021-04-01 04:00:00,1432A,SLD,5.0,209.6854467066151,-204.6854467066151
2021-04-01 05:00:00,1432A,SLD,6.0,210.24074579209142,-204.24074579209142
2021-04-01 06:00:00,1432A,SLD,4.0,210.94183190244925,-206.94183190244925
2021-04-01 07:00:00,1432A,SLD,4.0,209.90934696366423,-205.90934696366423
2021-04-01 08:00:00,1432A,SLD,5.0,209.8002787055616,-204.8002787055616
2021-04-01 09:00:00,1432A,SLD,8.0,210.44229205538576,-202.44229205538576
2021-04-01 10:00:00,1432A,SLD,8.0,211.1313449303596,-203.1313449303596
2021-04-01 11:00:00,1432A,SLD,6.0,211.52388725668743,-205.52388725668743
2021-04-01 12:00:00,1432A,SLD,8.0,210.47279285258475,-202.47279285258475
2021-04-01 13:00:00,1432A,SLD,9.0,209.53890594172051,-200.53890594172051
2021-04-01 14:00:00,1432A,SLD,9.0,209.5526470115458,-200.5526470115458
2021-04-01 15:00:00,1432A,SLD,9.0,208.9716860845604,-199.9716860845604
2021-04-01 16:00:00,1432A,SLD,8.0,208.119827152268,-200.119827152268
2021-04-01 17:00:00,1432A,SLD,7.0,208.28637561017237,-201.28637561017237
2021-04-01 18:00:00,1432A,SLD,9.0,207.7586159605509,-198.7586159605509
2021-04-01 19:00:00,1432A,SLD,11.0,208.80336433121042,-197.80336433121042
2021-04-01 20:00:00,1432A,SLD,14.0,210.96772754780642,-196.96772754780642
2021-04-01 21:00:00,1432A,SLD,25.0,211.69138557545682,-186.69138557545682
2021-04-01 22:00:00,1432A,SLD,29.0,210.46498088082907,-181.46498088082907
2021-04-01 23:00:00,1432A,SLD,33.0,209.99493555049133,-176.99493555049133
2021-04-02 00:00:00,1432A,SLD,39.0,210.0899251068163,-171.0899251068163
2021-04-02 01:00:00,1432A,SLD,41.0,211.1986188694366,-170.1986188694366
2021-04-02 02:00:00,1432A,SLD,38.0,212.00787638120616,-174.00787638120616
2021-04-02 03:00:00,1432A,SLD,35.0,211.6305025964573,-176.6305025964573
2021-04-02 04:00:00,1432A,SLD,36.0,210.81165676330843,-174.81165676330843
2021-04-02 05:00:00,1432A,SLD,37.0,211.36695584878476,-174.36695584878476
2021-04-02 06:00:00,1432A,SLD,23.0,212.0680419591426,-189.0680419591426
2021-04-02 07:00:00,1432A,SLD,9.0,211.03555702035757,-202.03555702035757
2021-04-02 08:00:00,1432A,SLD,8.0,210.92648876225493,-202.92648876225493
2021-04-02 09:00:00,1432A,SLD,8.0,211.5685021120791,-203.5685021120791
2021-04-02 10:00:00,1432A,SLD,10.0,212.25755498705294,-202.25755498705294
2021-04-02 11:00:00,1432A,SLD,14.0,212.65009731338077,-198.65009731338077
2021-04-02 12:00:00,1432A,SLD,12.0,211.59900290927808,-199.59900290927808
2021-04-02 13:00:00,1432A,SLD,16.0,210.66511599841385,-194.66511599841385
2021-04-02 14:00:00,1432A,SLD,19.0,210.67885706823913,-191.67885706823913
2021-04-02 15:00:00,1432A,SLD,20.0,210.09789614125373,-190.09789614125373
2021-04-02 16:00:00,1432A,SLD,17.0,209.24603720896133,-192.24603720896133
2021-04-02 17:00:00,1432A,SLD,9.0,209.4125856668657,-200.4125856668657
2021-04-02 18:00:00,1432A,SLD,10.0,208.88482601724425,-198.88482601724425
2021-04-02 19:00:00,1432A,SLD,23.0,209.92957438790376,-186.92957438790376
2021-04-02 20:00:00,1432A,SLD,29.0,212.09393760449976,-183.09393760449976
2021-04-02 21:00:00,1432A,SLD,31.0,212.81759563215016,-181.81759563215016
2021-04-02 22:00:00,1432A,SLD,30.0,211.5911909375224,-181.5911909375224
2021-04-02 23:00:00,1432A,SLD,29.0,211.12114560718467,-182.12114560718467
2021-04-03 00:00:00,1432A,SLD,28.0,211.21613516350965,-183.21613516350965
2021-04-03 01:00:00,1432A,SLD,17.0,212.32482892612992,-195.32482892612992
2021-04-03 02:00:00,1432A,SLD,11.0,213.1340864378995,-202.1340864378995
2021-04-03 03:00:00,1432A,SLD,14.0,212.75671265315063,-198.75671265315063
2021-04-03 04:00:00,1432A,SLD,16.0,211.93786682000177,-195.93786682000177
2021-04-03 05:00:00,1432A,SLD,23.0,212.4931659054781,-189.4931659054781
2021-04-03 06:00:00,1432A,SLD,20.0,213.19425201583593,-193.19425201583593
2021-04-03 07:00:00,1432A,SLD,23.0,212.1617670770509,-189.1617670770509
2021-04-03 08:00:00,1432A,SLD,19.0,212.05269881894827,-193.05269881894827
2021-04-03 09:00:00,1432A,SLD,22.0,212.69471216877244,-190.69471216877244
2021-04-03 10:00:00,1432A,SLD,8.0,213.38376504374628,-205.38376504374628
2021-04-03 11:00:00,1432A,SLD,11.0,213.7763073700741,-202.7763073700741
2021-04-03 12:00:00,1432A,SLD,15.0,212.72521296597142,-197.72521296597142
2021-04-03 13:00:00,1432A,SLD,18.0,211.7913260551072,-193.7913260551072
2021-04-03 14:00:00,1432A,SLD,22.0,211.80506712493246,-189.80506712493246
2021-04-03 15:00:00,1432A,SLD,20.0,211.22410619794707,-191.22410619794707
2021-04-03 16:00:00,1432A,SLD,14.0,210.37224726565466,-196.37224726565466
2021-04-03 17:00:00,1432A,SLD,9.0,210.53879572355905,-201.53879572355905
2021-04-03 18:00:00,1432A,SLD,8.0,210.0110360739376,-202.0110360739376
2021-04-03 19:00:00,1432A,SLD,8.0,211.0557844445971,-203.0557844445971
2021-04-03 20:00:00,1432A,SLD,7.0,213.2201476611931,-206.2201476611931
2021-04-03 21:00:00,1432A,SLD,8.0,213.9438056888435,-205.9438056888435
2021-04-03 22:00:00,1432A,SLD,9.0,212.71740099421575,-203.71740099421575
2021-04-03 23:00:00,1432A,SLD,8.0,212.247355663878,-204.247355663878
2021-04-04 00:00:00,1432A,SLD,10.0,212.342345220203,-202.342345220203
2021-04-04 01:00:00,1432A,SLD,18.0,213.45103898282326,-195.45103898282326
2021-04-04 02:00:00,1432A,SLD,15.0,214.26029649459284,-199.26029649459284
2021-04-04 03:00:00,1432A,SLD,17.0,213.88292270984397,-196.88292270984397
2021-04-04 04:00:00,1432A,SLD,14.0,213.0640768766951,-199.0640768766951
2021-04-04 05:00:00,1432A,SLD,12.0,213.61937596217143,-201.61937596217143
2021-04-04 06:00:00,1432A,SLD,17.0,214.32046207252927,-197.32046207252927
2021-04-04 07:00:00,1432A,SLD,18.0,213.28797713374425,-195.28797713374425
2021-04-04 08:00:00,1432A,SLD,18.0,213.1789088756416,-195.1789088756416
2021-04-04 09:00:00,1432A,SLD,11.0,213.82092222546578,-202.82092222546578
2021-04-04 10:00:00,1432A,SLD,10.0,214.50997510043962,-204.50997510043962
2021-04-04 11:00:00,1432A,SLD,15.0,214.90251742676745,-199.90251742676745
2021-04-04 12:00:00,1432A,SLD,13.0,213.85142302266476,-200.85142302266476
2021-04-04 13:00:00,1432A,SLD,12.0,212.91753611180053,-200.91753611180053
2021-04-04 14:00:00,1432A,SLD,11.0,212.9312771816258,-201.9312771816258
2021-04-04 15:00:00,1432A,SLD,13.0,212.3503162546404,-199.3503162546404
2021-04-04 16:00:00,1432A,SLD,14.0,211.498457322348,-197.498457322348
2021-04-04 17:00:00,1432A,SLD,15.0,211.6650057802524,-196.6650057802524
2021-04-04 18:00:00,1432A,SLD,16.0,211.13724613063093,-195.13724613063093
2021-04-04 19:00:00,1432A,SLD,19.0,212.18199450129043,-193.18199450129043
2021-04-04 20:00:00,1432A,SLD,19.0,214.34635771788643,-195.34635771788643
2021-04-04 21:00:00,1432A,SLD,26.0,215.07001574553684,-189.07001574553684
2021-04-04 22:00:00,1432A,SLD,24.0,213.8436110509091,-189.8436110509091
2021-04-04 23:00:00,1432A,SLD,24.0,213.37356572057135,-189.37356572057135
2021-04-05 00:00:00,1432A,SLD,26.0,213.46855527689632,-187.46855527689632
2021-04-05 01:00:00,1432A,SLD,30.0,214.5772490395166,-184.5772490395166
2021-04-05 02:00:00,1432A,SLD,34.0,215.38650655128617,-181.38650655128617
2021-04-05 03:00:00,1432A,SLD,36.0,215.0091327665373,-179.0091327665373
2021-04-05 04:00:00,1432A,SLD,38.0,214.19028693338845,-176.19028693338845
2021-04-05 05:00:00,1432A,SLD,33.0,214.74558601886477,-181.74558601886477
2021-04-05 06:00:00,1432A,SLD,30.0,215.4466721292226,-185.4466721292226
2021-04-05 07:00:00,1432A,SLD,28.0,214.4141871904376,-186.4141871904376
2021-04-05 08:00:00,1432A,SLD,26.0,214.30511893233495,-188.30511893233495
2021-04-05 09:00:00,1432A,SLD,26.0,214.94713228215912,-188.94713228215912
2021-04-05 10:00:00,1432A,SLD,30.0,215.63618515713296,-185.63618515713296
2021-04-05 11:00:00,1432A,SLD,29.0,216.02872748346078,-187.02872748346078
2021-04-05 12:00:00,1432A,SLD,30.0,214.9776330793581,-184.9776330793581
2021-04-05 13:00:00,1432A,SLD,34.0,214.04374616849387,-180.04374616849387
2021-04-05 14:00:00,1432A,SLD,37.0,214.05748723831914,-177.05748723831914
2021-04-05 15:00:00,1432A,SLD,40.0,213.47652631133374,-173.47652631133374
2021-04-05 16:00:00,1432A,SLD,38.0,212.62466737904134,-174.62466737904134
2021-04-05 17:00:00,1432A,SLD,36.0,212.79121583694572,-176.79121583694572
2021-04-05 18:00:00,1432A,SLD,30.0,212.26345618732427,-182.26345618732427
2021-04-05 19:00:00,1432A,SLD,27.0,213.30820455798377,-186.30820455798377
2021-04-05 20:00:00,1432A,SLD,32.0,215.47256777457977,-183.47256777457977
2021-04-05 21:00:00,1432A,SLD,34.0,216.19622580223017,-182.19622580223017
2021-04-05 22:00:00,1432A,SLD,34.0,214.96982110760243,-180.96982110760243
2021-04-05 23:00:00,1432A,SLD,34.0,214.4997757772647,-180.4997757772647
2021-04-06 00:00:00,1432A,SLD,36.0,214.59476533358966,-178.59476533358966
2021-04-06 01:00:00,1432A,SLD,38.0,215.70345909620994,-177.70345909620994
2021-04-06 02:00:00,1432A,SLD,41.0,216.5127166079795,-175.5127166079795
2021-04-06 03:00:00,1432A,SLD,47.0,216.13534282323064,-169.13534282323064
2021-04-06 04:00:00,1432A,SLD,45.0,215.3164969900818,-170.3164969900818
2021-04-06 05:00:00,1432A,SLD,54.0,215.8717960755581,-161.8717960755581
2021-04-06 06:00:00,1432A,SLD,59.0,216.57288218591594,-157.57288218591594
2021-04-06 07:00:00,1432A,SLD,57.0,215.54039724713093,-158.54039724713093
2021-04-06 08:00:00,1432A,SLD,55.0,215.4313289890283,-160.4313289890283
2021-04-06 09:00:00,1432A,SLD,57.0,216.07334233885246,-159.07334233885246
2021-04-06 10:00:00,1432A,SLD,60.0,216.7623952138263,-156.7623952138263
2021-04-06 11:00:00,1432A,SLD,60.0,217.15493754015412,-157.15493754015412
2021-04-06 12:00:00,1432A,SLD,58.0,216.10384313605144,-158.10384313605144
2021-04-06 13:00:00,1432A,SLD,57.0,215.1699562251872,-158.1699562251872
2021-04-06 14:00:00,1432A,SLD,56.0,215.18369729501248,-159.18369729501248
2021-04-06 15:00:00,1432A,SLD,54.0,214.60273636802708,-160.60273636802708
2021-04-06 16:00:00,1432A,SLD,64.0,213.75087743573468,-149.75087743573468
2021-04-06 17:00:00,1432A,SLD,65.0,213.91742589363906,-148.91742589363906
2021-04-06 18:00:00,1432A,SLD,66.0,213.3896662440176,-147.3896662440176
2021-04-06 19:00:00,1432A,SLD,61.0,214.4344146146771,-153.4344146146771
2021-04-06 20:00:00,1432A,SLD,62.0,216.5987778312731,-154.5987778312731
2021-04-06 21:00:00,1432A,SLD,56.0,217.3224358589235,-161.3224358589235
2021-04-06 22:00:00,1432A,SLD,59.0,216.09603116429577,-157.09603116429577
2021-04-06 23:00:00,1432A,SLD,55.0,215.62598583395803,-160.62598583395803
2021-04-07 00:00:00,1432A,SLD,55.0,215.720975390283,-160.720975390283
2021-04-07 01:00:00,1432A,SLD,54.0,216.82966915290328,-162.82966915290328
2021-04-07 02:00:00,1432A,SLD,54.0,217.63892666467285,-163.63892666467285
2021-04-07 03:00:00,1432A,SLD,54.0,217.26155287992398,-163.26155287992398
2021-04-07 04:00:00,1432A,SLD,48.0,216.44270704677513,-168.44270704677513
2021-04-07 05:00:00,1432A,SLD,51.0,216.99800613225145,-165.99800613225145
2021-04-07 06:00:00,1432A,SLD,60.0,217.69909224260928,-157.69909224260928
2021-04-07 07:00:00,1432A,SLD,65.0,216.66660730382426,-151.66660730382426
2021-04-07 08:00:00,1432A,SLD,66.0,216.55753904572163,-150.55753904572163
2021-04-07 09:00:00,1432A,SLD,70.0,217.1995523955458,-147.1995523955458
2021-04-07 10:00:00,1432A,SLD,71.0,217.88860527051963,-146.88860527051963
2021-04-07 11:00:00,1432A,SLD,68.0,218.28114759684746,-150.28114759684746
2021-04-07 12:00:00,1432A,SLD,45.0,217.23005319274478,-172.23005319274478
2021-04-07 13:00:00,1432A,SLD,24.0,216.29616628188055,-192.29616628188055
2021-04-07 14:00:00,1432A,SLD,24.0,216.30990735170582,-192.30990735170582
2021-04-07 15:00:00,1432A,SLD,25.0,215.72894642472042,-190.72894642472042
2021-04-07 16:00:00,1432A,SLD,23.0,214.87708749242802,-191.87708749242802
2021-04-07 17:00:00,1432A,SLD,17.0,215.0436359503324,-198.0436359503324
2021-04-07 18:00:00,1432A,SLD,18.0,214.51587630071094,-196.51587630071094
2021-04-07 19:00:00,1432A,SLD,17.0,215.56062467137045,-198.56062467137045
2021-04-07 20:00:00,1432A,SLD,15.0,217.72498788796645,-202.72498788796645
2021-04-07 21:00:00,1432A,SLD,12.0,218.44864591561685,-206.44864591561685
2021-04-07 22:00:00,1432A,SLD,11.0,217.2222412209891,-206.2222412209891
2021-04-07 23:00:00,1432A,SLD,12.0,216.75219589065136,-204.75219589065136
2021-04-08 00:00:00,1432A,SLD,14.0,216.84718544697634,-202.84718544697634
2021-04-08 01:00:00,1432A,SLD,15.0,217.95587920959662,-202.95587920959662
2021-04-08 02:00:00,1432A,SLD,17.0,218.7651367213662,-201.7651367213662
2021-04-08 03:00:00,1432A,SLD,19.0,218.38776293661732,-199.38776293661732
2021-04-08 04:00:00,1432A,SLD,25.0,217.56891710346846,-192.56891710346846
2021-04-08 05:00:00,1432A,SLD,35.0,218.12421618894479,-183.12421618894479
2021-04-08 06:00:00,1432A,SLD,30.0,218.82530229930262,-188.82530229930262
2021-04-08 07:00:00,1432A,SLD,38.0,217.7928173605176,-179.7928173605176
2021-04-08 08:00:00,1432A,SLD,41.0,217.68374910241496,-176.68374910241496
2021-04-08 09:00:00,1432A,SLD,44.0,218.32576245223913,-174.32576245223913
2021-04-08 10:00:00,1432A,SLD,42.0,219.01481532721297,-177.01481532721297
2021-04-08 11:00:00,1432A,SLD,43.0,219.4073576535408,-176.4073576535408
2021-04-08 12:00:00,1432A,SLD,50.0,218.35626324943811,-168.35626324943811
2021-04-08 13:00:00,1432A,SLD,48.0,217.42237633857388,-169.42237633857388
2021-04-08 14:00:00,1432A,SLD,40.0,217.43611740839916,-177.43611740839916
2021-04-08 15:00:00,1432A,SLD,25.0,216.85515648141376,-191.85515648141376
2021-04-08 16:00:00,1432A,SLD,21.0,216.00329754912136,-195.00329754912136
2021-04-08 17:00:00,1432A,SLD,20.0,216.16984600702574,-196.16984600702574
2021-04-08 18:00:00,1432A,SLD,21.0,215.64208635740428,-194.64208635740428
2021-04-08 19:00:00,1432A,SLD,19.0,216.6868347280638,-197.6868347280638
2021-04-08 20:00:00,1432A,SLD,28.0,218.8511979446598,-190.8511979446598
2021-04-08 21:00:00,1432A,SLD,29.0,219.5748559723102,-190.5748559723102
2021-04-08 22:00:00,1432A,SLD,29.0,218.34845127768244,-189.34845127768244
2021-04-08 23:00:00,1432A,SLD,34.0,217.8784059473447,-183.8784059473447
2021-04-09 00:00:00,1432A,SLD,36.0,217.97339550366968,-181.97339550366968
2021-04-09 01:00:00,1432A,SLD,34.0,219.08208926628996,-185.08208926628996
2021-04-09 02:00:00,1432A,SLD,38.0,219.89134677805953,-181.89134677805953
2021-04-09 03:00:00,1432A,SLD,39.0,219.51397299331066,-180.51397299331066
2021-04-09 04:00:00,1432A,SLD,42.0,218.6951271601618,-176.6951271601618
2021-04-09 05:00:00,1432A,SLD,40.0,219.25042624563812,-179.25042624563812
2021-04-09 06:00:00,1432A,SLD,44.0,219.95151235599596,-175.95151235599596
2021-04-09 07:00:00,1432A,SLD,46.0,218.91902741721094,-172.91902741721094
2021-04-09 08:00:00,1432A,SLD,52.0,218.8099591591083,-166.8099591591083
2021-04-09 09:00:00,1432A,SLD,,219.45197250893247,
2021-04-09 10:00:00,1432A,SLD,60.0,220.1410253839063,-160.1410253839063
2021-04-09 11:00:00,1432A,SLD,49.0,220.53356771023414,-171.53356771023414
2021-04-09 12:00:00,1432A,SLD,49.0,219.48247330613145,-170.48247330613145
2021-04-09 13:00:00,1432A,SLD,62.0,218.54858639526722,-156.54858639526722
2021-04-09 14:00:00,1432A,SLD,62.0,218.5623274650925,-156.5623274650925
2021-04-09 15:00:00,1432A,SLD,66.0,217.9813665381071,-151.9813665381071
2021-04-09 16:00:00,1432A,SLD,65.0,217.1295076058147,-152.1295076058147
2021-04-09 17:00:00,1432A,SLD,46.0,217.29605606371908,-171.29605606371908
2021-04-09 18:00:00,1432A,SLD,39.0,216.76829641409762,-177.76829641409762
2021-04-09 19:00:00,1432A,SLD,37.0,217.81304478475712,-180.81304478475712
2021-04-09 20:00:00,1432A,SLD,37.0,219.97740800135313,-182.97740800135313
2021-04-09 21:00:00,1432A,SLD,51.0,220.70106602900353,-169.70106602900353
2021-04-09 22:00:00,1432A,SLD,46.0,219.47466133437578,-173.47466133437578
2021-04-09 23:00:00,1432A,SLD,32.0,219.00461600403804,-187.00461600403804
2021-04-10 00:00:00,1432A,SLD,31.0,219.09960556036302,-188.09960556036302
2021-04-10 01:00:00,1432A,SLD,30.0,220.2082993229833,-190.2082993229833
2021-04-10 02:00:00,1432A,SLD,30.0,221.01755683475287,-191.01755683475287
2021-04-10 03:00:00,1432A,SLD,28.0,220.640183050004,-192.640183050004
2021-04-10 04:00:00,1432A,SLD,26.0,219.82133721685514,-193.82133721685514
2021-04-10 05:00:00,1432A,SLD,35.0,220.37663630233146,-185.37663630233146
2021-04-10 06:00:00,1432A,SLD,36.0,221.0777224126893,-185.0777224126893
2021-04-10 07:00:00,1432A,SLD,36.0,220.04523747390428,-184.04523747390428
2021-04-10 08:00:00,1432A,SLD,29.0,219.93616921580164,-190.93616921580164
2021-04-10 09:00:00,1432A,SLD,31.0,220.5781825656258,-189.5781825656258
2021-04-10 10:00:00,1432A,SLD,36.0,221.26723544059965,-185.26723544059965
2021-04-10 11:00:00,1432A,SLD,34.0,221.65977776692748,-187.65977776692748
2021-04-10 12:00:00,1432A,SLD,35.0,220.6086833628248,-185.6086833628248
2021-04-10 13:00:00,1432A,SLD,34.0,219.67479645196056,-185.67479645196056
2021-04-10 14:00:00,1432A,SLD,37.0,219.68853752178583,-182.68853752178583
2021-04-10 15:00:00,1432A,SLD,46.0,219.10757659480043,-173.10757659480043
2021-04-10 16:00:00,1432A,SLD,44.0,218.25571766250803,-174.25571766250803
2021-04-10 17:00:00,1432A,SLD,34.0,218.42226612041242,-184.42226612041242
2021-04-10 18:00:00,1432A,SLD,28.0,217.89450647079096,-189.89450647079096
2021-04-10 19:00:00,1432A,SLD,28.0,218.93925484145046,-190.93925484145046
2021-04-10 20:00:00,1432A,SLD,27.0,221.10361805804646,-194.10361805804646
2021-04-10 21:00:00,1432A,SLD,32.0,221.82727608569687,-189.82727608569687
2021-04-10 22:00:00,1432A,SLD,35.0,220.60087139106912,-185.60087139106912
2021-04-10 23:00:00,1432A,SLD,36.0,220.13082606073138,-184.13082606073138
2021-04-11 00:00:00,1432A,SLD,35.0,220.22581561705636,-185.22581561705636
2021-04-11 01:00:00,1432A,SLD,35.0,221.33450937967663,-186.33450937967663
2021-04-11 02:00:00,1432A,SLD,35.0,222.1437668914462,-187.1437668914462
2021-04-11 03:00:00,1432A,SLD,40.0,221.76639310669734,-181.76639310669734
2021-04-11 04:00:00,1432A,SLD,33.0,220.94754727354848,-187.94754727354848
2021-04-11 05:00:00,1432A,SLD,31.0,221.5028463590248,-190.5028463590248
2021-04-11 06:00:00,1432A,SLD,33.0,222.20393246938264,-189.20393246938264
2021-04-11 07:00:00,1432A,SLD,31.0,221.17144753059762,-190.17144753059762
2021-04-11 08:00:00,1432A,SLD,32.0,221.06237927249498,-189.06237927249498
2021-04-11 09:00:00,1432A,SLD,34.0,221.70439262231915,-187.70439262231915
2021-04-11 10:00:00,1432A,SLD,31.0,222.393445497293,-191.393445497293
2021-04-11 11:00:00,1432A,SLD,29.0,222.78598782362081,-193.78598782362081
2021-04-11 12:00:00,1432A,SLD,36.0,221.73489341951813,-185.73489341951813
2021-04-11 13:00:00,1432A,SLD,36.0,220.8010065086539,-184.8010065086539
2021-04-11 14:00:00,1432A,SLD,26.0,220.81474757847917,-194.81474757847917
2021-04-11 15:00:00,1432A,SLD,26.0,220.23378665149377,-194.23378665149377
2021-04-11 16:00:00,1432A,SLD,25.0,219.38192771920137,-194.38192771920137
2021-04-11 17:00:00,1432A,SLD,25.0,219.54847617710575,-194.54847617710575
2021-04-11 18:00:00,1432A,SLD,26.0,219.0207165274843,-193.0207165274843
2021-04-11 19:00:00,1432A,SLD,27.0,220.0654648981438,-193.0654648981438
2021-04-11 20:00:00,1432A,SLD,26.0,222.2298281147398,-196.2298281147398
2021-04-11 21:00:00,1432A,SLD,30.0,222.9534861423902,-192.9534861423902
2021-04-11 22:00:00,1432A,SLD,32.0,221.72708144776246,-189.72708144776246
2021-04-11 23:00:00,1432A,SLD,30.0,221.25703611742472,-191.25703611742472
2021-04-12 00:00:00,1432A,SLD,28.0,221.3520256737497,-193.3520256737497
2021-04-12 01:00:00,1432A,SLD,30.0,222.46071943636997,-192.46071943636997
2021-04-12 02:00:00,1432A,SLD,36.0,223.26997694813954,-187.26997694813954
2021-04-12 03:00:00,1432A,SLD,34.0,222.89260316339067,-188.89260316339067
2021-04-12 04:00:00,1432A,SLD,35.0,222.07375733024182,-187.07375733024182
2021-04-12 05:00:00,1432A,SLD,39.0,222.62905641571814,-183.62905641571814
2021-04-12 06:00:00,1432A,SLD,41.0,223.33014252607597,-182.33014252607597
2021-04-12 07:00:00,1432A,SLD,40.0,222.29765758729096,-182.29765758729096
2021-04-12 08:00:00,1432A,SLD,43.0,222.18858932918832,-179.18858932918832
2021-04-12 09:00:00,1432A,SLD,58.0,222.8306026790125,-164.8306026790125
2021-04-12 10:00:00,1432A,SLD,76.0,223.51965555398633,-147.51965555398633
2021-04-12 11:00:00,1432A,SLD,72.0,223.91219788031415,-151.91219788031415
2021-04-12 12:00:00,1432A,SLD,70.0,222.86110347621147,-152.86110347621147
2021-04-12 13:00:00,1432A,SLD,62.0,221.92721656534724,-159.92721656534724
2021-04-12 14:00:00,1432A,SLD,54.0,221.9409576351725,-167.9409576351725
2021-04-12 15:00:00,1432A,SLD,51.0,221.3599967081871,-170.3599967081871
2021-04-12 16:00:00,1432A,SLD,47.0,220.5081377758947,-173.5081377758947
2021-04-12 17:00:00,1432A,SLD,50.0,220.6746862337991,-170.6746862337991
2021-04-12 18:00:00,1432A,SLD,51.0,220.14692658417763,-169.14692658417763
2021-04-12 19:00:00,1432A,SLD,47.0,221.19167495483714,-174.19167495483714
2021-04-12 20:00:00,1432A,SLD,46.0,223.35603817143314,-177.35603817143314
2021-04-12 21:00:00,1432A,SLD,48.0,224.07969619908354,-176.07969619908354
2021-04-12 22:00:00,1432A,SLD,45.0,222.8532915044558,-177.8532915044558
2021-04-12 23:00:00,1432A,SLD,49.0,222.38324617411806,-173.38324617411806
2021-04-13 00:00:00,1432A,SLD,58.0,222.47823573044303,-164.47823573044303
2021-04-13 01:00:00,1432A,SLD,67.0,223.5869294930633,-156.5869294930633
2021-04-13 02:00:00,1432A,SLD,81.0,224.39618700483288,-143.39618700483288
2021-04-13 03:00:00,1432A,SLD,80.0,224.018813220084,-144.018813220084
2021-04-13 04:00:00,1432A,SLD,77.0,223.19996738693516,-146.19996738693516
2021-04-13 05:00:00,1432A,SLD,84.0,223.75526647241148,-139.75526647241148
2021-04-13 06:00:00,1432A,SLD,83.0,224.4563525827693,-141.4563525827693
2021-04-13 07:00:00,1432A,SLD,85.0,223.4238676439843,-138.4238676439843
2021-04-13 08:00:00,1432A,SLD,83.0,223.31479938588166,-140.31479938588166
2021-04-13 09:00:00,1432A,SLD,80.0,223.95681273570582,-143.95681273570582
2021-04-13 10:00:00,1432A,SLD,57.0,224.64586561067966,-167.64586561067966
2021-04-13 11:00:00,1432A,SLD,35.0,225.0384079370075,-190.0384079370075
2021-04-13 12:00:00,1432A,SLD,31.0,223.9873135329048,-192.9873135329048
2021-04-13 13:00:00,1432A,SLD,22.0,223.05342662204058,-201.05342662204058
2021-04-13 14:00:00,1432A,SLD,18.0,223.06716769186585,-205.06716769186585
2021-04-13 15:00:00,1432A,SLD,21.0,222.48620676488045,-201.48620676488045
2021-04-13 16:00:00,1432A,SLD,19.0,221.63434783258805,-202.63434783258805
2021-04-13 17:00:00,1432A,SLD,24.0,221.80089629049243,-197.80089629049243
2021-04-13 18:00:00,1432A,SLD,27.0,221.27313664087097,-194.27313664087097
2021-04-13 19:00:00,1432A,SLD,33.0,222.31788501153048,-189.31788501153048
2021-04-13 20:00:00,1432A,SLD,35.0,224.48224822812648,-189.48224822812648
2021-04-13 21:00:00,1432A,SLD,34.0,225.20590625577688,-191.20590625577688
2021-04-13 22:00:00,1432A,SLD,45.0,223.97950156114914,-178.97950156114914
2021-04-13 23:00:00,1432A,SLD,46.0,223.5094562308114,-177.5094562308114
2021-04-14 00:00:00,1432A,SLD,46.0,223.60444578713637,-177.60444578713637
2021-04-14 01:00:00,1432A,SLD,44.0,224.71313954975665,-180.71313954975665
2021-04-14 02:00:00,1432A,SLD,31.0,225.52239706152622,-194.52239706152622
2021-04-14 03:00:00,1432A,SLD,29.0,225.14502327677735,-196.14502327677735
2021-04-14 04:00:00,1432A,SLD,15.0,224.3261774436285,-209.3261774436285
2021-04-14 05:00:00,1432A,SLD,9.0,224.88147652910482,-215.88147652910482
2021-04-14 06:00:00,1432A,SLD,8.0,225.58256263946265,-217.58256263946265
2021-04-14 07:00:00,1432A,SLD,8.0,224.55007770067763,-216.55007770067763
2021-04-14 08:00:00,1432A,SLD,10.0,224.441009442575,-214.441009442575
2021-04-14 09:00:00,1432A,SLD,16.0,225.08302279239916,-209.08302279239916
2021-04-14 10:00:00,1432A,SLD,17.0,225.772075667373,-208.772075667373
2021-04-14 11:00:00,1432A,SLD,16.0,226.16461799370083,-210.16461799370083
2021-04-14 12:00:00,1432A,SLD,,225.11352358959815,
2021-04-14 13:00:00,1432A,SLD,14.0,224.1796366787339,-210.1796366787339
2021-04-14 14:00:00,1432A,SLD,12.0,224.1933777485592,-212.1933777485592
2021-04-14 15:00:00,1432A,SLD,10.0,223.6124168215738,-213.6124168215738
2021-04-14 16:00:00,1432A,SLD,11.0,222.7605578892814,-211.7605578892814
2021-04-14 17:00:00,1432A,SLD,11.0,222.92710634718577,-211.92710634718577
2021-04-14 18:00:00,1432A,SLD,15.0,222.3993466975643,-207.3993466975643
2021-04-14 19:00:00,1432A,SLD,15.0,223.44409506822382,-208.44409506822382
2021-04-14 20:00:00,1432A,SLD,17.0,225.60845828481982,-208.60845828481982
2021-04-14 21:00:00,1432A,SLD,18.0,226.33211631247022,-208.33211631247022
2021-04-14 22:00:00,1432A,SLD,20.0,225.10571161784247,-205.10571161784247
2021-04-14 23:00:00,1432A,SLD,24.0,224.63566628750473,-200.63566628750473
2021-04-15 00:00:00,1432A,SLD,30.0,224.7306558438297,-194.7306558438297
2021-04-15 01:00:00,1432A,SLD,37.0,225.83934960644999,-188.83934960644999
2021-04-15 02:00:00,1432A,SLD,40.0,226.64860711821956,-186.64860711821956
2021-04-15 03:00:00,1432A,SLD,39.0,226.2712333334707,-187.2712333334707
2021-04-15 04:00:00,1432A,SLD,40.0,225.45238750032183,-185.45238750032183
2021-04-15 05:00:00,1432A,SLD,40.0,226.00768658579815,-186.00768658579815
2021-04-15 06:00:00,1432A,SLD,44.0,226.708772696156,-182.708772696156
2021-04-15 07:00:00,1432A,SLD,51.0,225.67628775737097,-174.67628775737097
2021-04-15 08:00:00,1432A,SLD,51.0,225.56721949926833,-174.56721949926833
2021-04-15 09:00:00,1432A,SLD,47.0,226.2092328490925,-179.2092328490925
2021-04-15 10:00:00,1432A,SLD,44.0,226.89828572406634,-182.89828572406634
2021-04-15 11:00:00,1432A,SLD,35.0,227.29082805039417,-192.29082805039417
2021-04-15 12:00:00,1432A,SLD,29.0,226.23973364629148,-197.23973364629148
2021-04-15 13:00:00,1432A,SLD,26.0,225.30584673542725,-199.30584673542725
2021-04-15 14:00:00,1432A,SLD,25.0,225.31958780525252,-200.31958780525252
2021-04-15 15:00:00,1432A,SLD,32.0,224.73862687826713,-192.73862687826713
2021-04-15 16:00:00,1432A,SLD,23.0,223.88676794597473,-200.88676794597473
2021-04-15 17:00:00,1432A,SLD,27.0,224.0533164038791,-197.0533164038791
2021-04-15 18:00:00,1432A,SLD,23.0,223.52555675425765,-200.52555675425765
2021-04-15 19:00:00,1432A,SLD,26.0,224.57030512491716,-198.57030512491716
2021-04-15 20:00:00,1432A,SLD,24.0,226.73466834151316,-202.73466834151316
2021-04-15 21:00:00,1432A,SLD,25.0,227.45832636916356,-202.45832636916356
2021-04-15 22:00:00,1432A,SLD,25.0,226.2319216745358,-201.2319216745358
2021-04-15 23:00:00,1432A,SLD,28.0,225.76187634419807,-197.76187634419807
2021-04-16 00:00:00,1432A,SLD,32.0,225.85686590052305,-193.85686590052305
2021-04-16 01:00:00,1432A,SLD,30.0,226.96555966314332,-196.96555966314332
2021-04-16 02:00:00,1432A,SLD,24.0,227.7748171749129,-203.7748171749129
2021-04-16 03:00:00,1432A,SLD,22.0,227.39744339016403,-205.39744339016403
2021-04-16 04:00:00,1432A,SLD,26.0,226.57859755701517,-200.57859755701517
2021-04-16 05:00:00,1432A,SLD,26.0,227.1338966424915,-201.1338966424915
2021-04-16 06:00:00,1432A,SLD,22.0,227.83498275284933,-205.83498275284933
2021-04-16 07:00:00,1432A,SLD,20.0,226.8024978140643,-206.8024978140643
2021-04-16 08:00:00,1432A,SLD,21.0,226.69342955596167,-205.69342955596167
2021-04-16 09:00:00,1432A,SLD,25.0,227.33544290578584,-202.33544290578584
2021-04-16 10:00:00,1432A,SLD,32.0,228.02449578075968,-196.02449578075968
2021-04-16 11:00:00,1432A,SLD,31.0,228.4170381070875,-197.4170381070875
2021-04-16 12:00:00,1432A,SLD,24.0,227.36594370298482,-203.36594370298482
2021-04-16 13:00:00,1432A,SLD,17.0,226.4320567921206,-209.4320567921206
2021-04-16 14:00:00,1432A,SLD,18.0,226.44579786194586,-208.44579786194586
2021-04-16 15:00:00,1432A,SLD,20.0,225.86483693496046,-205.86483693496046
2021-04-16 16:00:00,1432A,SLD,17.0,225.01297800266806,-208.01297800266806
2021-04-16 17:00:00,1432A,SLD,18.0,225.17952646057245,-207.17952646057245
2021-04-16 18:00:00,1432A,SLD,22.0,224.651766810951,-202.651766810951
2021-04-16 19:00:00,1432A,SLD,23.0,225.6965151816105,-202.6965151816105
2021-04-16 20:00:00,1432A,SLD,26.0,227.8608783982065,-201.8608783982065
2021-04-16 21:00:00,1432A,SLD,29.0,228.5845364258569,-199.5845364258569
2021-04-16 22:00:00,1432A,SLD,29.0,227.35813173122915,-198.35813173122915
2021-04-16 23:00:00,1432A,SLD,30.0,226.8880864008914,-196.8880864008914
2021-04-17 00:00:00,1432A,SLD,27.0,226.98307595721639,-199.98307595721639
2021-04-17 01:00:00,1432A,SLD,24.0,228.09176971983666,-204.09176971983666
2021-04-17 02:00:00,1432A,SLD,26.0,228.90102723160624,-202.90102723160624
2021-04-17 03:00:00,1432A,SLD,27.0,228.52365344685737,-201.52365344685737
2021-04-17 04:00:00,1432A,SLD,26.0,227.7048076137085,-201.7048076137085
2021-04-17 05:00:00,1432A,SLD,26.0,228.26010669918483,-202.26010669918483
2021-04-17 06:00:00,1432A,SLD,28.0,228.96119280954267,-200.96119280954267
2021-04-17 07:00:00,1432A,SLD,32.0,227.92870787075765,-195.92870787075765
2021-04-17 08:00:00,1432A,SLD,43.0,227.819639612655,-184.819639612655
2021-04-17 09:00:00,1432A,SLD,35.0,228.46165296247918,-193.46165296247918
2021-04-17 10:00:00,1432A,SLD,34.0,229.15070583745302,-195.15070583745302
2021-04-17 11:00:00,1432A,SLD,37.0,229.54324816378085,-192.54324816378085
2021-04-17 12:00:00,1432A,SLD,38.0,228.49215375967816,-190.49215375967816
2021-04-17 13:00:00,1432A,SLD,38.0,227.55826684881393,-189.55826684881393
2021-04-17 14:00:00,1432A,SLD,26.0,227.5720079186392,-201.5720079186392
2021-04-17 15:00:00,1432A,SLD,27.0,226.9910469916538,-199.9910469916538
2021-04-17 16:00:00,1432A,SLD,31.0,226.1391880593614,-195.1391880593614
2021-04-17 17:00:00,1432A,SLD,28.0,226.30573651726579,-198.30573651726579
2021-04-17 18:00:00,1432A,SLD,28.0,225.77797686764433,-197.77797686764433
2021-04-17 19:00:00,1432A,SLD,30.0,226.82272523830383,-196.82272523830383
2021-04-17 20:00:00,1432A,SLD,29.0,228.98708845489983,-199.98708845489983
2021-04-17 21:00:00,1432A,SLD,21.0,229.71074648255023,-208.71074648255023
2021-04-17 22:00:00,1432A,SLD,23.0,228.4843417879225,-205.4843417879225
2021-04-17 23:00:00,1432A,SLD,27.0,228.01429645758475,-201.01429645758475
2021-04-18 00:00:00,1432A,SLD,25.0,228.10928601390972,-203.10928601390972
2021-04-18 01:00:00,1432A,SLD,20.0,229.21797977653,-209.21797977653
2021-04-18 02:00:00,1432A,SLD,22.0,230.02723728829957,-208.02723728829957
2021-04-18 03:00:00,1432A,SLD,26.0,229.6498635035507,-203.6498635035507
2021-04-18 04:00:00,1432A,SLD,25.0,228.83101767040185,-203.83101767040185
2021-04-18 05:00:00,1432A,SLD,22.0,229.38631675587817,-207.38631675587817
2021-04-18 06:00:00,1432A,SLD,16.0,230.087402866236,-214.087402866236
2021-04-18 07:00:00,1432A,SLD,18.0,229.054917927451,-211.054917927451
2021-04-18 08:00:00,1432A,SLD,19.0,228.94584966934835,-209.94584966934835
2021-04-18 09:00:00,1432A,SLD,23.0,229.58786301917252,-206.58786301917252
2021-04-18 10:00:00,1432A,SLD,26.0,230.27691589414636,-204.27691589414636
2021-04-18 11:00:00,1432A,SLD,28.0,230.66945822047418,-202.66945822047418
2021-04-18 12:00:00,1432A,SLD,28.0,229.6183638163715,-201.6183638163715
2021-04-18 13:00:00,1432A,SLD,30.0,228.68447690550727,-198.68447690550727
2021-04-18 14:00:00,1432A,SLD,32.0,228.69821797533254,-196.69821797533254
2021-04-18 15:00:00,1432A,SLD,33.0,228.11725704834714,-195.11725704834714
2021-04-18 16:00:00,1432A,SLD,31.0,227.26539811605474,-196.26539811605474
2021-04-18 17:00:00,1432A,SLD,32.0,227.43194657395912,-195.43194657395912
2021-04-18 18:00:00,1432A,SLD,30.0,226.90418692433767,-196.90418692433767
2021-04-18 19:00:00,1432A,SLD,31.0,227.94893529499717,-196.94893529499717
2021-04-18 20:00:00,1432A,SLD,33.0,230.11329851159317,-197.11329851159317
2021-04-18 21:00:00,1432A,SLD,37.0,230.83695653924357,-193.83695653924357
2021-04-18 22:00:00,1432A,SLD,40.0,229.61055184461583,-189.61055184461583
2021-04-18 23:00:00,1432A,SLD,41.0,229.1405065142781,-188.1405065142781
2021-04-19 00:00:00,1432A,SLD,39.0,229.23549607060306,-190.23549607060306
2021-04-19 01:00:00,1432A,SLD,39.0,230.34418983322334,-191.34418983322334
2021-04-19 02:00:00,1432A,SLD,44.0,231.1534473449929,-187.1534473449929
2021-04-19 03:00:00,1432A,SLD,50.0,230.77607356024404,-180.77607356024404
2021-04-19 04:00:00,1432A,SLD,46.0,229.9572277270952,-183.9572277270952
2021-04-19 05:00:00,1432A,SLD,51.0,230.5125268125715,-179.5125268125715
2021-04-19 06:00:00,1432A,SLD,44.0,231.21361292292934,-187.21361292292934
2021-04-19 07:00:00,1432A,SLD,39.0,230.18112798414433,-191.18112798414433
2021-04-19 08:00:00,1432A,SLD,40.0,230.0720597260417,-190.0720597260417
2021-04-19 09:00:00,1432A,SLD,46.0,230.71407307586585,-184.71407307586585
2021-04-19 10:00:00,1432A,SLD,49.0,231.4031259508397,-182.4031259508397
2021-04-19 11:00:00,1432A,SLD,54.0,231.79566827716752,-177.79566827716752
2021-04-19 12:00:00,1432A,SLD,56.0,230.74457387306484,-174.74457387306484
2021-04-19 13:00:00,1432A,SLD,56.0,229.8106869622006,-173.8106869622006
2021-04-19 14:00:00,1432A,SLD,57.0,229.82442803202588,-172.82442803202588
2021-04-19 15:00:00,1432A,SLD,62.0,229.24346710504048,-167.24346710504048
2021-04-19 16:00:00,1432A,SLD,67.0,228.39160817274808,-161.39160817274808
2021-04-19 17:00:00,1432A,SLD,66.0,228.55815663065246,-162.55815663065246
2021-04-19 18:00:00,1432A,SLD,59.0,228.030396981031,-169.030396981031
2021-04-19 19:00:00,1432A,SLD,43.0,229.0751453516905,-186.0751453516905
2021-04-19 20:00:00,1432A,SLD,37.0,231.2395085682865,-194.2395085682865
2021-04-19 21:00:00,1432A,SLD,46.0,231.9631665959369,-185.9631665959369
2021-04-19 22:00:00,1432A,SLD,45.0,230.73676190130917,-185.73676190130917
2021-04-19 23:00:00,1432A,SLD,44.0,230.26671657097143,-186.26671657097143
2021-04-20 00:00:00,1432A,SLD,47.0,230.3617061272964,-183.3617061272964
2021-04-20 01:00:00,1432A,SLD,44.0,231.47039988991668,-187.47039988991668
2021-04-20 02:00:00,1432A,SLD,43.0,232.27965740168625,-189.27965740168625
2021-04-20 03:00:00,1432A,SLD,47.0,231.90228361693738,-184.90228361693738
2021-04-20 04:00:00,1432A,SLD,45.0,231.08343778378853,-186.08343778378853
2021-04-20 05:00:00,1432A,SLD,41.0,231.63873686926485,-190.63873686926485
2021-04-20 06:00:00,1432A,SLD,40.0,232.33982297962268,-192.33982297962268
2021-04-20 07:00:00,1432A,SLD,40.0,231.30733804083766,-191.30733804083766
2021-04-20 08:00:00,1432A,SLD,41.0,231.19826978273503,-190.19826978273503
2021-04-20 09:00:00,1432A,SLD,41.0,231.8402831325592,-190.8402831325592
2021-04-20 10:00:00,1432A,SLD,34.0,232.52933600753303,-198.52933600753303
2021-04-20 11:00:00,1432A,SLD,31.0,232.92187833386086,-201.92187833386086
2021-04-20 12:00:00,1432A,SLD,26.0,231.87078392975818,-205.87078392975818
2021-04-20 13:00:00,1432A,SLD,19.0,230.93689701889394,-211.93689701889394
2021-04-20 14:00:00,1432A,SLD,12.0,230.95063808871922,-218.95063808871922
2021-04-20 15:00:00,1432A,SLD,5.0,230.36967716173382,-225.36967716173382
2021-04-20 16:00:00,1432A,SLD,5.0,229.51781822944142,-224.51781822944142
2021-04-20 17:00:00,1432A,SLD,6.0,229.6843666873458,-223.6843666873458
2021-04-20 18:00:00,1432A,SLD,6.0,229.15660703772434,-223.15660703772434
2021-04-20 19:00:00,1432A,SLD,8.0,230.20135540838385,-222.20135540838385
2021-04-20 20:00:00,1432A,SLD,9.0,232.36571862497985,-223.36571862497985
2021-04-20 21:00:00,1432A,SLD,12.0,233.08937665263025,-221.08937665263025
2021-04-20 22:00:00,1432A,SLD,20.0,231.8629719580025,-211.8629719580025
2021-04-20 23:00:00,1432A,SLD,35.0,231.39292662766476,-196.39292662766476
2021-04-21 00:00:00,1432A,SLD,24.0,231.48791618398974,-207.48791618398974
2021-04-21 01:00:00,1432A,SLD,22.0,232.59660994661002,-210.59660994661002
2021-04-21 02:00:00,1432A,SLD,20.0,233.4058674583796,-213.4058674583796
2021-04-21 03:00:00,1432A,SLD,22.0,233.02849367363072,-211.02849367363072
2021-04-21 04:00:00,1432A,SLD,23.0,232.20964784048186,-209.20964784048186
2021-04-21 05:00:00,1432A,SLD,23.0,232.76494692595818,-209.76494692595818
2021-04-21 06:00:00,1432A,SLD,26.0,233.46603303631602,-207.46603303631602
2021-04-21 07:00:00,1432A,SLD,31.0,232.433548097531,-201.433548097531
2021-04-21 08:00:00,1432A,SLD,36.0,232.32447983942836,-196.32447983942836
2021-04-21 09:00:00,1432A,SLD,37.0,232.96649318925253,-195.96649318925253
2021-04-21 10:00:00,1432A,SLD,44.0,233.65554606422637,-189.65554606422637
2021-04-21 11:00:00,1432A,SLD,42.0,234.0480883905542,-192.0480883905542
2021-04-21 12:00:00,1432A,SLD,33.0,232.9969939864515,-199.9969939864515
2021-04-21 13:00:00,1432A,SLD,34.0,232.06310707558728,-198.06310707558728
2021-04-21 14:00:00,1432A,SLD,37.0,232.07684814541255,-195.07684814541255
2021-04-21 15:00:00,1432A,SLD,32.0,231.49588721842716,-199.49588721842716
2021-04-21 16:00:00,1432A,SLD,31.0,230.64402828613476,-199.64402828613476
2021-04-21 17:00:00,1432A,SLD,23.0,230.81057674403914,-207.81057674403914
2021-04-21 18:00:00,1432A,SLD,20.0,230.28281709441768,-210.28281709441768
2021-04-21 19:00:00,1432A,SLD,23.0,231.32756546507719,-208.32756546507719
2021-04-21 20:00:00,1432A,SLD,30.0,233.4919286816732,-203.4919286816732
2021-04-21 21:00:00,1432A,SLD,37.0,234.2155867093236,-197.2155867093236
2021-04-21 22:00:00,1432A,SLD,44.0,232.98918201469584,-188.98918201469584
2021-04-21 23:00:00,1432A,SLD,54.0,232.5191366843581,-178.5191366843581
2021-04-22 00:00:00,1432A,SLD,59.0,232.61412624068308,-173.61412624068308
2021-04-22 01:00:00,1432A,SLD,55.0,233.72282000330335,-178.72282000330335
2021-04-22 02:00:00,1432A,SLD,55.0,234.53207751507293,-179.53207751507293
2021-04-22 03:00:00,1432A,SLD,57.0,234.15470373032406,-177.15470373032406
2021-04-22 04:00:00,1432A,SLD,58.0,233.3358578971752,-175.3358578971752
2021-04-22 05:00:00,1432A,SLD,75.0,233.89115698265152,-158.89115698265152
2021-04-22 06:00:00,1432A,SLD,83.0,234.59224309300936,-151.59224309300936
2021-04-22 07:00:00,1432A,SLD,80.0,233.55975815422434,-153.55975815422434
2021-04-22 08:00:00,1432A,SLD,77.0,233.4506898961217,-156.4506898961217
2021-04-22 09:00:00,1432A,SLD,91.0,234.09270324594587,-143.09270324594587
2021-04-22 10:00:00,1432A,SLD,95.0,234.7817561209197,-139.7817561209197
2021-04-22 11:00:00,1432A,SLD,93.0,235.17429844724754,-142.17429844724754
2021-04-22 12:00:00,1432A,SLD,87.0,234.12320404314485,-147.12320404314485
2021-04-22 13:00:00,1432A,SLD,83.0,233.18931713228062,-150.18931713228062
2021-04-22 14:00:00,1432A,SLD,75.0,233.2030582021059,-158.2030582021059
2021-04-22 15:00:00,1432A,SLD,79.0,232.6220972751205,-153.6220972751205
2021-04-22 16:00:00,1432A,SLD,87.0,231.7702383428281,-144.7702383428281
2021-04-22 17:00:00,1432A,SLD,62.0,231.93678680073248,-169.93678680073248
2021-04-22 18:00:00,1432A,SLD,79.0,231.40902715111102,-152.40902715111102
2021-04-22 19:00:00,1432A,SLD,104.0,232.45377552177052,-128.45377552177052
2021-04-22 20:00:00,1432A,SLD,104.0,234.61813873836653,-130.61813873836653
2021-04-22 21:00:00,1432A,SLD,108.0,235.34179676601693,-127.34179676601693
2021-04-22 22:00:00,1432A,SLD,,234.11539207138918,
2021-04-22 23:00:00,1432A,SLD,106.0,233.64534674105144,-127.64534674105144
2021-04-23 00:00:00,1432A,SLD,110.0,233.74033629737642,-123.74033629737642
2021-04-23 01:00:00,1432A,SLD,101.0,234.8490300599967,-133.8490300599967
2021-04-23 02:00:00,1432A,SLD,99.0,235.65828757176627,-136.65828757176627
2021-04-23 03:00:00,1432A,SLD,97.0,235.2809137870174,-138.2809137870174
2021-04-23 04:00:00,1432A,SLD,91.0,234.46206795386854,-143.46206795386854
2021-04-23 05:00:00,1432A,SLD,86.0,235.01736703934486,-149.01736703934486
2021-04-23 06:00:00,1432A,SLD,87.0,235.7184531497027,-148.7184531497027
2021-04-23 07:00:00,1432A,SLD,91.0,234.68596821091768,-143.68596821091768
2021-04-23 08:00:00,1432A,SLD,96.0,234.57689995281504,-138.57689995281504
2021-04-23 09:00:00,1432A,SLD,106.0,235.2189133026392,-129.2189133026392
2021-04-23 10:00:00,1432A,SLD,96.0,235.90796617761305,-139.90796617761305
2021-04-23 11:00:00,1432A,SLD,74.0,236.30050850394088,-162.30050850394088
2021-04-23 12:00:00,1432A,SLD,53.0,235.2494140998382,-182.2494140998382
2021-04-23 13:00:00,1432A,SLD,37.0,234.31552718897396,-197.31552718897396
2021-04-23 14:00:00,1432A,SLD,38.0,234.32926825879923,-196.32926825879923
2021-04-23 15:00:00,1432A,SLD,44.0,233.74830733181383,-189.74830733181383
2021-04-23 16:00:00,1432A,SLD,63.0,232.89644839952143,-169.89644839952143
2021-04-23 17:00:00,1432A,SLD,50.0,233.06299685742582,-183.06299685742582
2021-04-23 18:00:00,1432A,SLD,25.0,232.53523720780436,-207.53523720780436
2021-04-23 19:00:00,1432A,SLD,23.0,233.57998557846386,-210.57998557846386
2021-04-23 20:00:00,1432A,SLD,10.0,235.74434879505986,-225.74434879505986
2021-04-23 21:00:00,1432A,SLD,6.0,236.46800682271027,-230.46800682271027
2021-04-23 22:00:00,1432A,SLD,8.0,235.24160212808252,-227.24160212808252
2021-04-23 23:00:00,1432A,SLD,7.0,234.77155679774478,-227.77155679774478
2021-04-24 00:00:00,1432A,SLD,6.0,234.86654635406975,-228.86654635406975
2021-04-24 01:00:00,1432A,SLD,7.0,235.97524011669003,-228.97524011669003
2021-04-24 02:00:00,1432A,SLD,6.0,236.7844976284596,-230.7844976284596
2021-04-24 03:00:00,1432A,SLD,8.0,236.40712384371074,-228.40712384371074
2021-04-24 04:00:00,1432A,SLD,7.0,235.58827801056188,-228.58827801056188
2021-04-24 05:00:00,1432A,SLD,8.0,236.1435770960382,-228.1435770960382
2021-04-24 06:00:00,1432A,SLD,9.0,236.84466320639604,-227.84466320639604
2021-04-24 07:00:00,1432A,SLD,7.0,235.81217826761102,-228.81217826761102
2021-04-24 08:00:00,1432A,SLD,5.0,235.70311000950838,-230.70311000950838
2021-04-24 09:00:00,1432A,SLD,6.0,236.34512335933255,-230.34512335933255
2021-04-24 10:00:00,1432A,SLD,6.0,237.0341762343064,-231.0341762343064
2021-04-24 11:00:00,1432A,SLD,6.0,237.4267185606342,-231.4267185606342
2021-04-24 12:00:00,1432A,SLD,7.0,236.37562415653153,-229.37562415653153
2021-04-24 13:00:00,1432A,SLD,8.0,235.4417372456673,-227.4417372456673
2021-04-24 14:00:00,1432A,SLD,10.0,235.45547831549257,-225.45547831549257
2021-04-24 15:00:00,1432A,SLD,16.0,234.87451738850717,-218.87451738850717
2021-04-24 16:00:00,1432A,SLD,19.0,234.02265845621477,-215.02265845621477
2021-04-24 17:00:00,1432A,SLD,12.0,234.18920691411915,-222.18920691411915
2021-04-24 18:00:00,1432A,SLD,14.0,233.6614472644977,-219.6614472644977
2021-04-24 19:00:00,1432A,SLD,19.0,234.7061956351572,-215.7061956351572
2021-04-24 20:00:00,1432A,SLD,25.0,236.8705588517532,-211.8705588517532
2021-04-24 21:00:00,1432A,SLD,17.0,237.5942168794036,-220.5942168794036
2021-04-24 22:00:00,1432A,SLD,6.0,236.36781218477586,-230.36781218477586
2021-04-24 23:00:00,1432A,SLD,6.0,235.89776685443812,-229.89776685443812
2021-04-25 00:00:00,1432A,SLD,7.0,235.9927564107631,-228.9927564107631
2021-04-25 01:00:00,1432A,SLD,6.0,237.10145017338337,-231.10145017338337
2021-04-25 02:00:00,1432A,SLD,7.0,237.91070768515294,-230.91070768515294
2021-04-25 03:00:00,1432A,SLD,10.0,237.53333390040407,-227.53333390040407
2021-04-25 04:00:00,1432A,SLD,8.0,236.71448806725522,-228.71448806725522
2021-04-25 05:00:00,1432A,SLD,7.0,237.26978715273154,-230.26978715273154
2021-04-25 06:00:00,1432A,SLD,8.0,237.97087326308937,-229.97087326308937
2021-04-25 07:00:00,1432A,SLD,6.0,236.93838832430436,-230.93838832430436
2021-04-25 08:00:00,1432A,SLD,8.0,236.82932006620172,-228.82932006620172
2021-04-25 09:00:00,1432A,SLD,6.0,237.47133341602589,-231.47133341602589
2021-04-25 10:00:00,1432A,SLD,6.0,238.16038629099972,-232.16038629099972
2021-04-25 11:00:00,1432A,SLD,6.0,238.55292861732755,-232.55292861732755
2021-04-25 12:00:00,1432A,SLD,7.0,237.50183421322487,-230.50183421322487
2021-04-25 13:00:00,1432A,SLD,6.0,236.56794730236064,-230.56794730236064
2021-04-25 14:00:00,1432A,SLD,9.0,236.5816883721859,-227.5816883721859
2021-04-25 15:00:00,1432A,SLD,10.0,236.0007274452005,-226.0007274452005
2021-04-25 16:00:00,1432A,SLD,7.0,235.1488685129081,-228.1488685129081
2021-04-25 17:00:00,1432A,SLD,5.0,235.3154169708125,-230.3154169708125
2021-04-25 18:00:00,1432A,SLD,5.0,234.78765732119103,-229.78765732119103
2021-04-25 19:00:00,1432A,SLD,6.0,235.83240569185054,-229.83240569185054
2021-04-25 20:00:00,1432A,SLD,7.0,237.99676890844654,-230.99676890844654
2021-04-25 21:00:00,1432A,SLD,8.0,238.72042693609694,-230.72042693609694
2021-04-25 22:00:00,1432A,SLD,8.0,237.4940222414692,-229.4940222414692
2021-04-25 23:00:00,1432A,SLD,7.0,237.02397691113146,-230.02397691113146
2021-04-26 00:00:00,1432A,SLD,7.0,237.11896646745643,-230.11896646745643
2021-04-26 01:00:00,1432A,SLD,11.0,238.2276602300767,-227.2276602300767
2021-04-26 02:00:00,1432A,SLD,10.0,239.03691774184628,-229.03691774184628
2021-04-26 03:00:00,1432A,SLD,11.0,238.6595439570974,-227.6595439570974
2021-04-26 04:00:00,1432A,SLD,12.0,237.84069812394856,-225.84069812394856
2021-04-26 05:00:00,1432A,SLD,12.0,238.39599720942488,-226.39599720942488
2021-04-26 06:00:00,1432A,SLD,13.0,239.0970833197827,-226.0970833197827
2021-04-26 07:00:00,1432A,SLD,14.0,238.0645983809977,-224.0645983809977
2021-04-26 08:00:00,1432A,SLD,26.0,237.95553012289506,-211.95553012289506
2021-04-26 09:00:00,1432A,SLD,29.0,238.59754347271922,-209.59754347271922
2021-04-26 10:00:00,1432A,SLD,20.0,239.28659634769306,-219.28659634769306
2021-04-26 11:00:00,1432A,SLD,14.0,239.6791386740209,-225.6791386740209
2021-04-26 12:00:00,1432A,SLD,13.0,238.6280442699182,-225.6280442699182
2021-04-26 13:00:00,1432A,SLD,10.0,237.69415735905397,-227.69415735905397
2021-04-26 14:00:00,1432A,SLD,11.0,237.70789842887925,-226.70789842887925
2021-04-26 15:00:00,1432A,SLD,14.0,237.12693750189385,-223.12693750189385
2021-04-26 16:00:00,1432A,SLD,14.0,236.27507856960145,-222.27507856960145
2021-04-26 17:00:00,1432A,SLD,12.0,236.44162702750583,-224.44162702750583
2021-04-26 18:00:00,1432A,SLD,13.0,235.91386737788437,-222.91386737788437
2021-04-26 19:00:00,1432A,SLD,26.0,236.95861574854388,-210.95861574854388
2021-04-26 20:00:00,1432A,SLD,24.0,239.12297896513988,-215.12297896513988
2021-04-26 21:00:00,1432A,SLD,27.0,239.84663699279028,-212.84663699279028
2021-04-26 22:00:00,1432A,SLD,38.0,238.62023229816253,-200.62023229816253
2021-04-26 23:00:00,1432A,SLD,22.0,238.1501869678248,-216.1501869678248
2021-04-27 00:00:00,1432A,SLD,15.0,238.24517652414977,-223.24517652414977
2021-04-27 01:00:00,1432A,SLD,21.0,239.35387028677005,-218.35387028677005
2021-04-27 02:00:00,1432A,SLD,40.0,240.16312779853962,-200.16312779853962
2021-04-27 03:00:00,1432A,SLD,49.0,239.78575401379075,-190.78575401379075
2021-04-27 04:00:00,1432A,SLD,37.0,238.9669081806419,-201.9669081806419
2021-04-27 05:00:00,1432A,SLD,29.0,239.52220726611822,-210.52220726611822
2021-04-27 06:00:00,1432A,SLD,32.0,240.22329337647605,-208.22329337647605
2021-04-27 07:00:00,1432A,SLD,42.0,239.19080843769103,-197.19080843769103
2021-04-27 08:00:00,1432A,SLD,38.0,239.0817401795884,-201.0817401795884
2021-04-27 09:00:00,1432A,SLD,38.0,239.72375352941256,-201.72375352941256
2021-04-27 10:00:00,1432A,SLD,31.0,240.4128064043864,-209.4128064043864
2021-04-27 11:00:00,1432A,SLD,36.0,240.80534873071423,-204.80534873071423
2021-04-27 12:00:00,1432A,SLD,43.0,239.75425432661154,-196.75425432661154
2021-04-27 13:00:00,1432A,SLD,30.0,238.8203674157473,-208.8203674157473
2021-04-27 14:00:00,1432A,SLD,17.0,238.83410848557259,-221.83410848557259
2021-04-27 15:00:00,1432A,SLD,17.0,238.2531475585872,-221.2531475585872
2021-04-27 16:00:00,1432A,SLD,14.0,237.4012886262948,-223.4012886262948
2021-04-27 17:00:00,1432A,SLD,14.0,237.56783708419917,-223.56783708419917
2021-04-27 18:00:00,1432A,SLD,22.0,237.0400774345777,-215.0400774345777
2021-04-27 19:00:00,1432A,SLD,28.0,238.08482580523722,-210.08482580523722
2021-04-27 20:00:00,1432A,SLD,24.0,240.24918902183322,-216.24918902183322
2021-04-27 21:00:00,1432A,SLD,27.0,240.97284704948362,-213.97284704948362
2021-04-27 22:00:00,1432A,SLD,26.0,239.74644235485587,-213.74644235485587
2021-04-27 23:00:00,1432A,SLD,28.0,239.27639702451813,-211.27639702451813
2021-04-28 00:00:00,1432A,SLD,25.0,239.3713865808431,-214.3713865808431
2021-04-28 01:00:00,1432A,SLD,20.0,240.48008034346338,-220.48008034346338
2021-04-28 02:00:00,1432A,SLD,16.0,241.28933785523296,-225.28933785523296
2021-04-28 03:00:00,1432A,SLD,14.0,240.9119640704841,-226.9119640704841
2021-04-28 04:00:00,1432A,SLD,20.0,240.09311823733523,-220.09311823733523
2021-04-28 05:00:00,1432A,SLD,29.0,240.64841732281155,-211.64841732281155
2021-04-28 06:00:00,1432A,SLD,29.0,241.3495034331694,-212.3495034331694
2021-04-28 07:00:00,1432A,SLD,32.0,240.31701849438437,-208.31701849438437
2021-04-28 08:00:00,1432A,SLD,29.0,240.20795023628173,-211.20795023628173
2021-04-28 09:00:00,1432A,SLD,31.0,240.8499635861059,-209.8499635861059
2021-04-28 10:00:00,1432A,SLD,31.0,241.53901646107974,-210.53901646107974
2021-04-28 11:00:00,1432A,SLD,32.0,241.93155878740757,-209.93155878740757
2021-04-28 12:00:00,1432A,SLD,27.0,240.88046438330488,-213.88046438330488
2021-04-28 13:00:00,1432A,SLD,24.0,239.94657747244065,-215.94657747244065
2021-04-28 14:00:00,1432A,SLD,25.0,239.96031854226592,-214.96031854226592
2021-04-28 15:00:00,1432A,SLD,28.0,239.37935761528053,-211.37935761528053
2021-04-28 16:00:00,1432A,SLD,28.0,238.52749868298812,-210.52749868298812
2021-04-28 17:00:00,1432A,SLD,31.0,238.6940471408925,-207.6940471408925
2021-04-28 18:00:00,1432A,SLD,28.0,238.16628749127105,-210.16628749127105
2021-04-28 19:00:00,1432A,SLD,30.0,239.21103586193055,-209.21103586193055
2021-04-28 20:00:00,1432A,SLD,34.0,241.37539907852656,-207.37539907852656
2021-04-28 21:00:00,1432A,SLD,32.0,242.09905710617696,-210.09905710617696
2021-04-28 22:00:00,1432A,SLD,30.0,240.8726524115492,-210.8726524115492
2021-04-28 23:00:00,1432A,SLD,35.0,240.40260708121147,-205.40260708121147
2021-04-29 00:00:00,1432A,SLD,32.0,240.49759663753645,-208.49759663753645
2021-04-29 01:00:00,1432A,SLD,32.0,241.60629040015672,-209.60629040015672
2021-04-29 02:00:00,1432A,SLD,33.0,242.4155479119263,-209.4155479119263
2021-04-29 03:00:00,1432A,SLD,33.0,242.03817412717743,-209.03817412717743
2021-04-29 04:00:00,1432A,SLD,34.0,241.21932829402857,-207.21932829402857
2021-04-29 05:00:00,1432A,SLD,36.0,241.7746273795049,-205.7746273795049
2021-04-29 06:00:00,1432A,SLD,42.0,242.47571348986273,-200.47571348986273
2021-04-29 07:00:00,1432A,SLD,41.0,241.4432285510777,-200.4432285510777
2021-04-29 08:00:00,1432A,SLD,41.0,241.33416029297507,-200.33416029297507
2021-04-29 09:00:00,1432A,SLD,37.0,241.97617364279924,-204.97617364279924
2021-04-29 10:00:00,1432A,SLD,37.0,242.66522651777308,-205.66522651777308
2021-04-29 11:00:00,1432A,SLD,34.0,243.0577688441009,-209.0577688441009
2021-04-29 12:00:00,1432A,SLD,25.0,242.00667443999822,-217.00667443999822
2021-04-29 13:00:00,1432A,SLD,19.0,241.072787529134,-222.072787529134
2021-04-29 14:00:00,1432A,SLD,16.0,241.08652859895926,-225.08652859895926
2021-04-29 15:00:00,1432A,SLD,15.0,240.50556767197386,-225.50556767197386
2021-04-29 16:00:00,1432A,SLD,17.0,239.65370873968146,-222.65370873968146
2021-04-29 17:00:00,1432A,SLD,16.0,239.82025719758585,-223.82025719758585
2021-04-29 18:00:00,1432A,SLD,22.0,239.2924975479644,-217.2924975479644
2021-04-29 19:00:00,1432A,SLD,18.0,240.3372459186239,-222.3372459186239
2021-04-29 20:00:00,1432A,SLD,16.0,242.5016091352199,-226.5016091352199
2021-04-29 21:00:00,1432A,SLD,18.0,243.2252671628703,-225.2252671628703
2021-04-29 22:00:00,1432A,SLD,28.0,241.99886246824255,-213.99886246824255
2021-04-29 23:00:00,1432A,SLD,34.0,241.5288171379048,-207.5288171379048
2021-04-30 00:00:00,1432A,SLD,34.0,241.62380669422978,-207.62380669422978
2021-04-30 01:00:00,1432A,SLD,44.0,242.73250045685006,-198.73250045685006
2021-04-30 02:00:00,1432A,SLD,70.0,243.54175796861963,-173.54175796861963
2021-04-30 03:00:00,1432A,SLD,84.0,243.16438418387077,-159.16438418387077
2021-04-30 04:00:00,1432A,SLD,91.0,242.3455383507219,-151.3455383507219
2021-04-30 05:00:00,1432A,SLD,106.0,242.90083743619823,-136.90083743619823
2021-04-30 06:00:00,1432A,SLD,97.0,243.60192354655607,-146.60192354655607
2021-04-30 07:00:00,1432A,SLD,94.0,242.56943860777105,-148.56943860777105
2021-04-30 08:00:00,1432A,SLD,91.0,242.4603703496684,-151.4603703496684
2021-04-30 09:00:00,1432A,SLD,81.0,243.10238369949258,-162.10238369949258
2021-04-30 10:00:00,1432A,SLD,69.0,243.79143657446642,-174.79143657446642
2021-04-30 11:00:00,1432A,SLD,60.0,244.18397890079424,-184.18397890079424
2021-04-30 12:00:00,1432A,SLD,48.0,243.13288449669156,-195.13288449669156
2021-04-30 13:00:00,1432A,SLD,50.0,242.19899758582733,-192.19899758582733
2021-04-30 14:00:00,1432A,SLD,51.0,242.2127386556526,-191.2127386556526
2021-04-30 15:00:00,1432A,SLD,42.0,241.6317777286672,-199.6317777286672
2021-04-30 16:00:00,1432A,SLD,31.0,240.7799187963748,-209.7799187963748
2021-04-30 17:00:00,1432A,SLD,34.0,240.94646725427918,-206.94646725427918
2021-04-30 18:00:00,1432A,SLD,36.0,240.41870760465773,-204.41870760465773
2021-04-30 19:00:00,1432A,SLD,38.0,241.46345597531723,-203.46345597531723
2021-04-30 20:00:00,1432A,SLD,44.0,243.62781919191323,-199.62781919191323
2021-04-30 21:00:00,1432A,SLD,48.0,244.35147721956363,-196.35147721956363
2021-04-30 22:00:00,1432A,SLD,46.0,243.1250725249359,-197.1250725249359
2021-04-30 23:00:00,1432A,SLD,49.0,242.65502719459815,-193.65502719459815
2021-05-01 00:00:00,1432A,SLD,58.0,242.75001675092312,-184.75001675092312
2021-05-01 01:00:00,1432A,SLD,61.0,243.8587105135434,-182.8587105135434
2021-05-01 02:00:00,1432A,SLD,65.0,244.66796802531297,-179.66796802531297
2021-05-01 03:00:00,1432A,SLD,66.0,244.2905942405641,-178.2905942405641
2021-05-01 04:00:00,1432A,SLD,71.0,243.47174840741525,-172.47174840741525
2021-05-01 05:00:00,1432A,SLD,73.0,244.02704749289157,-171.02704749289157
2021-05-01 06:00:00,1432A,SLD,81.0,244.7281336032494,-163.7281336032494
2021-05-01 07:00:00,1432A,SLD,84.0,243.6956486644644,-159.6956486644644
2021-05-01 08:00:00,1432A,SLD,89.0,243.58658040636175,-154.58658040636175
2021-05-01 09:00:00,1432A,SLD,93.0,244.22859375618592,-151.22859375618592
2021-05-01 10:00:00,1432A,SLD,92.0,244.91764663115976,-152.91764663115976
2021-05-01 11:00:00,1432A,SLD,80.0,245.31018895748758,-165.31018895748758
2021-05-01 12:00:00,1432A,SLD,64.0,244.2590945533849,-180.2590945533849
2021-05-01 13:00:00,1432A,SLD,50.0,243.32520764252067,-193.32520764252067
2021-05-01 14:00:00,1432A,SLD,,243.33894871234594,
2021-05-01 15:00:00,1432A,SLD,,242.75798778536054,
2021-05-01 16:00:00,1432A,SLD,,241.90612885306814,
2021-05-01 17:00:00,1432A,SLD,24.0,242.07267731097252,-218.07267731097252
2021-05-01 18:00:00,1432A,SLD,,241.54491766135106,
2021-05-01 19:00:00,1432A,SLD,,242.58966603201057,
2021-05-01 20:00:00,1432A,SLD,,244.75402924860657,
2021-05-01 21:00:00,1432A,SLD,42.0,245.47768727625697,-203.47768727625697
2021-05-01 22:00:00,1432A,SLD,46.0,244.25128258162923,-198.25128258162923
2021-05-01 23:00:00,1432A,SLD,46.0,243.7812372512915,-197.7812372512915
2021-05-02 00:00:00,1432A,SLD,47.0,243.87622680761646,-196.87622680761646
2021-05-02 01:00:00,1432A,SLD,54.0,244.98492057023674,-190.98492057023674
2021-05-02 02:00:00,1432A,SLD,58.0,245.7941780820063,-187.7941780820063
2021-05-02 03:00:00,1432A,SLD,66.0,245.41680429725744,-179.41680429725744
2021-05-02 04:00:00,1432A,SLD,86.0,244.5979584641086,-158.5979584641086
2021-05-02 05:00:00,1432A,SLD,117.0,245.1532575495849,-128.1532575495849
2021-05-02 06:00:00,1432A,SLD,134.0,245.85434365994274,-111.85434365994274
2021-05-02 07:00:00,1432A,SLD,111.0,244.82185872115772,-133.82185872115772
2021-05-02 08:00:00,1432A,SLD,92.0,244.7127904630551,-152.7127904630551
2021-05-02 09:00:00,1432A,SLD,87.0,245.35480381287925,-158.35480381287925
2021-05-02 10:00:00,1432A,SLD,64.0,246.0438566878531,-182.0438566878531
2021-05-02 11:00:00,1432A,SLD,54.0,246.43639901418092,-192.43639901418092
2021-05-02 12:00:00,1432A,SLD,40.0,245.38530461007824,-205.38530461007824
2021-05-02 13:00:00,1432A,SLD,39.0,244.451417699214,-205.451417699214
2021-05-02 14:00:00,1432A,SLD,40.0,244.46515876903928,-204.46515876903928
2021-05-02 15:00:00,1432A,SLD,42.0,243.88419784205388,-201.88419784205388
2021-05-02 16:00:00,1432A,SLD,46.0,243.03233890976148,-197.03233890976148
2021-05-02 17:00:00,1432A,SLD,48.0,243.19888736766586,-195.19888736766586
2021-05-02 18:00:00,1432A,SLD,48.0,242.6711277180444,-194.6711277180444
2021-05-02 19:00:00,1432A,SLD,57.0,243.7158760887039,-186.7158760887039
2021-05-02 20:00:00,1432A,SLD,40.0,245.8802393052999,-205.8802393052999
2021-05-02 21:00:00,1432A,SLD,48.0,246.6038973329503,-198.6038973329503
2021-05-02 22:00:00,1432A,SLD,46.0,245.37749263832256,-199.37749263832256
2021-05-02 23:00:00,1432A,SLD,51.0,244.90744730798482,-193.90744730798482
2021-05-03 00:00:00,1432A,SLD,56.0,245.0024368643098,-189.0024368643098
2021-05-03 01:00:00,1432A,SLD,68.0,246.11113062693008,-178.11113062693008
2021-05-03 02:00:00,1432A,SLD,69.0,246.92038813869965,-177.92038813869965
2021-05-03 03:00:00,1432A,SLD,43.0,246.54301435395078,-203.54301435395078
2021-05-03 04:00:00,1432A,SLD,29.0,245.72416852080192,-216.72416852080192
2021-05-03 05:00:00,1432A,SLD,26.0,246.27946760627825,-220.27946760627825
2021-05-03 06:00:00,1432A,SLD,26.0,246.98055371663608,-220.98055371663608
2021-05-03 07:00:00,1432A,SLD,24.0,245.94806877785106,-221.94806877785106
2021-05-03 08:00:00,1432A,SLD,27.0,245.83900051974842,-218.83900051974842
2021-05-03 09:00:00,1432A,SLD,30.0,246.4810138695726,-216.4810138695726
2021-05-03 10:00:00,1432A,SLD,25.0,247.17006674454643,-222.17006674454643
2021-05-03 11:00:00,1432A,SLD,21.0,247.56260907087426,-226.56260907087426
2021-05-03 12:00:00,1432A,SLD,16.0,246.51151466677157,-230.51151466677157
2021-05-03 13:00:00,1432A,SLD,18.0,245.57762775590734,-227.57762775590734
2021-05-03 14:00:00,1432A,SLD,21.0,245.59136882573262,-224.59136882573262
2021-05-03 15:00:00,1432A,SLD,23.0,245.01040789874722,-222.01040789874722
2021-05-03 16:00:00,1432A,SLD,22.0,244.15854896645482,-222.15854896645482
2021-05-03 17:00:00,1432A,SLD,25.0,244.3250974243592,-219.3250974243592
2021-05-03 18:00:00,1432A,SLD,23.0,243.79733777473774,-220.79733777473774
2021-05-03 19:00:00,1432A,SLD,23.0,244.84208614539725,-221.84208614539725
2021-05-03 20:00:00,1432A,SLD,28.0,247.00644936199325,-219.00644936199325
2021-05-03 21:00:00,1432A,SLD,43.0,247.73010738964365,-204.73010738964365
2021-05-03 22:00:00,1432A,SLD,33.0,246.5037026950159,-213.5037026950159
2021-05-03 23:00:00,1432A,SLD,39.0,246.03365736467816,-207.03365736467816
2021-05-04 00:00:00,1432A,SLD,39.0,246.12864692100314,-207.12864692100314
2021-05-04 01:00:00,1432A,SLD,39.0,247.23734068362342,-208.23734068362342
2021-05-04 02:00:00,1432A,SLD,38.0,248.046598195393,-210.046598195393
2021-05-04 03:00:00,1432A,SLD,39.0,247.66922441064412,-208.66922441064412
2021-05-04 04:00:00,1432A,SLD,22.0,246.85037857749526,-224.85037857749526
2021-05-04 05:00:00,1432A,SLD,19.0,247.40567766297158,-228.40567766297158
2021-05-04 06:00:00,1432A,SLD,27.0,248.10676377332942,-221.10676377332942
2021-05-04 07:00:00,1432A,SLD,29.0,247.0742788345444,-218.0742788345444
2021-05-04 08:00:00,1432A,SLD,27.0,246.96521057644176,-219.96521057644176
2021-05-04 09:00:00,1432A,SLD,31.0,247.60722392626593,-216.60722392626593
2021-05-04 10:00:00,1432A,SLD,33.0,248.29627680123977,-215.29627680123977
2021-05-04 11:00:00,1432A,SLD,35.0,248.6888191275676,-213.6888191275676
2021-05-04 12:00:00,1432A,SLD,35.0,247.6377247234649,-212.6377247234649
2021-05-04 13:00:00,1432A,SLD,36.0,246.70383781260068,-210.70383781260068
2021-05-04 14:00:00,1432A,SLD,42.0,246.71757888242595,-204.71757888242595
2021-05-04 15:00:00,1432A,SLD,37.0,246.13661795544056,-209.13661795544056
2021-05-04 16:00:00,1432A,SLD,36.0,245.28475902314815,-209.28475902314815
2021-05-04 17:00:00,1432A,SLD,36.0,245.45130748105254,-209.45130748105254
2021-05-04 18:00:00,1432A,SLD,36.0,244.92354783143108,-208.92354783143108
2021-05-04 19:00:00,1432A,SLD,,245.96829620209058,
2021-05-04 20:00:00,1432A,SLD,44.0,248.1326594186866,-204.1326594186866
2021-05-04 21:00:00,1432A,SLD,48.0,248.856317446337,-200.856317446337
2021-05-04 22:00:00,1432A,SLD,52.0,247.62991275170924,-195.62991275170924
2021-05-04 23:00:00,1432A,SLD,42.0,247.1598674213715,-205.1598674213715
2021-05-05 00:00:00,1432A,SLD,40.0,247.25485697769648,-207.25485697769648
2021-05-05 01:00:00,1432A,SLD,41.0,248.36355074031675,-207.36355074031675
2021-05-05 02:00:00,1432A,SLD,33.0,249.17280825208633,-216.17280825208633
2021-05-05 03:00:00,1432A,SLD,33.0,248.79543446733746,-215.79543446733746
2021-05-05 04:00:00,1432A,SLD,34.0,247.9765886341886,-213.9765886341886
2021-05-05 05:00:00,1432A,SLD,31.0,248.53188771966492,-217.53188771966492
2021-05-05 06:00:00,1432A,SLD,33.0,249.23297383002276,-216.23297383002276
2021-05-05 07:00:00,1432A,SLD,32.0,248.20048889123774,-216.20048889123774
2021-05-05 08:00:00,1432A,SLD,27.0,248.0914206331351,-221.0914206331351
2021-05-05 09:00:00,1432A,SLD,31.0,248.73343398295927,-217.73343398295927
2021-05-05 10:00:00,1432A,SLD,35.0,249.4224868579331,-214.4224868579331
2021-05-05 11:00:00,1432A,SLD,36.0,249.81502918426094,-213.81502918426094
2021-05-05 12:00:00,1432A,SLD,38.0,248.76393478015825,-210.76393478015825
2021-05-05 13:00:00,1432A,SLD,46.0,247.83004786929402,-201.83004786929402
2021-05-05 14:00:00,1432A,SLD,51.0,247.8437889391193,-196.8437889391193
2021-05-05 15:00:00,1432A,SLD,44.0,247.2628280121339,-203.2628280121339
2021-05-05 16:00:00,1432A,SLD,43.0,246.4109690798415,-203.4109690798415
2021-05-05 17:00:00,1432A,SLD,40.0,246.57751753774588,-206.57751753774588
2021-05-05 18:00:00,1432A,SLD,42.0,246.04975788812442,-204.04975788812442
2021-05-05 19:00:00,1432A,SLD,39.0,247.09450625878392,-208.09450625878392
2021-05-05 20:00:00,1432A,SLD,38.0,249.25886947537992,-211.25886947537992
2021-05-05 21:00:00,1432A,SLD,36.0,249.98252750303033,-213.98252750303033
2021-05-05 22:00:00,1432A,SLD,38.0,248.75612280840258,-210.75612280840258
2021-05-05 23:00:00,1432A,SLD,40.0,248.28607747806484,-208.28607747806484
2021-05-06 00:00:00,1432A,SLD,41.0,248.38106703438982,-207.38106703438982
2021-05-06 01:00:00,1432A,SLD,43.0,249.4897607970101,-206.4897607970101
2021-05-06 02:00:00,1432A,SLD,43.0,250.29901830877967,-207.29901830877967
2021-05-06 03:00:00,1432A,SLD,47.0,249.9216445240308,-202.9216445240308
2021-05-06 04:00:00,1432A,SLD,43.0,249.10279869088194,-206.10279869088194
2021-05-06 05:00:00,1432A,SLD,50.0,249.65809777635826,-199.65809777635826
2021-05-06 06:00:00,1432A,SLD,60.0,250.3591838867161,-190.3591838867161
2021-05-06 07:00:00,1432A,SLD,62.0,249.32669894793108,-187.32669894793108
2021-05-06 08:00:00,1432A,SLD,60.0,249.21763068982844,-189.21763068982844
2021-05-06 09:00:00,1432A,SLD,61.0,249.8596440396526,-188.8596440396526
2021-05-06 10:00:00,1432A,SLD,58.0,250.54869691462645,-192.54869691462645
2021-05-06 11:00:00,1432A,SLD,61.0,250.94123924095427,-189.94123924095427
2021-05-06 12:00:00,1432A,SLD,53.0,249.8901448368516,-196.8901448368516
2021-05-06 13:00:00,1432A,SLD,50.0,248.95625792598736,-198.95625792598736
2021-05-06 14:00:00,1432A,SLD,51.0,248.96999899581263,-197.96999899581263
2021-05-06 15:00:00,1432A,SLD,51.0,248.38903806882723,-197.38903806882723
2021-05-06 16:00:00,1432A,SLD,52.0,247.53717913653483,-195.53717913653483
2021-05-06 17:00:00,1432A,SLD,51.0,247.70372759443921,-196.70372759443921
2021-05-06 18:00:00,1432A,SLD,46.0,247.17596794481776,-201.17596794481776
2021-05-06 19:00:00,1432A,SLD,47.0,248.22071631547726,-201.22071631547726
2021-05-06 20:00:00,1432A,SLD,45.0,250.38507953207326,-205.38507953207326
2021-05-06 21:00:00,1432A,SLD,40.0,251.10873755972366,-211.10873755972366
2021-05-06 22:00:00,1432A,SLD,42.0,249.88233286509592,-207.88233286509592
2021-05-06 23:00:00,1432A,SLD,42.0,249.41228753475818,-207.41228753475818
2021-05-07 00:00:00,1432A,SLD,42.0,249.50727709108315,-207.50727709108315
2021-05-07 01:00:00,1432A,SLD,42.0,250.61597085370343,-208.61597085370343
2021-05-07 02:00:00,1432A,SLD,38.0,251.425228365473,-213.425228365473
2021-05-07 03:00:00,1432A,SLD,38.0,251.04785458072413,-213.04785458072413
2021-05-07 04:00:00,1432A,SLD,42.0,250.22900874757528,-208.22900874757528
2021-05-07 05:00:00,1432A,SLD,47.0,250.7843078330516,-203.7843078330516
2021-05-07 06:00:00,1432A,SLD,55.0,251.48539394340943,-196.48539394340943
2021-05-07 07:00:00,1432A,SLD,54.0,250.45290900462442,-196.45290900462442
2021-05-07 08:00:00,1432A,SLD,60.0,250.34384074652178,-190.34384074652178
2021-05-07 09:00:00,1432A,SLD,65.0,250.98585409634595,-185.98585409634595
2021-05-07 10:00:00,1432A,SLD,75.0,251.67490697131979,-176.67490697131979
2021-05-07 11:00:00,1432A,SLD,66.0,252.0674492976476,-186.0674492976476
2021-05-07 12:00:00,1432A,SLD,58.0,251.01635489354493,-193.01635489354493
2021-05-07 13:00:00,1432A,SLD,50.0,250.0824679826807,-200.0824679826807
2021-05-07 14:00:00,1432A,SLD,53.0,250.09620905250597,-197.09620905250597
2021-05-07 15:00:00,1432A,SLD,54.0,249.51524812552057,-195.51524812552057
2021-05-07 16:00:00,1432A,SLD,44.0,248.66338919322817,-204.66338919322817
2021-05-07 17:00:00,1432A,SLD,42.0,248.82993765113255,-206.82993765113255
2021-05-07 18:00:00,1432A,SLD,44.0,248.3021780015111,-204.3021780015111
2021-05-07 19:00:00,1432A,SLD,51.0,249.3469263721706,-198.3469263721706
2021-05-07 20:00:00,1432A,SLD,47.0,251.5112895887666,-204.5112895887666
2021-05-07 21:00:00,1432A,SLD,46.0,252.234947616417,-206.234947616417
2021-05-07 22:00:00,1432A,SLD,48.0,251.00854292178926,-203.00854292178926
2021-05-07 23:00:00,1432A,SLD,49.0,250.53849759145152,-201.53849759145152
2021-05-08 00:00:00,1432A,SLD,48.0,250.6334871477765,-202.6334871477765
2021-05-08 01:00:00,1432A,SLD,44.0,251.74218091039677,-207.74218091039677
2021-05-08 02:00:00,1432A,SLD,43.0,252.55143842216634,-209.55143842216634
2021-05-08 03:00:00,1432A,SLD,43.0,252.17406463741747,-209.17406463741747
2021-05-08 04:00:00,1432A,SLD,42.0,251.35521880426862,-209.35521880426862
2021-05-08 05:00:00,1432A,SLD,45.0,251.91051788974494,-206.91051788974494
2021-05-08 06:00:00,1432A,SLD,52.0,252.61160400010277,-200.61160400010277
2021-05-08 07:00:00,1432A,SLD,61.0,251.57911906131775,-190.57911906131775
2021-05-08 08:00:00,1432A,SLD,67.0,251.47005080321512,-184.47005080321512
2021-05-08 09:00:00,1432A,SLD,68.0,252.11206415303928,-184.11206415303928
2021-05-08 10:00:00,1432A,SLD,66.0,252.80111702801312,-186.80111702801312
2021-05-08 11:00:00,1432A,SLD,64.0,253.19365935434095,-189.19365935434095
2021-05-08 12:00:00,1432A,SLD,56.0,252.14256495023827,-196.14256495023827
2021-05-08 13:00:00,1432A,SLD,52.0,251.20867803937404,-199.20867803937404
2021-05-08 14:00:00,1432A,SLD,52.0,251.2224191091993,-199.2224191091993
2021-05-08 15:00:00,1432A,SLD,45.0,250.6414581822139,-205.6414581822139
2021-05-08 16:00:00,1432A,SLD,36.0,249.7895992499215,-213.7895992499215
2021-05-08 17:00:00,1432A,SLD,35.0,249.9561477078259,-214.9561477078259
2021-05-08 18:00:00,1432A,SLD,38.0,249.42838805820443,-211.42838805820443
2021-05-08 19:00:00,1432A,SLD,39.0,250.47313642886394,-211.47313642886394
2021-05-08 20:00:00,1432A,SLD,45.0,252.63749964545994,-207.63749964545994
2021-05-08 21:00:00,1432A,SLD,47.0,253.36115767311034,-206.36115767311034
2021-05-08 22:00:00,1432A,SLD,49.0,252.1347529784826,-203.1347529784826
2021-05-08 23:00:00,1432A,SLD,51.0,251.66470764814486,-200.66470764814486
2021-05-09 00:00:00,1432A,SLD,50.0,251.75969720446983,-201.75969720446983
2021-05-09 01:00:00,1432A,SLD,51.0,252.8683909670901,-201.8683909670901
2021-05-09 02:00:00,1432A,SLD,52.0,253.67764847885968,-201.67764847885968
2021-05-09 03:00:00,1432A,SLD,52.0,253.3002746941108,-201.3002746941108
2021-05-09 04:00:00,1432A,SLD,54.0,252.48142886096196,-198.48142886096196
2021-05-09 05:00:00,1432A,SLD,57.0,253.03672794643828,-196.03672794643828
2021-05-09 06:00:00,1432A,SLD,61.0,253.7378140567961,-192.7378140567961
2021-05-09 07:00:00,1432A,SLD,63.0,252.7053291180111,-189.7053291180111
2021-05-09 08:00:00,1432A,SLD,80.0,252.59626085990845,-172.59626085990845
2021-05-09 09:00:00,1432A,SLD,70.0,253.23827420973262,-183.23827420973262
2021-05-09 10:00:00,1432A,SLD,70.0,253.92732708470646,-183.92732708470646
2021-05-09 11:00:00,1432A,SLD,69.0,254.3198694110343,-185.3198694110343
2021-05-09 12:00:00,1432A,SLD,65.0,253.2687750069316,-188.2687750069316
2021-05-09 13:00:00,1432A,SLD,60.0,252.33488809606737,-192.33488809606737
2021-05-09 14:00:00,1432A,SLD,56.0,252.34862916589265,-196.34862916589265
2021-05-09 15:00:00,1432A,SLD,57.0,251.76766823890725,-194.76766823890725
2021-05-09 16:00:00,1432A,SLD,49.0,250.91580930661485,-201.91580930661485
2021-05-09 17:00:00,1432A,SLD,44.0,251.08235776451923,-207.08235776451923
2021-05-09 18:00:00,1432A,SLD,38.0,250.55459811489777,-212.55459811489777
2021-05-09 19:00:00,1432A,SLD,42.0,251.59934648555728,-209.59934648555728
2021-05-09 20:00:00,1432A,SLD,46.0,253.76370970215328,-207.76370970215328
2021-05-09 21:00:00,1432A,SLD,44.0,254.48736772980368,-210.48736772980368
2021-05-09 22:00:00,1432A,SLD,49.0,253.26096303517593,-204.26096303517593
2021-05-09 23:00:00,1432A,SLD,57.0,252.7909177048382,-195.7909177048382
2021-05-10 00:00:00,1432A,SLD,69.0,252.88590726116317,-183.88590726116317
2021-05-10 01:00:00,1432A,SLD,81.0,253.99460102378345,-172.99460102378345
2021-05-10 02:00:00,1432A,SLD,95.0,254.80385853555302,-159.80385853555302
2021-05-10 03:00:00,1432A,SLD,82.0,254.42648475080415,-172.42648475080415
2021-05-10 04:00:00,1432A,SLD,56.0,253.6076389176553,-197.6076389176553
2021-05-10 05:00:00,1432A,SLD,57.0,254.16293800313161,-197.16293800313161
2021-05-10 06:00:00,1432A,SLD,74.0,254.86402411348945,-180.86402411348945
2021-05-10 07:00:00,1432A,SLD,115.0,253.83153917470443,-138.83153917470443
2021-05-10 08:00:00,1432A,SLD,117.0,253.7224709166018,-136.7224709166018
2021-05-10 09:00:00,1432A,SLD,106.0,254.36448426642596,-148.36448426642596
2021-05-10 10:00:00,1432A,SLD,115.0,255.0535371413998,-140.0535371413998
2021-05-10 11:00:00,1432A,SLD,110.0,255.44607946772763,-145.44607946772763
2021-05-10 12:00:00,1432A,SLD,95.0,254.39498506362494,-159.39498506362494
2021-05-10 13:00:00,1432A,SLD,52.0,253.4610981527607,-201.4610981527607
2021-05-10 14:00:00,1432A,SLD,91.0,253.47483922258598,-162.47483922258598
2021-05-10 15:00:00,1432A,SLD,80.0,252.8938782956006,-172.8938782956006
2021-05-10 16:00:00,1432A,SLD,34.0,252.04201936330819,-218.04201936330819
2021-05-10 17:00:00,1432A,SLD,22.0,252.20856782121257,-230.20856782121257
2021-05-10 18:00:00,1432A,SLD,22.0,251.6808081715911,-229.6808081715911
2021-05-10 19:00:00,1432A,SLD,21.0,252.72555654225062,-231.72555654225062
2021-05-10 20:00:00,1432A,SLD,22.0,254.88991975884662,-232.88991975884662
2021-05-10 21:00:00,1432A,SLD,19.0,255.61357778649702,-236.61357778649702
2021-05-10 22:00:00,1432A,SLD,18.0,254.38717309186927,-236.38717309186927
2021-05-10 23:00:00,1432A,SLD,24.0,253.91712776153153,-229.91712776153153
2021-05-11 00:00:00,1432A,SLD,33.0,254.0121173178565,-221.0121173178565
2021-05-11 01:00:00,1432A,SLD,34.0,255.12081108047678,-221.12081108047678
2021-05-11 02:00:00,1432A,SLD,34.0,255.93006859224636,-221.93006859224636
2021-05-11 03:00:00,1432A,SLD,23.0,255.5526948074975,-232.5526948074975
2021-05-11 04:00:00,1432A,SLD,14.0,254.73384897434863,-240.73384897434863
2021-05-11 05:00:00,1432A,SLD,16.0,255.28914805982495,-239.28914805982495
2021-05-11 06:00:00,1432A,SLD,19.0,255.9902341701828,-236.9902341701828
2021-05-11 07:00:00,1432A,SLD,24.0,254.95774923139777,-230.95774923139777
2021-05-11 08:00:00,1432A,SLD,26.0,254.84868097329513,-228.84868097329513
2021-05-11 09:00:00,1432A,SLD,17.0,255.4906943231193,-238.4906943231193
2021-05-11 10:00:00,1432A,SLD,17.0,256.17974719809314,-239.17974719809314
2021-05-11 11:00:00,1432A,SLD,17.0,256.57228952442097,-239.57228952442097
2021-05-11 12:00:00,1432A,SLD,18.0,255.52119512031828,-237.52119512031828
2021-05-11 13:00:00,1432A,SLD,20.0,254.58730820945405,-234.58730820945405
2021-05-11 14:00:00,1432A,SLD,24.0,254.60104927927932,-230.60104927927932
2021-05-11 15:00:00,1432A,SLD,26.0,254.02008835229393,-228.02008835229393
2021-05-11 16:00:00,1432A,SLD,23.0,253.16822942000152,-230.16822942000152
2021-05-11 17:00:00,1432A,SLD,24.0,253.3347778779059,-229.3347778779059
2021-05-11 18:00:00,1432A,SLD,23.0,252.80701822828445,-229.80701822828445
2021-05-11 19:00:00,1432A,SLD,20.0,253.85176659894395,-233.85176659894395
2021-05-11 20:00:00,1432A,SLD,17.0,256.01612981553995,-239.01612981553995
2021-05-11 21:00:00,1432A,SLD,19.0,256.73978784319036,-237.73978784319036
2021-05-11 22:00:00,1432A,SLD,21.0,255.5133831485626,-234.5133831485626
2021-05-11 23:00:00,1432A,SLD,20.0,255.04333781822487,-235.04333781822487
2021-05-12 00:00:00,1432A,SLD,21.0,255.13832737454985,-234.13832737454985
2021-05-12 01:00:00,1432A,SLD,24.0,256.2470211371701,-232.24702113717012
2021-05-12 02:00:00,1432A,SLD,25.0,257.05627864893967,-232.05627864893967
2021-05-12 03:00:00,1432A,SLD,25.0,256.67890486419077,-231.67890486419077
2021-05-12 04:00:00,1432A,SLD,28.0,255.8600590310419,-227.8600590310419
2021-05-12 05:00:00,1432A,SLD,38.0,256.41535811651823,-218.41535811651823
2021-05-12 06:00:00,1432A,SLD,41.0,257.11644422687607,-216.11644422687607
2021-05-12 07:00:00,1432A,SLD,46.0,256.083959288091,-210.08395928809102
2021-05-12 08:00:00,1432A,SLD,46.0,255.97489102998838,-209.97489102998838
2021-05-12 09:00:00,1432A,SLD,40.0,256.6169043798126,-216.61690437981258
2021-05-12 10:00:00,1432A,SLD,46.0,257.3059572547864,-211.3059572547864
2021-05-12 11:00:00,1432A,SLD,59.0,257.6984995811142,-198.69849958111422
2021-05-12 12:00:00,1432A,SLD,72.0,256.64740517701154,-184.64740517701154
2021-05-12 13:00:00,1432A,SLD,76.0,255.7135182661473,-179.7135182661473
2021-05-12 14:00:00,1432A,SLD,63.0,255.72725933597258,-192.72725933597258
2021-05-12 15:00:00,1432A,SLD,55.0,255.14629840898718,-200.14629840898718
2021-05-12 16:00:00,1432A,SLD,42.0,254.29443947669478,-212.29443947669478
2021-05-12 17:00:00,1432A,SLD,29.0,254.46098793459916,-225.46098793459916
2021-05-12 18:00:00,1432A,SLD,33.0,253.9332282849777,-220.9332282849777
2021-05-12 19:00:00,1432A,SLD,33.0,254.9779766556372,-221.9779766556372
2021-05-12 20:00:00,1432A,SLD,33.0,257.1423398722332,-224.1423398722332
2021-05-12 21:00:00,1432A,SLD,35.0,257.8659978998836,-222.8659978998836
2021-05-12 22:00:00,1432A,SLD,37.0,256.6395932052559,-219.6395932052559
2021-05-12 23:00:00,1432A,SLD,43.0,256.1695478749181,-213.16954787491812
2021-05-13 00:00:00,1432A,SLD,60.0,256.2645374312431,-196.26453743124313
2021-05-13 01:00:00,1432A,SLD,66.0,257.37323119386343,-191.37323119386343
2021-05-13 02:00:00,1432A,SLD,70.0,258.182488705633,-188.18248870563298
2021-05-13 03:00:00,1432A,SLD,73.0,257.8051149208841,-184.80511492088408
2021-05-13 04:00:00,1432A,SLD,66.0,256.98626908773525,-190.98626908773525
2021-05-13 05:00:00,1432A,SLD,63.0,257.54156817321154,-194.54156817321154
2021-05-13 06:00:00,1432A,SLD,53.0,258.2426542835694,-205.24265428356938
2021-05-13 07:00:00,1432A,SLD,50.0,257.21016934478433,-207.21016934478433
2021-05-13 08:00:00,1432A,SLD,52.0,257.1011010866817,-205.1011010866817
2021-05-13 09:00:00,1432A,SLD,55.0,257.7431144365059,-202.7431144365059
2021-05-13 10:00:00,1432A,SLD,57.0,258.4321673114797,-201.4321673114797
2021-05-13 11:00:00,1432A,SLD,58.0,258.82470963780753,-200.82470963780753
2021-05-13 12:00:00,1432A,SLD,58.0,257.77361523370485,-199.77361523370485
2021-05-13 13:00:00,1432A,SLD,69.0,256.83972832284064,-187.83972832284064
2021-05-13 14:00:00,1432A,SLD,83.0,256.8534693926659,-173.8534693926659
2021-05-13 15:00:00,1432A,SLD,92.0,256.27250846568046,-164.27250846568046
2021-05-13 16:00:00,1432A,SLD,80.0,255.42064953338806,-175.42064953338806
2021-05-13 17:00:00,1432A,SLD,69.0,255.58719799129244,-186.58719799129244
2021-05-13 18:00:00,1432A,SLD,69.0,255.05943834167098,-186.05943834167098
2021-05-13 19:00:00,1432A,SLD,57.0,256.1041867123305,-199.1041867123305
2021-05-13 20:00:00,1432A,SLD,52.0,258.26854992892646,-206.26854992892646
2021-05-13 21:00:00,1432A,SLD,59.0,258.99220795657686,-199.99220795657686
2021-05-13 22:00:00,1432A,SLD,66.0,257.76580326194915,-191.76580326194915
2021-05-13 23:00:00,1432A,SLD,69.0,257.2957579316114,-188.29575793161138
2021-05-14 00:00:00,1432A,SLD,66.0,257.3907474879364,-191.39074748793638
2021-05-14 01:00:00,1432A,SLD,69.0,258.4994412505567,-189.49944125055669
2021-05-14 02:00:00,1432A,SLD,87.0,259.30869876232623,-172.30869876232623
2021-05-14 03:00:00,1432A,SLD,95.0,258.93132497757733,-163.93132497757733
2021-05-14 04:00:00,1432A,SLD,94.0,258.1124791444285,-164.1124791444285
2021-05-14 05:00:00,1432A,SLD,88.0,258.6677782299048,-170.6677782299048
2021-05-14 06:00:00,1432A,SLD,79.0,259.36886434026263,-180.36886434026263
2021-05-14 07:00:00,1432A,SLD,72.0,258.3363794014776,-186.3363794014776
2021-05-14 08:00:00,1432A,SLD,68.0,258.22731114337495,-190.22731114337495
2021-05-14 09:00:00,1432A,SLD,52.0,258.86932449319914,-206.86932449319914
2021-05-14 10:00:00,1432A,SLD,49.0,259.55837736817296,-210.55837736817296
2021-05-14 11:00:00,1432A,SLD,54.0,259.9509196945008,-205.95091969450078
2021-05-14 12:00:00,1432A,SLD,53.0,258.8998252903981,-205.8998252903981
2021-05-14 13:00:00,1432A,SLD,56.0,257.9659383795339,-201.9659383795339
2021-05-14 14:00:00,1432A,SLD,56.0,257.97967944935914,-201.97967944935914
2021-05-14 15:00:00,1432A,SLD,56.0,257.3987185223737,-201.3987185223737
2021-05-14 16:00:00,1432A,SLD,56.0,256.5468595900813,-200.54685959008128
2021-05-14 17:00:00,1432A,SLD,53.0,256.71340804798564,-203.71340804798564
2021-05-14 18:00:00,1432A,SLD,51.0,256.18564839836415,-205.18564839836415
2021-05-14 19:00:00,1432A,SLD,61.0,257.2303967690236,-196.23039676902363
2021-05-14 20:00:00,1432A,SLD,57.0,259.3947599856196,-202.3947599856196
2021-05-14 21:00:00,1432A,SLD,55.0,260.11841801327,-205.11841801327
2021-05-14 22:00:00,1432A,SLD,53.0,258.8920133186423,-205.89201331864228
2021-05-14 23:00:00,1432A,SLD,54.0,258.4219679883045,-204.42196798830452
2021-05-15 00:00:00,1432A,SLD,56.0,258.5169575446295,-202.51695754462952
2021-05-15 01:00:00,1432A,SLD,57.0,259.6256513072498,-202.62565130724983
2021-05-15 02:00:00,1432A,SLD,53.0,260.43490881901937,-207.43490881901937
2021-05-15 03:00:00,1432A,SLD,40.0,260.0575350342705,-220.05753503427047
2021-05-15 04:00:00,1432A,SLD,22.0,259.23868920112164,-237.23868920112164
2021-05-15 05:00:00,1432A,SLD,12.0,259.79398828659794,-247.79398828659794
2021-05-15 06:00:00,1432A,SLD,13.0,260.4950743969558,-247.49507439695577
2021-05-15 07:00:00,1432A,SLD,14.0,259.4625894581707,-245.46258945817073
2021-05-15 08:00:00,1432A,SLD,19.0,259.3535212000681,-240.3535212000681
2021-05-15 09:00:00,1432A,SLD,18.0,259.9955345498923,-241.99553454989228
2021-05-15 10:00:00,1432A,SLD,17.0,260.6845874248661,-243.6845874248661
2021-05-15 11:00:00,1432A,SLD,9.0,261.0771297511939,-252.07712975119392
2021-05-15 12:00:00,1432A,SLD,6.0,260.02603534709124,-254.02603534709124
2021-05-15 13:00:00,1432A,SLD,7.0,259.09214843622703,-252.09214843622703
2021-05-15 14:00:00,1432A,SLD,7.0,259.1058895060523,-252.10588950605228
2021-05-15 15:00:00,1432A,SLD,5.0,258.52492857906685,-253.52492857906685
2021-05-15 16:00:00,1432A,SLD,7.0,257.6730696467744,-250.67306964677442
2021-05-15 17:00:00,1432A,SLD,6.0,257.8396181046788,-251.83961810467878
2021-05-15 18:00:00,1432A,SLD,12.0,257.3118584550573,-245.3118584550573
2021-05-15 19:00:00,1432A,SLD,20.0,258.35660682571677,-238.35660682571677
2021-05-15 20:00:00,1432A,SLD,19.0,260.52097004231274,-241.52097004231274
2021-05-15 21:00:00,1432A,SLD,29.0,261.24462806996314,-232.24462806996314
2021-05-15 22:00:00,1432A,SLD,15.0,260.0182233753354,-245.01822337533542
2021-05-15 23:00:00,1432A,SLD,5.0,259.54817804499766,-254.54817804499766
2021-05-16 00:00:00,1432A,SLD,6.0,259.64316760132266,-253.64316760132266
2021-05-16 01:00:00,1432A,SLD,7.0,260.75186136394296,-253.75186136394296
2021-05-16 02:00:00,1432A,SLD,6.0,261.5611188757125,-255.5611188757125
2021-05-16 03:00:00,1432A,SLD,10.0,261.1837450909636,-251.1837450909636
2021-05-16 04:00:00,1432A,SLD,11.0,260.3648992578148,-249.36489925781478
2021-05-16 05:00:00,1432A,SLD,22.0,260.9201983432911,-238.92019834329108
2021-05-16 06:00:00,1432A,SLD,20.0,261.6212844536489,-241.6212844536489
2021-05-16 07:00:00,1432A,SLD,17.0,260.58879951486387,-243.58879951486387
2021-05-16 08:00:00,1432A,SLD,15.0,260.4797312567612,-245.47973125676123
2021-05-16 09:00:00,1432A,SLD,13.0,261.1217446065854,-248.12174460658542
2021-05-16 10:00:00,1432A,SLD,14.0,261.81079748155923,-247.81079748155923
2021-05-16 11:00:00,1432A,SLD,14.0,262.20333980788706,-248.20333980788706
2021-05-16 12:00:00,1432A,SLD,15.0,261.1522454037844,-246.15224540378438
2021-05-16 13:00:00,1432A,SLD,17.0,260.2183584929202,-243.21835849292017
2021-05-16 14:00:00,1432A,SLD,19.0,260.2320995627454,-241.23209956274542
2021-05-16 15:00:00,1432A,SLD,15.0,259.65113863576,-244.65113863576
2021-05-16 16:00:00,1432A,SLD,16.0,258.79927970346756,-242.79927970346756
2021-05-16 17:00:00,1432A,SLD,14.0,258.9658281613719,-244.96582816137192
2021-05-16 18:00:00,1432A,SLD,12.0,258.43806851175043,-246.43806851175043
2021-05-16 19:00:00,1432A,SLD,14.0,259.4828168824099,-245.4828168824099
2021-05-16 20:00:00,1432A,SLD,13.0,261.6471800990059,-248.64718009900588
2021-05-16 21:00:00,1432A,SLD,19.0,262.3708381266563,-243.37083812665628
2021-05-16 22:00:00,1432A,SLD,23.0,261.14443343202856,-238.14443343202856
2021-05-16 23:00:00,1432A,SLD,28.0,260.6743881016908,-232.6743881016908
2021-05-17 00:00:00,1432A,SLD,32.0,260.7693776580158,-228.7693776580158
2021-05-17 01:00:00,1432A,SLD,31.0,261.8780714206361,-230.8780714206361
2021-05-17 02:00:00,1432A,SLD,14.0,262.68732893240565,-248.68732893240565
2021-05-17 03:00:00,1432A,SLD,11.0,262.30995514765675,-251.30995514765675
2021-05-17 04:00:00,1432A,SLD,13.0,261.4911093145079,-248.49110931450792
2021-05-17 05:00:00,1432A,SLD,13.0,262.0464083999842,-249.04640839998422
2021-05-17 06:00:00,1432A,SLD,13.0,262.74749451034205,-249.74749451034205
2021-05-17 07:00:00,1432A,SLD,14.0,261.715009571557,-247.715009571557
2021-05-17 08:00:00,1432A,SLD,19.0,261.60594131345437,-242.60594131345437
2021-05-17 09:00:00,1432A,SLD,25.0,262.24795466327856,-237.24795466327856
2021-05-17 10:00:00,1432A,SLD,18.0,262.9370075382524,-244.93700753825237
2021-05-17 11:00:00,1432A,SLD,17.0,263.3295498645802,-246.3295498645802
2021-05-17 12:00:00,1432A,SLD,15.0,262.2784554604775,-247.27845546047752
2021-05-17 13:00:00,1432A,SLD,11.0,261.3445685496133,-250.3445685496133
2021-05-17 14:00:00,1432A,SLD,11.0,261.35830961943856,-250.35830961943856
2021-05-17 15:00:00,1432A,SLD,11.0,260.77734869245313,-249.77734869245313
2021-05-17 16:00:00,1432A,SLD,13.0,259.9254897601607,-246.9254897601607
2021-05-17 17:00:00,1432A,SLD,12.0,260.09203821806506,-248.09203821806506
2021-05-17 18:00:00,1432A,SLD,14.0,259.56427856844357,-245.56427856844357
2021-05-17 19:00:00,1432A,SLD,17.0,260.60902693910305,-243.60902693910305
2021-05-17 20:00:00,1432A,SLD,17.0,262.773390155699,-245.77339015569902
2021-05-17 21:00:00,1432A,SLD,21.0,263.4970481833494,-242.49704818334942
2021-05-17 22:00:00,1432A,SLD,30.0,262.2706434887217,-232.2706434887217
2021-05-17 23:00:00,1432A,SLD,32.0,261.80059815838393,-229.80059815838393
2021-05-18 00:00:00,1432A,SLD,31.0,261.89558771470894,-230.89558771470894
2021-05-18 01:00:00,1432A,SLD,,263.00428147732924,
2021-05-18 02:00:00,1432A,SLD,,263.8135389890988,
2021-05-18 03:00:00,1432A,SLD,,263.4361652043499,
2021-05-18 04:00:00,1432A,SLD,,262.61731937120106,
2021-05-18 05:00:00,1432A,SLD,,263.17261845667736,
2021-05-18 06:00:00,1432A,SLD,,263.8737045670352,
2021-05-18 07:00:00,1432A,SLD,,262.84121962825014,
2021-05-18 08:00:00,1432A,SLD,9.0,262.7321513701475,-253.7321513701475
2021-05-18 09:00:00,1432A,SLD,6.0,263.3741647199717,-257.3741647199717
2021-05-18 10:00:00,1432A,SLD,,264.0632175949455,
2021-05-18 11:00:00,1432A,SLD,,264.45575992127334,
2021-05-18 12:00:00,1432A,SLD,,263.40466551717066,
2021-05-18 13:00:00,1432A,SLD,,262.47077860630645,
2021-05-18 14:00:00,1432A,SLD,,262.4845196761317,
2021-05-18 15:00:00,1432A,SLD,,261.90355874914627,
2021-05-18 16:00:00,1432A,SLD,,261.05169981685384,
2021-05-18 17:00:00,1432A,SLD,6.0,261.2182482747582,-255.2182482747582
2021-05-18 18:00:00,1432A,SLD,13.0,260.6904886251367,-247.6904886251367
2021-05-18 19:00:00,1432A,SLD,16.0,261.7352369957962,-245.73523699579619
2021-05-18 20:00:00,1432A,SLD,18.0,263.89960021239216,-245.89960021239216
2021-05-18 21:00:00,1432A,SLD,26.0,264.62325824004256,-238.62325824004256
2021-05-18 22:00:00,1432A,SLD,24.0,263.39685354541484,-239.39685354541484
2021-05-18 23:00:00,1432A,SLD,20.0,262.9268082150771,-242.92680821507707
2021-05-19 00:00:00,1432A,SLD,22.0,263.0217977714021,-241.02179777140208
2021-05-19 01:00:00,1432A,SLD,30.0,264.1304915340224,-234.13049153402238
2021-05-19 02:00:00,1432A,SLD,30.0,264.9397490457919,-234.93974904579193
2021-05-19 03:00:00,1432A,SLD,32.0,264.56237526104303,-232.56237526104303
2021-05-19 04:00:00,1432A,SLD,48.0,263.7435294278942,-215.7435294278942
2021-05-19 05:00:00,1432A,SLD,67.0,264.2988285133705,-197.2988285133705
2021-05-19 06:00:00,1432A,SLD,72.0,264.99991462372833,-192.99991462372833
2021-05-19 07:00:00,1432A,SLD,66.0,263.9674296849433,-197.96742968494328
2021-05-19 08:00:00,1432A,SLD,70.0,263.85836142684064,-193.85836142684064
2021-05-19 09:00:00,1432A,SLD,80.0,264.50037477666484,-184.50037477666484
2021-05-19 10:00:00,1432A,SLD,82.0,265.18942765163865,-183.18942765163865
2021-05-19 11:00:00,1432A,SLD,82.0,265.5819699779665,-183.58196997796648
2021-05-19 12:00:00,1432A,SLD,,264.5308755738638,
2021-05-19 13:00:00,1432A,SLD,74.0,263.5969886629996,-189.5969886629996
2021-05-19 14:00:00,1432A,SLD,62.0,263.61072973282484,-201.61072973282484
2021-05-19 15:00:00,1432A,SLD,75.0,263.0297688058394,-188.0297688058394
2021-05-19 16:00:00,1432A,SLD,79.0,262.177909873547,-183.17790987354698
2021-05-19 17:00:00,1432A,SLD,75.0,262.34445833145134,-187.34445833145134
2021-05-19 18:00:00,1432A,SLD,73.0,261.81669868182985,-188.81669868182985
2021-05-19 19:00:00,1432A,SLD,76.0,262.8614470524893,-186.86144705248932
2021-05-19 20:00:00,1432A,SLD,71.0,265.0258102690853,-194.0258102690853
2021-05-19 21:00:00,1432A,SLD,51.0,265.7494682967357,-214.7494682967357
2021-05-19 22:00:00,1432A,SLD,51.0,264.523063602108,-213.52306360210798
2021-05-19 23:00:00,1432A,SLD,72.0,264.0530182717702,-192.0530182717702
2021-05-20 00:00:00,1432A,SLD,80.0,264.1480078280952,-184.14800782809522
2021-05-20 01:00:00,1432A,SLD,85.0,265.2567015907155,-180.25670159071552
2021-05-20 02:00:00,1432A,SLD,92.0,266.06595910248507,-174.06595910248507
2021-05-20 03:00:00,1432A,SLD,94.0,265.68858531773617,-171.68858531773617
2021-05-20 04:00:00,1432A,SLD,86.0,264.86973948458734,-178.86973948458734
2021-05-20 05:00:00,1432A,SLD,88.0,265.42503857006363,-177.42503857006363
2021-05-20 06:00:00,1432A,SLD,88.0,266.12612468042147,-178.12612468042147
2021-05-20 07:00:00,1432A,SLD,86.0,265.0936397416364,-179.09363974163642
2021-05-20 08:00:00,1432A,SLD,79.0,264.9845714835338,-185.98457148353378
2021-05-20 09:00:00,1432A,SLD,71.0,265.626584833358,-194.62658483335798
2021-05-20 10:00:00,1432A,SLD,69.0,266.3156377083318,-197.3156377083318
2021-05-20 11:00:00,1432A,SLD,68.0,266.7081800346596,-198.70818003465962
2021-05-20 12:00:00,1432A,SLD,55.0,265.65708563055694,-210.65708563055694
2021-05-20 13:00:00,1432A,SLD,28.0,264.72319871969273,-236.72319871969273
2021-05-20 14:00:00,1432A,SLD,23.0,264.736939789518,-241.73693978951798
2021-05-20 15:00:00,1432A,SLD,26.0,264.15597886253255,-238.15597886253255
2021-05-20 16:00:00,1432A,SLD,31.0,263.3041199302401,-232.30411993024012
2021-05-20 17:00:00,1432A,SLD,27.0,263.4706683881445,-236.47066838814447
2021-05-20 18:00:00,1432A,SLD,28.0,262.942908738523,-234.942908738523
2021-05-20 19:00:00,1432A,SLD,25.0,263.98765710918246,-238.98765710918246
2021-05-20 20:00:00,1432A,SLD,30.0,266.15202032577844,-236.15202032577844
2021-05-20 21:00:00,1432A,SLD,52.0,266.87567835342884,-214.87567835342884
2021-05-20 22:00:00,1432A,SLD,44.0,265.6492736588011,-221.64927365880112
2021-05-20 23:00:00,1432A,SLD,46.0,265.17922832846335,-219.17922832846335
2021-05-21 00:00:00,1432A,SLD,45.0,265.27421788478836,-220.27421788478836
2021-05-21 01:00:00,1432A,SLD,46.0,266.38291164740866,-220.38291164740866
2021-05-21 02:00:00,1432A,SLD,50.0,267.1921691591782,-217.1921691591782
2021-05-21 03:00:00,1432A,SLD,54.0,266.8147953744293,-212.8147953744293
2021-05-21 04:00:00,1432A,SLD,60.0,265.9959495412805,-205.99594954128048
2021-05-21 05:00:00,1432A,SLD,43.0,266.5512486267568,-223.55124862675677
2021-05-21 06:00:00,1432A,SLD,37.0,267.2523347371146,-230.2523347371146
2021-05-21 07:00:00,1432A,SLD,40.0,266.21984979832956,-226.21984979832956
2021-05-21 08:00:00,1432A,SLD,41.0,266.1107815402269,-225.11078154022692
2021-05-21 09:00:00,1432A,SLD,36.0,266.7527948900511,-230.75279489005112
2021-05-21 10:00:00,1432A,SLD,48.0,267.44184776502493,-219.44184776502493
2021-05-21 11:00:00,1432A,SLD,59.0,267.83439009135276,-208.83439009135276
2021-05-21 12:00:00,1432A,SLD,52.0,266.7832956872501,-214.78329568725007
2021-05-21 13:00:00,1432A,SLD,58.0,265.84940877638587,-207.84940877638587
2021-05-21 14:00:00,1432A,SLD,60.0,265.8631498462111,-205.86314984621112
2021-05-21 15:00:00,1432A,SLD,66.0,265.2821889192257,-199.2821889192257
2021-05-21 16:00:00,1432A,SLD,59.0,264.43032998693326,-205.43032998693326
2021-05-21 17:00:00,1432A,SLD,48.0,264.5968784448376,-216.5968784448376
2021-05-21 18:00:00,1432A,SLD,61.0,264.0691187952161,-203.06911879521613
2021-05-21 19:00:00,1432A,SLD,56.0,265.1138671658756,-209.1138671658756
2021-05-21 20:00:00,1432A,SLD,36.0,267.2782303824716,-231.27823038247158
2021-05-21 21:00:00,1432A,SLD,42.0,268.001888410122,-226.00188841012198
2021-05-21 22:00:00,1432A,SLD,43.0,266.77548371549426,-223.77548371549426
2021-05-21 23:00:00,1432A,SLD,40.0,266.3054383851565,-226.3054383851565
2021-05-22 00:00:00,1432A,SLD,36.0,266.4004279414815,-230.4004279414815
2021-05-22 01:00:00,1432A,SLD,37.0,267.5091217041018,-230.5091217041018
2021-05-22 02:00:00,1432A,SLD,33.0,268.31837921587135,-235.31837921587135
2021-05-22 03:00:00,1432A,SLD,33.0,267.94100543112245,-234.94100543112245
2021-05-22 04:00:00,1432A,SLD,35.0,267.1221595979736,-232.12215959797362
2021-05-22 05:00:00,1432A,SLD,38.0,267.6774586834499,-229.6774586834499
2021-05-22 06:00:00,1432A,SLD,39.0,268.37854479380775,-229.37854479380775
2021-05-22 07:00:00,1432A,SLD,41.0,267.3460598550227,-226.3460598550227
2021-05-22 08:00:00,1432A,SLD,36.0,267.23699159692006,-231.23699159692006
2021-05-22 09:00:00,1432A,SLD,37.0,267.87900494674426,-230.87900494674426
2021-05-22 10:00:00,1432A,SLD,45.0,268.56805782171807,-223.56805782171807
2021-05-22 11:00:00,1432A,SLD,48.0,268.9606001480459,-220.9606001480459
2021-05-22 12:00:00,1432A,SLD,46.0,267.9095057439432,-221.9095057439432
2021-05-22 13:00:00,1432A,SLD,46.0,266.975618833079,-220.975618833079
2021-05-22 14:00:00,1432A,SLD,70.0,266.98935990290425,-196.98935990290425
2021-05-22 15:00:00,1432A,SLD,71.0,266.40839897591883,-195.40839897591883
2021-05-22 16:00:00,1432A,SLD,57.0,265.5565400436264,-208.5565400436264
2021-05-22 17:00:00,1432A,SLD,64.0,265.72308850153075,-201.72308850153075
2021-05-22 18:00:00,1432A,SLD,53.0,265.19532885190927,-212.19532885190927
2021-05-22 19:00:00,1432A,SLD,52.0,266.24007722256874,-214.24007722256874
2021-05-22 20:00:00,1432A,SLD,38.0,268.4044404391647,-230.40444043916472
2021-05-22 21:00:00,1432A,SLD,22.0,269.1280984668151,-247.12809846681512
2021-05-22 22:00:00,1432A,SLD,30.0,267.9016937721874,-237.9016937721874
2021-05-22 23:00:00,1432A,SLD,33.0,267.43164844184963,-234.43164844184963
2021-05-23 00:00:00,1432A,SLD,30.0,267.52663799817464,-237.52663799817464
2021-05-23 01:00:00,1432A,SLD,26.0,268.63533176079494,-242.63533176079494
2021-05-23 02:00:00,1432A,SLD,32.0,269.4445892725645,-237.44458927256449
2021-05-23 03:00:00,1432A,SLD,12.0,269.0672154878156,-257.0672154878156
2021-05-23 04:00:00,1432A,SLD,6.0,268.24836965466676,-262.24836965466676
2021-05-23 05:00:00,1432A,SLD,5.0,268.80366874014305,-263.80366874014305
2021-05-23 06:00:00,1432A,SLD,5.0,269.5047548505009,-264.5047548505009
2021-05-23 07:00:00,1432A,SLD,4.0,268.47226991171584,-264.47226991171584
2021-05-23 08:00:00,1432A,SLD,5.0,268.3632016536132,-263.3632016536132
2021-05-23 09:00:00,1432A,SLD,7.0,269.0052150034374,-262.0052150034374
2021-05-23 10:00:00,1432A,SLD,10.0,269.6942678784112,-259.6942678784112
2021-05-23 11:00:00,1432A,SLD,12.0,270.08681020473904,-258.08681020473904
2021-05-23 12:00:00,1432A,SLD,16.0,269.03571580063635,-253.03571580063635
2021-05-23 13:00:00,1432A,SLD,18.0,268.10182888977215,-250.10182888977215
2021-05-23 14:00:00,1432A,SLD,26.0,268.1155699595974,-242.1155699595974
2021-05-23 15:00:00,1432A,SLD,36.0,267.53460903261197,-231.53460903261197
2021-05-23 16:00:00,1432A,SLD,34.0,266.68275010031954,-232.68275010031954
2021-05-23 17:00:00,1432A,SLD,33.0,266.8492985582239,-233.8492985582239
2021-05-23 18:00:00,1432A,SLD,33.0,266.3215389086024,-233.3215389086024
2021-05-23 19:00:00,1432A,SLD,29.0,267.3662872792619,-238.36628727926188
2021-05-23 20:00:00,1432A,SLD,34.0,269.53065049585786,-235.53065049585786
2021-05-23 21:00:00,1432A,SLD,36.0,270.25430852350826,-234.25430852350826
2021-05-23 22:00:00,1432A,SLD,39.0,269.02790382888054,-230.02790382888054
2021-05-23 23:00:00,1432A,SLD,40.0,268.55785849854277,-228.55785849854277
2021-05-24 00:00:00,1432A,SLD,37.0,268.6528480548678,-231.65284805486777
2021-05-24 01:00:00,1432A,SLD,36.0,269.7615418174881,-233.76154181748808
2021-05-24 02:00:00,1432A,SLD,36.0,270.5707993292576,-234.57079932925762
2021-05-24 03:00:00,1432A,SLD,36.0,270.1934255445087,-234.19342554450873
2021-05-24 04:00:00,1432A,SLD,36.0,269.3745797113599,-233.3745797113599
2021-05-24 05:00:00,1432A,SLD,38.0,269.9298787968362,-231.9298787968362
2021-05-24 06:00:00,1432A,SLD,40.0,270.630964907194,-230.63096490719403
2021-05-24 07:00:00,1432A,SLD,43.0,269.598479968409,-226.59847996840898
2021-05-24 08:00:00,1432A,SLD,45.0,269.48941171030634,-224.48941171030634
2021-05-24 09:00:00,1432A,SLD,50.0,270.13142506013054,-220.13142506013054
2021-05-24 10:00:00,1432A,SLD,59.0,270.82047793510435,-211.82047793510435
2021-05-24 11:00:00,1432A,SLD,48.0,271.2130202614322,-223.21302026143218
2021-05-24 12:00:00,1432A,SLD,32.0,270.1619258573295,-238.1619258573295
2021-05-24 13:00:00,1432A,SLD,27.0,269.2280389464653,-242.2280389464653
2021-05-24 14:00:00,1432A,SLD,27.0,269.24178001629053,-242.24178001629053
2021-05-24 15:00:00,1432A,SLD,19.0,268.6608190893051,-249.6608190893051
2021-05-24 16:00:00,1432A,SLD,18.0,267.8089601570127,-249.80896015701268
2021-05-24 17:00:00,1432A,SLD,18.0,267.97550861491703,-249.97550861491703
2021-05-24 18:00:00,1432A,SLD,16.0,267.44774896529555,-251.44774896529555
2021-05-24 19:00:00,1432A,SLD,14.0,268.492497335955,-254.49249733595502
2021-05-24 20:00:00,1432A,SLD,18.0,270.656860552551,-252.656860552551
2021-05-24 21:00:00,1432A,SLD,26.0,271.3805185802014,-245.3805185802014
2021-05-24 22:00:00,1432A,SLD,28.0,270.1541138855737,-242.15411388557368
2021-05-24 23:00:00,1432A,SLD,27.0,269.6840685552359,-242.6840685552359
2021-05-25 00:00:00,1432A,SLD,25.0,269.7790581115609,-244.77905811156091
2021-05-25 01:00:00,1432A,SLD,23.0,270.8877518741812,-247.88775187418122
2021-05-25 02:00:00,1432A,SLD,26.0,271.69700938595076,-245.69700938595076
2021-05-25 03:00:00,1432A,SLD,27.0,271.31963560120187,-244.31963560120187
2021-05-25 04:00:00,1432A,SLD,28.0,270.50078976805304,-242.50078976805304
2021-05-25 05:00:00,1432A,SLD,32.0,271.05608885352933,-239.05608885352933
2021-05-25 06:00:00,1432A,SLD,32.0,271.75717496388717,-239.75717496388717
2021-05-25 07:00:00,1432A,SLD,34.0,270.7246900251021,-236.72469002510212
2021-05-25 08:00:00,1432A,SLD,34.0,270.6156217669995,-236.61562176699948
2021-05-25 09:00:00,1432A,SLD,38.0,271.2576351168237,-233.25763511682368
2021-05-25 10:00:00,1432A,SLD,43.0,271.9466879917975,-228.9466879917975
2021-05-25 11:00:00,1432A,SLD,47.0,272.3392303181253,-225.33923031812532
2021-05-25 12:00:00,1432A,SLD,58.0,271.28813591402263,-213.28813591402263
2021-05-25 13:00:00,1432A,SLD,59.0,270.35424900315843,-211.35424900315843
2021-05-25 14:00:00,1432A,SLD,,270.3679900729837,
2021-05-25 15:00:00,1432A,SLD,33.0,269.78702914599825,-236.78702914599825
2021-05-25 16:00:00,1432A,SLD,28.0,268.9351702137058,-240.93517021370582
2021-05-25 17:00:00,1432A,SLD,27.0,269.1017186716102,-242.10171867161017
2021-05-25 18:00:00,1432A,SLD,33.0,268.5739590219887,-235.57395902198868
2021-05-25 19:00:00,1432A,SLD,27.0,269.61870739264816,-242.61870739264816
2021-05-25 20:00:00,1432A,SLD,26.0,271.78307060924413,-245.78307060924413
2021-05-25 21:00:00,1432A,SLD,27.0,272.50672863689454,-245.50672863689454
2021-05-25 22:00:00,1432A,SLD,28.0,271.2803239422668,-243.28032394226682
2021-05-25 23:00:00,1432A,SLD,25.0,270.81027861192905,-245.81027861192905
2021-05-26 00:00:00,1432A,SLD,11.0,270.90526816825405,-259.90526816825405
2021-05-26 01:00:00,1432A,SLD,14.0,272.01396193087436,-258.01396193087436
2021-05-26 02:00:00,1432A,SLD,17.0,272.8232194426439,-255.8232194426439
2021-05-26 03:00:00,1432A,SLD,25.0,272.445845657895,-247.445845657895
2021-05-26 04:00:00,1432A,SLD,20.0,271.6269998247462,-251.62699982474618
2021-05-26 05:00:00,1432A,SLD,22.0,272.18229891022247,-250.18229891022247
2021-05-26 06:00:00,1432A,SLD,23.0,272.8833850205803,-249.8833850205803
2021-05-26 07:00:00,1432A,SLD,26.0,271.85090008179526,-245.85090008179526
2021-05-26 08:00:00,1432A,SLD,27.0,271.7418318236926,-244.74183182369262
2021-05-26 09:00:00,1432A,SLD,30.0,272.3838451735168,-242.38384517351682
2021-05-26 10:00:00,1432A,SLD,21.0,273.07289804849063,-252.07289804849063
2021-05-26 11:00:00,1432A,SLD,24.0,273.46544037481846,-249.46544037481846
2021-05-26 12:00:00,1432A,SLD,31.0,272.4143459707158,-241.41434597071577
2021-05-26 13:00:00,1432A,SLD,40.0,271.48045905985157,-231.48045905985157
2021-05-26 14:00:00,1432A,SLD,49.0,271.4942001296768,-222.4942001296768
2021-05-26 15:00:00,1432A,SLD,48.0,270.9132392026914,-222.9132392026914
2021-05-26 16:00:00,1432A,SLD,43.0,270.06138027039896,-227.06138027039896
2021-05-26 17:00:00,1432A,SLD,39.0,270.2279287283033,-231.2279287283033
2021-05-26 18:00:00,1432A,SLD,38.0,269.7001690786818,-231.70016907868182
2021-05-26 19:00:00,1432A,SLD,40.0,270.7449174493413,-230.7449174493413
2021-05-26 20:00:00,1432A,SLD,46.0,272.9092806659373,-226.90928066593727
2021-05-26 21:00:00,1432A,SLD,54.0,273.6329386935877,-219.63293869358768
2021-05-26 22:00:00,1432A,SLD,53.0,272.40653399895996,-219.40653399895996
2021-05-26 23:00:00,1432A,SLD,62.0,271.9364886686222,-209.9364886686222
2021-05-27 00:00:00,1432A,SLD,60.0,272.0314782249472,-212.0314782249472
2021-05-27 01:00:00,1432A,SLD,54.0,273.1401719875675,-219.1401719875675
2021-05-27 02:00:00,1432A,SLD,51.0,273.94942949933704,-222.94942949933704
2021-05-27 03:00:00,1432A,SLD,45.0,273.57205571458815,-228.57205571458815
2021-05-27 04:00:00,1432A,SLD,45.0,272.7532098814393,-227.75320988143932
2021-05-27 05:00:00,1432A,SLD,43.0,273.3085089669156,-230.3085089669156
2021-05-27 06:00:00,1432A,SLD,57.0,274.00959507727345,-217.00959507727345
2021-05-27 07:00:00,1432A,SLD,67.0,272.9771101384884,-205.9771101384884
2021-05-27 08:00:00,1432A,SLD,71.0,272.86804188038576,-201.86804188038576
2021-05-27 09:00:00,1432A,SLD,69.0,273.51005523020996,-204.51005523020996
2021-05-27 10:00:00,1432A,SLD,66.0,274.19910810518377,-208.19910810518377
2021-05-27 11:00:00,1432A,SLD,65.0,274.5916504315116,-209.5916504315116
2021-05-27 12:00:00,1432A,SLD,61.0,273.5405560274089,-212.5405560274089
2021-05-27 13:00:00,1432A,SLD,65.0,272.6066691165447,-207.6066691165447
2021-05-27 14:00:00,1432A,SLD,68.0,272.62041018636995,-204.62041018636995
2021-05-27 15:00:00,1432A,SLD,60.0,272.0394492593845,-212.03944925938453
2021-05-27 16:00:00,1432A,SLD,38.0,271.1875903270921,-233.1875903270921
2021-05-27 17:00:00,1432A,SLD,42.0,271.35413878499645,-229.35413878499645
2021-05-27 18:00:00,1432A,SLD,48.0,270.82637913537496,-222.82637913537496
2021-05-27 19:00:00,1432A,SLD,69.0,271.87112750603444,-202.87112750603444
2021-05-27 20:00:00,1432A,SLD,99.0,274.0354907226304,-175.0354907226304
2021-05-27 21:00:00,1432A,SLD,97.0,274.7591487502808,-177.75914875028081
2021-05-27 22:00:00,1432A,SLD,89.0,273.5327440556531,-184.5327440556531
2021-05-27 23:00:00,1432A,SLD,83.0,273.06269872531533,-190.06269872531533
2021-05-28 00:00:00,1432A,SLD,83.0,273.15768828164033,-190.15768828164033
2021-05-28 01:00:00,1432A,SLD,81.0,274.26638204426064,-193.26638204426064
2021-05-28 02:00:00,1432A,SLD,69.0,275.0756395560302,-206.07563955603018
2021-05-28 03:00:00,1432A,SLD,59.0,274.6982657712813,-215.69826577128129
2021-05-28 04:00:00,1432A,SLD,58.0,273.87941993813246,-215.87941993813246
2021-05-28 05:00:00,1432A,SLD,55.0,274.43471902360875,-219.43471902360875
2021-05-28 06:00:00,1432A,SLD,61.0,275.1358051339666,-214.13580513396658
2021-05-28 07:00:00,1432A,SLD,60.0,274.10332019518154,-214.10332019518154
2021-05-28 08:00:00,1432A,SLD,62.0,273.9942519370789,-211.9942519370789
2021-05-28 09:00:00,1432A,SLD,65.0,274.6362652869031,-209.6362652869031
2021-05-28 10:00:00,1432A,SLD,70.0,275.3253181618769,-205.3253181618769
2021-05-28 11:00:00,1432A,SLD,58.0,275.71786048820474,-217.71786048820474
2021-05-28 12:00:00,1432A,SLD,43.0,274.66676608410205,-231.66676608410205
2021-05-28 13:00:00,1432A,SLD,54.0,273.73287917323785,-219.73287917323785
2021-05-28 14:00:00,1432A,SLD,58.0,273.7466202430631,-215.7466202430631
2021-05-28 15:00:00,1432A,SLD,54.0,273.16565931607767,-219.16565931607767
2021-05-28 16:00:00,1432A,SLD,62.0,272.31380038378524,-210.31380038378524
2021-05-28 17:00:00,1432A,SLD,62.0,272.4803488416896,-210.4803488416896
2021-05-28 18:00:00,1432A,SLD,80.0,271.9525891920681,-191.9525891920681
2021-05-28 19:00:00,1432A,SLD,81.0,272.9973375627276,-191.99733756272758
2021-05-28 20:00:00,1432A,SLD,63.0,275.16170077932355,-212.16170077932355
2021-05-28 21:00:00,1432A,SLD,58.0,275.88535880697395,-217.88535880697395
2021-05-28 22:00:00,1432A,SLD,55.0,274.65895411234624,-219.65895411234624
2021-05-28 23:00:00,1432A,SLD,49.0,274.18890878200847,-225.18890878200847
2021-05-29 00:00:00,1432A,SLD,49.0,274.2838983383335,-225.28389833833347
2021-05-29 01:00:00,1432A,SLD,52.0,275.3925921009538,-223.39259210095378
2021-05-29 02:00:00,1432A,SLD,54.0,276.2018496127233,-222.20184961272332
2021-05-29 03:00:00,1432A,SLD,53.0,275.8244758279744,-222.82447582797442
2021-05-29 04:00:00,1432A,SLD,56.0,275.0056299948256,-219.0056299948256
2021-05-29 05:00:00,1432A,SLD,62.0,275.5609290803019,-213.5609290803019
2021-05-29 06:00:00,1432A,SLD,68.0,276.2620151906597,-208.26201519065972
2021-05-29 07:00:00,1432A,SLD,68.0,275.2295302518747,-207.22953025187468
2021-05-29 08:00:00,1432A,SLD,62.0,275.12046199377204,-213.12046199377204
2021-05-29 09:00:00,1432A,SLD,40.0,275.76247534359624,-235.76247534359624
2021-05-29 10:00:00,1432A,SLD,30.0,276.45152821857005,-246.45152821857005
2021-05-29 11:00:00,1432A,SLD,30.0,276.8440705448979,-246.84407054489787
2021-05-29 12:00:00,1432A,SLD,33.0,275.7929761407952,-242.7929761407952
2021-05-29 13:00:00,1432A,SLD,38.0,274.859089229931,-236.859089229931
2021-05-29 14:00:00,1432A,SLD,39.0,274.87283029975623,-235.87283029975623
2021-05-29 15:00:00,1432A,SLD,34.0,274.2918693727708,-240.2918693727708
2021-05-29 16:00:00,1432A,SLD,32.0,273.4400104404784,-241.44001044047837
2021-05-29 17:00:00,1432A,SLD,35.0,273.60655889838273,-238.60655889838273
2021-05-29 18:00:00,1432A,SLD,34.0,273.07879924876124,-239.07879924876124
2021-05-29 19:00:00,1432A,SLD,33.0,274.1235476194207,-241.12354761942072
2021-05-29 20:00:00,1432A,SLD,41.0,276.2879108360167,-235.2879108360167
2021-05-29 21:00:00,1432A,SLD,46.0,277.0115688636671,-231.0115688636671
2021-05-29 22:00:00,1432A,SLD,47.0,275.7851641690394,-228.78516416903938
2021-05-29 23:00:00,1432A,SLD,50.0,275.3151188387016,-225.3151188387016
2021-05-30 00:00:00,1432A,SLD,48.0,275.4101083950266,-227.4101083950266
2021-05-30 01:00:00,1432A,SLD,40.0,276.5188021576469,-236.51880215764692
2021-05-30 02:00:00,1432A,SLD,37.0,277.32805966941646,-240.32805966941646
2021-05-30 03:00:00,1432A,SLD,38.0,276.95068588466756,-238.95068588466756
2021-05-30 04:00:00,1432A,SLD,40.0,276.13184005151874,-236.13184005151874
2021-05-30 05:00:00,1432A,SLD,41.0,276.68713913699503,-235.68713913699503
2021-05-30 06:00:00,1432A,SLD,40.0,277.38822524735286,-237.38822524735286
2021-05-30 07:00:00,1432A,SLD,48.0,276.3557403085678,-228.35574030856782
2021-05-30 08:00:00,1432A,SLD,61.0,276.2466720504652,-215.24667205046518
2021-05-30 09:00:00,1432A,SLD,64.0,276.8886854002894,-212.88868540028938
2021-05-30 10:00:00,1432A,SLD,60.0,277.5777382752632,-217.5777382752632
2021-05-30 11:00:00,1432A,SLD,62.0,277.970280601591,-215.970280601591
2021-05-30 12:00:00,1432A,SLD,50.0,276.91918619748833,-226.91918619748833
2021-05-30 13:00:00,1432A,SLD,46.0,275.9852992866241,-229.98529928662413
2021-05-30 14:00:00,1432A,SLD,31.0,275.99904035644937,-244.99904035644937
2021-05-30 15:00:00,1432A,SLD,26.0,275.41807942946394,-249.41807942946394
2021-05-30 16:00:00,1432A,SLD,29.0,274.5662204971715,-245.5662204971715
2021-05-30 17:00:00,1432A,SLD,29.0,274.73276895507587,-245.73276895507587
2021-05-30 18:00:00,1432A,SLD,27.0,274.2050093054544,-247.20500930545438
2021-05-30 19:00:00,1432A,SLD,26.0,275.24975767611386,-249.24975767611386
2021-05-30 20:00:00,1432A,SLD,20.0,277.41412089270983,-257.41412089270983
2021-05-30 21:00:00,1432A,SLD,24.0,278.13777892036023,-254.13777892036023
2021-05-30 22:00:00,1432A,SLD,35.0,276.9113742257325,-241.91137422573252
2021-05-30 23:00:00,1432A,SLD,44.0,276.44132889539475,-232.44132889539475
2021-05-31 00:00:00,1432A,SLD,53.0,276.53631845171975,-223.53631845171975
2021-05-31 01:00:00,1432A,SLD,63.0,277.64501221434006,-214.64501221434006
2021-05-31 02:00:00,1432A,SLD,50.0,278.4542697261096,-228.4542697261096
2021-05-31 03:00:00,1432A,SLD,81.0,278.0768959413607,-197.0768959413607
2021-05-31 04:00:00,1432A,SLD,99.0,277.2580501082119,-178.25805010821188
2021-05-31 05:00:00,1432A,SLD,94.0,277.81334919368817,-183.81334919368817
2021-05-31 06:00:00,1432A,SLD,72.0,278.514435304046,-206.514435304046
2021-05-31 07:00:00,1432A,SLD,60.0,277.48195036526096,-217.48195036526096
2021-05-31 08:00:00,1432A,SLD,61.0,277.3728821071583,-216.37288210715832
2021-05-31 09:00:00,1432A,SLD,68.0,278.0148954569825,-210.01489545698252
2021-05-31 10:00:00,1432A,SLD,51.0,278.7039483319563,-227.70394833195633
2021-05-31 11:00:00,1432A,SLD,44.0,279.09649065828415,-235.09649065828415
2021-05-31 12:00:00,1432A,SLD,26.0,278.04539625418147,-252.04539625418147
2021-05-31 13:00:00,1432A,SLD,24.0,277.11150934331727,-253.11150934331727
2021-05-31 14:00:00,1432A,SLD,23.0,277.1252504131425,-254.1252504131425
2021-05-31 15:00:00,1432A,SLD,,276.5442894861571,
2021-05-31 16:00:00,1432A,SLD,,275.69243055386465,
2021-05-31 17:00:00,1432A,SLD,,275.858979011769,
2021-05-31 18:00:00,1432A,SLD,33.0,275.3312193621475,-242.33121936214752
2021-05-31 19:00:00,1432A,SLD,39.0,276.375967732807,-237.375967732807
2021-05-31 20:00:00,1432A,SLD,38.0,278.54033094940297,-240.54033094940297
2021-05-31 21:00:00,1432A,SLD,41.0,279.2639889770534,-238.26398897705337
2021-05-31 22:00:00,1432A,SLD,43.0,278.03758428242566,-235.03758428242566
2021-05-31 23:00:00,1432A,SLD,42.0,277.5675389520879,-235.5675389520879
2021-06-01 00:00:00,1432A,SLD,35.0,277.6625285084129,-242.6625285084129
2021-06-01 01:00:00,1432A,SLD,33.0,278.7712222710332,-245.7712222710332
2021-06-01 02:00:00,1432A,SLD,32.0,279.58047978280274,-247.58047978280274
2021-06-01 03:00:00,1432A,SLD,33.0,279.20310599805384,-246.20310599805384
2021-06-01 04:00:00,1432A,SLD,36.0,278.384260164905,-242.38426016490502
2021-06-01 05:00:00,1432A,SLD,42.0,278.9395592503813,-236.9395592503813
2021-06-01 06:00:00,1432A,SLD,63.0,279.64064536073914,-216.64064536073914
2021-06-01 07:00:00,1432A,SLD,55.0,278.6081604219541,-223.6081604219541
2021-06-01 08:00:00,1432A,SLD,26.0,278.49909216385146,-252.49909216385146
2021-06-01 09:00:00,1432A,SLD,25.0,279.14110551367565,-254.14110551367565
2021-06-01 10:00:00,1432A,SLD,24.0,279.83015838864947,-255.83015838864947
2021-06-01 11:00:00,1432A,SLD,24.0,280.2227007149773,-256.2227007149773
2021-06-01 12:00:00,1432A,SLD,24.0,279.1716063108746,-255.1716063108746
2021-06-01 13:00:00,1432A,SLD,25.0,278.2377194000104,-253.2377194000104
2021-06-01 14:00:00,1432A,SLD,28.0,278.25146046983565,-250.25146046983565
2021-06-01 15:00:00,1432A,SLD,34.0,277.6704995428502,-243.67049954285022
2021-06-01 16:00:00,1432A,SLD,41.0,276.8186406105578,-235.8186406105578
2021-06-01 17:00:00,1432A,SLD,39.0,276.98518906846215,-237.98518906846215
2021-06-01 18:00:00,1432A,SLD,36.0,276.45742941884066,-240.45742941884066
2021-06-01 19:00:00,1432A,SLD,40.0,277.50217778950014,-237.50217778950014
2021-06-01 20:00:00,1432A,SLD,38.0,279.6665410060961,-241.6665410060961
2021-06-01 21:00:00,1432A,SLD,41.0,280.3901990337465,-239.3901990337465
2021-06-01 22:00:00,1432A,SLD,39.0,279.1637943391188,-240.1637943391188
2021-06-01 23:00:00,1432A,SLD,44.0,278.693749008781,-234.69374900878103
2021-06-02 00:00:00,1432A,SLD,48.0,278.78873856510603,-230.78873856510603
2021-06-02 01:00:00,1432A,SLD,47.0,279.89743232772634,-232.89743232772634
2021-06-02 02:00:00,1432A,SLD,47.0,280.7066898394959,-233.70668983949588
2021-06-02 03:00:00,1432A,SLD,50.0,280.329316054747,-230.32931605474698
2021-06-02 04:00:00,1432A,SLD,56.0,279.51047022159815,-223.51047022159815
2021-06-02 05:00:00,1432A,SLD,60.0,280.06576930707445,-220.06576930707445
2021-06-02 06:00:00,1432A,SLD,53.0,280.7668554174323,-227.76685541743228
2021-06-02 07:00:00,1432A,SLD,50.0,279.73437047864724,-229.73437047864724
2021-06-02 08:00:00,1432A,SLD,41.0,279.6253022205446,-238.6253022205446
2021-06-02 09:00:00,1432A,SLD,37.0,280.2673155703688,-243.2673155703688
2021-06-02 10:00:00,1432A,SLD,31.0,280.9563684453426,-249.9563684453426
2021-06-02 11:00:00,1432A,SLD,28.0,281.34891077167043,-253.34891077167043
2021-06-02 12:00:00,1432A,SLD,35.0,280.29781636756775,-245.29781636756775
2021-06-02 13:00:00,1432A,SLD,34.0,279.36392945670354,-245.36392945670354
2021-06-02 14:00:00,1432A,SLD,37.0,279.3776705265288,-242.3776705265288
2021-06-02 15:00:00,1432A,SLD,34.0,278.79670959954336,-244.79670959954336
2021-06-02 16:00:00,1432A,SLD,26.0,277.94485066725093,-251.94485066725093
2021-06-02 17:00:00,1432A,SLD,25.0,278.1113991251553,-253.1113991251553
2021-06-02 18:00:00,1432A,SLD,29.0,277.5836394755338,-248.5836394755338
2021-06-02 19:00:00,1432A,SLD,43.0,278.6283878461933,-235.62838784619328
2021-06-02 20:00:00,1432A,SLD,39.0,280.79275106278925,-241.79275106278925
2021-06-02 21:00:00,1432A,SLD,41.0,281.51640909043965,-240.51640909043965
2021-06-02 22:00:00,1432A,SLD,41.0,280.29000439581193,-239.29000439581193
2021-06-02 23:00:00,1432A,SLD,50.0,279.81995906547417,-229.81995906547417
2021-06-03 00:00:00,1432A,SLD,57.0,279.91494862179917,-222.91494862179917
2021-06-03 01:00:00,1432A,SLD,11.0,281.0236423844195,-270.0236423844195
2021-06-03 02:00:00,1432A,SLD,8.0,281.832899896189,-273.832899896189
2021-06-03 03:00:00,1432A,SLD,8.0,281.4555261114401,-273.4555261114401
2021-06-03 04:00:00,1432A,SLD,7.0,280.6366802782913,-273.6366802782913
2021-06-03 05:00:00,1432A,SLD,6.0,281.1919793637676,-275.1919793637676
2021-06-03 06:00:00,1432A,SLD,6.0,281.8930654741254,-275.8930654741254
2021-06-03 07:00:00,1432A,SLD,8.0,280.8605805353404,-272.8605805353404
2021-06-03 08:00:00,1432A,SLD,8.0,280.75151227723774,-272.75151227723774
2021-06-03 09:00:00,1432A,SLD,11.0,281.39352562706193,-270.39352562706193
2021-06-03 10:00:00,1432A,SLD,15.0,282.08257850203574,-267.08257850203574
2021-06-03 11:00:00,1432A,SLD,18.0,282.4751208283636,-264.4751208283636
2021-06-03 12:00:00,1432A,SLD,21.0,281.4240264242609,-260.4240264242609
2021-06-03 13:00:00,1432A,SLD,19.0,280.4901395133967,-261.4901395133967
2021-06-03 14:00:00,1432A,SLD,16.0,280.5038805832219,-264.5038805832219
2021-06-03 15:00:00,1432A,SLD,15.0,279.9229196562365,-264.9229196562365
2021-06-03 16:00:00,1432A,SLD,12.0,279.0710607239441,-267.0710607239441
2021-06-03 17:00:00,1432A,SLD,8.0,279.2376091818484,-271.2376091818484
2021-06-03 18:00:00,1432A,SLD,10.0,278.70984953222694,-268.70984953222694
2021-06-03 19:00:00,1432A,SLD,12.0,279.7545979028864,-267.7545979028864
2021-06-03 20:00:00,1432A,SLD,12.0,281.9189611194824,-269.9189611194824
2021-06-03 21:00:00,1432A,SLD,13.0,282.6426191471328,-269.6426191471328
2021-06-03 22:00:00,1432A,SLD,13.0,281.4162144525051,-268.4162144525051
2021-06-03 23:00:00,1432A,SLD,13.0,280.9461691221673,-267.9461691221673
2021-06-04 00:00:00,1432A,SLD,13.0,281.0411586784923,-268.0411586784923
2021-06-04 01:00:00,1432A,SLD,14.0,282.1498524411126,-268.1498524411126
2021-06-04 02:00:00,1432A,SLD,14.0,282.95910995288216,-268.95910995288216
2021-06-04 03:00:00,1432A,SLD,15.0,282.58173616813326,-267.58173616813326
2021-06-04 04:00:00,1432A,SLD,17.0,281.76289033498443,-264.76289033498443
2021-06-04 05:00:00,1432A,SLD,16.0,282.3181894204607,-266.3181894204607
2021-06-04 06:00:00,1432A,SLD,21.0,283.01927553081856,-262.01927553081856
2021-06-04 07:00:00,1432A,SLD,19.0,281.9867905920335,-262.9867905920335
2021-06-04 08:00:00,1432A,SLD,21.0,281.8777223339309,-260.8777223339309
2021-06-04 09:00:00,1432A,SLD,29.0,282.5197356837551,-253.51973568375507
2021-06-04 10:00:00,1432A,SLD,30.0,283.2087885587289,-253.20878855872888
2021-06-04 11:00:00,1432A,SLD,25.0,283.6013308850567,-258.6013308850567
2021-06-04 12:00:00,1432A,SLD,21.0,282.550236480954,-261.550236480954
2021-06-04 13:00:00,1432A,SLD,19.0,281.6163495700898,-262.6163495700898
2021-06-04 14:00:00,1432A,SLD,19.0,281.63009063991507,-262.63009063991507
2021-06-04 15:00:00,1432A,SLD,22.0,281.04912971292964,-259.04912971292964
2021-06-04 16:00:00,1432A,SLD,21.0,280.1972707806372,-259.1972707806372
2021-06-04 17:00:00,1432A,SLD,25.0,280.36381923854157,-255.36381923854157
2021-06-04 18:00:00,1432A,SLD,26.0,279.8360595889201,-253.83605958892008
2021-06-04 19:00:00,1432A,SLD,23.0,280.88080795957956,-257.88080795957956
2021-06-04 20:00:00,1432A,SLD,23.0,283.04517117617553,-260.04517117617553
2021-06-04 21:00:00,1432A,SLD,25.0,283.76882920382593,-258.76882920382593
2021-06-04 22:00:00,1432A,SLD,31.0,282.5424245091982,-251.5424245091982
2021-06-04 23:00:00,1432A,SLD,27.0,282.07237917886044,-255.07237917886044
2021-06-05 00:00:00,1432A,SLD,30.0,282.16736873518545,-252.16736873518545
2021-06-05 01:00:00,1432A,SLD,23.0,283.27606249780575,-260.27606249780575
2021-06-05 02:00:00,1432A,SLD,25.0,284.0853200095753,-259.0853200095753
2021-06-05 03:00:00,1432A,SLD,27.0,283.7079462248264,-256.7079462248264
2021-06-05 04:00:00,1432A,SLD,32.0,282.8891003916776,-250.88910039167757
2021-06-05 05:00:00,1432A,SLD,40.0,283.44439947715387,-243.44439947715387
2021-06-05 06:00:00,1432A,SLD,37.0,284.1454855875117,-247.1454855875117
2021-06-05 07:00:00,1432A,SLD,33.0,283.11300064872665,-250.11300064872665
2021-06-05 08:00:00,1432A,SLD,34.0,283.003932390624,-249.00393239062402
2021-06-05 09:00:00,1432A,SLD,49.0,283.6459457404482,-234.6459457404482
2021-06-05 10:00:00,1432A,SLD,40.0,284.334998615422,-244.33499861542202
2021-06-05 11:00:00,1432A,SLD,46.0,284.72754094174985,-238.72754094174985
2021-06-05 12:00:00,1432A,SLD,38.0,283.67644653764717,-245.67644653764717
2021-06-05 13:00:00,1432A,SLD,36.0,282.74255962678296,-246.74255962678296
2021-06-05 14:00:00,1432A,SLD,25.0,282.7563006966082,-257.7563006966082
2021-06-05 15:00:00,1432A,SLD,24.0,282.1753397696228,-258.1753397696228
2021-06-05 16:00:00,1432A,SLD,23.0,281.32348083733035,-258.32348083733035
2021-06-05 17:00:00,1432A,SLD,20.0,281.4900292952347,-261.4900292952347
2021-06-05 18:00:00,1432A,SLD,21.0,280.9622696456132,-259.9622696456132
2021-06-05 19:00:00,1432A,SLD,19.0,282.0070180162727,-263.0070180162727
2021-06-05 20:00:00,1432A,SLD,17.0,284.17138123286867,-267.17138123286867
2021-06-05 21:00:00,1432A,SLD,19.0,284.89503926051907,-265.89503926051907
2021-06-05 22:00:00,1432A,SLD,25.0,283.66863456589135,-258.66863456589135
2021-06-05 23:00:00,1432A,SLD,29.0,283.1985892355536,-254.19858923555358
2021-06-06 00:00:00,1432A,SLD,36.0,283.2935787918786,-247.2935787918786
2021-06-06 01:00:00,1432A,SLD,37.0,284.4022725544989,-247.4022725544989
2021-06-06 02:00:00,1432A,SLD,38.0,285.21153006626844,-247.21153006626844
2021-06-06 03:00:00,1432A,SLD,41.0,284.83415628151954,-243.83415628151954
2021-06-06 04:00:00,1432A,SLD,45.0,284.0153104483707,-239.0153104483707
2021-06-06 05:00:00,1432A,SLD,44.0,284.570609533847,-240.570609533847
2021-06-06 06:00:00,1432A,SLD,40.0,285.27169564420484,-245.27169564420484
2021-06-06 07:00:00,1432A,SLD,48.0,284.2392107054198,-236.2392107054198
2021-06-06 08:00:00,1432A,SLD,55.0,284.13014244731716,-229.13014244731716
2021-06-06 09:00:00,1432A,SLD,64.0,284.77215579714135,-220.77215579714135
2021-06-06 10:00:00,1432A,SLD,72.0,285.46120867211516,-213.46120867211516
2021-06-06 11:00:00,1432A,SLD,72.0,285.853750998443,-213.853750998443
2021-06-06 12:00:00,1432A,SLD,71.0,284.8026565943403,-213.8026565943403
2021-06-06 13:00:00,1432A,SLD,86.0,283.8687696834761,-197.8687696834761
2021-06-06 14:00:00,1432A,SLD,76.0,283.88251075330135,-207.88251075330135
2021-06-06 15:00:00,1432A,SLD,75.0,283.3015498263159,-208.30154982631592
2021-06-06 16:00:00,1432A,SLD,65.0,282.4496908940235,-217.4496908940235
2021-06-06 17:00:00,1432A,SLD,62.0,282.61623935192785,-220.61623935192785
2021-06-06 18:00:00,1432A,SLD,63.0,282.08847970230636,-219.08847970230636
2021-06-06 19:00:00,1432A,SLD,56.0,283.13322807296584,-227.13322807296584
2021-06-06 20:00:00,1432A,SLD,71.0,285.2975912895618,-214.2975912895618
2021-06-06 21:00:00,1432A,SLD,60.0,286.0212493172122,-226.0212493172122
2021-06-06 22:00:00,1432A,SLD,75.0,284.7948446225845,-209.7948446225845
2021-06-06 23:00:00,1432A,SLD,82.0,284.3247992922467,-202.32479929224672
2021-06-07 00:00:00,1432A,SLD,88.0,284.4197888485717,-196.41978884857173
2021-06-07 01:00:00,1432A,SLD,100.0,285.52848261119203,-185.52848261119203
2021-06-07 02:00:00,1432A,SLD,116.0,286.3377401229616,-170.33774012296158
2021-06-07 03:00:00,1432A,SLD,107.0,285.9603663382127,-178.96036633821268
2021-06-07 04:00:00,1432A,SLD,91.0,285.14152050506385,-194.14152050506385
2021-06-07 05:00:00,1432A,SLD,111.0,285.69681959054014,-174.69681959054014
2021-06-07 06:00:00,1432A,SLD,108.0,286.397905700898,-178.39790570089798
2021-06-07 07:00:00,1432A,SLD,108.0,285.36542076211293,-177.36542076211293
2021-06-07 08:00:00,1432A,SLD,114.0,285.2563525040103,-171.2563525040103
2021-06-07 09:00:00,1432A,SLD,122.0,285.8983658538345,-163.8983658538345
2021-06-07 10:00:00,1432A,SLD,117.0,286.5874187288083,-169.5874187288083
2021-06-07 11:00:00,1432A,SLD,119.0,286.97996105513613,-167.97996105513613
2021-06-07 12:00:00,1432A,SLD,109.0,285.92886665103345,-176.92886665103345
2021-06-07 13:00:00,1432A,SLD,61.0,284.99497974016924,-223.99497974016924
2021-06-07 14:00:00,1432A,SLD,72.0,285.0087208099945,-213.0087208099945
2021-06-07 15:00:00,1432A,SLD,58.0,284.42775988300906,-226.42775988300906
2021-06-07 16:00:00,1432A,SLD,70.0,283.57590095071663,-213.57590095071663
2021-06-07 17:00:00,1432A,SLD,36.0,283.742449408621,-247.74244940862098
2021-06-07 18:00:00,1432A,SLD,40.0,283.2146897589995,-243.2146897589995
2021-06-07 19:00:00,1432A,SLD,55.0,284.259438129659,-229.25943812965897
2021-06-07 20:00:00,1432A,SLD,53.0,286.42380134625495,-233.42380134625495
2021-06-07 21:00:00,1432A,SLD,51.0,287.14745937390535,-236.14745937390535
2021-06-07 22:00:00,1432A,SLD,49.0,285.92105467927763,-236.92105467927763
2021-06-07 23:00:00,1432A,SLD,47.0,285.45100934893986,-238.45100934893986
2021-06-08 00:00:00,1432A,SLD,62.0,285.54599890526487,-223.54599890526487
2021-06-08 01:00:00,1432A,SLD,45.0,286.6546926678852,-241.65469266788517
2021-06-08 02:00:00,1432A,SLD,30.0,287.4639501796547,-257.4639501796547
2021-06-08 03:00:00,1432A,SLD,14.0,287.0865763949058,-273.0865763949058
2021-06-08 04:00:00,1432A,SLD,10.0,286.267730561757,-276.267730561757
2021-06-08 05:00:00,1432A,SLD,11.0,286.8230296472333,-275.8230296472333
2021-06-08 06:00:00,1432A,SLD,20.0,287.5241157575911,-267.5241157575911
2021-06-08 07:00:00,1432A,SLD,27.0,286.4916308188061,-259.4916308188061
2021-06-08 08:00:00,1432A,SLD,12.0,286.38256256070343,-274.38256256070343
2021-06-08 09:00:00,1432A,SLD,14.0,287.02457591052763,-273.02457591052763
2021-06-08 10:00:00,1432A,SLD,15.0,287.71362878550144,-272.71362878550144
2021-06-08 11:00:00,1432A,SLD,22.0,288.10617111182927,-266.10617111182927
2021-06-08 12:00:00,1432A,SLD,22.0,287.0550767077266,-265.0550767077266
2021-06-08 13:00:00,1432A,SLD,18.0,286.1211897968624,-268.1211897968624
2021-06-08 14:00:00,1432A,SLD,17.0,286.1349308666876,-269.1349308666876
2021-06-08 15:00:00,1432A,SLD,15.0,285.5539699397022,-270.5539699397022
2021-06-08 16:00:00,1432A,SLD,30.0,284.70211100740977,-254.70211100740977
2021-06-08 17:00:00,1432A,SLD,26.0,284.8686594653141,-258.8686594653141
2021-06-08 18:00:00,1432A,SLD,21.0,284.34089981569264,-263.34089981569264
2021-06-08 19:00:00,1432A,SLD,21.0,285.3856481863521,-264.3856481863521
2021-06-08 20:00:00,1432A,SLD,25.0,287.5500114029481,-262.5500114029481
2021-06-08 21:00:00,1432A,SLD,27.0,288.2736694305985,-261.2736694305985
2021-06-08 22:00:00,1432A,SLD,29.0,287.04726473597077,-258.04726473597077
2021-06-08 23:00:00,1432A,SLD,34.0,286.577219405633,-252.577219405633
2021-06-09 00:00:00,1432A,SLD,38.0,286.672208961958,-248.672208961958
2021-06-09 01:00:00,1432A,SLD,40.0,287.7809027245783,-247.7809027245783
2021-06-09 02:00:00,1432A,SLD,35.0,288.59016023634786,-253.59016023634786
2021-06-09 03:00:00,1432A,SLD,36.0,288.21278645159896,-252.21278645159896
2021-06-09 04:00:00,1432A,SLD,40.0,287.39394061845013,-247.39394061845013
2021-06-09 05:00:00,1432A,SLD,36.0,287.9492397039264,-251.94923970392642
2021-06-09 06:00:00,1432A,SLD,33.0,288.65032581428426,-255.65032581428426
2021-06-09 07:00:00,1432A,SLD,37.0,287.6178408754992,-250.6178408754992
2021-06-09 08:00:00,1432A,SLD,36.0,287.5087726173966,-251.50877261739657
2021-06-09 09:00:00,1432A,SLD,35.0,288.15078596722077,-253.15078596722077
2021-06-09 10:00:00,1432A,SLD,34.0,288.8398388421946,-254.83983884219458
2021-06-09 11:00:00,1432A,SLD,29.0,289.2323811685224,-260.2323811685224
2021-06-09 12:00:00,1432A,SLD,27.0,288.1812867644197,-261.1812867644197
2021-06-09 13:00:00,1432A,SLD,18.0,287.2473998535555,-269.2473998535555
2021-06-09 14:00:00,1432A,SLD,18.0,287.26114092338076,-269.26114092338076
2021-06-09 15:00:00,1432A,SLD,18.0,286.68017999639534,-268.68017999639534
2021-06-09 16:00:00,1432A,SLD,22.0,285.8283210641029,-263.8283210641029
2021-06-09 17:00:00,1432A,SLD,24.0,285.99486952200726,-261.99486952200726
2021-06-09 18:00:00,1432A,SLD,23.0,285.4671098723858,-262.4671098723858
2021-06-09 19:00:00,1432A,SLD,,286.51185824304525,
2021-06-09 20:00:00,1432A,SLD,24.0,288.6762214596412,-264.6762214596412
2021-06-09 21:00:00,1432A,SLD,23.0,289.3998794872916,-266.3998794872916
2021-06-09 22:00:00,1432A,SLD,26.0,288.1734747926639,-262.1734747926639
2021-06-09 23:00:00,1432A,SLD,33.0,287.70342946232614,-254.70342946232614
2021-06-10 00:00:00,1432A,SLD,38.0,287.79841901865115,-249.79841901865115
2021-06-10 01:00:00,1432A,SLD,42.0,288.90711278127145,-246.90711278127145
2021-06-10 02:00:00,1432A,SLD,43.0,289.716370293041,-246.716370293041
2021-06-10 03:00:00,1432A,SLD,40.0,289.3389965082921,-249.3389965082921
2021-06-10 04:00:00,1432A,SLD,41.0,288.52015067514327,-247.52015067514327
2021-06-10 05:00:00,1432A,SLD,42.0,289.07544976061956,-247.07544976061956
2021-06-10 06:00:00,1432A,SLD,38.0,289.7765358709774,-251.7765358709774
2021-06-10 07:00:00,1432A,SLD,36.0,288.74405093219235,-252.74405093219235
2021-06-10 08:00:00,1432A,SLD,37.0,288.6349826740897,-251.6349826740897
2021-06-10 09:00:00,1432A,SLD,47.0,289.2769960239139,-242.2769960239139
2021-06-10 10:00:00,1432A,SLD,56.0,289.9660488988877,-233.96604889888772
2021-06-10 11:00:00,1432A,SLD,54.0,290.35859122521555,-236.35859122521555
2021-06-10 12:00:00,1432A,SLD,54.0,289.30749682111286,-235.30749682111286
2021-06-10 13:00:00,1432A,SLD,41.0,288.37360991024866,-247.37360991024866
2021-06-10 14:00:00,1432A,SLD,30.0,288.3873509800739,-258.3873509800739
2021-06-10 15:00:00,1432A,SLD,20.0,287.8063900530885,-267.8063900530885
2021-06-10 16:00:00,1432A,SLD,17.0,286.95453112079605,-269.95453112079605
2021-06-10 17:00:00,1432A,SLD,15.0,287.1210795787004,-272.1210795787004
2021-06-10 18:00:00,1432A,SLD,15.0,286.5933199290789,-271.5933199290789
2021-06-10 19:00:00,1432A,SLD,15.0,287.6380682997384,-272.6380682997384
2021-06-10 20:00:00,1432A,SLD,15.0,289.80243151633437,-274.80243151633437
2021-06-10 21:00:00,1432A,SLD,17.0,290.52608954398477,-273.52608954398477
2021-06-10 22:00:00,1432A,SLD,18.0,289.29968484935705,-271.29968484935705
2021-06-10 23:00:00,1432A,SLD,18.0,288.8296395190193,-270.8296395190193
2021-06-11 00:00:00,1432A,SLD,18.0,288.9246290753443,-270.9246290753443
2021-06-11 01:00:00,1432A,SLD,21.0,290.0333228379646,-269.0333228379646
2021-06-11 02:00:00,1432A,SLD,21.0,290.84258034973413,-269.84258034973413
2021-06-11 03:00:00,1432A,SLD,22.0,290.46520656498524,-268.46520656498524
2021-06-11 04:00:00,1432A,SLD,23.0,289.6463607318364,-266.6463607318364
2021-06-11 05:00:00,1432A,SLD,23.0,290.2016598173127,-267.2016598173127
2021-06-11 06:00:00,1432A,SLD,25.0,290.90274592767054,-265.90274592767054
2021-06-11 07:00:00,1432A,SLD,29.0,289.8702609888855,-260.8702609888855
2021-06-11 08:00:00,1432A,SLD,34.0,289.76119273078285,-255.76119273078285
2021-06-11 09:00:00,1432A,SLD,38.0,290.40320608060705,-252.40320608060705
2021-06-11 10:00:00,1432A,SLD,41.0,291.09225895558086,-250.09225895558086
2021-06-11 11:00:00,1432A,SLD,32.0,291.4848012819087,-259.4848012819087
2021-06-11 12:00:00,1432A,SLD,30.0,290.433706877806,-260.433706877806
2021-06-11 13:00:00,1432A,SLD,31.0,289.4998199669418,-258.4998199669418
2021-06-11 14:00:00,1432A,SLD,30.0,289.51356103676704,-259.51356103676704
2021-06-11 15:00:00,1432A,SLD,32.0,288.9326001097816,-256.9326001097816
2021-06-11 16:00:00,1432A,SLD,34.0,288.0807411774892,-254.0807411774892
2021-06-11 17:00:00,1432A,SLD,42.0,288.24728963539354,-246.24728963539354
2021-06-11 18:00:00,1432A,SLD,36.0,287.71952998577206,-251.71952998577206
2021-06-11 19:00:00,1432A,SLD,30.0,288.76427835643153,-258.76427835643153
2021-06-11 20:00:00,1432A,SLD,32.0,290.9286415730275,-258.9286415730275
2021-06-11 21:00:00,1432A,SLD,48.0,291.6522996006779,-243.6522996006779
2021-06-11 22:00:00,1432A,SLD,54.0,290.4258949060502,-236.4258949060502
2021-06-11 23:00:00,1432A,SLD,57.0,289.9558495757124,-232.95584957571242
2021-06-12 00:00:00,1432A,SLD,57.0,290.0508391320374,-233.05083913203742
2021-06-12 01:00:00,1432A,SLD,64.0,291.15953289465773,-227.15953289465773
2021-06-12 02:00:00,1432A,SLD,54.0,291.9687904064273,-237.96879040642727
2021-06-12 03:00:00,1432A,SLD,54.0,291.5914166216784,-237.59141662167838
2021-06-12 04:00:00,1432A,SLD,52.0,290.77257078852955,-238.77257078852955
2021-06-12 05:00:00,1432A,SLD,50.0,291.32786987400584,-241.32786987400584
2021-06-12 06:00:00,1432A,SLD,57.0,292.0289559843637,-235.02895598436368
2021-06-12 07:00:00,1432A,SLD,57.0,290.99647104557863,-233.99647104557863
2021-06-12 08:00:00,1432A,SLD,48.0,290.887402787476,-242.887402787476
2021-06-12 09:00:00,1432A,SLD,43.0,291.5294161373002,-248.5294161373002
2021-06-12 10:00:00,1432A,SLD,48.0,292.218469012274,-244.218469012274
2021-06-12 11:00:00,1432A,SLD,52.0,292.6110113386018,-240.61101133860183
2021-06-12 12:00:00,1432A,SLD,59.0,291.55991693449914,-232.55991693449914
2021-06-12 13:00:00,1432A,SLD,63.0,290.62603002363494,-227.62603002363494
2021-06-12 14:00:00,1432A,SLD,64.0,290.6397710934602,-226.63977109346018
2021-06-12 15:00:00,1432A,SLD,66.0,290.05881016647476,-224.05881016647476
2021-06-12 16:00:00,1432A,SLD,66.0,289.2069512341823,-223.20695123418233
2021-06-12 17:00:00,1432A,SLD,75.0,289.3734996920867,-214.37349969208668
2021-06-12 18:00:00,1432A,SLD,69.0,288.8457400424652,-219.8457400424652
2021-06-12 19:00:00,1432A,SLD,76.0,289.8904884131247,-213.89048841312467
2021-06-12 20:00:00,1432A,SLD,85.0,292.05485162972064,-207.05485162972064
2021-06-12 21:00:00,1432A,SLD,93.0,292.77850965737105,-199.77850965737105
2021-06-12 22:00:00,1432A,SLD,105.0,291.55210496274333,-186.55210496274333
2021-06-12 23:00:00,1432A,SLD,124.0,291.08205963240556,-167.08205963240556
2021-06-13 00:00:00,1432A,SLD,116.0,291.17704918873056,-175.17704918873056
2021-06-13 01:00:00,1432A,SLD,70.0,292.28574295135087,-222.28574295135087
2021-06-13 02:00:00,1432A,SLD,59.0,293.0950004631204,-234.0950004631204
2021-06-13 03:00:00,1432A,SLD,50.0,292.7176266783715,-242.71762667837152
2021-06-13 04:00:00,1432A,SLD,40.0,291.8987808452227,-251.8987808452227
2021-06-13 05:00:00,1432A,SLD,38.0,292.454079930699,-254.45407993069898
2021-06-13 06:00:00,1432A,SLD,37.0,293.1551660410568,-256.1551660410568
2021-06-13 07:00:00,1432A,SLD,39.0,292.12268110227177,-253.12268110227177
2021-06-13 08:00:00,1432A,SLD,38.0,292.01361284416913,-254.01361284416913
2021-06-13 09:00:00,1432A,SLD,39.0,292.6556261939933,-253.65562619399333
2021-06-13 10:00:00,1432A,SLD,47.0,293.34467906896714,-246.34467906896714
2021-06-13 11:00:00,1432A,SLD,58.0,293.73722139529497,-235.73722139529497
2021-06-13 12:00:00,1432A,SLD,47.0,292.6861269911923,-245.68612699119228
2021-06-13 13:00:00,1432A,SLD,30.0,291.7522400803281,-261.7522400803281
2021-06-13 14:00:00,1432A,SLD,33.0,291.7659811501533,-258.7659811501533
2021-06-13 15:00:00,1432A,SLD,33.0,291.1850202231679,-258.1850202231679
2021-06-13 16:00:00,1432A,SLD,26.0,290.33316129087547,-264.33316129087547
2021-06-13 17:00:00,1432A,SLD,34.0,290.4997097487798,-256.4997097487798
2021-06-13 18:00:00,1432A,SLD,43.0,289.97195009915833,-246.97195009915833
2021-06-13 19:00:00,1432A,SLD,48.0,291.0166984698178,-243.0166984698178
2021-06-13 20:00:00,1432A,SLD,44.0,293.1810616864138,-249.18106168641378
2021-06-13 21:00:00,1432A,SLD,50.0,293.9047197140642,-243.90471971406419
2021-06-13 22:00:00,1432A,SLD,66.0,292.67831501943647,-226.67831501943647
2021-06-13 23:00:00,1432A,SLD,70.0,292.2082696890987,-222.2082696890987
2021-06-14 00:00:00,1432A,SLD,66.0,292.3032592454237,-226.3032592454237
2021-06-14 01:00:00,1432A,SLD,66.0,293.411953008044,-227.411953008044
2021-06-14 02:00:00,1432A,SLD,58.0,294.22121051981355,-236.22121051981355
2021-06-14 03:00:00,1432A,SLD,60.0,293.84383673506466,-233.84383673506466
2021-06-14 04:00:00,1432A,SLD,62.0,293.0249909019158,-231.02499090191583
2021-06-14 05:00:00,1432A,SLD,65.0,293.5802899873921,-228.58028998739212
2021-06-14 06:00:00,1432A,SLD,56.0,294.28137609774996,-238.28137609774996
2021-06-14 07:00:00,1432A,SLD,46.0,293.2488911589649,-247.2488911589649
2021-06-14 08:00:00,1432A,SLD,45.0,293.13982290086227,-248.13982290086227
2021-06-14 09:00:00,1432A,SLD,44.0,293.78183625068647,-249.78183625068647
2021-06-14 10:00:00,1432A,SLD,34.0,294.4708891256603,-260.4708891256603
2021-06-14 11:00:00,1432A,SLD,34.0,294.8634314519881,-260.8634314519881
2021-06-14 12:00:00,1432A,SLD,37.0,293.8123370478854,-256.8123370478854
2021-06-14 13:00:00,1432A,SLD,29.0,292.8784501370212,-263.8784501370212
2021-06-14 14:00:00,1432A,SLD,27.0,292.89219120684646,-265.89219120684646
2021-06-14 15:00:00,1432A,SLD,29.0,292.31123027986104,-263.31123027986104
2021-06-14 16:00:00,1432A,SLD,27.0,291.4593713475686,-264.4593713475686
2021-06-14 17:00:00,1432A,SLD,28.0,291.62591980547296,-263.62591980547296
2021-06-14 18:00:00,1432A,SLD,28.0,291.0981601558515,-263.0981601558515
2021-06-14 19:00:00,1432A,SLD,32.0,292.14290852651095,-260.14290852651095
2021-06-14 20:00:00,1432A,SLD,33.0,294.3072717431069,-261.3072717431069
2021-06-14 21:00:00,1432A,SLD,25.0,295.0309297707573,-270.0309297707573
2021-06-14 22:00:00,1432A,SLD,24.0,293.8045250761296,-269.8045250761296
2021-06-14 23:00:00,1432A,SLD,25.0,293.33447974579184,-268.33447974579184
2021-06-15 00:00:00,1432A,SLD,28.0,293.42946930211684,-265.42946930211684
2021-06-15 01:00:00,1432A,SLD,24.0,294.53816306473715,-270.53816306473715
2021-06-15 02:00:00,1432A,SLD,23.0,295.3474205765067,-272.3474205765067
2021-06-15 03:00:00,1432A,SLD,22.0,294.9700467917578,-272.9700467917578
2021-06-15 04:00:00,1432A,SLD,27.0,294.15120095860897,-267.15120095860897
2021-06-15 05:00:00,1432A,SLD,28.0,294.70650004408526,-266.70650004408526
2021-06-15 06:00:00,1432A,SLD,27.0,295.4075861544431,-268.4075861544431
2021-06-15 07:00:00,1432A,SLD,31.0,294.37510121565805,-263.37510121565805
2021-06-15 08:00:00,1432A,SLD,34.0,294.2660329575554,-260.2660329575554
2021-06-15 09:00:00,1432A,SLD,36.0,294.9080463073796,-258.9080463073796
2021-06-15 10:00:00,1432A,SLD,38.0,295.5970991823534,-257.5970991823534
2021-06-15 11:00:00,1432A,SLD,34.0,295.98964150868125,-261.98964150868125
2021-06-15 12:00:00,1432A,SLD,31.0,294.93854710457856,-263.93854710457856
2021-06-15 13:00:00,1432A,SLD,22.0,294.00466019371436,-272.00466019371436
2021-06-15 14:00:00,1432A,SLD,14.0,294.0184012635396,-280.0184012635396
2021-06-15 15:00:00,1432A,SLD,12.0,293.4374403365542,-281.4374403365542
2021-06-15 16:00:00,1432A,SLD,11.0,292.58558140426175,-281.58558140426175
2021-06-15 17:00:00,1432A,SLD,11.0,292.7521298621661,-281.7521298621661
2021-06-15 18:00:00,1432A,SLD,16.0,292.2243702125446,-276.2243702125446
2021-06-15 19:00:00,1432A,SLD,18.0,293.2691185832041,-275.2691185832041
2021-06-15 20:00:00,1432A,SLD,14.0,295.43348179980006,-281.43348179980006
2021-06-15 21:00:00,1432A,SLD,15.0,296.15713982745046,-281.15713982745046
2021-06-15 22:00:00,1432A,SLD,14.0,294.93073513282275,-280.93073513282275
2021-06-15 23:00:00,1432A,SLD,14.0,294.460689802485,-280.460689802485
2021-06-16 00:00:00,1432A,SLD,16.0,294.55567935881,-278.55567935881
2021-06-16 01:00:00,1432A,SLD,16.0,295.6643731214303,-279.6643731214303
2021-06-16 02:00:00,1432A,SLD,15.0,296.47363063319983,-281.47363063319983
2021-06-16 03:00:00,1432A,SLD,16.0,296.09625684845093,-280.09625684845093
2021-06-16 04:00:00,1432A,SLD,16.0,295.2774110153021,-279.2774110153021
2021-06-16 05:00:00,1432A,SLD,16.0,295.8327101007784,-279.8327101007784
2021-06-16 06:00:00,1432A,SLD,16.0,296.53379621113623,-280.53379621113623
2021-06-16 07:00:00,1432A,SLD,15.0,295.5013112723512,-280.5013112723512
2021-06-16 08:00:00,1432A,SLD,15.0,295.39224301424855,-280.39224301424855
2021-06-16 09:00:00,1432A,SLD,17.0,296.03425636407275,-279.03425636407275
2021-06-16 10:00:00,1432A,SLD,20.0,296.72330923904656,-276.72330923904656
2021-06-16 11:00:00,1432A,SLD,25.0,297.1158515653744,-272.1158515653744
2021-06-16 12:00:00,1432A,SLD,32.0,296.0647571612717,-264.0647571612717
2021-06-16 13:00:00,1432A,SLD,41.0,295.1308702504075,-254.1308702504075
2021-06-16 14:00:00,1432A,SLD,43.0,295.14461132023274,-252.14461132023274
2021-06-16 15:00:00,1432A,SLD,33.0,294.5636503932473,-261.5636503932473
2021-06-16 16:00:00,1432A,SLD,21.0,293.7117914609549,-272.7117914609549
2021-06-16 17:00:00,1432A,SLD,9.0,293.87833991885924,-284.87833991885924
2021-06-16 18:00:00,1432A,SLD,7.0,293.35058026923775,-286.35058026923775
2021-06-16 19:00:00,1432A,SLD,6.0,294.39532863989723,-288.39532863989723
2021-06-16 20:00:00,1432A,SLD,4.0,296.5596918564932,-292.5596918564932
2021-06-16 21:00:00,1432A,SLD,3.0,297.2833498841436,-294.2833498841436
2021-06-16 22:00:00,1432A,SLD,3.0,296.0569451895159,-293.0569451895159
2021-06-16 23:00:00,1432A,SLD,4.0,295.5868998591781,-291.5868998591781
2021-06-17 00:00:00,1432A,SLD,4.0,295.6818894155031,-291.6818894155031
2021-06-17 01:00:00,1432A,SLD,3.0,296.7905831781234,-293.7905831781234
2021-06-17 02:00:00,1432A,SLD,3.0,297.59984068989297,-294.59984068989297
2021-06-17 03:00:00,1432A,SLD,4.0,297.2224669051441,-293.2224669051441
2021-06-17 04:00:00,1432A,SLD,5.0,296.40362107199525,-291.40362107199525
2021-06-17 05:00:00,1432A,SLD,2.0,296.95892015747154,-294.95892015747154
2021-06-17 06:00:00,1432A,SLD,2.0,297.6600062678294,-295.6600062678294
2021-06-17 07:00:00,1432A,SLD,2.0,296.6275213290443,-294.6275213290443
2021-06-17 08:00:00,1432A,SLD,3.0,296.5184530709417,-293.5184530709417
2021-06-17 09:00:00,1432A,SLD,3.0,297.1604664207659,-294.1604664207659
2021-06-17 10:00:00,1432A,SLD,6.0,297.8495192957397,-291.8495192957397
2021-06-17 11:00:00,1432A,SLD,7.0,298.2420616220675,-291.2420616220675
2021-06-17 12:00:00,1432A,SLD,7.0,297.19096721796484,-290.19096721796484
2021-06-17 13:00:00,1432A,SLD,12.0,296.25708030710064,-284.25708030710064
2021-06-17 14:00:00,1432A,SLD,14.0,296.2708213769259,-282.2708213769259
2021-06-17 15:00:00,1432A,SLD,17.0,295.68986044994045,-278.68986044994045
2021-06-17 16:00:00,1432A,SLD,21.0,294.838001517648,-273.838001517648
2021-06-17 17:00:00,1432A,SLD,25.0,295.0045499755524,-270.0045499755524
2021-06-17 18:00:00,1432A,SLD,22.0,294.4767903259309,-272.4767903259309
2021-06-17 19:00:00,1432A,SLD,18.0,295.52153869659037,-277.52153869659037
2021-06-17 20:00:00,1432A,SLD,10.0,297.68590191318634,-287.68590191318634
2021-06-17 21:00:00,1432A,SLD,9.0,298.40955994083674,-289.40955994083674
2021-06-17 22:00:00,1432A,SLD,9.0,297.183155246209,-288.183155246209
2021-06-17 23:00:00,1432A,SLD,8.0,296.71310991587126,-288.71310991587126
2021-06-18 00:00:00,1432A,SLD,9.0,296.80809947219626,-287.80809947219626
2021-06-18 01:00:00,1432A,SLD,18.0,297.91679323481657,-279.91679323481657
2021-06-18 02:00:00,1432A,SLD,15.0,298.7260507465861,-283.7260507465861
2021-06-18 03:00:00,1432A,SLD,13.0,298.3486769618372,-285.3486769618372
2021-06-18 04:00:00,1432A,SLD,12.0,297.5298311286884,-285.5298311286884
2021-06-18 05:00:00,1432A,SLD,14.0,298.0851302141647,-284.0851302141647
2021-06-18 06:00:00,1432A,SLD,12.0,298.7862163245225,-286.7862163245225
2021-06-18 07:00:00,1432A,SLD,8.0,297.75373138573747,-289.75373138573747
2021-06-18 08:00:00,1432A,SLD,8.0,297.64466312763483,-289.64466312763483
2021-06-18 09:00:00,1432A,SLD,14.0,298.286676477459,-284.286676477459
2021-06-18 10:00:00,1432A,SLD,21.0,298.97572935243284,-277.97572935243284
2021-06-18 11:00:00,1432A,SLD,18.0,299.36827167876066,-281.36827167876066
2021-06-18 12:00:00,1432A,SLD,14.0,298.317177274658,-284.317177274658
2021-06-18 13:00:00,1432A,SLD,17.0,297.3832903637938,-280.3832903637938
2021-06-18 14:00:00,1432A,SLD,21.0,297.397031433619,-276.397031433619
2021-06-18 15:00:00,1432A,SLD,27.0,296.8160705066336,-269.8160705066336
2021-06-18 16:00:00,1432A,SLD,31.0,295.96421157434116,-264.96421157434116
2021-06-18 17:00:00,1432A,SLD,30.0,296.1307600322455,-266.1307600322455
2021-06-18 18:00:00,1432A,SLD,34.0,295.60300038262403,-261.60300038262403
2021-06-18 19:00:00,1432A,SLD,32.0,296.6477487532835,-264.6477487532835
2021-06-18 20:00:00,1432A,SLD,27.0,298.8121119698795,-271.8121119698795
2021-06-18 21:00:00,1432A,SLD,26.0,299.5357699975299,-273.5357699975299
2021-06-18 22:00:00,1432A,SLD,27.0,298.30936530290217,-271.30936530290217
2021-06-18 23:00:00,1432A,SLD,30.0,297.8393199725644,-267.8393199725644
2021-06-19 00:00:00,1432A,SLD,31.0,297.9343095288894,-266.9343095288894
2021-06-19 01:00:00,1432A,SLD,33.0,299.0430032915097,-266.0430032915097
2021-06-19 02:00:00,1432A,SLD,35.0,299.85226080327925,-264.85226080327925
2021-06-19 03:00:00,1432A,SLD,38.0,299.47488701853035,-261.47488701853035
2021-06-19 04:00:00,1432A,SLD,42.0,298.6560411853815,-256.6560411853815
2021-06-19 05:00:00,1432A,SLD,47.0,299.2113402708578,-252.21134027085782
2021-06-19 06:00:00,1432A,SLD,59.0,299.91242638121565,-240.91242638121565
2021-06-19 07:00:00,1432A,SLD,44.0,298.8799414424306,-254.8799414424306
2021-06-19 08:00:00,1432A,SLD,51.0,298.77087318432797,-247.77087318432797
2021-06-19 09:00:00,1432A,SLD,61.0,299.41288653415216,-238.41288653415216
2021-06-19 10:00:00,1432A,SLD,66.0,300.101939409126,-234.10193940912598
2021-06-19 11:00:00,1432A,SLD,64.0,300.4944817354538,-236.4944817354538
2021-06-19 12:00:00,1432A,SLD,57.0,299.4433873313511,-242.44338733135112
2021-06-19 13:00:00,1432A,SLD,62.0,298.5095004204869,-236.50950042048692
2021-06-19 14:00:00,1432A,SLD,60.0,298.52324149031216,-238.52324149031216
2021-06-19 15:00:00,1432A,SLD,55.0,297.94228056332673,-242.94228056332673
2021-06-19 16:00:00,1432A,SLD,24.0,297.0904216310343,-273.0904216310343
2021-06-19 17:00:00,1432A,SLD,16.0,297.25697008893866,-281.25697008893866
2021-06-19 18:00:00,1432A,SLD,12.0,296.72921043931717,-284.72921043931717
2021-06-19 19:00:00,1432A,SLD,17.0,297.77395880997665,-280.77395880997665
2021-06-19 20:00:00,1432A,SLD,17.0,299.9383220265726,-282.9383220265726
2021-06-19 21:00:00,1432A,SLD,18.0,300.661980054223,-282.661980054223
2021-06-19 22:00:00,1432A,SLD,23.0,299.4355753595953,-276.4355753595953
2021-06-19 23:00:00,1432A,SLD,37.0,298.96553002925754,-261.96553002925754
2021-06-20 00:00:00,1432A,SLD,42.0,299.06051958558254,-257.06051958558254
2021-06-20 01:00:00,1432A,SLD,45.0,300.16921334820285,-255.16921334820285
2021-06-20 02:00:00,1432A,SLD,50.0,300.9784708599724,-250.9784708599724
2021-06-20 03:00:00,1432A,SLD,50.0,300.6010970752235,-250.6010970752235
2021-06-20 04:00:00,1432A,SLD,46.0,299.78225124207466,-253.78225124207466
2021-06-20 05:00:00,1432A,SLD,46.0,300.33755032755096,-254.33755032755096
2021-06-20 06:00:00,1432A,SLD,45.0,301.0386364379088,-256.0386364379088
2021-06-20 07:00:00,1432A,SLD,38.0,300.00615149912375,-262.00615149912375
2021-06-20 08:00:00,1432A,SLD,36.0,299.8970832410211,-263.8970832410211
2021-06-20 09:00:00,1432A,SLD,34.0,300.5390965908453,-266.5390965908453
2021-06-20 10:00:00,1432A,SLD,46.0,301.2281494658191,-255.22814946581911
2021-06-20 11:00:00,1432A,SLD,61.0,301.62069179214694,-240.62069179214694
2021-06-20 12:00:00,1432A,SLD,68.0,300.56959738804426,-232.56959738804426
2021-06-20 13:00:00,1432A,SLD,47.0,299.63571047718006,-252.63571047718006
2021-06-20 14:00:00,1432A,SLD,64.0,299.6494515470053,-235.6494515470053
2021-06-20 15:00:00,1432A,SLD,64.0,299.0684906200199,-235.06849062001987
2021-06-20 16:00:00,1432A,SLD,37.0,298.21663168772744,-261.21663168772744
2021-06-20 17:00:00,1432A,SLD,33.0,298.3831801456318,-265.3831801456318
2021-06-20 18:00:00,1432A,SLD,23.0,297.8554204960103,-274.8554204960103
2021-06-20 19:00:00,1432A,SLD,17.0,298.9001688666698,-281.9001688666698
2021-06-20 20:00:00,1432A,SLD,,301.06453208326576,
2021-06-20 21:00:00,1432A,SLD,17.0,301.78819011091616,-284.78819011091616
2021-06-20 22:00:00,1432A,SLD,22.0,300.56178541628844,-278.56178541628844
2021-06-20 23:00:00,1432A,SLD,22.0,300.0917400859507,-278.0917400859507
2021-06-21 00:00:00,1432A,SLD,26.0,300.1867296422757,-274.1867296422757
2021-06-21 01:00:00,1432A,SLD,35.0,301.295423404896,-266.295423404896
2021-06-21 02:00:00,1432A,SLD,36.0,302.10468091666553,-266.10468091666553
2021-06-21 03:00:00,1432A,SLD,37.0,301.72730713191663,-264.72730713191663
2021-06-21 04:00:00,1432A,SLD,36.0,300.9084612987678,-264.9084612987678
2021-06-21 05:00:00,1432A,SLD,28.0,301.4637603842441,-273.4637603842441
2021-06-21 06:00:00,1432A,SLD,26.0,302.16484649460193,-276.16484649460193
2021-06-21 07:00:00,1432A,SLD,32.0,301.1323615558169,-269.1323615558169
2021-06-21 08:00:00,1432A,SLD,31.0,301.02329329771425,-270.02329329771425
2021-06-21 09:00:00,1432A,SLD,33.0,301.66530664753844,-268.66530664753844
2021-06-21 10:00:00,1432A,SLD,39.0,302.35435952251225,-263.35435952251225
2021-06-21 11:00:00,1432A,SLD,62.0,302.7469018488401,-240.74690184884008
2021-06-21 12:00:00,1432A,SLD,69.0,301.6958074447374,-232.6958074447374
2021-06-21 13:00:00,1432A,SLD,66.0,300.7619205338732,-234.7619205338732
2021-06-21 14:00:00,1432A,SLD,65.0,300.77566160369844,-235.77566160369844
2021-06-21 15:00:00,1432A,SLD,53.0,300.194700676713,-247.194700676713
2021-06-21 16:00:00,1432A,SLD,27.0,299.3428417444206,-272.3428417444206
2021-06-21 17:00:00,1432A,SLD,21.0,299.50939020232494,-278.50939020232494
2021-06-21 18:00:00,1432A,SLD,19.0,298.98163055270345,-279.98163055270345
2021-06-21 19:00:00,1432A,SLD,18.0,300.0263789233629,-282.0263789233629
2021-06-21 20:00:00,1432A,SLD,19.0,302.1907421399589,-283.1907421399589
2021-06-21 21:00:00,1432A,SLD,24.0,302.9144001676093,-278.9144001676093
2021-06-21 22:00:00,1432A,SLD,28.0,301.6879954729816,-273.6879954729816
2021-06-21 23:00:00,1432A,SLD,32.0,301.2179501426438,-269.2179501426438
2021-06-22 00:00:00,1432A,SLD,40.0,301.3129396989688,-261.3129396989688
2021-06-22 01:00:00,1432A,SLD,46.0,302.4216334615891,-256.4216334615891
2021-06-22 02:00:00,1432A,SLD,57.0,303.23089097335867,-246.23089097335867
2021-06-22 03:00:00,1432A,SLD,56.0,302.85351718860977,-246.85351718860977
2021-06-22 04:00:00,1432A,SLD,56.0,302.03467135546094,-246.03467135546094
2021-06-22 05:00:00,1432A,SLD,59.0,302.58997044093724,-243.58997044093724
2021-06-22 06:00:00,1432A,SLD,63.0,303.29105655129507,-240.29105655129507
2021-06-22 07:00:00,1432A,SLD,61.0,302.25857161251,-241.25857161251002
2021-06-22 08:00:00,1432A,SLD,64.0,302.1495033544074,-238.1495033544074
2021-06-22 09:00:00,1432A,SLD,87.0,302.7915167042316,-215.79151670423158
2021-06-22 10:00:00,1432A,SLD,,303.4805695792054,
2021-06-22 11:00:00,1432A,SLD,80.0,303.8731119055332,-223.87311190553322
2021-06-22 12:00:00,1432A,SLD,45.0,302.82201750143054,-257.82201750143054
2021-06-22 13:00:00,1432A,SLD,25.0,301.88813059056633,-276.88813059056633
2021-06-22 14:00:00,1432A,SLD,23.0,301.9018716603916,-278.9018716603916
2021-06-22 15:00:00,1432A,SLD,27.0,301.32091073340615,-274.32091073340615
2021-06-22 16:00:00,1432A,SLD,26.0,300.4690518011137,-274.4690518011137
2021-06-22 17:00:00,1432A,SLD,23.0,300.6356002590181,-277.6356002590181
2021-06-22 18:00:00,1432A,SLD,19.0,300.1078406093966,-281.1078406093966
2021-06-22 19:00:00,1432A,SLD,16.0,301.15258898005607,-285.15258898005607
2021-06-22 20:00:00,1432A,SLD,16.0,303.31695219665204,-287.31695219665204
2021-06-22 21:00:00,1432A,SLD,22.0,304.04061022430244,-282.04061022430244
2021-06-22 22:00:00,1432A,SLD,20.0,302.8142055296747,-282.8142055296747
2021-06-22 23:00:00,1432A,SLD,20.0,302.34416019933695,-282.34416019933695
2021-06-23 00:00:00,1432A,SLD,22.0,302.43914975566196,-280.43914975566196
2021-06-23 01:00:00,1432A,SLD,23.0,303.54784351828226,-280.54784351828226
2021-06-23 02:00:00,1432A,SLD,26.0,304.3571010300518,-278.3571010300518
2021-06-23 03:00:00,1432A,SLD,27.0,303.9797272453029,-276.9797272453029
2021-06-23 04:00:00,1432A,SLD,32.0,303.1608814121541,-271.1608814121541
2021-06-23 05:00:00,1432A,SLD,35.0,303.7161804976304,-268.7161804976304
2021-06-23 06:00:00,1432A,SLD,45.0,304.4172666079882,-259.4172666079882
2021-06-23 07:00:00,1432A,SLD,62.0,303.38478166920316,-241.38478166920316
2021-06-23 08:00:00,1432A,SLD,64.0,303.2757134111005,-239.27571341110053
2021-06-23 09:00:00,1432A,SLD,63.0,303.9177267609247,-240.91772676092472
2021-06-23 10:00:00,1432A,SLD,68.0,304.60677963589853,-236.60677963589853
2021-06-23 11:00:00,1432A,SLD,74.0,304.99932196222636,-230.99932196222636
2021-06-23 12:00:00,1432A,SLD,76.0,303.9482275581237,-227.94822755812368
2021-06-23 13:00:00,1432A,SLD,71.0,303.0143406472595,-232.01434064725947
2021-06-23 14:00:00,1432A,SLD,45.0,303.0280817170847,-258.0280817170847
2021-06-23 15:00:00,1432A,SLD,46.0,302.4471207900993,-256.4471207900993
2021-06-23 16:00:00,1432A,SLD,52.0,301.59526185780686,-249.59526185780686
2021-06-23 17:00:00,1432A,SLD,55.0,301.7618103157112,-246.76181031571122
2021-06-23 18:00:00,1432A,SLD,70.0,301.23405066608973,-231.23405066608973
2021-06-23 19:00:00,1432A,SLD,57.0,302.2787990367492,-245.2787990367492
2021-06-23 20:00:00,1432A,SLD,48.0,304.4431622533452,-256.4431622533452
2021-06-23 21:00:00,1432A,SLD,45.0,305.1668202809956,-260.1668202809956
2021-06-23 22:00:00,1432A,SLD,38.0,303.94041558636786,-265.94041558636786
2021-06-23 23:00:00,1432A,SLD,55.0,303.4703702560301,-248.4703702560301
2021-06-24 00:00:00,1432A,SLD,53.0,303.5653598123551,-250.5653598123551
2021-06-24 01:00:00,1432A,SLD,55.0,304.6740535749754,-249.6740535749754
2021-06-24 02:00:00,1432A,SLD,56.0,305.48331108674495,-249.48331108674495
2021-06-24 03:00:00,1432A,SLD,57.0,305.10593730199605,-248.10593730199605
2021-06-24 04:00:00,1432A,SLD,58.0,304.2870914688472,-246.28709146884722
2021-06-24 05:00:00,1432A,SLD,65.0,304.8423905543235,-239.84239055432352
2021-06-24 06:00:00,1432A,SLD,70.0,305.54347666468135,-235.54347666468135
2021-06-24 07:00:00,1432A,SLD,72.0,304.5109917258963,-232.5109917258963
2021-06-24 08:00:00,1432A,SLD,67.0,304.40192346779367,-237.40192346779367
2021-06-24 09:00:00,1432A,SLD,72.0,305.04393681761786,-233.04393681761786
2021-06-24 10:00:00,1432A,SLD,60.0,305.7329896925917,-245.73298969259167
2021-06-24 11:00:00,1432A,SLD,44.0,306.1255320189195,-262.1255320189195
2021-06-24 12:00:00,1432A,SLD,44.0,305.0744376148168,-261.0744376148168
2021-06-24 13:00:00,1432A,SLD,43.0,304.1405507039526,-261.1405507039526
2021-06-24 14:00:00,1432A,SLD,50.0,304.15429177377786,-254.15429177377786
2021-06-24 15:00:00,1432A,SLD,40.0,303.57333084679243,-263.57333084679243
2021-06-24 16:00:00,1432A,SLD,36.0,302.7214719145,-266.7214719145
2021-06-24 17:00:00,1432A,SLD,31.0,302.88802037240436,-271.88802037240436
2021-06-24 18:00:00,1432A,SLD,30.0,302.36026072278287,-272.36026072278287
2021-06-24 19:00:00,1432A,SLD,19.0,303.40500909344235,-284.40500909344235
2021-06-24 20:00:00,1432A,SLD,13.0,305.5693723100383,-292.5693723100383
2021-06-24 21:00:00,1432A,SLD,15.0,306.2930303376887,-291.2930303376887
2021-06-24 22:00:00,1432A,SLD,16.0,305.066625643061,-289.066625643061
2021-06-24 23:00:00,1432A,SLD,15.0,304.59658031272323,-289.59658031272323
2021-06-25 00:00:00,1432A,SLD,16.0,304.69156986904824,-288.69156986904824
2021-06-25 01:00:00,1432A,SLD,13.0,305.80026363166854,-292.80026363166854
2021-06-25 02:00:00,1432A,SLD,13.0,306.6095211434381,-293.6095211434381
2021-06-25 03:00:00,1432A,SLD,14.0,306.2321473586892,-292.2321473586892
2021-06-25 04:00:00,1432A,SLD,16.0,305.41330152554036,-289.41330152554036
2021-06-25 05:00:00,1432A,SLD,19.0,305.96860061101665,-286.96860061101665
2021-06-25 06:00:00,1432A,SLD,22.0,306.6696867213745,-284.6696867213745
2021-06-25 07:00:00,1432A,SLD,23.0,305.63720178258944,-282.63720178258944
2021-06-25 08:00:00,1432A,SLD,20.0,305.5281335244868,-285.5281335244868
2021-06-25 09:00:00,1432A,SLD,23.0,306.170146874311,-283.170146874311
2021-06-25 10:00:00,1432A,SLD,22.0,306.8591997492848,-284.8591997492848
2021-06-25 11:00:00,1432A,SLD,19.0,307.25174207561264,-288.25174207561264
2021-06-25 12:00:00,1432A,SLD,21.0,306.20064767150996,-285.20064767150996
2021-06-25 13:00:00,1432A,SLD,21.0,305.26676076064575,-284.26676076064575
2021-06-25 14:00:00,1432A,SLD,25.0,305.280501830471,-280.280501830471
2021-06-25 15:00:00,1432A,SLD,28.0,304.69954090348557,-276.69954090348557
2021-06-25 16:00:00,1432A,SLD,24.0,303.84768197119314,-279.84768197119314
2021-06-25 17:00:00,1432A,SLD,15.0,304.0142304290975,-289.0142304290975
2021-06-25 18:00:00,1432A,SLD,13.0,303.486470779476,-290.486470779476
2021-06-25 19:00:00,1432A,SLD,14.0,304.5312191501355,-290.5312191501355
2021-06-25 20:00:00,1432A,SLD,11.0,306.69558236673146,-295.69558236673146
2021-06-25 21:00:00,1432A,SLD,12.0,307.41924039438186,-295.41924039438186
2021-06-25 22:00:00,1432A,SLD,14.0,306.19283569975414,-292.19283569975414
2021-06-25 23:00:00,1432A,SLD,16.0,305.7227903694164,-289.7227903694164
2021-06-26 00:00:00,1432A,SLD,18.0,305.8177799257414,-287.8177799257414
2021-06-26 01:00:00,1432A,SLD,18.0,306.9264736883617,-288.9264736883617
2021-06-26 02:00:00,1432A,SLD,20.0,307.7357312001312,-287.7357312001312
2021-06-26 03:00:00,1432A,SLD,24.0,307.35835741538233,-283.35835741538233
2021-06-26 04:00:00,1432A,SLD,31.0,306.5395115822335,-275.5395115822335
2021-06-26 05:00:00,1432A,SLD,32.0,307.0948106677098,-275.0948106677098
2021-06-26 06:00:00,1432A,SLD,32.0,307.79589677806763,-275.79589677806763
2021-06-26 07:00:00,1432A,SLD,25.0,306.7634118392826,-281.7634118392826
2021-06-26 08:00:00,1432A,SLD,20.0,306.65434358117994,-286.65434358117994
2021-06-26 09:00:00,1432A,SLD,22.0,307.29635693100414,-285.29635693100414
2021-06-26 10:00:00,1432A,SLD,28.0,307.98540980597795,-279.98540980597795
2021-06-26 11:00:00,1432A,SLD,24.0,308.3779521323058,-284.3779521323058
2021-06-26 12:00:00,1432A,SLD,25.0,307.3268577282031,-282.3268577282031
2021-06-26 13:00:00,1432A,SLD,36.0,306.3929708173389,-270.3929708173389
2021-06-26 14:00:00,1432A,SLD,61.0,306.40671188716414,-245.40671188716414
2021-06-26 15:00:00,1432A,SLD,67.0,305.8257509601787,-238.8257509601787
2021-06-26 16:00:00,1432A,SLD,65.0,304.9738920278863,-239.97389202788628
2021-06-26 17:00:00,1432A,SLD,42.0,305.14044048579063,-263.14044048579063
2021-06-26 18:00:00,1432A,SLD,36.0,304.61268083616915,-268.61268083616915
2021-06-26 19:00:00,1432A,SLD,31.0,305.6574292068286,-274.6574292068286
2021-06-26 20:00:00,1432A,SLD,30.0,307.8217924234246,-277.8217924234246
2021-06-26 21:00:00,1432A,SLD,30.0,308.545450451075,-278.545450451075
2021-06-26 22:00:00,1432A,SLD,30.0,307.3190457564473,-277.3190457564473
2021-06-26 23:00:00,1432A,SLD,34.0,306.8490004261095,-272.8490004261095
2021-06-27 00:00:00,1432A,SLD,31.0,306.9439899824345,-275.9439899824345
2021-06-27 01:00:00,1432A,SLD,37.0,308.0526837450548,-271.0526837450548
2021-06-27 02:00:00,1432A,SLD,38.0,308.86194125682437,-270.86194125682437
2021-06-27 03:00:00,1432A,SLD,39.0,308.48456747207547,-269.48456747207547
2021-06-27 04:00:00,1432A,SLD,44.0,307.66572163892664,-263.66572163892664
2021-06-27 05:00:00,1432A,SLD,48.0,308.22102072440293,-260.22102072440293
2021-06-27 06:00:00,1432A,SLD,47.0,308.92210683476077,-261.92210683476077
2021-06-27 07:00:00,1432A,SLD,45.0,307.8896218959757,-262.8896218959757
2021-06-27 08:00:00,1432A,SLD,50.0,307.7805536378731,-257.7805536378731
2021-06-27 09:00:00,1432A,SLD,57.0,308.4225669876973,-251.42256698769728
2021-06-27 10:00:00,1432A,SLD,62.0,309.1116198626711,-247.1116198626711
2021-06-27 11:00:00,1432A,SLD,58.0,309.5041621889989,-251.50416218899892
2021-06-27 12:00:00,1432A,SLD,55.0,308.45306778489623,-253.45306778489623
2021-06-27 13:00:00,1432A,SLD,58.0,307.51918087403203,-249.51918087403203
2021-06-27 14:00:00,1432A,SLD,64.0,307.5329219438573,-243.53292194385727
2021-06-27 15:00:00,1432A,SLD,43.0,306.95196101687185,-263.95196101687185
2021-06-27 16:00:00,1432A,SLD,31.0,306.1001020845794,-275.1001020845794
2021-06-27 17:00:00,1432A,SLD,29.0,306.2666505424838,-277.2666505424838
2021-06-27 18:00:00,1432A,SLD,21.0,305.7388908928623,-284.7388908928623
2021-06-27 19:00:00,1432A,SLD,20.0,306.78363926352176,-286.78363926352176
2021-06-27 20:00:00,1432A,SLD,23.0,308.94800248011774,-285.94800248011774
2021-06-27 21:00:00,1432A,SLD,26.0,309.67166050776814,-283.67166050776814
2021-06-27 22:00:00,1432A,SLD,21.0,308.4452558131404,-287.4452558131404
2021-06-27 23:00:00,1432A,SLD,25.0,307.97521048280265,-282.97521048280265
2021-06-28 00:00:00,1432A,SLD,27.0,308.07020003912766,-281.07020003912766
2021-06-28 01:00:00,1432A,SLD,29.0,309.17889380174796,-280.17889380174796
2021-06-28 02:00:00,1432A,SLD,30.0,309.9881513135175,-279.9881513135175
2021-06-28 03:00:00,1432A,SLD,29.0,309.6107775287686,-280.6107775287686
2021-06-28 04:00:00,1432A,SLD,29.0,308.7919316956198,-279.7919316956198
2021-06-28 05:00:00,1432A,SLD,28.0,309.3472307810961,-281.3472307810961
2021-06-28 06:00:00,1432A,SLD,29.0,310.0483168914539,-281.0483168914539
2021-06-28 07:00:00,1432A,SLD,32.0,309.01583195266886,-277.01583195266886
2021-06-28 08:00:00,1432A,SLD,39.0,308.9067636945662,-269.9067636945662
2021-06-28 09:00:00,1432A,SLD,49.0,309.5487770443904,-260.5487770443904
2021-06-28 10:00:00,1432A,SLD,61.0,310.23782991936423,-249.23782991936423
2021-06-28 11:00:00,1432A,SLD,69.0,310.63037224569206,-241.63037224569206
2021-06-28 12:00:00,1432A,SLD,69.0,309.5792778415894,-240.57927784158937
2021-06-28 13:00:00,1432A,SLD,45.0,308.64539093072517,-263.64539093072517
2021-06-28 14:00:00,1432A,SLD,25.0,308.6591320005504,-283.6591320005504
2021-06-28 15:00:00,1432A,SLD,18.0,308.078171073565,-290.078171073565
2021-06-28 16:00:00,1432A,SLD,11.0,307.22631214127256,-296.22631214127256
2021-06-28 17:00:00,1432A,SLD,11.0,307.3928605991769,-296.3928605991769
2021-06-28 18:00:00,1432A,SLD,9.0,306.8651009495554,-297.8651009495554
2021-06-28 19:00:00,1432A,SLD,9.0,307.9098493202149,-298.9098493202149
2021-06-28 20:00:00,1432A,SLD,9.0,310.0742125368109,-301.0742125368109
2021-06-28 21:00:00,1432A,SLD,8.0,310.7978705644613,-302.7978705644613
2021-06-28 22:00:00,1432A,SLD,8.0,309.57146586983356,-301.57146586983356
2021-06-28 23:00:00,1432A,SLD,8.0,309.1014205394958,-301.1014205394958
2021-06-29 00:00:00,1432A,SLD,9.0,309.1964100958208,-300.1964100958208
2021-06-29 01:00:00,1432A,SLD,8.0,310.3051038584411,-302.3051038584411
2021-06-29 02:00:00,1432A,SLD,7.0,311.11436137021064,-304.11436137021064
2021-06-29 03:00:00,1432A,SLD,9.0,310.73698758546175,-301.73698758546175
2021-06-29 04:00:00,1432A,SLD,12.0,309.9181417523129,-297.9181417523129
2021-06-29 05:00:00,1432A,SLD,12.0,310.4734408377892,-298.4734408377892
2021-06-29 06:00:00,1432A,SLD,11.0,311.17452694814705,-300.17452694814705
2021-06-29 07:00:00,1432A,SLD,12.0,310.142042009362,-298.142042009362
2021-06-29 08:00:00,1432A,SLD,15.0,310.03297375125936,-295.03297375125936
2021-06-29 09:00:00,1432A,SLD,9.0,310.67498710108356,-301.67498710108356
2021-06-29 10:00:00,1432A,SLD,10.0,311.36403997605737,-301.36403997605737
2021-06-29 11:00:00,1432A,SLD,,311.7565823023852,
2021-06-29 12:00:00,1432A,SLD,,310.7054878982825,
2021-06-29 13:00:00,1432A,SLD,17.0,309.7716009874183,-292.7716009874183
2021-06-29 14:00:00,1432A,SLD,18.0,309.78534205724355,-291.78534205724355
2021-06-29 15:00:00,1432A,SLD,19.0,309.2043811302581,-290.2043811302581
2021-06-29 16:00:00,1432A,SLD,21.0,308.3525221979657,-287.3525221979657
2021-06-29 17:00:00,1432A,SLD,23.0,308.51907065587005,-285.51907065587005
2021-06-29 18:00:00,1432A,SLD,25.0,307.99131100624857,-282.99131100624857
2021-06-29 19:00:00,1432A,SLD,24.0,309.03605937690804,-285.03605937690804
2021-06-29 20:00:00,1432A,SLD,18.0,311.200422593504,-293.200422593504
2021-06-29 21:00:00,1432A,SLD,16.0,311.9240806211544,-295.9240806211544
2021-06-29 22:00:00,1432A,SLD,16.0,310.6976759265267,-294.6976759265267
2021-06-29 23:00:00,1432A,SLD,15.0,310.22763059618893,-295.22763059618893
2021-06-30 00:00:00,1432A,SLD,12.0,310.32262015251393,-298.32262015251393
2021-06-30 01:00:00,1432A,SLD,11.0,311.43131391513424,-300.43131391513424
2021-06-30 02:00:00,1432A,SLD,11.0,312.2405714269038,-301.2405714269038
2021-06-30 03:00:00,1432A,SLD,12.0,311.8631976421549,-299.8631976421549
2021-06-30 04:00:00,1432A,SLD,21.0,311.04435180900606,-290.04435180900606
2021-06-30 05:00:00,1432A,SLD,18.0,311.59965089448235,-293.59965089448235
2021-06-30 06:00:00,1432A,SLD,17.0,312.3007370048402,-295.3007370048402
2021-06-30 07:00:00,1432A,SLD,18.0,311.26825206605514,-293.26825206605514
2021-06-30 08:00:00,1432A,SLD,17.0,311.1591838079525,-294.1591838079525
2021-06-30 09:00:00,1432A,SLD,23.0,311.8011971577767,-288.8011971577767
2021-06-30 10:00:00,1432A,SLD,26.0,312.4902500327505,-286.4902500327505
2021-06-30 11:00:00,1432A,SLD,23.0,312.88279235907834,-289.88279235907834
2021-06-30 12:00:00,1432A,SLD,21.0,311.83169795497565,-290.83169795497565
2021-06-30 13:00:00,1432A,SLD,33.0,310.89781104411145,-277.89781104411145
2021-06-30 14:00:00,1432A,SLD,24.0,310.9115521139367,-286.9115521139367
2021-06-30 15:00:00,1432A,SLD,25.0,310.33059118695127,-285.33059118695127
2021-06-30 16:00:00,1432A,SLD,27.0,309.47873225465884,-282.47873225465884
2021-06-30 17:00:00,1432A,SLD,31.0,309.6452807125632,-278.6452807125632
2021-06-30 18:00:00,1432A,SLD,33.0,309.1175210629417,-276.1175210629417
2021-06-30 19:00:00,1432A,SLD,30.0,310.1622694336012,-280.1622694336012
2021-06-30 20:00:00,1432A,SLD,32.0,312.32663265019715,-280.32663265019715
2021-06-30 21:00:00,1432A,SLD,34.0,313.05029067784756,-279.05029067784756
2021-06-30 22:00:00,1432A,SLD,36.0,311.82388598321984,-275.82388598321984
2021-06-30 23:00:00,1432A,SLD,36.0,311.35384065288207,-275.35384065288207
2021-07-01 00:00:00,1432A,SLD,36.0,311.4488302092071,-275.4488302092071
2021-07-01 01:00:00,1432A,SLD,36.0,312.5575239718274,-276.5575239718274
2021-07-01 02:00:00,1432A,SLD,37.0,313.3667814835969,-276.3667814835969
2021-07-01 03:00:00,1432A,SLD,38.0,312.989407698848,-274.989407698848
2021-07-01 04:00:00,1432A,SLD,38.0,312.1705618656992,-274.1705618656992
2021-07-01 05:00:00,1432A,SLD,36.0,312.7258609511755,-276.7258609511755
2021-07-01 06:00:00,1432A,SLD,34.0,313.4269470615333,-279.4269470615333
2021-07-01 07:00:00,1432A,SLD,35.0,312.3944621227483,-277.3944621227483
2021-07-01 08:00:00,1432A,SLD,36.0,312.28539386464564,-276.28539386464564
2021-07-01 09:00:00,1432A,SLD,36.0,312.92740721446984,-276.92740721446984
2021-07-01 10:00:00,1432A,SLD,29.0,313.61646008944365,-284.61646008944365
2021-07-01 11:00:00,1432A,SLD,27.0,314.0090024157715,-287.0090024157715
2021-07-01 12:00:00,1432A,SLD,49.0,312.9579080116688,-263.9579080116688
2021-07-01 13:00:00,1432A,SLD,55.0,312.0240211008046,-257.0240211008046
2021-07-01 14:00:00,1432A,SLD,50.0,312.03776217062983,-262.03776217062983
2021-07-01 15:00:00,1432A,SLD,41.0,311.4568012436444,-270.4568012436444
2021-07-01 16:00:00,1432A,SLD,39.0,310.604942311352,-271.604942311352
2021-07-01 17:00:00,1432A,SLD,32.0,310.77149076925633,-278.77149076925633
2021-07-01 18:00:00,1432A,SLD,34.0,310.24373111963484,-276.24373111963484
2021-07-01 19:00:00,1432A,SLD,29.0,311.2884794902943,-282.2884794902943
2021-07-01 20:00:00,1432A,SLD,26.0,313.4528427068903,-287.4528427068903
2021-07-01 21:00:00,1432A,SLD,29.0,314.1765007345407,-285.1765007345407
2021-07-01 22:00:00,1432A,SLD,30.0,312.950096039913,-282.950096039913
2021-07-01 23:00:00,1432A,SLD,31.0,312.4800507095752,-281.4800507095752
2021-07-02 00:00:00,1432A,SLD,28.0,312.5750402659002,-284.5750402659002
2021-07-02 01:00:00,1432A,SLD,27.0,313.6837340285205,-286.6837340285205
2021-07-02 02:00:00,1432A,SLD,30.0,314.49299154029006,-284.49299154029006
2021-07-02 03:00:00,1432A,SLD,35.0,314.11561775554117,-279.11561775554117
2021-07-02 04:00:00,1432A,SLD,36.0,313.29677192239234,-277.29677192239234
2021-07-02 05:00:00,1432A,SLD,38.0,313.85207100786863,-275.85207100786863
2021-07-02 06:00:00,1432A,SLD,42.0,314.55315711822647,-272.55315711822647
2021-07-02 07:00:00,1432A,SLD,36.0,313.5206721794414,-277.5206721794414
2021-07-02 08:00:00,1432A,SLD,37.0,313.4116039213388,-276.4116039213388
2021-07-02 09:00:00,1432A,SLD,33.0,314.053617271163,-281.053617271163
2021-07-02 10:00:00,1432A,SLD,33.0,314.7426701461368,-281.7426701461368
2021-07-02 11:00:00,1432A,SLD,37.0,315.1352124724646,-278.1352124724646
2021-07-02 12:00:00,1432A,SLD,24.0,314.08411806836193,-290.08411806836193
2021-07-02 13:00:00,1432A,SLD,19.0,313.1502311574977,-294.1502311574977
2021-07-02 14:00:00,1432A,SLD,17.0,313.163972227323,-296.163972227323
2021-07-02 15:00:00,1432A,SLD,25.0,312.58301130033755,-287.58301130033755
2021-07-02 16:00:00,1432A,SLD,13.0,311.7311523680451,-298.7311523680451
2021-07-02 17:00:00,1432A,SLD,12.0,311.89770082594947,-299.89770082594947
2021-07-02 18:00:00,1432A,SLD,12.0,311.369941176328,-299.369941176328
2021-07-02 19:00:00,1432A,SLD,8.0,312.41468954698746,-304.41468954698746
2021-07-02 20:00:00,1432A,SLD,7.0,314.57905276358343,-307.57905276358343
2021-07-02 21:00:00,1432A,SLD,6.0,315.30271079123384,-309.30271079123384
2021-07-02 22:00:00,1432A,SLD,7.0,314.0763060966061,-307.0763060966061
2021-07-02 23:00:00,1432A,SLD,8.0,313.60626076626835,-305.60626076626835
2021-07-03 00:00:00,1432A,SLD,8.0,313.70125032259335,-305.70125032259335
2021-07-03 01:00:00,1432A,SLD,10.0,314.80994408521366,-304.80994408521366
2021-07-03 02:00:00,1432A,SLD,24.0,315.6192015969832,-291.6192015969832
2021-07-03 03:00:00,1432A,SLD,20.0,315.2418278122343,-295.2418278122343
2021-07-03 04:00:00,1432A,SLD,14.0,314.4229819790855,-300.4229819790855
2021-07-03 05:00:00,1432A,SLD,11.0,314.97828106456177,-303.97828106456177
2021-07-03 06:00:00,1432A,SLD,11.0,315.6793671749196,-304.6793671749196
2021-07-03 07:00:00,1432A,SLD,15.0,314.64688223613456,-299.64688223613456
2021-07-03 08:00:00,1432A,SLD,31.0,314.5378139780319,-283.5378139780319
2021-07-03 09:00:00,1432A,SLD,30.0,315.1798273278561,-285.1798273278561
2021-07-03 10:00:00,1432A,SLD,22.0,315.8688802028299,-293.8688802028299
2021-07-03 11:00:00,1432A,SLD,15.0,316.26142252915776,-301.26142252915776
2021-07-03 12:00:00,1432A,SLD,12.0,315.21032812505507,-303.21032812505507
2021-07-03 13:00:00,1432A,SLD,19.0,314.27644121419087,-295.27644121419087
2021-07-03 14:00:00,1432A,SLD,20.0,314.2901822840161,-294.2901822840161
2021-07-03 15:00:00,1432A,SLD,20.0,313.7092213570307,-293.7092213570307
2021-07-03 16:00:00,1432A,SLD,22.0,312.85736242473826,-290.85736242473826
2021-07-03 17:00:00,1432A,SLD,31.0,313.0239108826426,-282.0239108826426
2021-07-03 18:00:00,1432A,SLD,36.0,312.4961512330211,-276.4961512330211
2021-07-03 19:00:00,1432A,SLD,49.0,313.5408996036806,-264.5408996036806
2021-07-03 20:00:00,1432A,SLD,31.0,315.7052628202766,-284.7052628202766
2021-07-03 21:00:00,1432A,SLD,28.0,316.428920847927,-288.428920847927
2021-07-03 22:00:00,1432A,SLD,43.0,315.20251615329926,-272.20251615329926
2021-07-03 23:00:00,1432A,SLD,38.0,314.7324708229615,-276.7324708229615
2021-07-04 00:00:00,1432A,SLD,37.0,314.8274603792865,-277.8274603792865
2021-07-04 01:00:00,1432A,SLD,,315.9361541419068,
2021-07-04 02:00:00,1432A,SLD,,316.74541165367634,
2021-07-04 03:00:00,1432A,SLD,,316.36803786892744,
2021-07-04 04:00:00,1432A,SLD,46.0,315.5491920357786,-269.5491920357786
2021-07-04 05:00:00,1432A,SLD,43.0,316.1044911212549,-273.1044911212549
2021-07-04 06:00:00,1432A,SLD,24.0,316.80557723161274,-292.80557723161274
2021-07-04 07:00:00,1432A,SLD,16.0,315.7730922928277,-299.7730922928277
2021-07-04 08:00:00,1432A,SLD,15.0,315.66402403472506,-300.66402403472506
2021-07-04 09:00:00,1432A,SLD,17.0,316.30603738454926,-299.30603738454926
2021-07-04 10:00:00,1432A,SLD,24.0,316.99509025952307,-292.99509025952307
2021-07-04 11:00:00,1432A,SLD,27.0,317.3876325858509,-290.3876325858509
2021-07-04 12:00:00,1432A,SLD,34.0,316.3365381817482,-282.3365381817482
2021-07-04 13:00:00,1432A,SLD,30.0,315.402651270884,-285.402651270884
2021-07-04 14:00:00,1432A,SLD,23.0,315.41639234070925,-292.41639234070925
2021-07-04 15:00:00,1432A,SLD,21.0,314.8354314137238,-293.8354314137238
2021-07-04 16:00:00,1432A,SLD,20.0,313.9835724814314,-293.9835724814314
2021-07-04 17:00:00,1432A,SLD,23.0,314.15012093933575,-291.15012093933575
2021-07-04 18:00:00,1432A,SLD,19.0,313.62236128971426,-294.62236128971426
2021-07-04 19:00:00,1432A,SLD,20.0,314.66710966037374,-294.66710966037374
2021-07-04 20:00:00,1432A,SLD,21.0,316.8314728769697,-295.8314728769697
2021-07-04 21:00:00,1432A,SLD,23.0,317.5551309046201,-294.5551309046201
2021-07-04 22:00:00,1432A,SLD,26.0,316.3287262099924,-290.3287262099924
2021-07-04 23:00:00,1432A,SLD,22.0,315.8586808796546,-293.8586808796546
2021-07-05 00:00:00,1432A,SLD,19.0,315.95367043597963,-296.95367043597963
2021-07-05 01:00:00,1432A,SLD,19.0,317.06236419859994,-298.06236419859994
2021-07-05 02:00:00,1432A,SLD,22.0,317.8716217103695,-295.8716217103695
2021-07-05 03:00:00,1432A,SLD,26.0,317.4942479256206,-291.4942479256206
2021-07-05 04:00:00,1432A,SLD,29.0,316.67540209247176,-287.67540209247176
2021-07-05 05:00:00,1432A,SLD,30.0,317.23070117794805,-287.23070117794805
2021-07-05 06:00:00,1432A,SLD,34.0,317.9317872883059,-283.9317872883059
2021-07-05 07:00:00,1432A,SLD,32.0,316.89930234952084,-284.89930234952084
2021-07-05 08:00:00,1432A,SLD,38.0,316.7902340914182,-278.7902340914182
2021-07-05 09:00:00,1432A,SLD,,317.4322474412424,
2021-07-05 10:00:00,1432A,SLD,,318.1213003162162,
2021-07-05 11:00:00,1432A,SLD,50.0,318.51384264254403,-268.51384264254403
2021-07-05 12:00:00,1432A,SLD,64.0,317.46274823844135,-253.46274823844135
2021-07-05 13:00:00,1432A,SLD,65.0,316.52886132757715,-251.52886132757715
2021-07-05 14:00:00,1432A,SLD,56.0,316.5426023974024,-260.5426023974024
2021-07-05 15:00:00,1432A,SLD,48.0,315.96164147041696,-267.96164147041696
2021-07-05 16:00:00,1432A,SLD,45.0,315.10978253812453,-270.10978253812453
2021-07-05 17:00:00,1432A,SLD,46.0,315.2763309960289,-269.2763309960289
2021-07-05 18:00:00,1432A,SLD,45.0,314.7485713464074,-269.7485713464074
2021-07-05 19:00:00,1432A,SLD,50.0,315.7933197170669,-265.7933197170669
2021-07-05 20:00:00,1432A,SLD,52.0,317.95768293366285,-265.95768293366285
2021-07-05 21:00:00,1432A,SLD,49.0,318.68134096131325,-269.68134096131325
2021-07-05 22:00:00,1432A,SLD,54.0,317.45493626668554,-263.45493626668554
2021-07-05 23:00:00,1432A,SLD,41.0,316.98489093634777,-275.98489093634777
2021-07-06 00:00:00,1432A,SLD,46.0,317.07988049267277,-271.07988049267277
2021-07-06 01:00:00,1432A,SLD,47.0,318.1885742552931,-271.1885742552931
2021-07-06 02:00:00,1432A,SLD,45.0,318.9978317670626,-273.9978317670626
2021-07-06 03:00:00,1432A,SLD,59.0,318.6204579823137,-259.6204579823137
2021-07-06 04:00:00,1432A,SLD,71.0,317.8016121491649,-246.8016121491649
2021-07-06 05:00:00,1432A,SLD,71.0,318.3569112346412,-247.3569112346412
2021-07-06 06:00:00,1432A,SLD,61.0,319.057997344999,-258.057997344999
2021-07-06 07:00:00,1432A,SLD,55.0,318.025512406214,-263.025512406214
2021-07-06 08:00:00,1432A,SLD,59.0,317.91644414811134,-258.91644414811134
2021-07-06 09:00:00,1432A,SLD,63.0,318.55845749793554,-255.55845749793554
2021-07-06 10:00:00,1432A,SLD,64.0,319.24751037290935,-255.24751037290935
2021-07-06 11:00:00,1432A,SLD,76.0,319.6400526992372,-243.64005269923717
2021-07-06 12:00:00,1432A,SLD,82.0,318.5889582951345,-236.5889582951345
2021-07-06 13:00:00,1432A,SLD,80.0,317.6550713842703,-237.6550713842703
2021-07-06 14:00:00,1432A,SLD,80.0,317.66881245409553,-237.66881245409553
2021-07-06 15:00:00,1432A,SLD,74.0,317.0878515271101,-243.0878515271101
2021-07-06 16:00:00,1432A,SLD,56.0,316.2359925948177,-260.2359925948177
2021-07-06 17:00:00,1432A,SLD,47.0,316.40254105272203,-269.40254105272203
2021-07-06 18:00:00,1432A,SLD,43.0,315.87478140310054,-272.87478140310054
2021-07-06 19:00:00,1432A,SLD,37.0,316.91952977376,-279.91952977376
2021-07-06 20:00:00,1432A,SLD,31.0,319.083892990356,-288.083892990356
2021-07-06 21:00:00,1432A,SLD,28.0,319.8075510180064,-291.8075510180064
2021-07-06 22:00:00,1432A,SLD,30.0,318.5811463233787,-288.5811463233787
2021-07-06 23:00:00,1432A,SLD,28.0,318.1111009930409,-290.1111009930409
2021-07-07 00:00:00,1432A,SLD,27.0,318.2060905493659,-291.2060905493659
2021-07-07 01:00:00,1432A,SLD,26.0,319.3147843119862,-293.3147843119862
2021-07-07 02:00:00,1432A,SLD,30.0,320.12404182375576,-290.12404182375576
2021-07-07 03:00:00,1432A,SLD,32.0,319.74666803900686,-287.74666803900686
2021-07-07 04:00:00,1432A,SLD,33.0,318.92782220585804,-285.92782220585804
2021-07-07 05:00:00,1432A,SLD,34.0,319.4831212913343,-285.4831212913343
2021-07-07 06:00:00,1432A,SLD,35.0,320.18420740169216,-285.18420740169216
2021-07-07 07:00:00,1432A,SLD,36.0,319.1517224629071,-283.1517224629071
2021-07-07 08:00:00,1432A,SLD,36.0,319.0426542048045,-283.0426542048045
2021-07-07 09:00:00,1432A,SLD,41.0,319.6846675546287,-278.6846675546287
2021-07-07 10:00:00,1432A,SLD,46.0,320.3737204296025,-274.3737204296025
2021-07-07 11:00:00,1432A,SLD,45.0,320.7662627559303,-275.7662627559303
2021-07-07 12:00:00,1432A,SLD,52.0,319.71516835182763,-267.71516835182763
2021-07-07 13:00:00,1432A,SLD,54.0,318.7812814409634,-264.7812814409634
2021-07-07 14:00:00,1432A,SLD,61.0,318.79502251078867,-257.79502251078867
2021-07-07 15:00:00,1432A,SLD,67.0,318.21406158380324,-251.21406158380324
2021-07-07 16:00:00,1432A,SLD,60.0,317.3622026515108,-257.3622026515108
2021-07-07 17:00:00,1432A,SLD,30.0,317.52875110941517,-287.52875110941517
2021-07-07 18:00:00,1432A,SLD,34.0,317.0009914597937,-283.0009914597937
2021-07-07 19:00:00,1432A,SLD,39.0,318.04573983045316,-279.04573983045316
2021-07-07 20:00:00,1432A,SLD,66.0,320.21010304704913,-254.21010304704913
2021-07-07 21:00:00,1432A,SLD,59.0,320.93376107469953,-261.93376107469953
2021-07-07 22:00:00,1432A,SLD,72.0,319.7073563800718,-247.70735638007181
2021-07-07 23:00:00,1432A,SLD,78.0,319.23731104973405,-241.23731104973405
2021-07-08 00:00:00,1432A,SLD,62.0,319.33230060605905,-257.33230060605905
2021-07-08 01:00:00,1432A,SLD,53.0,320.44099436867936,-267.44099436867936
2021-07-08 02:00:00,1432A,SLD,45.0,321.2502518804489,-276.2502518804489
2021-07-08 03:00:00,1432A,SLD,42.0,320.8728780957,-278.8728780957
2021-07-08 04:00:00,1432A,SLD,30.0,320.0540322625512,-290.0540322625512
2021-07-08 05:00:00,1432A,SLD,30.0,320.60933134802747,-290.60933134802747
2021-07-08 06:00:00,1432A,SLD,32.0,321.3104174583853,-289.3104174583853
2021-07-08 07:00:00,1432A,SLD,29.0,320.27793251960026,-291.27793251960026
2021-07-08 08:00:00,1432A,SLD,22.0,320.1688642614976,-298.1688642614976
2021-07-08 09:00:00,1432A,SLD,20.0,320.8108776113218,-300.8108776113218
2021-07-08 10:00:00,1432A,SLD,16.0,321.4999304862956,-305.4999304862956
2021-07-08 11:00:00,1432A,SLD,12.0,321.89247281262345,-309.89247281262345
2021-07-08 12:00:00,1432A,SLD,15.0,320.84137840852077,-305.84137840852077
2021-07-08 13:00:00,1432A,SLD,18.0,319.90749149765657,-301.90749149765657
2021-07-08 14:00:00,1432A,SLD,23.0,319.9212325674818,-296.9212325674818
2021-07-08 15:00:00,1432A,SLD,24.0,319.3402716404964,-295.3402716404964
2021-07-08 16:00:00,1432A,SLD,18.0,318.48841270820395,-300.48841270820395
2021-07-08 17:00:00,1432A,SLD,16.0,318.6549611661083,-302.6549611661083
2021-07-08 18:00:00,1432A,SLD,14.0,318.1272015164868,-304.1272015164868
2021-07-08 19:00:00,1432A,SLD,16.0,319.1719498871463,-303.1719498871463
2021-07-08 20:00:00,1432A,SLD,19.0,321.33631310374227,-302.33631310374227
2021-07-08 21:00:00,1432A,SLD,21.0,322.0599711313927,-301.0599711313927
2021-07-08 22:00:00,1432A,SLD,23.0,320.83356643676495,-297.83356643676495
2021-07-08 23:00:00,1432A,SLD,15.0,320.3635211064272,-305.3635211064272
2021-07-09 00:00:00,1432A,SLD,14.0,320.4585106627522,-306.4585106627522
2021-07-09 01:00:00,1432A,SLD,15.0,321.5672044253725,-306.5672044253725
2021-07-09 02:00:00,1432A,SLD,15.0,322.37646193714204,-307.37646193714204
2021-07-09 03:00:00,1432A,SLD,16.0,321.99908815239314,-305.99908815239314
2021-07-09 04:00:00,1432A,SLD,18.0,321.1802423192443,-303.1802423192443
2021-07-09 05:00:00,1432A,SLD,20.0,321.7355414047206,-301.7355414047206
2021-07-09 06:00:00,1432A,SLD,25.0,322.43662751507844,-297.43662751507844
2021-07-09 07:00:00,1432A,SLD,22.0,321.4041425762934,-299.4041425762934
2021-07-09 08:00:00,1432A,SLD,19.0,321.29507431819076,-302.29507431819076
2021-07-09 09:00:00,1432A,SLD,21.0,321.93708766801495,-300.93708766801495
2021-07-09 10:00:00,1432A,SLD,26.0,322.62614054298876,-296.62614054298876
2021-07-09 11:00:00,1432A,SLD,39.0,323.0186828693166,-284.0186828693166
2021-07-09 12:00:00,1432A,SLD,44.0,321.9675884652139,-277.9675884652139
2021-07-09 13:00:00,1432A,SLD,19.0,321.0337015543497,-302.0337015543497
2021-07-09 14:00:00,1432A,SLD,15.0,321.04744262417495,-306.04744262417495
2021-07-09 15:00:00,1432A,SLD,11.0,320.4664816971895,-309.4664816971895
2021-07-09 16:00:00,1432A,SLD,6.0,319.6146227648971,-313.6146227648971
2021-07-09 17:00:00,1432A,SLD,8.0,319.78117122280145,-311.78117122280145
2021-07-09 18:00:00,1432A,SLD,11.0,319.25341157317996,-308.25341157317996
2021-07-09 19:00:00,1432A,SLD,13.0,320.29815994383944,-307.29815994383944
2021-07-09 20:00:00,1432A,SLD,15.0,322.4625231604354,-307.4625231604354
2021-07-09 21:00:00,1432A,SLD,16.0,323.1861811880858,-307.1861811880858
2021-07-09 22:00:00,1432A,SLD,23.0,321.9597764934581,-298.9597764934581
2021-07-09 23:00:00,1432A,SLD,24.0,321.4897311631203,-297.4897311631203
2021-07-10 00:00:00,1432A,SLD,22.0,321.58472071944533,-299.58472071944533
2021-07-10 01:00:00,1432A,SLD,16.0,322.69341448206563,-306.69341448206563
2021-07-10 02:00:00,1432A,SLD,8.0,323.5026719938352,-315.5026719938352
2021-07-10 03:00:00,1432A,SLD,5.0,323.1252982090863,-318.1252982090863
2021-07-10 04:00:00,1432A,SLD,5.0,322.30645237593745,-317.30645237593745
2021-07-10 05:00:00,1432A,SLD,9.0,322.86175146141375,-313.86175146141375
2021-07-10 06:00:00,1432A,SLD,12.0,323.5628375717716,-311.5628375717716
2021-07-10 07:00:00,1432A,SLD,13.0,322.53035263298653,-309.53035263298653
2021-07-10 08:00:00,1432A,SLD,7.0,322.4212843748839,-315.4212843748839
2021-07-10 09:00:00,1432A,SLD,6.0,323.0632977247081,-317.0632977247081
2021-07-10 10:00:00,1432A,SLD,3.0,323.7523505996819,-320.7523505996819
2021-07-10 11:00:00,1432A,SLD,3.0,324.14489292600973,-321.14489292600973
2021-07-10 12:00:00,1432A,SLD,5.0,323.09379852190705,-318.09379852190705
2021-07-10 13:00:00,1432A,SLD,9.0,322.15991161104284,-313.15991161104284
2021-07-10 14:00:00,1432A,SLD,8.0,322.1736526808681,-314.1736526808681
2021-07-10 15:00:00,1432A,SLD,3.0,321.59269175388266,-318.59269175388266
2021-07-10 16:00:00,1432A,SLD,3.0,320.74083282159023,-317.74083282159023
2021-07-10 17:00:00,1432A,SLD,3.0,320.9073812794946,-317.9073812794946
2021-07-10 18:00:00,1432A,SLD,3.0,320.3796216298731,-317.3796216298731
2021-07-10 19:00:00,1432A,SLD,4.0,321.4243700005326,-317.4243700005326
2021-07-10 20:00:00,1432A,SLD,5.0,323.58873321712855,-318.58873321712855
2021-07-10 21:00:00,1432A,SLD,12.0,324.31239124477895,-312.31239124477895
2021-07-10 22:00:00,1432A,SLD,15.0,323.08598655015123,-308.08598655015123
2021-07-10 23:00:00,1432A,SLD,17.0,322.61594121981346,-305.61594121981346
2021-07-11 00:00:00,1432A,SLD,19.0,322.71093077613847,-303.71093077613847
2021-07-11 01:00:00,1432A,SLD,10.0,323.8196245387588,-313.8196245387588
2021-07-11 02:00:00,1432A,SLD,8.0,324.6288820505283,-316.6288820505283
2021-07-11 03:00:00,1432A,SLD,8.0,324.2515082657794,-316.2515082657794
2021-07-11 04:00:00,1432A,SLD,9.0,323.4326624326306,-314.4326624326306
2021-07-11 05:00:00,1432A,SLD,16.0,323.9879615181069,-307.9879615181069
2021-07-11 06:00:00,1432A,SLD,22.0,324.6890476284647,-302.6890476284647
2021-07-11 07:00:00,1432A,SLD,24.0,323.6565626896797,-299.6565626896797
2021-07-11 08:00:00,1432A,SLD,15.0,323.54749443157704,-308.54749443157704
2021-07-11 09:00:00,1432A,SLD,13.0,324.18950778140123,-311.18950778140123
2021-07-11 10:00:00,1432A,SLD,21.0,324.87856065637504,-303.87856065637504
2021-07-11 11:00:00,1432A,SLD,24.0,325.27110298270287,-301.27110298270287
2021-07-11 12:00:00,1432A,SLD,13.0,324.2200085786002,-311.2200085786002
2021-07-11 13:00:00,1432A,SLD,10.0,323.286121667736,-313.286121667736
2021-07-11 14:00:00,1432A,SLD,13.0,323.2998627375612,-310.2998627375612
2021-07-11 15:00:00,1432A,SLD,14.0,322.7189018105758,-308.7189018105758
2021-07-11 16:00:00,1432A,SLD,9.0,321.86704287828337,-312.86704287828337
2021-07-11 17:00:00,1432A,SLD,9.0,322.0335913361877,-313.0335913361877
2021-07-11 18:00:00,1432A,SLD,10.0,321.50583168656624,-311.50583168656624
2021-07-11 19:00:00,1432A,SLD,13.0,322.5505800572257,-309.5505800572257
2021-07-11 20:00:00,1432A,SLD,12.0,324.7149432738217,-312.7149432738217
2021-07-11 21:00:00,1432A,SLD,12.0,325.4386013014721,-313.4386013014721
2021-07-11 22:00:00,1432A,SLD,19.0,324.2121966068444,-305.2121966068444
2021-07-11 23:00:00,1432A,SLD,20.0,323.7421512765066,-303.7421512765066
2021-07-12 00:00:00,1432A,SLD,19.0,323.8371408328316,-304.8371408328316
2021-07-12 01:00:00,1432A,SLD,20.0,324.9458345954519,-304.9458345954519
2021-07-12 02:00:00,1432A,SLD,20.0,325.75509210722146,-305.75509210722146
2021-07-12 03:00:00,1432A,SLD,24.0,325.37771832247256,-301.37771832247256
2021-07-12 04:00:00,1432A,SLD,19.0,324.55887248932373,-305.55887248932373
2021-07-12 05:00:00,1432A,SLD,22.0,325.1141715748,-303.1141715748
2021-07-12 06:00:00,1432A,SLD,23.0,325.81525768515786,-302.81525768515786
2021-07-12 07:00:00,1432A,SLD,26.0,324.7827727463728,-298.7827727463728
2021-07-12 08:00:00,1432A,SLD,31.0,324.6737044882702,-293.6737044882702
2021-07-12 09:00:00,1432A,SLD,37.0,325.3157178380944,-288.3157178380944
2021-07-12 10:00:00,1432A,SLD,43.0,326.0047707130682,-283.0047707130682
2021-07-12 11:00:00,1432A,SLD,50.0,326.397313039396,-276.397313039396
2021-07-12 12:00:00,1432A,SLD,41.0,325.3462186352933,-284.3462186352933
2021-07-12 13:00:00,1432A,SLD,32.0,324.4123317244291,-292.4123317244291
2021-07-12 14:00:00,1432A,SLD,26.0,324.42607279425437,-298.42607279425437
2021-07-12 15:00:00,1432A,SLD,24.0,323.84511186726894,-299.84511186726894
2021-07-12 16:00:00,1432A,SLD,23.0,322.9932529349765,-299.9932529349765
2021-07-12 17:00:00,1432A,SLD,20.0,323.15980139288087,-303.15980139288087
2021-07-12 18:00:00,1432A,SLD,21.0,322.6320417432594,-301.6320417432594
2021-07-12 19:00:00,1432A,SLD,24.0,323.67679011391886,-299.67679011391886
2021-07-12 20:00:00,1432A,SLD,24.0,325.8411533305148,-301.8411533305148
2021-07-12 21:00:00,1432A,SLD,26.0,326.56481135816523,-300.56481135816523
2021-07-12 22:00:00,1432A,SLD,27.0,325.3384066635375,-298.3384066635375
2021-07-12 23:00:00,1432A,SLD,25.0,324.86836133319974,-299.86836133319974
2021-07-13 00:00:00,1432A,SLD,21.0,324.96335088952475,-303.96335088952475
2021-07-13 01:00:00,1432A,SLD,19.0,326.07204465214505,-307.07204465214505
2021-07-13 02:00:00,1432A,SLD,22.0,326.8813021639146,-304.8813021639146
2021-07-13 03:00:00,1432A,SLD,22.0,326.5039283791657,-304.5039283791657
2021-07-13 04:00:00,1432A,SLD,21.0,325.6850825460169,-304.6850825460169
2021-07-13 05:00:00,1432A,SLD,21.0,326.24038163149316,-305.24038163149316
2021-07-13 06:00:00,1432A,SLD,21.0,326.941467741851,-305.941467741851
2021-07-13 07:00:00,1432A,SLD,24.0,325.90898280306595,-301.90898280306595
2021-07-13 08:00:00,1432A,SLD,25.0,325.7999145449633,-300.7999145449633
2021-07-13 09:00:00,1432A,SLD,26.0,326.4419278947875,-300.4419278947875
2021-07-13 10:00:00,1432A,SLD,30.0,327.1309807697613,-297.1309807697613
2021-07-13 11:00:00,1432A,SLD,31.0,327.52352309608915,-296.52352309608915
2021-07-13 12:00:00,1432A,SLD,32.0,326.47242869198647,-294.47242869198647
2021-07-13 13:00:00,1432A,SLD,38.0,325.53854178112226,-287.53854178112226
2021-07-13 14:00:00,1432A,SLD,40.0,325.5522828509475,-285.5522828509475
2021-07-13 15:00:00,1432A,SLD,33.0,324.9713219239621,-291.9713219239621
2021-07-13 16:00:00,1432A,SLD,32.0,324.11946299166965,-292.11946299166965
2021-07-13 17:00:00,1432A,SLD,30.0,324.286011449574,-294.286011449574
2021-07-13 18:00:00,1432A,SLD,26.0,323.7582517999525,-297.7582517999525
2021-07-13 19:00:00,1432A,SLD,25.0,324.803000170612,-299.803000170612
2021-07-13 20:00:00,1432A,SLD,26.0,326.96736338720797,-300.96736338720797
2021-07-13 21:00:00,1432A,SLD,28.0,327.69102141485837,-299.69102141485837
2021-07-13 22:00:00,1432A,SLD,29.0,326.46461672023065,-297.46461672023065
2021-07-13 23:00:00,1432A,SLD,28.0,325.9945713898929,-297.9945713898929
2021-07-14 00:00:00,1432A,SLD,28.0,326.0895609462179,-298.0895609462179
2021-07-14 01:00:00,1432A,SLD,29.0,327.1982547088382,-298.1982547088382
2021-07-14 02:00:00,1432A,SLD,29.0,328.00751222060774,-299.00751222060774
2021-07-14 03:00:00,1432A,SLD,36.0,327.63013843585884,-291.63013843585884
2021-07-14 04:00:00,1432A,SLD,35.0,326.81129260271,-291.81129260271
2021-07-14 05:00:00,1432A,SLD,42.0,327.3665916881863,-285.3665916881863
2021-07-14 06:00:00,1432A,SLD,39.0,328.06767779854414,-289.06767779854414
2021-07-14 07:00:00,1432A,SLD,38.0,327.0351928597591,-289.0351928597591
2021-07-14 08:00:00,1432A,SLD,45.0,326.92612460165645,-281.92612460165645
2021-07-14 09:00:00,1432A,SLD,68.0,327.56813795148065,-259.56813795148065
2021-07-14 10:00:00,1432A,SLD,80.0,328.25719082645446,-248.25719082645446
2021-07-14 11:00:00,1432A,SLD,35.0,328.6497331527823,-293.6497331527823
2021-07-14 12:00:00,1432A,SLD,19.0,327.5986387486796,-308.5986387486796
2021-07-14 13:00:00,1432A,SLD,35.0,326.6647518378154,-291.6647518378154
2021-07-14 14:00:00,1432A,SLD,49.0,326.67849290764065,-277.67849290764065
2021-07-14 15:00:00,1432A,SLD,45.0,326.0975319806552,-281.0975319806552
2021-07-14 16:00:00,1432A,SLD,36.0,325.2456730483628,-289.2456730483628
2021-07-14 17:00:00,1432A,SLD,42.0,325.41222150626714,-283.41222150626714
2021-07-14 18:00:00,1432A,SLD,38.0,324.88446185664566,-286.88446185664566
2021-07-14 19:00:00,1432A,SLD,40.0,325.92921022730513,-285.92921022730513
2021-07-14 20:00:00,1432A,SLD,42.0,328.0935734439011,-286.0935734439011
2021-07-14 21:00:00,1432A,SLD,38.0,328.8172314715515,-290.8172314715515
2021-07-14 22:00:00,1432A,SLD,30.0,327.5908267769238,-297.5908267769238
2021-07-14 23:00:00,1432A,SLD,26.0,327.120781446586,-301.120781446586
2021-07-15 00:00:00,1432A,SLD,27.0,327.215771002911,-300.215771002911
2021-07-15 01:00:00,1432A,SLD,24.0,328.32446476553133,-304.32446476553133
2021-07-15 02:00:00,1432A,SLD,22.0,329.1337222773009,-307.1337222773009
2021-07-15 03:00:00,1432A,SLD,24.0,328.756348492552,-304.756348492552
2021-07-15 04:00:00,1432A,SLD,9.0,327.93750265940315,-318.93750265940315
2021-07-15 05:00:00,1432A,SLD,5.0,328.49280174487944,-323.49280174487944
2021-07-15 06:00:00,1432A,SLD,7.0,329.1938878552373,-322.1938878552373
2021-07-15 07:00:00,1432A,SLD,9.0,328.16140291645223,-319.16140291645223
2021-07-15 08:00:00,1432A,SLD,9.0,328.0523346583496,-319.0523346583496
2021-07-15 09:00:00,1432A,SLD,17.0,328.6943480081738,-311.6943480081738
2021-07-15 10:00:00,1432A,SLD,16.0,329.3834008831476,-313.3834008831476
2021-07-15 11:00:00,1432A,SLD,11.0,329.77594320947543,-318.77594320947543
2021-07-15 12:00:00,1432A,SLD,8.0,328.72484880537274,-320.72484880537274
2021-07-15 13:00:00,1432A,SLD,8.0,327.79096189450854,-319.79096189450854
2021-07-15 14:00:00,1432A,SLD,9.0,327.8047029643338,-318.8047029643338
2021-07-15 15:00:00,1432A,SLD,9.0,327.22374203734836,-318.22374203734836
2021-07-15 16:00:00,1432A,SLD,5.0,326.37188310505593,-321.37188310505593
2021-07-15 17:00:00,1432A,SLD,4.0,326.5384315629603,-322.5384315629603
2021-07-15 18:00:00,1432A,SLD,4.0,326.0106719133388,-322.0106719133388
2021-07-15 19:00:00,1432A,SLD,4.0,327.0554202839983,-323.0554202839983
2021-07-15 20:00:00,1432A,SLD,3.0,329.21978350059425,-326.21978350059425
2021-07-15 21:00:00,1432A,SLD,2.0,329.94344152824465,-327.94344152824465
2021-07-15 22:00:00,1432A,SLD,3.0,328.71703683361693,-325.71703683361693
2021-07-15 23:00:00,1432A,SLD,9.0,328.24699150327916,-319.24699150327916
2021-07-16 00:00:00,1432A,SLD,11.0,328.34198105960417,-317.34198105960417
2021-07-16 01:00:00,1432A,SLD,8.0,329.45067482222447,-321.45067482222447
2021-07-16 02:00:00,1432A,SLD,6.0,330.259932333994,-324.259932333994
2021-07-16 03:00:00,1432A,SLD,6.0,329.8825585492451,-323.8825585492451
2021-07-16 04:00:00,1432A,SLD,7.0,329.0637127160963,-322.0637127160963
2021-07-16 05:00:00,1432A,SLD,8.0,329.6190118015726,-321.6190118015726
2021-07-16 06:00:00,1432A,SLD,10.0,330.3200979119304,-320.3200979119304
2021-07-16 07:00:00,1432A,SLD,10.0,329.2876129731454,-319.2876129731454
2021-07-16 08:00:00,1432A,SLD,8.0,329.17854471504273,-321.17854471504273
2021-07-16 09:00:00,1432A,SLD,8.0,329.82055806486693,-321.82055806486693
2021-07-16 10:00:00,1432A,SLD,8.0,330.50961093984074,-322.50961093984074
2021-07-16 11:00:00,1432A,SLD,8.0,330.90215326616857,-322.90215326616857
2021-07-16 12:00:00,1432A,SLD,8.0,329.8510588620659,-321.8510588620659
2021-07-16 13:00:00,1432A,SLD,8.0,328.9171719512017,-320.9171719512017
2021-07-16 14:00:00,1432A,SLD,9.0,328.9309130210269,-319.9309130210269
2021-07-16 15:00:00,1432A,SLD,14.0,328.3499520940415,-314.3499520940415
2021-07-16 16:00:00,1432A,SLD,15.0,327.49809316174907,-312.49809316174907
2021-07-16 17:00:00,1432A,SLD,10.0,327.6646416196534,-317.6646416196534
2021-07-16 18:00:00,1432A,SLD,9.0,327.13688197003194,-318.13688197003194
2021-07-16 19:00:00,1432A,SLD,9.0,328.1816303406914,-319.1816303406914
2021-07-16 20:00:00,1432A,SLD,10.0,330.3459935572874,-320.3459935572874
2021-07-16 21:00:00,1432A,SLD,10.0,331.0696515849378,-321.0696515849378
2021-07-16 22:00:00,1432A,SLD,13.0,329.84324689031007,-316.84324689031007
2021-07-16 23:00:00,1432A,SLD,13.0,329.3732015599723,-316.3732015599723
2021-07-17 00:00:00,1432A,SLD,11.0,329.4681911162973,-318.4681911162973
2021-07-17 01:00:00,1432A,SLD,8.0,330.5768848789176,-322.5768848789176
2021-07-17 02:00:00,1432A,SLD,7.0,331.38614239068716,-324.38614239068716
2021-07-17 03:00:00,1432A,SLD,7.0,331.00876860593826,-324.00876860593826
2021-07-17 04:00:00,1432A,SLD,11.0,330.18992277278943,-319.18992277278943
2021-07-17 05:00:00,1432A,SLD,14.0,330.7452218582657,-316.7452218582657
2021-07-17 06:00:00,1432A,SLD,17.0,331.44630796862356,-314.44630796862356
2021-07-17 07:00:00,1432A,SLD,19.0,330.4138230298385,-311.4138230298385
2021-07-17 08:00:00,1432A,SLD,18.0,330.3047547717359,-312.3047547717359
2021-07-17 09:00:00,1432A,SLD,16.0,330.94676812156007,-314.94676812156007
2021-07-17 10:00:00,1432A,SLD,11.0,331.6358209965339,-320.6358209965339
2021-07-17 11:00:00,1432A,SLD,18.0,332.0283633228617,-314.0283633228617
2021-07-17 12:00:00,1432A,SLD,14.0,330.977268918759,-316.977268918759
2021-07-17 13:00:00,1432A,SLD,19.0,330.0433820078948,-311.0433820078948
2021-07-17 14:00:00,1432A,SLD,24.0,330.05712307772006,-306.05712307772006
2021-07-17 15:00:00,1432A,SLD,23.0,329.47616215073464,-306.47616215073464
2021-07-17 16:00:00,1432A,SLD,17.0,328.6243032184422,-311.6243032184422
2021-07-17 17:00:00,1432A,SLD,20.0,328.79085167634656,-308.79085167634656
2021-07-17 18:00:00,1432A,SLD,15.0,328.2630920267251,-313.2630920267251
2021-07-17 19:00:00,1432A,SLD,13.0,329.30784039738455,-316.30784039738455
2021-07-17 20:00:00,1432A,SLD,16.0,331.4722036139805,-315.4722036139805
2021-07-17 21:00:00,1432A,SLD,18.0,332.1958616416309,-314.1958616416309
2021-07-17 22:00:00,1432A,SLD,19.0,330.9694569470032,-311.9694569470032
2021-07-17 23:00:00,1432A,SLD,18.0,330.49941161666544,-312.49941161666544
2021-07-18 00:00:00,1432A,SLD,20.0,330.59440117299044,-310.59440117299044
2021-07-18 01:00:00,1432A,SLD,18.0,331.70309493561075,-313.70309493561075
2021-07-18 02:00:00,1432A,SLD,14.0,332.5123524473803,-318.5123524473803
2021-07-18 03:00:00,1432A,SLD,5.0,332.1349786626314,-327.1349786626314
2021-07-18 04:00:00,1432A,SLD,6.0,331.31613282948257,-325.31613282948257
2021-07-18 05:00:00,1432A,SLD,5.0,331.87143191495886,-326.87143191495886
2021-07-18 06:00:00,1432A,SLD,6.0,332.5725180253167,-326.5725180253167
2021-07-18 07:00:00,1432A,SLD,8.0,331.54003308653165,-323.54003308653165
2021-07-18 08:00:00,1432A,SLD,12.0,331.430964828429,-319.430964828429
2021-07-18 09:00:00,1432A,SLD,7.0,332.0729781782532,-325.0729781782532
2021-07-18 10:00:00,1432A,SLD,8.0,332.762031053227,-324.762031053227
2021-07-18 11:00:00,1432A,SLD,13.0,333.15457337955485,-320.15457337955485
2021-07-18 12:00:00,1432A,SLD,17.0,332.10347897545216,-315.10347897545216
2021-07-18 13:00:00,1432A,SLD,25.0,331.16959206458796,-306.16959206458796
2021-07-18 14:00:00,1432A,SLD,28.0,331.1833331344132,-303.1833331344132
2021-07-18 15:00:00,1432A,SLD,25.0,330.6023722074278,-305.6023722074278
2021-07-18 16:00:00,1432A,SLD,26.0,329.75051327513535,-303.75051327513535
2021-07-18 17:00:00,1432A,SLD,20.0,329.9170617330397,-309.9170617330397
2021-07-18 18:00:00,1432A,SLD,21.0,329.3893020834182,-308.3893020834182
2021-07-18 19:00:00,1432A,SLD,21.0,330.4340504540777,-309.4340504540777
2021-07-18 20:00:00,1432A,SLD,18.0,332.59841367067366,-314.59841367067366
2021-07-18 21:00:00,1432A,SLD,17.0,333.32207169832407,-316.32207169832407
2021-07-18 22:00:00,1432A,SLD,18.0,332.09566700369635,-314.09566700369635
2021-07-18 23:00:00,1432A,SLD,20.0,331.6256216733586,-311.6256216733586
2021-07-19 00:00:00,1432A,SLD,18.0,331.7206112296836,-313.7206112296836
2021-07-19 01:00:00,1432A,SLD,18.0,332.8293049923039,-314.8293049923039
2021-07-19 02:00:00,1432A,SLD,15.0,333.63856250407343,-318.63856250407343
2021-07-19 03:00:00,1432A,SLD,12.0,333.26118871932454,-321.26118871932454
2021-07-19 04:00:00,1432A,SLD,11.0,332.4423428861757,-321.4423428861757
2021-07-19 05:00:00,1432A,SLD,14.0,332.997641971652,-318.997641971652
2021-07-19 06:00:00,1432A,SLD,15.0,333.69872808200984,-318.69872808200984
2021-07-19 07:00:00,1432A,SLD,15.0,332.6662431432248,-317.6662431432248
2021-07-19 08:00:00,1432A,SLD,18.0,332.55717488512215,-314.55717488512215
2021-07-19 09:00:00,1432A,SLD,26.0,333.19918823494635,-307.19918823494635
2021-07-19 10:00:00,1432A,SLD,36.0,333.88824110992016,-297.88824110992016
2021-07-19 11:00:00,1432A,SLD,47.0,334.280783436248,-287.280783436248
2021-07-19 12:00:00,1432A,SLD,42.0,333.2296890321453,-291.2296890321453
2021-07-19 13:00:00,1432A,SLD,31.0,332.2958021212811,-301.2958021212811
2021-07-19 14:00:00,1432A,SLD,32.0,332.30954319110634,-300.30954319110634
2021-07-19 15:00:00,1432A,SLD,30.0,331.7285822641209,-301.7285822641209
2021-07-19 16:00:00,1432A,SLD,26.0,330.8767233318285,-304.8767233318285
2021-07-19 17:00:00,1432A,SLD,24.0,331.04327178973284,-307.04327178973284
2021-07-19 18:00:00,1432A,SLD,25.0,330.51551214011135,-305.51551214011135
2021-07-19 19:00:00,1432A,SLD,23.0,331.56026051077083,-308.56026051077083
2021-07-19 20:00:00,1432A,SLD,23.0,333.7246237273668,-310.7246237273668
2021-07-19 21:00:00,1432A,SLD,23.0,334.4482817550172,-311.4482817550172
2021-07-19 22:00:00,1432A,SLD,21.0,333.2218770603895,-312.2218770603895
2021-07-19 23:00:00,1432A,SLD,23.0,332.7518317300517,-309.7518317300517
2021-07-20 00:00:00,1432A,SLD,20.0,332.8468212863767,-312.8468212863767
2021-07-20 01:00:00,1432A,SLD,8.0,333.95551504899703,-325.95551504899703
2021-07-20 02:00:00,1432A,SLD,9.0,334.7647725607666,-325.7647725607666
2021-07-20 03:00:00,1432A,SLD,12.0,334.3873987760177,-322.3873987760177
2021-07-20 04:00:00,1432A,SLD,12.0,333.56855294286885,-321.56855294286885
2021-07-20 05:00:00,1432A,SLD,12.0,334.12385202834514,-322.12385202834514
2021-07-20 06:00:00,1432A,SLD,12.0,334.824938138703,-322.824938138703
2021-07-20 07:00:00,1432A,SLD,11.0,333.79245319991793,-322.79245319991793
2021-07-20 08:00:00,1432A,SLD,,333.6833849418153,
2021-07-20 09:00:00,1432A,SLD,,334.3253982916395,
2021-07-20 10:00:00,1432A,SLD,,335.0144511666133,
2021-07-20 11:00:00,1432A,SLD,19.0,335.4069934929411,-316.4069934929411
2021-07-20 12:00:00,1432A,SLD,23.0,334.35589908883844,-311.35589908883844
2021-07-20 13:00:00,1432A,SLD,,333.42201217797424,
2021-07-20 14:00:00,1432A,SLD,20.0,333.4357532477995,-313.4357532477995
2021-07-20 15:00:00,1432A,SLD,30.0,332.85479232081406,-302.85479232081406
2021-07-20 16:00:00,1432A,SLD,22.0,332.0029333885216,-310.0029333885216
2021-07-20 17:00:00,1432A,SLD,15.0,332.169481846426,-317.169481846426
2021-07-20 18:00:00,1432A,SLD,14.0,331.6417221968045,-317.6417221968045
2021-07-20 19:00:00,1432A,SLD,15.0,332.68647056746397,-317.68647056746397
2021-07-20 20:00:00,1432A,SLD,18.0,334.85083378405994,-316.85083378405994
2021-07-20 21:00:00,1432A,SLD,18.0,335.57449181171035,-317.57449181171035
2021-07-20 22:00:00,1432A,SLD,20.0,334.3480871170826,-314.3480871170826
2021-07-20 23:00:00,1432A,SLD,20.0,333.87804178674486,-313.87804178674486
2021-07-21 00:00:00,1432A,SLD,19.0,333.97303134306986,-314.97303134306986
2021-07-21 01:00:00,1432A,SLD,20.0,335.08172510569017,-315.08172510569017
2021-07-21 02:00:00,1432A,SLD,28.0,335.8909826174597,-307.8909826174597
2021-07-21 03:00:00,1432A,SLD,20.0,335.5136088327108,-315.5136088327108
2021-07-21 04:00:00,1432A,SLD,22.0,334.694762999562,-312.694762999562
2021-07-21 05:00:00,1432A,SLD,30.0,335.2500620850383,-305.2500620850383
2021-07-21 06:00:00,1432A,SLD,29.0,335.9511481953961,-306.9511481953961
2021-07-21 07:00:00,1432A,SLD,30.0,334.91866325661107,-304.91866325661107
2021-07-21 08:00:00,1432A,SLD,35.0,334.80959499850843,-299.80959499850843
2021-07-21 09:00:00,1432A,SLD,39.0,335.4516083483326,-296.4516083483326
2021-07-21 10:00:00,1432A,SLD,46.0,336.14066122330644,-290.14066122330644
2021-07-21 11:00:00,1432A,SLD,33.0,336.53320354963427,-303.53320354963427
2021-07-21 12:00:00,1432A,SLD,23.0,335.4821091455316,-312.4821091455316
2021-07-21 13:00:00,1432A,SLD,19.0,334.5482222346674,-315.5482222346674
2021-07-21 14:00:00,1432A,SLD,20.0,334.5619633044926,-314.5619633044926
2021-07-21 15:00:00,1432A,SLD,27.0,333.9810023775072,-306.9810023775072
2021-07-21 16:00:00,1432A,SLD,28.0,333.12914344521477,-305.12914344521477
2021-07-21 17:00:00,1432A,SLD,25.0,333.2956919031191,-308.2956919031191
2021-07-21 18:00:00,1432A,SLD,29.0,332.76793225349763,-303.76793225349763
2021-07-21 19:00:00,1432A,SLD,24.0,333.8126806241571,-309.8126806241571
2021-07-21 20:00:00,1432A,SLD,20.0,335.9770438407531,-315.9770438407531
2021-07-21 21:00:00,1432A,SLD,21.0,336.7007018684035,-315.7007018684035
2021-07-21 22:00:00,1432A,SLD,17.0,335.47429717377577,-318.47429717377577
2021-07-21 23:00:00,1432A,SLD,19.0,335.004251843438,-316.004251843438
2021-07-22 00:00:00,1432A,SLD,21.0,335.099241399763,-314.099241399763
2021-07-22 01:00:00,1432A,SLD,14.0,336.2079351623833,-322.2079351623833
2021-07-22 02:00:00,1432A,SLD,9.0,337.01719267415285,-328.01719267415285
2021-07-22 03:00:00,1432A,SLD,6.0,336.63981888940395,-330.63981888940395
2021-07-22 04:00:00,1432A,SLD,6.0,335.8209730562551,-329.8209730562551
2021-07-22 05:00:00,1432A,SLD,7.0,336.3762721417314,-329.3762721417314
2021-07-22 06:00:00,1432A,SLD,10.0,337.07735825208925,-327.07735825208925
2021-07-22 07:00:00,1432A,SLD,9.0,336.0448733133042,-327.0448733133042
2021-07-22 08:00:00,1432A,SLD,10.0,335.93580505520157,-325.93580505520157
2021-07-22 09:00:00,1432A,SLD,15.0,336.57781840502577,-321.57781840502577
2021-07-22 10:00:00,1432A,SLD,18.0,337.2668712799996,-319.2668712799996
2021-07-22 11:00:00,1432A,SLD,17.0,337.6594136063274,-320.6594136063274
2021-07-22 12:00:00,1432A,SLD,21.0,336.6083192022247,-315.6083192022247
2021-07-22 13:00:00,1432A,SLD,30.0,335.6744322913605,-305.6744322913605
2021-07-22 14:00:00,1432A,SLD,26.0,335.68817336118576,-309.68817336118576
2021-07-22 15:00:00,1432A,SLD,27.0,335.10721243420033,-308.10721243420033
2021-07-22 16:00:00,1432A,SLD,22.0,334.2553535019079,-312.2553535019079
2021-07-22 17:00:00,1432A,SLD,21.0,334.42190195981226,-313.42190195981226
2021-07-22 18:00:00,1432A,SLD,21.0,333.8941423101908,-312.8941423101908
2021-07-22 19:00:00,1432A,SLD,23.0,334.93889068085025,-311.93889068085025
2021-07-22 20:00:00,1432A,SLD,24.0,337.1032538974462,-313.1032538974462
2021-07-22 21:00:00,1432A,SLD,24.0,337.8269119250966,-313.8269119250966
2021-07-22 22:00:00,1432A,SLD,27.0,336.6005072304689,-309.6005072304689
2021-07-22 23:00:00,1432A,SLD,16.0,336.13046190013114,-320.13046190013114
2021-07-23 00:00:00,1432A,SLD,13.0,336.22545145645614,-323.22545145645614
2021-07-23 01:00:00,1432A,SLD,12.0,337.33414521907645,-325.33414521907645
2021-07-23 02:00:00,1432A,SLD,14.0,338.143402730846,-324.143402730846
2021-07-23 03:00:00,1432A,SLD,15.0,337.7660289460971,-322.7660289460971
2021-07-23 04:00:00,1432A,SLD,17.0,336.94718311294827,-319.94718311294827
2021-07-23 05:00:00,1432A,SLD,22.0,337.50248219842456,-315.50248219842456
2021-07-23 06:00:00,1432A,SLD,18.0,338.2035683087824,-320.2035683087824
2021-07-23 07:00:00,1432A,SLD,21.0,337.17108336999735,-316.17108336999735
2021-07-23 08:00:00,1432A,SLD,24.0,337.0620151118947,-313.0620151118947
2021-07-23 09:00:00,1432A,SLD,30.0,337.7040284617189,-307.7040284617189
2021-07-23 10:00:00,1432A,SLD,34.0,338.3930813366927,-304.3930813366927
2021-07-23 11:00:00,1432A,SLD,36.0,338.78562366302054,-302.78562366302054
2021-07-23 12:00:00,1432A,SLD,37.0,337.73452925891786,-300.73452925891786
2021-07-23 13:00:00,1432A,SLD,36.0,336.80064234805366,-300.80064234805366
2021-07-23 14:00:00,1432A,SLD,34.0,336.8143834178789,-302.8143834178789
2021-07-23 15:00:00,1432A,SLD,32.0,336.2334224908935,-304.2334224908935
2021-07-23 16:00:00,1432A,SLD,,335.38156355860104,
2021-07-23 17:00:00,1432A,SLD,26.0,335.5481120165054,-309.5481120165054
2021-07-23 18:00:00,1432A,SLD,29.0,335.0203523668839,-306.0203523668839
2021-07-23 19:00:00,1432A,SLD,31.0,336.0651007375434,-305.0651007375434
2021-07-23 20:00:00,1432A,SLD,29.0,338.22946395413936,-309.22946395413936
2021-07-23 21:00:00,1432A,SLD,32.0,338.95312198178976,-306.95312198178976
2021-07-23 22:00:00,1432A,SLD,35.0,337.72671728716205,-302.72671728716205
2021-07-23 23:00:00,1432A,SLD,32.0,337.2566719568243,-305.2566719568243
2021-07-24 00:00:00,1432A,SLD,30.0,337.3516615131493,-307.3516615131493
2021-07-24 01:00:00,1432A,SLD,30.0,338.4603552757696,-308.4603552757696
2021-07-24 02:00:00,1432A,SLD,32.0,339.26961278753913,-307.26961278753913
2021-07-24 03:00:00,1432A,SLD,39.0,338.89223900279023,-299.89223900279023
2021-07-24 04:00:00,1432A,SLD,34.0,338.0733931696414,-304.0733931696414
2021-07-24 05:00:00,1432A,SLD,20.0,338.6286922551177,-318.6286922551177
2021-07-24 06:00:00,1432A,SLD,17.0,339.32977836547553,-322.32977836547553
2021-07-24 07:00:00,1432A,SLD,34.0,338.2972934266905,-304.2972934266905
2021-07-24 08:00:00,1432A,SLD,32.0,338.18822516858785,-306.18822516858785
2021-07-24 09:00:00,1432A,SLD,22.0,338.83023851841205,-316.83023851841205
2021-07-24 10:00:00,1432A,SLD,19.0,339.51929139338586,-320.51929139338586
2021-07-24 11:00:00,1432A,SLD,25.0,339.9118337197137,-314.9118337197137
2021-07-24 12:00:00,1432A,SLD,24.0,338.860739315611,-314.860739315611
2021-07-24 13:00:00,1432A,SLD,20.0,337.9268524047468,-317.9268524047468
2021-07-24 14:00:00,1432A,SLD,7.0,337.94059347457204,-330.94059347457204
2021-07-24 15:00:00,1432A,SLD,8.0,337.3596325475866,-329.3596325475866
2021-07-24 16:00:00,1432A,SLD,10.0,336.5077736152942,-326.5077736152942
2021-07-24 17:00:00,1432A,SLD,11.0,336.67432207319854,-325.67432207319854
2021-07-24 18:00:00,1432A,SLD,19.0,336.14656242357705,-317.14656242357705
2021-07-24 19:00:00,1432A,SLD,22.0,337.19131079423653,-315.19131079423653
2021-07-24 20:00:00,1432A,SLD,23.0,339.3556740108325,-316.3556740108325
2021-07-24 21:00:00,1432A,SLD,24.0,340.0793320384829,-316.0793320384829
2021-07-24 22:00:00,1432A,SLD,21.0,338.8529273438552,-317.8529273438552
2021-07-24 23:00:00,1432A,SLD,16.0,338.3828820135174,-322.3828820135174
2021-07-25 00:00:00,1432A,SLD,17.0,338.4778715698424,-321.4778715698424
2021-07-25 01:00:00,1432A,SLD,17.0,339.5865653324627,-322.5865653324627
2021-07-25 02:00:00,1432A,SLD,16.0,340.39582284423227,-324.39582284423227
2021-07-25 03:00:00,1432A,SLD,20.0,340.0184490594834,-320.0184490594834
2021-07-25 04:00:00,1432A,SLD,26.0,339.19960322633455,-313.19960322633455
2021-07-25 05:00:00,1432A,SLD,28.0,339.75490231181084,-311.75490231181084
2021-07-25 06:00:00,1432A,SLD,29.0,340.4559884221687,-311.4559884221687
2021-07-25 07:00:00,1432A,SLD,30.0,339.4235034833836,-309.4235034833836
2021-07-25 08:00:00,1432A,SLD,28.0,339.314435225281,-311.314435225281
2021-07-25 09:00:00,1432A,SLD,30.0,339.9564485751052,-309.9564485751052
2021-07-25 10:00:00,1432A,SLD,34.0,340.645501450079,-306.645501450079
2021-07-25 11:00:00,1432A,SLD,28.0,341.0380437764068,-313.0380437764068
2021-07-25 12:00:00,1432A,SLD,29.0,339.98694937230414,-310.98694937230414
2021-07-25 13:00:00,1432A,SLD,35.0,339.05306246143994,-304.05306246143994
2021-07-25 14:00:00,1432A,SLD,33.0,339.0668035312652,-306.0668035312652
2021-07-25 15:00:00,1432A,SLD,24.0,338.48584260427975,-314.48584260427975
2021-07-25 16:00:00,1432A,SLD,26.0,337.6339836719873,-311.6339836719873
2021-07-25 17:00:00,1432A,SLD,27.0,337.8005321298917,-310.8005321298917
2021-07-25 18:00:00,1432A,SLD,25.0,337.2727724802702,-312.2727724802702
2021-07-25 19:00:00,1432A,SLD,22.0,338.31752085092967,-316.31752085092967
2021-07-25 20:00:00,1432A,SLD,,340.48188406752564,
2021-07-25 21:00:00,1432A,SLD,23.0,341.20554209517604,-318.20554209517604
2021-07-25 22:00:00,1432A,SLD,23.0,339.9791374005483,-316.9791374005483
2021-07-25 23:00:00,1432A,SLD,23.0,339.50909207021056,-316.50909207021056
2021-07-26 00:00:00,1432A,SLD,22.0,339.60408162653556,-317.60408162653556
2021-07-26 01:00:00,1432A,SLD,22.0,340.71277538915587,-318.71277538915587
2021-07-26 02:00:00,1432A,SLD,22.0,341.5220329009254,-319.5220329009254
2021-07-26 03:00:00,1432A,SLD,23.0,341.1446591161765,-318.1446591161765
2021-07-26 04:00:00,1432A,SLD,25.0,340.3258132830277,-315.3258132830277
2021-07-26 05:00:00,1432A,SLD,24.0,340.881112368504,-316.881112368504
2021-07-26 06:00:00,1432A,SLD,23.0,341.5821984788618,-318.5821984788618
2021-07-26 07:00:00,1432A,SLD,27.0,340.54971354007677,-313.54971354007677
2021-07-26 08:00:00,1432A,SLD,21.0,340.4406452819741,-319.4406452819741
2021-07-26 09:00:00,1432A,SLD,25.0,341.0826586317983,-316.0826586317983
2021-07-26 10:00:00,1432A,SLD,34.0,341.77171150677214,-307.77171150677214
2021-07-26 11:00:00,1432A,SLD,26.0,342.16425383309996,-316.16425383309996
2021-07-26 12:00:00,1432A,SLD,32.0,341.1131594289973,-309.1131594289973
2021-07-26 13:00:00,1432A,SLD,20.0,340.1792725181331,-320.1792725181331
2021-07-26 14:00:00,1432A,SLD,10.0,340.1930135879583,-330.1930135879583
2021-07-26 15:00:00,1432A,SLD,9.0,339.6120526609729,-330.6120526609729
2021-07-26 16:00:00,1432A,SLD,8.0,338.76019372868046,-330.76019372868046
2021-07-26 17:00:00,1432A,SLD,7.0,338.9267421865848,-331.9267421865848
2021-07-26 18:00:00,1432A,SLD,7.0,338.39898253696333,-331.39898253696333
2021-07-26 19:00:00,1432A,SLD,10.0,339.4437309076228,-329.4437309076228
2021-07-26 20:00:00,1432A,SLD,12.0,341.6080941242188,-329.6080941242188
2021-07-26 21:00:00,1432A,SLD,7.0,342.3317521518692,-335.3317521518692
2021-07-26 22:00:00,1432A,SLD,9.0,341.10534745724146,-332.10534745724146
2021-07-26 23:00:00,1432A,SLD,9.0,340.6353021269037,-331.6353021269037
2021-07-27 00:00:00,1432A,SLD,9.0,340.7302916832287,-331.7302916832287
2021-07-27 01:00:00,1432A,SLD,10.0,341.838985445849,-331.838985445849
2021-07-27 02:00:00,1432A,SLD,12.0,342.64824295761855,-330.64824295761855
2021-07-27 03:00:00,1432A,SLD,13.0,342.27086917286965,-329.27086917286965
2021-07-27 04:00:00,1432A,SLD,14.0,341.4520233397208,-327.4520233397208
2021-07-27 05:00:00,1432A,SLD,15.0,342.0073224251971,-327.0073224251971
2021-07-27 06:00:00,1432A,SLD,16.0,342.70840853555495,-326.70840853555495
2021-07-27 07:00:00,1432A,SLD,19.0,341.6759235967699,-322.6759235967699
2021-07-27 08:00:00,1432A,SLD,22.0,341.56685533866727,-319.56685533866727
2021-07-27 09:00:00,1432A,SLD,27.0,342.20886868849146,-315.20886868849146
2021-07-27 10:00:00,1432A,SLD,28.0,342.8979215634653,-314.8979215634653
2021-07-27 11:00:00,1432A,SLD,23.0,343.2904638897931,-320.2904638897931
2021-07-27 12:00:00,1432A,SLD,17.0,342.2393694856904,-325.2393694856904
2021-07-27 13:00:00,1432A,SLD,10.0,341.3054825748262,-331.3054825748262
2021-07-27 14:00:00,1432A,SLD,9.0,341.31922364465146,-332.31922364465146
2021-07-27 15:00:00,1432A,SLD,10.0,340.73826271766603,-330.73826271766603
2021-07-27 16:00:00,1432A,SLD,14.0,339.8864037853736,-325.8864037853736
2021-07-27 17:00:00,1432A,SLD,25.0,340.05295224327796,-315.05295224327796
2021-07-27 18:00:00,1432A,SLD,28.0,339.52519259365647,-311.52519259365647
2021-07-27 19:00:00,1432A,SLD,28.0,340.56994096431595,-312.56994096431595
2021-07-27 20:00:00,1432A,SLD,28.0,342.7343041809119,-314.7343041809119
2021-07-27 21:00:00,1432A,SLD,,343.4579622085623,
2021-07-27 22:00:00,1432A,SLD,,342.2315575139346,
2021-07-27 23:00:00,1432A,SLD,,341.76151218359684,
2021-07-28 00:00:00,1432A,SLD,,341.85650173992184,
2021-07-28 01:00:00,1432A,SLD,,342.96519550254214,
2021-07-28 02:00:00,1432A,SLD,,343.7744530143117,
2021-07-28 03:00:00,1432A,SLD,,343.3970792295628,
2021-07-28 04:00:00,1432A,SLD,43.0,342.57823339641396,-299.57823339641396
2021-07-28 05:00:00,1432A,SLD,43.0,343.13353248189026,-300.13353248189026
2021-07-28 06:00:00,1432A,SLD,43.0,343.8346185922481,-300.8346185922481
2021-07-28 07:00:00,1432A,SLD,41.0,342.80213365346304,-301.80213365346304
2021-07-28 08:00:00,1432A,SLD,43.0,342.6930653953604,-299.6930653953604
2021-07-28 09:00:00,1432A,SLD,30.0,343.3350787451846,-313.3350787451846
2021-07-28 10:00:00,1432A,SLD,32.0,344.0241316201584,-312.0241316201584
2021-07-28 11:00:00,1432A,SLD,29.0,344.41667394648624,-315.41667394648624
2021-07-28 12:00:00,1432A,SLD,16.0,343.36557954238356,-327.36557954238356
2021-07-28 13:00:00,1432A,SLD,18.0,342.43169263151935,-324.43169263151935
2021-07-28 14:00:00,1432A,SLD,19.0,342.4454337013446,-323.4454337013446
2021-07-28 15:00:00,1432A,SLD,21.0,341.8644727743592,-320.8644727743592
2021-07-28 16:00:00,1432A,SLD,17.0,341.01261384206674,-324.01261384206674
2021-07-28 17:00:00,1432A,SLD,11.0,341.1791622999711,-330.1791622999711
2021-07-28 18:00:00,1432A,SLD,8.0,340.6514026503496,-332.6514026503496
2021-07-28 19:00:00,1432A,SLD,7.0,341.6961510210091,-334.6961510210091
2021-07-28 20:00:00,1432A,SLD,6.0,343.86051423760506,-337.86051423760506
2021-07-28 21:00:00,1432A,SLD,6.0,344.58417226525546,-338.58417226525546
2021-07-28 22:00:00,1432A,SLD,8.0,343.35776757062774,-335.35776757062774
2021-07-28 23:00:00,1432A,SLD,8.0,342.88772224029,-334.88772224029
2021-07-29 00:00:00,1432A,SLD,10.0,342.982711796615,-332.982711796615
2021-07-29 01:00:00,1432A,SLD,12.0,344.0914055592353,-332.0914055592353
2021-07-29 02:00:00,1432A,SLD,14.0,344.90066307100483,-330.90066307100483
2021-07-29 03:00:00,1432A,SLD,14.0,344.52328928625593,-330.52328928625593
2021-07-29 04:00:00,1432A,SLD,15.0,343.7044434531071,-328.7044434531071
2021-07-29 05:00:00,1432A,SLD,18.0,344.2597425385834,-326.2597425385834
2021-07-29 06:00:00,1432A,SLD,18.0,344.96082864894123,-326.96082864894123
2021-07-29 07:00:00,1432A,SLD,23.0,343.9283437101562,-320.9283437101562
2021-07-29 08:00:00,1432A,SLD,24.0,343.81927545205355,-319.81927545205355
2021-07-29 09:00:00,1432A,SLD,27.0,344.46128880187774,-317.46128880187774
2021-07-29 10:00:00,1432A,SLD,27.0,345.15034167685155,-318.15034167685155
2021-07-29 11:00:00,1432A,SLD,16.0,345.5428840031794,-329.5428840031794
2021-07-29 12:00:00,1432A,SLD,17.0,344.4917895990767,-327.4917895990767
2021-07-29 13:00:00,1432A,SLD,20.0,343.5579026882125,-323.5579026882125
2021-07-29 14:00:00,1432A,SLD,22.0,343.57164375803774,-321.57164375803774
2021-07-29 15:00:00,1432A,SLD,24.0,342.9906828310523,-318.9906828310523
2021-07-29 16:00:00,1432A,SLD,21.0,342.1388238987599,-321.1388238987599
2021-07-29 17:00:00,1432A,SLD,29.0,342.30537235666424,-313.30537235666424
2021-07-29 18:00:00,1432A,SLD,27.0,341.77761270704275,-314.77761270704275
2021-07-29 19:00:00,1432A,SLD,26.0,342.8223610777022,-316.8223610777022
2021-07-29 20:00:00,1432A,SLD,25.0,344.9867242942982,-319.9867242942982
2021-07-29 21:00:00,1432A,SLD,21.0,345.7103823219486,-324.7103823219486
2021-07-29 22:00:00,1432A,SLD,22.0,344.4839776273209,-322.4839776273209
2021-07-29 23:00:00,1432A,SLD,30.0,344.0139322969831,-314.0139322969831
2021-07-30 00:00:00,1432A,SLD,29.0,344.1089218533081,-315.1089218533081
2021-07-30 01:00:00,1432A,SLD,29.0,345.2176156159284,-316.2176156159284
2021-07-30 02:00:00,1432A,SLD,30.0,346.02687312769797,-316.02687312769797
2021-07-30 03:00:00,1432A,SLD,37.0,345.64949934294907,-308.64949934294907
2021-07-30 04:00:00,1432A,SLD,33.0,344.83065350980024,-311.83065350980024
2021-07-30 05:00:00,1432A,SLD,32.0,345.38595259527654,-313.38595259527654
2021-07-30 06:00:00,1432A,SLD,32.0,346.08703870563437,-314.08703870563437
2021-07-30 07:00:00,1432A,SLD,28.0,345.0545537668493,-317.0545537668493
2021-07-30 08:00:00,1432A,SLD,28.0,344.9454855087467,-316.9454855087467
2021-07-30 09:00:00,1432A,SLD,37.0,345.5874988585709,-308.5874988585709
2021-07-30 10:00:00,1432A,SLD,46.0,346.2765517335447,-300.2765517335447
2021-07-30 11:00:00,1432A,SLD,36.0,346.6690940598725,-310.6690940598725
2021-07-30 12:00:00,1432A,SLD,28.0,345.61799965576984,-317.61799965576984
2021-07-30 13:00:00,1432A,SLD,26.0,344.68411274490563,-318.68411274490563
2021-07-30 14:00:00,1432A,SLD,30.0,344.6978538147309,-314.6978538147309
2021-07-30 15:00:00,1432A,SLD,28.0,344.11689288774545,-316.11689288774545
2021-07-30 16:00:00,1432A,SLD,25.0,343.265033955453,-318.265033955453
2021-07-30 17:00:00,1432A,SLD,26.0,343.4315824133574,-317.4315824133574
2021-07-30 18:00:00,1432A,SLD,24.0,342.9038227637359,-318.9038227637359
2021-07-30 19:00:00,1432A,SLD,24.0,343.94857113439537,-319.94857113439537
2021-07-30 20:00:00,1432A,SLD,23.0,346.11293435099134,-323.11293435099134
2021-07-30 21:00:00,1432A,SLD,25.0,346.83659237864174,-321.83659237864174
2021-07-30 22:00:00,1432A,SLD,26.0,345.610187684014,-319.610187684014
2021-07-30 23:00:00,1432A,SLD,26.0,345.14014235367625,-319.14014235367625
2021-07-31 00:00:00,1432A,SLD,26.0,345.23513191000126,-319.23513191000126
2021-07-31 01:00:00,1432A,SLD,28.0,346.34382567262156,-318.34382567262156
2021-07-31 02:00:00,1432A,SLD,31.0,347.1530831843911,-316.1530831843911
2021-07-31 03:00:00,1432A,SLD,34.0,346.7757093996422,-312.7757093996422
2021-07-31 04:00:00,1432A,SLD,40.0,345.9568635664934,-305.9568635664934
2021-07-31 05:00:00,1432A,SLD,39.0,346.5121626519697,-307.5121626519697
2021-07-31 06:00:00,1432A,SLD,39.0,347.2132487623275,-308.2132487623275
2021-07-31 07:00:00,1432A,SLD,41.0,346.18076382354246,-305.18076382354246
2021-07-31 08:00:00,1432A,SLD,44.0,346.0716955654398,-302.0716955654398
2021-07-31 09:00:00,1432A,SLD,62.0,346.713708915264,-284.713708915264
2021-07-31 10:00:00,1432A,SLD,65.0,347.40276179023783,-282.40276179023783
2021-07-31 11:00:00,1432A,SLD,47.0,347.79530411656566,-300.79530411656566
2021-07-31 12:00:00,1432A,SLD,30.0,346.744209712463,-316.744209712463
2021-07-31 13:00:00,1432A,SLD,22.0,345.8103228015988,-323.8103228015988
2021-07-31 14:00:00,1432A,SLD,24.0,345.824063871424,-321.824063871424
2021-07-31 15:00:00,1432A,SLD,22.0,345.2431029444386,-323.2431029444386
2021-07-31 16:00:00,1432A,SLD,17.0,344.39124401214616,-327.39124401214616
2021-07-31 17:00:00,1432A,SLD,16.0,344.5577924700505,-328.5577924700505
2021-07-31 18:00:00,1432A,SLD,15.0,344.030032820429,-329.030032820429
2021-07-31 19:00:00,1432A,SLD,12.0,345.0747811910885,-333.0747811910885
2021-07-31 20:00:00,1432A,SLD,10.0,347.2391444076845,-337.2391444076845
2021-07-31 21:00:00,1432A,SLD,13.0,347.9628024353349,-334.9628024353349
2021-07-31 22:00:00,1432A,SLD,11.0,346.73639774070716,-335.73639774070716
2021-07-31 23:00:00,1432A,SLD,10.0,346.2663524103694,-336.2663524103694
2021-08-01 00:00:00,1432A,SLD,9.0,346.3613419666944,-337.3613419666944
2021-08-01 01:00:00,1432A,SLD,9.0,347.4700357293147,-338.4700357293147
2021-08-01 02:00:00,1432A,SLD,8.0,348.27929324108425,-340.27929324108425
2021-08-01 03:00:00,1432A,SLD,12.0,347.90191945633535,-335.90191945633535
2021-08-01 04:00:00,1432A,SLD,13.0,347.0830736231865,-334.0830736231865
2021-08-01 05:00:00,1432A,SLD,15.0,347.6383727086628,-332.6383727086628
2021-08-01 06:00:00,1432A,SLD,16.0,348.33945881902065,-332.33945881902065
2021-08-01 07:00:00,1432A,SLD,19.0,347.3069738802356,-328.3069738802356
2021-08-01 08:00:00,1432A,SLD,22.0,347.19790562213296,-325.19790562213296
2021-08-01 09:00:00,1432A,SLD,27.0,347.83991897195716,-320.83991897195716
2021-08-01 10:00:00,1432A,SLD,33.0,348.528971846931,-315.528971846931
2021-08-01 11:00:00,1432A,SLD,34.0,348.9215141732588,-314.9215141732588
2021-08-01 12:00:00,1432A,SLD,25.0,347.8704197691561,-322.8704197691561
2021-08-01 13:00:00,1432A,SLD,20.0,346.9365328582919,-326.9365328582919
2021-08-01 14:00:00,1432A,SLD,17.0,346.95027392811716,-329.95027392811716
2021-08-01 15:00:00,1432A,SLD,17.0,346.36931300113173,-329.36931300113173
2021-08-01 16:00:00,1432A,SLD,13.0,345.5174540688393,-332.5174540688393
2021-08-01 17:00:00,1432A,SLD,13.0,345.68400252674365,-332.68400252674365
2021-08-01 18:00:00,1432A,SLD,12.0,345.15624287712217,-333.15624287712217
2021-08-01 19:00:00,1432A,SLD,12.0,346.20099124778164,-334.20099124778164
2021-08-01 20:00:00,1432A,SLD,12.0,348.3653544643776,-336.3653544643776
2021-08-01 21:00:00,1432A,SLD,14.0,349.089012492028,-335.089012492028
2021-08-01 22:00:00,1432A,SLD,16.0,347.8626077974003,-331.8626077974003
2021-08-01 23:00:00,1432A,SLD,20.0,347.39256246706253,-327.39256246706253
2021-08-02 00:00:00,1432A,SLD,20.0,347.48755202338754,-327.48755202338754
2021-08-02 01:00:00,1432A,SLD,18.0,348.59624578600784,-330.59624578600784
2021-08-02 02:00:00,1432A,SLD,23.0,349.4055032977774,-326.4055032977774
2021-08-02 03:00:00,1432A,SLD,27.0,349.0281295130285,-322.0281295130285
2021-08-02 04:00:00,1432A,SLD,48.0,348.20928367987966,-300.20928367987966
2021-08-02 05:00:00,1432A,SLD,49.0,348.76458276535595,-299.76458276535595
2021-08-02 06:00:00,1432A,SLD,52.0,349.4656688757138,-297.4656688757138
2021-08-02 07:00:00,1432A,SLD,65.0,348.43318393692874,-283.43318393692874
2021-08-02 08:00:00,1432A,SLD,61.0,348.3241156788261,-287.3241156788261
2021-08-02 09:00:00,1432A,SLD,67.0,348.9661290286503,-281.9661290286503
2021-08-02 10:00:00,1432A,SLD,69.0,349.6551819036241,-280.6551819036241
2021-08-02 11:00:00,1432A,SLD,48.0,350.04772422995194,-302.04772422995194
2021-08-02 12:00:00,1432A,SLD,42.0,348.99662982584925,-306.99662982584925
2021-08-02 13:00:00,1432A,SLD,35.0,348.06274291498505,-313.06274291498505
2021-08-02 14:00:00,1432A,SLD,21.0,348.0764839848103,-327.0764839848103
2021-08-02 15:00:00,1432A,SLD,20.0,347.49552305782487,-327.49552305782487
2021-08-02 16:00:00,1432A,SLD,21.0,346.64366412553244,-325.64366412553244
2021-08-02 17:00:00,1432A,SLD,21.0,346.8102125834368,-325.8102125834368
2021-08-02 18:00:00,1432A,SLD,15.0,346.2824529338153,-331.2824529338153
2021-08-02 19:00:00,1432A,SLD,16.0,347.3272013044748,-331.3272013044748
2021-08-02 20:00:00,1432A,SLD,17.0,349.49156452107076,-332.49156452107076
2021-08-02 21:00:00,1432A,SLD,19.0,350.21522254872116,-331.21522254872116
2021-08-02 22:00:00,1432A,SLD,20.0,348.98881785409344,-328.98881785409344
2021-08-02 23:00:00,1432A,SLD,23.0,348.5187725237557,-325.5187725237557
2021-08-03 00:00:00,1432A,SLD,22.0,348.6137620800807,-326.6137620800807
2021-08-03 01:00:00,1432A,SLD,26.0,349.722455842701,-323.722455842701
2021-08-03 02:00:00,1432A,SLD,34.0,350.5317133544705,-316.5317133544705
2021-08-03 03:00:00,1432A,SLD,40.0,350.1543395697216,-310.1543395697216
2021-08-03 04:00:00,1432A,SLD,33.0,349.3354937365728,-316.3354937365728
2021-08-03 05:00:00,1432A,SLD,36.0,349.8907928220491,-313.8907928220491
2021-08-03 06:00:00,1432A,SLD,35.0,350.5918789324069,-315.5918789324069
2021-08-03 07:00:00,1432A,SLD,31.0,349.5593939936219,-318.5593939936219
2021-08-03 08:00:00,1432A,SLD,30.0,349.45032573551924,-319.45032573551924
2021-08-03 09:00:00,1432A,SLD,31.0,350.09233908534344,-319.09233908534344
2021-08-03 10:00:00,1432A,SLD,,350.78139196031725,
2021-08-03 11:00:00,1432A,SLD,,351.1739342866451,
2021-08-03 12:00:00,1432A,SLD,60.0,350.1228398825424,-290.1228398825424
2021-08-03 13:00:00,1432A,SLD,56.0,349.1889529716782,-293.1889529716782
2021-08-03 14:00:00,1432A,SLD,70.0,349.20269404150343,-279.20269404150343
2021-08-03 15:00:00,1432A,SLD,64.0,348.621733114518,-284.621733114518
2021-08-03 16:00:00,1432A,SLD,56.0,347.7698741822256,-291.7698741822256
2021-08-03 17:00:00,1432A,SLD,50.0,347.93642264012993,-297.93642264012993
2021-08-03 18:00:00,1432A,SLD,42.0,347.40866299050845,-305.40866299050845
2021-08-03 19:00:00,1432A,SLD,39.0,348.4534113611679,-309.4534113611679
2021-08-03 20:00:00,1432A,SLD,39.0,350.6177745777639,-311.6177745777639
2021-08-03 21:00:00,1432A,SLD,40.0,351.3414326054143,-311.3414326054143
2021-08-03 22:00:00,1432A,SLD,,350.1150279107866,
2021-08-03 23:00:00,1432A,SLD,42.0,349.6449825804488,-307.6449825804488
2021-08-04 00:00:00,1432A,SLD,43.0,349.7399721367738,-306.7399721367738
2021-08-04 01:00:00,1432A,SLD,30.0,350.8486658993941,-320.8486658993941
2021-08-04 02:00:00,1432A,SLD,27.0,351.65792341116367,-324.65792341116367
2021-08-04 03:00:00,1432A,SLD,28.0,351.28054962641477,-323.28054962641477
2021-08-04 04:00:00,1432A,SLD,33.0,350.46170379326594,-317.46170379326594
2021-08-04 05:00:00,1432A,SLD,44.0,351.01700287874223,-307.01700287874223
2021-08-04 06:00:00,1432A,SLD,48.0,351.71808898910007,-303.71808898910007
2021-08-04 07:00:00,1432A,SLD,44.0,350.685604050315,-306.685604050315
2021-08-04 08:00:00,1432A,SLD,38.0,350.5765357922124,-312.5765357922124
2021-08-04 09:00:00,1432A,SLD,35.0,351.2185491420366,-316.2185491420366
2021-08-04 10:00:00,1432A,SLD,32.0,351.9076020170104,-319.9076020170104
2021-08-04 11:00:00,1432A,SLD,34.0,352.3001443433382,-318.3001443433382
2021-08-04 12:00:00,1432A,SLD,33.0,351.24904993923553,-318.24904993923553
2021-08-04 13:00:00,1432A,SLD,28.0,350.31516302837133,-322.31516302837133
2021-08-04 14:00:00,1432A,SLD,29.0,350.3289040981966,-321.3289040981966
2021-08-04 15:00:00,1432A,SLD,28.0,349.74794317121115,-321.74794317121115
2021-08-04 16:00:00,1432A,SLD,29.0,348.8960842389187,-319.8960842389187
2021-08-04 17:00:00,1432A,SLD,29.0,349.0626326968231,-320.0626326968231
2021-08-04 18:00:00,1432A,SLD,21.0,348.5348730472016,-327.5348730472016
2021-08-04 19:00:00,1432A,SLD,22.0,349.57962141786106,-327.57962141786106
2021-08-04 20:00:00,1432A,SLD,19.0,351.74398463445704,-332.74398463445704
2021-08-04 21:00:00,1432A,SLD,26.0,352.46764266210744,-326.46764266210744
2021-08-04 22:00:00,1432A,SLD,28.0,351.2412379674797,-323.2412379674797
2021-08-04 23:00:00,1432A,SLD,,350.77119263714195,
2021-08-05 00:00:00,1432A,SLD,28.0,350.86618219346695,-322.86618219346695
2021-08-05 01:00:00,1432A,SLD,26.0,351.97487595608726,-325.97487595608726
2021-08-05 02:00:00,1432A,SLD,18.0,352.7841334678568,-334.7841334678568
2021-08-05 03:00:00,1432A,SLD,13.0,352.4067596831079,-339.4067596831079
2021-08-05 04:00:00,1432A,SLD,6.0,351.5879138499591,-345.5879138499591
2021-08-05 05:00:00,1432A,SLD,4.0,352.1432129354354,-348.1432129354354
2021-08-05 06:00:00,1432A,SLD,8.0,352.8442990457932,-344.8442990457932
2021-08-05 07:00:00,1432A,SLD,11.0,351.81181410700816,-340.81181410700816
2021-08-05 08:00:00,1432A,SLD,18.0,351.7027458489055,-333.7027458489055
2021-08-05 09:00:00,1432A,SLD,11.0,352.3447591987297,-341.3447591987297
2021-08-05 10:00:00,1432A,SLD,14.0,353.03381207370353,-339.03381207370353
2021-08-05 11:00:00,1432A,SLD,16.0,353.42635440003136,-337.42635440003136
2021-08-05 12:00:00,1432A,SLD,20.0,352.3752599959287,-332.3752599959287
2021-08-05 13:00:00,1432A,SLD,23.0,351.44137308506447,-328.44137308506447
2021-08-05 14:00:00,1432A,SLD,25.0,351.4551141548897,-326.4551141548897
2021-08-05 15:00:00,1432A,SLD,24.0,350.8741532279043,-326.8741532279043
2021-08-05 16:00:00,1432A,SLD,14.0,350.02229429561186,-336.02229429561186
2021-08-05 17:00:00,1432A,SLD,11.0,350.1888427535162,-339.1888427535162
2021-08-05 18:00:00,1432A,SLD,11.0,349.6610831038947,-338.6610831038947
2021-08-05 19:00:00,1432A,SLD,15.0,350.7058314745542,-335.7058314745542
2021-08-05 20:00:00,1432A,SLD,20.0,352.8701946911502,-332.8701946911502
2021-08-05 21:00:00,1432A,SLD,22.0,353.5938527188006,-331.5938527188006
2021-08-05 22:00:00,1432A,SLD,25.0,352.36744802417286,-327.36744802417286
2021-08-05 23:00:00,1432A,SLD,24.0,351.8974026938351,-327.8974026938351
2021-08-06 00:00:00,1432A,SLD,22.0,351.9923922501601,-329.9923922501601
2021-08-06 01:00:00,1432A,SLD,19.0,353.1010860127804,-334.1010860127804
2021-08-06 02:00:00,1432A,SLD,19.0,353.91034352454994,-334.91034352454994
2021-08-06 03:00:00,1432A,SLD,20.0,353.53296973980105,-333.53296973980105
2021-08-06 04:00:00,1432A,SLD,19.0,352.7141239066522,-333.7141239066522
2021-08-06 05:00:00,1432A,SLD,20.0,353.2694229921285,-333.2694229921285
2021-08-06 06:00:00,1432A,SLD,21.0,353.97050910248635,-332.97050910248635
2021-08-06 07:00:00,1432A,SLD,17.0,352.9380241637013,-335.9380241637013
2021-08-06 08:00:00,1432A,SLD,18.0,352.82895590559866,-334.82895590559866
2021-08-06 09:00:00,1432A,SLD,19.0,353.47096925542286,-334.47096925542286
2021-08-06 10:00:00,1432A,SLD,18.0,354.16002213039667,-336.16002213039667
2021-08-06 11:00:00,1432A,SLD,19.0,354.5525644567245,-335.5525644567245
2021-08-06 12:00:00,1432A,SLD,19.0,353.5014700526218,-334.5014700526218
2021-08-06 13:00:00,1432A,SLD,18.0,352.5675831417576,-334.5675831417576
2021-08-06 14:00:00,1432A,SLD,17.0,352.58132421158285,-335.58132421158285
2021-08-06 15:00:00,1432A,SLD,16.0,352.0003632845974,-336.0003632845974
2021-08-06 16:00:00,1432A,SLD,15.0,351.148504352305,-336.148504352305
2021-08-06 17:00:00,1432A,SLD,15.0,351.31505281020935,-336.31505281020935
2021-08-06 18:00:00,1432A,SLD,21.0,350.78729316058786,-329.78729316058786
2021-08-06 19:00:00,1432A,SLD,25.0,351.83204153124734,-326.83204153124734
2021-08-06 20:00:00,1432A,SLD,20.0,353.9964047478433,-333.9964047478433
2021-08-06 21:00:00,1432A,SLD,20.0,354.7200627754937,-334.7200627754937
2021-08-06 22:00:00,1432A,SLD,22.0,353.493658080866,-331.493658080866
2021-08-06 23:00:00,1432A,SLD,25.0,353.02361275052823,-328.02361275052823
2021-08-07 00:00:00,1432A,SLD,27.0,353.11860230685323,-326.11860230685323
2021-08-07 01:00:00,1432A,SLD,30.0,354.22729606947354,-324.22729606947354
2021-08-07 02:00:00,1432A,SLD,32.0,355.0365535812431,-323.0365535812431
2021-08-07 03:00:00,1432A,SLD,34.0,354.6591797964942,-320.6591797964942
2021-08-07 04:00:00,1432A,SLD,31.0,353.84033396334536,-322.84033396334536
2021-08-07 05:00:00,1432A,SLD,22.0,354.39563304882165,-332.39563304882165
2021-08-07 06:00:00,1432A,SLD,14.0,355.0967191591795,-341.0967191591795
2021-08-07 07:00:00,1432A,SLD,16.0,354.06423422039444,-338.06423422039444
2021-08-07 08:00:00,1432A,SLD,16.0,353.9551659622918,-337.9551659622918
2021-08-07 09:00:00,1432A,SLD,15.0,354.597179312116,-339.597179312116
2021-08-07 10:00:00,1432A,SLD,15.0,355.2862321870898,-340.2862321870898
2021-08-07 11:00:00,1432A,SLD,16.0,355.67877451341764,-339.67877451341764
2021-08-07 12:00:00,1432A,SLD,14.0,354.62768010931495,-340.62768010931495
2021-08-07 13:00:00,1432A,SLD,12.0,353.69379319845075,-341.69379319845075
2021-08-07 14:00:00,1432A,SLD,10.0,353.707534268276,-343.707534268276
2021-08-07 15:00:00,1432A,SLD,10.0,353.12657334129057,-343.12657334129057
2021-08-07 16:00:00,1432A,SLD,9.0,352.27471440899814,-343.27471440899814
2021-08-07 17:00:00,1432A,SLD,9.0,352.4412628669025,-343.4412628669025
2021-08-07 18:00:00,1432A,SLD,10.0,351.913503217281,-341.913503217281
2021-08-07 19:00:00,1432A,SLD,10.0,352.9582515879405,-342.9582515879405
2021-08-07 20:00:00,1432A,SLD,11.0,355.12261480453645,-344.12261480453645
2021-08-07 21:00:00,1432A,SLD,18.0,355.84627283218686,-337.84627283218686
2021-08-07 22:00:00,1432A,SLD,17.0,354.61986813755914,-337.61986813755914
2021-08-07 23:00:00,1432A,SLD,20.0,354.14982280722137,-334.14982280722137
2021-08-08 00:00:00,1432A,SLD,16.0,354.2448123635464,-338.2448123635464
2021-08-08 01:00:00,1432A,SLD,15.0,355.3535061261667,-340.3535061261667
2021-08-08 02:00:00,1432A,SLD,14.0,356.1627636379362,-342.1627636379362
2021-08-08 03:00:00,1432A,SLD,11.0,355.7853898531873,-344.7853898531873
2021-08-08 04:00:00,1432A,SLD,11.0,354.9665440200385,-343.9665440200385
2021-08-08 05:00:00,1432A,SLD,11.0,355.5218431055148,-344.5218431055148
2021-08-08 06:00:00,1432A,SLD,13.0,356.2229292158726,-343.2229292158726
2021-08-08 07:00:00,1432A,SLD,18.0,355.1904442770876,-337.1904442770876
2021-08-08 08:00:00,1432A,SLD,18.0,355.08137601898494,-337.08137601898494
2021-08-08 09:00:00,1432A,SLD,14.0,355.72338936880914,-341.72338936880914
2021-08-08 10:00:00,1432A,SLD,,356.41244224378295,
2021-08-08 11:00:00,1432A,SLD,,356.8049845701108,
2021-08-08 12:00:00,1432A,SLD,16.0,355.7538901660081,-339.7538901660081
2021-08-08 13:00:00,1432A,SLD,17.0,354.8200032551439,-337.8200032551439
2021-08-08 14:00:00,1432A,SLD,16.0,354.83374432496913,-338.83374432496913
2021-08-08 15:00:00,1432A,SLD,14.0,354.2527833979837,-340.2527833979837
2021-08-08 16:00:00,1432A,SLD,10.0,353.4009244656913,-343.4009244656913
2021-08-08 17:00:00,1432A,SLD,13.0,353.56747292359563,-340.56747292359563
2021-08-08 18:00:00,1432A,SLD,16.0,353.03971327397414,-337.03971327397414
2021-08-08 19:00:00,1432A,SLD,16.0,354.0844616446336,-338.0844616446336
2021-08-08 20:00:00,1432A,SLD,18.0,356.2488248612296,-338.2488248612296
2021-08-08 21:00:00,1432A,SLD,20.0,356.97248288888,-336.97248288888
2021-08-08 22:00:00,1432A,SLD,18.0,355.7460781942523,-337.7460781942523
2021-08-08 23:00:00,1432A,SLD,7.0,355.2760328639145,-348.2760328639145
2021-08-09 00:00:00,1432A,SLD,5.0,355.3710224202395,-350.3710224202395
2021-08-09 01:00:00,1432A,SLD,7.0,356.4797161828598,-349.4797161828598
2021-08-09 02:00:00,1432A,SLD,9.0,357.28897369462936,-348.28897369462936
2021-08-09 03:00:00,1432A,SLD,12.0,356.91159990988047,-344.91159990988047
2021-08-09 04:00:00,1432A,SLD,16.0,356.09275407673164,-340.09275407673164
2021-08-09 05:00:00,1432A,SLD,22.0,356.64805316220793,-334.64805316220793
2021-08-09 06:00:00,1432A,SLD,31.0,357.34913927256576,-326.34913927256576
2021-08-09 07:00:00,1432A,SLD,18.0,356.3166543337807,-338.3166543337807
2021-08-09 08:00:00,1432A,SLD,22.0,356.2075860756781,-334.2075860756781
2021-08-09 09:00:00,1432A,SLD,28.0,356.8495994255023,-328.8495994255023
2021-08-09 10:00:00,1432A,SLD,34.0,357.5386523004761,-323.5386523004761
2021-08-09 11:00:00,1432A,SLD,26.0,357.9311946268039,-331.9311946268039
2021-08-09 12:00:00,1432A,SLD,16.0,356.88010022270123,-340.88010022270123
2021-08-09 13:00:00,1432A,SLD,17.0,355.946213311837,-338.946213311837
2021-08-09 14:00:00,1432A,SLD,16.0,355.95995438166227,-339.95995438166227
2021-08-09 15:00:00,1432A,SLD,12.0,355.37899345467684,-343.37899345467684
2021-08-09 16:00:00,1432A,SLD,16.0,354.5271345223844,-338.5271345223844
2021-08-09 17:00:00,1432A,SLD,16.0,354.69368298028877,-338.69368298028877
2021-08-09 18:00:00,1432A,SLD,16.0,354.1659233306673,-338.1659233306673
2021-08-09 19:00:00,1432A,SLD,18.0,355.21067170132676,-337.21067170132676
2021-08-09 20:00:00,1432A,SLD,,357.37503491792273,
2021-08-09 21:00:00,1432A,SLD,,358.09869294557313,
2021-08-09 22:00:00,1432A,SLD,,356.8722882509454,
2021-08-09 23:00:00,1432A,SLD,,356.40224292060765,
2021-08-10 00:00:00,1432A,SLD,,356.49723247693265,
2021-08-10 01:00:00,1432A,SLD,,357.60592623955296,
2021-08-10 02:00:00,1432A,SLD,,358.4151837513225,
2021-08-10 03:00:00,1432A,SLD,,358.0378099665736,
2021-08-10 04:00:00,1432A,SLD,,357.2189641334248,
2021-08-10 05:00:00,1432A,SLD,,357.77426321890107,
2021-08-10 06:00:00,1432A,SLD,,358.4753493292589,
2021-08-10 07:00:00,1432A,SLD,,357.44286439047386,
2021-08-10 08:00:00,1432A,SLD,,357.3337961323712,
2021-08-10 09:00:00,1432A,SLD,,357.9758094821954,
2021-08-10 10:00:00,1432A,SLD,25.0,358.6648623571692,-333.6648623571692
2021-08-10 11:00:00,1432A,SLD,26.0,359.05740468349705,-333.05740468349705
2021-08-10 12:00:00,1432A,SLD,41.0,358.00631027939437,-317.00631027939437
2021-08-10 13:00:00,1432A,SLD,31.0,357.07242336853017,-326.07242336853017
2021-08-10 14:00:00,1432A,SLD,22.0,357.0861644383554,-335.0861644383554
2021-08-10 15:00:00,1432A,SLD,21.0,356.50520351137,-335.50520351137
2021-08-10 16:00:00,1432A,SLD,25.0,355.65334457907755,-330.65334457907755
2021-08-10 17:00:00,1432A,SLD,27.0,355.8198930369819,-328.8198930369819
2021-08-10 18:00:00,1432A,SLD,26.0,355.2921333873604,-329.2921333873604
2021-08-10 19:00:00,1432A,SLD,28.0,356.3368817580199,-328.3368817580199
2021-08-10 20:00:00,1432A,SLD,23.0,358.5012449746159,-335.5012449746159
2021-08-10 21:00:00,1432A,SLD,12.0,359.2249030022663,-347.2249030022663
2021-08-10 22:00:00,1432A,SLD,17.0,357.99849830763856,-340.99849830763856
2021-08-10 23:00:00,1432A,SLD,19.0,357.5284529773008,-338.5284529773008
2021-08-11 00:00:00,1432A,SLD,20.0,357.6234425336258,-337.6234425336258
2021-08-11 01:00:00,1432A,SLD,22.0,358.7321362962461,-336.7321362962461
2021-08-11 02:00:00,1432A,SLD,26.0,359.54139380801564,-333.54139380801564
2021-08-11 03:00:00,1432A,SLD,27.0,359.16402002326674,-332.16402002326674
2021-08-11 04:00:00,1432A,SLD,26.0,358.3451741901179,-332.3451741901179
2021-08-11 05:00:00,1432A,SLD,22.0,358.9004732755942,-336.9004732755942
2021-08-11 06:00:00,1432A,SLD,20.0,359.60155938595204,-339.60155938595204
2021-08-11 07:00:00,1432A,SLD,19.0,358.569074447167,-339.569074447167
2021-08-11 08:00:00,1432A,SLD,17.0,358.46000618906436,-341.46000618906436
2021-08-11 09:00:00,1432A,SLD,17.0,359.10201953888856,-342.10201953888856
2021-08-11 10:00:00,1432A,SLD,20.0,359.79107241386237,-339.79107241386237
2021-08-11 11:00:00,1432A,SLD,23.0,360.1836147401902,-337.1836147401902
2021-08-11 12:00:00,1432A,SLD,26.0,359.1325203360875,-333.1325203360875
2021-08-11 13:00:00,1432A,SLD,30.0,358.1986334252233,-328.1986334252233
2021-08-11 14:00:00,1432A,SLD,33.0,358.21237449504855,-325.21237449504855
2021-08-11 15:00:00,1432A,SLD,32.0,357.6314135680631,-325.6314135680631
2021-08-11 16:00:00,1432A,SLD,30.0,356.7795546357707,-326.7795546357707
2021-08-11 17:00:00,1432A,SLD,25.0,356.94610309367505,-331.94610309367505
2021-08-11 18:00:00,1432A,SLD,22.0,356.41834344405356,-334.41834344405356
2021-08-11 19:00:00,1432A,SLD,20.0,357.46309181471304,-337.46309181471304
2021-08-11 20:00:00,1432A,SLD,26.0,359.627455031309,-333.627455031309
2021-08-11 21:00:00,1432A,SLD,22.0,360.3511130589594,-338.3511130589594
2021-08-11 22:00:00,1432A,SLD,22.0,359.1247083643317,-337.1247083643317
2021-08-11 23:00:00,1432A,SLD,22.0,358.6546630339939,-336.6546630339939
2021-08-12 00:00:00,1432A,SLD,29.0,358.74965259031893,-329.74965259031893
2021-08-12 01:00:00,1432A,SLD,24.0,359.85834635293924,-335.85834635293924
2021-08-12 02:00:00,1432A,SLD,23.0,360.6676038647088,-337.6676038647088
2021-08-12 03:00:00,1432A,SLD,23.0,360.2902300799599,-337.2902300799599
2021-08-12 04:00:00,1432A,SLD,23.0,359.47138424681106,-336.47138424681106
2021-08-12 05:00:00,1432A,SLD,22.0,360.02668333228735,-338.02668333228735
2021-08-12 06:00:00,1432A,SLD,22.0,360.7277694426452,-338.7277694426452
2021-08-12 07:00:00,1432A,SLD,23.0,359.69528450386014,-336.69528450386014
2021-08-12 08:00:00,1432A,SLD,23.0,359.5862162457575,-336.5862162457575
2021-08-12 09:00:00,1432A,SLD,22.0,360.2282295955817,-338.2282295955817
2021-08-12 10:00:00,1432A,SLD,21.0,360.9172824705555,-339.9172824705555
2021-08-12 11:00:00,1432A,SLD,17.0,361.30982479688333,-344.30982479688333
2021-08-12 12:00:00,1432A,SLD,19.0,360.25873039278065,-341.25873039278065
2021-08-12 13:00:00,1432A,SLD,24.0,359.32484348191645,-335.32484348191645
2021-08-12 14:00:00,1432A,SLD,28.0,359.3385845517417,-331.3385845517417
2021-08-12 15:00:00,1432A,SLD,21.0,358.75762362475626,-337.75762362475626
2021-08-12 16:00:00,1432A,SLD,17.0,357.90576469246383,-340.90576469246383
2021-08-12 17:00:00,1432A,SLD,9.0,358.0723131503682,-349.0723131503682
2021-08-12 18:00:00,1432A,SLD,6.0,357.5445535007467,-351.5445535007467
2021-08-12 19:00:00,1432A,SLD,7.0,358.5893018714062,-351.5893018714062
2021-08-12 20:00:00,1432A,SLD,6.0,360.75366508800215,-354.75366508800215
2021-08-12 21:00:00,1432A,SLD,7.0,361.47732311565255,-354.47732311565255
2021-08-12 22:00:00,1432A,SLD,8.0,360.25091842102483,-352.25091842102483
2021-08-12 23:00:00,1432A,SLD,8.0,359.78087309068707,-351.78087309068707
2021-08-13 00:00:00,1432A,SLD,5.0,359.87586264701207,-354.87586264701207
2021-08-13 01:00:00,1432A,SLD,3.0,360.9845564096324,-357.9845564096324
2021-08-13 02:00:00,1432A,SLD,3.0,361.7938139214019,-358.7938139214019
2021-08-13 03:00:00,1432A,SLD,4.0,361.416440136653,-357.416440136653
2021-08-13 04:00:00,1432A,SLD,6.0,360.5975943035042,-354.5975943035042
2021-08-13 05:00:00,1432A,SLD,11.0,361.1528933889805,-350.1528933889805
2021-08-13 06:00:00,1432A,SLD,11.0,361.8539794993383,-350.8539794993383
2021-08-13 07:00:00,1432A,SLD,10.0,360.8214945605533,-350.8214945605533
2021-08-13 08:00:00,1432A,SLD,11.0,360.71242630245064,-349.71242630245064
2021-08-13 09:00:00,1432A,SLD,14.0,361.35443965227483,-347.35443965227483
2021-08-13 10:00:00,1432A,SLD,16.0,362.04349252724865,-346.04349252724865
2021-08-13 11:00:00,1432A,SLD,14.0,362.4360348535765,-348.4360348535765
2021-08-13 12:00:00,1432A,SLD,14.0,361.3849404494738,-347.3849404494738
2021-08-13 13:00:00,1432A,SLD,13.0,360.4510535386096,-347.4510535386096
2021-08-13 14:00:00,1432A,SLD,9.0,360.46479460843483,-351.46479460843483
2021-08-13 15:00:00,1432A,SLD,9.0,359.8838336814494,-350.8838336814494
2021-08-13 16:00:00,1432A,SLD,9.0,359.031974749157,-350.031974749157
2021-08-13 17:00:00,1432A,SLD,10.0,359.1985232070613,-349.1985232070613
2021-08-13 18:00:00,1432A,SLD,13.0,358.67076355743984,-345.67076355743984
2021-08-13 19:00:00,1432A,SLD,12.0,359.7155119280993,-347.7155119280993
2021-08-13 20:00:00,1432A,SLD,11.0,361.8798751446953,-350.8798751446953
2021-08-13 21:00:00,1432A,SLD,11.0,362.6035331723457,-351.6035331723457
2021-08-13 22:00:00,1432A,SLD,15.0,361.377128477718,-346.377128477718
2021-08-13 23:00:00,1432A,SLD,18.0,360.9070831473802,-342.9070831473802
2021-08-14 00:00:00,1432A,SLD,19.0,361.0020727037052,-342.0020727037052
2021-08-14 01:00:00,1432A,SLD,17.0,362.1107664663255,-345.1107664663255
2021-08-14 02:00:00,1432A,SLD,15.0,362.92002397809506,-347.92002397809506
2021-08-14 03:00:00,1432A,SLD,13.0,362.54265019334616,-349.54265019334616
2021-08-14 04:00:00,1432A,SLD,6.0,361.72380436019733,-355.72380436019733
2021-08-14 05:00:00,1432A,SLD,6.0,362.2791034456736,-356.2791034456736
2021-08-14 06:00:00,1432A,SLD,6.0,362.98018955603146,-356.98018955603146
2021-08-14 07:00:00,1432A,SLD,6.0,361.9477046172464,-355.9477046172464
2021-08-14 08:00:00,1432A,SLD,6.0,361.8386363591438,-355.8386363591438
2021-08-14 09:00:00,1432A,SLD,5.0,362.480649708968,-357.480649708968
2021-08-14 10:00:00,1432A,SLD,5.0,363.1697025839418,-358.1697025839418
2021-08-14 11:00:00,1432A,SLD,4.0,363.5622449102696,-359.5622449102696
2021-08-14 12:00:00,1432A,SLD,5.0,362.5111505061669,-357.5111505061669
2021-08-14 13:00:00,1432A,SLD,4.0,361.5772635953027,-357.5772635953027
2021-08-14 14:00:00,1432A,SLD,7.0,361.59100466512797,-354.59100466512797
2021-08-14 15:00:00,1432A,SLD,13.0,361.01004373814254,-348.01004373814254
2021-08-14 16:00:00,1432A,SLD,14.0,360.1581848058501,-346.1581848058501
2021-08-14 17:00:00,1432A,SLD,11.0,360.32473326375447,-349.32473326375447
2021-08-14 18:00:00,1432A,SLD,11.0,359.796973614133,-348.796973614133
2021-08-14 19:00:00,1432A,SLD,13.0,360.84172198479246,-347.84172198479246
2021-08-14 20:00:00,1432A,SLD,16.0,363.00608520138843,-347.00608520138843
2021-08-14 21:00:00,1432A,SLD,17.0,363.72974322903883,-346.72974322903883
2021-08-14 22:00:00,1432A,SLD,22.0,362.5033385344111,-340.5033385344111
2021-08-14 23:00:00,1432A,SLD,22.0,362.03329320407335,-340.03329320407335
2021-08-15 00:00:00,1432A,SLD,23.0,362.12828276039835,-339.12828276039835
2021-08-15 01:00:00,1432A,SLD,21.0,363.23697652301865,-342.23697652301865
2021-08-15 02:00:00,1432A,SLD,16.0,364.0462340347882,-348.0462340347882
2021-08-15 03:00:00,1432A,SLD,18.0,363.6688602500393,-345.6688602500393
2021-08-15 04:00:00,1432A,SLD,17.0,362.8500144168905,-345.8500144168905
2021-08-15 05:00:00,1432A,SLD,15.0,363.40531350236677,-348.40531350236677
2021-08-15 06:00:00,1432A,SLD,14.0,364.1063996127246,-350.1063996127246
2021-08-15 07:00:00,1432A,SLD,12.0,363.07391467393956,-351.07391467393956
2021-08-15 08:00:00,1432A,SLD,18.0,362.9648464158369,-344.9648464158369
2021-08-15 09:00:00,1432A,SLD,15.0,363.6068597656611,-348.6068597656611
2021-08-15 10:00:00,1432A,SLD,12.0,364.2959126406349,-352.2959126406349
2021-08-15 11:00:00,1432A,SLD,10.0,364.68845496696275,-354.68845496696275
2021-08-15 12:00:00,1432A,SLD,11.0,363.63736056286007,-352.63736056286007
2021-08-15 13:00:00,1432A,SLD,11.0,362.70347365199586,-351.70347365199586
2021-08-15 14:00:00,1432A,SLD,13.0,362.7172147218211,-349.7172147218211
2021-08-15 15:00:00,1432A,SLD,17.0,362.1362537948357,-345.1362537948357
2021-08-15 16:00:00,1432A,SLD,18.0,361.28439486254325,-343.28439486254325
2021-08-15 17:00:00,1432A,SLD,13.0,361.4509433204476,-348.4509433204476
2021-08-15 18:00:00,1432A,SLD,15.0,360.9231836708261,-345.9231836708261
2021-08-15 19:00:00,1432A,SLD,20.0,361.9679320414856,-341.9679320414856
2021-08-15 20:00:00,1432A,SLD,23.0,364.13229525808157,-341.13229525808157
2021-08-15 21:00:00,1432A,SLD,20.0,364.85595328573197,-344.85595328573197
2021-08-15 22:00:00,1432A,SLD,23.0,363.62954859110425,-340.62954859110425
2021-08-15 23:00:00,1432A,SLD,20.0,363.1595032607665,-343.1595032607665
2021-08-16 00:00:00,1432A,SLD,21.0,363.2544928170915,-342.2544928170915
2021-08-16 01:00:00,1432A,SLD,21.0,364.3631865797118,-343.3631865797118
2021-08-16 02:00:00,1432A,SLD,24.0,365.17244409148134,-341.17244409148134
2021-08-16 03:00:00,1432A,SLD,17.0,364.79507030673244,-347.79507030673244
2021-08-16 04:00:00,1432A,SLD,13.0,363.9762244735836,-350.9762244735836
2021-08-16 05:00:00,1432A,SLD,17.0,364.5315235590599,-347.5315235590599
2021-08-16 06:00:00,1432A,SLD,13.0,365.23260966941774,-352.23260966941774
2021-08-16 07:00:00,1432A,SLD,11.0,364.2001247306327,-353.2001247306327
2021-08-16 08:00:00,1432A,SLD,11.0,364.09105647253006,-353.09105647253006
2021-08-16 09:00:00,1432A,SLD,10.0,364.73306982235425,-354.73306982235425
2021-08-16 10:00:00,1432A,SLD,11.0,365.42212269732806,-354.42212269732806
2021-08-16 11:00:00,1432A,SLD,10.0,365.8146650236559,-355.8146650236559
2021-08-16 12:00:00,1432A,SLD,8.0,364.7635706195532,-356.7635706195532
2021-08-16 13:00:00,1432A,SLD,9.0,363.829683708689,-354.829683708689
2021-08-16 14:00:00,1432A,SLD,12.0,363.84342477851425,-351.84342477851425
2021-08-16 15:00:00,1432A,SLD,11.0,363.2624638515288,-352.2624638515288
2021-08-16 16:00:00,1432A,SLD,12.0,362.4106049192364,-350.4106049192364
2021-08-16 17:00:00,1432A,SLD,15.0,362.57715337714075,-347.57715337714075
2021-08-16 18:00:00,1432A,SLD,27.0,362.04939372751926,-335.04939372751926
2021-08-16 19:00:00,1432A,SLD,,363.09414209817874,
2021-08-16 20:00:00,1432A,SLD,24.0,365.2585053147747,-341.2585053147747
2021-08-16 21:00:00,1432A,SLD,16.0,365.9821633424251,-349.9821633424251
2021-08-16 22:00:00,1432A,SLD,14.0,364.7557586477974,-350.7557586477974
2021-08-16 23:00:00,1432A,SLD,12.0,364.2857133174596,-352.2857133174596
2021-08-17 00:00:00,1432A,SLD,13.0,364.3807028737846,-351.3807028737846
2021-08-17 01:00:00,1432A,SLD,14.0,365.48939663640493,-351.48939663640493
2021-08-17 02:00:00,1432A,SLD,16.0,366.2986541481745,-350.2986541481745
2021-08-17 03:00:00,1432A,SLD,19.0,365.9212803634256,-346.9212803634256
2021-08-17 04:00:00,1432A,SLD,23.0,365.10243453027675,-342.10243453027675
2021-08-17 05:00:00,1432A,SLD,20.0,365.65773361575305,-345.65773361575305
2021-08-17 06:00:00,1432A,SLD,19.0,366.3588197261109,-347.3588197261109
2021-08-17 07:00:00,1432A,SLD,26.0,365.32633478732583,-339.32633478732583
2021-08-17 08:00:00,1432A,SLD,26.0,365.2172665292232,-339.2172665292232
2021-08-17 09:00:00,1432A,SLD,,365.8592798790474,
2021-08-17 10:00:00,1432A,SLD,,366.5483327540212,
2021-08-17 11:00:00,1432A,SLD,17.0,366.94087508034903,-349.94087508034903
2021-08-17 12:00:00,1432A,SLD,18.0,365.88978067624635,-347.88978067624635
2021-08-17 13:00:00,1432A,SLD,,364.95589376538214,
2021-08-17 14:00:00,1432A,SLD,19.0,364.9696348352074,-345.9696348352074
2021-08-17 15:00:00,1432A,SLD,17.0,364.38867390822196,-347.38867390822196
2021-08-17 16:00:00,1432A,SLD,13.0,363.53681497592953,-350.53681497592953
2021-08-17 17:00:00,1432A,SLD,14.0,363.7033634338339,-349.7033634338339
2021-08-17 18:00:00,1432A,SLD,14.0,363.1756037842124,-349.1756037842124
2021-08-17 19:00:00,1432A,SLD,14.0,364.2203521548719,-350.2203521548719
2021-08-17 20:00:00,1432A,SLD,11.0,366.38471537146785,-355.38471537146785
2021-08-17 21:00:00,1432A,SLD,10.0,367.10837339911825,-357.10837339911825
2021-08-17 22:00:00,1432A,SLD,11.0,365.88196870449053,-354.88196870449053
2021-08-17 23:00:00,1432A,SLD,10.0,365.41192337415276,-355.41192337415276
2021-08-18 00:00:00,1432A,SLD,,365.50691293047777,
2021-08-18 01:00:00,1432A,SLD,11.0,366.6156066930981,-355.6156066930981
2021-08-18 02:00:00,1432A,SLD,14.0,367.4248642048676,-353.4248642048676
2021-08-18 03:00:00,1432A,SLD,18.0,367.0474904201187,-349.0474904201187
2021-08-18 04:00:00,1432A,SLD,,366.2286445869699,
2021-08-18 05:00:00,1432A,SLD,15.0,366.7839436724462,-351.7839436724462
2021-08-18 06:00:00,1432A,SLD,17.0,367.485029782804,-350.485029782804
2021-08-18 07:00:00,1432A,SLD,5.0,366.452544844019,-361.452544844019
2021-08-18 08:00:00,1432A,SLD,2.0,366.34347658591633,-364.34347658591633
2021-08-18 09:00:00,1432A,SLD,2.0,366.98548993574053,-364.98548993574053
2021-08-18 10:00:00,1432A,SLD,4.0,367.67454281071434,-363.67454281071434
2021-08-18 11:00:00,1432A,SLD,4.0,368.06708513704217,-364.06708513704217
2021-08-18 12:00:00,1432A,SLD,4.0,367.0159907329395,-363.0159907329395
2021-08-18 13:00:00,1432A,SLD,3.0,366.0821038220753,-363.0821038220753
2021-08-18 14:00:00,1432A,SLD,5.0,366.0958448919005,-361.0958448919005
2021-08-18 15:00:00,1432A,SLD,6.0,365.5148839649151,-359.5148839649151
2021-08-18 16:00:00,1432A,SLD,,364.66302503262267,
2021-08-18 17:00:00,1432A,SLD,9.0,364.829573490527,-355.829573490527
2021-08-18 18:00:00,1432A,SLD,11.0,364.30181384090554,-353.30181384090554
2021-08-18 19:00:00,1432A,SLD,9.0,365.346562211565,-356.346562211565
2021-08-18 20:00:00,1432A,SLD,,367.510925428161,
2021-08-18 21:00:00,1432A,SLD,,368.2345834558114,
2021-08-18 22:00:00,1432A,SLD,16.0,367.0081787611837,-351.0081787611837
2021-08-18 23:00:00,1432A,SLD,18.0,366.5381334308459,-348.5381334308459
2021-08-19 00:00:00,1432A,SLD,18.0,366.6331229871709,-348.6331229871709
2021-08-19 01:00:00,1432A,SLD,20.0,367.7418167497912,-347.7418167497912
2021-08-19 02:00:00,1432A,SLD,20.0,368.55107426156076,-348.55107426156076
2021-08-19 03:00:00,1432A,SLD,22.0,368.17370047681186,-346.17370047681186
2021-08-19 04:00:00,1432A,SLD,24.0,367.35485464366303,-343.35485464366303
2021-08-19 05:00:00,1432A,SLD,24.0,367.9101537291393,-343.9101537291393
2021-08-19 06:00:00,1432A,SLD,23.0,368.61123983949716,-345.61123983949716
2021-08-19 07:00:00,1432A,SLD,23.0,367.5787549007121,-344.5787549007121
2021-08-19 08:00:00,1432A,SLD,33.0,367.4696866426095,-334.4696866426095
2021-08-19 09:00:00,1432A,SLD,30.0,368.11169999243367,-338.11169999243367
2021-08-19 10:00:00,1432A,SLD,27.0,368.8007528674075,-341.8007528674075
2021-08-19 11:00:00,1432A,SLD,18.0,369.1932951937353,-351.1932951937353
2021-08-19 12:00:00,1432A,SLD,12.0,368.1422007896326,-356.1422007896326
2021-08-19 13:00:00,1432A,SLD,11.0,367.2083138787684,-356.2083138787684
2021-08-19 14:00:00,1432A,SLD,14.0,367.22205494859367,-353.22205494859367
2021-08-19 15:00:00,1432A,SLD,12.0,366.64109402160824,-354.64109402160824
2021-08-19 16:00:00,1432A,SLD,13.0,365.7892350893158,-352.7892350893158
2021-08-19 17:00:00,1432A,SLD,14.0,365.95578354722016,-351.95578354722016
2021-08-19 18:00:00,1432A,SLD,15.0,365.4280238975987,-350.4280238975987
2021-08-19 19:00:00,1432A,SLD,18.0,366.47277226825815,-348.47277226825815
2021-08-19 20:00:00,1432A,SLD,22.0,368.6371354848541,-346.6371354848541
2021-08-19 21:00:00,1432A,SLD,20.0,369.36079351250453,-349.36079351250453
2021-08-19 22:00:00,1432A,SLD,22.0,368.1343888178768,-346.1343888178768
2021-08-19 23:00:00,1432A,SLD,26.0,367.66434348753904,-341.66434348753904
2021-08-20 00:00:00,1432A,SLD,27.0,367.75933304386405,-340.75933304386405
2021-08-20 01:00:00,1432A,SLD,25.0,368.86802680648435,-343.86802680648435
2021-08-20 02:00:00,1432A,SLD,27.0,369.6772843182539,-342.6772843182539
2021-08-20 03:00:00,1432A,SLD,28.0,369.299910533505,-341.299910533505
2021-08-20 04:00:00,1432A,SLD,24.0,368.48106470035617,-344.48106470035617
2021-08-20 05:00:00,1432A,SLD,20.0,369.03636378583246,-349.03636378583246
2021-08-20 06:00:00,1432A,SLD,13.0,369.7374498961903,-356.7374498961903
2021-08-20 07:00:00,1432A,SLD,11.0,368.70496495740525,-357.70496495740525
2021-08-20 08:00:00,1432A,SLD,10.0,368.5958966993026,-358.5958966993026
2021-08-20 09:00:00,1432A,SLD,8.0,369.2379100491268,-361.2379100491268
2021-08-20 10:00:00,1432A,SLD,7.0,369.9269629241006,-362.9269629241006
2021-08-20 11:00:00,1432A,SLD,11.0,370.31950525042845,-359.31950525042845
2021-08-20 12:00:00,1432A,SLD,13.0,369.26841084632576,-356.26841084632576
2021-08-20 13:00:00,1432A,SLD,13.0,368.33452393546156,-355.33452393546156
2021-08-20 14:00:00,1432A,SLD,16.0,368.3482650052868,-352.3482650052868
2021-08-20 15:00:00,1432A,SLD,14.0,367.7673040783014,-353.7673040783014
2021-08-20 16:00:00,1432A,SLD,15.0,366.91544514600895,-351.91544514600895
2021-08-20 17:00:00,1432A,SLD,15.0,367.0819936039133,-352.0819936039133
2021-08-20 18:00:00,1432A,SLD,17.0,366.5542339542918,-349.5542339542918
2021-08-20 19:00:00,1432A,SLD,17.0,367.5989823249513,-350.5989823249513
2021-08-20 20:00:00,1432A,SLD,17.0,369.76334554154727,-352.76334554154727
2021-08-20 21:00:00,1432A,SLD,18.0,370.48700356919767,-352.48700356919767
2021-08-20 22:00:00,1432A,SLD,22.0,369.26059887456995,-347.26059887456995
2021-08-20 23:00:00,1432A,SLD,30.0,368.7905535442322,-338.7905535442322
2021-08-21 00:00:00,1432A,SLD,28.0,368.8855431005572,-340.8855431005572
2021-08-21 01:00:00,1432A,SLD,29.0,369.9942368631775,-340.9942368631775
2021-08-21 02:00:00,1432A,SLD,27.0,370.80349437494704,-343.80349437494704
2021-08-21 03:00:00,1432A,SLD,26.0,370.42612059019814,-344.42612059019814
2021-08-21 04:00:00,1432A,SLD,27.0,369.6072747570493,-342.6072747570493
2021-08-21 05:00:00,1432A,SLD,29.0,370.1625738425256,-341.1625738425256
2021-08-21 06:00:00,1432A,SLD,30.0,370.86365995288344,-340.86365995288344
2021-08-21 07:00:00,1432A,SLD,29.0,369.8311750140984,-340.8311750140984
2021-08-21 08:00:00,1432A,SLD,33.0,369.72210675599575,-336.72210675599575
2021-08-21 09:00:00,1432A,SLD,40.0,370.36412010581995,-330.36412010581995
2021-08-21 10:00:00,1432A,SLD,48.0,371.05317298079376,-323.05317298079376
2021-08-21 11:00:00,1432A,SLD,42.0,371.4457153071216,-329.4457153071216
2021-08-21 12:00:00,1432A,SLD,32.0,370.3946209030189,-338.3946209030189
2021-08-21 13:00:00,1432A,SLD,26.0,369.4607339921547,-343.4607339921547
2021-08-21 14:00:00,1432A,SLD,50.0,369.47447506197994,-319.47447506197994
2021-08-21 15:00:00,1432A,SLD,39.0,368.8935141349945,-329.8935141349945
2021-08-21 16:00:00,1432A,SLD,25.0,368.0416552027021,-343.0416552027021
2021-08-21 17:00:00,1432A,SLD,17.0,368.20820366060644,-351.20820366060644
2021-08-21 18:00:00,1432A,SLD,17.0,367.68044401098496,-350.68044401098496
2021-08-21 19:00:00,1432A,SLD,20.0,368.72519238164443,-348.72519238164443
2021-08-21 20:00:00,1432A,SLD,29.0,370.8895555982404,-341.8895555982404
2021-08-21 21:00:00,1432A,SLD,38.0,371.6132136258908,-333.6132136258908
2021-08-21 22:00:00,1432A,SLD,24.0,370.3868089312631,-346.3868089312631
2021-08-21 23:00:00,1432A,SLD,19.0,369.9167636009253,-350.9167636009253
2021-08-22 00:00:00,1432A,SLD,28.0,370.0117531572503,-342.0117531572503
2021-08-22 01:00:00,1432A,SLD,27.0,371.12044691987063,-344.12044691987063
2021-08-22 02:00:00,1432A,SLD,28.0,371.9297044316402,-343.9297044316402
2021-08-22 03:00:00,1432A,SLD,22.0,371.5523306468913,-349.5523306468913
2021-08-22 04:00:00,1432A,SLD,19.0,370.73348481374245,-351.73348481374245
2021-08-22 05:00:00,1432A,SLD,29.0,371.28878389921874,-342.28878389921874
2021-08-22 06:00:00,1432A,SLD,18.0,371.9898700095766,-353.9898700095766
2021-08-22 07:00:00,1432A,SLD,19.0,370.95738507079153,-351.95738507079153
2021-08-22 08:00:00,1432A,SLD,10.0,370.8483168126889,-360.8483168126889
2021-08-22 09:00:00,1432A,SLD,4.0,371.4903301625131,-367.4903301625131
2021-08-22 10:00:00,1432A,SLD,4.0,372.1793830374869,-368.1793830374869
2021-08-22 11:00:00,1432A,SLD,5.0,372.5719253638147,-367.5719253638147
2021-08-22 12:00:00,1432A,SLD,4.0,371.52083095971204,-367.52083095971204
2021-08-22 13:00:00,1432A,SLD,4.0,370.58694404884784,-366.58694404884784
2021-08-22 14:00:00,1432A,SLD,4.0,370.6006851186731,-366.6006851186731
2021-08-22 15:00:00,1432A,SLD,4.0,370.01972419168766,-366.01972419168766
2021-08-22 16:00:00,1432A,SLD,5.0,369.1678652593952,-364.1678652593952
2021-08-22 17:00:00,1432A,SLD,6.0,369.3344137172996,-363.3344137172996
2021-08-22 18:00:00,1432A,SLD,8.0,368.8066540676781,-360.8066540676781
2021-08-22 19:00:00,1432A,SLD,10.0,369.8514024383376,-359.8514024383376
2021-08-22 20:00:00,1432A,SLD,12.0,372.01576565493355,-360.01576565493355
2021-08-22 21:00:00,1432A,SLD,13.0,372.73942368258395,-359.73942368258395
2021-08-22 22:00:00,1432A,SLD,9.0,371.51301898795623,-362.51301898795623
2021-08-22 23:00:00,1432A,SLD,7.0,371.04297365761846,-364.04297365761846
2021-08-23 00:00:00,1432A,SLD,6.0,371.13796321394346,-365.13796321394346
2021-08-23 01:00:00,1432A,SLD,6.0,372.24665697656377,-366.24665697656377
2021-08-23 02:00:00,1432A,SLD,6.0,373.0559144883333,-367.0559144883333
2021-08-23 03:00:00,1432A,SLD,6.0,372.6785407035844,-366.6785407035844
2021-08-23 04:00:00,1432A,SLD,8.0,371.8596948704356,-363.8596948704356
2021-08-23 05:00:00,1432A,SLD,11.0,372.4149939559119,-361.4149939559119
2021-08-23 06:00:00,1432A,SLD,10.0,373.1160800662697,-363.1160800662697
2021-08-23 07:00:00,1432A,SLD,9.0,372.08359512748467,-363.08359512748467
2021-08-23 08:00:00,1432A,SLD,9.0,371.97452686938203,-362.97452686938203
2021-08-23 09:00:00,1432A,SLD,12.0,372.61654021920623,-360.61654021920623
2021-08-23 10:00:00,1432A,SLD,17.0,373.30559309418004,-356.30559309418004
2021-08-23 11:00:00,1432A,SLD,17.0,373.69813542050787,-356.69813542050787
2021-08-23 12:00:00,1432A,SLD,13.0,372.6470410164052,-359.6470410164052
2021-08-23 13:00:00,1432A,SLD,10.0,371.713154105541,-361.713154105541
2021-08-23 14:00:00,1432A,SLD,8.0,371.7268951753662,-363.7268951753662
2021-08-23 15:00:00,1432A,SLD,8.0,371.1459342483808,-363.1459342483808
2021-08-23 16:00:00,1432A,SLD,8.0,370.29407531608837,-362.29407531608837
2021-08-23 17:00:00,1432A,SLD,8.0,370.4606237739927,-362.4606237739927
2021-08-23 18:00:00,1432A,SLD,9.0,369.93286412437124,-360.93286412437124
2021-08-23 19:00:00,1432A,SLD,10.0,370.9776124950307,-360.9776124950307
2021-08-23 20:00:00,1432A,SLD,16.0,373.1419757116267,-357.1419757116267
2021-08-23 21:00:00,1432A,SLD,14.0,373.8656337392771,-359.8656337392771
2021-08-23 22:00:00,1432A,SLD,16.0,372.63922904464937,-356.63922904464937
2021-08-23 23:00:00,1432A,SLD,20.0,372.1691837143116,-352.1691837143116
2021-08-24 00:00:00,1432A,SLD,20.0,372.2641732706366,-352.2641732706366
2021-08-24 01:00:00,1432A,SLD,17.0,373.3728670332569,-356.3728670332569
2021-08-24 02:00:00,1432A,SLD,14.0,374.18212454502645,-360.18212454502645
2021-08-24 03:00:00,1432A,SLD,15.0,373.80475076027756,-358.80475076027756
2021-08-24 04:00:00,1432A,SLD,19.0,372.98590492712873,-353.98590492712873
2021-08-24 05:00:00,1432A,SLD,22.0,373.541204012605,-351.541204012605
2021-08-24 06:00:00,1432A,SLD,,374.24229012296286,
2021-08-24 07:00:00,1432A,SLD,22.0,373.2098051841778,-351.2098051841778
2021-08-24 08:00:00,1432A,SLD,26.0,373.1007369260752,-347.1007369260752
2021-08-24 09:00:00,1432A,SLD,30.0,373.74275027589937,-343.74275027589937
2021-08-24 10:00:00,1432A,SLD,36.0,374.4318031508732,-338.4318031508732
2021-08-24 11:00:00,1432A,SLD,36.0,374.824345477201,-338.824345477201
2021-08-24 12:00:00,1432A,SLD,24.0,373.7732510730983,-349.7732510730983
2021-08-24 13:00:00,1432A,SLD,22.0,372.8393641622341,-350.8393641622341
2021-08-24 14:00:00,1432A,SLD,,372.85310523205936,
2021-08-24 15:00:00,1432A,SLD,21.0,372.27214430507394,-351.27214430507394
2021-08-24 16:00:00,1432A,SLD,19.0,371.4202853727815,-352.4202853727815
2021-08-24 17:00:00,1432A,SLD,16.0,371.58683383068586,-355.58683383068586
2021-08-24 18:00:00,1432A,SLD,16.0,371.0590741810644,-355.0590741810644
2021-08-24 19:00:00,1432A,SLD,20.0,372.10382255172385,-352.10382255172385
2021-08-24 20:00:00,1432A,SLD,22.0,374.2681857683198,-352.2681857683198
2021-08-24 21:00:00,1432A,SLD,22.0,374.9918437959702,-352.9918437959702
2021-08-24 22:00:00,1432A,SLD,30.0,373.7654391013425,-343.7654391013425
2021-08-24 23:00:00,1432A,SLD,33.0,373.29539377100474,-340.29539377100474
2021-08-25 00:00:00,1432A,SLD,34.0,373.39038332732974,-339.39038332732974
2021-08-25 01:00:00,1432A,SLD,36.0,374.49907708995005,-338.49907708995005
2021-08-25 02:00:00,1432A,SLD,37.0,375.3083346017196,-338.3083346017196
2021-08-25 03:00:00,1432A,SLD,43.0,374.9309608169707,-331.9309608169707
2021-08-25 04:00:00,1432A,SLD,44.0,374.11211498382187,-330.11211498382187
2021-08-25 05:00:00,1432A,SLD,46.0,374.66741406929816,-328.66741406929816
2021-08-25 06:00:00,1432A,SLD,59.0,375.368500179656,-316.368500179656
2021-08-25 07:00:00,1432A,SLD,48.0,374.33601524087095,-326.33601524087095
2021-08-25 08:00:00,1432A,SLD,31.0,374.2269469827683,-343.2269469827683
2021-08-25 09:00:00,1432A,SLD,25.0,374.8689603325925,-349.8689603325925
2021-08-25 10:00:00,1432A,SLD,28.0,375.5580132075663,-347.5580132075663
2021-08-25 11:00:00,1432A,SLD,25.0,375.95055553389415,-350.95055553389415
2021-08-25 12:00:00,1432A,SLD,18.0,374.89946112979146,-356.89946112979146
2021-08-25 13:00:00,1432A,SLD,17.0,373.96557421892726,-356.96557421892726
2021-08-25 14:00:00,1432A,SLD,12.0,373.9793152887525,-361.9793152887525
2021-08-25 15:00:00,1432A,SLD,11.0,373.3983543617671,-362.3983543617671
2021-08-25 16:00:00,1432A,SLD,10.0,372.54649542947465,-362.54649542947465
2021-08-25 17:00:00,1432A,SLD,9.0,372.713043887379,-363.713043887379
2021-08-25 18:00:00,1432A,SLD,12.0,372.1852842377575,-360.1852842377575
2021-08-25 19:00:00,1432A,SLD,10.0,373.230032608417,-363.230032608417
2021-08-25 20:00:00,1432A,SLD,11.0,375.39439582501296,-364.39439582501296
2021-08-25 21:00:00,1432A,SLD,13.0,376.11805385266337,-363.11805385266337
2021-08-25 22:00:00,1432A,SLD,12.0,374.89164915803565,-362.89164915803565
2021-08-25 23:00:00,1432A,SLD,13.0,374.4216038276979,-361.4216038276979
2021-08-26 00:00:00,1432A,SLD,,374.5165933840229,
2021-08-26 01:00:00,1432A,SLD,16.0,375.6252871466432,-359.6252871466432
2021-08-26 02:00:00,1432A,SLD,17.0,376.43454465841273,-359.43454465841273
2021-08-26 03:00:00,1432A,SLD,19.0,376.05717087366384,-357.05717087366384
2021-08-26 04:00:00,1432A,SLD,21.0,375.238325040515,-354.238325040515
2021-08-26 05:00:00,1432A,SLD,20.0,375.7936241259913,-355.7936241259913
2021-08-26 06:00:00,1432A,SLD,14.0,376.49471023634914,-362.49471023634914
2021-08-26 07:00:00,1432A,SLD,11.0,375.4622252975641,-364.4622252975641
2021-08-26 08:00:00,1432A,SLD,9.0,375.35315703946145,-366.35315703946145
2021-08-26 09:00:00,1432A,SLD,12.0,375.99517038928565,-363.99517038928565
2021-08-26 10:00:00,1432A,SLD,,376.68422326425946,
2021-08-26 11:00:00,1432A,SLD,14.0,377.0767655905873,-363.0767655905873
2021-08-26 12:00:00,1432A,SLD,16.0,376.0256711864846,-360.0256711864846
2021-08-26 13:00:00,1432A,SLD,,375.0917842756204,
2021-08-26 14:00:00,1432A,SLD,15.0,375.10552534544564,-360.10552534544564
2021-08-26 15:00:00,1432A,SLD,12.0,374.5245644184602,-362.5245644184602
2021-08-26 16:00:00,1432A,SLD,9.0,373.6727054861678,-364.6727054861678
2021-08-26 17:00:00,1432A,SLD,10.0,373.83925394407214,-363.83925394407214
2021-08-26 18:00:00,1432A,SLD,16.0,373.31149429445065,-357.31149429445065
2021-08-26 19:00:00,1432A,SLD,14.0,374.35624266511013,-360.35624266511013
2021-08-26 20:00:00,1432A,SLD,13.0,376.5206058817061,-363.5206058817061
2021-08-26 21:00:00,1432A,SLD,12.0,377.2442639093565,-365.2442639093565
2021-08-26 22:00:00,1432A,SLD,11.0,376.0178592147288,-365.0178592147288
2021-08-26 23:00:00,1432A,SLD,10.0,375.547813884391,-365.547813884391
2021-08-27 00:00:00,1432A,SLD,10.0,375.642803440716,-365.642803440716
2021-08-27 01:00:00,1432A,SLD,10.0,376.7514972033363,-366.7514972033363
2021-08-27 02:00:00,1432A,SLD,10.0,377.5607547151059,-367.5607547151059
2021-08-27 03:00:00,1432A,SLD,13.0,377.183380930357,-364.183380930357
2021-08-27 04:00:00,1432A,SLD,17.0,376.36453509720815,-359.36453509720815
2021-08-27 05:00:00,1432A,SLD,14.0,376.91983418268444,-362.91983418268444
2021-08-27 06:00:00,1432A,SLD,17.0,377.6209202930423,-360.6209202930423
2021-08-27 07:00:00,1432A,SLD,17.0,376.58843535425723,-359.58843535425723
2021-08-27 08:00:00,1432A,SLD,14.0,376.4793670961546,-362.4793670961546
2021-08-27 09:00:00,1432A,SLD,13.0,377.1213804459788,-364.1213804459788
2021-08-27 10:00:00,1432A,SLD,16.0,377.8104333209526,-361.8104333209526
2021-08-27 11:00:00,1432A,SLD,18.0,378.2029756472804,-360.2029756472804
2021-08-27 12:00:00,1432A,SLD,11.0,377.15188124317774,-366.15188124317774
2021-08-27 13:00:00,1432A,SLD,10.0,376.21799433231354,-366.21799433231354
2021-08-27 14:00:00,1432A,SLD,7.0,376.2317354021388,-369.2317354021388
2021-08-27 15:00:00,1432A,SLD,6.0,375.65077447515336,-369.65077447515336
2021-08-27 16:00:00,1432A,SLD,5.0,374.7989155428609,-369.7989155428609
2021-08-27 17:00:00,1432A,SLD,5.0,374.9654640007653,-369.9654640007653
2021-08-27 18:00:00,1432A,SLD,7.0,374.4377043511438,-367.4377043511438
2021-08-27 19:00:00,1432A,SLD,9.0,375.48245272180327,-366.48245272180327
2021-08-27 20:00:00,1432A,SLD,10.0,377.64681593839924,-367.64681593839924
2021-08-27 21:00:00,1432A,SLD,12.0,378.37047396604964,-366.37047396604964
2021-08-27 22:00:00,1432A,SLD,9.0,377.1440692714219,-368.1440692714219
2021-08-27 23:00:00,1432A,SLD,9.0,376.67402394108416,-367.67402394108416
2021-08-28 00:00:00,1432A,SLD,10.0,376.76901349740916,-366.76901349740916
2021-08-28 01:00:00,1432A,SLD,11.0,377.87770726002947,-366.87770726002947
2021-08-28 02:00:00,1432A,SLD,14.0,378.686964771799,-364.686964771799
2021-08-28 03:00:00,1432A,SLD,17.0,378.3095909870501,-361.3095909870501
2021-08-28 04:00:00,1432A,SLD,24.0,377.4907451539013,-353.4907451539013
2021-08-28 05:00:00,1432A,SLD,25.0,378.0460442393776,-353.0460442393776
2021-08-28 06:00:00,1432A,SLD,15.0,378.7471303497354,-363.7471303497354
2021-08-28 07:00:00,1432A,SLD,13.0,377.71464541095037,-364.71464541095037
2021-08-28 08:00:00,1432A,SLD,16.0,377.60557715284773,-361.60557715284773
2021-08-28 09:00:00,1432A,SLD,17.0,378.2475905026719,-361.2475905026719
2021-08-28 10:00:00,1432A,SLD,22.0,378.93664337764574,-356.93664337764574
2021-08-28 11:00:00,1432A,SLD,17.0,379.32918570397356,-362.32918570397356
2021-08-28 12:00:00,1432A,SLD,21.0,378.2780912998709,-357.2780912998709
2021-08-28 13:00:00,1432A,SLD,22.0,377.3442043890067,-355.3442043890067
2021-08-28 14:00:00,1432A,SLD,18.0,377.3579454588319,-359.3579454588319
2021-08-28 15:00:00,1432A,SLD,18.0,376.7769845318465,-358.7769845318465
2021-08-28 16:00:00,1432A,SLD,19.0,375.92512559955406,-356.92512559955406
2021-08-28 17:00:00,1432A,SLD,16.0,376.0916740574584,-360.0916740574584
2021-08-28 18:00:00,1432A,SLD,11.0,375.56391440783693,-364.56391440783693
2021-08-28 19:00:00,1432A,SLD,16.0,376.6086627784964,-360.6086627784964
2021-08-28 20:00:00,1432A,SLD,17.0,378.7730259950924,-361.7730259950924
2021-08-28 21:00:00,1432A,SLD,16.0,379.4966840227428,-363.4966840227428
2021-08-28 22:00:00,1432A,SLD,20.0,378.27027932811507,-358.27027932811507
2021-08-28 23:00:00,1432A,SLD,23.0,377.8002339977773,-354.8002339977773
2021-08-29 00:00:00,1432A,SLD,28.0,377.8952235541023,-349.8952235541023
2021-08-29 01:00:00,1432A,SLD,26.0,379.0039173167226,-353.0039173167226
2021-08-29 02:00:00,1432A,SLD,26.0,379.81317482849215,-353.81317482849215
2021-08-29 03:00:00,1432A,SLD,20.0,379.43580104374325,-359.43580104374325
2021-08-29 04:00:00,1432A,SLD,18.0,378.6169552105944,-360.6169552105944
2021-08-29 05:00:00,1432A,SLD,19.0,379.1722542960707,-360.1722542960707
2021-08-29 06:00:00,1432A,SLD,17.0,379.87334040642855,-362.87334040642855
2021-08-29 07:00:00,1432A,SLD,16.0,378.8408554676435,-362.8408554676435
2021-08-29 08:00:00,1432A,SLD,20.0,378.73178720954087,-358.73178720954087
2021-08-29 09:00:00,1432A,SLD,17.0,379.37380055936507,-362.37380055936507
2021-08-29 10:00:00,1432A,SLD,13.0,380.0628534343389,-367.0628534343389
2021-08-29 11:00:00,1432A,SLD,12.0,380.4553957606667,-368.4553957606667
2021-08-29 12:00:00,1432A,SLD,9.0,379.404301356564,-370.404301356564
2021-08-29 13:00:00,1432A,SLD,10.0,378.4704144456998,-368.4704144456998
2021-08-29 14:00:00,1432A,SLD,12.0,378.48415551552506,-366.48415551552506
2021-08-29 15:00:00,1432A,SLD,5.0,377.90319458853963,-372.90319458853963
2021-08-29 16:00:00,1432A,SLD,4.0,377.0513356562472,-373.0513356562472
2021-08-29 17:00:00,1432A,SLD,4.0,377.21788411415156,-373.21788411415156
2021-08-29 18:00:00,1432A,SLD,3.0,376.6901244645301,-373.6901244645301
2021-08-29 19:00:00,1432A,SLD,4.0,377.73487283518955,-373.73487283518955
2021-08-29 20:00:00,1432A,SLD,5.0,379.8992360517855,-374.8992360517855
2021-08-29 21:00:00,1432A,SLD,5.0,380.6228940794359,-375.6228940794359
2021-08-29 22:00:00,1432A,SLD,6.0,379.3964893848082,-373.3964893848082
2021-08-29 23:00:00,1432A,SLD,7.0,378.92644405447044,-371.92644405447044
2021-08-30 00:00:00,1432A,SLD,16.0,379.02143361079544,-363.02143361079544
2021-08-30 01:00:00,1432A,SLD,12.0,380.13012737341575,-368.13012737341575
2021-08-30 02:00:00,1432A,SLD,10.0,380.9393848851853,-370.9393848851853
2021-08-30 03:00:00,1432A,SLD,14.0,380.5620111004364,-366.5620111004364
2021-08-30 04:00:00,1432A,SLD,19.0,379.74316526728757,-360.74316526728757
2021-08-30 05:00:00,1432A,SLD,22.0,380.29846435276386,-358.29846435276386
2021-08-30 06:00:00,1432A,SLD,21.0,380.9995504631217,-359.9995504631217
2021-08-30 07:00:00,1432A,SLD,24.0,379.96706552433665,-355.96706552433665
2021-08-30 08:00:00,1432A,SLD,26.0,379.857997266234,-353.857997266234
2021-08-30 09:00:00,1432A,SLD,29.0,380.5000106160582,-351.5000106160582
2021-08-30 10:00:00,1432A,SLD,26.0,381.189063491032,-355.189063491032
2021-08-30 11:00:00,1432A,SLD,22.0,381.58160581735984,-359.58160581735984
2021-08-30 12:00:00,1432A,SLD,21.0,380.53051141325716,-359.53051141325716
2021-08-30 13:00:00,1432A,SLD,19.0,379.59662450239296,-360.59662450239296
2021-08-30 14:00:00,1432A,SLD,19.0,379.6103655722182,-360.6103655722182
2021-08-30 15:00:00,1432A,SLD,17.0,379.0294046452328,-362.0294046452328
2021-08-30 16:00:00,1432A,SLD,16.0,378.17754571294034,-362.17754571294034
2021-08-30 17:00:00,1432A,SLD,16.0,378.3440941708447,-362.3440941708447
2021-08-30 18:00:00,1432A,SLD,15.0,377.8163345212232,-362.8163345212232
2021-08-30 19:00:00,1432A,SLD,12.0,378.8610828918827,-366.8610828918827
2021-08-30 20:00:00,1432A,SLD,20.0,381.02544610847866,-361.02544610847866
2021-08-30 21:00:00,1432A,SLD,26.0,381.74910413612906,-355.74910413612906
2021-08-30 22:00:00,1432A,SLD,32.0,380.52269944150135,-348.52269944150135
2021-08-30 23:00:00,1432A,SLD,30.0,380.0526541111636,-350.0526541111636
2021-08-31 00:00:00,1432A,SLD,30.0,380.1476436674886,-350.1476436674886
2021-08-31 01:00:00,1432A,SLD,28.0,381.2563374301089,-353.2563374301089
2021-08-31 02:00:00,1432A,SLD,26.0,382.06559494187843,-356.06559494187843
2021-08-31 03:00:00,1432A,SLD,24.0,381.68822115712953,-357.68822115712953
2021-08-31 04:00:00,1432A,SLD,25.0,380.8693753239807,-355.8693753239807
2021-08-31 05:00:00,1432A,SLD,24.0,381.424674409457,-357.424674409457
2021-08-31 06:00:00,1432A,SLD,27.0,382.12576051981483,-355.12576051981483
2021-08-31 07:00:00,1432A,SLD,28.0,381.0932755810298,-353.0932755810298
2021-08-31 08:00:00,1432A,SLD,28.0,380.98420732292715,-352.98420732292715
2021-08-31 09:00:00,1432A,SLD,26.0,381.62622067275134,-355.62622067275134
2021-08-31 10:00:00,1432A,SLD,,382.31527354772516,
2021-08-31 11:00:00,1432A,SLD,31.0,382.707815874053,-351.707815874053
2021-08-31 12:00:00,1432A,SLD,32.0,381.6567214699503,-349.6567214699503
2021-08-31 13:00:00,1432A,SLD,31.0,380.7228345590861,-349.7228345590861
2021-08-31 14:00:00,1432A,SLD,38.0,380.73657562891134,-342.73657562891134
2021-08-31 15:00:00,1432A,SLD,34.0,380.1556147019259,-346.1556147019259
2021-08-31 16:00:00,1432A,SLD,36.0,379.3037557696335,-343.3037557696335
2021-08-31 17:00:00,1432A,SLD,22.0,379.47030422753784,-357.47030422753784
2021-08-31 18:00:00,1432A,SLD,17.0,378.94254457791635,-361.94254457791635
2021-08-31 19:00:00,1432A,SLD,17.0,379.9872929485758,-362.9872929485758
2021-08-31 20:00:00,1432A,SLD,18.0,382.1516561651718,-364.1516561651718
2021-08-31 21:00:00,1432A,SLD,17.0,382.8753141928222,-365.8753141928222
2021-08-31 22:00:00,1432A,SLD,18.0,381.6489094981945,-363.6489094981945
2021-08-31 23:00:00,1432A,SLD,17.0,381.1788641678567,-364.1788641678567
2021-09-01 00:00:00,1432A,SLD,19.0,381.2738537241817,-362.2738537241817
2021-09-01 01:00:00,1432A,SLD,19.0,382.382547486802,-363.382547486802
2021-09-01 02:00:00,1432A,SLD,18.0,383.19180499857157,-365.19180499857157
2021-09-01 03:00:00,1432A,SLD,19.0,382.8144312138227,-363.8144312138227
2021-09-01 04:00:00,1432A,SLD,23.0,381.99558538067384,-358.99558538067384
2021-09-01 05:00:00,1432A,SLD,23.0,382.55088446615014,-359.55088446615014
2021-09-01 06:00:00,1432A,SLD,21.0,383.251970576508,-362.251970576508
2021-09-01 07:00:00,1432A,SLD,22.0,382.2194856377229,-360.2194856377229
2021-09-01 08:00:00,1432A,SLD,24.0,382.1104173796203,-358.1104173796203
2021-09-01 09:00:00,1432A,SLD,25.0,382.7524307294445,-357.7524307294445
2021-09-01 10:00:00,1432A,SLD,25.0,383.4414836044183,-358.4414836044183
2021-09-01 11:00:00,1432A,SLD,26.0,383.8340259307461,-357.8340259307461
2021-09-01 12:00:00,1432A,SLD,22.0,382.78293152664344,-360.78293152664344
2021-09-01 13:00:00,1432A,SLD,11.0,381.84904461577923,-370.84904461577923
2021-09-01 14:00:00,1432A,SLD,12.0,381.8627856856045,-369.8627856856045
2021-09-01 15:00:00,1432A,SLD,11.0,381.28182475861905,-370.28182475861905
2021-09-01 16:00:00,1432A,SLD,11.0,380.4299658263266,-369.4299658263266
2021-09-01 17:00:00,1432A,SLD,11.0,380.596514284231,-369.596514284231
2021-09-01 18:00:00,1432A,SLD,12.0,380.0687546346095,-368.0687546346095
2021-09-01 19:00:00,1432A,SLD,11.0,381.11350300526897,-370.11350300526897
2021-09-01 20:00:00,1432A,SLD,10.0,383.27786622186494,-373.27786622186494
2021-09-01 21:00:00,1432A,SLD,12.0,384.00152424951534,-372.00152424951534
2021-09-01 22:00:00,1432A,SLD,14.0,382.7751195548876,-368.7751195548876
2021-09-01 23:00:00,1432A,SLD,16.0,382.30507422454986,-366.30507422454986
2021-09-02 00:00:00,1432A,SLD,16.0,382.40006378087486,-366.40006378087486
2021-09-02 01:00:00,1432A,SLD,20.0,383.50875754349516,-363.50875754349516
2021-09-02 02:00:00,1432A,SLD,20.0,384.3180150552647,-364.3180150552647
2021-09-02 03:00:00,1432A,SLD,19.0,383.9406412705158,-364.9406412705158
2021-09-02 04:00:00,1432A,SLD,20.0,383.121795437367,-363.121795437367
2021-09-02 05:00:00,1432A,SLD,21.0,383.6770945228433,-362.6770945228433
2021-09-02 06:00:00,1432A,SLD,23.0,384.3781806332011,-361.3781806332011
2021-09-02 07:00:00,1432A,SLD,28.0,383.34569569441607,-355.34569569441607
2021-09-02 08:00:00,1432A,SLD,27.0,383.2366274363134,-356.2366274363134
2021-09-02 09:00:00,1432A,SLD,28.0,383.8786407861376,-355.8786407861376
2021-09-02 10:00:00,1432A,SLD,32.0,384.56769366111143,-352.56769366111143
2021-09-02 11:00:00,1432A,SLD,32.0,384.96023598743926,-352.96023598743926
2021-09-02 12:00:00,1432A,SLD,30.0,383.9091415833366,-353.9091415833366
2021-09-02 13:00:00,1432A,SLD,21.0,382.9752546724724,-361.9752546724724
2021-09-02 14:00:00,1432A,SLD,12.0,382.9889957422976,-370.9889957422976
2021-09-02 15:00:00,1432A,SLD,8.0,382.4080348153122,-374.4080348153122
2021-09-02 16:00:00,1432A,SLD,7.0,381.55617588301976,-374.55617588301976
2021-09-02 17:00:00,1432A,SLD,9.0,381.7227243409241,-372.7227243409241
2021-09-02 18:00:00,1432A,SLD,10.0,381.19496469130263,-371.19496469130263
2021-09-02 19:00:00,1432A,SLD,12.0,382.2397130619621,-370.2397130619621
2021-09-02 20:00:00,1432A,SLD,15.0,384.4040762785581,-369.4040762785581
2021-09-02 21:00:00,1432A,SLD,13.0,385.1277343062085,-372.1277343062085
2021-09-02 22:00:00,1432A,SLD,13.0,383.90132961158076,-370.90132961158076
2021-09-02 23:00:00,1432A,SLD,14.0,383.431284281243,-369.431284281243
2021-09-03 00:00:00,1432A,SLD,15.0,383.526273837568,-368.526273837568
2021-09-03 01:00:00,1432A,SLD,16.0,384.6349676001883,-368.6349676001883
2021-09-03 02:00:00,1432A,SLD,15.0,385.44422511195785,-370.44422511195785
2021-09-03 03:00:00,1432A,SLD,15.0,385.06685132720895,-370.06685132720895
2021-09-03 04:00:00,1432A,SLD,15.0,384.2480054940601,-369.2480054940601
2021-09-03 05:00:00,1432A,SLD,18.0,384.8033045795364,-366.8033045795364
2021-09-03 06:00:00,1432A,SLD,19.0,385.50439068989425,-366.50439068989425
2021-09-03 07:00:00,1432A,SLD,18.0,384.4719057511092,-366.4719057511092
2021-09-03 08:00:00,1432A,SLD,19.0,384.36283749300657,-365.36283749300657
2021-09-03 09:00:00,1432A,SLD,21.0,385.00485084283076,-364.00485084283076
2021-09-03 10:00:00,1432A,SLD,20.0,385.6939037178046,-365.6939037178046
2021-09-03 11:00:00,1432A,SLD,20.0,386.0864460441324,-366.0864460441324
2021-09-03 12:00:00,1432A,SLD,22.0,385.0353516400297,-363.0353516400297
2021-09-03 13:00:00,1432A,SLD,22.0,384.1014647291655,-362.1014647291655
2021-09-03 14:00:00,1432A,SLD,19.0,384.11520579899076,-365.11520579899076
2021-09-03 15:00:00,1432A,SLD,17.0,383.53424487200533,-366.53424487200533
2021-09-03 16:00:00,1432A,SLD,16.0,382.6823859397129,-366.6823859397129
2021-09-03 17:00:00,1432A,SLD,17.0,382.84893439761726,-365.84893439761726
2021-09-03 18:00:00,1432A,SLD,15.0,382.32117474799577,-367.32117474799577
2021-09-03 19:00:00,1432A,SLD,15.0,383.36592311865525,-368.36592311865525
2021-09-03 20:00:00,1432A,SLD,15.0,385.5302863352512,-370.5302863352512
2021-09-03 21:00:00,1432A,SLD,15.0,386.2539443629016,-371.2539443629016
2021-09-03 22:00:00,1432A,SLD,16.0,385.0275396682739,-369.0275396682739
2021-09-03 23:00:00,1432A,SLD,14.0,384.55749433793613,-370.55749433793613
2021-09-04 00:00:00,1432A,SLD,13.0,384.65248389426114,-371.65248389426114
2021-09-04 01:00:00,1432A,SLD,14.0,385.76117765688144,-371.76117765688144
2021-09-04 02:00:00,1432A,SLD,15.0,386.570435168651,-371.570435168651
2021-09-04 03:00:00,1432A,SLD,6.0,386.1930613839021,-380.1930613839021
2021-09-04 04:00:00,1432A,SLD,3.0,385.37421555075326,-382.37421555075326
2021-09-04 05:00:00,1432A,SLD,4.0,385.92951463622956,-381.92951463622956
2021-09-04 06:00:00,1432A,SLD,4.0,386.6306007465874,-382.6306007465874
2021-09-04 07:00:00,1432A,SLD,4.0,385.59811580780234,-381.59811580780234
2021-09-04 08:00:00,1432A,SLD,4.0,385.4890475496997,-381.4890475496997
2021-09-04 09:00:00,1432A,SLD,5.0,386.1310608995239,-381.1310608995239
2021-09-04 10:00:00,1432A,SLD,8.0,386.8201137744977,-378.8201137744977
2021-09-04 11:00:00,1432A,SLD,10.0,387.21265610082554,-377.21265610082554
2021-09-04 12:00:00,1432A,SLD,10.0,386.16156169672286,-376.16156169672286
2021-09-04 13:00:00,1432A,SLD,11.0,385.22767478585865,-374.22767478585865
2021-09-04 14:00:00,1432A,SLD,14.0,385.2414158556839,-371.2414158556839
2021-09-04 15:00:00,1432A,SLD,15.0,384.66045492869847,-369.66045492869847
2021-09-04 16:00:00,1432A,SLD,15.0,383.80859599640604,-368.80859599640604
2021-09-04 17:00:00,1432A,SLD,13.0,383.9751444543104,-370.9751444543104
2021-09-04 18:00:00,1432A,SLD,13.0,383.4473848046889,-370.4473848046889
2021-09-04 19:00:00,1432A,SLD,14.0,384.4921331753484,-370.4921331753484
2021-09-04 20:00:00,1432A,SLD,13.0,386.65649639194436,-373.65649639194436
2021-09-04 21:00:00,1432A,SLD,11.0,387.38015441959476,-376.38015441959476
2021-09-04 22:00:00,1432A,SLD,11.0,386.15374972496704,-375.15374972496704
2021-09-04 23:00:00,1432A,SLD,12.0,385.6837043946293,-373.6837043946293
2021-09-05 00:00:00,1432A,SLD,13.0,385.7786939509543,-372.7786939509543
2021-09-05 01:00:00,1432A,SLD,13.0,386.8873877135746,-373.8873877135746
2021-09-05 02:00:00,1432A,SLD,10.0,387.6966452253441,-377.6966452253441
2021-09-05 03:00:00,1432A,SLD,10.0,387.31927144059523,-377.31927144059523
2021-09-05 04:00:00,1432A,SLD,11.0,386.5004256074464,-375.5004256074464
2021-09-05 05:00:00,1432A,SLD,13.0,387.0557246929227,-374.0557246929227
2021-09-05 06:00:00,1432A,SLD,13.0,387.75681080328053,-374.75681080328053
2021-09-05 07:00:00,1432A,SLD,12.0,386.7243258644955,-374.7243258644955
2021-09-05 08:00:00,1432A,SLD,9.0,386.61525760639284,-377.61525760639284
2021-09-05 09:00:00,1432A,SLD,8.0,387.25727095621704,-379.25727095621704
2021-09-05 10:00:00,1432A,SLD,8.0,387.94632383119085,-379.94632383119085
2021-09-05 11:00:00,1432A,SLD,8.0,388.3388661575187,-380.3388661575187
2021-09-05 12:00:00,1432A,SLD,10.0,387.287771753416,-377.287771753416
2021-09-05 13:00:00,1432A,SLD,12.0,386.3538848425518,-374.3538848425518
2021-09-05 14:00:00,1432A,SLD,14.0,386.36762591237704,-372.36762591237704
2021-09-05 15:00:00,1432A,SLD,14.0,385.7866649853916,-371.7866649853916
2021-09-05 16:00:00,1432A,SLD,14.0,384.9348060530992,-370.9348060530992
2021-09-05 17:00:00,1432A,SLD,11.0,385.10135451100354,-374.10135451100354
2021-09-05 18:00:00,1432A,SLD,9.0,384.57359486138205,-375.57359486138205
2021-09-05 19:00:00,1432A,SLD,7.0,385.6183432320415,-378.6183432320415
2021-09-05 20:00:00,1432A,SLD,5.0,387.7827064486375,-382.7827064486375
2021-09-05 21:00:00,1432A,SLD,4.0,388.5063644762879,-384.5063644762879
2021-09-05 22:00:00,1432A,SLD,6.0,387.2799597816602,-381.2799597816602
2021-09-05 23:00:00,1432A,SLD,6.0,386.8099144513224,-380.8099144513224
2021-09-06 00:00:00,1432A,SLD,6.0,386.9049040076474,-380.9049040076474
2021-09-06 01:00:00,1432A,SLD,10.0,388.0135977702677,-378.0135977702677
2021-09-06 02:00:00,1432A,SLD,,388.82285528203727,
2021-09-06 03:00:00,1432A,SLD,13.0,388.44548149728837,-375.44548149728837
2021-09-06 04:00:00,1432A,SLD,10.0,387.62663566413954,-377.62663566413954
2021-09-06 05:00:00,1432A,SLD,10.0,388.18193474961583,-378.18193474961583
2021-09-06 06:00:00,1432A,SLD,9.0,388.88302085997367,-379.88302085997367
2021-09-06 07:00:00,1432A,SLD,8.0,387.8505359211886,-379.8505359211886
2021-09-06 08:00:00,1432A,SLD,6.0,387.741467663086,-381.741467663086
2021-09-06 09:00:00,1432A,SLD,8.0,388.3834810129102,-380.3834810129102
2021-09-06 10:00:00,1432A,SLD,10.0,389.072533887884,-379.072533887884
2021-09-06 11:00:00,1432A,SLD,11.0,389.4650762142118,-378.4650762142118
2021-09-06 12:00:00,1432A,SLD,10.0,388.41398181010914,-378.41398181010914
2021-09-06 13:00:00,1432A,SLD,9.0,387.48009489924493,-378.48009489924493
2021-09-06 14:00:00,1432A,SLD,8.0,387.4938359690702,-379.4938359690702
2021-09-06 15:00:00,1432A,SLD,5.0,386.91287504208475,-381.91287504208475
2021-09-06 16:00:00,1432A,SLD,4.0,386.0610161097923,-382.0610161097923
2021-09-06 17:00:00,1432A,SLD,5.0,386.2275645676967,-381.2275645676967
2021-09-06 18:00:00,1432A,SLD,7.0,385.6998049180752,-378.6998049180752
2021-09-06 19:00:00,1432A,SLD,8.0,386.74455328873466,-378.74455328873466
2021-09-06 20:00:00,1432A,SLD,12.0,388.90891650533064,-376.90891650533064
2021-09-06 21:00:00,1432A,SLD,15.0,389.63257453298104,-374.63257453298104
2021-09-06 22:00:00,1432A,SLD,21.0,388.4061698383533,-367.4061698383533
2021-09-06 23:00:00,1432A,SLD,17.0,387.93612450801555,-370.93612450801555
2021-09-07 00:00:00,1432A,SLD,18.0,388.03111406434056,-370.03111406434056
2021-09-07 01:00:00,1432A,SLD,20.0,389.13980782696086,-369.13980782696086
2021-09-07 02:00:00,1432A,SLD,15.0,389.9490653387304,-374.9490653387304
2021-09-07 03:00:00,1432A,SLD,12.0,389.5716915539815,-377.5716915539815
2021-09-07 04:00:00,1432A,SLD,14.0,388.7528457208327,-374.7528457208327
2021-09-07 05:00:00,1432A,SLD,18.0,389.308144806309,-371.308144806309
2021-09-07 06:00:00,1432A,SLD,20.0,390.0092309166668,-370.0092309166668
2021-09-07 07:00:00,1432A,SLD,20.0,388.97674597788176,-368.97674597788176
2021-09-07 08:00:00,1432A,SLD,21.0,388.8676777197791,-367.8676777197791
2021-09-07 09:00:00,1432A,SLD,23.0,389.5096910696033,-366.5096910696033
2021-09-07 10:00:00,1432A,SLD,27.0,390.19874394457713,-363.19874394457713
2021-09-07 11:00:00,1432A,SLD,24.0,390.59128627090496,-366.59128627090496
2021-09-07 12:00:00,1432A,SLD,29.0,389.5401918668023,-360.5401918668023
2021-09-07 13:00:00,1432A,SLD,27.0,388.60630495593807,-361.60630495593807
2021-09-07 14:00:00,1432A,SLD,23.0,388.6200460257633,-365.6200460257633
2021-09-07 15:00:00,1432A,SLD,17.0,388.0390850987779,-371.0390850987779
2021-09-07 16:00:00,1432A,SLD,14.0,387.18722616648546,-373.18722616648546
2021-09-07 17:00:00,1432A,SLD,12.0,387.3537746243898,-375.3537746243898
2021-09-07 18:00:00,1432A,SLD,12.0,386.8260149747683,-374.8260149747683
2021-09-07 19:00:00,1432A,SLD,12.0,387.8707633454278,-375.8707633454278
2021-09-07 20:00:00,1432A,SLD,14.0,390.0351265620238,-376.0351265620238
2021-09-07 21:00:00,1432A,SLD,15.0,390.7587845896742,-375.7587845896742
2021-09-07 22:00:00,1432A,SLD,16.0,389.53237989504646,-373.53237989504646
2021-09-07 23:00:00,1432A,SLD,18.0,389.0623345647087,-371.0623345647087
2021-09-08 00:00:00,1432A,SLD,18.0,389.1573241210337,-371.1573241210337
2021-09-08 01:00:00,1432A,SLD,19.0,390.266017883654,-371.266017883654
2021-09-08 02:00:00,1432A,SLD,20.0,391.07527539542355,-371.07527539542355
2021-09-08 03:00:00,1432A,SLD,19.0,390.69790161067465,-371.69790161067465
2021-09-08 04:00:00,1432A,SLD,22.0,389.8790557775258,-367.8790557775258
2021-09-08 05:00:00,1432A,SLD,35.0,390.4343548630021,-355.4343548630021
2021-09-08 06:00:00,1432A,SLD,20.0,391.13544097335995,-371.13544097335995
2021-09-08 07:00:00,1432A,SLD,20.0,390.1029560345749,-370.1029560345749
2021-09-08 08:00:00,1432A,SLD,21.0,389.99388777647226,-368.99388777647226
2021-09-08 09:00:00,1432A,SLD,26.0,390.63590112629646,-364.63590112629646
2021-09-08 10:00:00,1432A,SLD,30.0,391.32495400127027,-361.32495400127027
2021-09-08 11:00:00,1432A,SLD,36.0,391.7174963275981,-355.7174963275981
2021-09-08 12:00:00,1432A,SLD,37.0,390.6664019234954,-353.6664019234954
2021-09-08 13:00:00,1432A,SLD,38.0,389.7325150126312,-351.7325150126312
2021-09-08 14:00:00,1432A,SLD,35.0,389.74625608245645,-354.74625608245645
2021-09-08 15:00:00,1432A,SLD,22.0,389.16529515547103,-367.16529515547103
2021-09-08 16:00:00,1432A,SLD,16.0,388.3134362231786,-372.3134362231786
2021-09-08 17:00:00,1432A,SLD,17.0,388.47998468108295,-371.47998468108295
2021-09-08 18:00:00,1432A,SLD,19.0,387.95222503146147,-368.95222503146147
2021-09-08 19:00:00,1432A,SLD,17.0,388.99697340212094,-371.99697340212094
2021-09-08 20:00:00,1432A,SLD,19.0,391.1613366187169,-372.1613366187169
2021-09-08 21:00:00,1432A,SLD,19.0,391.8849946463673,-372.8849946463673
2021-09-08 22:00:00,1432A,SLD,20.0,390.6585899517396,-370.6585899517396
2021-09-08 23:00:00,1432A,SLD,23.0,390.18854462140183,-367.18854462140183
2021-09-09 00:00:00,1432A,SLD,26.0,390.28353417772684,-364.28353417772684
2021-09-09 01:00:00,1432A,SLD,31.0,391.39222794034714,-360.39222794034714
2021-09-09 02:00:00,1432A,SLD,33.0,392.2014854521167,-359.2014854521167
2021-09-09 03:00:00,1432A,SLD,36.0,391.8241116673678,-355.8241116673678
2021-09-09 04:00:00,1432A,SLD,44.0,391.00526583421896,-347.00526583421896
2021-09-09 05:00:00,1432A,SLD,40.0,391.56056491969525,-351.56056491969525
2021-09-09 06:00:00,1432A,SLD,33.0,392.2616510300531,-359.2616510300531
2021-09-09 07:00:00,1432A,SLD,34.0,391.22916609126804,-357.22916609126804
2021-09-09 08:00:00,1432A,SLD,37.0,391.1200978331654,-354.1200978331654
2021-09-09 09:00:00,1432A,SLD,40.0,391.7621111829896,-351.7621111829896
2021-09-09 10:00:00,1432A,SLD,38.0,392.4511640579634,-354.4511640579634
2021-09-09 11:00:00,1432A,SLD,28.0,392.84370638429124,-364.84370638429124
2021-09-09 12:00:00,1432A,SLD,21.0,391.79261198018855,-370.79261198018855
2021-09-09 13:00:00,1432A,SLD,16.0,390.85872506932435,-374.85872506932435
2021-09-09 14:00:00,1432A,SLD,17.0,390.8724661391496,-373.8724661391496
2021-09-09 15:00:00,1432A,SLD,12.0,390.29150521216417,-378.29150521216417
2021-09-09 16:00:00,1432A,SLD,11.0,389.43964627987174,-378.43964627987174
2021-09-09 17:00:00,1432A,SLD,16.0,389.6061947377761,-373.6061947377761
2021-09-09 18:00:00,1432A,SLD,20.0,389.0784350881546,-369.0784350881546
2021-09-09 19:00:00,1432A,SLD,18.0,390.1231834588141,-372.1231834588141
2021-09-09 20:00:00,1432A,SLD,16.0,392.28754667541006,-376.28754667541006
2021-09-09 21:00:00,1432A,SLD,18.0,393.01120470306046,-375.01120470306046
2021-09-09 22:00:00,1432A,SLD,19.0,391.78480000843274,-372.78480000843274
2021-09-09 23:00:00,1432A,SLD,19.0,391.31475467809497,-372.31475467809497
2021-09-10 00:00:00,1432A,SLD,17.0,391.40974423442,-374.40974423442
2021-09-10 01:00:00,1432A,SLD,15.0,392.5184379970403,-377.5184379970403
2021-09-10 02:00:00,1432A,SLD,18.0,393.3276955088098,-375.3276955088098
2021-09-10 03:00:00,1432A,SLD,19.0,392.9503217240609,-373.9503217240609
2021-09-10 04:00:00,1432A,SLD,26.0,392.1314758909121,-366.1314758909121
2021-09-10 05:00:00,1432A,SLD,29.0,392.6867749763884,-363.6867749763884
2021-09-10 06:00:00,1432A,SLD,31.0,393.3878610867462,-362.3878610867462
2021-09-10 07:00:00,1432A,SLD,29.0,392.3553761479612,-363.3553761479612
2021-09-10 08:00:00,1432A,SLD,31.0,392.24630788985854,-361.24630788985854
2021-09-10 09:00:00,1432A,SLD,35.0,392.88832123968274,-357.88832123968274
2021-09-10 10:00:00,1432A,SLD,42.0,393.57737411465655,-351.57737411465655
2021-09-10 11:00:00,1432A,SLD,39.0,393.9699164409844,-354.9699164409844
2021-09-10 12:00:00,1432A,SLD,35.0,392.9188220368817,-357.9188220368817
2021-09-10 13:00:00,1432A,SLD,32.0,391.9849351260175,-359.9849351260175
2021-09-10 14:00:00,1432A,SLD,22.0,391.99867619584273,-369.99867619584273
2021-09-10 15:00:00,1432A,SLD,24.0,391.4177152688573,-367.4177152688573
2021-09-10 16:00:00,1432A,SLD,20.0,390.5658563365649,-370.5658563365649
2021-09-10 17:00:00,1432A,SLD,11.0,390.73240479446923,-379.73240479446923
2021-09-10 18:00:00,1432A,SLD,12.0,390.20464514484775,-378.20464514484775
2021-09-10 19:00:00,1432A,SLD,13.0,391.2493935155072,-378.2493935155072
2021-09-10 20:00:00,1432A,SLD,16.0,393.4137567321032,-377.4137567321032
2021-09-10 21:00:00,1432A,SLD,18.0,394.1374147597536,-376.1374147597536
2021-09-10 22:00:00,1432A,SLD,19.0,392.9110100651259,-373.9110100651259
2021-09-10 23:00:00,1432A,SLD,22.0,392.4409647347881,-370.4409647347881
2021-09-11 00:00:00,1432A,SLD,25.0,392.5359542911131,-367.5359542911131
2021-09-11 01:00:00,1432A,SLD,26.0,393.6446480537334,-367.6446480537334
2021-09-11 02:00:00,1432A,SLD,25.0,394.45390556550296,-369.45390556550296
2021-09-11 03:00:00,1432A,SLD,25.0,394.07653178075407,-369.07653178075407
2021-09-11 04:00:00,1432A,SLD,26.0,393.25768594760524,-367.25768594760524
2021-09-11 05:00:00,1432A,SLD,26.0,393.81298503308153,-367.81298503308153
2021-09-11 06:00:00,1432A,SLD,29.0,394.51407114343937,-365.51407114343937
2021-09-11 07:00:00,1432A,SLD,31.0,393.4815862046543,-362.4815862046543
2021-09-11 08:00:00,1432A,SLD,35.0,393.3725179465517,-358.3725179465517
2021-09-11 09:00:00,1432A,SLD,41.0,394.0145312963759,-353.0145312963759
2021-09-11 10:00:00,1432A,SLD,46.0,394.7035841713497,-348.7035841713497
2021-09-11 11:00:00,1432A,SLD,46.0,395.0961264976775,-349.0961264976775
2021-09-11 12:00:00,1432A,SLD,48.0,394.04503209357483,-346.04503209357483
2021-09-11 13:00:00,1432A,SLD,50.0,393.11114518271063,-343.11114518271063
2021-09-11 14:00:00,1432A,SLD,55.0,393.1248862525359,-338.1248862525359
2021-09-11 15:00:00,1432A,SLD,48.0,392.54392532555045,-344.54392532555045
2021-09-11 16:00:00,1432A,SLD,48.0,391.692066393258,-343.692066393258
2021-09-11 17:00:00,1432A,SLD,28.0,391.8586148511624,-363.8586148511624
2021-09-11 18:00:00,1432A,SLD,13.0,391.3308552015409,-378.3308552015409
2021-09-11 19:00:00,1432A,SLD,16.0,392.37560357220036,-376.37560357220036
2021-09-11 20:00:00,1432A,SLD,20.0,394.53996678879633,-374.53996678879633
2021-09-11 21:00:00,1432A,SLD,24.0,395.26362481644674,-371.26362481644674
2021-09-11 22:00:00,1432A,SLD,29.0,394.037220121819,-365.037220121819
2021-09-11 23:00:00,1432A,SLD,30.0,393.56717479148125,-363.56717479148125
2021-09-12 00:00:00,1432A,SLD,36.0,393.66216434780625,-357.66216434780625
2021-09-12 01:00:00,1432A,SLD,57.0,394.77085811042656,-337.77085811042656
2021-09-12 02:00:00,1432A,SLD,50.0,395.5801156221961,-345.5801156221961
2021-09-12 03:00:00,1432A,SLD,45.0,395.2027418374472,-350.2027418374472
2021-09-12 04:00:00,1432A,SLD,45.0,394.3838960042984,-349.3838960042984
2021-09-12 05:00:00,1432A,SLD,46.0,394.93919508977467,-348.93919508977467
2021-09-12 06:00:00,1432A,SLD,50.0,395.6402812001325,-345.6402812001325
2021-09-12 07:00:00,1432A,SLD,53.0,394.60779626134746,-341.60779626134746
2021-09-12 08:00:00,1432A,SLD,60.0,394.4987280032448,-334.4987280032448
2021-09-12 09:00:00,1432A,SLD,62.0,395.140741353069,-333.140741353069
2021-09-12 10:00:00,1432A,SLD,71.0,395.82979422804283,-324.82979422804283
2021-09-12 11:00:00,1432A,SLD,56.0,396.22233655437066,-340.22233655437066
2021-09-12 12:00:00,1432A,SLD,40.0,395.171242150268,-355.171242150268
2021-09-12 13:00:00,1432A,SLD,28.0,394.23735523940377,-366.23735523940377
2021-09-12 14:00:00,1432A,SLD,22.0,394.251096309229,-372.251096309229
2021-09-12 15:00:00,1432A,SLD,18.0,393.6701353822436,-375.6701353822436
2021-09-12 16:00:00,1432A,SLD,13.0,392.81827644995116,-379.81827644995116
2021-09-12 17:00:00,1432A,SLD,13.0,392.9848249078555,-379.9848249078555
2021-09-12 18:00:00,1432A,SLD,20.0,392.457065258234,-372.457065258234
2021-09-12 19:00:00,1432A,SLD,20.0,393.5018136288935,-373.5018136288935
2021-09-12 20:00:00,1432A,SLD,23.0,395.6661768454895,-372.6661768454895
2021-09-12 21:00:00,1432A,SLD,15.0,396.3898348731399,-381.3898348731399
2021-09-12 22:00:00,1432A,SLD,23.0,395.16343017851216,-372.16343017851216
2021-09-12 23:00:00,1432A,SLD,16.0,394.6933848481744,-378.6933848481744
2021-09-13 00:00:00,1432A,SLD,16.0,394.7883744044994,-378.7883744044994
2021-09-13 01:00:00,1432A,SLD,23.0,395.8970681671197,-372.8970681671197
2021-09-13 02:00:00,1432A,SLD,22.0,396.70632567888924,-374.70632567888924
2021-09-13 03:00:00,1432A,SLD,19.0,396.32895189414035,-377.32895189414035
2021-09-13 04:00:00,1432A,SLD,19.0,395.5101060609915,-376.5101060609915
2021-09-13 05:00:00,1432A,SLD,18.0,396.0654051464678,-378.0654051464678
2021-09-13 06:00:00,1432A,SLD,19.0,396.76649125682565,-377.76649125682565
2021-09-13 07:00:00,1432A,SLD,20.0,395.7340063180406,-375.7340063180406
2021-09-13 08:00:00,1432A,SLD,21.0,395.62493805993796,-374.62493805993796
2021-09-13 09:00:00,1432A,SLD,21.0,396.26695140976216,-375.26695140976216
2021-09-13 10:00:00,1432A,SLD,24.0,396.95600428473597,-372.95600428473597
2021-09-13 11:00:00,1432A,SLD,26.0,397.3485466110638,-371.3485466110638
2021-09-13 12:00:00,1432A,SLD,25.0,396.2974522069611,-371.2974522069611
2021-09-13 13:00:00,1432A,SLD,24.0,395.3635652960969,-371.3635652960969
2021-09-13 14:00:00,1432A,SLD,25.0,395.37730636592215,-370.37730636592215
2021-09-13 15:00:00,1432A,SLD,19.0,394.7963454389367,-375.7963454389367
2021-09-13 16:00:00,1432A,SLD,17.0,393.9444865066443,-376.9444865066443
2021-09-13 17:00:00,1432A,SLD,22.0,394.11103496454865,-372.11103496454865
2021-09-13 18:00:00,1432A,SLD,22.0,393.58327531492716,-371.58327531492716
2021-09-13 19:00:00,1432A,SLD,20.0,394.62802368558664,-374.62802368558664
2021-09-13 20:00:00,1432A,SLD,23.0,396.7923869021826,-373.7923869021826
2021-09-13 21:00:00,1432A,SLD,22.0,397.516044929833,-375.516044929833
2021-09-13 22:00:00,1432A,SLD,24.0,396.2896402352053,-372.2896402352053
2021-09-13 23:00:00,1432A,SLD,22.0,395.81959490486753,-373.81959490486753
2021-09-14 00:00:00,1432A,SLD,22.0,395.91458446119253,-373.91458446119253
2021-09-14 01:00:00,1432A,SLD,24.0,397.02327822381284,-373.02327822381284
2021-09-14 02:00:00,1432A,SLD,26.0,397.8325357355824,-371.8325357355824
2021-09-14 03:00:00,1432A,SLD,26.0,397.4551619508335,-371.4551619508335
2021-09-14 04:00:00,1432A,SLD,24.0,396.63631611768466,-372.63631611768466
2021-09-14 05:00:00,1432A,SLD,12.0,397.19161520316095,-385.19161520316095
2021-09-14 06:00:00,1432A,SLD,9.0,397.8927013135188,-388.8927013135188
2021-09-14 07:00:00,1432A,SLD,13.0,396.86021637473374,-383.86021637473374
2021-09-14 08:00:00,1432A,SLD,13.0,396.7511481166311,-383.7511481166311
2021-09-14 09:00:00,1432A,SLD,11.0,397.3931614664553,-386.3931614664553
2021-09-14 10:00:00,1432A,SLD,13.0,398.0822143414291,-385.0822143414291
2021-09-14 11:00:00,1432A,SLD,12.0,398.47475666775694,-386.47475666775694
2021-09-14 12:00:00,1432A,SLD,13.0,397.42366226365425,-384.42366226365425
2021-09-14 13:00:00,1432A,SLD,14.0,396.48977535279005,-382.48977535279005
2021-09-14 14:00:00,1432A,SLD,16.0,396.5035164226153,-380.5035164226153
2021-09-14 15:00:00,1432A,SLD,15.0,395.92255549562987,-380.92255549562987
2021-09-14 16:00:00,1432A,SLD,13.0,395.07069656333744,-382.07069656333744
2021-09-14 17:00:00,1432A,SLD,17.0,395.2372450212418,-378.2372450212418
2021-09-14 18:00:00,1432A,SLD,20.0,394.7094853716203,-374.7094853716203
2021-09-14 19:00:00,1432A,SLD,19.0,395.7542337422798,-376.7542337422798
2021-09-14 20:00:00,1432A,SLD,21.0,397.91859695887575,-376.91859695887575
2021-09-14 21:00:00,1432A,SLD,23.0,398.64225498652615,-375.64225498652615
2021-09-14 22:00:00,1432A,SLD,24.0,397.41585029189844,-373.41585029189844
2021-09-14 23:00:00,1432A,SLD,24.0,396.94580496156067,-372.94580496156067
2021-09-15 00:00:00,1432A,SLD,22.0,397.0407945178857,-375.0407945178857
2021-09-15 01:00:00,1432A,SLD,22.0,398.149488280506,-376.149488280506
2021-09-15 02:00:00,1432A,SLD,23.0,398.9587457922755,-375.9587457922755
2021-09-15 03:00:00,1432A,SLD,26.0,398.5813720075266,-372.5813720075266
2021-09-15 04:00:00,1432A,SLD,20.0,397.7625261743778,-377.7625261743778
2021-09-15 05:00:00,1432A,SLD,12.0,398.3178252598541,-386.3178252598541
2021-09-15 06:00:00,1432A,SLD,11.0,399.0189113702119,-388.0189113702119
2021-09-15 07:00:00,1432A,SLD,12.0,397.9864264314269,-385.9864264314269
2021-09-15 08:00:00,1432A,SLD,12.0,397.87735817332424,-385.87735817332424
2021-09-15 09:00:00,1432A,SLD,19.0,398.51937152314844,-379.51937152314844
2021-09-15 10:00:00,1432A,SLD,12.0,399.20842439812225,-387.20842439812225
2021-09-15 11:00:00,1432A,SLD,12.0,399.6009667244501,-387.6009667244501
2021-09-15 12:00:00,1432A,SLD,13.0,398.5498723203474,-385.5498723203474
2021-09-15 13:00:00,1432A,SLD,17.0,397.6159854094832,-380.6159854094832
2021-09-15 14:00:00,1432A,SLD,19.0,397.62972647930843,-378.62972647930843
2021-09-15 15:00:00,1432A,SLD,20.0,397.048765552323,-377.048765552323
2021-09-15 16:00:00,1432A,SLD,24.0,396.1969066200306,-372.1969066200306
2021-09-15 17:00:00,1432A,SLD,25.0,396.36345507793493,-371.36345507793493
2021-09-15 18:00:00,1432A,SLD,25.0,395.83569542831344,-370.83569542831344
2021-09-15 19:00:00,1432A,SLD,25.0,396.8804437989729,-371.8804437989729
2021-09-15 20:00:00,1432A,SLD,24.0,399.0448070155689,-375.0448070155689
2021-09-15 21:00:00,1432A,SLD,20.0,399.7684650432193,-379.7684650432193
2021-09-15 22:00:00,1432A,SLD,21.0,398.5420603485916,-377.5420603485916
2021-09-15 23:00:00,1432A,SLD,11.0,398.0720150182538,-387.0720150182538
2021-09-16 00:00:00,1432A,SLD,3.0,398.1670045745788,-395.1670045745788
2021-09-16 01:00:00,1432A,SLD,1.0,399.2756983371991,-398.2756983371991
2021-09-16 02:00:00,1432A,SLD,1.0,400.08495584896866,-399.08495584896866
2021-09-16 03:00:00,1432A,SLD,1.0,399.70758206421976,-398.70758206421976
2021-09-16 04:00:00,1432A,SLD,1.0,398.88873623107094,-397.88873623107094
2021-09-16 05:00:00,1432A,SLD,2.0,399.44403531654723,-397.44403531654723
2021-09-16 06:00:00,1432A,SLD,2.0,400.14512142690506,-398.14512142690506
2021-09-16 07:00:00,1432A,SLD,2.0,399.11263648812,-397.11263648812
2021-09-16 08:00:00,1432A,SLD,3.0,399.0035682300174,-396.0035682300174
2021-09-16 09:00:00,1432A,SLD,6.0,399.6455815798416,-393.6455815798416
2021-09-16 10:00:00,1432A,SLD,6.0,400.3346344548154,-394.3346344548154
2021-09-16 11:00:00,1432A,SLD,5.0,400.7271767811432,-395.7271767811432
2021-09-16 12:00:00,1432A,SLD,5.0,399.67608237704053,-394.67608237704053
2021-09-16 13:00:00,1432A,SLD,5.0,398.7421954661763,-393.7421954661763
2021-09-16 14:00:00,1432A,SLD,5.0,398.75593653600157,-393.75593653600157
2021-09-16 15:00:00,1432A,SLD,5.0,398.17497560901614,-393.17497560901614
2021-09-16 16:00:00,1432A,SLD,6.0,397.3231166767237,-391.3231166767237
2021-09-16 17:00:00,1432A,SLD,6.0,397.48966513462807,-391.48966513462807
2021-09-16 18:00:00,1432A,SLD,7.0,396.9619054850066,-389.9619054850066
2021-09-16 19:00:00,1432A,SLD,8.0,398.00665385566606,-390.00665385566606
2021-09-16 20:00:00,1432A,SLD,6.0,400.17101707226203,-394.17101707226203
2021-09-16 21:00:00,1432A,SLD,7.0,400.89467509991243,-393.89467509991243
2021-09-16 22:00:00,1432A,SLD,8.0,399.6682704052847,-391.6682704052847
2021-09-16 23:00:00,1432A,SLD,8.0,399.19822507494695,-391.19822507494695
2021-09-17 00:00:00,1432A,SLD,7.0,399.29321463127195,-392.29321463127195
2021-09-17 01:00:00,1432A,SLD,10.0,400.40190839389226,-390.40190839389226
2021-09-17 02:00:00,1432A,SLD,10.0,401.2111659056618,-391.2111659056618
2021-09-17 03:00:00,1432A,SLD,12.0,400.8337921209129,-388.8337921209129
2021-09-17 04:00:00,1432A,SLD,13.0,400.0149462877641,-387.0149462877641
2021-09-17 05:00:00,1432A,SLD,14.0,400.57024537324037,-386.57024537324037
2021-09-17 06:00:00,1432A,SLD,15.0,401.2713314835982,-386.2713314835982
2021-09-17 07:00:00,1432A,SLD,19.0,400.23884654481316,-381.23884654481316
2021-09-17 08:00:00,1432A,SLD,18.0,400.1297782867105,-382.1297782867105
2021-09-17 09:00:00,1432A,SLD,21.0,400.7717916365347,-379.7717916365347
2021-09-17 10:00:00,1432A,SLD,28.0,401.4608445115085,-373.4608445115085
2021-09-17 11:00:00,1432A,SLD,33.0,401.85338683783635,-368.85338683783635
2021-09-17 12:00:00,1432A,SLD,33.0,400.80229243373367,-367.80229243373367
2021-09-17 13:00:00,1432A,SLD,24.0,399.86840552286947,-375.86840552286947
2021-09-17 14:00:00,1432A,SLD,16.0,399.8821465926947,-383.8821465926947
2021-09-17 15:00:00,1432A,SLD,24.0,399.3011856657093,-375.3011856657093
2021-09-17 16:00:00,1432A,SLD,26.0,398.44932673341685,-372.44932673341685
2021-09-17 17:00:00,1432A,SLD,26.0,398.6158751913212,-372.6158751913212
2021-09-17 18:00:00,1432A,SLD,12.0,398.0881155416997,-386.0881155416997
2021-09-17 19:00:00,1432A,SLD,6.0,399.1328639123592,-393.1328639123592
2021-09-17 20:00:00,1432A,SLD,5.0,401.29722712895517,-396.29722712895517
2021-09-17 21:00:00,1432A,SLD,6.0,402.0208851566056,-396.0208851566056
2021-09-17 22:00:00,1432A,SLD,7.0,400.79448046197786,-393.79448046197786
2021-09-17 23:00:00,1432A,SLD,8.0,400.3244351316401,-392.3244351316401
2021-09-18 00:00:00,1432A,SLD,9.0,400.4194246879651,-391.4194246879651
2021-09-18 01:00:00,1432A,SLD,9.0,401.5281184505854,-392.5281184505854
2021-09-18 02:00:00,1432A,SLD,10.0,402.33737596235494,-392.33737596235494
2021-09-18 03:00:00,1432A,SLD,6.0,401.96000217760604,-395.96000217760604
2021-09-18 04:00:00,1432A,SLD,6.0,401.1411563444572,-395.1411563444572
2021-09-18 05:00:00,1432A,SLD,8.0,401.6964554299335,-393.6964554299335
2021-09-18 06:00:00,1432A,SLD,8.0,402.39754154029134,-394.39754154029134
2021-09-18 07:00:00,1432A,SLD,9.0,401.3650566015063,-392.3650566015063
2021-09-18 08:00:00,1432A,SLD,10.0,401.25598834340366,-391.25598834340366
2021-09-18 09:00:00,1432A,SLD,16.0,401.89800169322785,-385.89800169322785
2021-09-18 10:00:00,1432A,SLD,15.0,402.58705456820167,-387.58705456820167
2021-09-18 11:00:00,1432A,SLD,15.0,402.9795968945295,-387.9795968945295
2021-09-18 12:00:00,1432A,SLD,13.0,401.9285024904268,-388.9285024904268
2021-09-18 13:00:00,1432A,SLD,6.0,400.9946155795626,-394.9946155795626
2021-09-18 14:00:00,1432A,SLD,2.0,401.00835664938785,-399.00835664938785
2021-09-18 15:00:00,1432A,SLD,3.0,400.4273957224024,-397.4273957224024
2021-09-18 16:00:00,1432A,SLD,4.0,399.57553679011,-395.57553679011
2021-09-18 17:00:00,1432A,SLD,5.0,399.74208524801435,-394.74208524801435
2021-09-18 18:00:00,1432A,SLD,6.0,399.21432559839286,-393.21432559839286
2021-09-18 19:00:00,1432A,SLD,6.0,400.25907396905234,-394.25907396905234
2021-09-18 20:00:00,1432A,SLD,10.0,402.4234371856483,-392.4234371856483
2021-09-18 21:00:00,1432A,SLD,13.0,403.1470952132987,-390.1470952132987
2021-09-18 22:00:00,1432A,SLD,15.0,401.920690518671,-386.920690518671
2021-09-18 23:00:00,1432A,SLD,7.0,401.4506451883332,-394.4506451883332
2021-09-19 00:00:00,1432A,SLD,4.0,401.54563474465823,-397.54563474465823
2021-09-19 01:00:00,1432A,SLD,4.0,402.65432850727854,-398.65432850727854
2021-09-19 02:00:00,1432A,SLD,3.0,403.4635860190481,-400.4635860190481
2021-09-19 03:00:00,1432A,SLD,5.0,403.0862122342992,-398.0862122342992
2021-09-19 04:00:00,1432A,SLD,4.0,402.26736640115035,-398.26736640115035
2021-09-19 05:00:00,1432A,SLD,4.0,402.82266548662665,-398.82266548662665
2021-09-19 06:00:00,1432A,SLD,5.0,403.5237515969845,-398.5237515969845
2021-09-19 07:00:00,1432A,SLD,5.0,402.49126665819944,-397.49126665819944
2021-09-19 08:00:00,1432A,SLD,3.0,402.3821984000968,-399.3821984000968
2021-09-19 09:00:00,1432A,SLD,3.0,403.024211749921,-400.024211749921
2021-09-19 10:00:00,1432A,SLD,4.0,403.7132646248948,-399.7132646248948
2021-09-19 11:00:00,1432A,SLD,4.0,404.10580695122263,-400.10580695122263
2021-09-19 12:00:00,1432A,SLD,5.0,403.05471254711995,-398.05471254711995
2021-09-19 13:00:00,1432A,SLD,4.0,402.12082563625574,-398.12082563625574
2021-09-19 14:00:00,1432A,SLD,4.0,402.134566706081,-398.134566706081
2021-09-19 15:00:00,1432A,SLD,3.0,401.55360577909556,-398.55360577909556
2021-09-19 16:00:00,1432A,SLD,4.0,400.70174684680313,-396.70174684680313
2021-09-19 17:00:00,1432A,SLD,4.0,400.8682953047075,-396.8682953047075
2021-09-19 18:00:00,1432A,SLD,4.0,400.340535655086,-396.340535655086
2021-09-19 19:00:00,1432A,SLD,4.0,401.3852840257455,-397.3852840257455
2021-09-19 20:00:00,1432A,SLD,6.0,403.54964724234145,-397.54964724234145
2021-09-19 21:00:00,1432A,SLD,10.0,404.27330526999185,-394.27330526999185
2021-09-19 22:00:00,1432A,SLD,15.0,403.04690057536413,-388.04690057536413
2021-09-19 23:00:00,1432A,SLD,14.0,402.57685524502637,-388.57685524502637
2021-09-20 00:00:00,1432A,SLD,12.0,402.67184480135137,-390.67184480135137
2021-09-20 01:00:00,1432A,SLD,16.0,403.7805385639717,-387.7805385639717
2021-09-20 02:00:00,1432A,SLD,17.0,404.5897960757412,-387.5897960757412
2021-09-20 03:00:00,1432A,SLD,26.0,404.2124222909923,-378.2124222909923
2021-09-20 04:00:00,1432A,SLD,26.0,403.3935764578435,-377.3935764578435
2021-09-20 05:00:00,1432A,SLD,28.0,403.9488755433198,-375.9488755433198
2021-09-20 06:00:00,1432A,SLD,20.0,404.6499616536776,-384.6499616536776
2021-09-20 07:00:00,1432A,SLD,21.0,403.6174767148926,-382.6174767148926
2021-09-20 08:00:00,1432A,SLD,27.0,403.50840845678994,-376.50840845678994
2021-09-20 09:00:00,1432A,SLD,42.0,404.15042180661413,-362.15042180661413
2021-09-20 10:00:00,1432A,SLD,36.0,404.83947468158794,-368.83947468158794
2021-09-20 11:00:00,1432A,SLD,25.0,405.2320170079158,-380.2320170079158
2021-09-20 12:00:00,1432A,SLD,15.0,404.1809226038131,-389.1809226038131
2021-09-20 13:00:00,1432A,SLD,10.0,403.2470356929489,-393.2470356929489
2021-09-20 14:00:00,1432A,SLD,8.0,403.2607767627741,-395.2607767627741
2021-09-20 15:00:00,1432A,SLD,9.0,402.6798158357887,-393.6798158357887
2021-09-20 16:00:00,1432A,SLD,8.0,401.8279569034963,-393.8279569034963
2021-09-20 17:00:00,1432A,SLD,7.0,401.9945053614006,-394.9945053614006
2021-09-20 18:00:00,1432A,SLD,9.0,401.46674571177914,-392.46674571177914
2021-09-20 19:00:00,1432A,SLD,11.0,402.5114940824386,-391.5114940824386
2021-09-20 20:00:00,1432A,SLD,13.0,404.6758572990346,-391.6758572990346
2021-09-20 21:00:00,1432A,SLD,22.0,405.399515326685,-383.399515326685
2021-09-20 22:00:00,1432A,SLD,18.0,404.1731106320573,-386.1731106320573
2021-09-20 23:00:00,1432A,SLD,17.0,403.7030653017195,-386.7030653017195
2021-09-21 00:00:00,1432A,SLD,15.0,403.7980548580445,-388.7980548580445
2021-09-21 01:00:00,1432A,SLD,14.0,404.9067486206648,-390.9067486206648
2021-09-21 02:00:00,1432A,SLD,16.0,405.71600613243436,-389.71600613243436
2021-09-21 03:00:00,1432A,SLD,16.0,405.33863234768546,-389.33863234768546
2021-09-21 04:00:00,1432A,SLD,19.0,404.51978651453663,-385.51978651453663
2021-09-21 05:00:00,1432A,SLD,30.0,405.0750856000129,-375.0750856000129
2021-09-21 06:00:00,1432A,SLD,45.0,405.77617171037076,-360.77617171037076
2021-09-21 07:00:00,1432A,SLD,30.0,404.7436867715857,-374.7436867715857
2021-09-21 08:00:00,1432A,SLD,33.0,404.6346185134831,-371.6346185134831
2021-09-21 09:00:00,1432A,SLD,40.0,405.2766318633073,-365.2766318633073
2021-09-21 10:00:00,1432A,SLD,38.0,405.9656847382811,-367.9656847382811
2021-09-21 11:00:00,1432A,SLD,40.0,406.3582270646089,-366.3582270646089
2021-09-21 12:00:00,1432A,SLD,30.0,405.3071326605062,-375.3071326605062
2021-09-21 13:00:00,1432A,SLD,18.0,404.373245749642,-386.373245749642
2021-09-21 14:00:00,1432A,SLD,16.0,404.38698681946727,-388.38698681946727
2021-09-21 15:00:00,1432A,SLD,14.0,403.80602589248184,-389.80602589248184
2021-09-21 16:00:00,1432A,SLD,13.0,402.9541669601894,-389.9541669601894
2021-09-21 17:00:00,1432A,SLD,12.0,403.12071541809377,-391.12071541809377
2021-09-21 18:00:00,1432A,SLD,12.0,402.5929557684723,-390.5929557684723
2021-09-21 19:00:00,1432A,SLD,12.0,403.63770413913176,-391.63770413913176
2021-09-21 20:00:00,1432A,SLD,16.0,405.80206735572773,-389.80206735572773
2021-09-21 21:00:00,1432A,SLD,18.0,406.52572538337813,-388.52572538337813
2021-09-21 22:00:00,1432A,SLD,25.0,405.2993206887504,-380.2993206887504
2021-09-21 23:00:00,1432A,SLD,25.0,404.82927535841264,-379.82927535841264
2021-09-22 00:00:00,1432A,SLD,28.0,404.92426491473765,-376.92426491473765
2021-09-22 01:00:00,1432A,SLD,36.0,406.03295867735795,-370.03295867735795
2021-09-22 02:00:00,1432A,SLD,39.0,406.8422161891275,-367.8422161891275
2021-09-22 03:00:00,1432A,SLD,41.0,406.4648424043786,-365.4648424043786
2021-09-22 04:00:00,1432A,SLD,61.0,405.6459965712298,-344.6459965712298
2021-09-22 05:00:00,1432A,SLD,68.0,406.20129565670607,-338.20129565670607
2021-09-22 06:00:00,1432A,SLD,62.0,406.9023817670639,-344.9023817670639
2021-09-22 07:00:00,1432A,SLD,55.0,405.86989682827885,-350.86989682827885
2021-09-22 08:00:00,1432A,SLD,66.0,405.7608285701762,-339.7608285701762
2021-09-22 09:00:00,1432A,SLD,64.0,406.4028419200004,-342.4028419200004
2021-09-22 10:00:00,1432A,SLD,60.0,407.0918947949742,-347.0918947949742
2021-09-22 11:00:00,1432A,SLD,34.0,407.48443712130205,-373.48443712130205
2021-09-22 12:00:00,1432A,SLD,25.0,406.43334271719937,-381.43334271719937
2021-09-22 13:00:00,1432A,SLD,20.0,405.49945580633516,-385.49945580633516
2021-09-22 14:00:00,1432A,SLD,20.0,405.5131968761604,-385.5131968761604
2021-09-22 15:00:00,1432A,SLD,21.0,404.932235949175,-383.932235949175
2021-09-22 16:00:00,1432A,SLD,23.0,404.08037701688255,-381.08037701688255
2021-09-22 17:00:00,1432A,SLD,24.0,404.2469254747869,-380.2469254747869
2021-09-22 18:00:00,1432A,SLD,25.0,403.7191658251654,-378.7191658251654
2021-09-22 19:00:00,1432A,SLD,28.0,404.7639141958249,-376.7639141958249
2021-09-22 20:00:00,1432A,SLD,30.0,406.92827741242087,-376.92827741242087
2021-09-22 21:00:00,1432A,SLD,27.0,407.65193544007127,-380.65193544007127
2021-09-22 22:00:00,1432A,SLD,24.0,406.42553074544355,-382.42553074544355
2021-09-22 23:00:00,1432A,SLD,25.0,405.9554854151058,-380.9554854151058
2021-09-23 00:00:00,1432A,SLD,26.0,406.0504749714308,-380.0504749714308
2021-09-23 01:00:00,1432A,SLD,23.0,407.1591687340511,-384.1591687340511
2021-09-23 02:00:00,1432A,SLD,25.0,407.96842624582064,-382.96842624582064
2021-09-23 03:00:00,1432A,SLD,28.0,407.59105246107174,-379.59105246107174
2021-09-23 04:00:00,1432A,SLD,29.0,406.7722066279229,-377.7722066279229
2021-09-23 05:00:00,1432A,SLD,29.0,407.3275057133992,-378.3275057133992
2021-09-23 06:00:00,1432A,SLD,28.0,408.02859182375704,-380.02859182375704
2021-09-23 07:00:00,1432A,SLD,51.0,406.996106884972,-355.996106884972
2021-09-23 08:00:00,1432A,SLD,28.0,406.88703862686936,-378.88703862686936
2021-09-23 09:00:00,1432A,SLD,16.0,407.52905197669355,-391.52905197669355
2021-09-23 10:00:00,1432A,SLD,18.0,408.21810485166736,-390.21810485166736
2021-09-23 11:00:00,1432A,SLD,21.0,408.6106471779952,-387.6106471779952
2021-09-23 12:00:00,1432A,SLD,29.0,407.5595527738925,-378.5595527738925
2021-09-23 13:00:00,1432A,SLD,26.0,406.6256658630283,-380.6256658630283
2021-09-23 14:00:00,1432A,SLD,27.0,406.63940693285355,-379.63940693285355
2021-09-23 15:00:00,1432A,SLD,32.0,406.0584460058681,-374.0584460058681
2021-09-23 16:00:00,1432A,SLD,33.0,405.2065870735757,-372.2065870735757
2021-09-23 17:00:00,1432A,SLD,30.0,405.37313553148005,-375.37313553148005
2021-09-23 18:00:00,1432A,SLD,27.0,404.84537588185856,-377.84537588185856
2021-09-23 19:00:00,1432A,SLD,24.0,405.89012425251804,-381.89012425251804
2021-09-23 20:00:00,1432A,SLD,29.0,408.054487469114,-379.054487469114
2021-09-23 21:00:00,1432A,SLD,32.0,408.7781454967644,-376.7781454967644
2021-09-23 22:00:00,1432A,SLD,29.0,407.5517408021367,-378.5517408021367
2021-09-23 23:00:00,1432A,SLD,28.0,407.0816954717989,-379.0816954717989
2021-09-24 00:00:00,1432A,SLD,25.0,407.1766850281239,-382.1766850281239
2021-09-24 01:00:00,1432A,SLD,26.0,408.28537879074423,-382.28537879074423
2021-09-24 02:00:00,1432A,SLD,27.0,409.0946363025138,-382.0946363025138
2021-09-24 03:00:00,1432A,SLD,20.0,408.7172625177649,-388.7172625177649
2021-09-24 04:00:00,1432A,SLD,18.0,407.89841668461605,-389.89841668461605
2021-09-24 05:00:00,1432A,SLD,16.0,408.45371577009234,-392.45371577009234
2021-09-24 06:00:00,1432A,SLD,17.0,409.1548018804502,-392.1548018804502
2021-09-24 07:00:00,1432A,SLD,18.0,408.12231694166513,-390.12231694166513
2021-09-24 08:00:00,1432A,SLD,18.0,408.0132486835625,-390.0132486835625
2021-09-24 09:00:00,1432A,SLD,21.0,408.6552620333867,-387.6552620333867
2021-09-24 10:00:00,1432A,SLD,20.0,409.3443149083605,-389.3443149083605
2021-09-24 11:00:00,1432A,SLD,21.0,409.73685723468833,-388.73685723468833
2021-09-24 12:00:00,1432A,SLD,21.0,408.68576283058565,-387.68576283058565
2021-09-24 13:00:00,1432A,SLD,30.0,407.75187591972144,-377.75187591972144
2021-09-24 14:00:00,1432A,SLD,26.0,407.7656169895467,-381.7656169895467
2021-09-24 15:00:00,1432A,SLD,24.0,407.18465606256126,-383.18465606256126
2021-09-24 16:00:00,1432A,SLD,24.0,406.33279713026883,-382.33279713026883
2021-09-24 17:00:00,1432A,SLD,21.0,406.4993455881732,-385.4993455881732
2021-09-24 18:00:00,1432A,SLD,19.0,405.9715859385517,-386.9715859385517
2021-09-24 19:00:00,1432A,SLD,20.0,407.0163343092112,-387.0163343092112
2021-09-24 20:00:00,1432A,SLD,23.0,409.18069752580715,-386.18069752580715
2021-09-24 21:00:00,1432A,SLD,22.0,409.90435555345755,-387.90435555345755
2021-09-24 22:00:00,1432A,SLD,26.0,408.67795085882983,-382.67795085882983
2021-09-24 23:00:00,1432A,SLD,24.0,408.20790552849206,-384.20790552849206
2021-09-25 00:00:00,1432A,SLD,18.0,408.30289508481707,-390.30289508481707
2021-09-25 01:00:00,1432A,SLD,18.0,409.4115888474374,-391.4115888474374
2021-09-25 02:00:00,1432A,SLD,11.0,410.2208463592069,-399.2208463592069
2021-09-25 03:00:00,1432A,SLD,5.0,409.843472574458,-404.843472574458
2021-09-25 04:00:00,1432A,SLD,5.0,409.0246267413092,-404.0246267413092
2021-09-25 05:00:00,1432A,SLD,5.0,409.5799258267855,-404.5799258267855
2021-09-25 06:00:00,1432A,SLD,5.0,410.2810119371433,-405.2810119371433
2021-09-25 07:00:00,1432A,SLD,7.0,409.2485269983583,-402.2485269983583
2021-09-25 08:00:00,1432A,SLD,8.0,409.13945874025563,-401.13945874025563
2021-09-25 09:00:00,1432A,SLD,11.0,409.78147209007983,-398.78147209007983
2021-09-25 10:00:00,1432A,SLD,14.0,410.47052496505364,-396.47052496505364
2021-09-25 11:00:00,1432A,SLD,16.0,410.86306729138147,-394.86306729138147
2021-09-25 12:00:00,1432A,SLD,21.0,409.8119728872788,-388.8119728872788
2021-09-25 13:00:00,1432A,SLD,27.0,408.8780859764146,-381.8780859764146
2021-09-25 14:00:00,1432A,SLD,34.0,408.8918270462398,-374.8918270462398
2021-09-25 15:00:00,1432A,SLD,35.0,408.3108661192544,-373.3108661192544
2021-09-25 16:00:00,1432A,SLD,31.0,407.45900718696197,-376.45900718696197
2021-09-25 17:00:00,1432A,SLD,24.0,407.6255556448663,-383.6255556448663
2021-09-25 18:00:00,1432A,SLD,25.0,407.09779599524484,-382.09779599524484
2021-09-25 19:00:00,1432A,SLD,33.0,408.1425443659043,-375.1425443659043
2021-09-25 20:00:00,1432A,SLD,34.0,410.3069075825003,-376.3069075825003
2021-09-25 21:00:00,1432A,SLD,33.0,411.0305656101507,-378.0305656101507
2021-09-25 22:00:00,1432A,SLD,33.0,409.80416091552297,-376.80416091552297
2021-09-25 23:00:00,1432A,SLD,28.0,409.3341155851852,-381.3341155851852
2021-09-26 00:00:00,1432A,SLD,27.0,409.4291051415102,-382.4291051415102
2021-09-26 01:00:00,1432A,SLD,28.0,410.5377989041305,-382.5377989041305
2021-09-26 02:00:00,1432A,SLD,30.0,411.34705641590006,-381.34705641590006
2021-09-26 03:00:00,1432A,SLD,26.0,410.96968263115116,-384.96968263115116
2021-09-26 04:00:00,1432A,SLD,23.0,410.15083679800233,-387.15083679800233
2021-09-26 05:00:00,1432A,SLD,14.0,410.7061358834786,-396.7061358834786
2021-09-26 06:00:00,1432A,SLD,11.0,411.40722199383646,-400.40722199383646
2021-09-26 07:00:00,1432A,SLD,7.0,410.3747370550514,-403.3747370550514
2021-09-26 08:00:00,1432A,SLD,6.0,410.2656687969488,-404.2656687969488
2021-09-26 09:00:00,1432A,SLD,6.0,410.90768214677297,-404.90768214677297
2021-09-26 10:00:00,1432A,SLD,6.0,411.5967350217468,-405.5967350217468
2021-09-26 11:00:00,1432A,SLD,5.0,411.9892773480746,-406.9892773480746
2021-09-26 12:00:00,1432A,SLD,4.0,410.9381829439719,-406.9381829439719
2021-09-26 13:00:00,1432A,SLD,4.0,410.0042960331077,-406.0042960331077
2021-09-26 14:00:00,1432A,SLD,2.0,410.01803710293296,-408.01803710293296
2021-09-26 15:00:00,1432A,SLD,2.0,409.43707617594754,-407.43707617594754
2021-09-26 16:00:00,1432A,SLD,4.0,408.5852172436551,-404.5852172436551
2021-09-26 17:00:00,1432A,SLD,4.0,408.75176570155946,-404.75176570155946
2021-09-26 18:00:00,1432A,SLD,5.0,408.224006051938,-403.224006051938
2021-09-26 19:00:00,1432A,SLD,5.0,409.26875442259745,-404.26875442259745
2021-09-26 20:00:00,1432A,SLD,5.0,411.4331176391934,-406.4331176391934
2021-09-26 21:00:00,1432A,SLD,6.0,412.1567756668438,-406.1567756668438
2021-09-26 22:00:00,1432A,SLD,6.0,410.9303709722161,-404.9303709722161
2021-09-26 23:00:00,1432A,SLD,7.0,410.46032564187834,-403.46032564187834
2021-09-27 00:00:00,1432A,SLD,6.0,410.55531519820335,-404.55531519820335
2021-09-27 01:00:00,1432A,SLD,6.0,411.66400896082365,-405.66400896082365
2021-09-27 02:00:00,1432A,SLD,7.0,412.4732664725932,-405.4732664725932
2021-09-27 03:00:00,1432A,SLD,8.0,412.0958926878443,-404.0958926878443
2021-09-27 04:00:00,1432A,SLD,14.0,411.27704685469547,-397.27704685469547
2021-09-27 05:00:00,1432A,SLD,11.0,411.83234594017176,-400.83234594017176
2021-09-27 06:00:00,1432A,SLD,8.0,412.5334320505296,-404.5334320505296
2021-09-27 07:00:00,1432A,SLD,8.0,411.50094711174455,-403.50094711174455
2021-09-27 08:00:00,1432A,SLD,8.0,411.3918788536419,-403.3918788536419
2021-09-27 09:00:00,1432A,SLD,10.0,412.0338922034661,-402.0338922034661
2021-09-27 10:00:00,1432A,SLD,10.0,412.7229450784399,-402.7229450784399
2021-09-27 11:00:00,1432A,SLD,12.0,413.11548740476775,-401.11548740476775
2021-09-27 12:00:00,1432A,SLD,14.0,412.06439300066506,-398.06439300066506
2021-09-27 13:00:00,1432A,SLD,16.0,411.13050608980086,-395.13050608980086
2021-09-27 14:00:00,1432A,SLD,18.0,411.1442471596261,-393.1442471596261
2021-09-27 15:00:00,1432A,SLD,17.0,410.5632862326407,-393.5632862326407
2021-09-27 16:00:00,1432A,SLD,14.0,409.71142730034825,-395.71142730034825
2021-09-27 17:00:00,1432A,SLD,14.0,409.8779757582526,-395.8779757582526
2021-09-27 18:00:00,1432A,SLD,13.0,409.3502161086311,-396.3502161086311
2021-09-27 19:00:00,1432A,SLD,10.0,410.3949644792906,-400.3949644792906
2021-09-27 20:00:00,1432A,SLD,13.0,412.55932769588657,-399.55932769588657
2021-09-27 21:00:00,1432A,SLD,15.0,413.28298572353697,-398.28298572353697
2021-09-27 22:00:00,1432A,SLD,16.0,412.05658102890925,-396.05658102890925
2021-09-27 23:00:00,1432A,SLD,15.0,411.5865356985715,-396.5865356985715
2021-09-28 00:00:00,1432A,SLD,14.0,411.6815252548965,-397.6815252548965
2021-09-28 01:00:00,1432A,SLD,17.0,412.7902190175168,-395.7902190175168
2021-09-28 02:00:00,1432A,SLD,20.0,413.59947652928633,-393.59947652928633
2021-09-28 03:00:00,1432A,SLD,39.0,413.22210274453744,-374.22210274453744
2021-09-28 04:00:00,1432A,SLD,17.0,412.4032569113886,-395.4032569113886
2021-09-28 05:00:00,1432A,SLD,9.0,412.9585559968649,-403.9585559968649
2021-09-28 06:00:00,1432A,SLD,5.0,413.65964210722274,-408.65964210722274
2021-09-28 07:00:00,1432A,SLD,6.0,412.6271571684377,-406.6271571684377
2021-09-28 08:00:00,1432A,SLD,8.0,412.51808891033505,-404.51808891033505
2021-09-28 09:00:00,1432A,SLD,13.0,413.16010226015925,-400.16010226015925
2021-09-28 10:00:00,1432A,SLD,15.0,413.84915513513306,-398.84915513513306
2021-09-28 11:00:00,1432A,SLD,,414.2416974614609,
2021-09-28 12:00:00,1432A,SLD,15.0,413.1906030573582,-398.1906030573582
2021-09-28 13:00:00,1432A,SLD,16.0,412.256716146494,-396.256716146494
2021-09-28 14:00:00,1432A,SLD,13.0,412.27045721631924,-399.27045721631924
2021-09-28 15:00:00,1432A,SLD,12.0,411.6894962893338,-399.6894962893338
2021-09-28 16:00:00,1432A,SLD,9.0,410.8376373570414,-401.8376373570414
2021-09-28 17:00:00,1432A,SLD,8.0,411.00418581494574,-403.00418581494574
2021-09-28 18:00:00,1432A,SLD,12.0,410.47642616532426,-398.47642616532426
2021-09-28 19:00:00,1432A,SLD,13.0,411.52117453598373,-398.52117453598373
2021-09-28 20:00:00,1432A,SLD,15.0,413.6855377525797,-398.6855377525797
2021-09-28 21:00:00,1432A,SLD,12.0,414.4091957802301,-402.4091957802301
2021-09-28 22:00:00,1432A,SLD,12.0,413.1827910856024,-401.1827910856024
2021-09-28 23:00:00,1432A,SLD,13.0,412.7127457552646,-399.7127457552646
2021-09-29 00:00:00,1432A,SLD,12.0,412.8077353115896,-400.8077353115896
2021-09-29 01:00:00,1432A,SLD,10.0,413.91642907420993,-403.91642907420993
2021-09-29 02:00:00,1432A,SLD,12.0,414.7256865859795,-402.7256865859795
2021-09-29 03:00:00,1432A,SLD,15.0,414.3483128012306,-399.3483128012306
2021-09-29 04:00:00,1432A,SLD,17.0,413.52946696808175,-396.52946696808175
2021-09-29 05:00:00,1432A,SLD,30.0,414.08476605355804,-384.08476605355804
2021-09-29 06:00:00,1432A,SLD,22.0,414.7858521639159,-392.7858521639159
2021-09-29 07:00:00,1432A,SLD,22.0,413.75336722513083,-391.75336722513083
2021-09-29 08:00:00,1432A,SLD,27.0,413.6442989670282,-386.6442989670282
2021-09-29 09:00:00,1432A,SLD,36.0,414.2863123168524,-378.2863123168524
2021-09-29 10:00:00,1432A,SLD,35.0,414.9753651918262,-379.9753651918262
2021-09-29 11:00:00,1432A,SLD,25.0,415.367907518154,-390.367907518154
2021-09-29 12:00:00,1432A,SLD,11.0,414.31681311405134,-403.31681311405134
2021-09-29 13:00:00,1432A,SLD,10.0,413.38292620318714,-403.38292620318714
2021-09-29 14:00:00,1432A,SLD,11.0,413.3966672730124,-402.3966672730124
2021-09-29 15:00:00,1432A,SLD,8.0,412.81570634602696,-404.81570634602696
2021-09-29 16:00:00,1432A,SLD,8.0,411.9638474137345,-403.9638474137345
2021-09-29 17:00:00,1432A,SLD,8.0,412.1303958716389,-404.1303958716389
2021-09-29 18:00:00,1432A,SLD,10.0,411.6026362220174,-401.6026362220174
2021-09-29 19:00:00,1432A,SLD,12.0,412.6473845926769,-400.6473845926769
2021-09-29 20:00:00,1432A,SLD,14.0,414.81174780927284,-400.81174780927284
2021-09-29 21:00:00,1432A,SLD,15.0,415.53540583692325,-400.53540583692325
2021-09-29 22:00:00,1432A,SLD,15.0,414.30900114229553,-399.30900114229553
2021-09-29 23:00:00,1432A,SLD,16.0,413.83895581195776,-397.83895581195776
2021-09-30 00:00:00,1432A,SLD,16.0,413.93394536828276,-397.93394536828276
2021-09-30 01:00:00,1432A,SLD,17.0,415.04263913090307,-398.04263913090307
2021-09-30 02:00:00,1432A,SLD,24.0,415.8518966426726,-391.8518966426726
2021-09-30 03:00:00,1432A,SLD,27.0,415.4745228579237,-388.4745228579237
2021-09-30 04:00:00,1432A,SLD,28.0,414.6556770247749,-386.6556770247749
2021-09-30 05:00:00,1432A,SLD,32.0,415.2109761102512,-383.2109761102512
2021-09-30 06:00:00,1432A,SLD,42.0,415.912062220609,-373.912062220609
2021-09-30 07:00:00,1432A,SLD,44.0,414.87957728182397,-370.87957728182397
2021-09-30 08:00:00,1432A,SLD,39.0,414.77050902372133,-375.77050902372133
2021-09-30 09:00:00,1432A,SLD,37.0,415.4125223735455,-378.4125223735455
2021-09-30 10:00:00,1432A,SLD,33.0,416.10157524851934,-383.10157524851934
2021-09-30 11:00:00,1432A,SLD,32.0,416.49411757484717,-384.49411757484717
2021-09-30 12:00:00,1432A,SLD,30.0,415.4430231707445,-385.4430231707445
2021-09-30 13:00:00,1432A,SLD,28.0,414.5091362598803,-386.5091362598803
2021-09-30 14:00:00,1432A,SLD,23.0,414.5228773297055,-391.5228773297055
2021-09-30 15:00:00,1432A,SLD,20.0,413.9419164027201,-393.9419164027201
2021-09-30 16:00:00,1432A,SLD,19.0,413.09005747042767,-394.09005747042767
2021-09-30 17:00:00,1432A,SLD,20.0,413.256605928332,-393.256605928332
2021-09-30 18:00:00,1432A,SLD,19.0,412.72884627871053,-393.72884627871053
2021-09-30 19:00:00,1432A,SLD,22.0,413.77359464937,-391.77359464937
2021-09-30 20:00:00,1432A,SLD,27.0,415.937957865966,-388.937957865966
2021-09-30 21:00:00,1432A,SLD,31.0,416.6616158936164,-385.6616158936164
2021-09-30 22:00:00,1432A,SLD,30.0,415.43521119898867,-385.43521119898867
2021-09-30 23:00:00,1432A,SLD,30.0,414.9651658686509,-384.9651658686509
2021-10-01 00:00:00,1432A,SLD,38.0,415.0601554249759,-377.0601554249759
2021-10-01 01:00:00,1432A,SLD,36.0,416.1688491875962,-380.1688491875962
2021-10-01 02:00:00,1432A,SLD,34.0,416.97810669936575,-382.97810669936575
2021-10-01 03:00:00,1432A,SLD,39.0,416.60073291461686,-377.60073291461686
2021-10-01 04:00:00,1432A,SLD,45.0,415.781887081468,-370.781887081468
2021-10-01 05:00:00,1432A,SLD,49.0,416.3371861669443,-367.3371861669443
2021-10-01 06:00:00,1432A,SLD,51.0,417.03827227730216,-366.03827227730216
2021-10-01 07:00:00,1432A,SLD,52.0,416.0057873385171,-364.0057873385171
2021-10-01 08:00:00,1432A,SLD,50.0,415.89671908041447,-365.89671908041447
2021-10-01 09:00:00,1432A,SLD,46.0,416.53873243023867,-370.53873243023867
2021-10-01 10:00:00,1432A,SLD,46.0,417.2277853052125,-371.2277853052125
2021-10-01 11:00:00,1432A,SLD,41.0,417.6203276315403,-376.6203276315403
2021-10-01 12:00:00,1432A,SLD,35.0,416.5692332274376,-381.5692332274376
2021-10-01 13:00:00,1432A,SLD,38.0,415.6353463165734,-377.6353463165734
2021-10-01 14:00:00,1432A,SLD,34.0,415.64908738639866,-381.64908738639866
2021-10-01 15:00:00,1432A,SLD,32.0,415.06812645941324,-383.06812645941324
2021-10-01 16:00:00,1432A,SLD,43.0,414.2162675271208,-371.2162675271208
2021-10-01 17:00:00,1432A,SLD,42.0,414.38281598502516,-372.38281598502516
2021-10-01 18:00:00,1432A,SLD,35.0,413.8550563354037,-378.8550563354037
2021-10-01 19:00:00,1432A,SLD,,414.89980470606315,
2021-10-01 20:00:00,1432A,SLD,28.0,417.0641679226591,-389.0641679226591
2021-10-01 21:00:00,1432A,SLD,26.0,417.7878259503095,-391.7878259503095
2021-10-01 22:00:00,1432A,SLD,25.0,416.5614212556818,-391.5614212556818
2021-10-01 23:00:00,1432A,SLD,28.0,416.09137592534404,-388.09137592534404
2021-10-02 00:00:00,1432A,SLD,35.0,416.18636548166904,-381.18636548166904
2021-10-02 01:00:00,1432A,SLD,35.0,417.29505924428935,-382.29505924428935
2021-10-02 02:00:00,1432A,SLD,34.0,418.1043167560589,-384.1043167560589
2021-10-02 03:00:00,1432A,SLD,36.0,417.72694297131,-381.72694297131
2021-10-02 04:00:00,1432A,SLD,39.0,416.90809713816117,-377.90809713816117
2021-10-02 05:00:00,1432A,SLD,40.0,417.46339622363746,-377.46339622363746
2021-10-02 06:00:00,1432A,SLD,41.0,418.1644823339953,-377.1644823339953
2021-10-02 07:00:00,1432A,SLD,45.0,417.13199739521025,-372.13199739521025
2021-10-02 08:00:00,1432A,SLD,50.0,417.0229291371076,-367.0229291371076
2021-10-02 09:00:00,1432A,SLD,47.0,417.6649424869318,-370.6649424869318
2021-10-02 10:00:00,1432A,SLD,47.0,418.3539953619056,-371.3539953619056
2021-10-02 11:00:00,1432A,SLD,47.0,418.74653768823345,-371.74653768823345
2021-10-02 12:00:00,1432A,SLD,44.0,417.69544328413076,-373.69544328413076
2021-10-02 13:00:00,1432A,SLD,41.0,416.76155637326656,-375.76155637326656
2021-10-02 14:00:00,1432A,SLD,36.0,416.7752974430918,-380.7752974430918
2021-10-02 15:00:00,1432A,SLD,41.0,416.1943365161064,-375.1943365161064
2021-10-02 16:00:00,1432A,SLD,38.0,415.34247758381395,-377.34247758381395
2021-10-02 17:00:00,1432A,SLD,34.0,415.5090260417183,-381.5090260417183
2021-10-02 18:00:00,1432A,SLD,32.0,414.9812663920968,-382.9812663920968
2021-10-02 19:00:00,1432A,SLD,38.0,416.0260147627563,-378.0260147627563
2021-10-02 20:00:00,1432A,SLD,42.0,418.19037797935226,-376.19037797935226
2021-10-02 21:00:00,1432A,SLD,41.0,418.91403600700266,-377.91403600700266
2021-10-02 22:00:00,1432A,SLD,32.0,417.68763131237495,-385.68763131237495
2021-10-02 23:00:00,1432A,SLD,27.0,417.2175859820372,-390.2175859820372
2021-10-03 00:00:00,1432A,SLD,29.0,417.3125755383622,-388.3125755383622
2021-10-03 01:00:00,1432A,SLD,33.0,418.4212693009825,-385.4212693009825
2021-10-03 02:00:00,1432A,SLD,41.0,419.23052681275203,-378.23052681275203
2021-10-03 03:00:00,1432A,SLD,36.0,418.85315302800313,-382.85315302800313
2021-10-03 04:00:00,1432A,SLD,41.0,418.0343071948543,-377.0343071948543
2021-10-03 05:00:00,1432A,SLD,46.0,418.5896062803306,-372.5896062803306
2021-10-03 06:00:00,1432A,SLD,47.0,419.29069239068843,-372.29069239068843
2021-10-03 07:00:00,1432A,SLD,48.0,418.2582074519034,-370.2582074519034
2021-10-03 08:00:00,1432A,SLD,47.0,418.14913919380075,-371.14913919380075
2021-10-03 09:00:00,1432A,SLD,48.0,418.79115254362495,-370.79115254362495
2021-10-03 10:00:00,1432A,SLD,48.0,419.48020541859876,-371.48020541859876
2021-10-03 11:00:00,1432A,SLD,57.0,419.8727477449266,-362.8727477449266
2021-10-03 12:00:00,1432A,SLD,56.0,418.8216533408239,-362.8216533408239
2021-10-03 13:00:00,1432A,SLD,49.0,417.8877664299597,-368.8877664299597
2021-10-03 14:00:00,1432A,SLD,40.0,417.90150749978494,-377.90150749978494
2021-10-03 15:00:00,1432A,SLD,37.0,417.3205465727995,-380.3205465727995
2021-10-03 16:00:00,1432A,SLD,33.0,416.4686876405071,-383.4686876405071
2021-10-03 17:00:00,1432A,SLD,32.0,416.63523609841144,-384.63523609841144
2021-10-03 18:00:00,1432A,SLD,32.0,416.10747644878995,-384.10747644878995
2021-10-03 19:00:00,1432A,SLD,35.0,417.15222481944943,-382.15222481944943
2021-10-03 20:00:00,1432A,SLD,42.0,419.3165880360454,-377.3165880360454
2021-10-03 21:00:00,1432A,SLD,47.0,420.0402460636958,-373.0402460636958
2021-10-03 22:00:00,1432A,SLD,46.0,418.8138413690681,-372.8138413690681
2021-10-03 23:00:00,1432A,SLD,50.0,418.3437960387303,-368.3437960387303
2021-10-04 00:00:00,1432A,SLD,53.0,418.4387855950553,-365.4387855950553
2021-10-04 01:00:00,1432A,SLD,53.0,419.5474793576756,-366.5474793576756
2021-10-04 02:00:00,1432A,SLD,54.0,420.35673686944517,-366.35673686944517
2021-10-04 03:00:00,1432A,SLD,52.0,419.9793630846963,-367.9793630846963
2021-10-04 04:00:00,1432A,SLD,37.0,419.16051725154745,-382.16051725154745
2021-10-04 05:00:00,1432A,SLD,31.0,419.71581633702374,-388.71581633702374
2021-10-04 06:00:00,1432A,SLD,31.0,420.4169024473816,-389.4169024473816
2021-10-04 07:00:00,1432A,SLD,28.0,419.3844175085965,-391.3844175085965
2021-10-04 08:00:00,1432A,SLD,29.0,419.2753492504939,-390.2753492504939
2021-10-04 09:00:00,1432A,SLD,27.0,419.9173626003181,-392.9173626003181
2021-10-04 10:00:00,1432A,SLD,25.0,420.6064154752919,-395.6064154752919
2021-10-04 11:00:00,1432A,SLD,8.0,420.9989578016197,-412.9989578016197
2021-10-04 12:00:00,1432A,SLD,7.0,419.94786339751704,-412.94786339751704
2021-10-04 13:00:00,1432A,SLD,6.0,419.01397648665284,-413.01397648665284
2021-10-04 14:00:00,1432A,SLD,2.0,419.0277175564781,-417.0277175564781
2021-10-04 15:00:00,1432A,SLD,2.0,418.44675662949265,-416.44675662949265
2021-10-04 16:00:00,1432A,SLD,2.0,417.5948976972002,-415.5948976972002
2021-10-04 17:00:00,1432A,SLD,2.0,417.7614461551046,-415.7614461551046
2021-10-04 18:00:00,1432A,SLD,2.0,417.2336865054831,-415.2336865054831
2021-10-04 19:00:00,1432A,SLD,2.0,418.27843487614257,-416.27843487614257
2021-10-04 20:00:00,1432A,SLD,2.0,420.44279809273854,-418.44279809273854
2021-10-04 21:00:00,1432A,SLD,2.0,421.16645612038894,-419.16645612038894
2021-10-04 22:00:00,1432A,SLD,4.0,419.9400514257612,-415.9400514257612
2021-10-04 23:00:00,1432A,SLD,5.0,419.47000609542346,-414.47000609542346
2021-10-05 00:00:00,1432A,SLD,3.0,419.56499565174846,-416.56499565174846
2021-10-05 01:00:00,1432A,SLD,4.0,420.67368941436877,-416.67368941436877
2021-10-05 02:00:00,1432A,SLD,3.0,421.4829469261383,-418.4829469261383
2021-10-05 03:00:00,1432A,SLD,2.0,421.1055731413894,-419.1055731413894
2021-10-05 04:00:00,1432A,SLD,1.0,420.2867273082406,-419.2867273082406
2021-10-05 05:00:00,1432A,SLD,2.0,420.8420263937169,-418.8420263937169
2021-10-05 06:00:00,1432A,SLD,2.0,421.5431125040747,-419.5431125040747
2021-10-05 07:00:00,1432A,SLD,1.0,420.51062756528967,-419.51062756528967
2021-10-05 08:00:00,1432A,SLD,1.0,420.40155930718703,-419.40155930718703
2021-10-05 09:00:00,1432A,SLD,2.0,421.0435726570112,-419.0435726570112
2021-10-05 10:00:00,1432A,SLD,2.0,421.73262553198504,-419.73262553198504
2021-10-05 11:00:00,1432A,SLD,2.0,422.12516785831286,-420.12516785831286
2021-10-05 12:00:00,1432A,SLD,3.0,421.0740734542102,-418.0740734542102
2021-10-05 13:00:00,1432A,SLD,3.0,420.140186543346,-417.140186543346
2021-10-05 14:00:00,1432A,SLD,2.0,420.1539276131712,-418.1539276131712
2021-10-05 15:00:00,1432A,SLD,2.0,419.5729666861858,-417.5729666861858
2021-10-05 16:00:00,1432A,SLD,3.0,418.72110775389336,-415.72110775389336
2021-10-05 17:00:00,1432A,SLD,3.0,418.8876562117977,-415.8876562117977
2021-10-05 18:00:00,1432A,SLD,5.0,418.35989656217623,-413.35989656217623
2021-10-05 19:00:00,1432A,SLD,5.0,419.4046449328357,-414.4046449328357
2021-10-05 20:00:00,1432A,SLD,4.0,421.5690081494317,-417.5690081494317
2021-10-05 21:00:00,1432A,SLD,4.0,422.2926661770821,-418.2926661770821
2021-10-05 22:00:00,1432A,SLD,4.0,421.06626148245437,-417.06626148245437
2021-10-05 23:00:00,1432A,SLD,5.0,420.5962161521166,-415.5962161521166
2021-10-06 00:00:00,1432A,SLD,5.0,420.6912057084416,-415.6912057084416
2021-10-06 01:00:00,1432A,SLD,8.0,421.7998994710619,-413.7998994710619
2021-10-06 02:00:00,1432A,SLD,12.0,422.60915698283145,-410.60915698283145
2021-10-06 03:00:00,1432A,SLD,11.0,422.23178319808255,-411.23178319808255
2021-10-06 04:00:00,1432A,SLD,11.0,421.4129373649337,-410.4129373649337
2021-10-06 05:00:00,1432A,SLD,8.0,421.96823645041,-413.96823645041
2021-10-06 06:00:00,1432A,SLD,7.0,422.66932256076785,-415.66932256076785
2021-10-06 07:00:00,1432A,SLD,4.0,421.6368376219828,-417.6368376219828
2021-10-06 08:00:00,1432A,SLD,2.0,421.52776936388017,-419.52776936388017
2021-10-06 09:00:00,1432A,SLD,1.0,422.16978271370436,-421.16978271370436
2021-10-06 10:00:00,1432A,SLD,1.0,422.8588355886782,-421.8588355886782
2021-10-06 11:00:00,1432A,SLD,2.0,423.251377915006,-421.251377915006
2021-10-06 12:00:00,1432A,SLD,4.0,422.2002835109033,-418.2002835109033
2021-10-06 13:00:00,1432A,SLD,,421.2663966000391,
2021-10-06 14:00:00,1432A,SLD,,421.28013766986436,
2021-10-06 15:00:00,1432A,SLD,,420.69917674287893,
2021-10-06 16:00:00,1432A,SLD,,419.8473178105865,
2021-10-06 17:00:00,1432A,SLD,,420.01386626849086,
2021-10-06 18:00:00,1432A,SLD,,419.48610661886937,
2021-10-06 19:00:00,1432A,SLD,8.0,420.53085498952885,-412.53085498952885
2021-10-06 20:00:00,1432A,SLD,8.0,422.6952182061248,-414.6952182061248
2021-10-06 21:00:00,1432A,SLD,7.0,423.4188762337752,-416.4188762337752
2021-10-06 22:00:00,1432A,SLD,8.0,422.1924715391475,-414.1924715391475
2021-10-06 23:00:00,1432A,SLD,9.0,421.72242620880974,-412.72242620880974
2021-10-07 00:00:00,1432A,SLD,12.0,421.81741576513474,-409.81741576513474
2021-10-07 01:00:00,1432A,SLD,15.0,422.92610952775505,-407.92610952775505
2021-10-07 02:00:00,1432A,SLD,16.0,423.7353670395246,-407.7353670395246
2021-10-07 03:00:00,1432A,SLD,15.0,423.3579932547757,-408.3579932547757
2021-10-07 04:00:00,1432A,SLD,15.0,422.53914742162686,-407.53914742162686
2021-10-07 05:00:00,1432A,SLD,21.0,423.09444650710316,-402.09444650710316
2021-10-07 06:00:00,1432A,SLD,26.0,423.795532617461,-397.795532617461
2021-10-07 07:00:00,1432A,SLD,30.0,422.76304767867595,-392.76304767867595
2021-10-07 08:00:00,1432A,SLD,24.0,422.6539794205733,-398.6539794205733
2021-10-07 09:00:00,1432A,SLD,25.0,423.2959927703975,-398.2959927703975
2021-10-07 10:00:00,1432A,SLD,33.0,423.9850456453713,-390.9850456453713
2021-10-07 11:00:00,1432A,SLD,29.0,424.37758797169914,-395.37758797169914
2021-10-07 12:00:00,1432A,SLD,18.0,423.32649356759646,-405.32649356759646
2021-10-07 13:00:00,1432A,SLD,9.0,422.39260665673226,-413.39260665673226
2021-10-07 14:00:00,1432A,SLD,5.0,422.4063477265575,-417.4063477265575
2021-10-07 15:00:00,1432A,SLD,5.0,421.8253867995721,-416.8253867995721
2021-10-07 16:00:00,1432A,SLD,4.0,420.97352786727964,-416.97352786727964
2021-10-07 17:00:00,1432A,SLD,3.0,421.140076325184,-418.140076325184
2021-10-07 18:00:00,1432A,SLD,5.0,420.6123166755625,-415.6123166755625
2021-10-07 19:00:00,1432A,SLD,5.0,421.657065046222,-416.657065046222
2021-10-07 20:00:00,1432A,SLD,5.0,423.82142826281796,-418.82142826281796
2021-10-07 21:00:00,1432A,SLD,8.0,424.54508629046836,-416.54508629046836
2021-10-07 22:00:00,1432A,SLD,9.0,423.31868159584064,-414.31868159584064
2021-10-07 23:00:00,1432A,SLD,6.0,422.8486362655029,-416.8486362655029
2021-10-08 00:00:00,1432A,SLD,5.0,422.9436258218279,-417.9436258218279
2021-10-08 01:00:00,1432A,SLD,6.0,424.0523195844482,-418.0523195844482
2021-10-08 02:00:00,1432A,SLD,10.0,424.86157709621773,-414.86157709621773
2021-10-08 03:00:00,1432A,SLD,20.0,424.48420331146883,-404.48420331146883
2021-10-08 04:00:00,1432A,SLD,7.0,423.66535747832,-416.66535747832
2021-10-08 05:00:00,1432A,SLD,5.0,424.2206565637963,-419.2206565637963
2021-10-08 06:00:00,1432A,SLD,6.0,424.92174267415413,-418.92174267415413
2021-10-08 07:00:00,1432A,SLD,11.0,423.8892577353691,-412.8892577353691
2021-10-08 08:00:00,1432A,SLD,12.0,423.78018947726645,-411.78018947726645
2021-10-08 09:00:00,1432A,SLD,14.0,424.42220282709064,-410.42220282709064
2021-10-08 10:00:00,1432A,SLD,16.0,425.11125570206445,-409.11125570206445
2021-10-08 11:00:00,1432A,SLD,17.0,425.5037980283923,-408.5037980283923
2021-10-08 12:00:00,1432A,SLD,17.0,424.4527036242896,-407.4527036242896
2021-10-08 13:00:00,1432A,SLD,25.0,423.5188167134254,-398.5188167134254
2021-10-08 14:00:00,1432A,SLD,26.0,423.53255778325064,-397.53255778325064
2021-10-08 15:00:00,1432A,SLD,22.0,422.9515968562652,-400.9515968562652
2021-10-08 16:00:00,1432A,SLD,18.0,422.0997379239728,-404.0997379239728
2021-10-08 17:00:00,1432A,SLD,29.0,422.26628638187714,-393.26628638187714
2021-10-08 18:00:00,1432A,SLD,28.0,421.73852673225565,-393.73852673225565
2021-10-08 19:00:00,1432A,SLD,26.0,422.7832751029151,-396.7832751029151
2021-10-08 20:00:00,1432A,SLD,22.0,424.9476383195111,-402.9476383195111
2021-10-08 21:00:00,1432A,SLD,21.0,425.6712963471615,-404.6712963471615
2021-10-08 22:00:00,1432A,SLD,24.0,424.4448916525338,-400.4448916525338
2021-10-08 23:00:00,1432A,SLD,26.0,423.974846322196,-397.974846322196
2021-10-09 00:00:00,1432A,SLD,22.0,424.069835878521,-402.069835878521
2021-10-09 01:00:00,1432A,SLD,24.0,425.1785296411413,-401.1785296411413
2021-10-09 02:00:00,1432A,SLD,22.0,425.98778715291087,-403.98778715291087
2021-10-09 03:00:00,1432A,SLD,23.0,425.61041336816197,-402.61041336816197
2021-10-09 04:00:00,1432A,SLD,26.0,424.79156753501314,-398.79156753501314
2021-10-09 05:00:00,1432A,SLD,27.0,425.34686662048944,-398.34686662048944
2021-10-09 06:00:00,1432A,SLD,27.0,426.04795273084727,-399.04795273084727
2021-10-09 07:00:00,1432A,SLD,29.0,425.0154677920622,-396.0154677920622
2021-10-09 08:00:00,1432A,SLD,25.0,424.9063995339596,-399.9063995339596
2021-10-09 09:00:00,1432A,SLD,21.0,425.5484128837838,-404.5484128837838
2021-10-09 10:00:00,1432A,SLD,16.0,426.2374657587576,-410.2374657587576
2021-10-09 11:00:00,1432A,SLD,15.0,426.6300080850854,-411.6300080850854
2021-10-09 12:00:00,1432A,SLD,12.0,425.57891368098274,-413.57891368098274
2021-10-09 13:00:00,1432A,SLD,9.0,424.64502677011853,-415.64502677011853
2021-10-09 14:00:00,1432A,SLD,12.0,424.6587678399438,-412.6587678399438
2021-10-09 15:00:00,1432A,SLD,12.0,424.07780691295835,-412.07780691295835
2021-10-09 16:00:00,1432A,SLD,10.0,423.2259479806659,-413.2259479806659
2021-10-09 17:00:00,1432A,SLD,7.0,423.3924964385703,-416.3924964385703
2021-10-09 18:00:00,1432A,SLD,7.0,422.8647367889488,-415.8647367889488
2021-10-09 19:00:00,1432A,SLD,8.0,423.90948515960827,-415.90948515960827
2021-10-09 20:00:00,1432A,SLD,8.0,426.07384837620424,-418.07384837620424
2021-10-09 21:00:00,1432A,SLD,9.0,426.79750640385464,-417.79750640385464
2021-10-09 22:00:00,1432A,SLD,7.0,425.5711017092269,-418.5711017092269
2021-10-09 23:00:00,1432A,SLD,6.0,425.10105637888915,-419.10105637888915
2021-10-10 00:00:00,1432A,SLD,6.0,425.19604593521416,-419.19604593521416
2021-10-10 01:00:00,1432A,SLD,6.0,426.30473969783446,-420.30473969783446
2021-10-10 02:00:00,1432A,SLD,6.0,427.113997209604,-421.113997209604
2021-10-10 03:00:00,1432A,SLD,4.0,426.7366234248551,-422.7366234248551
2021-10-10 04:00:00,1432A,SLD,2.0,425.9177775917063,-423.9177775917063
2021-10-10 05:00:00,1432A,SLD,2.0,426.4730766771826,-424.4730766771826
2021-10-10 06:00:00,1432A,SLD,1.0,427.1741627875404,-426.1741627875404
2021-10-10 07:00:00,1432A,SLD,2.0,426.14167784875536,-424.14167784875536
2021-10-10 08:00:00,1432A,SLD,1.0,426.0326095906527,-425.0326095906527
2021-10-10 09:00:00,1432A,SLD,2.0,426.6746229404769,-424.6746229404769
2021-10-10 10:00:00,1432A,SLD,2.0,427.36367581545073,-425.36367581545073
2021-10-10 11:00:00,1432A,SLD,2.0,427.75621814177856,-425.75621814177856
2021-10-10 12:00:00,1432A,SLD,2.0,426.7051237376759,-424.7051237376759
2021-10-10 13:00:00,1432A,SLD,2.0,425.7712368268117,-423.7712368268117
2021-10-10 14:00:00,1432A,SLD,2.0,425.7849778966369,-423.7849778966369
2021-10-10 15:00:00,1432A,SLD,2.0,425.2040169696515,-423.2040169696515
2021-10-10 16:00:00,1432A,SLD,2.0,424.35215803735906,-422.35215803735906
2021-10-10 17:00:00,1432A,SLD,2.0,424.5187064952634,-422.5187064952634
2021-10-10 18:00:00,1432A,SLD,2.0,423.99094684564193,-421.99094684564193
2021-10-10 19:00:00,1432A,SLD,2.0,425.0356952163014,-423.0356952163014
2021-10-10 20:00:00,1432A,SLD,3.0,427.2000584328974,-424.2000584328974
2021-10-10 21:00:00,1432A,SLD,3.0,427.9237164605478,-424.9237164605478
2021-10-10 22:00:00,1432A,SLD,5.0,426.69731176592006,-421.69731176592006
2021-10-10 23:00:00,1432A,SLD,6.0,426.2272664355823,-420.2272664355823
2021-10-11 00:00:00,1432A,SLD,8.0,426.3222559919073,-418.3222559919073
2021-10-11 01:00:00,1432A,SLD,15.0,427.4309497545276,-412.4309497545276
2021-10-11 02:00:00,1432A,SLD,4.0,428.24020726629715,-424.24020726629715
2021-10-11 03:00:00,1432A,SLD,3.0,427.86283348154825,-424.86283348154825
2021-10-11 04:00:00,1432A,SLD,3.0,427.0439876483994,-424.0439876483994
2021-10-11 05:00:00,1432A,SLD,2.0,427.5992867338757,-425.5992867338757
2021-10-11 06:00:00,1432A,SLD,5.0,428.30037284423355,-423.30037284423355
2021-10-11 07:00:00,1432A,SLD,7.0,427.2678879054485,-420.2678879054485
2021-10-11 08:00:00,1432A,SLD,8.0,427.15881964734587,-419.15881964734587
2021-10-11 09:00:00,1432A,SLD,8.0,427.80083299717006,-419.80083299717006
2021-10-11 10:00:00,1432A,SLD,10.0,428.4898858721439,-418.4898858721439
2021-10-11 11:00:00,1432A,SLD,10.0,428.8824281984717,-418.8824281984717
2021-10-11 12:00:00,1432A,SLD,16.0,427.831333794369,-411.831333794369
2021-10-11 13:00:00,1432A,SLD,17.0,426.8974468835048,-409.8974468835048
2021-10-11 14:00:00,1432A,SLD,22.0,426.91118795333006,-404.91118795333006
2021-10-11 15:00:00,1432A,SLD,28.0,426.33022702634463,-398.33022702634463
2021-10-11 16:00:00,1432A,SLD,28.0,425.4783680940522,-397.4783680940522
2021-10-11 17:00:00,1432A,SLD,24.0,425.64491655195656,-401.64491655195656
2021-10-11 18:00:00,1432A,SLD,20.0,425.11715690233507,-405.11715690233507
2021-10-11 19:00:00,1432A,SLD,14.0,426.16190527299455,-412.16190527299455
2021-10-11 20:00:00,1432A,SLD,11.0,428.3262684895905,-417.3262684895905
2021-10-11 21:00:00,1432A,SLD,10.0,429.0499265172409,-419.0499265172409
2021-10-11 22:00:00,1432A,SLD,9.0,427.8235218226132,-418.8235218226132
2021-10-11 23:00:00,1432A,SLD,10.0,427.35347649227543,-417.35347649227543
2021-10-12 00:00:00,1432A,SLD,10.0,427.44846604860044,-417.44846604860044
2021-10-12 01:00:00,1432A,SLD,10.0,428.55715981122074,-418.55715981122074
2021-10-12 02:00:00,1432A,SLD,24.0,429.3664173229903,-405.3664173229903
2021-10-12 03:00:00,1432A,SLD,24.0,428.9890435382414,-404.9890435382414
2021-10-12 04:00:00,1432A,SLD,24.0,428.17019770509256,-404.17019770509256
2021-10-12 05:00:00,1432A,SLD,17.0,428.72549679056885,-411.72549679056885
2021-10-12 06:00:00,1432A,SLD,15.0,429.4265829009267,-414.4265829009267
2021-10-12 07:00:00,1432A,SLD,15.0,428.39409796214164,-413.39409796214164
2021-10-12 08:00:00,1432A,SLD,16.0,428.285029704039,-412.285029704039
2021-10-12 09:00:00,1432A,SLD,14.0,428.9270430538632,-414.9270430538632
2021-10-12 10:00:00,1432A,SLD,12.0,429.616095928837,-417.616095928837
2021-10-12 11:00:00,1432A,SLD,13.0,430.00863825516484,-417.00863825516484
2021-10-12 12:00:00,1432A,SLD,14.0,428.95754385106216,-414.95754385106216
2021-10-12 13:00:00,1432A,SLD,18.0,428.02365694019795,-410.02365694019795
2021-10-12 14:00:00,1432A,SLD,18.0,428.0373980100232,-410.0373980100232
2021-10-12 15:00:00,1432A,SLD,21.0,427.45643708303777,-406.45643708303777
2021-10-12 16:00:00,1432A,SLD,22.0,426.60457815074534,-404.60457815074534
2021-10-12 17:00:00,1432A,SLD,24.0,426.7711266086497,-402.7711266086497
2021-10-12 18:00:00,1432A,SLD,27.0,426.2433669590282,-399.2433669590282
2021-10-12 19:00:00,1432A,SLD,31.0,427.2881153296877,-396.2881153296877
2021-10-12 20:00:00,1432A,SLD,36.0,429.45247854628366,-393.45247854628366
2021-10-12 21:00:00,1432A,SLD,41.0,430.17613657393406,-389.17613657393406
2021-10-12 22:00:00,1432A,SLD,39.0,428.94973187930634,-389.94973187930634
2021-10-12 23:00:00,1432A,SLD,34.0,428.4796865489686,-394.4796865489686
2021-10-13 00:00:00,1432A,SLD,37.0,428.5746761052936,-391.5746761052936
2021-10-13 01:00:00,1432A,SLD,35.0,429.6833698679139,-394.6833698679139
2021-10-13 02:00:00,1432A,SLD,32.0,430.4926273796834,-398.4926273796834
2021-10-13 03:00:00,1432A,SLD,32.0,430.11525359493453,-398.11525359493453
2021-10-13 04:00:00,1432A,SLD,33.0,429.2964077617857,-396.2964077617857
2021-10-13 05:00:00,1432A,SLD,34.0,429.851706847262,-395.851706847262
2021-10-13 06:00:00,1432A,SLD,33.0,430.55279295761983,-397.55279295761983
2021-10-13 07:00:00,1432A,SLD,33.0,429.5203080188348,-396.5203080188348
2021-10-13 08:00:00,1432A,SLD,35.0,429.41123976073214,-394.41123976073214
2021-10-13 09:00:00,1432A,SLD,40.0,430.05325311055634,-390.05325311055634
2021-10-13 10:00:00,1432A,SLD,36.0,430.74230598553015,-394.74230598553015
2021-10-13 11:00:00,1432A,SLD,35.0,431.134848311858,-396.134848311858
2021-10-13 12:00:00,1432A,SLD,36.0,430.0837539077553,-394.0837539077553
2021-10-13 13:00:00,1432A,SLD,50.0,429.1498669968911,-379.1498669968911
2021-10-13 14:00:00,1432A,SLD,35.0,429.16360806671634,-394.16360806671634
2021-10-13 15:00:00,1432A,SLD,40.0,428.5826471397309,-388.5826471397309
2021-10-13 16:00:00,1432A,SLD,46.0,427.7307882074385,-381.7307882074385
2021-10-13 17:00:00,1432A,SLD,46.0,427.89733666534283,-381.89733666534283
2021-10-13 18:00:00,1432A,SLD,41.0,427.36957701572135,-386.36957701572135
2021-10-13 19:00:00,1432A,SLD,35.0,428.4143253863808,-393.4143253863808
2021-10-13 20:00:00,1432A,SLD,34.0,430.5786886029768,-396.5786886029768
2021-10-13 21:00:00,1432A,SLD,28.0,431.3023466306272,-403.3023466306272
2021-10-13 22:00:00,1432A,SLD,29.0,430.0759419359995,-401.0759419359995
2021-10-13 23:00:00,1432A,SLD,31.0,429.6058966056617,-398.6058966056617
2021-10-14 00:00:00,1432A,SLD,29.0,429.7008861619867,-400.7008861619867
2021-10-14 01:00:00,1432A,SLD,22.0,430.809579924607,-408.809579924607
2021-10-14 02:00:00,1432A,SLD,20.0,431.61883743637657,-411.61883743637657
2021-10-14 03:00:00,1432A,SLD,25.0,431.24146365162767,-406.24146365162767
2021-10-14 04:00:00,1432A,SLD,33.0,430.42261781847884,-397.42261781847884
2021-10-14 05:00:00,1432A,SLD,36.0,430.97791690395513,-394.97791690395513
2021-10-14 06:00:00,1432A,SLD,28.0,431.67900301431297,-403.67900301431297
2021-10-14 07:00:00,1432A,SLD,24.0,430.6465180755279,-406.6465180755279
2021-10-14 08:00:00,1432A,SLD,19.0,430.5374498174253,-411.5374498174253
2021-10-14 09:00:00,1432A,SLD,11.0,431.1794631672495,-420.1794631672495
2021-10-14 10:00:00,1432A,SLD,7.0,431.8685160422233,-424.8685160422233
2021-10-14 11:00:00,1432A,SLD,7.0,432.2610583685511,-425.2610583685511
2021-10-14 12:00:00,1432A,SLD,6.0,431.20996396444843,-425.20996396444843
2021-10-14 13:00:00,1432A,SLD,6.0,430.27607705358423,-424.27607705358423
2021-10-14 14:00:00,1432A,SLD,7.0,430.2898181234095,-423.2898181234095
2021-10-14 15:00:00,1432A,SLD,11.0,429.70885719642405,-418.70885719642405
2021-10-14 16:00:00,1432A,SLD,12.0,428.8569982641316,-416.8569982641316
2021-10-14 17:00:00,1432A,SLD,13.0,429.023546722036,-416.023546722036
2021-10-14 18:00:00,1432A,SLD,14.0,428.4957870724145,-414.4957870724145
2021-10-14 19:00:00,1432A,SLD,14.0,429.54053544307396,-415.54053544307396
2021-10-14 20:00:00,1432A,SLD,13.0,431.70489865966994,-418.70489865966994
2021-10-14 21:00:00,1432A,SLD,16.0,432.42855668732034,-416.42855668732034
2021-10-14 22:00:00,1432A,SLD,23.0,431.2021519926926,-408.2021519926926
2021-10-14 23:00:00,1432A,SLD,28.0,430.73210666235485,-402.73210666235485
2021-10-15 00:00:00,1432A,SLD,34.0,430.82709621867986,-396.82709621867986
2021-10-15 01:00:00,1432A,SLD,33.0,431.93578998130016,-398.93578998130016
2021-10-15 02:00:00,1432A,SLD,28.0,432.7450474930697,-404.7450474930697
2021-10-15 03:00:00,1432A,SLD,26.0,432.3676737083208,-406.3676737083208
2021-10-15 04:00:00,1432A,SLD,25.0,431.548827875172,-406.548827875172
2021-10-15 05:00:00,1432A,SLD,22.0,432.1041269606483,-410.1041269606483
2021-10-15 06:00:00,1432A,SLD,23.0,432.8052130710061,-409.8052130710061
2021-10-15 07:00:00,1432A,SLD,13.0,431.77272813222106,-418.77272813222106
2021-10-15 08:00:00,1432A,SLD,11.0,431.6636598741184,-420.6636598741184
2021-10-15 09:00:00,1432A,SLD,12.0,432.3056732239426,-420.3056732239426
2021-10-15 10:00:00,1432A,SLD,16.0,432.99472609891643,-416.99472609891643
2021-10-15 11:00:00,1432A,SLD,13.0,433.38726842524426,-420.38726842524426
2021-10-15 12:00:00,1432A,SLD,13.0,432.3361740211416,-419.3361740211416
2021-10-15 13:00:00,1432A,SLD,13.0,431.40228711027737,-418.40228711027737
2021-10-15 14:00:00,1432A,SLD,12.0,431.4160281801026,-419.4160281801026
2021-10-15 15:00:00,1432A,SLD,14.0,430.8350672531172,-416.8350672531172
2021-10-15 16:00:00,1432A,SLD,17.0,429.98320832082476,-412.98320832082476
2021-10-15 17:00:00,1432A,SLD,23.0,430.1497567787291,-407.1497567787291
2021-10-15 18:00:00,1432A,SLD,28.0,429.6219971291076,-401.6219971291076
2021-10-15 19:00:00,1432A,SLD,29.0,430.6667454997671,-401.6667454997671
2021-10-15 20:00:00,1432A,SLD,31.0,432.8311087163631,-401.8311087163631
2021-10-15 21:00:00,1432A,SLD,27.0,433.5547667440135,-406.5547667440135
2021-10-15 22:00:00,1432A,SLD,24.0,432.32836204938576,-408.32836204938576
2021-10-15 23:00:00,1432A,SLD,28.0,431.858316719048,-403.858316719048
2021-10-16 00:00:00,1432A,SLD,30.0,431.953306275373,-401.953306275373
2021-10-16 01:00:00,1432A,SLD,30.0,433.0620000379933,-403.0620000379933
2021-10-16 02:00:00,1432A,SLD,19.0,433.87125754976284,-414.87125754976284
2021-10-16 03:00:00,1432A,SLD,13.0,433.49388376501395,-420.49388376501395
2021-10-16 04:00:00,1432A,SLD,16.0,432.6750379318651,-416.6750379318651
2021-10-16 05:00:00,1432A,SLD,30.0,433.2303370173414,-403.2303370173414
2021-10-16 06:00:00,1432A,SLD,21.0,433.93142312769925,-412.93142312769925
2021-10-16 07:00:00,1432A,SLD,13.0,432.8989381889142,-419.8989381889142
2021-10-16 08:00:00,1432A,SLD,16.0,432.78986993081156,-416.78986993081156
2021-10-16 09:00:00,1432A,SLD,14.0,433.43188328063576,-419.43188328063576
2021-10-16 10:00:00,1432A,SLD,14.0,434.12093615560957,-420.12093615560957
2021-10-16 11:00:00,1432A,SLD,14.0,434.5134784819374,-420.5134784819374
2021-10-16 12:00:00,1432A,SLD,18.0,433.4623840778347,-415.4623840778347
2021-10-16 13:00:00,1432A,SLD,22.0,432.5284971669705,-410.5284971669705
2021-10-16 14:00:00,1432A,SLD,25.0,432.54223823679575,-407.54223823679575
2021-10-16 15:00:00,1432A,SLD,25.0,431.9612773098103,-406.9612773098103
2021-10-16 16:00:00,1432A,SLD,23.0,431.1094183775179,-408.1094183775179
2021-10-16 17:00:00,1432A,SLD,16.0,431.27596683542225,-415.27596683542225
2021-10-16 18:00:00,1432A,SLD,13.0,430.74820718580077,-417.74820718580077
2021-10-16 19:00:00,1432A,SLD,16.0,431.79295555646024,-415.79295555646024
2021-10-16 20:00:00,1432A,SLD,12.0,433.9573187730562,-421.9573187730562
2021-10-16 21:00:00,1432A,SLD,7.0,434.6809768007066,-427.6809768007066
2021-10-16 22:00:00,1432A,SLD,7.0,433.4545721060789,-426.4545721060789
2021-10-16 23:00:00,1432A,SLD,8.0,432.98452677574113,-424.98452677574113
2021-10-17 00:00:00,1432A,SLD,11.0,433.07951633206613,-422.07951633206613
2021-10-17 01:00:00,1432A,SLD,12.0,434.18821009468644,-422.18821009468644
2021-10-17 02:00:00,1432A,SLD,11.0,434.997467606456,-423.997467606456
2021-10-17 03:00:00,1432A,SLD,9.0,434.6200938217071,-425.6200938217071
2021-10-17 04:00:00,1432A,SLD,11.0,433.80124798855826,-422.80124798855826
2021-10-17 05:00:00,1432A,SLD,13.0,434.35654707403455,-421.35654707403455
2021-10-17 06:00:00,1432A,SLD,9.0,435.0576331843924,-426.0576331843924
2021-10-17 07:00:00,1432A,SLD,8.0,434.02514824560734,-426.02514824560734
2021-10-17 08:00:00,1432A,SLD,9.0,433.9160799875047,-424.9160799875047
2021-10-17 09:00:00,1432A,SLD,10.0,434.5580933373289,-424.5580933373289
2021-10-17 10:00:00,1432A,SLD,12.0,435.2471462123027,-423.2471462123027
2021-10-17 11:00:00,1432A,SLD,13.0,435.63968853863054,-422.63968853863054
2021-10-17 12:00:00,1432A,SLD,16.0,434.58859413452785,-418.58859413452785
2021-10-17 13:00:00,1432A,SLD,22.0,433.65470722366365,-411.65470722366365
2021-10-17 14:00:00,1432A,SLD,21.0,433.6684482934889,-412.6684482934889
2021-10-17 15:00:00,1432A,SLD,23.0,433.08748736650347,-410.08748736650347
2021-10-17 16:00:00,1432A,SLD,26.0,432.23562843421104,-406.23562843421104
2021-10-17 17:00:00,1432A,SLD,21.0,432.4021768921154,-411.4021768921154
2021-10-17 18:00:00,1432A,SLD,12.0,431.8744172424939,-419.8744172424939
2021-10-17 19:00:00,1432A,SLD,16.0,432.9191656131534,-416.9191656131534
2021-10-17 20:00:00,1432A,SLD,18.0,435.08352882974935,-417.08352882974935
2021-10-17 21:00:00,1432A,SLD,17.0,435.80718685739976,-418.80718685739976
2021-10-17 22:00:00,1432A,SLD,20.0,434.58078216277204,-414.58078216277204
2021-10-17 23:00:00,1432A,SLD,19.0,434.11073683243427,-415.11073683243427
2021-10-18 00:00:00,1432A,SLD,22.0,434.2057263887593,-412.2057263887593
2021-10-18 01:00:00,1432A,SLD,24.0,435.3144201513796,-411.3144201513796
2021-10-18 02:00:00,1432A,SLD,24.0,436.1236776631491,-412.1236776631491
2021-10-18 03:00:00,1432A,SLD,24.0,435.7463038784002,-411.7463038784002
2021-10-18 04:00:00,1432A,SLD,28.0,434.9274580452514,-406.9274580452514
2021-10-18 05:00:00,1432A,SLD,29.0,435.4827571307277,-406.4827571307277
2021-10-18 06:00:00,1432A,SLD,37.0,436.1838432410855,-399.1838432410855
2021-10-18 07:00:00,1432A,SLD,34.0,435.1513583023005,-401.1513583023005
2021-10-18 08:00:00,1432A,SLD,28.0,435.04229004419784,-407.04229004419784
2021-10-18 09:00:00,1432A,SLD,25.0,435.68430339402204,-410.68430339402204
2021-10-18 10:00:00,1432A,SLD,20.0,436.37335626899585,-416.37335626899585
2021-10-18 11:00:00,1432A,SLD,17.0,436.7658985953237,-419.7658985953237
2021-10-18 12:00:00,1432A,SLD,15.0,435.714804191221,-420.714804191221
2021-10-18 13:00:00,1432A,SLD,16.0,434.7809172803568,-418.7809172803568
2021-10-18 14:00:00,1432A,SLD,18.0,434.79465835018203,-416.79465835018203
2021-10-18 15:00:00,1432A,SLD,20.0,434.2136974231966,-414.2136974231966
2021-10-18 16:00:00,1432A,SLD,14.0,433.3618384909042,-419.3618384909042
2021-10-18 17:00:00,1432A,SLD,12.0,433.52838694880853,-421.52838694880853
2021-10-18 18:00:00,1432A,SLD,14.0,433.00062729918704,-419.00062729918704
2021-10-18 19:00:00,1432A,SLD,14.0,434.0453756698465,-420.0453756698465
2021-10-18 20:00:00,1432A,SLD,14.0,436.2097388864425,-422.2097388864425
2021-10-18 21:00:00,1432A,SLD,14.0,436.9333969140929,-422.9333969140929
2021-10-18 22:00:00,1432A,SLD,16.0,435.7069922194652,-419.7069922194652
2021-10-18 23:00:00,1432A,SLD,20.0,435.2369468891274,-415.2369468891274
2021-10-19 00:00:00,1432A,SLD,28.0,435.3319364454524,-407.3319364454524
2021-10-19 01:00:00,1432A,SLD,31.0,436.4406302080727,-405.4406302080727
2021-10-19 02:00:00,1432A,SLD,30.0,437.24988771984226,-407.24988771984226
2021-10-19 03:00:00,1432A,SLD,37.0,436.87251393509337,-399.87251393509337
2021-10-19 04:00:00,1432A,SLD,42.0,436.05366810194454,-394.05366810194454
2021-10-19 05:00:00,1432A,SLD,43.0,436.60896718742083,-393.60896718742083
2021-10-19 06:00:00,1432A,SLD,43.0,437.31005329777867,-394.31005329777867
2021-10-19 07:00:00,1432A,SLD,42.0,436.2775683589936,-394.2775683589936
2021-10-19 08:00:00,1432A,SLD,40.0,436.168500100891,-396.168500100891
2021-10-19 09:00:00,1432A,SLD,37.0,436.8105134507152,-399.8105134507152
2021-10-19 10:00:00,1432A,SLD,37.0,437.499566325689,-400.499566325689
2021-10-19 11:00:00,1432A,SLD,36.0,437.8921086520168,-401.8921086520168
2021-10-19 12:00:00,1432A,SLD,36.0,436.84101424791413,-400.84101424791413
2021-10-19 13:00:00,1432A,SLD,43.0,435.90712733704993,-392.90712733704993
2021-10-19 14:00:00,1432A,SLD,48.0,435.9208684068752,-387.9208684068752
2021-10-19 15:00:00,1432A,SLD,45.0,435.33990747988975,-390.33990747988975
2021-10-19 16:00:00,1432A,SLD,42.0,434.4880485475973,-392.4880485475973
2021-10-19 17:00:00,1432A,SLD,34.0,434.65459700550167,-400.65459700550167
2021-10-19 18:00:00,1432A,SLD,33.0,434.1268373558802,-401.1268373558802
2021-10-19 19:00:00,1432A,SLD,28.0,435.17158572653966,-407.17158572653966
2021-10-19 20:00:00,1432A,SLD,28.0,437.33594894313563,-409.33594894313563
2021-10-19 21:00:00,1432A,SLD,30.0,438.05960697078604,-408.05960697078604
2021-10-19 22:00:00,1432A,SLD,24.0,436.8332022761583,-412.8332022761583
2021-10-19 23:00:00,1432A,SLD,21.0,436.36315694582055,-415.36315694582055
2021-10-20 00:00:00,1432A,SLD,15.0,436.45814650214555,-421.45814650214555
2021-10-20 01:00:00,1432A,SLD,15.0,437.56684026476586,-422.56684026476586
2021-10-20 02:00:00,1432A,SLD,19.0,438.3760977765354,-419.3760977765354
2021-10-20 03:00:00,1432A,SLD,22.0,437.9987239917865,-415.9987239917865
2021-10-20 04:00:00,1432A,SLD,25.0,437.1798781586377,-412.1798781586377
2021-10-20 05:00:00,1432A,SLD,28.0,437.73517724411397,-409.73517724411397
2021-10-20 06:00:00,1432A,SLD,24.0,438.4362633544718,-414.4362633544718
2021-10-20 07:00:00,1432A,SLD,19.0,437.40377841568676,-418.40377841568676
2021-10-20 08:00:00,1432A,SLD,14.0,437.2947101575841,-423.2947101575841
2021-10-20 09:00:00,1432A,SLD,9.0,437.9367235074083,-428.9367235074083
2021-10-20 10:00:00,1432A,SLD,6.0,438.6257763823821,-432.6257763823821
2021-10-20 11:00:00,1432A,SLD,3.0,439.01831870870996,-436.01831870870996
2021-10-20 12:00:00,1432A,SLD,3.0,437.96722430460727,-434.96722430460727
2021-10-20 13:00:00,1432A,SLD,4.0,437.03333739374307,-433.03333739374307
2021-10-20 14:00:00,1432A,SLD,5.0,437.0470784635683,-432.0470784635683
2021-10-20 15:00:00,1432A,SLD,4.0,436.4661175365829,-432.4661175365829
2021-10-20 16:00:00,1432A,SLD,2.0,435.61425860429046,-433.61425860429046
2021-10-20 17:00:00,1432A,SLD,3.0,435.7808070621948,-432.7808070621948
2021-10-20 18:00:00,1432A,SLD,4.0,435.2530474125733,-431.2530474125733
2021-10-20 19:00:00,1432A,SLD,5.0,436.2977957832328,-431.2977957832328
2021-10-20 20:00:00,1432A,SLD,7.0,438.4621589998288,-431.4621589998288
2021-10-20 21:00:00,1432A,SLD,10.0,439.1858170274792,-429.1858170274792
2021-10-20 22:00:00,1432A,SLD,13.0,437.95941233285146,-424.95941233285146
2021-10-20 23:00:00,1432A,SLD,12.0,437.4893670025137,-425.4893670025137
2021-10-21 00:00:00,1432A,SLD,14.0,437.5843565588387,-423.5843565588387
2021-10-21 01:00:00,1432A,SLD,17.0,438.693050321459,-421.693050321459
2021-10-21 02:00:00,1432A,SLD,12.0,439.50230783322854,-427.50230783322854
2021-10-21 03:00:00,1432A,SLD,6.0,439.12493404847964,-433.12493404847964
2021-10-21 04:00:00,1432A,SLD,5.0,438.3060882153308,-433.3060882153308
2021-10-21 05:00:00,1432A,SLD,4.0,438.8613873008071,-434.8613873008071
2021-10-21 06:00:00,1432A,SLD,8.0,439.56247341116494,-431.56247341116494
2021-10-21 07:00:00,1432A,SLD,11.0,438.5299884723799,-427.5299884723799
2021-10-21 08:00:00,1432A,SLD,10.0,438.42092021427726,-428.42092021427726
2021-10-21 09:00:00,1432A,SLD,12.0,439.06293356410146,-427.06293356410146
2021-10-21 10:00:00,1432A,SLD,12.0,439.75198643907527,-427.75198643907527
2021-10-21 11:00:00,1432A,SLD,15.0,440.1445287654031,-425.1445287654031
2021-10-21 12:00:00,1432A,SLD,18.0,439.0934343613004,-421.0934343613004
2021-10-21 13:00:00,1432A,SLD,22.0,438.1595474504362,-416.1595474504362
2021-10-21 14:00:00,1432A,SLD,25.0,438.17328852026145,-413.17328852026145
2021-10-21 15:00:00,1432A,SLD,29.0,437.592327593276,-408.592327593276
2021-10-21 16:00:00,1432A,SLD,33.0,436.7404686609836,-403.7404686609836
2021-10-21 17:00:00,1432A,SLD,35.0,436.90701711888795,-401.90701711888795
2021-10-21 18:00:00,1432A,SLD,21.0,436.37925746926646,-415.37925746926646
2021-10-21 19:00:00,1432A,SLD,18.0,437.42400583992594,-419.42400583992594
2021-10-21 20:00:00,1432A,SLD,17.0,439.5883690565219,-422.5883690565219
2021-10-21 21:00:00,1432A,SLD,20.0,440.3120270841723,-420.3120270841723
2021-10-21 22:00:00,1432A,SLD,21.0,439.0856223895446,-418.0856223895446
2021-10-21 23:00:00,1432A,SLD,20.0,438.6155770592068,-418.6155770592068
2021-10-22 00:00:00,1432A,SLD,16.0,438.71056661553183,-422.71056661553183
2021-10-22 01:00:00,1432A,SLD,16.0,439.81926037815214,-423.81926037815214
2021-10-22 02:00:00,1432A,SLD,18.0,440.6285178899217,-422.6285178899217
2021-10-22 03:00:00,1432A,SLD,20.0,440.2511441051728,-420.2511441051728
2021-10-22 04:00:00,1432A,SLD,16.0,439.43229827202396,-423.43229827202396
2021-10-22 05:00:00,1432A,SLD,14.0,439.98759735750025,-425.98759735750025
2021-10-22 06:00:00,1432A,SLD,12.0,440.6886834678581,-428.6886834678581
2021-10-22 07:00:00,1432A,SLD,12.0,439.65619852907304,-427.65619852907304
2021-10-22 08:00:00,1432A,SLD,12.0,439.5471302709704,-427.5471302709704
2021-10-22 09:00:00,1432A,SLD,14.0,440.1891436207946,-426.1891436207946
2021-10-22 10:00:00,1432A,SLD,17.0,440.8781964957684,-423.8781964957684
2021-10-22 11:00:00,1432A,SLD,19.0,441.27073882209623,-422.27073882209623
2021-10-22 12:00:00,1432A,SLD,23.0,440.21964441799355,-417.21964441799355
2021-10-22 13:00:00,1432A,SLD,27.0,439.28575750712935,-412.28575750712935
2021-10-22 14:00:00,1432A,SLD,23.0,439.2994985769546,-416.2994985769546
2021-10-22 15:00:00,1432A,SLD,18.0,438.71853764996916,-420.71853764996916
2021-10-22 16:00:00,1432A,SLD,20.0,437.86667871767673,-417.86667871767673
2021-10-22 17:00:00,1432A,SLD,19.0,438.0332271755811,-419.0332271755811
2021-10-22 18:00:00,1432A,SLD,20.0,437.5054675259596,-417.5054675259596
2021-10-22 19:00:00,1432A,SLD,20.0,438.5502158966191,-418.5502158966191
2021-10-22 20:00:00,1432A,SLD,22.0,440.71457911321505,-418.71457911321505
2021-10-22 21:00:00,1432A,SLD,24.0,441.43823714086545,-417.43823714086545
2021-10-22 22:00:00,1432A,SLD,26.0,440.21183244623774,-414.21183244623774
2021-10-22 23:00:00,1432A,SLD,25.0,439.74178711589997,-414.74178711589997
2021-10-23 00:00:00,1432A,SLD,25.0,439.83677667222497,-414.83677667222497
2021-10-23 01:00:00,1432A,SLD,24.0,440.9454704348453,-416.9454704348453
2021-10-23 02:00:00,1432A,SLD,22.0,441.7547279466148,-419.7547279466148
2021-10-23 03:00:00,1432A,SLD,25.0,441.3773541618659,-416.3773541618659
2021-10-23 04:00:00,1432A,SLD,28.0,440.5585083287171,-412.5585083287171
2021-10-23 05:00:00,1432A,SLD,29.0,441.1138074141934,-412.1138074141934
2021-10-23 06:00:00,1432A,SLD,31.0,441.8148935245512,-410.8148935245512
2021-10-23 07:00:00,1432A,SLD,32.0,440.7824085857662,-408.7824085857662
2021-10-23 08:00:00,1432A,SLD,33.0,440.67334032766354,-407.67334032766354
2021-10-23 09:00:00,1432A,SLD,34.0,441.31535367748774,-407.31535367748774
2021-10-23 10:00:00,1432A,SLD,34.0,442.00440655246155,-408.00440655246155
2021-10-23 11:00:00,1432A,SLD,32.0,442.3969488787894,-410.3969488787894
2021-10-23 12:00:00,1432A,SLD,31.0,441.3458544746867,-410.3458544746867
2021-10-23 13:00:00,1432A,SLD,32.0,440.4119675638225,-408.4119675638225
2021-10-23 14:00:00,1432A,SLD,31.0,440.42570863364773,-409.42570863364773
2021-10-23 15:00:00,1432A,SLD,35.0,439.8447477066623,-404.8447477066623
2021-10-23 16:00:00,1432A,SLD,36.0,438.9928887743699,-402.9928887743699
2021-10-23 17:00:00,1432A,SLD,33.0,439.15943723227423,-406.15943723227423
2021-10-23 18:00:00,1432A,SLD,35.0,438.63167758265274,-403.63167758265274
2021-10-23 19:00:00,1432A,SLD,38.0,439.6764259533122,-401.6764259533122
2021-10-23 20:00:00,1432A,SLD,41.0,441.8407891699082,-400.8407891699082
2021-10-23 21:00:00,1432A,SLD,46.0,442.5644471975586,-396.5644471975586
2021-10-23 22:00:00,1432A,SLD,46.0,441.3380425029309,-395.3380425029309
2021-10-23 23:00:00,1432A,SLD,46.0,440.8679971725931,-394.8679971725931
2021-10-24 00:00:00,1432A,SLD,43.0,440.9629867289181,-397.9629867289181
2021-10-24 01:00:00,1432A,SLD,35.0,442.0716804915384,-407.0716804915384
2021-10-24 02:00:00,1432A,SLD,36.0,442.88093800330796,-406.88093800330796
2021-10-24 03:00:00,1432A,SLD,36.0,442.50356421855906,-406.50356421855906
2021-10-24 04:00:00,1432A,SLD,35.0,441.68471838541024,-406.68471838541024
2021-10-24 05:00:00,1432A,SLD,38.0,442.2400174708865,-404.2400174708865
2021-10-24 06:00:00,1432A,SLD,39.0,442.94110358124436,-403.94110358124436
2021-10-24 07:00:00,1432A,SLD,43.0,441.9086186424593,-398.9086186424593
2021-10-24 08:00:00,1432A,SLD,44.0,441.7995503843567,-397.7995503843567
2021-10-24 09:00:00,1432A,SLD,47.0,442.4415637341809,-395.4415637341809
2021-10-24 10:00:00,1432A,SLD,48.0,443.1306166091547,-395.1306166091547
2021-10-24 11:00:00,1432A,SLD,47.0,443.5231589354825,-396.5231589354825
2021-10-24 12:00:00,1432A,SLD,49.0,442.47206453137983,-393.47206453137983
2021-10-24 13:00:00,1432A,SLD,47.0,441.5381776205156,-394.5381776205156
2021-10-24 14:00:00,1432A,SLD,38.0,441.55191869034087,-403.55191869034087
2021-10-24 15:00:00,1432A,SLD,33.0,440.97095776335544,-407.97095776335544
2021-10-24 16:00:00,1432A,SLD,38.0,440.119098831063,-402.119098831063
2021-10-24 17:00:00,1432A,SLD,36.0,440.28564728896737,-404.28564728896737
2021-10-24 18:00:00,1432A,SLD,35.0,439.7578876393459,-404.7578876393459
2021-10-24 19:00:00,1432A,SLD,34.0,440.80263601000536,-406.80263601000536
2021-10-24 20:00:00,1432A,SLD,40.0,442.96699922660133,-402.96699922660133
2021-10-24 21:00:00,1432A,SLD,39.0,443.69065725425173,-404.69065725425173
2021-10-24 22:00:00,1432A,SLD,41.0,442.464252559624,-401.464252559624
2021-10-24 23:00:00,1432A,SLD,61.0,441.99420722928625,-380.99420722928625
2021-10-25 00:00:00,1432A,SLD,67.0,442.08919678561125,-375.08919678561125
2021-10-25 01:00:00,1432A,SLD,68.0,443.19789054823156,-375.19789054823156
2021-10-25 02:00:00,1432A,SLD,64.0,444.0071480600011,-380.0071480600011
2021-10-25 03:00:00,1432A,SLD,61.0,443.6297742752522,-382.6297742752522
2021-10-25 04:00:00,1432A,SLD,61.0,442.8109284421034,-381.8109284421034
2021-10-25 05:00:00,1432A,SLD,62.0,443.36622752757967,-381.36622752757967
2021-10-25 06:00:00,1432A,SLD,63.0,444.0673136379375,-381.0673136379375
2021-10-25 07:00:00,1432A,SLD,66.0,443.03482869915246,-377.03482869915246
2021-10-25 08:00:00,1432A,SLD,66.0,442.9257604410498,-376.9257604410498
2021-10-25 09:00:00,1432A,SLD,69.0,443.567773790874,-374.567773790874
2021-10-25 10:00:00,1432A,SLD,69.0,444.2568266658478,-375.2568266658478
2021-10-25 11:00:00,1432A,SLD,68.0,444.64936899217565,-376.64936899217565
2021-10-25 12:00:00,1432A,SLD,68.0,443.59827458807297,-375.59827458807297
2021-10-25 13:00:00,1432A,SLD,72.0,442.66438767720877,-370.66438767720877
2021-10-25 14:00:00,1432A,SLD,77.0,442.678128747034,-365.678128747034
2021-10-25 15:00:00,1432A,SLD,62.0,442.0971678200486,-380.0971678200486
2021-10-25 16:00:00,1432A,SLD,55.0,441.24530888775615,-386.24530888775615
2021-10-25 17:00:00,1432A,SLD,57.0,441.4118573456605,-384.4118573456605
2021-10-25 18:00:00,1432A,SLD,53.0,440.884097696039,-387.884097696039
2021-10-25 19:00:00,1432A,SLD,47.0,441.9288460666985,-394.9288460666985
2021-10-25 20:00:00,1432A,SLD,54.0,444.09320928329447,-390.09320928329447
2021-10-25 21:00:00,1432A,SLD,58.0,444.8168673109449,-386.8168673109449
2021-10-25 22:00:00,1432A,SLD,56.0,443.59046261631715,-387.59046261631715
2021-10-25 23:00:00,1432A,SLD,56.0,443.1204172859794,-387.1204172859794
2021-10-26 00:00:00,1432A,SLD,48.0,443.2154068423044,-395.2154068423044
2021-10-26 01:00:00,1432A,SLD,,444.3241006049247,
2021-10-26 02:00:00,1432A,SLD,,445.13335811669424,
2021-10-26 03:00:00,1432A,SLD,45.0,444.75598433194534,-399.75598433194534
2021-10-26 04:00:00,1432A,SLD,47.0,443.9371384987965,-396.9371384987965
2021-10-26 05:00:00,1432A,SLD,44.0,444.4924375842728,-400.4924375842728
2021-10-26 06:00:00,1432A,SLD,,445.19352369463064,
2021-10-26 07:00:00,1432A,SLD,49.0,444.1610387558456,-395.1610387558456
2021-10-26 08:00:00,1432A,SLD,45.0,444.05197049774296,-399.05197049774296
2021-10-26 09:00:00,1432A,SLD,47.0,444.69398384756715,-397.69398384756715
2021-10-26 10:00:00,1432A,SLD,39.0,445.38303672254096,-406.38303672254096
2021-10-26 11:00:00,1432A,SLD,33.0,445.7755790488688,-412.7755790488688
2021-10-26 12:00:00,1432A,SLD,27.0,444.7244846447661,-417.7244846447661
2021-10-26 13:00:00,1432A,SLD,19.0,443.7905977339019,-424.7905977339019
2021-10-26 14:00:00,1432A,SLD,12.0,443.80433880372715,-431.80433880372715
2021-10-26 15:00:00,1432A,SLD,14.0,443.2233778767417,-429.2233778767417
2021-10-26 16:00:00,1432A,SLD,,442.3715189444493,
2021-10-26 17:00:00,1432A,SLD,12.0,442.53806740235365,-430.53806740235365
2021-10-26 18:00:00,1432A,SLD,14.0,442.01030775273216,-428.01030775273216
2021-10-26 19:00:00,1432A,SLD,19.0,443.05505612339164,-424.05505612339164
2021-10-26 20:00:00,1432A,SLD,13.0,445.2194193399876,-432.2194193399876
2021-10-26 21:00:00,1432A,SLD,16.0,445.943077367638,-429.943077367638
2021-10-26 22:00:00,1432A,SLD,17.0,444.7166726730103,-427.7166726730103
2021-10-26 23:00:00,1432A,SLD,21.0,444.2466273426725,-423.2466273426725
2021-10-27 00:00:00,1432A,SLD,22.0,444.34161689899753,-422.34161689899753
2021-10-27 01:00:00,1432A,SLD,14.0,445.45031066161783,-431.45031066161783
2021-10-27 02:00:00,1432A,SLD,17.0,446.2595681733874,-429.2595681733874
2021-10-27 03:00:00,1432A,SLD,17.0,445.8821943886385,-428.8821943886385
2021-10-27 04:00:00,1432A,SLD,19.0,445.06334855548965,-426.06334855548965
2021-10-27 05:00:00,1432A,SLD,21.0,445.61864764096595,-424.61864764096595
2021-10-27 06:00:00,1432A,SLD,22.0,446.3197337513238,-424.3197337513238
2021-10-27 07:00:00,1432A,SLD,21.0,445.28724881253873,-424.28724881253873
2021-10-27 08:00:00,1432A,SLD,20.0,445.1781805544361,-425.1781805544361
2021-10-27 09:00:00,1432A,SLD,23.0,445.8201939042603,-422.8201939042603
2021-10-27 10:00:00,1432A,SLD,32.0,446.5092467792341,-414.5092467792341
2021-10-27 11:00:00,1432A,SLD,29.0,446.90178910556193,-417.90178910556193
2021-10-27 12:00:00,1432A,SLD,22.0,445.85069470145925,-423.85069470145925
2021-10-27 13:00:00,1432A,SLD,14.0,444.91680779059504,-430.91680779059504
2021-10-27 14:00:00,1432A,SLD,11.0,444.9305488604203,-433.9305488604203
2021-10-27 15:00:00,1432A,SLD,10.0,444.34958793343486,-434.34958793343486
2021-10-27 16:00:00,1432A,SLD,8.0,443.49772900114243,-435.49772900114243
2021-10-27 17:00:00,1432A,SLD,8.0,443.6642774590468,-435.6642774590468
2021-10-27 18:00:00,1432A,SLD,10.0,443.1365178094253,-433.1365178094253
2021-10-27 19:00:00,1432A,SLD,14.0,444.1812661800848,-430.1812661800848
2021-10-27 20:00:00,1432A,SLD,22.0,446.34562939668075,-424.34562939668075
2021-10-27 21:00:00,1432A,SLD,24.0,447.06928742433115,-423.06928742433115
2021-10-27 22:00:00,1432A,SLD,32.0,445.84288272970343,-413.84288272970343
2021-10-27 23:00:00,1432A,SLD,33.0,445.37283739936566,-412.37283739936566
2021-10-28 00:00:00,1432A,SLD,24.0,445.46782695569067,-421.46782695569067
2021-10-28 01:00:00,1432A,SLD,26.0,446.576520718311,-420.576520718311
2021-10-28 02:00:00,1432A,SLD,27.0,447.3857782300805,-420.3857782300805
2021-10-28 03:00:00,1432A,SLD,25.0,447.0084044453316,-422.0084044453316
2021-10-28 04:00:00,1432A,SLD,22.0,446.1895586121828,-424.1895586121828
2021-10-28 05:00:00,1432A,SLD,21.0,446.7448576976591,-425.7448576976591
2021-10-28 06:00:00,1432A,SLD,26.0,447.4459438080169,-421.4459438080169
2021-10-28 07:00:00,1432A,SLD,34.0,446.4134588692319,-412.4134588692319
2021-10-28 08:00:00,1432A,SLD,38.0,446.30439061112924,-408.30439061112924
2021-10-28 09:00:00,1432A,SLD,41.0,446.94640396095343,-405.94640396095343
2021-10-28 10:00:00,1432A,SLD,47.0,447.63545683592724,-400.63545683592724
2021-10-28 11:00:00,1432A,SLD,41.0,448.02799916225507,-407.02799916225507
2021-10-28 12:00:00,1432A,SLD,32.0,446.9769047581524,-414.9769047581524
2021-10-28 13:00:00,1432A,SLD,37.0,446.0430178472882,-409.0430178472882
2021-10-28 14:00:00,1432A,SLD,34.0,446.0567589171134,-412.0567589171134
2021-10-28 15:00:00,1432A,SLD,35.0,445.475797990128,-410.475797990128
2021-10-28 16:00:00,1432A,SLD,30.0,444.62393905783557,-414.62393905783557
2021-10-28 17:00:00,1432A,SLD,26.0,444.7904875157399,-418.7904875157399
2021-10-28 18:00:00,1432A,SLD,22.0,444.26272786611844,-422.26272786611844
2021-10-28 19:00:00,1432A,SLD,22.0,445.3074762367779,-423.3074762367779
2021-10-28 20:00:00,1432A,SLD,16.0,447.4718394533739,-431.4718394533739
2021-10-28 21:00:00,1432A,SLD,23.0,448.1954974810243,-425.1954974810243
2021-10-28 22:00:00,1432A,SLD,29.0,446.9690927863966,-417.9690927863966
2021-10-28 23:00:00,1432A,SLD,33.0,446.4990474560588,-413.4990474560588
2021-10-29 00:00:00,1432A,SLD,33.0,446.5940370123838,-413.5940370123838
2021-10-29 01:00:00,1432A,SLD,36.0,447.7027307750041,-411.7027307750041
2021-10-29 02:00:00,1432A,SLD,36.0,448.51198828677366,-412.51198828677366
2021-10-29 03:00:00,1432A,SLD,39.0,448.13461450202476,-409.13461450202476
2021-10-29 04:00:00,1432A,SLD,40.0,447.31576866887593,-407.31576866887593
2021-10-29 05:00:00,1432A,SLD,44.0,447.8710677543522,-403.8710677543522
2021-10-29 06:00:00,1432A,SLD,43.0,448.57215386471006,-405.57215386471006
2021-10-29 07:00:00,1432A,SLD,56.0,447.539668925925,-391.539668925925
2021-10-29 08:00:00,1432A,SLD,54.0,447.4306006678224,-393.4306006678224
2021-10-29 09:00:00,1432A,SLD,51.0,448.0726140176466,-397.0726140176466
2021-10-29 10:00:00,1432A,SLD,47.0,448.7616668926204,-401.7616668926204
2021-10-29 11:00:00,1432A,SLD,37.0,449.1542092189482,-412.1542092189482
2021-10-29 12:00:00,1432A,SLD,36.0,448.1031148148455,-412.1031148148455
2021-10-29 13:00:00,1432A,SLD,32.0,447.1692279039813,-415.1692279039813
2021-10-29 14:00:00,1432A,SLD,34.0,447.18296897380657,-413.18296897380657
2021-10-29 15:00:00,1432A,SLD,36.0,446.60200804682114,-410.60200804682114
2021-10-29 16:00:00,1432A,SLD,33.0,445.7501491145287,-412.7501491145287
2021-10-29 17:00:00,1432A,SLD,32.0,445.91669757243307,-413.91669757243307
2021-10-29 18:00:00,1432A,SLD,29.0,445.3889379228116,-416.3889379228116
2021-10-29 19:00:00,1432A,SLD,33.0,446.43368629347106,-413.43368629347106
2021-10-29 20:00:00,1432A,SLD,35.0,448.598049510067,-413.598049510067
2021-10-29 21:00:00,1432A,SLD,36.0,449.32170753771743,-413.32170753771743
2021-10-29 22:00:00,1432A,SLD,36.0,448.0953028430897,-412.0953028430897
2021-10-29 23:00:00,1432A,SLD,38.0,447.62525751275194,-409.62525751275194
2021-10-30 00:00:00,1432A,SLD,,447.72024706907695,
2021-10-30 01:00:00,1432A,SLD,39.0,448.82894083169725,-409.82894083169725
2021-10-30 02:00:00,1432A,SLD,39.0,449.6381983434668,-410.6381983434668
2021-10-30 03:00:00,1432A,SLD,40.0,449.2608245587179,-409.2608245587179
2021-10-30 04:00:00,1432A,SLD,43.0,448.4419787255691,-405.4419787255691
2021-10-30 05:00:00,1432A,SLD,45.0,448.99727781104536,-403.99727781104536
2021-10-30 06:00:00,1432A,SLD,45.0,449.6983639214032,-404.6983639214032
2021-10-30 07:00:00,1432A,SLD,46.0,448.66587898261815,-402.66587898261815
2021-10-30 08:00:00,1432A,SLD,50.0,448.5568107245155,-398.5568107245155
2021-10-30 09:00:00,1432A,SLD,53.0,449.1988240743397,-396.1988240743397
2021-10-30 10:00:00,1432A,SLD,50.0,449.8878769493135,-399.8878769493135
2021-10-30 11:00:00,1432A,SLD,45.0,450.28041927564135,-405.28041927564135
2021-10-30 12:00:00,1432A,SLD,37.0,449.22932487153867,-412.22932487153867
2021-10-30 13:00:00,1432A,SLD,31.0,448.29543796067446,-417.29543796067446
2021-10-30 14:00:00,1432A,SLD,29.0,448.3091790304997,-419.3091790304997
2021-10-30 15:00:00,1432A,SLD,28.0,447.7282181035143,-419.7282181035143
2021-10-30 16:00:00,1432A,SLD,30.0,446.87635917122185,-416.87635917122185
2021-10-30 17:00:00,1432A,SLD,27.0,447.0429076291262,-420.0429076291262
2021-10-30 18:00:00,1432A,SLD,37.0,446.5151479795047,-409.5151479795047
2021-10-30 19:00:00,1432A,SLD,41.0,447.5598963501642,-406.5598963501642
2021-10-30 20:00:00,1432A,SLD,43.0,449.72425956676017,-406.72425956676017
2021-10-30 21:00:00,1432A,SLD,47.0,450.44791759441057,-403.44791759441057
2021-10-30 22:00:00,1432A,SLD,51.0,449.22151289978285,-398.22151289978285
2021-10-30 23:00:00,1432A,SLD,50.0,448.7514675694451,-398.7514675694451
2021-10-31 00:00:00,1432A,SLD,62.0,448.8464571257701,-386.8464571257701
2021-10-31 01:00:00,1432A,SLD,60.0,449.9551508883904,-389.9551508883904
2021-10-31 02:00:00,1432A,SLD,57.0,450.76440840015994,-393.76440840015994
2021-10-31 03:00:00,1432A,SLD,50.0,450.38703461541104,-400.38703461541104
2021-10-31 04:00:00,1432A,SLD,42.0,449.5681887822622,-407.5681887822622
2021-10-31 05:00:00,1432A,SLD,38.0,450.1234878677385,-412.1234878677385
2021-10-31 06:00:00,1432A,SLD,35.0,450.82457397809634,-415.82457397809634
2021-10-31 07:00:00,1432A,SLD,37.0,449.7920890393113,-412.7920890393113
2021-10-31 08:00:00,1432A,SLD,34.0,449.68302078120865,-415.68302078120865
2021-10-31 09:00:00,1432A,SLD,35.0,450.32503413103285,-415.32503413103285
2021-10-31 10:00:00,1432A,SLD,36.0,451.01408700600666,-415.01408700600666
2021-10-31 11:00:00,1432A,SLD,35.0,451.4066293323345,-416.4066293323345
2021-10-31 12:00:00,1432A,SLD,31.0,450.3555349282318,-419.3555349282318
2021-10-31 13:00:00,1432A,SLD,25.0,449.4216480173676,-424.4216480173676
2021-10-31 14:00:00,1432A,SLD,20.0,449.43538908719285,-429.43538908719285
2021-10-31 15:00:00,1432A,SLD,20.0,448.8544281602074,-428.8544281602074
2021-10-31 16:00:00,1432A,SLD,20.0,448.002569227915,-428.002569227915
2021-10-31 17:00:00,1432A,SLD,16.0,448.16911768581934,-432.16911768581934
2021-10-31 18:00:00,1432A,SLD,16.0,447.64135803619786,-431.64135803619786
2021-10-31 19:00:00,1432A,SLD,18.0,448.68610640685733,-430.68610640685733
2021-10-31 20:00:00,1432A,SLD,20.0,450.8504696234533,-430.8504696234533
2021-10-31 21:00:00,1432A,SLD,21.0,451.5741276511037,-430.5741276511037
2021-10-31 22:00:00,1432A,SLD,19.0,450.347722956476,-431.347722956476
2021-10-31 23:00:00,1432A,SLD,18.0,449.8776776261382,-431.8776776261382
2021-11-01 00:00:00,1432A,SLD,18.0,449.9726671824632,-431.9726671824632
2021-11-01 01:00:00,1432A,SLD,13.0,451.08136094508353,-438.08136094508353
2021-11-01 02:00:00,1432A,SLD,14.0,451.8906184568531,-437.8906184568531
2021-11-01 03:00:00,1432A,SLD,14.0,451.5132446721042,-437.5132446721042
2021-11-01 04:00:00,1432A,SLD,14.0,450.69439883895535,-436.69439883895535
2021-11-01 05:00:00,1432A,SLD,14.0,451.24969792443164,-437.24969792443164
2021-11-01 06:00:00,1432A,SLD,16.0,451.9507840347895,-435.9507840347895
2021-11-01 07:00:00,1432A,SLD,17.0,450.91829909600443,-433.91829909600443
2021-11-01 08:00:00,1432A,SLD,18.0,450.8092308379018,-432.8092308379018
2021-11-01 09:00:00,1432A,SLD,18.0,451.451244187726,-433.451244187726
2021-11-01 10:00:00,1432A,SLD,22.0,452.1402970626998,-430.1402970626998
2021-11-01 11:00:00,1432A,SLD,29.0,452.53283938902763,-423.53283938902763
2021-11-01 12:00:00,1432A,SLD,32.0,451.48174498492494,-419.48174498492494
2021-11-01 13:00:00,1432A,SLD,41.0,450.54785807406074,-409.54785807406074
2021-11-01 14:00:00,1432A,SLD,47.0,450.561599143886,-403.561599143886
2021-11-01 15:00:00,1432A,SLD,48.0,449.98063821690056,-401.98063821690056
2021-11-01 16:00:00,1432A,SLD,,449.12877928460813,
2021-11-01 17:00:00,1432A,SLD,,449.2953277425125,
2021-11-01 18:00:00,1432A,SLD,,448.767568092891,
2021-11-01 19:00:00,1432A,SLD,,449.8123164635505,
2021-11-01 20:00:00,1432A,SLD,,451.97667968014645,
2021-11-01 21:00:00,1432A,SLD,,452.70033770779685,
2021-11-01 22:00:00,1432A,SLD,,451.47393301316913,
2021-11-01 23:00:00,1432A,SLD,,451.00388768283136,
2021-11-02 00:00:00,1432A,SLD,,451.09887723915637,
2021-11-02 01:00:00,1432A,SLD,,452.20757100177667,
2021-11-02 02:00:00,1432A,SLD,,453.0168285135462,
2021-11-02 03:00:00,1432A,SLD,,452.6394547287973,
2021-11-02 04:00:00,1432A,SLD,,451.8206088956485,
2021-11-02 05:00:00,1432A,SLD,,452.3759079811248,
2021-11-02 06:00:00,1432A,SLD,,453.0769940914826,
2021-11-02 07:00:00,1432A,SLD,,452.0445091526976,
2021-11-02 08:00:00,1432A,SLD,,451.93544089459493,
2021-11-02 09:00:00,1432A,SLD,,452.57745424441913,
2021-11-02 10:00:00,1432A,SLD,38.0,453.26650711939294,-415.26650711939294
2021-11-02 11:00:00,1432A,SLD,39.0,453.65904944572077,-414.65904944572077
2021-11-02 12:00:00,1432A,SLD,34.0,452.6079550416181,-418.6079550416181
2021-11-02 13:00:00,1432A,SLD,31.0,451.6740681307539,-420.6740681307539
2021-11-02 14:00:00,1432A,SLD,32.0,451.6878092005791,-419.6878092005791
2021-11-02 15:00:00,1432A,SLD,33.0,451.1068482735937,-418.1068482735937
2021-11-02 16:00:00,1432A,SLD,30.0,450.25498934130127,-420.25498934130127
2021-11-02 17:00:00,1432A,SLD,24.0,450.4215377992056,-426.4215377992056
2021-11-02 18:00:00,1432A,SLD,19.0,449.89377814958414,-430.89377814958414
2021-11-02 19:00:00,1432A,SLD,11.0,450.9385265202436,-439.9385265202436
2021-11-02 20:00:00,1432A,SLD,14.0,453.1028897368396,-439.1028897368396
2021-11-02 21:00:00,1432A,SLD,21.0,453.82654776449,-432.82654776449
2021-11-02 22:00:00,1432A,SLD,22.0,452.60014306986227,-430.60014306986227
2021-11-02 23:00:00,1432A,SLD,30.0,452.1300977395245,-422.1300977395245
2021-11-03 00:00:00,1432A,SLD,32.0,452.2250872958495,-420.2250872958495
2021-11-03 01:00:00,1432A,SLD,35.0,453.3337810584698,-418.3337810584698
2021-11-03 02:00:00,1432A,SLD,41.0,454.14303857023936,-413.14303857023936
2021-11-03 03:00:00,1432A,SLD,43.0,453.76566478549046,-410.76566478549046
2021-11-03 04:00:00,1432A,SLD,43.0,452.94681895234163,-409.94681895234163
2021-11-03 05:00:00,1432A,SLD,41.0,453.5021180378179,-412.5021180378179
2021-11-03 06:00:00,1432A,SLD,35.0,454.20320414817576,-419.20320414817576
2021-11-03 07:00:00,1432A,SLD,33.0,453.1707192093907,-420.1707192093907
2021-11-03 08:00:00,1432A,SLD,32.0,453.0616509512881,-421.0616509512881
2021-11-03 09:00:00,1432A,SLD,34.0,453.70366430111227,-419.70366430111227
2021-11-03 10:00:00,1432A,SLD,36.0,454.3927171760861,-418.3927171760861
2021-11-03 11:00:00,1432A,SLD,34.0,454.7852595024139,-420.7852595024139
2021-11-03 12:00:00,1432A,SLD,36.0,453.7341650983112,-417.7341650983112
2021-11-03 13:00:00,1432A,SLD,36.0,452.800278187447,-416.800278187447
2021-11-03 14:00:00,1432A,SLD,35.0,452.81401925727226,-417.81401925727226
2021-11-03 15:00:00,1432A,SLD,37.0,452.23305833028684,-415.23305833028684
2021-11-03 16:00:00,1432A,SLD,42.0,451.3811993979944,-409.3811993979944
2021-11-03 17:00:00,1432A,SLD,45.0,451.54774785589876,-406.54774785589876
2021-11-03 18:00:00,1432A,SLD,37.0,451.0199882062773,-414.0199882062773
2021-11-03 19:00:00,1432A,SLD,38.0,452.06473657693675,-414.06473657693675
2021-11-03 20:00:00,1432A,SLD,39.0,454.2290997935327,-415.2290997935327
2021-11-03 21:00:00,1432A,SLD,38.0,454.9527578211831,-416.9527578211831
2021-11-03 22:00:00,1432A,SLD,35.0,453.7263531265554,-418.7263531265554
2021-11-03 23:00:00,1432A,SLD,33.0,453.25630779621764,-420.25630779621764
2021-11-04 00:00:00,1432A,SLD,31.0,453.35129735254264,-422.35129735254264
2021-11-04 01:00:00,1432A,SLD,30.0,454.45999111516295,-424.45999111516295
2021-11-04 02:00:00,1432A,SLD,30.0,455.2692486269325,-425.2692486269325
2021-11-04 03:00:00,1432A,SLD,32.0,454.8918748421836,-422.8918748421836
2021-11-04 04:00:00,1432A,SLD,30.0,454.07302900903477,-424.07302900903477
2021-11-04 05:00:00,1432A,SLD,31.0,454.62832809451106,-423.62832809451106
2021-11-04 06:00:00,1432A,SLD,32.0,455.3294142048689,-423.3294142048689
2021-11-04 07:00:00,1432A,SLD,36.0,454.29692926608385,-418.29692926608385
2021-11-04 08:00:00,1432A,SLD,35.0,454.1878610079812,-419.1878610079812
2021-11-04 09:00:00,1432A,SLD,38.0,454.8298743578054,-416.8298743578054
2021-11-04 10:00:00,1432A,SLD,43.0,455.5189272327792,-412.5189272327792
2021-11-04 11:00:00,1432A,SLD,46.0,455.91146955910705,-409.91146955910705
2021-11-04 12:00:00,1432A,SLD,39.0,454.86037515500436,-415.86037515500436
2021-11-04 13:00:00,1432A,SLD,48.0,453.92648824414016,-405.92648824414016
2021-11-04 14:00:00,1432A,SLD,51.0,453.9402293139654,-402.9402293139654
2021-11-04 15:00:00,1432A,SLD,59.0,453.35926838698,-394.35926838698
2021-11-04 16:00:00,1432A,SLD,52.0,452.50740945468755,-400.50740945468755
2021-11-04 17:00:00,1432A,SLD,37.0,452.6739579125919,-415.6739579125919
2021-11-04 18:00:00,1432A,SLD,32.0,452.1461982629704,-420.1461982629704
2021-11-04 19:00:00,1432A,SLD,36.0,453.1909466336299,-417.1909466336299
2021-11-04 20:00:00,1432A,SLD,37.0,455.35530985022586,-418.35530985022586
2021-11-04 21:00:00,1432A,SLD,41.0,456.07896787787627,-415.07896787787627
2021-11-04 22:00:00,1432A,SLD,45.0,454.85256318324855,-409.85256318324855
2021-11-04 23:00:00,1432A,SLD,48.0,454.3825178529108,-406.3825178529108
2021-11-05 00:00:00,1432A,SLD,42.0,454.4775074092358,-412.4775074092358
2021-11-05 01:00:00,1432A,SLD,42.0,455.5862011718561,-413.5862011718561
2021-11-05 02:00:00,1432A,SLD,43.0,456.39545868362563,-413.39545868362563
2021-11-05 03:00:00,1432A,SLD,45.0,456.01808489887674,-411.01808489887674
2021-11-05 04:00:00,1432A,SLD,56.0,455.1992390657279,-399.1992390657279
2021-11-05 05:00:00,1432A,SLD,60.0,455.7545381512042,-395.7545381512042
2021-11-05 06:00:00,1432A,SLD,57.0,456.45562426156204,-399.45562426156204
2021-11-05 07:00:00,1432A,SLD,51.0,455.423139322777,-404.423139322777
2021-11-05 08:00:00,1432A,SLD,48.0,455.31407106467435,-407.31407106467435
2021-11-05 09:00:00,1432A,SLD,52.0,455.95608441449855,-403.95608441449855
2021-11-05 10:00:00,1432A,SLD,55.0,456.64513728947236,-401.64513728947236
2021-11-05 11:00:00,1432A,SLD,57.0,457.0376796158002,-400.0376796158002
2021-11-05 12:00:00,1432A,SLD,62.0,455.9865852116975,-393.9865852116975
2021-11-05 13:00:00,1432A,SLD,60.0,455.0526983008333,-395.0526983008333
2021-11-05 14:00:00,1432A,SLD,59.0,455.06643937065854,-396.06643937065854
2021-11-05 15:00:00,1432A,SLD,55.0,454.4854784436731,-399.4854784436731
2021-11-05 16:00:00,1432A,SLD,47.0,453.6336195113807,-406.6336195113807
2021-11-05 17:00:00,1432A,SLD,38.0,453.80016796928504,-415.80016796928504
2021-11-05 18:00:00,1432A,SLD,35.0,453.27240831966355,-418.27240831966355
2021-11-05 19:00:00,1432A,SLD,38.0,454.31715669032303,-416.31715669032303
2021-11-05 20:00:00,1432A,SLD,46.0,456.481519906919,-410.481519906919
2021-11-05 21:00:00,1432A,SLD,51.0,457.2051779345694,-406.2051779345694
2021-11-05 22:00:00,1432A,SLD,52.0,455.9787732399417,-403.9787732399417
2021-11-05 23:00:00,1432A,SLD,67.0,455.5087279096039,-388.5087279096039
2021-11-06 00:00:00,1432A,SLD,77.0,455.6037174659289,-378.6037174659289
2021-11-06 01:00:00,1432A,SLD,66.0,456.71241122854923,-390.71241122854923
2021-11-06 02:00:00,1432A,SLD,67.0,457.5216687403188,-390.5216687403188
2021-11-06 03:00:00,1432A,SLD,69.0,457.1442949555699,-388.1442949555699
2021-11-06 04:00:00,1432A,SLD,70.0,456.32544912242105,-386.32544912242105
2021-11-06 05:00:00,1432A,SLD,75.0,456.88074820789734,-381.88074820789734
2021-11-06 06:00:00,1432A,SLD,72.0,457.5818343182552,-385.5818343182552
2021-11-06 07:00:00,1432A,SLD,64.0,456.54934937947013,-392.54934937947013
2021-11-06 08:00:00,1432A,SLD,67.0,456.4402811213675,-389.4402811213675
2021-11-06 09:00:00,1432A,SLD,64.0,457.0822944711917,-393.0822944711917
2021-11-06 10:00:00,1432A,SLD,53.0,457.7713473461655,-404.7713473461655
2021-11-06 11:00:00,1432A,SLD,41.0,458.1638896724933,-417.1638896724933
2021-11-06 12:00:00,1432A,SLD,45.0,457.11279526839064,-412.11279526839064
2021-11-06 13:00:00,1432A,SLD,28.0,456.17890835752644,-428.17890835752644
2021-11-06 14:00:00,1432A,SLD,22.0,456.1926494273517,-434.1926494273517
2021-11-06 15:00:00,1432A,SLD,24.0,455.61168850036626,-431.61168850036626
2021-11-06 16:00:00,1432A,SLD,24.0,454.7598295680738,-430.7598295680738
2021-11-06 17:00:00,1432A,SLD,24.0,454.9263780259782,-430.9263780259782
2021-11-06 18:00:00,1432A,SLD,26.0,454.3986183763567,-428.3986183763567
2021-11-06 19:00:00,1432A,SLD,18.0,455.44336674701617,-437.44336674701617
2021-11-06 20:00:00,1432A,SLD,4.0,457.60772996361214,-453.60772996361214
2021-11-06 21:00:00,1432A,SLD,3.0,458.33138799126255,-455.33138799126255
2021-11-06 22:00:00,1432A,SLD,3.0,457.1049832966348,-454.1049832966348
2021-11-06 23:00:00,1432A,SLD,4.0,456.63493796629706,-452.63493796629706
2021-11-07 00:00:00,1432A,SLD,6.0,456.72992752262206,-450.72992752262206
2021-11-07 01:00:00,1432A,SLD,9.0,457.83862128524237,-448.83862128524237
2021-11-07 02:00:00,1432A,SLD,11.0,458.6478787970119,-447.6478787970119
2021-11-07 03:00:00,1432A,SLD,11.0,458.270505012263,-447.270505012263
2021-11-07 04:00:00,1432A,SLD,10.0,457.4516591791142,-447.4516591791142
2021-11-07 05:00:00,1432A,SLD,10.0,458.0069582645905,-448.0069582645905
2021-11-07 06:00:00,1432A,SLD,10.0,458.7080443749483,-448.7080443749483
2021-11-07 07:00:00,1432A,SLD,10.0,457.67555943616327,-447.67555943616327
2021-11-07 08:00:00,1432A,SLD,10.0,457.56649117806063,-447.56649117806063
2021-11-07 09:00:00,1432A,SLD,11.0,458.2085045278848,-447.2085045278848
2021-11-07 10:00:00,1432A,SLD,11.0,458.89755740285864,-447.89755740285864
2021-11-07 11:00:00,1432A,SLD,12.0,459.29009972918647,-447.29009972918647
2021-11-07 12:00:00,1432A,SLD,12.0,458.2390053250838,-446.2390053250838
2021-11-07 13:00:00,1432A,SLD,14.0,457.3051184142196,-443.3051184142196
2021-11-07 14:00:00,1432A,SLD,16.0,457.3188594840448,-441.3188594840448
2021-11-07 15:00:00,1432A,SLD,20.0,456.7378985570594,-436.7378985570594
2021-11-07 16:00:00,1432A,SLD,25.0,455.88603962476697,-430.88603962476697
2021-11-07 17:00:00,1432A,SLD,26.0,456.0525880826713,-430.0525880826713
2021-11-07 18:00:00,1432A,SLD,29.0,455.52482843304983,-426.52482843304983
2021-11-07 19:00:00,1432A,SLD,34.0,456.5695768037093,-422.5695768037093
2021-11-07 20:00:00,1432A,SLD,34.0,458.7339400203053,-424.7339400203053
2021-11-07 21:00:00,1432A,SLD,35.0,459.4575980479557,-424.4575980479557
2021-11-07 22:00:00,1432A,SLD,34.0,458.23119335332797,-424.23119335332797
2021-11-07 23:00:00,1432A,SLD,36.0,457.7611480229902,-421.7611480229902
2021-11-08 00:00:00,1432A,SLD,36.0,457.8561375793152,-421.8561375793152
2021-11-08 01:00:00,1432A,SLD,35.0,458.9648313419355,-423.9648313419355
2021-11-08 02:00:00,1432A,SLD,33.0,459.77408885370505,-426.77408885370505
2021-11-08 03:00:00,1432A,SLD,32.0,459.39671506895615,-427.39671506895615
2021-11-08 04:00:00,1432A,SLD,30.0,458.5778692358073,-428.5778692358073
2021-11-08 05:00:00,1432A,SLD,25.0,459.1331683212836,-434.1331683212836
2021-11-08 06:00:00,1432A,SLD,23.0,459.83425443164145,-436.83425443164145
2021-11-08 07:00:00,1432A,SLD,22.0,458.8017694928564,-436.8017694928564
2021-11-08 08:00:00,1432A,SLD,21.0,458.69270123475377,-437.69270123475377
2021-11-08 09:00:00,1432A,SLD,20.0,459.33471458457797,-439.33471458457797
2021-11-08 10:00:00,1432A,SLD,23.0,460.0237674595518,-437.0237674595518
2021-11-08 11:00:00,1432A,SLD,26.0,460.4163097858796,-434.4163097858796
2021-11-08 12:00:00,1432A,SLD,29.0,459.3652153817769,-430.3652153817769
2021-11-08 13:00:00,1432A,SLD,30.0,458.4313284709127,-428.4313284709127
2021-11-08 14:00:00,1432A,SLD,27.0,458.44506954073796,-431.44506954073796
2021-11-08 15:00:00,1432A,SLD,26.0,457.86410861375253,-431.86410861375253
2021-11-08 16:00:00,1432A,SLD,26.0,457.0122496814601,-431.0122496814601
2021-11-08 17:00:00,1432A,SLD,28.0,457.17879813936446,-429.17879813936446
2021-11-08 18:00:00,1432A,SLD,32.0,456.651038489743,-424.651038489743
2021-11-08 19:00:00,1432A,SLD,26.0,457.69578686040245,-431.69578686040245
2021-11-08 20:00:00,1432A,SLD,25.0,459.8601500769984,-434.8601500769984
2021-11-08 21:00:00,1432A,SLD,28.0,460.5838081046488,-432.5838081046488
2021-11-08 22:00:00,1432A,SLD,30.0,459.3574034100211,-429.3574034100211
2021-11-08 23:00:00,1432A,SLD,30.0,458.88735807968334,-428.88735807968334
2021-11-09 00:00:00,1432A,SLD,28.0,458.98234763600834,-430.98234763600834
2021-11-09 01:00:00,1432A,SLD,28.0,460.09104139862865,-432.09104139862865
2021-11-09 02:00:00,1432A,SLD,26.0,460.9002989103982,-434.9002989103982
2021-11-09 03:00:00,1432A,SLD,28.0,460.5229251256493,-432.5229251256493
2021-11-09 04:00:00,1432A,SLD,30.0,459.70407929250047,-429.70407929250047
2021-11-09 05:00:00,1432A,SLD,29.0,460.25937837797676,-431.25937837797676
2021-11-09 06:00:00,1432A,SLD,30.0,460.9604644883346,-430.9604644883346
2021-11-09 07:00:00,1432A,SLD,29.0,459.92797954954955,-430.92797954954955
2021-11-09 08:00:00,1432A,SLD,29.0,459.8189112914469,-430.8189112914469
2021-11-09 09:00:00,1432A,SLD,31.0,460.4609246412711,-429.4609246412711
2021-11-09 10:00:00,1432A,SLD,37.0,461.1499775162449,-424.1499775162449
2021-11-09 11:00:00,1432A,SLD,36.0,461.54251984257274,-425.54251984257274
2021-11-09 12:00:00,1432A,SLD,36.0,460.49142543847006,-424.49142543847006
2021-11-09 13:00:00,1432A,SLD,40.0,459.55753852760586,-419.55753852760586
2021-11-09 14:00:00,1432A,SLD,47.0,459.5712795974311,-412.5712795974311
2021-11-09 15:00:00,1432A,SLD,46.0,458.9903186704457,-412.9903186704457
2021-11-09 16:00:00,1432A,SLD,42.0,458.13845973815324,-416.13845973815324
2021-11-09 17:00:00,1432A,SLD,34.0,458.3050081960576,-424.3050081960576
2021-11-09 18:00:00,1432A,SLD,31.0,457.7772485464361,-426.7772485464361
2021-11-09 19:00:00,1432A,SLD,38.0,458.8219969170956,-420.8219969170956
2021-11-09 20:00:00,1432A,SLD,34.0,460.98636013369156,-426.98636013369156
2021-11-09 21:00:00,1432A,SLD,29.0,461.71001816134196,-432.71001816134196
2021-11-09 22:00:00,1432A,SLD,29.0,460.48361346671425,-431.48361346671425
2021-11-09 23:00:00,1432A,SLD,31.0,460.0135681363765,-429.0135681363765
2021-11-10 00:00:00,1432A,SLD,32.0,460.1085576927015,-428.1085576927015
2021-11-10 01:00:00,1432A,SLD,35.0,461.2172514553218,-426.2172514553218
2021-11-10 02:00:00,1432A,SLD,38.0,462.02650896709133,-424.02650896709133
2021-11-10 03:00:00,1432A,SLD,41.0,461.64913518234243,-420.64913518234243
2021-11-10 04:00:00,1432A,SLD,43.0,460.8302893491936,-417.8302893491936
2021-11-10 05:00:00,1432A,SLD,39.0,461.3855884346699,-422.3855884346699
2021-11-10 06:00:00,1432A,SLD,39.0,462.08667454502773,-423.08667454502773
2021-11-10 07:00:00,1432A,SLD,39.0,461.0541896062427,-422.0541896062427
2021-11-10 08:00:00,1432A,SLD,41.0,460.94512134814005,-419.94512134814005
2021-11-10 09:00:00,1432A,SLD,44.0,461.58713469796425,-417.58713469796425
2021-11-10 10:00:00,1432A,SLD,52.0,462.27618757293806,-410.27618757293806
2021-11-10 11:00:00,1432A,SLD,64.0,462.6687298992659,-398.6687298992659
2021-11-10 12:00:00,1432A,SLD,62.0,461.6176354951632,-399.6176354951632
2021-11-10 13:00:00,1432A,SLD,58.0,460.683748584299,-402.683748584299
2021-11-10 14:00:00,1432A,SLD,50.0,460.69748965412424,-410.69748965412424
2021-11-10 15:00:00,1432A,SLD,48.0,460.1165287271388,-412.1165287271388
2021-11-10 16:00:00,1432A,SLD,43.0,459.2646697948464,-416.2646697948464
2021-11-10 17:00:00,1432A,SLD,34.0,459.43121825275074,-425.43121825275074
2021-11-10 18:00:00,1432A,SLD,31.0,458.90345860312925,-427.90345860312925
2021-11-10 19:00:00,1432A,SLD,34.0,459.94820697378873,-425.94820697378873
2021-11-10 20:00:00,1432A,SLD,35.0,462.1125701903847,-427.1125701903847
2021-11-10 21:00:00,1432A,SLD,38.0,462.8362282180351,-424.8362282180351
2021-11-10 22:00:00,1432A,SLD,38.0,461.6098235234074,-423.6098235234074
2021-11-10 23:00:00,1432A,SLD,34.0,461.1397781930696,-427.1397781930696
2021-11-11 00:00:00,1432A,SLD,33.0,461.2347677493946,-428.2347677493946
2021-11-11 01:00:00,1432A,SLD,32.0,462.3434615120149,-430.3434615120149
2021-11-11 02:00:00,1432A,SLD,35.0,463.15271902378447,-428.15271902378447
2021-11-11 03:00:00,1432A,SLD,35.0,462.7753452390356,-427.7753452390356
2021-11-11 04:00:00,1432A,SLD,39.0,461.95649940588675,-422.95649940588675
2021-11-11 05:00:00,1432A,SLD,40.0,462.51179849136304,-422.51179849136304
2021-11-11 06:00:00,1432A,SLD,44.0,463.2128846017209,-419.2128846017209
2021-11-11 07:00:00,1432A,SLD,49.0,462.1803996629358,-413.1803996629358
2021-11-11 08:00:00,1432A,SLD,50.0,462.0713314048332,-412.0713314048332
2021-11-11 09:00:00,1432A,SLD,54.0,462.7133447546574,-408.7133447546574
2021-11-11 10:00:00,1432A,SLD,55.0,463.4023976296312,-408.4023976296312
2021-11-11 11:00:00,1432A,SLD,66.0,463.794939955959,-397.794939955959
2021-11-11 12:00:00,1432A,SLD,74.0,462.74384555185634,-388.74384555185634
2021-11-11 13:00:00,1432A,SLD,70.0,461.80995864099214,-391.80995864099214
2021-11-11 14:00:00,1432A,SLD,74.0,461.8236997108174,-387.8236997108174
2021-11-11 15:00:00,1432A,SLD,73.0,461.24273878383195,-388.24273878383195
2021-11-11 16:00:00,1432A,SLD,62.0,460.3908798515395,-398.3908798515395
2021-11-11 17:00:00,1432A,SLD,56.0,460.5574283094439,-404.5574283094439
2021-11-11 18:00:00,1432A,SLD,49.0,460.0296686598224,-411.0296686598224
2021-11-11 19:00:00,1432A,SLD,51.0,461.07441703048187,-410.07441703048187
2021-11-11 20:00:00,1432A,SLD,49.0,463.23878024707784,-414.23878024707784
2021-11-11 21:00:00,1432A,SLD,50.0,463.96243827472824,-413.96243827472824
2021-11-11 22:00:00,1432A,SLD,50.0,462.7360335801005,-412.7360335801005
2021-11-11 23:00:00,1432A,SLD,47.0,462.26598824976276,-415.26598824976276
2021-11-12 00:00:00,1432A,SLD,46.0,462.36097780608776,-416.36097780608776
2021-11-12 01:00:00,1432A,SLD,39.0,463.46967156870807,-424.46967156870807
2021-11-12 02:00:00,1432A,SLD,39.0,464.2789290804776,-425.2789290804776
2021-11-12 03:00:00,1432A,SLD,39.0,463.9015552957287,-424.9015552957287
2021-11-12 04:00:00,1432A,SLD,41.0,463.0827094625799,-422.0827094625799
2021-11-12 05:00:00,1432A,SLD,43.0,463.6380085480562,-420.6380085480562
2021-11-12 06:00:00,1432A,SLD,45.0,464.339094658414,-419.339094658414
2021-11-12 07:00:00,1432A,SLD,47.0,463.30660971962897,-416.30660971962897
2021-11-12 08:00:00,1432A,SLD,49.0,463.1975414615263,-414.1975414615263
2021-11-12 09:00:00,1432A,SLD,53.0,463.8395548113505,-410.8395548113505
2021-11-12 10:00:00,1432A,SLD,53.0,464.52860768632434,-411.52860768632434
2021-11-12 11:00:00,1432A,SLD,52.0,464.92115001265216,-412.92115001265216
2021-11-12 12:00:00,1432A,SLD,51.0,463.8700556085495,-412.8700556085495
2021-11-12 13:00:00,1432A,SLD,46.0,462.9361686976853,-416.9361686976853
2021-11-12 14:00:00,1432A,SLD,44.0,462.9499097675105,-418.9499097675105
2021-11-12 15:00:00,1432A,SLD,36.0,462.3689488405251,-426.3689488405251
2021-11-12 16:00:00,1432A,SLD,31.0,461.51708990823266,-430.51708990823266
2021-11-12 17:00:00,1432A,SLD,27.0,461.683638366137,-434.683638366137
2021-11-12 18:00:00,1432A,SLD,25.0,461.15587871651553,-436.15587871651553
2021-11-12 19:00:00,1432A,SLD,30.0,462.200627087175,-432.200627087175
2021-11-12 20:00:00,1432A,SLD,39.0,464.364990303771,-425.364990303771
2021-11-12 21:00:00,1432A,SLD,44.0,465.0886483314214,-421.0886483314214
2021-11-12 22:00:00,1432A,SLD,53.0,463.86224363679366,-410.86224363679366
2021-11-12 23:00:00,1432A,SLD,62.0,463.3921983064559,-401.3921983064559
2021-11-13 00:00:00,1432A,SLD,67.0,463.4871878627809,-396.4871878627809
2021-11-13 01:00:00,1432A,SLD,75.0,464.5958816254012,-389.5958816254012
2021-11-13 02:00:00,1432A,SLD,87.0,465.40513913717075,-378.40513913717075
2021-11-13 03:00:00,1432A,SLD,93.0,465.02776535242185,-372.02776535242185
2021-11-13 04:00:00,1432A,SLD,98.0,464.208919519273,-366.208919519273
2021-11-13 05:00:00,1432A,SLD,101.0,464.7642186047493,-363.7642186047493
2021-11-13 06:00:00,1432A,SLD,104.0,465.46530471510715,-361.46530471510715
2021-11-13 07:00:00,1432A,SLD,90.0,464.4328197763221,-374.4328197763221
2021-11-13 08:00:00,1432A,SLD,86.0,464.32375151821947,-378.32375151821947
2021-11-13 09:00:00,1432A,SLD,88.0,464.96576486804366,-376.96576486804366
2021-11-13 10:00:00,1432A,SLD,104.0,465.6548177430175,-361.6548177430175
2021-11-13 11:00:00,1432A,SLD,111.0,466.0473600693453,-355.0473600693453
2021-11-13 12:00:00,1432A,SLD,118.0,464.9962656652426,-346.9962656652426
2021-11-13 13:00:00,1432A,SLD,122.0,464.0623787543784,-342.0623787543784
2021-11-13 14:00:00,1432A,SLD,122.0,464.07611982420366,-342.07611982420366
2021-11-13 15:00:00,1432A,SLD,123.0,463.49515889721823,-340.49515889721823
2021-11-13 16:00:00,1432A,SLD,118.0,462.6432999649258,-344.6432999649258
2021-11-13 17:00:00,1432A,SLD,96.0,462.80984842283016,-366.80984842283016
2021-11-13 18:00:00,1432A,SLD,95.0,462.28208877320867,-367.28208877320867
2021-11-13 19:00:00,1432A,SLD,96.0,463.32683714386815,-367.32683714386815
2021-11-13 20:00:00,1432A,SLD,114.0,465.4912003604641,-351.4912003604641
2021-11-13 21:00:00,1432A,SLD,115.0,466.2148583881145,-351.2148583881145
2021-11-13 22:00:00,1432A,SLD,132.0,464.9884536934868,-332.9884536934868
2021-11-13 23:00:00,1432A,SLD,134.0,464.51840836314904,-330.51840836314904
2021-11-14 00:00:00,1432A,SLD,136.0,464.61339791947404,-328.61339791947404
2021-11-14 01:00:00,1432A,SLD,135.0,465.72209168209434,-330.72209168209434
2021-11-14 02:00:00,1432A,SLD,134.0,466.5313491938639,-332.5313491938639
2021-11-14 03:00:00,1432A,SLD,140.0,466.153975409115,-326.153975409115
2021-11-14 04:00:00,1432A,SLD,146.0,465.33512957596616,-319.33512957596616
2021-11-14 05:00:00,1432A,SLD,146.0,465.89042866144246,-319.89042866144246
2021-11-14 06:00:00,1432A,SLD,143.0,466.5915147718003,-323.5915147718003
2021-11-14 07:00:00,1432A,SLD,143.0,465.55902983301525,-322.55902983301525
2021-11-14 08:00:00,1432A,SLD,142.0,465.4499615749126,-323.4499615749126
2021-11-14 09:00:00,1432A,SLD,138.0,466.0919749247368,-328.0919749247368
2021-11-14 10:00:00,1432A,SLD,138.0,466.7810277997106,-328.7810277997106
2021-11-14 11:00:00,1432A,SLD,142.0,467.17357012603844,-325.17357012603844
2021-11-14 12:00:00,1432A,SLD,141.0,466.12247572193576,-325.12247572193576
2021-11-14 13:00:00,1432A,SLD,140.0,465.18858881107155,-325.18858881107155
2021-11-14 14:00:00,1432A,SLD,124.0,465.2023298808968,-341.2023298808968
2021-11-14 15:00:00,1432A,SLD,111.0,464.6213689539114,-353.6213689539114
2021-11-14 16:00:00,1432A,SLD,109.0,463.76951002161894,-354.76951002161894
2021-11-14 17:00:00,1432A,SLD,100.0,463.9360584795233,-363.9360584795233
2021-11-14 18:00:00,1432A,SLD,83.0,463.4082988299018,-380.4082988299018
2021-11-14 19:00:00,1432A,SLD,92.0,464.4530472005613,-372.4530472005613
2021-11-14 20:00:00,1432A,SLD,146.0,466.61741041715726,-320.61741041715726
2021-11-14 21:00:00,1432A,SLD,143.0,467.34106844480766,-324.34106844480766
2021-11-14 22:00:00,1432A,SLD,135.0,466.11466375017994,-331.11466375017994
2021-11-14 23:00:00,1432A,SLD,134.0,465.6446184198422,-331.6446184198422
2021-11-15 00:00:00,1432A,SLD,125.0,465.7396079761672,-340.7396079761672
2021-11-15 01:00:00,1432A,SLD,116.0,466.8483017387875,-350.8483017387875
2021-11-15 02:00:00,1432A,SLD,115.0,467.65755925055703,-352.65755925055703
2021-11-15 03:00:00,1432A,SLD,112.0,467.28018546580813,-355.28018546580813
2021-11-15 04:00:00,1432A,SLD,127.0,466.4613396326593,-339.4613396326593
2021-11-15 05:00:00,1432A,SLD,118.0,467.0166387181356,-349.0166387181356
2021-11-15 06:00:00,1432A,SLD,112.0,467.71772482849343,-355.71772482849343
2021-11-15 07:00:00,1432A,SLD,105.0,466.6852398897084,-361.6852398897084
2021-11-15 08:00:00,1432A,SLD,105.0,466.57617163160575,-361.57617163160575
2021-11-15 09:00:00,1432A,SLD,103.0,467.21818498142994,-364.21818498142994
2021-11-15 10:00:00,1432A,SLD,110.0,467.90723785640375,-357.90723785640375
2021-11-15 11:00:00,1432A,SLD,118.0,468.2997801827316,-350.2997801827316
2021-11-15 12:00:00,1432A,SLD,125.0,467.2486857786289,-342.2486857786289
2021-11-15 13:00:00,1432A,SLD,132.0,466.3147988677647,-334.3147988677647
2021-11-15 14:00:00,1432A,SLD,137.0,466.32853993758994,-329.32853993758994
2021-11-15 15:00:00,1432A,SLD,144.0,465.7475790106045,-321.7475790106045
2021-11-15 16:00:00,1432A,SLD,143.0,464.8957200783121,-321.8957200783121
2021-11-15 17:00:00,1432A,SLD,148.0,465.06226853621644,-317.06226853621644
2021-11-15 18:00:00,1432A,SLD,156.0,464.53450888659495,-308.53450888659495
2021-11-15 19:00:00,1432A,SLD,159.0,465.5792572572544,-306.5792572572544
2021-11-15 20:00:00,1432A,SLD,161.0,467.7436204738504,-306.7436204738504
2021-11-15 21:00:00,1432A,SLD,165.0,468.4672785015008,-303.4672785015008
2021-11-15 22:00:00,1432A,SLD,163.0,467.2408738068731,-304.2408738068731
2021-11-15 23:00:00,1432A,SLD,164.0,466.7708284765353,-302.7708284765353
2021-11-16 00:00:00,1432A,SLD,168.0,466.8658180328603,-298.8658180328603
2021-11-16 01:00:00,1432A,SLD,165.0,467.9745117954806,-302.9745117954806
2021-11-16 02:00:00,1432A,SLD,174.0,468.78376930725017,-294.78376930725017
2021-11-16 03:00:00,1432A,SLD,185.0,468.40639552250127,-283.40639552250127
2021-11-16 04:00:00,1432A,SLD,186.0,467.58754968935244,-281.58754968935244
2021-11-16 05:00:00,1432A,SLD,179.0,468.14284877482874,-289.14284877482874
2021-11-16 06:00:00,1432A,SLD,176.0,468.84393488518657,-292.84393488518657
2021-11-16 07:00:00,1432A,SLD,179.0,467.8114499464015,-288.8114499464015
2021-11-16 08:00:00,1432A,SLD,175.0,467.7023816882989,-292.7023816882989
2021-11-16 09:00:00,1432A,SLD,165.0,468.3443950381231,-303.3443950381231
2021-11-16 10:00:00,1432A,SLD,165.0,469.0334479130969,-304.0334479130969
2021-11-16 11:00:00,1432A,SLD,170.0,469.4259902394247,-299.4259902394247
2021-11-16 12:00:00,1432A,SLD,184.0,468.37489583532204,-284.37489583532204
2021-11-16 13:00:00,1432A,SLD,171.0,467.44100892445783,-296.44100892445783
2021-11-16 14:00:00,1432A,SLD,164.0,467.4547499942831,-303.4547499942831
2021-11-16 15:00:00,1432A,SLD,104.0,466.87378906729765,-362.87378906729765
2021-11-16 16:00:00,1432A,SLD,68.0,466.0219301350052,-398.0219301350052
2021-11-16 17:00:00,1432A,SLD,76.0,466.1884785929096,-390.1884785929096
2021-11-16 18:00:00,1432A,SLD,87.0,465.6607189432881,-378.6607189432881
2021-11-16 19:00:00,1432A,SLD,87.0,466.70546731394757,-379.70546731394757
2021-11-16 20:00:00,1432A,SLD,85.0,468.86983053054354,-383.86983053054354
2021-11-16 21:00:00,1432A,SLD,64.0,469.59348855819394,-405.59348855819394
2021-11-16 22:00:00,1432A,SLD,58.0,468.3670838635662,-410.3670838635662
2021-11-16 23:00:00,1432A,SLD,48.0,467.89703853322845,-419.89703853322845
2021-11-17 00:00:00,1432A,SLD,24.0,467.99202808955346,-443.99202808955346
2021-11-17 01:00:00,1432A,SLD,25.0,469.10072185217376,-444.10072185217376
2021-11-17 02:00:00,1432A,SLD,27.0,469.9099793639433,-442.9099793639433
2021-11-17 03:00:00,1432A,SLD,23.0,469.5326055791944,-446.5326055791944
2021-11-17 04:00:00,1432A,SLD,21.0,468.7137597460456,-447.7137597460456
2021-11-17 05:00:00,1432A,SLD,20.0,469.2690588315219,-449.2690588315219
2021-11-17 06:00:00,1432A,SLD,20.0,469.9701449418797,-449.9701449418797
2021-11-17 07:00:00,1432A,SLD,20.0,468.93766000309466,-448.93766000309466
2021-11-17 08:00:00,1432A,SLD,20.0,468.828591744992,-448.828591744992
2021-11-17 09:00:00,1432A,SLD,23.0,469.4706050948162,-446.4706050948162
2021-11-17 10:00:00,1432A,SLD,29.0,470.15965796979003,-441.15965796979003
2021-11-17 11:00:00,1432A,SLD,34.0,470.55220029611786,-436.55220029611786
2021-11-17 12:00:00,1432A,SLD,47.0,469.5011058920152,-422.5011058920152
2021-11-17 13:00:00,1432A,SLD,52.0,468.567218981151,-416.567218981151
2021-11-17 14:00:00,1432A,SLD,40.0,468.5809600509762,-428.5809600509762
2021-11-17 15:00:00,1432A,SLD,30.0,467.9999991239908,-437.9999991239908
2021-11-17 16:00:00,1432A,SLD,25.0,467.14814019169836,-442.14814019169836
2021-11-17 17:00:00,1432A,SLD,25.0,467.3146886496027,-442.3146886496027
2021-11-17 18:00:00,1432A,SLD,24.0,466.7869289999812,-442.7869289999812
2021-11-17 19:00:00,1432A,SLD,21.0,467.8316773706407,-446.8316773706407
2021-11-17 20:00:00,1432A,SLD,22.0,469.9960405872367,-447.9960405872367
2021-11-17 21:00:00,1432A,SLD,22.0,470.7196986148871,-448.7196986148871
2021-11-17 22:00:00,1432A,SLD,22.0,469.49329392025936,-447.49329392025936
2021-11-17 23:00:00,1432A,SLD,24.0,469.0232485899216,-445.0232485899216
2021-11-18 00:00:00,1432A,SLD,26.0,469.1182381462466,-443.1182381462466
2021-11-18 01:00:00,1432A,SLD,29.0,470.2269319088669,-441.2269319088669
2021-11-18 02:00:00,1432A,SLD,30.0,471.03618942063645,-441.03618942063645
2021-11-18 03:00:00,1432A,SLD,30.0,470.65881563588755,-440.65881563588755
2021-11-18 04:00:00,1432A,SLD,30.0,469.8399698027387,-439.8399698027387
2021-11-18 05:00:00,1432A,SLD,30.0,470.395268888215,-440.395268888215
2021-11-18 06:00:00,1432A,SLD,30.0,471.09635499857285,-441.09635499857285
2021-11-18 07:00:00,1432A,SLD,33.0,470.0638700597878,-437.0638700597878
2021-11-18 08:00:00,1432A,SLD,34.0,469.95480180168516,-435.95480180168516
2021-11-18 09:00:00,1432A,SLD,38.0,470.59681515150936,-432.59681515150936
2021-11-18 10:00:00,1432A,SLD,44.0,471.2858680264832,-427.2858680264832
2021-11-18 11:00:00,1432A,SLD,46.0,471.678410352811,-425.678410352811
2021-11-18 12:00:00,1432A,SLD,33.0,470.6273159487083,-437.6273159487083
2021-11-18 13:00:00,1432A,SLD,40.0,469.6934290378441,-429.6934290378441
2021-11-18 14:00:00,1432A,SLD,43.0,469.70717010766936,-426.70717010766936
2021-11-18 15:00:00,1432A,SLD,40.0,469.12620918068393,-429.12620918068393
2021-11-18 16:00:00,1432A,SLD,41.0,468.2743502483915,-427.2743502483915
2021-11-18 17:00:00,1432A,SLD,43.0,468.44089870629585,-425.44089870629585
2021-11-18 18:00:00,1432A,SLD,44.0,467.91313905667437,-423.91313905667437
2021-11-18 19:00:00,1432A,SLD,49.0,468.95788742733384,-419.95788742733384
2021-11-18 20:00:00,1432A,SLD,54.0,471.1222506439298,-417.1222506439298
2021-11-18 21:00:00,1432A,SLD,67.0,471.8459086715802,-404.8459086715802
2021-11-18 22:00:00,1432A,SLD,65.0,470.6195039769525,-405.6195039769525
2021-11-18 23:00:00,1432A,SLD,62.0,470.14945864661473,-408.14945864661473
2021-11-19 00:00:00,1432A,SLD,53.0,470.24444820293974,-417.24444820293974
2021-11-19 01:00:00,1432A,SLD,44.0,471.35314196556004,-427.35314196556004
2021-11-19 02:00:00,1432A,SLD,44.0,472.1623994773296,-428.1623994773296
2021-11-19 03:00:00,1432A,SLD,45.0,471.7850256925807,-426.7850256925807
2021-11-19 04:00:00,1432A,SLD,50.0,470.96617985943186,-420.96617985943186
2021-11-19 05:00:00,1432A,SLD,48.0,471.52147894490815,-423.52147894490815
2021-11-19 06:00:00,1432A,SLD,44.0,472.222565055266,-428.222565055266
2021-11-19 07:00:00,1432A,SLD,50.0,471.19008011648094,-421.19008011648094
2021-11-19 08:00:00,1432A,SLD,51.0,471.0810118583783,-420.0810118583783
2021-11-19 09:00:00,1432A,SLD,53.0,471.7230252082025,-418.7230252082025
2021-11-19 10:00:00,1432A,SLD,58.0,472.4120780831763,-414.4120780831763
2021-11-19 11:00:00,1432A,SLD,65.0,472.80462040950414,-407.80462040950414
2021-11-19 12:00:00,1432A,SLD,69.0,471.75352600540145,-402.75352600540145
2021-11-19 13:00:00,1432A,SLD,70.0,470.81963909453725,-400.81963909453725
2021-11-19 14:00:00,1432A,SLD,72.0,470.8333801643625,-398.8333801643625
2021-11-19 15:00:00,1432A,SLD,70.0,470.25241923737707,-400.25241923737707
2021-11-19 16:00:00,1432A,SLD,66.0,469.40056030508464,-403.40056030508464
2021-11-19 17:00:00,1432A,SLD,62.0,469.567108762989,-407.567108762989
2021-11-19 18:00:00,1432A,SLD,61.0,469.0393491133675,-408.0393491133675
2021-11-19 19:00:00,1432A,SLD,62.0,470.084097484027,-408.084097484027
2021-11-19 20:00:00,1432A,SLD,57.0,472.24846070062296,-415.24846070062296
2021-11-19 21:00:00,1432A,SLD,59.0,472.97211872827336,-413.97211872827336
2021-11-19 22:00:00,1432A,SLD,55.0,471.74571403364564,-416.74571403364564
2021-11-19 23:00:00,1432A,SLD,56.0,471.2756687033079,-415.2756687033079
2021-11-20 00:00:00,1432A,SLD,57.0,471.3706582596329,-414.3706582596329
2021-11-20 01:00:00,1432A,SLD,59.0,472.4793520222532,-413.4793520222532
2021-11-20 02:00:00,1432A,SLD,65.0,473.2886095340227,-408.2886095340227
2021-11-20 03:00:00,1432A,SLD,70.0,472.9112357492738,-402.9112357492738
2021-11-20 04:00:00,1432A,SLD,70.0,472.092389916125,-402.092389916125
2021-11-20 05:00:00,1432A,SLD,70.0,472.6476890016013,-402.6476890016013
2021-11-20 06:00:00,1432A,SLD,70.0,473.3487751119591,-403.3487751119591
2021-11-20 07:00:00,1432A,SLD,73.0,472.3162901731741,-399.3162901731741
2021-11-20 08:00:00,1432A,SLD,72.0,472.20722191507144,-400.20722191507144
2021-11-20 09:00:00,1432A,SLD,71.0,472.84923526489564,-401.84923526489564
2021-11-20 10:00:00,1432A,SLD,73.0,473.53828813986945,-400.53828813986945
2021-11-20 11:00:00,1432A,SLD,72.0,473.9308304661973,-401.9308304661973
2021-11-20 12:00:00,1432A,SLD,72.0,472.8797360620946,-400.8797360620946
2021-11-20 13:00:00,1432A,SLD,77.0,471.9458491512304,-394.9458491512304
2021-11-20 14:00:00,1432A,SLD,79.0,471.95959022105563,-392.95959022105563
2021-11-20 15:00:00,1432A,SLD,79.0,471.3786292940702,-392.3786292940702
2021-11-20 16:00:00,1432A,SLD,80.0,470.5267703617778,-390.5267703617778
2021-11-20 17:00:00,1432A,SLD,81.0,470.69331881968213,-389.69331881968213
2021-11-20 18:00:00,1432A,SLD,83.0,470.16555917006065,-387.16555917006065
2021-11-20 19:00:00,1432A,SLD,85.0,471.2103075407201,-386.2103075407201
2021-11-20 20:00:00,1432A,SLD,85.0,473.3746707573161,-388.3746707573161
2021-11-20 21:00:00,1432A,SLD,55.0,474.0983287849665,-419.0983287849665
2021-11-20 22:00:00,1432A,SLD,32.0,472.8719240903388,-440.8719240903388
2021-11-20 23:00:00,1432A,SLD,26.0,472.401878760001,-446.401878760001
2021-11-21 00:00:00,1432A,SLD,26.0,472.496868316326,-446.496868316326
2021-11-21 01:00:00,1432A,SLD,31.0,473.6055620789463,-442.6055620789463
2021-11-21 02:00:00,1432A,SLD,30.0,474.41481959071587,-444.41481959071587
2021-11-21 03:00:00,1432A,SLD,29.0,474.03744580596697,-445.03744580596697
2021-11-21 04:00:00,1432A,SLD,25.0,473.21859997281814,-448.21859997281814
2021-11-21 05:00:00,1432A,SLD,23.0,473.77389905829443,-450.77389905829443
2021-11-21 06:00:00,1432A,SLD,23.0,474.47498516865227,-451.47498516865227
2021-11-21 07:00:00,1432A,SLD,24.0,473.4425002298672,-449.4425002298672
2021-11-21 08:00:00,1432A,SLD,23.0,473.3334319717646,-450.3334319717646
2021-11-21 09:00:00,1432A,SLD,24.0,473.9754453215888,-449.9754453215888
2021-11-21 10:00:00,1432A,SLD,27.0,474.6644981965626,-447.6644981965626
2021-11-21 11:00:00,1432A,SLD,29.0,475.0570405228904,-446.0570405228904
2021-11-21 12:00:00,1432A,SLD,29.0,474.00594611878773,-445.00594611878773
2021-11-21 13:00:00,1432A,SLD,31.0,473.07205920792353,-442.07205920792353
2021-11-21 14:00:00,1432A,SLD,28.0,473.0858002777488,-445.0858002777488
2021-11-21 15:00:00,1432A,SLD,21.0,472.50483935076335,-451.50483935076335
2021-11-21 16:00:00,1432A,SLD,19.0,471.6529804184709,-452.6529804184709
2021-11-21 17:00:00,1432A,SLD,21.0,471.8195288763753,-450.8195288763753
2021-11-21 18:00:00,1432A,SLD,23.0,471.2917692267538,-448.2917692267538
2021-11-21 19:00:00,1432A,SLD,31.0,472.33651759741326,-441.33651759741326
2021-11-21 20:00:00,1432A,SLD,35.0,474.50088081400924,-439.50088081400924
2021-11-21 21:00:00,1432A,SLD,34.0,475.22453884165964,-441.22453884165964
2021-11-21 22:00:00,1432A,SLD,38.0,473.9981341470319,-435.9981341470319
2021-11-21 23:00:00,1432A,SLD,41.0,473.52808881669415,-432.52808881669415
2021-11-22 00:00:00,1432A,SLD,40.0,473.62307837301915,-433.62307837301915
2021-11-22 01:00:00,1432A,SLD,34.0,474.73177213563946,-440.73177213563946
2021-11-22 02:00:00,1432A,SLD,24.0,475.541029647409,-451.541029647409
2021-11-22 03:00:00,1432A,SLD,20.0,475.1636558626601,-455.1636558626601
2021-11-22 04:00:00,1432A,SLD,19.0,474.3448100295113,-455.3448100295113
2021-11-22 05:00:00,1432A,SLD,18.0,474.9001091149876,-456.9001091149876
2021-11-22 06:00:00,1432A,SLD,18.0,475.6011952253454,-457.6011952253454
2021-11-22 07:00:00,1432A,SLD,17.0,474.56871028656036,-457.56871028656036
2021-11-22 08:00:00,1432A,SLD,19.0,474.4596420284577,-455.4596420284577
2021-11-22 09:00:00,1432A,SLD,19.0,475.1016553782819,-456.1016553782819
2021-11-22 10:00:00,1432A,SLD,18.0,475.79070825325573,-457.79070825325573
2021-11-22 11:00:00,1432A,SLD,19.0,476.18325057958356,-457.18325057958356
2021-11-22 12:00:00,1432A,SLD,22.0,475.1321561754809,-453.1321561754809
2021-11-22 13:00:00,1432A,SLD,24.0,474.19826926461667,-450.19826926461667
2021-11-22 14:00:00,1432A,SLD,18.0,474.2120103344419,-456.2120103344419
2021-11-22 15:00:00,1432A,SLD,14.0,473.6310494074565,-459.6310494074565
2021-11-22 16:00:00,1432A,SLD,15.0,472.77919047516406,-457.77919047516406
2021-11-22 17:00:00,1432A,SLD,14.0,472.9457389330684,-458.9457389330684
2021-11-22 18:00:00,1432A,SLD,15.0,472.4179792834469,-457.4179792834469
2021-11-22 19:00:00,1432A,SLD,18.0,473.4627276541064,-455.4627276541064
2021-11-22 20:00:00,1432A,SLD,31.0,475.6270908707024,-444.6270908707024
2021-11-22 21:00:00,1432A,SLD,42.0,476.3507488983528,-434.3507488983528
2021-11-22 22:00:00,1432A,SLD,22.0,475.12434420372506,-453.12434420372506
2021-11-22 23:00:00,1432A,SLD,22.0,474.6542988733873,-452.6542988733873
2021-11-23 00:00:00,1432A,SLD,21.0,474.7492884297123,-453.7492884297123
2021-11-23 01:00:00,1432A,SLD,20.0,475.8579821923326,-455.8579821923326
2021-11-23 02:00:00,1432A,SLD,22.0,476.66723970410214,-454.66723970410214
2021-11-23 03:00:00,1432A,SLD,26.0,476.28986591935325,-450.28986591935325
2021-11-23 04:00:00,1432A,SLD,30.0,475.4710200862044,-445.4710200862044
2021-11-23 05:00:00,1432A,SLD,30.0,476.0263191716807,-446.0263191716807
2021-11-23 06:00:00,1432A,SLD,32.0,476.72740528203855,-444.72740528203855
2021-11-23 07:00:00,1432A,SLD,36.0,475.6949203432535,-439.6949203432535
2021-11-23 08:00:00,1432A,SLD,38.0,475.58585208515086,-437.58585208515086
2021-11-23 09:00:00,1432A,SLD,41.0,476.22786543497506,-435.22786543497506
2021-11-23 10:00:00,1432A,SLD,52.0,476.91691830994887,-424.91691830994887
2021-11-23 11:00:00,1432A,SLD,53.0,477.3094606362767,-424.3094606362767
2021-11-23 12:00:00,1432A,SLD,,476.258366232174,
2021-11-23 13:00:00,1432A,SLD,26.0,475.3244793213098,-449.3244793213098
2021-11-23 14:00:00,1432A,SLD,24.0,475.33822039113505,-451.33822039113505
2021-11-23 15:00:00,1432A,SLD,23.0,474.7572594641496,-451.7572594641496
2021-11-23 16:00:00,1432A,SLD,24.0,473.9054005318572,-449.9054005318572
2021-11-23 17:00:00,1432A,SLD,22.0,474.07194898976155,-452.07194898976155
2021-11-23 18:00:00,1432A,SLD,23.0,473.54418934014006,-450.54418934014006
2021-11-23 19:00:00,1432A,SLD,27.0,474.58893771079954,-447.58893771079954
2021-11-23 20:00:00,1432A,SLD,30.0,476.7533009273955,-446.7533009273955
2021-11-23 21:00:00,1432A,SLD,28.0,477.4769589550459,-449.4769589550459
2021-11-23 22:00:00,1432A,SLD,26.0,476.2505542604182,-450.2505542604182
2021-11-23 23:00:00,1432A,SLD,25.0,475.78050893008043,-450.78050893008043
2021-11-24 00:00:00,1432A,SLD,28.0,475.87549848640543,-447.87549848640543
2021-11-24 01:00:00,1432A,SLD,25.0,476.98419224902574,-451.98419224902574
2021-11-24 02:00:00,1432A,SLD,24.0,477.7934497607953,-453.7934497607953
2021-11-24 03:00:00,1432A,SLD,24.0,477.4160759760464,-453.4160759760464
2021-11-24 04:00:00,1432A,SLD,27.0,476.59723014289756,-449.59723014289756
2021-11-24 05:00:00,1432A,SLD,29.0,477.15252922837385,-448.15252922837385
2021-11-24 06:00:00,1432A,SLD,33.0,477.8536153387317,-444.8536153387317
2021-11-24 07:00:00,1432A,SLD,34.0,476.82113039994664,-442.82113039994664
2021-11-24 08:00:00,1432A,SLD,34.0,476.712062141844,-442.712062141844
2021-11-24 09:00:00,1432A,SLD,37.0,477.3540754916682,-440.3540754916682
2021-11-24 10:00:00,1432A,SLD,42.0,478.043128366642,-436.043128366642
2021-11-24 11:00:00,1432A,SLD,41.0,478.43567069296984,-437.43567069296984
2021-11-24 12:00:00,1432A,SLD,35.0,477.38457628886715,-442.38457628886715
2021-11-24 13:00:00,1432A,SLD,30.0,476.45068937800295,-446.45068937800295
2021-11-24 14:00:00,1432A,SLD,26.0,476.4644304478282,-450.4644304478282
2021-11-24 15:00:00,1432A,SLD,27.0,475.88346952084277,-448.88346952084277
2021-11-24 16:00:00,1432A,SLD,33.0,475.03161058855034,-442.03161058855034
2021-11-24 17:00:00,1432A,SLD,35.0,475.1981590464547,-440.1981590464547
2021-11-24 18:00:00,1432A,SLD,28.0,474.6703993968332,-446.6703993968332
2021-11-24 19:00:00,1432A,SLD,35.0,475.7151477674927,-440.7151477674927
2021-11-24 20:00:00,1432A,SLD,35.0,477.87951098408865,-442.87951098408865
2021-11-24 21:00:00,1432A,SLD,38.0,478.60316901173906,-440.60316901173906
2021-11-24 22:00:00,1432A,SLD,40.0,477.37676431711134,-437.37676431711134
2021-11-24 23:00:00,1432A,SLD,40.0,476.90671898677357,-436.90671898677357
2021-11-25 00:00:00,1432A,SLD,42.0,477.0017085430986,-435.0017085430986
2021-11-25 01:00:00,1432A,SLD,37.0,478.1104023057189,-441.1104023057189
2021-11-25 02:00:00,1432A,SLD,36.0,478.9196598174884,-442.9196598174884
2021-11-25 03:00:00,1432A,SLD,37.0,478.5422860327395,-441.5422860327395
2021-11-25 04:00:00,1432A,SLD,41.0,477.7234401995907,-436.7234401995907
2021-11-25 05:00:00,1432A,SLD,40.0,478.278739285067,-438.278739285067
2021-11-25 06:00:00,1432A,SLD,43.0,478.9798253954248,-435.9798253954248
2021-11-25 07:00:00,1432A,SLD,60.0,477.9473404566398,-417.9473404566398
2021-11-25 08:00:00,1432A,SLD,66.0,477.83827219853714,-411.83827219853714
2021-11-25 09:00:00,1432A,SLD,76.0,478.48028554836134,-402.48028554836134
2021-11-25 10:00:00,1432A,SLD,71.0,479.16933842333515,-408.16933842333515
2021-11-25 11:00:00,1432A,SLD,66.0,479.561880749663,-413.561880749663
2021-11-25 12:00:00,1432A,SLD,64.0,478.5107863455603,-414.5107863455603
2021-11-25 13:00:00,1432A,SLD,55.0,477.5768994346961,-422.5768994346961
2021-11-25 14:00:00,1432A,SLD,56.0,477.59064050452133,-421.59064050452133
2021-11-25 15:00:00,1432A,SLD,53.0,477.0096795775359,-424.0096795775359
2021-11-25 16:00:00,1432A,SLD,46.0,476.1578206452435,-430.1578206452435
2021-11-25 17:00:00,1432A,SLD,45.0,476.32436910314783,-431.32436910314783
2021-11-25 18:00:00,1432A,SLD,,475.79660945352634,
2021-11-25 19:00:00,1432A,SLD,,476.8413578241858,
2021-11-25 20:00:00,1432A,SLD,39.0,479.0057210407818,-440.0057210407818
2021-11-25 21:00:00,1432A,SLD,40.0,479.7293790684322,-439.7293790684322
2021-11-25 22:00:00,1432A,SLD,38.0,478.5029743738045,-440.5029743738045
2021-11-25 23:00:00,1432A,SLD,39.0,478.0329290434667,-439.0329290434667
2021-11-26 00:00:00,1432A,SLD,45.0,478.1279185997917,-433.1279185997917
2021-11-26 01:00:00,1432A,SLD,46.0,479.236612362412,-433.236612362412
2021-11-26 02:00:00,1432A,SLD,44.0,480.04586987418156,-436.04586987418156
2021-11-26 03:00:00,1432A,SLD,45.0,479.66849608943267,-434.66849608943267
2021-11-26 04:00:00,1432A,SLD,48.0,478.84965025628384,-430.84965025628384
2021-11-26 05:00:00,1432A,SLD,55.0,479.40494934176013,-424.40494934176013
2021-11-26 06:00:00,1432A,SLD,54.0,480.10603545211796,-426.10603545211796
2021-11-26 07:00:00,1432A,SLD,59.0,479.0735505133329,-420.0735505133329
2021-11-26 08:00:00,1432A,SLD,59.0,478.9644822552303,-419.9644822552303
2021-11-26 09:00:00,1432A,SLD,60.0,479.6064956050545,-419.6064956050545
2021-11-26 10:00:00,1432A,SLD,54.0,480.2955484800283,-426.2955484800283
2021-11-26 11:00:00,1432A,SLD,53.0,480.6880908063561,-427.6880908063561
2021-11-26 12:00:00,1432A,SLD,51.0,479.63699640225343,-428.63699640225343
2021-11-26 13:00:00,1432A,SLD,52.0,478.7031094913892,-426.7031094913892
2021-11-26 14:00:00,1432A,SLD,57.0,478.71685056121447,-421.71685056121447
2021-11-26 15:00:00,1432A,SLD,59.0,478.13588963422904,-419.13588963422904
2021-11-26 16:00:00,1432A,SLD,55.0,477.2840307019366,-422.2840307019366
2021-11-26 17:00:00,1432A,SLD,58.0,477.45057915984097,-419.45057915984097
2021-11-26 18:00:00,1432A,SLD,55.0,476.9228195102195,-421.9228195102195
2021-11-26 19:00:00,1432A,SLD,56.0,477.96756788087896,-421.96756788087896
2021-11-26 20:00:00,1432A,SLD,50.0,480.13193109747493,-430.13193109747493
2021-11-26 21:00:00,1432A,SLD,43.0,480.85558912512533,-437.85558912512533
2021-11-26 22:00:00,1432A,SLD,45.0,479.6291844304976,-434.6291844304976
2021-11-26 23:00:00,1432A,SLD,48.0,479.15913910015985,-431.15913910015985
2021-11-27 00:00:00,1432A,SLD,50.0,479.25412865648485,-429.25412865648485
2021-11-27 01:00:00,1432A,SLD,49.0,480.36282241910516,-431.36282241910516
2021-11-27 02:00:00,1432A,SLD,47.0,481.1720799308747,-434.1720799308747
2021-11-27 03:00:00,1432A,SLD,44.0,480.7947061461258,-436.7947061461258
2021-11-27 04:00:00,1432A,SLD,46.0,479.975860312977,-433.975860312977
2021-11-27 05:00:00,1432A,SLD,43.0,480.53115939845327,-437.53115939845327
2021-11-27 06:00:00,1432A,SLD,42.0,481.2322455088111,-439.2322455088111
2021-11-27 07:00:00,1432A,SLD,44.0,480.19976057002606,-436.19976057002606
2021-11-27 08:00:00,1432A,SLD,44.0,480.0906923119234,-436.0906923119234
2021-11-27 09:00:00,1432A,SLD,45.0,480.7327056617476,-435.7327056617476
2021-11-27 10:00:00,1432A,SLD,46.0,481.4217585367214,-435.4217585367214
2021-11-27 11:00:00,1432A,SLD,46.0,481.81430086304925,-435.81430086304925
2021-11-27 12:00:00,1432A,SLD,47.0,480.76320645894657,-433.76320645894657
2021-11-27 13:00:00,1432A,SLD,47.0,479.82931954808237,-432.82931954808237
2021-11-27 14:00:00,1432A,SLD,48.0,479.8430606179076,-431.8430606179076
2021-11-27 15:00:00,1432A,SLD,36.0,479.2620996909222,-443.2620996909222
2021-11-27 16:00:00,1432A,SLD,41.0,478.41024075862975,-437.41024075862975
2021-11-27 17:00:00,1432A,SLD,43.0,478.5767892165341,-435.5767892165341
2021-11-27 18:00:00,1432A,SLD,42.0,478.0490295669126,-436.0490295669126
2021-11-27 19:00:00,1432A,SLD,44.0,479.0937779375721,-435.0937779375721
2021-11-27 20:00:00,1432A,SLD,39.0,481.2581411541681,-442.2581411541681
2021-11-27 21:00:00,1432A,SLD,37.0,481.9817991818185,-444.9817991818185
2021-11-27 22:00:00,1432A,SLD,38.0,480.75539448719076,-442.75539448719076
2021-11-27 23:00:00,1432A,SLD,34.0,480.285349156853,-446.285349156853
2021-11-28 00:00:00,1432A,SLD,33.0,480.380338713178,-447.380338713178
2021-11-28 01:00:00,1432A,SLD,32.0,481.4890324757983,-449.4890324757983
2021-11-28 02:00:00,1432A,SLD,33.0,482.29828998756784,-449.29828998756784
2021-11-28 03:00:00,1432A,SLD,34.0,481.92091620281894,-447.92091620281894
2021-11-28 04:00:00,1432A,SLD,35.0,481.1020703696701,-446.1020703696701
2021-11-28 05:00:00,1432A,SLD,36.0,481.6573694551464,-445.6573694551464
2021-11-28 06:00:00,1432A,SLD,37.0,482.35845556550424,-445.35845556550424
2021-11-28 07:00:00,1432A,SLD,39.0,481.3259706267192,-442.3259706267192
2021-11-28 08:00:00,1432A,SLD,38.0,481.21690236861656,-443.21690236861656
2021-11-28 09:00:00,1432A,SLD,37.0,481.85891571844076,-444.85891571844076
2021-11-28 10:00:00,1432A,SLD,41.0,482.54796859341457,-441.54796859341457
2021-11-28 11:00:00,1432A,SLD,49.0,482.9405109197424,-433.9405109197424
2021-11-28 12:00:00,1432A,SLD,50.0,481.8894165156397,-431.8894165156397
2021-11-28 13:00:00,1432A,SLD,55.0,480.9555296047755,-425.9555296047755
2021-11-28 14:00:00,1432A,SLD,61.0,480.96927067460075,-419.96927067460075
2021-11-28 15:00:00,1432A,SLD,64.0,480.3883097476153,-416.3883097476153
2021-11-28 16:00:00,1432A,SLD,64.0,479.5364508153229,-415.5364508153229
2021-11-28 17:00:00,1432A,SLD,64.0,479.70299927322725,-415.70299927322725
2021-11-28 18:00:00,1432A,SLD,65.0,479.17523962360576,-414.17523962360576
2021-11-28 19:00:00,1432A,SLD,66.0,480.21998799426524,-414.21998799426524
2021-11-28 20:00:00,1432A,SLD,66.0,482.3843512108612,-416.3843512108612
2021-11-28 21:00:00,1432A,SLD,66.0,483.1080092385116,-417.1080092385116
2021-11-28 22:00:00,1432A,SLD,55.0,481.8816045438839,-426.8816045438839
2021-11-28 23:00:00,1432A,SLD,47.0,481.4115592135461,-434.4115592135461
2021-11-29 00:00:00,1432A,SLD,45.0,481.50654876987113,-436.50654876987113
2021-11-29 01:00:00,1432A,SLD,48.0,482.61524253249144,-434.61524253249144
2021-11-29 02:00:00,1432A,SLD,49.0,483.424500044261,-434.424500044261
2021-11-29 03:00:00,1432A,SLD,48.0,483.0471262595121,-435.0471262595121
2021-11-29 04:00:00,1432A,SLD,52.0,482.22828042636326,-430.22828042636326
2021-11-29 05:00:00,1432A,SLD,52.0,482.78357951183955,-430.78357951183955
2021-11-29 06:00:00,1432A,SLD,51.0,483.4846656221974,-432.4846656221974
2021-11-29 07:00:00,1432A,SLD,51.0,482.45218068341234,-431.45218068341234
2021-11-29 08:00:00,1432A,SLD,50.0,482.3431124253097,-432.3431124253097
2021-11-29 09:00:00,1432A,SLD,47.0,482.9851257751339,-435.9851257751339
2021-11-29 10:00:00,1432A,SLD,38.0,483.6741786501077,-445.6741786501077
2021-11-29 11:00:00,1432A,SLD,28.0,484.06672097643553,-456.06672097643553
2021-11-29 12:00:00,1432A,SLD,11.0,483.01562657233285,-472.01562657233285
2021-11-29 13:00:00,1432A,SLD,8.0,482.08173966146865,-474.08173966146865
2021-11-29 14:00:00,1432A,SLD,8.0,482.0954807312939,-474.0954807312939
2021-11-29 15:00:00,1432A,SLD,8.0,481.51451980430846,-473.51451980430846
2021-11-29 16:00:00,1432A,SLD,9.0,480.66266087201603,-471.66266087201603
2021-11-29 17:00:00,1432A,SLD,10.0,480.8292093299204,-470.8292093299204
2021-11-29 18:00:00,1432A,SLD,11.0,480.3014496802989,-469.3014496802989
2021-11-29 19:00:00,1432A,SLD,13.0,481.3461980509584,-468.3461980509584
2021-11-29 20:00:00,1432A,SLD,15.0,483.51056126755435,-468.51056126755435
2021-11-29 21:00:00,1432A,SLD,18.0,484.23421929520475,-466.23421929520475
2021-11-29 22:00:00,1432A,SLD,21.0,483.00781460057703,-462.00781460057703
2021-11-29 23:00:00,1432A,SLD,24.0,482.53776927023927,-458.53776927023927
2021-11-30 00:00:00,1432A,SLD,25.0,482.63275882656427,-457.63275882656427
2021-11-30 01:00:00,1432A,SLD,24.0,483.7414525891846,-459.7414525891846
2021-11-30 02:00:00,1432A,SLD,24.0,484.5507101009541,-460.5507101009541
2021-11-30 03:00:00,1432A,SLD,23.0,484.1733363162052,-461.1733363162052
2021-11-30 04:00:00,1432A,SLD,25.0,483.3544904830564,-458.3544904830564
2021-11-30 05:00:00,1432A,SLD,23.0,483.9097895685327,-460.9097895685327
2021-11-30 06:00:00,1432A,SLD,22.0,484.6108756788905,-462.6108756788905
2021-11-30 07:00:00,1432A,SLD,26.0,483.5783907401055,-457.5783907401055
2021-11-30 08:00:00,1432A,SLD,27.0,483.46932248200284,-456.46932248200284
2021-11-30 09:00:00,1432A,SLD,28.0,484.11133583182703,-456.11133583182703
2021-11-30 10:00:00,1432A,SLD,31.0,484.80038870680085,-453.80038870680085
2021-11-30 11:00:00,1432A,SLD,,485.1929310331287,
2021-11-30 12:00:00,1432A,SLD,33.0,484.141836629026,-451.141836629026
2021-11-30 13:00:00,1432A,SLD,30.0,483.2079497181618,-453.2079497181618
2021-11-30 14:00:00,1432A,SLD,32.0,483.22169078798703,-451.22169078798703
2021-11-30 15:00:00,1432A,SLD,32.0,482.6407298610016,-450.6407298610016
2021-11-30 16:00:00,1432A,SLD,30.0,481.7888709287092,-451.7888709287092
2021-11-30 17:00:00,1432A,SLD,29.0,481.9554193866135,-452.9554193866135
2021-11-30 18:00:00,1432A,SLD,30.0,481.42765973699204,-451.42765973699204
2021-11-30 19:00:00,1432A,SLD,36.0,482.4724081076515,-446.4724081076515
2021-11-30 20:00:00,1432A,SLD,37.0,484.6367713242475,-447.6367713242475
2021-11-30 21:00:00,1432A,SLD,39.0,485.3604293518979,-446.3604293518979
2021-11-30 22:00:00,1432A,SLD,46.0,484.1340246572702,-438.1340246572702
2021-11-30 23:00:00,1432A,SLD,51.0,483.6639793269324,-432.6639793269324
2021-12-01 00:00:00,1432A,SLD,49.0,483.7589688832574,-434.7589688832574
2021-12-01 01:00:00,1432A,SLD,53.0,484.8676626458777,-431.8676626458777
2021-12-01 02:00:00,1432A,SLD,56.0,485.67692015764726,-429.67692015764726
2021-12-01 03:00:00,1432A,SLD,56.0,485.29954637289836,-429.29954637289836
2021-12-01 04:00:00,1432A,SLD,48.0,484.48070053974953,-436.48070053974953
2021-12-01 05:00:00,1432A,SLD,47.0,485.0359996252258,-438.0359996252258
2021-12-01 06:00:00,1432A,SLD,51.0,485.73708573558366,-434.73708573558366
2021-12-01 07:00:00,1432A,SLD,48.0,484.7046007967986,-436.7046007967986
2021-12-01 08:00:00,1432A,SLD,48.0,484.595532538696,-436.595532538696
2021-12-01 09:00:00,1432A,SLD,52.0,485.2375458885202,-433.2375458885202
2021-12-01 10:00:00,1432A,SLD,61.0,485.926598763494,-424.926598763494
2021-12-01 11:00:00,1432A,SLD,58.0,486.3191410898218,-428.3191410898218
2021-12-01 12:00:00,1432A,SLD,54.0,485.2680466857191,-431.2680466857191
2021-12-01 13:00:00,1432A,SLD,51.0,484.3341597748549,-433.3341597748549
2021-12-01 14:00:00,1432A,SLD,41.0,484.34790084468017,-443.34790084468017
2021-12-01 15:00:00,1432A,SLD,36.0,483.76693991769474,-447.76693991769474
2021-12-01 16:00:00,1432A,SLD,35.0,482.9150809854023,-447.9150809854023
2021-12-01 17:00:00,1432A,SLD,36.0,483.08162944330667,-447.08162944330667
2021-12-01 18:00:00,1432A,SLD,32.0,482.5538697936852,-450.5538697936852
2021-12-01 19:00:00,1432A,SLD,32.0,483.59861816434466,-451.59861816434466
2021-12-01 20:00:00,1432A,SLD,35.0,485.76298138094063,-450.76298138094063
2021-12-01 21:00:00,1432A,SLD,35.0,486.48663940859103,-451.48663940859103
2021-12-01 22:00:00,1432A,SLD,38.0,485.2602347139633,-447.2602347139633
2021-12-01 23:00:00,1432A,SLD,44.0,484.79018938362555,-440.79018938362555
2021-12-02 00:00:00,1432A,SLD,41.0,484.88517893995055,-443.88517893995055
2021-12-02 01:00:00,1432A,SLD,41.0,485.99387270257085,-444.99387270257085
2021-12-02 02:00:00,1432A,SLD,41.0,486.8031302143404,-445.8031302143404
2021-12-02 03:00:00,1432A,SLD,,486.4257564295915,
2021-12-02 04:00:00,1432A,SLD,,485.6069105964427,
2021-12-02 05:00:00,1432A,SLD,46.0,486.16220968191897,-440.16220968191897
2021-12-02 06:00:00,1432A,SLD,48.0,486.8632957922768,-438.8632957922768
2021-12-02 07:00:00,1432A,SLD,49.0,485.83081085349176,-436.83081085349176
2021-12-02 08:00:00,1432A,SLD,49.0,485.7217425953891,-436.7217425953891
