timestamp,station_code,station_name,actual_pm25,sarima_prediction,residual
2021-01-01 00:00:00,1433A,SWY,44.0,113.6843405662543,-69.6843405662543
2021-01-01 01:00:00,1433A,SWY,52.0,113.06835580244987,-61.06835580244987
2021-01-01 02:00:00,1433A,SWY,,112.56285200871694,
2021-01-01 03:00:00,1433A,SWY,67.0,111.91560750685117,-44.915607506851174
2021-01-01 04:00:00,1433A,SWY,81.0,111.47929260493353,-30.479292604933534
2021-01-01 05:00:00,1433A,SWY,,111.35353102019266,
2021-01-01 06:00:00,1433A,SWY,,111.6674909310569,
2021-01-01 07:00:00,1433A,SWY,66.0,111.53297656558537,-45.53297656558537
2021-01-01 08:00:00,1433A,SWY,69.0,113.21389379158826,-44.21389379158826
2021-01-01 09:00:00,1433A,SWY,67.0,115.54663517132536,-48.54663517132536
2021-01-01 10:00:00,1433A,SWY,68.0,117.18400543439789,-49.18400543439789
2021-01-01 11:00:00,1433A,SWY,90.0,118.9202880947178,-28.920288094717804
2021-01-01 12:00:00,1433A,SWY,98.0,119.29571238202969,-21.29571238202969
2021-01-01 13:00:00,1433A,SWY,68.0,118.12299882294319,-50.12299882294319
2021-01-01 14:00:00,1433A,SWY,,116.62924208198203,
2021-01-01 15:00:00,1433A,SWY,71.0,114.79072038607202,-43.790720386072024
2021-01-01 16:00:00,1433A,SWY,75.0,113.7602973592416,-38.760297359241605
2021-01-01 17:00:00,1433A,SWY,71.0,112.7360931840124,-41.736093184012404
2021-01-01 18:00:00,1433A,SWY,72.0,111.17507410428249,-39.17507410428249
2021-01-01 19:00:00,1433A,SWY,68.0,112.31052910430563,-44.31052910430563
2021-01-01 20:00:00,1433A,SWY,67.0,113.14919566907038,-46.14919566907038
2021-01-01 21:00:00,1433A,SWY,76.0,113.82881764905257,-37.82881764905257
2021-01-01 22:00:00,1433A,SWY,70.0,115.45621322813005,-45.45621322813005
2021-01-01 23:00:00,1433A,SWY,74.0,114.98478996504684,-40.98478996504684
2021-01-02 00:00:00,1433A,SWY,74.0,115.29127337402878,-41.291273374028776
2021-01-02 01:00:00,1433A,SWY,71.0,114.42243193829474,-43.422431938294736
2021-01-02 02:00:00,1433A,SWY,76.0,113.88401681796284,-37.884016817962845
2021-01-02 03:00:00,1433A,SWY,82.0,113.22521637425764,-31.22521637425764
2021-01-02 04:00:00,1433A,SWY,79.0,112.73119728615256,-33.731197286152565
2021-01-02 05:00:00,1433A,SWY,79.0,112.55289737363631,-33.55289737363631
2021-01-02 06:00:00,1433A,SWY,84.0,112.92255525242595,-28.92255525242595
2021-01-02 07:00:00,1433A,SWY,81.0,112.81939406867036,-31.819394068670363
2021-01-02 08:00:00,1433A,SWY,83.0,114.49494847459182,-31.494948474591823
2021-01-02 09:00:00,1433A,SWY,78.0,116.79966825233222,-38.799668252332225
2021-01-02 10:00:00,1433A,SWY,84.0,118.3469088416258,-34.346908841625805
2021-01-02 11:00:00,1433A,SWY,92.0,120.0451452232759,-28.045145223275895
2021-01-02 12:00:00,1433A,SWY,98.0,120.4268792634902,-22.426879263490207
2021-01-02 13:00:00,1433A,SWY,97.0,119.16722795025237,-22.167227950252368
2021-01-02 14:00:00,1433A,SWY,99.0,117.61475166854324,-18.614751668543235
2021-01-02 15:00:00,1433A,SWY,104.0,115.66129499485676,-11.66129499485676
2021-01-02 16:00:00,1433A,SWY,107.0,114.63036064846521,-7.630360648465214
2021-01-02 17:00:00,1433A,SWY,97.0,113.6057496738624,-16.605749673862405
2021-01-02 18:00:00,1433A,SWY,110.0,112.33782740271822,-2.3378274027182187
2021-01-02 19:00:00,1433A,SWY,122.0,113.02177021635845,8.978229783641552
2021-01-02 20:00:00,1433A,SWY,108.0,113.9921811854668,-5.992181185466805
2021-01-02 21:00:00,1433A,SWY,108.0,114.66641857470727,-6.666418574707265
2021-01-02 22:00:00,1433A,SWY,117.0,116.35477976138341,0.645220238616588
2021-01-02 23:00:00,1433A,SWY,117.0,116.02669621722055,0.9733037827794533
2021-01-03 00:00:00,1433A,SWY,119.0,116.36044296758966,2.6395570324103375
2021-01-03 01:00:00,1433A,SWY,109.0,115.48735177185466,-6.487351771854662
2021-01-03 02:00:00,1433A,SWY,,114.9483835111279,
2021-01-03 03:00:00,1433A,SWY,113.0,114.28938884680343,-1.2893888468034334
2021-01-03 04:00:00,1433A,SWY,116.0,113.79439992491673,2.205600075083268
2021-01-03 05:00:00,1433A,SWY,114.0,113.61521700115861,0.3847829988413878
2021-01-03 06:00:00,1433A,SWY,116.0,113.98581099523608,2.014189004763921
2021-01-03 07:00:00,1433A,SWY,124.0,113.88317676414718,10.11682323585282
2021-01-03 08:00:00,1433A,SWY,140.0,115.55864103719573,24.441358962804273
2021-01-03 09:00:00,1433A,SWY,129.0,117.86288985610231,11.137110143897686
2021-01-03 10:00:00,1433A,SWY,137.0,119.40861563671157,17.591384363288427
2021-01-03 11:00:00,1433A,SWY,138.0,121.10621257486964,16.893787425130355
2021-01-03 12:00:00,1433A,SWY,113.0,121.48805266304899,-8.48805266304899
2021-01-03 13:00:00,1433A,SWY,97.0,120.22694018769371,-23.226940187693714
2021-01-03 14:00:00,1433A,SWY,58.0,118.67347700714724,-60.67347700714724
2021-01-03 15:00:00,1433A,SWY,15.0,116.71808862223664,-101.71808862223664
2021-01-03 16:00:00,1433A,SWY,50.0,115.6871456821014,-65.6871456821014
2021-01-03 17:00:00,1433A,SWY,62.0,114.66252787042491,-52.66252787042491
2021-01-03 18:00:00,1433A,SWY,68.0,113.39953167492673,-45.399531674926735
2021-01-03 19:00:00,1433A,SWY,77.0,114.07588592697202,-37.07588592697202
2021-01-03 20:00:00,1433A,SWY,91.0,115.04851112319827,-24.048511123198267
2021-01-03 21:00:00,1433A,SWY,80.0,115.72265801366652,-35.72265801366652
2021-01-03 22:00:00,1433A,SWY,60.0,117.41204384880706,-57.41204384880706
2021-01-03 23:00:00,1433A,SWY,66.0,117.08636941411862,-51.08636941411862
2021-01-04 00:00:00,1433A,SWY,75.0,117.4205743792417,-42.4205743792417
2021-01-04 01:00:00,1433A,SWY,82.0,116.54741175782539,-34.54741175782539
2021-01-04 02:00:00,1433A,SWY,88.0,116.00843420047256,-28.008434200472564
2021-01-04 03:00:00,1433A,SWY,114.0,115.34943627188377,-1.349436271883775
2021-01-04 04:00:00,1433A,SWY,111.0,114.8544310500087,-3.8544310500086993
2021-01-04 05:00:00,1433A,SWY,112.0,114.67523328548792,-2.67523328548792
2021-01-04 06:00:00,1433A,SWY,106.0,115.04584301284731,-9.045843012847314
2021-01-04 07:00:00,1433A,SWY,109.0,114.94321763824753,-5.943217638247532
2021-01-04 08:00:00,1433A,SWY,119.0,116.61868039643363,2.381319603566368
2021-01-04 09:00:00,1433A,SWY,106.0,118.92292129993898,-12.922921299938977
2021-01-04 10:00:00,1433A,SWY,108.0,120.4686216211712,-12.468621621171195
2021-01-04 11:00:00,1433A,SWY,111.0,122.16620781220777,-11.166207812207773
2021-01-04 12:00:00,1433A,SWY,115.0,122.54804968273439,-7.548049682734387
2021-01-04 13:00:00,1433A,SWY,122.0,121.28691264963946,0.7130873503605386
2021-01-04 14:00:00,1433A,SWY,122.0,119.73343288229236,2.2665671177076376
2021-01-04 15:00:00,1433A,SWY,121.0,117.77801203112712,3.221987968872881
2021-01-04 16:00:00,1433A,SWY,120.0,116.74706894655694,3.2529310534430635
2021-01-04 17:00:00,1433A,SWY,115.0,115.72245101996978,-0.7224510199697818
2021-01-04 18:00:00,1433A,SWY,118.0,114.45953761698442,3.54046238301558
2021-01-04 19:00:00,1433A,SWY,121.0,115.13576432813753,5.864235671862474
2021-01-04 20:00:00,1433A,SWY,132.0,116.10842673886069,15.891573261139314
2021-01-04 21:00:00,1433A,SWY,133.0,116.78257210831683,16.217427891683172
2021-01-04 22:00:00,1433A,SWY,133.0,118.47197516471567,14.528024835284327
2021-01-04 23:00:00,1433A,SWY,130.0,118.14634121991028,11.853658780089717
2021-01-05 00:00:00,1433A,SWY,118.0,118.48055388624498,-0.4805538862449765
2021-01-05 01:00:00,1433A,SWY,123.0,117.60739006437784,5.392609935622161
2021-01-05 02:00:00,1433A,SWY,125.0,117.0684123507767,7.931587649223303
2021-01-05 03:00:00,1433A,SWY,124.0,116.40941436732543,7.590585632674575
2021-01-05 04:00:00,1433A,SWY,112.0,115.91440887149658,-3.914408871496576
2021-01-05 05:00:00,1433A,SWY,108.0,115.73521085754722,-7.735210857547216
2021-01-05 06:00:00,1433A,SWY,118.0,116.10582084933574,1.8941791506642573
2021-01-05 07:00:00,1433A,SWY,122.0,116.00319562358692,5.996804376413081
2021-01-05 08:00:00,1433A,SWY,132.0,117.67865835631274,14.321341643687262
2021-01-05 09:00:00,1433A,SWY,137.0,119.98289912678402,17.01710087321598
2021-01-05 10:00:00,1433A,SWY,141.0,121.52859902012067,19.471400979879334
2021-01-05 11:00:00,1433A,SWY,129.0,123.22618503053047,5.773814969469527
2021-01-05 12:00:00,1433A,SWY,106.0,123.608026931013,-17.608026931013
2021-01-05 13:00:00,1433A,SWY,85.0,122.34688948517632,-37.34688948517632
2021-01-05 14:00:00,1433A,SWY,54.0,120.793409439055,-66.793409439055
2021-01-05 15:00:00,1433A,SWY,36.0,118.8379880422297,-82.8379880422297
2021-01-05 16:00:00,1433A,SWY,40.0,117.80704495523197,-77.80704495523197
2021-01-05 17:00:00,1433A,SWY,82.0,116.78242702671352,-34.78242702671352
2021-01-05 18:00:00,1433A,SWY,50.0,115.51951501522123,-65.51951501522123
2021-01-05 19:00:00,1433A,SWY,56.0,116.19573958279561,-60.19573958279561
2021-01-05 20:00:00,1433A,SWY,66.0,117.16840261898254,-51.16840261898254
2021-01-05 21:00:00,1433A,SWY,72.0,117.84254796287503,-45.84254796287503
2021-01-05 22:00:00,1433A,SWY,80.0,119.53195130871143,-39.53195130871143
2021-01-05 23:00:00,1433A,SWY,74.0,119.20631804441918,-45.20631804441918
2021-01-06 00:00:00,1433A,SWY,62.0,119.54053084018805,-57.540530840188055
2021-01-06 01:00:00,1433A,SWY,55.0,118.66736699814496,-63.667366998144956
2021-01-06 02:00:00,1433A,SWY,54.0,118.12838928191775,-64.12838928191775
2021-01-06 03:00:00,1433A,SWY,56.0,117.4693912975444,-61.469391297544405
2021-01-06 04:00:00,1433A,SWY,55.0,116.97438579711121,-61.97438579711121
2021-01-06 05:00:00,1433A,SWY,50.0,116.79518777896972,-66.79518777896972
2021-01-06 06:00:00,1433A,SWY,50.0,117.16579777520252,-67.16579777520252
2021-01-06 07:00:00,1433A,SWY,55.0,117.06317255195542,-62.06317255195542
2021-01-06 08:00:00,1433A,SWY,55.0,118.73863528425332,-63.73863528425332
2021-01-06 09:00:00,1433A,SWY,55.0,121.04287605248868,-66.04287605248868
2021-01-06 10:00:00,1433A,SWY,57.0,122.58857593863374,-65.58857593863374
2021-01-06 11:00:00,1433A,SWY,56.0,124.28616194600772,-68.28616194600772
2021-01-06 12:00:00,1433A,SWY,62.0,124.6680038469937,-62.6680038469937
2021-01-06 13:00:00,1433A,SWY,68.0,123.4068663942201,-55.4068663942201
2021-01-06 14:00:00,1433A,SWY,88.0,121.85338634341342,-33.85338634341342
2021-01-06 15:00:00,1433A,SWY,84.0,119.8979649374172,-35.8979649374172
2021-01-06 16:00:00,1433A,SWY,86.0,118.86702185037868,-32.86702185037868
2021-01-06 17:00:00,1433A,SWY,77.0,117.84240392182778,-40.84240392182778
2021-01-06 18:00:00,1433A,SWY,75.0,116.5794919337223,-41.579491933722295
2021-01-06 19:00:00,1433A,SWY,70.0,117.25571646526957,-47.25571646526957
2021-01-06 20:00:00,1433A,SWY,66.0,118.22837951196864,-52.22837951196864
2021-01-06 21:00:00,1433A,SWY,57.0,118.90252485543148,-61.90252485543148
2021-01-06 22:00:00,1433A,SWY,50.0,120.59192820613245,-70.59192820613245
2021-01-06 23:00:00,1433A,SWY,48.0,120.26629495327758,-72.26629495327758
2021-01-07 00:00:00,1433A,SWY,64.0,120.60050775122185,-56.600507751221855
2021-01-07 01:00:00,1433A,SWY,79.0,119.72734390883966,-40.72734390883966
2021-01-07 02:00:00,1433A,SWY,60.0,119.18836619256831,-59.18836619256831
2021-01-07 03:00:00,1433A,SWY,42.0,118.52936820817946,-76.52936820817946
2021-01-07 04:00:00,1433A,SWY,41.0,118.03436270766892,-77.03436270766892
2021-01-07 05:00:00,1433A,SWY,18.0,117.85516468945694,-99.85516468945694
2021-01-07 06:00:00,1433A,SWY,25.0,118.22577468576443,-93.22577468576443
2021-01-07 07:00:00,1433A,SWY,19.0,118.12314946255938,-99.12314946255938
2021-01-07 08:00:00,1433A,SWY,9.0,119.79861219485008,-110.79861219485008
2021-01-07 09:00:00,1433A,SWY,40.0,122.10285296304788,-82.10285296304788
2021-01-07 10:00:00,1433A,SWY,40.0,123.64855284907203,-83.64855284907203
2021-01-07 11:00:00,1433A,SWY,44.0,125.34613885639502,-81.34613885639502
2021-01-07 12:00:00,1433A,SWY,,125.72798075738946,
2021-01-07 13:00:00,1433A,SWY,43.0,124.46684330449926,-81.46684330449926
2021-01-07 14:00:00,1433A,SWY,42.0,122.91336325361384,-80.91336325361384
2021-01-07 15:00:00,1433A,SWY,,120.95794184746349,
2021-01-07 16:00:00,1433A,SWY,31.0,119.92699876042428,-88.92699876042428
2021-01-07 17:00:00,1433A,SWY,37.0,118.90238083187283,-81.90238083187283
2021-01-07 18:00:00,1433A,SWY,40.0,117.6394688441604,-77.6394688441604
2021-01-07 19:00:00,1433A,SWY,44.0,118.31569337510219,-74.31569337510219
2021-01-07 20:00:00,1433A,SWY,46.0,119.28835642197795,-73.28835642197795
2021-01-07 21:00:00,1433A,SWY,48.0,119.96250176543356,-71.96250176543356
2021-01-07 22:00:00,1433A,SWY,48.0,121.65190511621628,-73.65190511621628
2021-01-07 23:00:00,1433A,SWY,41.0,121.32627186355364,-80.32627186355364
2021-01-08 00:00:00,1433A,SWY,34.0,121.66048466153448,-87.66048466153448
2021-01-08 01:00:00,1433A,SWY,40.0,120.78732081914659,-80.78732081914659
2021-01-08 02:00:00,1433A,SWY,48.0,120.2483431028745,-72.2483431028745
2021-01-08 03:00:00,1433A,SWY,53.0,119.58934511848541,-66.58934511848541
2021-01-08 04:00:00,1433A,SWY,56.0,119.09433961797352,-63.09433961797352
2021-01-08 05:00:00,1433A,SWY,46.0,118.91514159976039,-72.91514159976039
2021-01-08 06:00:00,1433A,SWY,44.0,119.28575159606913,-75.28575159606913
2021-01-08 07:00:00,1433A,SWY,44.0,119.18312637286478,-75.18312637286478
2021-01-08 08:00:00,1433A,SWY,45.0,120.85858910515536,-75.85858910515536
2021-01-08 09:00:00,1433A,SWY,40.0,123.16282987335254,-83.16282987335254
2021-01-08 10:00:00,1433A,SWY,42.0,124.70852975937467,-82.70852975937467
2021-01-08 11:00:00,1433A,SWY,54.0,126.4061157666968,-72.4061157666968
2021-01-08 12:00:00,1433A,SWY,56.0,126.78795766769137,-70.78795766769137
2021-01-08 13:00:00,1433A,SWY,28.0,125.52682021479922,-97.52682021479922
2021-01-08 14:00:00,1433A,SWY,19.0,123.97334016391247,-104.97334016391247
2021-01-08 15:00:00,1433A,SWY,28.0,122.01791875775953,-94.01791875775953
2021-01-08 16:00:00,1433A,SWY,33.0,120.98697567072031,-87.98697567072031
2021-01-08 17:00:00,1433A,SWY,41.0,119.96235774216885,-78.96235774216885
2021-01-08 18:00:00,1433A,SWY,44.0,118.69944575446304,-74.69944575446304
2021-01-08 19:00:00,1433A,SWY,47.0,119.37567028539462,-72.37567028539462
2021-01-08 20:00:00,1433A,SWY,48.0,120.34833333227334,-72.34833333227334
2021-01-08 21:00:00,1433A,SWY,56.0,121.02247867572883,-65.02247867572883
2021-01-08 22:00:00,1433A,SWY,72.0,122.71188202651295,-50.71188202651295
2021-01-08 23:00:00,1433A,SWY,78.0,122.38624877385354,-44.38624877385354
2021-01-09 00:00:00,1433A,SWY,76.0,122.72046157183499,-46.72046157183499
2021-01-09 01:00:00,1433A,SWY,62.0,121.84729772944699,-59.84729772944699
2021-01-09 02:00:00,1433A,SWY,66.0,121.30832001317489,-55.30832001317489
2021-01-09 03:00:00,1433A,SWY,68.0,120.64932202878579,-52.64932202878579
2021-01-09 04:00:00,1433A,SWY,71.0,120.1543165282739,-49.154316528273895
2021-01-09 05:00:00,1433A,SWY,73.0,119.97511851006074,-46.97511851006074
2021-01-09 06:00:00,1433A,SWY,79.0,120.34572850636948,-41.34572850636948
2021-01-09 07:00:00,1433A,SWY,84.0,120.24310328316515,-36.243103283165155
2021-01-09 08:00:00,1433A,SWY,75.0,121.91856601545575,-46.91856601545575
2021-01-09 09:00:00,1433A,SWY,,124.2228067836529,
2021-01-09 10:00:00,1433A,SWY,76.0,125.768506669675,-49.768506669675006
2021-01-09 11:00:00,1433A,SWY,78.0,127.46609267699709,-49.46609267699709
2021-01-09 12:00:00,1433A,SWY,89.0,127.84793457799168,-38.84793457799168
2021-01-09 13:00:00,1433A,SWY,92.0,126.58679712509951,-34.58679712509951
2021-01-09 14:00:00,1433A,SWY,83.0,125.03331707421273,-42.03331707421273
2021-01-09 15:00:00,1433A,SWY,86.0,123.07789566805975,-37.07789566805975
2021-01-09 16:00:00,1433A,SWY,91.0,122.04695258102053,-31.046952581020534
2021-01-09 17:00:00,1433A,SWY,73.0,121.02233465246907,-48.02233465246907
2021-01-09 18:00:00,1433A,SWY,57.0,119.75942266476336,-62.75942266476336
2021-01-09 19:00:00,1433A,SWY,56.0,120.43564719569478,-64.43564719569478
2021-01-09 20:00:00,1433A,SWY,61.0,121.40831024257356,-60.40831024257356
2021-01-09 21:00:00,1433A,SWY,53.0,122.08245558602907,-69.08245558602907
2021-01-09 22:00:00,1433A,SWY,61.0,123.7718589368132,-62.7718589368132
2021-01-09 23:00:00,1433A,SWY,60.0,123.44622568415383,-63.44622568415383
2021-01-10 00:00:00,1433A,SWY,59.0,123.7804384821353,-64.7804384821353
2021-01-10 01:00:00,1433A,SWY,70.0,122.9072746397473,-52.9072746397473
2021-01-10 02:00:00,1433A,SWY,77.0,122.3682969234752,-45.3682969234752
2021-01-10 03:00:00,1433A,SWY,72.0,121.7092989390861,-49.709298939086096
2021-01-10 04:00:00,1433A,SWY,77.0,121.2142934385742,-44.2142934385742
2021-01-10 05:00:00,1433A,SWY,85.0,121.03509542036103,-36.03509542036103
2021-01-10 06:00:00,1433A,SWY,107.0,121.4057054166698,-14.405705416669804
2021-01-10 07:00:00,1433A,SWY,111.0,121.30308019346546,-10.303080193465462
2021-01-10 08:00:00,1433A,SWY,108.0,122.97854292575606,-14.97854292575606
2021-01-10 09:00:00,1433A,SWY,93.0,125.2827836939532,-32.282783693953206
2021-01-10 10:00:00,1433A,SWY,68.0,126.8284835799753,-58.8284835799753
2021-01-10 11:00:00,1433A,SWY,23.0,128.5260695872974,-105.5260695872974
2021-01-10 12:00:00,1433A,SWY,34.0,128.907911488292,-94.907911488292
2021-01-10 13:00:00,1433A,SWY,44.0,127.64677403539982,-83.64677403539982
2021-01-10 14:00:00,1433A,SWY,57.0,126.09329398451304,-69.09329398451304
2021-01-10 15:00:00,1433A,SWY,53.0,124.13787257836006,-71.13787257836006
2021-01-10 16:00:00,1433A,SWY,41.0,123.10692949132084,-82.10692949132084
2021-01-10 17:00:00,1433A,SWY,27.0,122.08231156276938,-95.08231156276938
2021-01-10 18:00:00,1433A,SWY,22.0,120.81939957506367,-98.81939957506367
2021-01-10 19:00:00,1433A,SWY,26.0,121.49562410599509,-95.49562410599509
2021-01-10 20:00:00,1433A,SWY,50.0,122.46828715287387,-72.46828715287387
2021-01-10 21:00:00,1433A,SWY,64.0,123.14243249632938,-59.14243249632938
2021-01-10 22:00:00,1433A,SWY,48.0,124.8318358471135,-76.8318358471135
2021-01-10 23:00:00,1433A,SWY,42.0,124.50620259445414,-82.50620259445414
2021-01-11 00:00:00,1433A,SWY,46.0,124.8404153924356,-78.8404153924356
2021-01-11 01:00:00,1433A,SWY,53.0,123.9672515500476,-70.9672515500476
2021-01-11 02:00:00,1433A,SWY,62.0,123.4282738337755,-61.428273833775506
2021-01-11 03:00:00,1433A,SWY,71.0,122.7692758493864,-51.7692758493864
2021-01-11 04:00:00,1433A,SWY,82.0,122.27427034887451,-40.27427034887451
2021-01-11 05:00:00,1433A,SWY,77.0,122.09507233066134,-45.09507233066134
2021-01-11 06:00:00,1433A,SWY,63.0,122.46568232697011,-59.46568232697011
2021-01-11 07:00:00,1433A,SWY,58.0,122.36305710376577,-64.36305710376577
2021-01-11 08:00:00,1433A,SWY,71.0,124.03851983605637,-53.038519836056366
2021-01-11 09:00:00,1433A,SWY,72.0,126.34276060425351,-54.34276060425351
2021-01-11 10:00:00,1433A,SWY,75.0,127.8884604902756,-52.888460490275605
2021-01-11 11:00:00,1433A,SWY,39.0,129.58604649759772,-90.58604649759772
2021-01-11 12:00:00,1433A,SWY,15.0,129.96788839859232,-114.96788839859232
2021-01-11 13:00:00,1433A,SWY,13.0,128.70675094570012,-115.70675094570012
2021-01-11 14:00:00,1433A,SWY,15.0,127.15327089481335,-112.15327089481335
2021-01-11 15:00:00,1433A,SWY,19.0,125.19784948866037,-106.19784948866037
2021-01-11 16:00:00,1433A,SWY,25.0,124.16690640162115,-99.16690640162115
2021-01-11 17:00:00,1433A,SWY,24.0,123.14228847306968,-99.14228847306968
2021-01-11 18:00:00,1433A,SWY,27.0,121.87937648536398,-94.87937648536398
2021-01-11 19:00:00,1433A,SWY,34.0,122.5556010162954,-88.5556010162954
2021-01-11 20:00:00,1433A,SWY,39.0,123.52826406317418,-84.52826406317418
2021-01-11 21:00:00,1433A,SWY,39.0,124.20240940662968,-85.20240940662968
2021-01-11 22:00:00,1433A,SWY,45.0,125.8918127574138,-80.8918127574138
2021-01-11 23:00:00,1433A,SWY,74.0,125.56617950475444,-51.566179504754444
2021-01-12 00:00:00,1433A,SWY,69.0,125.90039230273591,-56.90039230273591
2021-01-12 01:00:00,1433A,SWY,42.0,125.02722846034791,-83.02722846034791
2021-01-12 02:00:00,1433A,SWY,34.0,124.48825074407581,-90.48825074407581
2021-01-12 03:00:00,1433A,SWY,28.0,123.82925275968671,-95.82925275968671
2021-01-12 04:00:00,1433A,SWY,20.0,123.33424725917482,-103.33424725917482
2021-01-12 05:00:00,1433A,SWY,28.0,123.15504924096165,-95.15504924096165
2021-01-12 06:00:00,1433A,SWY,46.0,123.52565923727042,-77.52565923727042
2021-01-12 07:00:00,1433A,SWY,49.0,123.42303401406608,-74.42303401406608
2021-01-12 08:00:00,1433A,SWY,54.0,125.09849674635667,-71.09849674635667
2021-01-12 09:00:00,1433A,SWY,63.0,127.40273751455382,-64.40273751455382
2021-01-12 10:00:00,1433A,SWY,69.0,128.94843740057593,-59.948437400575926
2021-01-12 11:00:00,1433A,SWY,69.0,130.64602340789804,-61.64602340789804
2021-01-12 12:00:00,1433A,SWY,65.0,131.02786530889264,-66.02786530889264
2021-01-12 13:00:00,1433A,SWY,57.0,129.76672785600044,-72.76672785600044
2021-01-12 14:00:00,1433A,SWY,32.0,128.21324780511367,-96.21324780511367
2021-01-12 15:00:00,1433A,SWY,34.0,126.25782639896069,-92.25782639896069
2021-01-12 16:00:00,1433A,SWY,36.0,125.22688331192147,-89.22688331192147
2021-01-12 17:00:00,1433A,SWY,51.0,124.20226538337,-73.20226538337
2021-01-12 18:00:00,1433A,SWY,54.0,122.9393533956643,-68.9393533956643
2021-01-12 19:00:00,1433A,SWY,54.0,123.61557792659572,-69.61557792659572
2021-01-12 20:00:00,1433A,SWY,56.0,124.5882409734745,-68.5882409734745
2021-01-12 21:00:00,1433A,SWY,63.0,125.26238631693,-62.262386316930005
2021-01-12 22:00:00,1433A,SWY,67.0,126.95178966771412,-59.951789667714124
2021-01-12 23:00:00,1433A,SWY,70.0,126.62615641505477,-56.626156415054766
2021-01-13 00:00:00,1433A,SWY,111.0,126.96036921303623,-15.96036921303623
2021-01-13 01:00:00,1433A,SWY,68.0,126.08720537064823,-58.087205370648235
2021-01-13 02:00:00,1433A,SWY,61.0,125.54822765437613,-64.54822765437613
2021-01-13 03:00:00,1433A,SWY,50.0,124.88922966998703,-74.88922966998703
2021-01-13 04:00:00,1433A,SWY,64.0,124.39422416947514,-60.39422416947514
2021-01-13 05:00:00,1433A,SWY,65.0,124.21502615126197,-59.215026151261966
2021-01-13 06:00:00,1433A,SWY,40.0,124.58563614757074,-84.58563614757074
2021-01-13 07:00:00,1433A,SWY,66.0,124.4830109243664,-58.4830109243664
2021-01-13 08:00:00,1433A,SWY,83.0,126.158473656657,-43.158473656656994
2021-01-13 09:00:00,1433A,SWY,120.0,128.46271442485414,-8.462714424854141
2021-01-13 10:00:00,1433A,SWY,135.0,130.00841431087625,4.9915856891237524
2021-01-13 11:00:00,1433A,SWY,133.0,131.70600031819836,1.2939996818016368
2021-01-13 12:00:00,1433A,SWY,139.0,132.08784221919296,6.912157780807036
2021-01-13 13:00:00,1433A,SWY,133.0,130.82670476630076,2.1732952336992355
2021-01-13 14:00:00,1433A,SWY,92.0,129.273224715414,-37.27322471541399
2021-01-13 15:00:00,1433A,SWY,98.0,127.31780330926101,-29.31780330926101
2021-01-13 16:00:00,1433A,SWY,123.0,126.28686022222179,-3.28686022222179
2021-01-13 17:00:00,1433A,SWY,120.0,125.26224229367033,-5.262242293670326
2021-01-13 18:00:00,1433A,SWY,115.0,123.99933030596462,-8.99933030596462
2021-01-13 19:00:00,1433A,SWY,112.0,124.67555483689604,-12.67555483689604
2021-01-13 20:00:00,1433A,SWY,117.0,125.64821788377482,-8.64821788377482
2021-01-13 21:00:00,1433A,SWY,121.0,126.32236322723033,-5.322363227230326
2021-01-13 22:00:00,1433A,SWY,118.0,128.01176657801446,-10.01176657801446
2021-01-13 23:00:00,1433A,SWY,141.0,127.6861333253551,13.313866674644899
2021-01-14 00:00:00,1433A,SWY,142.0,128.02034612333657,13.979653876663434
2021-01-14 01:00:00,1433A,SWY,128.0,127.14718228094857,0.8528177190514299
2021-01-14 02:00:00,1433A,SWY,166.0,126.60820456467647,39.39179543532353
2021-01-14 03:00:00,1433A,SWY,164.0,125.94920658028737,38.05079341971263
2021-01-14 04:00:00,1433A,SWY,134.0,125.45420107977547,8.545798920224527
2021-01-14 05:00:00,1433A,SWY,118.0,125.2750030615623,-7.275003061562302
2021-01-14 06:00:00,1433A,SWY,139.0,125.64561305787107,13.354386942128926
2021-01-14 07:00:00,1433A,SWY,160.0,125.54298783466673,34.45701216533327
2021-01-14 08:00:00,1433A,SWY,153.0,127.21845056695733,25.78154943304267
2021-01-14 09:00:00,1433A,SWY,122.0,129.5226913351545,-7.522691335154491
2021-01-14 10:00:00,1433A,SWY,168.0,131.0683912211766,36.9316087788234
2021-01-14 11:00:00,1433A,SWY,168.0,132.7659772284987,35.23402277150129
2021-01-14 12:00:00,1433A,SWY,131.0,133.1478191294933,-2.147819129493314
2021-01-14 13:00:00,1433A,SWY,,131.8866816766011,
2021-01-14 14:00:00,1433A,SWY,86.0,130.33320162571434,-44.33320162571434
2021-01-14 15:00:00,1433A,SWY,80.0,128.37778021956134,-48.377780219561345
2021-01-14 16:00:00,1433A,SWY,82.0,127.34683713252213,-45.346837132522126
2021-01-14 17:00:00,1433A,SWY,88.0,126.32221920397066,-38.32221920397066
2021-01-14 18:00:00,1433A,SWY,90.0,125.05930721626495,-35.059307216264955
2021-01-14 19:00:00,1433A,SWY,88.0,125.73553174719638,-37.735531747196376
2021-01-14 20:00:00,1433A,SWY,88.0,126.70819479407515,-38.708194794075155
2021-01-14 21:00:00,1433A,SWY,98.0,127.38234013753066,-29.38234013753066
2021-01-14 22:00:00,1433A,SWY,103.0,129.07174348831478,-26.07174348831478
2021-01-14 23:00:00,1433A,SWY,106.0,128.74611023565544,-22.746110235655436
2021-01-15 00:00:00,1433A,SWY,124.0,129.08032303363692,-5.080323033636915
2021-01-15 01:00:00,1433A,SWY,102.0,128.2071591912489,-26.207159191248905
2021-01-15 02:00:00,1433A,SWY,92.0,127.6681814749768,-35.668181474976805
2021-01-15 03:00:00,1433A,SWY,106.0,127.0091834905877,-21.009183490587702
2021-01-15 04:00:00,1433A,SWY,137.0,126.51417799007581,10.485822009924192
2021-01-15 05:00:00,1433A,SWY,159.0,126.33497997186264,32.66502002813736
2021-01-15 06:00:00,1433A,SWY,148.0,126.70558996817141,21.29441003182859
2021-01-15 07:00:00,1433A,SWY,160.0,126.60296474496707,33.39703525503293
2021-01-15 08:00:00,1433A,SWY,151.0,128.27842747725765,22.72157252274235
2021-01-15 09:00:00,1433A,SWY,131.0,130.5826682454548,0.417331754545188
2021-01-15 10:00:00,1433A,SWY,140.0,132.12836813147692,7.871631868523082
2021-01-15 11:00:00,1433A,SWY,161.0,133.82595413879903,27.174045861200966
2021-01-15 12:00:00,1433A,SWY,170.0,134.20779603979364,35.792203960206365
2021-01-15 13:00:00,1433A,SWY,166.0,132.94665858690144,33.053341413098565
2021-01-15 14:00:00,1433A,SWY,141.0,131.39317853601466,9.60682146398534
2021-01-15 15:00:00,1433A,SWY,90.0,129.43775712986167,-39.437757129861666
2021-01-15 16:00:00,1433A,SWY,82.0,128.40681404282245,-46.40681404282245
2021-01-15 17:00:00,1433A,SWY,111.0,127.38219611427098,-16.382196114270982
2021-01-15 18:00:00,1433A,SWY,116.0,126.11928412656528,-10.119284126565276
2021-01-15 19:00:00,1433A,SWY,118.0,126.7955086574967,-8.795508657496697
2021-01-15 20:00:00,1433A,SWY,125.0,127.76817170437548,-2.768171704375476
2021-01-15 21:00:00,1433A,SWY,136.0,128.44231704783098,7.557682952169017
2021-01-15 22:00:00,1433A,SWY,135.0,130.1317203986151,4.868279601384899
2021-01-15 23:00:00,1433A,SWY,129.0,129.80608714595576,-0.8060871459557575
2021-01-16 00:00:00,1433A,SWY,129.0,130.14029994393724,-1.1402999439372365
2021-01-16 01:00:00,1433A,SWY,125.0,129.26713610154923,-4.267136101549227
2021-01-16 02:00:00,1433A,SWY,132.0,128.7281583852771,3.271841614722888
2021-01-16 03:00:00,1433A,SWY,127.0,128.06916040088802,-1.0691604008880233
2021-01-16 04:00:00,1433A,SWY,139.0,127.57415490037613,11.42584509962387
2021-01-16 05:00:00,1433A,SWY,155.0,127.39495688216296,27.60504311783704
2021-01-16 06:00:00,1433A,SWY,178.0,127.76556687847173,50.23443312152827
2021-01-16 07:00:00,1433A,SWY,170.0,127.66294165526739,42.33705834473261
2021-01-16 08:00:00,1433A,SWY,159.0,129.33840438755797,29.661595612442028
2021-01-16 09:00:00,1433A,SWY,139.0,131.64264515575513,7.357354844244867
2021-01-16 10:00:00,1433A,SWY,148.0,133.18834504177724,14.81165495822276
2021-01-16 11:00:00,1433A,SWY,160.0,134.88593104909936,25.114068950900645
2021-01-16 12:00:00,1433A,SWY,169.0,135.26777295009396,33.732227049906044
2021-01-16 13:00:00,1433A,SWY,167.0,134.00663549720176,32.993364502798244
2021-01-16 14:00:00,1433A,SWY,136.0,132.45315544631498,3.5468445536850197
2021-01-16 15:00:00,1433A,SWY,74.0,130.497734040162,-56.49773404016199
2021-01-16 16:00:00,1433A,SWY,20.0,129.46679095312277,-109.46679095312277
2021-01-16 17:00:00,1433A,SWY,39.0,128.4421730245713,-89.4421730245713
2021-01-16 18:00:00,1433A,SWY,31.0,127.1792610368656,-96.1792610368656
2021-01-16 19:00:00,1433A,SWY,27.0,127.85548556779702,-100.85548556779702
2021-01-16 20:00:00,1433A,SWY,18.0,128.8281486146758,-110.8281486146758
2021-01-16 21:00:00,1433A,SWY,24.0,129.5022939581313,-105.5022939581313
2021-01-16 22:00:00,1433A,SWY,22.0,131.19169730891542,-109.19169730891542
2021-01-16 23:00:00,1433A,SWY,24.0,130.86606405625608,-106.86606405625608
2021-01-17 00:00:00,1433A,SWY,24.0,131.20027685423756,-107.20027685423756
2021-01-17 01:00:00,1433A,SWY,21.0,130.32711301184955,-109.32711301184955
2021-01-17 02:00:00,1433A,SWY,22.0,129.78813529557743,-107.78813529557743
2021-01-17 03:00:00,1433A,SWY,28.0,129.12913731118834,-101.12913731118834
2021-01-17 04:00:00,1433A,SWY,26.0,128.63413181067645,-102.63413181067645
2021-01-17 05:00:00,1433A,SWY,24.0,128.4549337924633,-104.4549337924633
2021-01-17 06:00:00,1433A,SWY,21.0,128.82554378877205,-107.82554378877205
2021-01-17 07:00:00,1433A,SWY,20.0,128.7229185655677,-108.72291856556771
2021-01-17 08:00:00,1433A,SWY,25.0,130.3983812978583,-105.3983812978583
2021-01-17 09:00:00,1433A,SWY,26.0,132.70262206605545,-106.70262206605545
2021-01-17 10:00:00,1433A,SWY,31.0,134.24832195207756,-103.24832195207756
2021-01-17 11:00:00,1433A,SWY,37.0,135.94590795939968,-98.94590795939968
2021-01-17 12:00:00,1433A,SWY,45.0,136.32774986039428,-91.32774986039428
2021-01-17 13:00:00,1433A,SWY,22.0,135.06661240750208,-113.06661240750208
2021-01-17 14:00:00,1433A,SWY,12.0,133.5131323566153,-121.5131323566153
2021-01-17 15:00:00,1433A,SWY,18.0,131.5577109504623,-113.55771095046231
2021-01-17 16:00:00,1433A,SWY,19.0,130.5267678634231,-111.52676786342309
2021-01-17 17:00:00,1433A,SWY,20.0,129.50214993487162,-109.50214993487162
2021-01-17 18:00:00,1433A,SWY,22.0,128.23923794716592,-106.23923794716592
2021-01-17 19:00:00,1433A,SWY,28.0,128.91546247809734,-100.91546247809734
2021-01-17 20:00:00,1433A,SWY,25.0,129.88812552497612,-104.88812552497612
2021-01-17 21:00:00,1433A,SWY,27.0,130.56227086843163,-103.56227086843163
2021-01-17 22:00:00,1433A,SWY,29.0,132.25167421921574,-103.25167421921574
2021-01-17 23:00:00,1433A,SWY,26.0,131.9260409665564,-105.9260409665564
2021-01-18 00:00:00,1433A,SWY,23.0,132.26025376453788,-109.26025376453788
2021-01-18 01:00:00,1433A,SWY,22.0,131.38708992214987,-109.38708992214987
2021-01-18 02:00:00,1433A,SWY,23.0,130.84811220587775,-107.84811220587775
2021-01-18 03:00:00,1433A,SWY,22.0,130.18911422148867,-108.18911422148867
2021-01-18 04:00:00,1433A,SWY,22.0,129.69410872097677,-107.69410872097677
2021-01-18 05:00:00,1433A,SWY,23.0,129.51491070276361,-106.51491070276361
2021-01-18 06:00:00,1433A,SWY,23.0,129.88552069907237,-106.88552069907237
2021-01-18 07:00:00,1433A,SWY,26.0,129.78289547586803,-103.78289547586803
2021-01-18 08:00:00,1433A,SWY,31.0,131.45835820815861,-100.45835820815861
2021-01-18 09:00:00,1433A,SWY,41.0,133.76259897635578,-92.76259897635578
2021-01-18 10:00:00,1433A,SWY,45.0,135.30829886237788,-90.30829886237788
2021-01-18 11:00:00,1433A,SWY,32.0,137.0058848697,-105.0058848697
2021-01-18 12:00:00,1433A,SWY,30.0,137.3877267706946,-107.3877267706946
2021-01-18 13:00:00,1433A,SWY,23.0,136.1265893178024,-113.1265893178024
2021-01-18 14:00:00,1433A,SWY,24.0,134.57310926691562,-110.57310926691562
2021-01-18 15:00:00,1433A,SWY,30.0,132.61768786076263,-102.61768786076263
2021-01-18 16:00:00,1433A,SWY,40.0,131.5867447737234,-91.58674477372341
2021-01-18 17:00:00,1433A,SWY,37.0,130.56212684517195,-93.56212684517195
2021-01-18 18:00:00,1433A,SWY,46.0,129.29921485746624,-83.29921485746624
2021-01-18 19:00:00,1433A,SWY,57.0,129.97543938839766,-72.97543938839766
2021-01-18 20:00:00,1433A,SWY,67.0,130.94810243527644,-63.94810243527644
2021-01-18 21:00:00,1433A,SWY,60.0,131.62224777873195,-71.62224777873195
2021-01-18 22:00:00,1433A,SWY,53.0,133.31165112951606,-80.31165112951606
2021-01-18 23:00:00,1433A,SWY,49.0,132.98601787685672,-83.98601787685672
2021-01-19 00:00:00,1433A,SWY,46.0,133.3202306748382,-87.3202306748382
2021-01-19 01:00:00,1433A,SWY,30.0,132.4470668324502,-102.44706683245019
2021-01-19 02:00:00,1433A,SWY,35.0,131.90808911617808,-96.90808911617808
2021-01-19 03:00:00,1433A,SWY,46.0,131.249091131789,-85.24909113178899
2021-01-19 04:00:00,1433A,SWY,47.0,130.7540856312771,-83.75408563127709
2021-01-19 05:00:00,1433A,SWY,51.0,130.57488761306394,-79.57488761306394
2021-01-19 06:00:00,1433A,SWY,58.0,130.9454976093727,-72.9454976093727
2021-01-19 07:00:00,1433A,SWY,58.0,130.84287238616835,-72.84287238616835
2021-01-19 08:00:00,1433A,SWY,60.0,132.51833511845894,-72.51833511845894
2021-01-19 09:00:00,1433A,SWY,54.0,134.8225758866561,-80.8225758866561
2021-01-19 10:00:00,1433A,SWY,63.0,136.3682757726782,-73.3682757726782
2021-01-19 11:00:00,1433A,SWY,61.0,138.06586178000032,-77.06586178000032
2021-01-19 12:00:00,1433A,SWY,50.0,138.44770368099492,-88.44770368099492
2021-01-19 13:00:00,1433A,SWY,48.0,137.18656622810272,-89.18656622810272
2021-01-19 14:00:00,1433A,SWY,55.0,135.63308617721594,-80.63308617721594
2021-01-19 15:00:00,1433A,SWY,63.0,133.67766477106295,-70.67766477106295
2021-01-19 16:00:00,1433A,SWY,72.0,132.64672168402373,-60.64672168402373
2021-01-19 17:00:00,1433A,SWY,75.0,131.62210375547227,-56.62210375547227
2021-01-19 18:00:00,1433A,SWY,83.0,130.35919176776656,-47.35919176776656
2021-01-19 19:00:00,1433A,SWY,84.0,131.03541629869798,-47.03541629869798
2021-01-19 20:00:00,1433A,SWY,86.0,132.00807934557676,-46.00807934557676
2021-01-19 21:00:00,1433A,SWY,81.0,132.68222468903227,-51.68222468903227
2021-01-19 22:00:00,1433A,SWY,72.0,134.3716280398164,-62.371628039816386
2021-01-19 23:00:00,1433A,SWY,77.0,134.04599478715704,-57.04599478715704
2021-01-20 00:00:00,1433A,SWY,88.0,134.38020758513852,-46.38020758513852
2021-01-20 01:00:00,1433A,SWY,81.0,133.5070437427505,-52.50704374275051
2021-01-20 02:00:00,1433A,SWY,84.0,132.9680660264784,-48.9680660264784
2021-01-20 03:00:00,1433A,SWY,84.0,132.3090680420893,-48.30906804208931
2021-01-20 04:00:00,1433A,SWY,99.0,131.8140625415774,-32.814062541577414
2021-01-20 05:00:00,1433A,SWY,102.0,131.63486452336426,-29.634864523364257
2021-01-20 06:00:00,1433A,SWY,100.0,132.00547451967302,-32.005474519673015
2021-01-20 07:00:00,1433A,SWY,105.0,131.90284929646867,-26.902849296468673
2021-01-20 08:00:00,1433A,SWY,108.0,133.57831202875926,-25.578312028759257
2021-01-20 09:00:00,1433A,SWY,98.0,135.88255279695642,-37.88255279695642
2021-01-20 10:00:00,1433A,SWY,97.0,137.42825268297852,-40.428252682978524
2021-01-20 11:00:00,1433A,SWY,99.0,139.12583869030064,-40.12583869030064
2021-01-20 12:00:00,1433A,SWY,107.0,139.50768059129524,-32.50768059129524
2021-01-20 13:00:00,1433A,SWY,89.0,138.24654313840304,-49.24654313840304
2021-01-20 14:00:00,1433A,SWY,88.0,136.69306308751626,-48.693063087516265
2021-01-20 15:00:00,1433A,SWY,96.0,134.73764168136327,-38.73764168136327
2021-01-20 16:00:00,1433A,SWY,97.0,133.70669859432405,-36.70669859432405
2021-01-20 17:00:00,1433A,SWY,93.0,132.6820806657726,-39.68208066577259
2021-01-20 18:00:00,1433A,SWY,,131.41916867806688,
2021-01-20 19:00:00,1433A,SWY,115.0,132.0953932089983,-17.095393208998303
2021-01-20 20:00:00,1433A,SWY,126.0,133.06805625587708,-7.068056255877082
2021-01-20 21:00:00,1433A,SWY,129.0,133.7422015993326,-4.742201599332589
2021-01-20 22:00:00,1433A,SWY,128.0,135.4316049501167,-7.431604950116707
2021-01-20 23:00:00,1433A,SWY,129.0,135.10597169745736,-6.105971697457363
2021-01-21 00:00:00,1433A,SWY,124.0,135.44018449543884,-11.440184495438842
2021-01-21 01:00:00,1433A,SWY,114.0,134.56702065305083,-20.567020653050832
2021-01-21 02:00:00,1433A,SWY,127.0,134.02804293677872,-7.028042936778718
2021-01-21 03:00:00,1433A,SWY,148.0,133.36904495238963,14.630955047610371
2021-01-21 04:00:00,1433A,SWY,146.0,132.87403945187774,13.125960548122265
2021-01-21 05:00:00,1433A,SWY,134.0,132.69484143366458,1.3051585663354217
2021-01-21 06:00:00,1433A,SWY,124.0,133.06545142997334,-9.065451429973336
2021-01-21 07:00:00,1433A,SWY,130.0,132.962826206769,-2.9628262067689946
2021-01-21 08:00:00,1433A,SWY,127.0,134.63828893905958,-7.638288939059578
2021-01-21 09:00:00,1433A,SWY,116.0,136.94252970725674,-20.94252970725674
2021-01-21 10:00:00,1433A,SWY,117.0,138.48822959327885,-21.488229593278845
2021-01-21 11:00:00,1433A,SWY,124.0,140.18581560060096,-16.18581560060096
2021-01-21 12:00:00,1433A,SWY,113.0,140.56765750159556,-27.567657501595562
2021-01-21 13:00:00,1433A,SWY,58.0,139.30652004870336,-81.30652004870336
2021-01-21 14:00:00,1433A,SWY,51.0,137.7530399978166,-86.75303999781659
2021-01-21 15:00:00,1433A,SWY,40.0,135.7976185916636,-95.79761859166359
2021-01-21 16:00:00,1433A,SWY,41.0,134.76667550462437,-93.76667550462437
2021-01-21 17:00:00,1433A,SWY,46.0,133.7420575760729,-87.74205757607291
2021-01-21 18:00:00,1433A,SWY,52.0,132.4791455883672,-80.4791455883672
2021-01-21 19:00:00,1433A,SWY,78.0,133.15537011929862,-55.155370119298624
2021-01-21 20:00:00,1433A,SWY,91.0,134.1280331661774,-43.1280331661774
2021-01-21 21:00:00,1433A,SWY,80.0,134.8021785096329,-54.80217850963291
2021-01-21 22:00:00,1433A,SWY,77.0,136.49158186041703,-59.49158186041703
2021-01-21 23:00:00,1433A,SWY,72.0,136.16594860775768,-64.16594860775768
2021-01-22 00:00:00,1433A,SWY,69.0,136.50016140573916,-67.50016140573916
2021-01-22 01:00:00,1433A,SWY,62.0,135.62699756335115,-73.62699756335115
2021-01-22 02:00:00,1433A,SWY,60.0,135.08801984707904,-75.08801984707904
2021-01-22 03:00:00,1433A,SWY,63.0,134.42902186268995,-71.42902186268995
2021-01-22 04:00:00,1433A,SWY,75.0,133.93401636217806,-58.934016362178056
2021-01-22 05:00:00,1433A,SWY,83.0,133.7548183439649,-50.7548183439649
2021-01-22 06:00:00,1433A,SWY,87.0,134.12542834027366,-47.12542834027366
2021-01-22 07:00:00,1433A,SWY,92.0,134.02280311706932,-42.022803117069316
2021-01-22 08:00:00,1433A,SWY,96.0,135.6982658493599,-39.6982658493599
2021-01-22 09:00:00,1433A,SWY,81.0,138.00250661755706,-57.00250661755706
2021-01-22 10:00:00,1433A,SWY,92.0,139.54820650357917,-47.548206503579166
2021-01-22 11:00:00,1433A,SWY,96.0,141.24579251090128,-45.24579251090128
2021-01-22 12:00:00,1433A,SWY,102.0,141.62763441189588,-39.62763441189588
2021-01-22 13:00:00,1433A,SWY,71.0,140.36649695900368,-69.36649695900368
2021-01-22 14:00:00,1433A,SWY,55.0,138.8130169081169,-83.81301690811691
2021-01-22 15:00:00,1433A,SWY,53.0,136.8575955019639,-83.85759550196391
2021-01-22 16:00:00,1433A,SWY,41.0,135.8266524149247,-94.8266524149247
2021-01-22 17:00:00,1433A,SWY,45.0,134.80203448637323,-89.80203448637323
2021-01-22 18:00:00,1433A,SWY,64.0,133.53912249866752,-69.53912249866752
2021-01-22 19:00:00,1433A,SWY,70.0,134.21534702959895,-64.21534702959895
2021-01-22 20:00:00,1433A,SWY,67.0,135.18801007647772,-68.18801007647772
2021-01-22 21:00:00,1433A,SWY,69.0,135.86215541993323,-66.86215541993323
2021-01-22 22:00:00,1433A,SWY,70.0,137.55155877071735,-67.55155877071735
2021-01-22 23:00:00,1433A,SWY,76.0,137.225925518058,-61.225925518058006
2021-01-23 00:00:00,1433A,SWY,88.0,137.56013831603948,-49.560138316039485
2021-01-23 01:00:00,1433A,SWY,73.0,136.68697447365147,-63.686974473651475
2021-01-23 02:00:00,1433A,SWY,73.0,136.14799675737936,-63.14799675737936
2021-01-23 03:00:00,1433A,SWY,86.0,135.48899877299027,-49.48899877299027
2021-01-23 04:00:00,1433A,SWY,103.0,134.99399327247838,-31.993993272478377
2021-01-23 05:00:00,1433A,SWY,113.0,134.81479525426522,-21.81479525426522
2021-01-23 06:00:00,1433A,SWY,116.0,135.18540525057398,-19.18540525057398
2021-01-23 07:00:00,1433A,SWY,122.0,135.08278002736964,-13.082780027369637
2021-01-23 08:00:00,1433A,SWY,121.0,136.75824275966022,-15.75824275966022
2021-01-23 09:00:00,1433A,SWY,103.0,139.06248352785738,-36.06248352785738
2021-01-23 10:00:00,1433A,SWY,114.0,140.6081834138795,-26.608183413879487
2021-01-23 11:00:00,1433A,SWY,127.0,142.3057694212016,-15.305769421201603
2021-01-23 12:00:00,1433A,SWY,136.0,142.6876113221962,-6.687611322196204
2021-01-23 13:00:00,1433A,SWY,144.0,141.426473869304,2.5735261306959956
2021-01-23 14:00:00,1433A,SWY,144.0,139.87299381841723,4.127006181582772
2021-01-23 15:00:00,1433A,SWY,145.0,137.91757241226424,7.082427587735765
2021-01-23 16:00:00,1433A,SWY,140.0,136.88662932522502,3.113370674774984
2021-01-23 17:00:00,1433A,SWY,122.0,135.86201139667355,-13.862011396673552
2021-01-23 18:00:00,1433A,SWY,112.0,134.59909940896785,-22.599099408967845
2021-01-23 19:00:00,1433A,SWY,125.0,135.27532393989927,-10.275323939899266
2021-01-23 20:00:00,1433A,SWY,138.0,136.24798698677805,1.752013013221955
2021-01-23 21:00:00,1433A,SWY,136.0,136.92213233023355,-0.922132330233552
2021-01-23 22:00:00,1433A,SWY,135.0,138.61153568101767,-3.6115356810176706
2021-01-23 23:00:00,1433A,SWY,141.0,138.28590242835833,2.7140975716416733
2021-01-24 00:00:00,1433A,SWY,139.0,138.6201152263398,0.37988477366019424
2021-01-24 01:00:00,1433A,SWY,135.0,137.7469513839518,-2.746951383951796
2021-01-24 02:00:00,1433A,SWY,132.0,137.20797366767968,-5.207973667679681
2021-01-24 03:00:00,1433A,SWY,139.0,136.5489756832906,2.4510243167094075
2021-01-24 04:00:00,1433A,SWY,194.0,136.0539701827787,57.9460298172213
2021-01-24 05:00:00,1433A,SWY,169.0,135.87477216456554,33.12522783543446
2021-01-24 06:00:00,1433A,SWY,146.0,136.2453821608743,9.7546178391257
2021-01-24 07:00:00,1433A,SWY,134.0,136.14275693766996,-2.142756937669958
2021-01-24 08:00:00,1433A,SWY,136.0,137.81821966996054,-1.8182196699605413
2021-01-24 09:00:00,1433A,SWY,138.0,140.1224604381577,-2.1224604381577024
2021-01-24 10:00:00,1433A,SWY,138.0,141.6681603241798,-3.6681603241798086
2021-01-24 11:00:00,1433A,SWY,133.0,143.36574633150192,-10.365746331501924
2021-01-24 12:00:00,1433A,SWY,149.0,143.74758823249653,5.2524117675034745
2021-01-24 13:00:00,1433A,SWY,142.0,142.48645077960433,-0.4864507796043256
2021-01-24 14:00:00,1433A,SWY,128.0,140.93297072871755,-12.93297072871755
2021-01-24 15:00:00,1433A,SWY,145.0,138.97754932256456,6.022450677435444
2021-01-24 16:00:00,1433A,SWY,145.0,137.94660623552534,7.053393764474663
2021-01-24 17:00:00,1433A,SWY,140.0,136.92198830697387,3.078011693026127
2021-01-24 18:00:00,1433A,SWY,82.0,135.65907631926817,-53.659076319268166
2021-01-24 19:00:00,1433A,SWY,36.0,136.3353008501996,-100.33530085019959
2021-01-24 20:00:00,1433A,SWY,47.0,137.30796389707837,-90.30796389707837
2021-01-24 21:00:00,1433A,SWY,21.0,137.98210924053387,-116.98210924053387
2021-01-24 22:00:00,1433A,SWY,16.0,139.671512591318,-123.67151259131799
2021-01-24 23:00:00,1433A,SWY,41.0,139.34587933865865,-98.34587933865865
2021-01-25 00:00:00,1433A,SWY,55.0,139.68009213664013,-84.68009213664013
2021-01-25 01:00:00,1433A,SWY,55.0,138.80692829425212,-83.80692829425212
2021-01-25 02:00:00,1433A,SWY,56.0,138.26795057798,-82.26795057798
2021-01-25 03:00:00,1433A,SWY,54.0,137.6089525935909,-83.60895259359091
2021-01-25 04:00:00,1433A,SWY,50.0,137.11394709307902,-87.11394709307902
2021-01-25 05:00:00,1433A,SWY,45.0,136.93474907486586,-91.93474907486586
2021-01-25 06:00:00,1433A,SWY,44.0,137.30535907117462,-93.30535907117462
2021-01-25 07:00:00,1433A,SWY,39.0,137.20273384797028,-98.20273384797028
2021-01-25 08:00:00,1433A,SWY,32.0,138.87819658026086,-106.87819658026086
2021-01-25 09:00:00,1433A,SWY,33.0,141.18243734845802,-108.18243734845802
2021-01-25 10:00:00,1433A,SWY,32.0,142.72813723448013,-110.72813723448013
2021-01-25 11:00:00,1433A,SWY,34.0,144.42572324180225,-110.42572324180225
2021-01-25 12:00:00,1433A,SWY,42.0,144.80756514279685,-102.80756514279685
2021-01-25 13:00:00,1433A,SWY,51.0,143.54642768990465,-92.54642768990465
2021-01-25 14:00:00,1433A,SWY,55.0,141.99294763901787,-86.99294763901787
2021-01-25 15:00:00,1433A,SWY,61.0,140.03752623286488,-79.03752623286488
2021-01-25 16:00:00,1433A,SWY,61.0,139.00658314582566,-78.00658314582566
2021-01-25 17:00:00,1433A,SWY,53.0,137.9819652172742,-84.9819652172742
2021-01-25 18:00:00,1433A,SWY,54.0,136.7190532295685,-82.71905322956849
2021-01-25 19:00:00,1433A,SWY,62.0,137.3952777604999,-75.39527776049991
2021-01-25 20:00:00,1433A,SWY,65.0,138.3679408073787,-73.36794080737869
2021-01-25 21:00:00,1433A,SWY,70.0,139.0420861508342,-69.0420861508342
2021-01-25 22:00:00,1433A,SWY,76.0,140.7314895016183,-64.73148950161831
2021-01-25 23:00:00,1433A,SWY,88.0,140.40585624895897,-52.40585624895897
2021-01-26 00:00:00,1433A,SWY,95.0,140.74006904694045,-45.74006904694045
2021-01-26 01:00:00,1433A,SWY,75.0,139.86690520455244,-64.86690520455244
2021-01-26 02:00:00,1433A,SWY,65.0,139.32792748828032,-74.32792748828032
2021-01-26 03:00:00,1433A,SWY,66.0,138.66892950389123,-72.66892950389123
2021-01-26 04:00:00,1433A,SWY,67.0,138.17392400337934,-71.17392400337934
2021-01-26 05:00:00,1433A,SWY,67.0,137.99472598516618,-70.99472598516618
2021-01-26 06:00:00,1433A,SWY,59.0,138.36533598147494,-79.36533598147494
2021-01-26 07:00:00,1433A,SWY,61.0,138.2627107582706,-77.2627107582706
2021-01-26 08:00:00,1433A,SWY,80.0,139.93817349056118,-59.938173490561184
2021-01-26 09:00:00,1433A,SWY,83.0,142.24241425875834,-59.242414258758345
2021-01-26 10:00:00,1433A,SWY,93.0,143.78811414478045,-50.78811414478045
2021-01-26 11:00:00,1433A,SWY,97.0,145.48570015210257,-48.48570015210257
2021-01-26 12:00:00,1433A,SWY,80.0,145.86754205309717,-65.86754205309717
2021-01-26 13:00:00,1433A,SWY,58.0,144.60640460020497,-86.60640460020497
2021-01-26 14:00:00,1433A,SWY,57.0,143.0529245493182,-86.05292454931819
2021-01-26 15:00:00,1433A,SWY,43.0,141.0975031431652,-98.0975031431652
2021-01-26 16:00:00,1433A,SWY,28.0,140.06656005612598,-112.06656005612598
2021-01-26 17:00:00,1433A,SWY,31.0,139.04194212757452,-108.04194212757452
2021-01-26 18:00:00,1433A,SWY,57.0,137.7790301398688,-80.77903013986881
2021-01-26 19:00:00,1433A,SWY,77.0,138.45525467080023,-61.45525467080023
2021-01-26 20:00:00,1433A,SWY,92.0,139.427917717679,-47.42791771767901
2021-01-26 21:00:00,1433A,SWY,95.0,140.10206306113452,-45.102063061134515
2021-01-26 22:00:00,1433A,SWY,79.0,141.79146641191863,-62.791466411918634
2021-01-26 23:00:00,1433A,SWY,49.0,141.4658331592593,-92.46583315925929
2021-01-27 00:00:00,1433A,SWY,51.0,141.80004595724077,-90.80004595724077
2021-01-27 01:00:00,1433A,SWY,50.0,140.92688211485276,-90.92688211485276
2021-01-27 02:00:00,1433A,SWY,42.0,140.38790439858064,-98.38790439858064
2021-01-27 03:00:00,1433A,SWY,47.0,139.72890641419156,-92.72890641419156
2021-01-27 04:00:00,1433A,SWY,49.0,139.23390091367966,-90.23390091367966
2021-01-27 05:00:00,1433A,SWY,52.0,139.0547028954665,-87.0547028954665
2021-01-27 06:00:00,1433A,SWY,63.0,139.42531289177526,-76.42531289177526
2021-01-27 07:00:00,1433A,SWY,69.0,139.32268766857092,-70.32268766857092
2021-01-27 08:00:00,1433A,SWY,68.0,140.9981504008615,-72.9981504008615
2021-01-27 09:00:00,1433A,SWY,62.0,143.30239116905867,-81.30239116905867
2021-01-27 10:00:00,1433A,SWY,58.0,144.84809105508077,-86.84809105508077
2021-01-27 11:00:00,1433A,SWY,61.0,146.5456770624029,-85.54567706240289
2021-01-27 12:00:00,1433A,SWY,66.0,146.9275189633975,-80.92751896339749
2021-01-27 13:00:00,1433A,SWY,60.0,145.6663815105053,-85.66638151050529
2021-01-27 14:00:00,1433A,SWY,63.0,144.1129014596185,-81.11290145961851
2021-01-27 15:00:00,1433A,SWY,62.0,142.15748005346552,-80.15748005346552
2021-01-27 16:00:00,1433A,SWY,,141.1265369664263,
2021-01-27 17:00:00,1433A,SWY,57.0,140.10191903787484,-83.10191903787484
2021-01-27 18:00:00,1433A,SWY,72.0,138.83900705016913,-66.83900705016913
2021-01-27 19:00:00,1433A,SWY,69.0,139.51523158110055,-70.51523158110055
2021-01-27 20:00:00,1433A,SWY,82.0,140.48789462797933,-58.48789462797933
2021-01-27 21:00:00,1433A,SWY,119.0,141.16203997143484,-22.162039971434837
2021-01-27 22:00:00,1433A,SWY,139.0,142.85144332221896,-3.8514433222189552
2021-01-27 23:00:00,1433A,SWY,146.0,142.5258100695596,3.4741899304403887
2021-01-28 00:00:00,1433A,SWY,153.0,142.8600228675411,10.13997713245891
2021-01-28 01:00:00,1433A,SWY,130.0,141.98685902515308,-11.98685902515308
2021-01-28 02:00:00,1433A,SWY,119.0,141.44788130888097,-22.447881308880966
2021-01-28 03:00:00,1433A,SWY,114.0,140.78888332449188,-26.788883324491877
2021-01-28 04:00:00,1433A,SWY,114.0,140.29387782397998,-26.293877823979983
2021-01-28 05:00:00,1433A,SWY,104.0,140.11467980576683,-36.114679805766826
2021-01-28 06:00:00,1433A,SWY,108.0,140.48528980207558,-32.485289802075584
2021-01-28 07:00:00,1433A,SWY,113.0,140.38266457887124,-27.382664578871243
2021-01-28 08:00:00,1433A,SWY,111.0,142.05812731116183,-31.058127311161826
2021-01-28 09:00:00,1433A,SWY,113.0,144.362368079359,-31.362368079358987
2021-01-28 10:00:00,1433A,SWY,128.0,145.9080679653811,-17.908067965381093
2021-01-28 11:00:00,1433A,SWY,144.0,147.6056539727032,-3.605653972703209
2021-01-28 12:00:00,1433A,SWY,152.0,147.9874958736978,4.01250412630219
2021-01-28 13:00:00,1433A,SWY,138.0,146.7263584208056,-8.72635842080561
2021-01-28 14:00:00,1433A,SWY,131.0,145.17287836991883,-14.172878369918834
2021-01-28 15:00:00,1433A,SWY,106.0,143.21745696376584,-37.21745696376584
2021-01-28 16:00:00,1433A,SWY,78.0,142.18651387672662,-64.18651387672662
2021-01-28 17:00:00,1433A,SWY,,141.16189594817516,
2021-01-28 18:00:00,1433A,SWY,,139.89898396046945,
2021-01-28 19:00:00,1433A,SWY,42.0,140.57520849140087,-98.57520849140087
2021-01-28 20:00:00,1433A,SWY,,141.54787153827965,
2021-01-28 21:00:00,1433A,SWY,,142.22201688173516,
2021-01-28 22:00:00,1433A,SWY,,143.91142023251928,
2021-01-28 23:00:00,1433A,SWY,,143.58578697985993,
2021-01-29 00:00:00,1433A,SWY,,143.9199997778414,
2021-01-29 01:00:00,1433A,SWY,54.0,143.0468359354534,-89.0468359354534
2021-01-29 02:00:00,1433A,SWY,58.0,142.5078582191813,-84.50785821918129
2021-01-29 03:00:00,1433A,SWY,61.0,141.8488602347922,-80.8488602347922
2021-01-29 04:00:00,1433A,SWY,64.0,141.3538547342803,-77.3538547342803
2021-01-29 05:00:00,1433A,SWY,62.0,141.17465671606715,-79.17465671606715
2021-01-29 06:00:00,1433A,SWY,65.0,141.5452667123759,-76.5452667123759
2021-01-29 07:00:00,1433A,SWY,103.0,141.44264148917156,-38.442641489171564
2021-01-29 08:00:00,1433A,SWY,99.0,143.11810422146215,-44.11810422146215
2021-01-29 09:00:00,1433A,SWY,76.0,145.4223449896593,-69.42234498965931
2021-01-29 10:00:00,1433A,SWY,59.0,146.96804487568141,-87.96804487568141
2021-01-29 11:00:00,1433A,SWY,60.0,148.66563088300353,-88.66563088300353
2021-01-29 12:00:00,1433A,SWY,54.0,149.04747278399813,-95.04747278399813
2021-01-29 13:00:00,1433A,SWY,49.0,147.78633533110593,-98.78633533110593
2021-01-29 14:00:00,1433A,SWY,55.0,146.23285528021916,-91.23285528021916
2021-01-29 15:00:00,1433A,SWY,54.0,144.27743387406616,-90.27743387406616
2021-01-29 16:00:00,1433A,SWY,48.0,143.24649078702694,-95.24649078702694
2021-01-29 17:00:00,1433A,SWY,62.0,142.22187285847548,-80.22187285847548
2021-01-29 18:00:00,1433A,SWY,56.0,140.95896087076977,-84.95896087076977
2021-01-29 19:00:00,1433A,SWY,,141.6351854017012,
2021-01-29 20:00:00,1433A,SWY,77.0,142.60784844857997,-65.60784844857997
2021-01-29 21:00:00,1433A,SWY,77.0,143.28199379203548,-66.28199379203548
2021-01-29 22:00:00,1433A,SWY,79.0,144.9713971428196,-65.9713971428196
2021-01-29 23:00:00,1433A,SWY,78.0,144.64576389016025,-66.64576389016025
2021-01-30 00:00:00,1433A,SWY,71.0,144.97997668814173,-73.97997668814173
2021-01-30 01:00:00,1433A,SWY,65.0,144.10681284575372,-79.10681284575372
2021-01-30 02:00:00,1433A,SWY,58.0,143.5678351294816,-85.56783512948161
2021-01-30 03:00:00,1433A,SWY,32.0,142.90883714509252,-110.90883714509252
2021-01-30 04:00:00,1433A,SWY,44.0,142.41383164458063,-98.41383164458063
2021-01-30 05:00:00,1433A,SWY,49.0,142.23463362636747,-93.23463362636747
2021-01-30 06:00:00,1433A,SWY,51.0,142.60524362267623,-91.60524362267623
2021-01-30 07:00:00,1433A,SWY,48.0,142.50261839947188,-94.50261839947188
2021-01-30 08:00:00,1433A,SWY,44.0,144.17808113176247,-100.17808113176247
2021-01-30 09:00:00,1433A,SWY,65.0,146.48232189995963,-81.48232189995963
2021-01-30 10:00:00,1433A,SWY,67.0,148.02802178598174,-81.02802178598174
2021-01-30 11:00:00,1433A,SWY,58.0,149.72560779330385,-91.72560779330385
2021-01-30 12:00:00,1433A,SWY,66.0,150.10744969429845,-84.10744969429845
2021-01-30 13:00:00,1433A,SWY,64.0,148.84631224140625,-84.84631224140625
2021-01-30 14:00:00,1433A,SWY,60.0,147.29283219051948,-87.29283219051948
2021-01-30 15:00:00,1433A,SWY,40.0,145.33741078436648,-105.33741078436648
2021-01-30 16:00:00,1433A,SWY,24.0,144.30646769732726,-120.30646769732726
2021-01-30 17:00:00,1433A,SWY,36.0,143.2818497687758,-107.2818497687758
2021-01-30 18:00:00,1433A,SWY,38.0,142.0189377810701,-104.0189377810701
2021-01-30 19:00:00,1433A,SWY,43.0,142.69516231200151,-99.69516231200151
2021-01-30 20:00:00,1433A,SWY,45.0,143.6678253588803,-98.6678253588803
2021-01-30 21:00:00,1433A,SWY,53.0,144.3419707023358,-91.3419707023358
2021-01-30 22:00:00,1433A,SWY,65.0,146.03137405311992,-81.03137405311992
2021-01-30 23:00:00,1433A,SWY,45.0,145.70574080046057,-100.70574080046057
2021-01-31 00:00:00,1433A,SWY,43.0,146.03995359844205,-103.03995359844205
2021-01-31 01:00:00,1433A,SWY,42.0,145.16678975605404,-103.16678975605404
2021-01-31 02:00:00,1433A,SWY,51.0,144.62781203978193,-93.62781203978193
2021-01-31 03:00:00,1433A,SWY,62.0,143.96881405539284,-81.96881405539284
2021-01-31 04:00:00,1433A,SWY,58.0,143.47380855488095,-85.47380855488095
2021-01-31 05:00:00,1433A,SWY,57.0,143.2946105366678,-86.29461053666779
2021-01-31 06:00:00,1433A,SWY,63.0,143.66522053297655,-80.66522053297655
2021-01-31 07:00:00,1433A,SWY,66.0,143.5625953097722,-77.5625953097722
2021-01-31 08:00:00,1433A,SWY,81.0,145.2380580420628,-64.23805804206279
2021-01-31 09:00:00,1433A,SWY,64.0,147.54229881025995,-83.54229881025995
2021-01-31 10:00:00,1433A,SWY,57.0,149.08799869628206,-92.08799869628206
2021-01-31 11:00:00,1433A,SWY,58.0,150.78558470360417,-92.78558470360417
2021-01-31 12:00:00,1433A,SWY,41.0,151.16742660459877,-110.16742660459877
2021-01-31 13:00:00,1433A,SWY,21.0,149.90628915170657,-128.90628915170657
2021-01-31 14:00:00,1433A,SWY,8.0,148.3528091008198,-140.3528091008198
2021-01-31 15:00:00,1433A,SWY,29.0,146.3973876946668,-117.3973876946668
2021-01-31 16:00:00,1433A,SWY,50.0,145.36644460762759,-95.36644460762759
2021-01-31 17:00:00,1433A,SWY,43.0,144.34182667907612,-101.34182667907612
2021-01-31 18:00:00,1433A,SWY,29.0,143.07891469137041,-114.07891469137041
2021-01-31 19:00:00,1433A,SWY,36.0,143.75513922230184,-107.75513922230184
2021-01-31 20:00:00,1433A,SWY,38.0,144.72780226918061,-106.72780226918061
2021-01-31 21:00:00,1433A,SWY,42.0,145.40194761263612,-103.40194761263612
2021-01-31 22:00:00,1433A,SWY,44.0,147.09135096342024,-103.09135096342024
2021-01-31 23:00:00,1433A,SWY,49.0,146.7657177107609,-97.7657177107609
2021-02-01 00:00:00,1433A,SWY,54.0,147.09993050874237,-93.09993050874237
2021-02-01 01:00:00,1433A,SWY,56.0,146.22676666635437,-90.22676666635437
2021-02-01 02:00:00,1433A,SWY,63.0,145.68778895008225,-82.68778895008225
2021-02-01 03:00:00,1433A,SWY,64.0,145.02879096569316,-81.02879096569316
2021-02-01 04:00:00,1433A,SWY,70.0,144.53378546518127,-74.53378546518127
2021-02-01 05:00:00,1433A,SWY,69.0,144.3545874469681,-75.35458744696811
2021-02-01 06:00:00,1433A,SWY,73.0,144.72519744327687,-71.72519744327687
2021-02-01 07:00:00,1433A,SWY,70.0,144.62257222007253,-74.62257222007253
2021-02-01 08:00:00,1433A,SWY,73.0,146.2980349523631,-73.29803495236311
2021-02-01 09:00:00,1433A,SWY,67.0,148.60227572056027,-81.60227572056027
2021-02-01 10:00:00,1433A,SWY,77.0,150.14797560658238,-73.14797560658238
2021-02-01 11:00:00,1433A,SWY,86.0,151.8455616139045,-65.8455616139045
2021-02-01 12:00:00,1433A,SWY,86.0,152.2274035148991,-66.2274035148991
2021-02-01 13:00:00,1433A,SWY,78.0,150.9662660620069,-72.9662660620069
2021-02-01 14:00:00,1433A,SWY,49.0,149.41278601112012,-100.41278601112012
2021-02-01 15:00:00,1433A,SWY,54.0,147.45736460496713,-93.45736460496713
2021-02-01 16:00:00,1433A,SWY,42.0,146.4264215179279,-104.4264215179279
2021-02-01 17:00:00,1433A,SWY,50.0,145.40180358937644,-95.40180358937644
2021-02-01 18:00:00,1433A,SWY,43.0,144.13889160167074,-101.13889160167074
2021-02-01 19:00:00,1433A,SWY,49.0,144.81511613260216,-95.81511613260216
2021-02-01 20:00:00,1433A,SWY,66.0,145.78777917948094,-79.78777917948094
2021-02-01 21:00:00,1433A,SWY,69.0,146.46192452293644,-77.46192452293644
2021-02-01 22:00:00,1433A,SWY,72.0,148.15132787372056,-76.15132787372056
2021-02-01 23:00:00,1433A,SWY,68.0,147.82569462106122,-79.82569462106122
2021-02-02 00:00:00,1433A,SWY,65.0,148.1599074190427,-83.1599074190427
2021-02-02 01:00:00,1433A,SWY,64.0,147.2867435766547,-83.28674357665469
2021-02-02 02:00:00,1433A,SWY,64.0,146.74776586038257,-82.74776586038257
2021-02-02 03:00:00,1433A,SWY,65.0,146.08876787599348,-81.08876787599348
2021-02-02 04:00:00,1433A,SWY,72.0,145.5937623754816,-73.59376237548159
2021-02-02 05:00:00,1433A,SWY,74.0,145.41456435726843,-71.41456435726843
2021-02-02 06:00:00,1433A,SWY,74.0,145.7851743535772,-71.78517435357719
2021-02-02 07:00:00,1433A,SWY,83.0,145.68254913037285,-62.68254913037285
2021-02-02 08:00:00,1433A,SWY,84.0,147.35801186266343,-63.35801186266343
2021-02-02 09:00:00,1433A,SWY,76.0,149.6622526308606,-73.66225263086059
2021-02-02 10:00:00,1433A,SWY,82.0,151.2079525168827,-69.2079525168827
2021-02-02 11:00:00,1433A,SWY,84.0,152.90553852420481,-68.90553852420481
2021-02-02 12:00:00,1433A,SWY,95.0,153.28738042519942,-58.287380425199416
2021-02-02 13:00:00,1433A,SWY,87.0,152.02624297230722,-65.02624297230722
2021-02-02 14:00:00,1433A,SWY,81.0,150.47276292142044,-69.47276292142044
2021-02-02 15:00:00,1433A,SWY,87.0,148.51734151526745,-61.51734151526745
2021-02-02 16:00:00,1433A,SWY,89.0,147.48639842822823,-58.48639842822823
2021-02-02 17:00:00,1433A,SWY,104.0,146.46178049967676,-42.46178049967676
2021-02-02 18:00:00,1433A,SWY,110.0,145.19886851197106,-35.19886851197106
2021-02-02 19:00:00,1433A,SWY,116.0,145.87509304290248,-29.875093042902478
2021-02-02 20:00:00,1433A,SWY,118.0,146.84775608978126,-28.847756089781257
2021-02-02 21:00:00,1433A,SWY,124.0,147.52190143323676,-23.521901433236764
2021-02-02 22:00:00,1433A,SWY,140.0,149.21130478402088,-9.211304784020882
2021-02-02 23:00:00,1433A,SWY,135.0,148.88567153136154,-13.885671531361538
2021-02-03 00:00:00,1433A,SWY,134.0,149.21988432934302,-15.219884329343017
2021-02-03 01:00:00,1433A,SWY,119.0,148.346720486955,-29.346720486955007
2021-02-03 02:00:00,1433A,SWY,120.0,147.8077427706829,-27.807742770682893
2021-02-03 03:00:00,1433A,SWY,126.0,147.1487447862938,-21.148744786293804
2021-02-03 04:00:00,1433A,SWY,128.0,146.6537392857819,-18.65373928578191
2021-02-03 05:00:00,1433A,SWY,121.0,146.47454126756875,-25.474541267568753
2021-02-03 06:00:00,1433A,SWY,112.0,146.8451512638775,-34.84515126387751
2021-02-03 07:00:00,1433A,SWY,112.0,146.74252604067317,-34.74252604067317
2021-02-03 08:00:00,1433A,SWY,117.0,148.41798877296375,-31.417988772963753
2021-02-03 09:00:00,1433A,SWY,132.0,150.7222295411609,-18.722229541160914
2021-02-03 10:00:00,1433A,SWY,156.0,152.26792942718302,3.73207057281698
2021-02-03 11:00:00,1433A,SWY,182.0,153.96551543450514,28.034484565494864
2021-02-03 12:00:00,1433A,SWY,177.0,154.34735733549974,22.652642664500263
2021-02-03 13:00:00,1433A,SWY,156.0,153.08621988260754,2.913780117392463
2021-02-03 14:00:00,1433A,SWY,128.0,151.53273983172076,-23.53273983172076
2021-02-03 15:00:00,1433A,SWY,97.0,149.57731842556777,-52.57731842556777
2021-02-03 16:00:00,1433A,SWY,95.0,148.54637533852855,-53.54637533852855
2021-02-03 17:00:00,1433A,SWY,110.0,147.52175740997708,-37.521757409977084
2021-02-03 18:00:00,1433A,SWY,69.0,146.25884542227138,-77.25884542227138
2021-02-03 19:00:00,1433A,SWY,70.0,146.9350699532028,-76.9350699532028
2021-02-03 20:00:00,1433A,SWY,147.0,147.90773300008158,-0.9077330000815778
2021-02-03 21:00:00,1433A,SWY,143.0,148.58187834353708,-5.581878343537085
2021-02-03 22:00:00,1433A,SWY,140.0,150.2712816943212,-10.271281694321203
2021-02-03 23:00:00,1433A,SWY,139.0,149.94564844166186,-10.94564844166186
2021-02-04 00:00:00,1433A,SWY,139.0,150.27986123964334,-11.279861239643338
2021-02-04 01:00:00,1433A,SWY,142.0,149.40669739725533,-7.4066973972553285
2021-02-04 02:00:00,1433A,SWY,158.0,148.8677196809832,9.132280319016786
2021-02-04 03:00:00,1433A,SWY,188.0,148.20872169659413,39.791278303405875
2021-02-04 04:00:00,1433A,SWY,205.0,147.71371619608223,57.28628380391777
2021-02-04 05:00:00,1433A,SWY,192.0,147.53451817786907,44.465481822130926
2021-02-04 06:00:00,1433A,SWY,172.0,147.90512817417783,24.094871825822167
2021-02-04 07:00:00,1433A,SWY,168.0,147.8025029509735,20.19749704902651
2021-02-04 08:00:00,1433A,SWY,137.0,149.47796568326407,-12.477965683264074
2021-02-04 09:00:00,1433A,SWY,144.0,151.78220645146124,-7.782206451461235
2021-02-04 10:00:00,1433A,SWY,175.0,153.32790633748334,21.67209366251666
2021-02-04 11:00:00,1433A,SWY,185.0,155.02549234480546,29.974507655194543
2021-02-04 12:00:00,1433A,SWY,176.0,155.40733424580006,20.592665754199942
2021-02-04 13:00:00,1433A,SWY,159.0,154.14619679290786,4.853803207092142
2021-02-04 14:00:00,1433A,SWY,156.0,152.59271674202108,3.407283257978918
2021-02-04 15:00:00,1433A,SWY,155.0,150.6372953358681,4.362704664131911
2021-02-04 16:00:00,1433A,SWY,158.0,149.60635224882887,8.39364775117113
2021-02-04 17:00:00,1433A,SWY,147.0,148.5817343202774,-1.5817343202774055
2021-02-04 18:00:00,1433A,SWY,150.0,147.3188223325717,2.681177667428301
2021-02-04 19:00:00,1433A,SWY,154.0,147.99504686350312,6.00495313649688
2021-02-04 20:00:00,1433A,SWY,160.0,148.9677099103819,11.032290089618101
2021-02-04 21:00:00,1433A,SWY,140.0,149.6418552538374,-9.641855253837406
2021-02-04 22:00:00,1433A,SWY,59.0,151.33125860462152,-92.33125860462152
2021-02-04 23:00:00,1433A,SWY,49.0,151.00562535196218,-102.00562535196218
2021-02-05 00:00:00,1433A,SWY,66.0,151.33983814994366,-85.33983814994366
2021-02-05 01:00:00,1433A,SWY,43.0,150.46667430755565,-107.46667430755565
2021-02-05 02:00:00,1433A,SWY,40.0,149.92769659128354,-109.92769659128354
2021-02-05 03:00:00,1433A,SWY,42.0,149.26869860689445,-107.26869860689445
2021-02-05 04:00:00,1433A,SWY,47.0,148.77369310638255,-101.77369310638255
2021-02-05 05:00:00,1433A,SWY,55.0,148.5944950881694,-93.5944950881694
2021-02-05 06:00:00,1433A,SWY,63.0,148.96510508447815,-85.96510508447815
2021-02-05 07:00:00,1433A,SWY,64.0,148.8624798612738,-84.86247986127381
2021-02-05 08:00:00,1433A,SWY,65.0,150.5379425935644,-85.5379425935644
2021-02-05 09:00:00,1433A,SWY,69.0,152.84218336176156,-83.84218336176156
2021-02-05 10:00:00,1433A,SWY,78.0,154.38788324778366,-76.38788324778366
2021-02-05 11:00:00,1433A,SWY,110.0,156.08546925510578,-46.08546925510578
2021-02-05 12:00:00,1433A,SWY,76.0,156.46731115610038,-80.46731115610038
2021-02-05 13:00:00,1433A,SWY,39.0,155.20617370320818,-116.20617370320818
2021-02-05 14:00:00,1433A,SWY,28.0,153.6526936523214,-125.6526936523214
2021-02-05 15:00:00,1433A,SWY,,151.6972722461684,
2021-02-05 16:00:00,1433A,SWY,,150.6663291591292,
2021-02-05 17:00:00,1433A,SWY,29.0,149.64171123057773,-120.64171123057773
2021-02-05 18:00:00,1433A,SWY,28.0,148.37879924287202,-120.37879924287202
2021-02-05 19:00:00,1433A,SWY,30.0,149.05502377380344,-119.05502377380344
2021-02-05 20:00:00,1433A,SWY,34.0,150.02768682068222,-116.02768682068222
2021-02-05 21:00:00,1433A,SWY,39.0,150.70183216413773,-111.70183216413773
2021-02-05 22:00:00,1433A,SWY,46.0,152.39123551492185,-106.39123551492185
2021-02-05 23:00:00,1433A,SWY,42.0,152.0656022622625,-110.0656022622625
2021-02-06 00:00:00,1433A,SWY,38.0,152.39981506024398,-114.39981506024398
2021-02-06 01:00:00,1433A,SWY,31.0,151.52665121785597,-120.52665121785597
2021-02-06 02:00:00,1433A,SWY,35.0,150.98767350158386,-115.98767350158386
2021-02-06 03:00:00,1433A,SWY,35.0,150.32867551719477,-115.32867551719477
2021-02-06 04:00:00,1433A,SWY,42.0,149.83367001668287,-107.83367001668287
2021-02-06 05:00:00,1433A,SWY,41.0,149.65447199846972,-108.65447199846972
2021-02-06 06:00:00,1433A,SWY,44.0,150.02508199477847,-106.02508199477847
2021-02-06 07:00:00,1433A,SWY,47.0,149.92245677157413,-102.92245677157413
2021-02-06 08:00:00,1433A,SWY,48.0,151.59791950386472,-103.59791950386472
2021-02-06 09:00:00,1433A,SWY,45.0,153.90216027206188,-108.90216027206188
2021-02-06 10:00:00,1433A,SWY,47.0,155.44786015808398,-108.44786015808398
2021-02-06 11:00:00,1433A,SWY,50.0,157.1454461654061,-107.1454461654061
2021-02-06 12:00:00,1433A,SWY,54.0,157.5272880664007,-103.5272880664007
2021-02-06 13:00:00,1433A,SWY,46.0,156.2661506135085,-110.2661506135085
2021-02-06 14:00:00,1433A,SWY,52.0,154.71267056262172,-102.71267056262172
2021-02-06 15:00:00,1433A,SWY,58.0,152.75724915646873,-94.75724915646873
2021-02-06 16:00:00,1433A,SWY,62.0,151.7263060694295,-89.72630606942951
2021-02-06 17:00:00,1433A,SWY,58.0,150.70168814087805,-92.70168814087805
2021-02-06 18:00:00,1433A,SWY,57.0,149.43877615317234,-92.43877615317234
2021-02-06 19:00:00,1433A,SWY,58.0,150.11500068410376,-92.11500068410376
2021-02-06 20:00:00,1433A,SWY,63.0,151.08766373098254,-88.08766373098254
2021-02-06 21:00:00,1433A,SWY,69.0,151.76180907443805,-82.76180907443805
2021-02-06 22:00:00,1433A,SWY,73.0,153.45121242522217,-80.45121242522217
2021-02-06 23:00:00,1433A,SWY,69.0,153.12557917256282,-84.12557917256282
2021-02-07 00:00:00,1433A,SWY,70.0,153.4597919705443,-83.4597919705443
2021-02-07 01:00:00,1433A,SWY,67.0,152.5866281281563,-85.58662812815629
2021-02-07 02:00:00,1433A,SWY,71.0,152.04765041188418,-81.04765041188418
2021-02-07 03:00:00,1433A,SWY,79.0,151.3886524274951,-72.38865242749509
2021-02-07 04:00:00,1433A,SWY,83.0,150.8936469269832,-67.8936469269832
2021-02-07 05:00:00,1433A,SWY,88.0,150.71444890877004,-62.71444890877004
2021-02-07 06:00:00,1433A,SWY,99.0,151.0850589050788,-52.085058905078796
2021-02-07 07:00:00,1433A,SWY,85.0,150.98243368187445,-65.98243368187445
2021-02-07 08:00:00,1433A,SWY,76.0,152.65789641416504,-76.65789641416504
2021-02-07 09:00:00,1433A,SWY,74.0,154.9621371823622,-80.9621371823622
2021-02-07 10:00:00,1433A,SWY,82.0,156.5078370683843,-74.5078370683843
2021-02-07 11:00:00,1433A,SWY,96.0,158.20542307570642,-62.20542307570642
2021-02-07 12:00:00,1433A,SWY,95.0,158.58726497670102,-63.58726497670102
2021-02-07 13:00:00,1433A,SWY,78.0,157.32612752380882,-79.32612752380882
2021-02-07 14:00:00,1433A,SWY,39.0,155.77264747292205,-116.77264747292205
2021-02-07 15:00:00,1433A,SWY,25.0,153.81722606676905,-128.81722606676905
2021-02-07 16:00:00,1433A,SWY,26.0,152.78628297972983,-126.78628297972983
2021-02-07 17:00:00,1433A,SWY,30.0,151.76166505117837,-121.76166505117837
2021-02-07 18:00:00,1433A,SWY,36.0,150.49875306347266,-114.49875306347266
2021-02-07 19:00:00,1433A,SWY,40.0,151.17497759440408,-111.17497759440408
2021-02-07 20:00:00,1433A,SWY,49.0,152.14764064128286,-103.14764064128286
2021-02-07 21:00:00,1433A,SWY,51.0,152.82178598473837,-101.82178598473837
2021-02-07 22:00:00,1433A,SWY,58.0,154.5111893355225,-96.51118933552249
2021-02-07 23:00:00,1433A,SWY,63.0,154.18555608286314,-91.18555608286314
2021-02-08 00:00:00,1433A,SWY,68.0,154.51976888084462,-86.51976888084462
2021-02-08 01:00:00,1433A,SWY,54.0,153.6466050384566,-99.64660503845661
2021-02-08 02:00:00,1433A,SWY,65.0,153.1076273221845,-88.1076273221845
2021-02-08 03:00:00,1433A,SWY,66.0,152.4486293377954,-86.44862933779541
2021-02-08 04:00:00,1433A,SWY,70.0,151.95362383728352,-81.95362383728352
2021-02-08 05:00:00,1433A,SWY,78.0,151.77442581907036,-73.77442581907036
2021-02-08 06:00:00,1433A,SWY,75.0,152.14503581537912,-77.14503581537912
2021-02-08 07:00:00,1433A,SWY,84.0,152.04241059217478,-68.04241059217478
2021-02-08 08:00:00,1433A,SWY,94.0,153.71787332446536,-59.71787332446536
2021-02-08 09:00:00,1433A,SWY,85.0,156.02211409266252,-71.02211409266252
2021-02-08 10:00:00,1433A,SWY,85.0,157.56781397868463,-72.56781397868463
2021-02-08 11:00:00,1433A,SWY,99.0,159.26539998600674,-60.26539998600674
2021-02-08 12:00:00,1433A,SWY,103.0,159.64724188700134,-56.64724188700134
2021-02-08 13:00:00,1433A,SWY,94.0,158.38610443410914,-64.38610443410914
2021-02-08 14:00:00,1433A,SWY,81.0,156.83262438322237,-75.83262438322237
2021-02-08 15:00:00,1433A,SWY,76.0,154.87720297706937,-78.87720297706937
2021-02-08 16:00:00,1433A,SWY,63.0,153.84625989003015,-90.84625989003015
2021-02-08 17:00:00,1433A,SWY,69.0,152.8216419614787,-83.82164196147869
2021-02-08 18:00:00,1433A,SWY,51.0,151.55872997377298,-100.55872997377298
2021-02-08 19:00:00,1433A,SWY,53.0,152.2349545047044,-99.2349545047044
2021-02-08 20:00:00,1433A,SWY,62.0,153.20761755158318,-91.20761755158318
2021-02-08 21:00:00,1433A,SWY,74.0,153.8817628950387,-79.88176289503869
2021-02-08 22:00:00,1433A,SWY,100.0,155.5711662458228,-55.57116624582281
2021-02-08 23:00:00,1433A,SWY,,155.24553299316347,
2021-02-09 00:00:00,1433A,SWY,,155.57974579114494,
2021-02-09 01:00:00,1433A,SWY,67.0,154.70658194875693,-87.70658194875693
2021-02-09 02:00:00,1433A,SWY,76.0,154.16760423248482,-78.16760423248482
2021-02-09 03:00:00,1433A,SWY,79.0,153.50860624809573,-74.50860624809573
2021-02-09 04:00:00,1433A,SWY,79.0,153.01360074758384,-74.01360074758384
2021-02-09 05:00:00,1433A,SWY,77.0,152.83440272937068,-75.83440272937068
2021-02-09 06:00:00,1433A,SWY,83.0,153.20501272567944,-70.20501272567944
2021-02-09 07:00:00,1433A,SWY,95.0,153.1023875024751,-58.102387502475096
2021-02-09 08:00:00,1433A,SWY,97.0,154.77785023476568,-57.77785023476568
2021-02-09 09:00:00,1433A,SWY,95.0,157.08209100296284,-62.08209100296284
2021-02-09 10:00:00,1433A,SWY,99.0,158.62779088898495,-59.62779088898495
2021-02-09 11:00:00,1433A,SWY,,160.32537689630706,
2021-02-09 12:00:00,1433A,SWY,,160.70721879730166,
2021-02-09 13:00:00,1433A,SWY,114.0,159.44608134440946,-45.446081344409464
2021-02-09 14:00:00,1433A,SWY,120.0,157.8926012935227,-37.89260129352269
2021-02-09 15:00:00,1433A,SWY,118.0,155.9371798873697,-37.937179887369695
2021-02-09 16:00:00,1433A,SWY,89.0,154.90623680033048,-65.90623680033048
2021-02-09 17:00:00,1433A,SWY,74.0,153.881618871779,-79.88161887177901
2021-02-09 18:00:00,1433A,SWY,85.0,152.6187068840733,-67.6187068840733
2021-02-09 19:00:00,1433A,SWY,85.0,153.29493141500473,-68.29493141500473
2021-02-09 20:00:00,1433A,SWY,93.0,154.2675944618835,-61.267594461883505
2021-02-09 21:00:00,1433A,SWY,92.0,154.941739805339,-62.94173980533901
2021-02-09 22:00:00,1433A,SWY,88.0,156.63114315612313,-68.63114315612313
2021-02-09 23:00:00,1433A,SWY,82.0,156.3055099034638,-74.30550990346379
2021-02-10 00:00:00,1433A,SWY,83.0,156.63972270144527,-73.63972270144527
2021-02-10 01:00:00,1433A,SWY,80.0,155.76655885905726,-75.76655885905726
2021-02-10 02:00:00,1433A,SWY,76.0,155.22758114278514,-79.22758114278514
2021-02-10 03:00:00,1433A,SWY,81.0,154.56858315839605,-73.56858315839605
2021-02-10 04:00:00,1433A,SWY,87.0,154.07357765788416,-67.07357765788416
2021-02-10 05:00:00,1433A,SWY,87.0,153.894379639671,-66.894379639671
2021-02-10 06:00:00,1433A,SWY,88.0,154.26498963597976,-66.26498963597976
2021-02-10 07:00:00,1433A,SWY,89.0,154.16236441277542,-65.16236441277542
2021-02-10 08:00:00,1433A,SWY,89.0,155.837827145066,-66.837827145066
2021-02-10 09:00:00,1433A,SWY,91.0,158.14206791326316,-67.14206791326316
2021-02-10 10:00:00,1433A,SWY,102.0,159.68776779928527,-57.68776779928527
2021-02-10 11:00:00,1433A,SWY,121.0,161.38535380660738,-40.385353806607384
2021-02-10 12:00:00,1433A,SWY,128.0,161.76719570760199,-33.767195707601985
2021-02-10 13:00:00,1433A,SWY,114.0,160.50605825470979,-46.506058254709785
2021-02-10 14:00:00,1433A,SWY,88.0,158.952578203823,-70.95257820382301
2021-02-10 15:00:00,1433A,SWY,78.0,156.99715679767002,-78.99715679767002
2021-02-10 16:00:00,1433A,SWY,57.0,155.9662137106308,-98.9662137106308
2021-02-10 17:00:00,1433A,SWY,74.0,154.94159578207933,-80.94159578207933
2021-02-10 18:00:00,1433A,SWY,75.0,153.67868379437363,-78.67868379437363
2021-02-10 19:00:00,1433A,SWY,80.0,154.35490832530505,-74.35490832530505
2021-02-10 20:00:00,1433A,SWY,89.0,155.32757137218383,-66.32757137218383
2021-02-10 21:00:00,1433A,SWY,95.0,156.00171671563933,-61.00171671563933
2021-02-10 22:00:00,1433A,SWY,96.0,157.69112006642345,-61.69112006642345
2021-02-10 23:00:00,1433A,SWY,98.0,157.3654868137641,-59.36548681376411
2021-02-11 00:00:00,1433A,SWY,102.0,157.6996996117456,-55.69969961174559
2021-02-11 01:00:00,1433A,SWY,91.0,156.82653576935758,-65.82653576935758
2021-02-11 02:00:00,1433A,SWY,88.0,156.28755805308546,-68.28755805308546
2021-02-11 03:00:00,1433A,SWY,96.0,155.62856006869637,-59.62856006869637
2021-02-11 04:00:00,1433A,SWY,92.0,155.13355456818448,-63.13355456818448
2021-02-11 05:00:00,1433A,SWY,83.0,154.95435654997132,-71.95435654997132
2021-02-11 06:00:00,1433A,SWY,89.0,155.32496654628008,-66.32496654628008
2021-02-11 07:00:00,1433A,SWY,98.0,155.22234132307574,-57.22234132307574
2021-02-11 08:00:00,1433A,SWY,116.0,156.89780405536632,-40.89780405536632
2021-02-11 09:00:00,1433A,SWY,113.0,159.20204482356348,-46.20204482356348
2021-02-11 10:00:00,1433A,SWY,89.0,160.7477447095856,-71.74774470958559
2021-02-11 11:00:00,1433A,SWY,78.0,162.4453307169077,-84.4453307169077
2021-02-11 12:00:00,1433A,SWY,75.0,162.8271726179023,-87.8271726179023
2021-02-11 13:00:00,1433A,SWY,55.0,161.5660351650101,-106.5660351650101
2021-02-11 14:00:00,1433A,SWY,52.0,160.01255511412333,-108.01255511412333
2021-02-11 15:00:00,1433A,SWY,51.0,158.05713370797034,-107.05713370797034
2021-02-11 16:00:00,1433A,SWY,55.0,157.02619062093112,-102.02619062093112
2021-02-11 17:00:00,1433A,SWY,79.0,156.00157269237965,-77.00157269237965
2021-02-11 18:00:00,1433A,SWY,95.0,154.73866070467395,-59.73866070467395
2021-02-11 19:00:00,1433A,SWY,124.0,155.41488523560537,-31.414885235605368
2021-02-11 20:00:00,1433A,SWY,104.0,156.38754828248415,-52.38754828248415
2021-02-11 21:00:00,1433A,SWY,94.0,157.06169362593965,-63.061693625939654
2021-02-11 22:00:00,1433A,SWY,114.0,158.75109697672377,-44.75109697672377
2021-02-11 23:00:00,1433A,SWY,126.0,158.42546372406443,-32.42546372406443
2021-02-12 00:00:00,1433A,SWY,130.0,158.7596765220459,-28.759676522045908
2021-02-12 01:00:00,1433A,SWY,97.0,157.8865126796579,-60.8865126796579
2021-02-12 02:00:00,1433A,SWY,119.0,157.34753496338578,-38.34753496338578
2021-02-12 03:00:00,1433A,SWY,131.0,156.6885369789967,-25.688536978996694
2021-02-12 04:00:00,1433A,SWY,145.0,156.1935314784848,-11.1935314784848
2021-02-12 05:00:00,1433A,SWY,167.0,156.01433346027164,10.985666539728356
2021-02-12 06:00:00,1433A,SWY,169.0,156.3849434565804,12.615056543419598
2021-02-12 07:00:00,1433A,SWY,169.0,156.28231823337606,12.71768176662394
2021-02-12 08:00:00,1433A,SWY,173.0,157.95778096566664,15.042219034333357
2021-02-12 09:00:00,1433A,SWY,155.0,160.2620217338638,-5.262021733863804
2021-02-12 10:00:00,1433A,SWY,172.0,161.8077216198859,10.19227838011409
2021-02-12 11:00:00,1433A,SWY,190.0,163.50530762720803,26.494692372791974
2021-02-12 12:00:00,1433A,SWY,156.0,163.88714952820263,-7.887149528202627
2021-02-12 13:00:00,1433A,SWY,106.0,162.62601207531043,-56.62601207531043
2021-02-12 14:00:00,1433A,SWY,60.0,161.07253202442365,-101.07253202442365
2021-02-12 15:00:00,1433A,SWY,39.0,159.11711061827066,-120.11711061827066
2021-02-12 16:00:00,1433A,SWY,46.0,158.08616753123144,-112.08616753123144
2021-02-12 17:00:00,1433A,SWY,72.0,157.06154960267997,-85.06154960267997
2021-02-12 18:00:00,1433A,SWY,21.0,155.79863761497427,-134.79863761497427
2021-02-12 19:00:00,1433A,SWY,40.0,156.4748621459057,-116.47486214590569
2021-02-12 20:00:00,1433A,SWY,51.0,157.44752519278447,-106.44752519278447
2021-02-12 21:00:00,1433A,SWY,59.0,158.12167053623998,-99.12167053623998
2021-02-12 22:00:00,1433A,SWY,58.0,159.8110738870241,-101.8110738870241
2021-02-12 23:00:00,1433A,SWY,74.0,159.48544063436475,-85.48544063436475
2021-02-13 00:00:00,1433A,SWY,80.0,159.81965343234623,-79.81965343234623
2021-02-13 01:00:00,1433A,SWY,89.0,158.94648958995822,-69.94648958995822
2021-02-13 02:00:00,1433A,SWY,76.0,158.4075118736861,-82.4075118736861
2021-02-13 03:00:00,1433A,SWY,80.0,157.74851388929702,-77.74851388929702
2021-02-13 04:00:00,1433A,SWY,78.0,157.25350838878512,-79.25350838878512
2021-02-13 05:00:00,1433A,SWY,66.0,157.07431037057196,-91.07431037057196
2021-02-13 06:00:00,1433A,SWY,50.0,157.44492036688072,-107.44492036688072
2021-02-13 07:00:00,1433A,SWY,36.0,157.34229514367638,-121.34229514367638
2021-02-13 08:00:00,1433A,SWY,46.0,159.01775787596696,-113.01775787596696
2021-02-13 09:00:00,1433A,SWY,52.0,161.32199864416413,-109.32199864416413
2021-02-13 10:00:00,1433A,SWY,38.0,162.86769853018623,-124.86769853018623
2021-02-13 11:00:00,1433A,SWY,26.0,164.56528453750835,-138.56528453750835
2021-02-13 12:00:00,1433A,SWY,10.0,164.94712643850295,-154.94712643850295
2021-02-13 13:00:00,1433A,SWY,25.0,163.68598898561075,-138.68598898561075
2021-02-13 14:00:00,1433A,SWY,27.0,162.13250893472397,-135.13250893472397
2021-02-13 15:00:00,1433A,SWY,12.0,160.17708752857098,-148.17708752857098
2021-02-13 16:00:00,1433A,SWY,10.0,159.14614444153176,-149.14614444153176
2021-02-13 17:00:00,1433A,SWY,16.0,158.1215265129803,-142.1215265129803
2021-02-13 18:00:00,1433A,SWY,20.0,156.8586145252746,-136.8586145252746
2021-02-13 19:00:00,1433A,SWY,61.0,157.534839056206,-96.53483905620601
2021-02-13 20:00:00,1433A,SWY,64.0,158.5075021030848,-94.50750210308479
2021-02-13 21:00:00,1433A,SWY,56.0,159.1816474465403,-103.1816474465403
2021-02-13 22:00:00,1433A,SWY,57.0,160.87105079732441,-103.87105079732441
2021-02-13 23:00:00,1433A,SWY,58.0,160.54541754466507,-102.54541754466507
2021-02-14 00:00:00,1433A,SWY,69.0,160.87963034264655,-91.87963034264655
2021-02-14 01:00:00,1433A,SWY,60.0,160.00646650025854,-100.00646650025854
2021-02-14 02:00:00,1433A,SWY,50.0,159.46748878398643,-109.46748878398643
2021-02-14 03:00:00,1433A,SWY,48.0,158.80849079959734,-110.80849079959734
2021-02-14 04:00:00,1433A,SWY,49.0,158.31348529908544,-109.31348529908544
2021-02-14 05:00:00,1433A,SWY,53.0,158.1342872808723,-105.13428728087229
2021-02-14 06:00:00,1433A,SWY,56.0,158.50489727718104,-102.50489727718104
2021-02-14 07:00:00,1433A,SWY,50.0,158.4022720539767,-108.4022720539767
2021-02-14 08:00:00,1433A,SWY,58.0,160.07773478626729,-102.07773478626729
2021-02-14 09:00:00,1433A,SWY,59.0,162.38197555446445,-103.38197555446445
2021-02-14 10:00:00,1433A,SWY,69.0,163.92767544048655,-94.92767544048655
2021-02-14 11:00:00,1433A,SWY,67.0,165.62526144780867,-98.62526144780867
2021-02-14 12:00:00,1433A,SWY,62.0,166.00710334880327,-104.00710334880327
2021-02-14 13:00:00,1433A,SWY,29.0,164.74596589591107,-135.74596589591107
2021-02-14 14:00:00,1433A,SWY,30.0,163.1924858450243,-133.1924858450243
2021-02-14 15:00:00,1433A,SWY,27.0,161.2370644388713,-134.2370644388713
2021-02-14 16:00:00,1433A,SWY,9.0,160.20612135183208,-151.20612135183208
2021-02-14 17:00:00,1433A,SWY,23.0,159.18150342328062,-136.18150342328062
2021-02-14 18:00:00,1433A,SWY,33.0,157.9185914355749,-124.91859143557491
2021-02-14 19:00:00,1433A,SWY,31.0,158.59481596650633,-127.59481596650633
2021-02-14 20:00:00,1433A,SWY,36.0,159.5674790133851,-123.56747901338511
2021-02-14 21:00:00,1433A,SWY,45.0,160.24162435684062,-115.24162435684062
2021-02-14 22:00:00,1433A,SWY,51.0,161.93102770762474,-110.93102770762474
2021-02-14 23:00:00,1433A,SWY,56.0,161.6053944549654,-105.60539445496539
2021-02-15 00:00:00,1433A,SWY,55.0,161.93960725294687,-106.93960725294687
2021-02-15 01:00:00,1433A,SWY,45.0,161.06644341055886,-116.06644341055886
2021-02-15 02:00:00,1433A,SWY,36.0,160.52746569428675,-124.52746569428675
2021-02-15 03:00:00,1433A,SWY,30.0,159.86846770989766,-129.86846770989766
2021-02-15 04:00:00,1433A,SWY,30.0,159.37346220938576,-129.37346220938576
2021-02-15 05:00:00,1433A,SWY,27.0,159.1942641911726,-132.1942641911726
2021-02-15 06:00:00,1433A,SWY,8.0,159.56487418748137,-151.56487418748137
2021-02-15 07:00:00,1433A,SWY,19.0,159.46224896427702,-140.46224896427702
2021-02-15 08:00:00,1433A,SWY,19.0,161.1377116965676,-142.1377116965676
2021-02-15 09:00:00,1433A,SWY,19.0,163.44195246476477,-144.44195246476477
2021-02-15 10:00:00,1433A,SWY,9.0,164.98765235078687,-155.98765235078687
2021-02-15 11:00:00,1433A,SWY,10.0,166.685238358109,-156.685238358109
2021-02-15 12:00:00,1433A,SWY,11.0,167.0670802591036,-156.0670802591036
2021-02-15 13:00:00,1433A,SWY,12.0,165.8059428062114,-153.8059428062114
2021-02-15 14:00:00,1433A,SWY,10.0,164.25246275532461,-154.25246275532461
2021-02-15 15:00:00,1433A,SWY,8.0,162.29704134917162,-154.29704134917162
2021-02-15 16:00:00,1433A,SWY,5.0,161.2660982621324,-156.2660982621324
2021-02-15 17:00:00,1433A,SWY,9.0,160.24148033358094,-151.24148033358094
2021-02-15 18:00:00,1433A,SWY,11.0,158.97856834587523,-147.97856834587523
2021-02-15 19:00:00,1433A,SWY,13.0,159.65479287680665,-146.65479287680665
2021-02-15 20:00:00,1433A,SWY,17.0,160.62745592368543,-143.62745592368543
2021-02-15 21:00:00,1433A,SWY,14.0,161.30160126714094,-147.30160126714094
2021-02-15 22:00:00,1433A,SWY,18.0,162.99100461792506,-144.99100461792506
2021-02-15 23:00:00,1433A,SWY,22.0,162.6653713652657,-140.6653713652657
2021-02-16 00:00:00,1433A,SWY,20.0,162.9995841632472,-142.9995841632472
2021-02-16 01:00:00,1433A,SWY,19.0,162.12642032085918,-143.12642032085918
2021-02-16 02:00:00,1433A,SWY,16.0,161.58744260458707,-145.58744260458707
2021-02-16 03:00:00,1433A,SWY,17.0,160.92844462019798,-143.92844462019798
2021-02-16 04:00:00,1433A,SWY,21.0,160.43343911968608,-139.43343911968608
2021-02-16 05:00:00,1433A,SWY,16.0,160.25424110147293,-144.25424110147293
2021-02-16 06:00:00,1433A,SWY,16.0,160.6248510977817,-144.6248510977817
2021-02-16 07:00:00,1433A,SWY,20.0,160.52222587457734,-140.52222587457734
2021-02-16 08:00:00,1433A,SWY,26.0,162.19768860686793,-136.19768860686793
2021-02-16 09:00:00,1433A,SWY,23.0,164.5019293750651,-141.5019293750651
2021-02-16 10:00:00,1433A,SWY,25.0,166.0476292610872,-141.0476292610872
2021-02-16 11:00:00,1433A,SWY,27.0,167.7452152684093,-140.7452152684093
2021-02-16 12:00:00,1433A,SWY,19.0,168.1270571694039,-149.1270571694039
2021-02-16 13:00:00,1433A,SWY,12.0,166.8659197165117,-154.8659197165117
2021-02-16 14:00:00,1433A,SWY,8.0,165.31243966562494,-157.31243966562494
2021-02-16 15:00:00,1433A,SWY,10.0,163.35701825947194,-153.35701825947194
2021-02-16 16:00:00,1433A,SWY,10.0,162.32607517243272,-152.32607517243272
2021-02-16 17:00:00,1433A,SWY,11.0,161.30145724388126,-150.30145724388126
2021-02-16 18:00:00,1433A,SWY,11.0,160.03854525617555,-149.03854525617555
2021-02-16 19:00:00,1433A,SWY,12.0,160.71476978710697,-148.71476978710697
2021-02-16 20:00:00,1433A,SWY,13.0,161.68743283398575,-148.68743283398575
2021-02-16 21:00:00,1433A,SWY,18.0,162.36157817744126,-144.36157817744126
2021-02-16 22:00:00,1433A,SWY,27.0,164.05098152822538,-137.05098152822538
2021-02-16 23:00:00,1433A,SWY,33.0,163.72534827556603,-130.72534827556603
2021-02-17 00:00:00,1433A,SWY,32.0,164.0595610735475,-132.0595610735475
2021-02-17 01:00:00,1433A,SWY,26.0,163.1863972311595,-137.1863972311595
2021-02-17 02:00:00,1433A,SWY,25.0,162.6474195148874,-137.6474195148874
2021-02-17 03:00:00,1433A,SWY,19.0,161.9884215304983,-142.9884215304983
2021-02-17 04:00:00,1433A,SWY,22.0,161.4934160299864,-139.4934160299864
2021-02-17 05:00:00,1433A,SWY,28.0,161.31421801177325,-133.31421801177325
2021-02-17 06:00:00,1433A,SWY,34.0,161.684828008082,-127.68482800808201
2021-02-17 07:00:00,1433A,SWY,33.0,161.58220278487767,-128.58220278487767
2021-02-17 08:00:00,1433A,SWY,33.0,163.25766551716825,-130.25766551716825
2021-02-17 09:00:00,1433A,SWY,32.0,165.5619062853654,-133.5619062853654
2021-02-17 10:00:00,1433A,SWY,28.0,167.10760617138752,-139.10760617138752
2021-02-17 11:00:00,1433A,SWY,40.0,168.80519217870963,-128.80519217870963
2021-02-17 12:00:00,1433A,SWY,32.0,169.18703407970423,-137.18703407970423
2021-02-17 13:00:00,1433A,SWY,24.0,167.92589662681203,-143.92589662681203
2021-02-17 14:00:00,1433A,SWY,11.0,166.37241657592526,-155.37241657592526
2021-02-17 15:00:00,1433A,SWY,6.0,164.41699516977226,-158.41699516977226
2021-02-17 16:00:00,1433A,SWY,10.0,163.38605208273304,-153.38605208273304
2021-02-17 17:00:00,1433A,SWY,22.0,162.36143415418158,-140.36143415418158
2021-02-17 18:00:00,1433A,SWY,29.0,161.09852216647587,-132.09852216647587
2021-02-17 19:00:00,1433A,SWY,25.0,161.7747466974073,-136.7747466974073
2021-02-17 20:00:00,1433A,SWY,16.0,162.74740974428607,-146.74740974428607
2021-02-17 21:00:00,1433A,SWY,18.0,163.42155508774158,-145.42155508774158
2021-02-17 22:00:00,1433A,SWY,24.0,165.1109584385257,-141.1109584385257
2021-02-17 23:00:00,1433A,SWY,19.0,164.78532518586636,-145.78532518586636
2021-02-18 00:00:00,1433A,SWY,24.0,165.11953798384783,-141.11953798384783
2021-02-18 01:00:00,1433A,SWY,24.0,164.24637414145982,-140.24637414145982
2021-02-18 02:00:00,1433A,SWY,22.0,163.7073964251877,-141.7073964251877
2021-02-18 03:00:00,1433A,SWY,25.0,163.04839844079862,-138.04839844079862
2021-02-18 04:00:00,1433A,SWY,22.0,162.55339294028673,-140.55339294028673
2021-02-18 05:00:00,1433A,SWY,20.0,162.37419492207357,-142.37419492207357
2021-02-18 06:00:00,1433A,SWY,20.0,162.74480491838233,-142.74480491838233
2021-02-18 07:00:00,1433A,SWY,16.0,162.642179695178,-146.642179695178
2021-02-18 08:00:00,1433A,SWY,21.0,164.31764242746857,-143.31764242746857
2021-02-18 09:00:00,1433A,SWY,24.0,166.62188319566573,-142.62188319566573
2021-02-18 10:00:00,1433A,SWY,30.0,168.16758308168784,-138.16758308168784
2021-02-18 11:00:00,1433A,SWY,28.0,169.86516908900995,-141.86516908900995
2021-02-18 12:00:00,1433A,SWY,26.0,170.24701099000455,-144.24701099000455
2021-02-18 13:00:00,1433A,SWY,18.0,168.98587353711235,-150.98587353711235
2021-02-18 14:00:00,1433A,SWY,11.0,167.43239348622558,-156.43239348622558
2021-02-18 15:00:00,1433A,SWY,12.0,165.47697208007258,-153.47697208007258
2021-02-18 16:00:00,1433A,SWY,16.0,164.44602899303337,-148.44602899303337
2021-02-18 17:00:00,1433A,SWY,,163.4214110644819,
2021-02-18 18:00:00,1433A,SWY,11.0,162.1584990767762,-151.1584990767762
2021-02-18 19:00:00,1433A,SWY,11.0,162.83472360770762,-151.83472360770762
2021-02-18 20:00:00,1433A,SWY,17.0,163.8073866545864,-146.8073866545864
2021-02-18 21:00:00,1433A,SWY,27.0,164.4815319980419,-137.4815319980419
2021-02-18 22:00:00,1433A,SWY,27.0,166.17093534882602,-139.17093534882602
2021-02-18 23:00:00,1433A,SWY,27.0,165.84530209616668,-138.84530209616668
2021-02-19 00:00:00,1433A,SWY,,166.17951489414816,
2021-02-19 01:00:00,1433A,SWY,28.0,165.30635105176015,-137.30635105176015
2021-02-19 02:00:00,1433A,SWY,32.0,164.76737333548803,-132.76737333548803
2021-02-19 03:00:00,1433A,SWY,36.0,164.10837535109894,-128.10837535109894
2021-02-19 04:00:00,1433A,SWY,26.0,163.61336985058705,-137.61336985058705
2021-02-19 05:00:00,1433A,SWY,23.0,163.4341718323739,-140.4341718323739
2021-02-19 06:00:00,1433A,SWY,23.0,163.80478182868265,-140.80478182868265
2021-02-19 07:00:00,1433A,SWY,24.0,163.7021566054783,-139.7021566054783
2021-02-19 08:00:00,1433A,SWY,22.0,165.3776193377689,-143.3776193377689
2021-02-19 09:00:00,1433A,SWY,25.0,167.68186010596605,-142.68186010596605
2021-02-19 10:00:00,1433A,SWY,23.0,169.22755999198816,-146.22755999198816
2021-02-19 11:00:00,1433A,SWY,17.0,170.92514599931027,-153.92514599931027
2021-02-19 12:00:00,1433A,SWY,19.0,171.30698790030488,-152.30698790030488
2021-02-19 13:00:00,1433A,SWY,19.0,170.04585044741268,-151.04585044741268
2021-02-19 14:00:00,1433A,SWY,22.0,168.4923703965259,-146.4923703965259
2021-02-19 15:00:00,1433A,SWY,20.0,166.5369489903729,-146.5369489903729
2021-02-19 16:00:00,1433A,SWY,14.0,165.5060059033337,-151.5060059033337
2021-02-19 17:00:00,1433A,SWY,17.0,164.48138797478222,-147.48138797478222
2021-02-19 18:00:00,1433A,SWY,19.0,163.21847598707652,-144.21847598707652
2021-02-19 19:00:00,1433A,SWY,18.0,163.89470051800794,-145.89470051800794
2021-02-19 20:00:00,1433A,SWY,21.0,164.86736356488672,-143.86736356488672
2021-02-19 21:00:00,1433A,SWY,22.0,165.54150890834222,-143.54150890834222
2021-02-19 22:00:00,1433A,SWY,28.0,167.23091225912634,-139.23091225912634
2021-02-19 23:00:00,1433A,SWY,37.0,166.905279006467,-129.905279006467
2021-02-20 00:00:00,1433A,SWY,43.0,167.23949180444848,-124.23949180444848
2021-02-20 01:00:00,1433A,SWY,33.0,166.36632796206047,-133.36632796206047
2021-02-20 02:00:00,1433A,SWY,27.0,165.82735024578835,-138.82735024578835
2021-02-20 03:00:00,1433A,SWY,39.0,165.16835226139926,-126.16835226139926
2021-02-20 04:00:00,1433A,SWY,44.0,164.67334676088737,-120.67334676088737
2021-02-20 05:00:00,1433A,SWY,40.0,164.4941487426742,-124.49414874267421
2021-02-20 06:00:00,1433A,SWY,37.0,164.86475873898297,-127.86475873898297
2021-02-20 07:00:00,1433A,SWY,41.0,164.76213351577863,-123.76213351577863
2021-02-20 08:00:00,1433A,SWY,48.0,166.4375962480692,-118.43759624806921
2021-02-20 09:00:00,1433A,SWY,46.0,168.74183701626637,-122.74183701626637
2021-02-20 10:00:00,1433A,SWY,50.0,170.28753690228848,-120.28753690228848
2021-02-20 11:00:00,1433A,SWY,58.0,171.9851229096106,-113.9851229096106
2021-02-20 12:00:00,1433A,SWY,49.0,172.3669648106052,-123.3669648106052
2021-02-20 13:00:00,1433A,SWY,40.0,171.105827357713,-131.105827357713
2021-02-20 14:00:00,1433A,SWY,28.0,169.55234730682622,-141.55234730682622
2021-02-20 15:00:00,1433A,SWY,24.0,167.59692590067323,-143.59692590067323
2021-02-20 16:00:00,1433A,SWY,22.0,166.565982813634,-144.565982813634
2021-02-20 17:00:00,1433A,SWY,28.0,165.54136488508254,-137.54136488508254
2021-02-20 18:00:00,1433A,SWY,28.0,164.27845289737684,-136.27845289737684
2021-02-20 19:00:00,1433A,SWY,30.0,164.95467742830826,-134.95467742830826
2021-02-20 20:00:00,1433A,SWY,36.0,165.92734047518704,-129.92734047518704
2021-02-20 21:00:00,1433A,SWY,40.0,166.60148581864254,-126.60148581864254
2021-02-20 22:00:00,1433A,SWY,41.0,168.29088916942666,-127.29088916942666
2021-02-20 23:00:00,1433A,SWY,42.0,167.96525591676732,-125.96525591676732
2021-02-21 00:00:00,1433A,SWY,42.0,168.2994687147488,-126.2994687147488
2021-02-21 01:00:00,1433A,SWY,36.0,167.4263048723608,-131.4263048723608
2021-02-21 02:00:00,1433A,SWY,34.0,166.88732715608867,-132.88732715608867
2021-02-21 03:00:00,1433A,SWY,35.0,166.22832917169958,-131.22832917169958
2021-02-21 04:00:00,1433A,SWY,37.0,165.7333236711877,-128.7333236711877
2021-02-21 05:00:00,1433A,SWY,42.0,165.55412565297453,-123.55412565297453
2021-02-21 06:00:00,1433A,SWY,48.0,165.9247356492833,-117.92473564928329
2021-02-21 07:00:00,1433A,SWY,45.0,165.82211042607895,-120.82211042607895
2021-02-21 08:00:00,1433A,SWY,50.0,167.49757315836953,-117.49757315836953
2021-02-21 09:00:00,1433A,SWY,50.0,169.8018139265667,-119.8018139265667
2021-02-21 10:00:00,1433A,SWY,54.0,171.3475138125888,-117.3475138125888
2021-02-21 11:00:00,1433A,SWY,65.0,173.04509981991092,-108.04509981991092
2021-02-21 12:00:00,1433A,SWY,74.0,173.42694172090552,-99.42694172090552
2021-02-21 13:00:00,1433A,SWY,53.0,172.16580426801332,-119.16580426801332
2021-02-21 14:00:00,1433A,SWY,48.0,170.61232421712654,-122.61232421712654
2021-02-21 15:00:00,1433A,SWY,41.0,168.65690281097355,-127.65690281097355
2021-02-21 16:00:00,1433A,SWY,37.0,167.62595972393433,-130.62595972393433
2021-02-21 17:00:00,1433A,SWY,42.0,166.60134179538287,-124.60134179538287
2021-02-21 18:00:00,1433A,SWY,44.0,165.33842980767716,-121.33842980767716
2021-02-21 19:00:00,1433A,SWY,46.0,166.01465433860858,-120.01465433860858
2021-02-21 20:00:00,1433A,SWY,48.0,166.98731738548736,-118.98731738548736
2021-02-21 21:00:00,1433A,SWY,56.0,167.66146272894287,-111.66146272894287
2021-02-21 22:00:00,1433A,SWY,58.0,169.35086607972698,-111.35086607972698
2021-02-21 23:00:00,1433A,SWY,56.0,169.02523282706764,-113.02523282706764
2021-02-22 00:00:00,1433A,SWY,56.0,169.35944562504912,-113.35944562504912
2021-02-22 01:00:00,1433A,SWY,55.0,168.4862817826611,-113.48628178266111
2021-02-22 02:00:00,1433A,SWY,54.0,167.947304066389,-113.947304066389
2021-02-22 03:00:00,1433A,SWY,53.0,167.2883060819999,-114.2883060819999
2021-02-22 04:00:00,1433A,SWY,60.0,166.793300581488,-106.79330058148801
2021-02-22 05:00:00,1433A,SWY,59.0,166.61410256327486,-107.61410256327486
2021-02-22 06:00:00,1433A,SWY,73.0,166.9847125595836,-93.98471255958361
2021-02-22 07:00:00,1433A,SWY,76.0,166.88208733637927,-90.88208733637927
2021-02-22 08:00:00,1433A,SWY,71.0,168.55755006866985,-97.55755006866985
2021-02-22 09:00:00,1433A,SWY,68.0,170.86179083686702,-102.86179083686702
2021-02-22 10:00:00,1433A,SWY,103.0,172.40749072288912,-69.40749072288912
2021-02-22 11:00:00,1433A,SWY,115.0,174.10507673021124,-59.10507673021124
2021-02-22 12:00:00,1433A,SWY,95.0,174.48691863120584,-79.48691863120584
2021-02-22 13:00:00,1433A,SWY,62.0,173.22578117831364,-111.22578117831364
2021-02-22 14:00:00,1433A,SWY,42.0,171.67230112742686,-129.67230112742686
2021-02-22 15:00:00,1433A,SWY,40.0,169.71687972127387,-129.71687972127387
2021-02-22 16:00:00,1433A,SWY,50.0,168.68593663423465,-118.68593663423465
2021-02-22 17:00:00,1433A,SWY,50.0,167.6613187056832,-117.66131870568319
2021-02-22 18:00:00,1433A,SWY,50.0,166.39840671797748,-116.39840671797748
2021-02-22 19:00:00,1433A,SWY,42.0,167.0746312489089,-125.0746312489089
2021-02-22 20:00:00,1433A,SWY,41.0,168.04729429578768,-127.04729429578768
2021-02-22 21:00:00,1433A,SWY,47.0,168.7214396392432,-121.72143963924319
2021-02-22 22:00:00,1433A,SWY,68.0,170.4108429900273,-102.4108429900273
2021-02-22 23:00:00,1433A,SWY,79.0,170.08520973736796,-91.08520973736796
2021-02-23 00:00:00,1433A,SWY,90.0,170.41942253534944,-80.41942253534944
2021-02-23 01:00:00,1433A,SWY,70.0,169.54625869296143,-99.54625869296143
2021-02-23 02:00:00,1433A,SWY,65.0,169.00728097668932,-104.00728097668932
2021-02-23 03:00:00,1433A,SWY,65.0,168.34828299230023,-103.34828299230023
2021-02-23 04:00:00,1433A,SWY,65.0,167.85327749178833,-102.85327749178833
2021-02-23 05:00:00,1433A,SWY,66.0,167.67407947357518,-101.67407947357518
2021-02-23 06:00:00,1433A,SWY,79.0,168.04468946988393,-89.04468946988393
2021-02-23 07:00:00,1433A,SWY,100.0,167.9420642466796,-67.94206424667959
2021-02-23 08:00:00,1433A,SWY,95.0,169.61752697897018,-74.61752697897018
2021-02-23 09:00:00,1433A,SWY,74.0,171.92176774716734,-97.92176774716734
2021-02-23 10:00:00,1433A,SWY,69.0,173.46746763318944,-104.46746763318944
2021-02-23 11:00:00,1433A,SWY,94.0,175.16505364051156,-81.16505364051156
2021-02-23 12:00:00,1433A,SWY,94.0,175.54689554150616,-81.54689554150616
2021-02-23 13:00:00,1433A,SWY,92.0,174.28575808861396,-82.28575808861396
2021-02-23 14:00:00,1433A,SWY,71.0,172.73227803772718,-101.73227803772718
2021-02-23 15:00:00,1433A,SWY,61.0,170.7768566315742,-109.77685663157419
2021-02-23 16:00:00,1433A,SWY,60.0,169.74591354453497,-109.74591354453497
2021-02-23 17:00:00,1433A,SWY,61.0,168.7212956159835,-107.72129561598351
2021-02-23 18:00:00,1433A,SWY,49.0,167.4583836282778,-118.4583836282778
2021-02-23 19:00:00,1433A,SWY,45.0,168.13460815920922,-123.13460815920922
2021-02-23 20:00:00,1433A,SWY,52.0,169.107271206088,-117.107271206088
2021-02-23 21:00:00,1433A,SWY,52.0,169.7814165495435,-117.78141654954351
2021-02-23 22:00:00,1433A,SWY,55.0,171.47081990032763,-116.47081990032763
2021-02-23 23:00:00,1433A,SWY,54.0,171.14518664766828,-117.14518664766828
2021-02-24 00:00:00,1433A,SWY,56.0,171.47939944564976,-115.47939944564976
2021-02-24 01:00:00,1433A,SWY,57.0,170.60623560326175,-113.60623560326175
2021-02-24 02:00:00,1433A,SWY,62.0,170.06725788698964,-108.06725788698964
2021-02-24 03:00:00,1433A,SWY,62.0,169.40825990260055,-107.40825990260055
2021-02-24 04:00:00,1433A,SWY,65.0,168.91325440208865,-103.91325440208865
2021-02-24 05:00:00,1433A,SWY,74.0,168.7340563838755,-94.7340563838755
2021-02-24 06:00:00,1433A,SWY,78.0,169.10466638018426,-91.10466638018426
2021-02-24 07:00:00,1433A,SWY,74.0,169.0020411569799,-95.00204115697991
2021-02-24 08:00:00,1433A,SWY,72.0,170.6775038892705,-98.6775038892705
2021-02-24 09:00:00,1433A,SWY,56.0,172.98174465746766,-116.98174465746766
2021-02-24 10:00:00,1433A,SWY,45.0,174.52744454348976,-129.52744454348976
2021-02-24 11:00:00,1433A,SWY,45.0,176.22503055081188,-131.22503055081188
2021-02-24 12:00:00,1433A,SWY,51.0,176.60687245180648,-125.60687245180648
2021-02-24 13:00:00,1433A,SWY,52.0,175.34573499891428,-123.34573499891428
2021-02-24 14:00:00,1433A,SWY,52.0,173.7922549480275,-121.7922549480275
2021-02-24 15:00:00,1433A,SWY,58.0,171.8368335418745,-113.83683354187451
2021-02-24 16:00:00,1433A,SWY,63.0,170.8058904548353,-107.80589045483529
2021-02-24 17:00:00,1433A,SWY,61.0,169.78127252628383,-108.78127252628383
2021-02-24 18:00:00,1433A,SWY,61.0,168.51836053857812,-107.51836053857812
2021-02-24 19:00:00,1433A,SWY,62.0,169.19458506950954,-107.19458506950954
2021-02-24 20:00:00,1433A,SWY,56.0,170.16724811638832,-114.16724811638832
2021-02-24 21:00:00,1433A,SWY,42.0,170.84139345984383,-128.84139345984383
2021-02-24 22:00:00,1433A,SWY,35.0,172.53079681062795,-137.53079681062795
2021-02-24 23:00:00,1433A,SWY,31.0,172.2051635579686,-141.2051635579686
2021-02-25 00:00:00,1433A,SWY,30.0,172.53937635595008,-142.53937635595008
2021-02-25 01:00:00,1433A,SWY,27.0,171.66621251356207,-144.66621251356207
2021-02-25 02:00:00,1433A,SWY,11.0,171.12723479728996,-160.12723479728996
2021-02-25 03:00:00,1433A,SWY,4.0,170.46823681290087,-166.46823681290087
2021-02-25 04:00:00,1433A,SWY,4.0,169.97323131238898,-165.97323131238898
2021-02-25 05:00:00,1433A,SWY,1.0,169.79403329417582,-168.79403329417582
2021-02-25 06:00:00,1433A,SWY,9.0,170.16464329048458,-161.16464329048458
2021-02-25 07:00:00,1433A,SWY,16.0,170.06201806728023,-154.06201806728023
2021-02-25 08:00:00,1433A,SWY,20.0,171.73748079957082,-151.73748079957082
2021-02-25 09:00:00,1433A,SWY,29.0,174.04172156776798,-145.04172156776798
2021-02-25 10:00:00,1433A,SWY,29.0,175.58742145379009,-146.58742145379009
2021-02-25 11:00:00,1433A,SWY,29.0,177.2850074611122,-148.2850074611122
2021-02-25 12:00:00,1433A,SWY,26.0,177.6668493621068,-151.6668493621068
2021-02-25 13:00:00,1433A,SWY,19.0,176.4057119092146,-157.4057119092146
2021-02-25 14:00:00,1433A,SWY,17.0,174.85223185832783,-157.85223185832783
2021-02-25 15:00:00,1433A,SWY,19.0,172.89681045217483,-153.89681045217483
2021-02-25 16:00:00,1433A,SWY,23.0,171.8658673651356,-148.8658673651356
2021-02-25 17:00:00,1433A,SWY,24.0,170.84124943658415,-146.84124943658415
2021-02-25 18:00:00,1433A,SWY,,169.57833744887844,
2021-02-25 19:00:00,1433A,SWY,28.0,170.25456197980986,-142.25456197980986
2021-02-25 20:00:00,1433A,SWY,29.0,171.22722502668864,-142.22722502668864
2021-02-25 21:00:00,1433A,SWY,33.0,171.90137037014415,-138.90137037014415
2021-02-25 22:00:00,1433A,SWY,34.0,173.59077372092827,-139.59077372092827
2021-02-25 23:00:00,1433A,SWY,33.0,173.26514046826892,-140.26514046826892
2021-02-26 00:00:00,1433A,SWY,19.0,173.5993532662504,-154.5993532662504
2021-02-26 01:00:00,1433A,SWY,15.0,172.7261894238624,-157.7261894238624
2021-02-26 02:00:00,1433A,SWY,22.0,172.18721170759028,-150.18721170759028
2021-02-26 03:00:00,1433A,SWY,26.0,171.5282137232012,-145.5282137232012
2021-02-26 04:00:00,1433A,SWY,9.0,171.0332082226893,-162.0332082226893
2021-02-26 05:00:00,1433A,SWY,6.0,170.85401020447614,-164.85401020447614
2021-02-26 06:00:00,1433A,SWY,3.0,171.2246202007849,-168.2246202007849
2021-02-26 07:00:00,1433A,SWY,9.0,171.12199497758056,-162.12199497758056
2021-02-26 08:00:00,1433A,SWY,12.0,172.79745770987114,-160.79745770987114
2021-02-26 09:00:00,1433A,SWY,13.0,175.1016984780683,-162.1016984780683
2021-02-26 10:00:00,1433A,SWY,16.0,176.6473983640904,-160.6473983640904
2021-02-26 11:00:00,1433A,SWY,17.0,178.34498437141252,-161.34498437141252
2021-02-26 12:00:00,1433A,SWY,16.0,178.72682627240712,-162.72682627240712
2021-02-26 13:00:00,1433A,SWY,22.0,177.46568881951492,-155.46568881951492
2021-02-26 14:00:00,1433A,SWY,22.0,175.91220876862815,-153.91220876862815
2021-02-26 15:00:00,1433A,SWY,21.0,173.95678736247515,-152.95678736247515
2021-02-26 16:00:00,1433A,SWY,22.0,172.92584427543594,-150.92584427543594
2021-02-26 17:00:00,1433A,SWY,14.0,171.90122634688447,-157.90122634688447
2021-02-26 18:00:00,1433A,SWY,14.0,170.63831435917876,-156.63831435917876
2021-02-26 19:00:00,1433A,SWY,14.0,171.31453889011019,-157.31453889011019
2021-02-26 20:00:00,1433A,SWY,12.0,172.28720193698896,-160.28720193698896
2021-02-26 21:00:00,1433A,SWY,8.0,172.96134728044447,-164.96134728044447
2021-02-26 22:00:00,1433A,SWY,12.0,174.6507506312286,-162.6507506312286
2021-02-26 23:00:00,1433A,SWY,22.0,174.32511737856925,-152.32511737856925
2021-02-27 00:00:00,1433A,SWY,28.0,174.65933017655072,-146.65933017655072
2021-02-27 01:00:00,1433A,SWY,19.0,173.78616633416271,-154.78616633416271
2021-02-27 02:00:00,1433A,SWY,15.0,173.2471886178906,-158.2471886178906
2021-02-27 03:00:00,1433A,SWY,18.0,172.5881906335015,-154.5881906335015
2021-02-27 04:00:00,1433A,SWY,17.0,172.09318513298962,-155.09318513298962
2021-02-27 05:00:00,1433A,SWY,16.0,171.91398711477646,-155.91398711477646
2021-02-27 06:00:00,1433A,SWY,16.0,172.28459711108522,-156.28459711108522
2021-02-27 07:00:00,1433A,SWY,18.0,172.18197188788088,-154.18197188788088
2021-02-27 08:00:00,1433A,SWY,21.0,173.85743462017146,-152.85743462017146
2021-02-27 09:00:00,1433A,SWY,20.0,176.16167538836862,-156.16167538836862
2021-02-27 10:00:00,1433A,SWY,19.0,177.70737527439073,-158.70737527439073
2021-02-27 11:00:00,1433A,SWY,23.0,179.40496128171284,-156.40496128171284
2021-02-27 12:00:00,1433A,SWY,25.0,179.78680318270744,-154.78680318270744
2021-02-27 13:00:00,1433A,SWY,28.0,178.52566572981524,-150.52566572981524
2021-02-27 14:00:00,1433A,SWY,31.0,176.97218567892847,-145.97218567892847
2021-02-27 15:00:00,1433A,SWY,29.0,175.01676427277548,-146.01676427277548
2021-02-27 16:00:00,1433A,SWY,23.0,173.98582118573626,-150.98582118573626
2021-02-27 17:00:00,1433A,SWY,19.0,172.9612032571848,-153.9612032571848
2021-02-27 18:00:00,1433A,SWY,22.0,171.69829126947909,-149.69829126947909
2021-02-27 19:00:00,1433A,SWY,23.0,172.3745158004105,-149.3745158004105
2021-02-27 20:00:00,1433A,SWY,34.0,173.34717884728929,-139.34717884728929
2021-02-27 21:00:00,1433A,SWY,36.0,174.0213241907448,-138.0213241907448
2021-02-27 22:00:00,1433A,SWY,20.0,175.7107275415289,-155.7107275415289
2021-02-27 23:00:00,1433A,SWY,8.0,175.38509428886957,-167.38509428886957
2021-02-28 00:00:00,1433A,SWY,3.0,175.71930708685105,-172.71930708685105
2021-02-28 01:00:00,1433A,SWY,6.0,174.84614324446304,-168.84614324446304
2021-02-28 02:00:00,1433A,SWY,3.0,174.30716552819092,-171.30716552819092
2021-02-28 03:00:00,1433A,SWY,1.0,173.64816754380183,-172.64816754380183
2021-02-28 04:00:00,1433A,SWY,2.0,173.15316204328994,-171.15316204328994
2021-02-28 05:00:00,1433A,SWY,1.0,172.97396402507678,-171.97396402507678
2021-02-28 06:00:00,1433A,SWY,,173.34457402138554,
2021-02-28 07:00:00,1433A,SWY,,173.2419487981812,
2021-02-28 08:00:00,1433A,SWY,,174.91741153047178,
2021-02-28 09:00:00,1433A,SWY,2.0,177.22165229866894,-175.22165229866894
2021-02-28 10:00:00,1433A,SWY,5.0,178.76735218469105,-173.76735218469105
2021-02-28 11:00:00,1433A,SWY,6.0,180.46493819201316,-174.46493819201316
2021-02-28 12:00:00,1433A,SWY,9.0,180.84678009300777,-171.84678009300777
2021-02-28 13:00:00,1433A,SWY,10.0,179.58564264011557,-169.58564264011557
2021-02-28 14:00:00,1433A,SWY,13.0,178.0321625892288,-165.0321625892288
2021-02-28 15:00:00,1433A,SWY,13.0,176.0767411830758,-163.0767411830758
2021-02-28 16:00:00,1433A,SWY,11.0,175.04579809603658,-164.04579809603658
2021-02-28 17:00:00,1433A,SWY,8.0,174.0211801674851,-166.0211801674851
2021-02-28 18:00:00,1433A,SWY,8.0,172.7582681797794,-164.7582681797794
2021-02-28 19:00:00,1433A,SWY,9.0,173.43449271071083,-164.43449271071083
2021-02-28 20:00:00,1433A,SWY,10.0,174.4071557575896,-164.4071557575896
2021-02-28 21:00:00,1433A,SWY,8.0,175.0813011010451,-167.0813011010451
2021-02-28 22:00:00,1433A,SWY,11.0,176.77070445182923,-165.77070445182923
2021-02-28 23:00:00,1433A,SWY,18.0,176.4450711991699,-158.4450711991699
2021-03-01 00:00:00,1433A,SWY,23.0,176.77928399715137,-153.77928399715137
2021-03-01 01:00:00,1433A,SWY,15.0,175.90612015476336,-160.90612015476336
2021-03-01 02:00:00,1433A,SWY,15.0,175.36714243849124,-160.36714243849124
2021-03-01 03:00:00,1433A,SWY,16.0,174.70814445410215,-158.70814445410215
2021-03-01 04:00:00,1433A,SWY,15.0,174.21313895359026,-159.21313895359026
2021-03-01 05:00:00,1433A,SWY,9.0,174.0339409353771,-165.0339409353771
2021-03-01 06:00:00,1433A,SWY,3.0,174.40455093168586,-171.40455093168586
2021-03-01 07:00:00,1433A,SWY,2.0,174.30192570848152,-172.30192570848152
2021-03-01 08:00:00,1433A,SWY,5.0,175.9773884407721,-170.9773884407721
2021-03-01 09:00:00,1433A,SWY,15.0,178.28162920896926,-163.28162920896926
2021-03-01 10:00:00,1433A,SWY,17.0,179.82732909499137,-162.82732909499137
2021-03-01 11:00:00,1433A,SWY,27.0,181.52491510231349,-154.52491510231349
2021-03-01 12:00:00,1433A,SWY,27.0,181.9067570033081,-154.9067570033081
2021-03-01 13:00:00,1433A,SWY,24.0,180.6456195504159,-156.6456195504159
2021-03-01 14:00:00,1433A,SWY,22.0,179.0921394995291,-157.0921394995291
2021-03-01 15:00:00,1433A,SWY,21.0,177.13671809337612,-156.13671809337612
2021-03-01 16:00:00,1433A,SWY,24.0,176.1057750063369,-152.1057750063369
2021-03-01 17:00:00,1433A,SWY,24.0,175.08115707778543,-151.08115707778543
2021-03-01 18:00:00,1433A,SWY,24.0,173.81824509007973,-149.81824509007973
2021-03-01 19:00:00,1433A,SWY,24.0,174.49446962101115,-150.49446962101115
2021-03-01 20:00:00,1433A,SWY,34.0,175.46713266788993,-141.46713266788993
2021-03-01 21:00:00,1433A,SWY,31.0,176.14127801134543,-145.14127801134543
2021-03-01 22:00:00,1433A,SWY,36.0,177.83068136212955,-141.83068136212955
2021-03-01 23:00:00,1433A,SWY,37.0,177.5050481094702,-140.5050481094702
2021-03-02 00:00:00,1433A,SWY,38.0,177.8392609074517,-139.8392609074517
2021-03-02 01:00:00,1433A,SWY,28.0,176.96609706506368,-148.96609706506368
2021-03-02 02:00:00,1433A,SWY,24.0,176.42711934879156,-152.42711934879156
2021-03-02 03:00:00,1433A,SWY,26.0,175.76812136440248,-149.76812136440248
2021-03-02 04:00:00,1433A,SWY,31.0,175.27311586389058,-144.27311586389058
2021-03-02 05:00:00,1433A,SWY,35.0,175.09391784567742,-140.09391784567742
2021-03-02 06:00:00,1433A,SWY,32.0,175.46452784198618,-143.46452784198618
2021-03-02 07:00:00,1433A,SWY,32.0,175.36190261878184,-143.36190261878184
2021-03-02 08:00:00,1433A,SWY,44.0,177.03736535107242,-133.03736535107242
2021-03-02 09:00:00,1433A,SWY,40.0,179.34160611926958,-139.34160611926958
2021-03-02 10:00:00,1433A,SWY,44.0,180.8873060052917,-136.8873060052917
2021-03-02 11:00:00,1433A,SWY,43.0,182.5848920126138,-139.5848920126138
2021-03-02 12:00:00,1433A,SWY,40.0,182.9667339136084,-142.9667339136084
2021-03-02 13:00:00,1433A,SWY,24.0,181.7055964607162,-157.7055964607162
2021-03-02 14:00:00,1433A,SWY,20.0,180.15211640982943,-160.15211640982943
2021-03-02 15:00:00,1433A,SWY,14.0,178.19669500367644,-164.19669500367644
2021-03-02 16:00:00,1433A,SWY,27.0,177.16575191663722,-150.16575191663722
2021-03-02 17:00:00,1433A,SWY,44.0,176.14113398808576,-132.14113398808576
2021-03-02 18:00:00,1433A,SWY,48.0,174.87822200038005,-126.87822200038005
2021-03-02 19:00:00,1433A,SWY,50.0,175.55444653131147,-125.55444653131147
2021-03-02 20:00:00,1433A,SWY,49.0,176.52710957819025,-127.52710957819025
2021-03-02 21:00:00,1433A,SWY,34.0,177.20125492164576,-143.20125492164576
2021-03-02 22:00:00,1433A,SWY,35.0,178.89065827242987,-143.89065827242987
2021-03-02 23:00:00,1433A,SWY,34.0,178.56502501977053,-144.56502501977053
2021-03-03 00:00:00,1433A,SWY,32.0,178.899237817752,-146.899237817752
2021-03-03 01:00:00,1433A,SWY,32.0,178.026073975364,-146.026073975364
2021-03-03 02:00:00,1433A,SWY,19.0,177.48709625909189,-158.48709625909189
2021-03-03 03:00:00,1433A,SWY,20.0,176.8280982747028,-156.8280982747028
2021-03-03 04:00:00,1433A,SWY,16.0,176.3330927741909,-160.3330927741909
2021-03-03 05:00:00,1433A,SWY,31.0,176.15389475597775,-145.15389475597775
2021-03-03 06:00:00,1433A,SWY,47.0,176.5245047522865,-129.5245047522865
2021-03-03 07:00:00,1433A,SWY,53.0,176.42187952908216,-123.42187952908216
2021-03-03 08:00:00,1433A,SWY,39.0,178.09734226137275,-139.09734226137275
2021-03-03 09:00:00,1433A,SWY,34.0,180.4015830295699,-146.4015830295699
2021-03-03 10:00:00,1433A,SWY,43.0,181.947282915592,-138.947282915592
2021-03-03 11:00:00,1433A,SWY,54.0,183.64486892291413,-129.64486892291413
2021-03-03 12:00:00,1433A,SWY,58.0,184.02671082390873,-126.02671082390873
2021-03-03 13:00:00,1433A,SWY,53.0,182.76557337101653,-129.76557337101653
2021-03-03 14:00:00,1433A,SWY,46.0,181.21209332012975,-135.21209332012975
2021-03-03 15:00:00,1433A,SWY,42.0,179.25667191397676,-137.25667191397676
2021-03-03 16:00:00,1433A,SWY,38.0,178.22572882693754,-140.22572882693754
2021-03-03 17:00:00,1433A,SWY,34.0,177.20111089838608,-143.20111089838608
2021-03-03 18:00:00,1433A,SWY,33.0,175.93819891068037,-142.93819891068037
2021-03-03 19:00:00,1433A,SWY,32.0,176.6144234416118,-144.6144234416118
2021-03-03 20:00:00,1433A,SWY,37.0,177.58708648849057,-140.58708648849057
2021-03-03 21:00:00,1433A,SWY,45.0,178.26123183194608,-133.26123183194608
2021-03-03 22:00:00,1433A,SWY,50.0,179.9506351827302,-129.9506351827302
2021-03-03 23:00:00,1433A,SWY,39.0,179.62500193007085,-140.62500193007085
2021-03-04 00:00:00,1433A,SWY,19.0,179.95921472805233,-160.95921472805233
2021-03-04 01:00:00,1433A,SWY,22.0,179.08605088566432,-157.08605088566432
2021-03-04 02:00:00,1433A,SWY,24.0,178.5470731693922,-154.5470731693922
2021-03-04 03:00:00,1433A,SWY,23.0,177.88807518500312,-154.88807518500312
2021-03-04 04:00:00,1433A,SWY,27.0,177.39306968449122,-150.39306968449122
2021-03-04 05:00:00,1433A,SWY,31.0,177.21387166627807,-146.21387166627807
2021-03-04 06:00:00,1433A,SWY,34.0,177.58448166258682,-143.58448166258682
2021-03-04 07:00:00,1433A,SWY,38.0,177.48185643938248,-139.48185643938248
2021-03-04 08:00:00,1433A,SWY,39.0,179.15731917167307,-140.15731917167307
2021-03-04 09:00:00,1433A,SWY,36.0,181.46155993987023,-145.46155993987023
2021-03-04 10:00:00,1433A,SWY,41.0,183.00725982589233,-142.00725982589233
2021-03-04 11:00:00,1433A,SWY,,184.70484583321445,
2021-03-04 12:00:00,1433A,SWY,,185.08668773420905,
2021-03-04 13:00:00,1433A,SWY,46.0,183.82555028131685,-137.82555028131685
2021-03-04 14:00:00,1433A,SWY,46.0,182.27207023043007,-136.27207023043007
2021-03-04 15:00:00,1433A,SWY,39.0,180.31664882427708,-141.31664882427708
2021-03-04 16:00:00,1433A,SWY,30.0,179.28570573723786,-149.28570573723786
2021-03-04 17:00:00,1433A,SWY,33.0,178.2610878086864,-145.2610878086864
2021-03-04 18:00:00,1433A,SWY,64.0,176.9981758209807,-112.99817582098069
2021-03-04 19:00:00,1433A,SWY,82.0,177.6744003519121,-95.67440035191211
2021-03-04 20:00:00,1433A,SWY,91.0,178.6470633987909,-87.64706339879089
2021-03-04 21:00:00,1433A,SWY,92.0,179.3212087422464,-87.3212087422464
2021-03-04 22:00:00,1433A,SWY,84.0,181.01061209303052,-97.01061209303052
2021-03-04 23:00:00,1433A,SWY,72.0,180.68497884037117,-108.68497884037117
2021-03-05 00:00:00,1433A,SWY,72.0,181.01919163835265,-109.01919163835265
2021-03-05 01:00:00,1433A,SWY,56.0,180.14602779596464,-124.14602779596464
2021-03-05 02:00:00,1433A,SWY,55.0,179.60705007969253,-124.60705007969253
2021-03-05 03:00:00,1433A,SWY,62.0,178.94805209530344,-116.94805209530344
2021-03-05 04:00:00,1433A,SWY,73.0,178.45304659479154,-105.45304659479154
2021-03-05 05:00:00,1433A,SWY,86.0,178.2738485765784,-92.27384857657839
2021-03-05 06:00:00,1433A,SWY,89.0,178.64445857288715,-89.64445857288715
2021-03-05 07:00:00,1433A,SWY,94.0,178.5418333496828,-84.5418333496828
2021-03-05 08:00:00,1433A,SWY,99.0,180.2172960819734,-81.21729608197339
2021-03-05 09:00:00,1433A,SWY,84.0,182.52153685017055,-98.52153685017055
2021-03-05 10:00:00,1433A,SWY,94.0,184.06723673619265,-90.06723673619265
2021-03-05 11:00:00,1433A,SWY,93.0,185.76482274351477,-92.76482274351477
2021-03-05 12:00:00,1433A,SWY,79.0,186.14666464450937,-107.14666464450937
2021-03-05 13:00:00,1433A,SWY,30.0,184.88552719161717,-154.88552719161717
2021-03-05 14:00:00,1433A,SWY,6.0,183.3320471407304,-177.3320471407304
2021-03-05 15:00:00,1433A,SWY,38.0,181.3766257345774,-143.3766257345774
2021-03-05 16:00:00,1433A,SWY,47.0,180.34568264753818,-133.34568264753818
2021-03-05 17:00:00,1433A,SWY,38.0,179.32106471898672,-141.32106471898672
2021-03-05 18:00:00,1433A,SWY,32.0,178.058152731281,-146.058152731281
2021-03-05 19:00:00,1433A,SWY,28.0,178.73437726221243,-150.73437726221243
2021-03-05 20:00:00,1433A,SWY,33.0,179.7070403090912,-146.7070403090912
2021-03-05 21:00:00,1433A,SWY,37.0,180.38118565254672,-143.38118565254672
2021-03-05 22:00:00,1433A,SWY,46.0,182.07058900333084,-136.07058900333084
2021-03-05 23:00:00,1433A,SWY,45.0,181.7449557506715,-136.7449557506715
2021-03-06 00:00:00,1433A,SWY,45.0,182.07916854865297,-137.07916854865297
2021-03-06 01:00:00,1433A,SWY,48.0,181.20600470626496,-133.20600470626496
2021-03-06 02:00:00,1433A,SWY,65.0,180.66702698999285,-115.66702698999285
2021-03-06 03:00:00,1433A,SWY,64.0,180.00802900560376,-116.00802900560376
2021-03-06 04:00:00,1433A,SWY,54.0,179.51302350509187,-125.51302350509187
2021-03-06 05:00:00,1433A,SWY,45.0,179.3338254868787,-134.3338254868787
2021-03-06 06:00:00,1433A,SWY,34.0,179.70443548318747,-145.70443548318747
2021-03-06 07:00:00,1433A,SWY,22.0,179.60181025998313,-157.60181025998313
2021-03-06 08:00:00,1433A,SWY,19.0,181.2772729922737,-162.2772729922737
2021-03-06 09:00:00,1433A,SWY,33.0,183.58151376047087,-150.58151376047087
2021-03-06 10:00:00,1433A,SWY,31.0,185.12721364649298,-154.12721364649298
2021-03-06 11:00:00,1433A,SWY,22.0,186.8247996538151,-164.8247996538151
2021-03-06 12:00:00,1433A,SWY,25.0,187.2066415548097,-162.2066415548097
2021-03-06 13:00:00,1433A,SWY,24.0,185.9455041019175,-161.9455041019175
2021-03-06 14:00:00,1433A,SWY,25.0,184.39202405103072,-159.39202405103072
2021-03-06 15:00:00,1433A,SWY,21.0,182.43660264487772,-161.43660264487772
2021-03-06 16:00:00,1433A,SWY,6.0,181.4056595578385,-175.4056595578385
2021-03-06 17:00:00,1433A,SWY,18.0,180.38104162928704,-162.38104162928704
2021-03-06 18:00:00,1433A,SWY,37.0,179.11812964158133,-142.11812964158133
2021-03-06 19:00:00,1433A,SWY,47.0,179.79435417251275,-132.79435417251275
2021-03-06 20:00:00,1433A,SWY,48.0,180.76701721939153,-132.76701721939153
2021-03-06 21:00:00,1433A,SWY,49.0,181.44116256284704,-132.44116256284704
2021-03-06 22:00:00,1433A,SWY,44.0,183.13056591363116,-139.13056591363116
2021-03-06 23:00:00,1433A,SWY,49.0,182.80493266097182,-133.80493266097182
2021-03-07 00:00:00,1433A,SWY,52.0,183.1391454589533,-131.1391454589533
2021-03-07 01:00:00,1433A,SWY,38.0,182.26598161656528,-144.26598161656528
2021-03-07 02:00:00,1433A,SWY,46.0,181.72700390029317,-135.72700390029317
2021-03-07 03:00:00,1433A,SWY,43.0,181.06800591590408,-138.06800591590408
2021-03-07 04:00:00,1433A,SWY,33.0,180.5730004153922,-147.5730004153922
2021-03-07 05:00:00,1433A,SWY,30.0,180.39380239717903,-150.39380239717903
2021-03-07 06:00:00,1433A,SWY,26.0,180.7644123934878,-154.7644123934878
2021-03-07 07:00:00,1433A,SWY,22.0,180.66178717028345,-158.66178717028345
2021-03-07 08:00:00,1433A,SWY,20.0,182.33724990257403,-162.33724990257403
2021-03-07 09:00:00,1433A,SWY,27.0,184.6414906707712,-157.6414906707712
2021-03-07 10:00:00,1433A,SWY,23.0,186.1871905567933,-163.1871905567933
2021-03-07 11:00:00,1433A,SWY,20.0,187.8847765641154,-167.8847765641154
2021-03-07 12:00:00,1433A,SWY,10.0,188.26661846511,-178.26661846511
2021-03-07 13:00:00,1433A,SWY,16.0,187.0054810122178,-171.0054810122178
2021-03-07 14:00:00,1433A,SWY,43.0,185.45200096133104,-142.45200096133104
2021-03-07 15:00:00,1433A,SWY,38.0,183.49657955517804,-145.49657955517804
2021-03-07 16:00:00,1433A,SWY,24.0,182.46563646813883,-158.46563646813883
2021-03-07 17:00:00,1433A,SWY,25.0,181.44101853958736,-156.44101853958736
2021-03-07 18:00:00,1433A,SWY,27.0,180.17810655188165,-153.17810655188165
2021-03-07 19:00:00,1433A,SWY,37.0,180.85433108281308,-143.85433108281308
2021-03-07 20:00:00,1433A,SWY,43.0,181.82699412969185,-138.82699412969185
2021-03-07 21:00:00,1433A,SWY,41.0,182.50113947314736,-141.50113947314736
2021-03-07 22:00:00,1433A,SWY,44.0,184.19054282393148,-140.19054282393148
2021-03-07 23:00:00,1433A,SWY,45.0,183.86490957127214,-138.86490957127214
2021-03-08 00:00:00,1433A,SWY,44.0,184.19912236925362,-140.19912236925362
2021-03-08 01:00:00,1433A,SWY,37.0,183.3259585268656,-146.3259585268656
2021-03-08 02:00:00,1433A,SWY,37.0,182.7869808105935,-145.7869808105935
2021-03-08 03:00:00,1433A,SWY,51.0,182.1279828262044,-131.1279828262044
2021-03-08 04:00:00,1433A,SWY,54.0,181.6329773256925,-127.63297732569251
2021-03-08 05:00:00,1433A,SWY,56.0,181.45377930747935,-125.45377930747935
2021-03-08 06:00:00,1433A,SWY,60.0,181.8243893037881,-121.82438930378811
2021-03-08 07:00:00,1433A,SWY,72.0,181.72176408058377,-109.72176408058377
2021-03-08 08:00:00,1433A,SWY,66.0,183.39722681287435,-117.39722681287435
2021-03-08 09:00:00,1433A,SWY,56.0,185.7014675810715,-129.7014675810715
2021-03-08 10:00:00,1433A,SWY,70.0,187.24716746709362,-117.24716746709362
2021-03-08 11:00:00,1433A,SWY,31.0,188.94475347441573,-157.94475347441573
2021-03-08 12:00:00,1433A,SWY,16.0,189.32659537541034,-173.32659537541034
2021-03-08 13:00:00,1433A,SWY,26.0,188.06545792251814,-162.06545792251814
2021-03-08 14:00:00,1433A,SWY,38.0,186.51197787163136,-148.51197787163136
2021-03-08 15:00:00,1433A,SWY,45.0,184.55655646547837,-139.55655646547837
2021-03-08 16:00:00,1433A,SWY,50.0,183.52561337843915,-133.52561337843915
2021-03-08 17:00:00,1433A,SWY,47.0,182.50099544988768,-135.50099544988768
2021-03-08 18:00:00,1433A,SWY,40.0,181.23808346218198,-141.23808346218198
2021-03-08 19:00:00,1433A,SWY,32.0,181.9143079931134,-149.9143079931134
2021-03-08 20:00:00,1433A,SWY,22.0,182.88697103999218,-160.88697103999218
2021-03-08 21:00:00,1433A,SWY,22.0,183.56111638344768,-161.56111638344768
2021-03-08 22:00:00,1433A,SWY,27.0,185.2505197342318,-158.2505197342318
2021-03-08 23:00:00,1433A,SWY,42.0,184.92488648157246,-142.92488648157246
2021-03-09 00:00:00,1433A,SWY,55.0,185.25909927955394,-130.25909927955394
2021-03-09 01:00:00,1433A,SWY,58.0,184.38593543716593,-126.38593543716593
2021-03-09 02:00:00,1433A,SWY,61.0,183.8469577208938,-122.84695772089381
2021-03-09 03:00:00,1433A,SWY,58.0,183.18795973650472,-125.18795973650472
2021-03-09 04:00:00,1433A,SWY,62.0,182.69295423599283,-120.69295423599283
2021-03-09 05:00:00,1433A,SWY,61.0,182.51375621777967,-121.51375621777967
2021-03-09 06:00:00,1433A,SWY,48.0,182.88436621408843,-134.88436621408843
2021-03-09 07:00:00,1433A,SWY,51.0,182.7817409908841,-131.7817409908841
2021-03-09 08:00:00,1433A,SWY,62.0,184.45720372317467,-122.45720372317467
2021-03-09 09:00:00,1433A,SWY,61.0,186.76144449137183,-125.76144449137183
2021-03-09 10:00:00,1433A,SWY,63.0,188.30714437739394,-125.30714437739394
2021-03-09 11:00:00,1433A,SWY,62.0,190.00473038471605,-128.00473038471605
2021-03-09 12:00:00,1433A,SWY,53.0,190.38657228571066,-137.38657228571066
2021-03-09 13:00:00,1433A,SWY,68.0,189.12543483281846,-121.12543483281846
2021-03-09 14:00:00,1433A,SWY,65.0,187.57195478193168,-122.57195478193168
2021-03-09 15:00:00,1433A,SWY,53.0,185.6165333757787,-132.6165333757787
2021-03-09 16:00:00,1433A,SWY,49.0,184.58559028873947,-135.58559028873947
2021-03-09 17:00:00,1433A,SWY,42.0,183.560972360188,-141.560972360188
2021-03-09 18:00:00,1433A,SWY,40.0,182.2980603724823,-142.2980603724823
2021-03-09 19:00:00,1433A,SWY,,182.97428490341372,
2021-03-09 20:00:00,1433A,SWY,48.0,183.9469479502925,-135.9469479502925
2021-03-09 21:00:00,1433A,SWY,52.0,184.621093293748,-132.621093293748
2021-03-09 22:00:00,1433A,SWY,86.0,186.31049664453212,-100.31049664453212
2021-03-09 23:00:00,1433A,SWY,99.0,185.98486339187278,-86.98486339187278
2021-03-10 00:00:00,1433A,SWY,126.0,186.31907618985426,-60.31907618985426
2021-03-10 01:00:00,1433A,SWY,73.0,185.44591234746625,-112.44591234746625
2021-03-10 02:00:00,1433A,SWY,62.0,184.90693463119413,-122.90693463119413
2021-03-10 03:00:00,1433A,SWY,60.0,184.24793664680504,-124.24793664680504
2021-03-10 04:00:00,1433A,SWY,70.0,183.75293114629315,-113.75293114629315
2021-03-10 05:00:00,1433A,SWY,85.0,183.57373312808,-98.57373312808
2021-03-10 06:00:00,1433A,SWY,90.0,183.94434312438875,-93.94434312438875
2021-03-10 07:00:00,1433A,SWY,58.0,183.8417179011844,-125.84171790118441
2021-03-10 08:00:00,1433A,SWY,66.0,185.517180633475,-119.517180633475
2021-03-10 09:00:00,1433A,SWY,58.0,187.82142140167215,-129.82142140167215
2021-03-10 10:00:00,1433A,SWY,61.0,189.36712128769426,-128.36712128769426
2021-03-10 11:00:00,1433A,SWY,54.0,191.06470729501638,-137.06470729501638
2021-03-10 12:00:00,1433A,SWY,32.0,191.44654919601098,-159.44654919601098
2021-03-10 13:00:00,1433A,SWY,28.0,190.18541174311878,-162.18541174311878
2021-03-10 14:00:00,1433A,SWY,30.0,188.631931692232,-158.631931692232
2021-03-10 15:00:00,1433A,SWY,23.0,186.676510286079,-163.676510286079
2021-03-10 16:00:00,1433A,SWY,21.0,185.6455671990398,-164.6455671990398
2021-03-10 17:00:00,1433A,SWY,38.0,184.62094927048832,-146.62094927048832
2021-03-10 18:00:00,1433A,SWY,43.0,183.35803728278262,-140.35803728278262
2021-03-10 19:00:00,1433A,SWY,41.0,184.03426181371404,-143.03426181371404
2021-03-10 20:00:00,1433A,SWY,45.0,185.00692486059282,-140.00692486059282
2021-03-10 21:00:00,1433A,SWY,50.0,185.68107020404832,-135.68107020404832
2021-03-10 22:00:00,1433A,SWY,52.0,187.37047355483244,-135.37047355483244
2021-03-10 23:00:00,1433A,SWY,55.0,187.0448403021731,-132.0448403021731
2021-03-11 00:00:00,1433A,SWY,55.0,187.37905310015458,-132.37905310015458
2021-03-11 01:00:00,1433A,SWY,55.0,186.50588925776657,-131.50588925776657
2021-03-11 02:00:00,1433A,SWY,60.0,185.96691154149445,-125.96691154149445
2021-03-11 03:00:00,1433A,SWY,60.0,185.30791355710537,-125.30791355710537
2021-03-11 04:00:00,1433A,SWY,58.0,184.81290805659347,-126.81290805659347
2021-03-11 05:00:00,1433A,SWY,59.0,184.63371003838031,-125.63371003838031
2021-03-11 06:00:00,1433A,SWY,62.0,185.00432003468907,-123.00432003468907
2021-03-11 07:00:00,1433A,SWY,64.0,184.90169481148473,-120.90169481148473
2021-03-11 08:00:00,1433A,SWY,70.0,186.57715754377531,-116.57715754377531
2021-03-11 09:00:00,1433A,SWY,66.0,188.88139831197248,-122.88139831197248
2021-03-11 10:00:00,1433A,SWY,70.0,190.42709819799458,-120.42709819799458
2021-03-11 11:00:00,1433A,SWY,,192.1246842053167,
2021-03-11 12:00:00,1433A,SWY,,192.5065261063113,
2021-03-11 13:00:00,1433A,SWY,51.0,191.2453886534191,-140.2453886534191
2021-03-11 14:00:00,1433A,SWY,65.0,189.69190860253232,-124.69190860253232
2021-03-11 15:00:00,1433A,SWY,52.0,187.73648719637933,-135.73648719637933
2021-03-11 16:00:00,1433A,SWY,38.0,186.7055441093401,-148.7055441093401
2021-03-11 17:00:00,1433A,SWY,46.0,185.68092618078865,-139.68092618078865
2021-03-11 18:00:00,1433A,SWY,54.0,184.41801419308294,-130.41801419308294
2021-03-11 19:00:00,1433A,SWY,56.0,185.09423872401436,-129.09423872401436
2021-03-11 20:00:00,1433A,SWY,56.0,186.06690177089314,-130.06690177089314
2021-03-11 21:00:00,1433A,SWY,57.0,186.74104711434865,-129.74104711434865
2021-03-11 22:00:00,1433A,SWY,64.0,188.43045046513276,-124.43045046513276
2021-03-11 23:00:00,1433A,SWY,54.0,188.10481721247342,-134.10481721247342
2021-03-12 00:00:00,1433A,SWY,57.0,188.4390300104549,-131.4390300104549
2021-03-12 01:00:00,1433A,SWY,66.0,187.5658661680669,-121.56586616806689
2021-03-12 02:00:00,1433A,SWY,72.0,187.02688845179478,-115.02688845179478
2021-03-12 03:00:00,1433A,SWY,80.0,186.3678904674057,-106.36789046740569
2021-03-12 04:00:00,1433A,SWY,90.0,185.8728849668938,-95.87288496689379
2021-03-12 05:00:00,1433A,SWY,56.0,185.69368694868064,-129.69368694868064
2021-03-12 06:00:00,1433A,SWY,63.0,186.0642969449894,-123.0642969449894
2021-03-12 07:00:00,1433A,SWY,66.0,185.96167172178505,-119.96167172178505
2021-03-12 08:00:00,1433A,SWY,67.0,187.63713445407564,-120.63713445407564
2021-03-12 09:00:00,1433A,SWY,67.0,189.9413752222728,-122.9413752222728
2021-03-12 10:00:00,1433A,SWY,57.0,191.4870751082949,-134.4870751082949
2021-03-12 11:00:00,1433A,SWY,50.0,193.18466111561702,-143.18466111561702
2021-03-12 12:00:00,1433A,SWY,52.0,193.56650301661162,-141.56650301661162
2021-03-12 13:00:00,1433A,SWY,54.0,192.30536556371942,-138.30536556371942
2021-03-12 14:00:00,1433A,SWY,67.0,190.75188551283264,-123.75188551283264
2021-03-12 15:00:00,1433A,SWY,77.0,188.79646410667965,-111.79646410667965
2021-03-12 16:00:00,1433A,SWY,71.0,187.76552101964043,-116.76552101964043
2021-03-12 17:00:00,1433A,SWY,104.0,186.74090309108897,-82.74090309108897
2021-03-12 18:00:00,1433A,SWY,140.0,185.47799110338326,-45.47799110338326
2021-03-12 19:00:00,1433A,SWY,131.0,186.15421563431468,-55.15421563431468
2021-03-12 20:00:00,1433A,SWY,106.0,187.12687868119346,-81.12687868119346
2021-03-12 21:00:00,1433A,SWY,95.0,187.80102402464897,-92.80102402464897
2021-03-12 22:00:00,1433A,SWY,96.0,189.4904273754331,-93.49042737543309
2021-03-12 23:00:00,1433A,SWY,92.0,189.16479412277374,-97.16479412277374
2021-03-13 00:00:00,1433A,SWY,86.0,189.49900692075522,-103.49900692075522
2021-03-13 01:00:00,1433A,SWY,74.0,188.6258430783672,-114.62584307836721
2021-03-13 02:00:00,1433A,SWY,82.0,188.0868653620951,-106.0868653620951
2021-03-13 03:00:00,1433A,SWY,85.0,187.427867377706,-102.42786737770601
2021-03-13 04:00:00,1433A,SWY,82.0,186.9328618771941,-104.93286187719411
2021-03-13 05:00:00,1433A,SWY,77.0,186.75366385898096,-109.75366385898096
2021-03-13 06:00:00,1433A,SWY,71.0,187.12427385528972,-116.12427385528972
2021-03-13 07:00:00,1433A,SWY,69.0,187.02164863208537,-118.02164863208537
2021-03-13 08:00:00,1433A,SWY,74.0,188.69711136437596,-114.69711136437596
2021-03-13 09:00:00,1433A,SWY,86.0,191.00135213257312,-105.00135213257312
2021-03-13 10:00:00,1433A,SWY,103.0,192.54705201859522,-89.54705201859522
2021-03-13 11:00:00,1433A,SWY,118.0,194.24463802591734,-76.24463802591734
2021-03-13 12:00:00,1433A,SWY,83.0,194.62647992691194,-111.62647992691194
2021-03-13 13:00:00,1433A,SWY,64.0,193.36534247401974,-129.36534247401974
2021-03-13 14:00:00,1433A,SWY,62.0,191.81186242313296,-129.81186242313296
2021-03-13 15:00:00,1433A,SWY,48.0,189.85644101697997,-141.85644101697997
2021-03-13 16:00:00,1433A,SWY,40.0,188.82549792994075,-148.82549792994075
2021-03-13 17:00:00,1433A,SWY,56.0,187.8008800013893,-131.8008800013893
2021-03-13 18:00:00,1433A,SWY,57.0,186.53796801368358,-129.53796801368358
2021-03-13 19:00:00,1433A,SWY,73.0,187.214192544615,-114.214192544615
2021-03-13 20:00:00,1433A,SWY,96.0,188.18685559149378,-92.18685559149378
2021-03-13 21:00:00,1433A,SWY,112.0,188.8610009349493,-76.86100093494929
2021-03-13 22:00:00,1433A,SWY,127.0,190.5504042857334,-63.55040428573341
2021-03-13 23:00:00,1433A,SWY,,190.22477103307406,
2021-03-14 00:00:00,1433A,SWY,,190.55898383105554,
2021-03-14 01:00:00,1433A,SWY,,189.68581998866753,
2021-03-14 02:00:00,1433A,SWY,83.0,189.14684227239542,-106.14684227239542
2021-03-14 03:00:00,1433A,SWY,85.0,188.48784428800633,-103.48784428800633
2021-03-14 04:00:00,1433A,SWY,96.0,187.99283878749443,-91.99283878749443
2021-03-14 05:00:00,1433A,SWY,108.0,187.81364076928128,-79.81364076928128
2021-03-14 06:00:00,1433A,SWY,114.0,188.18425076559004,-74.18425076559004
2021-03-14 07:00:00,1433A,SWY,108.0,188.0816255423857,-80.0816255423857
2021-03-14 08:00:00,1433A,SWY,107.0,189.75708827467628,-82.75708827467628
2021-03-14 09:00:00,1433A,SWY,103.0,192.06132904287344,-89.06132904287344
2021-03-14 10:00:00,1433A,SWY,93.0,193.60702892889555,-100.60702892889555
2021-03-14 11:00:00,1433A,SWY,88.0,195.30461493621766,-107.30461493621766
2021-03-14 12:00:00,1433A,SWY,66.0,195.68645683721226,-129.68645683721226
2021-03-14 13:00:00,1433A,SWY,78.0,194.42531938432006,-116.42531938432006
2021-03-14 14:00:00,1433A,SWY,75.0,192.8718393334333,-117.87183933343329
2021-03-14 15:00:00,1433A,SWY,76.0,190.9164179272803,-114.91641792728029
2021-03-14 16:00:00,1433A,SWY,42.0,189.88547484024107,-147.88547484024107
2021-03-14 17:00:00,1433A,SWY,56.0,188.8608569116896,-132.8608569116896
2021-03-14 18:00:00,1433A,SWY,63.0,187.5979449239839,-124.5979449239839
2021-03-14 19:00:00,1433A,SWY,61.0,188.27416945491532,-127.27416945491532
2021-03-14 20:00:00,1433A,SWY,49.0,189.2468325017941,-140.2468325017941
2021-03-14 21:00:00,1433A,SWY,62.0,189.9209778452496,-127.92097784524961
2021-03-14 22:00:00,1433A,SWY,76.0,191.61038119603373,-115.61038119603373
2021-03-14 23:00:00,1433A,SWY,80.0,191.28474794337438,-111.28474794337438
2021-03-15 00:00:00,1433A,SWY,89.0,191.61896074135586,-102.61896074135586
2021-03-15 01:00:00,1433A,SWY,87.0,190.74579689896785,-103.74579689896785
2021-03-15 02:00:00,1433A,SWY,93.0,190.20681918269574,-97.20681918269574
2021-03-15 03:00:00,1433A,SWY,97.0,189.54782119830665,-92.54782119830665
2021-03-15 04:00:00,1433A,SWY,81.0,189.05281569779476,-108.05281569779476
2021-03-15 05:00:00,1433A,SWY,89.0,188.8736176795816,-99.8736176795816
2021-03-15 06:00:00,1433A,SWY,94.0,189.24422767589036,-95.24422767589036
2021-03-15 07:00:00,1433A,SWY,93.0,189.14160245268602,-96.14160245268602
2021-03-15 08:00:00,1433A,SWY,92.0,190.8170651849766,-98.8170651849766
2021-03-15 09:00:00,1433A,SWY,96.0,193.12130595317376,-97.12130595317376
2021-03-15 10:00:00,1433A,SWY,107.0,194.66700583919587,-87.66700583919587
2021-03-15 11:00:00,1433A,SWY,107.0,196.36459184651798,-89.36459184651798
2021-03-15 12:00:00,1433A,SWY,80.0,196.74643374751258,-116.74643374751258
2021-03-15 13:00:00,1433A,SWY,93.0,195.48529629462038,-102.48529629462038
2021-03-15 14:00:00,1433A,SWY,78.0,193.9318162437336,-115.9318162437336
2021-03-15 15:00:00,1433A,SWY,53.0,191.9763948375806,-138.9763948375806
2021-03-15 16:00:00,1433A,SWY,50.0,190.9454517505414,-140.9454517505414
2021-03-15 17:00:00,1433A,SWY,68.0,189.92083382198993,-121.92083382198993
2021-03-15 18:00:00,1433A,SWY,55.0,188.65792183428422,-133.65792183428422
2021-03-15 19:00:00,1433A,SWY,44.0,189.33414636521564,-145.33414636521564
2021-03-15 20:00:00,1433A,SWY,58.0,190.30680941209442,-132.30680941209442
2021-03-15 21:00:00,1433A,SWY,66.0,190.98095475554993,-124.98095475554993
2021-03-15 22:00:00,1433A,SWY,66.0,192.67035810633405,-126.67035810633405
2021-03-15 23:00:00,1433A,SWY,74.0,192.3447248536747,-118.3447248536747
2021-03-16 00:00:00,1433A,SWY,71.0,192.67893765165618,-121.67893765165618
2021-03-16 01:00:00,1433A,SWY,67.0,191.80577380926817,-124.80577380926817
2021-03-16 02:00:00,1433A,SWY,68.0,191.26679609299606,-123.26679609299606
2021-03-16 03:00:00,1433A,SWY,76.0,190.60779810860697,-114.60779810860697
2021-03-16 04:00:00,1433A,SWY,76.0,190.11279260809508,-114.11279260809508
2021-03-16 05:00:00,1433A,SWY,79.0,189.93359458988192,-110.93359458988192
2021-03-16 06:00:00,1433A,SWY,87.0,190.30420458619068,-103.30420458619068
2021-03-16 07:00:00,1433A,SWY,128.0,190.20157936298634,-62.20157936298634
2021-03-16 08:00:00,1433A,SWY,126.0,191.87704209527692,-65.87704209527692
2021-03-16 09:00:00,1433A,SWY,90.0,194.18128286347408,-104.18128286347408
2021-03-16 10:00:00,1433A,SWY,,195.7269827494962,
2021-03-16 11:00:00,1433A,SWY,,197.4245687568183,
2021-03-16 12:00:00,1433A,SWY,,197.8064106578129,
2021-03-16 13:00:00,1433A,SWY,98.0,196.5452732049207,-98.5452732049207
2021-03-16 14:00:00,1433A,SWY,43.0,194.99179315403393,-151.99179315403393
2021-03-16 15:00:00,1433A,SWY,69.0,193.03637174788093,-124.03637174788093
2021-03-16 16:00:00,1433A,SWY,68.0,192.00542866084172,-124.00542866084172
2021-03-16 17:00:00,1433A,SWY,65.0,190.98081073229025,-125.98081073229025
2021-03-16 18:00:00,1433A,SWY,63.0,189.71789874458455,-126.71789874458455
2021-03-16 19:00:00,1433A,SWY,60.0,190.39412327551597,-130.39412327551597
2021-03-16 20:00:00,1433A,SWY,66.0,191.36678632239474,-125.36678632239474
2021-03-16 21:00:00,1433A,SWY,71.0,192.04093166585025,-121.04093166585025
2021-03-16 22:00:00,1433A,SWY,56.0,193.73033501663437,-137.73033501663437
2021-03-16 23:00:00,1433A,SWY,44.0,193.40470176397503,-149.40470176397503
2021-03-17 00:00:00,1433A,SWY,45.0,193.7389145619565,-148.7389145619565
2021-03-17 01:00:00,1433A,SWY,52.0,192.8657507195685,-140.8657507195685
2021-03-17 02:00:00,1433A,SWY,57.0,192.32677300329638,-135.32677300329638
2021-03-17 03:00:00,1433A,SWY,63.0,191.6677750189073,-128.6677750189073
2021-03-17 04:00:00,1433A,SWY,97.0,191.1727695183954,-94.1727695183954
2021-03-17 05:00:00,1433A,SWY,78.0,190.99357150018224,-112.99357150018224
2021-03-17 06:00:00,1433A,SWY,43.0,191.364181496491,-148.364181496491
2021-03-17 07:00:00,1433A,SWY,19.0,191.26155627328666,-172.26155627328666
2021-03-17 08:00:00,1433A,SWY,22.0,192.93701900557724,-170.93701900557724
2021-03-17 09:00:00,1433A,SWY,32.0,195.2412597737744,-163.2412597737744
2021-03-17 10:00:00,1433A,SWY,32.0,196.7869596597965,-164.7869596597965
2021-03-17 11:00:00,1433A,SWY,36.0,198.48454566711862,-162.48454566711862
2021-03-17 12:00:00,1433A,SWY,45.0,198.86638756811323,-153.86638756811323
2021-03-17 13:00:00,1433A,SWY,59.0,197.60525011522103,-138.60525011522103
2021-03-17 14:00:00,1433A,SWY,76.0,196.05177006433425,-120.05177006433425
2021-03-17 15:00:00,1433A,SWY,79.0,194.09634865818126,-115.09634865818126
2021-03-17 16:00:00,1433A,SWY,71.0,193.06540557114204,-122.06540557114204
2021-03-17 17:00:00,1433A,SWY,49.0,192.04078764259057,-143.04078764259057
2021-03-17 18:00:00,1433A,SWY,45.0,190.77787565488487,-145.77787565488487
2021-03-17 19:00:00,1433A,SWY,40.0,191.4541001858163,-151.4541001858163
2021-03-17 20:00:00,1433A,SWY,28.0,192.42676323269507,-164.42676323269507
2021-03-17 21:00:00,1433A,SWY,17.0,193.10090857615057,-176.10090857615057
2021-03-17 22:00:00,1433A,SWY,10.0,194.7903119269347,-184.7903119269347
2021-03-17 23:00:00,1433A,SWY,1.0,194.46467867427535,-193.46467867427535
2021-03-18 00:00:00,1433A,SWY,18.0,194.79889147225683,-176.79889147225683
2021-03-18 01:00:00,1433A,SWY,26.0,193.92572762986882,-167.92572762986882
2021-03-18 02:00:00,1433A,SWY,26.0,193.3867499135967,-167.3867499135967
2021-03-18 03:00:00,1433A,SWY,26.0,192.7277519292076,-166.7277519292076
2021-03-18 04:00:00,1433A,SWY,23.0,192.23274642869572,-169.23274642869572
2021-03-18 05:00:00,1433A,SWY,23.0,192.05354841048256,-169.05354841048256
2021-03-18 06:00:00,1433A,SWY,22.0,192.42415840679132,-170.42415840679132
2021-03-18 07:00:00,1433A,SWY,21.0,192.32153318358698,-171.32153318358698
2021-03-18 08:00:00,1433A,SWY,19.0,193.99699591587756,-174.99699591587756
2021-03-18 09:00:00,1433A,SWY,21.0,196.30123668407472,-175.30123668407472
2021-03-18 10:00:00,1433A,SWY,24.0,197.84693657009683,-173.84693657009683
2021-03-18 11:00:00,1433A,SWY,28.0,199.54452257741895,-171.54452257741895
2021-03-18 12:00:00,1433A,SWY,33.0,199.92636447841355,-166.92636447841355
2021-03-18 13:00:00,1433A,SWY,30.0,198.66522702552135,-168.66522702552135
2021-03-18 14:00:00,1433A,SWY,26.0,197.11174697463457,-171.11174697463457
2021-03-18 15:00:00,1433A,SWY,27.0,195.15632556848158,-168.15632556848158
2021-03-18 16:00:00,1433A,SWY,28.0,194.12538248144236,-166.12538248144236
2021-03-18 17:00:00,1433A,SWY,25.0,193.1007645528909,-168.1007645528909
2021-03-18 18:00:00,1433A,SWY,24.0,191.8378525651852,-167.8378525651852
2021-03-18 19:00:00,1433A,SWY,22.0,192.5140770961166,-170.5140770961166
2021-03-18 20:00:00,1433A,SWY,19.0,193.4867401429954,-174.4867401429954
2021-03-18 21:00:00,1433A,SWY,21.0,194.1608854864509,-173.1608854864509
2021-03-18 22:00:00,1433A,SWY,29.0,195.850288837235,-166.850288837235
2021-03-18 23:00:00,1433A,SWY,28.0,195.52465558457567,-167.52465558457567
2021-03-19 00:00:00,1433A,SWY,31.0,195.85886838255715,-164.85886838255715
2021-03-19 01:00:00,1433A,SWY,33.0,194.98570454016914,-161.98570454016914
2021-03-19 02:00:00,1433A,SWY,37.0,194.44672682389702,-157.44672682389702
2021-03-19 03:00:00,1433A,SWY,31.0,193.78772883950793,-162.78772883950793
2021-03-19 04:00:00,1433A,SWY,20.0,193.29272333899604,-173.29272333899604
2021-03-19 05:00:00,1433A,SWY,18.0,193.11352532078288,-175.11352532078288
2021-03-19 06:00:00,1433A,SWY,20.0,193.48413531709164,-173.48413531709164
2021-03-19 07:00:00,1433A,SWY,7.0,193.3815100938873,-186.3815100938873
2021-03-19 08:00:00,1433A,SWY,,195.05697282617788,
2021-03-19 09:00:00,1433A,SWY,20.0,197.36121359437504,-177.36121359437504
2021-03-19 10:00:00,1433A,SWY,32.0,198.90691348039715,-166.90691348039715
2021-03-19 11:00:00,1433A,SWY,18.0,200.60449948771927,-182.60449948771927
2021-03-19 12:00:00,1433A,SWY,18.0,200.98634138871387,-182.98634138871387
2021-03-19 13:00:00,1433A,SWY,19.0,199.72520393582167,-180.72520393582167
2021-03-19 14:00:00,1433A,SWY,19.0,198.1717238849349,-179.1717238849349
2021-03-19 15:00:00,1433A,SWY,15.0,196.2163024787819,-181.2163024787819
2021-03-19 16:00:00,1433A,SWY,9.0,195.18535939174268,-186.18535939174268
2021-03-19 17:00:00,1433A,SWY,3.0,194.16074146319121,-191.16074146319121
2021-03-19 18:00:00,1433A,SWY,1.0,192.8978294754855,-191.8978294754855
2021-03-19 19:00:00,1433A,SWY,4.0,193.57405400641693,-189.57405400641693
2021-03-19 20:00:00,1433A,SWY,16.0,194.5467170532957,-178.5467170532957
2021-03-19 21:00:00,1433A,SWY,25.0,195.22086239675122,-170.22086239675122
2021-03-19 22:00:00,1433A,SWY,34.0,196.91026574753533,-162.91026574753533
2021-03-19 23:00:00,1433A,SWY,46.0,196.584632494876,-150.584632494876
2021-03-20 00:00:00,1433A,SWY,52.0,196.91884529285747,-144.91884529285747
2021-03-20 01:00:00,1433A,SWY,22.0,196.04568145046946,-174.04568145046946
2021-03-20 02:00:00,1433A,SWY,9.0,195.50670373419734,-186.50670373419734
2021-03-20 03:00:00,1433A,SWY,25.0,194.84770574980826,-169.84770574980826
2021-03-20 04:00:00,1433A,SWY,44.0,194.35270024929636,-150.35270024929636
2021-03-20 05:00:00,1433A,SWY,27.0,194.1735022310832,-167.1735022310832
2021-03-20 06:00:00,1433A,SWY,25.0,194.54411222739196,-169.54411222739196
2021-03-20 07:00:00,1433A,SWY,39.0,194.44148700418762,-155.44148700418762
2021-03-20 08:00:00,1433A,SWY,47.0,196.1169497364782,-149.1169497364782
2021-03-20 09:00:00,1433A,SWY,19.0,198.42119050467537,-179.42119050467537
2021-03-20 10:00:00,1433A,SWY,2.0,199.96689039069747,-197.96689039069747
2021-03-20 11:00:00,1433A,SWY,7.0,201.6644763980196,-194.6644763980196
2021-03-20 12:00:00,1433A,SWY,,202.0463182990142,
2021-03-20 13:00:00,1433A,SWY,,200.785180846122,
2021-03-20 14:00:00,1433A,SWY,,199.2317007952352,
2021-03-20 15:00:00,1433A,SWY,,197.27627938908222,
2021-03-20 16:00:00,1433A,SWY,76.0,196.245336302043,-120.245336302043
2021-03-20 17:00:00,1433A,SWY,69.0,195.22071837349154,-126.22071837349154
2021-03-20 18:00:00,1433A,SWY,62.0,193.95780638578583,-131.95780638578583
2021-03-20 19:00:00,1433A,SWY,61.0,194.63403091671725,-133.63403091671725
2021-03-20 20:00:00,1433A,SWY,61.0,195.60669396359603,-134.60669396359603
2021-03-20 21:00:00,1433A,SWY,61.0,196.28083930705154,-135.28083930705154
2021-03-20 22:00:00,1433A,SWY,56.0,197.97024265783566,-141.97024265783566
2021-03-20 23:00:00,1433A,SWY,54.0,197.6446094051763,-143.6446094051763
2021-03-21 00:00:00,1433A,SWY,52.0,197.9788222031578,-145.9788222031578
2021-03-21 01:00:00,1433A,SWY,52.0,197.10565836076978,-145.10565836076978
2021-03-21 02:00:00,1433A,SWY,51.0,196.56668064449767,-145.56668064449767
2021-03-21 03:00:00,1433A,SWY,49.0,195.90768266010858,-146.90768266010858
2021-03-21 04:00:00,1433A,SWY,50.0,195.41267715959668,-145.41267715959668
2021-03-21 05:00:00,1433A,SWY,43.0,195.23347914138353,-152.23347914138353
2021-03-21 06:00:00,1433A,SWY,41.0,195.60408913769228,-154.60408913769228
2021-03-21 07:00:00,1433A,SWY,40.0,195.50146391448794,-155.50146391448794
2021-03-21 08:00:00,1433A,SWY,36.0,197.17692664677853,-161.17692664677853
2021-03-21 09:00:00,1433A,SWY,39.0,199.4811674149757,-160.4811674149757
2021-03-21 10:00:00,1433A,SWY,43.0,201.0268673009978,-158.0268673009978
2021-03-21 11:00:00,1433A,SWY,45.0,202.7244533083199,-157.7244533083199
2021-03-21 12:00:00,1433A,SWY,48.0,203.1062952093145,-155.1062952093145
2021-03-21 13:00:00,1433A,SWY,43.0,201.8451577564223,-158.8451577564223
2021-03-21 14:00:00,1433A,SWY,40.0,200.29167770553553,-160.29167770553553
2021-03-21 15:00:00,1433A,SWY,40.0,198.33625629938254,-158.33625629938254
2021-03-21 16:00:00,1433A,SWY,40.0,197.30531321234332,-157.30531321234332
2021-03-21 17:00:00,1433A,SWY,40.0,196.28069528379186,-156.28069528379186
2021-03-21 18:00:00,1433A,SWY,37.0,195.01778329608615,-158.01778329608615
2021-03-21 19:00:00,1433A,SWY,38.0,195.69400782701757,-157.69400782701757
2021-03-21 20:00:00,1433A,SWY,41.0,196.66667087389635,-155.66667087389635
2021-03-21 21:00:00,1433A,SWY,40.0,197.34081621735186,-157.34081621735186
2021-03-21 22:00:00,1433A,SWY,37.0,199.03021956813598,-162.03021956813598
2021-03-21 23:00:00,1433A,SWY,36.0,198.70458631547663,-162.70458631547663
2021-03-22 00:00:00,1433A,SWY,34.0,199.0387991134581,-165.0387991134581
2021-03-22 01:00:00,1433A,SWY,36.0,198.1656352710701,-162.1656352710701
2021-03-22 02:00:00,1433A,SWY,33.0,197.626657554798,-164.626657554798
2021-03-22 03:00:00,1433A,SWY,33.0,196.9676595704089,-163.9676595704089
2021-03-22 04:00:00,1433A,SWY,32.0,196.472654069897,-164.472654069897
2021-03-22 05:00:00,1433A,SWY,34.0,196.29345605168385,-162.29345605168385
2021-03-22 06:00:00,1433A,SWY,36.0,196.6640660479926,-160.6640660479926
2021-03-22 07:00:00,1433A,SWY,41.0,196.56144082478826,-155.56144082478826
2021-03-22 08:00:00,1433A,SWY,42.0,198.23690355707885,-156.23690355707885
2021-03-22 09:00:00,1433A,SWY,46.0,200.541144325276,-154.541144325276
2021-03-22 10:00:00,1433A,SWY,48.0,202.08684421129811,-154.08684421129811
2021-03-22 11:00:00,1433A,SWY,42.0,203.78443021862023,-161.78443021862023
2021-03-22 12:00:00,1433A,SWY,37.0,204.16627211961483,-167.16627211961483
2021-03-22 13:00:00,1433A,SWY,34.0,202.90513466672263,-168.90513466672263
2021-03-22 14:00:00,1433A,SWY,35.0,201.35165461583586,-166.35165461583586
2021-03-22 15:00:00,1433A,SWY,35.0,199.39623320968286,-164.39623320968286
2021-03-22 16:00:00,1433A,SWY,33.0,198.36529012264364,-165.36529012264364
2021-03-22 17:00:00,1433A,SWY,30.0,197.34067219409218,-167.34067219409218
2021-03-22 18:00:00,1433A,SWY,35.0,196.07776020638647,-161.07776020638647
2021-03-22 19:00:00,1433A,SWY,37.0,196.7539847373179,-159.7539847373179
2021-03-22 20:00:00,1433A,SWY,34.0,197.72664778419667,-163.72664778419667
2021-03-22 21:00:00,1433A,SWY,30.0,198.40079312765218,-168.40079312765218
2021-03-22 22:00:00,1433A,SWY,27.0,200.0901964784363,-173.0901964784363
2021-03-22 23:00:00,1433A,SWY,27.0,199.76456322577695,-172.76456322577695
2021-03-23 00:00:00,1433A,SWY,28.0,200.09877602375843,-172.09877602375843
2021-03-23 01:00:00,1433A,SWY,29.0,199.22561218137042,-170.22561218137042
2021-03-23 02:00:00,1433A,SWY,27.0,198.6866344650983,-171.6866344650983
2021-03-23 03:00:00,1433A,SWY,27.0,198.02763648070922,-171.02763648070922
2021-03-23 04:00:00,1433A,SWY,30.0,197.53263098019733,-167.53263098019733
2021-03-23 05:00:00,1433A,SWY,35.0,197.35343296198417,-162.35343296198417
2021-03-23 06:00:00,1433A,SWY,33.0,197.72404295829293,-164.72404295829293
2021-03-23 07:00:00,1433A,SWY,35.0,197.62141773508858,-162.62141773508858
2021-03-23 08:00:00,1433A,SWY,38.0,199.29688046737917,-161.29688046737917
2021-03-23 09:00:00,1433A,SWY,43.0,201.60112123557633,-158.60112123557633
2021-03-23 10:00:00,1433A,SWY,44.0,203.14682112159844,-159.14682112159844
2021-03-23 11:00:00,1433A,SWY,46.0,204.84440712892055,-158.84440712892055
2021-03-23 12:00:00,1433A,SWY,43.0,205.22624902991515,-162.22624902991515
2021-03-23 13:00:00,1433A,SWY,47.0,203.96511157702295,-156.96511157702295
2021-03-23 14:00:00,1433A,SWY,45.0,202.41163152613618,-157.41163152613618
2021-03-23 15:00:00,1433A,SWY,42.0,200.45621011998318,-158.45621011998318
2021-03-23 16:00:00,1433A,SWY,40.0,199.42526703294396,-159.42526703294396
2021-03-23 17:00:00,1433A,SWY,41.0,198.4006491043925,-157.4006491043925
2021-03-23 18:00:00,1433A,SWY,42.0,197.1377371166868,-155.1377371166868
2021-03-23 19:00:00,1433A,SWY,41.0,197.8139616476182,-156.8139616476182
2021-03-23 20:00:00,1433A,SWY,41.0,198.786624694497,-157.786624694497
2021-03-23 21:00:00,1433A,SWY,44.0,199.4607700379525,-155.4607700379525
2021-03-23 22:00:00,1433A,SWY,50.0,201.15017338873662,-151.15017338873662
2021-03-23 23:00:00,1433A,SWY,38.0,200.82454013607727,-162.82454013607727
2021-03-24 00:00:00,1433A,SWY,34.0,201.15875293405875,-167.15875293405875
2021-03-24 01:00:00,1433A,SWY,32.0,200.28558909167074,-168.28558909167074
2021-03-24 02:00:00,1433A,SWY,30.0,199.74661137539863,-169.74661137539863
2021-03-24 03:00:00,1433A,SWY,31.0,199.08761339100954,-168.08761339100954
2021-03-24 04:00:00,1433A,SWY,33.0,198.59260789049765,-165.59260789049765
2021-03-24 05:00:00,1433A,SWY,35.0,198.4134098722845,-163.4134098722845
2021-03-24 06:00:00,1433A,SWY,39.0,198.78401986859325,-159.78401986859325
2021-03-24 07:00:00,1433A,SWY,42.0,198.6813946453889,-156.6813946453889
2021-03-24 08:00:00,1433A,SWY,45.0,200.3568573776795,-155.3568573776795
2021-03-24 09:00:00,1433A,SWY,48.0,202.66109814587665,-154.66109814587665
2021-03-24 10:00:00,1433A,SWY,50.0,204.20679803189876,-154.20679803189876
2021-03-24 11:00:00,1433A,SWY,48.0,205.90438403922087,-157.90438403922087
2021-03-24 12:00:00,1433A,SWY,47.0,206.28622594021547,-159.28622594021547
2021-03-24 13:00:00,1433A,SWY,49.0,205.02508848732327,-156.02508848732327
2021-03-24 14:00:00,1433A,SWY,52.0,203.4716084364365,-151.4716084364365
2021-03-24 15:00:00,1433A,SWY,54.0,201.5161870302835,-147.5161870302835
2021-03-24 16:00:00,1433A,SWY,58.0,200.48524394324428,-142.48524394324428
2021-03-24 17:00:00,1433A,SWY,55.0,199.46062601469282,-144.46062601469282
2021-03-24 18:00:00,1433A,SWY,46.0,198.19771402698711,-152.19771402698711
2021-03-24 19:00:00,1433A,SWY,43.0,198.87393855791854,-155.87393855791854
2021-03-24 20:00:00,1433A,SWY,45.0,199.8466016047973,-154.8466016047973
2021-03-24 21:00:00,1433A,SWY,43.0,200.52074694825282,-157.52074694825282
2021-03-24 22:00:00,1433A,SWY,43.0,202.21015029903694,-159.21015029903694
2021-03-24 23:00:00,1433A,SWY,44.0,201.8845170463776,-157.8845170463776
2021-03-25 00:00:00,1433A,SWY,44.0,202.21872984435907,-158.21872984435907
2021-03-25 01:00:00,1433A,SWY,44.0,201.34556600197106,-157.34556600197106
2021-03-25 02:00:00,1433A,SWY,46.0,200.80658828569895,-154.80658828569895
2021-03-25 03:00:00,1433A,SWY,48.0,200.14759030130986,-152.14759030130986
2021-03-25 04:00:00,1433A,SWY,69.0,199.65258480079797,-130.65258480079797
2021-03-25 05:00:00,1433A,SWY,79.0,199.4733867825848,-120.47338678258481
2021-03-25 06:00:00,1433A,SWY,85.0,199.84399677889357,-114.84399677889357
2021-03-25 07:00:00,1433A,SWY,85.0,199.74137155568923,-114.74137155568923
2021-03-25 08:00:00,1433A,SWY,87.0,201.4168342879798,-114.41683428797981
2021-03-25 09:00:00,1433A,SWY,92.0,203.72107505617697,-111.72107505617697
2021-03-25 10:00:00,1433A,SWY,93.0,205.26677494219908,-112.26677494219908
2021-03-25 11:00:00,1433A,SWY,90.0,206.9643609495212,-116.9643609495212
2021-03-25 12:00:00,1433A,SWY,91.0,207.3462028505158,-116.3462028505158
2021-03-25 13:00:00,1433A,SWY,94.0,206.0850653976236,-112.0850653976236
2021-03-25 14:00:00,1433A,SWY,,204.53158534673682,
2021-03-25 15:00:00,1433A,SWY,,202.57616394058383,
2021-03-25 16:00:00,1433A,SWY,,201.5452208535446,
2021-03-25 17:00:00,1433A,SWY,97.0,200.52060292499314,-103.52060292499314
2021-03-25 18:00:00,1433A,SWY,96.0,199.25769093728744,-103.25769093728744
2021-03-25 19:00:00,1433A,SWY,94.0,199.93391546821886,-105.93391546821886
2021-03-25 20:00:00,1433A,SWY,97.0,200.90657851509764,-103.90657851509764
2021-03-25 21:00:00,1433A,SWY,69.0,201.58072385855314,-132.58072385855314
2021-03-25 22:00:00,1433A,SWY,60.0,203.27012720933726,-143.27012720933726
2021-03-25 23:00:00,1433A,SWY,62.0,202.94449395667792,-140.94449395667792
2021-03-26 00:00:00,1433A,SWY,59.0,203.2787067546594,-144.2787067546594
2021-03-26 01:00:00,1433A,SWY,57.0,202.4055429122714,-145.4055429122714
2021-03-26 02:00:00,1433A,SWY,54.0,201.86656519599927,-147.86656519599927
2021-03-26 03:00:00,1433A,SWY,53.0,201.20756721161018,-148.20756721161018
2021-03-26 04:00:00,1433A,SWY,46.0,200.7125617110983,-154.7125617110983
2021-03-26 05:00:00,1433A,SWY,44.0,200.53336369288513,-156.53336369288513
2021-03-26 06:00:00,1433A,SWY,41.0,200.9039736891939,-159.9039736891939
2021-03-26 07:00:00,1433A,SWY,39.0,200.80134846598955,-161.80134846598955
2021-03-26 08:00:00,1433A,SWY,33.0,202.47681119828013,-169.47681119828013
2021-03-26 09:00:00,1433A,SWY,22.0,204.7810519664773,-182.7810519664773
2021-03-26 10:00:00,1433A,SWY,24.0,206.3267518524994,-182.3267518524994
2021-03-26 11:00:00,1433A,SWY,32.0,208.02433785982151,-176.02433785982151
2021-03-26 12:00:00,1433A,SWY,40.0,208.40617976081612,-168.40617976081612
2021-03-26 13:00:00,1433A,SWY,39.0,207.14504230792392,-168.14504230792392
2021-03-26 14:00:00,1433A,SWY,31.0,205.59156225703714,-174.59156225703714
2021-03-26 15:00:00,1433A,SWY,26.0,203.63614085088415,-177.63614085088415
2021-03-26 16:00:00,1433A,SWY,24.0,202.60519776384493,-178.60519776384493
2021-03-26 17:00:00,1433A,SWY,23.0,201.58057983529346,-178.58057983529346
2021-03-26 18:00:00,1433A,SWY,22.0,200.31766784758776,-178.31766784758776
2021-03-26 19:00:00,1433A,SWY,17.0,200.99389237851918,-183.99389237851918
2021-03-26 20:00:00,1433A,SWY,17.0,201.96655542539796,-184.96655542539796
2021-03-26 21:00:00,1433A,SWY,16.0,202.64070076885346,-186.64070076885346
2021-03-26 22:00:00,1433A,SWY,21.0,204.33010411963758,-183.33010411963758
2021-03-26 23:00:00,1433A,SWY,31.0,204.00447086697824,-173.00447086697824
2021-03-27 00:00:00,1433A,SWY,34.0,204.33868366495972,-170.33868366495972
2021-03-27 01:00:00,1433A,SWY,36.0,203.4655198225717,-167.4655198225717
2021-03-27 02:00:00,1433A,SWY,37.0,202.9265421062996,-165.9265421062996
2021-03-27 03:00:00,1433A,SWY,38.0,202.2675441219105,-164.2675441219105
2021-03-27 04:00:00,1433A,SWY,41.0,201.7725386213986,-160.7725386213986
2021-03-27 05:00:00,1433A,SWY,43.0,201.59334060318545,-158.59334060318545
2021-03-27 06:00:00,1433A,SWY,43.0,201.9639505994942,-158.9639505994942
2021-03-27 07:00:00,1433A,SWY,45.0,201.86132537628987,-156.86132537628987
2021-03-27 08:00:00,1433A,SWY,49.0,203.53678810858045,-154.53678810858045
2021-03-27 09:00:00,1433A,SWY,55.0,205.8410288767776,-150.8410288767776
2021-03-27 10:00:00,1433A,SWY,55.0,207.38672876279972,-152.38672876279972
2021-03-27 11:00:00,1433A,SWY,41.0,209.08431477012184,-168.08431477012184
2021-03-27 12:00:00,1433A,SWY,31.0,209.46615667111644,-178.46615667111644
2021-03-27 13:00:00,1433A,SWY,27.0,208.20501921822424,-181.20501921822424
2021-03-27 14:00:00,1433A,SWY,30.0,206.65153916733746,-176.65153916733746
2021-03-27 15:00:00,1433A,SWY,28.0,204.69611776118447,-176.69611776118447
2021-03-27 16:00:00,1433A,SWY,26.0,203.66517467414525,-177.66517467414525
2021-03-27 17:00:00,1433A,SWY,26.0,202.64055674559378,-176.64055674559378
2021-03-27 18:00:00,1433A,SWY,28.0,201.37764475788808,-173.37764475788808
2021-03-27 19:00:00,1433A,SWY,29.0,202.0538692888195,-173.0538692888195
2021-03-27 20:00:00,1433A,SWY,33.0,203.02653233569828,-170.02653233569828
2021-03-27 21:00:00,1433A,SWY,39.0,203.70067767915378,-164.70067767915378
2021-03-27 22:00:00,1433A,SWY,45.0,205.3900810299379,-160.3900810299379
2021-03-27 23:00:00,1433A,SWY,43.0,205.06444777727856,-162.06444777727856
2021-03-28 00:00:00,1433A,SWY,44.0,205.39866057526004,-161.39866057526004
2021-03-28 01:00:00,1433A,SWY,44.0,204.52549673287203,-160.52549673287203
2021-03-28 02:00:00,1433A,SWY,48.0,203.9865190165999,-155.9865190165999
2021-03-28 03:00:00,1433A,SWY,52.0,203.32752103221083,-151.32752103221083
2021-03-28 04:00:00,1433A,SWY,55.0,202.83251553169893,-147.83251553169893
2021-03-28 05:00:00,1433A,SWY,57.0,202.65331751348577,-145.65331751348577
2021-03-28 06:00:00,1433A,SWY,61.0,203.02392750979453,-142.02392750979453
2021-03-28 07:00:00,1433A,SWY,59.0,202.9213022865902,-143.9213022865902
2021-03-28 08:00:00,1433A,SWY,55.0,204.59676501888077,-149.59676501888077
2021-03-28 09:00:00,1433A,SWY,58.0,206.90100578707793,-148.90100578707793
2021-03-28 10:00:00,1433A,SWY,64.0,208.44670567310004,-144.44670567310004
2021-03-28 11:00:00,1433A,SWY,61.0,210.14429168042216,-149.14429168042216
2021-03-28 12:00:00,1433A,SWY,44.0,210.52613358141676,-166.52613358141676
2021-03-28 13:00:00,1433A,SWY,41.0,209.26499612852456,-168.26499612852456
2021-03-28 14:00:00,1433A,SWY,40.0,207.71151607763778,-167.71151607763778
2021-03-28 15:00:00,1433A,SWY,36.0,205.7560946714848,-169.7560946714848
2021-03-28 16:00:00,1433A,SWY,35.0,204.72515158444557,-169.72515158444557
2021-03-28 17:00:00,1433A,SWY,35.0,203.7005336558941,-168.7005336558941
2021-03-28 18:00:00,1433A,SWY,36.0,202.4376216681884,-166.4376216681884
2021-03-28 19:00:00,1433A,SWY,37.0,203.11384619911982,-166.11384619911982
2021-03-28 20:00:00,1433A,SWY,40.0,204.0865092459986,-164.0865092459986
2021-03-28 21:00:00,1433A,SWY,47.0,204.7606545894541,-157.7606545894541
2021-03-28 22:00:00,1433A,SWY,54.0,206.45005794023822,-152.45005794023822
2021-03-28 23:00:00,1433A,SWY,54.0,206.12442468757888,-152.12442468757888
2021-03-29 00:00:00,1433A,SWY,53.0,206.45863748556036,-153.45863748556036
2021-03-29 01:00:00,1433A,SWY,54.0,205.58547364317235,-151.58547364317235
2021-03-29 02:00:00,1433A,SWY,62.0,205.04649592690023,-143.04649592690023
2021-03-29 03:00:00,1433A,SWY,70.0,204.38749794251115,-134.38749794251115
2021-03-29 04:00:00,1433A,SWY,76.0,203.89249244199925,-127.89249244199925
2021-03-29 05:00:00,1433A,SWY,79.0,203.7132944237861,-124.7132944237861
2021-03-29 06:00:00,1433A,SWY,78.0,204.08390442009485,-126.08390442009485
2021-03-29 07:00:00,1433A,SWY,81.0,203.9812791968905,-122.98127919689051
2021-03-29 08:00:00,1433A,SWY,82.0,205.6567419291811,-123.6567419291811
2021-03-29 09:00:00,1433A,SWY,81.0,207.96098269737826,-126.96098269737826
2021-03-29 10:00:00,1433A,SWY,71.0,209.50668258340036,-138.50668258340036
2021-03-29 11:00:00,1433A,SWY,64.0,211.20426859072248,-147.20426859072248
2021-03-29 12:00:00,1433A,SWY,52.0,211.58611049171708,-159.58611049171708
2021-03-29 13:00:00,1433A,SWY,43.0,210.32497303882488,-167.32497303882488
2021-03-29 14:00:00,1433A,SWY,41.0,208.7714929879381,-167.7714929879381
2021-03-29 15:00:00,1433A,SWY,42.0,206.8160715817851,-164.8160715817851
2021-03-29 16:00:00,1433A,SWY,44.0,205.7851284947459,-161.7851284947459
2021-03-29 17:00:00,1433A,SWY,44.0,204.76051056619443,-160.76051056619443
2021-03-29 18:00:00,1433A,SWY,43.0,203.49759857848872,-160.49759857848872
2021-03-29 19:00:00,1433A,SWY,42.0,204.17382310942014,-162.17382310942014
2021-03-29 20:00:00,1433A,SWY,50.0,205.14648615629892,-155.14648615629892
2021-03-29 21:00:00,1433A,SWY,57.0,205.82063149975443,-148.82063149975443
2021-03-29 22:00:00,1433A,SWY,65.0,207.51003485053855,-142.51003485053855
2021-03-29 23:00:00,1433A,SWY,69.0,207.1844015978792,-138.1844015978792
2021-03-30 00:00:00,1433A,SWY,77.0,207.51861439586068,-130.51861439586068
2021-03-30 01:00:00,1433A,SWY,87.0,206.64545055347267,-119.64545055347267
2021-03-30 02:00:00,1433A,SWY,86.0,206.10647283720056,-120.10647283720056
2021-03-30 03:00:00,1433A,SWY,91.0,205.44747485281147,-114.44747485281147
2021-03-30 04:00:00,1433A,SWY,89.0,204.95246935229957,-115.95246935229957
2021-03-30 05:00:00,1433A,SWY,84.0,204.77327133408642,-120.77327133408642
2021-03-30 06:00:00,1433A,SWY,85.0,205.14388133039517,-120.14388133039517
2021-03-30 07:00:00,1433A,SWY,83.0,205.04125610719083,-122.04125610719083
2021-03-30 08:00:00,1433A,SWY,89.0,206.71671883948142,-117.71671883948142
2021-03-30 09:00:00,1433A,SWY,94.0,209.02095960767858,-115.02095960767858
2021-03-30 10:00:00,1433A,SWY,99.0,210.56665949370068,-111.56665949370068
2021-03-30 11:00:00,1433A,SWY,107.0,212.2642455010228,-105.2642455010228
2021-03-30 12:00:00,1433A,SWY,100.0,212.6460874020174,-112.6460874020174
2021-03-30 13:00:00,1433A,SWY,83.0,211.3849499491252,-128.3849499491252
2021-03-30 14:00:00,1433A,SWY,84.0,209.83146989823842,-125.83146989823842
2021-03-30 15:00:00,1433A,SWY,65.0,207.87604849208543,-142.87604849208543
2021-03-30 16:00:00,1433A,SWY,65.0,206.8451054050462,-141.8451054050462
2021-03-30 17:00:00,1433A,SWY,53.0,205.82048747649475,-152.82048747649475
2021-03-30 18:00:00,1433A,SWY,50.0,204.55757548878904,-154.55757548878904
2021-03-30 19:00:00,1433A,SWY,49.0,205.23380001972046,-156.23380001972046
2021-03-30 20:00:00,1433A,SWY,50.0,206.20646306659924,-156.20646306659924
2021-03-30 21:00:00,1433A,SWY,60.0,206.88060841005475,-146.88060841005475
2021-03-30 22:00:00,1433A,SWY,59.0,208.57001176083887,-149.57001176083887
2021-03-30 23:00:00,1433A,SWY,35.0,208.24437850817952,-173.24437850817952
2021-03-31 00:00:00,1433A,SWY,27.0,208.578591306161,-181.578591306161
2021-03-31 01:00:00,1433A,SWY,42.0,207.705427463773,-165.705427463773
2021-03-31 02:00:00,1433A,SWY,46.0,207.16644974750088,-161.16644974750088
2021-03-31 03:00:00,1433A,SWY,38.0,206.5074517631118,-168.5074517631118
2021-03-31 04:00:00,1433A,SWY,35.0,206.0124462625999,-171.0124462625999
2021-03-31 05:00:00,1433A,SWY,30.0,205.83324824438674,-175.83324824438674
2021-03-31 06:00:00,1433A,SWY,24.0,206.2038582406955,-182.2038582406955
2021-03-31 07:00:00,1433A,SWY,28.0,206.10123301749115,-178.10123301749115
2021-03-31 08:00:00,1433A,SWY,30.0,207.77669574978174,-177.77669574978174
2021-03-31 09:00:00,1433A,SWY,31.0,210.0809365179789,-179.0809365179789
2021-03-31 10:00:00,1433A,SWY,25.0,211.626636404001,-186.626636404001
2021-03-31 11:00:00,1433A,SWY,21.0,213.32422241132312,-192.32422241132312
2021-03-31 12:00:00,1433A,SWY,18.0,213.70606431231772,-195.70606431231772
2021-03-31 13:00:00,1433A,SWY,16.0,212.44492685942552,-196.44492685942552
2021-03-31 14:00:00,1433A,SWY,16.0,210.89144680853875,-194.89144680853875
2021-03-31 15:00:00,1433A,SWY,16.0,208.93602540238575,-192.93602540238575
2021-03-31 16:00:00,1433A,SWY,13.0,207.90508231534653,-194.90508231534653
2021-03-31 17:00:00,1433A,SWY,11.0,206.88046438679507,-195.88046438679507
2021-03-31 18:00:00,1433A,SWY,10.0,205.61755239908936,-195.61755239908936
2021-03-31 19:00:00,1433A,SWY,9.0,206.29377693002078,-197.29377693002078
2021-03-31 20:00:00,1433A,SWY,8.0,207.26643997689956,-199.26643997689956
2021-03-31 21:00:00,1433A,SWY,9.0,207.94058532035507,-198.94058532035507
2021-03-31 22:00:00,1433A,SWY,9.0,209.6299886711392,-200.6299886711392
2021-03-31 23:00:00,1433A,SWY,6.0,209.30435541847984,-203.30435541847984
2021-04-01 00:00:00,1433A,SWY,8.0,209.63856821646132,-201.63856821646132
2021-04-01 01:00:00,1433A,SWY,9.0,208.7654043740733,-199.7654043740733
2021-04-01 02:00:00,1433A,SWY,8.0,208.2264266578012,-200.2264266578012
2021-04-01 03:00:00,1433A,SWY,8.0,207.5674286734121,-199.5674286734121
2021-04-01 04:00:00,1433A,SWY,6.0,207.07242317290022,-201.07242317290022
2021-04-01 05:00:00,1433A,SWY,5.0,206.89322515468706,-201.89322515468706
2021-04-01 06:00:00,1433A,SWY,4.0,207.26383515099582,-203.26383515099582
2021-04-01 07:00:00,1433A,SWY,5.0,207.16120992779148,-202.16120992779148
2021-04-01 08:00:00,1433A,SWY,6.0,208.83667266008206,-202.83667266008206
2021-04-01 09:00:00,1433A,SWY,8.0,211.14091342827922,-203.14091342827922
2021-04-01 10:00:00,1433A,SWY,9.0,212.68661331430133,-203.68661331430133
2021-04-01 11:00:00,1433A,SWY,12.0,214.38419932162344,-202.38419932162344
2021-04-01 12:00:00,1433A,SWY,7.0,214.76604122261804,-207.76604122261804
2021-04-01 13:00:00,1433A,SWY,8.0,213.50490376972584,-205.50490376972584
2021-04-01 14:00:00,1433A,SWY,8.0,211.95142371883907,-203.95142371883907
2021-04-01 15:00:00,1433A,SWY,9.0,209.99600231268607,-200.99600231268607
2021-04-01 16:00:00,1433A,SWY,8.0,208.96505922564685,-200.96505922564685
2021-04-01 17:00:00,1433A,SWY,8.0,207.9404412970954,-199.9404412970954
2021-04-01 18:00:00,1433A,SWY,7.0,206.67752930938968,-199.67752930938968
2021-04-01 19:00:00,1433A,SWY,7.0,207.3537538403211,-200.3537538403211
2021-04-01 20:00:00,1433A,SWY,8.0,208.32641688719988,-200.32641688719988
2021-04-01 21:00:00,1433A,SWY,18.0,209.0005622306554,-191.0005622306554
2021-04-01 22:00:00,1433A,SWY,21.0,210.6899655814395,-189.6899655814395
2021-04-01 23:00:00,1433A,SWY,28.0,210.36433232878016,-182.36433232878016
2021-04-02 00:00:00,1433A,SWY,28.0,210.69854512676164,-182.69854512676164
2021-04-02 01:00:00,1433A,SWY,32.0,209.82538128437363,-177.82538128437363
2021-04-02 02:00:00,1433A,SWY,33.0,209.28640356810152,-176.28640356810152
2021-04-02 03:00:00,1433A,SWY,36.0,208.62740558371243,-172.62740558371243
2021-04-02 04:00:00,1433A,SWY,42.0,208.13240008320054,-166.13240008320054
2021-04-02 05:00:00,1433A,SWY,38.0,207.95320206498738,-169.95320206498738
2021-04-02 06:00:00,1433A,SWY,31.0,208.32381206129614,-177.32381206129614
2021-04-02 07:00:00,1433A,SWY,32.0,208.2211868380918,-176.2211868380918
2021-04-02 08:00:00,1433A,SWY,13.0,209.89664957038238,-196.89664957038238
2021-04-02 09:00:00,1433A,SWY,11.0,212.20089033857954,-201.20089033857954
2021-04-02 10:00:00,1433A,SWY,8.0,213.74659022460165,-205.74659022460165
2021-04-02 11:00:00,1433A,SWY,9.0,215.44417623192376,-206.44417623192376
2021-04-02 12:00:00,1433A,SWY,17.0,215.82601813291836,-198.82601813291836
2021-04-02 13:00:00,1433A,SWY,22.0,214.56488068002616,-192.56488068002616
2021-04-02 14:00:00,1433A,SWY,23.0,213.0114006291394,-190.0114006291394
2021-04-02 15:00:00,1433A,SWY,14.0,211.0559792229864,-197.0559792229864
2021-04-02 16:00:00,1433A,SWY,14.0,210.02503613594718,-196.02503613594718
2021-04-02 17:00:00,1433A,SWY,9.0,209.0004182073957,-200.0004182073957
2021-04-02 18:00:00,1433A,SWY,6.0,207.73750621969,-201.73750621969
2021-04-02 19:00:00,1433A,SWY,7.0,208.41373075062143,-201.41373075062143
2021-04-02 20:00:00,1433A,SWY,16.0,209.3863937975002,-193.3863937975002
2021-04-02 21:00:00,1433A,SWY,19.0,210.0605391409557,-191.0605391409557
2021-04-02 22:00:00,1433A,SWY,17.0,211.74994249173983,-194.74994249173983
2021-04-02 23:00:00,1433A,SWY,18.0,211.4243092390805,-193.4243092390805
2021-04-03 00:00:00,1433A,SWY,21.0,211.75852203706197,-190.75852203706197
2021-04-03 01:00:00,1433A,SWY,12.0,210.88535819467396,-198.88535819467396
2021-04-03 02:00:00,1433A,SWY,6.0,210.34638047840184,-204.34638047840184
2021-04-03 03:00:00,1433A,SWY,11.0,209.68738249401275,-198.68738249401275
2021-04-03 04:00:00,1433A,SWY,45.0,209.19237699350086,-164.19237699350086
2021-04-03 05:00:00,1433A,SWY,54.0,209.0131789752877,-155.0131789752877
2021-04-03 06:00:00,1433A,SWY,56.0,209.38378897159646,-153.38378897159646
2021-04-03 07:00:00,1433A,SWY,54.0,209.28116374839212,-155.28116374839212
2021-04-03 08:00:00,1433A,SWY,54.0,210.9566264806827,-156.9566264806827
2021-04-03 09:00:00,1433A,SWY,47.0,213.26086724887986,-166.26086724887986
2021-04-03 10:00:00,1433A,SWY,14.0,214.80656713490197,-200.80656713490197
2021-04-03 11:00:00,1433A,SWY,19.0,216.50415314222408,-197.50415314222408
2021-04-03 12:00:00,1433A,SWY,19.0,216.88599504321868,-197.88599504321868
2021-04-03 13:00:00,1433A,SWY,17.0,215.62485759032649,-198.62485759032649
2021-04-03 14:00:00,1433A,SWY,18.0,214.0713775394397,-196.0713775394397
2021-04-03 15:00:00,1433A,SWY,16.0,212.11595613328672,-196.11595613328672
2021-04-03 16:00:00,1433A,SWY,14.0,211.0850130462475,-197.0850130462475
2021-04-03 17:00:00,1433A,SWY,11.0,210.06039511769603,-199.06039511769603
2021-04-03 18:00:00,1433A,SWY,7.0,208.79748312999033,-201.79748312999033
2021-04-03 19:00:00,1433A,SWY,5.0,209.47370766092175,-204.47370766092175
2021-04-03 20:00:00,1433A,SWY,6.0,210.44637070780053,-204.44637070780053
2021-04-03 21:00:00,1433A,SWY,6.0,211.12051605125603,-205.12051605125603
2021-04-03 22:00:00,1433A,SWY,6.0,212.80991940204015,-206.80991940204015
2021-04-03 23:00:00,1433A,SWY,7.0,212.4842861493808,-205.4842861493808
2021-04-04 00:00:00,1433A,SWY,7.0,212.8184989473623,-205.8184989473623
2021-04-04 01:00:00,1433A,SWY,14.0,211.94533510497428,-197.94533510497428
2021-04-04 02:00:00,1433A,SWY,10.0,211.40635738870216,-201.40635738870216
2021-04-04 03:00:00,1433A,SWY,11.0,210.74735940431307,-199.74735940431307
2021-04-04 04:00:00,1433A,SWY,5.0,210.25235390380118,-205.25235390380118
2021-04-04 05:00:00,1433A,SWY,7.0,210.07315588558802,-203.07315588558802
2021-04-04 06:00:00,1433A,SWY,15.0,210.44376588189678,-195.44376588189678
2021-04-04 07:00:00,1433A,SWY,21.0,210.34114065869244,-189.34114065869244
2021-04-04 08:00:00,1433A,SWY,16.0,212.01660339098302,-196.01660339098302
2021-04-04 09:00:00,1433A,SWY,11.0,214.32084415918018,-203.32084415918018
2021-04-04 10:00:00,1433A,SWY,10.0,215.8665440452023,-205.8665440452023
2021-04-04 11:00:00,1433A,SWY,11.0,217.5641300525244,-206.5641300525244
2021-04-04 12:00:00,1433A,SWY,11.0,217.945971953519,-206.945971953519
2021-04-04 13:00:00,1433A,SWY,10.0,216.6848345006268,-206.6848345006268
2021-04-04 14:00:00,1433A,SWY,11.0,215.13135444974003,-204.13135444974003
2021-04-04 15:00:00,1433A,SWY,16.0,213.17593304358704,-197.17593304358704
2021-04-04 16:00:00,1433A,SWY,15.0,212.14498995654782,-197.14498995654782
2021-04-04 17:00:00,1433A,SWY,19.0,211.12037202799635,-192.12037202799635
2021-04-04 18:00:00,1433A,SWY,17.0,209.85746004029065,-192.85746004029065
2021-04-04 19:00:00,1433A,SWY,16.0,210.53368457122207,-194.53368457122207
2021-04-04 20:00:00,1433A,SWY,18.0,211.50634761810085,-193.50634761810085
2021-04-04 21:00:00,1433A,SWY,23.0,212.18049296155635,-189.18049296155635
2021-04-04 22:00:00,1433A,SWY,25.0,213.86989631234047,-188.86989631234047
2021-04-04 23:00:00,1433A,SWY,26.0,213.54426305968113,-187.54426305968113
2021-04-05 00:00:00,1433A,SWY,25.0,213.8784758576626,-188.8784758576626
2021-04-05 01:00:00,1433A,SWY,27.0,213.0053120152746,-186.0053120152746
2021-04-05 02:00:00,1433A,SWY,30.0,212.46633429900248,-182.46633429900248
2021-04-05 03:00:00,1433A,SWY,31.0,211.8073363146134,-180.8073363146134
2021-04-05 04:00:00,1433A,SWY,32.0,211.3123308141015,-179.3123308141015
2021-04-05 05:00:00,1433A,SWY,32.0,211.13313279588834,-179.13313279588834
2021-04-05 06:00:00,1433A,SWY,29.0,211.5037427921971,-182.5037427921971
2021-04-05 07:00:00,1433A,SWY,30.0,211.40111756899276,-181.40111756899276
2021-04-05 08:00:00,1433A,SWY,29.0,213.07658030128334,-184.07658030128334
2021-04-05 09:00:00,1433A,SWY,27.0,215.3808210694805,-188.3808210694805
2021-04-05 10:00:00,1433A,SWY,26.0,216.9265209555026,-190.9265209555026
2021-04-05 11:00:00,1433A,SWY,24.0,218.62410696282473,-194.62410696282473
2021-04-05 12:00:00,1433A,SWY,28.0,219.00594886381933,-191.00594886381933
2021-04-05 13:00:00,1433A,SWY,30.0,217.74481141092713,-187.74481141092713
2021-04-05 14:00:00,1433A,SWY,28.0,216.19133136004035,-188.19133136004035
2021-04-05 15:00:00,1433A,SWY,30.0,214.23590995388736,-184.23590995388736
2021-04-05 16:00:00,1433A,SWY,32.0,213.20496686684814,-181.20496686684814
2021-04-05 17:00:00,1433A,SWY,27.0,212.18034893829667,-185.18034893829667
2021-04-05 18:00:00,1433A,SWY,21.0,210.91743695059097,-189.91743695059097
2021-04-05 19:00:00,1433A,SWY,22.0,211.5936614815224,-189.5936614815224
2021-04-05 20:00:00,1433A,SWY,21.0,212.56632452840117,-191.56632452840117
2021-04-05 21:00:00,1433A,SWY,31.0,213.24046987185667,-182.24046987185667
2021-04-05 22:00:00,1433A,SWY,29.0,214.9298732226408,-185.9298732226408
2021-04-05 23:00:00,1433A,SWY,27.0,214.60423996998145,-187.60423996998145
2021-04-06 00:00:00,1433A,SWY,31.0,214.93845276796293,-183.93845276796293
2021-04-06 01:00:00,1433A,SWY,37.0,214.06528892557492,-177.06528892557492
2021-04-06 02:00:00,1433A,SWY,43.0,213.5263112093028,-170.5263112093028
2021-04-06 03:00:00,1433A,SWY,45.0,212.86731322491372,-167.86731322491372
2021-04-06 04:00:00,1433A,SWY,49.0,212.37230772440182,-163.37230772440182
2021-04-06 05:00:00,1433A,SWY,53.0,212.19310970618866,-159.19310970618866
2021-04-06 06:00:00,1433A,SWY,54.0,212.56371970249742,-158.56371970249742
2021-04-06 07:00:00,1433A,SWY,54.0,212.46109447929308,-158.46109447929308
2021-04-06 08:00:00,1433A,SWY,51.0,214.13655721158366,-163.13655721158366
2021-04-06 09:00:00,1433A,SWY,50.0,216.44079797978083,-166.44079797978083
2021-04-06 10:00:00,1433A,SWY,52.0,217.98649786580293,-165.98649786580293
2021-04-06 11:00:00,1433A,SWY,52.0,219.68408387312505,-167.68408387312505
2021-04-06 12:00:00,1433A,SWY,47.0,220.06592577411965,-173.06592577411965
2021-04-06 13:00:00,1433A,SWY,53.0,218.80478832122745,-165.80478832122745
2021-04-06 14:00:00,1433A,SWY,48.0,217.25130827034067,-169.25130827034067
2021-04-06 15:00:00,1433A,SWY,59.0,215.29588686418768,-156.29588686418768
2021-04-06 16:00:00,1433A,SWY,52.0,214.26494377714846,-162.26494377714846
2021-04-06 17:00:00,1433A,SWY,52.0,213.240325848597,-161.240325848597
2021-04-06 18:00:00,1433A,SWY,56.0,211.9774138608913,-155.9774138608913
2021-04-06 19:00:00,1433A,SWY,53.0,212.6536383918227,-159.6536383918227
2021-04-06 20:00:00,1433A,SWY,64.0,213.6263014387015,-149.6263014387015
2021-04-06 21:00:00,1433A,SWY,57.0,214.300446782157,-157.300446782157
2021-04-06 22:00:00,1433A,SWY,52.0,215.98985013294111,-163.98985013294111
2021-04-06 23:00:00,1433A,SWY,51.0,215.66421688028177,-164.66421688028177
2021-04-07 00:00:00,1433A,SWY,50.0,215.99842967826325,-165.99842967826325
2021-04-07 01:00:00,1433A,SWY,42.0,215.12526583587524,-173.12526583587524
2021-04-07 02:00:00,1433A,SWY,38.0,214.58628811960313,-176.58628811960313
2021-04-07 03:00:00,1433A,SWY,44.0,213.92729013521404,-169.92729013521404
2021-04-07 04:00:00,1433A,SWY,49.0,213.43228463470214,-164.43228463470214
2021-04-07 05:00:00,1433A,SWY,54.0,213.25308661648899,-159.25308661648899
2021-04-07 06:00:00,1433A,SWY,49.0,213.62369661279774,-164.62369661279774
2021-04-07 07:00:00,1433A,SWY,48.0,213.5210713895934,-165.5210713895934
2021-04-07 08:00:00,1433A,SWY,54.0,215.19653412188399,-161.19653412188399
2021-04-07 09:00:00,1433A,SWY,58.0,217.50077489008115,-159.50077489008115
2021-04-07 10:00:00,1433A,SWY,66.0,219.04647477610325,-153.04647477610325
2021-04-07 11:00:00,1433A,SWY,66.0,220.74406078342537,-154.74406078342537
2021-04-07 12:00:00,1433A,SWY,60.0,221.12590268441997,-161.12590268441997
2021-04-07 13:00:00,1433A,SWY,35.0,219.86476523152777,-184.86476523152777
2021-04-07 14:00:00,1433A,SWY,22.0,218.311285180641,-196.311285180641
2021-04-07 15:00:00,1433A,SWY,23.0,216.355863774488,-193.355863774488
2021-04-07 16:00:00,1433A,SWY,24.0,215.32492068744878,-191.32492068744878
2021-04-07 17:00:00,1433A,SWY,27.0,214.30030275889732,-187.30030275889732
2021-04-07 18:00:00,1433A,SWY,22.0,213.0373907711916,-191.0373907711916
2021-04-07 19:00:00,1433A,SWY,14.0,213.71361530212303,-199.71361530212303
2021-04-07 20:00:00,1433A,SWY,13.0,214.6862783490018,-201.6862783490018
2021-04-07 21:00:00,1433A,SWY,14.0,215.36042369245732,-201.36042369245732
2021-04-07 22:00:00,1433A,SWY,12.0,217.04982704324144,-205.04982704324144
2021-04-07 23:00:00,1433A,SWY,12.0,216.7241937905821,-204.7241937905821
2021-04-08 00:00:00,1433A,SWY,28.0,217.05840658856357,-189.05840658856357
2021-04-08 01:00:00,1433A,SWY,31.0,216.18524274617556,-185.18524274617556
2021-04-08 02:00:00,1433A,SWY,31.0,215.64626502990345,-184.64626502990345
2021-04-08 03:00:00,1433A,SWY,34.0,214.98726704551436,-180.98726704551436
2021-04-08 04:00:00,1433A,SWY,32.0,214.49226154500246,-182.49226154500246
2021-04-08 05:00:00,1433A,SWY,32.0,214.3130635267893,-182.3130635267893
2021-04-08 06:00:00,1433A,SWY,31.0,214.68367352309807,-183.68367352309807
2021-04-08 07:00:00,1433A,SWY,22.0,214.58104829989372,-192.58104829989372
2021-04-08 08:00:00,1433A,SWY,19.0,216.2565110321843,-197.2565110321843
2021-04-08 09:00:00,1433A,SWY,20.0,218.56075180038147,-198.56075180038147
2021-04-08 10:00:00,1433A,SWY,25.0,220.10645168640357,-195.10645168640357
2021-04-08 11:00:00,1433A,SWY,36.0,221.8040376937257,-185.8040376937257
2021-04-08 12:00:00,1433A,SWY,40.0,222.1858795947203,-182.1858795947203
2021-04-08 13:00:00,1433A,SWY,49.0,220.9247421418281,-171.9247421418281
2021-04-08 14:00:00,1433A,SWY,45.0,219.37126209094131,-174.37126209094131
2021-04-08 15:00:00,1433A,SWY,28.0,217.41584068478832,-189.41584068478832
2021-04-08 16:00:00,1433A,SWY,34.0,216.3848975977491,-182.3848975977491
2021-04-08 17:00:00,1433A,SWY,24.0,215.36027966919764,-191.36027966919764
2021-04-08 18:00:00,1433A,SWY,21.0,214.09736768149193,-193.09736768149193
2021-04-08 19:00:00,1433A,SWY,22.0,214.77359221242335,-192.77359221242335
2021-04-08 20:00:00,1433A,SWY,24.0,215.74625525930213,-191.74625525930213
2021-04-08 21:00:00,1433A,SWY,32.0,216.42040060275764,-184.42040060275764
2021-04-08 22:00:00,1433A,SWY,33.0,218.10980395354176,-185.10980395354176
2021-04-08 23:00:00,1433A,SWY,38.0,217.7841707008824,-179.7841707008824
2021-04-09 00:00:00,1433A,SWY,36.0,218.1183834988639,-182.1183834988639
2021-04-09 01:00:00,1433A,SWY,36.0,217.24521965647588,-181.24521965647588
2021-04-09 02:00:00,1433A,SWY,38.0,216.70624194020377,-178.70624194020377
2021-04-09 03:00:00,1433A,SWY,38.0,216.04724395581468,-178.04724395581468
2021-04-09 04:00:00,1433A,SWY,35.0,215.55223845530278,-180.55223845530278
2021-04-09 05:00:00,1433A,SWY,30.0,215.37304043708963,-185.37304043708963
2021-04-09 06:00:00,1433A,SWY,36.0,215.7436504333984,-179.7436504333984
2021-04-09 07:00:00,1433A,SWY,43.0,215.64102521019404,-172.64102521019404
2021-04-09 08:00:00,1433A,SWY,52.0,217.31648794248463,-165.31648794248463
2021-04-09 09:00:00,1433A,SWY,,219.6207287106818,
2021-04-09 10:00:00,1433A,SWY,55.0,221.1664285967039,-166.1664285967039
2021-04-09 11:00:00,1433A,SWY,56.0,222.864014604026,-166.864014604026
2021-04-09 12:00:00,1433A,SWY,55.0,223.2458565050206,-168.2458565050206
2021-04-09 13:00:00,1433A,SWY,55.0,221.9847190521284,-166.9847190521284
2021-04-09 14:00:00,1433A,SWY,56.0,220.43123900124164,-164.43123900124164
2021-04-09 15:00:00,1433A,SWY,58.0,218.47581759508864,-160.47581759508864
2021-04-09 16:00:00,1433A,SWY,53.0,217.44487450804942,-164.44487450804942
2021-04-09 17:00:00,1433A,SWY,44.0,216.42025657949796,-172.42025657949796
2021-04-09 18:00:00,1433A,SWY,36.0,215.15734459179225,-179.15734459179225
2021-04-09 19:00:00,1433A,SWY,28.0,215.83356912272367,-187.83356912272367
2021-04-09 20:00:00,1433A,SWY,32.0,216.80623216960245,-184.80623216960245
2021-04-09 21:00:00,1433A,SWY,33.0,217.48037751305796,-184.48037751305796
2021-04-09 22:00:00,1433A,SWY,41.0,219.16978086384208,-178.16978086384208
2021-04-09 23:00:00,1433A,SWY,40.0,218.84414761118273,-178.84414761118273
2021-04-10 00:00:00,1433A,SWY,32.0,219.1783604091642,-187.1783604091642
2021-04-10 01:00:00,1433A,SWY,26.0,218.3051965667762,-192.3051965667762
2021-04-10 02:00:00,1433A,SWY,25.0,217.7662188505041,-192.7662188505041
2021-04-10 03:00:00,1433A,SWY,26.0,217.107220866115,-191.107220866115
2021-04-10 04:00:00,1433A,SWY,28.0,216.6122153656031,-188.6122153656031
2021-04-10 05:00:00,1433A,SWY,30.0,216.43301734738995,-186.43301734738995
2021-04-10 06:00:00,1433A,SWY,33.0,216.8036273436987,-183.8036273436987
2021-04-10 07:00:00,1433A,SWY,34.0,216.70100212049437,-182.70100212049437
2021-04-10 08:00:00,1433A,SWY,34.0,218.37646485278495,-184.37646485278495
2021-04-10 09:00:00,1433A,SWY,21.0,220.6807056209821,-199.6807056209821
2021-04-10 10:00:00,1433A,SWY,24.0,222.22640550700422,-198.22640550700422
2021-04-10 11:00:00,1433A,SWY,28.0,223.92399151432633,-195.92399151432633
2021-04-10 12:00:00,1433A,SWY,25.0,224.30583341532093,-199.30583341532093
2021-04-10 13:00:00,1433A,SWY,29.0,223.04469596242873,-194.04469596242873
2021-04-10 14:00:00,1433A,SWY,29.0,221.49121591154196,-192.49121591154196
2021-04-10 15:00:00,1433A,SWY,27.0,219.53579450538896,-192.53579450538896
2021-04-10 16:00:00,1433A,SWY,33.0,218.50485141834974,-185.50485141834974
2021-04-10 17:00:00,1433A,SWY,36.0,217.48023348979828,-181.48023348979828
2021-04-10 18:00:00,1433A,SWY,24.0,216.21732150209257,-192.21732150209257
2021-04-10 19:00:00,1433A,SWY,22.0,216.893546033024,-194.893546033024
2021-04-10 20:00:00,1433A,SWY,23.0,217.86620907990277,-194.86620907990277
2021-04-10 21:00:00,1433A,SWY,27.0,218.54035442335828,-191.54035442335828
2021-04-10 22:00:00,1433A,SWY,30.0,220.2297577741424,-190.2297577741424
2021-04-10 23:00:00,1433A,SWY,30.0,219.90412452148306,-189.90412452148306
2021-04-11 00:00:00,1433A,SWY,28.0,220.23833731946453,-192.23833731946453
2021-04-11 01:00:00,1433A,SWY,30.0,219.36517347707652,-189.36517347707652
2021-04-11 02:00:00,1433A,SWY,33.0,218.8261957608044,-185.8261957608044
2021-04-11 03:00:00,1433A,SWY,35.0,218.16719777641532,-183.16719777641532
2021-04-11 04:00:00,1433A,SWY,40.0,217.67219227590343,-177.67219227590343
2021-04-11 05:00:00,1433A,SWY,31.0,217.49299425769027,-186.49299425769027
2021-04-11 06:00:00,1433A,SWY,28.0,217.86360425399903,-189.86360425399903
2021-04-11 07:00:00,1433A,SWY,26.0,217.7609790307947,-191.7609790307947
2021-04-11 08:00:00,1433A,SWY,26.0,219.43644176308527,-193.43644176308527
2021-04-11 09:00:00,1433A,SWY,23.0,221.74068253128243,-198.74068253128243
2021-04-11 10:00:00,1433A,SWY,22.0,223.28638241730454,-201.28638241730454
2021-04-11 11:00:00,1433A,SWY,22.0,224.98396842462665,-202.98396842462665
2021-04-11 12:00:00,1433A,SWY,20.0,225.36581032562125,-205.36581032562125
2021-04-11 13:00:00,1433A,SWY,28.0,224.10467287272905,-196.10467287272905
2021-04-11 14:00:00,1433A,SWY,29.0,222.55119282184228,-193.55119282184228
2021-04-11 15:00:00,1433A,SWY,29.0,220.59577141568928,-191.59577141568928
2021-04-11 16:00:00,1433A,SWY,29.0,219.56482832865007,-190.56482832865007
2021-04-11 17:00:00,1433A,SWY,26.0,218.5402104000986,-192.5402104000986
2021-04-11 18:00:00,1433A,SWY,24.0,217.2772984123929,-193.2772984123929
2021-04-11 19:00:00,1433A,SWY,25.0,217.95352294332432,-192.95352294332432
2021-04-11 20:00:00,1433A,SWY,26.0,218.9261859902031,-192.9261859902031
2021-04-11 21:00:00,1433A,SWY,32.0,219.6003313336586,-187.6003313336586
2021-04-11 22:00:00,1433A,SWY,41.0,221.28973468444272,-180.28973468444272
2021-04-11 23:00:00,1433A,SWY,48.0,220.96410143178338,-172.96410143178338
2021-04-12 00:00:00,1433A,SWY,53.0,221.29831422976486,-168.29831422976486
2021-04-12 01:00:00,1433A,SWY,49.0,220.42515038737685,-171.42515038737685
2021-04-12 02:00:00,1433A,SWY,44.0,219.88617267110473,-175.88617267110473
2021-04-12 03:00:00,1433A,SWY,45.0,219.22717468671564,-174.22717468671564
2021-04-12 04:00:00,1433A,SWY,49.0,218.73216918620375,-169.73216918620375
2021-04-12 05:00:00,1433A,SWY,63.0,218.5529711679906,-155.5529711679906
2021-04-12 06:00:00,1433A,SWY,63.0,218.92358116429935,-155.92358116429935
2021-04-12 07:00:00,1433A,SWY,57.0,218.820955941095,-161.820955941095
2021-04-12 08:00:00,1433A,SWY,47.0,220.4964186733856,-173.4964186733856
2021-04-12 09:00:00,1433A,SWY,56.0,222.80065944158275,-166.80065944158275
2021-04-12 10:00:00,1433A,SWY,69.0,224.34635932760486,-155.34635932760486
2021-04-12 11:00:00,1433A,SWY,65.0,226.04394533492697,-161.04394533492697
2021-04-12 12:00:00,1433A,SWY,54.0,226.42578723592158,-172.42578723592158
2021-04-12 13:00:00,1433A,SWY,48.0,225.16464978302938,-177.16464978302938
2021-04-12 14:00:00,1433A,SWY,43.0,223.6111697321426,-180.6111697321426
2021-04-12 15:00:00,1433A,SWY,42.0,221.6557483259896,-179.6557483259896
2021-04-12 16:00:00,1433A,SWY,40.0,220.6248052389504,-180.6248052389504
2021-04-12 17:00:00,1433A,SWY,41.0,219.60018731039892,-178.60018731039892
2021-04-12 18:00:00,1433A,SWY,43.0,218.33727532269322,-175.33727532269322
2021-04-12 19:00:00,1433A,SWY,44.0,219.01349985362464,-175.01349985362464
2021-04-12 20:00:00,1433A,SWY,49.0,219.98616290050342,-170.98616290050342
2021-04-12 21:00:00,1433A,SWY,52.0,220.66030824395892,-168.66030824395892
2021-04-12 22:00:00,1433A,SWY,53.0,222.34971159474304,-169.34971159474304
2021-04-12 23:00:00,1433A,SWY,56.0,222.0240783420837,-166.0240783420837
2021-04-13 00:00:00,1433A,SWY,58.0,222.35829114006518,-164.35829114006518
2021-04-13 01:00:00,1433A,SWY,72.0,221.48512729767717,-149.48512729767717
2021-04-13 02:00:00,1433A,SWY,75.0,220.94614958140505,-145.94614958140505
2021-04-13 03:00:00,1433A,SWY,76.0,220.28715159701596,-144.28715159701596
2021-04-13 04:00:00,1433A,SWY,67.0,219.79214609650407,-152.79214609650407
2021-04-13 05:00:00,1433A,SWY,59.0,219.6129480782909,-160.6129480782909
2021-04-13 06:00:00,1433A,SWY,58.0,219.98355807459967,-161.98355807459967
2021-04-13 07:00:00,1433A,SWY,52.0,219.88093285139533,-167.88093285139533
2021-04-13 08:00:00,1433A,SWY,51.0,221.5563955836859,-170.5563955836859
2021-04-13 09:00:00,1433A,SWY,56.0,223.86063635188307,-167.86063635188307
2021-04-13 10:00:00,1433A,SWY,59.0,225.40633623790518,-166.40633623790518
2021-04-13 11:00:00,1433A,SWY,51.0,227.1039222452273,-176.1039222452273
2021-04-13 12:00:00,1433A,SWY,42.0,227.4857641462219,-185.4857641462219
2021-04-13 13:00:00,1433A,SWY,17.0,226.2246266933297,-209.2246266933297
2021-04-13 14:00:00,1433A,SWY,19.0,224.67114664244292,-205.67114664244292
2021-04-13 15:00:00,1433A,SWY,20.0,222.71572523628993,-202.71572523628993
2021-04-13 16:00:00,1433A,SWY,20.0,221.6847821492507,-201.6847821492507
2021-04-13 17:00:00,1433A,SWY,19.0,220.66016422069924,-201.66016422069924
2021-04-13 18:00:00,1433A,SWY,23.0,219.39725223299354,-196.39725223299354
2021-04-13 19:00:00,1433A,SWY,25.0,220.07347676392496,-195.07347676392496
2021-04-13 20:00:00,1433A,SWY,29.0,221.04613981080374,-192.04613981080374
2021-04-13 21:00:00,1433A,SWY,30.0,221.72028515425924,-191.72028515425924
2021-04-13 22:00:00,1433A,SWY,29.0,223.40968850504336,-194.40968850504336
2021-04-13 23:00:00,1433A,SWY,36.0,223.08405525238402,-187.08405525238402
2021-04-14 00:00:00,1433A,SWY,38.0,223.4182680503655,-185.4182680503655
2021-04-14 01:00:00,1433A,SWY,33.0,222.5451042079775,-189.5451042079775
2021-04-14 02:00:00,1433A,SWY,21.0,222.00612649170537,-201.00612649170537
2021-04-14 03:00:00,1433A,SWY,17.0,221.34712850731628,-204.34712850731628
2021-04-14 04:00:00,1433A,SWY,12.0,220.8521230068044,-208.8521230068044
2021-04-14 05:00:00,1433A,SWY,8.0,220.67292498859123,-212.67292498859123
2021-04-14 06:00:00,1433A,SWY,6.0,221.0435349849,-215.0435349849
2021-04-14 07:00:00,1433A,SWY,6.0,220.94090976169565,-214.94090976169565
2021-04-14 08:00:00,1433A,SWY,8.0,222.61637249398623,-214.61637249398623
2021-04-14 09:00:00,1433A,SWY,9.0,224.9206132621834,-215.9206132621834
2021-04-14 10:00:00,1433A,SWY,13.0,226.4663131482055,-213.4663131482055
2021-04-14 11:00:00,1433A,SWY,14.0,228.16389915552762,-214.16389915552762
2021-04-14 12:00:00,1433A,SWY,13.0,228.54574105652222,-215.54574105652222
2021-04-14 13:00:00,1433A,SWY,14.0,227.28460360363002,-213.28460360363002
2021-04-14 14:00:00,1433A,SWY,14.0,225.73112355274324,-211.73112355274324
2021-04-14 15:00:00,1433A,SWY,10.0,223.77570214659025,-213.77570214659025
2021-04-14 16:00:00,1433A,SWY,10.0,222.74475905955103,-212.74475905955103
2021-04-14 17:00:00,1433A,SWY,11.0,221.72014113099956,-210.72014113099956
2021-04-14 18:00:00,1433A,SWY,13.0,220.45722914329386,-207.45722914329386
2021-04-14 19:00:00,1433A,SWY,16.0,221.13345367422528,-205.13345367422528
2021-04-14 20:00:00,1433A,SWY,19.0,222.10611672110406,-203.10611672110406
2021-04-14 21:00:00,1433A,SWY,20.0,222.78026206455957,-202.78026206455957
2021-04-14 22:00:00,1433A,SWY,19.0,224.46966541534368,-205.46966541534368
2021-04-14 23:00:00,1433A,SWY,18.0,224.14403216268434,-206.14403216268434
2021-04-15 00:00:00,1433A,SWY,20.0,224.47824496066582,-204.47824496066582
2021-04-15 01:00:00,1433A,SWY,25.0,223.6050811182778,-198.6050811182778
2021-04-15 02:00:00,1433A,SWY,27.0,223.0661034020057,-196.0661034020057
2021-04-15 03:00:00,1433A,SWY,28.0,222.4071054176166,-194.4071054176166
2021-04-15 04:00:00,1433A,SWY,28.0,221.9120999171047,-193.9120999171047
2021-04-15 05:00:00,1433A,SWY,30.0,221.73290189889155,-191.73290189889155
2021-04-15 06:00:00,1433A,SWY,30.0,222.1035118952003,-192.1035118952003
2021-04-15 07:00:00,1433A,SWY,29.0,222.00088667199597,-193.00088667199597
2021-04-15 08:00:00,1433A,SWY,33.0,223.67634940428655,-190.67634940428655
2021-04-15 09:00:00,1433A,SWY,39.0,225.98059017248372,-186.98059017248372
2021-04-15 10:00:00,1433A,SWY,38.0,227.52629005850582,-189.52629005850582
2021-04-15 11:00:00,1433A,SWY,30.0,229.22387606582794,-199.22387606582794
2021-04-15 12:00:00,1433A,SWY,28.0,229.60571796682254,-201.60571796682254
2021-04-15 13:00:00,1433A,SWY,29.0,228.34458051393034,-199.34458051393034
2021-04-15 14:00:00,1433A,SWY,27.0,226.79110046304356,-199.79110046304356
2021-04-15 15:00:00,1433A,SWY,32.0,224.83567905689057,-192.83567905689057
2021-04-15 16:00:00,1433A,SWY,29.0,223.80473596985135,-194.80473596985135
2021-04-15 17:00:00,1433A,SWY,23.0,222.7801180412999,-199.7801180412999
2021-04-15 18:00:00,1433A,SWY,14.0,221.51720605359418,-207.51720605359418
2021-04-15 19:00:00,1433A,SWY,17.0,222.1934305845256,-205.1934305845256
2021-04-15 20:00:00,1433A,SWY,17.0,223.16609363140438,-206.16609363140438
2021-04-15 21:00:00,1433A,SWY,16.0,223.8402389748599,-207.8402389748599
2021-04-15 22:00:00,1433A,SWY,32.0,225.529642325644,-193.529642325644
2021-04-15 23:00:00,1433A,SWY,42.0,225.20400907298466,-183.20400907298466
2021-04-16 00:00:00,1433A,SWY,36.0,225.53822187096614,-189.53822187096614
2021-04-16 01:00:00,1433A,SWY,25.0,224.66505802857813,-199.66505802857813
2021-04-16 02:00:00,1433A,SWY,23.0,224.12608031230602,-201.12608031230602
2021-04-16 03:00:00,1433A,SWY,22.0,223.46708232791693,-201.46708232791693
2021-04-16 04:00:00,1433A,SWY,24.0,222.97207682740503,-198.97207682740503
2021-04-16 05:00:00,1433A,SWY,22.0,222.79287880919188,-200.79287880919188
2021-04-16 06:00:00,1433A,SWY,20.0,223.16348880550063,-203.16348880550063
2021-04-16 07:00:00,1433A,SWY,20.0,223.0608635822963,-203.0608635822963
2021-04-16 08:00:00,1433A,SWY,23.0,224.73632631458688,-201.73632631458688
2021-04-16 09:00:00,1433A,SWY,24.0,227.04056708278404,-203.04056708278404
2021-04-16 10:00:00,1433A,SWY,22.0,228.58626696880614,-206.58626696880614
2021-04-16 11:00:00,1433A,SWY,20.0,230.28385297612826,-210.28385297612826
2021-04-16 12:00:00,1433A,SWY,13.0,230.66569487712286,-217.66569487712286
2021-04-16 13:00:00,1433A,SWY,14.0,229.40455742423066,-215.40455742423066
2021-04-16 14:00:00,1433A,SWY,16.0,227.85107737334388,-211.85107737334388
2021-04-16 15:00:00,1433A,SWY,15.0,225.8956559671909,-210.8956559671909
2021-04-16 16:00:00,1433A,SWY,14.0,224.86471288015167,-210.86471288015167
2021-04-16 17:00:00,1433A,SWY,16.0,223.8400949516002,-207.8400949516002
2021-04-16 18:00:00,1433A,SWY,16.0,222.5771829638945,-206.5771829638945
2021-04-16 19:00:00,1433A,SWY,16.0,223.25340749482592,-207.25340749482592
2021-04-16 20:00:00,1433A,SWY,19.0,224.2260705417047,-205.2260705417047
2021-04-16 21:00:00,1433A,SWY,22.0,224.9002158851602,-202.9002158851602
2021-04-16 22:00:00,1433A,SWY,28.0,226.58961923594433,-198.58961923594433
2021-04-16 23:00:00,1433A,SWY,22.0,226.26398598328498,-204.26398598328498
2021-04-17 00:00:00,1433A,SWY,22.0,226.59819878126646,-204.59819878126646
2021-04-17 01:00:00,1433A,SWY,20.0,225.72503493887845,-205.72503493887845
2021-04-17 02:00:00,1433A,SWY,19.0,225.18605722260634,-206.18605722260634
2021-04-17 03:00:00,1433A,SWY,20.0,224.52705923821725,-204.52705923821725
2021-04-17 04:00:00,1433A,SWY,21.0,224.03205373770535,-203.03205373770535
2021-04-17 05:00:00,1433A,SWY,24.0,223.8528557194922,-199.8528557194922
2021-04-17 06:00:00,1433A,SWY,25.0,224.22346571580096,-199.22346571580096
2021-04-17 07:00:00,1433A,SWY,23.0,224.1208404925966,-201.1208404925966
2021-04-17 08:00:00,1433A,SWY,25.0,225.7963032248872,-200.7963032248872
2021-04-17 09:00:00,1433A,SWY,26.0,228.10054399308436,-202.10054399308436
2021-04-17 10:00:00,1433A,SWY,34.0,229.64624387910646,-195.64624387910646
2021-04-17 11:00:00,1433A,SWY,40.0,231.34382988642858,-191.34382988642858
2021-04-17 12:00:00,1433A,SWY,45.0,231.72567178742318,-186.72567178742318
2021-04-17 13:00:00,1433A,SWY,40.0,230.46453433453098,-190.46453433453098
2021-04-17 14:00:00,1433A,SWY,35.0,228.9110542836442,-193.9110542836442
2021-04-17 15:00:00,1433A,SWY,26.0,226.9556328774912,-200.9556328774912
2021-04-17 16:00:00,1433A,SWY,31.0,225.924689790452,-194.924689790452
2021-04-17 17:00:00,1433A,SWY,35.0,224.90007186190053,-189.90007186190053
2021-04-17 18:00:00,1433A,SWY,30.0,223.63715987419482,-193.63715987419482
2021-04-17 19:00:00,1433A,SWY,20.0,224.31338440512624,-204.31338440512624
2021-04-17 20:00:00,1433A,SWY,22.0,225.28604745200502,-203.28604745200502
2021-04-17 21:00:00,1433A,SWY,22.0,225.96019279546053,-203.96019279546053
2021-04-17 22:00:00,1433A,SWY,23.0,227.64959614624465,-204.64959614624465
2021-04-17 23:00:00,1433A,SWY,22.0,227.3239628935853,-205.3239628935853
2021-04-18 00:00:00,1433A,SWY,20.0,227.65817569156678,-207.65817569156678
2021-04-18 01:00:00,1433A,SWY,19.0,226.78501184917877,-207.78501184917877
2021-04-18 02:00:00,1433A,SWY,18.0,226.24603413290666,-208.24603413290666
2021-04-18 03:00:00,1433A,SWY,17.0,225.58703614851757,-208.58703614851757
2021-04-18 04:00:00,1433A,SWY,16.0,225.09203064800568,-209.09203064800568
2021-04-18 05:00:00,1433A,SWY,16.0,224.91283262979252,-208.91283262979252
2021-04-18 06:00:00,1433A,SWY,14.0,225.28344262610128,-211.28344262610128
2021-04-18 07:00:00,1433A,SWY,12.0,225.18081740289693,-213.18081740289693
2021-04-18 08:00:00,1433A,SWY,12.0,226.85628013518752,-214.85628013518752
2021-04-18 09:00:00,1433A,SWY,17.0,229.16052090338468,-212.16052090338468
2021-04-18 10:00:00,1433A,SWY,19.0,230.70622078940679,-211.70622078940679
2021-04-18 11:00:00,1433A,SWY,23.0,232.4038067967289,-209.4038067967289
2021-04-18 12:00:00,1433A,SWY,26.0,232.7856486977235,-206.7856486977235
2021-04-18 13:00:00,1433A,SWY,26.0,231.5245112448313,-205.5245112448313
2021-04-18 14:00:00,1433A,SWY,28.0,229.97103119394453,-201.97103119394453
2021-04-18 15:00:00,1433A,SWY,29.0,228.01560978779153,-199.01560978779153
2021-04-18 16:00:00,1433A,SWY,31.0,226.9846667007523,-195.9846667007523
2021-04-18 17:00:00,1433A,SWY,29.0,225.96004877220085,-196.96004877220085
2021-04-18 18:00:00,1433A,SWY,29.0,224.69713678449514,-195.69713678449514
2021-04-18 19:00:00,1433A,SWY,29.0,225.37336131542656,-196.37336131542656
2021-04-18 20:00:00,1433A,SWY,29.0,226.34602436230534,-197.34602436230534
2021-04-18 21:00:00,1433A,SWY,30.0,227.02016970576085,-197.02016970576085
2021-04-18 22:00:00,1433A,SWY,33.0,228.70957305654497,-195.70957305654497
2021-04-18 23:00:00,1433A,SWY,35.0,228.38393980388562,-193.38393980388562
2021-04-19 00:00:00,1433A,SWY,36.0,228.7181526018671,-192.7181526018671
2021-04-19 01:00:00,1433A,SWY,40.0,227.8449887594791,-187.8449887594791
2021-04-19 02:00:00,1433A,SWY,37.0,227.30601104320698,-190.30601104320698
2021-04-19 03:00:00,1433A,SWY,39.0,226.6470130588179,-187.6470130588179
2021-04-19 04:00:00,1433A,SWY,40.0,226.152007558306,-186.152007558306
2021-04-19 05:00:00,1433A,SWY,41.0,225.97280954009284,-184.97280954009284
2021-04-19 06:00:00,1433A,SWY,40.0,226.3434195364016,-186.3434195364016
2021-04-19 07:00:00,1433A,SWY,39.0,226.24079431319726,-187.24079431319726
2021-04-19 08:00:00,1433A,SWY,39.0,227.91625704548784,-188.91625704548784
2021-04-19 09:00:00,1433A,SWY,37.0,230.220497813685,-193.220497813685
2021-04-19 10:00:00,1433A,SWY,38.0,231.7661976997071,-193.7661976997071
2021-04-19 11:00:00,1433A,SWY,34.0,233.46378370702922,-199.46378370702922
2021-04-19 12:00:00,1433A,SWY,33.0,233.84562560802382,-200.84562560802382
2021-04-19 13:00:00,1433A,SWY,34.0,232.58448815513162,-198.58448815513162
2021-04-19 14:00:00,1433A,SWY,34.0,231.03100810424485,-197.03100810424485
2021-04-19 15:00:00,1433A,SWY,43.0,229.07558669809185,-186.07558669809185
2021-04-19 16:00:00,1433A,SWY,46.0,228.04464361105263,-182.04464361105263
2021-04-19 17:00:00,1433A,SWY,57.0,227.02002568250117,-170.02002568250117
2021-04-19 18:00:00,1433A,SWY,62.0,225.75711369479546,-163.75711369479546
2021-04-19 19:00:00,1433A,SWY,56.0,226.43333822572689,-170.43333822572689
2021-04-19 20:00:00,1433A,SWY,34.0,227.40600127260566,-193.40600127260566
2021-04-19 21:00:00,1433A,SWY,37.0,228.08014661606117,-191.08014661606117
2021-04-19 22:00:00,1433A,SWY,45.0,229.7695499668453,-184.7695499668453
2021-04-19 23:00:00,1433A,SWY,43.0,229.44391671418595,-186.44391671418595
2021-04-20 00:00:00,1433A,SWY,43.0,229.77812951216742,-186.77812951216742
2021-04-20 01:00:00,1433A,SWY,43.0,228.90496566977941,-185.90496566977941
2021-04-20 02:00:00,1433A,SWY,40.0,228.3659879535073,-188.3659879535073
2021-04-20 03:00:00,1433A,SWY,39.0,227.7069899691182,-188.7069899691182
2021-04-20 04:00:00,1433A,SWY,39.0,227.21198446860632,-188.21198446860632
2021-04-20 05:00:00,1433A,SWY,39.0,227.03278645039316,-188.03278645039316
2021-04-20 06:00:00,1433A,SWY,39.0,227.40339644670192,-188.40339644670192
2021-04-20 07:00:00,1433A,SWY,39.0,227.30077122349758,-188.30077122349758
2021-04-20 08:00:00,1433A,SWY,39.0,228.97623395578816,-189.97623395578816
2021-04-20 09:00:00,1433A,SWY,37.0,231.28047472398532,-194.28047472398532
2021-04-20 10:00:00,1433A,SWY,34.0,232.82617461000743,-198.82617461000743
2021-04-20 11:00:00,1433A,SWY,26.0,234.52376061732954,-208.52376061732954
2021-04-20 12:00:00,1433A,SWY,27.0,234.90560251832414,-207.90560251832414
2021-04-20 13:00:00,1433A,SWY,17.0,233.64446506543194,-216.64446506543194
2021-04-20 14:00:00,1433A,SWY,18.0,232.09098501454517,-214.09098501454517
2021-04-20 15:00:00,1433A,SWY,7.0,230.13556360839218,-223.13556360839218
2021-04-20 16:00:00,1433A,SWY,4.0,229.10462052135296,-225.10462052135296
2021-04-20 17:00:00,1433A,SWY,4.0,228.0800025928015,-224.0800025928015
2021-04-20 18:00:00,1433A,SWY,4.0,226.81709060509579,-222.81709060509579
2021-04-20 19:00:00,1433A,SWY,6.0,227.4933151360272,-221.4933151360272
2021-04-20 20:00:00,1433A,SWY,7.0,228.46597818290599,-221.46597818290599
2021-04-20 21:00:00,1433A,SWY,9.0,229.1401235263615,-220.1401235263615
2021-04-20 22:00:00,1433A,SWY,15.0,230.8295268771456,-215.8295268771456
2021-04-20 23:00:00,1433A,SWY,20.0,230.50389362448627,-210.50389362448627
2021-04-21 00:00:00,1433A,SWY,21.0,230.83810642246775,-209.83810642246775
2021-04-21 01:00:00,1433A,SWY,22.0,229.96494258007974,-207.96494258007974
2021-04-21 02:00:00,1433A,SWY,18.0,229.42596486380762,-211.42596486380762
2021-04-21 03:00:00,1433A,SWY,21.0,228.76696687941853,-207.76696687941853
2021-04-21 04:00:00,1433A,SWY,20.0,228.27196137890664,-208.27196137890664
2021-04-21 05:00:00,1433A,SWY,21.0,228.09276336069348,-207.09276336069348
2021-04-21 06:00:00,1433A,SWY,24.0,228.46337335700224,-204.46337335700224
2021-04-21 07:00:00,1433A,SWY,26.0,228.3607481337979,-202.3607481337979
2021-04-21 08:00:00,1433A,SWY,24.0,230.03621086608848,-206.03621086608848
2021-04-21 09:00:00,1433A,SWY,31.0,232.34045163428564,-201.34045163428564
2021-04-21 10:00:00,1433A,SWY,34.0,233.88615152030775,-199.88615152030775
2021-04-21 11:00:00,1433A,SWY,34.0,235.58373752762986,-201.58373752762986
2021-04-21 12:00:00,1433A,SWY,34.0,235.96557942862447,-201.96557942862447
2021-04-21 13:00:00,1433A,SWY,35.0,234.70444197573227,-199.70444197573227
2021-04-21 14:00:00,1433A,SWY,26.0,233.1509619248455,-207.1509619248455
2021-04-21 15:00:00,1433A,SWY,29.0,231.1955405186925,-202.1955405186925
2021-04-21 16:00:00,1433A,SWY,25.0,230.16459743165328,-205.16459743165328
2021-04-21 17:00:00,1433A,SWY,19.0,229.1399795031018,-210.1399795031018
2021-04-21 18:00:00,1433A,SWY,16.0,227.8770675153961,-211.8770675153961
2021-04-21 19:00:00,1433A,SWY,20.0,228.55329204632753,-208.55329204632753
2021-04-21 20:00:00,1433A,SWY,23.0,229.5259550932063,-206.5259550932063
2021-04-21 21:00:00,1433A,SWY,47.0,230.2001004366618,-183.2001004366618
2021-04-21 22:00:00,1433A,SWY,50.0,231.88950378744593,-181.88950378744593
2021-04-21 23:00:00,1433A,SWY,57.0,231.5638705347866,-174.5638705347866
2021-04-22 00:00:00,1433A,SWY,53.0,231.89808333276807,-178.89808333276807
2021-04-22 01:00:00,1433A,SWY,49.0,231.02491949038006,-182.02491949038006
2021-04-22 02:00:00,1433A,SWY,50.0,230.48594177410794,-180.48594177410794
2021-04-22 03:00:00,1433A,SWY,50.0,229.82694378971885,-179.82694378971885
2021-04-22 04:00:00,1433A,SWY,51.0,229.33193828920696,-178.33193828920696
2021-04-22 05:00:00,1433A,SWY,47.0,229.1527402709938,-182.1527402709938
2021-04-22 06:00:00,1433A,SWY,52.0,229.52335026730256,-177.52335026730256
2021-04-22 07:00:00,1433A,SWY,52.0,229.42072504409822,-177.42072504409822
2021-04-22 08:00:00,1433A,SWY,55.0,231.0961877763888,-176.0961877763888
2021-04-22 09:00:00,1433A,SWY,59.0,233.40042854458596,-174.40042854458596
2021-04-22 10:00:00,1433A,SWY,64.0,234.94612843060807,-170.94612843060807
2021-04-22 11:00:00,1433A,SWY,70.0,236.64371443793019,-166.64371443793019
2021-04-22 12:00:00,1433A,SWY,,237.0255563389248,
2021-04-22 13:00:00,1433A,SWY,78.0,235.7644188860326,-157.7644188860326
2021-04-22 14:00:00,1433A,SWY,,234.2109388351458,
2021-04-22 15:00:00,1433A,SWY,,232.25551742899282,
2021-04-22 16:00:00,1433A,SWY,68.0,231.2245743419536,-163.2245743419536
2021-04-22 17:00:00,1433A,SWY,51.0,230.19995641340213,-179.19995641340213
2021-04-22 18:00:00,1433A,SWY,54.0,228.93704442569643,-174.93704442569643
2021-04-22 19:00:00,1433A,SWY,59.0,229.61326895662785,-170.61326895662785
2021-04-22 20:00:00,1433A,SWY,99.0,230.58593200350663,-131.58593200350663
2021-04-22 21:00:00,1433A,SWY,98.0,231.26007734696213,-133.26007734696213
2021-04-22 22:00:00,1433A,SWY,96.0,232.94948069774625,-136.94948069774625
2021-04-22 23:00:00,1433A,SWY,81.0,232.6238474450869,-151.6238474450869
2021-04-23 00:00:00,1433A,SWY,73.0,232.9580602430684,-159.9580602430684
2021-04-23 01:00:00,1433A,SWY,74.0,232.08489640068038,-158.08489640068038
2021-04-23 02:00:00,1433A,SWY,66.0,231.54591868440826,-165.54591868440826
2021-04-23 03:00:00,1433A,SWY,64.0,230.88692070001918,-166.88692070001918
2021-04-23 04:00:00,1433A,SWY,66.0,230.39191519950728,-164.39191519950728
2021-04-23 05:00:00,1433A,SWY,74.0,230.21271718129412,-156.21271718129412
2021-04-23 06:00:00,1433A,SWY,83.0,230.58332717760288,-147.58332717760288
2021-04-23 07:00:00,1433A,SWY,83.0,230.48070195439854,-147.48070195439854
2021-04-23 08:00:00,1433A,SWY,81.0,232.15616468668912,-151.15616468668912
2021-04-23 09:00:00,1433A,SWY,76.0,234.46040545488628,-158.46040545488628
2021-04-23 10:00:00,1433A,SWY,77.0,236.0061053409084,-159.0061053409084
2021-04-23 11:00:00,1433A,SWY,68.0,237.7036913482305,-169.7036913482305
2021-04-23 12:00:00,1433A,SWY,63.0,238.0855332492251,-175.0855332492251
2021-04-23 13:00:00,1433A,SWY,57.0,236.8243957963329,-179.8243957963329
2021-04-23 14:00:00,1433A,SWY,63.0,235.27091574544613,-172.27091574544613
2021-04-23 15:00:00,1433A,SWY,50.0,233.31549433929314,-183.31549433929314
2021-04-23 16:00:00,1433A,SWY,38.0,232.28455125225392,-194.28455125225392
2021-04-23 17:00:00,1433A,SWY,49.0,231.25993332370246,-182.25993332370246
2021-04-23 18:00:00,1433A,SWY,39.0,229.99702133599675,-190.99702133599675
2021-04-23 19:00:00,1433A,SWY,20.0,230.67324586692817,-210.67324586692817
2021-04-23 20:00:00,1433A,SWY,10.0,231.64590891380695,-221.64590891380695
2021-04-23 21:00:00,1433A,SWY,5.0,232.32005425726246,-227.32005425726246
2021-04-23 22:00:00,1433A,SWY,5.0,234.00945760804657,-229.00945760804657
2021-04-23 23:00:00,1433A,SWY,2.0,233.68382435538723,-231.68382435538723
2021-04-24 00:00:00,1433A,SWY,2.0,234.0180371533687,-232.0180371533687
2021-04-24 01:00:00,1433A,SWY,2.0,233.1448733109807,-231.1448733109807
2021-04-24 02:00:00,1433A,SWY,2.0,232.60589559470858,-230.60589559470858
2021-04-24 03:00:00,1433A,SWY,2.0,231.9468976103195,-229.9468976103195
2021-04-24 04:00:00,1433A,SWY,4.0,231.4518921098076,-227.4518921098076
2021-04-24 05:00:00,1433A,SWY,3.0,231.27269409159445,-228.27269409159445
2021-04-24 06:00:00,1433A,SWY,3.0,231.6433040879032,-228.6433040879032
2021-04-24 07:00:00,1433A,SWY,2.0,231.54067886469886,-229.54067886469886
2021-04-24 08:00:00,1433A,SWY,2.0,233.21614159698944,-231.21614159698944
2021-04-24 09:00:00,1433A,SWY,2.0,235.5203823651866,-233.5203823651866
2021-04-24 10:00:00,1433A,SWY,2.0,237.0660822512087,-235.0660822512087
2021-04-24 11:00:00,1433A,SWY,2.0,238.76366825853083,-236.76366825853083
2021-04-24 12:00:00,1433A,SWY,2.0,239.14551015952543,-237.14551015952543
2021-04-24 13:00:00,1433A,SWY,3.0,237.88437270663323,-234.88437270663323
2021-04-24 14:00:00,1433A,SWY,8.0,236.33089265574645,-228.33089265574645
2021-04-24 15:00:00,1433A,SWY,10.0,234.37547124959346,-224.37547124959346
2021-04-24 16:00:00,1433A,SWY,9.0,233.34452816255424,-224.34452816255424
2021-04-24 17:00:00,1433A,SWY,8.0,232.31991023400278,-224.31991023400278
2021-04-24 18:00:00,1433A,SWY,9.0,231.05699824629707,-222.05699824629707
2021-04-24 19:00:00,1433A,SWY,10.0,231.7332227772285,-221.7332227772285
2021-04-24 20:00:00,1433A,SWY,12.0,232.70588582410727,-220.70588582410727
2021-04-24 21:00:00,1433A,SWY,10.0,233.38003116756278,-223.38003116756278
2021-04-24 22:00:00,1433A,SWY,5.0,235.0694345183469,-230.0694345183469
2021-04-24 23:00:00,1433A,SWY,5.0,234.74380126568755,-229.74380126568755
2021-04-25 00:00:00,1433A,SWY,4.0,235.07801406366903,-231.07801406366903
2021-04-25 01:00:00,1433A,SWY,5.0,234.20485022128102,-229.20485022128102
2021-04-25 02:00:00,1433A,SWY,5.0,233.6658725050089,-228.6658725050089
2021-04-25 03:00:00,1433A,SWY,5.0,233.00687452061982,-228.00687452061982
2021-04-25 04:00:00,1433A,SWY,7.0,232.51186902010792,-225.51186902010792
2021-04-25 05:00:00,1433A,SWY,6.0,232.33267100189477,-226.33267100189477
2021-04-25 06:00:00,1433A,SWY,6.0,232.70328099820352,-226.70328099820352
2021-04-25 07:00:00,1433A,SWY,6.0,232.60065577499918,-226.60065577499918
2021-04-25 08:00:00,1433A,SWY,8.0,234.27611850728977,-226.27611850728977
2021-04-25 09:00:00,1433A,SWY,10.0,236.58035927548693,-226.58035927548693
2021-04-25 10:00:00,1433A,SWY,6.0,238.12605916150903,-232.12605916150903
2021-04-25 11:00:00,1433A,SWY,4.0,239.82364516883115,-235.82364516883115
2021-04-25 12:00:00,1433A,SWY,5.0,240.20548706982575,-235.20548706982575
2021-04-25 13:00:00,1433A,SWY,6.0,238.94434961693355,-232.94434961693355
2021-04-25 14:00:00,1433A,SWY,5.0,237.39086956604677,-232.39086956604677
2021-04-25 15:00:00,1433A,SWY,5.0,235.43544815989378,-230.43544815989378
2021-04-25 16:00:00,1433A,SWY,4.0,234.40450507285456,-230.40450507285456
2021-04-25 17:00:00,1433A,SWY,4.0,233.3798871443031,-229.3798871443031
2021-04-25 18:00:00,1433A,SWY,5.0,232.1169751565974,-227.1169751565974
2021-04-25 19:00:00,1433A,SWY,4.0,232.7931996875288,-228.7931996875288
2021-04-25 20:00:00,1433A,SWY,5.0,233.7658627344076,-228.7658627344076
2021-04-25 21:00:00,1433A,SWY,7.0,234.4400080778631,-227.4400080778631
2021-04-25 22:00:00,1433A,SWY,6.0,236.12941142864722,-230.12941142864722
2021-04-25 23:00:00,1433A,SWY,6.0,235.80377817598787,-229.80377817598787
2021-04-26 00:00:00,1433A,SWY,5.0,236.13799097396935,-231.13799097396935
2021-04-26 01:00:00,1433A,SWY,9.0,235.26482713158134,-226.26482713158134
2021-04-26 02:00:00,1433A,SWY,11.0,234.72584941530923,-223.72584941530923
2021-04-26 03:00:00,1433A,SWY,12.0,234.06685143092014,-222.06685143092014
2021-04-26 04:00:00,1433A,SWY,12.0,233.57184593040824,-221.57184593040824
2021-04-26 05:00:00,1433A,SWY,14.0,233.3926479121951,-219.3926479121951
2021-04-26 06:00:00,1433A,SWY,14.0,233.76325790850385,-219.76325790850385
2021-04-26 07:00:00,1433A,SWY,15.0,233.6606326852995,-218.6606326852995
2021-04-26 08:00:00,1433A,SWY,15.0,235.3360954175901,-220.3360954175901
2021-04-26 09:00:00,1433A,SWY,13.0,237.64033618578725,-224.64033618578725
2021-04-26 10:00:00,1433A,SWY,14.0,239.18603607180935,-225.18603607180935
2021-04-26 11:00:00,1433A,SWY,12.0,240.88362207913147,-228.88362207913147
2021-04-26 12:00:00,1433A,SWY,14.0,241.26546398012607,-227.26546398012607
2021-04-26 13:00:00,1433A,SWY,13.0,240.00432652723387,-227.00432652723387
2021-04-26 14:00:00,1433A,SWY,9.0,238.4508464763471,-229.4508464763471
2021-04-26 15:00:00,1433A,SWY,9.0,236.4954250701941,-227.4954250701941
2021-04-26 16:00:00,1433A,SWY,13.0,235.46448198315488,-222.46448198315488
2021-04-26 17:00:00,1433A,SWY,18.0,234.43986405460342,-216.43986405460342
2021-04-26 18:00:00,1433A,SWY,22.0,233.1769520668977,-211.1769520668977
2021-04-26 19:00:00,1433A,SWY,22.0,233.85317659782913,-211.85317659782913
2021-04-26 20:00:00,1433A,SWY,25.0,234.8258396447079,-209.8258396447079
2021-04-26 21:00:00,1433A,SWY,31.0,235.49998498816342,-204.49998498816342
2021-04-26 22:00:00,1433A,SWY,39.0,237.18938833894754,-198.18938833894754
2021-04-26 23:00:00,1433A,SWY,18.0,236.8637550862882,-218.8637550862882
2021-04-27 00:00:00,1433A,SWY,15.0,237.19796788426967,-222.19796788426967
2021-04-27 01:00:00,1433A,SWY,15.0,236.32480404188166,-221.32480404188166
2021-04-27 02:00:00,1433A,SWY,20.0,235.78582632560955,-215.78582632560955
2021-04-27 03:00:00,1433A,SWY,47.0,235.12682834122046,-188.12682834122046
2021-04-27 04:00:00,1433A,SWY,47.0,234.63182284070857,-187.63182284070857
2021-04-27 05:00:00,1433A,SWY,34.0,234.4526248224954,-200.4526248224954
2021-04-27 06:00:00,1433A,SWY,28.0,234.82323481880417,-206.82323481880417
2021-04-27 07:00:00,1433A,SWY,32.0,234.72060959559983,-202.72060959559983
2021-04-27 08:00:00,1433A,SWY,32.0,236.3960723278904,-204.3960723278904
2021-04-27 09:00:00,1433A,SWY,33.0,238.70031309608757,-205.70031309608757
2021-04-27 10:00:00,1433A,SWY,32.0,240.24601298210968,-208.24601298210968
2021-04-27 11:00:00,1433A,SWY,35.0,241.9435989894318,-206.9435989894318
2021-04-27 12:00:00,1433A,SWY,36.0,242.3254408904264,-206.3254408904264
2021-04-27 13:00:00,1433A,SWY,28.0,241.0643034375342,-213.0643034375342
2021-04-27 14:00:00,1433A,SWY,18.0,239.51082338664742,-221.51082338664742
2021-04-27 15:00:00,1433A,SWY,,237.55540198049442,
2021-04-27 16:00:00,1433A,SWY,10.0,236.5244588934552,-226.5244588934552
2021-04-27 17:00:00,1433A,SWY,10.0,235.49984096490374,-225.49984096490374
2021-04-27 18:00:00,1433A,SWY,12.0,234.23692897719803,-222.23692897719803
2021-04-27 19:00:00,1433A,SWY,22.0,234.91315350812945,-212.91315350812945
2021-04-27 20:00:00,1433A,SWY,22.0,235.88581655500823,-213.88581655500823
2021-04-27 21:00:00,1433A,SWY,18.0,236.55996189846374,-218.55996189846374
2021-04-27 22:00:00,1433A,SWY,17.0,238.24936524924786,-221.24936524924786
2021-04-27 23:00:00,1433A,SWY,14.0,237.92373199658851,-223.92373199658851
2021-04-28 00:00:00,1433A,SWY,14.0,238.25794479457,-224.25794479457
2021-04-28 01:00:00,1433A,SWY,11.0,237.38478095218198,-226.38478095218198
2021-04-28 02:00:00,1433A,SWY,10.0,236.84580323590987,-226.84580323590987
2021-04-28 03:00:00,1433A,SWY,9.0,236.18680525152078,-227.18680525152078
2021-04-28 04:00:00,1433A,SWY,17.0,235.6917997510089,-218.6917997510089
2021-04-28 05:00:00,1433A,SWY,25.0,235.51260173279573,-210.51260173279573
2021-04-28 06:00:00,1433A,SWY,26.0,235.8832117291045,-209.8832117291045
2021-04-28 07:00:00,1433A,SWY,24.0,235.78058650590015,-211.78058650590015
2021-04-28 08:00:00,1433A,SWY,27.0,237.45604923819073,-210.45604923819073
2021-04-28 09:00:00,1433A,SWY,29.0,239.7602900063879,-210.7602900063879
2021-04-28 10:00:00,1433A,SWY,30.0,241.30598989241,-211.30598989241
2021-04-28 11:00:00,1433A,SWY,35.0,243.0035758997321,-208.0035758997321
2021-04-28 12:00:00,1433A,SWY,33.0,243.3854178007267,-210.3854178007267
2021-04-28 13:00:00,1433A,SWY,24.0,242.1242803478345,-218.1242803478345
2021-04-28 14:00:00,1433A,SWY,21.0,240.57080029694774,-219.57080029694774
2021-04-28 15:00:00,1433A,SWY,21.0,238.61537889079474,-217.61537889079474
2021-04-28 16:00:00,1433A,SWY,25.0,237.58443580375553,-212.58443580375553
2021-04-28 17:00:00,1433A,SWY,24.0,236.55981787520406,-212.55981787520406
2021-04-28 18:00:00,1433A,SWY,23.0,235.29690588749835,-212.29690588749835
2021-04-28 19:00:00,1433A,SWY,29.0,235.97313041842978,-206.97313041842978
2021-04-28 20:00:00,1433A,SWY,28.0,236.94579346530855,-208.94579346530855
2021-04-28 21:00:00,1433A,SWY,28.0,237.61993880876406,-209.61993880876406
2021-04-28 22:00:00,1433A,SWY,27.0,239.30934215954818,-212.30934215954818
2021-04-28 23:00:00,1433A,SWY,23.0,238.98370890688884,-215.98370890688884
2021-04-29 00:00:00,1433A,SWY,25.0,239.31792170487032,-214.31792170487032
2021-04-29 01:00:00,1433A,SWY,25.0,238.4447578624823,-213.4447578624823
2021-04-29 02:00:00,1433A,SWY,27.0,237.9057801462102,-210.9057801462102
2021-04-29 03:00:00,1433A,SWY,34.0,237.2467821618211,-203.2467821618211
2021-04-29 04:00:00,1433A,SWY,39.0,236.7517766613092,-197.7517766613092
2021-04-29 05:00:00,1433A,SWY,33.0,236.57257864309605,-203.57257864309605
2021-04-29 06:00:00,1433A,SWY,34.0,236.9431886394048,-202.9431886394048
2021-04-29 07:00:00,1433A,SWY,34.0,236.84056341620047,-202.84056341620047
2021-04-29 08:00:00,1433A,SWY,35.0,238.51602614849105,-203.51602614849105
2021-04-29 09:00:00,1433A,SWY,35.0,240.8202669166882,-205.8202669166882
2021-04-29 10:00:00,1433A,SWY,28.0,242.36596680271032,-214.36596680271032
2021-04-29 11:00:00,1433A,SWY,22.0,244.06355281003243,-222.06355281003243
2021-04-29 12:00:00,1433A,SWY,16.0,244.44539471102703,-228.44539471102703
2021-04-29 13:00:00,1433A,SWY,13.0,243.18425725813483,-230.18425725813483
2021-04-29 14:00:00,1433A,SWY,,241.63077720724806,
2021-04-29 15:00:00,1433A,SWY,15.0,239.67535580109507,-224.67535580109507
2021-04-29 16:00:00,1433A,SWY,15.0,238.64441271405585,-223.64441271405585
2021-04-29 17:00:00,1433A,SWY,13.0,237.61979478550438,-224.61979478550438
2021-04-29 18:00:00,1433A,SWY,11.0,236.35688279779868,-225.35688279779868
2021-04-29 19:00:00,1433A,SWY,12.0,237.0331073287301,-225.0331073287301
2021-04-29 20:00:00,1433A,SWY,15.0,238.00577037560888,-223.00577037560888
2021-04-29 21:00:00,1433A,SWY,23.0,238.67991571906438,-215.67991571906438
2021-04-29 22:00:00,1433A,SWY,29.0,240.3693190698485,-211.3693190698485
2021-04-29 23:00:00,1433A,SWY,33.0,240.04368581718916,-207.04368581718916
2021-04-30 00:00:00,1433A,SWY,39.0,240.37789861517064,-201.37789861517064
2021-04-30 01:00:00,1433A,SWY,39.0,239.50473477278263,-200.50473477278263
2021-04-30 02:00:00,1433A,SWY,41.0,238.9657570565105,-197.9657570565105
2021-04-30 03:00:00,1433A,SWY,42.0,238.30675907212142,-196.30675907212142
2021-04-30 04:00:00,1433A,SWY,47.0,237.81175357160953,-190.81175357160953
2021-04-30 05:00:00,1433A,SWY,51.0,237.63255555339637,-186.63255555339637
2021-04-30 06:00:00,1433A,SWY,51.0,238.00316554970513,-187.00316554970513
2021-04-30 07:00:00,1433A,SWY,58.0,237.9005403265008,-179.9005403265008
2021-04-30 08:00:00,1433A,SWY,73.0,239.57600305879137,-166.57600305879137
2021-04-30 09:00:00,1433A,SWY,89.0,241.88024382698853,-152.88024382698853
2021-04-30 10:00:00,1433A,SWY,78.0,243.42594371301064,-165.42594371301064
2021-04-30 11:00:00,1433A,SWY,58.0,245.12352972033275,-187.12352972033275
2021-04-30 12:00:00,1433A,SWY,51.0,245.50537162132736,-194.50537162132736
2021-04-30 13:00:00,1433A,SWY,48.0,244.24423416843516,-196.24423416843516
2021-04-30 14:00:00,1433A,SWY,31.0,242.69075411754838,-211.69075411754838
2021-04-30 15:00:00,1433A,SWY,36.0,240.7353327113954,-204.7353327113954
2021-04-30 16:00:00,1433A,SWY,34.0,239.70438962435617,-205.70438962435617
2021-04-30 17:00:00,1433A,SWY,28.0,238.6797716958047,-210.6797716958047
2021-04-30 18:00:00,1433A,SWY,28.0,237.416859708099,-209.416859708099
2021-04-30 19:00:00,1433A,SWY,33.0,238.09308423903042,-205.09308423903042
2021-04-30 20:00:00,1433A,SWY,39.0,239.0657472859092,-200.0657472859092
2021-04-30 21:00:00,1433A,SWY,44.0,239.7398926293647,-195.7398926293647
2021-04-30 22:00:00,1433A,SWY,48.0,241.42929598014882,-193.42929598014882
2021-04-30 23:00:00,1433A,SWY,54.0,241.10366272748948,-187.10366272748948
2021-05-01 00:00:00,1433A,SWY,64.0,241.43787552547096,-177.43787552547096
2021-05-01 01:00:00,1433A,SWY,71.0,240.56471168308295,-169.56471168308295
2021-05-01 02:00:00,1433A,SWY,75.0,240.02573396681083,-165.02573396681083
2021-05-01 03:00:00,1433A,SWY,75.0,239.36673598242174,-164.36673598242174
2021-05-01 04:00:00,1433A,SWY,77.0,238.87173048190985,-161.87173048190985
2021-05-01 05:00:00,1433A,SWY,73.0,238.6925324636967,-165.6925324636967
2021-05-01 06:00:00,1433A,SWY,66.0,239.06314246000545,-173.06314246000545
2021-05-01 07:00:00,1433A,SWY,67.0,238.9605172368011,-171.9605172368011
2021-05-01 08:00:00,1433A,SWY,68.0,240.6359799690917,-172.6359799690917
2021-05-01 09:00:00,1433A,SWY,72.0,242.94022073728885,-170.94022073728885
2021-05-01 10:00:00,1433A,SWY,63.0,244.48592062331096,-181.48592062331096
2021-05-01 11:00:00,1433A,SWY,35.0,246.18350663063308,-211.18350663063308
2021-05-01 12:00:00,1433A,SWY,42.0,246.56534853162768,-204.56534853162768
2021-05-01 13:00:00,1433A,SWY,36.0,245.30421107873548,-209.30421107873548
2021-05-01 14:00:00,1433A,SWY,38.0,243.7507310278487,-205.7507310278487
2021-05-01 15:00:00,1433A,SWY,33.0,241.7953096216957,-208.7953096216957
2021-05-01 16:00:00,1433A,SWY,33.0,240.7643665346565,-207.7643665346565
2021-05-01 17:00:00,1433A,SWY,32.0,239.73974860610502,-207.73974860610502
2021-05-01 18:00:00,1433A,SWY,32.0,238.47683661839932,-206.47683661839932
2021-05-01 19:00:00,1433A,SWY,35.0,239.15306114933074,-204.15306114933074
2021-05-01 20:00:00,1433A,SWY,39.0,240.12572419620952,-201.12572419620952
2021-05-01 21:00:00,1433A,SWY,42.0,240.79986953966502,-198.79986953966502
2021-05-01 22:00:00,1433A,SWY,44.0,242.48927289044914,-198.48927289044914
2021-05-01 23:00:00,1433A,SWY,44.0,242.1636396377898,-198.1636396377898
2021-05-02 00:00:00,1433A,SWY,50.0,242.49785243577128,-192.49785243577128
2021-05-02 01:00:00,1433A,SWY,53.0,241.62468859338327,-188.62468859338327
2021-05-02 02:00:00,1433A,SWY,52.0,241.08571087711115,-189.08571087711115
2021-05-02 03:00:00,1433A,SWY,51.0,240.42671289272207,-189.42671289272207
2021-05-02 04:00:00,1433A,SWY,54.0,239.93170739221017,-185.93170739221017
2021-05-02 05:00:00,1433A,SWY,61.0,239.75250937399701,-178.75250937399701
2021-05-02 06:00:00,1433A,SWY,80.0,240.12311937030577,-160.12311937030577
2021-05-02 07:00:00,1433A,SWY,92.0,240.02049414710143,-148.02049414710143
2021-05-02 08:00:00,1433A,SWY,87.0,241.695956879392,-154.695956879392
2021-05-02 09:00:00,1433A,SWY,90.0,244.00019764758918,-154.00019764758918
2021-05-02 10:00:00,1433A,SWY,75.0,245.54589753361128,-170.54589753361128
2021-05-02 11:00:00,1433A,SWY,66.0,247.2434835409334,-181.2434835409334
2021-05-02 12:00:00,1433A,SWY,63.0,247.625325441928,-184.625325441928
2021-05-02 13:00:00,1433A,SWY,49.0,246.3641879890358,-197.3641879890358
2021-05-02 14:00:00,1433A,SWY,47.0,244.81070793814902,-197.81070793814902
2021-05-02 15:00:00,1433A,SWY,52.0,242.85528653199603,-190.85528653199603
2021-05-02 16:00:00,1433A,SWY,48.0,241.8243434449568,-193.8243434449568
2021-05-02 17:00:00,1433A,SWY,43.0,240.79972551640535,-197.79972551640535
2021-05-02 18:00:00,1433A,SWY,46.0,239.53681352869964,-193.53681352869964
2021-05-02 19:00:00,1433A,SWY,47.0,240.21303805963106,-193.21303805963106
2021-05-02 20:00:00,1433A,SWY,50.0,241.18570110650984,-191.18570110650984
2021-05-02 21:00:00,1433A,SWY,42.0,241.85984644996535,-199.85984644996535
2021-05-02 22:00:00,1433A,SWY,38.0,243.54924980074946,-205.54924980074946
2021-05-02 23:00:00,1433A,SWY,37.0,243.22361654809012,-206.22361654809012
2021-05-03 00:00:00,1433A,SWY,40.0,243.5578293460716,-203.5578293460716
2021-05-03 01:00:00,1433A,SWY,42.0,242.6846655036836,-200.6846655036836
2021-05-03 02:00:00,1433A,SWY,44.0,242.14568778741148,-198.14568778741148
2021-05-03 03:00:00,1433A,SWY,42.0,241.4866898030224,-199.4866898030224
2021-05-03 04:00:00,1433A,SWY,25.0,240.9916843025105,-215.9916843025105
2021-05-03 05:00:00,1433A,SWY,22.0,240.81248628429734,-218.81248628429734
2021-05-03 06:00:00,1433A,SWY,21.0,241.1830962806061,-220.1830962806061
2021-05-03 07:00:00,1433A,SWY,20.0,241.08047105740175,-221.08047105740175
2021-05-03 08:00:00,1433A,SWY,20.0,242.75593378969234,-222.75593378969234
2021-05-03 09:00:00,1433A,SWY,19.0,245.0601745578895,-226.0601745578895
2021-05-03 10:00:00,1433A,SWY,19.0,246.6058744439116,-227.6058744439116
2021-05-03 11:00:00,1433A,SWY,20.0,248.30346045123372,-228.30346045123372
2021-05-03 12:00:00,1433A,SWY,22.0,248.68530235222832,-226.68530235222832
2021-05-03 13:00:00,1433A,SWY,33.0,247.42416489933612,-214.42416489933612
2021-05-03 14:00:00,1433A,SWY,35.0,245.87068484844934,-210.87068484844934
2021-05-03 15:00:00,1433A,SWY,35.0,243.91526344229635,-208.91526344229635
2021-05-03 16:00:00,1433A,SWY,28.0,242.88432035525713,-214.88432035525713
2021-05-03 17:00:00,1433A,SWY,25.0,241.85970242670567,-216.85970242670567
2021-05-03 18:00:00,1433A,SWY,22.0,240.59679043899996,-218.59679043899996
2021-05-03 19:00:00,1433A,SWY,21.0,241.27301496993138,-220.27301496993138
2021-05-03 20:00:00,1433A,SWY,20.0,242.24567801681016,-222.24567801681016
2021-05-03 21:00:00,1433A,SWY,22.0,242.91982336026567,-220.91982336026567
2021-05-03 22:00:00,1433A,SWY,20.0,244.60922671104979,-224.60922671104979
2021-05-03 23:00:00,1433A,SWY,20.0,244.28359345839044,-224.28359345839044
2021-05-04 00:00:00,1433A,SWY,23.0,244.61780625637192,-221.61780625637192
2021-05-04 01:00:00,1433A,SWY,24.0,243.7446424139839,-219.7446424139839
2021-05-04 02:00:00,1433A,SWY,26.0,243.2056646977118,-217.2056646977118
2021-05-04 03:00:00,1433A,SWY,31.0,242.5466667133227,-211.5466667133227
2021-05-04 04:00:00,1433A,SWY,23.0,242.0516612128108,-219.0516612128108
2021-05-04 05:00:00,1433A,SWY,20.0,241.87246319459766,-221.87246319459766
2021-05-04 06:00:00,1433A,SWY,25.0,242.24307319090641,-217.24307319090641
2021-05-04 07:00:00,1433A,SWY,22.0,242.14044796770207,-220.14044796770207
2021-05-04 08:00:00,1433A,SWY,21.0,243.81591069999266,-222.81591069999266
2021-05-04 09:00:00,1433A,SWY,25.0,246.12015146818982,-221.12015146818982
2021-05-04 10:00:00,1433A,SWY,29.0,247.66585135421192,-218.66585135421192
2021-05-04 11:00:00,1433A,SWY,32.0,249.36343736153404,-217.36343736153404
2021-05-04 12:00:00,1433A,SWY,39.0,249.74527926252864,-210.74527926252864
2021-05-04 13:00:00,1433A,SWY,40.0,248.48414180963644,-208.48414180963644
2021-05-04 14:00:00,1433A,SWY,41.0,246.93066175874966,-205.93066175874966
2021-05-04 15:00:00,1433A,SWY,43.0,244.97524035259667,-201.97524035259667
2021-05-04 16:00:00,1433A,SWY,45.0,243.94429726555745,-198.94429726555745
2021-05-04 17:00:00,1433A,SWY,42.0,242.919679337006,-200.919679337006
2021-05-04 18:00:00,1433A,SWY,32.0,241.65676734930028,-209.65676734930028
2021-05-04 19:00:00,1433A,SWY,31.0,242.3329918802317,-211.3329918802317
2021-05-04 20:00:00,1433A,SWY,33.0,243.30565492711048,-210.30565492711048
2021-05-04 21:00:00,1433A,SWY,34.0,243.979800270566,-209.979800270566
2021-05-04 22:00:00,1433A,SWY,36.0,245.6692036213501,-209.6692036213501
2021-05-04 23:00:00,1433A,SWY,33.0,245.34357036869076,-212.34357036869076
2021-05-05 00:00:00,1433A,SWY,33.0,245.67778316667224,-212.67778316667224
2021-05-05 01:00:00,1433A,SWY,35.0,244.80461932428423,-209.80461932428423
2021-05-05 02:00:00,1433A,SWY,28.0,244.26564160801212,-216.26564160801212
2021-05-05 03:00:00,1433A,SWY,25.0,243.60664362362303,-218.60664362362303
2021-05-05 04:00:00,1433A,SWY,26.0,243.11163812311113,-217.11163812311113
2021-05-05 05:00:00,1433A,SWY,26.0,242.93244010489798,-216.93244010489798
2021-05-05 06:00:00,1433A,SWY,27.0,243.30305010120674,-216.30305010120674
2021-05-05 07:00:00,1433A,SWY,29.0,243.2004248780024,-214.2004248780024
2021-05-05 08:00:00,1433A,SWY,32.0,244.87588761029298,-212.87588761029298
2021-05-05 09:00:00,1433A,SWY,33.0,247.18012837849014,-214.18012837849014
2021-05-05 10:00:00,1433A,SWY,36.0,248.72582826451224,-212.72582826451224
2021-05-05 11:00:00,1433A,SWY,47.0,250.42341427183436,-203.42341427183436
2021-05-05 12:00:00,1433A,SWY,58.0,250.80525617282896,-192.80525617282896
2021-05-05 13:00:00,1433A,SWY,51.0,249.54411871993676,-198.54411871993676
2021-05-05 14:00:00,1433A,SWY,38.0,247.99063866904999,-209.99063866904999
2021-05-05 15:00:00,1433A,SWY,37.0,246.035217262897,-209.035217262897
2021-05-05 16:00:00,1433A,SWY,30.0,245.00427417585777,-215.00427417585777
2021-05-05 17:00:00,1433A,SWY,31.0,243.9796562473063,-212.9796562473063
2021-05-05 18:00:00,1433A,SWY,32.0,242.7167442596006,-210.7167442596006
2021-05-05 19:00:00,1433A,SWY,34.0,243.39296879053202,-209.39296879053202
2021-05-05 20:00:00,1433A,SWY,33.0,244.3656318374108,-211.3656318374108
2021-05-05 21:00:00,1433A,SWY,32.0,245.0397771808663,-213.0397771808663
2021-05-05 22:00:00,1433A,SWY,33.0,246.72918053165043,-213.72918053165043
2021-05-05 23:00:00,1433A,SWY,33.0,246.40354727899108,-213.40354727899108
2021-05-06 00:00:00,1433A,SWY,36.0,246.73776007697256,-210.73776007697256
2021-05-06 01:00:00,1433A,SWY,39.0,245.86459623458455,-206.86459623458455
2021-05-06 02:00:00,1433A,SWY,35.0,245.32561851831244,-210.32561851831244
2021-05-06 03:00:00,1433A,SWY,36.0,244.66662053392335,-208.66662053392335
2021-05-06 04:00:00,1433A,SWY,46.0,244.17161503341146,-198.17161503341146
2021-05-06 05:00:00,1433A,SWY,50.0,243.9924170151983,-193.9924170151983
2021-05-06 06:00:00,1433A,SWY,50.0,244.36302701150706,-194.36302701150706
2021-05-06 07:00:00,1433A,SWY,42.0,244.26040178830272,-202.26040178830272
2021-05-06 08:00:00,1433A,SWY,38.0,245.9358645205933,-207.9358645205933
2021-05-06 09:00:00,1433A,SWY,39.0,248.24010528879046,-209.24010528879046
2021-05-06 10:00:00,1433A,SWY,39.0,249.78580517481257,-210.78580517481257
2021-05-06 11:00:00,1433A,SWY,41.0,251.48339118213468,-210.48339118213468
2021-05-06 12:00:00,1433A,SWY,40.0,251.86523308312928,-211.86523308312928
2021-05-06 13:00:00,1433A,SWY,42.0,250.60409563023708,-208.60409563023708
2021-05-06 14:00:00,1433A,SWY,41.0,249.0506155793503,-208.0506155793503
2021-05-06 15:00:00,1433A,SWY,39.0,247.0951941731973,-208.0951941731973
2021-05-06 16:00:00,1433A,SWY,,246.0642510861581,
2021-05-06 17:00:00,1433A,SWY,36.0,245.03963315760663,-209.03963315760663
2021-05-06 18:00:00,1433A,SWY,36.0,243.77672116990092,-207.77672116990092
2021-05-06 19:00:00,1433A,SWY,35.0,244.45294570083234,-209.45294570083234
2021-05-06 20:00:00,1433A,SWY,34.0,245.42560874771112,-211.42560874771112
2021-05-06 21:00:00,1433A,SWY,32.0,246.09975409116663,-214.09975409116663
2021-05-06 22:00:00,1433A,SWY,31.0,247.78915744195075,-216.78915744195075
2021-05-06 23:00:00,1433A,SWY,28.0,247.4635241892914,-219.4635241892914
2021-05-07 00:00:00,1433A,SWY,25.0,247.79773698727288,-222.79773698727288
2021-05-07 01:00:00,1433A,SWY,25.0,246.92457314488487,-221.92457314488487
2021-05-07 02:00:00,1433A,SWY,29.0,246.38559542861276,-217.38559542861276
2021-05-07 03:00:00,1433A,SWY,35.0,245.72659744422367,-210.72659744422367
2021-05-07 04:00:00,1433A,SWY,38.0,245.23159194371178,-207.23159194371178
2021-05-07 05:00:00,1433A,SWY,37.0,245.05239392549862,-208.05239392549862
2021-05-07 06:00:00,1433A,SWY,40.0,245.42300392180738,-205.42300392180738
2021-05-07 07:00:00,1433A,SWY,41.0,245.32037869860304,-204.32037869860304
2021-05-07 08:00:00,1433A,SWY,43.0,246.99584143089362,-203.99584143089362
2021-05-07 09:00:00,1433A,SWY,55.0,249.30008219909078,-194.30008219909078
2021-05-07 10:00:00,1433A,SWY,56.0,250.8457820851129,-194.8457820851129
2021-05-07 11:00:00,1433A,SWY,53.0,252.543368092435,-199.543368092435
2021-05-07 12:00:00,1433A,SWY,50.0,252.9252099934296,-202.9252099934296
2021-05-07 13:00:00,1433A,SWY,56.0,251.6640725405374,-195.6640725405374
2021-05-07 14:00:00,1433A,SWY,56.0,250.11059248965063,-194.11059248965063
2021-05-07 15:00:00,1433A,SWY,47.0,248.15517108349763,-201.15517108349763
2021-05-07 16:00:00,1433A,SWY,39.0,247.12422799645842,-208.12422799645842
2021-05-07 17:00:00,1433A,SWY,34.0,246.09961006790695,-212.09961006790695
2021-05-07 18:00:00,1433A,SWY,35.0,244.83669808020124,-209.83669808020124
2021-05-07 19:00:00,1433A,SWY,34.0,245.51292261113267,-211.51292261113267
2021-05-07 20:00:00,1433A,SWY,36.0,246.48558565801144,-210.48558565801144
2021-05-07 21:00:00,1433A,SWY,34.0,247.15973100146695,-213.15973100146695
2021-05-07 22:00:00,1433A,SWY,39.0,248.84913435225107,-209.84913435225107
2021-05-07 23:00:00,1433A,SWY,35.0,248.52350109959173,-213.52350109959173
2021-05-08 00:00:00,1433A,SWY,32.0,248.8577138975732,-216.8577138975732
2021-05-08 01:00:00,1433A,SWY,33.0,247.9845500551852,-214.9845500551852
2021-05-08 02:00:00,1433A,SWY,36.0,247.44557233891308,-211.44557233891308
2021-05-08 03:00:00,1433A,SWY,36.0,246.786574354524,-210.786574354524
2021-05-08 04:00:00,1433A,SWY,34.0,246.2915688540121,-212.2915688540121
2021-05-08 05:00:00,1433A,SWY,40.0,246.11237083579894,-206.11237083579894
2021-05-08 06:00:00,1433A,SWY,48.0,246.4829808321077,-198.4829808321077
2021-05-08 07:00:00,1433A,SWY,49.0,246.38035560890336,-197.38035560890336
2021-05-08 08:00:00,1433A,SWY,47.0,248.05581834119394,-201.05581834119394
2021-05-08 09:00:00,1433A,SWY,48.0,250.3600591093911,-202.3600591093911
2021-05-08 10:00:00,1433A,SWY,46.0,251.9057589954132,-205.9057589954132
2021-05-08 11:00:00,1433A,SWY,48.0,253.60334500273532,-205.60334500273532
2021-05-08 12:00:00,1433A,SWY,50.0,253.98518690372993,-203.98518690372993
2021-05-08 13:00:00,1433A,SWY,56.0,252.72404945083773,-196.72404945083773
2021-05-08 14:00:00,1433A,SWY,47.0,251.17056939995095,-204.17056939995095
2021-05-08 15:00:00,1433A,SWY,39.0,249.21514799379796,-210.21514799379796
2021-05-08 16:00:00,1433A,SWY,32.0,248.18420490675874,-216.18420490675874
2021-05-08 17:00:00,1433A,SWY,33.0,247.15958697820727,-214.15958697820727
2021-05-08 18:00:00,1433A,SWY,34.0,245.89667499050157,-211.89667499050157
2021-05-08 19:00:00,1433A,SWY,36.0,246.572899521433,-210.572899521433
2021-05-08 20:00:00,1433A,SWY,37.0,247.54556256831177,-210.54556256831177
2021-05-08 21:00:00,1433A,SWY,36.0,248.21970791176727,-212.21970791176727
2021-05-08 22:00:00,1433A,SWY,37.0,249.9091112625514,-212.9091112625514
2021-05-08 23:00:00,1433A,SWY,42.0,249.58347800989205,-207.58347800989205
2021-05-09 00:00:00,1433A,SWY,41.0,249.91769080787353,-208.91769080787353
2021-05-09 01:00:00,1433A,SWY,39.0,249.04452696548552,-210.04452696548552
2021-05-09 02:00:00,1433A,SWY,37.0,248.5055492492134,-211.5055492492134
2021-05-09 03:00:00,1433A,SWY,45.0,247.8465512648243,-202.8465512648243
2021-05-09 04:00:00,1433A,SWY,46.0,247.35154576431242,-201.35154576431242
2021-05-09 05:00:00,1433A,SWY,50.0,247.17234774609926,-197.17234774609926
2021-05-09 06:00:00,1433A,SWY,49.0,247.54295774240802,-198.54295774240802
2021-05-09 07:00:00,1433A,SWY,48.0,247.44033251920368,-199.44033251920368
2021-05-09 08:00:00,1433A,SWY,51.0,249.11579525149426,-198.11579525149426
2021-05-09 09:00:00,1433A,SWY,61.0,251.42003601969142,-190.42003601969142
2021-05-09 10:00:00,1433A,SWY,67.0,252.96573590571353,-185.96573590571353
2021-05-09 11:00:00,1433A,SWY,66.0,254.66332191303565,-188.66332191303565
2021-05-09 12:00:00,1433A,SWY,69.0,255.04516381403025,-186.04516381403025
2021-05-09 13:00:00,1433A,SWY,64.0,253.78402636113805,-189.78402636113805
2021-05-09 14:00:00,1433A,SWY,62.0,252.23054631025127,-190.23054631025127
2021-05-09 15:00:00,1433A,SWY,56.0,250.27512490409828,-194.27512490409828
2021-05-09 16:00:00,1433A,SWY,44.0,249.24418181705906,-205.24418181705906
2021-05-09 17:00:00,1433A,SWY,40.0,248.2195638885076,-208.2195638885076
2021-05-09 18:00:00,1433A,SWY,36.0,246.9566519008019,-210.9566519008019
2021-05-09 19:00:00,1433A,SWY,39.0,247.6328764317333,-208.6328764317333
2021-05-09 20:00:00,1433A,SWY,38.0,248.6055394786121,-210.6055394786121
2021-05-09 21:00:00,1433A,SWY,37.0,249.2796848220676,-212.2796848220676
2021-05-09 22:00:00,1433A,SWY,43.0,250.9690881728517,-207.9690881728517
2021-05-09 23:00:00,1433A,SWY,59.0,250.64345492019237,-191.64345492019237
2021-05-10 00:00:00,1433A,SWY,70.0,250.97766771817385,-180.97766771817385
2021-05-10 01:00:00,1433A,SWY,70.0,250.10450387578584,-180.10450387578584
2021-05-10 02:00:00,1433A,SWY,64.0,249.56552615951372,-185.56552615951372
2021-05-10 03:00:00,1433A,SWY,45.0,248.90652817512463,-203.90652817512463
2021-05-10 04:00:00,1433A,SWY,37.0,248.41152267461274,-211.41152267461274
2021-05-10 05:00:00,1433A,SWY,51.0,248.23232465639958,-197.23232465639958
2021-05-10 06:00:00,1433A,SWY,81.0,248.60293465270834,-167.60293465270834
2021-05-10 07:00:00,1433A,SWY,82.0,248.500309429504,-166.500309429504
2021-05-10 08:00:00,1433A,SWY,73.0,250.17577216179458,-177.17577216179458
2021-05-10 09:00:00,1433A,SWY,63.0,252.48001292999174,-189.48001292999174
2021-05-10 10:00:00,1433A,SWY,70.0,254.02571281601385,-184.02571281601385
2021-05-10 11:00:00,1433A,SWY,85.0,255.72329882333597,-170.72329882333597
2021-05-10 12:00:00,1433A,SWY,79.0,256.10514072433057,-177.10514072433057
2021-05-10 13:00:00,1433A,SWY,50.0,254.84400327143837,-204.84400327143837
2021-05-10 14:00:00,1433A,SWY,44.0,253.2905232205516,-209.2905232205516
2021-05-10 15:00:00,1433A,SWY,67.0,251.3351018143986,-184.3351018143986
2021-05-10 16:00:00,1433A,SWY,35.0,250.30415872735938,-215.30415872735938
2021-05-10 17:00:00,1433A,SWY,18.0,249.27954079880791,-231.27954079880791
2021-05-10 18:00:00,1433A,SWY,18.0,248.0166288111022,-230.0166288111022
2021-05-10 19:00:00,1433A,SWY,17.0,248.69285334203363,-231.69285334203363
2021-05-10 20:00:00,1433A,SWY,19.0,249.6655163889124,-230.6655163889124
2021-05-10 21:00:00,1433A,SWY,17.0,250.33966173236792,-233.33966173236792
2021-05-10 22:00:00,1433A,SWY,16.0,252.02906508315203,-236.02906508315203
2021-05-10 23:00:00,1433A,SWY,16.0,251.7034318304927,-235.7034318304927
2021-05-11 00:00:00,1433A,SWY,23.0,252.03764462847417,-229.03764462847417
2021-05-11 01:00:00,1433A,SWY,22.0,251.16448078608616,-229.16448078608616
2021-05-11 02:00:00,1433A,SWY,12.0,250.62550306981404,-238.62550306981404
2021-05-11 03:00:00,1433A,SWY,10.0,249.96650508542496,-239.96650508542496
2021-05-11 04:00:00,1433A,SWY,11.0,249.47149958491306,-238.47149958491306
2021-05-11 05:00:00,1433A,SWY,12.0,249.2923015666999,-237.2923015666999
2021-05-11 06:00:00,1433A,SWY,12.0,249.66291156300866,-237.66291156300866
2021-05-11 07:00:00,1433A,SWY,13.0,249.56028633980432,-236.56028633980432
2021-05-11 08:00:00,1433A,SWY,16.0,251.2357490720949,-235.2357490720949
2021-05-11 09:00:00,1433A,SWY,18.0,253.53998984029207,-235.53998984029207
2021-05-11 10:00:00,1433A,SWY,17.0,255.08568972631417,-238.08568972631417
2021-05-11 11:00:00,1433A,SWY,15.0,256.7832757336363,-241.7832757336363
2021-05-11 12:00:00,1433A,SWY,15.0,257.16511763463086,-242.16511763463086
2021-05-11 13:00:00,1433A,SWY,15.0,255.90398018173866,-240.90398018173866
2021-05-11 14:00:00,1433A,SWY,17.0,254.35050013085188,-237.35050013085188
2021-05-11 15:00:00,1433A,SWY,19.0,252.3950787246989,-233.3950787246989
2021-05-11 16:00:00,1433A,SWY,18.0,251.36413563765967,-233.36413563765967
2021-05-11 17:00:00,1433A,SWY,18.0,250.3395177091082,-232.3395177091082
2021-05-11 18:00:00,1433A,SWY,14.0,249.0766057214025,-235.0766057214025
2021-05-11 19:00:00,1433A,SWY,16.0,249.75283025233392,-233.75283025233392
2021-05-11 20:00:00,1433A,SWY,17.0,250.7254932992127,-233.7254932992127
2021-05-11 21:00:00,1433A,SWY,18.0,251.3996386426682,-233.3996386426682
2021-05-11 22:00:00,1433A,SWY,19.0,253.08904199345233,-234.08904199345233
2021-05-11 23:00:00,1433A,SWY,19.0,252.76340874079298,-233.76340874079298
2021-05-12 00:00:00,1433A,SWY,19.0,253.09762153877446,-234.09762153877446
2021-05-12 01:00:00,1433A,SWY,20.0,252.22445769638645,-232.22445769638645
2021-05-12 02:00:00,1433A,SWY,21.0,251.68547998011434,-230.68547998011434
2021-05-12 03:00:00,1433A,SWY,24.0,251.02648199572525,-227.02648199572525
2021-05-12 04:00:00,1433A,SWY,31.0,250.53147649521335,-219.53147649521335
2021-05-12 05:00:00,1433A,SWY,33.0,250.3522784770002,-217.3522784770002
2021-05-12 06:00:00,1433A,SWY,36.0,250.72288847330896,-214.72288847330896
2021-05-12 07:00:00,1433A,SWY,40.0,250.6202632501046,-210.6202632501046
2021-05-12 08:00:00,1433A,SWY,38.0,252.2957259823952,-214.2957259823952
2021-05-12 09:00:00,1433A,SWY,40.0,254.59996675059236,-214.59996675059236
2021-05-12 10:00:00,1433A,SWY,41.0,256.14566663661446,-215.14566663661446
2021-05-12 11:00:00,1433A,SWY,31.0,257.8432526439366,-226.84325264393658
2021-05-12 12:00:00,1433A,SWY,31.0,258.22509454493115,-227.22509454493115
2021-05-12 13:00:00,1433A,SWY,34.0,256.963957092039,-222.96395709203898
2021-05-12 14:00:00,1433A,SWY,33.0,255.4104770411522,-222.4104770411522
2021-05-12 15:00:00,1433A,SWY,41.0,253.4550556349992,-212.4550556349992
2021-05-12 16:00:00,1433A,SWY,30.0,252.42411254796,-222.42411254796
2021-05-12 17:00:00,1433A,SWY,28.0,251.39949461940853,-223.39949461940853
2021-05-12 18:00:00,1433A,SWY,28.0,250.13658263170282,-222.13658263170282
2021-05-12 19:00:00,1433A,SWY,27.0,250.81280716263424,-223.81280716263424
2021-05-12 20:00:00,1433A,SWY,22.0,251.78547020951302,-229.78547020951302
2021-05-12 21:00:00,1433A,SWY,23.0,252.45961555296853,-229.45961555296853
2021-05-12 22:00:00,1433A,SWY,26.0,254.14901890375265,-228.14901890375265
2021-05-12 23:00:00,1433A,SWY,27.0,253.8233856510933,-226.8233856510933
2021-05-13 00:00:00,1433A,SWY,29.0,254.15759844907478,-225.15759844907478
2021-05-13 01:00:00,1433A,SWY,30.0,253.28443460668677,-223.28443460668677
2021-05-13 02:00:00,1433A,SWY,46.0,252.74545689041466,-206.74545689041466
2021-05-13 03:00:00,1433A,SWY,57.0,252.08645890602557,-195.08645890602557
2021-05-13 04:00:00,1433A,SWY,54.0,251.59145340551368,-197.59145340551368
2021-05-13 05:00:00,1433A,SWY,52.0,251.41225538730052,-199.41225538730052
2021-05-13 06:00:00,1433A,SWY,51.0,251.78286538360928,-200.78286538360928
2021-05-13 07:00:00,1433A,SWY,45.0,251.68024016040494,-206.68024016040494
2021-05-13 08:00:00,1433A,SWY,42.0,253.35570289269552,-211.35570289269552
2021-05-13 09:00:00,1433A,SWY,37.0,255.65994366089268,-218.65994366089268
2021-05-13 10:00:00,1433A,SWY,36.0,257.20564354691476,-221.20564354691476
2021-05-13 11:00:00,1433A,SWY,40.0,258.9032295542369,-218.90322955423687
2021-05-13 12:00:00,1433A,SWY,48.0,259.28507145523145,-211.28507145523145
2021-05-13 13:00:00,1433A,SWY,56.0,258.0239340023393,-202.02393400233927
2021-05-13 14:00:00,1433A,SWY,52.0,256.4704539514525,-204.4704539514525
2021-05-13 15:00:00,1433A,SWY,42.0,254.5150325452995,-212.5150325452995
2021-05-13 16:00:00,1433A,SWY,38.0,253.48408945826029,-215.48408945826029
2021-05-13 17:00:00,1433A,SWY,28.0,252.45947152970882,-224.45947152970882
2021-05-13 18:00:00,1433A,SWY,22.0,251.19655954200311,-229.19655954200311
2021-05-13 19:00:00,1433A,SWY,25.0,251.87278407293454,-226.87278407293454
2021-05-13 20:00:00,1433A,SWY,26.0,252.84544711981331,-226.84544711981331
2021-05-13 21:00:00,1433A,SWY,34.0,253.51959246326882,-219.51959246326882
2021-05-13 22:00:00,1433A,SWY,39.0,255.20899581405294,-216.20899581405294
2021-05-13 23:00:00,1433A,SWY,43.0,254.8833625613936,-211.8833625613936
2021-05-14 00:00:00,1433A,SWY,42.0,255.21757535937508,-213.21757535937508
2021-05-14 01:00:00,1433A,SWY,46.0,254.34441151698707,-208.34441151698707
2021-05-14 02:00:00,1433A,SWY,48.0,253.80543380071495,-205.80543380071495
2021-05-14 03:00:00,1433A,SWY,50.0,253.14643581632586,-203.14643581632586
2021-05-14 04:00:00,1433A,SWY,52.0,252.65143031581397,-200.65143031581397
2021-05-14 05:00:00,1433A,SWY,52.0,252.4722322976008,-200.4722322976008
2021-05-14 06:00:00,1433A,SWY,49.0,252.84284229390957,-203.84284229390957
2021-05-14 07:00:00,1433A,SWY,51.0,252.74021707070523,-201.74021707070523
2021-05-14 08:00:00,1433A,SWY,53.0,254.4156798029958,-201.4156798029958
2021-05-14 09:00:00,1433A,SWY,45.0,256.719920571193,-211.71992057119297
2021-05-14 10:00:00,1433A,SWY,43.0,258.26562045721505,-215.26562045721505
2021-05-14 11:00:00,1433A,SWY,48.0,259.96320646453717,-211.96320646453717
2021-05-14 12:00:00,1433A,SWY,48.0,260.34504836553174,-212.34504836553174
2021-05-14 13:00:00,1433A,SWY,48.0,259.08391091263957,-211.08391091263957
2021-05-14 14:00:00,1433A,SWY,42.0,257.5304308617528,-215.5304308617528
2021-05-14 15:00:00,1433A,SWY,39.0,255.5750094555998,-216.5750094555998
2021-05-14 16:00:00,1433A,SWY,40.0,254.54406636856058,-214.54406636856058
2021-05-14 17:00:00,1433A,SWY,37.0,253.5194484400091,-216.5194484400091
2021-05-14 18:00:00,1433A,SWY,36.0,252.2565364523034,-216.2565364523034
2021-05-14 19:00:00,1433A,SWY,44.0,252.93276098323483,-208.93276098323483
2021-05-14 20:00:00,1433A,SWY,48.0,253.9054240301136,-205.9054240301136
2021-05-14 21:00:00,1433A,SWY,42.0,254.57956937356911,-212.57956937356911
2021-05-14 22:00:00,1433A,SWY,37.0,256.26897272435326,-219.26897272435326
2021-05-14 23:00:00,1433A,SWY,37.0,255.94333947169392,-218.94333947169392
2021-05-15 00:00:00,1433A,SWY,38.0,256.27755226967537,-218.27755226967537
2021-05-15 01:00:00,1433A,SWY,38.0,255.40438842728736,-217.40438842728736
2021-05-15 02:00:00,1433A,SWY,39.0,254.86541071101524,-215.86541071101524
2021-05-15 03:00:00,1433A,SWY,34.0,254.20641272662616,-220.20641272662616
2021-05-15 04:00:00,1433A,SWY,20.0,253.71140722611426,-233.71140722611426
2021-05-15 05:00:00,1433A,SWY,12.0,253.5322092079011,-241.5322092079011
2021-05-15 06:00:00,1433A,SWY,9.0,253.90281920420986,-244.90281920420986
2021-05-15 07:00:00,1433A,SWY,11.0,253.80019398100552,-242.80019398100552
2021-05-15 08:00:00,1433A,SWY,12.0,255.4756567132961,-243.4756567132961
2021-05-15 09:00:00,1433A,SWY,13.0,257.77989748149326,-244.77989748149326
2021-05-15 10:00:00,1433A,SWY,11.0,259.32559736751534,-248.32559736751534
2021-05-15 11:00:00,1433A,SWY,7.0,261.02318337483746,-254.02318337483746
2021-05-15 12:00:00,1433A,SWY,3.0,261.40502527583203,-258.40502527583203
2021-05-15 13:00:00,1433A,SWY,4.0,260.14388782293986,-256.14388782293986
2021-05-15 14:00:00,1433A,SWY,7.0,258.5904077720531,-251.59040777205308
2021-05-15 15:00:00,1433A,SWY,6.0,256.6349863659001,-250.6349863659001
2021-05-15 16:00:00,1433A,SWY,4.0,255.60404327886087,-251.60404327886087
2021-05-15 17:00:00,1433A,SWY,6.0,254.5794253503094,-248.5794253503094
2021-05-15 18:00:00,1433A,SWY,6.0,253.3165133626037,-247.3165133626037
2021-05-15 19:00:00,1433A,SWY,16.0,253.99273789353512,-237.99273789353512
2021-05-15 20:00:00,1433A,SWY,20.0,254.9654009404139,-234.9654009404139
2021-05-15 21:00:00,1433A,SWY,20.0,255.6395462838694,-235.6395462838694
2021-05-15 22:00:00,1433A,SWY,21.0,257.32894963465355,-236.32894963465355
2021-05-15 23:00:00,1433A,SWY,7.0,257.0033163819942,-250.00331638199418
2021-05-16 00:00:00,1433A,SWY,6.0,257.33752917997566,-251.33752917997566
2021-05-16 01:00:00,1433A,SWY,4.0,256.46436533758765,-252.46436533758765
2021-05-16 02:00:00,1433A,SWY,7.0,255.92538762131554,-248.92538762131554
2021-05-16 03:00:00,1433A,SWY,9.0,255.26638963692645,-246.26638963692645
2021-05-16 04:00:00,1433A,SWY,10.0,254.77138413641455,-244.77138413641455
2021-05-16 05:00:00,1433A,SWY,15.0,254.5921861182014,-239.5921861182014
2021-05-16 06:00:00,1433A,SWY,12.0,254.96279611451016,-242.96279611451016
2021-05-16 07:00:00,1433A,SWY,8.0,254.8601708913058,-246.8601708913058
2021-05-16 08:00:00,1433A,SWY,9.0,256.5356336235964,-247.53563362359642
2021-05-16 09:00:00,1433A,SWY,13.0,258.83987439179356,-245.83987439179356
2021-05-16 10:00:00,1433A,SWY,18.0,260.38557427781564,-242.38557427781564
2021-05-16 11:00:00,1433A,SWY,18.0,262.08316028513775,-244.08316028513775
2021-05-16 12:00:00,1433A,SWY,21.0,262.4650021861323,-241.46500218613232
2021-05-16 13:00:00,1433A,SWY,22.0,261.20386473324015,-239.20386473324015
2021-05-16 14:00:00,1433A,SWY,12.0,259.6503846823534,-247.65038468235338
2021-05-16 15:00:00,1433A,SWY,10.0,257.6949632762004,-247.69496327620038
2021-05-16 16:00:00,1433A,SWY,12.0,256.6640201891612,-244.6640201891612
2021-05-16 17:00:00,1433A,SWY,10.0,255.63940226060973,-245.63940226060973
2021-05-16 18:00:00,1433A,SWY,10.0,254.37649027290402,-244.37649027290402
2021-05-16 19:00:00,1433A,SWY,12.0,255.05271480383544,-243.05271480383544
2021-05-16 20:00:00,1433A,SWY,12.0,256.0253778507142,-244.02537785071422
2021-05-16 21:00:00,1433A,SWY,13.0,256.6995231941697,-243.69952319416973
2021-05-16 22:00:00,1433A,SWY,16.0,258.38892654495385,-242.38892654495385
2021-05-16 23:00:00,1433A,SWY,23.0,258.0632932922945,-235.06329329229447
2021-05-17 00:00:00,1433A,SWY,30.0,258.39750609027595,-228.39750609027595
2021-05-17 01:00:00,1433A,SWY,27.0,257.52434224788794,-230.52434224788794
2021-05-17 02:00:00,1433A,SWY,16.0,256.98536453161586,-240.98536453161586
2021-05-17 03:00:00,1433A,SWY,10.0,256.32636654722677,-246.32636654722677
2021-05-17 04:00:00,1433A,SWY,10.0,255.83136104671487,-245.83136104671487
2021-05-17 05:00:00,1433A,SWY,11.0,255.65216302850172,-244.65216302850172
2021-05-17 06:00:00,1433A,SWY,11.0,256.0227730248105,-245.02277302481048
2021-05-17 07:00:00,1433A,SWY,12.0,255.92014780160613,-243.92014780160613
2021-05-17 08:00:00,1433A,SWY,12.0,257.5956105338967,-245.59561053389672
2021-05-17 09:00:00,1433A,SWY,13.0,259.89985130209385,-246.89985130209385
2021-05-17 10:00:00,1433A,SWY,16.0,261.4455511881159,-245.44555118811593
2021-05-17 11:00:00,1433A,SWY,16.0,263.14313719543804,-247.14313719543804
2021-05-17 12:00:00,1433A,SWY,14.0,263.5249790964326,-249.52497909643262
2021-05-17 13:00:00,1433A,SWY,14.0,262.26384164354045,-248.26384164354045
2021-05-17 14:00:00,1433A,SWY,13.0,260.71036159265367,-247.71036159265367
2021-05-17 15:00:00,1433A,SWY,14.0,258.7549401865007,-244.75494018650068
2021-05-17 16:00:00,1433A,SWY,17.0,257.7239970994615,-240.72399709946149
2021-05-17 17:00:00,1433A,SWY,18.0,256.69937917091005,-238.69937917091005
2021-05-17 18:00:00,1433A,SWY,19.0,255.43646718320434,-236.43646718320434
2021-05-17 19:00:00,1433A,SWY,18.0,256.1126917141358,-238.1126917141358
2021-05-17 20:00:00,1433A,SWY,20.0,257.08535476101457,-237.08535476101457
2021-05-17 21:00:00,1433A,SWY,22.0,257.7595001044701,-235.75950010447008
2021-05-17 22:00:00,1433A,SWY,25.0,259.4489034552542,-234.4489034552542
2021-05-17 23:00:00,1433A,SWY,34.0,259.1232702025948,-225.12327020259482
2021-05-18 00:00:00,1433A,SWY,29.0,259.4574830005763,-230.4574830005763
2021-05-18 01:00:00,1433A,SWY,31.0,258.5843191581883,-227.5843191581883
2021-05-18 02:00:00,1433A,SWY,32.0,258.0453414419162,-226.0453414419162
2021-05-18 03:00:00,1433A,SWY,32.0,257.3863434575271,-225.38634345752712
2021-05-18 04:00:00,1433A,SWY,39.0,256.89133795701525,-217.89133795701525
2021-05-18 05:00:00,1433A,SWY,38.0,256.71213993880207,-218.71213993880207
2021-05-18 06:00:00,1433A,SWY,29.0,257.0827499351108,-228.08274993511083
2021-05-18 07:00:00,1433A,SWY,21.0,256.9801247119065,-235.9801247119065
2021-05-18 08:00:00,1433A,SWY,23.0,258.6555874441971,-235.65558744419712
2021-05-18 09:00:00,1433A,SWY,24.0,260.95982821239426,-236.95982821239426
2021-05-18 10:00:00,1433A,SWY,31.0,262.50552809841633,-231.50552809841633
2021-05-18 11:00:00,1433A,SWY,23.0,264.20311410573845,-241.20311410573845
2021-05-18 12:00:00,1433A,SWY,15.0,264.584956006733,-249.58495600673302
2021-05-18 13:00:00,1433A,SWY,14.0,263.32381855384085,-249.32381855384085
2021-05-18 14:00:00,1433A,SWY,13.0,261.7703385029541,-248.77033850295408
2021-05-18 15:00:00,1433A,SWY,13.0,259.8149170968011,-246.81491709680108
2021-05-18 16:00:00,1433A,SWY,14.0,258.7839740097619,-244.7839740097619
2021-05-18 17:00:00,1433A,SWY,14.0,257.75935608121046,-243.75935608121046
2021-05-18 18:00:00,1433A,SWY,19.0,256.49644409350475,-237.49644409350475
2021-05-18 19:00:00,1433A,SWY,21.0,257.1726686244362,-236.1726686244362
2021-05-18 20:00:00,1433A,SWY,30.0,258.145331671315,-228.14533167131498
2021-05-18 21:00:00,1433A,SWY,31.0,258.8194770147705,-227.81947701477048
2021-05-18 22:00:00,1433A,SWY,28.0,260.5088803655546,-232.5088803655546
2021-05-18 23:00:00,1433A,SWY,25.0,260.18324711289523,-235.18324711289523
2021-05-19 00:00:00,1433A,SWY,30.0,260.5174599108767,-230.5174599108767
2021-05-19 01:00:00,1433A,SWY,29.0,259.6442960684887,-230.6442960684887
2021-05-19 02:00:00,1433A,SWY,35.0,259.1053183522166,-224.1053183522166
2021-05-19 03:00:00,1433A,SWY,45.0,258.4463203678275,-213.44632036782752
2021-05-19 04:00:00,1433A,SWY,48.0,257.95131486731566,-209.95131486731566
2021-05-19 05:00:00,1433A,SWY,46.0,257.7721168491025,-211.77211684910247
2021-05-19 06:00:00,1433A,SWY,49.0,258.14272684541123,-209.14272684541123
2021-05-19 07:00:00,1433A,SWY,47.0,258.0401016222069,-211.04010162220692
2021-05-19 08:00:00,1433A,SWY,41.0,259.71556435449753,-218.71556435449753
2021-05-19 09:00:00,1433A,SWY,40.0,262.01980512269466,-222.01980512269466
2021-05-19 10:00:00,1433A,SWY,40.0,263.56550500871674,-223.56550500871674
2021-05-19 11:00:00,1433A,SWY,47.0,265.26309101603886,-218.26309101603886
2021-05-19 12:00:00,1433A,SWY,53.0,265.64493291703343,-212.64493291703343
2021-05-19 13:00:00,1433A,SWY,50.0,264.38379546414126,-214.38379546414126
2021-05-19 14:00:00,1433A,SWY,51.0,262.8303154132545,-211.83031541325448
2021-05-19 15:00:00,1433A,SWY,50.0,260.8748940071015,-210.8748940071015
2021-05-19 16:00:00,1433A,SWY,47.0,259.8439509200623,-212.8439509200623
2021-05-19 17:00:00,1433A,SWY,51.0,258.81933299151086,-207.81933299151086
2021-05-19 18:00:00,1433A,SWY,53.0,257.55642100380516,-204.55642100380516
2021-05-19 19:00:00,1433A,SWY,53.0,258.2326455347366,-205.2326455347366
2021-05-19 20:00:00,1433A,SWY,46.0,259.2053085816154,-213.20530858161538
2021-05-19 21:00:00,1433A,SWY,35.0,259.8794539250709,-224.8794539250709
2021-05-19 22:00:00,1433A,SWY,46.0,261.568857275855,-215.568857275855
2021-05-19 23:00:00,1433A,SWY,59.0,261.24322402319564,-202.24322402319564
2021-05-20 00:00:00,1433A,SWY,64.0,261.5774368211771,-197.57743682117712
2021-05-20 01:00:00,1433A,SWY,65.0,260.7042729787891,-195.7042729787891
2021-05-20 02:00:00,1433A,SWY,66.0,260.165295262517,-194.16529526251702
2021-05-20 03:00:00,1433A,SWY,68.0,259.50629727812793,-191.50629727812793
2021-05-20 04:00:00,1433A,SWY,69.0,259.01129177761607,-190.01129177761607
2021-05-20 05:00:00,1433A,SWY,69.0,258.8320937594029,-189.83209375940288
2021-05-20 06:00:00,1433A,SWY,64.0,259.20270375571164,-195.20270375571164
2021-05-20 07:00:00,1433A,SWY,52.0,259.1000785325073,-207.10007853250733
2021-05-20 08:00:00,1433A,SWY,39.0,260.77554126479794,-221.77554126479794
2021-05-20 09:00:00,1433A,SWY,35.0,263.07978203299507,-228.07978203299507
2021-05-20 10:00:00,1433A,SWY,37.0,264.62548191901715,-227.62548191901715
2021-05-20 11:00:00,1433A,SWY,34.0,266.32306792633926,-232.32306792633926
2021-05-20 12:00:00,1433A,SWY,22.0,266.70490982733384,-244.70490982733384
2021-05-20 13:00:00,1433A,SWY,18.0,265.44377237444166,-247.44377237444166
2021-05-20 14:00:00,1433A,SWY,28.0,263.8902923235549,-235.8902923235549
2021-05-20 15:00:00,1433A,SWY,37.0,261.9348709174019,-224.9348709174019
2021-05-20 16:00:00,1433A,SWY,31.0,260.9039278303627,-229.9039278303627
2021-05-20 17:00:00,1433A,SWY,30.0,259.87930990181127,-229.87930990181127
2021-05-20 18:00:00,1433A,SWY,18.0,258.61639791410556,-240.61639791410556
2021-05-20 19:00:00,1433A,SWY,17.0,259.292622445037,-242.292622445037
2021-05-20 20:00:00,1433A,SWY,27.0,260.2652854919158,-233.2652854919158
2021-05-20 21:00:00,1433A,SWY,33.0,260.9394308353713,-227.9394308353713
2021-05-20 22:00:00,1433A,SWY,40.0,262.6288341861554,-222.62883418615542
2021-05-20 23:00:00,1433A,SWY,38.0,262.30320093349604,-224.30320093349604
2021-05-21 00:00:00,1433A,SWY,38.0,262.6374137314775,-224.63741373147752
2021-05-21 01:00:00,1433A,SWY,40.0,261.7642498890895,-221.7642498890895
2021-05-21 02:00:00,1433A,SWY,43.0,261.2252721728174,-218.22527217281743
2021-05-21 03:00:00,1433A,SWY,43.0,260.56627418842834,-217.56627418842834
2021-05-21 04:00:00,1433A,SWY,21.0,260.0712686879165,-239.07126868791647
2021-05-21 05:00:00,1433A,SWY,19.0,259.8920706697033,-240.8920706697033
2021-05-21 06:00:00,1433A,SWY,14.0,260.26268066601205,-246.26268066601205
2021-05-21 07:00:00,1433A,SWY,16.0,260.16005544280773,-244.16005544280773
2021-05-21 08:00:00,1433A,SWY,16.0,261.83551817509834,-245.83551817509834
2021-05-21 09:00:00,1433A,SWY,19.0,264.1397589432955,-245.13975894329548
2021-05-21 10:00:00,1433A,SWY,24.0,265.68545882931755,-241.68545882931755
2021-05-21 11:00:00,1433A,SWY,32.0,267.38304483663967,-235.38304483663967
2021-05-21 12:00:00,1433A,SWY,51.0,267.76488673763424,-216.76488673763424
2021-05-21 13:00:00,1433A,SWY,48.0,266.50374928474207,-218.50374928474207
2021-05-21 14:00:00,1433A,SWY,54.0,264.9502692338553,-210.9502692338553
2021-05-21 15:00:00,1433A,SWY,54.0,262.9948478277023,-208.9948478277023
2021-05-21 16:00:00,1433A,SWY,48.0,261.9639047406631,-213.9639047406631
2021-05-21 17:00:00,1433A,SWY,40.0,260.9392868121117,-220.93928681211167
2021-05-21 18:00:00,1433A,SWY,43.0,259.67637482440597,-216.67637482440597
2021-05-21 19:00:00,1433A,SWY,48.0,260.3525993553374,-212.35259935533742
2021-05-21 20:00:00,1433A,SWY,43.0,261.3252624022162,-218.3252624022162
2021-05-21 21:00:00,1433A,SWY,37.0,261.9994077456717,-224.9994077456717
2021-05-21 22:00:00,1433A,SWY,37.0,263.6888110964558,-226.68881109645582
2021-05-21 23:00:00,1433A,SWY,35.0,263.36317784379645,-228.36317784379645
2021-05-22 00:00:00,1433A,SWY,35.0,263.69739064177793,-228.69739064177793
2021-05-22 01:00:00,1433A,SWY,33.0,262.8242267993899,-229.82422679938992
2021-05-22 02:00:00,1433A,SWY,32.0,262.28524908311783,-230.28524908311783
2021-05-22 03:00:00,1433A,SWY,30.0,261.62625109872874,-231.62625109872874
2021-05-22 04:00:00,1433A,SWY,34.0,261.1312455982169,-227.13124559821688
2021-05-22 05:00:00,1433A,SWY,28.0,260.9520475800037,-232.9520475800037
2021-05-22 06:00:00,1433A,SWY,31.0,261.32265757631245,-230.32265757631245
2021-05-22 07:00:00,1433A,SWY,29.0,261.22003235310814,-232.22003235310814
2021-05-22 08:00:00,1433A,SWY,29.0,262.89549508539875,-233.89549508539875
2021-05-22 09:00:00,1433A,SWY,25.0,265.1997358535959,-240.19973585359588
2021-05-22 10:00:00,1433A,SWY,26.0,266.74543573961796,-240.74543573961796
2021-05-22 11:00:00,1433A,SWY,32.0,268.4430217469401,-236.44302174694008
2021-05-22 12:00:00,1433A,SWY,36.0,268.82486364793465,-232.82486364793465
2021-05-22 13:00:00,1433A,SWY,38.0,267.5637261950425,-229.56372619504248
2021-05-22 14:00:00,1433A,SWY,42.0,266.0102461441557,-224.0102461441557
2021-05-22 15:00:00,1433A,SWY,49.0,264.0548247380027,-215.0548247380027
2021-05-22 16:00:00,1433A,SWY,67.0,263.0238816509635,-196.02388165096352
2021-05-22 17:00:00,1433A,SWY,45.0,261.9992637224121,-216.99926372241208
2021-05-22 18:00:00,1433A,SWY,43.0,260.7363517347064,-217.73635173470637
2021-05-22 19:00:00,1433A,SWY,40.0,261.4125762656378,-221.41257626563782
2021-05-22 20:00:00,1433A,SWY,37.0,262.3852393125166,-225.3852393125166
2021-05-22 21:00:00,1433A,SWY,14.0,263.0593846559721,-249.0593846559721
2021-05-22 22:00:00,1433A,SWY,17.0,264.74878800675623,-247.74878800675623
2021-05-22 23:00:00,1433A,SWY,24.0,264.42315475409686,-240.42315475409686
2021-05-23 00:00:00,1433A,SWY,25.0,264.75736755207834,-239.75736755207834
2021-05-23 01:00:00,1433A,SWY,19.0,263.8842037096903,-244.88420370969033
2021-05-23 02:00:00,1433A,SWY,28.0,263.34522599341824,-235.34522599341824
2021-05-23 03:00:00,1433A,SWY,19.0,262.68622800902915,-243.68622800902915
2021-05-23 04:00:00,1433A,SWY,5.0,262.1912225085173,-257.1912225085173
2021-05-23 05:00:00,1433A,SWY,3.0,262.0120244903041,-259.0120244903041
2021-05-23 06:00:00,1433A,SWY,4.0,262.38263448661286,-258.38263448661286
2021-05-23 07:00:00,1433A,SWY,4.0,262.28000926340854,-258.28000926340854
2021-05-23 08:00:00,1433A,SWY,4.0,263.95547199569916,-259.95547199569916
2021-05-23 09:00:00,1433A,SWY,5.0,266.2597127638963,-261.2597127638963
2021-05-23 10:00:00,1433A,SWY,8.0,267.80541264991837,-259.80541264991837
2021-05-23 11:00:00,1433A,SWY,14.0,269.5029986572405,-255.50299865724048
2021-05-23 12:00:00,1433A,SWY,16.0,269.88484055823506,-253.88484055823506
2021-05-23 13:00:00,1433A,SWY,28.0,268.6237031053429,-240.62370310534288
2021-05-23 14:00:00,1433A,SWY,32.0,267.0702230544561,-235.0702230544561
2021-05-23 15:00:00,1433A,SWY,28.0,265.1148016483031,-237.11480164830311
2021-05-23 16:00:00,1433A,SWY,28.0,264.0838585612639,-236.08385856126392
2021-05-23 17:00:00,1433A,SWY,30.0,263.0592406327125,-233.0592406327125
2021-05-23 18:00:00,1433A,SWY,32.0,261.7963286450068,-229.79632864500678
2021-05-23 19:00:00,1433A,SWY,32.0,262.47255317593823,-230.47255317593823
2021-05-23 20:00:00,1433A,SWY,32.0,263.445216222817,-231.445216222817
2021-05-23 21:00:00,1433A,SWY,28.0,264.1193615662725,-236.11936156627252
2021-05-23 22:00:00,1433A,SWY,28.0,265.80876491705664,-237.80876491705664
2021-05-23 23:00:00,1433A,SWY,30.0,265.48313166439726,-235.48313166439726
2021-05-24 00:00:00,1433A,SWY,30.0,265.81734446237874,-235.81734446237874
2021-05-24 01:00:00,1433A,SWY,31.0,264.94418061999073,-233.94418061999073
2021-05-24 02:00:00,1433A,SWY,35.0,264.40520290371865,-229.40520290371865
2021-05-24 03:00:00,1433A,SWY,35.0,263.74620491932956,-228.74620491932956
2021-05-24 04:00:00,1433A,SWY,29.0,263.2511994188177,-234.2511994188177
2021-05-24 05:00:00,1433A,SWY,33.0,263.0720014006045,-230.0720014006045
2021-05-24 06:00:00,1433A,SWY,34.0,263.44261139691326,-229.44261139691326
2021-05-24 07:00:00,1433A,SWY,32.0,263.33998617370895,-231.33998617370895
2021-05-24 08:00:00,1433A,SWY,34.0,265.01544890599956,-231.01544890599956
2021-05-24 09:00:00,1433A,SWY,39.0,267.3196896741967,-228.3196896741967
2021-05-24 10:00:00,1433A,SWY,44.0,268.8653895602188,-224.86538956021877
2021-05-24 11:00:00,1433A,SWY,38.0,270.5629755675409,-232.5629755675409
2021-05-24 12:00:00,1433A,SWY,23.0,270.94481746853546,-247.94481746853546
2021-05-24 13:00:00,1433A,SWY,17.0,269.6836800156433,-252.6836800156433
2021-05-24 14:00:00,1433A,SWY,14.0,268.1301999647565,-254.1301999647565
2021-05-24 15:00:00,1433A,SWY,12.0,266.1747785586035,-254.17477855860352
2021-05-24 16:00:00,1433A,SWY,14.0,265.14383547156433,-251.14383547156433
2021-05-24 17:00:00,1433A,SWY,16.0,264.1192175430129,-248.1192175430129
2021-05-24 18:00:00,1433A,SWY,14.0,262.8563055553072,-248.8563055553072
2021-05-24 19:00:00,1433A,SWY,14.0,263.53253008623864,-249.53253008623864
2021-05-24 20:00:00,1433A,SWY,19.0,264.5051931331174,-245.50519313311742
2021-05-24 21:00:00,1433A,SWY,21.0,265.1793384765729,-244.17933847657292
2021-05-24 22:00:00,1433A,SWY,20.0,266.86874182735704,-246.86874182735704
2021-05-24 23:00:00,1433A,SWY,22.0,266.54310857469767,-244.54310857469767
2021-05-25 00:00:00,1433A,SWY,21.0,266.87732137267915,-245.87732137267915
2021-05-25 01:00:00,1433A,SWY,21.0,266.00415753029114,-245.00415753029114
2021-05-25 02:00:00,1433A,SWY,23.0,265.46517981401905,-242.46517981401905
2021-05-25 03:00:00,1433A,SWY,24.0,264.80618182962996,-240.80618182962996
2021-05-25 04:00:00,1433A,SWY,25.0,264.3111763291181,-239.3111763291181
2021-05-25 05:00:00,1433A,SWY,28.0,264.1319783109049,-236.1319783109049
2021-05-25 06:00:00,1433A,SWY,24.0,264.50258830721367,-240.50258830721367
2021-05-25 07:00:00,1433A,SWY,29.0,264.39996308400936,-235.39996308400936
2021-05-25 08:00:00,1433A,SWY,36.0,266.07542581629997,-230.07542581629997
2021-05-25 09:00:00,1433A,SWY,41.0,268.3796665844971,-227.3796665844971
2021-05-25 10:00:00,1433A,SWY,37.0,269.9253664705192,-232.92536647051918
2021-05-25 11:00:00,1433A,SWY,37.0,271.6229524778413,-234.6229524778413
2021-05-25 12:00:00,1433A,SWY,44.0,272.00479437883587,-228.00479437883587
2021-05-25 13:00:00,1433A,SWY,54.0,270.7436569259437,-216.7436569259437
2021-05-25 14:00:00,1433A,SWY,57.0,269.1901768750569,-212.19017687505692
2021-05-25 15:00:00,1433A,SWY,34.0,267.2347554689039,-233.23475546890393
2021-05-25 16:00:00,1433A,SWY,25.0,266.20381238186474,-241.20381238186474
2021-05-25 17:00:00,1433A,SWY,14.0,265.1791944533133,-251.1791944533133
2021-05-25 18:00:00,1433A,SWY,19.0,263.9162824656076,-244.9162824656076
2021-05-25 19:00:00,1433A,SWY,27.0,264.59250699653904,-237.59250699653904
2021-05-25 20:00:00,1433A,SWY,25.0,265.5651700434178,-240.56517004341782
2021-05-25 21:00:00,1433A,SWY,22.0,266.23931538687333,-244.23931538687333
2021-05-25 22:00:00,1433A,SWY,25.0,267.92871873765745,-242.92871873765745
2021-05-25 23:00:00,1433A,SWY,26.0,267.6030854849981,-241.60308548499808
2021-05-26 00:00:00,1433A,SWY,18.0,267.93729828297955,-249.93729828297955
2021-05-26 01:00:00,1433A,SWY,8.0,267.06413444059154,-259.06413444059154
2021-05-26 02:00:00,1433A,SWY,10.0,266.52515672431946,-256.52515672431946
2021-05-26 03:00:00,1433A,SWY,18.0,265.86615873993037,-247.86615873993037
2021-05-26 04:00:00,1433A,SWY,21.0,265.3711532394185,-244.3711532394185
2021-05-26 05:00:00,1433A,SWY,20.0,265.1919552212053,-245.19195522120532
2021-05-26 06:00:00,1433A,SWY,20.0,265.5625652175141,-245.56256521751408
2021-05-26 07:00:00,1433A,SWY,18.0,265.45993999430976,-247.45993999430976
2021-05-26 08:00:00,1433A,SWY,24.0,267.1354027266004,-243.13540272660038
2021-05-26 09:00:00,1433A,SWY,21.0,269.4396434947975,-248.4396434947975
2021-05-26 10:00:00,1433A,SWY,21.0,270.9853433808196,-249.9853433808196
2021-05-26 11:00:00,1433A,SWY,30.0,272.6829293881417,-242.6829293881417
2021-05-26 12:00:00,1433A,SWY,36.0,273.0647712891363,-237.06477128913627
2021-05-26 13:00:00,1433A,SWY,39.0,271.8036338362441,-232.8036338362441
2021-05-26 14:00:00,1433A,SWY,33.0,270.2501537853573,-237.25015378535733
2021-05-26 15:00:00,1433A,SWY,32.0,268.29473237920433,-236.29473237920433
2021-05-26 16:00:00,1433A,SWY,32.0,267.26378929216514,-235.26378929216514
2021-05-26 17:00:00,1433A,SWY,32.0,266.2391713636137,-234.2391713636137
2021-05-26 18:00:00,1433A,SWY,36.0,264.976259375908,-228.976259375908
2021-05-26 19:00:00,1433A,SWY,42.0,265.65248390683945,-223.65248390683945
2021-05-26 20:00:00,1433A,SWY,41.0,266.62514695371823,-225.62514695371823
2021-05-26 21:00:00,1433A,SWY,43.0,267.29929229717374,-224.29929229717374
2021-05-26 22:00:00,1433A,SWY,50.0,268.98869564795785,-218.98869564795785
2021-05-26 23:00:00,1433A,SWY,57.0,268.6630623952985,-211.66306239529848
2021-05-27 00:00:00,1433A,SWY,52.0,268.99727519327996,-216.99727519327996
2021-05-27 01:00:00,1433A,SWY,31.0,268.12411135089195,-237.12411135089195
2021-05-27 02:00:00,1433A,SWY,32.0,267.58513363461987,-235.58513363461987
2021-05-27 03:00:00,1433A,SWY,38.0,266.9261356502308,-228.92613565023078
2021-05-27 04:00:00,1433A,SWY,33.0,266.4311301497189,-233.4311301497189
2021-05-27 05:00:00,1433A,SWY,30.0,266.2519321315057,-236.25193213150573
2021-05-27 06:00:00,1433A,SWY,27.0,266.6225421278145,-239.62254212781448
2021-05-27 07:00:00,1433A,SWY,28.0,266.51991690461017,-238.51991690461017
2021-05-27 08:00:00,1433A,SWY,39.0,268.1953796369008,-229.19537963690078
2021-05-27 09:00:00,1433A,SWY,50.0,270.4996204050979,-220.49962040509791
2021-05-27 10:00:00,1433A,SWY,49.0,272.04532029112,-223.04532029112
2021-05-27 11:00:00,1433A,SWY,62.0,273.7429062984421,-211.7429062984421
2021-05-27 12:00:00,1433A,SWY,69.0,274.1247481994367,-205.12474819943668
2021-05-27 13:00:00,1433A,SWY,72.0,272.8636107465445,-200.8636107465445
2021-05-27 14:00:00,1433A,SWY,72.0,271.31013069565773,-199.31013069565773
2021-05-27 15:00:00,1433A,SWY,66.0,269.35470928950474,-203.35470928950474
2021-05-27 16:00:00,1433A,SWY,40.0,268.32376620246555,-228.32376620246555
2021-05-27 17:00:00,1433A,SWY,28.0,267.2991482739141,-239.2991482739141
2021-05-27 18:00:00,1433A,SWY,31.0,266.0362362862084,-235.0362362862084
2021-05-27 19:00:00,1433A,SWY,,266.71246081713986,
2021-05-27 20:00:00,1433A,SWY,,267.68512386401864,
2021-05-27 21:00:00,1433A,SWY,,268.35926920747414,
2021-05-27 22:00:00,1433A,SWY,,270.04867255825826,
2021-05-27 23:00:00,1433A,SWY,82.0,269.7230393055989,-187.7230393055989
2021-05-28 00:00:00,1433A,SWY,80.0,270.05725210358037,-190.05725210358037
2021-05-28 01:00:00,1433A,SWY,76.0,269.18408826119236,-193.18408826119236
2021-05-28 02:00:00,1433A,SWY,70.0,268.64511054492027,-198.64511054492027
2021-05-28 03:00:00,1433A,SWY,60.0,267.9861125605312,-207.98611256053118
2021-05-28 04:00:00,1433A,SWY,41.0,267.4911070600193,-226.49110706001932
2021-05-28 05:00:00,1433A,SWY,37.0,267.31190904180613,-230.31190904180613
2021-05-28 06:00:00,1433A,SWY,46.0,267.6825190381149,-221.6825190381149
2021-05-28 07:00:00,1433A,SWY,57.0,267.5798938149106,-210.57989381491058
2021-05-28 08:00:00,1433A,SWY,54.0,269.2553565472012,-215.2553565472012
2021-05-28 09:00:00,1433A,SWY,50.0,271.5595973153983,-221.55959731539832
2021-05-28 10:00:00,1433A,SWY,53.0,273.1052972014204,-220.1052972014204
2021-05-28 11:00:00,1433A,SWY,47.0,274.8028832087425,-227.80288320874251
2021-05-28 12:00:00,1433A,SWY,50.0,275.1847251097371,-225.1847251097371
2021-05-28 13:00:00,1433A,SWY,55.0,273.9235876568449,-218.92358765684492
2021-05-28 14:00:00,1433A,SWY,53.0,272.37010760595814,-219.37010760595814
2021-05-28 15:00:00,1433A,SWY,46.0,270.41468619980515,-224.41468619980515
2021-05-28 16:00:00,1433A,SWY,50.0,269.38374311276596,-219.38374311276596
2021-05-28 17:00:00,1433A,SWY,68.0,268.3591251842145,-200.35912518421452
2021-05-28 18:00:00,1433A,SWY,62.0,267.0962131965088,-205.0962131965088
2021-05-28 19:00:00,1433A,SWY,52.0,267.77243772744026,-215.77243772744026
2021-05-28 20:00:00,1433A,SWY,40.0,268.74510077431904,-228.74510077431904
2021-05-28 21:00:00,1433A,SWY,48.0,269.41924611777455,-221.41924611777455
2021-05-28 22:00:00,1433A,SWY,44.0,271.10864946855867,-227.10864946855867
2021-05-28 23:00:00,1433A,SWY,44.0,270.7830162158993,-226.7830162158993
2021-05-29 00:00:00,1433A,SWY,46.0,271.1172290138808,-225.11722901388077
2021-05-29 01:00:00,1433A,SWY,48.0,270.24406517149276,-222.24406517149276
2021-05-29 02:00:00,1433A,SWY,48.0,269.7050874552207,-221.70508745522068
2021-05-29 03:00:00,1433A,SWY,49.0,269.0460894708316,-220.0460894708316
2021-05-29 04:00:00,1433A,SWY,49.0,268.5510839703197,-219.55108397031972
2021-05-29 05:00:00,1433A,SWY,58.0,268.37188595210654,-210.37188595210654
2021-05-29 06:00:00,1433A,SWY,64.0,268.7424959484153,-204.7424959484153
2021-05-29 07:00:00,1433A,SWY,52.0,268.639870725211,-216.63987072521098
2021-05-29 08:00:00,1433A,SWY,28.0,270.3153334575016,-242.3153334575016
2021-05-29 09:00:00,1433A,SWY,26.0,272.6195742256987,-246.61957422569873
2021-05-29 10:00:00,1433A,SWY,24.0,274.1652741117208,-250.1652741117208
2021-05-29 11:00:00,1433A,SWY,28.0,275.8628601190429,-247.86286011904292
2021-05-29 12:00:00,1433A,SWY,34.0,276.2447020200375,-242.2447020200375
2021-05-29 13:00:00,1433A,SWY,34.0,274.9835645671453,-240.98356456714532
2021-05-29 14:00:00,1433A,SWY,30.0,273.43008451625855,-243.43008451625855
2021-05-29 15:00:00,1433A,SWY,31.0,271.47466311010555,-240.47466311010555
2021-05-29 16:00:00,1433A,SWY,35.0,270.44372002306636,-235.44372002306636
2021-05-29 17:00:00,1433A,SWY,37.0,269.4191020945149,-232.41910209451493
2021-05-29 18:00:00,1433A,SWY,42.0,268.1561901068092,-226.15619010680922
2021-05-29 19:00:00,1433A,SWY,47.0,268.83241463774067,-221.83241463774067
2021-05-29 20:00:00,1433A,SWY,47.0,269.80507768461945,-222.80507768461945
2021-05-29 21:00:00,1433A,SWY,43.0,270.47922302807495,-227.47922302807495
2021-05-29 22:00:00,1433A,SWY,41.0,272.1686263788591,-231.16862637885907
2021-05-29 23:00:00,1433A,SWY,34.0,271.8429931261997,-237.8429931261997
2021-05-30 00:00:00,1433A,SWY,31.0,272.1772059241812,-241.17720592418118
2021-05-30 01:00:00,1433A,SWY,29.0,271.30404208179317,-242.30404208179317
2021-05-30 02:00:00,1433A,SWY,27.0,270.7650643655211,-243.76506436552108
2021-05-30 03:00:00,1433A,SWY,29.0,270.106066381132,-241.106066381132
2021-05-30 04:00:00,1433A,SWY,28.0,269.61106088062013,-241.61106088062013
2021-05-30 05:00:00,1433A,SWY,29.0,269.43186286240694,-240.43186286240694
2021-05-30 06:00:00,1433A,SWY,28.0,269.8024728587157,-241.8024728587157
2021-05-30 07:00:00,1433A,SWY,30.0,269.6998476355114,-239.6998476355114
2021-05-30 08:00:00,1433A,SWY,32.0,271.375310367802,-239.375310367802
2021-05-30 09:00:00,1433A,SWY,37.0,273.67955113599913,-236.67955113599913
2021-05-30 10:00:00,1433A,SWY,38.0,275.2252510220212,-237.2252510220212
2021-05-30 11:00:00,1433A,SWY,41.0,276.9228370293433,-235.92283702934333
2021-05-30 12:00:00,1433A,SWY,41.0,277.3046789303379,-236.3046789303379
2021-05-30 13:00:00,1433A,SWY,39.0,276.04354147744573,-237.04354147744573
2021-05-30 14:00:00,1433A,SWY,26.0,274.49006142655895,-248.49006142655895
2021-05-30 15:00:00,1433A,SWY,21.0,272.53464002040596,-251.53464002040596
2021-05-30 16:00:00,1433A,SWY,22.0,271.50369693336677,-249.50369693336677
2021-05-30 17:00:00,1433A,SWY,18.0,270.47907900481533,-252.47907900481533
2021-05-30 18:00:00,1433A,SWY,22.0,269.2161670171096,-247.21616701710963
2021-05-30 19:00:00,1433A,SWY,20.0,269.8923915480411,-249.89239154804108
2021-05-30 20:00:00,1433A,SWY,29.0,270.86505459491985,-241.86505459491985
2021-05-30 21:00:00,1433A,SWY,39.0,271.53919993837536,-232.53919993837536
2021-05-30 22:00:00,1433A,SWY,36.0,273.2286032891595,-237.22860328915948
2021-05-30 23:00:00,1433A,SWY,39.0,272.9029700365001,-233.9029700365001
2021-05-31 00:00:00,1433A,SWY,49.0,273.2371828344816,-224.2371828344816
2021-05-31 01:00:00,1433A,SWY,67.0,272.3640189920936,-205.36401899209358
2021-05-31 02:00:00,1433A,SWY,66.0,271.8250412758215,-205.8250412758215
2021-05-31 03:00:00,1433A,SWY,85.0,271.1660432914324,-186.1660432914324
2021-05-31 04:00:00,1433A,SWY,86.0,270.67103779092054,-184.67103779092054
2021-05-31 05:00:00,1433A,SWY,60.0,270.49183977270735,-210.49183977270735
2021-05-31 06:00:00,1433A,SWY,44.0,270.8624497690161,-226.8624497690161
2021-05-31 07:00:00,1433A,SWY,47.0,270.7598245458118,-223.7598245458118
2021-05-31 08:00:00,1433A,SWY,48.0,272.4352872781024,-224.4352872781024
2021-05-31 09:00:00,1433A,SWY,48.0,274.73952804629954,-226.73952804629954
2021-05-31 10:00:00,1433A,SWY,36.0,276.2852279323216,-240.28522793232162
2021-05-31 11:00:00,1433A,SWY,31.0,277.98281393964373,-246.98281393964373
2021-05-31 12:00:00,1433A,SWY,28.0,278.3646558406383,-250.3646558406383
2021-05-31 13:00:00,1433A,SWY,22.0,277.10351838774613,-255.10351838774613
2021-05-31 14:00:00,1433A,SWY,20.0,275.55003833685936,-255.55003833685936
2021-05-31 15:00:00,1433A,SWY,19.0,273.59461693070637,-254.59461693070637
2021-05-31 16:00:00,1433A,SWY,21.0,272.5636738436672,-251.56367384366717
2021-05-31 17:00:00,1433A,SWY,20.0,271.53905591511574,-251.53905591511574
2021-05-31 18:00:00,1433A,SWY,21.0,270.27614392741003,-249.27614392741003
2021-05-31 19:00:00,1433A,SWY,24.0,270.9523684583415,-246.95236845834148
2021-05-31 20:00:00,1433A,SWY,28.0,271.92503150522026,-243.92503150522026
2021-05-31 21:00:00,1433A,SWY,32.0,272.59917684867577,-240.59917684867577
2021-05-31 22:00:00,1433A,SWY,37.0,274.2885801994599,-237.2885801994599
2021-05-31 23:00:00,1433A,SWY,38.0,273.9629469468005,-235.9629469468005
2021-06-01 00:00:00,1433A,SWY,32.0,274.297159744782,-242.297159744782
2021-06-01 01:00:00,1433A,SWY,35.0,273.423995902394,-238.42399590239398
2021-06-01 02:00:00,1433A,SWY,36.0,272.8850181861219,-236.8850181861219
2021-06-01 03:00:00,1433A,SWY,42.0,272.2260202017328,-230.2260202017328
2021-06-01 04:00:00,1433A,SWY,37.0,271.73101470122094,-234.73101470122094
2021-06-01 05:00:00,1433A,SWY,37.0,271.55181668300776,-234.55181668300776
2021-06-01 06:00:00,1433A,SWY,40.0,271.9224266793165,-231.92242667931652
2021-06-01 07:00:00,1433A,SWY,56.0,271.8198014561122,-215.8198014561122
2021-06-01 08:00:00,1433A,SWY,26.0,273.4952641884028,-247.4952641884028
2021-06-01 09:00:00,1433A,SWY,24.0,275.79950495659995,-251.79950495659995
2021-06-01 10:00:00,1433A,SWY,23.0,277.345204842622,-254.34520484262202
2021-06-01 11:00:00,1433A,SWY,24.0,279.04279084994414,-255.04279084994414
2021-06-01 12:00:00,1433A,SWY,25.0,279.4246327509387,-254.4246327509387
2021-06-01 13:00:00,1433A,SWY,26.0,278.16349529804654,-252.16349529804654
2021-06-01 14:00:00,1433A,SWY,28.0,276.61001524715977,-248.61001524715977
2021-06-01 15:00:00,1433A,SWY,32.0,274.6545938410068,-242.65459384100677
2021-06-01 16:00:00,1433A,SWY,41.0,273.6236507539676,-232.62365075396758
2021-06-01 17:00:00,1433A,SWY,46.0,272.59903282541615,-226.59903282541615
2021-06-01 18:00:00,1433A,SWY,46.0,271.33612083771044,-225.33612083771044
2021-06-01 19:00:00,1433A,SWY,41.0,272.0123453686419,-231.0123453686419
2021-06-01 20:00:00,1433A,SWY,39.0,272.98500841552067,-233.98500841552067
2021-06-01 21:00:00,1433A,SWY,38.0,273.6591537589762,-235.65915375897617
2021-06-01 22:00:00,1433A,SWY,39.0,275.3485571097603,-236.3485571097603
2021-06-01 23:00:00,1433A,SWY,40.0,275.0229238571009,-235.02292385710092
2021-06-02 00:00:00,1433A,SWY,43.0,275.3571366550824,-232.3571366550824
2021-06-02 01:00:00,1433A,SWY,54.0,274.4839728126944,-220.4839728126944
2021-06-02 02:00:00,1433A,SWY,50.0,273.9449950964223,-223.9449950964223
2021-06-02 03:00:00,1433A,SWY,45.0,273.2859971120332,-228.28599711203321
2021-06-02 04:00:00,1433A,SWY,41.0,272.79099161152135,-231.79099161152135
2021-06-02 05:00:00,1433A,SWY,38.0,272.61179359330816,-234.61179359330816
2021-06-02 06:00:00,1433A,SWY,31.0,272.9824035896169,-241.98240358961692
2021-06-02 07:00:00,1433A,SWY,27.0,272.8797783664126,-245.8797783664126
2021-06-02 08:00:00,1433A,SWY,26.0,274.5552410987032,-248.55524109870322
2021-06-02 09:00:00,1433A,SWY,28.0,276.85948186690035,-248.85948186690035
2021-06-02 10:00:00,1433A,SWY,35.0,278.40518175292243,-243.40518175292243
2021-06-02 11:00:00,1433A,SWY,32.0,280.10276776024455,-248.10276776024455
2021-06-02 12:00:00,1433A,SWY,36.0,280.4846096612391,-244.48460966123912
2021-06-02 13:00:00,1433A,SWY,34.0,279.22347220834695,-245.22347220834695
2021-06-02 14:00:00,1433A,SWY,34.0,277.6699921574602,-243.66999215746017
2021-06-02 15:00:00,1433A,SWY,33.0,275.7145707513072,-242.71457075130718
2021-06-02 16:00:00,1433A,SWY,29.0,274.683627664268,-245.683627664268
2021-06-02 17:00:00,1433A,SWY,22.0,273.65900973571655,-251.65900973571655
2021-06-02 18:00:00,1433A,SWY,27.0,272.39609774801085,-245.39609774801085
2021-06-02 19:00:00,1433A,SWY,29.0,273.0723222789423,-244.0723222789423
2021-06-02 20:00:00,1433A,SWY,30.0,274.0449853258211,-244.04498532582107
2021-06-02 21:00:00,1433A,SWY,29.0,274.7191306692766,-245.71913066927658
2021-06-02 22:00:00,1433A,SWY,32.0,276.4085340200607,-244.4085340200607
2021-06-02 23:00:00,1433A,SWY,45.0,276.0829007674013,-231.08290076740133
2021-06-03 00:00:00,1433A,SWY,52.0,276.4171135653828,-224.4171135653828
2021-06-03 01:00:00,1433A,SWY,18.0,275.5439497229948,-257.5439497229948
2021-06-03 02:00:00,1433A,SWY,7.0,275.0049720067227,-268.0049720067227
2021-06-03 03:00:00,1433A,SWY,7.0,274.3459740223336,-267.3459740223336
2021-06-03 04:00:00,1433A,SWY,6.0,273.85096852182176,-267.85096852182176
2021-06-03 05:00:00,1433A,SWY,6.0,273.67177050360857,-267.67177050360857
2021-06-03 06:00:00,1433A,SWY,6.0,274.04238049991733,-268.04238049991733
2021-06-03 07:00:00,1433A,SWY,7.0,273.939755276713,-266.939755276713
2021-06-03 08:00:00,1433A,SWY,10.0,275.6152180090036,-265.6152180090036
2021-06-03 09:00:00,1433A,SWY,15.0,277.91945877720076,-262.91945877720076
2021-06-03 10:00:00,1433A,SWY,18.0,279.46515866322284,-261.46515866322284
2021-06-03 11:00:00,1433A,SWY,18.0,281.16274467054495,-263.16274467054495
2021-06-03 12:00:00,1433A,SWY,21.0,281.5445865715395,-260.5445865715395
2021-06-03 13:00:00,1433A,SWY,20.0,280.28344911864735,-260.28344911864735
2021-06-03 14:00:00,1433A,SWY,23.0,278.7299690677606,-255.72996906776058
2021-06-03 15:00:00,1433A,SWY,15.0,276.7745476616076,-261.7745476616076
2021-06-03 16:00:00,1433A,SWY,9.0,275.7436045745684,-266.7436045745684
2021-06-03 17:00:00,1433A,SWY,10.0,274.71898664601696,-264.71898664601696
2021-06-03 18:00:00,1433A,SWY,12.0,273.45607465831125,-261.45607465831125
2021-06-03 19:00:00,1433A,SWY,13.0,274.1322991892427,-261.1322991892427
2021-06-03 20:00:00,1433A,SWY,14.0,275.1049622361215,-261.1049622361215
2021-06-03 21:00:00,1433A,SWY,14.0,275.779107579577,-261.779107579577
2021-06-03 22:00:00,1433A,SWY,15.0,277.4685109303611,-262.4685109303611
2021-06-03 23:00:00,1433A,SWY,16.0,277.14287767770173,-261.14287767770173
2021-06-04 00:00:00,1433A,SWY,16.0,277.4770904756832,-261.4770904756832
2021-06-04 01:00:00,1433A,SWY,18.0,276.6039266332952,-258.6039266332952
2021-06-04 02:00:00,1433A,SWY,16.0,276.0649489170231,-260.0649489170231
2021-06-04 03:00:00,1433A,SWY,17.0,275.405950932634,-258.405950932634
2021-06-04 04:00:00,1433A,SWY,17.0,274.91094543212216,-257.91094543212216
2021-06-04 05:00:00,1433A,SWY,19.0,274.731747413909,-255.73174741390898
2021-06-04 06:00:00,1433A,SWY,25.0,275.10235741021773,-250.10235741021773
2021-06-04 07:00:00,1433A,SWY,26.0,274.9997321870134,-248.99973218701342
2021-06-04 08:00:00,1433A,SWY,32.0,276.67519491930403,-244.67519491930403
2021-06-04 09:00:00,1433A,SWY,36.0,278.97943568750117,-242.97943568750117
2021-06-04 10:00:00,1433A,SWY,28.0,280.52513557352324,-252.52513557352324
2021-06-04 11:00:00,1433A,SWY,17.0,282.22272158084536,-265.22272158084536
2021-06-04 12:00:00,1433A,SWY,19.0,282.60456348183993,-263.60456348183993
2021-06-04 13:00:00,1433A,SWY,17.0,281.34342602894776,-264.34342602894776
2021-06-04 14:00:00,1433A,SWY,14.0,279.789945978061,-265.789945978061
2021-06-04 15:00:00,1433A,SWY,12.0,277.834524571908,-265.834524571908
2021-06-04 16:00:00,1433A,SWY,12.0,276.8035814848688,-264.8035814848688
2021-06-04 17:00:00,1433A,SWY,13.0,275.77896355631736,-262.77896355631736
2021-06-04 18:00:00,1433A,SWY,14.0,274.51605156861166,-260.51605156861166
2021-06-04 19:00:00,1433A,SWY,14.0,275.1922760995431,-261.1922760995431
2021-06-04 20:00:00,1433A,SWY,18.0,276.1649391464219,-258.1649391464219
2021-06-04 21:00:00,1433A,SWY,20.0,276.8390844898774,-256.8390844898774
2021-06-04 22:00:00,1433A,SWY,29.0,278.5284878406615,-249.5284878406615
2021-06-04 23:00:00,1433A,SWY,28.0,278.20285458800214,-250.20285458800214
2021-06-05 00:00:00,1433A,SWY,24.0,278.5370673859836,-254.53706738598362
2021-06-05 01:00:00,1433A,SWY,28.0,277.6639035435956,-249.6639035435956
2021-06-05 02:00:00,1433A,SWY,28.0,277.1249258273235,-249.12492582732352
2021-06-05 03:00:00,1433A,SWY,35.0,276.46592784293443,-241.46592784293443
2021-06-05 04:00:00,1433A,SWY,46.0,275.97092234242257,-229.97092234242257
2021-06-05 05:00:00,1433A,SWY,43.0,275.7917243242094,-232.79172432420938
2021-06-05 06:00:00,1433A,SWY,40.0,276.16233432051814,-236.16233432051814
2021-06-05 07:00:00,1433A,SWY,34.0,276.0597090973138,-242.05970909731383
2021-06-05 08:00:00,1433A,SWY,53.0,277.73517182960444,-224.73517182960444
2021-06-05 09:00:00,1433A,SWY,57.0,280.0394125978016,-223.03941259780157
2021-06-05 10:00:00,1433A,SWY,53.0,281.58511248382365,-228.58511248382365
2021-06-05 11:00:00,1433A,SWY,48.0,283.28269849114577,-235.28269849114577
2021-06-05 12:00:00,1433A,SWY,40.0,283.66454039214034,-243.66454039214034
2021-06-05 13:00:00,1433A,SWY,31.0,282.40340293924817,-251.40340293924817
2021-06-05 14:00:00,1433A,SWY,18.0,280.8499228883614,-262.8499228883614
2021-06-05 15:00:00,1433A,SWY,16.0,278.8945014822084,-262.8945014822084
2021-06-05 16:00:00,1433A,SWY,14.0,277.8635583951692,-263.8635583951692
2021-06-05 17:00:00,1433A,SWY,16.0,276.83894046661777,-260.83894046661777
2021-06-05 18:00:00,1433A,SWY,12.0,275.57602847891206,-263.57602847891206
2021-06-05 19:00:00,1433A,SWY,13.0,276.2522530098435,-263.2522530098435
2021-06-05 20:00:00,1433A,SWY,16.0,277.2249160567223,-261.2249160567223
2021-06-05 21:00:00,1433A,SWY,20.0,277.8990614001778,-257.8990614001778
2021-06-05 22:00:00,1433A,SWY,24.0,279.5884647509619,-255.58846475096192
2021-06-05 23:00:00,1433A,SWY,26.0,279.26283149830255,-253.26283149830255
2021-06-06 00:00:00,1433A,SWY,32.0,279.597044296284,-247.59704429628403
2021-06-06 01:00:00,1433A,SWY,33.0,278.723880453896,-245.72388045389602
2021-06-06 02:00:00,1433A,SWY,53.0,278.18490273762393,-225.18490273762393
2021-06-06 03:00:00,1433A,SWY,61.0,277.52590475323484,-216.52590475323484
2021-06-06 04:00:00,1433A,SWY,50.0,277.030899252723,-227.03089925272297
2021-06-06 05:00:00,1433A,SWY,44.0,276.8517012345098,-232.8517012345098
2021-06-06 06:00:00,1433A,SWY,41.0,277.22231123081855,-236.22231123081855
2021-06-06 07:00:00,1433A,SWY,40.0,277.11968600761423,-237.11968600761423
2021-06-06 08:00:00,1433A,SWY,45.0,278.79514873990485,-233.79514873990485
2021-06-06 09:00:00,1433A,SWY,56.0,281.099389508102,-225.09938950810198
2021-06-06 10:00:00,1433A,SWY,68.0,282.64508939412406,-214.64508939412406
2021-06-06 11:00:00,1433A,SWY,59.0,284.3426754014462,-225.34267540144617
2021-06-06 12:00:00,1433A,SWY,108.0,284.72451730244074,-176.72451730244074
2021-06-06 13:00:00,1433A,SWY,88.0,283.4633798495486,-195.46337984954857
2021-06-06 14:00:00,1433A,SWY,85.0,281.9098997986618,-196.9098997986618
2021-06-06 15:00:00,1433A,SWY,66.0,279.9544783925088,-213.9544783925088
2021-06-06 16:00:00,1433A,SWY,76.0,278.9235353054696,-202.9235353054696
2021-06-06 17:00:00,1433A,SWY,79.0,277.8989173769182,-198.89891737691818
2021-06-06 18:00:00,1433A,SWY,82.0,276.63600538921247,-194.63600538921247
2021-06-06 19:00:00,1433A,SWY,71.0,277.3122299201439,-206.31222992014392
2021-06-06 20:00:00,1433A,SWY,67.0,278.2848929670227,-211.2848929670227
2021-06-06 21:00:00,1433A,SWY,41.0,278.9590383104782,-237.9590383104782
2021-06-06 22:00:00,1433A,SWY,45.0,280.6484416612623,-235.64844166126232
2021-06-06 23:00:00,1433A,SWY,47.0,280.32280840860295,-233.32280840860295
2021-06-07 00:00:00,1433A,SWY,44.0,280.65702120658443,-236.65702120658443
2021-06-07 01:00:00,1433A,SWY,45.0,279.7838573641964,-234.78385736419642
2021-06-07 02:00:00,1433A,SWY,54.0,279.24487964792434,-225.24487964792434
2021-06-07 03:00:00,1433A,SWY,67.0,278.58588166353525,-211.58588166353525
2021-06-07 04:00:00,1433A,SWY,74.0,278.0908761630234,-204.09087616302338
2021-06-07 05:00:00,1433A,SWY,80.0,277.9116781448102,-197.9116781448102
2021-06-07 06:00:00,1433A,SWY,82.0,278.28228814111895,-196.28228814111895
2021-06-07 07:00:00,1433A,SWY,76.0,278.17966291791464,-202.17966291791464
2021-06-07 08:00:00,1433A,SWY,75.0,279.85512565020525,-204.85512565020525
2021-06-07 09:00:00,1433A,SWY,82.0,282.1593664184024,-200.15936641840239
2021-06-07 10:00:00,1433A,SWY,92.0,283.70506630442446,-191.70506630442446
2021-06-07 11:00:00,1433A,SWY,85.0,285.4026523117466,-200.40265231174658
2021-06-07 12:00:00,1433A,SWY,64.0,285.78449421274115,-221.78449421274115
2021-06-07 13:00:00,1433A,SWY,54.0,284.523356759849,-230.52335675984898
2021-06-07 14:00:00,1433A,SWY,56.0,282.9698767089622,-226.9698767089622
2021-06-07 15:00:00,1433A,SWY,66.0,281.0144553028092,-215.0144553028092
2021-06-07 16:00:00,1433A,SWY,44.0,279.98351221577,-235.98351221577002
2021-06-07 17:00:00,1433A,SWY,55.0,278.9588942872186,-223.95889428721858
2021-06-07 18:00:00,1433A,SWY,62.0,277.6959822995129,-215.69598229951288
2021-06-07 19:00:00,1433A,SWY,54.0,278.3722068304443,-224.37220683044433
2021-06-07 20:00:00,1433A,SWY,52.0,279.3448698773231,-227.3448698773231
2021-06-07 21:00:00,1433A,SWY,58.0,280.0190152207786,-222.0190152207786
2021-06-07 22:00:00,1433A,SWY,58.0,281.70841857156273,-223.70841857156273
2021-06-07 23:00:00,1433A,SWY,48.0,281.38278531890336,-233.38278531890336
2021-06-08 00:00:00,1433A,SWY,45.0,281.71699811688484,-236.71699811688484
2021-06-08 01:00:00,1433A,SWY,41.0,280.8438342744968,-239.84383427449683
2021-06-08 02:00:00,1433A,SWY,29.0,280.30485655822474,-251.30485655822474
2021-06-08 03:00:00,1433A,SWY,12.0,279.64585857383565,-267.64585857383565
2021-06-08 04:00:00,1433A,SWY,11.0,279.1508530733238,-268.1508530733238
2021-06-08 05:00:00,1433A,SWY,29.0,278.9716550551106,-249.9716550551106
2021-06-08 06:00:00,1433A,SWY,19.0,279.34226505141936,-260.34226505141936
2021-06-08 07:00:00,1433A,SWY,12.0,279.23963982821505,-267.23963982821505
2021-06-08 08:00:00,1433A,SWY,9.0,280.91510256050566,-271.91510256050566
2021-06-08 09:00:00,1433A,SWY,14.0,283.2193433287028,-269.2193433287028
2021-06-08 10:00:00,1433A,SWY,20.0,284.76504321472487,-264.76504321472487
2021-06-08 11:00:00,1433A,SWY,11.0,286.462629222047,-275.462629222047
2021-06-08 12:00:00,1433A,SWY,14.0,286.84447112304156,-272.84447112304156
2021-06-08 13:00:00,1433A,SWY,14.0,285.5833336701494,-271.5833336701494
2021-06-08 14:00:00,1433A,SWY,11.0,284.0298536192626,-273.0298536192626
2021-06-08 15:00:00,1433A,SWY,13.0,282.0744322131096,-269.0744322131096
2021-06-08 16:00:00,1433A,SWY,14.0,281.0434891260704,-267.0434891260704
2021-06-08 17:00:00,1433A,SWY,,280.018871197519,
2021-06-08 18:00:00,1433A,SWY,27.0,278.7559592098133,-251.75595920981328
2021-06-08 19:00:00,1433A,SWY,30.0,279.43218374074473,-249.43218374074473
2021-06-08 20:00:00,1433A,SWY,29.0,280.4048467876235,-251.4048467876235
2021-06-08 21:00:00,1433A,SWY,28.0,281.078992131079,-253.07899213107902
2021-06-08 22:00:00,1433A,SWY,29.0,282.76839548186314,-253.76839548186314
2021-06-08 23:00:00,1433A,SWY,25.0,282.44276222920377,-257.44276222920377
2021-06-09 00:00:00,1433A,SWY,29.0,282.77697502718524,-253.77697502718524
2021-06-09 01:00:00,1433A,SWY,30.0,281.90381118479723,-251.90381118479723
2021-06-09 02:00:00,1433A,SWY,34.0,281.36483346852515,-247.36483346852515
2021-06-09 03:00:00,1433A,SWY,34.0,280.70583548413606,-246.70583548413606
2021-06-09 04:00:00,1433A,SWY,29.0,280.2108299836242,-251.2108299836242
2021-06-09 05:00:00,1433A,SWY,26.0,280.031631965411,-254.031631965411
2021-06-09 06:00:00,1433A,SWY,32.0,280.40224196171977,-248.40224196171977
2021-06-09 07:00:00,1433A,SWY,34.0,280.29961673851545,-246.29961673851545
2021-06-09 08:00:00,1433A,SWY,28.0,281.97507947080607,-253.97507947080607
2021-06-09 09:00:00,1433A,SWY,27.0,284.2793202390032,-257.2793202390032
2021-06-09 10:00:00,1433A,SWY,21.0,285.8250201250253,-264.8250201250253
2021-06-09 11:00:00,1433A,SWY,17.0,287.5226061323474,-270.5226061323474
2021-06-09 12:00:00,1433A,SWY,16.0,287.90444803334196,-271.90444803334196
2021-06-09 13:00:00,1433A,SWY,17.0,286.6433105804498,-269.6433105804498
2021-06-09 14:00:00,1433A,SWY,19.0,285.089830529563,-266.089830529563
2021-06-09 15:00:00,1433A,SWY,20.0,283.13440912341,-263.13440912341
2021-06-09 16:00:00,1433A,SWY,23.0,282.10346603637083,-259.10346603637083
2021-06-09 17:00:00,1433A,SWY,26.0,281.0788481078194,-255.0788481078194
2021-06-09 18:00:00,1433A,SWY,27.0,279.8159361201137,-252.8159361201137
2021-06-09 19:00:00,1433A,SWY,,280.49216065104514,
2021-06-09 20:00:00,1433A,SWY,25.0,281.4648236979239,-256.4648236979239
2021-06-09 21:00:00,1433A,SWY,26.0,282.1389690413794,-256.1389690413794
2021-06-09 22:00:00,1433A,SWY,32.0,283.82837239216354,-251.82837239216354
2021-06-09 23:00:00,1433A,SWY,33.0,283.5027391395042,-250.50273913950417
2021-06-10 00:00:00,1433A,SWY,32.0,283.83695193748565,-251.83695193748565
2021-06-10 01:00:00,1433A,SWY,35.0,282.96378809509764,-247.96378809509764
2021-06-10 02:00:00,1433A,SWY,38.0,282.42481037882555,-244.42481037882555
2021-06-10 03:00:00,1433A,SWY,35.0,281.76581239443647,-246.76581239443647
2021-06-10 04:00:00,1433A,SWY,34.0,281.2708068939246,-247.2708068939246
2021-06-10 05:00:00,1433A,SWY,35.0,281.0916088757114,-246.09160887571142
2021-06-10 06:00:00,1433A,SWY,34.0,281.4622188720202,-247.46221887202017
2021-06-10 07:00:00,1433A,SWY,33.0,281.35959364881586,-248.35959364881586
2021-06-10 08:00:00,1433A,SWY,44.0,283.0350563811065,-239.03505638110647
2021-06-10 09:00:00,1433A,SWY,52.0,285.3392971493036,-233.3392971493036
2021-06-10 10:00:00,1433A,SWY,59.0,286.8849970353257,-227.88499703532568
2021-06-10 11:00:00,1433A,SWY,63.0,288.5825830426478,-225.5825830426478
2021-06-10 12:00:00,1433A,SWY,54.0,288.96442494364237,-234.96442494364237
2021-06-10 13:00:00,1433A,SWY,43.0,287.7032874907502,-244.7032874907502
2021-06-10 14:00:00,1433A,SWY,29.0,286.1498074398634,-257.1498074398634
2021-06-10 15:00:00,1433A,SWY,21.0,284.19438603371043,-263.19438603371043
2021-06-10 16:00:00,1433A,SWY,19.0,283.16344294667124,-264.16344294667124
2021-06-10 17:00:00,1433A,SWY,15.0,282.1388250181198,-267.1388250181198
2021-06-10 18:00:00,1433A,SWY,15.0,280.8759130304141,-265.8759130304141
2021-06-10 19:00:00,1433A,SWY,14.0,281.55213756134555,-267.55213756134555
2021-06-10 20:00:00,1433A,SWY,15.0,282.5248006082243,-267.5248006082243
2021-06-10 21:00:00,1433A,SWY,16.0,283.19894595167983,-267.19894595167983
2021-06-10 22:00:00,1433A,SWY,16.0,284.88834930246395,-268.88834930246395
2021-06-10 23:00:00,1433A,SWY,14.0,284.5627160498046,-270.5627160498046
2021-06-11 00:00:00,1433A,SWY,15.0,284.89692884778606,-269.89692884778606
2021-06-11 01:00:00,1433A,SWY,16.0,284.02376500539805,-268.02376500539805
2021-06-11 02:00:00,1433A,SWY,17.0,283.48478728912596,-266.48478728912596
2021-06-11 03:00:00,1433A,SWY,18.0,282.8257893047369,-264.8257893047369
2021-06-11 04:00:00,1433A,SWY,22.0,282.330783804225,-260.330783804225
2021-06-11 05:00:00,1433A,SWY,32.0,282.1515857860118,-250.15158578601182
2021-06-11 06:00:00,1433A,SWY,26.0,282.5221957823206,-256.5221957823206
2021-06-11 07:00:00,1433A,SWY,28.0,282.41957055911627,-254.41957055911627
2021-06-11 08:00:00,1433A,SWY,32.0,284.0950332914069,-252.09503329140688
2021-06-11 09:00:00,1433A,SWY,36.0,286.399274059604,-250.399274059604
2021-06-11 10:00:00,1433A,SWY,37.0,287.9449739456261,-250.9449739456261
2021-06-11 11:00:00,1433A,SWY,34.0,289.6425599529482,-255.6425599529482
2021-06-11 12:00:00,1433A,SWY,30.0,290.0244018539428,-260.0244018539428
2021-06-11 13:00:00,1433A,SWY,32.0,288.7632644010506,-256.7632644010506
2021-06-11 14:00:00,1433A,SWY,32.0,287.20978435016383,-255.20978435016383
2021-06-11 15:00:00,1433A,SWY,34.0,285.25436294401084,-251.25436294401084
2021-06-11 16:00:00,1433A,SWY,33.0,284.22341985697165,-251.22341985697165
2021-06-11 17:00:00,1433A,SWY,32.0,283.1988019284202,-251.1988019284202
2021-06-11 18:00:00,1433A,SWY,29.0,281.9358899407145,-252.9358899407145
2021-06-11 19:00:00,1433A,SWY,31.0,282.61211447164595,-251.61211447164595
2021-06-11 20:00:00,1433A,SWY,32.0,283.58477751852473,-251.58477751852473
2021-06-11 21:00:00,1433A,SWY,29.0,284.25892286198024,-255.25892286198024
2021-06-11 22:00:00,1433A,SWY,34.0,285.94832621276436,-251.94832621276436
2021-06-11 23:00:00,1433A,SWY,38.0,285.622692960105,-247.62269296010498
2021-06-12 00:00:00,1433A,SWY,50.0,285.95690575808646,-235.95690575808646
2021-06-12 01:00:00,1433A,SWY,46.0,285.08374191569845,-239.08374191569845
2021-06-12 02:00:00,1433A,SWY,53.0,284.54476419942637,-231.54476419942637
2021-06-12 03:00:00,1433A,SWY,61.0,283.8857662150373,-222.88576621503728
2021-06-12 04:00:00,1433A,SWY,56.0,283.3907607145254,-227.3907607145254
2021-06-12 05:00:00,1433A,SWY,49.0,283.2115626963122,-234.21156269631223
2021-06-12 06:00:00,1433A,SWY,45.0,283.582172692621,-238.582172692621
2021-06-12 07:00:00,1433A,SWY,51.0,283.4795474694167,-232.47954746941667
2021-06-12 08:00:00,1433A,SWY,51.0,285.1550102017073,-234.15501020170728
2021-06-12 09:00:00,1433A,SWY,49.0,287.4592509699044,-238.45925096990442
2021-06-12 10:00:00,1433A,SWY,54.0,289.0049508559265,-235.0049508559265
2021-06-12 11:00:00,1433A,SWY,56.0,290.7025368632486,-234.7025368632486
2021-06-12 12:00:00,1433A,SWY,64.0,291.0843787642432,-227.08437876424318
2021-06-12 13:00:00,1433A,SWY,61.0,289.823241311351,-228.823241311351
2021-06-12 14:00:00,1433A,SWY,59.0,288.26976126046424,-229.26976126046424
2021-06-12 15:00:00,1433A,SWY,60.0,286.31433985431124,-226.31433985431124
2021-06-12 16:00:00,1433A,SWY,55.0,285.28339676727205,-230.28339676727205
2021-06-12 17:00:00,1433A,SWY,50.0,284.2587788387206,-234.25877883872062
2021-06-12 18:00:00,1433A,SWY,43.0,282.9958668510149,-239.9958668510149
2021-06-12 19:00:00,1433A,SWY,48.0,283.67209138194636,-235.67209138194636
2021-06-12 20:00:00,1433A,SWY,53.0,284.64475442882514,-231.64475442882514
2021-06-12 21:00:00,1433A,SWY,52.0,285.31889977228064,-233.31889977228064
2021-06-12 22:00:00,1433A,SWY,50.0,287.00830312306476,-237.00830312306476
2021-06-12 23:00:00,1433A,SWY,56.0,286.6826698704054,-230.6826698704054
2021-06-13 00:00:00,1433A,SWY,61.0,287.01688266838687,-226.01688266838687
2021-06-13 01:00:00,1433A,SWY,66.0,286.14371882599886,-220.14371882599886
2021-06-13 02:00:00,1433A,SWY,77.0,285.6047411097268,-208.60474110972677
2021-06-13 03:00:00,1433A,SWY,49.0,284.9457431253377,-235.94574312533769
2021-06-13 04:00:00,1433A,SWY,44.0,284.4507376248258,-240.45073762482582
2021-06-13 05:00:00,1433A,SWY,41.0,284.27153960661263,-243.27153960661263
2021-06-13 06:00:00,1433A,SWY,41.0,284.6421496029214,-243.6421496029214
2021-06-13 07:00:00,1433A,SWY,40.0,284.5395243797171,-244.53952437971708
2021-06-13 08:00:00,1433A,SWY,37.0,286.2149871120077,-249.2149871120077
2021-06-13 09:00:00,1433A,SWY,44.0,288.5192278802048,-244.51922788020482
2021-06-13 10:00:00,1433A,SWY,48.0,290.0649277662269,-242.0649277662269
2021-06-13 11:00:00,1433A,SWY,53.0,291.762513773549,-238.76251377354902
2021-06-13 12:00:00,1433A,SWY,62.0,292.1443556745436,-230.1443556745436
2021-06-13 13:00:00,1433A,SWY,62.0,290.8832182216514,-228.88321822165142
2021-06-13 14:00:00,1433A,SWY,42.0,289.32973817076464,-247.32973817076464
2021-06-13 15:00:00,1433A,SWY,26.0,287.37431676461165,-261.37431676461165
2021-06-13 16:00:00,1433A,SWY,22.0,286.34337367757246,-264.34337367757246
2021-06-13 17:00:00,1433A,SWY,22.0,285.318755749021,-263.318755749021
2021-06-13 18:00:00,1433A,SWY,24.0,284.0558437613153,-260.0558437613153
2021-06-13 19:00:00,1433A,SWY,32.0,284.73206829224677,-252.73206829224677
2021-06-13 20:00:00,1433A,SWY,33.0,285.70473133912554,-252.70473133912554
2021-06-13 21:00:00,1433A,SWY,35.0,286.37887668258105,-251.37887668258105
2021-06-13 22:00:00,1433A,SWY,38.0,288.06828003336517,-250.06828003336517
2021-06-13 23:00:00,1433A,SWY,47.0,287.7426467807058,-240.7426467807058
2021-06-14 00:00:00,1433A,SWY,51.0,288.0768595786873,-237.07685957868728
2021-06-14 01:00:00,1433A,SWY,48.0,287.20369573629927,-239.20369573629927
2021-06-14 02:00:00,1433A,SWY,58.0,286.6647180200272,-228.66471802002718
2021-06-14 03:00:00,1433A,SWY,57.0,286.0057200356381,-229.0057200356381
2021-06-14 04:00:00,1433A,SWY,55.0,285.5107145351262,-230.51071453512623
2021-06-14 05:00:00,1433A,SWY,52.0,285.33151651691304,-233.33151651691304
2021-06-14 06:00:00,1433A,SWY,46.0,285.7021265132218,-239.7021265132218
2021-06-14 07:00:00,1433A,SWY,43.0,285.5995012900175,-242.59950129001749
2021-06-14 08:00:00,1433A,SWY,41.0,287.2749640223081,-246.2749640223081
2021-06-14 09:00:00,1433A,SWY,39.0,289.57920479050523,-250.57920479050523
2021-06-14 10:00:00,1433A,SWY,33.0,291.1249046765273,-258.1249046765273
2021-06-14 11:00:00,1433A,SWY,25.0,292.8224906838494,-267.8224906838494
2021-06-14 12:00:00,1433A,SWY,26.0,293.204332584844,-267.204332584844
2021-06-14 13:00:00,1433A,SWY,32.0,291.9431951319518,-259.9431951319518
2021-06-14 14:00:00,1433A,SWY,28.0,290.38971508106505,-262.38971508106505
2021-06-14 15:00:00,1433A,SWY,24.0,288.43429367491206,-264.43429367491206
2021-06-14 16:00:00,1433A,SWY,25.0,287.40335058787286,-262.40335058787286
2021-06-14 17:00:00,1433A,SWY,23.0,286.37873265932143,-263.37873265932143
2021-06-14 18:00:00,1433A,SWY,21.0,285.1158206716157,-264.1158206716157
2021-06-14 19:00:00,1433A,SWY,21.0,285.7920452025472,-264.7920452025472
2021-06-14 20:00:00,1433A,SWY,25.0,286.76470824942595,-261.76470824942595
2021-06-14 21:00:00,1433A,SWY,23.0,287.43885359288146,-264.43885359288146
2021-06-14 22:00:00,1433A,SWY,18.0,289.1282569436656,-271.1282569436656
2021-06-14 23:00:00,1433A,SWY,17.0,288.8026236910062,-271.8026236910062
2021-06-15 00:00:00,1433A,SWY,18.0,289.1368364889877,-271.1368364889877
2021-06-15 01:00:00,1433A,SWY,20.0,288.2636726465997,-268.2636726465997
2021-06-15 02:00:00,1433A,SWY,23.0,287.7246949303276,-264.7246949303276
2021-06-15 03:00:00,1433A,SWY,26.0,287.0656969459385,-261.0656969459385
2021-06-15 04:00:00,1433A,SWY,31.0,286.57069144542663,-255.57069144542663
2021-06-15 05:00:00,1433A,SWY,33.0,286.39149342721345,-253.39149342721345
2021-06-15 06:00:00,1433A,SWY,30.0,286.7621034235222,-256.7621034235222
2021-06-15 07:00:00,1433A,SWY,27.0,286.6594782003179,-259.6594782003179
2021-06-15 08:00:00,1433A,SWY,27.0,288.3349409326085,-261.3349409326085
2021-06-15 09:00:00,1433A,SWY,30.0,290.63918170080564,-260.63918170080564
2021-06-15 10:00:00,1433A,SWY,33.0,292.1848815868277,-259.1848815868277
2021-06-15 11:00:00,1433A,SWY,31.0,293.88246759414983,-262.88246759414983
2021-06-15 12:00:00,1433A,SWY,33.0,294.2643094951444,-261.2643094951444
2021-06-15 13:00:00,1433A,SWY,24.0,293.00317204225223,-269.00317204225223
2021-06-15 14:00:00,1433A,SWY,18.0,291.44969199136546,-273.44969199136546
2021-06-15 15:00:00,1433A,SWY,12.0,289.49427058521246,-277.49427058521246
2021-06-15 16:00:00,1433A,SWY,9.0,288.46332749817327,-279.46332749817327
2021-06-15 17:00:00,1433A,SWY,10.0,287.43870956962184,-277.43870956962184
2021-06-15 18:00:00,1433A,SWY,13.0,286.17579758191613,-273.17579758191613
2021-06-15 19:00:00,1433A,SWY,12.0,286.8520221128476,-274.8520221128476
2021-06-15 20:00:00,1433A,SWY,12.0,287.82468515972636,-275.82468515972636
2021-06-15 21:00:00,1433A,SWY,10.0,288.49883050318186,-278.49883050318186
2021-06-15 22:00:00,1433A,SWY,11.0,290.188233853966,-279.188233853966
2021-06-15 23:00:00,1433A,SWY,11.0,289.8626006013066,-278.8626006013066
2021-06-16 00:00:00,1433A,SWY,12.0,290.1968133992881,-278.1968133992881
2021-06-16 01:00:00,1433A,SWY,12.0,289.3236495569001,-277.3236495569001
2021-06-16 02:00:00,1433A,SWY,14.0,288.784671840628,-274.784671840628
2021-06-16 03:00:00,1433A,SWY,16.0,288.1256738562389,-272.1256738562389
2021-06-16 04:00:00,1433A,SWY,18.0,287.63066835572704,-269.63066835572704
2021-06-16 05:00:00,1433A,SWY,18.0,287.45147033751385,-269.45147033751385
2021-06-16 06:00:00,1433A,SWY,17.0,287.8220803338226,-270.8220803338226
2021-06-16 07:00:00,1433A,SWY,18.0,287.7194551106183,-269.7194551106183
2021-06-16 08:00:00,1433A,SWY,17.0,289.3949178429089,-272.3949178429089
2021-06-16 09:00:00,1433A,SWY,18.0,291.69915861110604,-273.69915861110604
2021-06-16 10:00:00,1433A,SWY,18.0,293.2448584971281,-275.2448584971281
2021-06-16 11:00:00,1433A,SWY,21.0,294.94244450445024,-273.94244450445024
2021-06-16 12:00:00,1433A,SWY,28.0,295.3242864054448,-267.3242864054448
2021-06-16 13:00:00,1433A,SWY,28.0,294.06314895255264,-266.06314895255264
2021-06-16 14:00:00,1433A,SWY,31.0,292.50966890166586,-261.50966890166586
2021-06-16 15:00:00,1433A,SWY,39.0,290.55424749551287,-251.55424749551287
2021-06-16 16:00:00,1433A,SWY,27.0,289.5233044084737,-262.5233044084737
2021-06-16 17:00:00,1433A,SWY,12.0,288.49868647992224,-276.49868647992224
2021-06-16 18:00:00,1433A,SWY,7.0,287.23577449221654,-280.23577449221654
2021-06-16 19:00:00,1433A,SWY,7.0,287.911999023148,-280.911999023148
2021-06-16 20:00:00,1433A,SWY,7.0,288.88466207002676,-281.88466207002676
2021-06-16 21:00:00,1433A,SWY,5.0,289.55880741348227,-284.55880741348227
2021-06-16 22:00:00,1433A,SWY,3.0,291.2482107642664,-288.2482107642664
2021-06-16 23:00:00,1433A,SWY,3.0,290.922577511607,-287.922577511607
2021-06-17 00:00:00,1433A,SWY,4.0,291.2567903095885,-287.2567903095885
2021-06-17 01:00:00,1433A,SWY,3.0,290.3836264672005,-287.3836264672005
2021-06-17 02:00:00,1433A,SWY,4.0,289.8446487509284,-285.8446487509284
2021-06-17 03:00:00,1433A,SWY,3.0,289.1856507665393,-286.1856507665393
2021-06-17 04:00:00,1433A,SWY,4.0,288.69064526602745,-284.69064526602745
2021-06-17 05:00:00,1433A,SWY,3.0,288.51144724781426,-285.51144724781426
2021-06-17 06:00:00,1433A,SWY,2.0,288.882057244123,-286.882057244123
2021-06-17 07:00:00,1433A,SWY,2.0,288.7794320209187,-286.7794320209187
2021-06-17 08:00:00,1433A,SWY,3.0,290.4548947532093,-287.4548947532093
2021-06-17 09:00:00,1433A,SWY,5.0,292.75913552140645,-287.75913552140645
2021-06-17 10:00:00,1433A,SWY,6.0,294.3048354074285,-288.3048354074285
2021-06-17 11:00:00,1433A,SWY,9.0,296.00242141475064,-287.00242141475064
2021-06-17 12:00:00,1433A,SWY,14.0,296.3842633157452,-282.3842633157452
2021-06-17 13:00:00,1433A,SWY,19.0,295.12312586285304,-276.12312586285304
2021-06-17 14:00:00,1433A,SWY,20.0,293.56964581196627,-273.56964581196627
2021-06-17 15:00:00,1433A,SWY,27.0,291.6142244058133,-264.6142244058133
2021-06-17 16:00:00,1433A,SWY,23.0,290.5832813187741,-267.5832813187741
2021-06-17 17:00:00,1433A,SWY,24.0,289.55866339022265,-265.55866339022265
2021-06-17 18:00:00,1433A,SWY,30.0,288.29575140251694,-258.29575140251694
2021-06-17 19:00:00,1433A,SWY,33.0,288.9719759334484,-255.9719759334484
2021-06-17 20:00:00,1433A,SWY,33.0,289.94463898032717,-256.94463898032717
2021-06-17 21:00:00,1433A,SWY,21.0,290.6187843237827,-269.6187843237827
2021-06-17 22:00:00,1433A,SWY,14.0,292.3081876745668,-278.3081876745668
2021-06-17 23:00:00,1433A,SWY,14.0,291.9825544219074,-277.9825544219074
2021-06-18 00:00:00,1433A,SWY,18.0,292.3167672198889,-274.3167672198889
2021-06-18 01:00:00,1433A,SWY,16.0,291.4436033775009,-275.4436033775009
2021-06-18 02:00:00,1433A,SWY,10.0,290.9046256612288,-280.9046256612288
2021-06-18 03:00:00,1433A,SWY,8.0,290.2456276768397,-282.2456276768397
2021-06-18 04:00:00,1433A,SWY,10.0,289.75062217632785,-279.75062217632785
2021-06-18 05:00:00,1433A,SWY,10.0,289.57142415811467,-279.57142415811467
2021-06-18 06:00:00,1433A,SWY,17.0,289.9420341544234,-272.9420341544234
2021-06-18 07:00:00,1433A,SWY,14.0,289.8394089312191,-275.8394089312191
2021-06-18 08:00:00,1433A,SWY,26.0,291.5148716635097,-265.5148716635097
2021-06-18 09:00:00,1433A,SWY,28.0,293.81911243170686,-265.81911243170686
2021-06-18 10:00:00,1433A,SWY,17.0,295.36481231772893,-278.36481231772893
2021-06-18 11:00:00,1433A,SWY,22.0,297.06239832505105,-275.06239832505105
2021-06-18 12:00:00,1433A,SWY,22.0,297.4442402260456,-275.4442402260456
2021-06-18 13:00:00,1433A,SWY,24.0,296.18310277315345,-272.18310277315345
2021-06-18 14:00:00,1433A,SWY,24.0,294.6296227222667,-270.6296227222667
2021-06-18 15:00:00,1433A,SWY,28.0,292.6742013161137,-264.6742013161137
2021-06-18 16:00:00,1433A,SWY,28.0,291.6432582290745,-263.6432582290745
2021-06-18 17:00:00,1433A,SWY,25.0,290.61864030052305,-265.61864030052305
2021-06-18 18:00:00,1433A,SWY,21.0,289.35572831281735,-268.35572831281735
2021-06-18 19:00:00,1433A,SWY,21.0,290.0319528437488,-269.0319528437488
2021-06-18 20:00:00,1433A,SWY,23.0,291.0046158906276,-268.0046158906276
2021-06-18 21:00:00,1433A,SWY,24.0,291.6787612340831,-267.6787612340831
2021-06-18 22:00:00,1433A,SWY,27.0,293.3681645848672,-266.3681645848672
2021-06-18 23:00:00,1433A,SWY,32.0,293.04253133220783,-261.04253133220783
2021-06-19 00:00:00,1433A,SWY,32.0,293.3767441301893,-261.3767441301893
2021-06-19 01:00:00,1433A,SWY,33.0,292.5035802878013,-259.5035802878013
2021-06-19 02:00:00,1433A,SWY,37.0,291.9646025715292,-254.9646025715292
2021-06-19 03:00:00,1433A,SWY,38.0,291.3056045871401,-253.30560458714012
2021-06-19 04:00:00,1433A,SWY,40.0,290.81059908662826,-250.81059908662826
2021-06-19 05:00:00,1433A,SWY,41.0,290.6314010684151,-249.63140106841507
2021-06-19 06:00:00,1433A,SWY,38.0,291.00201106472383,-253.00201106472383
2021-06-19 07:00:00,1433A,SWY,36.0,290.8993858415195,-254.89938584151952
2021-06-19 08:00:00,1433A,SWY,31.0,292.57484857381013,-261.57484857381013
2021-06-19 09:00:00,1433A,SWY,36.0,294.87908934200726,-258.87908934200726
2021-06-19 10:00:00,1433A,SWY,47.0,296.42478922802934,-249.42478922802934
2021-06-19 11:00:00,1433A,SWY,49.0,298.12237523535146,-249.12237523535146
2021-06-19 12:00:00,1433A,SWY,51.0,298.504217136346,-247.50421713634603
2021-06-19 13:00:00,1433A,SWY,36.0,297.24307968345386,-261.24307968345386
2021-06-19 14:00:00,1433A,SWY,32.0,295.6895996325671,-263.6895996325671
2021-06-19 15:00:00,1433A,SWY,36.0,293.7341782264141,-257.7341782264141
2021-06-19 16:00:00,1433A,SWY,38.0,292.7032351393749,-254.7032351393749
2021-06-19 17:00:00,1433A,SWY,28.0,291.67861721082346,-263.67861721082346
2021-06-19 18:00:00,1433A,SWY,22.0,290.41570522311775,-268.41570522311775
2021-06-19 19:00:00,1433A,SWY,22.0,291.0919297540492,-269.0919297540492
2021-06-19 20:00:00,1433A,SWY,17.0,292.064592800928,-275.064592800928
2021-06-19 21:00:00,1433A,SWY,15.0,292.7387381443835,-277.7387381443835
2021-06-19 22:00:00,1433A,SWY,17.0,294.4281414951676,-277.4281414951676
2021-06-19 23:00:00,1433A,SWY,22.0,294.10250824250824,-272.10250824250824
2021-06-20 00:00:00,1433A,SWY,24.0,294.4367210404897,-270.4367210404897
2021-06-20 01:00:00,1433A,SWY,27.0,293.5635571981017,-266.5635571981017
2021-06-20 02:00:00,1433A,SWY,34.0,293.0245794818296,-259.0245794818296
2021-06-20 03:00:00,1433A,SWY,34.0,292.36558149744053,-258.36558149744053
2021-06-20 04:00:00,1433A,SWY,30.0,291.87057599692866,-261.87057599692866
2021-06-20 05:00:00,1433A,SWY,34.0,291.6913779787155,-257.6913779787155
2021-06-20 06:00:00,1433A,SWY,35.0,292.06198797502424,-257.06198797502424
2021-06-20 07:00:00,1433A,SWY,37.0,291.9593627518199,-254.95936275181992
2021-06-20 08:00:00,1433A,SWY,34.0,293.63482548411054,-259.63482548411054
2021-06-20 09:00:00,1433A,SWY,37.0,295.93906625230767,-258.93906625230767
2021-06-20 10:00:00,1433A,SWY,45.0,297.48476613832975,-252.48476613832975
2021-06-20 11:00:00,1433A,SWY,52.0,299.18235214565186,-247.18235214565186
2021-06-20 12:00:00,1433A,SWY,53.0,299.56419404664643,-246.56419404664643
2021-06-20 13:00:00,1433A,SWY,61.0,298.30305659375426,-237.30305659375426
2021-06-20 14:00:00,1433A,SWY,59.0,296.7495765428675,-237.7495765428675
2021-06-20 15:00:00,1433A,SWY,38.0,294.7941551367145,-256.7941551367145
2021-06-20 16:00:00,1433A,SWY,45.0,293.7632120496753,-248.7632120496753
2021-06-20 17:00:00,1433A,SWY,22.0,292.73859412112387,-270.73859412112387
2021-06-20 18:00:00,1433A,SWY,18.0,291.47568213341816,-273.47568213341816
2021-06-20 19:00:00,1433A,SWY,13.0,292.1519066643496,-279.1519066643496
2021-06-20 20:00:00,1433A,SWY,,293.1245697112284,
2021-06-20 21:00:00,1433A,SWY,10.0,293.7987150546839,-283.7987150546839
2021-06-20 22:00:00,1433A,SWY,15.0,295.488118405468,-280.488118405468
2021-06-20 23:00:00,1433A,SWY,18.0,295.16248515280864,-277.16248515280864
2021-06-21 00:00:00,1433A,SWY,19.0,295.4966979507901,-276.4966979507901
2021-06-21 01:00:00,1433A,SWY,21.0,294.6235341084021,-273.6235341084021
2021-06-21 02:00:00,1433A,SWY,24.0,294.08455639213,-270.08455639213
2021-06-21 03:00:00,1433A,SWY,25.0,293.42555840774094,-268.42555840774094
2021-06-21 04:00:00,1433A,SWY,24.0,292.93055290722907,-268.93055290722907
2021-06-21 05:00:00,1433A,SWY,30.0,292.7513548890159,-262.7513548890159
2021-06-21 06:00:00,1433A,SWY,35.0,293.12196488532464,-258.12196488532464
2021-06-21 07:00:00,1433A,SWY,28.0,293.01933966212033,-265.01933966212033
2021-06-21 08:00:00,1433A,SWY,25.0,294.69480239441094,-269.69480239441094
2021-06-21 09:00:00,1433A,SWY,42.0,296.9990431626081,-254.99904316260807
2021-06-21 10:00:00,1433A,SWY,54.0,298.54474304863015,-244.54474304863015
2021-06-21 11:00:00,1433A,SWY,56.0,300.24232905595227,-244.24232905595227
2021-06-21 12:00:00,1433A,SWY,70.0,300.62417095694684,-230.62417095694684
2021-06-21 13:00:00,1433A,SWY,90.0,299.36303350405467,-209.36303350405467
2021-06-21 14:00:00,1433A,SWY,78.0,297.8095534531679,-219.8095534531679
2021-06-21 15:00:00,1433A,SWY,68.0,295.8541320470149,-227.8541320470149
2021-06-21 16:00:00,1433A,SWY,38.0,294.8231889599757,-256.8231889599757
2021-06-21 17:00:00,1433A,SWY,22.0,293.7985710314243,-271.7985710314243
2021-06-21 18:00:00,1433A,SWY,19.0,292.53565904371857,-273.53565904371857
2021-06-21 19:00:00,1433A,SWY,32.0,293.21188357465,-261.21188357465
2021-06-21 20:00:00,1433A,SWY,57.0,294.1845466215288,-237.1845466215288
2021-06-21 21:00:00,1433A,SWY,44.0,294.8586919649843,-250.8586919649843
2021-06-21 22:00:00,1433A,SWY,40.0,296.5480953157684,-256.5480953157684
2021-06-21 23:00:00,1433A,SWY,49.0,296.22246206310905,-247.22246206310905
2021-06-22 00:00:00,1433A,SWY,56.0,296.5566748610905,-240.55667486109053
2021-06-22 01:00:00,1433A,SWY,49.0,295.6835110187025,-246.68351101870252
2021-06-22 02:00:00,1433A,SWY,50.0,295.14453330243043,-245.14453330243043
2021-06-22 03:00:00,1433A,SWY,56.0,294.48553531804134,-238.48553531804134
2021-06-22 04:00:00,1433A,SWY,57.0,293.9905298175295,-236.99052981752948
2021-06-22 05:00:00,1433A,SWY,56.0,293.8113317993163,-237.8113317993163
2021-06-22 06:00:00,1433A,SWY,62.0,294.18194179562505,-232.18194179562505
2021-06-22 07:00:00,1433A,SWY,66.0,294.07931657242074,-228.07931657242074
2021-06-22 08:00:00,1433A,SWY,68.0,295.75477930471135,-227.75477930471135
2021-06-22 09:00:00,1433A,SWY,75.0,298.0590200729085,-223.05902007290848
2021-06-22 10:00:00,1433A,SWY,82.0,299.60471995893056,-217.60471995893056
2021-06-22 11:00:00,1433A,SWY,82.0,301.3023059662527,-219.30230596625267
2021-06-22 12:00:00,1433A,SWY,34.0,301.68414786724725,-267.68414786724725
2021-06-22 13:00:00,1433A,SWY,25.0,300.4230104143551,-275.4230104143551
2021-06-22 14:00:00,1433A,SWY,23.0,298.8695303634683,-275.8695303634683
2021-06-22 15:00:00,1433A,SWY,20.0,296.9141089573153,-276.9141089573153
2021-06-22 16:00:00,1433A,SWY,22.0,295.8831658702761,-273.8831658702761
2021-06-22 17:00:00,1433A,SWY,22.0,294.8585479417247,-272.8585479417247
2021-06-22 18:00:00,1433A,SWY,18.0,293.595635954019,-275.595635954019
2021-06-22 19:00:00,1433A,SWY,13.0,294.2718604849504,-281.2718604849504
2021-06-22 20:00:00,1433A,SWY,14.0,295.2445235318292,-281.2445235318292
2021-06-22 21:00:00,1433A,SWY,18.0,295.9186688752847,-277.9186688752847
2021-06-22 22:00:00,1433A,SWY,20.0,297.6080722260688,-277.6080722260688
2021-06-22 23:00:00,1433A,SWY,26.0,297.28243897340946,-271.28243897340946
2021-06-23 00:00:00,1433A,SWY,22.0,297.61665177139093,-275.61665177139093
2021-06-23 01:00:00,1433A,SWY,26.0,296.7434879290029,-270.7434879290029
2021-06-23 02:00:00,1433A,SWY,28.0,296.20451021273084,-268.20451021273084
2021-06-23 03:00:00,1433A,SWY,31.0,295.54551222834175,-264.54551222834175
2021-06-23 04:00:00,1433A,SWY,34.0,295.0505067278299,-261.0505067278299
2021-06-23 05:00:00,1433A,SWY,36.0,294.8713087096167,-258.8713087096167
2021-06-23 06:00:00,1433A,SWY,36.0,295.24191870592546,-259.24191870592546
2021-06-23 07:00:00,1433A,SWY,35.0,295.13929348272114,-260.13929348272114
2021-06-23 08:00:00,1433A,SWY,38.0,296.81475621501176,-258.81475621501176
2021-06-23 09:00:00,1433A,SWY,48.0,299.1189969832089,-251.1189969832089
2021-06-23 10:00:00,1433A,SWY,50.0,300.66469686923097,-250.66469686923097
2021-06-23 11:00:00,1433A,SWY,51.0,302.3622828765531,-251.36228287655308
2021-06-23 12:00:00,1433A,SWY,55.0,302.74412477754765,-247.74412477754765
2021-06-23 13:00:00,1433A,SWY,47.0,301.4829873246555,-254.48298732465548
2021-06-23 14:00:00,1433A,SWY,46.0,299.9295072737687,-253.9295072737687
2021-06-23 15:00:00,1433A,SWY,55.0,297.9740858676157,-242.9740858676157
2021-06-23 16:00:00,1433A,SWY,52.0,296.9431427805765,-244.94314278057652
2021-06-23 17:00:00,1433A,SWY,54.0,295.9185248520251,-241.9185248520251
2021-06-23 18:00:00,1433A,SWY,46.0,294.6556128643194,-248.65561286431938
2021-06-23 19:00:00,1433A,SWY,37.0,295.33183739525083,-258.33183739525083
2021-06-23 20:00:00,1433A,SWY,38.0,296.3045004421296,-258.3045004421296
2021-06-23 21:00:00,1433A,SWY,45.0,296.9786457855851,-251.97864578558512
2021-06-23 22:00:00,1433A,SWY,38.0,298.66804913636923,-260.66804913636923
2021-06-23 23:00:00,1433A,SWY,41.0,298.34241588370986,-257.34241588370986
2021-06-24 00:00:00,1433A,SWY,58.0,298.67662868169134,-240.67662868169134
2021-06-24 01:00:00,1433A,SWY,56.0,297.80346483930333,-241.80346483930333
2021-06-24 02:00:00,1433A,SWY,62.0,297.26448712303124,-235.26448712303124
2021-06-24 03:00:00,1433A,SWY,59.0,296.60548913864216,-237.60548913864216
2021-06-24 04:00:00,1433A,SWY,65.0,296.1104836381303,-231.1104836381303
2021-06-24 05:00:00,1433A,SWY,66.0,295.9312856199171,-229.9312856199171
2021-06-24 06:00:00,1433A,SWY,74.0,296.30189561622586,-222.30189561622586
2021-06-24 07:00:00,1433A,SWY,79.0,296.19927039302155,-217.19927039302155
2021-06-24 08:00:00,1433A,SWY,67.0,297.87473312531216,-230.87473312531216
2021-06-24 09:00:00,1433A,SWY,60.0,300.1789738935093,-240.1789738935093
2021-06-24 10:00:00,1433A,SWY,59.0,301.7246737795314,-242.72467377953137
2021-06-24 11:00:00,1433A,SWY,55.0,303.4222597868535,-248.4222597868535
2021-06-24 12:00:00,1433A,SWY,49.0,303.80410168784806,-254.80410168784806
2021-06-24 13:00:00,1433A,SWY,54.0,302.5429642349559,-248.5429642349559
2021-06-24 14:00:00,1433A,SWY,59.0,300.9894841840691,-241.9894841840691
2021-06-24 15:00:00,1433A,SWY,,299.0340627779161,
2021-06-24 16:00:00,1433A,SWY,,298.00311969087693,
2021-06-24 17:00:00,1433A,SWY,,296.9785017623255,
2021-06-24 18:00:00,1433A,SWY,,295.7155897746198,
2021-06-24 19:00:00,1433A,SWY,29.0,296.39181430555124,-267.39181430555124
2021-06-24 20:00:00,1433A,SWY,18.0,297.36447735243,-279.36447735243
2021-06-24 21:00:00,1433A,SWY,15.0,298.0386226958855,-283.0386226958855
2021-06-24 22:00:00,1433A,SWY,16.0,299.72802604666964,-283.72802604666964
2021-06-24 23:00:00,1433A,SWY,16.0,299.40239279401027,-283.40239279401027
2021-06-25 00:00:00,1433A,SWY,16.0,299.73660559199175,-283.73660559199175
2021-06-25 01:00:00,1433A,SWY,14.0,298.86344174960374,-284.86344174960374
2021-06-25 02:00:00,1433A,SWY,12.0,298.32446403333165,-286.32446403333165
2021-06-25 03:00:00,1433A,SWY,14.0,297.66546604894256,-283.66546604894256
2021-06-25 04:00:00,1433A,SWY,16.0,297.1704605484307,-281.1704605484307
2021-06-25 05:00:00,1433A,SWY,18.0,296.9912625302175,-278.9912625302175
2021-06-25 06:00:00,1433A,SWY,22.0,297.36187252652627,-275.36187252652627
2021-06-25 07:00:00,1433A,SWY,22.0,297.25924730332196,-275.25924730332196
2021-06-25 08:00:00,1433A,SWY,20.0,298.93471003561257,-278.93471003561257
2021-06-25 09:00:00,1433A,SWY,20.0,301.2389508038097,-281.2389508038097
2021-06-25 10:00:00,1433A,SWY,22.0,302.7846506898318,-280.7846506898318
2021-06-25 11:00:00,1433A,SWY,19.0,304.4822366971539,-285.4822366971539
2021-06-25 12:00:00,1433A,SWY,20.0,304.86407859814847,-284.86407859814847
2021-06-25 13:00:00,1433A,SWY,23.0,303.6029411452563,-280.6029411452563
2021-06-25 14:00:00,1433A,SWY,27.0,302.0494610943695,-275.0494610943695
2021-06-25 15:00:00,1433A,SWY,32.0,300.0940396882165,-268.0940396882165
2021-06-25 16:00:00,1433A,SWY,29.0,299.06309660117734,-270.06309660117734
2021-06-25 17:00:00,1433A,SWY,21.0,298.0384786726259,-277.0384786726259
2021-06-25 18:00:00,1433A,SWY,15.0,296.7755666849202,-281.7755666849202
2021-06-25 19:00:00,1433A,SWY,14.0,297.45179121585164,-283.45179121585164
2021-06-25 20:00:00,1433A,SWY,12.0,298.4244542627304,-286.4244542627304
2021-06-25 21:00:00,1433A,SWY,13.0,299.0985996061859,-286.0985996061859
2021-06-25 22:00:00,1433A,SWY,14.0,300.78800295697005,-286.78800295697005
2021-06-25 23:00:00,1433A,SWY,14.0,300.4623697043107,-286.4623697043107
2021-06-26 00:00:00,1433A,SWY,23.0,300.79658250229215,-277.79658250229215
2021-06-26 01:00:00,1433A,SWY,23.0,299.92341865990414,-276.92341865990414
2021-06-26 02:00:00,1433A,SWY,25.0,299.38444094363206,-274.38444094363206
2021-06-26 03:00:00,1433A,SWY,32.0,298.72544295924297,-266.72544295924297
2021-06-26 04:00:00,1433A,SWY,30.0,298.2304374587311,-268.2304374587311
2021-06-26 05:00:00,1433A,SWY,28.0,298.0512394405179,-270.0512394405179
2021-06-26 06:00:00,1433A,SWY,24.0,298.4218494368267,-274.4218494368267
2021-06-26 07:00:00,1433A,SWY,25.0,298.31922421362236,-273.31922421362236
2021-06-26 08:00:00,1433A,SWY,30.0,299.994686945913,-269.994686945913
2021-06-26 09:00:00,1433A,SWY,40.0,302.2989277141101,-262.2989277141101
2021-06-26 10:00:00,1433A,SWY,47.0,303.8446276001322,-256.8446276001322
2021-06-26 11:00:00,1433A,SWY,30.0,305.5422136074543,-275.5422136074543
2021-06-26 12:00:00,1433A,SWY,25.0,305.9240555084489,-280.9240555084489
2021-06-26 13:00:00,1433A,SWY,31.0,304.6629180555567,-273.6629180555567
2021-06-26 14:00:00,1433A,SWY,32.0,303.1094380046699,-271.1094380046699
2021-06-26 15:00:00,1433A,SWY,36.0,301.15401659851693,-265.15401659851693
2021-06-26 16:00:00,1433A,SWY,38.0,300.12307351147774,-262.12307351147774
2021-06-26 17:00:00,1433A,SWY,34.0,299.0984555829263,-265.0984555829263
2021-06-26 18:00:00,1433A,SWY,40.0,297.8355435952206,-257.8355435952206
2021-06-26 19:00:00,1433A,SWY,33.0,298.51176812615205,-265.51176812615205
2021-06-26 20:00:00,1433A,SWY,30.0,299.4844311730308,-269.4844311730308
2021-06-26 21:00:00,1433A,SWY,32.0,300.15857651648633,-268.15857651648633
2021-06-26 22:00:00,1433A,SWY,41.0,301.84797986727045,-260.84797986727045
2021-06-26 23:00:00,1433A,SWY,36.0,301.5223466146111,-265.5223466146111
2021-06-27 00:00:00,1433A,SWY,42.0,301.85655941259256,-259.85655941259256
2021-06-27 01:00:00,1433A,SWY,43.0,300.98339557020455,-257.98339557020455
2021-06-27 02:00:00,1433A,SWY,47.0,300.44441785393246,-253.44441785393246
2021-06-27 03:00:00,1433A,SWY,41.0,299.7854198695434,-258.7854198695434
2021-06-27 04:00:00,1433A,SWY,33.0,299.2904143690315,-266.2904143690315
2021-06-27 05:00:00,1433A,SWY,43.0,299.1112163508183,-256.1112163508183
2021-06-27 06:00:00,1433A,SWY,45.0,299.4818263471271,-254.48182634712708
2021-06-27 07:00:00,1433A,SWY,39.0,299.37920112392277,-260.37920112392277
2021-06-27 08:00:00,1433A,SWY,36.0,301.0546638562134,-265.0546638562134
2021-06-27 09:00:00,1433A,SWY,46.0,303.3589046244105,-257.3589046244105
2021-06-27 10:00:00,1433A,SWY,50.0,304.9046045104326,-254.9046045104326
2021-06-27 11:00:00,1433A,SWY,48.0,306.6021905177547,-258.6021905177547
2021-06-27 12:00:00,1433A,SWY,34.0,306.9840324187493,-272.9840324187493
2021-06-27 13:00:00,1433A,SWY,24.0,305.7228949658571,-281.7228949658571
2021-06-27 14:00:00,1433A,SWY,18.0,304.16941491497033,-286.16941491497033
2021-06-27 15:00:00,1433A,SWY,21.0,302.21399350881734,-281.21399350881734
2021-06-27 16:00:00,1433A,SWY,18.0,301.18305042177815,-283.18305042177815
2021-06-27 17:00:00,1433A,SWY,18.0,300.1584324932267,-282.1584324932267
2021-06-27 18:00:00,1433A,SWY,18.0,298.895520505521,-280.895520505521
2021-06-27 19:00:00,1433A,SWY,18.0,299.57174503645246,-281.57174503645246
2021-06-27 20:00:00,1433A,SWY,15.0,300.54440808333123,-285.54440808333123
2021-06-27 21:00:00,1433A,SWY,18.0,301.21855342678674,-283.21855342678674
2021-06-27 22:00:00,1433A,SWY,23.0,302.90795677757086,-279.90795677757086
2021-06-27 23:00:00,1433A,SWY,23.0,302.5823235249115,-279.5823235249115
2021-06-28 00:00:00,1433A,SWY,26.0,302.91653632289297,-276.91653632289297
2021-06-28 01:00:00,1433A,SWY,29.0,302.04337248050496,-273.04337248050496
2021-06-28 02:00:00,1433A,SWY,28.0,301.50439476423287,-273.50439476423287
2021-06-28 03:00:00,1433A,SWY,27.0,300.8453967798438,-273.8453967798438
2021-06-28 04:00:00,1433A,SWY,29.0,300.3503912793319,-271.3503912793319
2021-06-28 05:00:00,1433A,SWY,28.0,300.17119326111873,-272.17119326111873
2021-06-28 06:00:00,1433A,SWY,27.0,300.5418032574275,-273.5418032574275
2021-06-28 07:00:00,1433A,SWY,23.0,300.4391780342232,-277.4391780342232
2021-06-28 08:00:00,1433A,SWY,30.0,302.1146407665138,-272.1146407665138
2021-06-28 09:00:00,1433A,SWY,39.0,304.4188815347109,-265.4188815347109
2021-06-28 10:00:00,1433A,SWY,51.0,305.964581420733,-254.964581420733
2021-06-28 11:00:00,1433A,SWY,46.0,307.6621674280551,-261.6621674280551
2021-06-28 12:00:00,1433A,SWY,52.0,308.0440093290497,-256.0440093290497
2021-06-28 13:00:00,1433A,SWY,37.0,306.7828718761575,-269.7828718761575
2021-06-28 14:00:00,1433A,SWY,29.0,305.22939182527074,-276.22939182527074
2021-06-28 15:00:00,1433A,SWY,22.0,303.27397041911775,-281.27397041911775
2021-06-28 16:00:00,1433A,SWY,9.0,302.24302733207855,-293.24302733207855
2021-06-28 17:00:00,1433A,SWY,10.0,301.2184094035271,-291.2184094035271
2021-06-28 18:00:00,1433A,SWY,7.0,299.9554974158214,-292.9554974158214
2021-06-28 19:00:00,1433A,SWY,6.0,300.63172194675286,-294.63172194675286
2021-06-28 20:00:00,1433A,SWY,5.0,301.60438499363164,-296.60438499363164
2021-06-28 21:00:00,1433A,SWY,6.0,302.27853033708715,-296.27853033708715
2021-06-28 22:00:00,1433A,SWY,6.0,303.96793368787127,-297.96793368787127
2021-06-28 23:00:00,1433A,SWY,6.0,303.6423004352119,-297.6423004352119
2021-06-29 00:00:00,1433A,SWY,6.0,303.9765132331934,-297.9765132331934
2021-06-29 01:00:00,1433A,SWY,7.0,303.10334939080536,-296.10334939080536
2021-06-29 02:00:00,1433A,SWY,12.0,302.5643716745333,-290.5643716745333
2021-06-29 03:00:00,1433A,SWY,18.0,301.9053736901442,-283.9053736901442
2021-06-29 04:00:00,1433A,SWY,11.0,301.4103681896323,-290.4103681896323
2021-06-29 05:00:00,1433A,SWY,8.0,301.23117017141914,-293.23117017141914
2021-06-29 06:00:00,1433A,SWY,9.0,301.6017801677279,-292.6017801677279
2021-06-29 07:00:00,1433A,SWY,9.0,301.4991549445236,-292.4991549445236
2021-06-29 08:00:00,1433A,SWY,10.0,303.1746176768142,-293.1746176768142
2021-06-29 09:00:00,1433A,SWY,9.0,305.4788584450113,-296.4788584450113
2021-06-29 10:00:00,1433A,SWY,8.0,307.0245583310334,-299.0245583310334
2021-06-29 11:00:00,1433A,SWY,11.0,308.7221443383555,-297.7221443383555
2021-06-29 12:00:00,1433A,SWY,12.0,309.1039862393501,-297.1039862393501
2021-06-29 13:00:00,1433A,SWY,12.0,307.8428487864579,-295.8428487864579
2021-06-29 14:00:00,1433A,SWY,14.0,306.28936873557114,-292.28936873557114
2021-06-29 15:00:00,1433A,SWY,17.0,304.33394732941815,-287.33394732941815
2021-06-29 16:00:00,1433A,SWY,19.0,303.30300424237896,-284.30300424237896
2021-06-29 17:00:00,1433A,SWY,21.0,302.2783863138275,-281.2783863138275
2021-06-29 18:00:00,1433A,SWY,22.0,301.0154743261218,-279.0154743261218
2021-06-29 19:00:00,1433A,SWY,22.0,301.69169885705327,-279.69169885705327
2021-06-29 20:00:00,1433A,SWY,21.0,302.66436190393205,-281.66436190393205
2021-06-29 21:00:00,1433A,SWY,16.0,303.33850724738755,-287.33850724738755
2021-06-29 22:00:00,1433A,SWY,14.0,305.0279105981717,-291.0279105981717
2021-06-29 23:00:00,1433A,SWY,11.0,304.7022773455123,-293.7022773455123
2021-06-30 00:00:00,1433A,SWY,8.0,305.0364901434938,-297.0364901434938
2021-06-30 01:00:00,1433A,SWY,8.0,304.16332630110577,-296.16332630110577
2021-06-30 02:00:00,1433A,SWY,10.0,303.6243485848337,-293.6243485848337
2021-06-30 03:00:00,1433A,SWY,12.0,302.9653506004446,-290.9653506004446
2021-06-30 04:00:00,1433A,SWY,12.0,302.47034509993273,-290.47034509993273
2021-06-30 05:00:00,1433A,SWY,20.0,302.29114708171954,-282.29114708171954
2021-06-30 06:00:00,1433A,SWY,19.0,302.6617570780283,-283.6617570780283
2021-06-30 07:00:00,1433A,SWY,14.0,302.559131854824,-288.559131854824
2021-06-30 08:00:00,1433A,SWY,16.0,304.2345945871146,-288.2345945871146
2021-06-30 09:00:00,1433A,SWY,21.0,306.53883535531173,-285.53883535531173
2021-06-30 10:00:00,1433A,SWY,21.0,308.0845352413338,-287.0845352413338
2021-06-30 11:00:00,1433A,SWY,22.0,309.7821212486559,-287.7821212486559
2021-06-30 12:00:00,1433A,SWY,26.0,310.1639631496505,-284.1639631496505
2021-06-30 13:00:00,1433A,SWY,24.0,308.9028256967583,-284.9028256967583
2021-06-30 14:00:00,1433A,SWY,31.0,307.34934564587155,-276.34934564587155
2021-06-30 15:00:00,1433A,SWY,24.0,305.39392423971856,-281.39392423971856
2021-06-30 16:00:00,1433A,SWY,22.0,304.36298115267937,-282.36298115267937
2021-06-30 17:00:00,1433A,SWY,24.0,303.33836322412793,-279.33836322412793
2021-06-30 18:00:00,1433A,SWY,29.0,302.0754512364222,-273.0754512364222
2021-06-30 19:00:00,1433A,SWY,29.0,302.7516757673537,-273.7516757673537
2021-06-30 20:00:00,1433A,SWY,28.0,303.72433881423245,-275.72433881423245
2021-06-30 21:00:00,1433A,SWY,30.0,304.39848415768796,-274.39848415768796
2021-06-30 22:00:00,1433A,SWY,32.0,306.0878875084721,-274.0878875084721
2021-06-30 23:00:00,1433A,SWY,32.0,305.7622542558127,-273.7622542558127
2021-07-01 00:00:00,1433A,SWY,34.0,306.0964670537942,-272.0964670537942
2021-07-01 01:00:00,1433A,SWY,35.0,305.2233032114062,-270.2233032114062
2021-07-01 02:00:00,1433A,SWY,38.0,304.6843254951341,-266.6843254951341
2021-07-01 03:00:00,1433A,SWY,37.0,304.025327510745,-267.025327510745
2021-07-01 04:00:00,1433A,SWY,37.0,303.53032201023314,-266.53032201023314
2021-07-01 05:00:00,1433A,SWY,36.0,303.35112399201995,-267.35112399201995
2021-07-01 06:00:00,1433A,SWY,43.0,303.7217339883287,-260.7217339883287
2021-07-01 07:00:00,1433A,SWY,38.0,303.6191087651244,-265.6191087651244
2021-07-01 08:00:00,1433A,SWY,37.0,305.294571497415,-268.294571497415
2021-07-01 09:00:00,1433A,SWY,43.0,307.59881226561214,-264.59881226561214
2021-07-01 10:00:00,1433A,SWY,38.0,309.1445121516342,-271.1445121516342
2021-07-01 11:00:00,1433A,SWY,23.0,310.84209815895633,-287.84209815895633
2021-07-01 12:00:00,1433A,SWY,36.0,311.2239400599509,-275.2239400599509
2021-07-01 13:00:00,1433A,SWY,52.0,309.96280260705873,-257.96280260705873
2021-07-01 14:00:00,1433A,SWY,40.0,308.40932255617196,-268.40932255617196
2021-07-01 15:00:00,1433A,SWY,,306.45390115001896,
2021-07-01 16:00:00,1433A,SWY,30.0,305.4229580629798,-275.4229580629798
2021-07-01 17:00:00,1433A,SWY,26.0,304.39834013442834,-278.39834013442834
2021-07-01 18:00:00,1433A,SWY,25.0,303.13542814672263,-278.13542814672263
2021-07-01 19:00:00,1433A,SWY,21.0,303.8116526776541,-282.8116526776541
2021-07-01 20:00:00,1433A,SWY,23.0,304.78431572453286,-281.78431572453286
2021-07-01 21:00:00,1433A,SWY,24.0,305.45846106798837,-281.45846106798837
2021-07-01 22:00:00,1433A,SWY,26.0,307.1478644187725,-281.1478644187725
2021-07-01 23:00:00,1433A,SWY,31.0,306.8222311661131,-275.8222311661131
2021-07-02 00:00:00,1433A,SWY,33.0,307.1564439640946,-274.1564439640946
2021-07-02 01:00:00,1433A,SWY,40.0,306.2832801217066,-266.2832801217066
2021-07-02 02:00:00,1433A,SWY,46.0,305.7443024054345,-259.7443024054345
2021-07-02 03:00:00,1433A,SWY,40.0,305.0853044210454,-265.0853044210454
2021-07-02 04:00:00,1433A,SWY,38.0,304.59029892053354,-266.59029892053354
2021-07-02 05:00:00,1433A,SWY,39.0,304.41110090232036,-265.41110090232036
2021-07-02 06:00:00,1433A,SWY,41.0,304.7817108986291,-263.7817108986291
2021-07-02 07:00:00,1433A,SWY,38.0,304.6790856754248,-266.6790856754248
2021-07-02 08:00:00,1433A,SWY,38.0,306.3545484077154,-268.3545484077154
2021-07-02 09:00:00,1433A,SWY,41.0,308.65878917591255,-267.65878917591255
2021-07-02 10:00:00,1433A,SWY,47.0,310.2044890619346,-263.2044890619346
2021-07-02 11:00:00,1433A,SWY,40.0,311.90207506925674,-271.90207506925674
2021-07-02 12:00:00,1433A,SWY,41.0,312.2839169702513,-271.2839169702513
2021-07-02 13:00:00,1433A,SWY,32.0,311.02277951735914,-279.02277951735914
2021-07-02 14:00:00,1433A,SWY,14.0,309.46929946647236,-295.46929946647236
2021-07-02 15:00:00,1433A,SWY,14.0,307.51387806031937,-293.51387806031937
2021-07-02 16:00:00,1433A,SWY,17.0,306.4829349732802,-289.4829349732802
2021-07-02 17:00:00,1433A,SWY,11.0,305.45831704472874,-294.45831704472874
2021-07-02 18:00:00,1433A,SWY,10.0,304.19540505702304,-294.19540505702304
2021-07-02 19:00:00,1433A,SWY,10.0,304.8716295879545,-294.8716295879545
2021-07-02 20:00:00,1433A,SWY,8.0,305.84429263483327,-297.84429263483327
2021-07-02 21:00:00,1433A,SWY,6.0,306.5184379782888,-300.5184379782888
2021-07-02 22:00:00,1433A,SWY,7.0,308.2078413290729,-301.2078413290729
2021-07-02 23:00:00,1433A,SWY,8.0,307.8822080764135,-299.8822080764135
2021-07-03 00:00:00,1433A,SWY,11.0,308.216420874395,-297.216420874395
2021-07-03 01:00:00,1433A,SWY,43.0,307.343257032007,-264.343257032007
2021-07-03 02:00:00,1433A,SWY,32.0,306.8042793157349,-274.8042793157349
2021-07-03 03:00:00,1433A,SWY,16.0,306.1452813313458,-290.1452813313458
2021-07-03 04:00:00,1433A,SWY,12.0,305.65027583083395,-293.65027583083395
2021-07-03 05:00:00,1433A,SWY,13.0,305.47107781262076,-292.47107781262076
2021-07-03 06:00:00,1433A,SWY,18.0,305.8416878089295,-287.8416878089295
2021-07-03 07:00:00,1433A,SWY,33.0,305.7390625857252,-272.7390625857252
2021-07-03 08:00:00,1433A,SWY,26.0,307.4145253180158,-281.4145253180158
2021-07-03 09:00:00,1433A,SWY,26.0,309.71876608621295,-283.71876608621295
2021-07-03 10:00:00,1433A,SWY,17.0,311.26446597223503,-294.26446597223503
2021-07-03 11:00:00,1433A,SWY,15.0,312.96205197955715,-297.96205197955715
2021-07-03 12:00:00,1433A,SWY,16.0,313.3438938805517,-297.3438938805517
2021-07-03 13:00:00,1433A,SWY,16.0,312.08275642765955,-296.08275642765955
2021-07-03 14:00:00,1433A,SWY,18.0,310.52927637677277,-292.52927637677277
2021-07-03 15:00:00,1433A,SWY,16.0,308.5738549706198,-292.5738549706198
2021-07-03 16:00:00,1433A,SWY,15.0,307.5429118835806,-292.5429118835806
2021-07-03 17:00:00,1433A,SWY,15.0,306.51829395502915,-291.51829395502915
2021-07-03 18:00:00,1433A,SWY,13.0,305.25538196732344,-292.25538196732344
2021-07-03 19:00:00,1433A,SWY,16.0,305.9316064982549,-289.9316064982549
2021-07-03 20:00:00,1433A,SWY,18.0,306.9042695451337,-288.9042695451337
2021-07-03 21:00:00,1433A,SWY,24.0,307.5784148885892,-283.5784148885892
2021-07-03 22:00:00,1433A,SWY,28.0,309.2678182393733,-281.2678182393733
2021-07-03 23:00:00,1433A,SWY,36.0,308.9421849867139,-272.9421849867139
2021-07-04 00:00:00,1433A,SWY,35.0,309.2763977846954,-274.2763977846954
2021-07-04 01:00:00,1433A,SWY,35.0,308.4032339423074,-273.4032339423074
2021-07-04 02:00:00,1433A,SWY,34.0,307.8642562260353,-273.8642562260353
2021-07-04 03:00:00,1433A,SWY,34.0,307.2052582416462,-273.2052582416462
2021-07-04 04:00:00,1433A,SWY,24.0,306.71025274113435,-282.71025274113435
2021-07-04 05:00:00,1433A,SWY,15.0,306.53105472292117,-291.53105472292117
2021-07-04 06:00:00,1433A,SWY,16.0,306.9016647192299,-290.9016647192299
2021-07-04 07:00:00,1433A,SWY,15.0,306.7990394960256,-291.7990394960256
2021-07-04 08:00:00,1433A,SWY,17.0,308.4745022283162,-291.4745022283162
2021-07-04 09:00:00,1433A,SWY,19.0,310.77874299651336,-291.77874299651336
2021-07-04 10:00:00,1433A,SWY,21.0,312.32444288253544,-291.32444288253544
2021-07-04 11:00:00,1433A,SWY,24.0,314.02202888985755,-290.02202888985755
2021-07-04 12:00:00,1433A,SWY,27.0,314.4038707908521,-287.4038707908521
2021-07-04 13:00:00,1433A,SWY,24.0,313.14273333795995,-289.14273333795995
2021-07-04 14:00:00,1433A,SWY,21.0,311.5892532870732,-290.5892532870732
2021-07-04 15:00:00,1433A,SWY,17.0,309.6338318809202,-292.6338318809202
2021-07-04 16:00:00,1433A,SWY,13.0,308.602888793881,-295.602888793881
2021-07-04 17:00:00,1433A,SWY,12.0,307.57827086532956,-295.57827086532956
2021-07-04 18:00:00,1433A,SWY,14.0,306.31535887762385,-292.31535887762385
2021-07-04 19:00:00,1433A,SWY,18.0,306.9915834085553,-288.9915834085553
2021-07-04 20:00:00,1433A,SWY,20.0,307.9642464554341,-287.9642464554341
2021-07-04 21:00:00,1433A,SWY,21.0,308.6383917988896,-287.6383917988896
2021-07-04 22:00:00,1433A,SWY,24.0,310.3277951496737,-286.3277951496737
2021-07-04 23:00:00,1433A,SWY,26.0,310.00216189701433,-284.00216189701433
2021-07-05 00:00:00,1433A,SWY,27.0,310.3363746949958,-283.3363746949958
2021-07-05 01:00:00,1433A,SWY,31.0,309.4632108526078,-278.4632108526078
2021-07-05 02:00:00,1433A,SWY,30.0,308.9242331363357,-278.9242331363357
2021-07-05 03:00:00,1433A,SWY,27.0,308.2652351519466,-281.2652351519466
2021-07-05 04:00:00,1433A,SWY,28.0,307.77022965143476,-279.77022965143476
2021-07-05 05:00:00,1433A,SWY,29.0,307.5910316332216,-278.5910316332216
2021-07-05 06:00:00,1433A,SWY,28.0,307.96164162953033,-279.96164162953033
2021-07-05 07:00:00,1433A,SWY,30.0,307.859016406326,-277.859016406326
2021-07-05 08:00:00,1433A,SWY,33.0,309.53447913861663,-276.53447913861663
2021-07-05 09:00:00,1433A,SWY,43.0,311.83871990681376,-268.83871990681376
2021-07-05 10:00:00,1433A,SWY,41.0,313.38441979283584,-272.38441979283584
2021-07-05 11:00:00,1433A,SWY,42.0,315.08200580015796,-273.08200580015796
2021-07-05 12:00:00,1433A,SWY,51.0,315.46384770115253,-264.46384770115253
2021-07-05 13:00:00,1433A,SWY,50.0,314.20271024826036,-264.20271024826036
2021-07-05 14:00:00,1433A,SWY,41.0,312.6492301973736,-271.6492301973736
2021-07-05 15:00:00,1433A,SWY,35.0,310.6938087912206,-275.6938087912206
2021-07-05 16:00:00,1433A,SWY,38.0,309.6628657041814,-271.6628657041814
2021-07-05 17:00:00,1433A,SWY,32.0,308.63824777562996,-276.63824777562996
2021-07-05 18:00:00,1433A,SWY,46.0,307.37533578792426,-261.37533578792426
2021-07-05 19:00:00,1433A,SWY,48.0,308.0515603188557,-260.0515603188557
2021-07-05 20:00:00,1433A,SWY,51.0,309.0242233657345,-258.0242233657345
2021-07-05 21:00:00,1433A,SWY,50.0,309.69836870919,-259.69836870919
2021-07-05 22:00:00,1433A,SWY,49.0,311.3877720599741,-262.3877720599741
2021-07-05 23:00:00,1433A,SWY,53.0,311.06213880731474,-258.06213880731474
2021-07-06 00:00:00,1433A,SWY,52.0,311.3963516052962,-259.3963516052962
2021-07-06 01:00:00,1433A,SWY,54.0,310.5231877629082,-256.5231877629082
2021-07-06 02:00:00,1433A,SWY,54.0,309.9842100466361,-255.98421004663612
2021-07-06 03:00:00,1433A,SWY,59.0,309.32521206224703,-250.32521206224703
2021-07-06 04:00:00,1433A,SWY,61.0,308.83020656173517,-247.83020656173517
2021-07-06 05:00:00,1433A,SWY,65.0,308.651008543522,-243.65100854352198
2021-07-06 06:00:00,1433A,SWY,56.0,309.02161853983074,-253.02161853983074
2021-07-06 07:00:00,1433A,SWY,46.0,308.9189933166264,-262.9189933166264
2021-07-06 08:00:00,1433A,SWY,50.0,310.59445604891704,-260.59445604891704
2021-07-06 09:00:00,1433A,SWY,52.0,312.89869681711417,-260.89869681711417
2021-07-06 10:00:00,1433A,SWY,60.0,314.44439670313625,-254.44439670313625
2021-07-06 11:00:00,1433A,SWY,78.0,316.14198271045836,-238.14198271045836
2021-07-06 12:00:00,1433A,SWY,76.0,316.52382461145294,-240.52382461145294
2021-07-06 13:00:00,1433A,SWY,72.0,315.26268715856077,-243.26268715856077
2021-07-06 14:00:00,1433A,SWY,66.0,313.709207107674,-247.709207107674
2021-07-06 15:00:00,1433A,SWY,66.0,311.753785701521,-245.753785701521
2021-07-06 16:00:00,1433A,SWY,40.0,310.7228426144818,-270.7228426144818
2021-07-06 17:00:00,1433A,SWY,29.0,309.69822468593037,-280.69822468593037
2021-07-06 18:00:00,1433A,SWY,30.0,308.43531269822466,-278.43531269822466
2021-07-06 19:00:00,1433A,SWY,24.0,309.1115372291561,-285.1115372291561
2021-07-06 20:00:00,1433A,SWY,22.0,310.0842002760349,-288.0842002760349
2021-07-06 21:00:00,1433A,SWY,26.0,310.7583456194904,-284.7583456194904
2021-07-06 22:00:00,1433A,SWY,24.0,312.4477489702745,-288.4477489702745
2021-07-06 23:00:00,1433A,SWY,21.0,312.12211571761515,-291.12211571761515
2021-07-07 00:00:00,1433A,SWY,24.0,312.4563285155966,-288.4563285155966
2021-07-07 01:00:00,1433A,SWY,26.0,311.5831646732086,-285.5831646732086
2021-07-07 02:00:00,1433A,SWY,28.0,311.0441869569365,-283.0441869569365
2021-07-07 03:00:00,1433A,SWY,28.0,310.38518897254744,-282.38518897254744
2021-07-07 04:00:00,1433A,SWY,32.0,309.8901834720356,-277.8901834720356
2021-07-07 05:00:00,1433A,SWY,38.0,309.7109854538224,-271.7109854538224
2021-07-07 06:00:00,1433A,SWY,37.0,310.08159545013115,-273.08159545013115
2021-07-07 07:00:00,1433A,SWY,37.0,309.97897022692683,-272.97897022692683
2021-07-07 08:00:00,1433A,SWY,35.0,311.65443295921744,-276.65443295921744
2021-07-07 09:00:00,1433A,SWY,37.0,313.9586737274146,-276.9586737274146
2021-07-07 10:00:00,1433A,SWY,41.0,315.50437361343666,-274.50437361343666
2021-07-07 11:00:00,1433A,SWY,40.0,317.20195962075877,-277.20195962075877
2021-07-07 12:00:00,1433A,SWY,40.0,317.58380152175334,-277.58380152175334
2021-07-07 13:00:00,1433A,SWY,47.0,316.3226640688612,-269.3226640688612
2021-07-07 14:00:00,1433A,SWY,52.0,314.7691840179744,-262.7691840179744
2021-07-07 15:00:00,1433A,SWY,51.0,312.8137626118214,-261.8137626118214
2021-07-07 16:00:00,1433A,SWY,48.0,311.7828195247822,-263.7828195247822
2021-07-07 17:00:00,1433A,SWY,28.0,310.7582015962308,-282.7582015962308
2021-07-07 18:00:00,1433A,SWY,27.0,309.49528960852507,-282.49528960852507
2021-07-07 19:00:00,1433A,SWY,28.0,310.1715141394565,-282.1715141394565
2021-07-07 20:00:00,1433A,SWY,44.0,311.1441771863353,-267.1441771863353
2021-07-07 21:00:00,1433A,SWY,61.0,311.8183225297908,-250.8183225297908
2021-07-07 22:00:00,1433A,SWY,59.0,313.5077258805749,-254.50772588057492
2021-07-07 23:00:00,1433A,SWY,61.0,313.18209262791555,-252.18209262791555
2021-07-08 00:00:00,1433A,SWY,47.0,313.51630542589703,-266.51630542589703
2021-07-08 01:00:00,1433A,SWY,51.0,312.643141583509,-261.643141583509
2021-07-08 02:00:00,1433A,SWY,60.0,312.10416386723693,-252.10416386723693
2021-07-08 03:00:00,1433A,SWY,42.0,311.44516588284785,-269.44516588284785
2021-07-08 04:00:00,1433A,SWY,34.0,310.950160382336,-276.950160382336
2021-07-08 05:00:00,1433A,SWY,32.0,310.7709623641228,-278.7709623641228
2021-07-08 06:00:00,1433A,SWY,32.0,311.14157236043155,-279.14157236043155
2021-07-08 07:00:00,1433A,SWY,34.0,311.03894713722724,-277.03894713722724
2021-07-08 08:00:00,1433A,SWY,22.0,312.71440986951785,-290.71440986951785
2021-07-08 09:00:00,1433A,SWY,22.0,315.018650637715,-293.018650637715
2021-07-08 10:00:00,1433A,SWY,18.0,316.56435052373706,-298.56435052373706
2021-07-08 11:00:00,1433A,SWY,19.0,318.2619365310592,-299.2619365310592
2021-07-08 12:00:00,1433A,SWY,16.0,318.64377843205375,-302.64377843205375
2021-07-08 13:00:00,1433A,SWY,18.0,317.3826409791616,-299.3826409791616
2021-07-08 14:00:00,1433A,SWY,15.0,315.8291609282748,-300.8291609282748
2021-07-08 15:00:00,1433A,SWY,18.0,313.8737395221218,-295.8737395221218
2021-07-08 16:00:00,1433A,SWY,17.0,312.8427964350826,-295.8427964350826
2021-07-08 17:00:00,1433A,SWY,17.0,311.8181785065312,-294.8181785065312
2021-07-08 18:00:00,1433A,SWY,16.0,310.5552665188255,-294.5552665188255
2021-07-08 19:00:00,1433A,SWY,13.0,311.2314910497569,-298.2314910497569
2021-07-08 20:00:00,1433A,SWY,14.0,312.2041540966357,-298.2041540966357
2021-07-08 21:00:00,1433A,SWY,12.0,312.8782994400912,-300.8782994400912
2021-07-08 22:00:00,1433A,SWY,10.0,314.56770279087533,-304.56770279087533
2021-07-08 23:00:00,1433A,SWY,11.0,314.24206953821596,-303.24206953821596
2021-07-09 00:00:00,1433A,SWY,11.0,314.57628233619744,-303.57628233619744
2021-07-09 01:00:00,1433A,SWY,15.0,313.7031184938094,-298.7031184938094
2021-07-09 02:00:00,1433A,SWY,15.0,313.16414077753734,-298.16414077753734
2021-07-09 03:00:00,1433A,SWY,16.0,312.50514279314825,-296.50514279314825
2021-07-09 04:00:00,1433A,SWY,16.0,312.0101372926364,-296.0101372926364
2021-07-09 05:00:00,1433A,SWY,16.0,311.8309392744232,-295.8309392744232
2021-07-09 06:00:00,1433A,SWY,19.0,312.20154927073196,-293.20154927073196
2021-07-09 07:00:00,1433A,SWY,21.0,312.09892404752765,-291.09892404752765
2021-07-09 08:00:00,1433A,SWY,21.0,313.77438677981826,-292.77438677981826
2021-07-09 09:00:00,1433A,SWY,19.0,316.0786275480154,-297.0786275480154
2021-07-09 10:00:00,1433A,SWY,20.0,317.62432743403747,-297.62432743403747
2021-07-09 11:00:00,1433A,SWY,19.0,319.3219134413596,-300.3219134413596
2021-07-09 12:00:00,1433A,SWY,18.0,319.70375534235416,-301.70375534235416
2021-07-09 13:00:00,1433A,SWY,32.0,318.442617889462,-286.442617889462
2021-07-09 14:00:00,1433A,SWY,27.0,316.8891378385752,-289.8891378385752
2021-07-09 15:00:00,1433A,SWY,6.0,314.9337164324222,-308.9337164324222
2021-07-09 16:00:00,1433A,SWY,7.0,313.902773345383,-306.902773345383
2021-07-09 17:00:00,1433A,SWY,7.0,312.8781554168316,-305.8781554168316
2021-07-09 18:00:00,1433A,SWY,8.0,311.6152434291259,-303.6152434291259
2021-07-09 19:00:00,1433A,SWY,10.0,312.29146796005733,-302.29146796005733
2021-07-09 20:00:00,1433A,SWY,11.0,313.2641310069361,-302.2641310069361
2021-07-09 21:00:00,1433A,SWY,14.0,313.9382763503916,-299.9382763503916
2021-07-09 22:00:00,1433A,SWY,16.0,315.62767970117574,-299.62767970117574
2021-07-09 23:00:00,1433A,SWY,16.0,315.30204644851636,-299.30204644851636
2021-07-10 00:00:00,1433A,SWY,16.0,315.63625924649784,-299.63625924649784
2021-07-10 01:00:00,1433A,SWY,13.0,314.76309540410983,-301.76309540410983
2021-07-10 02:00:00,1433A,SWY,9.0,314.22411768783775,-305.22411768783775
2021-07-10 03:00:00,1433A,SWY,5.0,313.56511970344866,-308.56511970344866
2021-07-10 04:00:00,1433A,SWY,3.0,313.0701142029368,-310.0701142029368
2021-07-10 05:00:00,1433A,SWY,5.0,312.8909161847236,-307.8909161847236
2021-07-10 06:00:00,1433A,SWY,8.0,313.26152618103237,-305.26152618103237
2021-07-10 07:00:00,1433A,SWY,7.0,313.15890095782805,-306.15890095782805
2021-07-10 08:00:00,1433A,SWY,4.0,314.83436369011866,-310.83436369011866
2021-07-10 09:00:00,1433A,SWY,3.0,317.1386044583158,-314.1386044583158
2021-07-10 10:00:00,1433A,SWY,3.0,318.6843043443379,-315.6843043443379
2021-07-10 11:00:00,1433A,SWY,3.0,320.38189035166,-317.38189035166
2021-07-10 12:00:00,1433A,SWY,4.0,320.76373225265456,-316.76373225265456
2021-07-10 13:00:00,1433A,SWY,5.0,319.5025947997624,-314.5025947997624
2021-07-10 14:00:00,1433A,SWY,7.0,317.9491147488756,-310.9491147488756
2021-07-10 15:00:00,1433A,SWY,4.0,315.9936933427226,-311.9936933427226
2021-07-10 16:00:00,1433A,SWY,3.0,314.96275025568343,-311.96275025568343
2021-07-10 17:00:00,1433A,SWY,2.0,313.938132327132,-311.938132327132
2021-07-10 18:00:00,1433A,SWY,2.0,312.6752203394263,-310.6752203394263
2021-07-10 19:00:00,1433A,SWY,2.0,313.35144487035774,-311.35144487035774
2021-07-10 20:00:00,1433A,SWY,4.0,314.3241079172365,-310.3241079172365
2021-07-10 21:00:00,1433A,SWY,7.0,314.998253260692,-307.998253260692
2021-07-10 22:00:00,1433A,SWY,9.0,316.68765661147614,-307.68765661147614
2021-07-10 23:00:00,1433A,SWY,10.0,316.36202335881677,-306.36202335881677
2021-07-11 00:00:00,1433A,SWY,6.0,316.69623615679825,-310.69623615679825
2021-07-11 01:00:00,1433A,SWY,4.0,315.82307231441024,-311.82307231441024
2021-07-11 02:00:00,1433A,SWY,5.0,315.28409459813815,-310.28409459813815
2021-07-11 03:00:00,1433A,SWY,6.0,314.62509661374906,-308.62509661374906
2021-07-11 04:00:00,1433A,SWY,7.0,314.1300911132372,-307.1300911132372
2021-07-11 05:00:00,1433A,SWY,9.0,313.950893095024,-304.950893095024
2021-07-11 06:00:00,1433A,SWY,13.0,314.3215030913328,-301.3215030913328
2021-07-11 07:00:00,1433A,SWY,14.0,314.21887786812846,-300.21887786812846
2021-07-11 08:00:00,1433A,SWY,15.0,315.89434060041907,-300.89434060041907
2021-07-11 09:00:00,1433A,SWY,15.0,318.1985813686162,-303.1985813686162
2021-07-11 10:00:00,1433A,SWY,17.0,319.7442812546383,-302.7442812546383
2021-07-11 11:00:00,1433A,SWY,15.0,321.4418672619604,-306.4418672619604
2021-07-11 12:00:00,1433A,SWY,10.0,321.82370916295497,-311.82370916295497
2021-07-11 13:00:00,1433A,SWY,7.0,320.5625717100628,-313.5625717100628
2021-07-11 14:00:00,1433A,SWY,7.0,319.009091659176,-312.009091659176
2021-07-11 15:00:00,1433A,SWY,7.0,317.05367025302303,-310.05367025302303
2021-07-11 16:00:00,1433A,SWY,5.0,316.02272716598384,-311.02272716598384
2021-07-11 17:00:00,1433A,SWY,5.0,314.9981092374324,-309.9981092374324
2021-07-11 18:00:00,1433A,SWY,6.0,313.7351972497267,-307.7351972497267
2021-07-11 19:00:00,1433A,SWY,7.0,314.41142178065815,-307.41142178065815
2021-07-11 20:00:00,1433A,SWY,7.0,315.3840848275369,-308.3840848275369
2021-07-11 21:00:00,1433A,SWY,10.0,316.05823017099243,-306.05823017099243
2021-07-11 22:00:00,1433A,SWY,14.0,317.74763352177655,-303.74763352177655
2021-07-11 23:00:00,1433A,SWY,15.0,317.4220002691172,-302.4220002691172
2021-07-12 00:00:00,1433A,SWY,12.0,317.75621306709866,-305.75621306709866
2021-07-12 01:00:00,1433A,SWY,13.0,316.88304922471065,-303.88304922471065
2021-07-12 02:00:00,1433A,SWY,15.0,316.34407150843856,-301.34407150843856
2021-07-12 03:00:00,1433A,SWY,16.0,315.68507352404947,-299.68507352404947
2021-07-12 04:00:00,1433A,SWY,23.0,315.1900680235376,-292.1900680235376
2021-07-12 05:00:00,1433A,SWY,23.0,315.0108700053244,-292.0108700053244
2021-07-12 06:00:00,1433A,SWY,29.0,315.3814800016332,-286.3814800016332
2021-07-12 07:00:00,1433A,SWY,35.0,315.27885477842887,-280.27885477842887
2021-07-12 08:00:00,1433A,SWY,39.0,316.9543175107195,-277.9543175107195
2021-07-12 09:00:00,1433A,SWY,37.0,319.2585582789166,-282.2585582789166
2021-07-12 10:00:00,1433A,SWY,38.0,320.8042581649387,-282.8042581649387
2021-07-12 11:00:00,1433A,SWY,35.0,322.5018441722608,-287.5018441722608
2021-07-12 12:00:00,1433A,SWY,29.0,322.8836860732554,-293.8836860732554
2021-07-12 13:00:00,1433A,SWY,17.0,321.6225486203632,-304.6225486203632
2021-07-12 14:00:00,1433A,SWY,15.0,320.0690685694764,-305.0690685694764
2021-07-12 15:00:00,1433A,SWY,14.0,318.11364716332344,-304.11364716332344
2021-07-12 16:00:00,1433A,SWY,14.0,317.08270407628424,-303.08270407628424
2021-07-12 17:00:00,1433A,SWY,12.0,316.0580861477328,-304.0580861477328
2021-07-12 18:00:00,1433A,SWY,11.0,314.7951741600271,-303.7951741600271
2021-07-12 19:00:00,1433A,SWY,11.0,315.47139869095855,-304.47139869095855
2021-07-12 20:00:00,1433A,SWY,11.0,316.44406173783733,-305.44406173783733
2021-07-12 21:00:00,1433A,SWY,12.0,317.11820708129284,-305.11820708129284
2021-07-12 22:00:00,1433A,SWY,12.0,318.80761043207696,-306.80761043207696
2021-07-12 23:00:00,1433A,SWY,13.0,318.4819771794176,-305.4819771794176
2021-07-13 00:00:00,1433A,SWY,14.0,318.81618997739906,-304.81618997739906
2021-07-13 01:00:00,1433A,SWY,13.0,317.94302613501105,-304.94302613501105
2021-07-13 02:00:00,1433A,SWY,15.0,317.40404841873897,-302.40404841873897
2021-07-13 03:00:00,1433A,SWY,13.0,316.7450504343499,-303.7450504343499
2021-07-13 04:00:00,1433A,SWY,14.0,316.250044933838,-302.250044933838
2021-07-13 05:00:00,1433A,SWY,14.0,316.0708469156248,-302.0708469156248
2021-07-13 06:00:00,1433A,SWY,13.0,316.4414569119336,-303.4414569119336
2021-07-13 07:00:00,1433A,SWY,14.0,316.3388316887293,-302.3388316887293
2021-07-13 08:00:00,1433A,SWY,14.0,318.0142944210199,-304.0142944210199
2021-07-13 09:00:00,1433A,SWY,16.0,320.318535189217,-304.318535189217
2021-07-13 10:00:00,1433A,SWY,17.0,321.8642350752391,-304.8642350752391
2021-07-13 11:00:00,1433A,SWY,15.0,323.5618210825612,-308.5618210825612
2021-07-13 12:00:00,1433A,SWY,16.0,323.9436629835558,-307.9436629835558
2021-07-13 13:00:00,1433A,SWY,17.0,322.6825255306636,-305.6825255306636
2021-07-13 14:00:00,1433A,SWY,15.0,321.12904547977683,-306.12904547977683
2021-07-13 15:00:00,1433A,SWY,12.0,319.17362407362384,-307.17362407362384
2021-07-13 16:00:00,1433A,SWY,13.0,318.14268098658465,-305.14268098658465
2021-07-13 17:00:00,1433A,SWY,14.0,317.1180630580332,-303.1180630580332
2021-07-13 18:00:00,1433A,SWY,14.0,315.8551510703275,-301.8551510703275
2021-07-13 19:00:00,1433A,SWY,13.0,316.53137560125896,-303.53137560125896
2021-07-13 20:00:00,1433A,SWY,13.0,317.50403864813774,-304.50403864813774
2021-07-13 21:00:00,1433A,SWY,14.0,318.17818399159324,-304.17818399159324
2021-07-13 22:00:00,1433A,SWY,14.0,319.86758734237736,-305.86758734237736
2021-07-13 23:00:00,1433A,SWY,16.0,319.541954089718,-303.541954089718
2021-07-14 00:00:00,1433A,SWY,16.0,319.87616688769947,-303.87616688769947
2021-07-14 01:00:00,1433A,SWY,16.0,319.00300304531146,-303.00300304531146
2021-07-14 02:00:00,1433A,SWY,15.0,318.4640253290394,-303.4640253290394
2021-07-14 03:00:00,1433A,SWY,17.0,317.8050273446503,-300.8050273446503
2021-07-14 04:00:00,1433A,SWY,19.0,317.3100218441384,-298.3100218441384
2021-07-14 05:00:00,1433A,SWY,19.0,317.13082382592523,-298.13082382592523
2021-07-14 06:00:00,1433A,SWY,20.0,317.501433822234,-297.501433822234
2021-07-14 07:00:00,1433A,SWY,19.0,317.3988085990297,-298.3988085990297
2021-07-14 08:00:00,1433A,SWY,19.0,319.0742713313203,-300.0742713313203
2021-07-14 09:00:00,1433A,SWY,26.0,321.3785120995174,-295.3785120995174
2021-07-14 10:00:00,1433A,SWY,46.0,322.9242119855395,-276.9242119855395
2021-07-14 11:00:00,1433A,SWY,32.0,324.6217979928616,-292.6217979928616
2021-07-14 12:00:00,1433A,SWY,15.0,325.0036398938562,-310.0036398938562
2021-07-14 13:00:00,1433A,SWY,14.0,323.742502440964,-309.742502440964
2021-07-14 14:00:00,1433A,SWY,20.0,322.18902239007724,-302.18902239007724
2021-07-14 15:00:00,1433A,SWY,26.0,320.23360098392425,-294.23360098392425
2021-07-14 16:00:00,1433A,SWY,28.0,319.20265789688506,-291.20265789688506
2021-07-14 17:00:00,1433A,SWY,32.0,318.1780399683336,-286.1780399683336
2021-07-14 18:00:00,1433A,SWY,26.0,316.9151279806279,-290.9151279806279
2021-07-14 19:00:00,1433A,SWY,21.0,317.59135251155936,-296.59135251155936
2021-07-14 20:00:00,1433A,SWY,20.0,318.56401555843814,-298.56401555843814
2021-07-14 21:00:00,1433A,SWY,21.0,319.23816090189365,-298.23816090189365
2021-07-14 22:00:00,1433A,SWY,19.0,320.92756425267777,-301.92756425267777
2021-07-14 23:00:00,1433A,SWY,17.0,320.6019310000184,-303.6019310000184
2021-07-15 00:00:00,1433A,SWY,16.0,320.9361437979999,-304.9361437979999
2021-07-15 01:00:00,1433A,SWY,15.0,320.06297995561187,-305.06297995561187
2021-07-15 02:00:00,1433A,SWY,14.0,319.5240022393398,-305.5240022393398
2021-07-15 03:00:00,1433A,SWY,14.0,318.8650042549507,-304.8650042549507
2021-07-15 04:00:00,1433A,SWY,11.0,318.3699987544388,-307.3699987544388
2021-07-15 05:00:00,1433A,SWY,6.0,318.19080073622564,-312.19080073622564
2021-07-15 06:00:00,1433A,SWY,2.0,318.5614107325344,-316.5614107325344
2021-07-15 07:00:00,1433A,SWY,5.0,318.4587855093301,-313.4587855093301
2021-07-15 08:00:00,1433A,SWY,6.0,320.1342482416207,-314.1342482416207
2021-07-15 09:00:00,1433A,SWY,7.0,322.43848900981783,-315.43848900981783
2021-07-15 10:00:00,1433A,SWY,9.0,323.9841888958399,-314.9841888958399
2021-07-15 11:00:00,1433A,SWY,7.0,325.681774903162,-318.681774903162
2021-07-15 12:00:00,1433A,SWY,6.0,326.0636168041566,-320.0636168041566
2021-07-15 13:00:00,1433A,SWY,5.0,324.8024793512644,-319.8024793512644
2021-07-15 14:00:00,1433A,SWY,4.0,323.24899930037765,-319.24899930037765
2021-07-15 15:00:00,1433A,SWY,4.0,321.29357789422465,-317.29357789422465
2021-07-15 16:00:00,1433A,SWY,,320.26263480718546,
2021-07-15 17:00:00,1433A,SWY,,319.238016878634,
2021-07-15 18:00:00,1433A,SWY,3.0,317.9751048909283,-314.9751048909283
2021-07-15 19:00:00,1433A,SWY,2.0,318.65132942185977,-316.65132942185977
2021-07-15 20:00:00,1433A,SWY,2.0,319.62399246873855,-317.62399246873855
2021-07-15 21:00:00,1433A,SWY,2.0,320.29813781219406,-318.29813781219406
2021-07-15 22:00:00,1433A,SWY,2.0,321.9875411629782,-319.9875411629782
2021-07-15 23:00:00,1433A,SWY,4.0,321.6619079103188,-317.6619079103188
2021-07-16 00:00:00,1433A,SWY,5.0,321.9961207083003,-316.9961207083003
2021-07-16 01:00:00,1433A,SWY,9.0,321.1229568659123,-312.1229568659123
2021-07-16 02:00:00,1433A,SWY,7.0,320.5839791496402,-313.5839791496402
2021-07-16 03:00:00,1433A,SWY,5.0,319.9249811652511,-314.9249811652511
2021-07-16 04:00:00,1433A,SWY,6.0,319.42997566473923,-313.42997566473923
2021-07-16 05:00:00,1433A,SWY,7.0,319.25077764652605,-312.25077764652605
2021-07-16 06:00:00,1433A,SWY,8.0,319.6213876428348,-311.6213876428348
2021-07-16 07:00:00,1433A,SWY,7.0,319.5187624196305,-312.5187624196305
2021-07-16 08:00:00,1433A,SWY,7.0,321.1942251519211,-314.1942251519211
2021-07-16 09:00:00,1433A,SWY,7.0,323.49846592011824,-316.49846592011824
2021-07-16 10:00:00,1433A,SWY,8.0,325.0441658061403,-317.0441658061403
2021-07-16 11:00:00,1433A,SWY,7.0,326.74175181346243,-319.74175181346243
2021-07-16 12:00:00,1433A,SWY,9.0,327.123593714457,-318.123593714457
2021-07-16 13:00:00,1433A,SWY,10.0,325.86245626156483,-315.86245626156483
2021-07-16 14:00:00,1433A,SWY,8.0,324.30897621067805,-316.30897621067805
2021-07-16 15:00:00,1433A,SWY,11.0,322.35355480452506,-311.35355480452506
2021-07-16 16:00:00,1433A,SWY,14.0,321.32261171748587,-307.32261171748587
2021-07-16 17:00:00,1433A,SWY,12.0,320.29799378893443,-308.29799378893443
2021-07-16 18:00:00,1433A,SWY,6.0,319.0350818012287,-313.0350818012287
2021-07-16 19:00:00,1433A,SWY,7.0,319.7113063321602,-312.7113063321602
2021-07-16 20:00:00,1433A,SWY,10.0,320.68396937903896,-310.68396937903896
2021-07-16 21:00:00,1433A,SWY,10.0,321.35811472249446,-311.35811472249446
2021-07-16 22:00:00,1433A,SWY,12.0,323.0475180732786,-311.0475180732786
2021-07-16 23:00:00,1433A,SWY,14.0,322.7218848206192,-308.7218848206192
2021-07-17 00:00:00,1433A,SWY,12.0,323.0560976186007,-311.0560976186007
2021-07-17 01:00:00,1433A,SWY,8.0,322.1829337762127,-314.1829337762127
2021-07-17 02:00:00,1433A,SWY,6.0,321.6439560599406,-315.6439560599406
2021-07-17 03:00:00,1433A,SWY,6.0,320.9849580755515,-314.9849580755515
2021-07-17 04:00:00,1433A,SWY,8.0,320.48995257503964,-312.48995257503964
2021-07-17 05:00:00,1433A,SWY,10.0,320.31075455682645,-310.31075455682645
2021-07-17 06:00:00,1433A,SWY,13.0,320.6813645531352,-307.6813645531352
2021-07-17 07:00:00,1433A,SWY,14.0,320.5787393299309,-306.5787393299309
2021-07-17 08:00:00,1433A,SWY,18.0,322.2542020622215,-304.2542020622215
2021-07-17 09:00:00,1433A,SWY,24.0,324.55844283041864,-300.55844283041864
2021-07-17 10:00:00,1433A,SWY,27.0,326.1041427164407,-299.1041427164407
2021-07-17 11:00:00,1433A,SWY,24.0,327.80172872376284,-303.80172872376284
2021-07-17 12:00:00,1433A,SWY,19.0,328.1835706247574,-309.1835706247574
2021-07-17 13:00:00,1433A,SWY,12.0,326.92243317186524,-314.92243317186524
2021-07-17 14:00:00,1433A,SWY,14.0,325.36895312097846,-311.36895312097846
2021-07-17 15:00:00,1433A,SWY,18.0,323.41353171482547,-305.41353171482547
2021-07-17 16:00:00,1433A,SWY,19.0,322.3825886277863,-303.3825886277863
2021-07-17 17:00:00,1433A,SWY,19.0,321.35797069923484,-302.35797069923484
2021-07-17 18:00:00,1433A,SWY,21.0,320.09505871152913,-299.09505871152913
2021-07-17 19:00:00,1433A,SWY,19.0,320.7712832424606,-301.7712832424606
2021-07-17 20:00:00,1433A,SWY,15.0,321.74394628933936,-306.74394628933936
2021-07-17 21:00:00,1433A,SWY,15.0,322.41809163279487,-307.41809163279487
2021-07-17 22:00:00,1433A,SWY,15.0,324.107494983579,-309.107494983579
2021-07-17 23:00:00,1433A,SWY,15.0,323.7818617309196,-308.7818617309196
2021-07-18 00:00:00,1433A,SWY,16.0,324.1160745289011,-308.1160745289011
2021-07-18 01:00:00,1433A,SWY,15.0,323.2429106865131,-308.2429106865131
2021-07-18 02:00:00,1433A,SWY,16.0,322.703932970241,-306.703932970241
2021-07-18 03:00:00,1433A,SWY,6.0,322.0449349858519,-316.0449349858519
2021-07-18 04:00:00,1433A,SWY,6.0,321.54992948534004,-315.54992948534004
2021-07-18 05:00:00,1433A,SWY,6.0,321.37073146712686,-315.37073146712686
2021-07-18 06:00:00,1433A,SWY,7.0,321.7413414634356,-314.7413414634356
2021-07-18 07:00:00,1433A,SWY,8.0,321.6387162402313,-313.6387162402313
2021-07-18 08:00:00,1433A,SWY,13.0,323.3141789725219,-310.3141789725219
2021-07-18 09:00:00,1433A,SWY,8.0,325.61841974071905,-317.61841974071905
2021-07-18 10:00:00,1433A,SWY,8.0,327.1641196267411,-319.1641196267411
2021-07-18 11:00:00,1433A,SWY,10.0,328.86170563406324,-318.86170563406324
2021-07-18 12:00:00,1433A,SWY,12.0,329.2435475350578,-317.2435475350578
2021-07-18 13:00:00,1433A,SWY,13.0,327.98241008216564,-314.98241008216564
2021-07-18 14:00:00,1433A,SWY,18.0,326.42893003127887,-308.42893003127887
2021-07-18 15:00:00,1433A,SWY,16.0,324.4735086251259,-308.4735086251259
2021-07-18 16:00:00,1433A,SWY,13.0,323.4425655380867,-310.4425655380867
2021-07-18 17:00:00,1433A,SWY,13.0,322.41794760953525,-309.41794760953525
2021-07-18 18:00:00,1433A,SWY,12.0,321.15503562182954,-309.15503562182954
2021-07-18 19:00:00,1433A,SWY,12.0,321.831260152761,-309.831260152761
2021-07-18 20:00:00,1433A,SWY,12.0,322.80392319963977,-310.80392319963977
2021-07-18 21:00:00,1433A,SWY,13.0,323.4780685430953,-310.4780685430953
2021-07-18 22:00:00,1433A,SWY,13.0,325.1674718938794,-312.1674718938794
2021-07-18 23:00:00,1433A,SWY,14.0,324.84183864122,-310.84183864122
2021-07-19 00:00:00,1433A,SWY,12.0,325.1760514392015,-313.1760514392015
2021-07-19 01:00:00,1433A,SWY,12.0,324.3028875968135,-312.3028875968135
2021-07-19 02:00:00,1433A,SWY,10.0,323.7639098805414,-313.7639098805414
2021-07-19 03:00:00,1433A,SWY,10.0,323.1049118961523,-313.1049118961523
2021-07-19 04:00:00,1433A,SWY,11.0,322.60990639564045,-311.60990639564045
2021-07-19 05:00:00,1433A,SWY,11.0,322.43070837742727,-311.43070837742727
2021-07-19 06:00:00,1433A,SWY,13.0,322.801318373736,-309.801318373736
2021-07-19 07:00:00,1433A,SWY,15.0,322.6986931505317,-307.6986931505317
2021-07-19 08:00:00,1433A,SWY,17.0,324.3741558828223,-307.3741558828223
2021-07-19 09:00:00,1433A,SWY,18.0,326.67839665101945,-308.67839665101945
2021-07-19 10:00:00,1433A,SWY,26.0,328.22409653704153,-302.22409653704153
2021-07-19 11:00:00,1433A,SWY,28.0,329.92168254436365,-301.92168254436365
2021-07-19 12:00:00,1433A,SWY,30.0,330.3035244453582,-300.3035244453582
2021-07-19 13:00:00,1433A,SWY,24.0,329.04238699246605,-305.04238699246605
2021-07-19 14:00:00,1433A,SWY,25.0,327.4889069415793,-302.4889069415793
2021-07-19 15:00:00,1433A,SWY,26.0,325.5334855354263,-299.5334855354263
2021-07-19 16:00:00,1433A,SWY,27.0,324.5025424483871,-297.5025424483871
2021-07-19 17:00:00,1433A,SWY,21.0,323.47792451983565,-302.47792451983565
2021-07-19 18:00:00,1433A,SWY,19.0,322.21501253212995,-303.21501253212995
2021-07-19 19:00:00,1433A,SWY,20.0,322.8912370630614,-302.8912370630614
2021-07-19 20:00:00,1433A,SWY,22.0,323.8639001099402,-301.8639001099402
2021-07-19 21:00:00,1433A,SWY,21.0,324.5380454533957,-303.5380454533957
2021-07-19 22:00:00,1433A,SWY,22.0,326.2274488041798,-304.2274488041798
2021-07-19 23:00:00,1433A,SWY,20.0,325.90181555152043,-305.90181555152043
2021-07-20 00:00:00,1433A,SWY,13.0,326.2360283495019,-313.2360283495019
2021-07-20 01:00:00,1433A,SWY,8.0,325.3628645071139,-317.3628645071139
2021-07-20 02:00:00,1433A,SWY,6.0,324.8238867908418,-318.8238867908418
2021-07-20 03:00:00,1433A,SWY,8.0,324.1648888064527,-316.1648888064527
2021-07-20 04:00:00,1433A,SWY,11.0,323.66988330594086,-312.66988330594086
2021-07-20 05:00:00,1433A,SWY,14.0,323.4906852877277,-309.4906852877277
2021-07-20 06:00:00,1433A,SWY,12.0,323.86129528403643,-311.86129528403643
2021-07-20 07:00:00,1433A,SWY,15.0,323.7586700608321,-308.7586700608321
2021-07-20 08:00:00,1433A,SWY,16.0,325.4341327931227,-309.4341327931227
2021-07-20 09:00:00,1433A,SWY,18.0,327.73837356131986,-309.73837356131986
2021-07-20 10:00:00,1433A,SWY,23.0,329.28407344734194,-306.28407344734194
2021-07-20 11:00:00,1433A,SWY,23.0,330.98165945466405,-307.98165945466405
2021-07-20 12:00:00,1433A,SWY,18.0,331.3635013556586,-313.3635013556586
2021-07-20 13:00:00,1433A,SWY,21.0,330.10236390276646,-309.10236390276646
2021-07-20 14:00:00,1433A,SWY,18.0,328.5488838518797,-310.5488838518797
2021-07-20 15:00:00,1433A,SWY,13.0,326.5934624457267,-313.5934624457267
2021-07-20 16:00:00,1433A,SWY,18.0,325.5625193586875,-307.5625193586875
2021-07-20 17:00:00,1433A,SWY,16.0,324.53790143013606,-308.53790143013606
2021-07-20 18:00:00,1433A,SWY,12.0,323.27498944243035,-311.27498944243035
2021-07-20 19:00:00,1433A,SWY,14.0,323.9512139733618,-309.9512139733618
2021-07-20 20:00:00,1433A,SWY,17.0,324.9238770202406,-307.9238770202406
2021-07-20 21:00:00,1433A,SWY,17.0,325.5980223636961,-308.5980223636961
2021-07-20 22:00:00,1433A,SWY,17.0,327.2874257144802,-310.2874257144802
2021-07-20 23:00:00,1433A,SWY,19.0,326.96179246182083,-307.96179246182083
2021-07-21 00:00:00,1433A,SWY,20.0,327.2960052598023,-307.2960052598023
2021-07-21 01:00:00,1433A,SWY,21.0,326.4228414174143,-305.4228414174143
2021-07-21 02:00:00,1433A,SWY,22.0,325.8838637011422,-303.8838637011422
2021-07-21 03:00:00,1433A,SWY,17.0,325.22486571675313,-308.22486571675313
2021-07-21 04:00:00,1433A,SWY,20.0,324.72986021624126,-304.72986021624126
2021-07-21 05:00:00,1433A,SWY,23.0,324.5506621980281,-301.5506621980281
2021-07-21 06:00:00,1433A,SWY,22.0,324.92127219433684,-302.92127219433684
2021-07-21 07:00:00,1433A,SWY,23.0,324.8186469711325,-301.8186469711325
2021-07-21 08:00:00,1433A,SWY,24.0,326.49410970342313,-302.49410970342313
2021-07-21 09:00:00,1433A,SWY,29.0,328.79835047162027,-299.79835047162027
2021-07-21 10:00:00,1433A,SWY,30.0,330.34405035764235,-300.34405035764235
2021-07-21 11:00:00,1433A,SWY,35.0,332.04163636496446,-297.04163636496446
2021-07-21 12:00:00,1433A,SWY,30.0,332.42347826595903,-302.42347826595903
2021-07-21 13:00:00,1433A,SWY,29.0,331.16234081306686,-302.16234081306686
2021-07-21 14:00:00,1433A,SWY,30.0,329.6088607621801,-299.6088607621801
2021-07-21 15:00:00,1433A,SWY,26.0,327.6534393560271,-301.6534393560271
2021-07-21 16:00:00,1433A,SWY,23.0,326.6224962689879,-303.6224962689879
2021-07-21 17:00:00,1433A,SWY,22.0,325.59787834043647,-303.59787834043647
2021-07-21 18:00:00,1433A,SWY,21.0,324.33496635273076,-303.33496635273076
2021-07-21 19:00:00,1433A,SWY,20.0,325.0111908836622,-305.0111908836622
2021-07-21 20:00:00,1433A,SWY,21.0,325.983853930541,-304.983853930541
2021-07-21 21:00:00,1433A,SWY,18.0,326.6579992739965,-308.6579992739965
2021-07-21 22:00:00,1433A,SWY,19.0,328.3474026247806,-309.3474026247806
2021-07-21 23:00:00,1433A,SWY,20.0,328.02176937212124,-308.02176937212124
2021-07-22 00:00:00,1433A,SWY,22.0,328.3559821701027,-306.3559821701027
2021-07-22 01:00:00,1433A,SWY,17.0,327.4828183277147,-310.4828183277147
2021-07-22 02:00:00,1433A,SWY,8.0,326.9438406114426,-318.9438406114426
2021-07-22 03:00:00,1433A,SWY,6.0,326.28484262705354,-320.28484262705354
2021-07-22 04:00:00,1433A,SWY,7.0,325.78983712654167,-318.78983712654167
2021-07-22 05:00:00,1433A,SWY,8.0,325.6106391083285,-317.6106391083285
2021-07-22 06:00:00,1433A,SWY,12.0,325.98124910463724,-313.98124910463724
2021-07-22 07:00:00,1433A,SWY,12.0,325.87862388143293,-313.87862388143293
2021-07-22 08:00:00,1433A,SWY,12.0,327.55408661372354,-315.55408661372354
2021-07-22 09:00:00,1433A,SWY,14.0,329.8583273819207,-315.8583273819207
2021-07-22 10:00:00,1433A,SWY,13.0,331.40402726794275,-318.40402726794275
2021-07-22 11:00:00,1433A,SWY,15.0,333.10161327526487,-318.10161327526487
2021-07-22 12:00:00,1433A,SWY,21.0,333.48345517625944,-312.48345517625944
2021-07-22 13:00:00,1433A,SWY,23.0,332.22231772336727,-309.22231772336727
2021-07-22 14:00:00,1433A,SWY,23.0,330.6688376724805,-307.6688376724805
2021-07-22 15:00:00,1433A,SWY,22.0,328.7134162663275,-306.7134162663275
2021-07-22 16:00:00,1433A,SWY,,327.6824731792883,
2021-07-22 17:00:00,1433A,SWY,,326.6578552507369,
2021-07-22 18:00:00,1433A,SWY,27.0,325.39494326303117,-298.39494326303117
2021-07-22 19:00:00,1433A,SWY,30.0,326.0711677939626,-296.0711677939626
2021-07-22 20:00:00,1433A,SWY,21.0,327.0438308408414,-306.0438308408414
2021-07-22 21:00:00,1433A,SWY,22.0,327.7179761842969,-305.7179761842969
2021-07-22 22:00:00,1433A,SWY,21.0,329.407379535081,-308.407379535081
2021-07-22 23:00:00,1433A,SWY,8.0,329.08174628242165,-321.08174628242165
2021-07-23 00:00:00,1433A,SWY,8.0,329.4159590804031,-321.4159590804031
2021-07-23 01:00:00,1433A,SWY,11.0,328.5427952380151,-317.5427952380151
2021-07-23 02:00:00,1433A,SWY,13.0,328.00381752174303,-315.00381752174303
2021-07-23 03:00:00,1433A,SWY,14.0,327.34481953735394,-313.34481953735394
2021-07-23 04:00:00,1433A,SWY,16.0,326.8498140368421,-310.8498140368421
2021-07-23 05:00:00,1433A,SWY,17.0,326.6706160186289,-309.6706160186289
2021-07-23 06:00:00,1433A,SWY,21.0,327.04122601493765,-306.04122601493765
2021-07-23 07:00:00,1433A,SWY,23.0,326.93860079173334,-303.93860079173334
2021-07-23 08:00:00,1433A,SWY,30.0,328.61406352402395,-298.61406352402395
2021-07-23 09:00:00,1433A,SWY,27.0,330.9183042922211,-303.9183042922211
2021-07-23 10:00:00,1433A,SWY,29.0,332.46400417824316,-303.46400417824316
2021-07-23 11:00:00,1433A,SWY,33.0,334.1615901855653,-301.1615901855653
2021-07-23 12:00:00,1433A,SWY,35.0,334.54343208655985,-299.54343208655985
2021-07-23 13:00:00,1433A,SWY,36.0,333.2822946336677,-297.2822946336677
2021-07-23 14:00:00,1433A,SWY,20.0,331.7288145827809,-311.7288145827809
2021-07-23 15:00:00,1433A,SWY,12.0,329.7733931766279,-317.7733931766279
2021-07-23 16:00:00,1433A,SWY,,328.7424500895887,
2021-07-23 17:00:00,1433A,SWY,23.0,327.7178321610373,-304.7178321610373
2021-07-23 18:00:00,1433A,SWY,22.0,326.4549201733316,-304.4549201733316
2021-07-23 19:00:00,1433A,SWY,25.0,327.131144704263,-302.131144704263
2021-07-23 20:00:00,1433A,SWY,26.0,328.1038077511418,-302.1038077511418
2021-07-23 21:00:00,1433A,SWY,26.0,328.7779530945973,-302.7779530945973
2021-07-23 22:00:00,1433A,SWY,27.0,330.4673564453814,-303.4673564453814
2021-07-23 23:00:00,1433A,SWY,28.0,330.14172319272205,-302.14172319272205
2021-07-24 00:00:00,1433A,SWY,29.0,330.47593599070353,-301.47593599070353
2021-07-24 01:00:00,1433A,SWY,23.0,329.6027721483155,-306.6027721483155
2021-07-24 02:00:00,1433A,SWY,18.0,329.06379443204344,-311.06379443204344
2021-07-24 03:00:00,1433A,SWY,14.0,328.40479644765435,-314.40479644765435
2021-07-24 04:00:00,1433A,SWY,19.0,327.9097909471425,-308.9097909471425
2021-07-24 05:00:00,1433A,SWY,27.0,327.7305929289293,-300.7305929289293
2021-07-24 06:00:00,1433A,SWY,37.0,328.10120292523806,-291.10120292523806
2021-07-24 07:00:00,1433A,SWY,13.0,327.99857770203374,-314.99857770203374
2021-07-24 08:00:00,1433A,SWY,9.0,329.67404043432435,-320.67404043432435
2021-07-24 09:00:00,1433A,SWY,10.0,331.9782812025215,-321.9782812025215
2021-07-24 10:00:00,1433A,SWY,20.0,333.52398108854356,-313.52398108854356
2021-07-24 11:00:00,1433A,SWY,29.0,335.2215670958657,-306.2215670958657
2021-07-24 12:00:00,1433A,SWY,34.0,335.60340899686025,-301.60340899686025
2021-07-24 13:00:00,1433A,SWY,29.0,334.3422715439681,-305.3422715439681
2021-07-24 14:00:00,1433A,SWY,12.0,332.7887914930813,-320.7887914930813
2021-07-24 15:00:00,1433A,SWY,16.0,330.8333700869283,-314.8333700869283
2021-07-24 16:00:00,1433A,SWY,14.0,329.8024269998891,-315.8024269998891
2021-07-24 17:00:00,1433A,SWY,17.0,328.7778090713377,-311.7778090713377
2021-07-24 18:00:00,1433A,SWY,20.0,327.514897083632,-307.514897083632
2021-07-24 19:00:00,1433A,SWY,21.0,328.19112161456343,-307.19112161456343
2021-07-24 20:00:00,1433A,SWY,22.0,329.1637846614422,-307.1637846614422
2021-07-24 21:00:00,1433A,SWY,16.0,329.8379300048977,-313.8379300048977
2021-07-24 22:00:00,1433A,SWY,14.0,331.52733335568183,-317.52733335568183
2021-07-24 23:00:00,1433A,SWY,14.0,331.20170010302246,-317.20170010302246
2021-07-25 00:00:00,1433A,SWY,22.0,331.53591290100394,-309.53591290100394
2021-07-25 01:00:00,1433A,SWY,29.0,330.66274905861593,-301.66274905861593
2021-07-25 02:00:00,1433A,SWY,40.0,330.12377134234384,-290.12377134234384
2021-07-25 03:00:00,1433A,SWY,35.0,329.46477335795475,-294.46477335795475
2021-07-25 04:00:00,1433A,SWY,25.0,328.9697678574429,-303.9697678574429
2021-07-25 05:00:00,1433A,SWY,26.0,328.7905698392297,-302.7905698392297
2021-07-25 06:00:00,1433A,SWY,31.0,329.16117983553846,-298.16117983553846
2021-07-25 07:00:00,1433A,SWY,38.0,329.05855461233415,-291.05855461233415
2021-07-25 08:00:00,1433A,SWY,39.0,330.73401734462476,-291.73401734462476
2021-07-25 09:00:00,1433A,SWY,36.0,333.0382581128219,-297.0382581128219
2021-07-25 10:00:00,1433A,SWY,34.0,334.58395799884397,-300.58395799884397
2021-07-25 11:00:00,1433A,SWY,31.0,336.2815440061661,-305.2815440061661
2021-07-25 12:00:00,1433A,SWY,30.0,336.66338590716066,-306.66338590716066
2021-07-25 13:00:00,1433A,SWY,30.0,335.4022484542685,-305.4022484542685
2021-07-25 14:00:00,1433A,SWY,26.0,333.8487684033817,-307.8487684033817
2021-07-25 15:00:00,1433A,SWY,29.0,331.8933469972287,-302.8933469972287
2021-07-25 16:00:00,1433A,SWY,28.0,330.8624039101895,-302.8624039101895
2021-07-25 17:00:00,1433A,SWY,26.0,329.8377859816381,-303.8377859816381
2021-07-25 18:00:00,1433A,SWY,23.0,328.5748739939324,-305.5748739939324
2021-07-25 19:00:00,1433A,SWY,20.0,329.25109852486383,-309.25109852486383
2021-07-25 20:00:00,1433A,SWY,,330.2237615717426,
2021-07-25 21:00:00,1433A,SWY,21.0,330.8979069151981,-309.8979069151981
2021-07-25 22:00:00,1433A,SWY,20.0,332.58731026598224,-312.58731026598224
2021-07-25 23:00:00,1433A,SWY,22.0,332.26167701332287,-310.26167701332287
2021-07-26 00:00:00,1433A,SWY,25.0,332.59588981130435,-307.59588981130435
2021-07-26 01:00:00,1433A,SWY,24.0,331.72272596891634,-307.72272596891634
2021-07-26 02:00:00,1433A,SWY,23.0,331.18374825264425,-308.18374825264425
2021-07-26 03:00:00,1433A,SWY,23.0,330.52475026825516,-307.52475026825516
2021-07-26 04:00:00,1433A,SWY,25.0,330.0297447677433,-305.0297447677433
2021-07-26 05:00:00,1433A,SWY,26.0,329.8505467495301,-303.8505467495301
2021-07-26 06:00:00,1433A,SWY,26.0,330.22115674583887,-304.22115674583887
2021-07-26 07:00:00,1433A,SWY,24.0,330.11853152263456,-306.11853152263456
2021-07-26 08:00:00,1433A,SWY,22.0,331.79399425492517,-309.79399425492517
2021-07-26 09:00:00,1433A,SWY,22.0,334.0982350231223,-312.0982350231223
2021-07-26 10:00:00,1433A,SWY,25.0,335.6439349091444,-310.6439349091444
2021-07-26 11:00:00,1433A,SWY,25.0,337.3415209164665,-312.3415209164665
2021-07-26 12:00:00,1433A,SWY,22.0,337.72336281746107,-315.72336281746107
2021-07-26 13:00:00,1433A,SWY,23.0,336.4622253645689,-313.4622253645689
2021-07-26 14:00:00,1433A,SWY,10.0,334.9087453136821,-324.9087453136821
2021-07-26 15:00:00,1433A,SWY,12.0,332.9533239075291,-320.9533239075291
2021-07-26 16:00:00,1433A,SWY,11.0,331.92238082048993,-320.92238082048993
2021-07-26 17:00:00,1433A,SWY,6.0,330.8977628919385,-324.8977628919385
2021-07-26 18:00:00,1433A,SWY,7.0,329.6348509042328,-322.6348509042328
2021-07-26 19:00:00,1433A,SWY,12.0,330.31107543516424,-318.31107543516424
2021-07-26 20:00:00,1433A,SWY,16.0,331.283738482043,-315.283738482043
2021-07-26 21:00:00,1433A,SWY,13.0,331.9578838254985,-318.9578838254985
2021-07-26 22:00:00,1433A,SWY,10.0,333.64728717628265,-323.64728717628265
2021-07-26 23:00:00,1433A,SWY,12.0,333.3216539236233,-321.3216539236233
2021-07-27 00:00:00,1433A,SWY,13.0,333.65586672160475,-320.65586672160475
2021-07-27 01:00:00,1433A,SWY,14.0,332.78270287921674,-318.78270287921674
2021-07-27 02:00:00,1433A,SWY,15.0,332.24372516294466,-317.24372516294466
2021-07-27 03:00:00,1433A,SWY,16.0,331.58472717855557,-315.58472717855557
2021-07-27 04:00:00,1433A,SWY,20.0,331.0897216780437,-311.0897216780437
2021-07-27 05:00:00,1433A,SWY,19.0,330.9105236598305,-311.9105236598305
2021-07-27 06:00:00,1433A,SWY,25.0,331.2811336561393,-306.2811336561393
2021-07-27 07:00:00,1433A,SWY,26.0,331.17850843293496,-305.17850843293496
2021-07-27 08:00:00,1433A,SWY,29.0,332.8539711652256,-303.8539711652256
2021-07-27 09:00:00,1433A,SWY,30.0,335.1582119334227,-305.1582119334227
2021-07-27 10:00:00,1433A,SWY,22.0,336.7039118194448,-314.7039118194448
2021-07-27 11:00:00,1433A,SWY,22.0,338.4014978267669,-316.4014978267669
2021-07-27 12:00:00,1433A,SWY,11.0,338.7833397277615,-327.7833397277615
2021-07-27 13:00:00,1433A,SWY,12.0,337.5222022748693,-325.5222022748693
2021-07-27 14:00:00,1433A,SWY,12.0,335.9687222239825,-323.9687222239825
2021-07-27 15:00:00,1433A,SWY,12.0,334.01330081782953,-322.01330081782953
2021-07-27 16:00:00,1433A,SWY,16.0,332.98235773079034,-316.98235773079034
2021-07-27 17:00:00,1433A,SWY,16.0,331.9577398022389,-315.9577398022389
2021-07-27 18:00:00,1433A,SWY,17.0,330.6948278145332,-313.6948278145332
2021-07-27 19:00:00,1433A,SWY,18.0,331.37105234546465,-313.37105234546465
2021-07-27 20:00:00,1433A,SWY,19.0,332.3437153923434,-313.3437153923434
2021-07-27 21:00:00,1433A,SWY,18.0,333.01786073579893,-315.01786073579893
2021-07-27 22:00:00,1433A,SWY,18.0,334.70726408658305,-316.70726408658305
2021-07-27 23:00:00,1433A,SWY,17.0,334.3816308339237,-317.3816308339237
2021-07-28 00:00:00,1433A,SWY,16.0,334.71584363190516,-318.71584363190516
2021-07-28 01:00:00,1433A,SWY,17.0,333.84267978951715,-316.84267978951715
2021-07-28 02:00:00,1433A,SWY,20.0,333.30370207324506,-313.30370207324506
2021-07-28 03:00:00,1433A,SWY,25.0,332.644704088856,-307.644704088856
2021-07-28 04:00:00,1433A,SWY,24.0,332.1496985883441,-308.1496985883441
2021-07-28 05:00:00,1433A,SWY,25.0,331.9705005701309,-306.9705005701309
2021-07-28 06:00:00,1433A,SWY,26.0,332.3411105664397,-306.3411105664397
2021-07-28 07:00:00,1433A,SWY,26.0,332.23848534323537,-306.23848534323537
2021-07-28 08:00:00,1433A,SWY,27.0,333.913948075526,-306.913948075526
2021-07-28 09:00:00,1433A,SWY,27.0,336.2181888437231,-309.2181888437231
2021-07-28 10:00:00,1433A,SWY,27.0,337.7638887297452,-310.7638887297452
2021-07-28 11:00:00,1433A,SWY,34.0,339.4614747370673,-305.4614747370673
2021-07-28 12:00:00,1433A,SWY,34.0,339.8433166380619,-305.8433166380619
2021-07-28 13:00:00,1433A,SWY,29.0,338.5821791851697,-309.5821791851697
2021-07-28 14:00:00,1433A,SWY,,337.02869913428293,
2021-07-28 15:00:00,1433A,SWY,23.0,335.07327772812994,-312.07327772812994
2021-07-28 16:00:00,1433A,SWY,20.0,334.04233464109075,-314.04233464109075
2021-07-28 17:00:00,1433A,SWY,22.0,333.0177167125393,-311.0177167125393
2021-07-28 18:00:00,1433A,SWY,21.0,331.7548047248336,-310.7548047248336
2021-07-28 19:00:00,1433A,SWY,20.0,332.43102925576505,-312.43102925576505
2021-07-28 20:00:00,1433A,SWY,22.0,333.40369230264383,-311.40369230264383
2021-07-28 21:00:00,1433A,SWY,26.0,334.07783764609934,-308.07783764609934
2021-07-28 22:00:00,1433A,SWY,28.0,335.76724099688346,-307.76724099688346
2021-07-28 23:00:00,1433A,SWY,26.0,335.4416077442241,-309.4416077442241
2021-07-29 00:00:00,1433A,SWY,26.0,335.77582054220557,-309.77582054220557
2021-07-29 01:00:00,1433A,SWY,26.0,334.90265669981756,-308.90265669981756
2021-07-29 02:00:00,1433A,SWY,29.0,334.36367898354547,-305.36367898354547
2021-07-29 03:00:00,1433A,SWY,30.0,333.7046809991564,-303.7046809991564
2021-07-29 04:00:00,1433A,SWY,34.0,333.2096754986445,-299.2096754986445
2021-07-29 05:00:00,1433A,SWY,35.0,333.03047748043133,-298.03047748043133
2021-07-29 06:00:00,1433A,SWY,33.0,333.4010874767401,-300.4010874767401
2021-07-29 07:00:00,1433A,SWY,31.0,333.2984622535358,-302.2984622535358
2021-07-29 08:00:00,1433A,SWY,21.0,334.9739249858264,-313.9739249858264
2021-07-29 09:00:00,1433A,SWY,18.0,337.2781657540235,-319.2781657540235
2021-07-29 10:00:00,1433A,SWY,17.0,338.8238656400456,-321.8238656400456
2021-07-29 11:00:00,1433A,SWY,24.0,340.5214516473677,-316.5214516473677
2021-07-29 12:00:00,1433A,SWY,31.0,340.9032935483623,-309.9032935483623
2021-07-29 13:00:00,1433A,SWY,33.0,339.6421560954701,-306.6421560954701
2021-07-29 14:00:00,1433A,SWY,32.0,338.08867604458334,-306.08867604458334
2021-07-29 15:00:00,1433A,SWY,29.0,336.13325463843034,-307.13325463843034
2021-07-29 16:00:00,1433A,SWY,26.0,335.10231155139115,-309.10231155139115
2021-07-29 17:00:00,1433A,SWY,23.0,334.0776936228397,-311.0776936228397
2021-07-29 18:00:00,1433A,SWY,23.0,332.814781635134,-309.814781635134
2021-07-29 19:00:00,1433A,SWY,24.0,333.49100616606546,-309.49100616606546
2021-07-29 20:00:00,1433A,SWY,24.0,334.46366921294424,-310.46366921294424
2021-07-29 21:00:00,1433A,SWY,27.0,335.13781455639975,-308.13781455639975
2021-07-29 22:00:00,1433A,SWY,30.0,336.82721790718387,-306.82721790718387
2021-07-29 23:00:00,1433A,SWY,35.0,336.5015846545245,-301.5015846545245
2021-07-30 00:00:00,1433A,SWY,33.0,336.835797452506,-303.835797452506
2021-07-30 01:00:00,1433A,SWY,42.0,335.96263361011796,-293.96263361011796
2021-07-30 02:00:00,1433A,SWY,41.0,335.4236558938459,-294.4236558938459
2021-07-30 03:00:00,1433A,SWY,38.0,334.7646579094568,-296.7646579094568
2021-07-30 04:00:00,1433A,SWY,37.0,334.2696524089449,-297.2696524089449
2021-07-30 05:00:00,1433A,SWY,34.0,334.09045439073174,-300.09045439073174
2021-07-30 06:00:00,1433A,SWY,33.0,334.4610643870405,-301.4610643870405
2021-07-30 07:00:00,1433A,SWY,36.0,334.3584391638362,-298.3584391638362
2021-07-30 08:00:00,1433A,SWY,38.0,336.0339018961268,-298.0339018961268
2021-07-30 09:00:00,1433A,SWY,31.0,338.3381426643239,-307.3381426643239
2021-07-30 10:00:00,1433A,SWY,31.0,339.883842550346,-308.883842550346
2021-07-30 11:00:00,1433A,SWY,28.0,341.5814285576681,-313.5814285576681
2021-07-30 12:00:00,1433A,SWY,22.0,341.9632704586627,-319.9632704586627
2021-07-30 13:00:00,1433A,SWY,24.0,340.7021330057705,-316.7021330057705
2021-07-30 14:00:00,1433A,SWY,30.0,339.14865295488374,-309.14865295488374
2021-07-30 15:00:00,1433A,SWY,23.0,337.19323154873075,-314.19323154873075
2021-07-30 16:00:00,1433A,SWY,26.0,336.16228846169156,-310.16228846169156
2021-07-30 17:00:00,1433A,SWY,26.0,335.1376705331401,-309.1376705331401
2021-07-30 18:00:00,1433A,SWY,24.0,333.8747585454344,-309.8747585454344
2021-07-30 19:00:00,1433A,SWY,23.0,334.55098307636587,-311.55098307636587
2021-07-30 20:00:00,1433A,SWY,28.0,335.52364612324465,-307.52364612324465
2021-07-30 21:00:00,1433A,SWY,30.0,336.19779146670015,-306.19779146670015
2021-07-30 22:00:00,1433A,SWY,27.0,337.88719481748427,-310.88719481748427
2021-07-30 23:00:00,1433A,SWY,29.0,337.5615615648249,-308.5615615648249
2021-07-31 00:00:00,1433A,SWY,33.0,337.8957743628064,-304.8957743628064
2021-07-31 01:00:00,1433A,SWY,37.0,337.02261052041837,-300.02261052041837
2021-07-31 02:00:00,1433A,SWY,50.0,336.4836328041463,-286.4836328041463
2021-07-31 03:00:00,1433A,SWY,42.0,335.8246348197572,-293.8246348197572
2021-07-31 04:00:00,1433A,SWY,36.0,335.3296293192453,-299.3296293192453
2021-07-31 05:00:00,1433A,SWY,37.0,335.15043130103214,-298.15043130103214
2021-07-31 06:00:00,1433A,SWY,42.0,335.5210412973409,-293.5210412973409
2021-07-31 07:00:00,1433A,SWY,40.0,335.4184160741366,-295.4184160741366
2021-07-31 08:00:00,1433A,SWY,43.0,337.0938788064272,-294.0938788064272
2021-07-31 09:00:00,1433A,SWY,52.0,339.39811957462433,-287.39811957462433
2021-07-31 10:00:00,1433A,SWY,52.0,340.9438194606464,-288.9438194606464
2021-07-31 11:00:00,1433A,SWY,33.0,342.6414054679685,-309.6414054679685
2021-07-31 12:00:00,1433A,SWY,40.0,343.0232473689631,-303.0232473689631
2021-07-31 13:00:00,1433A,SWY,29.0,341.7621099160709,-312.7621099160709
2021-07-31 14:00:00,1433A,SWY,27.0,340.20862986518415,-313.20862986518415
2021-07-31 15:00:00,1433A,SWY,21.0,338.25320845903116,-317.25320845903116
2021-07-31 16:00:00,1433A,SWY,11.0,337.22226537199197,-326.22226537199197
2021-07-31 17:00:00,1433A,SWY,11.0,336.19764744344053,-325.19764744344053
2021-07-31 18:00:00,1433A,SWY,10.0,334.9347354557348,-324.9347354557348
2021-07-31 19:00:00,1433A,SWY,8.0,335.6109599866663,-327.6109599866663
2021-07-31 20:00:00,1433A,SWY,9.0,336.58362303354505,-327.58362303354505
2021-07-31 21:00:00,1433A,SWY,9.0,337.25776837700056,-328.25776837700056
2021-07-31 22:00:00,1433A,SWY,11.0,338.9471717277847,-327.9471717277847
2021-07-31 23:00:00,1433A,SWY,16.0,338.6215384751253,-322.6215384751253
2021-08-01 00:00:00,1433A,SWY,16.0,338.9557512731068,-322.9557512731068
2021-08-01 01:00:00,1433A,SWY,17.0,338.0825874307188,-321.0825874307188
2021-08-01 02:00:00,1433A,SWY,15.0,337.5436097144467,-322.5436097144467
2021-08-01 03:00:00,1433A,SWY,15.0,336.8846117300576,-321.8846117300576
2021-08-01 04:00:00,1433A,SWY,20.0,336.38960622954573,-316.38960622954573
2021-08-01 05:00:00,1433A,SWY,23.0,336.21040821133255,-313.21040821133255
2021-08-01 06:00:00,1433A,SWY,30.0,336.5810182076413,-306.5810182076413
2021-08-01 07:00:00,1433A,SWY,35.0,336.478392984437,-301.478392984437
2021-08-01 08:00:00,1433A,SWY,49.0,338.1538557167276,-289.1538557167276
2021-08-01 09:00:00,1433A,SWY,54.0,340.45809648492474,-286.45809648492474
2021-08-01 10:00:00,1433A,SWY,50.0,342.0037963709468,-292.0037963709468
2021-08-01 11:00:00,1433A,SWY,40.0,343.70138237826893,-303.70138237826893
2021-08-01 12:00:00,1433A,SWY,27.0,344.0832242792635,-317.0832242792635
2021-08-01 13:00:00,1433A,SWY,15.0,342.82208682637133,-327.82208682637133
2021-08-01 14:00:00,1433A,SWY,10.0,341.26860677548456,-331.26860677548456
2021-08-01 15:00:00,1433A,SWY,10.0,339.31318536933156,-329.31318536933156
2021-08-01 16:00:00,1433A,SWY,11.0,338.2822422822924,-327.2822422822924
2021-08-01 17:00:00,1433A,SWY,9.0,337.25762435374094,-328.25762435374094
2021-08-01 18:00:00,1433A,SWY,8.0,335.99471236603523,-327.99471236603523
2021-08-01 19:00:00,1433A,SWY,8.0,336.6709368969667,-328.6709368969667
2021-08-01 20:00:00,1433A,SWY,8.0,337.64359994384546,-329.64359994384546
2021-08-01 21:00:00,1433A,SWY,11.0,338.31774528730097,-327.31774528730097
2021-08-01 22:00:00,1433A,SWY,18.0,340.0071486380851,-322.0071486380851
2021-08-01 23:00:00,1433A,SWY,23.0,339.6815153854257,-316.6815153854257
2021-08-02 00:00:00,1433A,SWY,24.0,340.0157281834072,-316.0157281834072
2021-08-02 01:00:00,1433A,SWY,24.0,339.1425643410192,-315.1425643410192
2021-08-02 02:00:00,1433A,SWY,24.0,338.6035866247471,-314.6035866247471
2021-08-02 03:00:00,1433A,SWY,24.0,337.944588640358,-313.944588640358
2021-08-02 04:00:00,1433A,SWY,27.0,337.44958313984614,-310.44958313984614
2021-08-02 05:00:00,1433A,SWY,39.0,337.27038512163296,-298.27038512163296
2021-08-02 06:00:00,1433A,SWY,42.0,337.6409951179417,-295.6409951179417
2021-08-02 07:00:00,1433A,SWY,54.0,337.5383698947374,-283.5383698947374
2021-08-02 08:00:00,1433A,SWY,34.0,339.213832627028,-305.213832627028
2021-08-02 09:00:00,1433A,SWY,53.0,341.51807339522514,-288.51807339522514
2021-08-02 10:00:00,1433A,SWY,67.0,343.0637732812472,-276.0637732812472
2021-08-02 11:00:00,1433A,SWY,58.0,344.76135928856934,-286.76135928856934
2021-08-02 12:00:00,1433A,SWY,52.0,345.1432011895639,-293.1432011895639
2021-08-02 13:00:00,1433A,SWY,32.0,343.88206373667174,-311.88206373667174
2021-08-02 14:00:00,1433A,SWY,22.0,342.32858368578496,-320.32858368578496
2021-08-02 15:00:00,1433A,SWY,16.0,340.37316227963197,-324.37316227963197
2021-08-02 16:00:00,1433A,SWY,18.0,339.3422191925928,-321.3422191925928
2021-08-02 17:00:00,1433A,SWY,15.0,338.31760126404134,-323.31760126404134
2021-08-02 18:00:00,1433A,SWY,13.0,337.05468927633564,-324.05468927633564
2021-08-02 19:00:00,1433A,SWY,14.0,337.7309138072671,-323.7309138072671
2021-08-02 20:00:00,1433A,SWY,14.0,338.70357685414587,-324.70357685414587
2021-08-02 21:00:00,1433A,SWY,18.0,339.3777221976014,-321.3777221976014
2021-08-02 22:00:00,1433A,SWY,24.0,341.0671255483855,-317.0671255483855
2021-08-02 23:00:00,1433A,SWY,27.0,340.7414922957261,-313.7414922957261
2021-08-03 00:00:00,1433A,SWY,34.0,341.0757050937076,-307.0757050937076
2021-08-03 01:00:00,1433A,SWY,34.0,340.2025412513196,-306.2025412513196
2021-08-03 02:00:00,1433A,SWY,39.0,339.6635635350475,-300.6635635350475
2021-08-03 03:00:00,1433A,SWY,46.0,339.0045655506584,-293.0045655506584
2021-08-03 04:00:00,1433A,SWY,42.0,338.50956005014655,-296.50956005014655
2021-08-03 05:00:00,1433A,SWY,45.0,338.33036203193336,-293.33036203193336
2021-08-03 06:00:00,1433A,SWY,42.0,338.7009720282421,-296.7009720282421
2021-08-03 07:00:00,1433A,SWY,38.0,338.5983468050378,-300.5983468050378
2021-08-03 08:00:00,1433A,SWY,37.0,340.2738095373284,-303.2738095373284
2021-08-03 09:00:00,1433A,SWY,40.0,342.57805030552555,-302.57805030552555
2021-08-03 10:00:00,1433A,SWY,41.0,344.12375019154763,-303.12375019154763
2021-08-03 11:00:00,1433A,SWY,45.0,345.82133619886974,-300.82133619886974
2021-08-03 12:00:00,1433A,SWY,46.0,346.2031780998643,-300.2031780998643
2021-08-03 13:00:00,1433A,SWY,52.0,344.94204064697215,-292.94204064697215
2021-08-03 14:00:00,1433A,SWY,43.0,343.38856059608537,-300.38856059608537
2021-08-03 15:00:00,1433A,SWY,37.0,341.4331391899324,-304.4331391899324
2021-08-03 16:00:00,1433A,SWY,39.0,340.4021961028932,-301.4021961028932
2021-08-03 17:00:00,1433A,SWY,40.0,339.37757817434175,-299.37757817434175
2021-08-03 18:00:00,1433A,SWY,36.0,338.11466618663604,-302.11466618663604
2021-08-03 19:00:00,1433A,SWY,35.0,338.7908907175675,-303.7908907175675
2021-08-03 20:00:00,1433A,SWY,41.0,339.76355376444627,-298.76355376444627
2021-08-03 21:00:00,1433A,SWY,42.0,340.4376991079018,-298.4376991079018
2021-08-03 22:00:00,1433A,SWY,,342.1271024586859,
2021-08-03 23:00:00,1433A,SWY,37.0,341.8014692060265,-304.8014692060265
2021-08-04 00:00:00,1433A,SWY,40.0,342.135682004008,-302.135682004008
2021-08-04 01:00:00,1433A,SWY,39.0,341.26251816162,-302.26251816162
2021-08-04 02:00:00,1433A,SWY,32.0,340.7235404453479,-308.7235404453479
2021-08-04 03:00:00,1433A,SWY,33.0,340.0645424609588,-307.0645424609588
2021-08-04 04:00:00,1433A,SWY,34.0,339.56953696044695,-305.56953696044695
2021-08-04 05:00:00,1433A,SWY,39.0,339.39033894223377,-300.39033894223377
2021-08-04 06:00:00,1433A,SWY,42.0,339.7609489385425,-297.7609489385425
2021-08-04 07:00:00,1433A,SWY,39.0,339.6583237153382,-300.6583237153382
2021-08-04 08:00:00,1433A,SWY,37.0,341.3337864476288,-304.3337864476288
2021-08-04 09:00:00,1433A,SWY,36.0,343.63802721582596,-307.63802721582596
2021-08-04 10:00:00,1433A,SWY,33.0,345.18372710184804,-312.18372710184804
2021-08-04 11:00:00,1433A,SWY,33.0,346.88131310917015,-313.88131310917015
2021-08-04 12:00:00,1433A,SWY,34.0,347.2631550101647,-313.2631550101647
2021-08-04 13:00:00,1433A,SWY,35.0,346.00201755727255,-311.00201755727255
2021-08-04 14:00:00,1433A,SWY,35.0,344.4485375063858,-309.4485375063858
2021-08-04 15:00:00,1433A,SWY,35.0,342.4931161002328,-307.4931161002328
2021-08-04 16:00:00,1433A,SWY,32.0,341.4621730131936,-309.4621730131936
2021-08-04 17:00:00,1433A,SWY,32.0,340.43755508464216,-308.43755508464216
2021-08-04 18:00:00,1433A,SWY,29.0,339.17464309693645,-310.17464309693645
2021-08-04 19:00:00,1433A,SWY,26.0,339.8508676278679,-313.8508676278679
2021-08-04 20:00:00,1433A,SWY,26.0,340.8235306747467,-314.8235306747467
2021-08-04 21:00:00,1433A,SWY,24.0,341.4976760182022,-317.4976760182022
2021-08-04 22:00:00,1433A,SWY,23.0,343.1870793689863,-320.1870793689863
2021-08-04 23:00:00,1433A,SWY,,342.86144611632693,
2021-08-05 00:00:00,1433A,SWY,27.0,343.1956589143084,-316.1956589143084
2021-08-05 01:00:00,1433A,SWY,27.0,342.3224950719204,-315.3224950719204
2021-08-05 02:00:00,1433A,SWY,22.0,341.7835173556483,-319.7835173556483
2021-08-05 03:00:00,1433A,SWY,13.0,341.1245193712592,-328.1245193712592
2021-08-05 04:00:00,1433A,SWY,6.0,340.62951387074736,-334.62951387074736
2021-08-05 05:00:00,1433A,SWY,5.0,340.4503158525342,-335.4503158525342
2021-08-05 06:00:00,1433A,SWY,5.0,340.82092584884293,-335.82092584884293
2021-08-05 07:00:00,1433A,SWY,6.0,340.7183006256386,-334.7183006256386
2021-08-05 08:00:00,1433A,SWY,8.0,342.39376335792923,-334.39376335792923
2021-08-05 09:00:00,1433A,SWY,8.0,344.69800412612636,-336.69800412612636
2021-08-05 10:00:00,1433A,SWY,12.0,346.24370401214844,-334.24370401214844
2021-08-05 11:00:00,1433A,SWY,14.0,347.94129001947056,-333.94129001947056
2021-08-05 12:00:00,1433A,SWY,14.0,348.32313192046513,-334.32313192046513
2021-08-05 13:00:00,1433A,SWY,18.0,347.06199446757296,-329.06199446757296
2021-08-05 14:00:00,1433A,SWY,18.0,345.5085144166862,-327.5085144166862
2021-08-05 15:00:00,1433A,SWY,25.0,343.5530930105332,-318.5530930105332
2021-08-05 16:00:00,1433A,SWY,19.0,342.522149923494,-323.522149923494
2021-08-05 17:00:00,1433A,SWY,12.0,341.49753199494256,-329.49753199494256
2021-08-05 18:00:00,1433A,SWY,12.0,340.23462000723686,-328.23462000723686
2021-08-05 19:00:00,1433A,SWY,15.0,340.9108445381683,-325.9108445381683
2021-08-05 20:00:00,1433A,SWY,19.0,341.8835075850471,-322.8835075850471
2021-08-05 21:00:00,1433A,SWY,18.0,342.5576529285026,-324.5576529285026
2021-08-05 22:00:00,1433A,SWY,19.0,344.2470562792867,-325.2470562792867
2021-08-05 23:00:00,1433A,SWY,28.0,343.92142302662734,-315.92142302662734
2021-08-06 00:00:00,1433A,SWY,24.0,344.2556358246088,-320.2556358246088
2021-08-06 01:00:00,1433A,SWY,26.0,343.3824719822208,-317.3824719822208
2021-08-06 02:00:00,1433A,SWY,24.0,342.8434942659487,-318.8434942659487
2021-08-06 03:00:00,1433A,SWY,24.0,342.18449628155963,-318.18449628155963
2021-08-06 04:00:00,1433A,SWY,29.0,341.68949078104777,-312.68949078104777
2021-08-06 05:00:00,1433A,SWY,27.0,341.5102927628346,-314.5102927628346
2021-08-06 06:00:00,1433A,SWY,22.0,341.88090275914334,-319.88090275914334
2021-08-06 07:00:00,1433A,SWY,20.0,341.778277535939,-321.778277535939
2021-08-06 08:00:00,1433A,SWY,18.0,343.45374026822964,-325.45374026822964
2021-08-06 09:00:00,1433A,SWY,18.0,345.75798103642677,-327.75798103642677
2021-08-06 10:00:00,1433A,SWY,20.0,347.30368092244885,-327.30368092244885
2021-08-06 11:00:00,1433A,SWY,21.0,349.00126692977096,-328.00126692977096
2021-08-06 12:00:00,1433A,SWY,22.0,349.38310883076554,-327.38310883076554
2021-08-06 13:00:00,1433A,SWY,20.0,348.12197137787336,-328.12197137787336
2021-08-06 14:00:00,1433A,SWY,16.0,346.5684913269866,-330.5684913269866
2021-08-06 15:00:00,1433A,SWY,17.0,344.6130699208336,-327.6130699208336
2021-08-06 16:00:00,1433A,SWY,18.0,343.5821268337944,-325.5821268337944
2021-08-06 17:00:00,1433A,SWY,19.0,342.55750890524297,-323.55750890524297
2021-08-06 18:00:00,1433A,SWY,20.0,341.29459691753726,-321.29459691753726
2021-08-06 19:00:00,1433A,SWY,23.0,341.9708214484687,-318.9708214484687
2021-08-06 20:00:00,1433A,SWY,25.0,342.9434844953475,-317.9434844953475
2021-08-06 21:00:00,1433A,SWY,22.0,343.617629838803,-321.617629838803
2021-08-06 22:00:00,1433A,SWY,25.0,345.3070331895871,-320.3070331895871
2021-08-06 23:00:00,1433A,SWY,22.0,344.98139993692774,-322.98139993692774
2021-08-07 00:00:00,1433A,SWY,21.0,345.3156127349092,-324.3156127349092
2021-08-07 01:00:00,1433A,SWY,20.0,344.4424488925212,-324.4424488925212
2021-08-07 02:00:00,1433A,SWY,21.0,343.9034711762491,-322.9034711762491
2021-08-07 03:00:00,1433A,SWY,23.0,343.24447319186004,-320.24447319186004
2021-08-07 04:00:00,1433A,SWY,21.0,342.7494676913482,-321.7494676913482
2021-08-07 05:00:00,1433A,SWY,22.0,342.570269673135,-320.570269673135
2021-08-07 06:00:00,1433A,SWY,13.0,342.94087966944375,-329.94087966944375
2021-08-07 07:00:00,1433A,SWY,13.0,342.83825444623943,-329.83825444623943
2021-08-07 08:00:00,1433A,SWY,14.0,344.51371717853004,-330.51371717853004
2021-08-07 09:00:00,1433A,SWY,15.0,346.8179579467272,-331.8179579467272
2021-08-07 10:00:00,1433A,SWY,14.0,348.36365783274925,-334.36365783274925
2021-08-07 11:00:00,1433A,SWY,15.0,350.06124384007137,-335.06124384007137
2021-08-07 12:00:00,1433A,SWY,15.0,350.44308574106594,-335.44308574106594
2021-08-07 13:00:00,1433A,SWY,13.0,349.18194828817377,-336.18194828817377
2021-08-07 14:00:00,1433A,SWY,13.0,347.628468237287,-334.628468237287
2021-08-07 15:00:00,1433A,SWY,13.0,345.673046831134,-332.673046831134
2021-08-07 16:00:00,1433A,SWY,10.0,344.6421037440948,-334.6421037440948
2021-08-07 17:00:00,1433A,SWY,9.0,343.6174858155434,-334.6174858155434
2021-08-07 18:00:00,1433A,SWY,8.0,342.35457382783767,-334.35457382783767
2021-08-07 19:00:00,1433A,SWY,10.0,343.0307983587691,-333.0307983587691
2021-08-07 20:00:00,1433A,SWY,11.0,344.0034614056479,-333.0034614056479
2021-08-07 21:00:00,1433A,SWY,15.0,344.6776067491034,-329.6776067491034
2021-08-07 22:00:00,1433A,SWY,16.0,346.3670100998875,-330.3670100998875
2021-08-07 23:00:00,1433A,SWY,15.0,346.04137684722815,-331.04137684722815
2021-08-08 00:00:00,1433A,SWY,13.0,346.37558964520963,-333.37558964520963
2021-08-08 01:00:00,1433A,SWY,14.0,345.5024258028216,-331.5024258028216
2021-08-08 02:00:00,1433A,SWY,17.0,344.96344808654953,-327.96344808654953
2021-08-08 03:00:00,1433A,SWY,15.0,344.30445010216044,-329.30445010216044
2021-08-08 04:00:00,1433A,SWY,16.0,343.8094446016486,-327.8094446016486
2021-08-08 05:00:00,1433A,SWY,16.0,343.6302465834354,-327.6302465834354
2021-08-08 06:00:00,1433A,SWY,18.0,344.00085657974415,-326.00085657974415
2021-08-08 07:00:00,1433A,SWY,31.0,343.89823135653984,-312.89823135653984
2021-08-08 08:00:00,1433A,SWY,31.0,345.57369408883045,-314.57369408883045
2021-08-08 09:00:00,1433A,SWY,18.0,347.8779348570276,-329.8779348570276
2021-08-08 10:00:00,1433A,SWY,10.0,349.42363474304966,-339.42363474304966
2021-08-08 11:00:00,1433A,SWY,9.0,351.1212207503718,-342.1212207503718
2021-08-08 12:00:00,1433A,SWY,11.0,351.50306265136635,-340.50306265136635
2021-08-08 13:00:00,1433A,SWY,12.0,350.2419251984742,-338.2419251984742
2021-08-08 14:00:00,1433A,SWY,12.0,348.6884451475874,-336.6884451475874
2021-08-08 15:00:00,1433A,SWY,11.0,346.7330237414344,-335.7330237414344
2021-08-08 16:00:00,1433A,SWY,9.0,345.7020806543952,-336.7020806543952
2021-08-08 17:00:00,1433A,SWY,10.0,344.6774627258438,-334.6774627258438
2021-08-08 18:00:00,1433A,SWY,13.0,343.4145507381381,-330.4145507381381
2021-08-08 19:00:00,1433A,SWY,18.0,344.0907752690695,-326.0907752690695
2021-08-08 20:00:00,1433A,SWY,18.0,345.0634383159483,-327.0634383159483
2021-08-08 21:00:00,1433A,SWY,20.0,345.7375836594038,-325.7375836594038
2021-08-08 22:00:00,1433A,SWY,19.0,347.42698701018793,-328.42698701018793
2021-08-08 23:00:00,1433A,SWY,19.0,347.10135375752856,-328.10135375752856
2021-08-09 00:00:00,1433A,SWY,18.0,347.43556655551004,-329.43556655551004
2021-08-09 01:00:00,1433A,SWY,19.0,346.562402713122,-327.562402713122
2021-08-09 02:00:00,1433A,SWY,23.0,346.02342499684994,-323.02342499684994
2021-08-09 03:00:00,1433A,SWY,23.0,345.36442701246085,-322.36442701246085
2021-08-09 04:00:00,1433A,SWY,22.0,344.869421511949,-322.869421511949
2021-08-09 05:00:00,1433A,SWY,24.0,344.6902234937358,-320.6902234937358
2021-08-09 06:00:00,1433A,SWY,27.0,345.06083349004456,-318.06083349004456
2021-08-09 07:00:00,1433A,SWY,26.0,344.95820826684024,-318.95820826684024
2021-08-09 08:00:00,1433A,SWY,30.0,346.63367099913086,-316.63367099913086
2021-08-09 09:00:00,1433A,SWY,32.0,348.937911767328,-316.937911767328
2021-08-09 10:00:00,1433A,SWY,38.0,350.48361165335007,-312.48361165335007
2021-08-09 11:00:00,1433A,SWY,39.0,352.1811976606722,-313.1811976606722
2021-08-09 12:00:00,1433A,SWY,25.0,352.56303956166676,-327.56303956166676
2021-08-09 13:00:00,1433A,SWY,29.0,351.3019021087746,-322.3019021087746
2021-08-09 14:00:00,1433A,SWY,30.0,349.7484220578878,-319.7484220578878
2021-08-09 15:00:00,1433A,SWY,29.0,347.7930006517348,-318.7930006517348
2021-08-09 16:00:00,1433A,SWY,27.0,346.7620575646956,-319.7620575646956
2021-08-09 17:00:00,1433A,SWY,26.0,345.7374396361442,-319.7374396361442
2021-08-09 18:00:00,1433A,SWY,26.0,344.4745276484385,-318.4745276484385
2021-08-09 19:00:00,1433A,SWY,23.0,345.15075217936993,-322.15075217936993
2021-08-09 20:00:00,1433A,SWY,,346.1234152262487,
2021-08-09 21:00:00,1433A,SWY,,346.7975605697042,
2021-08-09 22:00:00,1433A,SWY,,348.48696392048834,
2021-08-09 23:00:00,1433A,SWY,,348.16133066782896,
2021-08-10 00:00:00,1433A,SWY,,348.49554346581044,
2021-08-10 01:00:00,1433A,SWY,,347.62237962342243,
2021-08-10 02:00:00,1433A,SWY,,347.08340190715035,
2021-08-10 03:00:00,1433A,SWY,,346.42440392276126,
2021-08-10 04:00:00,1433A,SWY,,345.9293984222494,
2021-08-10 05:00:00,1433A,SWY,,345.7502004040362,
2021-08-10 06:00:00,1433A,SWY,,346.12081040034496,
2021-08-10 07:00:00,1433A,SWY,,346.01818517714065,
2021-08-10 08:00:00,1433A,SWY,,347.69364790943126,
2021-08-10 09:00:00,1433A,SWY,,349.9978886776284,
2021-08-10 10:00:00,1433A,SWY,24.0,351.5435885636505,-327.5435885636505
2021-08-10 11:00:00,1433A,SWY,26.0,353.2411745709726,-327.2411745709726
2021-08-10 12:00:00,1433A,SWY,24.0,353.62301647196716,-329.62301647196716
2021-08-10 13:00:00,1433A,SWY,22.0,352.361879019075,-330.361879019075
2021-08-10 14:00:00,1433A,SWY,23.0,350.8083989681882,-327.8083989681882
2021-08-10 15:00:00,1433A,SWY,24.0,348.8529775620352,-324.8529775620352
2021-08-10 16:00:00,1433A,SWY,21.0,347.82203447499603,-326.82203447499603
2021-08-10 17:00:00,1433A,SWY,27.0,346.7974165464446,-319.7974165464446
2021-08-10 18:00:00,1433A,SWY,23.0,345.5345045587389,-322.5345045587389
2021-08-10 19:00:00,1433A,SWY,25.0,346.21072908967034,-321.21072908967034
2021-08-10 20:00:00,1433A,SWY,25.0,347.1833921365491,-322.1833921365491
2021-08-10 21:00:00,1433A,SWY,20.0,347.8575374800046,-327.8575374800046
2021-08-10 22:00:00,1433A,SWY,15.0,349.54694083078874,-334.54694083078874
2021-08-10 23:00:00,1433A,SWY,18.0,349.22130757812937,-331.22130757812937
2021-08-11 00:00:00,1433A,SWY,23.0,349.55552037611085,-326.55552037611085
2021-08-11 01:00:00,1433A,SWY,22.0,348.68235653372284,-326.68235653372284
2021-08-11 02:00:00,1433A,SWY,20.0,348.14337881745075,-328.14337881745075
2021-08-11 03:00:00,1433A,SWY,30.0,347.48438083306166,-317.48438083306166
2021-08-11 04:00:00,1433A,SWY,32.0,346.9893753325498,-314.9893753325498
2021-08-11 05:00:00,1433A,SWY,23.0,346.8101773143366,-323.8101773143366
2021-08-11 06:00:00,1433A,SWY,18.0,347.18078731064537,-329.18078731064537
2021-08-11 07:00:00,1433A,SWY,15.0,347.07816208744106,-332.07816208744106
2021-08-11 08:00:00,1433A,SWY,12.0,348.75362481973167,-336.75362481973167
2021-08-11 09:00:00,1433A,SWY,15.0,351.0578655879288,-336.0578655879288
2021-08-11 10:00:00,1433A,SWY,17.0,352.6035654739509,-335.6035654739509
2021-08-11 11:00:00,1433A,SWY,21.0,354.301151481273,-333.301151481273
2021-08-11 12:00:00,1433A,SWY,28.0,354.68299338226757,-326.68299338226757
2021-08-11 13:00:00,1433A,SWY,35.0,353.4218559293754,-318.4218559293754
2021-08-11 14:00:00,1433A,SWY,34.0,351.8683758784886,-317.8683758784886
2021-08-11 15:00:00,1433A,SWY,35.0,349.9129544723356,-314.9129544723356
2021-08-11 16:00:00,1433A,SWY,36.0,348.88201138529644,-312.88201138529644
2021-08-11 17:00:00,1433A,SWY,38.0,347.857393456745,-309.857393456745
2021-08-11 18:00:00,1433A,SWY,30.0,346.5944814690393,-316.5944814690393
2021-08-11 19:00:00,1433A,SWY,16.0,347.27070599997074,-331.27070599997074
2021-08-11 20:00:00,1433A,SWY,18.0,348.2433690468495,-330.2433690468495
2021-08-11 21:00:00,1433A,SWY,17.0,348.91751439030503,-331.91751439030503
2021-08-11 22:00:00,1433A,SWY,18.0,350.60691774108915,-332.60691774108915
2021-08-11 23:00:00,1433A,SWY,19.0,350.2812844884298,-331.2812844884298
2021-08-12 00:00:00,1433A,SWY,21.0,350.61549728641126,-329.61549728641126
2021-08-12 01:00:00,1433A,SWY,21.0,349.74233344402325,-328.74233344402325
2021-08-12 02:00:00,1433A,SWY,22.0,349.20335572775116,-327.20335572775116
2021-08-12 03:00:00,1433A,SWY,22.0,348.54435774336207,-326.54435774336207
2021-08-12 04:00:00,1433A,SWY,18.0,348.0493522428502,-330.0493522428502
2021-08-12 05:00:00,1433A,SWY,19.0,347.870154224637,-328.870154224637
2021-08-12 06:00:00,1433A,SWY,23.0,348.2407642209458,-325.2407642209458
2021-08-12 07:00:00,1433A,SWY,23.0,348.13813899774146,-325.13813899774146
2021-08-12 08:00:00,1433A,SWY,21.0,349.8136017300321,-328.8136017300321
2021-08-12 09:00:00,1433A,SWY,20.0,352.1178424982292,-332.1178424982292
2021-08-12 10:00:00,1433A,SWY,18.0,353.6635423842513,-335.6635423842513
2021-08-12 11:00:00,1433A,SWY,18.0,355.3611283915734,-337.3611283915734
2021-08-12 12:00:00,1433A,SWY,22.0,355.742970292568,-333.742970292568
2021-08-12 13:00:00,1433A,SWY,22.0,354.4818328396758,-332.4818328396758
2021-08-12 14:00:00,1433A,SWY,21.0,352.928352788789,-331.928352788789
2021-08-12 15:00:00,1433A,SWY,21.0,350.97293138263603,-329.97293138263603
2021-08-12 16:00:00,1433A,SWY,17.0,349.94198829559684,-332.94198829559684
2021-08-12 17:00:00,1433A,SWY,12.0,348.9173703670454,-336.9173703670454
2021-08-12 18:00:00,1433A,SWY,7.0,347.6544583793397,-340.6544583793397
2021-08-12 19:00:00,1433A,SWY,6.0,348.33068291027115,-342.33068291027115
2021-08-12 20:00:00,1433A,SWY,6.0,349.30334595714993,-343.30334595714993
2021-08-12 21:00:00,1433A,SWY,5.0,349.97749130060544,-344.97749130060544
2021-08-12 22:00:00,1433A,SWY,7.0,351.66689465138955,-344.66689465138955
2021-08-12 23:00:00,1433A,SWY,8.0,351.3412613987302,-343.3412613987302
2021-08-13 00:00:00,1433A,SWY,5.0,351.67547419671166,-346.67547419671166
2021-08-13 01:00:00,1433A,SWY,3.0,350.80231035432365,-347.80231035432365
2021-08-13 02:00:00,1433A,SWY,3.0,350.26333263805157,-347.26333263805157
2021-08-13 03:00:00,1433A,SWY,4.0,349.6043346536625,-345.6043346536625
2021-08-13 04:00:00,1433A,SWY,11.0,349.1093291531506,-338.1093291531506
2021-08-13 05:00:00,1433A,SWY,16.0,348.9301311349374,-332.9301311349374
2021-08-13 06:00:00,1433A,SWY,16.0,349.3007411312462,-333.3007411312462
2021-08-13 07:00:00,1433A,SWY,15.0,349.19811590804187,-334.19811590804187
2021-08-13 08:00:00,1433A,SWY,16.0,350.8735786403325,-334.8735786403325
2021-08-13 09:00:00,1433A,SWY,14.0,353.1778194085296,-339.1778194085296
2021-08-13 10:00:00,1433A,SWY,11.0,354.7235192945517,-343.7235192945517
2021-08-13 11:00:00,1433A,SWY,12.0,356.4211053018738,-344.4211053018738
2021-08-13 12:00:00,1433A,SWY,14.0,356.8029472028684,-342.8029472028684
2021-08-13 13:00:00,1433A,SWY,9.0,355.5418097499762,-346.5418097499762
2021-08-13 14:00:00,1433A,SWY,13.0,353.98832969908943,-340.98832969908943
2021-08-13 15:00:00,1433A,SWY,13.0,352.03290829293644,-339.03290829293644
2021-08-13 16:00:00,1433A,SWY,13.0,351.00196520589725,-338.00196520589725
2021-08-13 17:00:00,1433A,SWY,14.0,349.9773472773458,-335.9773472773458
2021-08-13 18:00:00,1433A,SWY,13.0,348.7144352896401,-335.7144352896401
2021-08-13 19:00:00,1433A,SWY,11.0,349.39065982057156,-338.39065982057156
2021-08-13 20:00:00,1433A,SWY,12.0,350.36332286745034,-338.36332286745034
2021-08-13 21:00:00,1433A,SWY,15.0,351.03746821090584,-336.03746821090584
2021-08-13 22:00:00,1433A,SWY,20.0,352.72687156168996,-332.72687156168996
2021-08-13 23:00:00,1433A,SWY,20.0,352.4012383090306,-332.4012383090306
2021-08-14 00:00:00,1433A,SWY,21.0,352.73545110701207,-331.73545110701207
2021-08-14 01:00:00,1433A,SWY,18.0,351.86228726462406,-333.86228726462406
2021-08-14 02:00:00,1433A,SWY,13.0,351.323309548352,-338.323309548352
2021-08-14 03:00:00,1433A,SWY,10.0,350.6643115639629,-340.6643115639629
2021-08-14 04:00:00,1433A,SWY,4.0,350.169306063451,-346.169306063451
2021-08-14 05:00:00,1433A,SWY,4.0,349.99010804523783,-345.99010804523783
2021-08-14 06:00:00,1433A,SWY,6.0,350.3607180415466,-344.3607180415466
2021-08-14 07:00:00,1433A,SWY,4.0,350.2580928183423,-346.2580928183423
2021-08-14 08:00:00,1433A,SWY,3.0,351.9335555506329,-348.9335555506329
2021-08-14 09:00:00,1433A,SWY,5.0,354.23779631883,-349.23779631883
2021-08-14 10:00:00,1433A,SWY,4.0,355.7834962048521,-351.7834962048521
2021-08-14 11:00:00,1433A,SWY,4.0,357.4810822121742,-353.4810822121742
2021-08-14 12:00:00,1433A,SWY,4.0,357.8629241131688,-353.8629241131688
2021-08-14 13:00:00,1433A,SWY,5.0,356.6017866602766,-351.6017866602766
2021-08-14 14:00:00,1433A,SWY,6.0,355.04830660938984,-349.04830660938984
2021-08-14 15:00:00,1433A,SWY,9.0,353.09288520323685,-344.09288520323685
2021-08-14 16:00:00,1433A,SWY,10.0,352.06194211619766,-342.06194211619766
2021-08-14 17:00:00,1433A,SWY,12.0,351.0373241876462,-339.0373241876462
2021-08-14 18:00:00,1433A,SWY,13.0,349.7744121999405,-336.7744121999405
2021-08-14 19:00:00,1433A,SWY,16.0,350.45063673087196,-334.45063673087196
2021-08-14 20:00:00,1433A,SWY,21.0,351.42329977775074,-330.42329977775074
2021-08-14 21:00:00,1433A,SWY,28.0,352.09744512120625,-324.09744512120625
2021-08-14 22:00:00,1433A,SWY,25.0,353.78684847199037,-328.78684847199037
2021-08-14 23:00:00,1433A,SWY,23.0,353.461215219331,-330.461215219331
2021-08-15 00:00:00,1433A,SWY,22.0,353.7954280173125,-331.7954280173125
2021-08-15 01:00:00,1433A,SWY,22.0,352.92226417492446,-330.92226417492446
2021-08-15 02:00:00,1433A,SWY,22.0,352.3832864586524,-330.3832864586524
2021-08-15 03:00:00,1433A,SWY,21.0,351.7242884742633,-330.7242884742633
2021-08-15 04:00:00,1433A,SWY,22.0,351.2292829737514,-329.2292829737514
2021-08-15 05:00:00,1433A,SWY,26.0,351.05008495553824,-325.05008495553824
2021-08-15 06:00:00,1433A,SWY,19.0,351.420694951847,-332.420694951847
2021-08-15 07:00:00,1433A,SWY,16.0,351.3180697286427,-335.3180697286427
2021-08-15 08:00:00,1433A,SWY,16.0,352.9935324609333,-336.9935324609333
2021-08-15 09:00:00,1433A,SWY,12.0,355.2977732291304,-343.2977732291304
2021-08-15 10:00:00,1433A,SWY,10.0,356.8434731151525,-346.8434731151525
2021-08-15 11:00:00,1433A,SWY,9.0,358.5410591224746,-349.5410591224746
2021-08-15 12:00:00,1433A,SWY,9.0,358.9229010234692,-349.9229010234692
2021-08-15 13:00:00,1433A,SWY,15.0,357.661763570577,-342.661763570577
2021-08-15 14:00:00,1433A,SWY,23.0,356.10828351969025,-333.10828351969025
2021-08-15 15:00:00,1433A,SWY,17.0,354.15286211353725,-337.15286211353725
2021-08-15 16:00:00,1433A,SWY,10.0,353.12191902649806,-343.12191902649806
2021-08-15 17:00:00,1433A,SWY,8.0,352.0973010979466,-344.0973010979466
2021-08-15 18:00:00,1433A,SWY,10.0,350.8343891102409,-340.8343891102409
2021-08-15 19:00:00,1433A,SWY,11.0,351.51061364117237,-340.51061364117237
2021-08-15 20:00:00,1433A,SWY,14.0,352.48327668805115,-338.48327668805115
2021-08-15 21:00:00,1433A,SWY,14.0,353.15742203150666,-339.15742203150666
2021-08-15 22:00:00,1433A,SWY,12.0,354.8468253822908,-342.8468253822908
2021-08-15 23:00:00,1433A,SWY,10.0,354.5211921296314,-344.5211921296314
2021-08-16 00:00:00,1433A,SWY,9.0,354.8554049276129,-345.8554049276129
2021-08-16 01:00:00,1433A,SWY,11.0,353.98224108522487,-342.98224108522487
2021-08-16 02:00:00,1433A,SWY,11.0,353.4432633689528,-342.4432633689528
2021-08-16 03:00:00,1433A,SWY,12.0,352.7842653845637,-340.7842653845637
2021-08-16 04:00:00,1433A,SWY,12.0,352.28925988405183,-340.28925988405183
2021-08-16 05:00:00,1433A,SWY,10.0,352.11006186583865,-342.11006186583865
2021-08-16 06:00:00,1433A,SWY,12.0,352.4806718621474,-340.4806718621474
2021-08-16 07:00:00,1433A,SWY,15.0,352.3780466389431,-337.3780466389431
2021-08-16 08:00:00,1433A,SWY,14.0,354.0535093712337,-340.0535093712337
2021-08-16 09:00:00,1433A,SWY,10.0,356.35775013943083,-346.35775013943083
2021-08-16 10:00:00,1433A,SWY,9.0,357.9034500254529,-348.9034500254529
2021-08-16 11:00:00,1433A,SWY,7.0,359.601036032775,-352.601036032775
2021-08-16 12:00:00,1433A,SWY,6.0,359.9828779337696,-353.9828779337696
2021-08-16 13:00:00,1433A,SWY,7.0,358.72174048087743,-351.72174048087743
2021-08-16 14:00:00,1433A,SWY,10.0,357.16826042999065,-347.16826042999065
2021-08-16 15:00:00,1433A,SWY,11.0,355.21283902383766,-344.21283902383766
2021-08-16 16:00:00,1433A,SWY,10.0,354.18189593679847,-344.18189593679847
2021-08-16 17:00:00,1433A,SWY,13.0,353.15727800824703,-340.15727800824703
2021-08-16 18:00:00,1433A,SWY,15.0,351.8943660205413,-336.8943660205413
2021-08-16 19:00:00,1433A,SWY,,352.5705905514728,
2021-08-16 20:00:00,1433A,SWY,24.0,353.54325359835155,-329.54325359835155
2021-08-16 21:00:00,1433A,SWY,20.0,354.21739894180706,-334.21739894180706
2021-08-16 22:00:00,1433A,SWY,15.0,355.9068022925912,-340.9068022925912
2021-08-16 23:00:00,1433A,SWY,16.0,355.5811690399318,-339.5811690399318
2021-08-17 00:00:00,1433A,SWY,14.0,355.9153818379133,-341.9153818379133
2021-08-17 01:00:00,1433A,SWY,12.0,355.0422179955253,-343.0422179955253
2021-08-17 02:00:00,1433A,SWY,12.0,354.5032402792532,-342.5032402792532
2021-08-17 03:00:00,1433A,SWY,13.0,353.8442422948641,-340.8442422948641
2021-08-17 04:00:00,1433A,SWY,14.0,353.34923679435224,-339.34923679435224
2021-08-17 05:00:00,1433A,SWY,16.0,353.17003877613905,-337.17003877613905
2021-08-17 06:00:00,1433A,SWY,12.0,353.5406487724478,-341.5406487724478
2021-08-17 07:00:00,1433A,SWY,13.0,353.4380235492435,-340.4380235492435
2021-08-17 08:00:00,1433A,SWY,14.0,355.1134862815341,-341.1134862815341
2021-08-17 09:00:00,1433A,SWY,,357.41772704973124,
2021-08-17 10:00:00,1433A,SWY,,358.9634269357533,
2021-08-17 11:00:00,1433A,SWY,14.0,360.66101294307543,-346.66101294307543
2021-08-17 12:00:00,1433A,SWY,15.0,361.04285484407,-346.04285484407
2021-08-17 13:00:00,1433A,SWY,,359.78171739117784,
2021-08-17 14:00:00,1433A,SWY,25.0,358.22823734029106,-333.22823734029106
2021-08-17 15:00:00,1433A,SWY,26.0,356.27281593413807,-330.27281593413807
2021-08-17 16:00:00,1433A,SWY,18.0,355.2418728470989,-337.2418728470989
2021-08-17 17:00:00,1433A,SWY,16.0,354.21725491854744,-338.21725491854744
2021-08-17 18:00:00,1433A,SWY,15.0,352.95434293084173,-337.95434293084173
2021-08-17 19:00:00,1433A,SWY,15.0,353.6305674617732,-338.6305674617732
2021-08-17 20:00:00,1433A,SWY,16.0,354.60323050865196,-338.60323050865196
2021-08-17 21:00:00,1433A,SWY,14.0,355.27737585210747,-341.27737585210747
2021-08-17 22:00:00,1433A,SWY,11.0,356.9667792028916,-345.9667792028916
2021-08-17 23:00:00,1433A,SWY,10.0,356.6411459502322,-346.6411459502322
2021-08-18 00:00:00,1433A,SWY,,356.9753587482137,
2021-08-18 01:00:00,1433A,SWY,11.0,356.1021949058257,-345.1021949058257
2021-08-18 02:00:00,1433A,SWY,10.0,355.5632171895536,-345.5632171895536
2021-08-18 03:00:00,1433A,SWY,10.0,354.9042192051645,-344.9042192051645
2021-08-18 04:00:00,1433A,SWY,,354.40921370465264,
2021-08-18 05:00:00,1433A,SWY,15.0,354.23001568643946,-339.23001568643946
2021-08-18 06:00:00,1433A,SWY,15.0,354.6006256827482,-339.6006256827482
2021-08-18 07:00:00,1433A,SWY,3.0,354.4980004595439,-351.4980004595439
2021-08-18 08:00:00,1433A,SWY,3.0,356.1734631918345,-353.1734631918345
2021-08-18 09:00:00,1433A,SWY,3.0,358.47770396003165,-355.47770396003165
2021-08-18 10:00:00,1433A,SWY,2.0,360.0234038460537,-358.0234038460537
2021-08-18 11:00:00,1433A,SWY,4.0,361.72098985337584,-357.72098985337584
2021-08-18 12:00:00,1433A,SWY,5.0,362.1028317543704,-357.1028317543704
2021-08-18 13:00:00,1433A,SWY,6.0,360.84169430147824,-354.84169430147824
2021-08-18 14:00:00,1433A,SWY,6.0,359.28821425059147,-353.28821425059147
2021-08-18 15:00:00,1433A,SWY,9.0,357.3327928444385,-348.3327928444385
2021-08-18 16:00:00,1433A,SWY,,356.3018497573993,
2021-08-18 17:00:00,1433A,SWY,13.0,355.27723182884785,-342.27723182884785
2021-08-18 18:00:00,1433A,SWY,17.0,354.01431984114214,-337.01431984114214
2021-08-18 19:00:00,1433A,SWY,20.0,354.6905443720736,-334.6905443720736
2021-08-18 20:00:00,1433A,SWY,,355.66320741895237,
2021-08-18 21:00:00,1433A,SWY,,356.3373527624079,
2021-08-18 22:00:00,1433A,SWY,18.0,358.026756113192,-340.026756113192
2021-08-18 23:00:00,1433A,SWY,26.0,357.7011228605326,-331.7011228605326
2021-08-19 00:00:00,1433A,SWY,28.0,358.0353356585141,-330.0353356585141
2021-08-19 01:00:00,1433A,SWY,29.0,357.1621718161261,-328.1621718161261
2021-08-19 02:00:00,1433A,SWY,27.0,356.623194099854,-329.623194099854
2021-08-19 03:00:00,1433A,SWY,25.0,355.9641961154649,-330.9641961154649
2021-08-19 04:00:00,1433A,SWY,26.0,355.46919061495305,-329.46919061495305
2021-08-19 05:00:00,1433A,SWY,24.0,355.28999259673986,-331.28999259673986
2021-08-19 06:00:00,1433A,SWY,22.0,355.6606025930486,-333.6606025930486
2021-08-19 07:00:00,1433A,SWY,24.0,355.5579773698443,-331.5579773698443
2021-08-19 08:00:00,1433A,SWY,12.0,357.2334401021349,-345.2334401021349
2021-08-19 09:00:00,1433A,SWY,8.0,359.53768087033205,-351.53768087033205
2021-08-19 10:00:00,1433A,SWY,11.0,361.08338075635413,-350.08338075635413
2021-08-19 11:00:00,1433A,SWY,15.0,362.78096676367625,-347.78096676367625
2021-08-19 12:00:00,1433A,SWY,15.0,363.1628086646708,-348.1628086646708
2021-08-19 13:00:00,1433A,SWY,14.0,361.90167121177865,-347.90167121177865
2021-08-19 14:00:00,1433A,SWY,13.0,360.3481911608919,-347.3481911608919
2021-08-19 15:00:00,1433A,SWY,14.0,358.3927697547389,-344.3927697547389
2021-08-19 16:00:00,1433A,SWY,15.0,357.3618266676997,-342.3618266676997
2021-08-19 17:00:00,1433A,SWY,15.0,356.33720873914825,-341.33720873914825
2021-08-19 18:00:00,1433A,SWY,17.0,355.07429675144255,-338.07429675144255
2021-08-19 19:00:00,1433A,SWY,18.0,355.750521282374,-337.750521282374
2021-08-19 20:00:00,1433A,SWY,22.0,356.7231843292528,-334.7231843292528
2021-08-19 21:00:00,1433A,SWY,21.0,357.3973296727083,-336.3973296727083
2021-08-19 22:00:00,1433A,SWY,19.0,359.0867330234924,-340.0867330234924
2021-08-19 23:00:00,1433A,SWY,22.0,358.761099770833,-336.761099770833
2021-08-20 00:00:00,1433A,SWY,24.0,359.0953125688145,-335.0953125688145
2021-08-20 01:00:00,1433A,SWY,26.0,358.2221487264265,-332.2221487264265
2021-08-20 02:00:00,1433A,SWY,27.0,357.6831710101544,-330.6831710101544
2021-08-20 03:00:00,1433A,SWY,26.0,357.0241730257653,-331.0241730257653
2021-08-20 04:00:00,1433A,SWY,25.0,356.52916752525346,-331.52916752525346
2021-08-20 05:00:00,1433A,SWY,21.0,356.34996950704027,-335.34996950704027
2021-08-20 06:00:00,1433A,SWY,18.0,356.72057950334903,-338.72057950334903
2021-08-20 07:00:00,1433A,SWY,12.0,356.6179542801447,-344.6179542801447
2021-08-20 08:00:00,1433A,SWY,11.0,358.2934170124353,-347.2934170124353
2021-08-20 09:00:00,1433A,SWY,10.0,360.59765778063246,-350.59765778063246
2021-08-20 10:00:00,1433A,SWY,9.0,362.14335766665454,-353.14335766665454
2021-08-20 11:00:00,1433A,SWY,9.0,363.84094367397665,-354.84094367397665
2021-08-20 12:00:00,1433A,SWY,11.0,364.2227855749712,-353.2227855749712
2021-08-20 13:00:00,1433A,SWY,13.0,362.96164812207905,-349.96164812207905
2021-08-20 14:00:00,1433A,SWY,17.0,361.4081680711923,-344.4081680711923
2021-08-20 15:00:00,1433A,SWY,20.0,359.4527466650393,-339.4527466650393
2021-08-20 16:00:00,1433A,SWY,22.0,358.4218035780001,-336.4218035780001
2021-08-20 17:00:00,1433A,SWY,20.0,357.39718564944866,-337.39718564944866
2021-08-20 18:00:00,1433A,SWY,20.0,356.13427366174295,-336.13427366174295
2021-08-20 19:00:00,1433A,SWY,20.0,356.8104981926744,-336.8104981926744
2021-08-20 20:00:00,1433A,SWY,22.0,357.7831612395532,-335.7831612395532
2021-08-20 21:00:00,1433A,SWY,23.0,358.4573065830087,-335.4573065830087
2021-08-20 22:00:00,1433A,SWY,28.0,360.1467099337928,-332.1467099337928
2021-08-20 23:00:00,1433A,SWY,33.0,359.82107668113343,-326.82107668113343
2021-08-21 00:00:00,1433A,SWY,36.0,360.1552894791149,-324.1552894791149
2021-08-21 01:00:00,1433A,SWY,34.0,359.2821256367269,-325.2821256367269
2021-08-21 02:00:00,1433A,SWY,31.0,358.7431479204548,-327.7431479204548
2021-08-21 03:00:00,1433A,SWY,29.0,358.0841499360657,-329.0841499360657
2021-08-21 04:00:00,1433A,SWY,34.0,357.58914443555386,-323.58914443555386
2021-08-21 05:00:00,1433A,SWY,38.0,357.4099464173407,-319.4099464173407
2021-08-21 06:00:00,1433A,SWY,27.0,357.78055641364944,-330.78055641364944
2021-08-21 07:00:00,1433A,SWY,27.0,357.6779311904451,-330.6779311904451
2021-08-21 08:00:00,1433A,SWY,34.0,359.35339392273573,-325.35339392273573
2021-08-21 09:00:00,1433A,SWY,46.0,361.65763469093287,-315.65763469093287
2021-08-21 10:00:00,1433A,SWY,53.0,363.20333457695494,-310.20333457695494
2021-08-21 11:00:00,1433A,SWY,38.0,364.90092058427706,-326.90092058427706
2021-08-21 12:00:00,1433A,SWY,22.0,365.28276248527163,-343.28276248527163
2021-08-21 13:00:00,1433A,SWY,25.0,364.02162503237946,-339.02162503237946
2021-08-21 14:00:00,1433A,SWY,48.0,362.4681449814927,-314.4681449814927
2021-08-21 15:00:00,1433A,SWY,46.0,360.5127235753397,-314.5127235753397
2021-08-21 16:00:00,1433A,SWY,34.0,359.4817804883005,-325.4817804883005
2021-08-21 17:00:00,1433A,SWY,22.0,358.45716255974907,-336.45716255974907
2021-08-21 18:00:00,1433A,SWY,18.0,357.19425057204336,-339.19425057204336
2021-08-21 19:00:00,1433A,SWY,19.0,357.8704751029748,-338.8704751029748
2021-08-21 20:00:00,1433A,SWY,30.0,358.8431381498536,-328.8431381498536
2021-08-21 21:00:00,1433A,SWY,36.0,359.5172834933091,-323.5172834933091
2021-08-21 22:00:00,1433A,SWY,35.0,361.2066868440932,-326.2066868440932
2021-08-21 23:00:00,1433A,SWY,28.0,360.88105359143384,-332.88105359143384
2021-08-22 00:00:00,1433A,SWY,25.0,361.2152663894153,-336.2152663894153
2021-08-22 01:00:00,1433A,SWY,28.0,360.3421025470273,-332.3421025470273
2021-08-22 02:00:00,1433A,SWY,30.0,359.8031248307552,-329.8031248307552
2021-08-22 03:00:00,1433A,SWY,31.0,359.14412684636613,-328.14412684636613
2021-08-22 04:00:00,1433A,SWY,25.0,358.64912134585427,-333.64912134585427
2021-08-22 05:00:00,1433A,SWY,19.0,358.4699233276411,-339.4699233276411
2021-08-22 06:00:00,1433A,SWY,18.0,358.84053332394984,-340.84053332394984
2021-08-22 07:00:00,1433A,SWY,24.0,358.7379081007455,-334.7379081007455
2021-08-22 08:00:00,1433A,SWY,16.0,360.41337083303614,-344.41337083303614
2021-08-22 09:00:00,1433A,SWY,5.0,362.7176116012333,-357.7176116012333
2021-08-22 10:00:00,1433A,SWY,5.0,364.26331148725535,-359.26331148725535
2021-08-22 11:00:00,1433A,SWY,7.0,365.96089749457747,-358.96089749457747
2021-08-22 12:00:00,1433A,SWY,6.0,366.34273939557204,-360.34273939557204
2021-08-22 13:00:00,1433A,SWY,5.0,365.08160194267987,-360.08160194267987
2021-08-22 14:00:00,1433A,SWY,4.0,363.5281218917931,-359.5281218917931
2021-08-22 15:00:00,1433A,SWY,5.0,361.5727004856401,-356.5727004856401
2021-08-22 16:00:00,1433A,SWY,6.0,360.5417573986009,-354.5417573986009
2021-08-22 17:00:00,1433A,SWY,7.0,359.5171394700495,-352.5171394700495
2021-08-22 18:00:00,1433A,SWY,10.0,358.25422748234377,-348.25422748234377
2021-08-22 19:00:00,1433A,SWY,12.0,358.9304520132752,-346.9304520132752
2021-08-22 20:00:00,1433A,SWY,13.0,359.903115060154,-346.903115060154
2021-08-22 21:00:00,1433A,SWY,19.0,360.5772604036095,-341.5772604036095
2021-08-22 22:00:00,1433A,SWY,10.0,362.2666637543936,-352.2666637543936
2021-08-22 23:00:00,1433A,SWY,5.0,361.94103050173425,-356.94103050173425
2021-08-23 00:00:00,1433A,SWY,8.0,362.2752432997157,-354.2752432997157
2021-08-23 01:00:00,1433A,SWY,8.0,361.4020794573277,-353.4020794573277
2021-08-23 02:00:00,1433A,SWY,7.0,360.86310174105563,-353.86310174105563
2021-08-23 03:00:00,1433A,SWY,8.0,360.20410375666654,-352.20410375666654
2021-08-23 04:00:00,1433A,SWY,12.0,359.7090982561547,-347.7090982561547
2021-08-23 05:00:00,1433A,SWY,12.0,359.5299002379415,-347.5299002379415
2021-08-23 06:00:00,1433A,SWY,9.0,359.90051023425025,-350.90051023425025
2021-08-23 07:00:00,1433A,SWY,9.0,359.79788501104593,-350.79788501104593
2021-08-23 08:00:00,1433A,SWY,12.0,361.47334774333655,-349.47334774333655
2021-08-23 09:00:00,1433A,SWY,14.0,363.7775885115337,-349.7775885115337
2021-08-23 10:00:00,1433A,SWY,19.0,365.32328839755576,-346.32328839755576
2021-08-23 11:00:00,1433A,SWY,18.0,367.0208744048779,-349.0208744048779
2021-08-23 12:00:00,1433A,SWY,20.0,367.40271630587245,-347.40271630587245
2021-08-23 13:00:00,1433A,SWY,14.0,366.1415788529803,-352.1415788529803
2021-08-23 14:00:00,1433A,SWY,12.0,364.5880988020935,-352.5880988020935
2021-08-23 15:00:00,1433A,SWY,13.0,362.6326773959405,-349.6326773959405
2021-08-23 16:00:00,1433A,SWY,14.0,361.6017343089013,-347.6017343089013
2021-08-23 17:00:00,1433A,SWY,14.0,360.5771163803499,-346.5771163803499
2021-08-23 18:00:00,1433A,SWY,16.0,359.31420439264417,-343.31420439264417
2021-08-23 19:00:00,1433A,SWY,18.0,359.9904289235756,-341.9904289235756
2021-08-23 20:00:00,1433A,SWY,20.0,360.9630919704544,-340.9630919704544
2021-08-23 21:00:00,1433A,SWY,23.0,361.6372373139099,-338.6372373139099
2021-08-23 22:00:00,1433A,SWY,28.0,363.326640664694,-335.326640664694
2021-08-23 23:00:00,1433A,SWY,30.0,363.00100741203465,-333.00100741203465
2021-08-24 00:00:00,1433A,SWY,27.0,363.33522021001613,-336.33522021001613
2021-08-24 01:00:00,1433A,SWY,18.0,362.4620563676281,-344.4620563676281
2021-08-24 02:00:00,1433A,SWY,18.0,361.92307865135604,-343.92307865135604
2021-08-24 03:00:00,1433A,SWY,31.0,361.26408066696695,-330.26408066696695
2021-08-24 04:00:00,1433A,SWY,23.0,360.7690751664551,-337.7690751664551
2021-08-24 05:00:00,1433A,SWY,21.0,360.5898771482419,-339.5898771482419
2021-08-24 06:00:00,1433A,SWY,,360.96048714455065,
2021-08-24 07:00:00,1433A,SWY,22.0,360.85786192134634,-338.85786192134634
2021-08-24 08:00:00,1433A,SWY,25.0,362.53332465363695,-337.53332465363695
2021-08-24 09:00:00,1433A,SWY,27.0,364.8375654218341,-337.8375654218341
2021-08-24 10:00:00,1433A,SWY,33.0,366.38326530785616,-333.38326530785616
2021-08-24 11:00:00,1433A,SWY,37.0,368.0808513151783,-331.0808513151783
2021-08-24 12:00:00,1433A,SWY,20.0,368.46269321617285,-348.46269321617285
2021-08-24 13:00:00,1433A,SWY,19.0,367.2015557632807,-348.2015557632807
2021-08-24 14:00:00,1433A,SWY,22.0,365.6480757123939,-343.6480757123939
2021-08-24 15:00:00,1433A,SWY,21.0,363.6926543062409,-342.6926543062409
2021-08-24 16:00:00,1433A,SWY,20.0,362.6617112192017,-342.6617112192017
2021-08-24 17:00:00,1433A,SWY,22.0,361.6370932906503,-339.6370932906503
2021-08-24 18:00:00,1433A,SWY,26.0,360.3741813029446,-334.3741813029446
2021-08-24 19:00:00,1433A,SWY,33.0,361.050405833876,-328.050405833876
2021-08-24 20:00:00,1433A,SWY,39.0,362.0230688807548,-323.0230688807548
2021-08-24 21:00:00,1433A,SWY,39.0,362.6972142242103,-323.6972142242103
2021-08-24 22:00:00,1433A,SWY,42.0,364.38661757499443,-322.38661757499443
2021-08-24 23:00:00,1433A,SWY,44.0,364.06098432233506,-320.06098432233506
2021-08-25 00:00:00,1433A,SWY,51.0,364.39519712031654,-313.39519712031654
2021-08-25 01:00:00,1433A,SWY,56.0,363.52203327792853,-307.52203327792853
2021-08-25 02:00:00,1433A,SWY,50.0,362.98305556165644,-312.98305556165644
2021-08-25 03:00:00,1433A,SWY,41.0,362.32405757726735,-321.32405757726735
2021-08-25 04:00:00,1433A,SWY,35.0,361.8290520767555,-326.8290520767555
2021-08-25 05:00:00,1433A,SWY,33.0,361.6498540585423,-328.6498540585423
2021-08-25 06:00:00,1433A,SWY,48.0,362.02046405485106,-314.02046405485106
2021-08-25 07:00:00,1433A,SWY,45.0,361.91783883164675,-316.91783883164675
2021-08-25 08:00:00,1433A,SWY,30.0,363.59330156393736,-333.59330156393736
2021-08-25 09:00:00,1433A,SWY,21.0,365.8975423321345,-344.8975423321345
2021-08-25 10:00:00,1433A,SWY,24.0,367.44324221815657,-343.44324221815657
2021-08-25 11:00:00,1433A,SWY,26.0,369.1408282254787,-343.1408282254787
2021-08-25 12:00:00,1433A,SWY,19.0,369.52267012647326,-350.52267012647326
2021-08-25 13:00:00,1433A,SWY,17.0,368.2615326735811,-351.2615326735811
2021-08-25 14:00:00,1433A,SWY,11.0,366.7080526226943,-355.7080526226943
2021-08-25 15:00:00,1433A,SWY,10.0,364.7526312165413,-354.7526312165413
2021-08-25 16:00:00,1433A,SWY,9.0,363.7216881295021,-354.7216881295021
2021-08-25 17:00:00,1433A,SWY,8.0,362.6970702009507,-354.6970702009507
2021-08-25 18:00:00,1433A,SWY,10.0,361.434158213245,-351.434158213245
2021-08-25 19:00:00,1433A,SWY,11.0,362.11038274417643,-351.11038274417643
2021-08-25 20:00:00,1433A,SWY,12.0,363.0830457910552,-351.0830457910552
2021-08-25 21:00:00,1433A,SWY,15.0,363.7571911345107,-348.7571911345107
2021-08-25 22:00:00,1433A,SWY,13.0,365.44659448529484,-352.44659448529484
2021-08-25 23:00:00,1433A,SWY,13.0,365.12096123263547,-352.12096123263547
2021-08-26 00:00:00,1433A,SWY,,365.45517403061694,
2021-08-26 01:00:00,1433A,SWY,14.0,364.58201018822894,-350.58201018822894
2021-08-26 02:00:00,1433A,SWY,18.0,364.04303247195685,-346.04303247195685
2021-08-26 03:00:00,1433A,SWY,18.0,363.38403448756776,-345.38403448756776
2021-08-26 04:00:00,1433A,SWY,20.0,362.8890289870559,-342.8890289870559
2021-08-26 05:00:00,1433A,SWY,19.0,362.7098309688427,-343.7098309688427
2021-08-26 06:00:00,1433A,SWY,15.0,363.08044096515147,-348.08044096515147
2021-08-26 07:00:00,1433A,SWY,12.0,362.97781574194715,-350.97781574194715
2021-08-26 08:00:00,1433A,SWY,10.0,364.65327847423777,-354.65327847423777
2021-08-26 09:00:00,1433A,SWY,12.0,366.9575192424349,-354.9575192424349
2021-08-26 10:00:00,1433A,SWY,,368.503219128457,
2021-08-26 11:00:00,1433A,SWY,16.0,370.2008051357791,-354.2008051357791
2021-08-26 12:00:00,1433A,SWY,17.0,370.58264703677366,-353.58264703677366
2021-08-26 13:00:00,1433A,SWY,,369.3215095838815,
2021-08-26 14:00:00,1433A,SWY,19.0,367.7680295329947,-348.7680295329947
2021-08-26 15:00:00,1433A,SWY,21.0,365.8126081268417,-344.8126081268417
2021-08-26 16:00:00,1433A,SWY,21.0,364.78166503980253,-343.78166503980253
2021-08-26 17:00:00,1433A,SWY,15.0,363.7570471112511,-348.7570471112511
2021-08-26 18:00:00,1433A,SWY,16.0,362.4941351235454,-346.4941351235454
2021-08-26 19:00:00,1433A,SWY,,363.17035965447684,
2021-08-26 20:00:00,1433A,SWY,,364.1430227013556,
2021-08-26 21:00:00,1433A,SWY,11.0,364.8171680448111,-353.8171680448111
2021-08-26 22:00:00,1433A,SWY,9.0,366.50657139559524,-357.50657139559524
2021-08-26 23:00:00,1433A,SWY,7.0,366.1809381429359,-359.1809381429359
2021-08-27 00:00:00,1433A,SWY,,366.51515094091735,
2021-08-27 01:00:00,1433A,SWY,12.0,365.64198709852934,-353.64198709852934
2021-08-27 02:00:00,1433A,SWY,16.0,365.10300938225726,-349.10300938225726
2021-08-27 03:00:00,1433A,SWY,20.0,364.44401139786817,-344.44401139786817
2021-08-27 04:00:00,1433A,SWY,14.0,363.9490058973563,-349.9490058973563
2021-08-27 05:00:00,1433A,SWY,12.0,363.7698078791431,-351.7698078791431
2021-08-27 06:00:00,1433A,SWY,14.0,364.1404178754519,-350.1404178754519
2021-08-27 07:00:00,1433A,SWY,14.0,364.03779265224756,-350.03779265224756
2021-08-27 08:00:00,1433A,SWY,23.0,365.7132553845382,-342.7132553845382
2021-08-27 09:00:00,1433A,SWY,38.0,368.0174961527353,-330.0174961527353
2021-08-27 10:00:00,1433A,SWY,30.0,369.5631960387574,-339.5631960387574
2021-08-27 11:00:00,1433A,SWY,25.0,371.2607820460795,-346.2607820460795
2021-08-27 12:00:00,1433A,SWY,24.0,371.64262394707407,-347.64262394707407
2021-08-27 13:00:00,1433A,SWY,19.0,370.3814864941819,-351.3814864941819
2021-08-27 14:00:00,1433A,SWY,8.0,368.8280064432951,-360.8280064432951
2021-08-27 15:00:00,1433A,SWY,7.0,366.87258503714213,-359.87258503714213
2021-08-27 16:00:00,1433A,SWY,6.0,365.84164195010294,-359.84164195010294
2021-08-27 17:00:00,1433A,SWY,5.0,364.8170240215515,-359.8170240215515
2021-08-27 18:00:00,1433A,SWY,8.0,363.5541120338458,-355.5541120338458
2021-08-27 19:00:00,1433A,SWY,12.0,364.23033656477725,-352.23033656477725
2021-08-27 20:00:00,1433A,SWY,13.0,365.202999611656,-352.202999611656
2021-08-27 21:00:00,1433A,SWY,12.0,365.87714495511153,-353.87714495511153
2021-08-27 22:00:00,1433A,SWY,11.0,367.56654830589565,-356.56654830589565
2021-08-27 23:00:00,1433A,SWY,13.0,367.2409150532363,-354.2409150532363
2021-08-28 00:00:00,1433A,SWY,14.0,367.57512785121776,-353.57512785121776
2021-08-28 01:00:00,1433A,SWY,14.0,366.70196400882975,-352.70196400882975
2021-08-28 02:00:00,1433A,SWY,17.0,366.16298629255766,-349.16298629255766
2021-08-28 03:00:00,1433A,SWY,17.0,365.5039883081686,-348.5039883081686
2021-08-28 04:00:00,1433A,SWY,17.0,365.0089828076567,-348.0089828076567
2021-08-28 05:00:00,1433A,SWY,20.0,364.8297847894435,-344.8297847894435
2021-08-28 06:00:00,1433A,SWY,17.0,365.2003947857523,-348.2003947857523
2021-08-28 07:00:00,1433A,SWY,10.0,365.09776956254797,-355.09776956254797
2021-08-28 08:00:00,1433A,SWY,8.0,366.7732322948386,-358.7732322948386
2021-08-28 09:00:00,1433A,SWY,8.0,369.0774730630357,-361.0774730630357
2021-08-28 10:00:00,1433A,SWY,6.0,370.6231729490578,-364.6231729490578
2021-08-28 11:00:00,1433A,SWY,11.0,372.3207589563799,-361.3207589563799
2021-08-28 12:00:00,1433A,SWY,11.0,372.7026008573745,-361.7026008573745
2021-08-28 13:00:00,1433A,SWY,12.0,371.4414634044823,-359.4414634044823
2021-08-28 14:00:00,1433A,SWY,14.0,369.88798335359553,-355.88798335359553
2021-08-28 15:00:00,1433A,SWY,16.0,367.93256194744254,-351.93256194744254
2021-08-28 16:00:00,1433A,SWY,18.0,366.90161886040335,-348.90161886040335
2021-08-28 17:00:00,1433A,SWY,20.0,365.8770009318519,-345.8770009318519
2021-08-28 18:00:00,1433A,SWY,24.0,364.6140889441462,-340.6140889441462
2021-08-28 19:00:00,1433A,SWY,19.0,365.29031347507765,-346.29031347507765
2021-08-28 20:00:00,1433A,SWY,20.0,366.26297652195643,-346.26297652195643
2021-08-28 21:00:00,1433A,SWY,25.0,366.93712186541194,-341.93712186541194
2021-08-28 22:00:00,1433A,SWY,31.0,368.62652521619606,-337.62652521619606
2021-08-28 23:00:00,1433A,SWY,25.0,368.3008919635367,-343.3008919635367
2021-08-29 00:00:00,1433A,SWY,23.0,368.63510476151816,-345.63510476151816
2021-08-29 01:00:00,1433A,SWY,22.0,367.76194091913015,-345.76194091913015
2021-08-29 02:00:00,1433A,SWY,20.0,367.22296320285807,-347.22296320285807
2021-08-29 03:00:00,1433A,SWY,21.0,366.563965218469,-345.563965218469
2021-08-29 04:00:00,1433A,SWY,22.0,366.0689597179571,-344.0689597179571
2021-08-29 05:00:00,1433A,SWY,21.0,365.88976169974393,-344.88976169974393
2021-08-29 06:00:00,1433A,SWY,16.0,366.2603716960527,-350.2603716960527
2021-08-29 07:00:00,1433A,SWY,14.0,366.1577464728484,-352.1577464728484
2021-08-29 08:00:00,1433A,SWY,11.0,367.833209205139,-356.833209205139
2021-08-29 09:00:00,1433A,SWY,17.0,370.1374499733361,-353.1374499733361
2021-08-29 10:00:00,1433A,SWY,15.0,371.6831498593582,-356.6831498593582
2021-08-29 11:00:00,1433A,SWY,,373.3807358666803,
2021-08-29 12:00:00,1433A,SWY,,373.7625777676749,
2021-08-29 13:00:00,1433A,SWY,,372.5014403147827,
2021-08-29 14:00:00,1433A,SWY,12.0,370.94796026389594,-358.94796026389594
2021-08-29 15:00:00,1433A,SWY,6.0,368.99253885774294,-362.99253885774294
2021-08-29 16:00:00,1433A,SWY,6.0,367.96159577070375,-361.96159577070375
2021-08-29 17:00:00,1433A,SWY,6.0,366.9369778421523,-360.9369778421523
2021-08-29 18:00:00,1433A,SWY,6.0,365.6740658544466,-359.6740658544466
2021-08-29 19:00:00,1433A,SWY,6.0,366.35029038537806,-360.35029038537806
2021-08-29 20:00:00,1433A,SWY,7.0,367.32295343225684,-360.32295343225684
2021-08-29 21:00:00,1433A,SWY,7.0,367.99709877571235,-360.99709877571235
2021-08-29 22:00:00,1433A,SWY,7.0,369.68650212649646,-362.68650212649646
2021-08-29 23:00:00,1433A,SWY,8.0,369.3608688738371,-361.3608688738371
2021-08-30 00:00:00,1433A,SWY,8.0,369.69508167181857,-361.69508167181857
2021-08-30 01:00:00,1433A,SWY,11.0,368.82191782943056,-357.82191782943056
2021-08-30 02:00:00,1433A,SWY,20.0,368.2829401131585,-348.2829401131585
2021-08-30 03:00:00,1433A,SWY,24.0,367.6239421287694,-343.6239421287694
2021-08-30 04:00:00,1433A,SWY,25.0,367.1289366282575,-342.1289366282575
2021-08-30 05:00:00,1433A,SWY,24.0,366.94973861004434,-342.94973861004434
2021-08-30 06:00:00,1433A,SWY,22.0,367.3203486063531,-345.3203486063531
2021-08-30 07:00:00,1433A,SWY,29.0,367.2177233831488,-338.2177233831488
2021-08-30 08:00:00,1433A,SWY,29.0,368.8931861154394,-339.8931861154394
2021-08-30 09:00:00,1433A,SWY,29.0,371.1974268836365,-342.1974268836365
2021-08-30 10:00:00,1433A,SWY,26.0,372.7431267696586,-346.7431267696586
2021-08-30 11:00:00,1433A,SWY,24.0,374.4407127769807,-350.4407127769807
2021-08-30 12:00:00,1433A,SWY,22.0,374.8225546779753,-352.8225546779753
2021-08-30 13:00:00,1433A,SWY,21.0,373.5614172250831,-352.5614172250831
2021-08-30 14:00:00,1433A,SWY,22.0,372.00793717419634,-350.00793717419634
2021-08-30 15:00:00,1433A,SWY,23.0,370.05251576804335,-347.05251576804335
2021-08-30 16:00:00,1433A,SWY,24.0,369.02157268100416,-345.02157268100416
2021-08-30 17:00:00,1433A,SWY,26.0,367.9969547524527,-341.9969547524527
2021-08-30 18:00:00,1433A,SWY,23.0,366.734042764747,-343.734042764747
2021-08-30 19:00:00,1433A,SWY,19.0,367.41026729567847,-348.41026729567847
2021-08-30 20:00:00,1433A,SWY,17.0,368.38293034255724,-351.38293034255724
2021-08-30 21:00:00,1433A,SWY,25.0,369.05707568601275,-344.05707568601275
2021-08-30 22:00:00,1433A,SWY,33.0,370.74647903679687,-337.74647903679687
2021-08-30 23:00:00,1433A,SWY,31.0,370.4208457841375,-339.4208457841375
2021-08-31 00:00:00,1433A,SWY,27.0,370.755058582119,-343.755058582119
2021-08-31 01:00:00,1433A,SWY,26.0,369.88189473973097,-343.88189473973097
2021-08-31 02:00:00,1433A,SWY,27.0,369.3429170234589,-342.3429170234589
2021-08-31 03:00:00,1433A,SWY,25.0,368.6839190390698,-343.6839190390698
2021-08-31 04:00:00,1433A,SWY,23.0,368.1889135385579,-345.1889135385579
2021-08-31 05:00:00,1433A,SWY,14.0,368.00971552034474,-354.00971552034474
2021-08-31 06:00:00,1433A,SWY,15.0,368.3803255166535,-353.3803255166535
2021-08-31 07:00:00,1433A,SWY,12.0,368.2777002934492,-356.2777002934492
2021-08-31 08:00:00,1433A,SWY,18.0,369.9531630257398,-351.9531630257398
2021-08-31 09:00:00,1433A,SWY,28.0,372.25740379393693,-344.25740379393693
2021-08-31 10:00:00,1433A,SWY,37.0,373.803103679959,-336.803103679959
2021-08-31 11:00:00,1433A,SWY,38.0,375.5006896872811,-337.5006896872811
2021-08-31 12:00:00,1433A,SWY,46.0,375.8825315882757,-329.8825315882757
2021-08-31 13:00:00,1433A,SWY,43.0,374.6213941353835,-331.6213941353835
2021-08-31 14:00:00,1433A,SWY,43.0,373.06791408449675,-330.06791408449675
2021-08-31 15:00:00,1433A,SWY,36.0,371.11249267834376,-335.11249267834376
2021-08-31 16:00:00,1433A,SWY,29.0,370.08154959130457,-341.08154959130457
2021-08-31 17:00:00,1433A,SWY,18.0,369.05693166275313,-351.05693166275313
2021-08-31 18:00:00,1433A,SWY,15.0,367.7940196750474,-352.7940196750474
2021-08-31 19:00:00,1433A,SWY,12.0,368.4702442059789,-356.4702442059789
2021-08-31 20:00:00,1433A,SWY,15.0,369.44290725285765,-354.44290725285765
2021-08-31 21:00:00,1433A,SWY,16.0,370.11705259631316,-354.11705259631316
2021-08-31 22:00:00,1433A,SWY,17.0,371.8064559470973,-354.8064559470973
2021-08-31 23:00:00,1433A,SWY,21.0,371.4808226944379,-350.4808226944379
2021-09-01 00:00:00,1433A,SWY,22.0,371.8150354924194,-349.8150354924194
2021-09-01 01:00:00,1433A,SWY,24.0,370.9418716500314,-346.9418716500314
2021-09-01 02:00:00,1433A,SWY,24.0,370.4028939337593,-346.4028939337593
2021-09-01 03:00:00,1433A,SWY,22.0,369.7438959493702,-347.7438959493702
2021-09-01 04:00:00,1433A,SWY,23.0,369.24889044885833,-346.24889044885833
2021-09-01 05:00:00,1433A,SWY,20.0,369.06969243064515,-349.06969243064515
2021-09-01 06:00:00,1433A,SWY,20.0,369.4403024269539,-349.4403024269539
2021-09-01 07:00:00,1433A,SWY,21.0,369.3376772037496,-348.3376772037496
2021-09-01 08:00:00,1433A,SWY,23.0,371.0131399360402,-348.0131399360402
2021-09-01 09:00:00,1433A,SWY,27.0,373.31738070423734,-346.31738070423734
2021-09-01 10:00:00,1433A,SWY,30.0,374.8630805902594,-344.8630805902594
2021-09-01 11:00:00,1433A,SWY,36.0,376.56066659758153,-340.56066659758153
2021-09-01 12:00:00,1433A,SWY,35.0,376.9425084985761,-341.9425084985761
2021-09-01 13:00:00,1433A,SWY,30.0,375.68137104568393,-345.68137104568393
2021-09-01 14:00:00,1433A,SWY,24.0,374.12789099479716,-350.12789099479716
2021-09-01 15:00:00,1433A,SWY,22.0,372.17246958864416,-350.17246958864416
2021-09-01 16:00:00,1433A,SWY,24.0,371.141526501605,-347.141526501605
2021-09-01 17:00:00,1433A,SWY,20.0,370.11690857305354,-350.11690857305354
2021-09-01 18:00:00,1433A,SWY,16.0,368.85399658534783,-352.85399658534783
2021-09-01 19:00:00,1433A,SWY,17.0,369.5302211162793,-352.5302211162793
2021-09-01 20:00:00,1433A,SWY,18.0,370.50288416315806,-352.50288416315806
2021-09-01 21:00:00,1433A,SWY,21.0,371.17702950661356,-350.17702950661356
2021-09-01 22:00:00,1433A,SWY,20.0,372.8664328573977,-352.8664328573977
2021-09-01 23:00:00,1433A,SWY,21.0,372.5407996047383,-351.5407996047383
2021-09-02 00:00:00,1433A,SWY,19.0,372.8750124027198,-353.8750124027198
2021-09-02 01:00:00,1433A,SWY,21.0,372.0018485603318,-351.0018485603318
2021-09-02 02:00:00,1433A,SWY,21.0,371.4628708440597,-350.4628708440597
2021-09-02 03:00:00,1433A,SWY,21.0,370.8038728596706,-349.8038728596706
2021-09-02 04:00:00,1433A,SWY,22.0,370.30886735915874,-348.30886735915874
2021-09-02 05:00:00,1433A,SWY,28.0,370.12966934094555,-342.12966934094555
2021-09-02 06:00:00,1433A,SWY,32.0,370.5002793372543,-338.5002793372543
2021-09-02 07:00:00,1433A,SWY,32.0,370.39765411405,-338.39765411405
2021-09-02 08:00:00,1433A,SWY,41.0,372.0731168463406,-331.0731168463406
2021-09-02 09:00:00,1433A,SWY,41.0,374.37735761453774,-333.37735761453774
2021-09-02 10:00:00,1433A,SWY,38.0,375.9230575005598,-337.9230575005598
2021-09-02 11:00:00,1433A,SWY,39.0,377.62064350788194,-338.62064350788194
2021-09-02 12:00:00,1433A,SWY,31.0,378.0024854088765,-347.0024854088765
2021-09-02 13:00:00,1433A,SWY,17.0,376.74134795598434,-359.74134795598434
2021-09-02 14:00:00,1433A,SWY,18.0,375.18786790509756,-357.18786790509756
2021-09-02 15:00:00,1433A,SWY,12.0,373.23244649894457,-361.23244649894457
2021-09-02 16:00:00,1433A,SWY,11.0,372.2015034119054,-361.2015034119054
2021-09-02 17:00:00,1433A,SWY,11.0,371.17688548335394,-360.17688548335394
2021-09-02 18:00:00,1433A,SWY,12.0,369.91397349564824,-357.91397349564824
2021-09-02 19:00:00,1433A,SWY,12.0,370.5901980265797,-358.5901980265797
2021-09-02 20:00:00,1433A,SWY,14.0,371.56286107345846,-357.56286107345846
2021-09-02 21:00:00,1433A,SWY,19.0,372.23700641691397,-353.23700641691397
2021-09-02 22:00:00,1433A,SWY,19.0,373.9264097676981,-354.9264097676981
2021-09-02 23:00:00,1433A,SWY,17.0,373.6007765150387,-356.6007765150387
2021-09-03 00:00:00,1433A,SWY,18.0,373.9349893130202,-355.9349893130202
2021-09-03 01:00:00,1433A,SWY,18.0,373.0618254706322,-355.0618254706322
2021-09-03 02:00:00,1433A,SWY,17.0,372.5228477543601,-355.5228477543601
2021-09-03 03:00:00,1433A,SWY,19.0,371.863849769971,-352.863849769971
2021-09-03 04:00:00,1433A,SWY,20.0,371.36884426945915,-351.36884426945915
2021-09-03 05:00:00,1433A,SWY,20.0,371.18964625124596,-351.18964625124596
2021-09-03 06:00:00,1433A,SWY,19.0,371.5602562475547,-352.5602562475547
2021-09-03 07:00:00,1433A,SWY,20.0,371.4576310243504,-351.4576310243504
2021-09-03 08:00:00,1433A,SWY,20.0,373.133093756641,-353.133093756641
2021-09-03 09:00:00,1433A,SWY,20.0,375.43733452483815,-355.43733452483815
2021-09-03 10:00:00,1433A,SWY,21.0,376.9830344108602,-355.9830344108602
2021-09-03 11:00:00,1433A,SWY,25.0,378.68062041818234,-353.68062041818234
2021-09-03 12:00:00,1433A,SWY,29.0,379.0624623191769,-350.0624623191769
2021-09-03 13:00:00,1433A,SWY,30.0,377.80132486628474,-347.80132486628474
2021-09-03 14:00:00,1433A,SWY,25.0,376.24784481539797,-351.24784481539797
2021-09-03 15:00:00,1433A,SWY,28.0,374.292423409245,-346.292423409245
2021-09-03 16:00:00,1433A,SWY,25.0,373.2614803222058,-348.2614803222058
2021-09-03 17:00:00,1433A,SWY,23.0,372.23686239365435,-349.23686239365435
2021-09-03 18:00:00,1433A,SWY,20.0,370.97395040594864,-350.97395040594864
2021-09-03 19:00:00,1433A,SWY,18.0,371.6501749368801,-353.6501749368801
2021-09-03 20:00:00,1433A,SWY,17.0,372.62283798375887,-355.62283798375887
2021-09-03 21:00:00,1433A,SWY,17.0,373.2969833272144,-356.2969833272144
2021-09-03 22:00:00,1433A,SWY,15.0,374.9863866779985,-359.9863866779985
2021-09-03 23:00:00,1433A,SWY,14.0,374.6607534253391,-360.6607534253391
2021-09-04 00:00:00,1433A,SWY,12.0,374.9949662233206,-362.9949662233206
2021-09-04 01:00:00,1433A,SWY,15.0,374.1218023809326,-359.1218023809326
2021-09-04 02:00:00,1433A,SWY,18.0,373.5828246646605,-355.5828246646605
2021-09-04 03:00:00,1433A,SWY,8.0,372.9238266802714,-364.9238266802714
2021-09-04 04:00:00,1433A,SWY,2.0,372.42882117975955,-370.42882117975955
2021-09-04 05:00:00,1433A,SWY,3.0,372.24962316154637,-369.24962316154637
2021-09-04 06:00:00,1433A,SWY,4.0,372.6202331578551,-368.6202331578551
2021-09-04 07:00:00,1433A,SWY,4.0,372.5176079346508,-368.5176079346508
2021-09-04 08:00:00,1433A,SWY,4.0,374.1930706669414,-370.1930706669414
2021-09-04 09:00:00,1433A,SWY,6.0,376.49731143513856,-370.49731143513856
2021-09-04 10:00:00,1433A,SWY,8.0,378.04301132116063,-370.04301132116063
2021-09-04 11:00:00,1433A,SWY,10.0,379.74059732848275,-369.74059732848275
2021-09-04 12:00:00,1433A,SWY,11.0,380.1224392294773,-369.1224392294773
2021-09-04 13:00:00,1433A,SWY,16.0,378.86130177658515,-362.86130177658515
2021-09-04 14:00:00,1433A,SWY,24.0,377.3078217256984,-353.3078217256984
2021-09-04 15:00:00,1433A,SWY,26.0,375.3524003195454,-349.3524003195454
2021-09-04 16:00:00,1433A,SWY,22.0,374.3214572325062,-352.3214572325062
2021-09-04 17:00:00,1433A,SWY,20.0,373.29683930395475,-353.29683930395475
2021-09-04 18:00:00,1433A,SWY,20.0,372.03392731624905,-352.03392731624905
2021-09-04 19:00:00,1433A,SWY,20.0,372.7101518471805,-352.7101518471805
2021-09-04 20:00:00,1433A,SWY,24.0,373.6828148940593,-349.6828148940593
2021-09-04 21:00:00,1433A,SWY,17.0,374.3569602375148,-357.3569602375148
2021-09-04 22:00:00,1433A,SWY,14.0,376.0463635882989,-362.0463635882989
2021-09-04 23:00:00,1433A,SWY,12.0,375.72073033563953,-363.72073033563953
2021-09-05 00:00:00,1433A,SWY,13.0,376.054943133621,-363.054943133621
2021-09-05 01:00:00,1433A,SWY,12.0,375.181779291233,-363.181779291233
2021-09-05 02:00:00,1433A,SWY,12.0,374.6428015749609,-362.6428015749609
2021-09-05 03:00:00,1433A,SWY,10.0,373.9838035905718,-363.9838035905718
2021-09-05 04:00:00,1433A,SWY,10.0,373.48879809005996,-363.48879809005996
2021-09-05 05:00:00,1433A,SWY,11.0,373.3096000718468,-362.3096000718468
2021-09-05 06:00:00,1433A,SWY,10.0,373.68021006815553,-363.68021006815553
2021-09-05 07:00:00,1433A,SWY,12.0,373.5775848449512,-361.5775848449512
2021-09-05 08:00:00,1433A,SWY,10.0,375.25304757724183,-365.25304757724183
2021-09-05 09:00:00,1433A,SWY,10.0,377.55728834543896,-367.55728834543896
2021-09-05 10:00:00,1433A,SWY,11.0,379.10298823146104,-368.10298823146104
2021-09-05 11:00:00,1433A,SWY,10.0,380.80057423878316,-370.80057423878316
2021-09-05 12:00:00,1433A,SWY,12.0,381.18241613977773,-369.18241613977773
2021-09-05 13:00:00,1433A,SWY,14.0,379.92127868688556,-365.92127868688556
2021-09-05 14:00:00,1433A,SWY,16.0,378.3677986359988,-362.3677986359988
2021-09-05 15:00:00,1433A,SWY,18.0,376.4123772298458,-358.4123772298458
2021-09-05 16:00:00,1433A,SWY,17.0,375.3814341428066,-358.3814341428066
2021-09-05 17:00:00,1433A,SWY,15.0,374.35681621425516,-359.35681621425516
2021-09-05 18:00:00,1433A,SWY,10.0,373.09390422654945,-363.09390422654945
2021-09-05 19:00:00,1433A,SWY,7.0,373.7701287574809,-366.7701287574809
2021-09-05 20:00:00,1433A,SWY,5.0,374.7427918043597,-369.7427918043597
2021-09-05 21:00:00,1433A,SWY,4.0,375.4169371478152,-371.4169371478152
2021-09-05 22:00:00,1433A,SWY,4.0,377.1063404985993,-373.1063404985993
2021-09-05 23:00:00,1433A,SWY,6.0,376.78070724593994,-370.78070724593994
2021-09-06 00:00:00,1433A,SWY,7.0,377.1149200439214,-370.1149200439214
2021-09-06 01:00:00,1433A,SWY,13.0,376.2417562015334,-363.2417562015334
2021-09-06 02:00:00,1433A,SWY,,375.7027784852613,
2021-09-06 03:00:00,1433A,SWY,14.0,375.04378050087223,-361.04378050087223
2021-09-06 04:00:00,1433A,SWY,12.0,374.54877500036037,-362.54877500036037
2021-09-06 05:00:00,1433A,SWY,10.0,374.3695769821472,-364.3695769821472
2021-09-06 06:00:00,1433A,SWY,5.0,374.74018697845594,-369.74018697845594
2021-09-06 07:00:00,1433A,SWY,4.0,374.6375617552516,-370.6375617552516
2021-09-06 08:00:00,1433A,SWY,4.0,376.31302448754224,-372.31302448754224
2021-09-06 09:00:00,1433A,SWY,6.0,378.61726525573937,-372.61726525573937
2021-09-06 10:00:00,1433A,SWY,9.0,380.16296514176145,-371.16296514176145
2021-09-06 11:00:00,1433A,SWY,14.0,381.86055114908356,-367.86055114908356
2021-09-06 12:00:00,1433A,SWY,13.0,382.24239305007814,-369.24239305007814
2021-09-06 13:00:00,1433A,SWY,10.0,380.98125559718596,-370.98125559718596
2021-09-06 14:00:00,1433A,SWY,7.0,379.4277755462992,-372.4277755462992
2021-09-06 15:00:00,1433A,SWY,6.0,377.4723541401462,-371.4723541401462
2021-09-06 16:00:00,1433A,SWY,6.0,376.441411053107,-370.441411053107
2021-09-06 17:00:00,1433A,SWY,8.0,375.41679312455557,-367.41679312455557
2021-09-06 18:00:00,1433A,SWY,10.0,374.15388113684986,-364.15388113684986
2021-09-06 19:00:00,1433A,SWY,12.0,374.8301056677813,-362.8301056677813
2021-09-06 20:00:00,1433A,SWY,11.0,375.8027687146601,-364.8027687146601
2021-09-06 21:00:00,1433A,SWY,18.0,376.4769140581156,-358.4769140581156
2021-09-06 22:00:00,1433A,SWY,21.0,378.1663174088997,-357.1663174088997
2021-09-06 23:00:00,1433A,SWY,23.0,377.84068415624034,-354.84068415624034
2021-09-07 00:00:00,1433A,SWY,21.0,378.1748969542218,-357.1748969542218
2021-09-07 01:00:00,1433A,SWY,16.0,377.3017331118338,-361.3017331118338
2021-09-07 02:00:00,1433A,SWY,14.0,376.7627553955617,-362.7627553955617
2021-09-07 03:00:00,1433A,SWY,19.0,376.10375741117264,-357.10375741117264
2021-09-07 04:00:00,1433A,SWY,21.0,375.60875191066077,-354.60875191066077
2021-09-07 05:00:00,1433A,SWY,23.0,375.4295538924476,-352.4295538924476
2021-09-07 06:00:00,1433A,SWY,15.0,375.80016388875634,-360.80016388875634
2021-09-07 07:00:00,1433A,SWY,14.0,375.69753866555203,-361.69753866555203
2021-09-07 08:00:00,1433A,SWY,24.0,377.37300139784264,-353.37300139784264
2021-09-07 09:00:00,1433A,SWY,31.0,379.6772421660398,-348.6772421660398
2021-09-07 10:00:00,1433A,SWY,34.0,381.22294205206185,-347.22294205206185
2021-09-07 11:00:00,1433A,SWY,36.0,382.92052805938397,-346.92052805938397
2021-09-07 12:00:00,1433A,SWY,41.0,383.30236996037854,-342.30236996037854
2021-09-07 13:00:00,1433A,SWY,29.0,382.04123250748637,-353.04123250748637
2021-09-07 14:00:00,1433A,SWY,20.0,380.4877524565996,-360.4877524565996
2021-09-07 15:00:00,1433A,SWY,19.0,378.5323310504466,-359.5323310504466
2021-09-07 16:00:00,1433A,SWY,15.0,377.5013879634074,-362.5013879634074
2021-09-07 17:00:00,1433A,SWY,13.0,376.476770034856,-363.476770034856
2021-09-07 18:00:00,1433A,SWY,11.0,375.21385804715027,-364.21385804715027
2021-09-07 19:00:00,1433A,SWY,15.0,375.8900825780817,-360.8900825780817
2021-09-07 20:00:00,1433A,SWY,17.0,376.8627456249605,-359.8627456249605
2021-09-07 21:00:00,1433A,SWY,20.0,377.536890968416,-357.536890968416
2021-09-07 22:00:00,1433A,SWY,21.0,379.2262943192001,-358.2262943192001
2021-09-07 23:00:00,1433A,SWY,20.0,378.90066106654075,-358.90066106654075
2021-09-08 00:00:00,1433A,SWY,21.0,379.2348738645222,-358.2348738645222
2021-09-08 01:00:00,1433A,SWY,24.0,378.3617100221342,-354.3617100221342
2021-09-08 02:00:00,1433A,SWY,26.0,377.82273230586213,-351.82273230586213
2021-09-08 03:00:00,1433A,SWY,24.0,377.16373432147304,-353.16373432147304
2021-09-08 04:00:00,1433A,SWY,21.0,376.6687288209612,-355.6687288209612
2021-09-08 05:00:00,1433A,SWY,22.0,376.489530802748,-354.489530802748
2021-09-08 06:00:00,1433A,SWY,25.0,376.86014079905675,-351.86014079905675
2021-09-08 07:00:00,1433A,SWY,27.0,376.75751557585244,-349.75751557585244
2021-09-08 08:00:00,1433A,SWY,30.0,378.43297830814305,-348.43297830814305
2021-09-08 09:00:00,1433A,SWY,36.0,380.7372190763402,-344.7372190763402
2021-09-08 10:00:00,1433A,SWY,39.0,382.28291896236226,-343.28291896236226
2021-09-08 11:00:00,1433A,SWY,41.0,383.9805049696844,-342.9805049696844
2021-09-08 12:00:00,1433A,SWY,31.0,384.36234687067895,-353.36234687067895
2021-09-08 13:00:00,1433A,SWY,24.0,383.1012094177868,-359.1012094177868
2021-09-08 14:00:00,1433A,SWY,22.0,381.5477293669,-359.5477293669
2021-09-08 15:00:00,1433A,SWY,21.0,379.592307960747,-358.592307960747
2021-09-08 16:00:00,1433A,SWY,23.0,378.5613648737078,-355.5613648737078
2021-09-08 17:00:00,1433A,SWY,22.0,377.5367469451564,-355.5367469451564
2021-09-08 18:00:00,1433A,SWY,21.0,376.2738349574507,-355.2738349574507
2021-09-08 19:00:00,1433A,SWY,24.0,376.9500594883821,-352.9500594883821
2021-09-08 20:00:00,1433A,SWY,20.0,377.9227225352609,-357.9227225352609
2021-09-08 21:00:00,1433A,SWY,22.0,378.5968678787164,-356.5968678787164
2021-09-08 22:00:00,1433A,SWY,26.0,380.2862712295005,-354.2862712295005
2021-09-08 23:00:00,1433A,SWY,28.0,379.96063797684116,-351.96063797684116
2021-09-09 00:00:00,1433A,SWY,30.0,380.29485077482263,-350.29485077482263
2021-09-09 01:00:00,1433A,SWY,34.0,379.4216869324346,-345.4216869324346
2021-09-09 02:00:00,1433A,SWY,36.0,378.88270921616254,-342.88270921616254
2021-09-09 03:00:00,1433A,SWY,38.0,378.22371123177345,-340.22371123177345
2021-09-09 04:00:00,1433A,SWY,39.0,377.7287057312616,-338.7287057312616
2021-09-09 05:00:00,1433A,SWY,37.0,377.5495077130484,-340.5495077130484
2021-09-09 06:00:00,1433A,SWY,39.0,377.92011770935716,-338.92011770935716
2021-09-09 07:00:00,1433A,SWY,32.0,377.81749248615284,-345.81749248615284
2021-09-09 08:00:00,1433A,SWY,29.0,379.49295521844346,-350.49295521844346
2021-09-09 09:00:00,1433A,SWY,34.0,381.7971959866406,-347.7971959866406
2021-09-09 10:00:00,1433A,SWY,34.0,383.34289587266267,-349.34289587266267
2021-09-09 11:00:00,1433A,SWY,25.0,385.0404818799848,-360.0404818799848
2021-09-09 12:00:00,1433A,SWY,27.0,385.42232378097935,-358.42232378097935
2021-09-09 13:00:00,1433A,SWY,24.0,384.1611863280872,-360.1611863280872
2021-09-09 14:00:00,1433A,SWY,18.0,382.6077062772004,-364.6077062772004
2021-09-09 15:00:00,1433A,SWY,15.0,380.6522848710474,-365.6522848710474
2021-09-09 16:00:00,1433A,SWY,20.0,379.6213417840082,-359.6213417840082
2021-09-09 17:00:00,1433A,SWY,25.0,378.5967238554568,-353.5967238554568
2021-09-09 18:00:00,1433A,SWY,23.0,377.3338118677511,-354.3338118677511
2021-09-09 19:00:00,1433A,SWY,19.0,378.01003639868253,-359.01003639868253
2021-09-09 20:00:00,1433A,SWY,18.0,378.9826994455613,-360.9826994455613
2021-09-09 21:00:00,1433A,SWY,19.0,379.6568447890168,-360.6568447890168
2021-09-09 22:00:00,1433A,SWY,22.0,381.34624813980093,-359.34624813980093
2021-09-09 23:00:00,1433A,SWY,26.0,381.02061488714156,-355.02061488714156
2021-09-10 00:00:00,1433A,SWY,22.0,381.35482768512304,-359.35482768512304
2021-09-10 01:00:00,1433A,SWY,18.0,380.48166384273503,-362.48166384273503
2021-09-10 02:00:00,1433A,SWY,19.0,379.94268612646295,-360.94268612646295
2021-09-10 03:00:00,1433A,SWY,27.0,379.28368814207386,-352.28368814207386
2021-09-10 04:00:00,1433A,SWY,33.0,378.788682641562,-345.788682641562
2021-09-10 05:00:00,1433A,SWY,41.0,378.6094846233488,-337.6094846233488
2021-09-10 06:00:00,1433A,SWY,37.0,378.98009461965756,-341.98009461965756
2021-09-10 07:00:00,1433A,SWY,27.0,378.87746939645325,-351.87746939645325
2021-09-10 08:00:00,1433A,SWY,27.0,380.55293212874386,-353.55293212874386
2021-09-10 09:00:00,1433A,SWY,33.0,382.857172896941,-349.857172896941
2021-09-10 10:00:00,1433A,SWY,36.0,384.4028727829631,-348.4028727829631
2021-09-10 11:00:00,1433A,SWY,39.0,386.1004587902852,-347.1004587902852
2021-09-10 12:00:00,1433A,SWY,40.0,386.48230069127976,-346.48230069127976
2021-09-10 13:00:00,1433A,SWY,29.0,385.2211632383876,-356.2211632383876
2021-09-10 14:00:00,1433A,SWY,21.0,383.6676831875008,-362.6676831875008
2021-09-10 15:00:00,1433A,SWY,20.0,381.7122617813478,-361.7122617813478
2021-09-10 16:00:00,1433A,SWY,16.0,380.68131869430863,-364.68131869430863
2021-09-10 17:00:00,1433A,SWY,13.0,379.6567007657572,-366.6567007657572
2021-09-10 18:00:00,1433A,SWY,14.0,378.3937887780515,-364.3937887780515
2021-09-10 19:00:00,1433A,SWY,16.0,379.07001330898294,-363.07001330898294
2021-09-10 20:00:00,1433A,SWY,17.0,380.0426763558617,-363.0426763558617
2021-09-10 21:00:00,1433A,SWY,21.0,380.7168216993172,-359.7168216993172
2021-09-10 22:00:00,1433A,SWY,20.0,382.40622505010134,-362.40622505010134
2021-09-10 23:00:00,1433A,SWY,24.0,382.08059179744197,-358.08059179744197
2021-09-11 00:00:00,1433A,SWY,28.0,382.41480459542345,-354.41480459542345
2021-09-11 01:00:00,1433A,SWY,29.0,381.54164075303544,-352.54164075303544
2021-09-11 02:00:00,1433A,SWY,29.0,381.00266303676335,-352.00266303676335
2021-09-11 03:00:00,1433A,SWY,29.0,380.34366505237426,-351.34366505237426
2021-09-11 04:00:00,1433A,SWY,31.0,379.8486595518624,-348.8486595518624
2021-09-11 05:00:00,1433A,SWY,31.0,379.6694615336492,-348.6694615336492
2021-09-11 06:00:00,1433A,SWY,32.0,380.04007152995797,-348.04007152995797
2021-09-11 07:00:00,1433A,SWY,36.0,379.93744630675366,-343.93744630675366
2021-09-11 08:00:00,1433A,SWY,37.0,381.61290903904427,-344.61290903904427
2021-09-11 09:00:00,1433A,SWY,38.0,383.9171498072414,-345.9171498072414
2021-09-11 10:00:00,1433A,SWY,38.0,385.4628496932635,-347.4628496932635
2021-09-11 11:00:00,1433A,SWY,44.0,387.1604357005856,-343.1604357005856
2021-09-11 12:00:00,1433A,SWY,49.0,387.54227760158017,-338.54227760158017
2021-09-11 13:00:00,1433A,SWY,46.0,386.281140148688,-340.281140148688
2021-09-11 14:00:00,1433A,SWY,47.0,384.7276600978012,-337.7276600978012
2021-09-11 15:00:00,1433A,SWY,53.0,382.7722386916482,-329.7722386916482
2021-09-11 16:00:00,1433A,SWY,37.0,381.74129560460904,-344.74129560460904
2021-09-11 17:00:00,1433A,SWY,34.0,380.7166776760576,-346.7166776760576
2021-09-11 18:00:00,1433A,SWY,35.0,379.4537656883519,-344.4537656883519
2021-09-11 19:00:00,1433A,SWY,17.0,380.12999021928334,-363.12999021928334
2021-09-11 20:00:00,1433A,SWY,18.0,381.1026532661621,-363.1026532661621
2021-09-11 21:00:00,1433A,SWY,21.0,381.77679860961763,-360.77679860961763
2021-09-11 22:00:00,1433A,SWY,23.0,383.46620196040175,-360.46620196040175
2021-09-11 23:00:00,1433A,SWY,28.0,383.1405687077424,-355.1405687077424
2021-09-12 00:00:00,1433A,SWY,37.0,383.47478150572385,-346.47478150572385
2021-09-12 01:00:00,1433A,SWY,44.0,382.60161766333584,-338.60161766333584
2021-09-12 02:00:00,1433A,SWY,40.0,382.06263994706376,-342.06263994706376
2021-09-12 03:00:00,1433A,SWY,36.0,381.40364196267467,-345.40364196267467
2021-09-12 04:00:00,1433A,SWY,44.0,380.9086364621628,-336.9086364621628
2021-09-12 05:00:00,1433A,SWY,62.0,380.7294384439496,-318.7294384439496
2021-09-12 06:00:00,1433A,SWY,52.0,381.1000484402584,-329.1000484402584
2021-09-12 07:00:00,1433A,SWY,42.0,380.99742321705406,-338.99742321705406
2021-09-12 08:00:00,1433A,SWY,41.0,382.6728859493447,-341.6728859493447
2021-09-12 09:00:00,1433A,SWY,49.0,384.9771267175418,-335.9771267175418
2021-09-12 10:00:00,1433A,SWY,57.0,386.5228266035639,-329.5228266035639
2021-09-12 11:00:00,1433A,SWY,49.0,388.220412610886,-339.220412610886
2021-09-12 12:00:00,1433A,SWY,40.0,388.6022545118806,-348.6022545118806
2021-09-12 13:00:00,1433A,SWY,38.0,387.3411170589884,-349.3411170589884
2021-09-12 14:00:00,1433A,SWY,42.0,385.7876370081016,-343.7876370081016
2021-09-12 15:00:00,1433A,SWY,29.0,383.83221560194863,-354.83221560194863
2021-09-12 16:00:00,1433A,SWY,34.0,382.80127251490944,-348.80127251490944
2021-09-12 17:00:00,1433A,SWY,32.0,381.776654586358,-349.776654586358
2021-09-12 18:00:00,1433A,SWY,46.0,380.5137425986523,-334.5137425986523
2021-09-12 19:00:00,1433A,SWY,45.0,381.18996712958375,-336.18996712958375
2021-09-12 20:00:00,1433A,SWY,50.0,382.1626301764625,-332.1626301764625
2021-09-12 21:00:00,1433A,SWY,33.0,382.83677551991804,-349.83677551991804
2021-09-12 22:00:00,1433A,SWY,38.0,384.52617887070215,-346.52617887070215
2021-09-12 23:00:00,1433A,SWY,32.0,384.2005456180428,-352.2005456180428
2021-09-13 00:00:00,1433A,SWY,26.0,384.53475841602426,-358.53475841602426
2021-09-13 01:00:00,1433A,SWY,18.0,383.66159457363625,-365.66159457363625
2021-09-13 02:00:00,1433A,SWY,21.0,383.12261685736416,-362.12261685736416
2021-09-13 03:00:00,1433A,SWY,23.0,382.4636188729751,-359.4636188729751
2021-09-13 04:00:00,1433A,SWY,26.0,381.9686133724632,-355.9686133724632
2021-09-13 05:00:00,1433A,SWY,24.0,381.78941535425,-357.78941535425
2021-09-13 06:00:00,1433A,SWY,20.0,382.1600253505588,-362.1600253505588
2021-09-13 07:00:00,1433A,SWY,20.0,382.05740012735447,-362.05740012735447
2021-09-13 08:00:00,1433A,SWY,25.0,383.7328628596451,-358.7328628596451
2021-09-13 09:00:00,1433A,SWY,27.0,386.0371036278422,-359.0371036278422
2021-09-13 10:00:00,1433A,SWY,26.0,387.5828035138643,-361.5828035138643
2021-09-13 11:00:00,1433A,SWY,26.0,389.2803895211864,-363.2803895211864
2021-09-13 12:00:00,1433A,SWY,18.0,389.662231422181,-371.662231422181
2021-09-13 13:00:00,1433A,SWY,20.0,388.4010939692888,-368.4010939692888
2021-09-13 14:00:00,1433A,SWY,21.0,386.84761391840203,-365.84761391840203
2021-09-13 15:00:00,1433A,SWY,22.0,384.89219251224904,-362.89219251224904
2021-09-13 16:00:00,1433A,SWY,26.0,383.86124942520985,-357.86124942520985
2021-09-13 17:00:00,1433A,SWY,24.0,382.8366314966584,-358.8366314966584
2021-09-13 18:00:00,1433A,SWY,25.0,381.5737195089527,-356.5737195089527
2021-09-13 19:00:00,1433A,SWY,25.0,382.24994403988416,-357.24994403988416
2021-09-13 20:00:00,1433A,SWY,23.0,383.22260708676293,-360.22260708676293
2021-09-13 21:00:00,1433A,SWY,25.0,383.89675243021844,-358.89675243021844
2021-09-13 22:00:00,1433A,SWY,24.0,385.58615578100256,-361.58615578100256
2021-09-13 23:00:00,1433A,SWY,23.0,385.2605225283432,-362.2605225283432
2021-09-14 00:00:00,1433A,SWY,22.0,385.59473532632467,-363.59473532632467
2021-09-14 01:00:00,1433A,SWY,21.0,384.72157148393666,-363.72157148393666
2021-09-14 02:00:00,1433A,SWY,22.0,384.18259376766457,-362.18259376766457
2021-09-14 03:00:00,1433A,SWY,20.0,383.5235957832755,-363.5235957832755
2021-09-14 04:00:00,1433A,SWY,17.0,383.0285902827636,-366.0285902827636
2021-09-14 05:00:00,1433A,SWY,9.0,382.84939226455043,-373.84939226455043
2021-09-14 06:00:00,1433A,SWY,7.0,383.2200022608592,-376.2200022608592
2021-09-14 07:00:00,1433A,SWY,8.0,383.1173770376549,-375.1173770376549
2021-09-14 08:00:00,1433A,SWY,12.0,384.7928397699455,-372.7928397699455
2021-09-14 09:00:00,1433A,SWY,14.0,387.0970805381426,-373.0970805381426
2021-09-14 10:00:00,1433A,SWY,12.0,388.6427804241647,-376.6427804241647
2021-09-14 11:00:00,1433A,SWY,15.0,390.3403664314868,-375.3403664314868
2021-09-14 12:00:00,1433A,SWY,20.0,390.7222083324814,-370.7222083324814
2021-09-14 13:00:00,1433A,SWY,21.0,389.4610708795892,-368.4610708795892
2021-09-14 14:00:00,1433A,SWY,23.0,387.90759082870244,-364.90759082870244
2021-09-14 15:00:00,1433A,SWY,25.0,385.95216942254945,-360.95216942254945
2021-09-14 16:00:00,1433A,SWY,20.0,384.92122633551026,-364.92122633551026
2021-09-14 17:00:00,1433A,SWY,21.0,383.8966084069588,-362.8966084069588
2021-09-14 18:00:00,1433A,SWY,24.0,382.6336964192531,-358.6336964192531
2021-09-14 19:00:00,1433A,SWY,26.0,383.30992095018456,-357.30992095018456
2021-09-14 20:00:00,1433A,SWY,27.0,384.28258399706334,-357.28258399706334
2021-09-14 21:00:00,1433A,SWY,25.0,384.95672934051885,-359.95672934051885
2021-09-14 22:00:00,1433A,SWY,27.0,386.64613269130297,-359.64613269130297
2021-09-14 23:00:00,1433A,SWY,27.0,386.3204994386436,-359.3204994386436
2021-09-15 00:00:00,1433A,SWY,26.0,386.6547122366251,-360.6547122366251
2021-09-15 01:00:00,1433A,SWY,22.0,385.78154839423706,-363.78154839423706
2021-09-15 02:00:00,1433A,SWY,21.0,385.242570677965,-364.242570677965
2021-09-15 03:00:00,1433A,SWY,22.0,384.5835726935759,-362.5835726935759
2021-09-15 04:00:00,1433A,SWY,21.0,384.088567193064,-363.088567193064
2021-09-15 05:00:00,1433A,SWY,14.0,383.90936917485084,-369.90936917485084
2021-09-15 06:00:00,1433A,SWY,12.0,384.2799791711596,-372.2799791711596
2021-09-15 07:00:00,1433A,SWY,12.0,384.1773539479553,-372.1773539479553
2021-09-15 08:00:00,1433A,SWY,12.0,385.8528166802459,-373.8528166802459
2021-09-15 09:00:00,1433A,SWY,17.0,388.157057448443,-371.157057448443
2021-09-15 10:00:00,1433A,SWY,16.0,389.7027573344651,-373.7027573344651
2021-09-15 11:00:00,1433A,SWY,12.0,391.4003433417872,-379.4003433417872
2021-09-15 12:00:00,1433A,SWY,14.0,391.7821852427818,-377.7821852427818
2021-09-15 13:00:00,1433A,SWY,18.0,390.5210477898896,-372.5210477898896
2021-09-15 14:00:00,1433A,SWY,21.0,388.96756773900285,-367.96756773900285
2021-09-15 15:00:00,1433A,SWY,22.0,387.01214633284985,-365.01214633284985
2021-09-15 16:00:00,1433A,SWY,25.0,385.98120324581066,-360.98120324581066
2021-09-15 17:00:00,1433A,SWY,31.0,384.9565853172592,-353.9565853172592
2021-09-15 18:00:00,1433A,SWY,31.0,383.6936733295535,-352.6936733295535
2021-09-15 19:00:00,1433A,SWY,29.0,384.36989786048497,-355.36989786048497
2021-09-15 20:00:00,1433A,SWY,31.0,385.34256090736375,-354.34256090736375
2021-09-15 21:00:00,1433A,SWY,27.0,386.01670625081925,-359.01670625081925
2021-09-15 22:00:00,1433A,SWY,26.0,387.7061096016034,-361.7061096016034
2021-09-15 23:00:00,1433A,SWY,14.0,387.380476348944,-373.380476348944
2021-09-16 00:00:00,1433A,SWY,3.0,387.7146891469255,-384.7146891469255
2021-09-16 01:00:00,1433A,SWY,1.0,386.84152530453747,-385.84152530453747
2021-09-16 02:00:00,1433A,SWY,1.0,386.3025475882654,-385.3025475882654
2021-09-16 03:00:00,1433A,SWY,1.0,385.6435496038763,-384.6435496038763
2021-09-16 04:00:00,1433A,SWY,1.0,385.14854410336443,-384.14854410336443
2021-09-16 05:00:00,1433A,SWY,1.0,384.96934608515124,-383.96934608515124
2021-09-16 06:00:00,1433A,SWY,2.0,385.33995608146,-383.33995608146
2021-09-16 07:00:00,1433A,SWY,2.0,385.2373308582557,-383.2373308582557
2021-09-16 08:00:00,1433A,SWY,3.0,386.9127935905463,-383.9127935905463
2021-09-16 09:00:00,1433A,SWY,6.0,389.21703435874343,-383.21703435874343
2021-09-16 10:00:00,1433A,SWY,8.0,390.7627342447655,-382.7627342447655
2021-09-16 11:00:00,1433A,SWY,9.0,392.4603202520876,-383.4603202520876
2021-09-16 12:00:00,1433A,SWY,11.0,392.8421621530822,-381.8421621530822
2021-09-16 13:00:00,1433A,SWY,12.0,391.58102470019,-379.58102470019
2021-09-16 14:00:00,1433A,SWY,9.0,390.02754464930325,-381.02754464930325
2021-09-16 15:00:00,1433A,SWY,8.0,388.07212324315026,-380.07212324315026
2021-09-16 16:00:00,1433A,SWY,9.0,387.04118015611107,-378.04118015611107
2021-09-16 17:00:00,1433A,SWY,10.0,386.01656222755963,-376.01656222755963
2021-09-16 18:00:00,1433A,SWY,8.0,384.7536502398539,-376.7536502398539
2021-09-16 19:00:00,1433A,SWY,11.0,385.4298747707854,-374.4298747707854
2021-09-16 20:00:00,1433A,SWY,13.0,386.40253781766415,-373.40253781766415
2021-09-16 21:00:00,1433A,SWY,10.0,387.07668316111966,-377.07668316111966
2021-09-16 22:00:00,1433A,SWY,13.0,388.7660865119038,-375.7660865119038
2021-09-16 23:00:00,1433A,SWY,12.0,388.4404532592444,-376.4404532592444
2021-09-17 00:00:00,1433A,SWY,9.0,388.7746660572259,-379.7746660572259
2021-09-17 01:00:00,1433A,SWY,9.0,387.9015022148379,-378.9015022148379
2021-09-17 02:00:00,1433A,SWY,12.0,387.3625244985658,-375.3625244985658
2021-09-17 03:00:00,1433A,SWY,13.0,386.7035265141767,-373.7035265141767
2021-09-17 04:00:00,1433A,SWY,15.0,386.20852101366484,-371.20852101366484
2021-09-17 05:00:00,1433A,SWY,18.0,386.02932299545165,-368.02932299545165
2021-09-17 06:00:00,1433A,SWY,25.0,386.3999329917604,-361.3999329917604
2021-09-17 07:00:00,1433A,SWY,27.0,386.2973077685561,-359.2973077685561
2021-09-17 08:00:00,1433A,SWY,21.0,387.9727705008467,-366.9727705008467
2021-09-17 09:00:00,1433A,SWY,26.0,390.27701126904384,-364.27701126904384
2021-09-17 10:00:00,1433A,SWY,33.0,391.8227111550659,-358.8227111550659
2021-09-17 11:00:00,1433A,SWY,32.0,393.52029716238803,-361.52029716238803
2021-09-17 12:00:00,1433A,SWY,25.0,393.9021390633826,-368.9021390633826
2021-09-17 13:00:00,1433A,SWY,19.0,392.64100161049043,-373.64100161049043
2021-09-17 14:00:00,1433A,SWY,23.0,391.08752155960366,-368.08752155960366
2021-09-17 15:00:00,1433A,SWY,22.0,389.13210015345066,-367.13210015345066
2021-09-17 16:00:00,1433A,SWY,26.0,388.1011570664115,-362.1011570664115
2021-09-17 17:00:00,1433A,SWY,27.0,387.07653913786004,-360.07653913786004
2021-09-17 18:00:00,1433A,SWY,24.0,385.81362715015433,-361.81362715015433
2021-09-17 19:00:00,1433A,SWY,11.0,386.4898516810858,-375.4898516810858
2021-09-17 20:00:00,1433A,SWY,6.0,387.46251472796456,-381.46251472796456
2021-09-17 21:00:00,1433A,SWY,7.0,388.13666007142007,-381.13666007142007
2021-09-17 22:00:00,1433A,SWY,6.0,389.8260634222042,-383.8260634222042
2021-09-17 23:00:00,1433A,SWY,7.0,389.5004301695448,-382.5004301695448
2021-09-18 00:00:00,1433A,SWY,7.0,389.8346429675263,-382.8346429675263
2021-09-18 01:00:00,1433A,SWY,8.0,388.9614791251383,-380.9614791251383
2021-09-18 02:00:00,1433A,SWY,16.0,388.4225014088662,-372.4225014088662
2021-09-18 03:00:00,1433A,SWY,10.0,387.7635034244771,-377.7635034244771
2021-09-18 04:00:00,1433A,SWY,8.0,387.26849792396524,-379.26849792396524
2021-09-18 05:00:00,1433A,SWY,9.0,387.08929990575206,-378.08929990575206
2021-09-18 06:00:00,1433A,SWY,10.0,387.4599099020608,-377.4599099020608
2021-09-18 07:00:00,1433A,SWY,10.0,387.3572846788565,-377.3572846788565
2021-09-18 08:00:00,1433A,SWY,10.0,389.0327474111471,-379.0327474111471
2021-09-18 09:00:00,1433A,SWY,13.0,391.33698817934425,-378.33698817934425
2021-09-18 10:00:00,1433A,SWY,9.0,392.8826880653663,-383.8826880653663
2021-09-18 11:00:00,1433A,SWY,7.0,394.58027407268844,-387.58027407268844
2021-09-18 12:00:00,1433A,SWY,10.0,394.962115973683,-384.962115973683
2021-09-18 13:00:00,1433A,SWY,5.0,393.70097852079084,-388.70097852079084
2021-09-18 14:00:00,1433A,SWY,2.0,392.14749846990406,-390.14749846990406
2021-09-18 15:00:00,1433A,SWY,2.0,390.19207706375107,-388.19207706375107
2021-09-18 16:00:00,1433A,SWY,3.0,389.1611339767119,-386.1611339767119
2021-09-18 17:00:00,1433A,SWY,4.0,388.13651604816044,-384.13651604816044
2021-09-18 18:00:00,1433A,SWY,8.0,386.87360406045474,-378.87360406045474
2021-09-18 19:00:00,1433A,SWY,13.0,387.5498285913862,-374.5498285913862
2021-09-18 20:00:00,1433A,SWY,18.0,388.52249163826497,-370.52249163826497
2021-09-18 21:00:00,1433A,SWY,19.0,389.1966369817205,-370.1966369817205
2021-09-18 22:00:00,1433A,SWY,12.0,390.8860403325046,-378.8860403325046
2021-09-18 23:00:00,1433A,SWY,7.0,390.5604070798452,-383.5604070798452
2021-09-19 00:00:00,1433A,SWY,4.0,390.8946198778267,-386.8946198778267
2021-09-19 01:00:00,1433A,SWY,4.0,390.0214560354387,-386.0214560354387
2021-09-19 02:00:00,1433A,SWY,5.0,389.4824783191666,-384.4824783191666
2021-09-19 03:00:00,1433A,SWY,6.0,388.8234803347775,-382.8234803347775
2021-09-19 04:00:00,1433A,SWY,4.0,388.32847483426565,-384.32847483426565
2021-09-19 05:00:00,1433A,SWY,7.0,388.14927681605246,-381.14927681605246
2021-09-19 06:00:00,1433A,SWY,5.0,388.5198868123612,-383.5198868123612
2021-09-19 07:00:00,1433A,SWY,6.0,388.4172615891569,-382.4172615891569
2021-09-19 08:00:00,1433A,SWY,5.0,390.0927243214475,-385.0927243214475
2021-09-19 09:00:00,1433A,SWY,7.0,392.39696508964465,-385.39696508964465
2021-09-19 10:00:00,1433A,SWY,7.0,393.94266497566673,-386.94266497566673
2021-09-19 11:00:00,1433A,SWY,8.0,395.64025098298885,-387.64025098298885
2021-09-19 12:00:00,1433A,SWY,7.0,396.0220928839834,-389.0220928839834
2021-09-19 13:00:00,1433A,SWY,6.0,394.76095543109125,-388.76095543109125
2021-09-19 14:00:00,1433A,SWY,6.0,393.20747538020447,-387.20747538020447
2021-09-19 15:00:00,1433A,SWY,6.0,391.2520539740515,-385.2520539740515
2021-09-19 16:00:00,1433A,SWY,6.0,390.2211108870123,-384.2211108870123
2021-09-19 17:00:00,1433A,SWY,6.0,389.19649295846085,-383.19649295846085
2021-09-19 18:00:00,1433A,SWY,6.0,387.93358097075514,-381.93358097075514
2021-09-19 19:00:00,1433A,SWY,7.0,388.6098055016866,-381.6098055016866
2021-09-19 20:00:00,1433A,SWY,10.0,389.5824685485654,-379.5824685485654
2021-09-19 21:00:00,1433A,SWY,16.0,390.2566138920209,-374.2566138920209
2021-09-19 22:00:00,1433A,SWY,19.0,391.946017242805,-372.946017242805
2021-09-19 23:00:00,1433A,SWY,16.0,391.6203839901456,-375.6203839901456
2021-09-20 00:00:00,1433A,SWY,15.0,391.9545967881271,-376.9545967881271
2021-09-20 01:00:00,1433A,SWY,13.0,391.0814329457391,-378.0814329457391
2021-09-20 02:00:00,1433A,SWY,18.0,390.542455229467,-372.542455229467
2021-09-20 03:00:00,1433A,SWY,17.0,389.8834572450779,-372.8834572450779
2021-09-20 04:00:00,1433A,SWY,18.0,389.38845174456605,-371.38845174456605
2021-09-20 05:00:00,1433A,SWY,18.0,389.20925372635287,-371.20925372635287
2021-09-20 06:00:00,1433A,SWY,19.0,389.5798637226616,-370.5798637226616
2021-09-20 07:00:00,1433A,SWY,22.0,389.4772384994573,-367.4772384994573
2021-09-20 08:00:00,1433A,SWY,36.0,391.1527012317479,-355.1527012317479
2021-09-20 09:00:00,1433A,SWY,35.0,393.45694199994506,-358.45694199994506
2021-09-20 10:00:00,1433A,SWY,38.0,395.00264188596714,-357.00264188596714
2021-09-20 11:00:00,1433A,SWY,33.0,396.70022789328925,-363.70022789328925
2021-09-20 12:00:00,1433A,SWY,20.0,397.0820697942838,-377.0820697942838
2021-09-20 13:00:00,1433A,SWY,11.0,395.82093234139165,-384.82093234139165
2021-09-20 14:00:00,1433A,SWY,11.0,394.2674522905049,-383.2674522905049
2021-09-20 15:00:00,1433A,SWY,10.0,392.3120308843519,-382.3120308843519
2021-09-20 16:00:00,1433A,SWY,8.0,391.2810877973127,-383.2810877973127
2021-09-20 17:00:00,1433A,SWY,9.0,390.25646986876126,-381.25646986876126
2021-09-20 18:00:00,1433A,SWY,10.0,388.99355788105555,-378.99355788105555
2021-09-20 19:00:00,1433A,SWY,12.0,389.669782411987,-377.669782411987
2021-09-20 20:00:00,1433A,SWY,14.0,390.6424454588658,-376.6424454588658
2021-09-20 21:00:00,1433A,SWY,18.0,391.3165908023213,-373.3165908023213
2021-09-20 22:00:00,1433A,SWY,18.0,393.0059941531054,-375.0059941531054
2021-09-20 23:00:00,1433A,SWY,22.0,392.68036090044603,-370.68036090044603
2021-09-21 00:00:00,1433A,SWY,18.0,393.0145736984275,-375.0145736984275
2021-09-21 01:00:00,1433A,SWY,16.0,392.1414098560395,-376.1414098560395
2021-09-21 02:00:00,1433A,SWY,16.0,391.6024321397674,-375.6024321397674
2021-09-21 03:00:00,1433A,SWY,17.0,390.9434341553783,-373.9434341553783
2021-09-21 04:00:00,1433A,SWY,18.0,390.44842865486646,-372.44842865486646
2021-09-21 05:00:00,1433A,SWY,20.0,390.2692306366533,-370.2692306366533
2021-09-21 06:00:00,1433A,SWY,20.0,390.63984063296203,-370.63984063296203
2021-09-21 07:00:00,1433A,SWY,22.0,390.5372154097577,-368.5372154097577
2021-09-21 08:00:00,1433A,SWY,24.0,392.21267814204833,-368.21267814204833
2021-09-21 09:00:00,1433A,SWY,25.0,394.51691891024547,-369.51691891024547
2021-09-21 10:00:00,1433A,SWY,22.0,396.06261879626754,-374.06261879626754
2021-09-21 11:00:00,1433A,SWY,20.0,397.76020480358966,-377.76020480358966
2021-09-21 12:00:00,1433A,SWY,18.0,398.14204670458423,-380.14204670458423
2021-09-21 13:00:00,1433A,SWY,18.0,396.88090925169206,-378.88090925169206
2021-09-21 14:00:00,1433A,SWY,20.0,395.3274292008053,-375.3274292008053
2021-09-21 15:00:00,1433A,SWY,22.0,393.3720077946523,-371.3720077946523
2021-09-21 16:00:00,1433A,SWY,20.0,392.3410647076131,-372.3410647076131
2021-09-21 17:00:00,1433A,SWY,18.0,391.31644677906166,-373.31644677906166
2021-09-21 18:00:00,1433A,SWY,18.0,390.05353479135596,-372.05353479135596
2021-09-21 19:00:00,1433A,SWY,19.0,390.7297593222874,-371.7297593222874
2021-09-21 20:00:00,1433A,SWY,23.0,391.7024223691662,-368.7024223691662
2021-09-21 21:00:00,1433A,SWY,27.0,392.3765677126217,-365.3765677126217
2021-09-21 22:00:00,1433A,SWY,25.0,394.0659710634058,-369.0659710634058
2021-09-21 23:00:00,1433A,SWY,22.0,393.74033781074644,-371.74033781074644
2021-09-22 00:00:00,1433A,SWY,22.0,394.0745506087279,-372.0745506087279
2021-09-22 01:00:00,1433A,SWY,22.0,393.2013867663399,-371.2013867663399
2021-09-22 02:00:00,1433A,SWY,28.0,392.6624090500678,-364.6624090500678
2021-09-22 03:00:00,1433A,SWY,30.0,392.00341106567873,-362.00341106567873
2021-09-22 04:00:00,1433A,SWY,35.0,391.50840556516687,-356.50840556516687
2021-09-22 05:00:00,1433A,SWY,42.0,391.3292075469537,-349.3292075469537
2021-09-22 06:00:00,1433A,SWY,47.0,391.69981754326244,-344.69981754326244
2021-09-22 07:00:00,1433A,SWY,60.0,391.5971923200581,-331.5971923200581
2021-09-22 08:00:00,1433A,SWY,60.0,393.27265505234874,-333.27265505234874
2021-09-22 09:00:00,1433A,SWY,57.0,395.5768958205459,-338.5768958205459
2021-09-22 10:00:00,1433A,SWY,57.0,397.12259570656795,-340.12259570656795
2021-09-22 11:00:00,1433A,SWY,61.0,398.82018171389007,-337.82018171389007
2021-09-22 12:00:00,1433A,SWY,47.0,399.20202361488464,-352.20202361488464
2021-09-22 13:00:00,1433A,SWY,40.0,397.94088616199247,-357.94088616199247
2021-09-22 14:00:00,1433A,SWY,42.0,396.3874061111057,-354.3874061111057
2021-09-22 15:00:00,1433A,SWY,38.0,394.4319847049527,-356.4319847049527
2021-09-22 16:00:00,1433A,SWY,38.0,393.4010416179135,-355.4010416179135
2021-09-22 17:00:00,1433A,SWY,37.0,392.37642368936207,-355.37642368936207
2021-09-22 18:00:00,1433A,SWY,28.0,391.11351170165636,-363.11351170165636
2021-09-22 19:00:00,1433A,SWY,26.0,391.7897362325878,-365.7897362325878
2021-09-22 20:00:00,1433A,SWY,27.0,392.7623992794666,-365.7623992794666
2021-09-22 21:00:00,1433A,SWY,29.0,393.4365446229221,-364.4365446229221
2021-09-22 22:00:00,1433A,SWY,25.0,395.1259479737062,-370.1259479737062
2021-09-22 23:00:00,1433A,SWY,23.0,394.80031472104685,-371.80031472104685
2021-09-23 00:00:00,1433A,SWY,21.0,395.1345275190283,-374.1345275190283
2021-09-23 01:00:00,1433A,SWY,20.0,394.2613636766403,-374.2613636766403
2021-09-23 02:00:00,1433A,SWY,20.0,393.72238596036823,-373.72238596036823
2021-09-23 03:00:00,1433A,SWY,21.0,393.06338797597914,-372.06338797597914
2021-09-23 04:00:00,1433A,SWY,24.0,392.5683824754673,-368.5683824754673
2021-09-23 05:00:00,1433A,SWY,26.0,392.3891844572541,-366.3891844572541
2021-09-23 06:00:00,1433A,SWY,25.0,392.75979445356285,-367.75979445356285
2021-09-23 07:00:00,1433A,SWY,24.0,392.65716923035853,-368.65716923035853
2021-09-23 08:00:00,1433A,SWY,29.0,394.33263196264915,-365.33263196264915
2021-09-23 09:00:00,1433A,SWY,19.0,396.6368727308463,-377.6368727308463
2021-09-23 10:00:00,1433A,SWY,,398.18257261686836,
2021-09-23 11:00:00,1433A,SWY,,399.88015862419047,
2021-09-23 12:00:00,1433A,SWY,21.0,400.26200052518504,-379.26200052518504
2021-09-23 13:00:00,1433A,SWY,26.0,399.0008630722929,-373.0008630722929
2021-09-23 14:00:00,1433A,SWY,31.0,397.4473830214061,-366.4473830214061
2021-09-23 15:00:00,1433A,SWY,31.0,395.4919616152531,-364.4919616152531
2021-09-23 16:00:00,1433A,SWY,32.0,394.4610185282139,-362.4610185282139
2021-09-23 17:00:00,1433A,SWY,31.0,393.4364005996625,-362.4364005996625
2021-09-23 18:00:00,1433A,SWY,27.0,392.17348861195677,-365.17348861195677
2021-09-23 19:00:00,1433A,SWY,24.0,392.8497131428882,-368.8497131428882
2021-09-23 20:00:00,1433A,SWY,23.0,393.822376189767,-370.822376189767
2021-09-23 21:00:00,1433A,SWY,28.0,394.4965215332225,-366.4965215332225
2021-09-23 22:00:00,1433A,SWY,30.0,396.1859248840066,-366.1859248840066
2021-09-23 23:00:00,1433A,SWY,30.0,395.86029163134725,-365.86029163134725
2021-09-24 00:00:00,1433A,SWY,27.0,396.19450442932873,-369.19450442932873
2021-09-24 01:00:00,1433A,SWY,23.0,395.3213405869407,-372.3213405869407
2021-09-24 02:00:00,1433A,SWY,20.0,394.78236287066863,-374.78236287066863
2021-09-24 03:00:00,1433A,SWY,20.0,394.12336488627955,-374.12336488627955
2021-09-24 04:00:00,1433A,SWY,17.0,393.6283593857677,-376.6283593857677
2021-09-24 05:00:00,1433A,SWY,15.0,393.4491613675545,-378.4491613675545
2021-09-24 06:00:00,1433A,SWY,15.0,393.81977136386325,-378.81977136386325
2021-09-24 07:00:00,1433A,SWY,15.0,393.71714614065894,-378.71714614065894
2021-09-24 08:00:00,1433A,SWY,17.0,395.39260887294955,-378.39260887294955
2021-09-24 09:00:00,1433A,SWY,19.0,397.6968496411467,-378.6968496411467
2021-09-24 10:00:00,1433A,SWY,21.0,399.24254952716876,-378.24254952716876
2021-09-24 11:00:00,1433A,SWY,23.0,400.9401355344909,-377.9401355344909
2021-09-24 12:00:00,1433A,SWY,25.0,401.32197743548545,-376.32197743548545
2021-09-24 13:00:00,1433A,SWY,26.0,400.0608399825933,-374.0608399825933
2021-09-24 14:00:00,1433A,SWY,26.0,398.5073599317065,-372.5073599317065
2021-09-24 15:00:00,1433A,SWY,24.0,396.5519385255535,-372.5519385255535
2021-09-24 16:00:00,1433A,SWY,20.0,395.5209954385143,-375.5209954385143
2021-09-24 17:00:00,1433A,SWY,19.0,394.4963775099629,-375.4963775099629
2021-09-24 18:00:00,1433A,SWY,19.0,393.2334655222572,-374.2334655222572
2021-09-24 19:00:00,1433A,SWY,19.0,393.9096900531886,-374.9096900531886
2021-09-24 20:00:00,1433A,SWY,21.0,394.8823531000674,-373.8823531000674
2021-09-24 21:00:00,1433A,SWY,24.0,395.5564984435229,-371.5564984435229
2021-09-24 22:00:00,1433A,SWY,24.0,397.24590179430703,-373.24590179430703
2021-09-24 23:00:00,1433A,SWY,22.0,396.92026854164766,-374.92026854164766
2021-09-25 00:00:00,1433A,SWY,17.0,397.25448133962914,-380.25448133962914
2021-09-25 01:00:00,1433A,SWY,17.0,396.3813174972411,-379.3813174972411
2021-09-25 02:00:00,1433A,SWY,13.0,395.84233978096904,-382.84233978096904
2021-09-25 03:00:00,1433A,SWY,10.0,395.18334179657995,-385.18334179657995
2021-09-25 04:00:00,1433A,SWY,8.0,394.6883362960681,-386.6883362960681
2021-09-25 05:00:00,1433A,SWY,6.0,394.5091382778549,-388.5091382778549
2021-09-25 06:00:00,1433A,SWY,8.0,394.87974827416366,-386.87974827416366
2021-09-25 07:00:00,1433A,SWY,9.0,394.77712305095935,-385.77712305095935
2021-09-25 08:00:00,1433A,SWY,11.0,396.45258578324996,-385.45258578324996
2021-09-25 09:00:00,1433A,SWY,13.0,398.7568265514471,-385.7568265514471
2021-09-25 10:00:00,1433A,SWY,12.0,400.30252643746917,-388.30252643746917
2021-09-25 11:00:00,1433A,SWY,12.0,402.0001124447913,-390.0001124447913
2021-09-25 12:00:00,1433A,SWY,15.0,402.38195434578586,-387.38195434578586
2021-09-25 13:00:00,1433A,SWY,21.0,401.1208168928937,-380.1208168928937
2021-09-25 14:00:00,1433A,SWY,26.0,399.5673368420069,-373.5673368420069
2021-09-25 15:00:00,1433A,SWY,27.0,397.6119154358539,-370.6119154358539
2021-09-25 16:00:00,1433A,SWY,23.0,396.5809723488147,-373.5809723488147
2021-09-25 17:00:00,1433A,SWY,24.0,395.5563544202633,-371.5563544202633
2021-09-25 18:00:00,1433A,SWY,22.0,394.2934424325576,-372.2934424325576
2021-09-25 19:00:00,1433A,SWY,23.0,394.96966696348903,-371.96966696348903
2021-09-25 20:00:00,1433A,SWY,35.0,395.9423300103678,-360.9423300103678
2021-09-25 21:00:00,1433A,SWY,36.0,396.6164753538233,-360.6164753538233
2021-09-25 22:00:00,1433A,SWY,35.0,398.30587870460744,-363.30587870460744
2021-09-25 23:00:00,1433A,SWY,35.0,397.98024545194806,-362.98024545194806
2021-09-26 00:00:00,1433A,SWY,31.0,398.31445824992954,-367.31445824992954
2021-09-26 01:00:00,1433A,SWY,29.0,397.44129440754153,-368.44129440754153
2021-09-26 02:00:00,1433A,SWY,29.0,396.90231669126945,-367.90231669126945
2021-09-26 03:00:00,1433A,SWY,28.0,396.24331870688036,-368.24331870688036
2021-09-26 04:00:00,1433A,SWY,24.0,395.7483132063685,-371.7483132063685
2021-09-26 05:00:00,1433A,SWY,18.0,395.5691151881553,-377.5691151881553
2021-09-26 06:00:00,1433A,SWY,11.0,395.93972518446407,-384.93972518446407
2021-09-26 07:00:00,1433A,SWY,9.0,395.83709996125975,-386.83709996125975
2021-09-26 08:00:00,1433A,SWY,6.0,397.51256269355036,-391.51256269355036
2021-09-26 09:00:00,1433A,SWY,6.0,399.8168034617475,-393.8168034617475
2021-09-26 10:00:00,1433A,SWY,6.0,401.3625033477696,-395.3625033477696
2021-09-26 11:00:00,1433A,SWY,7.0,403.0600893550917,-396.0600893550917
2021-09-26 12:00:00,1433A,SWY,8.0,403.44193125608626,-395.44193125608626
2021-09-26 13:00:00,1433A,SWY,6.0,402.1807938031941,-396.1807938031941
2021-09-26 14:00:00,1433A,SWY,4.0,400.6273137523073,-396.6273137523073
2021-09-26 15:00:00,1433A,SWY,3.0,398.6718923461543,-395.6718923461543
2021-09-26 16:00:00,1433A,SWY,5.0,397.64094925911513,-392.64094925911513
2021-09-26 17:00:00,1433A,SWY,5.0,396.6163313305637,-391.6163313305637
2021-09-26 18:00:00,1433A,SWY,5.0,395.353419342858,-390.353419342858
2021-09-26 19:00:00,1433A,SWY,6.0,396.02964387378944,-390.02964387378944
2021-09-26 20:00:00,1433A,SWY,9.0,397.0023069206682,-388.0023069206682
2021-09-26 21:00:00,1433A,SWY,9.0,397.6764522641237,-388.6764522641237
2021-09-26 22:00:00,1433A,SWY,8.0,399.36585561490784,-391.36585561490784
2021-09-26 23:00:00,1433A,SWY,10.0,399.04022236224847,-389.04022236224847
2021-09-27 00:00:00,1433A,SWY,7.0,399.37443516022995,-392.37443516022995
2021-09-27 01:00:00,1433A,SWY,7.0,398.50127131784194,-391.50127131784194
2021-09-27 02:00:00,1433A,SWY,11.0,397.96229360156985,-386.96229360156985
2021-09-27 03:00:00,1433A,SWY,12.0,397.30329561718077,-385.30329561718077
2021-09-27 04:00:00,1433A,SWY,9.0,396.8082901166689,-387.8082901166689
2021-09-27 05:00:00,1433A,SWY,8.0,396.6290920984557,-388.6290920984557
2021-09-27 06:00:00,1433A,SWY,6.0,396.9997020947645,-390.9997020947645
2021-09-27 07:00:00,1433A,SWY,6.0,396.89707687156016,-390.89707687156016
2021-09-27 08:00:00,1433A,SWY,8.0,398.57253960385077,-390.57253960385077
2021-09-27 09:00:00,1433A,SWY,12.0,400.8767803720479,-388.8767803720479
2021-09-27 10:00:00,1433A,SWY,19.0,402.42248025807,-383.42248025807
2021-09-27 11:00:00,1433A,SWY,19.0,404.1200662653921,-385.1200662653921
2021-09-27 12:00:00,1433A,SWY,21.0,404.50190816638667,-383.50190816638667
2021-09-27 13:00:00,1433A,SWY,16.0,403.2407707134945,-387.2407707134945
2021-09-27 14:00:00,1433A,SWY,17.0,401.6872906626077,-384.6872906626077
2021-09-27 15:00:00,1433A,SWY,20.0,399.73186925645473,-379.73186925645473
2021-09-27 16:00:00,1433A,SWY,20.0,398.70092616941554,-378.70092616941554
2021-09-27 17:00:00,1433A,SWY,16.0,397.6763082408641,-381.6763082408641
2021-09-27 18:00:00,1433A,SWY,15.0,396.4133962531584,-381.4133962531584
2021-09-27 19:00:00,1433A,SWY,14.0,397.08962078408985,-383.08962078408985
2021-09-27 20:00:00,1433A,SWY,17.0,398.0622838309686,-381.0622838309686
2021-09-27 21:00:00,1433A,SWY,17.0,398.73642917442413,-381.73642917442413
2021-09-27 22:00:00,1433A,SWY,18.0,400.42583252520825,-382.42583252520825
2021-09-27 23:00:00,1433A,SWY,21.0,400.1001992725489,-379.1001992725489
2021-09-28 00:00:00,1433A,SWY,16.0,400.43441207053036,-384.43441207053036
2021-09-28 01:00:00,1433A,SWY,14.0,399.56124822814235,-385.56124822814235
2021-09-28 02:00:00,1433A,SWY,16.0,399.02227051187026,-383.02227051187026
2021-09-28 03:00:00,1433A,SWY,13.0,398.3632725274812,-385.3632725274812
2021-09-28 04:00:00,1433A,SWY,12.0,397.8682670269693,-385.8682670269693
2021-09-28 05:00:00,1433A,SWY,12.0,397.6890690087561,-385.6890690087561
2021-09-28 06:00:00,1433A,SWY,10.0,398.0596790050649,-388.0596790050649
2021-09-28 07:00:00,1433A,SWY,10.0,397.95705378186057,-387.95705378186057
2021-09-28 08:00:00,1433A,SWY,12.0,399.6325165141512,-387.6325165141512
2021-09-28 09:00:00,1433A,SWY,18.0,401.9367572823483,-383.9367572823483
2021-09-28 10:00:00,1433A,SWY,23.0,403.4824571683704,-380.4824571683704
2021-09-28 11:00:00,1433A,SWY,25.0,405.1800431756925,-380.1800431756925
2021-09-28 12:00:00,1433A,SWY,18.0,405.5618850766871,-387.5618850766871
2021-09-28 13:00:00,1433A,SWY,15.0,404.3007476237949,-389.3007476237949
2021-09-28 14:00:00,1433A,SWY,13.0,402.74726757290813,-389.74726757290813
2021-09-28 15:00:00,1433A,SWY,9.0,400.79184616675514,-391.79184616675514
2021-09-28 16:00:00,1433A,SWY,9.0,399.76090307971594,-390.76090307971594
2021-09-28 17:00:00,1433A,SWY,10.0,398.7362851511645,-388.7362851511645
2021-09-28 18:00:00,1433A,SWY,10.0,397.4733731634588,-387.4733731634588
2021-09-28 19:00:00,1433A,SWY,12.0,398.14959769439025,-386.14959769439025
2021-09-28 20:00:00,1433A,SWY,11.0,399.12226074126903,-388.12226074126903
2021-09-28 21:00:00,1433A,SWY,11.0,399.79640608472454,-388.79640608472454
2021-09-28 22:00:00,1433A,SWY,15.0,401.48580943550866,-386.48580943550866
2021-09-28 23:00:00,1433A,SWY,16.0,401.1601761828493,-385.1601761828493
2021-09-29 00:00:00,1433A,SWY,15.0,401.49438898083076,-386.49438898083076
2021-09-29 01:00:00,1433A,SWY,12.0,400.62122513844275,-388.62122513844275
2021-09-29 02:00:00,1433A,SWY,13.0,400.08224742217067,-387.08224742217067
2021-09-29 03:00:00,1433A,SWY,16.0,399.4232494377816,-383.4232494377816
2021-09-29 04:00:00,1433A,SWY,20.0,398.9282439372697,-378.9282439372697
2021-09-29 05:00:00,1433A,SWY,23.0,398.7490459190565,-375.7490459190565
2021-09-29 06:00:00,1433A,SWY,22.0,399.1196559153653,-377.1196559153653
2021-09-29 07:00:00,1433A,SWY,22.0,399.017030692161,-377.017030692161
2021-09-29 08:00:00,1433A,SWY,24.0,400.6924934244516,-376.6924934244516
2021-09-29 09:00:00,1433A,SWY,32.0,402.9967341926487,-370.9967341926487
2021-09-29 10:00:00,1433A,SWY,29.0,404.5424340786708,-375.5424340786708
2021-09-29 11:00:00,1433A,SWY,26.0,406.2400200859929,-380.2400200859929
2021-09-29 12:00:00,1433A,SWY,15.0,406.6218619869875,-391.6218619869875
2021-09-29 13:00:00,1433A,SWY,12.0,405.3607245340953,-393.3607245340953
2021-09-29 14:00:00,1433A,SWY,9.0,403.80724448320854,-394.80724448320854
2021-09-29 15:00:00,1433A,SWY,8.0,401.85182307705554,-393.85182307705554
2021-09-29 16:00:00,1433A,SWY,9.0,400.82087999001635,-391.82087999001635
2021-09-29 17:00:00,1433A,SWY,10.0,399.7962620614649,-389.7962620614649
2021-09-29 18:00:00,1433A,SWY,12.0,398.5333500737592,-386.5333500737592
2021-09-29 19:00:00,1433A,SWY,13.0,399.20957460469066,-386.20957460469066
2021-09-29 20:00:00,1433A,SWY,16.0,400.18223765156944,-384.18223765156944
2021-09-29 21:00:00,1433A,SWY,18.0,400.85638299502494,-382.85638299502494
2021-09-29 22:00:00,1433A,SWY,18.0,402.54578634580906,-384.54578634580906
2021-09-29 23:00:00,1433A,SWY,16.0,402.2201530931497,-386.2201530931497
2021-09-30 00:00:00,1433A,SWY,16.0,402.55436589113117,-386.55436589113117
2021-09-30 01:00:00,1433A,SWY,16.0,401.68120204874316,-385.68120204874316
2021-09-30 02:00:00,1433A,SWY,16.0,401.1422243324711,-385.1422243324711
2021-09-30 03:00:00,1433A,SWY,16.0,400.483226348082,-384.483226348082
2021-09-30 04:00:00,1433A,SWY,17.0,399.9882208475701,-382.9882208475701
2021-09-30 05:00:00,1433A,SWY,19.0,399.80902282935693,-380.80902282935693
2021-09-30 06:00:00,1433A,SWY,24.0,400.1796328256657,-376.1796328256657
2021-09-30 07:00:00,1433A,SWY,26.0,400.0770076024614,-374.0770076024614
2021-09-30 08:00:00,1433A,SWY,33.0,401.752470334752,-368.752470334752
2021-09-30 09:00:00,1433A,SWY,52.0,404.0567111029491,-352.0567111029491
2021-09-30 10:00:00,1433A,SWY,40.0,405.6024109889712,-365.6024109889712
2021-09-30 11:00:00,1433A,SWY,38.0,407.2999969962933,-369.2999969962933
2021-09-30 12:00:00,1433A,SWY,36.0,407.6818388972879,-371.6818388972879
2021-09-30 13:00:00,1433A,SWY,37.0,406.4207014443957,-369.4207014443957
2021-09-30 14:00:00,1433A,SWY,23.0,404.86722139350894,-381.86722139350894
2021-09-30 15:00:00,1433A,SWY,23.0,402.91179998735595,-379.91179998735595
2021-09-30 16:00:00,1433A,SWY,23.0,401.88085690031676,-378.88085690031676
2021-09-30 17:00:00,1433A,SWY,24.0,400.8562389717653,-376.8562389717653
2021-09-30 18:00:00,1433A,SWY,23.0,399.5933269840596,-376.5933269840596
2021-09-30 19:00:00,1433A,SWY,24.0,400.26955151499106,-376.26955151499106
2021-09-30 20:00:00,1433A,SWY,32.0,401.24221456186984,-369.24221456186984
2021-09-30 21:00:00,1433A,SWY,38.0,401.91635990532535,-363.91635990532535
2021-09-30 22:00:00,1433A,SWY,41.0,403.60576325610947,-362.60576325610947
2021-09-30 23:00:00,1433A,SWY,47.0,403.2801300034501,-356.2801300034501
2021-10-01 00:00:00,1433A,SWY,54.0,403.6143428014316,-349.6143428014316
2021-10-01 01:00:00,1433A,SWY,49.0,402.74117895904357,-353.74117895904357
2021-10-01 02:00:00,1433A,SWY,40.0,402.2022012427715,-362.2022012427715
2021-10-01 03:00:00,1433A,SWY,34.0,401.5432032583824,-367.5432032583824
2021-10-01 04:00:00,1433A,SWY,35.0,401.0481977578705,-366.0481977578705
2021-10-01 05:00:00,1433A,SWY,34.0,400.86899973965734,-366.86899973965734
2021-10-01 06:00:00,1433A,SWY,38.0,401.2396097359661,-363.2396097359661
2021-10-01 07:00:00,1433A,SWY,40.0,401.1369845127618,-361.1369845127618
2021-10-01 08:00:00,1433A,SWY,40.0,402.8124472450524,-362.8124472450524
2021-10-01 09:00:00,1433A,SWY,39.0,405.11668801324953,-366.11668801324953
2021-10-01 10:00:00,1433A,SWY,42.0,406.6623878992716,-364.6623878992716
2021-10-01 11:00:00,1433A,SWY,34.0,408.3599739065937,-374.3599739065937
2021-10-01 12:00:00,1433A,SWY,34.0,408.7418158075883,-374.7418158075883
2021-10-01 13:00:00,1433A,SWY,29.0,407.4806783546961,-378.4806783546961
2021-10-01 14:00:00,1433A,SWY,34.0,405.92719830380935,-371.92719830380935
2021-10-01 15:00:00,1433A,SWY,42.0,403.97177689765635,-361.97177689765635
2021-10-01 16:00:00,1433A,SWY,31.0,402.94083381061716,-371.94083381061716
2021-10-01 17:00:00,1433A,SWY,40.0,401.9162158820657,-361.9162158820657
2021-10-01 18:00:00,1433A,SWY,41.0,400.65330389436,-359.65330389436
2021-10-01 19:00:00,1433A,SWY,,401.32952842529147,
2021-10-01 20:00:00,1433A,SWY,30.0,402.30219147217025,-372.30219147217025
2021-10-01 21:00:00,1433A,SWY,29.0,402.97633681562576,-373.97633681562576
2021-10-01 22:00:00,1433A,SWY,29.0,404.6657401664099,-375.6657401664099
2021-10-01 23:00:00,1433A,SWY,32.0,404.3401069137505,-372.3401069137505
2021-10-02 00:00:00,1433A,SWY,33.0,404.674319711732,-371.674319711732
2021-10-02 01:00:00,1433A,SWY,35.0,403.801155869344,-368.801155869344
2021-10-02 02:00:00,1433A,SWY,35.0,403.2621781530719,-368.2621781530719
2021-10-02 03:00:00,1433A,SWY,36.0,402.6031801686828,-366.6031801686828
2021-10-02 04:00:00,1433A,SWY,37.0,402.10817466817093,-365.10817466817093
2021-10-02 05:00:00,1433A,SWY,38.0,401.92897664995775,-363.92897664995775
2021-10-02 06:00:00,1433A,SWY,40.0,402.2995866462665,-362.2995866462665
2021-10-02 07:00:00,1433A,SWY,39.0,402.1969614230622,-363.1969614230622
2021-10-02 08:00:00,1433A,SWY,42.0,403.8724241553528,-361.8724241553528
2021-10-02 09:00:00,1433A,SWY,42.0,406.17666492354994,-364.17666492354994
2021-10-02 10:00:00,1433A,SWY,43.0,407.722364809572,-364.722364809572
2021-10-02 11:00:00,1433A,SWY,45.0,409.41995081689413,-364.41995081689413
2021-10-02 12:00:00,1433A,SWY,45.0,409.8017927178887,-364.8017927178887
2021-10-02 13:00:00,1433A,SWY,45.0,408.54065526499653,-363.54065526499653
2021-10-02 14:00:00,1433A,SWY,42.0,406.98717521410975,-364.98717521410975
2021-10-02 15:00:00,1433A,SWY,44.0,405.03175380795676,-361.03175380795676
2021-10-02 16:00:00,1433A,SWY,38.0,404.00081072091757,-366.00081072091757
2021-10-02 17:00:00,1433A,SWY,33.0,402.97619279236613,-369.97619279236613
2021-10-02 18:00:00,1433A,SWY,33.0,401.7132808046604,-368.7132808046604
2021-10-02 19:00:00,1433A,SWY,30.0,402.3895053355919,-372.3895053355919
2021-10-02 20:00:00,1433A,SWY,32.0,403.36216838247066,-371.36216838247066
2021-10-02 21:00:00,1433A,SWY,39.0,404.03631372592616,-365.03631372592616
2021-10-02 22:00:00,1433A,SWY,43.0,405.7257170767103,-362.7257170767103
2021-10-02 23:00:00,1433A,SWY,40.0,405.4000838240509,-365.4000838240509
2021-10-03 00:00:00,1433A,SWY,32.0,405.7342966220324,-373.7342966220324
2021-10-03 01:00:00,1433A,SWY,30.0,404.8611327796444,-374.8611327796444
2021-10-03 02:00:00,1433A,SWY,29.0,404.3221550633723,-375.3221550633723
2021-10-03 03:00:00,1433A,SWY,32.0,403.6631570789832,-371.6631570789832
2021-10-03 04:00:00,1433A,SWY,35.0,403.16815157847134,-368.16815157847134
2021-10-03 05:00:00,1433A,SWY,34.0,402.98895356025815,-368.98895356025815
2021-10-03 06:00:00,1433A,SWY,39.0,403.3595635565669,-364.3595635565669
2021-10-03 07:00:00,1433A,SWY,40.0,403.2569383333626,-363.2569383333626
2021-10-03 08:00:00,1433A,SWY,40.0,404.9324010656532,-364.9324010656532
2021-10-03 09:00:00,1433A,SWY,41.0,407.23664183385034,-366.23664183385034
2021-10-03 10:00:00,1433A,SWY,43.0,408.7823417198724,-365.7823417198724
2021-10-03 11:00:00,1433A,SWY,43.0,410.47992772719454,-367.47992772719454
2021-10-03 12:00:00,1433A,SWY,44.0,410.8617696281891,-366.8617696281891
2021-10-03 13:00:00,1433A,SWY,41.0,409.60063217529694,-368.60063217529694
2021-10-03 14:00:00,1433A,SWY,46.0,408.04715212441016,-362.04715212441016
2021-10-03 15:00:00,1433A,SWY,45.0,406.09173071825717,-361.09173071825717
2021-10-03 16:00:00,1433A,SWY,37.0,405.060787631218,-368.060787631218
2021-10-03 17:00:00,1433A,SWY,32.0,404.03616970266654,-372.03616970266654
2021-10-03 18:00:00,1433A,SWY,31.0,402.77325771496083,-371.77325771496083
2021-10-03 19:00:00,1433A,SWY,33.0,403.4494822458923,-370.4494822458923
2021-10-03 20:00:00,1433A,SWY,36.0,404.42214529277106,-368.42214529277106
2021-10-03 21:00:00,1433A,SWY,42.0,405.09629063622657,-363.09629063622657
2021-10-03 22:00:00,1433A,SWY,46.0,406.7856939870107,-360.7856939870107
2021-10-03 23:00:00,1433A,SWY,46.0,406.4600607343513,-360.4600607343513
2021-10-04 00:00:00,1433A,SWY,49.0,406.7942735323328,-357.7942735323328
2021-10-04 01:00:00,1433A,SWY,52.0,405.9211096899448,-353.9211096899448
2021-10-04 02:00:00,1433A,SWY,54.0,405.3821319736727,-351.3821319736727
2021-10-04 03:00:00,1433A,SWY,52.0,404.7231339892836,-352.7231339892836
2021-10-04 04:00:00,1433A,SWY,44.0,404.22812848877174,-360.22812848877174
2021-10-04 05:00:00,1433A,SWY,32.0,404.04893047055856,-372.04893047055856
2021-10-04 06:00:00,1433A,SWY,30.0,404.4195404668673,-374.4195404668673
2021-10-04 07:00:00,1433A,SWY,28.0,404.316915243663,-376.316915243663
2021-10-04 08:00:00,1433A,SWY,29.0,405.9923779759536,-376.9923779759536
2021-10-04 09:00:00,1433A,SWY,29.0,408.29661874415075,-379.29661874415075
2021-10-04 10:00:00,1433A,SWY,29.0,409.8423186301728,-380.8423186301728
2021-10-04 11:00:00,1433A,SWY,18.0,411.53990463749494,-393.53990463749494
2021-10-04 12:00:00,1433A,SWY,8.0,411.9217465384895,-403.9217465384895
2021-10-04 13:00:00,1433A,SWY,8.0,410.66060908559734,-402.66060908559734
2021-10-04 14:00:00,1433A,SWY,4.0,409.10712903471057,-405.10712903471057
2021-10-04 15:00:00,1433A,SWY,3.0,407.1517076285576,-404.1517076285576
2021-10-04 16:00:00,1433A,SWY,3.0,406.1207645415184,-403.1207645415184
2021-10-04 17:00:00,1433A,SWY,2.0,405.09614661296695,-403.09614661296695
2021-10-04 18:00:00,1433A,SWY,2.0,403.83323462526124,-401.83323462526124
2021-10-04 19:00:00,1433A,SWY,2.0,404.5094591561927,-402.5094591561927
2021-10-04 20:00:00,1433A,SWY,3.0,405.48212220307147,-402.48212220307147
2021-10-04 21:00:00,1433A,SWY,3.0,406.156267546527,-403.156267546527
2021-10-04 22:00:00,1433A,SWY,5.0,407.8456708973111,-402.8456708973111
2021-10-04 23:00:00,1433A,SWY,5.0,407.5200376446517,-402.5200376446517
2021-10-05 00:00:00,1433A,SWY,5.0,407.8542504426332,-402.8542504426332
2021-10-05 01:00:00,1433A,SWY,4.0,406.9810866002452,-402.9810866002452
2021-10-05 02:00:00,1433A,SWY,5.0,406.4421088839731,-401.4421088839731
2021-10-05 03:00:00,1433A,SWY,3.0,405.783110899584,-402.783110899584
2021-10-05 04:00:00,1433A,SWY,1.0,405.28810539907215,-404.28810539907215
2021-10-05 05:00:00,1433A,SWY,1.0,405.10890738085897,-404.10890738085897
2021-10-05 06:00:00,1433A,SWY,2.0,405.4795173771677,-403.4795173771677
2021-10-05 07:00:00,1433A,SWY,1.0,405.3768921539634,-404.3768921539634
2021-10-05 08:00:00,1433A,SWY,1.0,407.052354886254,-406.052354886254
2021-10-05 09:00:00,1433A,SWY,2.0,409.35659565445116,-407.35659565445116
2021-10-05 10:00:00,1433A,SWY,3.0,410.90229554047323,-407.90229554047323
2021-10-05 11:00:00,1433A,SWY,3.0,412.59988154779535,-409.59988154779535
2021-10-05 12:00:00,1433A,SWY,4.0,412.9817234487899,-408.9817234487899
2021-10-05 13:00:00,1433A,SWY,5.0,411.72058599589775,-406.72058599589775
2021-10-05 14:00:00,1433A,SWY,6.0,410.167105945011,-404.167105945011
2021-10-05 15:00:00,1433A,SWY,6.0,408.211684538858,-402.211684538858
2021-10-05 16:00:00,1433A,SWY,6.0,407.1807414518188,-401.1807414518188
2021-10-05 17:00:00,1433A,SWY,9.0,406.15612352326735,-397.15612352326735
2021-10-05 18:00:00,1433A,SWY,10.0,404.89321153556165,-394.89321153556165
2021-10-05 19:00:00,1433A,SWY,12.0,405.5694360664931,-393.5694360664931
2021-10-05 20:00:00,1433A,SWY,13.0,406.5420991133719,-393.5420991133719
2021-10-05 21:00:00,1433A,SWY,10.0,407.2162444568274,-397.2162444568274
2021-10-05 22:00:00,1433A,SWY,7.0,408.9056478076115,-401.9056478076115
2021-10-05 23:00:00,1433A,SWY,8.0,408.58001455495213,-400.58001455495213
2021-10-06 00:00:00,1433A,SWY,8.0,408.9142273529336,-400.9142273529336
2021-10-06 01:00:00,1433A,SWY,10.0,408.0410635105456,-398.0410635105456
2021-10-06 02:00:00,1433A,SWY,11.0,407.5020857942735,-396.5020857942735
2021-10-06 03:00:00,1433A,SWY,16.0,406.8430878098844,-390.8430878098844
2021-10-06 04:00:00,1433A,SWY,17.0,406.34808230937256,-389.34808230937256
2021-10-06 05:00:00,1433A,SWY,11.0,406.1688842911594,-395.1688842911594
2021-10-06 06:00:00,1433A,SWY,7.0,406.53949428746813,-399.53949428746813
2021-10-06 07:00:00,1433A,SWY,4.0,406.4368690642638,-402.4368690642638
2021-10-06 08:00:00,1433A,SWY,3.0,408.11233179655443,-405.11233179655443
2021-10-06 09:00:00,1433A,SWY,2.0,410.41657256475156,-408.41657256475156
2021-10-06 10:00:00,1433A,SWY,2.0,411.96227245077364,-409.96227245077364
2021-10-06 11:00:00,1433A,SWY,2.0,413.65985845809575,-411.65985845809575
2021-10-06 12:00:00,1433A,SWY,4.0,414.0417003590903,-410.0417003590903
2021-10-06 13:00:00,1433A,SWY,,412.78056290619816,
2021-10-06 14:00:00,1433A,SWY,,411.2270828553114,
2021-10-06 15:00:00,1433A,SWY,,409.2716614491584,
2021-10-06 16:00:00,1433A,SWY,,408.2407183621192,
2021-10-06 17:00:00,1433A,SWY,,407.21610043356776,
2021-10-06 18:00:00,1433A,SWY,,405.95318844586205,
2021-10-06 19:00:00,1433A,SWY,23.0,406.6294129767935,-383.6294129767935
2021-10-06 20:00:00,1433A,SWY,21.0,407.6020760236723,-386.6020760236723
2021-10-06 21:00:00,1433A,SWY,18.0,408.2762213671278,-390.2762213671278
2021-10-06 22:00:00,1433A,SWY,19.0,409.9656247179119,-390.9656247179119
2021-10-06 23:00:00,1433A,SWY,16.0,409.63999146525254,-393.63999146525254
2021-10-07 00:00:00,1433A,SWY,17.0,409.974204263234,-392.974204263234
2021-10-07 01:00:00,1433A,SWY,18.0,409.101040420846,-391.101040420846
2021-10-07 02:00:00,1433A,SWY,15.0,408.5620627045739,-393.5620627045739
2021-10-07 03:00:00,1433A,SWY,16.0,407.90306472018483,-391.90306472018483
2021-10-07 04:00:00,1433A,SWY,16.0,407.40805921967296,-391.40805921967296
2021-10-07 05:00:00,1433A,SWY,15.0,407.2288612014598,-392.2288612014598
2021-10-07 06:00:00,1433A,SWY,14.0,407.59947119776854,-393.59947119776854
2021-10-07 07:00:00,1433A,SWY,15.0,407.4968459745642,-392.4968459745642
2021-10-07 08:00:00,1433A,SWY,16.0,409.17230870685484,-393.17230870685484
2021-10-07 09:00:00,1433A,SWY,17.0,411.47654947505197,-394.47654947505197
2021-10-07 10:00:00,1433A,SWY,19.0,413.02224936107405,-394.02224936107405
2021-10-07 11:00:00,1433A,SWY,20.0,414.71983536839616,-394.71983536839616
2021-10-07 12:00:00,1433A,SWY,19.0,415.10167726939073,-396.10167726939073
2021-10-07 13:00:00,1433A,SWY,12.0,413.84053981649856,-401.84053981649856
2021-10-07 14:00:00,1433A,SWY,18.0,412.2870597656118,-394.2870597656118
2021-10-07 15:00:00,1433A,SWY,15.0,410.3316383594588,-395.3316383594588
2021-10-07 16:00:00,1433A,SWY,7.0,409.3006952724196,-402.3006952724196
2021-10-07 17:00:00,1433A,SWY,7.0,408.27607734386817,-401.27607734386817
2021-10-07 18:00:00,1433A,SWY,6.0,407.01316535616246,-401.01316535616246
2021-10-07 19:00:00,1433A,SWY,9.0,407.6893898870939,-398.6893898870939
2021-10-07 20:00:00,1433A,SWY,10.0,408.6620529339727,-398.6620529339727
2021-10-07 21:00:00,1433A,SWY,10.0,409.3361982774282,-399.3361982774282
2021-10-07 22:00:00,1433A,SWY,12.0,411.0256016282123,-399.0256016282123
2021-10-07 23:00:00,1433A,SWY,12.0,410.69996837555294,-398.69996837555294
2021-10-08 00:00:00,1433A,SWY,10.0,411.0341811735344,-401.0341811735344
2021-10-08 01:00:00,1433A,SWY,9.0,410.1610173311464,-401.1610173311464
2021-10-08 02:00:00,1433A,SWY,9.0,409.6220396148743,-400.6220396148743
2021-10-08 03:00:00,1433A,SWY,10.0,408.96304163048524,-398.96304163048524
2021-10-08 04:00:00,1433A,SWY,8.0,408.46803612997337,-400.46803612997337
2021-10-08 05:00:00,1433A,SWY,7.0,408.2888381117602,-401.2888381117602
2021-10-08 06:00:00,1433A,SWY,7.0,408.65944810806894,-401.65944810806894
2021-10-08 07:00:00,1433A,SWY,8.0,408.55682288486463,-400.55682288486463
2021-10-08 08:00:00,1433A,SWY,9.0,410.23228561715524,-401.23228561715524
2021-10-08 09:00:00,1433A,SWY,10.0,412.5365263853524,-402.5365263853524
2021-10-08 10:00:00,1433A,SWY,13.0,414.08222627137445,-401.08222627137445
2021-10-08 11:00:00,1433A,SWY,15.0,415.77981227869657,-400.77981227869657
2021-10-08 12:00:00,1433A,SWY,19.0,416.16165417969114,-397.16165417969114
2021-10-08 13:00:00,1433A,SWY,19.0,414.90051672679897,-395.90051672679897
2021-10-08 14:00:00,1433A,SWY,22.0,413.3470366759122,-391.3470366759122
2021-10-08 15:00:00,1433A,SWY,23.0,411.3916152697592,-388.3916152697592
2021-10-08 16:00:00,1433A,SWY,14.0,410.36067218272,-396.36067218272
2021-10-08 17:00:00,1433A,SWY,20.0,409.3360542541686,-389.3360542541686
2021-10-08 18:00:00,1433A,SWY,30.0,408.07314226646287,-378.07314226646287
2021-10-08 19:00:00,1433A,SWY,28.0,408.7493667973943,-380.7493667973943
2021-10-08 20:00:00,1433A,SWY,27.0,409.7220298442731,-382.7220298442731
2021-10-08 21:00:00,1433A,SWY,25.0,410.3961751877286,-385.3961751877286
2021-10-08 22:00:00,1433A,SWY,24.0,412.0855785385127,-388.0855785385127
2021-10-08 23:00:00,1433A,SWY,25.0,411.75994528585335,-386.75994528585335
2021-10-09 00:00:00,1433A,SWY,26.0,412.0941580838348,-386.0941580838348
2021-10-09 01:00:00,1433A,SWY,22.0,411.2209942414468,-389.2209942414468
2021-10-09 02:00:00,1433A,SWY,25.0,410.68201652517473,-385.68201652517473
2021-10-09 03:00:00,1433A,SWY,25.0,410.02301854078564,-385.02301854078564
2021-10-09 04:00:00,1433A,SWY,23.0,409.5280130402738,-386.5280130402738
2021-10-09 05:00:00,1433A,SWY,21.0,409.3488150220606,-388.3488150220606
2021-10-09 06:00:00,1433A,SWY,22.0,409.71942501836935,-387.71942501836935
2021-10-09 07:00:00,1433A,SWY,22.0,409.61679979516504,-387.61679979516504
2021-10-09 08:00:00,1433A,SWY,22.0,411.29226252745565,-389.29226252745565
2021-10-09 09:00:00,1433A,SWY,18.0,413.5965032956528,-395.5965032956528
2021-10-09 10:00:00,1433A,SWY,14.0,415.14220318167486,-401.14220318167486
2021-10-09 11:00:00,1433A,SWY,14.0,416.839789188997,-402.839789188997
2021-10-09 12:00:00,1433A,SWY,14.0,417.22163108999155,-403.22163108999155
2021-10-09 13:00:00,1433A,SWY,11.0,415.9604936370994,-404.9604936370994
2021-10-09 14:00:00,1433A,SWY,10.0,414.4070135862126,-404.4070135862126
2021-10-09 15:00:00,1433A,SWY,11.0,412.4515921800596,-401.4515921800596
2021-10-09 16:00:00,1433A,SWY,12.0,411.4206490930204,-399.4206490930204
2021-10-09 17:00:00,1433A,SWY,10.0,410.396031164469,-400.396031164469
2021-10-09 18:00:00,1433A,SWY,7.0,409.1331191767633,-402.1331191767633
2021-10-09 19:00:00,1433A,SWY,8.0,409.8093437076947,-401.8093437076947
2021-10-09 20:00:00,1433A,SWY,10.0,410.7820067545735,-400.7820067545735
2021-10-09 21:00:00,1433A,SWY,10.0,411.456152098029,-401.456152098029
2021-10-09 22:00:00,1433A,SWY,7.0,413.1455554488131,-406.1455554488131
2021-10-09 23:00:00,1433A,SWY,6.0,412.81992219615375,-406.81992219615375
2021-10-10 00:00:00,1433A,SWY,5.0,413.15413499413523,-408.15413499413523
2021-10-10 01:00:00,1433A,SWY,5.0,412.2809711517472,-407.2809711517472
2021-10-10 02:00:00,1433A,SWY,4.0,411.74199343547514,-407.74199343547514
2021-10-10 03:00:00,1433A,SWY,5.0,411.08299545108605,-406.08299545108605
2021-10-10 04:00:00,1433A,SWY,3.0,410.5879899505742,-407.5879899505742
2021-10-10 05:00:00,1433A,SWY,2.0,410.408791932361,-408.408791932361
2021-10-10 06:00:00,1433A,SWY,1.0,410.77940192866976,-409.77940192866976
2021-10-10 07:00:00,1433A,SWY,1.0,410.67677670546544,-409.67677670546544
2021-10-10 08:00:00,1433A,SWY,2.0,412.35223943775605,-410.35223943775605
2021-10-10 09:00:00,1433A,SWY,2.0,414.6564802059532,-412.6564802059532
2021-10-10 10:00:00,1433A,SWY,3.0,416.20218009197526,-413.20218009197526
2021-10-10 11:00:00,1433A,SWY,4.0,417.8997660992974,-413.8997660992974
2021-10-10 12:00:00,1433A,SWY,4.0,418.28160800029195,-414.28160800029195
2021-10-10 13:00:00,1433A,SWY,4.0,417.0204705473998,-413.0204705473998
2021-10-10 14:00:00,1433A,SWY,4.0,415.466990496513,-411.466990496513
2021-10-10 15:00:00,1433A,SWY,4.0,413.51156909036,-409.51156909036
2021-10-10 16:00:00,1433A,SWY,4.0,412.4806260033208,-408.4806260033208
2021-10-10 17:00:00,1433A,SWY,4.0,411.4560080747694,-407.4560080747694
2021-10-10 18:00:00,1433A,SWY,4.0,410.1930960870637,-406.1930960870637
2021-10-10 19:00:00,1433A,SWY,5.0,410.86932061799513,-405.86932061799513
2021-10-10 20:00:00,1433A,SWY,5.0,411.8419836648739,-406.8419836648739
2021-10-10 21:00:00,1433A,SWY,5.0,412.5161290083294,-407.5161290083294
2021-10-10 22:00:00,1433A,SWY,4.0,414.20553235911353,-410.20553235911353
2021-10-10 23:00:00,1433A,SWY,4.0,413.87989910645416,-409.87989910645416
2021-10-11 00:00:00,1433A,SWY,9.0,414.21411190443564,-405.21411190443564
2021-10-11 01:00:00,1433A,SWY,10.0,413.34094806204763,-403.34094806204763
2021-10-11 02:00:00,1433A,SWY,11.0,412.80197034577554,-401.80197034577554
2021-10-11 03:00:00,1433A,SWY,12.0,412.14297236138646,-400.14297236138646
2021-10-11 04:00:00,1433A,SWY,11.0,411.6479668608746,-400.6479668608746
2021-10-11 05:00:00,1433A,SWY,7.0,411.4687688426614,-404.4687688426614
2021-10-11 06:00:00,1433A,SWY,8.0,411.83937883897016,-403.83937883897016
2021-10-11 07:00:00,1433A,SWY,10.0,411.73675361576585,-401.73675361576585
2021-10-11 08:00:00,1433A,SWY,10.0,413.41221634805646,-403.41221634805646
2021-10-11 09:00:00,1433A,SWY,9.0,415.7164571162536,-406.7164571162536
2021-10-11 10:00:00,1433A,SWY,11.0,417.26215700227567,-406.26215700227567
2021-10-11 11:00:00,1433A,SWY,14.0,418.9597430095978,-404.9597430095978
2021-10-11 12:00:00,1433A,SWY,16.0,419.34158491059236,-403.34158491059236
2021-10-11 13:00:00,1433A,SWY,20.0,418.0804474577002,-398.0804474577002
2021-10-11 14:00:00,1433A,SWY,26.0,416.5269674068134,-390.5269674068134
2021-10-11 15:00:00,1433A,SWY,29.0,414.5715460006604,-385.5715460006604
2021-10-11 16:00:00,1433A,SWY,31.0,413.5406029136212,-382.5406029136212
2021-10-11 17:00:00,1433A,SWY,29.0,412.5159849850698,-383.5159849850698
2021-10-11 18:00:00,1433A,SWY,26.0,411.2530729973641,-385.2530729973641
2021-10-11 19:00:00,1433A,SWY,17.0,411.92929752829554,-394.92929752829554
2021-10-11 20:00:00,1433A,SWY,14.0,412.9019605751743,-398.9019605751743
2021-10-11 21:00:00,1433A,SWY,15.0,413.5761059186298,-398.5761059186298
2021-10-11 22:00:00,1433A,SWY,14.0,415.26550926941394,-401.26550926941394
2021-10-11 23:00:00,1433A,SWY,14.0,414.93987601675457,-400.93987601675457
2021-10-12 00:00:00,1433A,SWY,16.0,415.27408881473605,-399.27408881473605
2021-10-12 01:00:00,1433A,SWY,20.0,414.40092497234804,-394.40092497234804
2021-10-12 02:00:00,1433A,SWY,19.0,413.86194725607595,-394.86194725607595
2021-10-12 03:00:00,1433A,SWY,14.0,413.20294927168686,-399.20294927168686
2021-10-12 04:00:00,1433A,SWY,12.0,412.707943771175,-400.707943771175
2021-10-12 05:00:00,1433A,SWY,17.0,412.5287457529618,-395.5287457529618
2021-10-12 06:00:00,1433A,SWY,26.0,412.89935574927057,-386.89935574927057
2021-10-12 07:00:00,1433A,SWY,26.0,412.79673052606626,-386.79673052606626
2021-10-12 08:00:00,1433A,SWY,25.0,414.47219325835687,-389.47219325835687
2021-10-12 09:00:00,1433A,SWY,23.0,416.776434026554,-393.776434026554
2021-10-12 10:00:00,1433A,SWY,24.0,418.3221339125761,-394.3221339125761
2021-10-12 11:00:00,1433A,SWY,28.0,420.0197199198982,-392.0197199198982
2021-10-12 12:00:00,1433A,SWY,30.0,420.40156182089277,-390.40156182089277
2021-10-12 13:00:00,1433A,SWY,31.0,419.1404243680006,-388.1404243680006
2021-10-12 14:00:00,1433A,SWY,34.0,417.5869443171138,-383.5869443171138
2021-10-12 15:00:00,1433A,SWY,36.0,415.6315229109608,-379.6315229109608
2021-10-12 16:00:00,1433A,SWY,36.0,414.60057982392163,-378.60057982392163
2021-10-12 17:00:00,1433A,SWY,38.0,413.5759618953702,-375.5759618953702
2021-10-12 18:00:00,1433A,SWY,40.0,412.3130499076645,-372.3130499076645
2021-10-12 19:00:00,1433A,SWY,40.0,412.98927443859594,-372.98927443859594
2021-10-12 20:00:00,1433A,SWY,39.0,413.9619374854747,-374.9619374854747
2021-10-12 21:00:00,1433A,SWY,37.0,414.6360828289302,-377.6360828289302
2021-10-12 22:00:00,1433A,SWY,35.0,416.32548617971435,-381.32548617971435
2021-10-12 23:00:00,1433A,SWY,34.0,415.999852927055,-381.999852927055
2021-10-13 00:00:00,1433A,SWY,33.0,416.33406572503645,-383.33406572503645
2021-10-13 01:00:00,1433A,SWY,34.0,415.46090188264844,-381.46090188264844
2021-10-13 02:00:00,1433A,SWY,32.0,414.92192416637636,-382.92192416637636
2021-10-13 03:00:00,1433A,SWY,30.0,414.26292618198727,-384.26292618198727
2021-10-13 04:00:00,1433A,SWY,31.0,413.7679206814754,-382.7679206814754
2021-10-13 05:00:00,1433A,SWY,35.0,413.5887226632622,-378.5887226632622
2021-10-13 06:00:00,1433A,SWY,37.0,413.959332659571,-376.959332659571
2021-10-13 07:00:00,1433A,SWY,40.0,413.85670743636666,-373.85670743636666
2021-10-13 08:00:00,1433A,SWY,42.0,415.5321701686573,-373.5321701686573
2021-10-13 09:00:00,1433A,SWY,38.0,417.8364109368544,-379.8364109368544
2021-10-13 10:00:00,1433A,SWY,36.0,419.3821108228765,-383.3821108228765
2021-10-13 11:00:00,1433A,SWY,36.0,421.0796968301986,-385.0796968301986
2021-10-13 12:00:00,1433A,SWY,44.0,421.4615387311932,-377.4615387311932
2021-10-13 13:00:00,1433A,SWY,56.0,420.200401278301,-364.200401278301
2021-10-13 14:00:00,1433A,SWY,60.0,418.6469212274142,-358.6469212274142
2021-10-13 15:00:00,1433A,SWY,59.0,416.69149982126123,-357.69149982126123
2021-10-13 16:00:00,1433A,SWY,62.0,415.66055673422204,-353.66055673422204
2021-10-13 17:00:00,1433A,SWY,60.0,414.6359388056706,-354.6359388056706
2021-10-13 18:00:00,1433A,SWY,62.0,413.3730268179649,-351.3730268179649
2021-10-13 19:00:00,1433A,SWY,58.0,414.04925134889635,-356.04925134889635
2021-10-13 20:00:00,1433A,SWY,57.0,415.0219143957751,-358.0219143957751
2021-10-13 21:00:00,1433A,SWY,52.0,415.69605973923063,-363.69605973923063
2021-10-13 22:00:00,1433A,SWY,52.0,417.38546309001475,-365.38546309001475
2021-10-13 23:00:00,1433A,SWY,61.0,417.0598298373554,-356.0598298373554
2021-10-14 00:00:00,1433A,SWY,52.0,417.39404263533686,-365.39404263533686
2021-10-14 01:00:00,1433A,SWY,31.0,416.52087879294885,-385.52087879294885
2021-10-14 02:00:00,1433A,SWY,25.0,415.98190107667676,-390.98190107667676
2021-10-14 03:00:00,1433A,SWY,24.0,415.3229030922877,-391.3229030922877
2021-10-14 04:00:00,1433A,SWY,22.0,414.8278975917758,-392.8278975917758
2021-10-14 05:00:00,1433A,SWY,21.0,414.6486995735626,-393.6486995735626
2021-10-14 06:00:00,1433A,SWY,21.0,415.0193095698714,-394.0193095698714
2021-10-14 07:00:00,1433A,SWY,21.0,414.91668434666707,-393.91668434666707
2021-10-14 08:00:00,1433A,SWY,19.0,416.5921470789577,-397.5921470789577
2021-10-14 09:00:00,1433A,SWY,14.0,418.8963878471548,-404.8963878471548
2021-10-14 10:00:00,1433A,SWY,11.0,420.4420877331769,-409.4420877331769
2021-10-14 11:00:00,1433A,SWY,8.0,422.139673740499,-414.139673740499
2021-10-14 12:00:00,1433A,SWY,7.0,422.5215156414936,-415.5215156414936
2021-10-14 13:00:00,1433A,SWY,9.0,421.2603781886014,-412.2603781886014
2021-10-14 14:00:00,1433A,SWY,10.0,419.70689813771463,-409.70689813771463
2021-10-14 15:00:00,1433A,SWY,9.0,417.75147673156164,-408.75147673156164
2021-10-14 16:00:00,1433A,SWY,12.0,416.72053364452245,-404.72053364452245
2021-10-14 17:00:00,1433A,SWY,14.0,415.695915715971,-401.695915715971
2021-10-14 18:00:00,1433A,SWY,16.0,414.4330037282653,-398.4330037282653
2021-10-14 19:00:00,1433A,SWY,20.0,415.10922825919675,-395.10922825919675
2021-10-14 20:00:00,1433A,SWY,20.0,416.08189130607553,-396.08189130607553
2021-10-14 21:00:00,1433A,SWY,22.0,416.75603664953104,-394.75603664953104
2021-10-14 22:00:00,1433A,SWY,21.0,418.44544000031516,-397.44544000031516
2021-10-14 23:00:00,1433A,SWY,24.0,418.1198067476558,-394.1198067476558
2021-10-15 00:00:00,1433A,SWY,24.0,418.45401954563727,-394.45401954563727
2021-10-15 01:00:00,1433A,SWY,27.0,417.58085570324926,-390.58085570324926
2021-10-15 02:00:00,1433A,SWY,29.0,417.04187798697717,-388.04187798697717
2021-10-15 03:00:00,1433A,SWY,29.0,416.3828800025881,-387.3828800025881
2021-10-15 04:00:00,1433A,SWY,29.0,415.8878745020762,-386.8878745020762
2021-10-15 05:00:00,1433A,SWY,25.0,415.70867648386303,-390.70867648386303
2021-10-15 06:00:00,1433A,SWY,19.0,416.0792864801718,-397.0792864801718
2021-10-15 07:00:00,1433A,SWY,14.0,415.9766612569675,-401.9766612569675
2021-10-15 08:00:00,1433A,SWY,12.0,417.6521239892581,-405.6521239892581
2021-10-15 09:00:00,1433A,SWY,14.0,419.9563647574552,-405.9563647574552
2021-10-15 10:00:00,1433A,SWY,16.0,421.5020646434773,-405.5020646434773
2021-10-15 11:00:00,1433A,SWY,16.0,423.1996506507994,-407.1996506507994
2021-10-15 12:00:00,1433A,SWY,14.0,423.581492551794,-409.581492551794
2021-10-15 13:00:00,1433A,SWY,15.0,422.3203550989018,-407.3203550989018
2021-10-15 14:00:00,1433A,SWY,14.0,420.76687504801504,-406.76687504801504
2021-10-15 15:00:00,1433A,SWY,17.0,418.81145364186204,-401.81145364186204
2021-10-15 16:00:00,1433A,SWY,20.0,417.78051055482285,-397.78051055482285
2021-10-15 17:00:00,1433A,SWY,26.0,416.7558926262714,-390.7558926262714
2021-10-15 18:00:00,1433A,SWY,33.0,415.4929806385657,-382.4929806385657
2021-10-15 19:00:00,1433A,SWY,35.0,416.16920516949716,-381.16920516949716
2021-10-15 20:00:00,1433A,SWY,35.0,417.14186821637594,-382.14186821637594
2021-10-15 21:00:00,1433A,SWY,38.0,417.81601355983145,-379.81601355983145
2021-10-15 22:00:00,1433A,SWY,35.0,419.50541691061557,-384.50541691061557
2021-10-15 23:00:00,1433A,SWY,32.0,419.1797836579562,-387.1797836579562
2021-10-16 00:00:00,1433A,SWY,34.0,419.5139964559377,-385.5139964559377
2021-10-16 01:00:00,1433A,SWY,40.0,418.64083261354966,-378.64083261354966
2021-10-16 02:00:00,1433A,SWY,40.0,418.1018548972776,-378.1018548972776
2021-10-16 03:00:00,1433A,SWY,42.0,417.4428569128885,-375.4428569128885
2021-10-16 04:00:00,1433A,SWY,41.0,416.9478514123766,-375.9478514123766
2021-10-16 05:00:00,1433A,SWY,36.0,416.76865339416344,-380.76865339416344
2021-10-16 06:00:00,1433A,SWY,35.0,417.1392633904722,-382.1392633904722
2021-10-16 07:00:00,1433A,SWY,34.0,417.0366381672679,-383.0366381672679
2021-10-16 08:00:00,1433A,SWY,33.0,418.7121008995585,-385.7121008995585
2021-10-16 09:00:00,1433A,SWY,33.0,421.0163416677556,-388.0163416677556
2021-10-16 10:00:00,1433A,SWY,26.0,422.5620415537777,-396.5620415537777
2021-10-16 11:00:00,1433A,SWY,17.0,424.2596275610998,-407.2596275610998
2021-10-16 12:00:00,1433A,SWY,23.0,424.6414694620944,-401.6414694620944
2021-10-16 13:00:00,1433A,SWY,28.0,423.3803320092022,-395.3803320092022
2021-10-16 14:00:00,1433A,SWY,34.0,421.82685195831544,-387.82685195831544
2021-10-16 15:00:00,1433A,SWY,36.0,419.87143055216245,-383.87143055216245
2021-10-16 16:00:00,1433A,SWY,43.0,418.84048746512326,-375.84048746512326
2021-10-16 17:00:00,1433A,SWY,46.0,417.8158695365718,-371.8158695365718
2021-10-16 18:00:00,1433A,SWY,40.0,416.5529575488661,-376.5529575488661
2021-10-16 19:00:00,1433A,SWY,34.0,417.22918207979757,-383.22918207979757
2021-10-16 20:00:00,1433A,SWY,33.0,418.20184512667635,-385.20184512667635
2021-10-16 21:00:00,1433A,SWY,28.0,418.87599047013185,-390.87599047013185
2021-10-16 22:00:00,1433A,SWY,18.0,420.565393820916,-402.565393820916
2021-10-16 23:00:00,1433A,SWY,12.0,420.2397605682566,-408.2397605682566
2021-10-17 00:00:00,1433A,SWY,13.0,420.5739733662381,-407.5739733662381
2021-10-17 01:00:00,1433A,SWY,13.0,419.70080952385007,-406.70080952385007
2021-10-17 02:00:00,1433A,SWY,12.0,419.161831807578,-407.161831807578
2021-10-17 03:00:00,1433A,SWY,15.0,418.5028338231889,-403.5028338231889
2021-10-17 04:00:00,1433A,SWY,20.0,418.007828322677,-398.007828322677
2021-10-17 05:00:00,1433A,SWY,11.0,417.82863030446384,-406.82863030446384
2021-10-17 06:00:00,1433A,SWY,10.0,418.1992403007726,-408.1992403007726
2021-10-17 07:00:00,1433A,SWY,11.0,418.0966150775683,-407.0966150775683
2021-10-17 08:00:00,1433A,SWY,9.0,419.7720778098589,-410.7720778098589
2021-10-17 09:00:00,1433A,SWY,9.0,422.07631857805603,-413.07631857805603
2021-10-17 10:00:00,1433A,SWY,13.0,423.6220184640781,-410.6220184640781
2021-10-17 11:00:00,1433A,SWY,15.0,425.3196044714002,-410.3196044714002
2021-10-17 12:00:00,1433A,SWY,16.0,425.7014463723948,-409.7014463723948
2021-10-17 13:00:00,1433A,SWY,17.0,424.4403089195026,-407.4403089195026
2021-10-17 14:00:00,1433A,SWY,25.0,422.88682886861585,-397.88682886861585
2021-10-17 15:00:00,1433A,SWY,31.0,420.93140746246286,-389.93140746246286
2021-10-17 16:00:00,1433A,SWY,26.0,419.90046437542367,-393.90046437542367
2021-10-17 17:00:00,1433A,SWY,,418.87584644687223,
2021-10-17 18:00:00,1433A,SWY,20.0,417.6129344591665,-397.6129344591665
2021-10-17 19:00:00,1433A,SWY,22.0,418.289158990098,-396.289158990098
2021-10-17 20:00:00,1433A,SWY,28.0,419.26182203697675,-391.26182203697675
2021-10-17 21:00:00,1433A,SWY,26.0,419.93596738043226,-393.93596738043226
2021-10-17 22:00:00,1433A,SWY,24.0,421.6253707312164,-397.6253707312164
2021-10-17 23:00:00,1433A,SWY,19.0,421.299737478557,-402.299737478557
2021-10-18 00:00:00,1433A,SWY,18.0,421.6339502765385,-403.6339502765385
2021-10-18 01:00:00,1433A,SWY,22.0,420.7607864341505,-398.7607864341505
2021-10-18 02:00:00,1433A,SWY,33.0,420.2218087178784,-387.2218087178784
2021-10-18 03:00:00,1433A,SWY,35.0,419.5628107334893,-384.5628107334893
2021-10-18 04:00:00,1433A,SWY,38.0,419.06780523297743,-381.06780523297743
2021-10-18 05:00:00,1433A,SWY,30.0,418.88860721476425,-388.88860721476425
2021-10-18 06:00:00,1433A,SWY,19.0,419.259217211073,-400.259217211073
2021-10-18 07:00:00,1433A,SWY,25.0,419.1565919878687,-394.1565919878687
2021-10-18 08:00:00,1433A,SWY,25.0,420.8320547201593,-395.8320547201593
2021-10-18 09:00:00,1433A,SWY,28.0,423.13629548835644,-395.13629548835644
2021-10-18 10:00:00,1433A,SWY,24.0,424.6819953743785,-400.6819953743785
2021-10-18 11:00:00,1433A,SWY,16.0,426.37958138170063,-410.37958138170063
2021-10-18 12:00:00,1433A,SWY,13.0,426.7614232826952,-413.7614232826952
2021-10-18 13:00:00,1433A,SWY,15.0,425.50028582980303,-410.50028582980303
2021-10-18 14:00:00,1433A,SWY,17.0,423.94680577891626,-406.94680577891626
2021-10-18 15:00:00,1433A,SWY,17.0,421.99138437276326,-404.99138437276326
2021-10-18 16:00:00,1433A,SWY,20.0,420.9604412857241,-400.9604412857241
2021-10-18 17:00:00,1433A,SWY,22.0,419.93582335717264,-397.93582335717264
2021-10-18 18:00:00,1433A,SWY,25.0,418.67291136946693,-393.67291136946693
2021-10-18 19:00:00,1433A,SWY,33.0,419.3491359003984,-386.3491359003984
2021-10-18 20:00:00,1433A,SWY,34.0,420.32179894727716,-386.32179894727716
2021-10-18 21:00:00,1433A,SWY,31.0,420.99594429073267,-389.99594429073267
2021-10-18 22:00:00,1433A,SWY,35.0,422.6853476415168,-387.6853476415168
2021-10-18 23:00:00,1433A,SWY,39.0,422.3597143888574,-383.3597143888574
2021-10-19 00:00:00,1433A,SWY,42.0,422.6939271868389,-380.6939271868389
2021-10-19 01:00:00,1433A,SWY,44.0,421.8207633444509,-377.8207633444509
2021-10-19 02:00:00,1433A,SWY,43.0,421.2817856281788,-378.2817856281788
2021-10-19 03:00:00,1433A,SWY,41.0,420.6227876437897,-379.6227876437897
2021-10-19 04:00:00,1433A,SWY,41.0,420.12778214327784,-379.12778214327784
2021-10-19 05:00:00,1433A,SWY,41.0,419.94858412506466,-378.94858412506466
2021-10-19 06:00:00,1433A,SWY,39.0,420.3191941213734,-381.3191941213734
2021-10-19 07:00:00,1433A,SWY,37.0,420.2165688981691,-383.2165688981691
2021-10-19 08:00:00,1433A,SWY,33.0,421.8920316304597,-388.8920316304597
2021-10-19 09:00:00,1433A,SWY,28.0,424.19627239865684,-396.19627239865684
2021-10-19 10:00:00,1433A,SWY,26.0,425.7419722846789,-399.7419722846789
2021-10-19 11:00:00,1433A,SWY,29.0,427.43955829200104,-398.43955829200104
2021-10-19 12:00:00,1433A,SWY,30.0,427.8214001929956,-397.8214001929956
2021-10-19 13:00:00,1433A,SWY,33.0,426.56026274010344,-393.56026274010344
2021-10-19 14:00:00,1433A,SWY,42.0,425.00678268921666,-383.00678268921666
2021-10-19 15:00:00,1433A,SWY,42.0,423.05136128306367,-381.05136128306367
2021-10-19 16:00:00,1433A,SWY,42.0,422.0204181960245,-380.0204181960245
2021-10-19 17:00:00,1433A,SWY,35.0,420.99580026747304,-385.99580026747304
2021-10-19 18:00:00,1433A,SWY,30.0,419.73288827976734,-389.73288827976734
2021-10-19 19:00:00,1433A,SWY,22.0,420.4091128106988,-398.4091128106988
2021-10-19 20:00:00,1433A,SWY,25.0,421.38177585757757,-396.38177585757757
2021-10-19 21:00:00,1433A,SWY,26.0,422.0559212010331,-396.0559212010331
2021-10-19 22:00:00,1433A,SWY,31.0,423.7453245518172,-392.7453245518172
2021-10-19 23:00:00,1433A,SWY,25.0,423.4196912991578,-398.4196912991578
2021-10-20 00:00:00,1433A,SWY,21.0,423.7539040971393,-402.7539040971393
2021-10-20 01:00:00,1433A,SWY,19.0,422.8807402547513,-403.8807402547513
2021-10-20 02:00:00,1433A,SWY,17.0,422.3417625384792,-405.3417625384792
2021-10-20 03:00:00,1433A,SWY,22.0,421.6827645540901,-399.6827645540901
2021-10-20 04:00:00,1433A,SWY,24.0,421.18775905357825,-397.18775905357825
2021-10-20 05:00:00,1433A,SWY,28.0,421.00856103536506,-393.00856103536506
2021-10-20 06:00:00,1433A,SWY,28.0,421.3791710316738,-393.3791710316738
2021-10-20 07:00:00,1433A,SWY,19.0,421.2765458084695,-402.2765458084695
2021-10-20 08:00:00,1433A,SWY,16.0,422.9520085407601,-406.9520085407601
2021-10-20 09:00:00,1433A,SWY,9.0,425.25624930895725,-416.25624930895725
2021-10-20 10:00:00,1433A,SWY,6.0,426.80194919497933,-420.80194919497933
2021-10-20 11:00:00,1433A,SWY,4.0,428.49953520230144,-424.49953520230144
2021-10-20 12:00:00,1433A,SWY,4.0,428.881377103296,-424.881377103296
2021-10-20 13:00:00,1433A,SWY,4.0,427.62023965040385,-423.62023965040385
2021-10-20 14:00:00,1433A,SWY,5.0,426.06675959951707,-421.06675959951707
2021-10-20 15:00:00,1433A,SWY,6.0,424.1113381933641,-418.1113381933641
2021-10-20 16:00:00,1433A,SWY,4.0,423.0803951063249,-419.0803951063249
2021-10-20 17:00:00,1433A,SWY,4.0,422.05577717777345,-418.05577717777345
2021-10-20 18:00:00,1433A,SWY,5.0,420.79286519006774,-415.79286519006774
2021-10-20 19:00:00,1433A,SWY,5.0,421.4690897209992,-416.4690897209992
2021-10-20 20:00:00,1433A,SWY,8.0,422.441752767878,-414.441752767878
2021-10-20 21:00:00,1433A,SWY,10.0,423.1158981113335,-413.1158981113335
2021-10-20 22:00:00,1433A,SWY,11.0,424.8053014621176,-413.8053014621176
2021-10-20 23:00:00,1433A,SWY,15.0,424.4796682094582,-409.4796682094582
2021-10-21 00:00:00,1433A,SWY,21.0,424.8138810074397,-403.8138810074397
2021-10-21 01:00:00,1433A,SWY,19.0,423.9407171650517,-404.9407171650517
2021-10-21 02:00:00,1433A,SWY,11.0,423.4017394487796,-412.4017394487796
2021-10-21 03:00:00,1433A,SWY,7.0,422.7427414643905,-415.7427414643905
2021-10-21 04:00:00,1433A,SWY,4.0,422.24773596387865,-418.24773596387865
2021-10-21 05:00:00,1433A,SWY,8.0,422.06853794566547,-414.06853794566547
2021-10-21 06:00:00,1433A,SWY,11.0,422.4391479419742,-411.4391479419742
2021-10-21 07:00:00,1433A,SWY,10.0,422.3365227187699,-412.3365227187699
2021-10-21 08:00:00,1433A,SWY,11.0,424.0119854510605,-413.0119854510605
2021-10-21 09:00:00,1433A,SWY,13.0,426.31622621925766,-413.31622621925766
2021-10-21 10:00:00,1433A,SWY,17.0,427.86192610527974,-410.86192610527974
2021-10-21 11:00:00,1433A,SWY,22.0,429.55951211260185,-407.55951211260185
2021-10-21 12:00:00,1433A,SWY,28.0,429.9413540135964,-401.9413540135964
2021-10-21 13:00:00,1433A,SWY,26.0,428.68021656070425,-402.68021656070425
2021-10-21 14:00:00,1433A,SWY,29.0,427.1267365098175,-398.1267365098175
2021-10-21 15:00:00,1433A,SWY,32.0,425.1713151036645,-393.1713151036645
2021-10-21 16:00:00,1433A,SWY,38.0,424.1403720166253,-386.1403720166253
2021-10-21 17:00:00,1433A,SWY,21.0,423.11575408807386,-402.11575408807386
2021-10-21 18:00:00,1433A,SWY,15.0,421.85284210036815,-406.85284210036815
2021-10-21 19:00:00,1433A,SWY,15.0,422.5290666312996,-407.5290666312996
2021-10-21 20:00:00,1433A,SWY,16.0,423.5017296781784,-407.5017296781784
2021-10-21 21:00:00,1433A,SWY,18.0,424.1758750216339,-406.1758750216339
2021-10-21 22:00:00,1433A,SWY,18.0,425.865278372418,-407.865278372418
2021-10-21 23:00:00,1433A,SWY,18.0,425.53964511975863,-407.53964511975863
2021-10-22 00:00:00,1433A,SWY,18.0,425.8738579177401,-407.8738579177401
2021-10-22 01:00:00,1433A,SWY,21.0,425.0006940753521,-404.0006940753521
2021-10-22 02:00:00,1433A,SWY,18.0,424.46171635908,-406.46171635908
2021-10-22 03:00:00,1433A,SWY,13.0,423.8027183746909,-410.8027183746909
2021-10-22 04:00:00,1433A,SWY,15.0,423.30771287417906,-408.30771287417906
2021-10-22 05:00:00,1433A,SWY,16.0,423.1285148559659,-407.1285148559659
2021-10-22 06:00:00,1433A,SWY,13.0,423.49912485227463,-410.49912485227463
2021-10-22 07:00:00,1433A,SWY,16.0,423.3964996290703,-407.3964996290703
2021-10-22 08:00:00,1433A,SWY,17.0,425.07196236136093,-408.07196236136093
2021-10-22 09:00:00,1433A,SWY,20.0,427.37620312955806,-407.37620312955806
2021-10-22 10:00:00,1433A,SWY,25.0,428.92190301558014,-403.92190301558014
2021-10-22 11:00:00,1433A,SWY,32.0,430.61948902290226,-398.61948902290226
2021-10-22 12:00:00,1433A,SWY,31.0,431.00133092389683,-400.00133092389683
2021-10-22 13:00:00,1433A,SWY,21.0,429.74019347100466,-408.74019347100466
2021-10-22 14:00:00,1433A,SWY,14.0,428.1867134201179,-414.1867134201179
2021-10-22 15:00:00,1433A,SWY,12.0,426.2312920139649,-414.2312920139649
2021-10-22 16:00:00,1433A,SWY,12.0,425.2003489269257,-413.2003489269257
2021-10-22 17:00:00,1433A,SWY,13.0,424.17573099837426,-411.17573099837426
2021-10-22 18:00:00,1433A,SWY,14.0,422.91281901066856,-408.91281901066856
2021-10-22 19:00:00,1433A,SWY,17.0,423.5890435416,-406.5890435416
2021-10-22 20:00:00,1433A,SWY,21.0,424.5617065884788,-403.5617065884788
2021-10-22 21:00:00,1433A,SWY,24.0,425.2358519319343,-401.2358519319343
2021-10-22 22:00:00,1433A,SWY,27.0,426.9252552827184,-399.9252552827184
2021-10-22 23:00:00,1433A,SWY,30.0,426.59962203005904,-396.59962203005904
2021-10-23 00:00:00,1433A,SWY,31.0,426.9338348280405,-395.9338348280405
2021-10-23 01:00:00,1433A,SWY,26.0,426.0606709856525,-400.0606709856525
2021-10-23 02:00:00,1433A,SWY,26.0,425.5216932693804,-399.5216932693804
2021-10-23 03:00:00,1433A,SWY,29.0,424.86269528499133,-395.86269528499133
2021-10-23 04:00:00,1433A,SWY,30.0,424.36768978447947,-394.36768978447947
2021-10-23 05:00:00,1433A,SWY,28.0,424.1884917662663,-396.1884917662663
2021-10-23 06:00:00,1433A,SWY,28.0,424.55910176257504,-396.55910176257504
2021-10-23 07:00:00,1433A,SWY,32.0,424.4564765393707,-392.4564765393707
2021-10-23 08:00:00,1433A,SWY,30.0,426.13193927166134,-396.13193927166134
2021-10-23 09:00:00,1433A,SWY,31.0,428.43618003985847,-397.43618003985847
2021-10-23 10:00:00,1433A,SWY,33.0,429.98187992588055,-396.98187992588055
2021-10-23 11:00:00,1433A,SWY,33.0,431.67946593320266,-398.67946593320266
2021-10-23 12:00:00,1433A,SWY,33.0,432.06130783419724,-399.06130783419724
2021-10-23 13:00:00,1433A,SWY,32.0,430.80017038130507,-398.80017038130507
2021-10-23 14:00:00,1433A,SWY,35.0,429.2466903304183,-394.2466903304183
2021-10-23 15:00:00,1433A,SWY,35.0,427.2912689242653,-392.2912689242653
2021-10-23 16:00:00,1433A,SWY,35.0,426.2603258372261,-391.2603258372261
2021-10-23 17:00:00,1433A,SWY,31.0,425.23570790867467,-394.23570790867467
2021-10-23 18:00:00,1433A,SWY,30.0,423.97279592096896,-393.97279592096896
2021-10-23 19:00:00,1433A,SWY,34.0,424.6490204519004,-390.6490204519004
2021-10-23 20:00:00,1433A,SWY,39.0,425.6216834987792,-386.6216834987792
2021-10-23 21:00:00,1433A,SWY,32.0,426.2958288422347,-394.2958288422347
2021-10-23 22:00:00,1433A,SWY,28.0,427.9852321930188,-399.9852321930188
2021-10-23 23:00:00,1433A,SWY,31.0,427.65959894035944,-396.65959894035944
2021-10-24 00:00:00,1433A,SWY,30.0,427.9938117383409,-397.9938117383409
2021-10-24 01:00:00,1433A,SWY,30.0,427.1206478959529,-397.1206478959529
2021-10-24 02:00:00,1433A,SWY,36.0,426.5816701796808,-390.5816701796808
2021-10-24 03:00:00,1433A,SWY,37.0,425.92267219529174,-388.92267219529174
2021-10-24 04:00:00,1433A,SWY,35.0,425.4276666947799,-390.4276666947799
2021-10-24 05:00:00,1433A,SWY,35.0,425.2484686765667,-390.2484686765667
2021-10-24 06:00:00,1433A,SWY,36.0,425.61907867287545,-389.61907867287545
2021-10-24 07:00:00,1433A,SWY,38.0,425.51645344967113,-387.51645344967113
2021-10-24 08:00:00,1433A,SWY,38.0,427.19191618196174,-389.19191618196174
2021-10-24 09:00:00,1433A,SWY,48.0,429.4961569501589,-381.4961569501589
2021-10-24 10:00:00,1433A,SWY,51.0,431.04185683618095,-380.04185683618095
2021-10-24 11:00:00,1433A,SWY,52.0,432.73944284350307,-380.73944284350307
2021-10-24 12:00:00,1433A,SWY,51.0,433.12128474449764,-382.12128474449764
2021-10-24 13:00:00,1433A,SWY,47.0,431.8601472916055,-384.8601472916055
2021-10-24 14:00:00,1433A,SWY,39.0,430.3066672407187,-391.3066672407187
2021-10-24 15:00:00,1433A,SWY,29.0,428.3512458345657,-399.3512458345657
2021-10-24 16:00:00,1433A,SWY,29.0,427.3203027475265,-398.3203027475265
2021-10-24 17:00:00,1433A,SWY,31.0,426.2956848189751,-395.2956848189751
2021-10-24 18:00:00,1433A,SWY,31.0,425.03277283126937,-394.03277283126937
2021-10-24 19:00:00,1433A,SWY,32.0,425.7089973622008,-393.7089973622008
2021-10-24 20:00:00,1433A,SWY,39.0,426.6816604090796,-387.6816604090796
2021-10-24 21:00:00,1433A,SWY,41.0,427.3558057525351,-386.3558057525351
2021-10-24 22:00:00,1433A,SWY,42.0,429.0452091033192,-387.0452091033192
2021-10-24 23:00:00,1433A,SWY,50.0,428.71957585065985,-378.71957585065985
2021-10-25 00:00:00,1433A,SWY,59.0,429.05378864864133,-370.05378864864133
2021-10-25 01:00:00,1433A,SWY,66.0,428.1806248062533,-362.1806248062533
2021-10-25 02:00:00,1433A,SWY,67.0,427.64164708998123,-360.64164708998123
2021-10-25 03:00:00,1433A,SWY,66.0,426.98264910559215,-360.98264910559215
2021-10-25 04:00:00,1433A,SWY,68.0,426.4876436050803,-358.4876436050803
2021-10-25 05:00:00,1433A,SWY,66.0,426.3084455868671,-360.3084455868671
2021-10-25 06:00:00,1433A,SWY,63.0,426.67905558317585,-363.67905558317585
2021-10-25 07:00:00,1433A,SWY,56.0,426.57643035997154,-370.57643035997154
2021-10-25 08:00:00,1433A,SWY,57.0,428.25189309226215,-371.25189309226215
2021-10-25 09:00:00,1433A,SWY,57.0,430.5561338604593,-373.5561338604593
2021-10-25 10:00:00,1433A,SWY,58.0,432.10183374648136,-374.10183374648136
2021-10-25 11:00:00,1433A,SWY,61.0,433.7994197538035,-372.7994197538035
2021-10-25 12:00:00,1433A,SWY,53.0,434.18126165479805,-381.18126165479805
2021-10-25 13:00:00,1433A,SWY,56.0,432.9201242019059,-376.9201242019059
2021-10-25 14:00:00,1433A,SWY,69.0,431.3666441510191,-362.3666441510191
2021-10-25 15:00:00,1433A,SWY,63.0,429.4112227448661,-366.4112227448661
2021-10-25 16:00:00,1433A,SWY,50.0,428.3802796578269,-378.3802796578269
2021-10-25 17:00:00,1433A,SWY,51.0,427.3556617292755,-376.3556617292755
2021-10-25 18:00:00,1433A,SWY,51.0,426.0927497415698,-375.0927497415698
2021-10-25 19:00:00,1433A,SWY,51.0,426.7689742725012,-375.7689742725012
2021-10-25 20:00:00,1433A,SWY,49.0,427.74163731938,-378.74163731938
2021-10-25 21:00:00,1433A,SWY,56.0,428.4157826628355,-372.4157826628355
2021-10-25 22:00:00,1433A,SWY,48.0,430.10518601361963,-382.10518601361963
2021-10-25 23:00:00,1433A,SWY,46.0,429.77955276096026,-383.77955276096026
2021-10-26 00:00:00,1433A,SWY,46.0,430.11376555894174,-384.11376555894174
2021-10-26 01:00:00,1433A,SWY,,429.2406017165537,
2021-10-26 02:00:00,1433A,SWY,,428.70162400028164,
2021-10-26 03:00:00,1433A,SWY,39.0,428.04262601589255,-389.04262601589255
2021-10-26 04:00:00,1433A,SWY,41.0,427.5476205153807,-386.5476205153807
2021-10-26 05:00:00,1433A,SWY,42.0,427.3684224971675,-385.3684224971675
2021-10-26 06:00:00,1433A,SWY,,427.73903249347626,
2021-10-26 07:00:00,1433A,SWY,39.0,427.63640727027195,-388.63640727027195
2021-10-26 08:00:00,1433A,SWY,37.0,429.31187000256256,-392.31187000256256
2021-10-26 09:00:00,1433A,SWY,38.0,431.6161107707597,-393.6161107707597
2021-10-26 10:00:00,1433A,SWY,34.0,433.16181065678177,-399.16181065678177
2021-10-26 11:00:00,1433A,SWY,31.0,434.8593966641039,-403.8593966641039
2021-10-26 12:00:00,1433A,SWY,30.0,435.24123856509846,-405.24123856509846
2021-10-26 13:00:00,1433A,SWY,36.0,433.9801011122063,-397.9801011122063
2021-10-26 14:00:00,1433A,SWY,31.0,432.4266210613195,-401.4266210613195
2021-10-26 15:00:00,1433A,SWY,19.0,430.4711996551665,-411.4711996551665
2021-10-26 16:00:00,1433A,SWY,19.0,429.4402565681273,-410.4402565681273
2021-10-26 17:00:00,1433A,SWY,22.0,428.4156386395759,-406.4156386395759
2021-10-26 18:00:00,1433A,SWY,14.0,427.1527266518702,-413.1527266518702
2021-10-26 19:00:00,1433A,SWY,12.0,427.82895118280163,-415.82895118280163
2021-10-26 20:00:00,1433A,SWY,16.0,428.8016142296804,-412.8016142296804
2021-10-26 21:00:00,1433A,SWY,22.0,429.4757595731359,-407.4757595731359
2021-10-26 22:00:00,1433A,SWY,23.0,431.16516292392004,-408.16516292392004
2021-10-26 23:00:00,1433A,SWY,31.0,430.83952967126066,-399.83952967126066
2021-10-27 00:00:00,1433A,SWY,32.0,431.17374246924214,-399.17374246924214
2021-10-27 01:00:00,1433A,SWY,27.0,430.30057862685413,-403.30057862685413
2021-10-27 02:00:00,1433A,SWY,23.0,429.76160091058205,-406.76160091058205
2021-10-27 03:00:00,1433A,SWY,23.0,429.10260292619296,-406.10260292619296
2021-10-27 04:00:00,1433A,SWY,19.0,428.6075974256811,-409.6075974256811
2021-10-27 05:00:00,1433A,SWY,21.0,428.4283994074679,-407.4283994074679
2021-10-27 06:00:00,1433A,SWY,18.0,428.79900940377667,-410.79900940377667
2021-10-27 07:00:00,1433A,SWY,16.0,428.69638418057235,-412.69638418057235
2021-10-27 08:00:00,1433A,SWY,18.0,430.37184691286296,-412.37184691286296
2021-10-27 09:00:00,1433A,SWY,23.0,432.6760876810601,-409.6760876810601
2021-10-27 10:00:00,1433A,SWY,26.0,434.2217875670822,-408.2217875670822
2021-10-27 11:00:00,1433A,SWY,35.0,435.9193735744043,-400.9193735744043
2021-10-27 12:00:00,1433A,SWY,28.0,436.30121547539886,-408.30121547539886
2021-10-27 13:00:00,1433A,SWY,20.0,435.0400780225067,-415.0400780225067
2021-10-27 14:00:00,1433A,SWY,15.0,433.4865979716199,-418.4865979716199
2021-10-27 15:00:00,1433A,SWY,9.0,431.5311765654669,-422.5311765654669
2021-10-27 16:00:00,1433A,SWY,11.0,430.50023347842773,-419.50023347842773
2021-10-27 17:00:00,1433A,SWY,10.0,429.4756155498763,-419.4756155498763
2021-10-27 18:00:00,1433A,SWY,10.0,428.2127035621706,-418.2127035621706
2021-10-27 19:00:00,1433A,SWY,11.0,428.88892809310204,-417.88892809310204
2021-10-27 20:00:00,1433A,SWY,16.0,429.8615911399808,-413.8615911399808
2021-10-27 21:00:00,1433A,SWY,23.0,430.5357364834363,-407.5357364834363
2021-10-27 22:00:00,1433A,SWY,27.0,432.22513983422044,-405.22513983422044
2021-10-27 23:00:00,1433A,SWY,29.0,431.89950658156107,-402.89950658156107
2021-10-28 00:00:00,1433A,SWY,27.0,432.23371937954255,-405.23371937954255
2021-10-28 01:00:00,1433A,SWY,29.0,431.36055553715454,-402.36055553715454
2021-10-28 02:00:00,1433A,SWY,30.0,430.82157782088245,-400.82157782088245
2021-10-28 03:00:00,1433A,SWY,28.0,430.16257983649336,-402.16257983649336
2021-10-28 04:00:00,1433A,SWY,19.0,429.6675743359815,-410.6675743359815
2021-10-28 05:00:00,1433A,SWY,17.0,429.4883763177683,-412.4883763177683
2021-10-28 06:00:00,1433A,SWY,16.0,429.8589863140771,-413.8589863140771
2021-10-28 07:00:00,1433A,SWY,21.0,429.75636109087276,-408.75636109087276
2021-10-28 08:00:00,1433A,SWY,26.0,431.43182382316337,-405.43182382316337
2021-10-28 09:00:00,1433A,SWY,28.0,433.7360645913605,-405.7360645913605
2021-10-28 10:00:00,1433A,SWY,,435.2817644773826,
2021-10-28 11:00:00,1433A,SWY,,436.9793504847047,
2021-10-28 12:00:00,1433A,SWY,37.0,437.36119238569927,-400.36119238569927
2021-10-28 13:00:00,1433A,SWY,30.0,436.1000549328071,-406.1000549328071
2021-10-28 14:00:00,1433A,SWY,26.0,434.5465748819203,-408.5465748819203
2021-10-28 15:00:00,1433A,SWY,27.0,432.5911534757673,-405.5911534757673
2021-10-28 16:00:00,1433A,SWY,26.0,431.56021038872814,-405.56021038872814
2021-10-28 17:00:00,1433A,SWY,28.0,430.5355924601767,-402.5355924601767
2021-10-28 18:00:00,1433A,SWY,28.0,429.272680472471,-401.272680472471
2021-10-28 19:00:00,1433A,SWY,18.0,429.94890500340244,-411.94890500340244
2021-10-28 20:00:00,1433A,SWY,16.0,430.9215680502812,-414.9215680502812
2021-10-28 21:00:00,1433A,SWY,17.0,431.59571339373673,-414.59571339373673
2021-10-28 22:00:00,1433A,SWY,24.0,433.28511674452085,-409.28511674452085
2021-10-28 23:00:00,1433A,SWY,28.0,432.9594834918615,-404.9594834918615
2021-10-29 00:00:00,1433A,SWY,28.0,433.29369628984296,-405.29369628984296
2021-10-29 01:00:00,1433A,SWY,30.0,432.42053244745495,-402.42053244745495
2021-10-29 02:00:00,1433A,SWY,32.0,431.88155473118286,-399.88155473118286
2021-10-29 03:00:00,1433A,SWY,33.0,431.22255674679377,-398.22255674679377
2021-10-29 04:00:00,1433A,SWY,35.0,430.7275512462819,-395.7275512462819
2021-10-29 05:00:00,1433A,SWY,35.0,430.5483532280687,-395.5483532280687
2021-10-29 06:00:00,1433A,SWY,34.0,430.9189632243775,-396.9189632243775
2021-10-29 07:00:00,1433A,SWY,45.0,430.81633800117316,-385.81633800117316
2021-10-29 08:00:00,1433A,SWY,46.0,432.4918007334638,-386.4918007334638
2021-10-29 09:00:00,1433A,SWY,45.0,434.7960415016609,-389.7960415016609
2021-10-29 10:00:00,1433A,SWY,43.0,436.341741387683,-393.341741387683
2021-10-29 11:00:00,1433A,SWY,40.0,438.0393273950051,-398.0393273950051
2021-10-29 12:00:00,1433A,SWY,39.0,438.4211692959997,-399.4211692959997
2021-10-29 13:00:00,1433A,SWY,43.0,437.1600318431075,-394.1600318431075
2021-10-29 14:00:00,1433A,SWY,39.0,435.6065517922207,-396.6065517922207
2021-10-29 15:00:00,1433A,SWY,35.0,433.65113038606773,-398.65113038606773
2021-10-29 16:00:00,1433A,SWY,31.0,432.62018729902854,-401.62018729902854
2021-10-29 17:00:00,1433A,SWY,29.0,431.5955693704771,-402.5955693704771
2021-10-29 18:00:00,1433A,SWY,32.0,430.3326573827714,-398.3326573827714
2021-10-29 19:00:00,1433A,SWY,33.0,431.00888191370285,-398.00888191370285
2021-10-29 20:00:00,1433A,SWY,36.0,431.98154496058163,-395.98154496058163
2021-10-29 21:00:00,1433A,SWY,37.0,432.65569030403714,-395.65569030403714
2021-10-29 22:00:00,1433A,SWY,39.0,434.34509365482126,-395.34509365482126
2021-10-29 23:00:00,1433A,SWY,40.0,434.0194604021619,-394.0194604021619
2021-10-30 00:00:00,1433A,SWY,,434.35367320014336,
2021-10-30 01:00:00,1433A,SWY,42.0,433.48050935775535,-391.48050935775535
2021-10-30 02:00:00,1433A,SWY,42.0,432.94153164148327,-390.94153164148327
2021-10-30 03:00:00,1433A,SWY,42.0,432.2825336570942,-390.2825336570942
2021-10-30 04:00:00,1433A,SWY,41.0,431.7875281565823,-390.7875281565823
2021-10-30 05:00:00,1433A,SWY,42.0,431.6083301383691,-389.6083301383691
2021-10-30 06:00:00,1433A,SWY,40.0,431.9789401346779,-391.9789401346779
2021-10-30 07:00:00,1433A,SWY,40.0,431.87631491147357,-391.87631491147357
2021-10-30 08:00:00,1433A,SWY,41.0,433.5517776437642,-392.5517776437642
2021-10-30 09:00:00,1433A,SWY,44.0,435.8560184119613,-391.8560184119613
2021-10-30 10:00:00,1433A,SWY,41.0,437.4017182979834,-396.4017182979834
2021-10-30 11:00:00,1433A,SWY,37.0,439.0993043053055,-402.0993043053055
2021-10-30 12:00:00,1433A,SWY,28.0,439.4811462063001,-411.4811462063001
2021-10-30 13:00:00,1433A,SWY,32.0,438.2200087534079,-406.2200087534079
2021-10-30 14:00:00,1433A,SWY,37.0,436.66652870252113,-399.66652870252113
2021-10-30 15:00:00,1433A,SWY,34.0,434.71110729636814,-400.71110729636814
2021-10-30 16:00:00,1433A,SWY,32.0,433.68016420932895,-401.68016420932895
2021-10-30 17:00:00,1433A,SWY,31.0,432.6555462807775,-401.6555462807775
2021-10-30 18:00:00,1433A,SWY,36.0,431.3926342930718,-395.3926342930718
2021-10-30 19:00:00,1433A,SWY,43.0,432.06885882400326,-389.06885882400326
2021-10-30 20:00:00,1433A,SWY,49.0,433.04152187088204,-384.04152187088204
2021-10-30 21:00:00,1433A,SWY,50.0,433.71566721433754,-383.71566721433754
2021-10-30 22:00:00,1433A,SWY,64.0,435.40507056512166,-371.40507056512166
2021-10-30 23:00:00,1433A,SWY,66.0,435.0794373124623,-369.0794373124623
2021-10-31 00:00:00,1433A,SWY,73.0,435.41365011044377,-362.41365011044377
2021-10-31 01:00:00,1433A,SWY,65.0,434.54048626805576,-369.54048626805576
2021-10-31 02:00:00,1433A,SWY,54.0,434.0015085517837,-380.0015085517837
2021-10-31 03:00:00,1433A,SWY,50.0,433.3425105673946,-383.3425105673946
2021-10-31 04:00:00,1433A,SWY,47.0,432.8475050668827,-385.8475050668827
2021-10-31 05:00:00,1433A,SWY,43.0,432.66830704866953,-389.66830704866953
2021-10-31 06:00:00,1433A,SWY,35.0,433.0389170449783,-398.0389170449783
2021-10-31 07:00:00,1433A,SWY,34.0,432.936291821774,-398.936291821774
2021-10-31 08:00:00,1433A,SWY,36.0,434.6117545540646,-398.6117545540646
2021-10-31 09:00:00,1433A,SWY,31.0,436.9159953222617,-405.9159953222617
2021-10-31 10:00:00,1433A,SWY,27.0,438.4616952082838,-411.4616952082838
2021-10-31 11:00:00,1433A,SWY,31.0,440.1592812156059,-409.1592812156059
2021-10-31 12:00:00,1433A,SWY,34.0,440.5411231166005,-406.5411231166005
2021-10-31 13:00:00,1433A,SWY,34.0,439.2799856637083,-405.2799856637083
2021-10-31 14:00:00,1433A,SWY,32.0,437.72650561282154,-405.72650561282154
2021-10-31 15:00:00,1433A,SWY,33.0,435.77108420666855,-402.77108420666855
2021-10-31 16:00:00,1433A,SWY,35.0,434.74014111962936,-399.74014111962936
2021-10-31 17:00:00,1433A,SWY,38.0,433.7155231910779,-395.7155231910779
2021-10-31 18:00:00,1433A,SWY,39.0,432.4526112033722,-393.4526112033722
2021-10-31 19:00:00,1433A,SWY,39.0,433.12883573430366,-394.12883573430366
2021-10-31 20:00:00,1433A,SWY,41.0,434.10149878118244,-393.10149878118244
2021-10-31 21:00:00,1433A,SWY,36.0,434.77564412463795,-398.77564412463795
2021-10-31 22:00:00,1433A,SWY,23.0,436.46504747542207,-413.46504747542207
2021-10-31 23:00:00,1433A,SWY,19.0,436.1394142227627,-417.1394142227627
2021-11-01 00:00:00,1433A,SWY,18.0,436.4736270207442,-418.4736270207442
2021-11-01 01:00:00,1433A,SWY,17.0,435.60046317835616,-418.60046317835616
2021-11-01 02:00:00,1433A,SWY,15.0,435.0614854620841,-420.0614854620841
2021-11-01 03:00:00,1433A,SWY,16.0,434.402487477695,-418.402487477695
2021-11-01 04:00:00,1433A,SWY,20.0,433.9074819771831,-413.9074819771831
2021-11-01 05:00:00,1433A,SWY,19.0,433.72828395896994,-414.72828395896994
2021-11-01 06:00:00,1433A,SWY,19.0,434.0988939552787,-415.0988939552787
2021-11-01 07:00:00,1433A,SWY,18.0,433.9962687320744,-415.9962687320744
2021-11-01 08:00:00,1433A,SWY,17.0,435.671731464365,-418.671731464365
2021-11-01 09:00:00,1433A,SWY,19.0,437.9759722325621,-418.9759722325621
2021-11-01 10:00:00,1433A,SWY,26.0,439.5216721185842,-413.5216721185842
2021-11-01 11:00:00,1433A,SWY,29.0,441.2192581259063,-412.2192581259063
2021-11-01 12:00:00,1433A,SWY,30.0,441.6011000269009,-411.6011000269009
2021-11-01 13:00:00,1433A,SWY,32.0,440.3399625740087,-408.3399625740087
2021-11-01 14:00:00,1433A,SWY,36.0,438.78648252312195,-402.78648252312195
2021-11-01 15:00:00,1433A,SWY,40.0,436.83106111696895,-396.83106111696895
2021-11-01 16:00:00,1433A,SWY,45.0,435.80011802992976,-390.80011802992976
2021-11-01 17:00:00,1433A,SWY,44.0,434.7755001013783,-390.7755001013783
2021-11-01 18:00:00,1433A,SWY,34.0,433.5125881136726,-399.5125881136726
2021-11-01 19:00:00,1433A,SWY,36.0,434.18881264460407,-398.18881264460407
2021-11-01 20:00:00,1433A,SWY,27.0,435.16147569148285,-408.16147569148285
2021-11-01 21:00:00,1433A,SWY,19.0,435.83562103493836,-416.83562103493836
2021-11-01 22:00:00,1433A,SWY,17.0,437.5250243857225,-420.5250243857225
2021-11-01 23:00:00,1433A,SWY,20.0,437.1993911330631,-417.1993911330631
2021-11-02 00:00:00,1433A,SWY,21.0,437.5336039310446,-416.5336039310446
2021-11-02 01:00:00,1433A,SWY,24.0,436.66044008865657,-412.66044008865657
2021-11-02 02:00:00,1433A,SWY,27.0,436.1214623723845,-409.1214623723845
2021-11-02 03:00:00,1433A,SWY,28.0,435.4624643879954,-407.4624643879954
2021-11-02 04:00:00,1433A,SWY,31.0,434.96745888748353,-403.96745888748353
2021-11-02 05:00:00,1433A,SWY,34.0,434.78826086927035,-400.78826086927035
2021-11-02 06:00:00,1433A,SWY,34.0,435.1588708655791,-401.1588708655791
2021-11-02 07:00:00,1433A,SWY,33.0,435.0562456423748,-402.0562456423748
2021-11-02 08:00:00,1433A,SWY,35.0,436.7317083746654,-401.7317083746654
2021-11-02 09:00:00,1433A,SWY,36.0,439.03594914286253,-403.03594914286253
2021-11-02 10:00:00,1433A,SWY,35.0,440.5816490288846,-405.5816490288846
2021-11-02 11:00:00,1433A,SWY,35.0,442.2792350362067,-407.2792350362067
2021-11-02 12:00:00,1433A,SWY,29.0,442.6610769372013,-413.6610769372013
2021-11-02 13:00:00,1433A,SWY,31.0,441.39993948430913,-410.39993948430913
2021-11-02 14:00:00,1433A,SWY,31.0,439.84645943342235,-408.84645943342235
2021-11-02 15:00:00,1433A,SWY,27.0,437.89103802726936,-410.89103802726936
2021-11-02 16:00:00,1433A,SWY,25.0,436.86009494023017,-411.86009494023017
2021-11-02 17:00:00,1433A,SWY,28.0,435.83547701167873,-407.83547701167873
2021-11-02 18:00:00,1433A,SWY,31.0,434.572565023973,-403.572565023973
2021-11-02 19:00:00,1433A,SWY,20.0,435.2487895549045,-415.2487895549045
2021-11-02 20:00:00,1433A,SWY,13.0,436.22145260178326,-423.22145260178326
2021-11-02 21:00:00,1433A,SWY,13.0,436.89559794523876,-423.89559794523876
2021-11-02 22:00:00,1433A,SWY,13.0,438.5850012960229,-425.5850012960229
2021-11-02 23:00:00,1433A,SWY,20.0,438.2593680433635,-418.2593680433635
2021-11-03 00:00:00,1433A,SWY,24.0,438.593580841345,-414.593580841345
2021-11-03 01:00:00,1433A,SWY,28.0,437.720416998957,-409.720416998957
2021-11-03 02:00:00,1433A,SWY,34.0,437.1814392826849,-403.1814392826849
2021-11-03 03:00:00,1433A,SWY,36.0,436.5224412982958,-400.5224412982958
2021-11-03 04:00:00,1433A,SWY,35.0,436.02743579778394,-401.02743579778394
2021-11-03 05:00:00,1433A,SWY,35.0,435.84823777957075,-400.84823777957075
2021-11-03 06:00:00,1433A,SWY,35.0,436.2188477758795,-401.2188477758795
2021-11-03 07:00:00,1433A,SWY,32.0,436.1162225526752,-404.1162225526752
2021-11-03 08:00:00,1433A,SWY,30.0,437.7916852849658,-407.7916852849658
2021-11-03 09:00:00,1433A,SWY,32.0,440.09592605316294,-408.09592605316294
2021-11-03 10:00:00,1433A,SWY,35.0,441.641625939185,-406.641625939185
2021-11-03 11:00:00,1433A,SWY,35.0,443.33921194650713,-408.33921194650713
2021-11-03 12:00:00,1433A,SWY,36.0,443.7210538475017,-407.7210538475017
2021-11-03 13:00:00,1433A,SWY,38.0,442.45991639460954,-404.45991639460954
2021-11-03 14:00:00,1433A,SWY,42.0,440.90643634372276,-398.90643634372276
2021-11-03 15:00:00,1433A,SWY,43.0,438.95101493756977,-395.95101493756977
2021-11-03 16:00:00,1433A,SWY,38.0,437.9200718505306,-399.9200718505306
2021-11-03 17:00:00,1433A,SWY,36.0,436.89545392197914,-400.89545392197914
2021-11-03 18:00:00,1433A,SWY,39.0,435.63254193427343,-396.63254193427343
2021-11-03 19:00:00,1433A,SWY,43.0,436.3087664652049,-393.3087664652049
2021-11-03 20:00:00,1433A,SWY,35.0,437.28142951208366,-402.28142951208366
2021-11-03 21:00:00,1433A,SWY,34.0,437.95557485553917,-403.95557485553917
2021-11-03 22:00:00,1433A,SWY,34.0,439.6449782063233,-405.6449782063233
2021-11-03 23:00:00,1433A,SWY,33.0,439.3193449536639,-406.3193449536639
2021-11-04 00:00:00,1433A,SWY,34.0,439.6535577516454,-405.6535577516454
2021-11-04 01:00:00,1433A,SWY,32.0,438.7803939092574,-406.7803939092574
2021-11-04 02:00:00,1433A,SWY,34.0,438.2414161929853,-404.2414161929853
2021-11-04 03:00:00,1433A,SWY,36.0,437.5824182085962,-401.5824182085962
2021-11-04 04:00:00,1433A,SWY,37.0,437.08741270808434,-400.08741270808434
2021-11-04 05:00:00,1433A,SWY,39.0,436.90821468987116,-397.90821468987116
2021-11-04 06:00:00,1433A,SWY,40.0,437.2788246861799,-397.2788246861799
2021-11-04 07:00:00,1433A,SWY,36.0,437.1761994629756,-401.1761994629756
2021-11-04 08:00:00,1433A,SWY,37.0,438.8516621952662,-401.8516621952662
2021-11-04 09:00:00,1433A,SWY,39.0,441.15590296346335,-402.15590296346335
2021-11-04 10:00:00,1433A,SWY,42.0,442.7016028494854,-400.7016028494854
2021-11-04 11:00:00,1433A,SWY,,444.39918885680754,
2021-11-04 12:00:00,1433A,SWY,42.0,444.7810307578021,-402.7810307578021
2021-11-04 13:00:00,1433A,SWY,34.0,443.51989330490994,-409.51989330490994
2021-11-04 14:00:00,1433A,SWY,32.0,441.96641325402317,-409.96641325402317
2021-11-04 15:00:00,1433A,SWY,35.0,440.0109918478702,-405.0109918478702
2021-11-04 16:00:00,1433A,SWY,48.0,438.980048760831,-390.980048760831
2021-11-04 17:00:00,1433A,SWY,44.0,437.95543083227955,-393.95543083227955
2021-11-04 18:00:00,1433A,SWY,38.0,436.69251884457384,-398.69251884457384
2021-11-04 19:00:00,1433A,SWY,34.0,437.3687433755053,-403.3687433755053
2021-11-04 20:00:00,1433A,SWY,36.0,438.34140642238407,-402.34140642238407
2021-11-04 21:00:00,1433A,SWY,37.0,439.0155517658396,-402.0155517658396
2021-11-04 22:00:00,1433A,SWY,42.0,440.7049551166237,-398.7049551166237
2021-11-04 23:00:00,1433A,SWY,37.0,440.3793218639643,-403.3793218639643
2021-11-05 00:00:00,1433A,SWY,36.0,440.7135346619458,-404.7135346619458
2021-11-05 01:00:00,1433A,SWY,38.0,439.8403708195578,-401.8403708195578
2021-11-05 02:00:00,1433A,SWY,37.0,439.3013931032857,-402.3013931032857
2021-11-05 03:00:00,1433A,SWY,36.0,438.6423951188966,-402.6423951188966
2021-11-05 04:00:00,1433A,SWY,42.0,438.14738961838475,-396.14738961838475
2021-11-05 05:00:00,1433A,SWY,45.0,437.96819160017156,-392.96819160017156
2021-11-05 06:00:00,1433A,SWY,44.0,438.3388015964803,-394.3388015964803
2021-11-05 07:00:00,1433A,SWY,42.0,438.236176373276,-396.236176373276
2021-11-05 08:00:00,1433A,SWY,41.0,439.9116391055666,-398.9116391055666
2021-11-05 09:00:00,1433A,SWY,43.0,442.21587987376375,-399.21587987376375
2021-11-05 10:00:00,1433A,SWY,44.0,443.76157975978583,-399.76157975978583
2021-11-05 11:00:00,1433A,SWY,50.0,445.45916576710795,-395.45916576710795
2021-11-05 12:00:00,1433A,SWY,58.0,445.8410076681025,-387.8410076681025
2021-11-05 13:00:00,1433A,SWY,56.0,444.57987021521035,-388.57987021521035
2021-11-05 14:00:00,1433A,SWY,58.0,443.0263901643236,-385.0263901643236
2021-11-05 15:00:00,1433A,SWY,47.0,441.0709687581706,-394.0709687581706
2021-11-05 16:00:00,1433A,SWY,40.0,440.0400256711314,-400.0400256711314
2021-11-05 17:00:00,1433A,SWY,40.0,439.01540774257995,-399.01540774257995
2021-11-05 18:00:00,1433A,SWY,36.0,437.75249575487425,-401.75249575487425
2021-11-05 19:00:00,1433A,SWY,32.0,438.4287202858057,-406.4287202858057
2021-11-05 20:00:00,1433A,SWY,36.0,439.4013833326845,-403.4013833326845
2021-11-05 21:00:00,1433A,SWY,37.0,440.07552867614,-403.07552867614
2021-11-05 22:00:00,1433A,SWY,39.0,441.7649320269241,-402.7649320269241
2021-11-05 23:00:00,1433A,SWY,40.0,441.4392987742647,-401.4392987742647
2021-11-06 00:00:00,1433A,SWY,39.0,441.7735115722462,-402.7735115722462
2021-11-06 01:00:00,1433A,SWY,38.0,440.9003477298582,-402.9003477298582
2021-11-06 02:00:00,1433A,SWY,44.0,440.3613700135861,-396.3613700135861
2021-11-06 03:00:00,1433A,SWY,54.0,439.702372029197,-385.702372029197
2021-11-06 04:00:00,1433A,SWY,50.0,439.20736652868516,-389.20736652868516
2021-11-06 05:00:00,1433A,SWY,48.0,439.02816851047197,-391.02816851047197
2021-11-06 06:00:00,1433A,SWY,47.0,439.39877850678073,-392.39877850678073
2021-11-06 07:00:00,1433A,SWY,49.0,439.2961532835764,-390.2961532835764
2021-11-06 08:00:00,1433A,SWY,46.0,440.971616015867,-394.971616015867
2021-11-06 09:00:00,1433A,SWY,51.0,443.27585678406416,-392.27585678406416
2021-11-06 10:00:00,1433A,SWY,48.0,444.82155667008624,-396.82155667008624
2021-11-06 11:00:00,1433A,SWY,38.0,446.51914267740835,-408.51914267740835
2021-11-06 12:00:00,1433A,SWY,31.0,446.9009845784029,-415.9009845784029
2021-11-06 13:00:00,1433A,SWY,29.0,445.63984712551076,-416.63984712551076
2021-11-06 14:00:00,1433A,SWY,23.0,444.086367074624,-421.086367074624
2021-11-06 15:00:00,1433A,SWY,21.0,442.130945668471,-421.130945668471
2021-11-06 16:00:00,1433A,SWY,21.0,441.1000025814318,-420.1000025814318
2021-11-06 17:00:00,1433A,SWY,20.0,440.07538465288036,-420.07538465288036
2021-11-06 18:00:00,1433A,SWY,22.0,438.81247266517465,-416.81247266517465
2021-11-06 19:00:00,1433A,SWY,20.0,439.4886971961061,-419.4886971961061
2021-11-06 20:00:00,1433A,SWY,5.0,440.4613602429849,-435.4613602429849
2021-11-06 21:00:00,1433A,SWY,4.0,441.1355055864404,-437.1355055864404
2021-11-06 22:00:00,1433A,SWY,3.0,442.8249089372245,-439.8249089372245
2021-11-06 23:00:00,1433A,SWY,4.0,442.49927568456513,-438.49927568456513
2021-11-07 00:00:00,1433A,SWY,6.0,442.8334884825466,-436.8334884825466
2021-11-07 01:00:00,1433A,SWY,8.0,441.9603246401586,-433.9603246401586
2021-11-07 02:00:00,1433A,SWY,10.0,441.4213469238865,-431.4213469238865
2021-11-07 03:00:00,1433A,SWY,11.0,440.76234893949743,-429.76234893949743
2021-11-07 04:00:00,1433A,SWY,11.0,440.26734343898556,-429.26734343898556
2021-11-07 05:00:00,1433A,SWY,10.0,440.0881454207724,-430.0881454207724
2021-11-07 06:00:00,1433A,SWY,10.0,440.45875541708114,-430.45875541708114
2021-11-07 07:00:00,1433A,SWY,11.0,440.3561301938768,-429.3561301938768
2021-11-07 08:00:00,1433A,SWY,11.0,442.03159292616743,-431.03159292616743
2021-11-07 09:00:00,1433A,SWY,11.0,444.33583369436457,-433.33583369436457
2021-11-07 10:00:00,1433A,SWY,11.0,445.88153358038664,-434.88153358038664
2021-11-07 11:00:00,1433A,SWY,12.0,447.57911958770876,-435.57911958770876
2021-11-07 12:00:00,1433A,SWY,17.0,447.96096148870333,-430.96096148870333
2021-11-07 13:00:00,1433A,SWY,16.0,446.69982403581116,-430.69982403581116
2021-11-07 14:00:00,1433A,SWY,16.0,445.1463439849244,-429.1463439849244
2021-11-07 15:00:00,1433A,SWY,18.0,443.1909225787714,-425.1909225787714
2021-11-07 16:00:00,1433A,SWY,14.0,442.1599794917322,-428.1599794917322
2021-11-07 17:00:00,1433A,SWY,14.0,441.13536156318077,-427.13536156318077
2021-11-07 18:00:00,1433A,SWY,18.0,439.87244957547506,-421.87244957547506
2021-11-07 19:00:00,1433A,SWY,20.0,440.5486741064065,-420.5486741064065
2021-11-07 20:00:00,1433A,SWY,22.0,441.5213371532853,-419.5213371532853
2021-11-07 21:00:00,1433A,SWY,31.0,442.1954824967408,-411.1954824967408
2021-11-07 22:00:00,1433A,SWY,29.0,443.8848858475249,-414.8848858475249
2021-11-07 23:00:00,1433A,SWY,27.0,443.55925259486554,-416.55925259486554
2021-11-08 00:00:00,1433A,SWY,28.0,443.893465392847,-415.893465392847
2021-11-08 01:00:00,1433A,SWY,25.0,443.020301550459,-418.020301550459
2021-11-08 02:00:00,1433A,SWY,22.0,442.4813238341869,-420.4813238341869
2021-11-08 03:00:00,1433A,SWY,20.0,441.82232584979783,-421.82232584979783
2021-11-08 04:00:00,1433A,SWY,21.0,441.32732034928597,-420.32732034928597
2021-11-08 05:00:00,1433A,SWY,28.0,441.1481223310728,-413.1481223310728
2021-11-08 06:00:00,1433A,SWY,26.0,441.51873232738154,-415.51873232738154
2021-11-08 07:00:00,1433A,SWY,25.0,441.41610710417723,-416.41610710417723
2021-11-08 08:00:00,1433A,SWY,25.0,443.09156983646784,-418.09156983646784
2021-11-08 09:00:00,1433A,SWY,24.0,445.395810604665,-421.395810604665
2021-11-08 10:00:00,1433A,SWY,29.0,446.94151049068705,-417.94151049068705
2021-11-08 11:00:00,1433A,SWY,31.0,448.63909649800917,-417.63909649800917
2021-11-08 12:00:00,1433A,SWY,30.0,449.02093839900374,-419.02093839900374
2021-11-08 13:00:00,1433A,SWY,31.0,447.75980094611157,-416.75980094611157
2021-11-08 14:00:00,1433A,SWY,30.0,446.2063208952248,-416.2063208952248
2021-11-08 15:00:00,1433A,SWY,26.0,444.2508994890718,-418.2508994890718
2021-11-08 16:00:00,1433A,SWY,26.0,443.2199564020326,-417.2199564020326
2021-11-08 17:00:00,1433A,SWY,27.0,442.1953384734812,-415.1953384734812
2021-11-08 18:00:00,1433A,SWY,26.0,440.93242648577547,-414.93242648577547
2021-11-08 19:00:00,1433A,SWY,24.0,441.6086510167069,-417.6086510167069
2021-11-08 20:00:00,1433A,SWY,26.0,442.5813140635857,-416.5813140635857
2021-11-08 21:00:00,1433A,SWY,26.0,443.2554594070412,-417.2554594070412
2021-11-08 22:00:00,1433A,SWY,26.0,444.9448627578253,-418.9448627578253
2021-11-08 23:00:00,1433A,SWY,26.0,444.61922950516595,-418.61922950516595
2021-11-09 00:00:00,1433A,SWY,26.0,444.9534423031474,-418.9534423031474
2021-11-09 01:00:00,1433A,SWY,24.0,444.0802784607594,-420.0802784607594
2021-11-09 02:00:00,1433A,SWY,24.0,443.54130074448733,-419.54130074448733
2021-11-09 03:00:00,1433A,SWY,26.0,442.88230276009824,-416.88230276009824
2021-11-09 04:00:00,1433A,SWY,27.0,442.3872972595864,-415.3872972595864
2021-11-09 05:00:00,1433A,SWY,28.0,442.2080992413732,-414.2080992413732
2021-11-09 06:00:00,1433A,SWY,32.0,442.57870923768195,-410.57870923768195
2021-11-09 07:00:00,1433A,SWY,34.0,442.47608401447764,-408.47608401447764
2021-11-09 08:00:00,1433A,SWY,36.0,444.15154674676825,-408.15154674676825
2021-11-09 09:00:00,1433A,SWY,32.0,446.4557875149654,-414.4557875149654
2021-11-09 10:00:00,1433A,SWY,29.0,448.00148740098746,-419.00148740098746
2021-11-09 11:00:00,1433A,SWY,33.0,449.6990734083096,-416.6990734083096
2021-11-09 12:00:00,1433A,SWY,41.0,450.08091530930415,-409.08091530930415
2021-11-09 13:00:00,1433A,SWY,41.0,448.819777856412,-407.819777856412
2021-11-09 14:00:00,1433A,SWY,43.0,447.2662978055252,-404.2662978055252
2021-11-09 15:00:00,1433A,SWY,42.0,445.3108763993722,-403.3108763993722
2021-11-09 16:00:00,1433A,SWY,37.0,444.279933312333,-407.279933312333
2021-11-09 17:00:00,1433A,SWY,32.0,443.2553153837816,-411.2553153837816
2021-11-09 18:00:00,1433A,SWY,30.0,441.9924033960759,-411.9924033960759
2021-11-09 19:00:00,1433A,SWY,35.0,442.6686279270073,-407.6686279270073
2021-11-09 20:00:00,1433A,SWY,36.0,443.6412909738861,-407.6412909738861
2021-11-09 21:00:00,1433A,SWY,28.0,444.3154363173416,-416.3154363173416
2021-11-09 22:00:00,1433A,SWY,31.0,446.0048396681257,-415.0048396681257
2021-11-09 23:00:00,1433A,SWY,34.0,445.67920641546635,-411.67920641546635
2021-11-10 00:00:00,1433A,SWY,38.0,446.01341921344783,-408.01341921344783
2021-11-10 01:00:00,1433A,SWY,40.0,445.1402553710598,-405.1402553710598
2021-11-10 02:00:00,1433A,SWY,39.0,444.60127765478774,-405.60127765478774
2021-11-10 03:00:00,1433A,SWY,41.0,443.94227967039865,-402.94227967039865
2021-11-10 04:00:00,1433A,SWY,42.0,443.4472741698868,-401.4472741698868
2021-11-10 05:00:00,1433A,SWY,34.0,443.2680761516736,-409.2680761516736
2021-11-10 06:00:00,1433A,SWY,31.0,443.63868614798236,-412.63868614798236
2021-11-10 07:00:00,1433A,SWY,31.0,443.53606092477804,-412.53606092477804
2021-11-10 08:00:00,1433A,SWY,35.0,445.21152365706865,-410.21152365706865
2021-11-10 09:00:00,1433A,SWY,42.0,447.5157644252658,-405.5157644252658
2021-11-10 10:00:00,1433A,SWY,48.0,449.06146431128786,-401.06146431128786
2021-11-10 11:00:00,1433A,SWY,52.0,450.75905031861,-398.75905031861
2021-11-10 12:00:00,1433A,SWY,55.0,451.14089221960455,-396.14089221960455
2021-11-10 13:00:00,1433A,SWY,51.0,449.8797547667124,-398.8797547667124
2021-11-10 14:00:00,1433A,SWY,37.0,448.3262747158256,-411.3262747158256
2021-11-10 15:00:00,1433A,SWY,35.0,446.3708533096726,-411.3708533096726
2021-11-10 16:00:00,1433A,SWY,34.0,445.3399102226334,-411.3399102226334
2021-11-10 17:00:00,1433A,SWY,32.0,444.315292294082,-412.315292294082
2021-11-10 18:00:00,1433A,SWY,28.0,443.0523803063763,-415.0523803063763
2021-11-10 19:00:00,1433A,SWY,29.0,443.7286048373077,-414.7286048373077
2021-11-10 20:00:00,1433A,SWY,34.0,444.7012678841865,-410.7012678841865
2021-11-10 21:00:00,1433A,SWY,40.0,445.375413227642,-405.375413227642
2021-11-10 22:00:00,1433A,SWY,40.0,447.06481657842613,-407.06481657842613
2021-11-10 23:00:00,1433A,SWY,42.0,446.73918332576676,-404.73918332576676
2021-11-11 00:00:00,1433A,SWY,33.0,447.07339612374824,-414.07339612374824
2021-11-11 01:00:00,1433A,SWY,36.0,446.20023228136023,-410.20023228136023
2021-11-11 02:00:00,1433A,SWY,31.0,445.66125456508814,-414.66125456508814
2021-11-11 03:00:00,1433A,SWY,33.0,445.00225658069905,-412.00225658069905
2021-11-11 04:00:00,1433A,SWY,35.0,444.5072510801872,-409.5072510801872
2021-11-11 05:00:00,1433A,SWY,37.0,444.328053061974,-407.328053061974
2021-11-11 06:00:00,1433A,SWY,38.0,444.69866305828276,-406.69866305828276
2021-11-11 07:00:00,1433A,SWY,40.0,444.59603783507845,-404.59603783507845
2021-11-11 08:00:00,1433A,SWY,40.0,446.27150056736906,-406.27150056736906
2021-11-11 09:00:00,1433A,SWY,44.0,448.5757413355662,-404.5757413355662
2021-11-11 10:00:00,1433A,SWY,46.0,450.12144122158827,-404.12144122158827
2021-11-11 11:00:00,1433A,SWY,50.0,451.8190272289104,-401.8190272289104
2021-11-11 12:00:00,1433A,SWY,65.0,452.20086912990496,-387.20086912990496
2021-11-11 13:00:00,1433A,SWY,70.0,450.9397316770128,-380.9397316770128
2021-11-11 14:00:00,1433A,SWY,55.0,449.386251626126,-394.386251626126
2021-11-11 15:00:00,1433A,SWY,57.0,447.430830219973,-390.430830219973
2021-11-11 16:00:00,1433A,SWY,58.0,446.3998871329338,-388.3998871329338
2021-11-11 17:00:00,1433A,SWY,56.0,445.3752692043824,-389.3752692043824
2021-11-11 18:00:00,1433A,SWY,56.0,444.1123572166767,-388.1123572166767
2021-11-11 19:00:00,1433A,SWY,54.0,444.78858174760813,-390.78858174760813
2021-11-11 20:00:00,1433A,SWY,50.0,445.7612447944869,-395.7612447944869
2021-11-11 21:00:00,1433A,SWY,48.0,446.4353901379424,-398.4353901379424
2021-11-11 22:00:00,1433A,SWY,47.0,448.12479348872654,-401.12479348872654
2021-11-11 23:00:00,1433A,SWY,44.0,447.79916023606717,-403.79916023606717
2021-11-12 00:00:00,1433A,SWY,41.0,448.13337303404865,-407.13337303404865
2021-11-12 01:00:00,1433A,SWY,42.0,447.26020919166064,-405.26020919166064
2021-11-12 02:00:00,1433A,SWY,44.0,446.72123147538855,-402.72123147538855
2021-11-12 03:00:00,1433A,SWY,44.0,446.06223349099946,-402.06223349099946
2021-11-12 04:00:00,1433A,SWY,44.0,445.5672279904876,-401.5672279904876
2021-11-12 05:00:00,1433A,SWY,44.0,445.3880299722744,-401.3880299722744
2021-11-12 06:00:00,1433A,SWY,43.0,445.75863996858317,-402.75863996858317
2021-11-12 07:00:00,1433A,SWY,44.0,445.65601474537885,-401.65601474537885
2021-11-12 08:00:00,1433A,SWY,45.0,447.33147747766947,-402.33147747766947
2021-11-12 09:00:00,1433A,SWY,47.0,449.6357182458666,-402.6357182458666
2021-11-12 10:00:00,1433A,SWY,50.0,451.1814181318887,-401.1814181318887
2021-11-12 11:00:00,1433A,SWY,53.0,452.8790041392108,-399.8790041392108
2021-11-12 12:00:00,1433A,SWY,55.0,453.26084604020537,-398.26084604020537
2021-11-12 13:00:00,1433A,SWY,47.0,451.9997085873132,-404.9997085873132
2021-11-12 14:00:00,1433A,SWY,49.0,450.4462285364264,-401.4462285364264
2021-11-12 15:00:00,1433A,SWY,36.0,448.4908071302734,-412.4908071302734
2021-11-12 16:00:00,1433A,SWY,24.0,447.45986404323423,-423.45986404323423
2021-11-12 17:00:00,1433A,SWY,24.0,446.4352461146828,-422.4352461146828
2021-11-12 18:00:00,1433A,SWY,32.0,445.1723341269771,-413.1723341269771
2021-11-12 19:00:00,1433A,SWY,44.0,445.84855865790854,-401.84855865790854
2021-11-12 20:00:00,1433A,SWY,44.0,446.8212217047873,-402.8212217047873
2021-11-12 21:00:00,1433A,SWY,50.0,447.4953670482428,-397.4953670482428
2021-11-12 22:00:00,1433A,SWY,63.0,449.18477039902695,-386.18477039902695
2021-11-12 23:00:00,1433A,SWY,66.0,448.8591371463676,-382.8591371463676
2021-11-13 00:00:00,1433A,SWY,73.0,449.19334994434905,-376.19334994434905
2021-11-13 01:00:00,1433A,SWY,84.0,448.32018610196104,-364.32018610196104
2021-11-13 02:00:00,1433A,SWY,93.0,447.78120838568896,-354.78120838568896
2021-11-13 03:00:00,1433A,SWY,83.0,447.12221040129987,-364.12221040129987
2021-11-13 04:00:00,1433A,SWY,85.0,446.627204900788,-361.627204900788
2021-11-13 05:00:00,1433A,SWY,94.0,446.4480068825748,-352.4480068825748
2021-11-13 06:00:00,1433A,SWY,99.0,446.8186168788836,-347.8186168788836
2021-11-13 07:00:00,1433A,SWY,98.0,446.71599165567926,-348.71599165567926
2021-11-13 08:00:00,1433A,SWY,103.0,448.3914543879699,-345.3914543879699
2021-11-13 09:00:00,1433A,SWY,96.0,450.695695156167,-354.695695156167
2021-11-13 10:00:00,1433A,SWY,105.0,452.2413950421891,-347.2413950421891
2021-11-13 11:00:00,1433A,SWY,122.0,453.9389810495112,-331.9389810495112
2021-11-13 12:00:00,1433A,SWY,125.0,454.3208229505058,-329.3208229505058
2021-11-13 13:00:00,1433A,SWY,122.0,453.0596854976136,-331.0596854976136
2021-11-13 14:00:00,1433A,SWY,119.0,451.5062054467268,-332.5062054467268
2021-11-13 15:00:00,1433A,SWY,104.0,449.55078404057383,-345.55078404057383
2021-11-13 16:00:00,1433A,SWY,100.0,448.51984095353464,-348.51984095353464
2021-11-13 17:00:00,1433A,SWY,108.0,447.4952230249832,-339.4952230249832
2021-11-13 18:00:00,1433A,SWY,94.0,446.2323110372775,-352.2323110372775
2021-11-13 19:00:00,1433A,SWY,68.0,446.90853556820895,-378.90853556820895
2021-11-13 20:00:00,1433A,SWY,79.0,447.8811986150877,-368.8811986150877
2021-11-13 21:00:00,1433A,SWY,86.0,448.55534395854323,-362.55534395854323
2021-11-13 22:00:00,1433A,SWY,71.0,450.24474730932735,-379.24474730932735
2021-11-13 23:00:00,1433A,SWY,79.0,449.919114056668,-370.919114056668
2021-11-14 00:00:00,1433A,SWY,82.0,450.25332685464946,-368.25332685464946
2021-11-14 01:00:00,1433A,SWY,101.0,449.38016301226145,-348.38016301226145
2021-11-14 02:00:00,1433A,SWY,92.0,448.84118529598936,-356.84118529598936
2021-11-14 03:00:00,1433A,SWY,129.0,448.1821873116003,-319.1821873116003
2021-11-14 04:00:00,1433A,SWY,134.0,447.6871818110884,-313.6871818110884
2021-11-14 05:00:00,1433A,SWY,138.0,447.5079837928752,-309.5079837928752
2021-11-14 06:00:00,1433A,SWY,140.0,447.878593789184,-307.878593789184
2021-11-14 07:00:00,1433A,SWY,131.0,447.77596856597967,-316.77596856597967
2021-11-14 08:00:00,1433A,SWY,122.0,449.4514312982703,-327.4514312982703
2021-11-14 09:00:00,1433A,SWY,115.0,451.7556720664674,-336.7556720664674
2021-11-14 10:00:00,1433A,SWY,116.0,453.3013719524895,-337.3013719524895
2021-11-14 11:00:00,1433A,SWY,113.0,454.9989579598116,-341.9989579598116
2021-11-14 12:00:00,1433A,SWY,110.0,455.3807998608062,-345.3807998608062
2021-11-14 13:00:00,1433A,SWY,111.0,454.119662407914,-343.119662407914
2021-11-14 14:00:00,1433A,SWY,128.0,452.56618235702723,-324.56618235702723
2021-11-14 15:00:00,1433A,SWY,104.0,450.61076095087424,-346.61076095087424
2021-11-14 16:00:00,1433A,SWY,89.0,449.57981786383505,-360.57981786383505
2021-11-14 17:00:00,1433A,SWY,101.0,448.5551999352836,-347.5551999352836
2021-11-14 18:00:00,1433A,SWY,91.0,447.2922879475779,-356.2922879475779
2021-11-14 19:00:00,1433A,SWY,82.0,447.96851247850935,-365.96851247850935
2021-11-14 20:00:00,1433A,SWY,117.0,448.94117552538813,-331.94117552538813
2021-11-14 21:00:00,1433A,SWY,129.0,449.61532086884364,-320.61532086884364
2021-11-14 22:00:00,1433A,SWY,128.0,451.30472421962776,-323.30472421962776
2021-11-14 23:00:00,1433A,SWY,128.0,450.9790909669684,-322.9790909669684
2021-11-15 00:00:00,1433A,SWY,124.0,451.31330376494986,-327.31330376494986
2021-11-15 01:00:00,1433A,SWY,124.0,450.44013992256185,-326.44013992256185
2021-11-15 02:00:00,1433A,SWY,125.0,449.90116220628977,-324.90116220628977
2021-11-15 03:00:00,1433A,SWY,127.0,449.2421642219007,-322.2421642219007
2021-11-15 04:00:00,1433A,SWY,128.0,448.7471587213888,-320.7471587213888
2021-11-15 05:00:00,1433A,SWY,138.0,448.56796070317563,-310.56796070317563
2021-11-15 06:00:00,1433A,SWY,127.0,448.9385706994844,-321.9385706994844
2021-11-15 07:00:00,1433A,SWY,132.0,448.8359454762801,-316.8359454762801
2021-11-15 08:00:00,1433A,SWY,104.0,450.5114082085707,-346.5114082085707
2021-11-15 09:00:00,1433A,SWY,105.0,452.8156489767678,-347.8156489767678
2021-11-15 10:00:00,1433A,SWY,120.0,454.3613488627899,-334.3613488627899
2021-11-15 11:00:00,1433A,SWY,133.0,456.058934870112,-323.058934870112
2021-11-15 12:00:00,1433A,SWY,142.0,456.4407767711066,-314.4407767711066
2021-11-15 13:00:00,1433A,SWY,157.0,455.1796393182144,-298.1796393182144
2021-11-15 14:00:00,1433A,SWY,158.0,453.62615926732764,-295.62615926732764
2021-11-15 15:00:00,1433A,SWY,155.0,451.67073786117464,-296.67073786117464
2021-11-15 16:00:00,1433A,SWY,161.0,450.63979477413545,-289.63979477413545
2021-11-15 17:00:00,1433A,SWY,158.0,449.615176845584,-291.615176845584
2021-11-15 18:00:00,1433A,SWY,165.0,448.3522648578783,-283.3522648578783
2021-11-15 19:00:00,1433A,SWY,171.0,449.02848938880976,-278.02848938880976
2021-11-15 20:00:00,1433A,SWY,168.0,450.00115243568854,-282.00115243568854
2021-11-15 21:00:00,1433A,SWY,165.0,450.67529777914405,-285.67529777914405
2021-11-15 22:00:00,1433A,SWY,161.0,452.36470112992816,-291.36470112992816
2021-11-15 23:00:00,1433A,SWY,161.0,452.0390678772688,-291.0390678772688
2021-11-16 00:00:00,1433A,SWY,165.0,452.37328067525027,-287.37328067525027
2021-11-16 01:00:00,1433A,SWY,173.0,451.50011683286226,-278.50011683286226
2021-11-16 02:00:00,1433A,SWY,193.0,450.9611391165902,-257.9611391165902
2021-11-16 03:00:00,1433A,SWY,190.0,450.3021411322011,-260.3021411322011
2021-11-16 04:00:00,1433A,SWY,187.0,449.8071356316892,-262.8071356316892
2021-11-16 05:00:00,1433A,SWY,178.0,449.62793761347604,-271.62793761347604
2021-11-16 06:00:00,1433A,SWY,171.0,449.9985476097848,-278.9985476097848
2021-11-16 07:00:00,1433A,SWY,173.0,449.8959223865805,-276.8959223865805
2021-11-16 08:00:00,1433A,SWY,172.0,451.5713851188711,-279.5713851188711
2021-11-16 09:00:00,1433A,SWY,179.0,453.8756258870682,-274.8756258870682
2021-11-16 10:00:00,1433A,SWY,187.0,455.4213257730903,-268.4213257730903
2021-11-16 11:00:00,1433A,SWY,,457.1189117804124,
2021-11-16 12:00:00,1433A,SWY,,457.500753681407,
2021-11-16 13:00:00,1433A,SWY,156.0,456.2396162285148,-300.2396162285148
2021-11-16 14:00:00,1433A,SWY,141.0,454.68613617762804,-313.68613617762804
2021-11-16 15:00:00,1433A,SWY,131.0,452.73071477147505,-321.73071477147505
2021-11-16 16:00:00,1433A,SWY,82.0,451.69977168443586,-369.69977168443586
2021-11-16 17:00:00,1433A,SWY,56.0,450.6751537558844,-394.6751537558844
2021-11-16 18:00:00,1433A,SWY,70.0,449.4122417681787,-379.4122417681787
2021-11-16 19:00:00,1433A,SWY,82.0,450.08846629911017,-368.08846629911017
2021-11-16 20:00:00,1433A,SWY,81.0,451.06112934598895,-370.06112934598895
2021-11-16 21:00:00,1433A,SWY,69.0,451.73527468944445,-382.73527468944445
2021-11-16 22:00:00,1433A,SWY,51.0,453.42467804022857,-402.42467804022857
2021-11-16 23:00:00,1433A,SWY,45.0,453.0990447875692,-408.0990447875692
2021-11-17 00:00:00,1433A,SWY,25.0,453.4332575855507,-428.4332575855507
2021-11-17 01:00:00,1433A,SWY,20.0,452.56009374316267,-432.56009374316267
2021-11-17 02:00:00,1433A,SWY,24.0,452.0211160268906,-428.0211160268906
2021-11-17 03:00:00,1433A,SWY,24.0,451.3621180425015,-427.3621180425015
2021-11-17 04:00:00,1433A,SWY,25.0,450.8671125419896,-425.8671125419896
2021-11-17 05:00:00,1433A,SWY,24.0,450.68791452377644,-426.68791452377644
2021-11-17 06:00:00,1433A,SWY,21.0,451.0585245200852,-430.0585245200852
2021-11-17 07:00:00,1433A,SWY,22.0,450.9558992968809,-428.9558992968809
2021-11-17 08:00:00,1433A,SWY,22.0,452.6313620291715,-430.6313620291715
2021-11-17 09:00:00,1433A,SWY,28.0,454.93560279736863,-426.93560279736863
2021-11-17 10:00:00,1433A,SWY,32.0,456.4813026833907,-424.4813026833907
2021-11-17 11:00:00,1433A,SWY,35.0,458.1788886907128,-423.1788886907128
2021-11-17 12:00:00,1433A,SWY,49.0,458.5607305917074,-409.5607305917074
2021-11-17 13:00:00,1433A,SWY,61.0,457.2995931388152,-396.2995931388152
2021-11-17 14:00:00,1433A,SWY,51.0,455.74611308792845,-404.74611308792845
2021-11-17 15:00:00,1433A,SWY,39.0,453.79069168177546,-414.79069168177546
2021-11-17 16:00:00,1433A,SWY,35.0,452.75974859473627,-417.75974859473627
2021-11-17 17:00:00,1433A,SWY,32.0,451.73513066618483,-419.73513066618483
2021-11-17 18:00:00,1433A,SWY,34.0,450.4722186784791,-416.4722186784791
2021-11-17 19:00:00,1433A,SWY,22.0,451.1484432094106,-429.1484432094106
2021-11-17 20:00:00,1433A,SWY,20.0,452.12110625628935,-432.12110625628935
2021-11-17 21:00:00,1433A,SWY,22.0,452.79525159974486,-430.79525159974486
2021-11-17 22:00:00,1433A,SWY,22.0,454.484654950529,-432.484654950529
2021-11-17 23:00:00,1433A,SWY,24.0,454.1590216978696,-430.1590216978696
2021-11-18 00:00:00,1433A,SWY,27.0,454.4932344958511,-427.4932344958511
2021-11-18 01:00:00,1433A,SWY,29.0,453.6200706534631,-424.6200706534631
2021-11-18 02:00:00,1433A,SWY,30.0,453.081092937191,-423.081092937191
2021-11-18 03:00:00,1433A,SWY,31.0,452.4220949528019,-421.4220949528019
2021-11-18 04:00:00,1433A,SWY,31.0,451.92708945229003,-420.92708945229003
2021-11-18 05:00:00,1433A,SWY,30.0,451.74789143407685,-421.74789143407685
2021-11-18 06:00:00,1433A,SWY,31.0,452.1185014303856,-421.1185014303856
2021-11-18 07:00:00,1433A,SWY,31.0,452.0158762071813,-421.0158762071813
2021-11-18 08:00:00,1433A,SWY,33.0,453.6913389394719,-420.6913389394719
2021-11-18 09:00:00,1433A,SWY,39.0,455.99557970766904,-416.99557970766904
2021-11-18 10:00:00,1433A,SWY,47.0,457.5412795936911,-410.5412795936911
2021-11-18 11:00:00,1433A,SWY,,459.23886560101323,
2021-11-18 12:00:00,1433A,SWY,,459.6207075020078,
2021-11-18 13:00:00,1433A,SWY,47.0,458.35957004911563,-411.35957004911563
2021-11-18 14:00:00,1433A,SWY,43.0,456.80608999822886,-413.80608999822886
2021-11-18 15:00:00,1433A,SWY,40.0,454.85066859207586,-414.85066859207586
2021-11-18 16:00:00,1433A,SWY,40.0,453.8197255050367,-413.8197255050367
2021-11-18 17:00:00,1433A,SWY,41.0,452.79510757648524,-411.79510757648524
2021-11-18 18:00:00,1433A,SWY,45.0,451.53219558877953,-406.53219558877953
2021-11-18 19:00:00,1433A,SWY,47.0,452.208420119711,-405.208420119711
2021-11-18 20:00:00,1433A,SWY,51.0,453.18108316658976,-402.18108316658976
2021-11-18 21:00:00,1433A,SWY,53.0,453.85522851004527,-400.85522851004527
2021-11-18 22:00:00,1433A,SWY,58.0,455.5446318608294,-397.5446318608294
2021-11-18 23:00:00,1433A,SWY,63.0,455.21899860817,-392.21899860817
2021-11-19 00:00:00,1433A,SWY,63.0,455.5532114061515,-392.5532114061515
2021-11-19 01:00:00,1433A,SWY,57.0,454.6800475637635,-397.6800475637635
2021-11-19 02:00:00,1433A,SWY,56.0,454.1410698474914,-398.1410698474914
2021-11-19 03:00:00,1433A,SWY,56.0,453.4820718631023,-397.4820718631023
2021-11-19 04:00:00,1433A,SWY,53.0,452.98706636259044,-399.98706636259044
2021-11-19 05:00:00,1433A,SWY,54.0,452.80786834437725,-398.80786834437725
2021-11-19 06:00:00,1433A,SWY,60.0,453.178478340686,-393.178478340686
2021-11-19 07:00:00,1433A,SWY,64.0,453.0758531174817,-389.0758531174817
2021-11-19 08:00:00,1433A,SWY,66.0,454.7513158497723,-388.7513158497723
2021-11-19 09:00:00,1433A,SWY,68.0,457.05555661796944,-389.05555661796944
2021-11-19 10:00:00,1433A,SWY,66.0,458.6012565039915,-392.6012565039915
2021-11-19 11:00:00,1433A,SWY,61.0,460.29884251131364,-399.29884251131364
2021-11-19 12:00:00,1433A,SWY,66.0,460.6806844123082,-394.6806844123082
2021-11-19 13:00:00,1433A,SWY,72.0,459.41954695941604,-387.41954695941604
2021-11-19 14:00:00,1433A,SWY,72.0,457.86606690852926,-385.86606690852926
2021-11-19 15:00:00,1433A,SWY,67.0,455.91064550237627,-388.91064550237627
2021-11-19 16:00:00,1433A,SWY,58.0,454.8797024153371,-396.8797024153371
2021-11-19 17:00:00,1433A,SWY,60.0,453.85508448678564,-393.85508448678564
2021-11-19 18:00:00,1433A,SWY,64.0,452.59217249907994,-388.59217249907994
2021-11-19 19:00:00,1433A,SWY,64.0,453.2683970300114,-389.2683970300114
2021-11-19 20:00:00,1433A,SWY,55.0,454.24106007689016,-399.24106007689016
2021-11-19 21:00:00,1433A,SWY,54.0,454.91520542034567,-400.91520542034567
2021-11-19 22:00:00,1433A,SWY,54.0,456.6046087711298,-402.6046087711298
2021-11-19 23:00:00,1433A,SWY,57.0,456.2789755184704,-399.2789755184704
2021-11-20 00:00:00,1433A,SWY,56.0,456.6131883164519,-400.6131883164519
2021-11-20 01:00:00,1433A,SWY,56.0,455.7400244740639,-399.7400244740639
2021-11-20 02:00:00,1433A,SWY,62.0,455.2010467577918,-393.2010467577918
2021-11-20 03:00:00,1433A,SWY,63.0,454.5420487734027,-391.5420487734027
2021-11-20 04:00:00,1433A,SWY,66.0,454.04704327289085,-388.04704327289085
2021-11-20 05:00:00,1433A,SWY,68.0,453.86784525467766,-385.86784525467766
2021-11-20 06:00:00,1433A,SWY,67.0,454.2384552509864,-387.2384552509864
2021-11-20 07:00:00,1433A,SWY,69.0,454.1358300277821,-385.1358300277821
2021-11-20 08:00:00,1433A,SWY,71.0,455.8112927600727,-384.8112927600727
2021-11-20 09:00:00,1433A,SWY,66.0,458.11553352826985,-392.11553352826985
2021-11-20 10:00:00,1433A,SWY,68.0,459.6612334142919,-391.6612334142919
2021-11-20 11:00:00,1433A,SWY,72.0,461.35881942161404,-389.35881942161404
2021-11-20 12:00:00,1433A,SWY,73.0,461.7406613226086,-388.7406613226086
2021-11-20 13:00:00,1433A,SWY,76.0,460.47952386971645,-384.47952386971645
2021-11-20 14:00:00,1433A,SWY,81.0,458.92604381882967,-377.92604381882967
2021-11-20 15:00:00,1433A,SWY,84.0,456.9706224126767,-372.9706224126767
2021-11-20 16:00:00,1433A,SWY,87.0,455.9396793256375,-368.9396793256375
2021-11-20 17:00:00,1433A,SWY,,454.91506139708605,
2021-11-20 18:00:00,1433A,SWY,,453.65214940938034,
2021-11-20 19:00:00,1433A,SWY,,454.3283739403118,
2021-11-20 20:00:00,1433A,SWY,,455.30103698719057,
2021-11-20 21:00:00,1433A,SWY,,455.9751823306461,
2021-11-20 22:00:00,1433A,SWY,,457.6645856814302,
2021-11-20 23:00:00,1433A,SWY,,457.3389524287708,
2021-11-21 00:00:00,1433A,SWY,,457.6731652267523,
2021-11-21 01:00:00,1433A,SWY,102.0,456.8000013843643,-354.8000013843643
2021-11-21 02:00:00,1433A,SWY,110.0,456.2610236680922,-346.2610236680922
2021-11-21 03:00:00,1433A,SWY,110.0,455.6020256837031,-345.6020256837031
2021-11-21 04:00:00,1433A,SWY,78.0,455.10702018319125,-377.10702018319125
2021-11-21 05:00:00,1433A,SWY,41.0,454.92782216497807,-413.92782216497807
2021-11-21 06:00:00,1433A,SWY,28.0,455.2984321612868,-427.2984321612868
2021-11-21 07:00:00,1433A,SWY,26.0,455.1958069380825,-429.1958069380825
2021-11-21 08:00:00,1433A,SWY,23.0,456.8712696703731,-433.8712696703731
2021-11-21 09:00:00,1433A,SWY,23.0,459.17551043857026,-436.17551043857026
2021-11-21 10:00:00,1433A,SWY,23.0,460.72121032459233,-437.72121032459233
2021-11-21 11:00:00,1433A,SWY,26.0,462.41879633191445,-436.41879633191445
2021-11-21 12:00:00,1433A,SWY,27.0,462.800638232909,-435.800638232909
2021-11-21 13:00:00,1433A,SWY,,461.53950078001685,
2021-11-21 14:00:00,1433A,SWY,,459.9860207291301,
2021-11-21 15:00:00,1433A,SWY,21.0,458.0305993229771,-437.0305993229771
2021-11-21 16:00:00,1433A,SWY,18.0,456.9996562359379,-438.9996562359379
2021-11-21 17:00:00,1433A,SWY,19.0,455.97503830738646,-436.97503830738646
2021-11-21 18:00:00,1433A,SWY,20.0,454.71212631968075,-434.71212631968075
2021-11-21 19:00:00,1433A,SWY,25.0,455.3883508506122,-430.3883508506122
2021-11-21 20:00:00,1433A,SWY,27.0,456.361013897491,-429.361013897491
2021-11-21 21:00:00,1433A,SWY,38.0,457.0351592409465,-419.0351592409465
2021-11-21 22:00:00,1433A,SWY,37.0,458.7245625917306,-421.7245625917306
2021-11-21 23:00:00,1433A,SWY,32.0,458.39892933907123,-426.39892933907123
2021-11-22 00:00:00,1433A,SWY,34.0,458.7331421370527,-424.7331421370527
2021-11-22 01:00:00,1433A,SWY,32.0,457.8599782946647,-425.8599782946647
2021-11-22 02:00:00,1433A,SWY,22.0,457.3210005783926,-435.3210005783926
2021-11-22 03:00:00,1433A,SWY,18.0,456.6620025940035,-438.6620025940035
2021-11-22 04:00:00,1433A,SWY,18.0,456.16699709349166,-438.16699709349166
2021-11-22 05:00:00,1433A,SWY,17.0,455.9877990752785,-438.9877990752785
2021-11-22 06:00:00,1433A,SWY,15.0,456.35840907158723,-441.35840907158723
2021-11-22 07:00:00,1433A,SWY,18.0,456.2557838483829,-438.2557838483829
2021-11-22 08:00:00,1433A,SWY,20.0,457.93124658067353,-437.93124658067353
2021-11-22 09:00:00,1433A,SWY,18.0,460.23548734887066,-442.23548734887066
2021-11-22 10:00:00,1433A,SWY,19.0,461.78118723489274,-442.78118723489274
2021-11-22 11:00:00,1433A,SWY,17.0,463.47877324221486,-446.47877324221486
2021-11-22 12:00:00,1433A,SWY,21.0,463.86061514320943,-442.86061514320943
2021-11-22 13:00:00,1433A,SWY,19.0,462.59947769031726,-443.59947769031726
2021-11-22 14:00:00,1433A,SWY,12.0,461.0459976394305,-449.0459976394305
2021-11-22 15:00:00,1433A,SWY,13.0,459.0905762332775,-446.0905762332775
2021-11-22 16:00:00,1433A,SWY,13.0,458.0596331462383,-445.0596331462383
2021-11-22 17:00:00,1433A,SWY,13.0,457.03501521768686,-444.03501521768686
2021-11-22 18:00:00,1433A,SWY,16.0,455.77210322998116,-439.77210322998116
2021-11-22 19:00:00,1433A,SWY,18.0,456.4483277609126,-438.4483277609126
2021-11-22 20:00:00,1433A,SWY,21.0,457.4209908077914,-436.4209908077914
2021-11-22 21:00:00,1433A,SWY,21.0,458.0951361512469,-437.0951361512469
2021-11-22 22:00:00,1433A,SWY,17.0,459.784539502031,-442.784539502031
2021-11-22 23:00:00,1433A,SWY,20.0,459.45890624937164,-439.45890624937164
2021-11-23 00:00:00,1433A,SWY,24.0,459.7931190473531,-435.7931190473531
2021-11-23 01:00:00,1433A,SWY,24.0,458.9199552049651,-434.9199552049651
2021-11-23 02:00:00,1433A,SWY,25.0,458.380977488693,-433.380977488693
2021-11-23 03:00:00,1433A,SWY,26.0,457.72197950430393,-431.72197950430393
2021-11-23 04:00:00,1433A,SWY,29.0,457.22697400379207,-428.22697400379207
2021-11-23 05:00:00,1433A,SWY,32.0,457.0477759855789,-425.0477759855789
2021-11-23 06:00:00,1433A,SWY,36.0,457.41838598188764,-421.41838598188764
2021-11-23 07:00:00,1433A,SWY,40.0,457.3157607586833,-417.3157607586833
2021-11-23 08:00:00,1433A,SWY,45.0,458.99122349097394,-413.99122349097394
2021-11-23 09:00:00,1433A,SWY,50.0,461.29546425917107,-411.29546425917107
2021-11-23 10:00:00,1433A,SWY,42.0,462.84116414519315,-420.84116414519315
2021-11-23 11:00:00,1433A,SWY,32.0,464.53875015251526,-432.53875015251526
2021-11-23 12:00:00,1433A,SWY,25.0,464.92059205350984,-439.92059205350984
2021-11-23 13:00:00,1433A,SWY,24.0,463.65945460061766,-439.65945460061766
2021-11-23 14:00:00,1433A,SWY,21.0,462.1059745497309,-441.1059745497309
2021-11-23 15:00:00,1433A,SWY,17.0,460.1505531435779,-443.1505531435779
2021-11-23 16:00:00,1433A,SWY,17.0,459.1196100565387,-442.1196100565387
2021-11-23 17:00:00,1433A,SWY,16.0,458.09499212798727,-442.09499212798727
2021-11-23 18:00:00,1433A,SWY,18.0,456.83208014028156,-438.83208014028156
2021-11-23 19:00:00,1433A,SWY,22.0,457.508304671213,-435.508304671213
2021-11-23 20:00:00,1433A,SWY,23.0,458.4809677180918,-435.4809677180918
2021-11-23 21:00:00,1433A,SWY,20.0,459.1551130615473,-439.1551130615473
2021-11-23 22:00:00,1433A,SWY,20.0,460.8445164123314,-440.8445164123314
2021-11-23 23:00:00,1433A,SWY,19.0,460.51888315967204,-441.51888315967204
2021-11-24 00:00:00,1433A,SWY,20.0,460.8530959576535,-440.8530959576535
2021-11-24 01:00:00,1433A,SWY,20.0,459.9799321152655,-439.9799321152655
2021-11-24 02:00:00,1433A,SWY,22.0,459.4409543989934,-437.4409543989934
2021-11-24 03:00:00,1433A,SWY,26.0,458.78195641460434,-432.78195641460434
2021-11-24 04:00:00,1433A,SWY,29.0,458.2869509140925,-429.2869509140925
2021-11-24 05:00:00,1433A,SWY,37.0,458.1077528958793,-421.1077528958793
2021-11-24 06:00:00,1433A,SWY,33.0,458.47836289218804,-425.47836289218804
2021-11-24 07:00:00,1433A,SWY,33.0,458.37573766898373,-425.37573766898373
2021-11-24 08:00:00,1433A,SWY,33.0,460.05120040127434,-427.05120040127434
2021-11-24 09:00:00,1433A,SWY,41.0,462.3554411694715,-421.3554411694715
2021-11-24 10:00:00,1433A,SWY,45.0,463.90114105549355,-418.90114105549355
2021-11-24 11:00:00,1433A,SWY,44.0,465.59872706281567,-421.59872706281567
2021-11-24 12:00:00,1433A,SWY,45.0,465.98056896381024,-420.98056896381024
2021-11-24 13:00:00,1433A,SWY,27.0,464.71943151091807,-437.71943151091807
2021-11-24 14:00:00,1433A,SWY,22.0,463.1659514600313,-441.1659514600313
2021-11-24 15:00:00,1433A,SWY,21.0,461.2105300538783,-440.2105300538783
2021-11-24 16:00:00,1433A,SWY,20.0,460.1795869668391,-440.1795869668391
2021-11-24 17:00:00,1433A,SWY,20.0,459.1549690382877,-439.1549690382877
2021-11-24 18:00:00,1433A,SWY,20.0,457.89205705058197,-437.89205705058197
2021-11-24 19:00:00,1433A,SWY,19.0,458.5682815815134,-439.5682815815134
2021-11-24 20:00:00,1433A,SWY,21.0,459.5409446283922,-438.5409446283922
2021-11-24 21:00:00,1433A,SWY,22.0,460.2150899718477,-438.2150899718477
2021-11-24 22:00:00,1433A,SWY,24.0,461.9044933226318,-437.9044933226318
2021-11-24 23:00:00,1433A,SWY,26.0,461.57886006997245,-435.57886006997245
2021-11-25 00:00:00,1433A,SWY,33.0,461.91307286795393,-428.91307286795393
2021-11-25 01:00:00,1433A,SWY,33.0,461.0399090255659,-428.0399090255659
2021-11-25 02:00:00,1433A,SWY,31.0,460.50093130929383,-429.50093130929383
2021-11-25 03:00:00,1433A,SWY,33.0,459.84193332490474,-426.84193332490474
2021-11-25 04:00:00,1433A,SWY,39.0,459.3469278243929,-420.3469278243929
2021-11-25 05:00:00,1433A,SWY,43.0,459.1677298061797,-416.1677298061797
2021-11-25 06:00:00,1433A,SWY,39.0,459.53833980248845,-420.53833980248845
2021-11-25 07:00:00,1433A,SWY,41.0,459.43571457928414,-418.43571457928414
2021-11-25 08:00:00,1433A,SWY,44.0,461.11117731157475,-417.11117731157475
2021-11-25 09:00:00,1433A,SWY,48.0,463.4154180797719,-415.4154180797719
2021-11-25 10:00:00,1433A,SWY,49.0,464.96111796579396,-415.96111796579396
2021-11-25 11:00:00,1433A,SWY,52.0,466.6587039731161,-414.6587039731161
2021-11-25 12:00:00,1433A,SWY,50.0,467.04054587411065,-417.04054587411065
2021-11-25 13:00:00,1433A,SWY,45.0,465.7794084212185,-420.7794084212185
2021-11-25 14:00:00,1433A,SWY,47.0,464.2259283703317,-417.2259283703317
2021-11-25 15:00:00,1433A,SWY,,462.2705069641787,
2021-11-25 16:00:00,1433A,SWY,44.0,461.2395638771395,-417.2395638771395
2021-11-25 17:00:00,1433A,SWY,42.0,460.2149459485881,-418.2149459485881
2021-11-25 18:00:00,1433A,SWY,43.0,458.9520339608824,-415.9520339608824
2021-11-25 19:00:00,1433A,SWY,50.0,459.6282584918138,-409.6282584918138
2021-11-25 20:00:00,1433A,SWY,55.0,460.6009215386926,-405.6009215386926
2021-11-25 21:00:00,1433A,SWY,50.0,461.2750668821481,-411.2750668821481
2021-11-25 22:00:00,1433A,SWY,50.0,462.96447023293223,-412.96447023293223
2021-11-25 23:00:00,1433A,SWY,51.0,462.63883698027286,-411.63883698027286
2021-11-26 00:00:00,1433A,SWY,50.0,462.97304977825434,-412.97304977825434
2021-11-26 01:00:00,1433A,SWY,56.0,462.0998859358663,-406.0998859358663
2021-11-26 02:00:00,1433A,SWY,55.0,461.56090821959424,-406.56090821959424
2021-11-26 03:00:00,1433A,SWY,57.0,460.90191023520515,-403.90191023520515
2021-11-26 04:00:00,1433A,SWY,60.0,460.4069047346933,-400.4069047346933
2021-11-26 05:00:00,1433A,SWY,65.0,460.2277067164801,-395.2277067164801
2021-11-26 06:00:00,1433A,SWY,66.0,460.59831671278886,-394.59831671278886
2021-11-26 07:00:00,1433A,SWY,63.0,460.49569148958454,-397.49569148958454
2021-11-26 08:00:00,1433A,SWY,64.0,462.17115422187516,-398.17115422187516
2021-11-26 09:00:00,1433A,SWY,65.0,464.4753949900723,-399.4753949900723
2021-11-26 10:00:00,1433A,SWY,64.0,466.02109487609437,-402.02109487609437
2021-11-26 11:00:00,1433A,SWY,66.0,467.7186808834165,-401.7186808834165
2021-11-26 12:00:00,1433A,SWY,72.0,468.10052278441105,-396.10052278441105
2021-11-26 13:00:00,1433A,SWY,82.0,466.8393853315189,-384.8393853315189
2021-11-26 14:00:00,1433A,SWY,93.0,465.2859052806321,-372.2859052806321
2021-11-26 15:00:00,1433A,SWY,95.0,463.3304838744791,-368.3304838744791
2021-11-26 16:00:00,1433A,SWY,87.0,462.2995407874399,-375.2995407874399
2021-11-26 17:00:00,1433A,SWY,72.0,461.2749228588885,-389.2749228588885
2021-11-26 18:00:00,1433A,SWY,69.0,460.0120108711828,-391.0120108711828
2021-11-26 19:00:00,1433A,SWY,73.0,460.68823540211423,-387.68823540211423
2021-11-26 20:00:00,1433A,SWY,73.0,461.660898448993,-388.660898448993
2021-11-26 21:00:00,1433A,SWY,77.0,462.3350437924485,-385.3350437924485
2021-11-26 22:00:00,1433A,SWY,77.0,464.02444714323263,-387.02444714323263
2021-11-26 23:00:00,1433A,SWY,77.0,463.69881389057326,-386.69881389057326
2021-11-27 00:00:00,1433A,SWY,76.0,464.03302668855474,-388.03302668855474
2021-11-27 01:00:00,1433A,SWY,71.0,463.15986284616673,-392.15986284616673
2021-11-27 02:00:00,1433A,SWY,69.0,462.62088512989465,-393.62088512989465
2021-11-27 03:00:00,1433A,SWY,72.0,461.96188714550556,-389.96188714550556
2021-11-27 04:00:00,1433A,SWY,68.0,461.4668816449937,-393.4668816449937
2021-11-27 05:00:00,1433A,SWY,70.0,461.2876836267805,-391.2876836267805
2021-11-27 06:00:00,1433A,SWY,69.0,461.65829362308926,-392.65829362308926
2021-11-27 07:00:00,1433A,SWY,67.0,461.55566839988495,-394.55566839988495
2021-11-27 08:00:00,1433A,SWY,69.0,463.23113113217556,-394.23113113217556
2021-11-27 09:00:00,1433A,SWY,69.0,465.5353719003727,-396.5353719003727
2021-11-27 10:00:00,1433A,SWY,71.0,467.0810717863948,-396.0810717863948
2021-11-27 11:00:00,1433A,SWY,72.0,468.7786577937169,-396.7786577937169
2021-11-27 12:00:00,1433A,SWY,80.0,469.16049969471146,-389.16049969471146
2021-11-27 13:00:00,1433A,SWY,83.0,467.8993622418193,-384.8993622418193
2021-11-27 14:00:00,1433A,SWY,73.0,466.3458821909325,-393.3458821909325
2021-11-27 15:00:00,1433A,SWY,76.0,464.3904607847795,-388.3904607847795
2021-11-27 16:00:00,1433A,SWY,68.0,463.35951769774033,-395.35951769774033
2021-11-27 17:00:00,1433A,SWY,64.0,462.3348997691889,-398.3348997691889
2021-11-27 18:00:00,1433A,SWY,71.0,461.0719877814832,-390.0719877814832
2021-11-27 19:00:00,1433A,SWY,70.0,461.74821231241464,-391.74821231241464
2021-11-27 20:00:00,1433A,SWY,71.0,462.7208753592934,-391.7208753592934
2021-11-27 21:00:00,1433A,SWY,74.0,463.3950207027489,-389.3950207027489
2021-11-27 22:00:00,1433A,SWY,68.0,465.08442405353304,-397.08442405353304
2021-11-27 23:00:00,1433A,SWY,61.0,464.75879080087367,-403.75879080087367
2021-11-28 00:00:00,1433A,SWY,59.0,465.09300359885515,-406.09300359885515
2021-11-28 01:00:00,1433A,SWY,58.0,464.21983975646714,-406.21983975646714
2021-11-28 02:00:00,1433A,SWY,58.0,463.68086204019505,-405.68086204019505
2021-11-28 03:00:00,1433A,SWY,62.0,463.02186405580596,-401.02186405580596
2021-11-28 04:00:00,1433A,SWY,65.0,462.5268585552941,-397.5268585552941
2021-11-28 05:00:00,1433A,SWY,64.0,462.3476605370809,-398.3476605370809
2021-11-28 06:00:00,1433A,SWY,58.0,462.71827053338967,-404.71827053338967
2021-11-28 07:00:00,1433A,SWY,62.0,462.61564531018536,-400.61564531018536
2021-11-28 08:00:00,1433A,SWY,60.0,464.29110804247597,-404.29110804247597
2021-11-28 09:00:00,1433A,SWY,65.0,466.5953488106731,-401.5953488106731
2021-11-28 10:00:00,1433A,SWY,72.0,468.1410486966952,-396.1410486966952
2021-11-28 11:00:00,1433A,SWY,74.0,469.8386347040173,-395.8386347040173
2021-11-28 12:00:00,1433A,SWY,77.0,470.22047660501187,-393.22047660501187
2021-11-28 13:00:00,1433A,SWY,83.0,468.9593391521197,-385.9593391521197
2021-11-28 14:00:00,1433A,SWY,84.0,467.4058591012329,-383.4058591012329
2021-11-28 15:00:00,1433A,SWY,89.0,465.4504376950799,-376.4504376950799
2021-11-28 16:00:00,1433A,SWY,92.0,464.41949460804074,-372.41949460804074
2021-11-28 17:00:00,1433A,SWY,91.0,463.3948766794893,-372.3948766794893
2021-11-28 18:00:00,1433A,SWY,89.0,462.1319646917836,-373.1319646917836
2021-11-28 19:00:00,1433A,SWY,88.0,462.80818922271504,-374.80818922271504
2021-11-28 20:00:00,1433A,SWY,86.0,463.7808522695938,-377.7808522695938
2021-11-28 21:00:00,1433A,SWY,82.0,464.45499761304933,-382.45499761304933
2021-11-28 22:00:00,1433A,SWY,86.0,466.14440096383345,-380.14440096383345
2021-11-28 23:00:00,1433A,SWY,75.0,465.8187677111741,-390.8187677111741
2021-11-29 00:00:00,1433A,SWY,68.0,466.15298050915555,-398.15298050915555
2021-11-29 01:00:00,1433A,SWY,74.0,465.27981666676754,-391.27981666676754
2021-11-29 02:00:00,1433A,SWY,73.0,464.74083895049546,-391.74083895049546
2021-11-29 03:00:00,1433A,SWY,74.0,464.08184096610637,-390.08184096610637
2021-11-29 04:00:00,1433A,SWY,72.0,463.5868354655945,-391.5868354655945
2021-11-29 05:00:00,1433A,SWY,72.0,463.4076374473813,-391.4076374473813
2021-11-29 06:00:00,1433A,SWY,74.0,463.7782474436901,-389.7782474436901
2021-11-29 07:00:00,1433A,SWY,74.0,463.67562222048576,-389.67562222048576
2021-11-29 08:00:00,1433A,SWY,75.0,465.3510849527764,-390.3510849527764
2021-11-29 09:00:00,1433A,SWY,75.0,467.6553257209735,-392.6553257209735
2021-11-29 10:00:00,1433A,SWY,68.0,469.2010256069956,-401.2010256069956
2021-11-29 11:00:00,1433A,SWY,38.0,470.8986116143177,-432.8986116143177
2021-11-29 12:00:00,1433A,SWY,20.0,471.2804535153123,-451.2804535153123
2021-11-29 13:00:00,1433A,SWY,9.0,470.0193160624201,-461.0193160624201
2021-11-29 14:00:00,1433A,SWY,8.0,468.4658360115333,-460.4658360115333
2021-11-29 15:00:00,1433A,SWY,9.0,466.51041460538033,-457.51041460538033
2021-11-29 16:00:00,1433A,SWY,10.0,465.47947151834114,-455.47947151834114
2021-11-29 17:00:00,1433A,SWY,10.0,464.4548535897897,-454.4548535897897
2021-11-29 18:00:00,1433A,SWY,12.0,463.191941602084,-451.191941602084
2021-11-29 19:00:00,1433A,SWY,14.0,463.86816613301545,-449.86816613301545
2021-11-29 20:00:00,1433A,SWY,16.0,464.84082917989423,-448.84082917989423
2021-11-29 21:00:00,1433A,SWY,18.0,465.51497452334974,-447.51497452334974
2021-11-29 22:00:00,1433A,SWY,18.0,467.20437787413385,-449.20437787413385
2021-11-29 23:00:00,1433A,SWY,18.0,466.8787446214745,-448.8787446214745
2021-11-30 00:00:00,1433A,SWY,18.0,467.21295741945596,-449.21295741945596
2021-11-30 01:00:00,1433A,SWY,18.0,466.33979357706795,-448.33979357706795
2021-11-30 02:00:00,1433A,SWY,18.0,465.80081586079586,-447.80081586079586
2021-11-30 03:00:00,1433A,SWY,18.0,465.1418178764068,-447.1418178764068
2021-11-30 04:00:00,1433A,SWY,18.0,464.6468123758949,-446.6468123758949
2021-11-30 05:00:00,1433A,SWY,18.0,464.4676143576817,-446.4676143576817
2021-11-30 06:00:00,1433A,SWY,18.0,464.8382243539905,-446.8382243539905
2021-11-30 07:00:00,1433A,SWY,18.0,464.73559913078617,-446.73559913078617
2021-11-30 08:00:00,1433A,SWY,18.0,466.4110618630768,-448.4110618630768
2021-11-30 09:00:00,1433A,SWY,18.0,468.7153026312739,-450.7153026312739
2021-11-30 10:00:00,1433A,SWY,,470.261002517296,
2021-11-30 11:00:00,1433A,SWY,,471.9585885246181,
2021-11-30 12:00:00,1433A,SWY,28.0,472.3404304256127,-444.3404304256127
2021-11-30 13:00:00,1433A,SWY,,471.0792929727205,
2021-11-30 14:00:00,1433A,SWY,30.0,469.52581292183373,-439.52581292183373
2021-11-30 15:00:00,1433A,SWY,35.0,467.57039151568074,-432.57039151568074
2021-11-30 16:00:00,1433A,SWY,32.0,466.53944842864155,-434.53944842864155
2021-11-30 17:00:00,1433A,SWY,28.0,465.5148305000901,-437.5148305000901
2021-11-30 18:00:00,1433A,SWY,30.0,464.2519185123844,-434.2519185123844
2021-11-30 19:00:00,1433A,SWY,31.0,464.92814304331586,-433.92814304331586
2021-11-30 20:00:00,1433A,SWY,33.0,465.90080609019464,-432.90080609019464
2021-11-30 21:00:00,1433A,SWY,35.0,466.57495143365014,-431.57495143365014
2021-11-30 22:00:00,1433A,SWY,40.0,468.26435478443426,-428.26435478443426
2021-11-30 23:00:00,1433A,SWY,52.0,467.9387215317749,-415.9387215317749
2021-12-01 00:00:00,1433A,SWY,44.0,468.27293432975637,-424.27293432975637
2021-12-01 01:00:00,1433A,SWY,39.0,467.39977048736836,-428.39977048736836
2021-12-01 02:00:00,1433A,SWY,44.0,466.86079277109627,-422.86079277109627
2021-12-01 03:00:00,1433A,SWY,41.0,466.2017947867072,-425.2017947867072
2021-12-01 04:00:00,1433A,SWY,40.0,465.7067892861953,-425.7067892861953
2021-12-01 05:00:00,1433A,SWY,39.0,465.52759126798213,-426.52759126798213
2021-12-01 06:00:00,1433A,SWY,37.0,465.8982012642909,-428.8982012642909
2021-12-01 07:00:00,1433A,SWY,37.0,465.7955760410866,-428.7955760410866
2021-12-01 08:00:00,1433A,SWY,55.0,467.4710387733772,-412.4710387733772
2021-12-01 09:00:00,1433A,SWY,75.0,469.7752795415743,-394.7752795415743
2021-12-01 10:00:00,1433A,SWY,77.0,471.3209794275964,-394.3209794275964
2021-12-01 11:00:00,1433A,SWY,68.0,473.0185654349185,-405.0185654349185
2021-12-01 12:00:00,1433A,SWY,55.0,473.4004073359131,-418.4004073359131
2021-12-01 13:00:00,1433A,SWY,63.0,472.1392698830209,-409.1392698830209
2021-12-01 14:00:00,1433A,SWY,44.0,470.58578983213414,-426.58578983213414
2021-12-01 15:00:00,1433A,SWY,40.0,468.63036842598115,-428.63036842598115
2021-12-01 16:00:00,1433A,SWY,34.0,467.59942533894196,-433.59942533894196
2021-12-01 17:00:00,1433A,SWY,36.0,466.5748074103905,-430.5748074103905
2021-12-01 18:00:00,1433A,SWY,32.0,465.3118954226848,-433.3118954226848
2021-12-01 19:00:00,1433A,SWY,32.0,465.98811995361626,-433.98811995361626
2021-12-01 20:00:00,1433A,SWY,38.0,466.96078300049504,-428.96078300049504
2021-12-01 21:00:00,1433A,SWY,36.0,467.63492834395055,-431.63492834395055
2021-12-01 22:00:00,1433A,SWY,36.0,469.32433169473467,-433.32433169473467
2021-12-01 23:00:00,1433A,SWY,41.0,468.9986984420753,-427.9986984420753
2021-12-02 00:00:00,1433A,SWY,46.0,469.3329112400568,-423.3329112400568
2021-12-02 01:00:00,1433A,SWY,44.0,468.45974739766876,-424.45974739766876
2021-12-02 02:00:00,1433A,SWY,45.0,467.9207696813967,-422.9207696813967
2021-12-02 03:00:00,1433A,SWY,,467.2617716970076,
2021-12-02 04:00:00,1433A,SWY,,466.7667661964957,
2021-12-02 05:00:00,1433A,SWY,49.0,466.58756817828254,-417.58756817828254
2021-12-02 06:00:00,1433A,SWY,48.0,466.9581781745913,-418.9581781745913
2021-12-02 07:00:00,1433A,SWY,47.0,466.855552951387,-419.855552951387
2021-12-02 08:00:00,1433A,SWY,48.0,468.5310156836776,-420.5310156836776
