timestamp,station_code,station_name,actual_pm25,sarima_prediction,residual
2021-01-01 00:00:00,1431A,JQLH,77.0,133.70934923423442,-56.70934923423442
2021-01-01 01:00:00,1431A,JQLH,74.0,132.3873027883087,-58.38730278830869
2021-01-01 02:00:00,1431A,JQLH,,131.62707079543725,
2021-01-01 03:00:00,1431A,JQLH,74.0,130.71907783212149,-56.719077832121485
2021-01-01 04:00:00,1431A,JQLH,72.0,129.7884621288529,-57.7884621288529
2021-01-01 05:00:00,1431A,JQLH,,130.13957468766503,
2021-01-01 06:00:00,1431A,JQLH,,130.21043631923862,
2021-01-01 07:00:00,1431A,JQLH,68.0,129.67256355950263,-61.672563559502635
2021-01-01 08:00:00,1431A,JQLH,78.0,129.68196016688606,-51.68196016688606
2021-01-01 09:00:00,1431A,JQLH,76.0,130.20851884763698,-54.20851884763698
2021-01-01 10:00:00,1431A,JQLH,75.0,131.42556565897937,-56.425565658979366
2021-01-01 11:00:00,1431A,JQLH,80.0,133.18581489120984,-53.185814891209844
2021-01-01 12:00:00,1431A,JQLH,91.0,133.76901401076327,-42.76901401076327
2021-01-01 13:00:00,1431A,JQLH,98.0,132.1521628026549,-34.152162802654914
2021-01-01 14:00:00,1431A,JQLH,,130.5375167710408,
2021-01-01 15:00:00,1431A,JQLH,90.0,129.97585493978067,-39.975854939780675
2021-01-01 16:00:00,1431A,JQLH,88.0,128.7003172991894,-40.70031729918941
2021-01-01 17:00:00,1431A,JQLH,87.0,128.13591881981273,-41.13591881981273
2021-01-01 18:00:00,1431A,JQLH,93.0,127.63241622366294,-34.63241622366294
2021-01-01 19:00:00,1431A,JQLH,102.0,129.8503190972746,-27.850319097274593
2021-01-01 20:00:00,1431A,JQLH,105.0,131.79674746329545,-26.796747463295446
2021-01-01 21:00:00,1431A,JQLH,105.0,133.90394951196765,-28.903949511967653
2021-01-01 22:00:00,1431A,JQLH,,134.70598836734337,
2021-01-01 23:00:00,1431A,JQLH,,135.80661907071547,
2021-01-02 00:00:00,1431A,JQLH,,135.97527692192898,
2021-01-02 01:00:00,1431A,JQLH,,134.80191641057314,
2021-01-02 02:00:00,1431A,JQLH,,134.20655461377598,
2021-01-02 03:00:00,1431A,JQLH,,133.1634788271103,
2021-01-02 04:00:00,1431A,JQLH,,132.0743676701806,
2021-01-02 05:00:00,1431A,JQLH,,132.43350976871116,
2021-01-02 06:00:00,1431A,JQLH,,132.41451691994936,
2021-01-02 07:00:00,1431A,JQLH,,131.68139369129594,
2021-01-02 08:00:00,1431A,JQLH,,131.66813643835323,
2021-01-02 09:00:00,1431A,JQLH,,132.1838681084176,
2021-01-02 10:00:00,1431A,JQLH,,133.42874725778537,
2021-01-02 11:00:00,1431A,JQLH,,135.06916994499053,
2021-01-02 12:00:00,1431A,JQLH,119.0,135.59709985187462,-16.597099851874617
2021-01-02 13:00:00,1431A,JQLH,120.0,133.89753578139036,-13.89753578139036
2021-01-02 14:00:00,1431A,JQLH,122.0,132.0630148231487,-10.063014823148706
2021-01-02 15:00:00,1431A,JQLH,134.0,131.44277099049813,2.5572290095018673
2021-01-02 16:00:00,1431A,JQLH,138.0,130.1380633997898,7.861936600210214
2021-01-02 17:00:00,1431A,JQLH,125.0,129.72083907612287,-4.720839076122871
2021-01-02 18:00:00,1431A,JQLH,120.0,129.3430344993704,-9.34303449937039
2021-01-02 19:00:00,1431A,JQLH,125.0,131.61165803706047,-6.611658037060465
2021-01-02 20:00:00,1431A,JQLH,125.0,133.4653862909118,-8.465386290911795
2021-01-02 21:00:00,1431A,JQLH,132.0,135.48356492040566,-3.483564920405655
2021-01-02 22:00:00,1431A,JQLH,125.0,136.21247040511747,-11.212470405117472
2021-01-02 23:00:00,1431A,JQLH,125.0,137.246796159845,-12.24679615984499
2021-01-03 00:00:00,1431A,JQLH,119.0,137.40308907554456,-18.403089075544557
2021-01-03 01:00:00,1431A,JQLH,116.0,136.23312882550323,-20.23312882550323
2021-01-03 02:00:00,1431A,JQLH,,135.6415374038344,
2021-01-03 03:00:00,1431A,JQLH,123.0,134.59537244199007,-11.595372441990065
2021-01-03 04:00:00,1431A,JQLH,121.0,133.50263669231614,-12.502636692316145
2021-01-03 05:00:00,1431A,JQLH,120.0,133.86196241637495,-13.86196241637495
2021-01-03 06:00:00,1431A,JQLH,117.0,133.84091470805765,-16.840914708057653
2021-01-03 07:00:00,1431A,JQLH,119.0,133.10332634544233,-14.103326345442326
2021-01-03 08:00:00,1431A,JQLH,120.0,133.0895510270544,-13.089551027054398
2021-01-03 09:00:00,1431A,JQLH,120.0,133.60503509692919,-13.605035096929186
2021-01-03 10:00:00,1431A,JQLH,124.0,134.85055073704876,-10.850550737048763
2021-01-03 11:00:00,1431A,JQLH,124.0,136.4882331410746,-12.488233141074602
2021-01-03 12:00:00,1431A,JQLH,124.0,137.0148991102078,-13.014899110207807
2021-01-03 13:00:00,1431A,JQLH,122.0,135.3134435000365,-13.313443500036499
2021-01-03 14:00:00,1431A,JQLH,88.0,133.47389427729087,-45.47389427729087
2021-01-03 15:00:00,1431A,JQLH,57.0,132.8523107475557,-75.85231074755569
2021-01-03 16:00:00,1431A,JQLH,67.0,131.54693607658038,-64.54693607658038
2021-01-03 17:00:00,1431A,JQLH,60.0,131.13307744173673,-71.13307744173673
2021-01-03 18:00:00,1431A,JQLH,58.0,130.75814742143712,-72.75814742143712
2021-01-03 19:00:00,1431A,JQLH,63.0,133.02793087726207,-70.02793087726207
2021-01-03 20:00:00,1431A,JQLH,75.0,134.87953919551782,-59.87953919551782
2021-01-03 21:00:00,1431A,JQLH,79.0,136.89568197078515,-57.89568197078515
2021-01-03 22:00:00,1431A,JQLH,73.0,137.6229149868012,-64.62291498680119
2021-01-03 23:00:00,1431A,JQLH,73.0,138.655724430302,-65.655724430302
2021-01-04 00:00:00,1431A,JQLH,79.0,138.81173457539518,-59.81173457539518
2021-01-04 01:00:00,1431A,JQLH,77.0,137.64185208507635,-60.64185208507635
2021-01-04 02:00:00,1431A,JQLH,77.0,137.05034688716987,-60.050346887169866
2021-01-04 03:00:00,1431A,JQLH,77.0,136.0041112797538,-59.0041112797538
2021-01-04 04:00:00,1431A,JQLH,79.0,134.91129264017826,-55.91129264017826
2021-01-04 05:00:00,1431A,JQLH,85.0,135.27062256352312,-50.27062256352312
2021-01-04 06:00:00,1431A,JQLH,94.0,135.2495278631385,-41.249527863138496
2021-01-04 07:00:00,1431A,JQLH,101.0,134.5118373884954,-33.511837388495394
2021-01-04 08:00:00,1431A,JQLH,101.0,134.49805022259883,-33.498050222598835
2021-01-04 09:00:00,1431A,JQLH,104.0,135.01352863016703,-31.01352863016703
2021-01-04 10:00:00,1431A,JQLH,106.0,136.25905882603385,-30.25905882603385
2021-01-04 11:00:00,1431A,JQLH,106.0,137.89667856321154,-31.896678563211537
2021-01-04 12:00:00,1431A,JQLH,101.0,138.42331562766958,-37.42331562766958
2021-01-04 13:00:00,1431A,JQLH,104.0,136.721816760352,-32.721816760352
2021-01-04 14:00:00,1431A,JQLH,105.0,134.88215254748758,-29.88215254748758
2021-01-04 15:00:00,1431A,JQLH,107.0,134.26053838055614,-27.26053838055614
2021-01-04 16:00:00,1431A,JQLH,113.0,132.95514845428963,-19.955148454289628
2021-01-04 17:00:00,1431A,JQLH,115.0,132.54136678853882,-17.541366788538824
2021-01-04 18:00:00,1431A,JQLH,119.0,132.16650250574915,-13.16650250574915
2021-01-04 19:00:00,1431A,JQLH,124.0,134.43631248745078,-10.436312487450778
2021-01-04 20:00:00,1431A,JQLH,120.0,136.28787232543155,-16.28787232543155
2021-01-04 21:00:00,1431A,JQLH,119.0,138.3039685432596,-19.3039685432596
2021-01-04 22:00:00,1431A,JQLH,118.0,139.03116331200889,-21.031163312008886
2021-01-04 23:00:00,1431A,JQLH,116.0,140.0639380793689,-24.06393807936891
2021-01-05 00:00:00,1431A,JQLH,105.0,140.21994175785207,-35.21994175785207
2021-01-05 01:00:00,1431A,JQLH,112.0,139.05006104580082,-27.050061045800817
2021-01-05 02:00:00,1431A,JQLH,114.0,138.45855781972392,-24.45855781972392
2021-01-05 03:00:00,1431A,JQLH,,137.412320596732,
2021-01-05 04:00:00,1431A,JQLH,,136.3195000615681,
2021-01-05 05:00:00,1431A,JQLH,,136.67883008094543,
2021-01-05 06:00:00,1431A,JQLH,126.0,136.65773430591102,-10.65773430591102
2021-01-05 07:00:00,1431A,JQLH,123.0,135.9200414960936,-12.920041496093603
2021-01-05 08:00:00,1431A,JQLH,126.0,135.90625405925937,-9.906254059259368
2021-01-05 09:00:00,1431A,JQLH,131.0,136.4217323373377,-5.421732337337687
2021-01-05 10:00:00,1431A,JQLH,124.0,137.66726286607624,-13.667262866076243
2021-01-05 11:00:00,1431A,JQLH,,139.3048811701415,
2021-01-05 12:00:00,1431A,JQLH,118.0,139.8315175735858,-21.831517573585813
2021-01-05 13:00:00,1431A,JQLH,81.0,138.1300177170314,-57.13001771703139
2021-01-05 14:00:00,1431A,JQLH,63.0,136.29035087448685,-73.29035087448685
2021-01-05 15:00:00,1431A,JQLH,52.0,135.668736006921,-83.668736006921
2021-01-05 16:00:00,1431A,JQLH,50.0,134.36334573178505,-84.36334573178505
2021-01-05 17:00:00,1431A,JQLH,59.0,133.94956582622112,-74.94956582622112
2021-01-05 18:00:00,1431A,JQLH,59.0,133.57470304676602,-74.57470304676602
2021-01-05 19:00:00,1431A,JQLH,51.0,135.84451363508128,-84.84451363508128
2021-01-05 20:00:00,1431A,JQLH,53.0,137.6960723643788,-84.69607236437881
2021-01-05 21:00:00,1431A,JQLH,51.0,139.71216751749648,-88.71216751749648
2021-01-05 22:00:00,1431A,JQLH,51.0,140.43936141157863,-89.43936141157863
2021-01-05 23:00:00,1431A,JQLH,54.0,141.47213538593863,-87.47213538593863
2021-01-06 00:00:00,1431A,JQLH,60.0,141.62813891653855,-81.62813891653855
2021-01-06 01:00:00,1431A,JQLH,68.0,140.45825824515404,-72.45825824515404
2021-01-06 02:00:00,1431A,JQLH,61.0,139.86675506417043,-78.86675506417043
2021-01-06 03:00:00,1431A,JQLH,58.0,138.82051780423234,-80.82051780423234
2021-01-06 04:00:00,1431A,JQLH,59.0,137.7276972257187,-78.72769722571871
2021-01-06 05:00:00,1431A,JQLH,57.0,138.08702724729216,-81.08702724729216
2021-01-06 06:00:00,1431A,JQLH,55.0,138.06593144768183,-83.06593144768183
2021-01-06 07:00:00,1431A,JQLH,58.0,137.32823858446193,-79.32823858446193
2021-01-06 08:00:00,1431A,JQLH,60.0,137.31445114143165,-77.31445114143165
2021-01-06 09:00:00,1431A,JQLH,62.0,137.82992941654874,-75.82992941654874
2021-01-06 10:00:00,1431A,JQLH,66.0,139.07545995289965,-73.07545995289965
2021-01-06 11:00:00,1431A,JQLH,64.0,140.7130782241914,-76.7130782241914
2021-01-06 12:00:00,1431A,JQLH,73.0,141.23971461251918,-68.23971461251918
2021-01-06 13:00:00,1431A,JQLH,76.0,139.53821473334216,-63.53821473334216
2021-01-06 14:00:00,1431A,JQLH,76.0,137.6985478306601,-61.69854783066009
2021-01-06 15:00:00,1431A,JQLH,82.0,137.07693294707164,-55.07693294707164
2021-01-06 16:00:00,1431A,JQLH,83.0,135.7715426639575,-52.77154266395749
2021-01-06 17:00:00,1431A,JQLH,75.0,135.3577627986468,-60.3577627986468
2021-01-06 18:00:00,1431A,JQLH,86.0,134.98290005357114,-48.98290005357114
2021-01-06 19:00:00,1431A,JQLH,79.0,137.25271065575888,-58.252710655758875
2021-01-06 20:00:00,1431A,JQLH,77.0,139.1042693597022,-62.10426935970219
2021-01-06 21:00:00,1431A,JQLH,76.0,141.1203644884713,-65.1203644884713
2021-01-06 22:00:00,1431A,JQLH,74.0,141.84755836255087,-67.84755836255087
2021-01-06 23:00:00,1431A,JQLH,74.0,142.880332318776,-68.880332318776
2021-01-07 00:00:00,1431A,JQLH,69.0,143.036335845994,-74.03633584599399
2021-01-07 01:00:00,1431A,JQLH,60.0,141.86645517553944,-81.86645517553944
2021-01-07 02:00:00,1431A,JQLH,54.0,141.27495199558706,-87.27495199558706
2021-01-07 03:00:00,1431A,JQLH,54.0,140.22871473480404,-86.22871473480404
2021-01-07 04:00:00,1431A,JQLH,43.0,139.13589415529904,-96.13589415529904
2021-01-07 05:00:00,1431A,JQLH,39.0,139.49522417692273,-100.49522417692273
2021-01-07 06:00:00,1431A,JQLH,36.0,139.4741283767504,-103.4741283767504
2021-01-07 07:00:00,1431A,JQLH,35.0,138.7364355123092,-103.73643551230921
2021-01-07 08:00:00,1431A,JQLH,34.0,138.72264806913728,-104.72264806913728
2021-01-07 09:00:00,1431A,JQLH,33.0,139.23812634418658,-106.23812634418658
2021-01-07 10:00:00,1431A,JQLH,30.0,140.48365688071158,-110.48365688071158
2021-01-07 11:00:00,1431A,JQLH,31.0,142.12127515125388,-111.12127515125388
2021-01-07 12:00:00,1431A,JQLH,33.0,142.64791153923593,-109.64791153923593
2021-01-07 13:00:00,1431A,JQLH,34.0,140.94641165954155,-106.94641165954155
2021-01-07 14:00:00,1431A,JQLH,34.0,139.10674475548421,-105.10674475548421
2021-01-07 15:00:00,1431A,JQLH,,138.48512987152935,
2021-01-07 16:00:00,1431A,JQLH,35.0,137.17973958823276,-102.17973958823276
2021-01-07 17:00:00,1431A,JQLH,35.0,136.76595972384263,-101.76595972384263
2021-01-07 18:00:00,1431A,JQLH,37.0,136.39109697955317,-99.39109697955317
2021-01-07 19:00:00,1431A,JQLH,42.0,138.66090758205814,-96.66090758205814
2021-01-07 20:00:00,1431A,JQLH,44.0,140.51246628542165,-96.51246628542165
2021-01-07 21:00:00,1431A,JQLH,43.0,142.52856141363392,-99.52856141363392
2021-01-07 22:00:00,1431A,JQLH,44.0,143.25575528725608,-99.25575528725608
2021-01-07 23:00:00,1431A,JQLH,45.0,144.28852924306648,-99.28852924306648
2021-01-08 00:00:00,1431A,JQLH,44.0,144.4445327702071,-100.4445327702071
2021-01-08 01:00:00,1431A,JQLH,38.0,143.27465209977385,-105.27465209977385
2021-01-08 02:00:00,1431A,JQLH,36.0,142.68314891984508,-106.68314891984508
2021-01-08 03:00:00,1431A,JQLH,35.0,141.6369116590427,-106.63691165904271
2021-01-08 04:00:00,1431A,JQLH,35.0,140.54409107951503,-105.54409107951503
2021-01-08 05:00:00,1431A,JQLH,36.0,140.90342110113988,-104.90342110113988
2021-01-08 06:00:00,1431A,JQLH,38.0,140.88232530095468,-102.88232530095468
2021-01-08 07:00:00,1431A,JQLH,39.0,140.14463243648558,-101.14463243648558
2021-01-08 08:00:00,1431A,JQLH,40.0,140.13084499331038,-100.13084499331038
2021-01-08 09:00:00,1431A,JQLH,43.0,140.64632326835817,-97.64632326835817
2021-01-08 10:00:00,1431A,JQLH,42.0,141.89185380488715,-99.89185380488715
2021-01-08 11:00:00,1431A,JQLH,53.0,143.52947207541231,-90.52947207541231
2021-01-08 12:00:00,1431A,JQLH,54.0,144.05610846338647,-90.05610846338647
2021-01-08 13:00:00,1431A,JQLH,53.0,142.35460858368026,-89.35460858368026
2021-01-08 14:00:00,1431A,JQLH,34.0,140.51494167959146,-106.51494167959146
2021-01-08 15:00:00,1431A,JQLH,33.0,139.89332679562824,-106.89332679562824
2021-01-08 16:00:00,1431A,JQLH,36.0,138.58793651232747,-102.58793651232747
2021-01-08 17:00:00,1431A,JQLH,40.0,138.1741566479584,-98.1741566479584
2021-01-08 18:00:00,1431A,JQLH,46.0,137.79929390368693,-91.79929390368693
2021-01-08 19:00:00,1431A,JQLH,52.0,140.06910450619915,-88.06910450619915
2021-01-08 20:00:00,1431A,JQLH,62.0,141.9206632095494,-79.92066320954939
2021-01-08 21:00:00,1431A,JQLH,76.0,143.93675833774893,-67.93675833774893
2021-01-08 22:00:00,1431A,JQLH,69.0,144.66395221136062,-75.66395221136062
2021-01-08 23:00:00,1431A,JQLH,70.0,145.69672616716153,-75.69672616716153
2021-01-09 00:00:00,1431A,JQLH,75.0,145.8527296943004,-70.8527296943004
2021-01-09 01:00:00,1431A,JQLH,76.0,144.68284902386765,-68.68284902386765
2021-01-09 02:00:00,1431A,JQLH,75.0,144.09134584393937,-69.09134584393937
2021-01-09 03:00:00,1431A,JQLH,77.0,143.04510858313657,-66.04510858313657
2021-01-09 04:00:00,1431A,JQLH,80.0,141.95228800360843,-61.95228800360843
2021-01-09 05:00:00,1431A,JQLH,80.0,142.31161802523326,-62.31161802523326
2021-01-09 06:00:00,1431A,JQLH,82.0,142.29052222504777,-60.290522225047766
2021-01-09 07:00:00,1431A,JQLH,79.0,141.55282936057804,-62.552829360578045
2021-01-09 08:00:00,1431A,JQLH,80.0,141.53904191740276,-61.539041917402756
2021-01-09 09:00:00,1431A,JQLH,,142.05452019245055,
2021-01-09 10:00:00,1431A,JQLH,84.0,143.30005072897958,-59.300050728979585
2021-01-09 11:00:00,1431A,JQLH,86.0,144.93766899950435,-58.93766899950435
2021-01-09 12:00:00,1431A,JQLH,86.0,145.46430538747833,-59.46430538747833
2021-01-09 13:00:00,1431A,JQLH,93.0,143.76280550777182,-50.762805507771816
2021-01-09 14:00:00,1431A,JQLH,102.0,141.92313860368233,-39.92313860368233
2021-01-09 15:00:00,1431A,JQLH,97.0,141.30152371971886,-44.30152371971886
2021-01-09 16:00:00,1431A,JQLH,99.0,139.996133436418,-40.996133436418006
2021-01-09 17:00:00,1431A,JQLH,91.0,139.58235357204939,-48.582353572049385
2021-01-09 18:00:00,1431A,JQLH,86.0,139.20749082777832,-53.207490827778315
2021-01-09 19:00:00,1431A,JQLH,84.0,141.4773014302907,-57.47730143029071
2021-01-09 20:00:00,1431A,JQLH,83.0,143.32886013364063,-60.32886013364063
2021-01-09 21:00:00,1431A,JQLH,82.0,145.3449552618399,-63.344955261839914
2021-01-09 22:00:00,1431A,JQLH,86.0,146.07214913545135,-60.072149135451355
2021-01-09 23:00:00,1431A,JQLH,82.0,147.104923091252,-65.104923091252
2021-01-10 00:00:00,1431A,JQLH,79.0,147.26092661839087,-68.26092661839087
2021-01-10 01:00:00,1431A,JQLH,85.0,146.0910459479581,-61.091045947958094
2021-01-10 02:00:00,1431A,JQLH,86.0,145.4995427680298,-59.49954276802981
2021-01-10 03:00:00,1431A,JQLH,92.0,144.45330550722707,-52.45330550722707
2021-01-10 04:00:00,1431A,JQLH,97.0,143.36048492769885,-46.36048492769885
2021-01-10 05:00:00,1431A,JQLH,92.0,143.7198149493237,-51.719814949323705
2021-01-10 06:00:00,1431A,JQLH,99.0,143.6987191491382,-44.69871914913821
2021-01-10 07:00:00,1431A,JQLH,99.0,142.96102628466843,-43.961026284668435
2021-01-10 08:00:00,1431A,JQLH,99.0,142.94723884149317,-43.947238841493174
2021-01-10 09:00:00,1431A,JQLH,100.0,143.46271711654092,-43.462717116540915
2021-01-10 10:00:00,1431A,JQLH,100.0,144.70824765306998,-44.708247653069975
2021-01-10 11:00:00,1431A,JQLH,96.0,146.34586592359474,-50.345865923594744
2021-01-10 12:00:00,1431A,JQLH,65.0,146.87250231156867,-81.87250231156867
2021-01-10 13:00:00,1431A,JQLH,57.0,145.17100243186218,-88.17100243186218
2021-01-10 14:00:00,1431A,JQLH,50.0,143.33133552777264,-93.33133552777264
2021-01-10 15:00:00,1431A,JQLH,49.0,142.70972064380922,-93.70972064380922
2021-01-10 16:00:00,1431A,JQLH,42.0,141.40433036050834,-99.40433036050834
2021-01-10 17:00:00,1431A,JQLH,42.0,140.99055049613975,-98.99055049613975
2021-01-10 18:00:00,1431A,JQLH,41.0,140.61568775186868,-99.61568775186868
2021-01-10 19:00:00,1431A,JQLH,45.0,142.88549835438107,-97.88549835438107
2021-01-10 20:00:00,1431A,JQLH,48.0,144.73705705773102,-96.73705705773102
2021-01-10 21:00:00,1431A,JQLH,80.0,146.75315218593025,-66.75315218593025
2021-01-10 22:00:00,1431A,JQLH,82.0,147.4803460595417,-65.48034605954169
2021-01-10 23:00:00,1431A,JQLH,82.0,148.5131200153424,-66.5131200153424
2021-01-11 00:00:00,1431A,JQLH,81.0,148.6691235424812,-67.6691235424812
2021-01-11 01:00:00,1431A,JQLH,76.0,147.49924287204846,-71.49924287204846
2021-01-11 02:00:00,1431A,JQLH,69.0,146.9077396921202,-77.9077396921202
2021-01-11 03:00:00,1431A,JQLH,70.0,145.8615024313174,-75.8615024313174
2021-01-11 04:00:00,1431A,JQLH,64.0,144.7686818517892,-80.76868185178921
2021-01-11 05:00:00,1431A,JQLH,70.0,145.12801187341407,-75.12801187341407
2021-01-11 06:00:00,1431A,JQLH,71.0,145.10691607322855,-74.10691607322855
2021-01-11 07:00:00,1431A,JQLH,73.0,144.3692232087588,-71.3692232087588
2021-01-11 08:00:00,1431A,JQLH,71.0,144.35543576558354,-73.35543576558354
2021-01-11 09:00:00,1431A,JQLH,73.0,144.87091404063128,-71.87091404063128
2021-01-11 10:00:00,1431A,JQLH,70.0,146.11644457716034,-76.11644457716034
2021-01-11 11:00:00,1431A,JQLH,54.0,147.75406284768508,-93.75406284768508
2021-01-11 12:00:00,1431A,JQLH,42.0,148.28069923565903,-106.28069923565903
2021-01-11 13:00:00,1431A,JQLH,37.0,146.57919935595254,-109.57919935595254
2021-01-11 14:00:00,1431A,JQLH,31.0,144.73953245186303,-113.73953245186303
2021-01-11 15:00:00,1431A,JQLH,29.0,144.11791756789958,-115.11791756789958
2021-01-11 16:00:00,1431A,JQLH,31.0,142.8125272845987,-111.8125272845987
2021-01-11 17:00:00,1431A,JQLH,34.0,142.3987474202301,-108.39874742023011
2021-01-11 18:00:00,1431A,JQLH,36.0,142.02388467595904,-106.02388467595904
2021-01-11 19:00:00,1431A,JQLH,42.0,144.29369527847143,-102.29369527847143
2021-01-11 20:00:00,1431A,JQLH,53.0,146.14525398182138,-93.14525398182138
2021-01-11 21:00:00,1431A,JQLH,59.0,148.1613491100206,-89.16134911002061
2021-01-11 22:00:00,1431A,JQLH,61.0,148.88854298363205,-87.88854298363205
2021-01-11 23:00:00,1431A,JQLH,65.0,149.92131693943276,-84.92131693943276
2021-01-12 00:00:00,1431A,JQLH,74.0,150.07732046657156,-76.07732046657156
2021-01-12 01:00:00,1431A,JQLH,76.0,148.90743979613882,-72.90743979613882
2021-01-12 02:00:00,1431A,JQLH,65.0,148.31593661621056,-83.31593661621056
2021-01-12 03:00:00,1431A,JQLH,61.0,147.26969935540777,-86.26969935540777
2021-01-12 04:00:00,1431A,JQLH,66.0,146.17687877587957,-80.17687877587957
2021-01-12 05:00:00,1431A,JQLH,73.0,146.53620879750443,-73.53620879750443
2021-01-12 06:00:00,1431A,JQLH,75.0,146.5151129973189,-71.51511299731891
2021-01-12 07:00:00,1431A,JQLH,72.0,145.77742013284916,-73.77742013284916
2021-01-12 08:00:00,1431A,JQLH,78.0,145.7636326896739,-67.7636326896739
2021-01-12 09:00:00,1431A,JQLH,92.0,146.27911096472164,-54.27911096472164
2021-01-12 10:00:00,1431A,JQLH,90.0,147.5246415012507,-57.5246415012507
2021-01-12 11:00:00,1431A,JQLH,88.0,149.16225977177544,-61.16225977177544
2021-01-12 12:00:00,1431A,JQLH,67.0,149.6888961597494,-82.68889615974939
2021-01-12 13:00:00,1431A,JQLH,53.0,147.9873962800429,-94.9873962800429
2021-01-12 14:00:00,1431A,JQLH,55.0,146.1477293759534,-91.14772937595339
2021-01-12 15:00:00,1431A,JQLH,56.0,145.52611449198994,-89.52611449198994
2021-01-12 16:00:00,1431A,JQLH,59.0,144.22072420868906,-85.22072420868906
2021-01-12 17:00:00,1431A,JQLH,57.0,143.80694434432047,-86.80694434432047
2021-01-12 18:00:00,1431A,JQLH,48.0,143.4320816000494,-95.4320816000494
2021-01-12 19:00:00,1431A,JQLH,51.0,145.7018922025618,-94.7018922025618
2021-01-12 20:00:00,1431A,JQLH,58.0,147.55345090591175,-89.55345090591175
2021-01-12 21:00:00,1431A,JQLH,67.0,149.56954603411097,-82.56954603411097
2021-01-12 22:00:00,1431A,JQLH,83.0,150.2967399077224,-67.29673990772241
2021-01-12 23:00:00,1431A,JQLH,85.0,151.32951386352312,-66.32951386352312
2021-01-13 00:00:00,1431A,JQLH,103.0,151.48551739066193,-48.485517390661926
2021-01-13 01:00:00,1431A,JQLH,107.0,150.31563672022918,-43.31563672022918
2021-01-13 02:00:00,1431A,JQLH,113.0,149.72413354030093,-36.724133540300926
2021-01-13 03:00:00,1431A,JQLH,122.0,148.67789627949813,-26.67789627949813
2021-01-13 04:00:00,1431A,JQLH,127.0,147.58507569996993,-20.585075699969934
2021-01-13 05:00:00,1431A,JQLH,121.0,147.9444057215948,-26.94440572159479
2021-01-13 06:00:00,1431A,JQLH,119.0,147.92330992140927,-28.92330992140927
2021-01-13 07:00:00,1431A,JQLH,118.0,147.18561705693952,-29.18561705693952
2021-01-13 08:00:00,1431A,JQLH,117.0,147.17182961376426,-30.17182961376426
2021-01-13 09:00:00,1431A,JQLH,108.0,147.687307888812,-39.687307888812
2021-01-13 10:00:00,1431A,JQLH,102.0,148.93283842534106,-46.93283842534106
2021-01-13 11:00:00,1431A,JQLH,104.0,150.5704566958658,-46.5704566958658
2021-01-13 12:00:00,1431A,JQLH,95.0,151.09709308383975,-56.09709308383975
2021-01-13 13:00:00,1431A,JQLH,96.0,149.39559320413326,-53.39559320413326
2021-01-13 14:00:00,1431A,JQLH,96.0,147.55592630004375,-51.55592630004375
2021-01-13 15:00:00,1431A,JQLH,98.0,146.9343114160803,-48.934311416080305
2021-01-13 16:00:00,1431A,JQLH,105.0,145.62892113277942,-40.628921132779425
2021-01-13 17:00:00,1431A,JQLH,106.0,145.21514126841083,-39.21514126841083
2021-01-13 18:00:00,1431A,JQLH,108.0,144.84027852413976,-36.84027852413976
2021-01-13 19:00:00,1431A,JQLH,115.0,147.11008912665216,-32.110089126652156
2021-01-13 20:00:00,1431A,JQLH,115.0,148.9616478300021,-33.96164783000211
2021-01-13 21:00:00,1431A,JQLH,113.0,150.97774295820133,-37.97774295820133
2021-01-13 22:00:00,1431A,JQLH,118.0,151.70493683181277,-33.70493683181277
2021-01-13 23:00:00,1431A,JQLH,123.0,152.73771078761348,-29.73771078761348
2021-01-14 00:00:00,1431A,JQLH,129.0,152.8937143147523,-23.893714314752287
2021-01-14 01:00:00,1431A,JQLH,156.0,151.72383364431954,4.276166355680459
2021-01-14 02:00:00,1431A,JQLH,168.0,151.1323304643913,16.867669535608712
2021-01-14 03:00:00,1431A,JQLH,171.0,150.0860932035885,20.91390679641151
2021-01-14 04:00:00,1431A,JQLH,180.0,148.9932726240603,31.006727375939704
2021-01-14 05:00:00,1431A,JQLH,172.0,149.35260264568515,22.647397354314847
2021-01-14 06:00:00,1431A,JQLH,158.0,149.33150684549963,8.668493154500368
2021-01-14 07:00:00,1431A,JQLH,183.0,148.59381398102988,34.40618601897012
2021-01-14 08:00:00,1431A,JQLH,148.0,148.58002653785462,-0.5800265378546214
2021-01-14 09:00:00,1431A,JQLH,137.0,149.09550481290236,-12.095504812902362
2021-01-14 10:00:00,1431A,JQLH,148.0,150.34103534943142,-2.341035349431422
2021-01-14 11:00:00,1431A,JQLH,153.0,151.97865361995616,1.0213463800438376
2021-01-14 12:00:00,1431A,JQLH,134.0,152.5052900079301,-18.505290007930114
2021-01-14 13:00:00,1431A,JQLH,112.0,150.80379012822362,-38.803790128223625
2021-01-14 14:00:00,1431A,JQLH,102.0,148.9641232241341,-46.96412322413411
2021-01-14 15:00:00,1431A,JQLH,105.0,148.34250834017067,-43.34250834017067
2021-01-14 16:00:00,1431A,JQLH,104.0,147.0371180568698,-43.03711805686979
2021-01-14 17:00:00,1431A,JQLH,81.0,146.6233381925012,-65.6233381925012
2021-01-14 18:00:00,1431A,JQLH,85.0,146.24847544823012,-61.248475448230124
2021-01-14 19:00:00,1431A,JQLH,89.0,148.51828605074252,-59.51828605074252
2021-01-14 20:00:00,1431A,JQLH,91.0,150.36984475409247,-59.36984475409247
2021-01-14 21:00:00,1431A,JQLH,108.0,152.3859398822917,-44.385939882291694
2021-01-14 22:00:00,1431A,JQLH,110.0,153.11313375590314,-43.113133755903135
2021-01-14 23:00:00,1431A,JQLH,107.0,154.14590771170384,-47.14590771170384
2021-01-15 00:00:00,1431A,JQLH,122.0,154.30191123884265,-32.30191123884265
2021-01-15 01:00:00,1431A,JQLH,164.0,153.1320305684099,10.867969431590097
2021-01-15 02:00:00,1431A,JQLH,155.0,152.54052738848165,2.4594726115183505
2021-01-15 03:00:00,1431A,JQLH,146.0,151.49429012767885,-5.494290127678852
2021-01-15 04:00:00,1431A,JQLH,143.0,150.40146954815066,-7.401469548150658
2021-01-15 05:00:00,1431A,JQLH,138.0,150.76079956977551,-12.760799569775514
2021-01-15 06:00:00,1431A,JQLH,140.0,150.73970376959,-10.739703769589994
2021-01-15 07:00:00,1431A,JQLH,138.0,150.00201090512024,-12.002010905120244
2021-01-15 08:00:00,1431A,JQLH,134.0,149.98822346194498,-15.988223461944983
2021-01-15 09:00:00,1431A,JQLH,143.0,150.50370173699272,-7.503701736992724
2021-01-15 10:00:00,1431A,JQLH,140.0,151.74923227352178,-11.749232273521784
2021-01-15 11:00:00,1431A,JQLH,122.0,153.38685054404652,-31.386850544046524
2021-01-15 12:00:00,1431A,JQLH,132.0,153.91348693202048,-21.913486932020476
2021-01-15 13:00:00,1431A,JQLH,125.0,152.211987052314,-27.211987052313987
2021-01-15 14:00:00,1431A,JQLH,116.0,150.37232014822447,-34.372320148224475
2021-01-15 15:00:00,1431A,JQLH,103.0,149.75070526426103,-46.75070526426103
2021-01-15 16:00:00,1431A,JQLH,97.0,148.44531498096015,-51.44531498096015
2021-01-15 17:00:00,1431A,JQLH,93.0,148.03153511659156,-55.031535116591556
2021-01-15 18:00:00,1431A,JQLH,89.0,147.6566723723205,-58.656672372320486
2021-01-15 19:00:00,1431A,JQLH,98.0,149.92648297483288,-51.92648297483288
2021-01-15 20:00:00,1431A,JQLH,110.0,151.77804167818283,-41.77804167818283
2021-01-15 21:00:00,1431A,JQLH,114.0,153.79413680638206,-39.794136806382056
2021-01-15 22:00:00,1431A,JQLH,106.0,154.5213306799935,-48.5213306799935
2021-01-15 23:00:00,1431A,JQLH,107.0,155.5541046357942,-48.554104635794204
2021-01-16 00:00:00,1431A,JQLH,116.0,155.710108162933,-39.71010816293301
2021-01-16 01:00:00,1431A,JQLH,137.0,154.54022749250026,-17.540227492500264
2021-01-16 02:00:00,1431A,JQLH,145.0,153.948724312572,-8.948724312572011
2021-01-16 03:00:00,1431A,JQLH,149.0,152.9024870517692,-3.9024870517692136
2021-01-16 04:00:00,1431A,JQLH,149.0,151.80966647224102,-2.8096664722410196
2021-01-16 05:00:00,1431A,JQLH,146.0,152.16899649386588,-6.168996493865876
2021-01-16 06:00:00,1431A,JQLH,144.0,152.14790069368036,-8.147900693680356
2021-01-16 07:00:00,1431A,JQLH,147.0,151.4102078292106,-4.410207829210606
2021-01-16 08:00:00,1431A,JQLH,147.0,151.39642038603535,-4.396420386035345
2021-01-16 09:00:00,1431A,JQLH,138.0,151.9118986610831,-13.911898661083086
2021-01-16 10:00:00,1431A,JQLH,135.0,153.15742919761215,-18.157429197612146
2021-01-16 11:00:00,1431A,JQLH,133.0,154.7950474681369,-21.795047468136886
2021-01-16 12:00:00,1431A,JQLH,118.0,155.32168385611084,-37.32168385611084
2021-01-16 13:00:00,1431A,JQLH,120.0,153.62018397640435,-33.62018397640435
2021-01-16 14:00:00,1431A,JQLH,121.0,151.78051707231484,-30.780517072314836
2021-01-16 15:00:00,1431A,JQLH,94.0,151.1589021883514,-57.15890218835139
2021-01-16 16:00:00,1431A,JQLH,89.0,149.8535119050505,-60.85351190505051
2021-01-16 17:00:00,1431A,JQLH,36.0,149.43973204068192,-113.43973204068192
2021-01-16 18:00:00,1431A,JQLH,37.0,149.06486929641085,-112.06486929641085
2021-01-16 19:00:00,1431A,JQLH,32.0,151.33467989892324,-119.33467989892324
2021-01-16 20:00:00,1431A,JQLH,33.0,153.1862386022732,-120.18623860227319
2021-01-16 21:00:00,1431A,JQLH,32.0,155.20233373047242,-123.20233373047242
2021-01-16 22:00:00,1431A,JQLH,33.0,155.92952760408386,-122.92952760408386
2021-01-16 23:00:00,1431A,JQLH,32.0,156.96230155988457,-124.96230155988457
2021-01-17 00:00:00,1431A,JQLH,30.0,157.11830508702337,-127.11830508702337
2021-01-17 01:00:00,1431A,JQLH,30.0,155.94842441659063,-125.94842441659063
2021-01-17 02:00:00,1431A,JQLH,31.0,155.35692123666237,-124.35692123666237
2021-01-17 03:00:00,1431A,JQLH,31.0,154.31068397585958,-123.31068397585958
2021-01-17 04:00:00,1431A,JQLH,31.0,153.21786339633138,-122.21786339633138
2021-01-17 05:00:00,1431A,JQLH,30.0,153.57719341795624,-123.57719341795624
2021-01-17 06:00:00,1431A,JQLH,31.0,153.55609761777072,-122.55609761777072
2021-01-17 07:00:00,1431A,JQLH,29.0,152.81840475330097,-123.81840475330097
2021-01-17 08:00:00,1431A,JQLH,29.0,152.8046173101257,-123.8046173101257
2021-01-17 09:00:00,1431A,JQLH,30.0,153.32009558517345,-123.32009558517345
2021-01-17 10:00:00,1431A,JQLH,32.0,154.5656261217025,-122.56562612170251
2021-01-17 11:00:00,1431A,JQLH,35.0,156.20324439222725,-121.20324439222725
2021-01-17 12:00:00,1431A,JQLH,35.0,156.7298807802012,-121.7298807802012
2021-01-17 13:00:00,1431A,JQLH,30.0,155.0283809004947,-125.02838090049471
2021-01-17 14:00:00,1431A,JQLH,25.0,153.1887139964052,-128.1887139964052
2021-01-17 15:00:00,1431A,JQLH,24.0,152.56709911244175,-128.56709911244175
2021-01-17 16:00:00,1431A,JQLH,23.0,151.26170882914087,-128.26170882914087
2021-01-17 17:00:00,1431A,JQLH,23.0,150.84792896477228,-127.84792896477228
2021-01-17 18:00:00,1431A,JQLH,23.0,150.4730662205012,-127.47306622050121
2021-01-17 19:00:00,1431A,JQLH,30.0,152.7428768230136,-122.7428768230136
2021-01-17 20:00:00,1431A,JQLH,35.0,154.59443552636355,-119.59443552636355
2021-01-17 21:00:00,1431A,JQLH,39.0,156.61053065456278,-117.61053065456278
2021-01-17 22:00:00,1431A,JQLH,41.0,157.33772452817422,-116.33772452817422
2021-01-17 23:00:00,1431A,JQLH,45.0,158.37049848397493,-113.37049848397493
2021-01-18 00:00:00,1431A,JQLH,50.0,158.52650201111373,-108.52650201111373
2021-01-18 01:00:00,1431A,JQLH,46.0,157.356621340681,-111.35662134068099
2021-01-18 02:00:00,1431A,JQLH,39.0,156.76511816075273,-117.76511816075273
2021-01-18 03:00:00,1431A,JQLH,42.0,155.71888089994994,-113.71888089994994
2021-01-18 04:00:00,1431A,JQLH,39.0,154.62606032042174,-115.62606032042174
2021-01-18 05:00:00,1431A,JQLH,41.0,154.9853903420466,-113.9853903420466
2021-01-18 06:00:00,1431A,JQLH,44.0,154.96429454186108,-110.96429454186108
2021-01-18 07:00:00,1431A,JQLH,43.0,154.22660167739133,-111.22660167739133
2021-01-18 08:00:00,1431A,JQLH,45.0,154.21281423421607,-109.21281423421607
2021-01-18 09:00:00,1431A,JQLH,45.0,154.7282925092638,-109.72829250926381
2021-01-18 10:00:00,1431A,JQLH,52.0,155.97382304579287,-103.97382304579287
2021-01-18 11:00:00,1431A,JQLH,66.0,157.6114413163176,-91.61144131631761
2021-01-18 12:00:00,1431A,JQLH,42.0,158.13807770429156,-116.13807770429156
2021-01-18 13:00:00,1431A,JQLH,39.0,156.43657782458507,-117.43657782458507
2021-01-18 14:00:00,1431A,JQLH,40.0,154.59691092049556,-114.59691092049556
2021-01-18 15:00:00,1431A,JQLH,34.0,153.97529603653211,-119.97529603653211
2021-01-18 16:00:00,1431A,JQLH,26.0,152.66990575323123,-126.66990575323123
2021-01-18 17:00:00,1431A,JQLH,26.0,152.25612588886264,-126.25612588886264
2021-01-18 18:00:00,1431A,JQLH,34.0,151.88126314459157,-117.88126314459157
2021-01-18 19:00:00,1431A,JQLH,50.0,154.15107374710396,-104.15107374710396
2021-01-18 20:00:00,1431A,JQLH,60.0,156.00263245045392,-96.00263245045392
2021-01-18 21:00:00,1431A,JQLH,62.0,158.01872757865314,-96.01872757865314
2021-01-18 22:00:00,1431A,JQLH,56.0,158.74592145226458,-102.74592145226458
2021-01-18 23:00:00,1431A,JQLH,48.0,159.7786954080653,-111.77869540806529
2021-01-19 00:00:00,1431A,JQLH,47.0,159.9346989352041,-112.9346989352041
2021-01-19 01:00:00,1431A,JQLH,57.0,158.76481826477135,-101.76481826477135
2021-01-19 02:00:00,1431A,JQLH,63.0,158.1733150848431,-95.1733150848431
2021-01-19 03:00:00,1431A,JQLH,65.0,157.1270778240403,-92.1270778240403
2021-01-19 04:00:00,1431A,JQLH,70.0,156.0342572445121,-86.0342572445121
2021-01-19 05:00:00,1431A,JQLH,76.0,156.39358726613696,-80.39358726613696
2021-01-19 06:00:00,1431A,JQLH,73.0,156.37249146595144,-83.37249146595144
2021-01-19 07:00:00,1431A,JQLH,72.0,155.6347986014817,-83.63479860148169
2021-01-19 08:00:00,1431A,JQLH,79.0,155.62101115830643,-76.62101115830643
2021-01-19 09:00:00,1431A,JQLH,76.0,156.13648943335417,-80.13648943335417
2021-01-19 10:00:00,1431A,JQLH,74.0,157.38201996988323,-83.38201996988323
2021-01-19 11:00:00,1431A,JQLH,67.0,159.01963824040797,-92.01963824040797
2021-01-19 12:00:00,1431A,JQLH,60.0,159.54627462838192,-99.54627462838192
2021-01-19 13:00:00,1431A,JQLH,65.0,157.84477474867543,-92.84477474867543
2021-01-19 14:00:00,1431A,JQLH,74.0,156.00510784458592,-82.00510784458592
2021-01-19 15:00:00,1431A,JQLH,76.0,155.38349296062248,-79.38349296062248
2021-01-19 16:00:00,1431A,JQLH,78.0,154.0781026773216,-76.0781026773216
2021-01-19 17:00:00,1431A,JQLH,78.0,153.664322812953,-75.664322812953
2021-01-19 18:00:00,1431A,JQLH,80.0,153.28946006868193,-73.28946006868193
2021-01-19 19:00:00,1431A,JQLH,97.0,155.55927067119433,-58.55927067119433
2021-01-19 20:00:00,1431A,JQLH,90.0,157.41082937454428,-67.41082937454428
2021-01-19 21:00:00,1431A,JQLH,92.0,159.4269245027435,-67.4269245027435
2021-01-19 22:00:00,1431A,JQLH,94.0,160.15411837635494,-66.15411837635494
2021-01-19 23:00:00,1431A,JQLH,100.0,161.18689233215565,-61.18689233215565
2021-01-20 00:00:00,1431A,JQLH,102.0,161.34289585929446,-59.34289585929446
2021-01-20 01:00:00,1431A,JQLH,94.0,160.1730151888617,-66.17301518886171
2021-01-20 02:00:00,1431A,JQLH,90.0,159.58151200893346,-69.58151200893346
2021-01-20 03:00:00,1431A,JQLH,97.0,158.53527474813066,-61.53527474813066
2021-01-20 04:00:00,1431A,JQLH,100.0,157.44245416860247,-57.44245416860247
2021-01-20 05:00:00,1431A,JQLH,100.0,157.80178419022732,-57.80178419022732
2021-01-20 06:00:00,1431A,JQLH,101.0,157.7806883900418,-56.7806883900418
2021-01-20 07:00:00,1431A,JQLH,102.0,157.04299552557205,-55.04299552557205
2021-01-20 08:00:00,1431A,JQLH,103.0,157.0292080823968,-54.02920808239679
2021-01-20 09:00:00,1431A,JQLH,106.0,157.54468635744453,-51.54468635744453
2021-01-20 10:00:00,1431A,JQLH,100.0,158.7902168939736,-58.79021689397359
2021-01-20 11:00:00,1431A,JQLH,100.0,160.42783516449833,-60.42783516449833
2021-01-20 12:00:00,1431A,JQLH,99.0,160.95447155247228,-61.954471552472285
2021-01-20 13:00:00,1431A,JQLH,99.0,159.2529716727658,-60.252971672765796
2021-01-20 14:00:00,1431A,JQLH,103.0,157.41330476867628,-54.413304768676284
2021-01-20 15:00:00,1431A,JQLH,106.0,156.79168988471284,-50.79168988471284
2021-01-20 16:00:00,1431A,JQLH,108.0,155.48629960141196,-47.48629960141196
2021-01-20 17:00:00,1431A,JQLH,107.0,155.07251973704336,-48.072519737043365
2021-01-20 18:00:00,1431A,JQLH,,154.6976569927723,
2021-01-20 19:00:00,1431A,JQLH,109.0,156.9674675952847,-47.96746759528469
2021-01-20 20:00:00,1431A,JQLH,117.0,158.81902629863464,-41.81902629863464
2021-01-20 21:00:00,1431A,JQLH,128.0,160.83512142683387,-32.835121426833865
2021-01-20 22:00:00,1431A,JQLH,135.0,161.5623153004453,-26.562315300445306
2021-01-20 23:00:00,1431A,JQLH,151.0,162.595089256246,-11.595089256246013
2021-01-21 00:00:00,1431A,JQLH,160.0,162.75109278338482,-2.75109278338482
2021-01-21 01:00:00,1431A,JQLH,173.0,161.58121211295207,11.418787887047927
2021-01-21 02:00:00,1431A,JQLH,166.0,160.98970893302382,5.01029106697618
2021-01-21 03:00:00,1431A,JQLH,160.0,159.94347167222102,0.05652832777897743
2021-01-21 04:00:00,1431A,JQLH,152.0,158.85065109269283,-6.850651092692829
2021-01-21 05:00:00,1431A,JQLH,145.0,159.20998111431769,-14.209981114317685
2021-01-21 06:00:00,1431A,JQLH,139.0,159.18888531413216,-20.188885314132165
2021-01-21 07:00:00,1431A,JQLH,124.0,158.45119244966241,-34.451192449662415
2021-01-21 08:00:00,1431A,JQLH,129.0,158.43740500648715,-29.437405006487154
2021-01-21 09:00:00,1431A,JQLH,113.0,158.9528832815349,-45.952883281534895
2021-01-21 10:00:00,1431A,JQLH,111.0,160.19841381806395,-49.198413818063955
2021-01-21 11:00:00,1431A,JQLH,116.0,161.8360320885887,-45.836032088588695
2021-01-21 12:00:00,1431A,JQLH,105.0,162.36266847656265,-57.362668476562646
2021-01-21 13:00:00,1431A,JQLH,87.0,160.66116859685616,-73.66116859685616
2021-01-21 14:00:00,1431A,JQLH,73.0,158.82150169276665,-85.82150169276665
2021-01-21 15:00:00,1431A,JQLH,62.0,158.1998868088032,-96.1998868088032
2021-01-21 16:00:00,1431A,JQLH,58.0,156.89449652550232,-98.89449652550232
2021-01-21 17:00:00,1431A,JQLH,58.0,156.48071666113373,-98.48071666113373
2021-01-21 18:00:00,1431A,JQLH,66.0,156.10585391686266,-90.10585391686266
2021-01-21 19:00:00,1431A,JQLH,71.0,158.37566451937505,-87.37566451937505
2021-01-21 20:00:00,1431A,JQLH,76.0,160.227223222725,-84.227223222725
2021-01-21 21:00:00,1431A,JQLH,85.0,162.24331835092423,-77.24331835092423
2021-01-21 22:00:00,1431A,JQLH,81.0,162.97051222453567,-81.97051222453567
2021-01-21 23:00:00,1431A,JQLH,72.0,164.00328618033637,-92.00328618033637
2021-01-22 00:00:00,1431A,JQLH,75.0,164.15928970747518,-89.15928970747518
2021-01-22 01:00:00,1431A,JQLH,76.0,162.98940903704244,-86.98940903704244
2021-01-22 02:00:00,1431A,JQLH,77.0,162.39790585711418,-85.39790585711418
2021-01-22 03:00:00,1431A,JQLH,72.0,161.35166859631138,-89.35166859631138
2021-01-22 04:00:00,1431A,JQLH,76.0,160.2588480167832,-84.25884801678319
2021-01-22 05:00:00,1431A,JQLH,80.0,160.61817803840805,-80.61817803840805
2021-01-22 06:00:00,1431A,JQLH,83.0,160.59708223822253,-77.59708223822253
2021-01-22 07:00:00,1431A,JQLH,86.0,159.85938937375278,-73.85938937375278
2021-01-22 08:00:00,1431A,JQLH,86.0,159.84560193057752,-73.84560193057752
2021-01-22 09:00:00,1431A,JQLH,87.0,160.36108020562526,-73.36108020562526
2021-01-22 10:00:00,1431A,JQLH,99.0,161.60661074215432,-62.60661074215432
2021-01-22 11:00:00,1431A,JQLH,103.0,163.24422901267906,-60.24422901267906
2021-01-22 12:00:00,1431A,JQLH,102.0,163.770865400653,-61.77086540065301
2021-01-22 13:00:00,1431A,JQLH,89.0,162.06936552094652,-73.06936552094652
2021-01-22 14:00:00,1431A,JQLH,79.0,160.229698616857,-81.22969861685701
2021-01-22 15:00:00,1431A,JQLH,71.0,159.60808373289356,-88.60808373289356
2021-01-22 16:00:00,1431A,JQLH,63.0,158.30269344959268,-95.30269344959268
2021-01-22 17:00:00,1431A,JQLH,57.0,157.8889135852241,-100.88891358522409
2021-01-22 18:00:00,1431A,JQLH,51.0,157.51405084095302,-106.51405084095302
2021-01-22 19:00:00,1431A,JQLH,56.0,159.7838614434654,-103.78386144346541
2021-01-22 20:00:00,1431A,JQLH,70.0,161.63542014681536,-91.63542014681536
2021-01-22 21:00:00,1431A,JQLH,80.0,163.6515152750146,-83.65151527501459
2021-01-22 22:00:00,1431A,JQLH,81.0,164.37870914862603,-83.37870914862603
2021-01-22 23:00:00,1431A,JQLH,82.0,165.41148310442674,-83.41148310442674
2021-01-23 00:00:00,1431A,JQLH,79.0,165.56748663156554,-86.56748663156554
2021-01-23 01:00:00,1431A,JQLH,91.0,164.3976059611328,-73.3976059611328
2021-01-23 02:00:00,1431A,JQLH,102.0,163.80610278120454,-61.806102781204544
2021-01-23 03:00:00,1431A,JQLH,119.0,162.75986552040175,-43.759865520401746
2021-01-23 04:00:00,1431A,JQLH,111.0,161.66704494087355,-50.66704494087355
2021-01-23 05:00:00,1431A,JQLH,113.0,162.0263749624984,-49.02637496249841
2021-01-23 06:00:00,1431A,JQLH,115.0,162.0052791623129,-47.00527916231289
2021-01-23 07:00:00,1431A,JQLH,116.0,161.26758629784314,-45.26758629784314
2021-01-23 08:00:00,1431A,JQLH,116.0,161.25379885466788,-45.25379885466788
2021-01-23 09:00:00,1431A,JQLH,118.0,161.76927712971562,-43.76927712971562
2021-01-23 10:00:00,1431A,JQLH,122.0,163.01480766624468,-41.01480766624468
2021-01-23 11:00:00,1431A,JQLH,125.0,164.65242593676942,-39.65242593676942
2021-01-23 12:00:00,1431A,JQLH,127.0,165.17906232474337,-38.17906232474337
2021-01-23 13:00:00,1431A,JQLH,126.0,163.47756244503688,-37.47756244503688
2021-01-23 14:00:00,1431A,JQLH,128.0,161.63789554094737,-33.63789554094737
2021-01-23 15:00:00,1431A,JQLH,131.0,161.01628065698392,-30.016280656983923
2021-01-23 16:00:00,1431A,JQLH,131.0,159.71089037368304,-28.710890373683043
2021-01-23 17:00:00,1431A,JQLH,131.0,159.29711050931445,-28.29711050931445
2021-01-23 18:00:00,1431A,JQLH,131.0,158.92224776504338,-27.92224776504338
2021-01-23 19:00:00,1431A,JQLH,134.0,161.19205836755577,-27.192058367555774
2021-01-23 20:00:00,1431A,JQLH,128.0,163.04361707090573,-35.043617070905725
2021-01-23 21:00:00,1431A,JQLH,122.0,165.05971219910495,-43.05971219910495
2021-01-23 22:00:00,1431A,JQLH,123.0,165.7869060727164,-42.78690607271639
2021-01-23 23:00:00,1431A,JQLH,124.0,166.8196800285171,-42.8196800285171
2021-01-24 00:00:00,1431A,JQLH,124.0,166.9756835556559,-42.975683555655905
2021-01-24 01:00:00,1431A,JQLH,129.0,165.80580288522316,-36.80580288522316
2021-01-24 02:00:00,1431A,JQLH,149.0,165.2142997052949,-16.214299705294906
2021-01-24 03:00:00,1431A,JQLH,155.0,164.1680624444921,-9.168062444492108
2021-01-24 04:00:00,1431A,JQLH,144.0,163.0752418649639,-19.075241864963914
2021-01-24 05:00:00,1431A,JQLH,143.0,163.43457188658877,-20.43457188658877
2021-01-24 06:00:00,1431A,JQLH,145.0,163.41347608640325,-18.41347608640325
2021-01-24 07:00:00,1431A,JQLH,137.0,162.6757832219335,-25.6757832219335
2021-01-24 08:00:00,1431A,JQLH,136.0,162.66199577875824,-26.66199577875824
2021-01-24 09:00:00,1431A,JQLH,133.0,163.17747405380598,-30.17747405380598
2021-01-24 10:00:00,1431A,JQLH,131.0,164.42300459033504,-33.42300459033504
2021-01-24 11:00:00,1431A,JQLH,128.0,166.06062286085978,-38.06062286085978
2021-01-24 12:00:00,1431A,JQLH,120.0,166.58725924883373,-46.58725924883373
2021-01-24 13:00:00,1431A,JQLH,116.0,164.88575936912724,-48.88575936912724
2021-01-24 14:00:00,1431A,JQLH,111.0,163.04609246503773,-52.04609246503773
2021-01-24 15:00:00,1431A,JQLH,114.0,162.42447758107429,-48.424477581074285
2021-01-24 16:00:00,1431A,JQLH,109.0,161.1190872977734,-52.119087297773405
2021-01-24 17:00:00,1431A,JQLH,94.0,160.7053074334048,-66.70530743340481
2021-01-24 18:00:00,1431A,JQLH,51.0,160.33044468913374,-109.33044468913374
2021-01-24 19:00:00,1431A,JQLH,39.0,162.60025529164614,-123.60025529164614
2021-01-24 20:00:00,1431A,JQLH,38.0,164.4518139949961,-126.45181399499609
2021-01-24 21:00:00,1431A,JQLH,40.0,166.4679091231953,-126.46790912319531
2021-01-24 22:00:00,1431A,JQLH,43.0,167.19510299680675,-124.19510299680675
2021-01-24 23:00:00,1431A,JQLH,43.0,168.22787695260746,-125.22787695260746
2021-01-25 00:00:00,1431A,JQLH,43.0,168.38388047974627,-125.38388047974627
2021-01-25 01:00:00,1431A,JQLH,43.0,167.21399980931352,-124.21399980931352
2021-01-25 02:00:00,1431A,JQLH,42.0,166.62249662938527,-124.62249662938527
2021-01-25 03:00:00,1431A,JQLH,42.0,165.57625936858247,-123.57625936858247
2021-01-25 04:00:00,1431A,JQLH,39.0,164.48343878905428,-125.48343878905428
2021-01-25 05:00:00,1431A,JQLH,37.0,164.84276881067913,-127.84276881067913
2021-01-25 06:00:00,1431A,JQLH,40.0,164.8216730104936,-124.82167301049361
2021-01-25 07:00:00,1431A,JQLH,47.0,164.08398014602386,-117.08398014602386
2021-01-25 08:00:00,1431A,JQLH,44.0,164.0701927028486,-120.0701927028486
2021-01-25 09:00:00,1431A,JQLH,44.0,164.58567097789634,-120.58567097789634
2021-01-25 10:00:00,1431A,JQLH,49.0,165.8312015144254,-116.8312015144254
2021-01-25 11:00:00,1431A,JQLH,,167.46881978495014,
2021-01-25 12:00:00,1431A,JQLH,45.0,167.9954561729241,-122.9954561729241
2021-01-25 13:00:00,1431A,JQLH,40.0,166.2939562932176,-126.2939562932176
2021-01-25 14:00:00,1431A,JQLH,47.0,164.4542893891281,-117.45428938912809
2021-01-25 15:00:00,1431A,JQLH,52.0,163.83267450516465,-111.83267450516465
2021-01-25 16:00:00,1431A,JQLH,55.0,162.52728422186377,-107.52728422186377
2021-01-25 17:00:00,1431A,JQLH,,162.11350435749517,
2021-01-25 18:00:00,1431A,JQLH,61.0,161.7386416132241,-100.7386416132241
2021-01-25 19:00:00,1431A,JQLH,61.0,164.0084522157365,-103.0084522157365
2021-01-25 20:00:00,1431A,JQLH,62.0,165.86001091908645,-103.86001091908645
2021-01-25 21:00:00,1431A,JQLH,61.0,167.87610604728567,-106.87610604728567
2021-01-25 22:00:00,1431A,JQLH,67.0,168.60329992089711,-101.60329992089711
2021-01-25 23:00:00,1431A,JQLH,79.0,169.63607387669782,-90.63607387669782
2021-01-26 00:00:00,1431A,JQLH,74.0,169.79207740383663,-95.79207740383663
2021-01-26 01:00:00,1431A,JQLH,76.0,168.62219673340388,-92.62219673340388
2021-01-26 02:00:00,1431A,JQLH,82.0,168.03069355347563,-86.03069355347563
2021-01-26 03:00:00,1431A,JQLH,85.0,166.98445629267283,-81.98445629267283
2021-01-26 04:00:00,1431A,JQLH,82.0,165.89163571314464,-83.89163571314464
2021-01-26 05:00:00,1431A,JQLH,79.0,166.2509657347695,-87.2509657347695
2021-01-26 06:00:00,1431A,JQLH,74.0,166.22986993458397,-92.22986993458397
2021-01-26 07:00:00,1431A,JQLH,74.0,165.49217707011422,-91.49217707011422
2021-01-26 08:00:00,1431A,JQLH,74.0,165.47838962693896,-91.47838962693896
2021-01-26 09:00:00,1431A,JQLH,79.0,165.9938679019867,-86.9938679019867
2021-01-26 10:00:00,1431A,JQLH,71.0,167.23939843851576,-96.23939843851576
2021-01-26 11:00:00,1431A,JQLH,72.0,168.8770167090405,-96.8770167090405
2021-01-26 12:00:00,1431A,JQLH,62.0,169.40365309701446,-107.40365309701446
2021-01-26 13:00:00,1431A,JQLH,64.0,167.70215321730797,-103.70215321730797
2021-01-26 14:00:00,1431A,JQLH,58.0,165.86248631321845,-107.86248631321845
2021-01-26 15:00:00,1431A,JQLH,45.0,165.240871429255,-120.24087142925501
2021-01-26 16:00:00,1431A,JQLH,52.0,163.93548114595413,-111.93548114595413
2021-01-26 17:00:00,1431A,JQLH,46.0,163.52170128158554,-117.52170128158554
2021-01-26 18:00:00,1431A,JQLH,52.0,163.14683853731447,-111.14683853731447
2021-01-26 19:00:00,1431A,JQLH,76.0,165.41664913982686,-89.41664913982686
2021-01-26 20:00:00,1431A,JQLH,91.0,167.2682078431768,-76.26820784317681
2021-01-26 21:00:00,1431A,JQLH,91.0,169.28430297137604,-78.28430297137604
2021-01-26 22:00:00,1431A,JQLH,93.0,170.01149684498748,-77.01149684498748
2021-01-26 23:00:00,1431A,JQLH,93.0,171.04427080078818,-78.04427080078818
2021-01-27 00:00:00,1431A,JQLH,85.0,171.200274327927,-86.20027432792699
2021-01-27 01:00:00,1431A,JQLH,70.0,170.03039365749424,-100.03039365749424
2021-01-27 02:00:00,1431A,JQLH,68.0,169.438890477566,-101.43889047756599
2021-01-27 03:00:00,1431A,JQLH,60.0,168.3926532167632,-108.3926532167632
2021-01-27 04:00:00,1431A,JQLH,62.0,167.299832637235,-105.299832637235
2021-01-27 05:00:00,1431A,JQLH,62.0,167.65916265885986,-105.65916265885986
2021-01-27 06:00:00,1431A,JQLH,62.0,167.63806685867434,-105.63806685867434
2021-01-27 07:00:00,1431A,JQLH,60.0,166.90037399420459,-106.90037399420459
2021-01-27 08:00:00,1431A,JQLH,66.0,166.88658655102932,-100.88658655102932
2021-01-27 09:00:00,1431A,JQLH,70.0,167.40206482607707,-97.40206482607707
2021-01-27 10:00:00,1431A,JQLH,72.0,168.64759536260613,-96.64759536260613
2021-01-27 11:00:00,1431A,JQLH,75.0,170.28521363313087,-95.28521363313087
2021-01-27 12:00:00,1431A,JQLH,67.0,170.81185002110482,-103.81185002110482
2021-01-27 13:00:00,1431A,JQLH,51.0,169.11035014139833,-118.11035014139833
2021-01-27 14:00:00,1431A,JQLH,48.0,167.27068323730882,-119.27068323730882
2021-01-27 15:00:00,1431A,JQLH,43.0,166.64906835334537,-123.64906835334537
2021-01-27 16:00:00,1431A,JQLH,43.0,165.3436780700445,-122.34367807004449
2021-01-27 17:00:00,1431A,JQLH,45.0,164.9298982056759,-119.9298982056759
2021-01-27 18:00:00,1431A,JQLH,49.0,164.55503546140483,-115.55503546140483
2021-01-27 19:00:00,1431A,JQLH,59.0,166.82484606391722,-107.82484606391722
2021-01-27 20:00:00,1431A,JQLH,64.0,168.67640476726717,-104.67640476726717
2021-01-27 21:00:00,1431A,JQLH,79.0,170.6924998954664,-91.6924998954664
2021-01-27 22:00:00,1431A,JQLH,90.0,171.41969376907784,-81.41969376907784
2021-01-27 23:00:00,1431A,JQLH,101.0,172.45246772487855,-71.45246772487855
2021-01-28 00:00:00,1431A,JQLH,107.0,172.60847125201735,-65.60847125201735
2021-01-28 01:00:00,1431A,JQLH,117.0,171.4385905815846,-54.438590581584606
2021-01-28 02:00:00,1431A,JQLH,116.0,170.84708740165635,-54.84708740165635
2021-01-28 03:00:00,1431A,JQLH,112.0,169.80085014085356,-57.800850140853555
2021-01-28 04:00:00,1431A,JQLH,112.0,168.70802956132536,-56.70802956132536
2021-01-28 05:00:00,1431A,JQLH,110.0,169.06735958295022,-59.06735958295022
2021-01-28 06:00:00,1431A,JQLH,105.0,169.0462637827647,-64.0462637827647
2021-01-28 07:00:00,1431A,JQLH,103.0,168.30857091829495,-65.30857091829495
2021-01-28 08:00:00,1431A,JQLH,98.0,168.2947834751197,-70.29478347511969
2021-01-28 09:00:00,1431A,JQLH,100.0,168.81026175016743,-68.81026175016743
2021-01-28 10:00:00,1431A,JQLH,114.0,170.0557922866965,-56.05579228669649
2021-01-28 11:00:00,1431A,JQLH,113.0,171.69341055722123,-58.69341055722123
2021-01-28 12:00:00,1431A,JQLH,122.0,172.22004694519518,-50.22004694519518
2021-01-28 13:00:00,1431A,JQLH,120.0,170.5185470654887,-50.51854706548869
2021-01-28 14:00:00,1431A,JQLH,113.0,168.67888016139918,-55.67888016139918
2021-01-28 15:00:00,1431A,JQLH,114.0,168.05726527743573,-54.05726527743573
2021-01-28 16:00:00,1431A,JQLH,106.0,166.75187499413485,-60.75187499413485
2021-01-28 17:00:00,1431A,JQLH,95.0,166.33809512976626,-71.33809512976626
2021-01-28 18:00:00,1431A,JQLH,75.0,165.9632323854952,-90.96323238549519
2021-01-28 19:00:00,1431A,JQLH,70.0,168.23304298800758,-98.23304298800758
2021-01-28 20:00:00,1431A,JQLH,66.0,170.08460169135753,-104.08460169135753
2021-01-28 21:00:00,1431A,JQLH,55.0,172.10069681955676,-117.10069681955676
2021-01-28 22:00:00,1431A,JQLH,71.0,172.8278906931682,-101.8278906931682
2021-01-28 23:00:00,1431A,JQLH,107.0,173.8606646489689,-66.8606646489689
2021-01-29 00:00:00,1431A,JQLH,88.0,174.01666817610771,-86.01666817610771
2021-01-29 01:00:00,1431A,JQLH,64.0,172.84678750567497,-108.84678750567497
2021-01-29 02:00:00,1431A,JQLH,53.0,172.25528432574671,-119.25528432574671
2021-01-29 03:00:00,1431A,JQLH,67.0,171.20904706494392,-104.20904706494392
2021-01-29 04:00:00,1431A,JQLH,75.0,170.11622648541572,-95.11622648541572
2021-01-29 05:00:00,1431A,JQLH,70.0,170.47555650704058,-100.47555650704058
2021-01-29 06:00:00,1431A,JQLH,65.0,170.45446070685506,-105.45446070685506
2021-01-29 07:00:00,1431A,JQLH,63.0,169.7167678423853,-106.71676784238531
2021-01-29 08:00:00,1431A,JQLH,60.0,169.70298039921005,-109.70298039921005
2021-01-29 09:00:00,1431A,JQLH,58.0,170.2184586742578,-112.21845867425779
2021-01-29 10:00:00,1431A,JQLH,52.0,171.46398921078685,-119.46398921078685
2021-01-29 11:00:00,1431A,JQLH,50.0,173.1016074813116,-123.10160748131159
2021-01-29 12:00:00,1431A,JQLH,53.0,173.62824386928554,-120.62824386928554
2021-01-29 13:00:00,1431A,JQLH,52.0,171.92674398957905,-119.92674398957905
2021-01-29 14:00:00,1431A,JQLH,49.0,170.08707708548954,-121.08707708548954
2021-01-29 15:00:00,1431A,JQLH,46.0,169.4654622015261,-123.4654622015261
2021-01-29 16:00:00,1431A,JQLH,40.0,168.1600719182252,-128.1600719182252
2021-01-29 17:00:00,1431A,JQLH,40.0,167.74629205385662,-127.74629205385662
2021-01-29 18:00:00,1431A,JQLH,52.0,167.37142930958555,-115.37142930958555
2021-01-29 19:00:00,1431A,JQLH,,169.64123991209794,
2021-01-29 20:00:00,1431A,JQLH,60.0,171.4927986154479,-111.4927986154479
2021-01-29 21:00:00,1431A,JQLH,61.0,173.50889374364712,-112.50889374364712
2021-01-29 22:00:00,1431A,JQLH,62.0,174.23608761725856,-112.23608761725856
2021-01-29 23:00:00,1431A,JQLH,59.0,175.26886157305927,-116.26886157305927
2021-01-30 00:00:00,1431A,JQLH,60.0,175.42486510019808,-115.42486510019808
2021-01-30 01:00:00,1431A,JQLH,63.0,174.25498442976533,-111.25498442976533
2021-01-30 02:00:00,1431A,JQLH,57.0,173.66348124983708,-116.66348124983708
2021-01-30 03:00:00,1431A,JQLH,48.0,172.61724398903428,-124.61724398903428
2021-01-30 04:00:00,1431A,JQLH,43.0,171.52442340950608,-128.52442340950608
2021-01-30 05:00:00,1431A,JQLH,40.0,171.88375343113094,-131.88375343113094
2021-01-30 06:00:00,1431A,JQLH,37.0,171.86265763094542,-134.86265763094542
2021-01-30 07:00:00,1431A,JQLH,36.0,171.12496476647567,-135.12496476647567
2021-01-30 08:00:00,1431A,JQLH,36.0,171.1111773233004,-135.1111773233004
2021-01-30 09:00:00,1431A,JQLH,45.0,171.62665559834815,-126.62665559834815
2021-01-30 10:00:00,1431A,JQLH,49.0,172.8721861348772,-123.87218613487721
2021-01-30 11:00:00,1431A,JQLH,48.0,174.50980440540195,-126.50980440540195
2021-01-30 12:00:00,1431A,JQLH,42.0,175.0364407933759,-133.0364407933759
2021-01-30 13:00:00,1431A,JQLH,39.0,173.3349409136694,-134.3349409136694
2021-01-30 14:00:00,1431A,JQLH,33.0,171.4952740095799,-138.4952740095799
2021-01-30 15:00:00,1431A,JQLH,31.0,170.87365912561646,-139.87365912561646
2021-01-30 16:00:00,1431A,JQLH,33.0,169.56826884231558,-136.56826884231558
2021-01-30 17:00:00,1431A,JQLH,38.0,169.15448897794698,-131.15448897794698
2021-01-30 18:00:00,1431A,JQLH,43.0,168.7796262336759,-125.77962623367591
2021-01-30 19:00:00,1431A,JQLH,47.0,171.0494368361883,-124.0494368361883
2021-01-30 20:00:00,1431A,JQLH,48.0,172.90099553953826,-124.90099553953826
2021-01-30 21:00:00,1431A,JQLH,44.0,174.91709066773748,-130.91709066773748
2021-01-30 22:00:00,1431A,JQLH,41.0,175.64428454134892,-134.64428454134892
2021-01-30 23:00:00,1431A,JQLH,40.0,176.67705849714963,-136.67705849714963
2021-01-31 00:00:00,1431A,JQLH,42.0,176.83306202428844,-134.83306202428844
2021-01-31 01:00:00,1431A,JQLH,48.0,175.6631813538557,-127.66318135385569
2021-01-31 02:00:00,1431A,JQLH,53.0,175.07167817392744,-122.07167817392744
2021-01-31 03:00:00,1431A,JQLH,56.0,174.02544091312464,-118.02544091312464
2021-01-31 04:00:00,1431A,JQLH,55.0,172.93262033359645,-117.93262033359645
2021-01-31 05:00:00,1431A,JQLH,53.0,173.2919503552213,-120.2919503552213
2021-01-31 06:00:00,1431A,JQLH,55.0,173.27085455503578,-118.27085455503578
2021-01-31 07:00:00,1431A,JQLH,59.0,172.53316169056603,-113.53316169056603
2021-01-31 08:00:00,1431A,JQLH,60.0,172.51937424739077,-112.51937424739077
2021-01-31 09:00:00,1431A,JQLH,61.0,173.0348525224385,-112.03485252243851
2021-01-31 10:00:00,1431A,JQLH,69.0,174.28038305896757,-105.28038305896757
2021-01-31 11:00:00,1431A,JQLH,66.0,175.9180013294923,-109.91800132949231
2021-01-31 12:00:00,1431A,JQLH,54.0,176.44463771746626,-122.44463771746626
2021-01-31 13:00:00,1431A,JQLH,44.0,174.74313783775978,-130.74313783775978
2021-01-31 14:00:00,1431A,JQLH,41.0,172.90347093367026,-131.90347093367026
2021-01-31 15:00:00,1431A,JQLH,42.0,172.28185604970682,-130.28185604970682
2021-01-31 16:00:00,1431A,JQLH,43.0,170.97646576640594,-127.97646576640594
2021-01-31 17:00:00,1431A,JQLH,38.0,170.56268590203734,-132.56268590203734
2021-01-31 18:00:00,1431A,JQLH,43.0,170.18782315776627,-127.18782315776627
2021-01-31 19:00:00,1431A,JQLH,44.0,172.45763376027867,-128.45763376027867
2021-01-31 20:00:00,1431A,JQLH,41.0,174.30919246362862,-133.30919246362862
2021-01-31 21:00:00,1431A,JQLH,43.0,176.32528759182784,-133.32528759182784
2021-01-31 22:00:00,1431A,JQLH,46.0,177.05248146543929,-131.05248146543929
2021-01-31 23:00:00,1431A,JQLH,54.0,178.08525542124,-124.08525542123999
2021-02-01 00:00:00,1431A,JQLH,52.0,178.2412589483788,-126.2412589483788
2021-02-01 01:00:00,1431A,JQLH,57.0,177.07137827794605,-120.07137827794605
2021-02-01 02:00:00,1431A,JQLH,61.0,176.4798750980178,-115.4798750980178
2021-02-01 03:00:00,1431A,JQLH,60.0,175.433637837215,-115.433637837215
2021-02-01 04:00:00,1431A,JQLH,67.0,174.3408172576868,-107.34081725768681
2021-02-01 05:00:00,1431A,JQLH,69.0,174.70014727931166,-105.70014727931166
2021-02-01 06:00:00,1431A,JQLH,68.0,174.67905147912614,-106.67905147912614
2021-02-01 07:00:00,1431A,JQLH,68.0,173.9413586146564,-105.9413586146564
2021-02-01 08:00:00,1431A,JQLH,68.0,173.92757117148113,-105.92757117148113
2021-02-01 09:00:00,1431A,JQLH,72.0,174.44304944652887,-102.44304944652887
2021-02-01 10:00:00,1431A,JQLH,78.0,175.68857998305793,-97.68857998305793
2021-02-01 11:00:00,1431A,JQLH,88.0,177.32619825358267,-89.32619825358267
2021-02-01 12:00:00,1431A,JQLH,77.0,177.85283464155663,-100.85283464155663
2021-02-01 13:00:00,1431A,JQLH,68.0,176.15133476185014,-108.15133476185014
2021-02-01 14:00:00,1431A,JQLH,66.0,174.31166785776063,-108.31166785776063
2021-02-01 15:00:00,1431A,JQLH,70.0,173.69005297379718,-103.69005297379718
2021-02-01 16:00:00,1431A,JQLH,49.0,172.3846626904963,-123.3846626904963
2021-02-01 17:00:00,1431A,JQLH,47.0,171.9708828261277,-124.9708828261277
2021-02-01 18:00:00,1431A,JQLH,53.0,171.59602008185664,-118.59602008185664
2021-02-01 19:00:00,1431A,JQLH,56.0,173.86583068436903,-117.86583068436903
2021-02-01 20:00:00,1431A,JQLH,63.0,175.71738938771898,-112.71738938771898
2021-02-01 21:00:00,1431A,JQLH,69.0,177.7334845159182,-108.7334845159182
2021-02-01 22:00:00,1431A,JQLH,67.0,178.46067838952965,-111.46067838952965
2021-02-01 23:00:00,1431A,JQLH,66.0,179.49345234533035,-113.49345234533035
2021-02-02 00:00:00,1431A,JQLH,61.0,179.64945587246916,-118.64945587246916
2021-02-02 01:00:00,1431A,JQLH,59.0,178.47957520203641,-119.47957520203641
2021-02-02 02:00:00,1431A,JQLH,59.0,177.88807202210816,-118.88807202210816
2021-02-02 03:00:00,1431A,JQLH,60.0,176.84183476130536,-116.84183476130536
2021-02-02 04:00:00,1431A,JQLH,68.0,175.74901418177717,-107.74901418177717
2021-02-02 05:00:00,1431A,JQLH,67.0,176.10834420340203,-109.10834420340203
2021-02-02 06:00:00,1431A,JQLH,68.0,176.0872484032165,-108.0872484032165
2021-02-02 07:00:00,1431A,JQLH,72.0,175.34955553874676,-103.34955553874676
2021-02-02 08:00:00,1431A,JQLH,80.0,175.3357680955715,-95.3357680955715
2021-02-02 09:00:00,1431A,JQLH,84.0,175.85124637061924,-91.85124637061924
2021-02-02 10:00:00,1431A,JQLH,86.0,177.0967769071483,-91.0967769071483
2021-02-02 11:00:00,1431A,JQLH,90.0,178.73439517767304,-88.73439517767304
2021-02-02 12:00:00,1431A,JQLH,93.0,179.261031565647,-86.26103156564699
2021-02-02 13:00:00,1431A,JQLH,102.0,177.5595316859405,-75.5595316859405
2021-02-02 14:00:00,1431A,JQLH,108.0,175.719864781851,-67.71986478185099
2021-02-02 15:00:00,1431A,JQLH,112.0,175.09824989788754,-63.09824989788754
2021-02-02 16:00:00,1431A,JQLH,112.0,173.79285961458666,-61.79285961458666
2021-02-02 17:00:00,1431A,JQLH,112.0,173.37907975021807,-61.37907975021807
2021-02-02 18:00:00,1431A,JQLH,114.0,173.004217005947,-59.004217005947
2021-02-02 19:00:00,1431A,JQLH,120.0,175.2740276084594,-55.27402760845939
2021-02-02 20:00:00,1431A,JQLH,122.0,177.12558631180934,-55.12558631180934
2021-02-02 21:00:00,1431A,JQLH,131.0,179.14168144000857,-48.14168144000857
2021-02-02 22:00:00,1431A,JQLH,132.0,179.86887531362,-47.86887531362001
2021-02-02 23:00:00,1431A,JQLH,128.0,180.90164926942072,-52.901649269420716
2021-02-03 00:00:00,1431A,JQLH,120.0,181.05765279655952,-61.05765279655952
2021-02-03 01:00:00,1431A,JQLH,120.0,179.88777212612678,-59.88777212612678
2021-02-03 02:00:00,1431A,JQLH,140.0,179.29626894619852,-39.29626894619852
2021-02-03 03:00:00,1431A,JQLH,125.0,178.25003168539573,-53.250031685395726
2021-02-03 04:00:00,1431A,JQLH,116.0,177.15721110586753,-61.15721110586753
2021-02-03 05:00:00,1431A,JQLH,123.0,177.5165411274924,-54.51654112749239
2021-02-03 06:00:00,1431A,JQLH,128.0,177.49544532730687,-49.49544532730687
2021-02-03 07:00:00,1431A,JQLH,130.0,176.75775246283712,-46.75775246283712
2021-02-03 08:00:00,1431A,JQLH,122.0,176.74396501966186,-54.74396501966186
2021-02-03 09:00:00,1431A,JQLH,111.0,177.2594432947096,-66.2594432947096
2021-02-03 10:00:00,1431A,JQLH,115.0,178.50497383123866,-63.50497383123866
2021-02-03 11:00:00,1431A,JQLH,125.0,180.1425921017634,-55.1425921017634
2021-02-03 12:00:00,1431A,JQLH,133.0,180.66922848973735,-47.66922848973735
2021-02-03 13:00:00,1431A,JQLH,141.0,178.96772861003086,-37.96772861003086
2021-02-03 14:00:00,1431A,JQLH,138.0,177.12806170594135,-39.12806170594135
2021-02-03 15:00:00,1431A,JQLH,127.0,176.5064468219779,-49.5064468219779
2021-02-03 16:00:00,1431A,JQLH,119.0,175.20105653867702,-56.20105653867702
2021-02-03 17:00:00,1431A,JQLH,119.0,174.78727667430843,-55.78727667430843
2021-02-03 18:00:00,1431A,JQLH,114.0,174.41241393003736,-60.41241393003736
2021-02-03 19:00:00,1431A,JQLH,124.0,176.68222453254975,-52.68222453254975
2021-02-03 20:00:00,1431A,JQLH,123.0,178.5337832358997,-55.533783235899705
2021-02-03 21:00:00,1431A,JQLH,127.0,180.54987836409893,-53.54987836409893
2021-02-03 22:00:00,1431A,JQLH,139.0,181.27707223771037,-42.27707223771037
2021-02-03 23:00:00,1431A,JQLH,149.0,182.30984619351108,-33.30984619351108
2021-02-04 00:00:00,1431A,JQLH,148.0,182.46584972064989,-34.465849720649885
2021-02-04 01:00:00,1431A,JQLH,185.0,181.29596905021714,3.7040309497828616
2021-02-04 02:00:00,1431A,JQLH,186.0,180.70446587028889,5.295534129711115
2021-02-04 03:00:00,1431A,JQLH,179.0,179.6582286094861,-0.6582286094860876
2021-02-04 04:00:00,1431A,JQLH,159.0,178.5654080299579,-19.565408029957894
2021-02-04 05:00:00,1431A,JQLH,154.0,178.92473805158275,-24.92473805158275
2021-02-04 06:00:00,1431A,JQLH,148.0,178.90364225139723,-30.90364225139723
2021-02-04 07:00:00,1431A,JQLH,142.0,178.16594938692748,-36.16594938692748
2021-02-04 08:00:00,1431A,JQLH,136.0,178.15216194375222,-42.15216194375222
2021-02-04 09:00:00,1431A,JQLH,135.0,178.66764021879996,-43.66764021879996
2021-02-04 10:00:00,1431A,JQLH,135.0,179.91317075532902,-44.91317075532902
2021-02-04 11:00:00,1431A,JQLH,141.0,181.55078902585376,-40.55078902585376
2021-02-04 12:00:00,1431A,JQLH,147.0,182.0774254138277,-35.07742541382771
2021-02-04 13:00:00,1431A,JQLH,161.0,180.37592553412122,-19.375925534121222
2021-02-04 14:00:00,1431A,JQLH,168.0,178.5362586300317,-10.53625863003171
2021-02-04 15:00:00,1431A,JQLH,167.0,177.91464374606826,-10.914643746068265
2021-02-04 16:00:00,1431A,JQLH,155.0,176.60925346276738,-21.609253462767384
2021-02-04 17:00:00,1431A,JQLH,142.0,176.1954735983988,-34.19547359839879
2021-02-04 18:00:00,1431A,JQLH,153.0,175.82061085412772,-22.82061085412772
2021-02-04 19:00:00,1431A,JQLH,164.0,178.09042145664012,-14.090421456640115
2021-02-04 20:00:00,1431A,JQLH,150.0,179.94198015999007,-29.941980159990067
2021-02-04 21:00:00,1431A,JQLH,114.0,181.9580752881893,-67.95807528818929
2021-02-04 22:00:00,1431A,JQLH,88.0,182.68526916180073,-94.68526916180073
2021-02-04 23:00:00,1431A,JQLH,55.0,183.71804311760144,-128.71804311760144
2021-02-05 00:00:00,1431A,JQLH,44.0,183.87404664474025,-139.87404664474025
2021-02-05 01:00:00,1431A,JQLH,40.0,182.7041659743075,-142.7041659743075
2021-02-05 02:00:00,1431A,JQLH,39.0,182.11266279437925,-143.11266279437925
2021-02-05 03:00:00,1431A,JQLH,37.0,181.06642553357645,-144.06642553357645
2021-02-05 04:00:00,1431A,JQLH,40.0,179.97360495404826,-139.97360495404826
2021-02-05 05:00:00,1431A,JQLH,41.0,180.3329349756731,-139.3329349756731
2021-02-05 06:00:00,1431A,JQLH,40.0,180.3118391754876,-140.3118391754876
2021-02-05 07:00:00,1431A,JQLH,39.0,179.57414631101784,-140.57414631101784
2021-02-05 08:00:00,1431A,JQLH,42.0,179.56035886784258,-137.56035886784258
2021-02-05 09:00:00,1431A,JQLH,52.0,180.07583714289032,-128.07583714289032
2021-02-05 10:00:00,1431A,JQLH,67.0,181.32136767941938,-114.32136767941938
2021-02-05 11:00:00,1431A,JQLH,,182.95898594994412,
2021-02-05 12:00:00,1431A,JQLH,64.0,183.48562233791807,-119.48562233791807
2021-02-05 13:00:00,1431A,JQLH,55.0,181.78412245821158,-126.78412245821158
2021-02-05 14:00:00,1431A,JQLH,56.0,179.94445555412207,-123.94445555412207
2021-02-05 15:00:00,1431A,JQLH,58.0,179.32284067015863,-121.32284067015863
2021-02-05 16:00:00,1431A,JQLH,49.0,178.01745038685775,-129.01745038685775
2021-02-05 17:00:00,1431A,JQLH,38.0,177.60367052248915,-139.60367052248915
2021-02-05 18:00:00,1431A,JQLH,36.0,177.22880777821808,-141.22880777821808
2021-02-05 19:00:00,1431A,JQLH,39.0,179.49861838073048,-140.49861838073048
2021-02-05 20:00:00,1431A,JQLH,45.0,181.35017708408043,-136.35017708408043
2021-02-05 21:00:00,1431A,JQLH,70.0,183.36627221227965,-113.36627221227965
2021-02-05 22:00:00,1431A,JQLH,57.0,184.0934660858911,-127.0934660858911
2021-02-05 23:00:00,1431A,JQLH,51.0,185.1262400416918,-134.1262400416918
2021-02-06 00:00:00,1431A,JQLH,56.0,185.2822435688306,-129.2822435688306
2021-02-06 01:00:00,1431A,JQLH,54.0,184.11236289839786,-130.11236289839786
2021-02-06 02:00:00,1431A,JQLH,54.0,183.5208597184696,-129.5208597184696
2021-02-06 03:00:00,1431A,JQLH,59.0,182.4746224576668,-123.47462245766681
2021-02-06 04:00:00,1431A,JQLH,55.0,181.38180187813862,-126.38180187813862
2021-02-06 05:00:00,1431A,JQLH,54.0,181.74113189976347,-127.74113189976347
2021-02-06 06:00:00,1431A,JQLH,87.0,181.72003609957795,-94.72003609957795
2021-02-06 07:00:00,1431A,JQLH,95.0,180.9823432351082,-85.9823432351082
2021-02-06 08:00:00,1431A,JQLH,89.0,180.96855579193294,-91.96855579193294
2021-02-06 09:00:00,1431A,JQLH,81.0,181.48403406698068,-100.48403406698068
2021-02-06 10:00:00,1431A,JQLH,74.0,182.72956460350974,-108.72956460350974
2021-02-06 11:00:00,1431A,JQLH,79.0,184.36718287403448,-105.36718287403448
2021-02-06 12:00:00,1431A,JQLH,72.0,184.89381926200844,-112.89381926200844
2021-02-06 13:00:00,1431A,JQLH,62.0,183.19231938230195,-121.19231938230195
2021-02-06 14:00:00,1431A,JQLH,61.0,181.35265247821243,-120.35265247821243
2021-02-06 15:00:00,1431A,JQLH,62.0,180.731037594249,-118.73103759424899
2021-02-06 16:00:00,1431A,JQLH,59.0,179.4256473109481,-120.42564731094811
2021-02-06 17:00:00,1431A,JQLH,62.0,179.01186744657952,-117.01186744657952
2021-02-06 18:00:00,1431A,JQLH,56.0,178.63700470230845,-122.63700470230845
2021-02-06 19:00:00,1431A,JQLH,57.0,180.90681530482084,-123.90681530482084
2021-02-06 20:00:00,1431A,JQLH,65.0,182.7583740081708,-117.75837400817079
2021-02-06 21:00:00,1431A,JQLH,70.0,184.77446913637002,-114.77446913637002
2021-02-06 22:00:00,1431A,JQLH,75.0,185.50166300998146,-110.50166300998146
2021-02-06 23:00:00,1431A,JQLH,77.0,186.53443696578216,-109.53443696578216
2021-02-07 00:00:00,1431A,JQLH,86.0,186.69044049292097,-100.69044049292097
2021-02-07 01:00:00,1431A,JQLH,90.0,185.52055982248822,-95.52055982248822
2021-02-07 02:00:00,1431A,JQLH,90.0,184.92905664255997,-94.92905664255997
2021-02-07 03:00:00,1431A,JQLH,93.0,183.88281938175717,-90.88281938175717
2021-02-07 04:00:00,1431A,JQLH,95.0,182.78999880222898,-87.78999880222898
2021-02-07 05:00:00,1431A,JQLH,91.0,183.14932882385384,-92.14932882385384
2021-02-07 06:00:00,1431A,JQLH,85.0,183.12823302366832,-98.12823302366832
2021-02-07 07:00:00,1431A,JQLH,82.0,182.39054015919857,-100.39054015919857
2021-02-07 08:00:00,1431A,JQLH,81.0,182.3767527160233,-101.3767527160233
2021-02-07 09:00:00,1431A,JQLH,79.0,182.89223099107105,-103.89223099107105
2021-02-07 10:00:00,1431A,JQLH,84.0,184.1377615276001,-100.1377615276001
2021-02-07 11:00:00,1431A,JQLH,82.0,185.77537979812485,-103.77537979812485
2021-02-07 12:00:00,1431A,JQLH,81.0,186.3020161860988,-105.3020161860988
2021-02-07 13:00:00,1431A,JQLH,74.0,184.6005163063923,-110.60051630639231
2021-02-07 14:00:00,1431A,JQLH,52.0,182.7608494023028,-130.7608494023028
2021-02-07 15:00:00,1431A,JQLH,38.0,182.13923451833935,-144.13923451833935
2021-02-07 16:00:00,1431A,JQLH,32.0,180.83384423503847,-148.83384423503847
2021-02-07 17:00:00,1431A,JQLH,31.0,180.42006437066988,-149.42006437066988
2021-02-07 18:00:00,1431A,JQLH,33.0,180.0452016263988,-147.0452016263988
2021-02-07 19:00:00,1431A,JQLH,37.0,182.3150122289112,-145.3150122289112
2021-02-07 20:00:00,1431A,JQLH,42.0,184.16657093226115,-142.16657093226115
2021-02-07 21:00:00,1431A,JQLH,64.0,186.18266606046038,-122.18266606046038
2021-02-07 22:00:00,1431A,JQLH,73.0,186.90985993407182,-113.90985993407182
2021-02-07 23:00:00,1431A,JQLH,67.0,187.94263388987252,-120.94263388987252
2021-02-08 00:00:00,1431A,JQLH,68.0,188.09863741701133,-120.09863741701133
2021-02-08 01:00:00,1431A,JQLH,72.0,186.92875674657859,-114.92875674657859
2021-02-08 02:00:00,1431A,JQLH,80.0,186.33725356665033,-106.33725356665033
2021-02-08 03:00:00,1431A,JQLH,84.0,185.29101630584753,-101.29101630584753
2021-02-08 04:00:00,1431A,JQLH,82.0,184.19819572631934,-102.19819572631934
2021-02-08 05:00:00,1431A,JQLH,82.0,184.5575257479442,-102.5575257479442
2021-02-08 06:00:00,1431A,JQLH,76.0,184.53642994775868,-108.53642994775868
2021-02-08 07:00:00,1431A,JQLH,69.0,183.79873708328893,-114.79873708328893
2021-02-08 08:00:00,1431A,JQLH,65.0,183.78494964011367,-118.78494964011367
2021-02-08 09:00:00,1431A,JQLH,58.0,184.3004279151614,-126.3004279151614
2021-02-08 10:00:00,1431A,JQLH,57.0,185.54595845169047,-128.54595845169047
2021-02-08 11:00:00,1431A,JQLH,66.0,187.1835767222152,-121.18357672221521
2021-02-08 12:00:00,1431A,JQLH,74.0,187.71021311018916,-113.71021311018916
2021-02-08 13:00:00,1431A,JQLH,80.0,186.00871323048267,-106.00871323048267
2021-02-08 14:00:00,1431A,JQLH,87.0,184.16904632639316,-97.16904632639316
2021-02-08 15:00:00,1431A,JQLH,88.0,183.5474314424297,-95.54743144242971
2021-02-08 16:00:00,1431A,JQLH,82.0,182.24204115912883,-100.24204115912883
2021-02-08 17:00:00,1431A,JQLH,66.0,181.82826129476024,-115.82826129476024
2021-02-08 18:00:00,1431A,JQLH,66.0,181.45339855048917,-115.45339855048917
2021-02-08 19:00:00,1431A,JQLH,66.0,183.72320915300156,-117.72320915300156
2021-02-08 20:00:00,1431A,JQLH,71.0,185.5747678563515,-114.57476785635151
2021-02-08 21:00:00,1431A,JQLH,74.0,187.59086298455074,-113.59086298455074
2021-02-08 22:00:00,1431A,JQLH,83.0,188.31805685816218,-105.31805685816218
2021-02-08 23:00:00,1431A,JQLH,79.0,189.3508308139629,-110.35083081396289
2021-02-09 00:00:00,1431A,JQLH,86.0,189.5068343411017,-103.5068343411017
2021-02-09 01:00:00,1431A,JQLH,90.0,188.33695367066895,-98.33695367066895
2021-02-09 02:00:00,1431A,JQLH,95.0,187.7454504907407,-92.7454504907407
2021-02-09 03:00:00,1431A,JQLH,99.0,186.6992132299379,-87.6992132299379
2021-02-09 04:00:00,1431A,JQLH,103.0,185.6063926504097,-82.6063926504097
2021-02-09 05:00:00,1431A,JQLH,105.0,185.96572267203456,-80.96572267203456
2021-02-09 06:00:00,1431A,JQLH,105.0,185.94462687184904,-80.94462687184904
2021-02-09 07:00:00,1431A,JQLH,102.0,185.2069340073793,-83.20693400737929
2021-02-09 08:00:00,1431A,JQLH,95.0,185.19314656420403,-90.19314656420403
2021-02-09 09:00:00,1431A,JQLH,84.0,185.70862483925177,-101.70862483925177
2021-02-09 10:00:00,1431A,JQLH,84.0,186.95415537578083,-102.95415537578083
2021-02-09 11:00:00,1431A,JQLH,92.0,188.59177364630557,-96.59177364630557
2021-02-09 12:00:00,1431A,JQLH,102.0,189.11841003427952,-87.11841003427952
2021-02-09 13:00:00,1431A,JQLH,109.0,187.41691015457303,-78.41691015457303
2021-02-09 14:00:00,1431A,JQLH,108.0,185.57724325048352,-77.57724325048352
2021-02-09 15:00:00,1431A,JQLH,102.0,184.95562836652007,-82.95562836652007
2021-02-09 16:00:00,1431A,JQLH,99.0,183.6502380832192,-84.6502380832192
2021-02-09 17:00:00,1431A,JQLH,90.0,183.2364582188506,-93.2364582188506
2021-02-09 18:00:00,1431A,JQLH,87.0,182.86159547457953,-95.86159547457953
2021-02-09 19:00:00,1431A,JQLH,89.0,185.13140607709192,-96.13140607709192
2021-02-09 20:00:00,1431A,JQLH,108.0,186.98296478044188,-78.98296478044188
2021-02-09 21:00:00,1431A,JQLH,124.0,188.9990599086411,-64.9990599086411
2021-02-09 22:00:00,1431A,JQLH,120.0,189.72625378225254,-69.72625378225254
2021-02-09 23:00:00,1431A,JQLH,129.0,190.75902773805325,-61.75902773805325
2021-02-10 00:00:00,1431A,JQLH,134.0,190.91503126519206,-56.915031265192056
2021-02-10 01:00:00,1431A,JQLH,140.0,189.7451505947593,-49.74515059475931
2021-02-10 02:00:00,1431A,JQLH,112.0,189.15364741483106,-77.15364741483106
2021-02-10 03:00:00,1431A,JQLH,108.0,188.10741015402826,-80.10741015402826
2021-02-10 04:00:00,1431A,JQLH,92.0,187.01458957450006,-95.01458957450006
2021-02-10 05:00:00,1431A,JQLH,90.0,187.37391959612492,-97.37391959612492
2021-02-10 06:00:00,1431A,JQLH,89.0,187.3528237959394,-98.3528237959394
2021-02-10 07:00:00,1431A,JQLH,86.0,186.61513093146965,-100.61513093146965
2021-02-10 08:00:00,1431A,JQLH,83.0,186.6013434882944,-103.60134348829439
2021-02-10 09:00:00,1431A,JQLH,83.0,187.11682176334213,-104.11682176334213
2021-02-10 10:00:00,1431A,JQLH,94.0,188.3623522998712,-94.36235229987119
2021-02-10 11:00:00,1431A,JQLH,110.0,189.99997057039593,-79.99997057039593
2021-02-10 12:00:00,1431A,JQLH,128.0,190.52660695836988,-62.52660695836988
2021-02-10 13:00:00,1431A,JQLH,110.0,188.8251070786634,-78.8251070786634
2021-02-10 14:00:00,1431A,JQLH,97.0,186.98544017457388,-89.98544017457388
2021-02-10 15:00:00,1431A,JQLH,90.0,186.36382529061044,-96.36382529061044
2021-02-10 16:00:00,1431A,JQLH,76.0,185.05843500730955,-109.05843500730955
2021-02-10 17:00:00,1431A,JQLH,68.0,184.64465514294096,-116.64465514294096
2021-02-10 18:00:00,1431A,JQLH,66.0,184.2697923986699,-118.26979239866989
2021-02-10 19:00:00,1431A,JQLH,74.0,186.5396030011823,-112.53960300118229
2021-02-10 20:00:00,1431A,JQLH,79.0,188.39116170453224,-109.39116170453224
2021-02-10 21:00:00,1431A,JQLH,81.0,190.40725683273146,-109.40725683273146
2021-02-10 22:00:00,1431A,JQLH,82.0,191.1344507063429,-109.1344507063429
2021-02-10 23:00:00,1431A,JQLH,86.0,192.1672246621436,-106.16722466214361
2021-02-11 00:00:00,1431A,JQLH,106.0,192.32322818928242,-86.32322818928242
2021-02-11 01:00:00,1431A,JQLH,139.0,191.15334751884967,-52.15334751884967
2021-02-11 02:00:00,1431A,JQLH,138.0,190.56184433892142,-52.56184433892142
2021-02-11 03:00:00,1431A,JQLH,144.0,189.51560707811862,-45.51560707811862
2021-02-11 04:00:00,1431A,JQLH,147.0,188.42278649859043,-41.422786498590426
2021-02-11 05:00:00,1431A,JQLH,157.0,188.78211652021528,-31.782116520215283
2021-02-11 06:00:00,1431A,JQLH,148.0,188.76102072002976,-40.76102072002976
2021-02-11 07:00:00,1431A,JQLH,142.0,188.02332785556,-46.02332785556001
2021-02-11 08:00:00,1431A,JQLH,137.0,188.00954041238475,-51.00954041238475
2021-02-11 09:00:00,1431A,JQLH,132.0,188.5250186874325,-56.52501868743249
2021-02-11 10:00:00,1431A,JQLH,130.0,189.77054922396155,-59.77054922396155
2021-02-11 11:00:00,1431A,JQLH,125.0,191.4081674944863,-66.40816749448629
2021-02-11 12:00:00,1431A,JQLH,118.0,191.93480388246024,-73.93480388246024
2021-02-11 13:00:00,1431A,JQLH,94.0,190.23330400275375,-96.23330400275375
2021-02-11 14:00:00,1431A,JQLH,74.0,188.39363709866424,-114.39363709866424
2021-02-11 15:00:00,1431A,JQLH,74.0,187.7720222147008,-113.7720222147008
2021-02-11 16:00:00,1431A,JQLH,79.0,186.46663193139992,-107.46663193139992
2021-02-11 17:00:00,1431A,JQLH,70.0,186.05285206703132,-116.05285206703132
2021-02-11 18:00:00,1431A,JQLH,73.0,185.67798932276025,-112.67798932276025
2021-02-11 19:00:00,1431A,JQLH,101.0,187.94779992527265,-86.94779992527265
2021-02-11 20:00:00,1431A,JQLH,107.0,189.7993586286226,-82.7993586286226
2021-02-11 21:00:00,1431A,JQLH,118.0,191.81545375682182,-73.81545375682182
2021-02-11 22:00:00,1431A,JQLH,122.0,192.54264763043327,-70.54264763043327
2021-02-11 23:00:00,1431A,JQLH,129.0,193.57542158623397,-64.57542158623397
2021-02-12 00:00:00,1431A,JQLH,157.0,193.73142511337278,-36.73142511337278
2021-02-12 01:00:00,1431A,JQLH,150.0,192.56154444294003,-42.56154444294003
2021-02-12 02:00:00,1431A,JQLH,170.0,191.97004126301178,-21.97004126301178
2021-02-12 03:00:00,1431A,JQLH,177.0,190.92380400220898,-13.923804002208982
2021-02-12 04:00:00,1431A,JQLH,180.0,189.8309834226808,-9.830983422680788
2021-02-12 05:00:00,1431A,JQLH,190.0,190.19031344430564,-0.19031344430564445
2021-02-12 06:00:00,1431A,JQLH,185.0,190.16921764412012,-5.169217644120124
2021-02-12 07:00:00,1431A,JQLH,175.0,189.43152477965037,-14.431524779650374
2021-02-12 08:00:00,1431A,JQLH,169.0,189.4177373364751,-20.417737336475113
2021-02-12 09:00:00,1431A,JQLH,181.0,189.93321561152285,-8.933215611522854
2021-02-12 10:00:00,1431A,JQLH,212.0,191.1787461480519,20.821253851948086
2021-02-12 11:00:00,1431A,JQLH,258.0,192.81636441857665,65.18363558142335
2021-02-12 12:00:00,1431A,JQLH,220.0,193.3430008065506,26.656999193449394
2021-02-12 13:00:00,1431A,JQLH,209.0,191.64150092684412,17.358499073155883
2021-02-12 14:00:00,1431A,JQLH,204.0,189.8018340227546,14.198165977245395
2021-02-12 15:00:00,1431A,JQLH,159.0,189.18021913879116,-30.18021913879116
2021-02-12 16:00:00,1431A,JQLH,101.0,187.87482885549028,-86.87482885549028
2021-02-12 17:00:00,1431A,JQLH,80.0,187.4610489911217,-107.46104899112169
2021-02-12 18:00:00,1431A,JQLH,62.0,187.08618624685062,-125.08618624685062
2021-02-12 19:00:00,1431A,JQLH,63.0,189.355996849363,-126.35599684936301
2021-02-12 20:00:00,1431A,JQLH,66.0,191.20755555271296,-125.20755555271296
2021-02-12 21:00:00,1431A,JQLH,88.0,193.2236506809122,-105.22365068091219
2021-02-12 22:00:00,1431A,JQLH,122.0,193.95084455452363,-71.95084455452363
2021-02-12 23:00:00,1431A,JQLH,124.0,194.98361851032433,-70.98361851032433
2021-02-13 00:00:00,1431A,JQLH,114.0,195.13962203746314,-81.13962203746314
2021-02-13 01:00:00,1431A,JQLH,100.0,193.9697413670304,-93.9697413670304
2021-02-13 02:00:00,1431A,JQLH,84.0,193.37823818710214,-109.37823818710214
2021-02-13 03:00:00,1431A,JQLH,73.0,192.33200092629934,-119.33200092629934
2021-02-13 04:00:00,1431A,JQLH,66.0,191.23918034677115,-125.23918034677115
2021-02-13 05:00:00,1431A,JQLH,63.0,191.598510368396,-128.598510368396
2021-02-13 06:00:00,1431A,JQLH,62.0,191.5774145682105,-129.5774145682105
2021-02-13 07:00:00,1431A,JQLH,56.0,190.83972170374074,-134.83972170374074
2021-02-13 08:00:00,1431A,JQLH,52.0,190.82593426056548,-138.82593426056548
2021-02-13 09:00:00,1431A,JQLH,48.0,191.34141253561322,-143.34141253561322
2021-02-13 10:00:00,1431A,JQLH,48.0,192.58694307214228,-144.58694307214228
2021-02-13 11:00:00,1431A,JQLH,40.0,194.22456134266702,-154.22456134266702
2021-02-13 12:00:00,1431A,JQLH,22.0,194.75119773064097,-172.75119773064097
2021-02-13 13:00:00,1431A,JQLH,18.0,193.04969785093448,-175.04969785093448
2021-02-13 14:00:00,1431A,JQLH,16.0,191.21003094684497,-175.21003094684497
2021-02-13 15:00:00,1431A,JQLH,15.0,190.58841606288152,-175.58841606288152
2021-02-13 16:00:00,1431A,JQLH,12.0,189.28302577958064,-177.28302577958064
2021-02-13 17:00:00,1431A,JQLH,14.0,188.86924591521205,-174.86924591521205
2021-02-13 18:00:00,1431A,JQLH,20.0,188.49438317094098,-168.49438317094098
2021-02-13 19:00:00,1431A,JQLH,32.0,190.76419377345337,-158.76419377345337
2021-02-13 20:00:00,1431A,JQLH,44.0,192.61575247680332,-148.61575247680332
2021-02-13 21:00:00,1431A,JQLH,48.0,194.63184760500255,-146.63184760500255
2021-02-13 22:00:00,1431A,JQLH,56.0,195.359041478614,-139.359041478614
2021-02-13 23:00:00,1431A,JQLH,61.0,196.3918154344147,-135.3918154344147
2021-02-14 00:00:00,1431A,JQLH,60.0,196.5478189615535,-136.5478189615535
2021-02-14 01:00:00,1431A,JQLH,59.0,195.37793829112076,-136.37793829112076
2021-02-14 02:00:00,1431A,JQLH,63.0,194.7864351111925,-131.7864351111925
2021-02-14 03:00:00,1431A,JQLH,65.0,193.7401978503897,-128.7401978503897
2021-02-14 04:00:00,1431A,JQLH,63.0,192.6473772708615,-129.6473772708615
2021-02-14 05:00:00,1431A,JQLH,64.0,193.00670729248637,-129.00670729248637
2021-02-14 06:00:00,1431A,JQLH,65.0,192.98561149230085,-127.98561149230085
2021-02-14 07:00:00,1431A,JQLH,62.0,192.2479186278311,-130.2479186278311
2021-02-14 08:00:00,1431A,JQLH,47.0,192.23413118465584,-145.23413118465584
2021-02-14 09:00:00,1431A,JQLH,46.0,192.74960945970358,-146.74960945970358
2021-02-14 10:00:00,1431A,JQLH,59.0,193.99513999623264,-134.99513999623264
2021-02-14 11:00:00,1431A,JQLH,67.0,195.63275826675738,-128.63275826675738
2021-02-14 12:00:00,1431A,JQLH,62.0,196.15939465473133,-134.15939465473133
2021-02-14 13:00:00,1431A,JQLH,48.0,194.45789477502484,-146.45789477502484
2021-02-14 14:00:00,1431A,JQLH,27.0,192.61822787093533,-165.61822787093533
2021-02-14 15:00:00,1431A,JQLH,31.0,191.99661298697188,-160.99661298697188
2021-02-14 16:00:00,1431A,JQLH,32.0,190.691222703671,-158.691222703671
2021-02-14 17:00:00,1431A,JQLH,31.0,190.2774428393024,-159.2774428393024
2021-02-14 18:00:00,1431A,JQLH,27.0,189.90258009503134,-162.90258009503134
2021-02-14 19:00:00,1431A,JQLH,24.0,192.17239069754373,-168.17239069754373
2021-02-14 20:00:00,1431A,JQLH,43.0,194.02394940089368,-151.02394940089368
2021-02-14 21:00:00,1431A,JQLH,59.0,196.0400445290929,-137.0400445290929
2021-02-14 22:00:00,1431A,JQLH,56.0,196.76723840270435,-140.76723840270435
2021-02-14 23:00:00,1431A,JQLH,56.0,197.80001235850506,-141.80001235850506
2021-02-15 00:00:00,1431A,JQLH,52.0,197.95601588564386,-145.95601588564386
2021-02-15 01:00:00,1431A,JQLH,48.0,196.78613521521112,-148.78613521521112
2021-02-15 02:00:00,1431A,JQLH,47.0,196.19463203528286,-149.19463203528286
2021-02-15 03:00:00,1431A,JQLH,42.0,195.14839477448007,-153.14839477448007
2021-02-15 04:00:00,1431A,JQLH,39.0,194.05557419495187,-155.05557419495187
2021-02-15 05:00:00,1431A,JQLH,40.0,194.41490421657673,-154.41490421657673
2021-02-15 06:00:00,1431A,JQLH,42.0,194.3938084163912,-152.3938084163912
2021-02-15 07:00:00,1431A,JQLH,34.0,193.65611555192146,-159.65611555192146
2021-02-15 08:00:00,1431A,JQLH,29.0,193.6423281087462,-164.6423281087462
2021-02-15 09:00:00,1431A,JQLH,22.0,194.15780638379394,-172.15780638379394
2021-02-15 10:00:00,1431A,JQLH,18.0,195.403336920323,-177.403336920323
2021-02-15 11:00:00,1431A,JQLH,20.0,197.04095519084774,-177.04095519084774
2021-02-15 12:00:00,1431A,JQLH,21.0,197.5675915788217,-176.5675915788217
2021-02-15 13:00:00,1431A,JQLH,21.0,195.8660916991152,-174.8660916991152
2021-02-15 14:00:00,1431A,JQLH,19.0,194.0264247950257,-175.0264247950257
2021-02-15 15:00:00,1431A,JQLH,18.0,193.40480991106224,-175.40480991106224
2021-02-15 16:00:00,1431A,JQLH,17.0,192.09941962776136,-175.09941962776136
2021-02-15 17:00:00,1431A,JQLH,16.0,191.68563976339277,-175.68563976339277
2021-02-15 18:00:00,1431A,JQLH,17.0,191.3107770191217,-174.3107770191217
2021-02-15 19:00:00,1431A,JQLH,18.0,193.5805876216341,-175.5805876216341
2021-02-15 20:00:00,1431A,JQLH,19.0,195.43214632498405,-176.43214632498405
2021-02-15 21:00:00,1431A,JQLH,20.0,197.44824145318327,-177.44824145318327
2021-02-15 22:00:00,1431A,JQLH,24.0,198.1754353267947,-174.1754353267947
2021-02-15 23:00:00,1431A,JQLH,26.0,199.20820928259542,-173.20820928259542
2021-02-16 00:00:00,1431A,JQLH,30.0,199.36421280973423,-169.36421280973423
2021-02-16 01:00:00,1431A,JQLH,31.0,198.19433213930148,-167.19433213930148
2021-02-16 02:00:00,1431A,JQLH,34.0,197.60282895937323,-163.60282895937323
2021-02-16 03:00:00,1431A,JQLH,28.0,196.55659169857043,-168.55659169857043
2021-02-16 04:00:00,1431A,JQLH,22.0,195.46377111904224,-173.46377111904224
2021-02-16 05:00:00,1431A,JQLH,20.0,195.8231011406671,-175.8231011406671
2021-02-16 06:00:00,1431A,JQLH,21.0,195.80200534048157,-174.80200534048157
2021-02-16 07:00:00,1431A,JQLH,24.0,195.06431247601182,-171.06431247601182
2021-02-16 08:00:00,1431A,JQLH,24.0,195.05052503283656,-171.05052503283656
2021-02-16 09:00:00,1431A,JQLH,23.0,195.5660033078843,-172.5660033078843
2021-02-16 10:00:00,1431A,JQLH,27.0,196.81153384441336,-169.81153384441336
2021-02-16 11:00:00,1431A,JQLH,28.0,198.4491521149381,-170.4491521149381
2021-02-16 12:00:00,1431A,JQLH,22.0,198.97578850291205,-176.97578850291205
2021-02-16 13:00:00,1431A,JQLH,19.0,197.27428862320556,-178.27428862320556
2021-02-16 14:00:00,1431A,JQLH,15.0,195.43462171911605,-180.43462171911605
2021-02-16 15:00:00,1431A,JQLH,13.0,194.8130068351526,-181.8130068351526
2021-02-16 16:00:00,1431A,JQLH,16.0,193.50761655185173,-177.50761655185173
2021-02-16 17:00:00,1431A,JQLH,14.0,193.09383668748313,-179.09383668748313
2021-02-16 18:00:00,1431A,JQLH,13.0,192.71897394321206,-179.71897394321206
2021-02-16 19:00:00,1431A,JQLH,12.0,194.98878454572446,-182.98878454572446
2021-02-16 20:00:00,1431A,JQLH,14.0,196.8403432490744,-182.8403432490744
2021-02-16 21:00:00,1431A,JQLH,18.0,198.85643837727363,-180.85643837727363
2021-02-16 22:00:00,1431A,JQLH,33.0,199.58363225088507,-166.58363225088507
2021-02-16 23:00:00,1431A,JQLH,39.0,200.61640620668578,-161.61640620668578
2021-02-17 00:00:00,1431A,JQLH,60.0,200.7724097338246,-140.7724097338246
2021-02-17 01:00:00,1431A,JQLH,47.0,199.60252906339184,-152.60252906339184
2021-02-17 02:00:00,1431A,JQLH,54.0,199.0110258834636,-145.0110258834636
2021-02-17 03:00:00,1431A,JQLH,61.0,197.9647886226608,-136.9647886226608
2021-02-17 04:00:00,1431A,JQLH,55.0,196.8719680431326,-141.8719680431326
2021-02-17 05:00:00,1431A,JQLH,55.0,197.23129806475745,-142.23129806475745
2021-02-17 06:00:00,1431A,JQLH,49.0,197.21020226457193,-148.21020226457193
2021-02-17 07:00:00,1431A,JQLH,42.0,196.47250940010218,-154.47250940010218
2021-02-17 08:00:00,1431A,JQLH,40.0,196.45872195692692,-156.45872195692692
2021-02-17 09:00:00,1431A,JQLH,40.0,196.97420023197466,-156.97420023197466
2021-02-17 10:00:00,1431A,JQLH,41.0,198.21973076850372,-157.21973076850372
2021-02-17 11:00:00,1431A,JQLH,32.0,199.85734903902846,-167.85734903902846
2021-02-17 12:00:00,1431A,JQLH,32.0,200.38398542700241,-168.38398542700241
2021-02-17 13:00:00,1431A,JQLH,34.0,198.68248554729593,-164.68248554729593
2021-02-17 14:00:00,1431A,JQLH,28.0,196.8428186432064,-168.8428186432064
2021-02-17 15:00:00,1431A,JQLH,20.0,196.22120375924297,-176.22120375924297
2021-02-17 16:00:00,1431A,JQLH,17.0,194.9158134759421,-177.9158134759421
2021-02-17 17:00:00,1431A,JQLH,18.0,194.5020336115735,-176.5020336115735
2021-02-17 18:00:00,1431A,JQLH,22.0,194.12717086730242,-172.12717086730242
2021-02-17 19:00:00,1431A,JQLH,27.0,196.39698146981482,-169.39698146981482
2021-02-17 20:00:00,1431A,JQLH,25.0,198.24854017316477,-173.24854017316477
2021-02-17 21:00:00,1431A,JQLH,20.0,200.264635301364,-180.264635301364
2021-02-17 22:00:00,1431A,JQLH,21.0,200.99182917497544,-179.99182917497544
2021-02-17 23:00:00,1431A,JQLH,25.0,202.02460313077614,-177.02460313077614
2021-02-18 00:00:00,1431A,JQLH,24.0,202.18060665791495,-178.18060665791495
2021-02-18 01:00:00,1431A,JQLH,24.0,201.0107259874822,-177.0107259874822
2021-02-18 02:00:00,1431A,JQLH,23.0,200.41922280755395,-177.41922280755395
2021-02-18 03:00:00,1431A,JQLH,22.0,199.37298554675115,-177.37298554675115
2021-02-18 04:00:00,1431A,JQLH,20.0,198.28016496722296,-178.28016496722296
2021-02-18 05:00:00,1431A,JQLH,21.0,198.63949498884782,-177.63949498884782
2021-02-18 06:00:00,1431A,JQLH,20.0,198.6183991886623,-178.6183991886623
2021-02-18 07:00:00,1431A,JQLH,19.0,197.88070632419254,-178.88070632419254
2021-02-18 08:00:00,1431A,JQLH,22.0,197.86691888101728,-175.86691888101728
2021-02-18 09:00:00,1431A,JQLH,22.0,198.38239715606503,-176.38239715606503
2021-02-18 10:00:00,1431A,JQLH,22.0,199.62792769259408,-177.62792769259408
2021-02-18 11:00:00,1431A,JQLH,20.0,201.26554596311883,-181.26554596311883
2021-02-18 12:00:00,1431A,JQLH,20.0,201.79218235109278,-181.79218235109278
2021-02-18 13:00:00,1431A,JQLH,17.0,200.0906824713863,-183.0906824713863
2021-02-18 14:00:00,1431A,JQLH,16.0,198.25101556729678,-182.25101556729678
2021-02-18 15:00:00,1431A,JQLH,17.0,197.62940068333333,-180.62940068333333
2021-02-18 16:00:00,1431A,JQLH,16.0,196.32401040003245,-180.32401040003245
2021-02-18 17:00:00,1431A,JQLH,16.0,195.91023053566386,-179.91023053566386
2021-02-18 18:00:00,1431A,JQLH,16.0,195.5353677913928,-179.5353677913928
2021-02-18 19:00:00,1431A,JQLH,16.0,197.80517839390518,-181.80517839390518
2021-02-18 20:00:00,1431A,JQLH,16.0,199.65673709725513,-183.65673709725513
2021-02-18 21:00:00,1431A,JQLH,19.0,201.67283222545436,-182.67283222545436
2021-02-18 22:00:00,1431A,JQLH,23.0,202.4000260990658,-179.4000260990658
2021-02-18 23:00:00,1431A,JQLH,25.0,203.4328000548665,-178.4328000548665
2021-02-19 00:00:00,1431A,JQLH,,203.5888035820053,
2021-02-19 01:00:00,1431A,JQLH,28.0,202.41892291157257,-174.41892291157257
2021-02-19 02:00:00,1431A,JQLH,29.0,201.8274197316443,-172.8274197316443
2021-02-19 03:00:00,1431A,JQLH,33.0,200.78118247084151,-167.78118247084151
2021-02-19 04:00:00,1431A,JQLH,36.0,199.68836189131332,-163.68836189131332
2021-02-19 05:00:00,1431A,JQLH,33.0,200.04769191293818,-167.04769191293818
2021-02-19 06:00:00,1431A,JQLH,30.0,200.02659611275266,-170.02659611275266
2021-02-19 07:00:00,1431A,JQLH,30.0,199.2889032482829,-169.2889032482829
2021-02-19 08:00:00,1431A,JQLH,28.0,199.27511580510765,-171.27511580510765
2021-02-19 09:00:00,1431A,JQLH,25.0,199.7905940801554,-174.7905940801554
2021-02-19 10:00:00,1431A,JQLH,25.0,201.03612461668445,-176.03612461668445
2021-02-19 11:00:00,1431A,JQLH,24.0,202.6737428872092,-178.6737428872092
2021-02-19 12:00:00,1431A,JQLH,21.0,203.20037927518314,-182.20037927518314
2021-02-19 13:00:00,1431A,JQLH,17.0,201.49887939547665,-184.49887939547665
2021-02-19 14:00:00,1431A,JQLH,17.0,199.65921249138714,-182.65921249138714
2021-02-19 15:00:00,1431A,JQLH,19.0,199.0375976074237,-180.0375976074237
2021-02-19 16:00:00,1431A,JQLH,20.0,197.7322073241228,-177.7322073241228
2021-02-19 17:00:00,1431A,JQLH,22.0,197.31842745975422,-175.31842745975422
2021-02-19 18:00:00,1431A,JQLH,22.0,196.94356471548315,-174.94356471548315
2021-02-19 19:00:00,1431A,JQLH,18.0,199.21337531799554,-181.21337531799554
2021-02-19 20:00:00,1431A,JQLH,20.0,201.0649340213455,-181.0649340213455
2021-02-19 21:00:00,1431A,JQLH,25.0,203.08102914954472,-178.08102914954472
2021-02-19 22:00:00,1431A,JQLH,33.0,203.80822302315616,-170.80822302315616
2021-02-19 23:00:00,1431A,JQLH,36.0,204.84099697895687,-168.84099697895687
2021-02-20 00:00:00,1431A,JQLH,37.0,204.99700050609567,-167.99700050609567
2021-02-20 01:00:00,1431A,JQLH,38.0,203.82711983566293,-165.82711983566293
2021-02-20 02:00:00,1431A,JQLH,41.0,203.23561665573467,-162.23561665573467
2021-02-20 03:00:00,1431A,JQLH,43.0,202.18937939493188,-159.18937939493188
2021-02-20 04:00:00,1431A,JQLH,42.0,201.09655881540368,-159.09655881540368
2021-02-20 05:00:00,1431A,JQLH,43.0,201.45588883702854,-158.45588883702854
2021-02-20 06:00:00,1431A,JQLH,41.0,201.43479303684302,-160.43479303684302
2021-02-20 07:00:00,1431A,JQLH,48.0,200.69710017237327,-152.69710017237327
2021-02-20 08:00:00,1431A,JQLH,51.0,200.683312729198,-149.683312729198
2021-02-20 09:00:00,1431A,JQLH,49.0,201.19879100424575,-152.19879100424575
2021-02-20 10:00:00,1431A,JQLH,56.0,202.4443215407748,-146.4443215407748
2021-02-20 11:00:00,1431A,JQLH,67.0,204.08193981129955,-137.08193981129955
2021-02-20 12:00:00,1431A,JQLH,66.0,204.6085761992735,-138.6085761992735
2021-02-20 13:00:00,1431A,JQLH,55.0,202.907076319567,-147.907076319567
2021-02-20 14:00:00,1431A,JQLH,53.0,201.0674094154775,-148.0674094154775
2021-02-20 15:00:00,1431A,JQLH,43.0,200.44579453151405,-157.44579453151405
2021-02-20 16:00:00,1431A,JQLH,37.0,199.14040424821317,-162.14040424821317
2021-02-20 17:00:00,1431A,JQLH,33.0,198.72662438384458,-165.72662438384458
2021-02-20 18:00:00,1431A,JQLH,30.0,198.3517616395735,-168.3517616395735
2021-02-20 19:00:00,1431A,JQLH,37.0,200.6215722420859,-163.6215722420859
2021-02-20 20:00:00,1431A,JQLH,45.0,202.47313094543586,-157.47313094543586
2021-02-20 21:00:00,1431A,JQLH,49.0,204.48922607363508,-155.48922607363508
2021-02-20 22:00:00,1431A,JQLH,52.0,205.21641994724652,-153.21641994724652
2021-02-20 23:00:00,1431A,JQLH,56.0,206.24919390304723,-150.24919390304723
2021-02-21 00:00:00,1431A,JQLH,58.0,206.40519743018604,-148.40519743018604
2021-02-21 01:00:00,1431A,JQLH,63.0,205.2353167597533,-142.2353167597533
2021-02-21 02:00:00,1431A,JQLH,61.0,204.64381357982504,-143.64381357982504
2021-02-21 03:00:00,1431A,JQLH,80.0,203.59757631902224,-123.59757631902224
2021-02-21 04:00:00,1431A,JQLH,90.0,202.50475573949404,-112.50475573949404
2021-02-21 05:00:00,1431A,JQLH,88.0,202.8640857611189,-114.8640857611189
2021-02-21 06:00:00,1431A,JQLH,83.0,202.84298996093338,-119.84298996093338
2021-02-21 07:00:00,1431A,JQLH,78.0,202.10529709646363,-124.10529709646363
2021-02-21 08:00:00,1431A,JQLH,73.0,202.09150965328837,-129.09150965328837
2021-02-21 09:00:00,1431A,JQLH,70.0,202.6069879283361,-132.6069879283361
2021-02-21 10:00:00,1431A,JQLH,76.0,203.85251846486517,-127.85251846486517
2021-02-21 11:00:00,1431A,JQLH,73.0,205.4901367353899,-132.4901367353899
2021-02-21 12:00:00,1431A,JQLH,69.0,206.01677312336386,-137.01677312336386
2021-02-21 13:00:00,1431A,JQLH,50.0,204.31527324365737,-154.31527324365737
2021-02-21 14:00:00,1431A,JQLH,47.0,202.47560633956786,-155.47560633956786
2021-02-21 15:00:00,1431A,JQLH,44.0,201.85399145560442,-157.85399145560442
2021-02-21 16:00:00,1431A,JQLH,42.0,200.54860117230353,-158.54860117230353
2021-02-21 17:00:00,1431A,JQLH,46.0,200.13482130793494,-154.13482130793494
2021-02-21 18:00:00,1431A,JQLH,47.0,199.75995856366387,-152.75995856366387
2021-02-21 19:00:00,1431A,JQLH,49.0,202.02976916617627,-153.02976916617627
2021-02-21 20:00:00,1431A,JQLH,59.0,203.88132786952622,-144.88132786952622
2021-02-21 21:00:00,1431A,JQLH,64.0,205.89742299772544,-141.89742299772544
2021-02-21 22:00:00,1431A,JQLH,77.0,206.62461687133688,-129.62461687133688
2021-02-21 23:00:00,1431A,JQLH,69.0,207.6573908271376,-138.6573908271376
2021-02-22 00:00:00,1431A,JQLH,66.0,207.8133943542764,-141.8133943542764
2021-02-22 01:00:00,1431A,JQLH,76.0,206.64351368384365,-130.64351368384365
2021-02-22 02:00:00,1431A,JQLH,80.0,206.0520105039154,-126.0520105039154
2021-02-22 03:00:00,1431A,JQLH,87.0,205.0057732431126,-118.0057732431126
2021-02-22 04:00:00,1431A,JQLH,88.0,203.9129526635844,-115.9129526635844
2021-02-22 05:00:00,1431A,JQLH,85.0,204.27228268520926,-119.27228268520926
2021-02-22 06:00:00,1431A,JQLH,81.0,204.25118688502374,-123.25118688502374
2021-02-22 07:00:00,1431A,JQLH,79.0,203.513494020554,-124.51349402055399
2021-02-22 08:00:00,1431A,JQLH,75.0,203.49970657737873,-128.49970657737873
2021-02-22 09:00:00,1431A,JQLH,73.0,204.01518485242647,-131.01518485242647
2021-02-22 10:00:00,1431A,JQLH,81.0,205.26071538895553,-124.26071538895553
2021-02-22 11:00:00,1431A,JQLH,91.0,206.89833365948027,-115.89833365948027
2021-02-22 12:00:00,1431A,JQLH,88.0,207.42497004745422,-119.42497004745422
2021-02-22 13:00:00,1431A,JQLH,83.0,205.72347016774773,-122.72347016774773
2021-02-22 14:00:00,1431A,JQLH,76.0,203.88380326365822,-127.88380326365822
2021-02-22 15:00:00,1431A,JQLH,56.0,203.26218837969478,-147.26218837969478
2021-02-22 16:00:00,1431A,JQLH,51.0,201.9567980963939,-150.9567980963939
2021-02-22 17:00:00,1431A,JQLH,52.0,201.5430182320253,-149.5430182320253
2021-02-22 18:00:00,1431A,JQLH,58.0,201.16815548775423,-143.16815548775423
2021-02-22 19:00:00,1431A,JQLH,63.0,203.43796609026663,-140.43796609026663
2021-02-22 20:00:00,1431A,JQLH,74.0,205.28952479361658,-131.28952479361658
2021-02-22 21:00:00,1431A,JQLH,84.0,207.3056199218158,-123.3056199218158
2021-02-22 22:00:00,1431A,JQLH,84.0,208.03281379542724,-124.03281379542724
2021-02-22 23:00:00,1431A,JQLH,85.0,209.06558775122795,-124.06558775122795
2021-02-23 00:00:00,1431A,JQLH,81.0,209.22159127836676,-128.22159127836676
2021-02-23 01:00:00,1431A,JQLH,79.0,208.051710607934,-129.051710607934
2021-02-23 02:00:00,1431A,JQLH,75.0,207.46020742800576,-132.46020742800576
2021-02-23 03:00:00,1431A,JQLH,75.0,206.41397016720296,-131.41397016720296
2021-02-23 04:00:00,1431A,JQLH,81.0,205.32114958767477,-124.32114958767477
2021-02-23 05:00:00,1431A,JQLH,90.0,205.68047960929962,-115.68047960929962
2021-02-23 06:00:00,1431A,JQLH,89.0,205.6593838091141,-116.6593838091141
2021-02-23 07:00:00,1431A,JQLH,86.0,204.92169094464435,-118.92169094464435
2021-02-23 08:00:00,1431A,JQLH,83.0,204.9079035014691,-121.9079035014691
2021-02-23 09:00:00,1431A,JQLH,88.0,205.42338177651683,-117.42338177651683
2021-02-23 10:00:00,1431A,JQLH,82.0,206.6689123130459,-124.6689123130459
2021-02-23 11:00:00,1431A,JQLH,78.0,208.30653058357063,-130.30653058357063
2021-02-23 12:00:00,1431A,JQLH,77.0,208.83316697154459,-131.83316697154459
2021-02-23 13:00:00,1431A,JQLH,81.0,207.1316670918381,-126.1316670918381
2021-02-23 14:00:00,1431A,JQLH,,205.29200018774858,
2021-02-23 15:00:00,1431A,JQLH,,204.67038530378514,
2021-02-23 16:00:00,1431A,JQLH,,203.36499502048426,
2021-02-23 17:00:00,1431A,JQLH,52.0,202.95121515611567,-150.95121515611567
2021-02-23 18:00:00,1431A,JQLH,53.0,202.5763524118446,-149.5763524118446
2021-02-23 19:00:00,1431A,JQLH,51.0,204.846163014357,-153.846163014357
2021-02-23 20:00:00,1431A,JQLH,51.0,206.69772171770694,-155.69772171770694
2021-02-23 21:00:00,1431A,JQLH,65.0,208.71381684590617,-143.71381684590617
2021-02-23 22:00:00,1431A,JQLH,68.0,209.4410107195176,-141.4410107195176
2021-02-23 23:00:00,1431A,JQLH,73.0,210.4737846753183,-137.4737846753183
2021-02-24 00:00:00,1431A,JQLH,73.0,210.62978820245712,-137.62978820245712
2021-02-24 01:00:00,1431A,JQLH,74.0,209.45990753202437,-135.45990753202437
2021-02-24 02:00:00,1431A,JQLH,70.0,208.86840435209612,-138.86840435209612
2021-02-24 03:00:00,1431A,JQLH,80.0,207.82216709129332,-127.82216709129332
2021-02-24 04:00:00,1431A,JQLH,115.0,206.72934651176513,-91.72934651176513
2021-02-24 05:00:00,1431A,JQLH,98.0,207.08867653339,-109.08867653338999
2021-02-24 06:00:00,1431A,JQLH,80.0,207.06758073320447,-127.06758073320447
2021-02-24 07:00:00,1431A,JQLH,74.0,206.32988786873472,-132.32988786873472
2021-02-24 08:00:00,1431A,JQLH,72.0,206.31610042555945,-134.31610042555945
2021-02-24 09:00:00,1431A,JQLH,73.0,206.8315787006072,-133.8315787006072
2021-02-24 10:00:00,1431A,JQLH,69.0,208.07710923713626,-139.07710923713626
2021-02-24 11:00:00,1431A,JQLH,60.0,209.714727507661,-149.714727507661
2021-02-24 12:00:00,1431A,JQLH,50.0,210.24136389563495,-160.24136389563495
2021-02-24 13:00:00,1431A,JQLH,54.0,208.53986401592846,-154.53986401592846
2021-02-24 14:00:00,1431A,JQLH,57.0,206.70019711183895,-149.70019711183895
2021-02-24 15:00:00,1431A,JQLH,62.0,206.0785822278755,-144.0785822278755
2021-02-24 16:00:00,1431A,JQLH,66.0,204.77319194457462,-138.77319194457462
2021-02-24 17:00:00,1431A,JQLH,63.0,204.35941208020603,-141.35941208020603
2021-02-24 18:00:00,1431A,JQLH,67.0,203.98454933593496,-136.98454933593496
2021-02-24 19:00:00,1431A,JQLH,70.0,206.25435993844735,-136.25435993844735
2021-02-24 20:00:00,1431A,JQLH,71.0,208.1059186417973,-137.1059186417973
2021-02-24 21:00:00,1431A,JQLH,66.0,210.12201376999653,-144.12201376999653
2021-02-24 22:00:00,1431A,JQLH,66.0,210.84920764360797,-144.84920764360797
2021-02-24 23:00:00,1431A,JQLH,67.0,211.88198159940868,-144.88198159940868
2021-02-25 00:00:00,1431A,JQLH,44.0,212.03798512654748,-168.03798512654748
2021-02-25 01:00:00,1431A,JQLH,24.0,210.86810445611474,-186.86810445611474
2021-02-25 02:00:00,1431A,JQLH,20.0,210.27660127618648,-190.27660127618648
2021-02-25 03:00:00,1431A,JQLH,24.0,209.23036401538369,-185.23036401538369
2021-02-25 04:00:00,1431A,JQLH,22.0,208.1375434358555,-186.1375434358555
2021-02-25 05:00:00,1431A,JQLH,24.0,208.49687345748035,-184.49687345748035
2021-02-25 06:00:00,1431A,JQLH,28.0,208.47577765729483,-180.47577765729483
2021-02-25 07:00:00,1431A,JQLH,34.0,207.73808479282508,-173.73808479282508
2021-02-25 08:00:00,1431A,JQLH,36.0,207.72429734964982,-171.72429734964982
2021-02-25 09:00:00,1431A,JQLH,38.0,208.23977562469756,-170.23977562469756
2021-02-25 10:00:00,1431A,JQLH,39.0,209.48530616122662,-170.48530616122662
2021-02-25 11:00:00,1431A,JQLH,39.0,211.12292443175136,-172.12292443175136
2021-02-25 12:00:00,1431A,JQLH,35.0,211.6495608197253,-176.6495608197253
2021-02-25 13:00:00,1431A,JQLH,31.0,209.94806094001882,-178.94806094001882
2021-02-25 14:00:00,1431A,JQLH,29.0,208.1083940359293,-179.1083940359293
2021-02-25 15:00:00,1431A,JQLH,28.0,207.48677915196586,-179.48677915196586
2021-02-25 16:00:00,1431A,JQLH,29.0,206.18138886866498,-177.18138886866498
2021-02-25 17:00:00,1431A,JQLH,30.0,205.7676090042964,-175.7676090042964
2021-02-25 18:00:00,1431A,JQLH,32.0,205.39274626002532,-173.39274626002532
2021-02-25 19:00:00,1431A,JQLH,34.0,207.6625568625377,-173.6625568625377
2021-02-25 20:00:00,1431A,JQLH,39.0,209.51411556588766,-170.51411556588766
2021-02-25 21:00:00,1431A,JQLH,42.0,211.5302106940869,-169.5302106940869
2021-02-25 22:00:00,1431A,JQLH,45.0,212.25740456769833,-167.25740456769833
2021-02-25 23:00:00,1431A,JQLH,49.0,213.29017852349904,-164.29017852349904
2021-02-26 00:00:00,1431A,JQLH,66.0,213.44618205063784,-147.44618205063784
2021-02-26 01:00:00,1431A,JQLH,32.0,212.2763013802051,-180.2763013802051
2021-02-26 02:00:00,1431A,JQLH,30.0,211.68479820027684,-181.68479820027684
2021-02-26 03:00:00,1431A,JQLH,27.0,210.63856093947405,-183.63856093947405
2021-02-26 04:00:00,1431A,JQLH,25.0,209.54574035994585,-184.54574035994585
2021-02-26 05:00:00,1431A,JQLH,24.0,209.9050703815707,-185.9050703815707
2021-02-26 06:00:00,1431A,JQLH,19.0,209.8839745813852,-190.8839745813852
2021-02-26 07:00:00,1431A,JQLH,26.0,209.14628171691544,-183.14628171691544
2021-02-26 08:00:00,1431A,JQLH,25.0,209.13249427374018,-184.13249427374018
2021-02-26 09:00:00,1431A,JQLH,22.0,209.64797254878792,-187.64797254878792
2021-02-26 10:00:00,1431A,JQLH,22.0,210.89350308531698,-188.89350308531698
2021-02-26 11:00:00,1431A,JQLH,22.0,212.53112135584172,-190.53112135584172
2021-02-26 12:00:00,1431A,JQLH,21.0,213.05775774381567,-192.05775774381567
2021-02-26 13:00:00,1431A,JQLH,30.0,211.35625786410918,-181.35625786410918
2021-02-26 14:00:00,1431A,JQLH,32.0,209.51659096001967,-177.51659096001967
2021-02-26 15:00:00,1431A,JQLH,30.0,208.89497607605622,-178.89497607605622
2021-02-26 16:00:00,1431A,JQLH,12.0,207.58958579275534,-195.58958579275534
2021-02-26 17:00:00,1431A,JQLH,10.0,207.17580592838675,-197.17580592838675
2021-02-26 18:00:00,1431A,JQLH,12.0,206.80094318411568,-194.80094318411568
2021-02-26 19:00:00,1431A,JQLH,14.0,209.07075378662807,-195.07075378662807
2021-02-26 20:00:00,1431A,JQLH,17.0,210.92231248997803,-193.92231248997803
2021-02-26 21:00:00,1431A,JQLH,18.0,212.93840761817725,-194.93840761817725
2021-02-26 22:00:00,1431A,JQLH,19.0,213.6656014917887,-194.6656014917887
2021-02-26 23:00:00,1431A,JQLH,19.0,214.6983754475894,-195.6983754475894
2021-02-27 00:00:00,1431A,JQLH,20.0,214.8543789747282,-194.8543789747282
2021-02-27 01:00:00,1431A,JQLH,25.0,213.68449830429546,-188.68449830429546
2021-02-27 02:00:00,1431A,JQLH,28.0,213.0929951243672,-185.0929951243672
2021-02-27 03:00:00,1431A,JQLH,26.0,212.0467578635644,-186.0467578635644
2021-02-27 04:00:00,1431A,JQLH,18.0,210.95393728403621,-192.95393728403621
2021-02-27 05:00:00,1431A,JQLH,18.0,211.31326730566107,-193.31326730566107
2021-02-27 06:00:00,1431A,JQLH,21.0,211.29217150547555,-190.29217150547555
2021-02-27 07:00:00,1431A,JQLH,22.0,210.5544786410058,-188.5544786410058
2021-02-27 08:00:00,1431A,JQLH,26.0,210.54069119783054,-184.54069119783054
2021-02-27 09:00:00,1431A,JQLH,24.0,211.05616947287828,-187.05616947287828
2021-02-27 10:00:00,1431A,JQLH,29.0,212.30170000940734,-183.30170000940734
2021-02-27 11:00:00,1431A,JQLH,33.0,213.93931827993208,-180.93931827993208
2021-02-27 12:00:00,1431A,JQLH,31.0,214.46595466790603,-183.46595466790603
2021-02-27 13:00:00,1431A,JQLH,32.0,212.76445478819954,-180.76445478819954
2021-02-27 14:00:00,1431A,JQLH,36.0,210.92478788411003,-174.92478788411003
2021-02-27 15:00:00,1431A,JQLH,37.0,210.3031730001466,-173.3031730001466
2021-02-27 16:00:00,1431A,JQLH,31.0,208.9977827168457,-177.9977827168457
2021-02-27 17:00:00,1431A,JQLH,41.0,208.5840028524771,-167.5840028524771
2021-02-27 18:00:00,1431A,JQLH,34.0,208.20914010820604,-174.20914010820604
2021-02-27 19:00:00,1431A,JQLH,35.0,210.47895071071844,-175.47895071071844
2021-02-27 20:00:00,1431A,JQLH,36.0,212.3305094140684,-176.3305094140684
2021-02-27 21:00:00,1431A,JQLH,35.0,214.3466045422676,-179.3466045422676
2021-02-27 22:00:00,1431A,JQLH,32.0,215.07379841587905,-183.07379841587905
2021-02-27 23:00:00,1431A,JQLH,20.0,216.10657237167976,-196.10657237167976
2021-02-28 00:00:00,1431A,JQLH,14.0,216.26257589881857,-202.26257589881857
2021-02-28 01:00:00,1431A,JQLH,10.0,215.09269522838582,-205.09269522838582
2021-02-28 02:00:00,1431A,JQLH,8.0,214.50119204845757,-206.50119204845757
2021-02-28 03:00:00,1431A,JQLH,8.0,213.45495478765477,-205.45495478765477
2021-02-28 04:00:00,1431A,JQLH,7.0,212.36213420812658,-205.36213420812658
2021-02-28 05:00:00,1431A,JQLH,6.0,212.72146422975143,-206.72146422975143
2021-02-28 06:00:00,1431A,JQLH,4.0,212.7003684295659,-208.7003684295659
2021-02-28 07:00:00,1431A,JQLH,5.0,211.96267556509616,-206.96267556509616
2021-02-28 08:00:00,1431A,JQLH,6.0,211.9488881219209,-205.9488881219209
2021-02-28 09:00:00,1431A,JQLH,7.0,212.46436639696864,-205.46436639696864
2021-02-28 10:00:00,1431A,JQLH,9.0,213.7098969334977,-204.7098969334977
2021-02-28 11:00:00,1431A,JQLH,10.0,215.34751520402244,-205.34751520402244
2021-02-28 12:00:00,1431A,JQLH,16.0,215.8741515919964,-199.8741515919964
2021-02-28 13:00:00,1431A,JQLH,19.0,214.1726517122899,-195.1726517122899
2021-02-28 14:00:00,1431A,JQLH,17.0,212.3329848082004,-195.3329848082004
2021-02-28 15:00:00,1431A,JQLH,17.0,211.71136992423695,-194.71136992423695
2021-02-28 16:00:00,1431A,JQLH,15.0,210.40597964093607,-195.40597964093607
2021-02-28 17:00:00,1431A,JQLH,15.0,209.99219977656747,-194.99219977656747
2021-02-28 18:00:00,1431A,JQLH,17.0,209.6173370322964,-192.6173370322964
2021-02-28 19:00:00,1431A,JQLH,14.0,211.8871476348088,-197.8871476348088
2021-02-28 20:00:00,1431A,JQLH,12.0,213.73870633815875,-201.73870633815875
2021-02-28 21:00:00,1431A,JQLH,14.0,215.75480146635797,-201.75480146635797
2021-02-28 22:00:00,1431A,JQLH,16.0,216.48199533996942,-200.48199533996942
2021-02-28 23:00:00,1431A,JQLH,19.0,217.51476929577012,-198.51476929577012
2021-03-01 00:00:00,1431A,JQLH,20.0,217.67077282290893,-197.67077282290893
2021-03-01 01:00:00,1431A,JQLH,22.0,216.50089215247618,-194.50089215247618
2021-03-01 02:00:00,1431A,JQLH,25.0,215.90938897254793,-190.90938897254793
2021-03-01 03:00:00,1431A,JQLH,24.0,214.86315171174513,-190.86315171174513
2021-03-01 04:00:00,1431A,JQLH,20.0,213.77033113221694,-193.77033113221694
2021-03-01 05:00:00,1431A,JQLH,18.0,214.1296611538418,-196.1296611538418
2021-03-01 06:00:00,1431A,JQLH,18.0,214.10856535365627,-196.10856535365627
2021-03-01 07:00:00,1431A,JQLH,18.0,213.37087248918652,-195.37087248918652
2021-03-01 08:00:00,1431A,JQLH,13.0,213.35708504601126,-200.35708504601126
2021-03-01 09:00:00,1431A,JQLH,12.0,213.872563321059,-201.872563321059
2021-03-01 10:00:00,1431A,JQLH,16.0,215.11809385758806,-199.11809385758806
2021-03-01 11:00:00,1431A,JQLH,18.0,216.7557121281128,-198.7557121281128
2021-03-01 12:00:00,1431A,JQLH,19.0,217.28234851608676,-198.28234851608676
2021-03-01 13:00:00,1431A,JQLH,20.0,215.58084863638027,-195.58084863638027
2021-03-01 14:00:00,1431A,JQLH,20.0,213.74118173229076,-193.74118173229076
2021-03-01 15:00:00,1431A,JQLH,19.0,213.1195668483273,-194.1195668483273
2021-03-01 16:00:00,1431A,JQLH,19.0,211.81417656502643,-192.81417656502643
2021-03-01 17:00:00,1431A,JQLH,20.0,211.40039670065784,-191.40039670065784
2021-03-01 18:00:00,1431A,JQLH,22.0,211.02553395638677,-189.02553395638677
2021-03-01 19:00:00,1431A,JQLH,22.0,213.29534455889916,-191.29534455889916
2021-03-01 20:00:00,1431A,JQLH,27.0,215.1469032622491,-188.1469032622491
2021-03-01 21:00:00,1431A,JQLH,27.0,217.16299839044834,-190.16299839044834
2021-03-01 22:00:00,1431A,JQLH,27.0,217.89019226405978,-190.89019226405978
2021-03-01 23:00:00,1431A,JQLH,32.0,218.92296621986048,-186.92296621986048
2021-03-02 00:00:00,1431A,JQLH,39.0,219.0789697469993,-180.0789697469993
2021-03-02 01:00:00,1431A,JQLH,38.0,217.90908907656654,-179.90908907656654
2021-03-02 02:00:00,1431A,JQLH,38.0,217.3175858966383,-179.3175858966383
2021-03-02 03:00:00,1431A,JQLH,39.0,216.2713486358355,-177.2713486358355
2021-03-02 04:00:00,1431A,JQLH,38.0,215.1785280563073,-177.1785280563073
2021-03-02 05:00:00,1431A,JQLH,38.0,215.53785807793216,-177.53785807793216
2021-03-02 06:00:00,1431A,JQLH,38.0,215.51676227774664,-177.51676227774664
2021-03-02 07:00:00,1431A,JQLH,48.0,214.7790694132769,-166.7790694132769
2021-03-02 08:00:00,1431A,JQLH,42.0,214.76528197010163,-172.76528197010163
2021-03-02 09:00:00,1431A,JQLH,34.0,215.28076024514937,-181.28076024514937
2021-03-02 10:00:00,1431A,JQLH,32.0,216.52629078167843,-184.52629078167843
2021-03-02 11:00:00,1431A,JQLH,36.0,218.16390905220317,-182.16390905220317
2021-03-02 12:00:00,1431A,JQLH,36.0,218.69054544017712,-182.69054544017712
2021-03-02 13:00:00,1431A,JQLH,27.0,216.98904556047063,-189.98904556047063
2021-03-02 14:00:00,1431A,JQLH,30.0,215.14937865638112,-185.14937865638112
2021-03-02 15:00:00,1431A,JQLH,24.0,214.52776377241767,-190.52776377241767
2021-03-02 16:00:00,1431A,JQLH,24.0,213.2223734891168,-189.2223734891168
2021-03-02 17:00:00,1431A,JQLH,26.0,212.8085936247482,-186.8085936247482
2021-03-02 18:00:00,1431A,JQLH,33.0,212.43373088047713,-179.43373088047713
2021-03-02 19:00:00,1431A,JQLH,40.0,214.70354148298952,-174.70354148298952
2021-03-02 20:00:00,1431A,JQLH,42.0,216.55510018633947,-174.55510018633947
2021-03-02 21:00:00,1431A,JQLH,43.0,218.5711953145387,-175.5711953145387
2021-03-02 22:00:00,1431A,JQLH,38.0,219.29838918815014,-181.29838918815014
2021-03-02 23:00:00,1431A,JQLH,38.0,220.33116314395085,-182.33116314395085
2021-03-03 00:00:00,1431A,JQLH,45.0,220.48716667108965,-175.48716667108965
2021-03-03 01:00:00,1431A,JQLH,47.0,219.3172860006569,-172.3172860006569
2021-03-03 02:00:00,1431A,JQLH,39.0,218.72578282072865,-179.72578282072865
2021-03-03 03:00:00,1431A,JQLH,32.0,217.67954555992586,-185.67954555992586
2021-03-03 04:00:00,1431A,JQLH,32.0,216.58672498039766,-184.58672498039766
2021-03-03 05:00:00,1431A,JQLH,37.0,216.94605500202252,-179.94605500202252
2021-03-03 06:00:00,1431A,JQLH,37.0,216.924959201837,-179.924959201837
2021-03-03 07:00:00,1431A,JQLH,42.0,216.18726633736725,-174.18726633736725
2021-03-03 08:00:00,1431A,JQLH,46.0,216.173478894192,-170.173478894192
2021-03-03 09:00:00,1431A,JQLH,50.0,216.68895716923973,-166.68895716923973
2021-03-03 10:00:00,1431A,JQLH,48.0,217.9344877057688,-169.9344877057688
2021-03-03 11:00:00,1431A,JQLH,39.0,219.57210597629353,-180.57210597629353
2021-03-03 12:00:00,1431A,JQLH,49.0,220.09874236426748,-171.09874236426748
2021-03-03 13:00:00,1431A,JQLH,51.0,218.397242484561,-167.397242484561
2021-03-03 14:00:00,1431A,JQLH,51.0,216.55757558047148,-165.55757558047148
2021-03-03 15:00:00,1431A,JQLH,48.0,215.93596069650803,-167.93596069650803
2021-03-03 16:00:00,1431A,JQLH,49.0,214.63057041320715,-165.63057041320715
2021-03-03 17:00:00,1431A,JQLH,54.0,214.21679054883856,-160.21679054883856
2021-03-03 18:00:00,1431A,JQLH,52.0,213.8419278045675,-161.8419278045675
2021-03-03 19:00:00,1431A,JQLH,50.0,216.11173840707988,-166.11173840707988
2021-03-03 20:00:00,1431A,JQLH,58.0,217.96329711042983,-159.96329711042983
2021-03-03 21:00:00,1431A,JQLH,67.0,219.97939223862906,-152.97939223862906
2021-03-03 22:00:00,1431A,JQLH,74.0,220.7065861122405,-146.7065861122405
2021-03-03 23:00:00,1431A,JQLH,73.0,221.7393600680412,-148.7393600680412
2021-03-04 00:00:00,1431A,JQLH,80.0,221.89536359518002,-141.89536359518002
2021-03-04 01:00:00,1431A,JQLH,84.0,220.72548292474727,-136.72548292474727
2021-03-04 02:00:00,1431A,JQLH,68.0,220.13397974481902,-152.13397974481902
2021-03-04 03:00:00,1431A,JQLH,48.0,219.08774248401622,-171.08774248401622
2021-03-04 04:00:00,1431A,JQLH,40.0,217.99492190448802,-177.99492190448802
2021-03-04 05:00:00,1431A,JQLH,32.0,218.35425192611288,-186.35425192611288
2021-03-04 06:00:00,1431A,JQLH,34.0,218.33315612592736,-184.33315612592736
2021-03-04 07:00:00,1431A,JQLH,46.0,217.5954632614576,-171.5954632614576
2021-03-04 08:00:00,1431A,JQLH,50.0,217.58167581828235,-167.58167581828235
2021-03-04 09:00:00,1431A,JQLH,51.0,218.0971540933301,-167.0971540933301
2021-03-04 10:00:00,1431A,JQLH,57.0,219.34268462985915,-162.34268462985915
2021-03-04 11:00:00,1431A,JQLH,73.0,220.9803029003839,-147.9803029003839
2021-03-04 12:00:00,1431A,JQLH,62.0,221.50693928835784,-159.50693928835784
2021-03-04 13:00:00,1431A,JQLH,69.0,219.80543940865135,-150.80543940865135
2021-03-04 14:00:00,1431A,JQLH,71.0,217.96577250456184,-146.96577250456184
2021-03-04 15:00:00,1431A,JQLH,77.0,217.3441576205984,-140.3441576205984
2021-03-04 16:00:00,1431A,JQLH,88.0,216.03876733729751,-128.03876733729751
2021-03-04 17:00:00,1431A,JQLH,,215.62498747292892,
2021-03-04 18:00:00,1431A,JQLH,,215.25012472865785,
2021-03-04 19:00:00,1431A,JQLH,,217.51993533117025,
2021-03-04 20:00:00,1431A,JQLH,,219.3714940345202,
2021-03-04 21:00:00,1431A,JQLH,,221.38758916271942,
2021-03-04 22:00:00,1431A,JQLH,,222.11478303633086,
2021-03-04 23:00:00,1431A,JQLH,101.0,223.14755699213157,-122.14755699213157
2021-03-05 00:00:00,1431A,JQLH,98.0,223.30356051927038,-125.30356051927038
2021-03-05 01:00:00,1431A,JQLH,93.0,222.13367984883763,-129.13367984883763
2021-03-05 02:00:00,1431A,JQLH,97.0,221.54217666890938,-124.54217666890938
2021-03-05 03:00:00,1431A,JQLH,97.0,220.49593940810658,-123.49593940810658
2021-03-05 04:00:00,1431A,JQLH,97.0,219.40311882857839,-122.40311882857839
2021-03-05 05:00:00,1431A,JQLH,90.0,219.76244885020324,-129.76244885020324
2021-03-05 06:00:00,1431A,JQLH,92.0,219.74135305001772,-127.74135305001772
2021-03-05 07:00:00,1431A,JQLH,96.0,219.00366018554797,-123.00366018554797
2021-03-05 08:00:00,1431A,JQLH,98.0,218.9898727423727,-120.98987274237271
2021-03-05 09:00:00,1431A,JQLH,98.0,219.50535101742045,-121.50535101742045
2021-03-05 10:00:00,1431A,JQLH,86.0,220.7508815539495,-134.7508815539495
2021-03-05 11:00:00,1431A,JQLH,84.0,222.38849982447425,-138.38849982447425
2021-03-05 12:00:00,1431A,JQLH,66.0,222.9151362124482,-156.9151362124482
2021-03-05 13:00:00,1431A,JQLH,55.0,221.21363633274171,-166.21363633274171
2021-03-05 14:00:00,1431A,JQLH,43.0,219.3739694286522,-176.3739694286522
2021-03-05 15:00:00,1431A,JQLH,36.0,218.75235454468876,-182.75235454468876
2021-03-05 16:00:00,1431A,JQLH,34.0,217.44696426138788,-183.44696426138788
2021-03-05 17:00:00,1431A,JQLH,31.0,217.03318439701928,-186.03318439701928
2021-03-05 18:00:00,1431A,JQLH,24.0,216.6583216527482,-192.6583216527482
2021-03-05 19:00:00,1431A,JQLH,30.0,218.9281322552606,-188.9281322552606
2021-03-05 20:00:00,1431A,JQLH,36.0,220.77969095861056,-184.77969095861056
2021-03-05 21:00:00,1431A,JQLH,46.0,222.79578608680978,-176.79578608680978
2021-03-05 22:00:00,1431A,JQLH,52.0,223.52297996042122,-171.52297996042122
2021-03-05 23:00:00,1431A,JQLH,56.0,224.55575391622193,-168.55575391622193
2021-03-06 00:00:00,1431A,JQLH,61.0,224.71175744336074,-163.71175744336074
2021-03-06 01:00:00,1431A,JQLH,68.0,223.541876772928,-155.541876772928
2021-03-06 02:00:00,1431A,JQLH,84.0,222.95037359299974,-138.95037359299974
2021-03-06 03:00:00,1431A,JQLH,77.0,221.90413633219694,-144.90413633219694
2021-03-06 04:00:00,1431A,JQLH,65.0,220.81131575266875,-155.81131575266875
2021-03-06 05:00:00,1431A,JQLH,62.0,221.1706457742936,-159.1706457742936
2021-03-06 06:00:00,1431A,JQLH,46.0,221.14954997410808,-175.14954997410808
2021-03-06 07:00:00,1431A,JQLH,51.0,220.41185710963833,-169.41185710963833
2021-03-06 08:00:00,1431A,JQLH,47.0,220.39806966646307,-173.39806966646307
2021-03-06 09:00:00,1431A,JQLH,28.0,220.9135479415108,-192.9135479415108
2021-03-06 10:00:00,1431A,JQLH,23.0,222.15907847803987,-199.15907847803987
2021-03-06 11:00:00,1431A,JQLH,23.0,223.7966967485646,-200.7966967485646
2021-03-06 12:00:00,1431A,JQLH,22.0,224.32333313653857,-202.32333313653857
2021-03-06 13:00:00,1431A,JQLH,23.0,222.62183325683208,-199.62183325683208
2021-03-06 14:00:00,1431A,JQLH,26.0,220.78216635274256,-194.78216635274256
2021-03-06 15:00:00,1431A,JQLH,21.0,220.16055146877912,-199.16055146877912
2021-03-06 16:00:00,1431A,JQLH,20.0,218.85516118547824,-198.85516118547824
2021-03-06 17:00:00,1431A,JQLH,21.0,218.44138132110965,-197.44138132110965
2021-03-06 18:00:00,1431A,JQLH,24.0,218.06651857683858,-194.06651857683858
2021-03-06 19:00:00,1431A,JQLH,29.0,220.33632917935097,-191.33632917935097
2021-03-06 20:00:00,1431A,JQLH,34.0,222.18788788270092,-188.18788788270092
2021-03-06 21:00:00,1431A,JQLH,37.0,224.20398301090015,-187.20398301090015
2021-03-06 22:00:00,1431A,JQLH,42.0,224.9311768845116,-182.9311768845116
2021-03-06 23:00:00,1431A,JQLH,52.0,225.9639508403123,-173.9639508403123
2021-03-07 00:00:00,1431A,JQLH,60.0,226.1199543674511,-166.1199543674511
2021-03-07 01:00:00,1431A,JQLH,54.0,224.95007369701835,-170.95007369701835
2021-03-07 02:00:00,1431A,JQLH,47.0,224.3585705170901,-177.3585705170901
2021-03-07 03:00:00,1431A,JQLH,44.0,223.3123332562873,-179.3123332562873
2021-03-07 04:00:00,1431A,JQLH,38.0,222.2195126767591,-184.2195126767591
2021-03-07 05:00:00,1431A,JQLH,35.0,222.57884269838397,-187.57884269838397
2021-03-07 06:00:00,1431A,JQLH,31.0,222.55774689819845,-191.55774689819845
2021-03-07 07:00:00,1431A,JQLH,32.0,221.8200540337287,-189.8200540337287
2021-03-07 08:00:00,1431A,JQLH,30.0,221.80626659055343,-191.80626659055343
2021-03-07 09:00:00,1431A,JQLH,34.0,222.32174486560118,-188.32174486560118
2021-03-07 10:00:00,1431A,JQLH,31.0,223.56727540213024,-192.56727540213024
2021-03-07 11:00:00,1431A,JQLH,36.0,225.20489367265498,-189.20489367265498
2021-03-07 12:00:00,1431A,JQLH,30.0,225.73153006062893,-195.73153006062893
2021-03-07 13:00:00,1431A,JQLH,36.0,224.03003018092244,-188.03003018092244
2021-03-07 14:00:00,1431A,JQLH,41.0,222.19036327683293,-181.19036327683293
2021-03-07 15:00:00,1431A,JQLH,35.0,221.56874839286948,-186.56874839286948
2021-03-07 16:00:00,1431A,JQLH,27.0,220.2633581095686,-193.2633581095686
2021-03-07 17:00:00,1431A,JQLH,23.0,219.8495782452,-196.8495782452
2021-03-07 18:00:00,1431A,JQLH,30.0,219.47471550092894,-189.47471550092894
2021-03-07 19:00:00,1431A,JQLH,36.0,221.74452610344133,-185.74452610344133
2021-03-07 20:00:00,1431A,JQLH,38.0,223.59608480679128,-185.59608480679128
2021-03-07 21:00:00,1431A,JQLH,39.0,225.6121799349905,-186.6121799349905
2021-03-07 22:00:00,1431A,JQLH,46.0,226.33937380860195,-180.33937380860195
2021-03-07 23:00:00,1431A,JQLH,48.0,227.37214776440265,-179.37214776440265
2021-03-08 00:00:00,1431A,JQLH,51.0,227.52815129154146,-176.52815129154146
2021-03-08 01:00:00,1431A,JQLH,53.0,226.35827062110872,-173.35827062110872
2021-03-08 02:00:00,1431A,JQLH,54.0,225.76676744118046,-171.76676744118046
2021-03-08 03:00:00,1431A,JQLH,56.0,224.72053018037766,-168.72053018037766
2021-03-08 04:00:00,1431A,JQLH,57.0,223.62770960084947,-166.62770960084947
2021-03-08 05:00:00,1431A,JQLH,58.0,223.98703962247433,-165.98703962247433
2021-03-08 06:00:00,1431A,JQLH,48.0,223.9659438222888,-175.9659438222888
2021-03-08 07:00:00,1431A,JQLH,35.0,223.22825095781906,-188.22825095781906
2021-03-08 08:00:00,1431A,JQLH,30.0,223.2144635146438,-193.2144635146438
2021-03-08 09:00:00,1431A,JQLH,23.0,223.72994178969154,-200.72994178969154
2021-03-08 10:00:00,1431A,JQLH,22.0,224.9754723262206,-202.9754723262206
2021-03-08 11:00:00,1431A,JQLH,30.0,226.61309059674534,-196.61309059674534
2021-03-08 12:00:00,1431A,JQLH,32.0,227.1397269847193,-195.1397269847193
2021-03-08 13:00:00,1431A,JQLH,33.0,225.4382271050128,-192.4382271050128
2021-03-08 14:00:00,1431A,JQLH,32.0,223.5985602009233,-191.5985602009233
2021-03-08 15:00:00,1431A,JQLH,32.0,222.97694531695984,-190.97694531695984
2021-03-08 16:00:00,1431A,JQLH,41.0,221.67155503365896,-180.67155503365896
2021-03-08 17:00:00,1431A,JQLH,46.0,221.25777516929037,-175.25777516929037
2021-03-08 18:00:00,1431A,JQLH,49.0,220.8829124250193,-171.8829124250193
2021-03-08 19:00:00,1431A,JQLH,53.0,223.1527230275317,-170.1527230275317
2021-03-08 20:00:00,1431A,JQLH,57.0,225.00428173088164,-168.00428173088164
2021-03-08 21:00:00,1431A,JQLH,58.0,227.02037685908087,-169.02037685908087
2021-03-08 22:00:00,1431A,JQLH,59.0,227.7475707326923,-168.7475707326923
2021-03-08 23:00:00,1431A,JQLH,60.0,228.78034468849302,-168.78034468849302
2021-03-09 00:00:00,1431A,JQLH,59.0,228.93634821563182,-169.93634821563182
2021-03-09 01:00:00,1431A,JQLH,59.0,227.76646754519908,-168.76646754519908
2021-03-09 02:00:00,1431A,JQLH,58.0,227.17496436527082,-169.17496436527082
2021-03-09 03:00:00,1431A,JQLH,58.0,226.12872710446803,-168.12872710446803
2021-03-09 04:00:00,1431A,JQLH,60.0,225.03590652493983,-165.03590652493983
2021-03-09 05:00:00,1431A,JQLH,65.0,225.3952365465647,-160.3952365465647
2021-03-09 06:00:00,1431A,JQLH,61.0,225.37414074637917,-164.37414074637917
2021-03-09 07:00:00,1431A,JQLH,57.0,224.63644788190942,-167.63644788190942
2021-03-09 08:00:00,1431A,JQLH,46.0,224.62266043873416,-178.62266043873416
2021-03-09 09:00:00,1431A,JQLH,43.0,225.1381387137819,-182.1381387137819
2021-03-09 10:00:00,1431A,JQLH,43.0,226.38366925031096,-183.38366925031096
2021-03-09 11:00:00,1431A,JQLH,48.0,228.0212875208357,-180.0212875208357
2021-03-09 12:00:00,1431A,JQLH,50.0,228.54792390880965,-178.54792390880965
2021-03-09 13:00:00,1431A,JQLH,61.0,226.84642402910316,-165.84642402910316
2021-03-09 14:00:00,1431A,JQLH,65.0,225.00675712501365,-160.00675712501365
2021-03-09 15:00:00,1431A,JQLH,66.0,224.3851422410502,-158.3851422410502
2021-03-09 16:00:00,1431A,JQLH,62.0,223.07975195774932,-161.07975195774932
2021-03-09 17:00:00,1431A,JQLH,60.0,222.66597209338073,-162.66597209338073
2021-03-09 18:00:00,1431A,JQLH,58.0,222.29110934910966,-164.29110934910966
2021-03-09 19:00:00,1431A,JQLH,60.0,224.56091995162205,-164.56091995162205
2021-03-09 20:00:00,1431A,JQLH,66.0,226.412478654972,-160.412478654972
2021-03-09 21:00:00,1431A,JQLH,88.0,228.42857378317123,-140.42857378317123
2021-03-09 22:00:00,1431A,JQLH,94.0,229.15576765678267,-135.15576765678267
2021-03-09 23:00:00,1431A,JQLH,82.0,230.18854161258338,-148.18854161258338
2021-03-10 00:00:00,1431A,JQLH,79.0,230.3445451397222,-151.3445451397222
2021-03-10 01:00:00,1431A,JQLH,82.0,229.17466446928944,-147.17466446928944
2021-03-10 02:00:00,1431A,JQLH,78.0,228.5831612893612,-150.5831612893612
2021-03-10 03:00:00,1431A,JQLH,73.0,227.5369240285584,-154.5369240285584
2021-03-10 04:00:00,1431A,JQLH,73.0,226.4441034490302,-153.4441034490302
2021-03-10 05:00:00,1431A,JQLH,75.0,226.80343347065505,-151.80343347065505
2021-03-10 06:00:00,1431A,JQLH,63.0,226.78233767046953,-163.78233767046953
2021-03-10 07:00:00,1431A,JQLH,59.0,226.04464480599978,-167.04464480599978
2021-03-10 08:00:00,1431A,JQLH,57.0,226.03085736282452,-169.03085736282452
2021-03-10 09:00:00,1431A,JQLH,55.0,226.54633563787226,-171.54633563787226
2021-03-10 10:00:00,1431A,JQLH,60.0,227.79186617440132,-167.79186617440132
2021-03-10 11:00:00,1431A,JQLH,54.0,229.42948444492606,-175.42948444492606
2021-03-10 12:00:00,1431A,JQLH,38.0,229.9561208329,-191.9561208329
2021-03-10 13:00:00,1431A,JQLH,38.0,228.25462095319352,-190.25462095319352
2021-03-10 14:00:00,1431A,JQLH,41.0,226.414954049104,-185.414954049104
2021-03-10 15:00:00,1431A,JQLH,42.0,225.79333916514057,-183.79333916514057
2021-03-10 16:00:00,1431A,JQLH,44.0,224.48794888183969,-180.48794888183969
2021-03-10 17:00:00,1431A,JQLH,44.0,224.0741690174711,-180.0741690174711
2021-03-10 18:00:00,1431A,JQLH,43.0,223.69930627320002,-180.69930627320002
2021-03-10 19:00:00,1431A,JQLH,46.0,225.96911687571242,-179.96911687571242
2021-03-10 20:00:00,1431A,JQLH,54.0,227.82067557906237,-173.82067557906237
2021-03-10 21:00:00,1431A,JQLH,61.0,229.8367707072616,-168.8367707072616
2021-03-10 22:00:00,1431A,JQLH,66.0,230.56396458087303,-164.56396458087303
2021-03-10 23:00:00,1431A,JQLH,64.0,231.59673853667374,-167.59673853667374
2021-03-11 00:00:00,1431A,JQLH,60.0,231.75274206381255,-171.75274206381255
2021-03-11 01:00:00,1431A,JQLH,60.0,230.5828613933798,-170.5828613933798
2021-03-11 02:00:00,1431A,JQLH,59.0,229.99135821345155,-170.99135821345155
2021-03-11 03:00:00,1431A,JQLH,62.0,228.94512095264875,-166.94512095264875
2021-03-11 04:00:00,1431A,JQLH,71.0,227.85230037312056,-156.85230037312056
2021-03-11 05:00:00,1431A,JQLH,75.0,228.2116303947454,-153.2116303947454
2021-03-11 06:00:00,1431A,JQLH,74.0,228.1905345945599,-154.1905345945599
2021-03-11 07:00:00,1431A,JQLH,80.0,227.45284173009014,-147.45284173009014
2021-03-11 08:00:00,1431A,JQLH,85.0,227.43905428691488,-142.43905428691488
2021-03-11 09:00:00,1431A,JQLH,87.0,227.95453256196262,-140.95453256196262
2021-03-11 10:00:00,1431A,JQLH,81.0,229.20006309849168,-148.20006309849168
2021-03-11 11:00:00,1431A,JQLH,88.0,230.83768136901642,-142.83768136901642
2021-03-11 12:00:00,1431A,JQLH,92.0,231.36431775699037,-139.36431775699037
2021-03-11 13:00:00,1431A,JQLH,79.0,229.66281787728389,-150.66281787728389
2021-03-11 14:00:00,1431A,JQLH,75.0,227.82315097319437,-152.82315097319437
2021-03-11 15:00:00,1431A,JQLH,73.0,227.20153608923093,-154.20153608923093
2021-03-11 16:00:00,1431A,JQLH,68.0,225.89614580593005,-157.89614580593005
2021-03-11 17:00:00,1431A,JQLH,62.0,225.48236594156145,-163.48236594156145
2021-03-11 18:00:00,1431A,JQLH,53.0,225.10750319729038,-172.10750319729038
2021-03-11 19:00:00,1431A,JQLH,62.0,227.37731379980278,-165.37731379980278
2021-03-11 20:00:00,1431A,JQLH,68.0,229.22887250315273,-161.22887250315273
2021-03-11 21:00:00,1431A,JQLH,71.0,231.24496763135195,-160.24496763135195
2021-03-11 22:00:00,1431A,JQLH,75.0,231.9721615049634,-156.9721615049634
2021-03-11 23:00:00,1431A,JQLH,79.0,233.0049354607641,-154.0049354607641
2021-03-12 00:00:00,1431A,JQLH,86.0,233.1609389879029,-147.1609389879029
2021-03-12 01:00:00,1431A,JQLH,94.0,231.99105831747016,-137.99105831747016
2021-03-12 02:00:00,1431A,JQLH,90.0,231.3995551375419,-141.3995551375419
2021-03-12 03:00:00,1431A,JQLH,89.0,230.3533178767391,-141.3533178767391
2021-03-12 04:00:00,1431A,JQLH,90.0,229.26049729721092,-139.26049729721092
2021-03-12 05:00:00,1431A,JQLH,90.0,229.61982731883577,-139.61982731883577
2021-03-12 06:00:00,1431A,JQLH,92.0,229.59873151865025,-137.59873151865025
2021-03-12 07:00:00,1431A,JQLH,104.0,228.8610386541805,-124.8610386541805
2021-03-12 08:00:00,1431A,JQLH,95.0,228.84725121100524,-133.84725121100524
2021-03-12 09:00:00,1431A,JQLH,96.0,229.36272948605298,-133.36272948605298
2021-03-12 10:00:00,1431A,JQLH,106.0,230.60826002258204,-124.60826002258204
2021-03-12 11:00:00,1431A,JQLH,,232.24587829310678,
2021-03-12 12:00:00,1431A,JQLH,,232.77251468108074,
2021-03-12 13:00:00,1431A,JQLH,132.0,231.07101480137425,-99.07101480137425
2021-03-12 14:00:00,1431A,JQLH,135.0,229.23134789728473,-94.23134789728473
2021-03-12 15:00:00,1431A,JQLH,142.0,228.6097330133213,-86.60973301332129
2021-03-12 16:00:00,1431A,JQLH,138.0,227.3043427300204,-89.30434273002041
2021-03-12 17:00:00,1431A,JQLH,,226.89056286565182,
2021-03-12 18:00:00,1431A,JQLH,,226.51570012138075,
2021-03-12 19:00:00,1431A,JQLH,,228.78551072389314,
2021-03-12 20:00:00,1431A,JQLH,,230.6370694272431,
2021-03-12 21:00:00,1431A,JQLH,,232.65316455544232,
2021-03-12 22:00:00,1431A,JQLH,,233.38035842905376,
2021-03-12 23:00:00,1431A,JQLH,,234.41313238485446,
2021-03-13 00:00:00,1431A,JQLH,,234.56913591199327,
2021-03-13 01:00:00,1431A,JQLH,,233.39925524156052,
2021-03-13 02:00:00,1431A,JQLH,,232.80775206163227,
2021-03-13 03:00:00,1431A,JQLH,,231.76151480082947,
2021-03-13 04:00:00,1431A,JQLH,,230.66869422130128,
2021-03-13 05:00:00,1431A,JQLH,,231.02802424292614,
2021-03-13 06:00:00,1431A,JQLH,,231.00692844274062,
2021-03-13 07:00:00,1431A,JQLH,,230.26923557827087,
2021-03-13 08:00:00,1431A,JQLH,,230.2554481350956,
2021-03-13 09:00:00,1431A,JQLH,,230.77092641014335,
2021-03-13 10:00:00,1431A,JQLH,,232.0164569466724,
2021-03-13 11:00:00,1431A,JQLH,,233.65407521719715,
2021-03-13 12:00:00,1431A,JQLH,96.0,234.1807116051711,-138.1807116051711
2021-03-13 13:00:00,1431A,JQLH,98.0,232.4792117254646,-134.4792117254646
2021-03-13 14:00:00,1431A,JQLH,95.0,230.6395448213751,-135.6395448213751
2021-03-13 15:00:00,1431A,JQLH,89.0,230.01792993741165,-141.01792993741165
2021-03-13 16:00:00,1431A,JQLH,82.0,228.71253965411077,-146.71253965411077
2021-03-13 17:00:00,1431A,JQLH,79.0,228.29875978974218,-149.29875978974218
2021-03-13 18:00:00,1431A,JQLH,82.0,227.9238970454711,-145.9238970454711
2021-03-13 19:00:00,1431A,JQLH,83.0,230.1937076479835,-147.1937076479835
2021-03-13 20:00:00,1431A,JQLH,86.0,232.04526635133345,-146.04526635133345
2021-03-13 21:00:00,1431A,JQLH,82.0,234.06136147953268,-152.06136147953268
2021-03-13 22:00:00,1431A,JQLH,86.0,234.78855535314412,-148.78855535314412
2021-03-13 23:00:00,1431A,JQLH,102.0,235.82132930894483,-133.82132930894483
2021-03-14 00:00:00,1431A,JQLH,124.0,235.97733283608363,-111.97733283608363
2021-03-14 01:00:00,1431A,JQLH,136.0,234.8074521656509,-98.80745216565089
2021-03-14 02:00:00,1431A,JQLH,144.0,234.21594898572263,-90.21594898572263
2021-03-14 03:00:00,1431A,JQLH,142.0,233.16971172491984,-91.16971172491984
2021-03-14 04:00:00,1431A,JQLH,138.0,232.07689114539164,-94.07689114539164
2021-03-14 05:00:00,1431A,JQLH,137.0,232.4362211670165,-95.4362211670165
2021-03-14 06:00:00,1431A,JQLH,128.0,232.41512536683098,-104.41512536683098
2021-03-14 07:00:00,1431A,JQLH,123.0,231.67743250236123,-108.67743250236123
2021-03-14 08:00:00,1431A,JQLH,127.0,231.66364505918597,-104.66364505918597
2021-03-14 09:00:00,1431A,JQLH,124.0,232.1791233342337,-108.17912333423371
2021-03-14 10:00:00,1431A,JQLH,122.0,233.42465387076277,-111.42465387076277
2021-03-14 11:00:00,1431A,JQLH,121.0,235.0622721412875,-114.06227214128751
2021-03-14 12:00:00,1431A,JQLH,99.0,235.58890852926146,-136.58890852926146
2021-03-14 13:00:00,1431A,JQLH,75.0,233.88740864955497,-158.88740864955497
2021-03-14 14:00:00,1431A,JQLH,59.0,232.04774174546546,-173.04774174546546
2021-03-14 15:00:00,1431A,JQLH,51.0,231.426126861502,-180.426126861502
2021-03-14 16:00:00,1431A,JQLH,57.0,230.12073657820113,-173.12073657820113
2021-03-14 17:00:00,1431A,JQLH,63.0,229.70695671383254,-166.70695671383254
2021-03-14 18:00:00,1431A,JQLH,61.0,229.33209396956147,-168.33209396956147
2021-03-14 19:00:00,1431A,JQLH,56.0,231.60190457207386,-175.60190457207386
2021-03-14 20:00:00,1431A,JQLH,56.0,233.45346327542381,-177.45346327542381
2021-03-14 21:00:00,1431A,JQLH,62.0,235.46955840362304,-173.46955840362304
2021-03-14 22:00:00,1431A,JQLH,68.0,236.19675227723448,-168.19675227723448
2021-03-14 23:00:00,1431A,JQLH,76.0,237.2295262330352,-161.2295262330352
2021-03-15 00:00:00,1431A,JQLH,84.0,237.385529760174,-153.385529760174
2021-03-15 01:00:00,1431A,JQLH,87.0,236.21564908974125,-149.21564908974125
2021-03-15 02:00:00,1431A,JQLH,85.0,235.624145909813,-150.624145909813
2021-03-15 03:00:00,1431A,JQLH,84.0,234.5779086490102,-150.5779086490102
2021-03-15 04:00:00,1431A,JQLH,84.0,233.485088069482,-149.485088069482
2021-03-15 05:00:00,1431A,JQLH,84.0,233.84441809110686,-149.84441809110686
2021-03-15 06:00:00,1431A,JQLH,89.0,233.82332229092134,-144.82332229092134
2021-03-15 07:00:00,1431A,JQLH,92.0,233.0856294264516,-141.0856294264516
2021-03-15 08:00:00,1431A,JQLH,95.0,233.07184198327633,-138.07184198327633
2021-03-15 09:00:00,1431A,JQLH,99.0,233.58732025832407,-134.58732025832407
2021-03-15 10:00:00,1431A,JQLH,106.0,234.83285079485313,-128.83285079485313
2021-03-15 11:00:00,1431A,JQLH,98.0,236.47046906537787,-138.47046906537787
2021-03-15 12:00:00,1431A,JQLH,82.0,236.99710545335182,-154.99710545335182
2021-03-15 13:00:00,1431A,JQLH,55.0,235.29560557364533,-180.29560557364533
2021-03-15 14:00:00,1431A,JQLH,58.0,233.45593866955582,-175.45593866955582
2021-03-15 15:00:00,1431A,JQLH,53.0,232.83432378559237,-179.83432378559237
2021-03-15 16:00:00,1431A,JQLH,,231.5289335022915,
2021-03-15 17:00:00,1431A,JQLH,,231.1151536379229,
2021-03-15 18:00:00,1431A,JQLH,43.0,230.74029089365183,-187.74029089365183
2021-03-15 19:00:00,1431A,JQLH,41.0,233.01010149616422,-192.01010149616422
2021-03-15 20:00:00,1431A,JQLH,40.0,234.86166019951418,-194.86166019951418
2021-03-15 21:00:00,1431A,JQLH,46.0,236.8777553277134,-190.8777553277134
2021-03-15 22:00:00,1431A,JQLH,58.0,237.60494920132484,-179.60494920132484
2021-03-15 23:00:00,1431A,JQLH,69.0,238.63772315712555,-169.63772315712555
2021-03-16 00:00:00,1431A,JQLH,74.0,238.79372668426436,-164.79372668426436
2021-03-16 01:00:00,1431A,JQLH,83.0,237.6238460138316,-154.6238460138316
2021-03-16 02:00:00,1431A,JQLH,79.0,237.03234283390336,-158.03234283390336
2021-03-16 03:00:00,1431A,JQLH,79.0,235.98610557310056,-156.98610557310056
2021-03-16 04:00:00,1431A,JQLH,80.0,234.89328499357237,-154.89328499357237
2021-03-16 05:00:00,1431A,JQLH,94.0,235.25261501519722,-141.25261501519722
2021-03-16 06:00:00,1431A,JQLH,111.0,235.2315192150117,-124.2315192150117
2021-03-16 07:00:00,1431A,JQLH,102.0,234.49382635054195,-132.49382635054195
2021-03-16 08:00:00,1431A,JQLH,99.0,234.4800389073667,-135.4800389073667
2021-03-16 09:00:00,1431A,JQLH,92.0,234.99551718241443,-142.99551718241443
2021-03-16 10:00:00,1431A,JQLH,84.0,236.2410477189435,-152.2410477189435
2021-03-16 11:00:00,1431A,JQLH,82.0,237.87866598946823,-155.87866598946823
2021-03-16 12:00:00,1431A,JQLH,75.0,238.40530237744218,-163.40530237744218
2021-03-16 13:00:00,1431A,JQLH,78.0,236.7038024977357,-158.7038024977357
2021-03-16 14:00:00,1431A,JQLH,80.0,234.86413559364618,-154.86413559364618
2021-03-16 15:00:00,1431A,JQLH,,234.24252070968274,
2021-03-16 16:00:00,1431A,JQLH,68.0,232.93713042638186,-164.93713042638186
2021-03-16 17:00:00,1431A,JQLH,66.0,232.52335056201326,-166.52335056201326
2021-03-16 18:00:00,1431A,JQLH,60.0,232.1484878177422,-172.1484878177422
2021-03-16 19:00:00,1431A,JQLH,57.0,234.4182984202546,-177.4182984202546
2021-03-16 20:00:00,1431A,JQLH,53.0,236.26985712360454,-183.26985712360454
2021-03-16 21:00:00,1431A,JQLH,48.0,238.28595225180376,-190.28595225180376
2021-03-16 22:00:00,1431A,JQLH,48.0,239.0131461254152,-191.0131461254152
2021-03-16 23:00:00,1431A,JQLH,55.0,240.0459200812159,-185.0459200812159
2021-03-17 00:00:00,1431A,JQLH,60.0,240.20192360835472,-180.20192360835472
2021-03-17 01:00:00,1431A,JQLH,69.0,239.03204293792197,-170.03204293792197
2021-03-17 02:00:00,1431A,JQLH,80.0,238.44053975799372,-158.44053975799372
2021-03-17 03:00:00,1431A,JQLH,94.0,237.39430249719092,-143.39430249719092
2021-03-17 04:00:00,1431A,JQLH,75.0,236.30148191766273,-161.30148191766273
2021-03-17 05:00:00,1431A,JQLH,79.0,236.66081193928758,-157.66081193928758
2021-03-17 06:00:00,1431A,JQLH,74.0,236.63971613910206,-162.63971613910206
2021-03-17 07:00:00,1431A,JQLH,70.0,235.9020232746323,-165.9020232746323
2021-03-17 08:00:00,1431A,JQLH,77.0,235.88823583145705,-158.88823583145705
2021-03-17 09:00:00,1431A,JQLH,76.0,236.4037141065048,-160.4037141065048
2021-03-17 10:00:00,1431A,JQLH,79.0,237.64924464303385,-158.64924464303385
2021-03-17 11:00:00,1431A,JQLH,83.0,239.2868629135586,-156.2868629135586
2021-03-17 12:00:00,1431A,JQLH,78.0,239.81349930153254,-161.81349930153254
2021-03-17 13:00:00,1431A,JQLH,68.0,238.11199942182606,-170.11199942182606
2021-03-17 14:00:00,1431A,JQLH,58.0,236.27233251773654,-178.27233251773654
2021-03-17 15:00:00,1431A,JQLH,58.0,235.6507176337731,-177.6507176337731
2021-03-17 16:00:00,1431A,JQLH,53.0,234.34532735047222,-181.34532735047222
2021-03-17 17:00:00,1431A,JQLH,53.0,233.93154748610363,-180.93154748610363
2021-03-17 18:00:00,1431A,JQLH,54.0,233.55668474183256,-179.55668474183256
2021-03-17 19:00:00,1431A,JQLH,53.0,235.82649534434495,-182.82649534434495
2021-03-17 20:00:00,1431A,JQLH,44.0,237.6780540476949,-193.6780540476949
2021-03-17 21:00:00,1431A,JQLH,36.0,239.69414917589413,-203.69414917589413
2021-03-17 22:00:00,1431A,JQLH,31.0,240.42134304950557,-209.42134304950557
2021-03-17 23:00:00,1431A,JQLH,29.0,241.45411700530627,-212.45411700530627
2021-03-18 00:00:00,1431A,JQLH,25.0,241.61012053244508,-216.61012053244508
2021-03-18 01:00:00,1431A,JQLH,23.0,240.44023986201233,-217.44023986201233
2021-03-18 02:00:00,1431A,JQLH,24.0,239.84873668208408,-215.84873668208408
2021-03-18 03:00:00,1431A,JQLH,27.0,238.80249942128128,-211.80249942128128
2021-03-18 04:00:00,1431A,JQLH,26.0,237.7096788417531,-211.7096788417531
2021-03-18 05:00:00,1431A,JQLH,28.0,238.06900886337795,-210.06900886337795
2021-03-18 06:00:00,1431A,JQLH,28.0,238.04791306319242,-210.04791306319242
2021-03-18 07:00:00,1431A,JQLH,25.0,237.31022019872267,-212.31022019872267
2021-03-18 08:00:00,1431A,JQLH,24.0,237.29643275554741,-213.29643275554741
2021-03-18 09:00:00,1431A,JQLH,25.0,237.81191103059516,-212.81191103059516
2021-03-18 10:00:00,1431A,JQLH,28.0,239.05744156712421,-211.05744156712421
2021-03-18 11:00:00,1431A,JQLH,30.0,240.69505983764896,-210.69505983764896
2021-03-18 12:00:00,1431A,JQLH,27.0,241.2216962256229,-214.2216962256229
2021-03-18 13:00:00,1431A,JQLH,26.0,239.52019634591642,-213.52019634591642
2021-03-18 14:00:00,1431A,JQLH,27.0,237.6805294418269,-210.6805294418269
2021-03-18 15:00:00,1431A,JQLH,25.0,237.05891455786346,-212.05891455786346
2021-03-18 16:00:00,1431A,JQLH,28.0,235.75352427456258,-207.75352427456258
2021-03-18 17:00:00,1431A,JQLH,29.0,235.339744410194,-206.339744410194
2021-03-18 18:00:00,1431A,JQLH,28.0,234.96488166592292,-206.96488166592292
2021-03-18 19:00:00,1431A,JQLH,23.0,237.2346922684353,-214.2346922684353
2021-03-18 20:00:00,1431A,JQLH,27.0,239.08625097178526,-212.08625097178526
2021-03-18 21:00:00,1431A,JQLH,29.0,241.1023460999845,-212.1023460999845
2021-03-18 22:00:00,1431A,JQLH,28.0,241.82953997359593,-213.82953997359593
2021-03-18 23:00:00,1431A,JQLH,28.0,242.86231392939663,-214.86231392939663
2021-03-19 00:00:00,1431A,JQLH,25.0,243.01831745653544,-218.01831745653544
2021-03-19 01:00:00,1431A,JQLH,27.0,241.8484367861027,-214.8484367861027
2021-03-19 02:00:00,1431A,JQLH,24.0,241.25693360617444,-217.25693360617444
2021-03-19 03:00:00,1431A,JQLH,20.0,240.21069634537164,-220.21069634537164
2021-03-19 04:00:00,1431A,JQLH,14.0,239.11787576584345,-225.11787576584345
2021-03-19 05:00:00,1431A,JQLH,14.0,239.4772057874683,-225.4772057874683
2021-03-19 06:00:00,1431A,JQLH,15.0,239.4561099872828,-224.4561099872828
2021-03-19 07:00:00,1431A,JQLH,15.0,238.71841712281304,-223.71841712281304
2021-03-19 08:00:00,1431A,JQLH,13.0,238.70462967963778,-225.70462967963778
2021-03-19 09:00:00,1431A,JQLH,18.0,239.22010795468552,-221.22010795468552
2021-03-19 10:00:00,1431A,JQLH,15.0,240.46563849121458,-225.46563849121458
2021-03-19 11:00:00,1431A,JQLH,13.0,242.10325676173932,-229.10325676173932
2021-03-19 12:00:00,1431A,JQLH,14.0,242.62989314971327,-228.62989314971327
2021-03-19 13:00:00,1431A,JQLH,16.0,240.92839327000678,-224.92839327000678
2021-03-19 14:00:00,1431A,JQLH,10.0,239.08872636591727,-229.08872636591727
2021-03-19 15:00:00,1431A,JQLH,8.0,238.46711148195382,-230.46711148195382
2021-03-19 16:00:00,1431A,JQLH,5.0,237.16172119865294,-232.16172119865294
2021-03-19 17:00:00,1431A,JQLH,7.0,236.74794133428435,-229.74794133428435
2021-03-19 18:00:00,1431A,JQLH,8.0,236.37307859001328,-228.37307859001328
2021-03-19 19:00:00,1431A,JQLH,9.0,238.64288919252567,-229.64288919252567
2021-03-19 20:00:00,1431A,JQLH,13.0,240.49444789587562,-227.49444789587562
2021-03-19 21:00:00,1431A,JQLH,17.0,242.51054302407485,-225.51054302407485
2021-03-19 22:00:00,1431A,JQLH,22.0,243.2377368976863,-221.2377368976863
2021-03-19 23:00:00,1431A,JQLH,33.0,244.270510853487,-211.270510853487
2021-03-20 00:00:00,1431A,JQLH,38.0,244.4265143806258,-206.4265143806258
2021-03-20 01:00:00,1431A,JQLH,32.0,243.25663371019306,-211.25663371019306
2021-03-20 02:00:00,1431A,JQLH,36.0,242.6651305302648,-206.6651305302648
2021-03-20 03:00:00,1431A,JQLH,39.0,241.618893269462,-202.618893269462
2021-03-20 04:00:00,1431A,JQLH,43.0,240.5260726899338,-197.5260726899338
2021-03-20 05:00:00,1431A,JQLH,45.0,240.88540271155867,-195.88540271155867
2021-03-20 06:00:00,1431A,JQLH,47.0,240.86430691137315,-193.86430691137315
2021-03-20 07:00:00,1431A,JQLH,55.0,240.1266140469034,-185.1266140469034
2021-03-20 08:00:00,1431A,JQLH,57.0,240.11282660372814,-183.11282660372814
2021-03-20 09:00:00,1431A,JQLH,54.0,240.62830487877588,-186.62830487877588
2021-03-20 10:00:00,1431A,JQLH,42.0,241.87383541530494,-199.87383541530494
2021-03-20 11:00:00,1431A,JQLH,41.0,243.51145368582968,-202.51145368582968
2021-03-20 12:00:00,1431A,JQLH,49.0,244.03809007380363,-195.03809007380363
2021-03-20 13:00:00,1431A,JQLH,55.0,242.33659019409714,-187.33659019409714
2021-03-20 14:00:00,1431A,JQLH,56.0,240.49692329000763,-184.49692329000763
2021-03-20 15:00:00,1431A,JQLH,58.0,239.87530840604418,-181.87530840604418
2021-03-20 16:00:00,1431A,JQLH,59.0,238.5699181227433,-179.5699181227433
2021-03-20 17:00:00,1431A,JQLH,60.0,238.1561382583747,-178.1561382583747
2021-03-20 18:00:00,1431A,JQLH,60.0,237.78127551410364,-177.78127551410364
2021-03-20 19:00:00,1431A,JQLH,63.0,240.05108611661603,-177.05108611661603
2021-03-20 20:00:00,1431A,JQLH,63.0,241.90264481996599,-178.90264481996599
2021-03-20 21:00:00,1431A,JQLH,63.0,243.9187399481652,-180.9187399481652
2021-03-20 22:00:00,1431A,JQLH,59.0,244.64593382177665,-185.64593382177665
2021-03-20 23:00:00,1431A,JQLH,60.0,245.67870777757736,-185.67870777757736
2021-03-21 00:00:00,1431A,JQLH,58.0,245.83471130471617,-187.83471130471617
2021-03-21 01:00:00,1431A,JQLH,58.0,244.66483063428342,-186.66483063428342
2021-03-21 02:00:00,1431A,JQLH,56.0,244.07332745435517,-188.07332745435517
2021-03-21 03:00:00,1431A,JQLH,51.0,243.02709019355237,-192.02709019355237
2021-03-21 04:00:00,1431A,JQLH,36.0,241.93426961402417,-205.93426961402417
2021-03-21 05:00:00,1431A,JQLH,31.0,242.29359963564903,-211.29359963564903
2021-03-21 06:00:00,1431A,JQLH,33.0,242.2725038354635,-209.2725038354635
2021-03-21 07:00:00,1431A,JQLH,36.0,241.53481097099376,-205.53481097099376
2021-03-21 08:00:00,1431A,JQLH,38.0,241.5210235278185,-203.5210235278185
2021-03-21 09:00:00,1431A,JQLH,41.0,242.03650180286624,-201.03650180286624
2021-03-21 10:00:00,1431A,JQLH,44.0,243.2820323393953,-199.2820323393953
2021-03-21 11:00:00,1431A,JQLH,46.0,244.91965060992004,-198.91965060992004
2021-03-21 12:00:00,1431A,JQLH,45.0,245.446286997894,-200.446286997894
2021-03-21 13:00:00,1431A,JQLH,41.0,243.7447871181875,-202.7447871181875
2021-03-21 14:00:00,1431A,JQLH,41.0,241.905120214098,-200.905120214098
2021-03-21 15:00:00,1431A,JQLH,40.0,241.28350533013455,-201.28350533013455
2021-03-21 16:00:00,1431A,JQLH,40.0,239.97811504683366,-199.97811504683366
2021-03-21 17:00:00,1431A,JQLH,39.0,239.56433518246507,-200.56433518246507
2021-03-21 18:00:00,1431A,JQLH,43.0,239.189472438194,-196.189472438194
2021-03-21 19:00:00,1431A,JQLH,41.0,241.4592830407064,-200.4592830407064
2021-03-21 20:00:00,1431A,JQLH,37.0,243.31084174405635,-206.31084174405635
2021-03-21 21:00:00,1431A,JQLH,44.0,245.32693687225557,-201.32693687225557
2021-03-21 22:00:00,1431A,JQLH,46.0,246.054130745867,-200.054130745867
2021-03-21 23:00:00,1431A,JQLH,43.0,247.08690470166772,-204.08690470166772
2021-03-22 00:00:00,1431A,JQLH,42.0,247.24290822880653,-205.24290822880653
2021-03-22 01:00:00,1431A,JQLH,49.0,246.07302755837378,-197.07302755837378
2021-03-22 02:00:00,1431A,JQLH,46.0,245.48152437844553,-199.48152437844553
2021-03-22 03:00:00,1431A,JQLH,46.0,244.43528711764273,-198.43528711764273
2021-03-22 04:00:00,1431A,JQLH,48.0,243.34246653811454,-195.34246653811454
2021-03-22 05:00:00,1431A,JQLH,51.0,243.7017965597394,-192.7017965597394
2021-03-22 06:00:00,1431A,JQLH,53.0,243.68070075955387,-190.68070075955387
2021-03-22 07:00:00,1431A,JQLH,53.0,242.94300789508412,-189.94300789508412
2021-03-22 08:00:00,1431A,JQLH,54.0,242.92922045190886,-188.92922045190886
2021-03-22 09:00:00,1431A,JQLH,53.0,243.4446987269566,-190.4446987269566
2021-03-22 10:00:00,1431A,JQLH,51.0,244.69022926348566,-193.69022926348566
2021-03-22 11:00:00,1431A,JQLH,52.0,246.3278475340104,-194.3278475340104
2021-03-22 12:00:00,1431A,JQLH,52.0,246.85448392198435,-194.85448392198435
2021-03-22 13:00:00,1431A,JQLH,50.0,245.15298404227786,-195.15298404227786
2021-03-22 14:00:00,1431A,JQLH,46.0,243.31331713818835,-197.31331713818835
2021-03-22 15:00:00,1431A,JQLH,40.0,242.6917022542249,-202.6917022542249
2021-03-22 16:00:00,1431A,JQLH,38.0,241.38631197092403,-203.38631197092403
2021-03-22 17:00:00,1431A,JQLH,36.0,240.97253210655543,-204.97253210655543
2021-03-22 18:00:00,1431A,JQLH,37.0,240.59766936228436,-203.59766936228436
2021-03-22 19:00:00,1431A,JQLH,39.0,242.86747996479676,-203.86747996479676
2021-03-22 20:00:00,1431A,JQLH,49.0,244.7190386681467,-195.7190386681467
2021-03-22 21:00:00,1431A,JQLH,50.0,246.73513379634593,-196.73513379634593
2021-03-22 22:00:00,1431A,JQLH,46.0,247.46232766995738,-201.46232766995738
2021-03-22 23:00:00,1431A,JQLH,31.0,248.49510162575808,-217.49510162575808
2021-03-23 00:00:00,1431A,JQLH,33.0,248.6511051528969,-215.6511051528969
2021-03-23 01:00:00,1431A,JQLH,36.0,247.48122448246414,-211.48122448246414
2021-03-23 02:00:00,1431A,JQLH,38.0,246.8897213025359,-208.8897213025359
2021-03-23 03:00:00,1431A,JQLH,40.0,245.8434840417331,-205.8434840417331
2021-03-23 04:00:00,1431A,JQLH,40.0,244.7506634622049,-204.7506634622049
2021-03-23 05:00:00,1431A,JQLH,42.0,245.10999348382975,-203.10999348382975
2021-03-23 06:00:00,1431A,JQLH,44.0,245.08889768364423,-201.08889768364423
2021-03-23 07:00:00,1431A,JQLH,44.0,244.35120481917448,-200.35120481917448
2021-03-23 08:00:00,1431A,JQLH,48.0,244.33741737599922,-196.33741737599922
2021-03-23 09:00:00,1431A,JQLH,58.0,244.85289565104696,-186.85289565104696
2021-03-23 10:00:00,1431A,JQLH,58.0,246.09842618757602,-188.09842618757602
2021-03-23 11:00:00,1431A,JQLH,58.0,247.73604445810076,-189.73604445810076
2021-03-23 12:00:00,1431A,JQLH,,248.26268084607472,
2021-03-23 13:00:00,1431A,JQLH,53.0,246.56118096636823,-193.56118096636823
2021-03-23 14:00:00,1431A,JQLH,51.0,244.72151406227871,-193.72151406227871
2021-03-23 15:00:00,1431A,JQLH,52.0,244.09989917831527,-192.09989917831527
2021-03-23 16:00:00,1431A,JQLH,54.0,242.7945088950144,-188.7945088950144
2021-03-23 17:00:00,1431A,JQLH,56.0,242.3807290306458,-186.3807290306458
2021-03-23 18:00:00,1431A,JQLH,52.0,242.00586628637473,-190.00586628637473
2021-03-23 19:00:00,1431A,JQLH,45.0,244.27567688888712,-199.27567688888712
2021-03-23 20:00:00,1431A,JQLH,56.0,246.12723559223707,-190.12723559223707
2021-03-23 21:00:00,1431A,JQLH,58.0,248.1433307204363,-190.1433307204363
2021-03-23 22:00:00,1431A,JQLH,76.0,248.87052459404774,-172.87052459404774
2021-03-23 23:00:00,1431A,JQLH,80.0,249.90329854984844,-169.90329854984844
2021-03-24 00:00:00,1431A,JQLH,71.0,250.05930207698725,-179.05930207698725
2021-03-24 01:00:00,1431A,JQLH,76.0,248.8894214065545,-172.8894214065545
2021-03-24 02:00:00,1431A,JQLH,80.0,248.29791822662625,-168.29791822662625
2021-03-24 03:00:00,1431A,JQLH,108.0,247.25168096582345,-139.25168096582345
2021-03-24 04:00:00,1431A,JQLH,132.0,246.15886038629526,-114.15886038629526
2021-03-24 05:00:00,1431A,JQLH,152.0,246.51819040792012,-94.51819040792012
2021-03-24 06:00:00,1431A,JQLH,128.0,246.4970946077346,-118.4970946077346
2021-03-24 07:00:00,1431A,JQLH,101.0,245.75940174326485,-144.75940174326485
2021-03-24 08:00:00,1431A,JQLH,103.0,245.74561430008958,-142.74561430008958
2021-03-24 09:00:00,1431A,JQLH,90.0,246.26109257513733,-156.26109257513733
2021-03-24 10:00:00,1431A,JQLH,62.0,247.50662311166639,-185.50662311166639
2021-03-24 11:00:00,1431A,JQLH,48.0,249.14424138219113,-201.14424138219113
2021-03-24 12:00:00,1431A,JQLH,44.0,249.67087777016508,-205.67087777016508
2021-03-24 13:00:00,1431A,JQLH,52.0,247.9693778904586,-195.9693778904586
2021-03-24 14:00:00,1431A,JQLH,58.0,246.12971098636908,-188.12971098636908
2021-03-24 15:00:00,1431A,JQLH,59.0,245.50809610240563,-186.50809610240563
2021-03-24 16:00:00,1431A,JQLH,56.0,244.20270581910475,-188.20270581910475
2021-03-24 17:00:00,1431A,JQLH,50.0,243.78892595473616,-193.78892595473616
2021-03-24 18:00:00,1431A,JQLH,47.0,243.4140632104651,-196.4140632104651
2021-03-24 19:00:00,1431A,JQLH,46.0,245.68387381297748,-199.68387381297748
2021-03-24 20:00:00,1431A,JQLH,48.0,247.53543251632743,-199.53543251632743
2021-03-24 21:00:00,1431A,JQLH,48.0,249.55152764452666,-201.55152764452666
2021-03-24 22:00:00,1431A,JQLH,50.0,250.2787215181381,-200.2787215181381
2021-03-24 23:00:00,1431A,JQLH,54.0,251.3114954739388,-197.3114954739388
2021-03-25 00:00:00,1431A,JQLH,61.0,251.4674990010776,-190.4674990010776
2021-03-25 01:00:00,1431A,JQLH,91.0,250.29761833064487,-159.29761833064487
2021-03-25 02:00:00,1431A,JQLH,74.0,249.7061151507166,-175.7061151507166
2021-03-25 03:00:00,1431A,JQLH,81.0,248.65987788991382,-167.65987788991382
2021-03-25 04:00:00,1431A,JQLH,86.0,247.56705731038562,-161.56705731038562
2021-03-25 05:00:00,1431A,JQLH,87.0,247.92638733201048,-160.92638733201048
2021-03-25 06:00:00,1431A,JQLH,91.0,247.90529153182496,-156.90529153182496
2021-03-25 07:00:00,1431A,JQLH,95.0,247.1675986673552,-152.1675986673552
2021-03-25 08:00:00,1431A,JQLH,99.0,247.15381122417995,-148.15381122417995
2021-03-25 09:00:00,1431A,JQLH,106.0,247.6692894992277,-141.6692894992277
2021-03-25 10:00:00,1431A,JQLH,,248.91482003575675,
2021-03-25 11:00:00,1431A,JQLH,,250.5524383062815,
2021-03-25 12:00:00,1431A,JQLH,101.0,251.07907469425544,-150.07907469425544
2021-03-25 13:00:00,1431A,JQLH,93.0,249.37757481454895,-156.37757481454895
2021-03-25 14:00:00,1431A,JQLH,85.0,247.53790791045944,-162.53790791045944
2021-03-25 15:00:00,1431A,JQLH,77.0,246.916293026496,-169.916293026496
2021-03-25 16:00:00,1431A,JQLH,88.0,245.6109027431951,-157.6109027431951
2021-03-25 17:00:00,1431A,JQLH,83.0,245.19712287882652,-162.19712287882652
2021-03-25 18:00:00,1431A,JQLH,92.0,244.82226013455545,-152.82226013455545
2021-03-25 19:00:00,1431A,JQLH,77.0,247.09207073706784,-170.09207073706784
2021-03-25 20:00:00,1431A,JQLH,79.0,248.9436294404178,-169.9436294404178
2021-03-25 21:00:00,1431A,JQLH,76.0,250.95972456861702,-174.95972456861702
2021-03-25 22:00:00,1431A,JQLH,82.0,251.68691844222846,-169.68691844222846
2021-03-25 23:00:00,1431A,JQLH,93.0,252.71969239802917,-159.71969239802917
2021-03-26 00:00:00,1431A,JQLH,79.0,252.87569592516797,-173.87569592516797
2021-03-26 01:00:00,1431A,JQLH,68.0,251.70581525473523,-183.70581525473523
2021-03-26 02:00:00,1431A,JQLH,57.0,251.11431207480697,-194.11431207480697
2021-03-26 03:00:00,1431A,JQLH,53.0,250.06807481400418,-197.06807481400418
2021-03-26 04:00:00,1431A,JQLH,49.0,248.97525423447598,-199.97525423447598
2021-03-26 05:00:00,1431A,JQLH,52.0,249.33458425610084,-197.33458425610084
2021-03-26 06:00:00,1431A,JQLH,43.0,249.31348845591532,-206.31348845591532
2021-03-26 07:00:00,1431A,JQLH,37.0,248.57579559144557,-211.57579559144557
2021-03-26 08:00:00,1431A,JQLH,36.0,248.5620081482703,-212.5620081482703
2021-03-26 09:00:00,1431A,JQLH,35.0,249.07748642331805,-214.07748642331805
2021-03-26 10:00:00,1431A,JQLH,43.0,250.3230169598471,-207.3230169598471
2021-03-26 11:00:00,1431A,JQLH,33.0,251.96063523037185,-218.96063523037185
2021-03-26 12:00:00,1431A,JQLH,27.0,252.4872716183458,-225.4872716183458
2021-03-26 13:00:00,1431A,JQLH,28.0,250.7857717386393,-222.7857717386393
2021-03-26 14:00:00,1431A,JQLH,27.0,248.9461048345498,-221.9461048345498
2021-03-26 15:00:00,1431A,JQLH,22.0,248.32448995058635,-226.32448995058635
2021-03-26 16:00:00,1431A,JQLH,19.0,247.01909966728547,-228.01909966728547
2021-03-26 17:00:00,1431A,JQLH,15.0,246.60531980291688,-231.60531980291688
2021-03-26 18:00:00,1431A,JQLH,13.0,246.2304570586458,-233.2304570586458
2021-03-26 19:00:00,1431A,JQLH,10.0,248.5002676611582,-238.5002676611582
2021-03-26 20:00:00,1431A,JQLH,12.0,250.35182636450816,-238.35182636450816
2021-03-26 21:00:00,1431A,JQLH,18.0,252.36792149270738,-234.36792149270738
2021-03-26 22:00:00,1431A,JQLH,22.0,253.09511536631882,-231.09511536631882
2021-03-26 23:00:00,1431A,JQLH,27.0,254.12788932211953,-227.12788932211953
2021-03-27 00:00:00,1431A,JQLH,31.0,254.28389284925834,-223.28389284925834
2021-03-27 01:00:00,1431A,JQLH,40.0,253.1140121788256,-213.1140121788256
2021-03-27 02:00:00,1431A,JQLH,44.0,252.52250899889734,-208.52250899889734
2021-03-27 03:00:00,1431A,JQLH,47.0,251.47627173809454,-204.47627173809454
2021-03-27 04:00:00,1431A,JQLH,47.0,250.38345115856634,-203.38345115856634
2021-03-27 05:00:00,1431A,JQLH,48.0,250.7427811801912,-202.7427811801912
2021-03-27 06:00:00,1431A,JQLH,51.0,250.72168538000568,-199.72168538000568
2021-03-27 07:00:00,1431A,JQLH,56.0,249.98399251553593,-193.98399251553593
2021-03-27 08:00:00,1431A,JQLH,59.0,249.97020507236067,-190.97020507236067
2021-03-27 09:00:00,1431A,JQLH,55.0,250.4856833474084,-195.4856833474084
2021-03-27 10:00:00,1431A,JQLH,46.0,251.73121388393747,-205.73121388393747
2021-03-27 11:00:00,1431A,JQLH,45.0,253.3688321544622,-208.3688321544622
2021-03-27 12:00:00,1431A,JQLH,31.0,253.89546854243616,-222.89546854243616
2021-03-27 13:00:00,1431A,JQLH,21.0,252.19396866272967,-231.19396866272967
2021-03-27 14:00:00,1431A,JQLH,23.0,250.35430175864016,-227.35430175864016
2021-03-27 15:00:00,1431A,JQLH,26.0,249.73268687467672,-223.73268687467672
2021-03-27 16:00:00,1431A,JQLH,26.0,248.42729659137584,-222.42729659137584
2021-03-27 17:00:00,1431A,JQLH,26.0,248.01351672700724,-222.01351672700724
2021-03-27 18:00:00,1431A,JQLH,27.0,247.63865398273617,-220.63865398273617
2021-03-27 19:00:00,1431A,JQLH,29.0,249.90846458524857,-220.90846458524857
2021-03-27 20:00:00,1431A,JQLH,31.0,251.76002328859852,-220.76002328859852
2021-03-27 21:00:00,1431A,JQLH,37.0,253.77611841679774,-216.77611841679774
2021-03-27 22:00:00,1431A,JQLH,50.0,254.50331229040918,-204.50331229040918
2021-03-27 23:00:00,1431A,JQLH,56.0,255.5360862462099,-199.5360862462099
2021-03-28 00:00:00,1431A,JQLH,64.0,255.6920897733487,-191.6920897733487
2021-03-28 01:00:00,1431A,JQLH,77.0,254.52220910291595,-177.52220910291595
2021-03-28 02:00:00,1431A,JQLH,92.0,253.9307059229877,-161.9307059229877
2021-03-28 03:00:00,1431A,JQLH,86.0,252.8844686621849,-166.8844686621849
2021-03-28 04:00:00,1431A,JQLH,84.0,251.7916480826567,-167.7916480826567
2021-03-28 05:00:00,1431A,JQLH,86.0,252.15097810428156,-166.15097810428156
2021-03-28 06:00:00,1431A,JQLH,85.0,252.12988230409604,-167.12988230409604
2021-03-28 07:00:00,1431A,JQLH,83.0,251.3921894396263,-168.3921894396263
2021-03-28 08:00:00,1431A,JQLH,79.0,251.37840199645103,-172.37840199645103
2021-03-28 09:00:00,1431A,JQLH,77.0,251.89388027149877,-174.89388027149877
2021-03-28 10:00:00,1431A,JQLH,72.0,253.13941080802783,-181.13941080802783
2021-03-28 11:00:00,1431A,JQLH,68.0,254.77702907855257,-186.77702907855257
2021-03-28 12:00:00,1431A,JQLH,60.0,255.30366546652652,-195.30366546652652
2021-03-28 13:00:00,1431A,JQLH,55.0,253.60216558682004,-198.60216558682004
2021-03-28 14:00:00,1431A,JQLH,40.0,251.76249868273052,-211.76249868273052
2021-03-28 15:00:00,1431A,JQLH,36.0,251.14088379876708,-215.14088379876708
2021-03-28 16:00:00,1431A,JQLH,36.0,249.8354935154662,-213.8354935154662
2021-03-28 17:00:00,1431A,JQLH,35.0,249.4217136510976,-214.4217136510976
2021-03-28 18:00:00,1431A,JQLH,35.0,249.04685090682653,-214.04685090682653
2021-03-28 19:00:00,1431A,JQLH,34.0,251.31666150933893,-217.31666150933893
2021-03-28 20:00:00,1431A,JQLH,36.0,253.16822021268888,-217.16822021268888
2021-03-28 21:00:00,1431A,JQLH,38.0,255.1843153408881,-217.1843153408881
2021-03-28 22:00:00,1431A,JQLH,45.0,255.91150921449955,-210.91150921449955
2021-03-28 23:00:00,1431A,JQLH,53.0,256.94428317030025,-203.94428317030025
2021-03-29 00:00:00,1431A,JQLH,67.0,257.10028669743906,-190.10028669743906
2021-03-29 01:00:00,1431A,JQLH,75.0,255.9304060270063,-180.9304060270063
2021-03-29 02:00:00,1431A,JQLH,88.0,255.33890284707806,-167.33890284707806
2021-03-29 03:00:00,1431A,JQLH,79.0,254.29266558627526,-175.29266558627526
2021-03-29 04:00:00,1431A,JQLH,72.0,253.19984500674707,-181.19984500674707
2021-03-29 05:00:00,1431A,JQLH,69.0,253.55917502837193,-184.55917502837193
2021-03-29 06:00:00,1431A,JQLH,71.0,253.5380792281864,-182.5380792281864
2021-03-29 07:00:00,1431A,JQLH,76.0,252.80038636371665,-176.80038636371665
2021-03-29 08:00:00,1431A,JQLH,77.0,252.7865989205414,-175.7865989205414
2021-03-29 09:00:00,1431A,JQLH,76.0,253.30207719558913,-177.30207719558913
2021-03-29 10:00:00,1431A,JQLH,69.0,254.5476077321182,-185.5476077321182
2021-03-29 11:00:00,1431A,JQLH,56.0,256.18522600264293,-200.18522600264293
2021-03-29 12:00:00,1431A,JQLH,43.0,256.7118623906169,-213.7118623906169
2021-03-29 13:00:00,1431A,JQLH,38.0,255.0103625109104,-217.0103625109104
2021-03-29 14:00:00,1431A,JQLH,42.0,253.17069560682089,-211.17069560682089
2021-03-29 15:00:00,1431A,JQLH,43.0,252.54908072285744,-209.54908072285744
2021-03-29 16:00:00,1431A,JQLH,45.0,251.24369043955656,-206.24369043955656
2021-03-29 17:00:00,1431A,JQLH,47.0,250.82991057518797,-203.82991057518797
2021-03-29 18:00:00,1431A,JQLH,43.0,250.4550478309169,-207.4550478309169
2021-03-29 19:00:00,1431A,JQLH,47.0,252.7248584334293,-205.7248584334293
2021-03-29 20:00:00,1431A,JQLH,49.0,254.57641713677924,-205.57641713677924
2021-03-29 21:00:00,1431A,JQLH,54.0,256.5925122649785,-202.5925122649785
2021-03-29 22:00:00,1431A,JQLH,64.0,257.31970613858994,-193.31970613858994
2021-03-29 23:00:00,1431A,JQLH,74.0,258.3524800943906,-184.35248009439061
2021-03-30 00:00:00,1431A,JQLH,90.0,258.5084836215294,-168.50848362152942
2021-03-30 01:00:00,1431A,JQLH,94.0,257.3386029510967,-163.33860295109668
2021-03-30 02:00:00,1431A,JQLH,89.0,256.7470997711684,-167.7470997711684
2021-03-30 03:00:00,1431A,JQLH,87.0,255.7008625103656,-168.7008625103656
2021-03-30 04:00:00,1431A,JQLH,88.0,254.6080419308374,-166.6080419308374
2021-03-30 05:00:00,1431A,JQLH,92.0,254.96737195246226,-162.96737195246226
2021-03-30 06:00:00,1431A,JQLH,88.0,254.94627615227674,-166.94627615227674
2021-03-30 07:00:00,1431A,JQLH,94.0,254.208583287807,-160.208583287807
2021-03-30 08:00:00,1431A,JQLH,99.0,254.19479584463173,-155.19479584463173
2021-03-30 09:00:00,1431A,JQLH,101.0,254.71027411967947,-153.71027411967947
2021-03-30 10:00:00,1431A,JQLH,94.0,255.95580465620853,-161.95580465620853
2021-03-30 11:00:00,1431A,JQLH,80.0,257.5934229267333,-177.5934229267333
2021-03-30 12:00:00,1431A,JQLH,75.0,258.12005931470725,-183.12005931470725
2021-03-30 13:00:00,1431A,JQLH,,256.41855943500076,
2021-03-30 14:00:00,1431A,JQLH,72.0,254.57889253091125,-182.57889253091125
2021-03-30 15:00:00,1431A,JQLH,67.0,253.9572776469478,-186.9572776469478
2021-03-30 16:00:00,1431A,JQLH,64.0,252.65188736364692,-188.65188736364692
2021-03-30 17:00:00,1431A,JQLH,52.0,252.23810749927833,-200.23810749927833
2021-03-30 18:00:00,1431A,JQLH,49.0,251.86324475500726,-202.86324475500726
2021-03-30 19:00:00,1431A,JQLH,49.0,254.13305535751965,-205.13305535751965
2021-03-30 20:00:00,1431A,JQLH,57.0,255.9846140608696,-198.9846140608696
2021-03-30 21:00:00,1431A,JQLH,62.0,258.00070918906886,-196.00070918906886
2021-03-30 22:00:00,1431A,JQLH,65.0,258.7279030626803,-193.7279030626803
2021-03-30 23:00:00,1431A,JQLH,62.0,259.760677018481,-197.76067701848098
2021-03-31 00:00:00,1431A,JQLH,52.0,259.9166805456198,-207.91668054561978
2021-03-31 01:00:00,1431A,JQLH,46.0,258.74679987518704,-212.74679987518704
2021-03-31 02:00:00,1431A,JQLH,37.0,258.15529669525876,-221.15529669525876
2021-03-31 03:00:00,1431A,JQLH,35.0,257.10905943445596,-222.10905943445596
2021-03-31 04:00:00,1431A,JQLH,32.0,256.01623885492774,-224.01623885492774
2021-03-31 05:00:00,1431A,JQLH,31.0,256.3755688765526,-225.37556887655262
2021-03-31 06:00:00,1431A,JQLH,35.0,256.3544730763671,-221.35447307636713
2021-03-31 07:00:00,1431A,JQLH,38.0,255.61678021189738,-217.61678021189738
2021-03-31 08:00:00,1431A,JQLH,36.0,255.60299276872212,-219.60299276872212
2021-03-31 09:00:00,1431A,JQLH,37.0,256.1184710437699,-219.1184710437699
2021-03-31 10:00:00,1431A,JQLH,34.0,257.364001580299,-223.36400158029898
2021-03-31 11:00:00,1431A,JQLH,24.0,259.0016198508237,-235.00161985082372
2021-03-31 12:00:00,1431A,JQLH,39.0,259.52825623879767,-220.52825623879767
2021-03-31 13:00:00,1431A,JQLH,32.0,257.8267563590912,-225.82675635909118
2021-03-31 14:00:00,1431A,JQLH,27.0,255.98708945500167,-228.98708945500167
2021-03-31 15:00:00,1431A,JQLH,23.0,255.36547457103822,-232.36547457103822
2021-03-31 16:00:00,1431A,JQLH,16.0,254.06008428773734,-238.06008428773734
2021-03-31 17:00:00,1431A,JQLH,12.0,253.64630442336875,-241.64630442336875
2021-03-31 18:00:00,1431A,JQLH,13.0,253.27144167909768,-240.27144167909768
2021-03-31 19:00:00,1431A,JQLH,14.0,255.54125228161007,-241.54125228161007
2021-03-31 20:00:00,1431A,JQLH,15.0,257.39281098496,-242.39281098496002
2021-03-31 21:00:00,1431A,JQLH,12.0,259.4089061131593,-247.40890611315928
2021-03-31 22:00:00,1431A,JQLH,10.0,260.1360999867707,-250.13609998677072
2021-03-31 23:00:00,1431A,JQLH,14.0,261.1688739425714,-247.1688739425714
2021-04-01 00:00:00,1431A,JQLH,15.0,261.3248774697102,-246.3248774697102
2021-04-01 01:00:00,1431A,JQLH,24.0,260.15499679927746,-236.15499679927746
2021-04-01 02:00:00,1431A,JQLH,19.0,259.5634936193492,-240.56349361934917
2021-04-01 03:00:00,1431A,JQLH,14.0,258.5172563585464,-244.51725635854638
2021-04-01 04:00:00,1431A,JQLH,15.0,257.42443577901815,-242.42443577901815
2021-04-01 05:00:00,1431A,JQLH,18.0,257.78376580064304,-239.78376580064304
2021-04-01 06:00:00,1431A,JQLH,11.0,257.76267000045755,-246.76267000045755
2021-04-01 07:00:00,1431A,JQLH,11.0,257.0249771359878,-246.0249771359878
2021-04-01 08:00:00,1431A,JQLH,11.0,257.01118969281254,-246.01118969281254
2021-04-01 09:00:00,1431A,JQLH,13.0,257.5266679678603,-244.5266679678603
2021-04-01 10:00:00,1431A,JQLH,12.0,258.7721985043894,-246.7721985043894
2021-04-01 11:00:00,1431A,JQLH,10.0,260.40981677491413,-250.40981677491413
2021-04-01 12:00:00,1431A,JQLH,6.0,260.9364531628881,-254.93645316288809
2021-04-01 13:00:00,1431A,JQLH,8.0,259.2349532831816,-251.2349532831816
2021-04-01 14:00:00,1431A,JQLH,9.0,257.39528637909206,-248.39528637909206
2021-04-01 15:00:00,1431A,JQLH,12.0,256.7736714951286,-244.7736714951286
2021-04-01 16:00:00,1431A,JQLH,14.0,255.46828121182773,-241.46828121182773
2021-04-01 17:00:00,1431A,JQLH,16.0,255.05450134745914,-239.05450134745914
2021-04-01 18:00:00,1431A,JQLH,18.0,254.67963860318807,-236.67963860318807
2021-04-01 19:00:00,1431A,JQLH,18.0,256.9494492057005,-238.9494492057005
2021-04-01 20:00:00,1431A,JQLH,23.0,258.80100790905044,-235.80100790905044
2021-04-01 21:00:00,1431A,JQLH,26.0,260.8171030372497,-234.8171030372497
2021-04-01 22:00:00,1431A,JQLH,27.0,261.54429691086114,-234.54429691086114
2021-04-01 23:00:00,1431A,JQLH,38.0,262.5770708666618,-224.5770708666618
2021-04-02 00:00:00,1431A,JQLH,50.0,262.7330743938006,-212.73307439380062
2021-04-02 01:00:00,1431A,JQLH,54.0,261.5631937233679,-207.56319372336787
2021-04-02 02:00:00,1431A,JQLH,47.0,260.9716905434396,-213.9716905434396
2021-04-02 03:00:00,1431A,JQLH,44.0,259.9254532826368,-215.9254532826368
2021-04-02 04:00:00,1431A,JQLH,43.0,258.8326327031086,-215.83263270310857
2021-04-02 05:00:00,1431A,JQLH,44.0,259.19196272473346,-215.19196272473346
2021-04-02 06:00:00,1431A,JQLH,41.0,259.17086692454797,-218.17086692454797
2021-04-02 07:00:00,1431A,JQLH,17.0,258.4331740600782,-241.43317406007822
2021-04-02 08:00:00,1431A,JQLH,7.0,258.41938661690295,-251.41938661690295
2021-04-02 09:00:00,1431A,JQLH,7.0,258.9348648919507,-251.93486489195072
2021-04-02 10:00:00,1431A,JQLH,11.0,260.1803954284798,-249.1803954284798
2021-04-02 11:00:00,1431A,JQLH,13.0,261.81801369900455,-248.81801369900455
2021-04-02 12:00:00,1431A,JQLH,16.0,262.3446500869785,-246.3446500869785
2021-04-02 13:00:00,1431A,JQLH,19.0,260.643150207272,-241.64315020727201
2021-04-02 14:00:00,1431A,JQLH,22.0,258.8034833031825,-236.80348330318247
2021-04-02 15:00:00,1431A,JQLH,27.0,258.18186841921903,-231.18186841921903
2021-04-02 16:00:00,1431A,JQLH,27.0,256.87647813591815,-229.87647813591815
2021-04-02 17:00:00,1431A,JQLH,25.0,256.4626982715495,-231.46269827154953
2021-04-02 18:00:00,1431A,JQLH,21.0,256.08783552727846,-235.08783552727846
2021-04-02 19:00:00,1431A,JQLH,20.0,258.35764612979085,-238.35764612979085
2021-04-02 20:00:00,1431A,JQLH,21.0,260.2092048331408,-239.2092048331408
2021-04-02 21:00:00,1431A,JQLH,22.0,262.22529996134006,-240.22529996134006
2021-04-02 22:00:00,1431A,JQLH,49.0,262.9524938349515,-213.9524938349515
2021-04-02 23:00:00,1431A,JQLH,62.0,263.9852677907522,-201.98526779075218
2021-04-03 00:00:00,1431A,JQLH,64.0,264.141271317891,-200.14127131789098
2021-04-03 01:00:00,1431A,JQLH,64.0,262.97139064745824,-198.97139064745824
2021-04-03 02:00:00,1431A,JQLH,56.0,262.37988746752995,-206.37988746752995
2021-04-03 03:00:00,1431A,JQLH,66.0,261.33365020672716,-195.33365020672716
2021-04-03 04:00:00,1431A,JQLH,74.0,260.24082962719893,-186.24082962719893
2021-04-03 05:00:00,1431A,JQLH,70.0,260.6001596488238,-190.60015964882382
2021-04-03 06:00:00,1431A,JQLH,62.0,260.5790638486383,-198.57906384863833
2021-04-03 07:00:00,1431A,JQLH,57.0,259.8413709841686,-202.84137098416858
2021-04-03 08:00:00,1431A,JQLH,55.0,259.8275835409933,-204.82758354099332
2021-04-03 09:00:00,1431A,JQLH,49.0,260.3430618160411,-211.3430618160411
2021-04-03 10:00:00,1431A,JQLH,31.0,261.5885923525702,-230.58859235257017
2021-04-03 11:00:00,1431A,JQLH,11.0,263.2262106230949,-252.22621062309491
2021-04-03 12:00:00,1431A,JQLH,13.0,263.75284701106887,-250.75284701106887
2021-04-03 13:00:00,1431A,JQLH,18.0,262.0513471313624,-244.05134713136238
2021-04-03 14:00:00,1431A,JQLH,21.0,260.21168022727284,-239.21168022727284
2021-04-03 15:00:00,1431A,JQLH,20.0,259.5900653433094,-239.5900653433094
2021-04-03 16:00:00,1431A,JQLH,19.0,258.2846750600085,-239.2846750600085
2021-04-03 17:00:00,1431A,JQLH,13.0,257.8708951956399,-244.8708951956399
2021-04-03 18:00:00,1431A,JQLH,10.0,257.4960324513688,-247.49603245136882
2021-04-03 19:00:00,1431A,JQLH,34.0,259.7658430538812,-225.7658430538812
2021-04-03 20:00:00,1431A,JQLH,40.0,261.61740175723116,-221.61740175723116
2021-04-03 21:00:00,1431A,JQLH,27.0,263.6334968854304,-236.63349688543042
2021-04-03 22:00:00,1431A,JQLH,24.0,264.36069075904186,-240.36069075904186
2021-04-03 23:00:00,1431A,JQLH,40.0,265.39346471484254,-225.39346471484254
2021-04-04 00:00:00,1431A,JQLH,41.0,265.54946824198134,-224.54946824198134
2021-04-04 01:00:00,1431A,JQLH,41.0,264.3795875715486,-223.3795875715486
2021-04-04 02:00:00,1431A,JQLH,29.0,263.7880843916203,-234.78808439162032
2021-04-04 03:00:00,1431A,JQLH,10.0,262.7418471308175,-252.74184713081752
2021-04-04 04:00:00,1431A,JQLH,5.0,261.6490265512893,-256.6490265512893
2021-04-04 05:00:00,1431A,JQLH,9.0,262.0083565729142,-253.00835657291418
2021-04-04 06:00:00,1431A,JQLH,9.0,261.9872607727287,-252.9872607727287
2021-04-04 07:00:00,1431A,JQLH,12.0,261.24956790825894,-249.24956790825894
2021-04-04 08:00:00,1431A,JQLH,11.0,261.2357804650837,-250.23578046508368
2021-04-04 09:00:00,1431A,JQLH,20.0,261.75125874013145,-241.75125874013145
2021-04-04 10:00:00,1431A,JQLH,23.0,262.99678927666054,-239.99678927666054
2021-04-04 11:00:00,1431A,JQLH,25.0,264.6344075471853,-239.63440754718528
2021-04-04 12:00:00,1431A,JQLH,20.0,265.1610439351592,-245.16104393515923
2021-04-04 13:00:00,1431A,JQLH,18.0,263.45954405545274,-245.45954405545274
2021-04-04 14:00:00,1431A,JQLH,17.0,261.6198771513632,-244.6198771513632
2021-04-04 15:00:00,1431A,JQLH,21.0,260.99826226739975,-239.99826226739975
2021-04-04 16:00:00,1431A,JQLH,23.0,259.6928719840989,-236.69287198409887
2021-04-04 17:00:00,1431A,JQLH,24.0,259.27909211973025,-235.27909211973025
2021-04-04 18:00:00,1431A,JQLH,30.0,258.9042293754592,-228.90422937545918
2021-04-04 19:00:00,1431A,JQLH,31.0,261.1740399779716,-230.17403997797157
2021-04-04 20:00:00,1431A,JQLH,32.0,263.0255986813215,-231.02559868132153
2021-04-04 21:00:00,1431A,JQLH,38.0,265.0416938095208,-227.04169380952078
2021-04-04 22:00:00,1431A,JQLH,43.0,265.7688876831322,-222.76888768313222
2021-04-04 23:00:00,1431A,JQLH,25.0,266.8016616389329,-241.8016616389329
2021-04-05 00:00:00,1431A,JQLH,20.0,266.9576651660717,-246.9576651660717
2021-04-05 01:00:00,1431A,JQLH,29.0,265.78778449563896,-236.78778449563896
2021-04-05 02:00:00,1431A,JQLH,46.0,265.1962813157107,-219.19628131571068
2021-04-05 03:00:00,1431A,JQLH,46.0,264.1500440549079,-218.15004405490788
2021-04-05 04:00:00,1431A,JQLH,39.0,263.05722347537966,-224.05722347537966
2021-04-05 05:00:00,1431A,JQLH,33.0,263.41655349700454,-230.41655349700454
2021-04-05 06:00:00,1431A,JQLH,21.0,263.39545769681905,-242.39545769681905
2021-04-05 07:00:00,1431A,JQLH,21.0,262.6577648323493,-241.6577648323493
2021-04-05 08:00:00,1431A,JQLH,24.0,262.64397738917404,-238.64397738917404
2021-04-05 09:00:00,1431A,JQLH,24.0,263.1594556642218,-239.1594556642218
2021-04-05 10:00:00,1431A,JQLH,26.0,264.4049862007509,-238.4049862007509
2021-04-05 11:00:00,1431A,JQLH,28.0,266.04260447127564,-238.04260447127564
2021-04-05 12:00:00,1431A,JQLH,33.0,266.5692408592496,-233.5692408592496
2021-04-05 13:00:00,1431A,JQLH,38.0,264.8677409795431,-226.8677409795431
2021-04-05 14:00:00,1431A,JQLH,45.0,263.02807407545356,-218.02807407545356
2021-04-05 15:00:00,1431A,JQLH,43.0,262.4064591914901,-219.40645919149011
2021-04-05 16:00:00,1431A,JQLH,43.0,261.10106890818923,-218.10106890818923
2021-04-05 17:00:00,1431A,JQLH,37.0,260.6872890438206,-223.6872890438206
2021-04-05 18:00:00,1431A,JQLH,41.0,260.31242629954954,-219.31242629954954
2021-04-05 19:00:00,1431A,JQLH,45.0,262.58223690206194,-217.58223690206194
2021-04-05 20:00:00,1431A,JQLH,49.0,264.4337956054119,-215.4337956054119
2021-04-05 21:00:00,1431A,JQLH,52.0,266.44989073361114,-214.44989073361114
2021-04-05 22:00:00,1431A,JQLH,52.0,267.1770846072226,-215.17708460722258
2021-04-05 23:00:00,1431A,JQLH,53.0,268.20985856302326,-215.20985856302326
2021-04-06 00:00:00,1431A,JQLH,45.0,268.36586209016207,-223.36586209016207
2021-04-06 01:00:00,1431A,JQLH,44.0,267.1959814197293,-223.19598141972932
2021-04-06 02:00:00,1431A,JQLH,50.0,266.60447823980104,-216.60447823980104
2021-04-06 03:00:00,1431A,JQLH,52.0,265.55824097899824,-213.55824097899824
2021-04-06 04:00:00,1431A,JQLH,55.0,264.46542039947,-209.46542039947002
2021-04-06 05:00:00,1431A,JQLH,57.0,264.8247504210949,-207.8247504210949
2021-04-06 06:00:00,1431A,JQLH,58.0,264.8036546209094,-206.8036546209094
2021-04-06 07:00:00,1431A,JQLH,60.0,264.06596175643966,-204.06596175643966
2021-04-06 08:00:00,1431A,JQLH,61.0,264.0521743132644,-203.0521743132644
2021-04-06 09:00:00,1431A,JQLH,65.0,264.56765258831217,-199.56765258831217
2021-04-06 10:00:00,1431A,JQLH,70.0,265.81318312484126,-195.81318312484126
2021-04-06 11:00:00,1431A,JQLH,64.0,267.450801395366,-203.450801395366
2021-04-06 12:00:00,1431A,JQLH,68.0,267.97743778333995,-199.97743778333995
2021-04-06 13:00:00,1431A,JQLH,74.0,266.27593790363346,-192.27593790363346
2021-04-06 14:00:00,1431A,JQLH,79.0,264.4362709995439,-185.43627099954392
2021-04-06 15:00:00,1431A,JQLH,78.0,263.8146561155805,-185.81465611558048
2021-04-06 16:00:00,1431A,JQLH,70.0,262.5092658322796,-192.5092658322796
2021-04-06 17:00:00,1431A,JQLH,63.0,262.095485967911,-199.09548596791097
2021-04-06 18:00:00,1431A,JQLH,58.0,261.7206232236399,-203.7206232236399
2021-04-06 19:00:00,1431A,JQLH,52.0,263.9904338261523,-211.9904338261523
2021-04-06 20:00:00,1431A,JQLH,49.0,265.84199252950225,-216.84199252950225
2021-04-06 21:00:00,1431A,JQLH,52.0,267.8580876577015,-215.8580876577015
2021-04-06 22:00:00,1431A,JQLH,55.0,268.58528153131294,-213.58528153131294
2021-04-06 23:00:00,1431A,JQLH,48.0,269.6180554871136,-221.61805548711362
2021-04-07 00:00:00,1431A,JQLH,46.0,269.77405901425243,-223.77405901425243
2021-04-07 01:00:00,1431A,JQLH,45.0,268.6041783438197,-223.60417834381968
2021-04-07 02:00:00,1431A,JQLH,37.0,268.0126751638914,-231.0126751638914
2021-04-07 03:00:00,1431A,JQLH,36.0,266.9664379030886,-230.9664379030886
2021-04-07 04:00:00,1431A,JQLH,39.0,265.8736173235604,-226.87361732356038
2021-04-07 05:00:00,1431A,JQLH,40.0,266.23294734518527,-226.23294734518527
2021-04-07 06:00:00,1431A,JQLH,42.0,266.2118515449998,-224.21185154499977
2021-04-07 07:00:00,1431A,JQLH,43.0,265.47415868053,-222.47415868053002
2021-04-07 08:00:00,1431A,JQLH,44.0,265.46037123735476,-221.46037123735476
2021-04-07 09:00:00,1431A,JQLH,49.0,265.97584951240253,-216.97584951240253
2021-04-07 10:00:00,1431A,JQLH,58.0,267.2213800489316,-209.22138004893162
2021-04-07 11:00:00,1431A,JQLH,55.0,268.85899831945636,-213.85899831945636
2021-04-07 12:00:00,1431A,JQLH,44.0,269.3856347074303,-225.3856347074303
2021-04-07 13:00:00,1431A,JQLH,23.0,267.6841348277238,-244.68413482772382
2021-04-07 14:00:00,1431A,JQLH,26.0,265.8444679236343,-239.84446792363428
2021-04-07 15:00:00,1431A,JQLH,24.0,265.22285303967084,-241.22285303967084
2021-04-07 16:00:00,1431A,JQLH,18.0,263.91746275636996,-245.91746275636996
2021-04-07 17:00:00,1431A,JQLH,21.0,263.50368289200134,-242.50368289200134
2021-04-07 18:00:00,1431A,JQLH,21.0,263.12882014773027,-242.12882014773027
2021-04-07 19:00:00,1431A,JQLH,25.0,265.39863075024266,-240.39863075024266
2021-04-07 20:00:00,1431A,JQLH,28.0,267.2501894535926,-239.2501894535926
2021-04-07 21:00:00,1431A,JQLH,30.0,269.26628458179187,-239.26628458179187
2021-04-07 22:00:00,1431A,JQLH,40.0,269.9934784554033,-229.9934784554033
2021-04-07 23:00:00,1431A,JQLH,46.0,271.026252411204,-225.02625241120398
2021-04-08 00:00:00,1431A,JQLH,44.0,271.1822559383428,-227.1822559383428
2021-04-08 01:00:00,1431A,JQLH,39.0,270.01237526791004,-231.01237526791004
2021-04-08 02:00:00,1431A,JQLH,38.0,269.42087208798176,-231.42087208798176
2021-04-08 03:00:00,1431A,JQLH,38.0,268.37463482717897,-230.37463482717897
2021-04-08 04:00:00,1431A,JQLH,36.0,267.28181424765074,-231.28181424765074
2021-04-08 05:00:00,1431A,JQLH,27.0,267.6411442692756,-240.64114426927563
2021-04-08 06:00:00,1431A,JQLH,31.0,267.62004846909014,-236.62004846909014
2021-04-08 07:00:00,1431A,JQLH,32.0,266.8823556046204,-234.8823556046204
2021-04-08 08:00:00,1431A,JQLH,30.0,266.8685681614451,-236.86856816144513
2021-04-08 09:00:00,1431A,JQLH,25.0,267.3840464364929,-242.3840464364929
2021-04-08 10:00:00,1431A,JQLH,26.0,268.629576973022,-242.62957697302198
2021-04-08 11:00:00,1431A,JQLH,34.0,270.2671952435467,-236.26719524354672
2021-04-08 12:00:00,1431A,JQLH,39.0,270.7938316315207,-231.79383163152067
2021-04-08 13:00:00,1431A,JQLH,52.0,269.0923317518142,-217.09233175181419
2021-04-08 14:00:00,1431A,JQLH,53.0,267.25266484772465,-214.25266484772465
2021-04-08 15:00:00,1431A,JQLH,51.0,266.6310499637612,-215.6310499637612
2021-04-08 16:00:00,1431A,JQLH,48.0,265.3256596804603,-217.32565968046032
2021-04-08 17:00:00,1431A,JQLH,36.0,264.9118798160917,-228.9118798160917
2021-04-08 18:00:00,1431A,JQLH,33.0,264.5370170718206,-231.53701707182063
2021-04-08 19:00:00,1431A,JQLH,27.0,266.806827674333,-239.80682767433302
2021-04-08 20:00:00,1431A,JQLH,30.0,268.658386377683,-238.65838637768297
2021-04-08 21:00:00,1431A,JQLH,32.0,270.6744815058822,-238.67448150588223
2021-04-08 22:00:00,1431A,JQLH,33.0,271.40167537949367,-238.40167537949367
2021-04-08 23:00:00,1431A,JQLH,39.0,272.43444933529435,-233.43444933529435
2021-04-09 00:00:00,1431A,JQLH,52.0,272.59045286243315,-220.59045286243315
2021-04-09 01:00:00,1431A,JQLH,40.0,271.4205721920004,-231.4205721920004
2021-04-09 02:00:00,1431A,JQLH,37.0,270.8290690120721,-233.82906901207213
2021-04-09 03:00:00,1431A,JQLH,40.0,269.7828317512693,-229.78283175126933
2021-04-09 04:00:00,1431A,JQLH,48.0,268.6900111717411,-220.6900111717411
2021-04-09 05:00:00,1431A,JQLH,44.0,269.049341193366,-225.049341193366
2021-04-09 06:00:00,1431A,JQLH,32.0,269.0282453931805,-237.0282453931805
2021-04-09 07:00:00,1431A,JQLH,30.0,268.29055252871075,-238.29055252871075
2021-04-09 08:00:00,1431A,JQLH,32.0,268.2767650855355,-236.2767650855355
2021-04-09 09:00:00,1431A,JQLH,,268.79224336058326,
2021-04-09 10:00:00,1431A,JQLH,38.0,270.03777389711234,-232.03777389711234
2021-04-09 11:00:00,1431A,JQLH,40.0,271.6753921676371,-231.67539216763709
2021-04-09 12:00:00,1431A,JQLH,37.0,272.20202855561104,-235.20202855561104
2021-04-09 13:00:00,1431A,JQLH,49.0,270.50052867590455,-221.50052867590455
2021-04-09 14:00:00,1431A,JQLH,59.0,268.660861771815,-209.660861771815
2021-04-09 15:00:00,1431A,JQLH,70.0,268.03924688785156,-198.03924688785156
2021-04-09 16:00:00,1431A,JQLH,68.0,266.7338566045507,-198.73385660455068
2021-04-09 17:00:00,1431A,JQLH,62.0,266.32007674018206,-204.32007674018206
2021-04-09 18:00:00,1431A,JQLH,55.0,265.945213995911,-210.945213995911
2021-04-09 19:00:00,1431A,JQLH,43.0,268.2150245984234,-225.21502459842338
2021-04-09 20:00:00,1431A,JQLH,39.0,270.06658330177333,-231.06658330177333
2021-04-09 21:00:00,1431A,JQLH,34.0,272.0826784299726,-238.0826784299726
2021-04-09 22:00:00,1431A,JQLH,29.0,272.80987230358403,-243.80987230358403
2021-04-09 23:00:00,1431A,JQLH,28.0,273.8426462593847,-245.8426462593847
2021-04-10 00:00:00,1431A,JQLH,26.0,273.9986497865235,-247.99864978652352
2021-04-10 01:00:00,1431A,JQLH,26.0,272.82876911609077,-246.82876911609077
2021-04-10 02:00:00,1431A,JQLH,25.0,272.2372659361625,-247.2372659361625
2021-04-10 03:00:00,1431A,JQLH,25.0,271.1910286753597,-246.1910286753597
2021-04-10 04:00:00,1431A,JQLH,24.0,270.09820809583147,-246.09820809583147
2021-04-10 05:00:00,1431A,JQLH,25.0,270.45753811745635,-245.45753811745635
2021-04-10 06:00:00,1431A,JQLH,26.0,270.43644231727086,-244.43644231727086
2021-04-10 07:00:00,1431A,JQLH,30.0,269.6987494528011,-239.6987494528011
2021-04-10 08:00:00,1431A,JQLH,35.0,269.68496200962585,-234.68496200962585
2021-04-10 09:00:00,1431A,JQLH,37.0,270.2004402846736,-233.20044028467362
2021-04-10 10:00:00,1431A,JQLH,36.0,271.4459708212027,-235.4459708212027
2021-04-10 11:00:00,1431A,JQLH,38.0,273.08358909172745,-235.08358909172745
2021-04-10 12:00:00,1431A,JQLH,36.0,273.6102254797014,-237.6102254797014
2021-04-10 13:00:00,1431A,JQLH,33.0,271.9087255999949,-238.9087255999949
2021-04-10 14:00:00,1431A,JQLH,35.0,270.06905869590537,-235.06905869590537
2021-04-10 15:00:00,1431A,JQLH,39.0,269.4474438119419,-230.44744381194192
2021-04-10 16:00:00,1431A,JQLH,37.0,268.14205352864104,-231.14205352864104
2021-04-10 17:00:00,1431A,JQLH,45.0,267.7282736642724,-222.72827366427242
2021-04-10 18:00:00,1431A,JQLH,41.0,267.35341092000135,-226.35341092000135
2021-04-10 19:00:00,1431A,JQLH,32.0,269.62322152251375,-237.62322152251375
2021-04-10 20:00:00,1431A,JQLH,32.0,271.4747802258637,-239.4747802258637
2021-04-10 21:00:00,1431A,JQLH,32.0,273.49087535406295,-241.49087535406295
2021-04-10 22:00:00,1431A,JQLH,37.0,274.2180692276744,-237.2180692276744
2021-04-10 23:00:00,1431A,JQLH,39.0,275.25084318347507,-236.25084318347507
2021-04-11 00:00:00,1431A,JQLH,43.0,275.4068467106139,-232.40684671061388
2021-04-11 01:00:00,1431A,JQLH,39.0,274.23696604018113,-235.23696604018113
2021-04-11 02:00:00,1431A,JQLH,35.0,273.64546286025285,-238.64546286025285
2021-04-11 03:00:00,1431A,JQLH,34.0,272.59922559945005,-238.59922559945005
2021-04-11 04:00:00,1431A,JQLH,32.0,271.50640501992183,-239.50640501992183
2021-04-11 05:00:00,1431A,JQLH,28.0,271.8657350415467,-243.8657350415467
2021-04-11 06:00:00,1431A,JQLH,34.0,271.8446392413612,-237.84463924136122
2021-04-11 07:00:00,1431A,JQLH,31.0,271.10694637689147,-240.10694637689147
2021-04-11 08:00:00,1431A,JQLH,40.0,271.0931589337162,-231.0931589337162
2021-04-11 09:00:00,1431A,JQLH,49.0,271.608637208764,-222.60863720876398
2021-04-11 10:00:00,1431A,JQLH,43.0,272.85416774529307,-229.85416774529307
2021-04-11 11:00:00,1431A,JQLH,40.0,274.4917860158178,-234.4917860158178
2021-04-11 12:00:00,1431A,JQLH,41.0,275.01842240379176,-234.01842240379176
2021-04-11 13:00:00,1431A,JQLH,34.0,273.31692252408527,-239.31692252408527
2021-04-11 14:00:00,1431A,JQLH,36.0,271.47725561999573,-235.47725561999573
2021-04-11 15:00:00,1431A,JQLH,35.0,270.8556407360323,-235.85564073603229
2021-04-11 16:00:00,1431A,JQLH,35.0,269.5502504527314,-234.5502504527314
2021-04-11 17:00:00,1431A,JQLH,34.0,269.1364705883628,-235.13647058836278
2021-04-11 18:00:00,1431A,JQLH,29.0,268.7616078440917,-239.7616078440917
2021-04-11 19:00:00,1431A,JQLH,30.0,271.0314184466041,-241.0314184466041
2021-04-11 20:00:00,1431A,JQLH,33.0,272.88297714995406,-239.88297714995406
2021-04-11 21:00:00,1431A,JQLH,45.0,274.8990722781533,-229.8990722781533
2021-04-11 22:00:00,1431A,JQLH,48.0,275.62626615176475,-227.62626615176475
2021-04-11 23:00:00,1431A,JQLH,50.0,276.65904010756543,-226.65904010756543
2021-04-12 00:00:00,1431A,JQLH,51.0,276.81504363470424,-225.81504363470424
2021-04-12 01:00:00,1431A,JQLH,52.0,275.6451629642715,-223.6451629642715
2021-04-12 02:00:00,1431A,JQLH,54.0,275.0536597843432,-221.0536597843432
2021-04-12 03:00:00,1431A,JQLH,58.0,274.0074225235404,-216.0074225235404
2021-04-12 04:00:00,1431A,JQLH,59.0,272.9146019440122,-213.9146019440122
2021-04-12 05:00:00,1431A,JQLH,60.0,273.2739319656371,-213.27393196563708
2021-04-12 06:00:00,1431A,JQLH,60.0,273.2528361654516,-213.25283616545158
2021-04-12 07:00:00,1431A,JQLH,58.0,272.51514330098183,-214.51514330098183
2021-04-12 08:00:00,1431A,JQLH,57.0,272.5013558578066,-215.50135585780657
2021-04-12 09:00:00,1431A,JQLH,65.0,273.01683413285434,-208.01683413285434
2021-04-12 10:00:00,1431A,JQLH,78.0,274.26236466938343,-196.26236466938343
2021-04-12 11:00:00,1431A,JQLH,76.0,275.89998293990817,-199.89998293990817
2021-04-12 12:00:00,1431A,JQLH,58.0,276.4266193278821,-218.42661932788212
2021-04-12 13:00:00,1431A,JQLH,64.0,274.72511944817563,-210.72511944817563
2021-04-12 14:00:00,1431A,JQLH,59.0,272.8854525440861,-213.8854525440861
2021-04-12 15:00:00,1431A,JQLH,56.0,272.26383766012265,-216.26383766012265
2021-04-12 16:00:00,1431A,JQLH,52.0,270.95844737682177,-218.95844737682177
2021-04-12 17:00:00,1431A,JQLH,51.0,270.54466751245315,-219.54466751245315
2021-04-12 18:00:00,1431A,JQLH,52.0,270.1698047681821,-218.16980476818208
2021-04-12 19:00:00,1431A,JQLH,54.0,272.43961537069447,-218.43961537069447
2021-04-12 20:00:00,1431A,JQLH,63.0,274.2911740740444,-211.29117407404442
2021-04-12 21:00:00,1431A,JQLH,69.0,276.3072692022437,-207.30726920224367
2021-04-12 22:00:00,1431A,JQLH,70.0,277.0344630758551,-207.03446307585511
2021-04-12 23:00:00,1431A,JQLH,73.0,278.0672370316558,-205.0672370316558
2021-04-13 00:00:00,1431A,JQLH,75.0,278.2232405587946,-203.2232405587946
2021-04-13 01:00:00,1431A,JQLH,80.0,277.05335988836185,-197.05335988836185
2021-04-13 02:00:00,1431A,JQLH,90.0,276.4618567084336,-186.46185670843357
2021-04-13 03:00:00,1431A,JQLH,90.0,275.4156194476308,-185.41561944763077
2021-04-13 04:00:00,1431A,JQLH,91.0,274.32279886810255,-183.32279886810255
2021-04-13 05:00:00,1431A,JQLH,90.0,274.68212888972744,-184.68212888972744
2021-04-13 06:00:00,1431A,JQLH,89.0,274.66103308954195,-185.66103308954195
2021-04-13 07:00:00,1431A,JQLH,90.0,273.9233402250722,-183.9233402250722
2021-04-13 08:00:00,1431A,JQLH,94.0,273.90955278189693,-179.90955278189693
2021-04-13 09:00:00,1431A,JQLH,102.0,274.4250310569447,-172.4250310569447
2021-04-13 10:00:00,1431A,JQLH,104.0,275.6705615934738,-171.6705615934738
2021-04-13 11:00:00,1431A,JQLH,95.0,277.30817986399853,-182.30817986399853
2021-04-13 12:00:00,1431A,JQLH,66.0,277.8348162519725,-211.83481625197248
2021-04-13 13:00:00,1431A,JQLH,35.0,276.133316372266,-241.133316372266
2021-04-13 14:00:00,1431A,JQLH,20.0,274.29364946817645,-254.29364946817645
2021-04-13 15:00:00,1431A,JQLH,28.0,273.672034584213,-245.672034584213
2021-04-13 16:00:00,1431A,JQLH,20.0,272.3666443009121,-252.36664430091213
2021-04-13 17:00:00,1431A,JQLH,23.0,271.9528644365435,-248.9528644365435
2021-04-13 18:00:00,1431A,JQLH,26.0,271.57800169227244,-245.57800169227244
2021-04-13 19:00:00,1431A,JQLH,32.0,273.84781229478483,-241.84781229478483
2021-04-13 20:00:00,1431A,JQLH,30.0,275.6993709981348,-245.69937099813478
2021-04-13 21:00:00,1431A,JQLH,34.0,277.71546612633404,-243.71546612633404
2021-04-13 22:00:00,1431A,JQLH,39.0,278.4426599999455,-239.44265999994548
2021-04-13 23:00:00,1431A,JQLH,43.0,279.47543395574615,-236.47543395574615
2021-04-14 00:00:00,1431A,JQLH,36.0,279.63143748288496,-243.63143748288496
2021-04-14 01:00:00,1431A,JQLH,31.0,278.4615568124522,-247.46155681245222
2021-04-14 02:00:00,1431A,JQLH,22.0,277.87005363252393,-255.87005363252393
2021-04-14 03:00:00,1431A,JQLH,22.0,276.82381637172114,-254.82381637172114
2021-04-14 04:00:00,1431A,JQLH,17.0,275.7309957921929,-258.7309957921929
2021-04-14 05:00:00,1431A,JQLH,14.0,276.0903258138178,-262.0903258138178
2021-04-14 06:00:00,1431A,JQLH,14.0,276.0692300136323,-262.0692300136323
2021-04-14 07:00:00,1431A,JQLH,15.0,275.33153714916256,-260.33153714916256
2021-04-14 08:00:00,1431A,JQLH,16.0,275.3177497059873,-259.3177497059873
2021-04-14 09:00:00,1431A,JQLH,15.0,275.83322798103507,-260.83322798103507
2021-04-14 10:00:00,1431A,JQLH,15.0,277.07875851756415,-262.07875851756415
2021-04-14 11:00:00,1431A,JQLH,16.0,278.7163767880889,-262.7163767880889
2021-04-14 12:00:00,1431A,JQLH,16.0,279.24301317606285,-263.24301317606285
2021-04-14 13:00:00,1431A,JQLH,17.0,277.54151329635636,-260.54151329635636
2021-04-14 14:00:00,1431A,JQLH,14.0,275.7018463922668,-261.7018463922668
2021-04-14 15:00:00,1431A,JQLH,14.0,275.08023150830337,-261.08023150830337
2021-04-14 16:00:00,1431A,JQLH,12.0,273.7748412250025,-261.7748412250025
2021-04-14 17:00:00,1431A,JQLH,12.0,273.36106136063387,-261.36106136063387
2021-04-14 18:00:00,1431A,JQLH,10.0,272.9861986163628,-262.9861986163628
2021-04-14 19:00:00,1431A,JQLH,15.0,275.2560092188752,-260.2560092188752
2021-04-14 20:00:00,1431A,JQLH,18.0,277.10756792222514,-259.10756792222514
2021-04-14 21:00:00,1431A,JQLH,19.0,279.1236630504244,-260.1236630504244
2021-04-14 22:00:00,1431A,JQLH,21.0,279.85085692403584,-258.85085692403584
2021-04-14 23:00:00,1431A,JQLH,29.0,280.8836308798365,-251.88363087983652
2021-04-15 00:00:00,1431A,JQLH,39.0,281.0396344069753,-242.03963440697532
2021-04-15 01:00:00,1431A,JQLH,50.0,279.8697537365426,-229.86975373654258
2021-04-15 02:00:00,1431A,JQLH,45.0,279.2782505566143,-234.2782505566143
2021-04-15 03:00:00,1431A,JQLH,42.0,278.2320132958115,-236.2320132958115
2021-04-15 04:00:00,1431A,JQLH,44.0,277.1391927162833,-233.13919271628328
2021-04-15 05:00:00,1431A,JQLH,44.0,277.49852273790816,-233.49852273790816
2021-04-15 06:00:00,1431A,JQLH,41.0,277.47742693772267,-236.47742693772267
2021-04-15 07:00:00,1431A,JQLH,42.0,276.7397340732529,-234.73973407325292
2021-04-15 08:00:00,1431A,JQLH,35.0,276.72594663007766,-241.72594663007766
2021-04-15 09:00:00,1431A,JQLH,30.0,277.2414249051254,-247.24142490512543
2021-04-15 10:00:00,1431A,JQLH,28.0,278.4869554416545,-250.48695544165452
2021-04-15 11:00:00,1431A,JQLH,29.0,280.12457371217926,-251.12457371217926
2021-04-15 12:00:00,1431A,JQLH,29.0,280.6512101001532,-251.6512101001532
2021-04-15 13:00:00,1431A,JQLH,28.0,278.9497102204467,-250.94971022044672
2021-04-15 14:00:00,1431A,JQLH,30.0,277.1100433163572,-247.11004331635718
2021-04-15 15:00:00,1431A,JQLH,34.0,276.48842843239373,-242.48842843239373
2021-04-15 16:00:00,1431A,JQLH,21.0,275.18303814909285,-254.18303814909285
2021-04-15 17:00:00,1431A,JQLH,8.0,274.76925828472423,-266.76925828472423
2021-04-15 18:00:00,1431A,JQLH,8.0,274.39439554045316,-266.39439554045316
2021-04-15 19:00:00,1431A,JQLH,11.0,276.66420614296555,-265.66420614296555
2021-04-15 20:00:00,1431A,JQLH,13.0,278.5157648463155,-265.5157648463155
2021-04-15 21:00:00,1431A,JQLH,17.0,280.53185997451476,-263.53185997451476
2021-04-15 22:00:00,1431A,JQLH,22.0,281.2590538481262,-259.2590538481262
2021-04-15 23:00:00,1431A,JQLH,26.0,282.2918278039269,-256.2918278039269
2021-04-16 00:00:00,1431A,JQLH,24.0,282.4478313310657,-258.4478313310657
2021-04-16 01:00:00,1431A,JQLH,26.0,281.27795066063294,-255.27795066063294
2021-04-16 02:00:00,1431A,JQLH,26.0,280.68644748070466,-254.68644748070466
2021-04-16 03:00:00,1431A,JQLH,27.0,279.64021021990186,-252.64021021990186
2021-04-16 04:00:00,1431A,JQLH,27.0,278.54738964037364,-251.54738964037364
2021-04-16 05:00:00,1431A,JQLH,20.0,278.9067196619985,-258.9067196619985
2021-04-16 06:00:00,1431A,JQLH,18.0,278.88562386181303,-260.88562386181303
2021-04-16 07:00:00,1431A,JQLH,19.0,278.1479309973433,-259.1479309973433
2021-04-16 08:00:00,1431A,JQLH,20.0,278.134143554168,-258.134143554168
2021-04-16 09:00:00,1431A,JQLH,20.0,278.6496218292158,-258.6496218292158
2021-04-16 10:00:00,1431A,JQLH,21.0,279.8951523657449,-258.8951523657449
2021-04-16 11:00:00,1431A,JQLH,20.0,281.5327706362696,-261.5327706362696
2021-04-16 12:00:00,1431A,JQLH,18.0,282.05940702424357,-264.05940702424357
2021-04-16 13:00:00,1431A,JQLH,15.0,280.3579071445371,-265.3579071445371
2021-04-16 14:00:00,1431A,JQLH,20.0,278.51824024044754,-258.51824024044754
2021-04-16 15:00:00,1431A,JQLH,20.0,277.8966253564841,-257.8966253564841
2021-04-16 16:00:00,1431A,JQLH,20.0,276.5912350731832,-256.5912350731832
2021-04-16 17:00:00,1431A,JQLH,20.0,276.1774552088146,-256.1774552088146
2021-04-16 18:00:00,1431A,JQLH,20.0,275.8025924645435,-255.80259246454352
2021-04-16 19:00:00,1431A,JQLH,20.0,278.0724030670559,-258.0724030670559
2021-04-16 20:00:00,1431A,JQLH,23.0,279.92396177040587,-256.92396177040587
2021-04-16 21:00:00,1431A,JQLH,27.0,281.9400568986051,-254.94005689860512
2021-04-16 22:00:00,1431A,JQLH,26.0,282.66725077221656,-256.66725077221656
2021-04-16 23:00:00,1431A,JQLH,28.0,283.70002472801724,-255.70002472801724
2021-04-17 00:00:00,1431A,JQLH,29.0,283.85602825515605,-254.85602825515605
2021-04-17 01:00:00,1431A,JQLH,33.0,282.6861475847233,-249.6861475847233
2021-04-17 02:00:00,1431A,JQLH,31.0,282.094644404795,-251.09464440479502
2021-04-17 03:00:00,1431A,JQLH,33.0,281.0484071439922,-248.04840714399222
2021-04-17 04:00:00,1431A,JQLH,31.0,279.955586564464,-248.955586564464
2021-04-17 05:00:00,1431A,JQLH,27.0,280.3149165860889,-253.31491658608888
2021-04-17 06:00:00,1431A,JQLH,33.0,280.2938207859034,-247.2938207859034
2021-04-17 07:00:00,1431A,JQLH,38.0,279.55612792143364,-241.55612792143364
2021-04-17 08:00:00,1431A,JQLH,42.0,279.5423404782584,-237.54234047825838
2021-04-17 09:00:00,1431A,JQLH,43.0,280.05781875330615,-237.05781875330615
2021-04-17 10:00:00,1431A,JQLH,50.0,281.30334928983524,-231.30334928983524
2021-04-17 11:00:00,1431A,JQLH,83.0,282.94096756036,-199.94096756035998
2021-04-17 12:00:00,1431A,JQLH,73.0,283.46760394833393,-210.46760394833393
2021-04-17 13:00:00,1431A,JQLH,61.0,281.76610406862744,-220.76610406862744
2021-04-17 14:00:00,1431A,JQLH,66.0,279.9264371645379,-213.9264371645379
2021-04-17 15:00:00,1431A,JQLH,73.0,279.30482228057446,-206.30482228057446
2021-04-17 16:00:00,1431A,JQLH,51.0,277.9994319972736,-226.99943199727358
2021-04-17 17:00:00,1431A,JQLH,48.0,277.58565213290495,-229.58565213290495
2021-04-17 18:00:00,1431A,JQLH,46.0,277.2107893886339,-231.21078938863388
2021-04-17 19:00:00,1431A,JQLH,44.0,279.4805999911463,-235.48059999114628
2021-04-17 20:00:00,1431A,JQLH,42.0,281.33215869449623,-239.33215869449623
2021-04-17 21:00:00,1431A,JQLH,31.0,283.3482538226955,-252.34825382269548
2021-04-17 22:00:00,1431A,JQLH,45.0,284.0754476963069,-239.07544769630692
2021-04-17 23:00:00,1431A,JQLH,47.0,285.1082216521076,-238.1082216521076
2021-04-18 00:00:00,1431A,JQLH,34.0,285.2642251792464,-251.2642251792464
2021-04-18 01:00:00,1431A,JQLH,26.0,284.09434450881366,-258.09434450881366
2021-04-18 02:00:00,1431A,JQLH,21.0,283.5028413288854,-262.5028413288854
2021-04-18 03:00:00,1431A,JQLH,19.0,282.4566040680826,-263.4566040680826
2021-04-18 04:00:00,1431A,JQLH,25.0,281.36378348855436,-256.36378348855436
2021-04-18 05:00:00,1431A,JQLH,13.0,281.72311351017925,-268.72311351017925
2021-04-18 06:00:00,1431A,JQLH,15.0,281.70201770999375,-266.70201770999375
2021-04-18 07:00:00,1431A,JQLH,16.0,280.964324845524,-264.964324845524
2021-04-18 08:00:00,1431A,JQLH,15.0,280.95053740234874,-265.95053740234874
2021-04-18 09:00:00,1431A,JQLH,21.0,281.4660156773965,-260.4660156773965
2021-04-18 10:00:00,1431A,JQLH,25.0,282.7115462139256,-257.7115462139256
2021-04-18 11:00:00,1431A,JQLH,24.0,284.34916448445034,-260.34916448445034
2021-04-18 12:00:00,1431A,JQLH,25.0,284.8758008724243,-259.8758008724243
2021-04-18 13:00:00,1431A,JQLH,30.0,283.1743009927178,-253.1743009927178
2021-04-18 14:00:00,1431A,JQLH,32.0,281.33463408862826,-249.33463408862826
2021-04-18 15:00:00,1431A,JQLH,33.0,280.7130192046648,-247.71301920466482
2021-04-18 16:00:00,1431A,JQLH,32.0,279.40762892136394,-247.40762892136394
2021-04-18 17:00:00,1431A,JQLH,34.0,278.9938490569953,-244.99384905699532
2021-04-18 18:00:00,1431A,JQLH,33.0,278.61898631272425,-245.61898631272425
2021-04-18 19:00:00,1431A,JQLH,30.0,280.88879691523664,-250.88879691523664
2021-04-18 20:00:00,1431A,JQLH,33.0,282.7403556185866,-249.7403556185866
2021-04-18 21:00:00,1431A,JQLH,37.0,284.75645074678584,-247.75645074678584
2021-04-18 22:00:00,1431A,JQLH,45.0,285.4836446203973,-240.48364462039729
2021-04-18 23:00:00,1431A,JQLH,46.0,286.51641857619796,-240.51641857619796
2021-04-19 00:00:00,1431A,JQLH,45.0,286.67242210333677,-241.67242210333677
2021-04-19 01:00:00,1431A,JQLH,47.0,285.502541432904,-238.50254143290402
2021-04-19 02:00:00,1431A,JQLH,48.0,284.91103825297574,-236.91103825297574
2021-04-19 03:00:00,1431A,JQLH,49.0,283.86480099217295,-234.86480099217295
2021-04-19 04:00:00,1431A,JQLH,51.0,282.7719804126447,-231.77198041264472
2021-04-19 05:00:00,1431A,JQLH,55.0,283.1313104342696,-228.1313104342696
2021-04-19 06:00:00,1431A,JQLH,55.0,283.1102146340841,-228.11021463408412
2021-04-19 07:00:00,1431A,JQLH,46.0,282.37252176961437,-236.37252176961437
2021-04-19 08:00:00,1431A,JQLH,40.0,282.3587343264391,-242.3587343264391
2021-04-19 09:00:00,1431A,JQLH,41.0,282.8742126014869,-241.87421260148687
2021-04-19 10:00:00,1431A,JQLH,43.0,284.11974313801596,-241.11974313801596
2021-04-19 11:00:00,1431A,JQLH,40.0,285.7573614085407,-245.7573614085407
2021-04-19 12:00:00,1431A,JQLH,44.0,286.28399779651465,-242.28399779651465
2021-04-19 13:00:00,1431A,JQLH,43.0,284.58249791680817,-241.58249791680817
2021-04-19 14:00:00,1431A,JQLH,45.0,282.7428310127186,-237.74283101271863
2021-04-19 15:00:00,1431A,JQLH,45.0,282.1212161287552,-237.12121612875518
2021-04-19 16:00:00,1431A,JQLH,52.0,280.8158258454543,-228.8158258454543
2021-04-19 17:00:00,1431A,JQLH,59.0,280.4020459810857,-221.40204598108568
2021-04-19 18:00:00,1431A,JQLH,54.0,280.0271832368146,-226.0271832368146
2021-04-19 19:00:00,1431A,JQLH,47.0,282.296993839327,-235.296993839327
2021-04-19 20:00:00,1431A,JQLH,41.0,284.14855254267695,-243.14855254267695
2021-04-19 21:00:00,1431A,JQLH,41.0,286.1646476708762,-245.1646476708762
2021-04-19 22:00:00,1431A,JQLH,40.0,286.89184154448765,-246.89184154448765
2021-04-19 23:00:00,1431A,JQLH,40.0,287.9246155002883,-247.92461550028833
2021-04-20 00:00:00,1431A,JQLH,38.0,288.08061902742713,-250.08061902742713
2021-04-20 01:00:00,1431A,JQLH,36.0,286.9107383569944,-250.9107383569944
2021-04-20 02:00:00,1431A,JQLH,37.0,286.3192351770661,-249.3192351770661
2021-04-20 03:00:00,1431A,JQLH,37.0,285.2729979162633,-248.2729979162633
2021-04-20 04:00:00,1431A,JQLH,37.0,284.1801773367351,-247.18017733673508
2021-04-20 05:00:00,1431A,JQLH,40.0,284.53950735835997,-244.53950735835997
2021-04-20 06:00:00,1431A,JQLH,39.0,284.5184115581745,-245.51841155817448
2021-04-20 07:00:00,1431A,JQLH,36.0,283.7807186937047,-247.78071869370473
2021-04-20 08:00:00,1431A,JQLH,35.0,283.76693125052947,-248.76693125052947
2021-04-20 09:00:00,1431A,JQLH,38.0,284.28240952557724,-246.28240952557724
2021-04-20 10:00:00,1431A,JQLH,36.0,285.5279400621063,-249.52794006210632
2021-04-20 11:00:00,1431A,JQLH,28.0,287.16555833263106,-259.16555833263106
2021-04-20 12:00:00,1431A,JQLH,14.0,287.692194720605,-273.692194720605
2021-04-20 13:00:00,1431A,JQLH,12.0,285.9906948408985,-273.9906948408985
2021-04-20 14:00:00,1431A,JQLH,9.0,284.151027936809,-275.151027936809
2021-04-20 15:00:00,1431A,JQLH,,283.52941305284554,
2021-04-20 16:00:00,1431A,JQLH,6.0,282.22402276954466,-276.22402276954466
2021-04-20 17:00:00,1431A,JQLH,5.0,281.81024290517604,-276.81024290517604
2021-04-20 18:00:00,1431A,JQLH,5.0,281.43538016090497,-276.43538016090497
2021-04-20 19:00:00,1431A,JQLH,7.0,283.70519076341736,-276.70519076341736
2021-04-20 20:00:00,1431A,JQLH,10.0,285.5567494667673,-275.5567494667673
2021-04-20 21:00:00,1431A,JQLH,14.0,287.57284459496657,-273.57284459496657
2021-04-20 22:00:00,1431A,JQLH,16.0,288.300038468578,-272.300038468578
2021-04-20 23:00:00,1431A,JQLH,22.0,289.3328124243787,-267.3328124243787
2021-04-21 00:00:00,1431A,JQLH,30.0,289.4888159515175,-259.4888159515175
2021-04-21 01:00:00,1431A,JQLH,38.0,288.31893528108475,-250.31893528108475
2021-04-21 02:00:00,1431A,JQLH,35.0,287.72743210115647,-252.72743210115647
2021-04-21 03:00:00,1431A,JQLH,42.0,286.68119484035367,-244.68119484035367
2021-04-21 04:00:00,1431A,JQLH,44.0,285.58837426082545,-241.58837426082545
2021-04-21 05:00:00,1431A,JQLH,46.0,285.94770428245033,-239.94770428245033
2021-04-21 06:00:00,1431A,JQLH,52.0,285.92660848226484,-233.92660848226484
2021-04-21 07:00:00,1431A,JQLH,49.0,285.1889156177951,-236.1889156177951
2021-04-21 08:00:00,1431A,JQLH,50.0,285.17512817461983,-235.17512817461983
2021-04-21 09:00:00,1431A,JQLH,61.0,285.6906064496676,-224.6906064496676
2021-04-21 10:00:00,1431A,JQLH,63.0,286.9361369861967,-223.9361369861967
2021-04-21 11:00:00,1431A,JQLH,66.0,288.5737552567214,-222.57375525672143
2021-04-21 12:00:00,1431A,JQLH,62.0,289.1003916446954,-227.10039164469538
2021-04-21 13:00:00,1431A,JQLH,59.0,287.3988917649889,-228.3988917649889
2021-04-21 14:00:00,1431A,JQLH,55.0,285.55922486089935,-230.55922486089935
2021-04-21 15:00:00,1431A,JQLH,43.0,284.9376099769359,-241.9376099769359
2021-04-21 16:00:00,1431A,JQLH,49.0,283.632219693635,-234.63221969363502
2021-04-21 17:00:00,1431A,JQLH,40.0,283.2184398292664,-243.2184398292664
2021-04-21 18:00:00,1431A,JQLH,39.0,282.84357708499533,-243.84357708499533
2021-04-21 19:00:00,1431A,JQLH,42.0,285.1133876875077,-243.11338768750772
2021-04-21 20:00:00,1431A,JQLH,58.0,286.9649463908577,-228.96494639085768
2021-04-21 21:00:00,1431A,JQLH,60.0,288.98104151905693,-228.98104151905693
2021-04-21 22:00:00,1431A,JQLH,61.0,289.70823539266837,-228.70823539266837
2021-04-21 23:00:00,1431A,JQLH,67.0,290.74100934846905,-223.74100934846905
2021-04-22 00:00:00,1431A,JQLH,79.0,290.89701287560786,-211.89701287560786
2021-04-22 01:00:00,1431A,JQLH,80.0,289.7271322051751,-209.7271322051751
2021-04-22 02:00:00,1431A,JQLH,80.0,289.1356290252468,-209.13562902524683
2021-04-22 03:00:00,1431A,JQLH,88.0,288.08939176444403,-200.08939176444403
2021-04-22 04:00:00,1431A,JQLH,90.0,286.9965711849158,-196.9965711849158
2021-04-22 05:00:00,1431A,JQLH,82.0,287.3559012065407,-205.3559012065407
2021-04-22 06:00:00,1431A,JQLH,74.0,287.3348054063552,-213.3348054063552
2021-04-22 07:00:00,1431A,JQLH,74.0,286.59711254188545,-212.59711254188545
2021-04-22 08:00:00,1431A,JQLH,72.0,286.5833250987102,-214.5833250987102
2021-04-22 09:00:00,1431A,JQLH,78.0,287.09880337375796,-209.09880337375796
2021-04-22 10:00:00,1431A,JQLH,96.0,288.34433391028705,-192.34433391028705
2021-04-22 11:00:00,1431A,JQLH,93.0,289.9819521808118,-196.9819521808118
2021-04-22 12:00:00,1431A,JQLH,99.0,290.50858856878574,-191.50858856878574
2021-04-22 13:00:00,1431A,JQLH,101.0,288.80708868907925,-187.80708868907925
2021-04-22 14:00:00,1431A,JQLH,97.0,286.9674217849897,-189.9674217849897
2021-04-22 15:00:00,1431A,JQLH,104.0,286.34580690102626,-182.34580690102626
2021-04-22 16:00:00,1431A,JQLH,113.0,285.0404166177254,-172.04041661772538
2021-04-22 17:00:00,1431A,JQLH,107.0,284.62663675335676,-177.62663675335676
2021-04-22 18:00:00,1431A,JQLH,117.0,284.2517740090857,-167.2517740090857
2021-04-22 19:00:00,1431A,JQLH,127.0,286.5215846115981,-159.5215846115981
2021-04-22 20:00:00,1431A,JQLH,121.0,288.37314331494804,-167.37314331494804
2021-04-22 21:00:00,1431A,JQLH,,290.3892384431473,
2021-04-22 22:00:00,1431A,JQLH,104.0,291.11643231675873,-187.11643231675873
2021-04-22 23:00:00,1431A,JQLH,103.0,292.1492062725594,-189.1492062725594
2021-04-23 00:00:00,1431A,JQLH,103.0,292.3052097996982,-189.30520979969822
2021-04-23 01:00:00,1431A,JQLH,93.0,291.1353291292655,-198.13532912926547
2021-04-23 02:00:00,1431A,JQLH,89.0,290.5438259493372,-201.5438259493372
2021-04-23 03:00:00,1431A,JQLH,89.0,289.4975886885344,-200.4975886885344
2021-04-23 04:00:00,1431A,JQLH,91.0,288.40476810900617,-197.40476810900617
2021-04-23 05:00:00,1431A,JQLH,94.0,288.76409813063106,-194.76409813063106
2021-04-23 06:00:00,1431A,JQLH,95.0,288.74300233044556,-193.74300233044556
2021-04-23 07:00:00,1431A,JQLH,86.0,288.0053094659758,-202.0053094659758
2021-04-23 08:00:00,1431A,JQLH,77.0,287.99152202280055,-210.99152202280055
2021-04-23 09:00:00,1431A,JQLH,74.0,288.5070002978483,-214.50700029784832
2021-04-23 10:00:00,1431A,JQLH,64.0,289.7525308343774,-225.7525308343774
2021-04-23 11:00:00,1431A,JQLH,59.0,291.39014910490215,-232.39014910490215
2021-04-23 12:00:00,1431A,JQLH,39.0,291.9167854928761,-252.9167854928761
2021-04-23 13:00:00,1431A,JQLH,40.0,290.2152856131696,-250.2152856131696
2021-04-23 14:00:00,1431A,JQLH,48.0,288.3756187090801,-240.37561870908007
2021-04-23 15:00:00,1431A,JQLH,55.0,287.7540038251166,-232.75400382511663
2021-04-23 16:00:00,1431A,JQLH,63.0,286.44861354181575,-223.44861354181575
2021-04-23 17:00:00,1431A,JQLH,51.0,286.0348336774471,-235.03483367744712
2021-04-23 18:00:00,1431A,JQLH,38.0,285.65997093317606,-247.65997093317606
2021-04-23 19:00:00,1431A,JQLH,27.0,287.92978153568845,-260.92978153568845
2021-04-23 20:00:00,1431A,JQLH,16.0,289.7813402390384,-273.7813402390384
2021-04-23 21:00:00,1431A,JQLH,8.0,291.79743536723765,-283.79743536723765
2021-04-23 22:00:00,1431A,JQLH,7.0,292.5246292408491,-285.5246292408491
2021-04-23 23:00:00,1431A,JQLH,6.0,293.5574031966498,-287.5574031966498
2021-04-24 00:00:00,1431A,JQLH,5.0,293.7134067237886,-288.7134067237886
2021-04-24 01:00:00,1431A,JQLH,6.0,292.54352605335583,-286.54352605335583
2021-04-24 02:00:00,1431A,JQLH,8.0,291.95202287342755,-283.95202287342755
2021-04-24 03:00:00,1431A,JQLH,5.0,290.90578561262475,-285.90578561262475
2021-04-24 04:00:00,1431A,JQLH,4.0,289.81296503309653,-285.81296503309653
2021-04-24 05:00:00,1431A,JQLH,5.0,290.1722950547214,-285.1722950547214
2021-04-24 06:00:00,1431A,JQLH,10.0,290.1511992545359,-280.1511992545359
2021-04-24 07:00:00,1431A,JQLH,12.0,289.4135063900662,-277.4135063900662
2021-04-24 08:00:00,1431A,JQLH,6.0,289.3997189468909,-283.3997189468909
2021-04-24 09:00:00,1431A,JQLH,6.0,289.9151972219387,-283.9151972219387
2021-04-24 10:00:00,1431A,JQLH,5.0,291.1607277584678,-286.1607277584678
2021-04-24 11:00:00,1431A,JQLH,5.0,292.7983460289925,-287.7983460289925
2021-04-24 12:00:00,1431A,JQLH,6.0,293.32498241696646,-287.32498241696646
2021-04-24 13:00:00,1431A,JQLH,9.0,291.62348253726,-282.62348253726
2021-04-24 14:00:00,1431A,JQLH,13.0,289.78381563317043,-276.78381563317043
2021-04-24 15:00:00,1431A,JQLH,17.0,289.162200749207,-272.162200749207
2021-04-24 16:00:00,1431A,JQLH,13.0,287.8568104659061,-274.8568104659061
2021-04-24 17:00:00,1431A,JQLH,12.0,287.4430306015375,-275.4430306015375
2021-04-24 18:00:00,1431A,JQLH,13.0,287.0681678572664,-274.0681678572664
2021-04-24 19:00:00,1431A,JQLH,16.0,289.3379784597788,-273.3379784597788
2021-04-24 20:00:00,1431A,JQLH,22.0,291.18953716312876,-269.18953716312876
2021-04-24 21:00:00,1431A,JQLH,30.0,293.205632291328,-263.205632291328
2021-04-24 22:00:00,1431A,JQLH,20.0,293.93282616493946,-273.93282616493946
2021-04-24 23:00:00,1431A,JQLH,7.0,294.96560012074013,-287.96560012074013
2021-04-25 00:00:00,1431A,JQLH,7.0,295.12160364787894,-288.12160364787894
2021-04-25 01:00:00,1431A,JQLH,8.0,293.9517229774462,-285.9517229774462
2021-04-25 02:00:00,1431A,JQLH,10.0,293.3602197975179,-283.3602197975179
2021-04-25 03:00:00,1431A,JQLH,7.0,292.3139825367151,-285.3139825367151
2021-04-25 04:00:00,1431A,JQLH,7.0,291.2211619571869,-284.2211619571869
2021-04-25 05:00:00,1431A,JQLH,7.0,291.5804919788118,-284.5804919788118
2021-04-25 06:00:00,1431A,JQLH,5.0,291.5593961786263,-286.5593961786263
2021-04-25 07:00:00,1431A,JQLH,8.0,290.82170331415654,-282.82170331415654
2021-04-25 08:00:00,1431A,JQLH,7.0,290.8079158709813,-283.8079158709813
2021-04-25 09:00:00,1431A,JQLH,7.0,291.32339414602905,-284.32339414602905
2021-04-25 10:00:00,1431A,JQLH,7.0,292.56892468255813,-285.56892468255813
2021-04-25 11:00:00,1431A,JQLH,7.0,294.2065429530829,-287.2065429530829
2021-04-25 12:00:00,1431A,JQLH,7.0,294.7331793410568,-287.7331793410568
2021-04-25 13:00:00,1431A,JQLH,8.0,293.03167946135034,-285.03167946135034
2021-04-25 14:00:00,1431A,JQLH,6.0,291.1920125572608,-285.1920125572608
2021-04-25 15:00:00,1431A,JQLH,5.0,290.57039767329735,-285.57039767329735
2021-04-25 16:00:00,1431A,JQLH,6.0,289.26500738999647,-283.26500738999647
2021-04-25 17:00:00,1431A,JQLH,6.0,288.85122752562785,-282.85122752562785
2021-04-25 18:00:00,1431A,JQLH,7.0,288.4763647813568,-281.4763647813568
2021-04-25 19:00:00,1431A,JQLH,6.0,290.7461753838692,-284.7461753838692
2021-04-25 20:00:00,1431A,JQLH,7.0,292.5977340872191,-285.5977340872191
2021-04-25 21:00:00,1431A,JQLH,8.0,294.6138292154184,-286.6138292154184
2021-04-25 22:00:00,1431A,JQLH,10.0,295.3410230890298,-285.3410230890298
2021-04-25 23:00:00,1431A,JQLH,10.0,296.3737970448305,-286.3737970448305
2021-04-26 00:00:00,1431A,JQLH,7.0,296.5298005719693,-289.5298005719693
2021-04-26 01:00:00,1431A,JQLH,8.0,295.35991990153656,-287.35991990153656
2021-04-26 02:00:00,1431A,JQLH,15.0,294.7684167216083,-279.7684167216083
2021-04-26 03:00:00,1431A,JQLH,16.0,293.7221794608055,-277.7221794608055
2021-04-26 04:00:00,1431A,JQLH,15.0,292.62935888127726,-277.62935888127726
2021-04-26 05:00:00,1431A,JQLH,13.0,292.98868890290214,-279.98868890290214
2021-04-26 06:00:00,1431A,JQLH,16.0,292.96759310271665,-276.96759310271665
2021-04-26 07:00:00,1431A,JQLH,25.0,292.2299002382469,-267.2299002382469
2021-04-26 08:00:00,1431A,JQLH,37.0,292.21611279507164,-255.21611279507164
2021-04-26 09:00:00,1431A,JQLH,38.0,292.7315910701194,-254.7315910701194
2021-04-26 10:00:00,1431A,JQLH,31.0,293.9771216066485,-262.9771216066485
2021-04-26 11:00:00,1431A,JQLH,24.0,295.61473987717324,-271.61473987717324
2021-04-26 12:00:00,1431A,JQLH,28.0,296.1413762651472,-268.1413762651472
2021-04-26 13:00:00,1431A,JQLH,21.0,294.4398763854407,-273.4398763854407
2021-04-26 14:00:00,1431A,JQLH,20.0,292.60020948135116,-272.60020948135116
2021-04-26 15:00:00,1431A,JQLH,19.0,291.9785945973877,-272.9785945973877
2021-04-26 16:00:00,1431A,JQLH,22.0,290.67320431408683,-268.67320431408683
2021-04-26 17:00:00,1431A,JQLH,21.0,290.2594244497182,-269.2594244497182
2021-04-26 18:00:00,1431A,JQLH,21.0,289.88456170544714,-268.88456170544714
2021-04-26 19:00:00,1431A,JQLH,21.0,292.15437230795953,-271.15437230795953
2021-04-26 20:00:00,1431A,JQLH,22.0,294.0059310113095,-272.0059310113095
2021-04-26 21:00:00,1431A,JQLH,37.0,296.02202613950874,-259.02202613950874
2021-04-26 22:00:00,1431A,JQLH,35.0,296.7492200131202,-261.7492200131202
2021-04-26 23:00:00,1431A,JQLH,39.0,297.78199396892086,-258.78199396892086
2021-04-27 00:00:00,1431A,JQLH,52.0,297.93799749605967,-245.93799749605967
2021-04-27 01:00:00,1431A,JQLH,54.0,296.7681168256269,-242.76811682562692
2021-04-27 02:00:00,1431A,JQLH,51.0,296.17661364569864,-245.17661364569864
2021-04-27 03:00:00,1431A,JQLH,40.0,295.13037638489584,-255.13037638489584
2021-04-27 04:00:00,1431A,JQLH,39.0,294.0375558053676,-255.03755580536762
2021-04-27 05:00:00,1431A,JQLH,35.0,294.3968858269925,-259.3968858269925
2021-04-27 06:00:00,1431A,JQLH,38.0,294.375790026807,-256.375790026807
2021-04-27 07:00:00,1431A,JQLH,36.0,293.63809716233726,-257.63809716233726
2021-04-27 08:00:00,1431A,JQLH,31.0,293.624309719162,-262.624309719162
2021-04-27 09:00:00,1431A,JQLH,33.0,294.13978799420977,-261.13978799420977
2021-04-27 10:00:00,1431A,JQLH,23.0,295.38531853073886,-272.38531853073886
2021-04-27 11:00:00,1431A,JQLH,33.0,297.0229368012636,-264.0229368012636
2021-04-27 12:00:00,1431A,JQLH,43.0,297.54957318923755,-254.54957318923755
2021-04-27 13:00:00,1431A,JQLH,36.0,295.84807330953106,-259.84807330953106
2021-04-27 14:00:00,1431A,JQLH,32.0,294.0084064054415,-262.0084064054415
2021-04-27 15:00:00,1431A,JQLH,18.0,293.3867915214781,-275.3867915214781
2021-04-27 16:00:00,1431A,JQLH,16.0,292.0814012381772,-276.0814012381772
2021-04-27 17:00:00,1431A,JQLH,17.0,291.6676213738086,-274.6676213738086
2021-04-27 18:00:00,1431A,JQLH,35.0,291.2927586295375,-256.2927586295375
2021-04-27 19:00:00,1431A,JQLH,45.0,293.5625692320499,-248.5625692320499
2021-04-27 20:00:00,1431A,JQLH,60.0,295.41412793539985,-235.41412793539985
2021-04-27 21:00:00,1431A,JQLH,62.0,297.4302230635991,-235.4302230635991
2021-04-27 22:00:00,1431A,JQLH,40.0,298.15741693721054,-258.15741693721054
2021-04-27 23:00:00,1431A,JQLH,30.0,299.1901908930112,-269.1901908930112
2021-04-28 00:00:00,1431A,JQLH,16.0,299.34619442015,-283.34619442015
2021-04-28 01:00:00,1431A,JQLH,16.0,298.1763137497173,-282.1763137497173
2021-04-28 02:00:00,1431A,JQLH,15.0,297.584810569789,-282.584810569789
2021-04-28 03:00:00,1431A,JQLH,11.0,296.5385733089862,-285.5385733089862
2021-04-28 04:00:00,1431A,JQLH,12.0,295.445752729458,-283.445752729458
2021-04-28 05:00:00,1431A,JQLH,19.0,295.80508275108286,-276.80508275108286
2021-04-28 06:00:00,1431A,JQLH,25.0,295.7839869508974,-270.7839869508974
2021-04-28 07:00:00,1431A,JQLH,25.0,295.0462940864276,-270.0462940864276
2021-04-28 08:00:00,1431A,JQLH,25.0,295.03250664325236,-270.03250664325236
2021-04-28 09:00:00,1431A,JQLH,24.0,295.54798491830013,-271.54798491830013
2021-04-28 10:00:00,1431A,JQLH,26.0,296.7935154548292,-270.7935154548292
2021-04-28 11:00:00,1431A,JQLH,32.0,298.43113372535396,-266.43113372535396
2021-04-28 12:00:00,1431A,JQLH,31.0,298.9577701133279,-267.9577701133279
2021-04-28 13:00:00,1431A,JQLH,26.0,297.2562702336214,-271.2562702336214
2021-04-28 14:00:00,1431A,JQLH,23.0,295.4166033295319,-272.4166033295319
2021-04-28 15:00:00,1431A,JQLH,25.0,294.79498844556844,-269.79498844556844
2021-04-28 16:00:00,1431A,JQLH,25.0,293.48959816226755,-268.48959816226755
2021-04-28 17:00:00,1431A,JQLH,23.0,293.07581829789893,-270.07581829789893
2021-04-28 18:00:00,1431A,JQLH,21.0,292.70095555362786,-271.70095555362786
2021-04-28 19:00:00,1431A,JQLH,21.0,294.97076615614026,-273.97076615614026
2021-04-28 20:00:00,1431A,JQLH,28.0,296.8223248594902,-268.8223248594902
2021-04-28 21:00:00,1431A,JQLH,34.0,298.83841998768946,-264.83841998768946
2021-04-28 22:00:00,1431A,JQLH,34.0,299.5656138613009,-265.5656138613009
2021-04-28 23:00:00,1431A,JQLH,33.0,300.5983878171016,-267.5983878171016
2021-04-29 00:00:00,1431A,JQLH,33.0,300.7543913442404,-267.7543913442404
2021-04-29 01:00:00,1431A,JQLH,34.0,299.58451067380764,-265.58451067380764
2021-04-29 02:00:00,1431A,JQLH,33.0,298.99300749387936,-265.99300749387936
2021-04-29 03:00:00,1431A,JQLH,34.0,297.94677023307656,-263.94677023307656
2021-04-29 04:00:00,1431A,JQLH,36.0,296.85394965354834,-260.85394965354834
2021-04-29 05:00:00,1431A,JQLH,42.0,297.2132796751732,-255.21327967517323
2021-04-29 06:00:00,1431A,JQLH,44.0,297.19218387498773,-253.19218387498773
2021-04-29 07:00:00,1431A,JQLH,45.0,296.454491010518,-251.45449101051798
2021-04-29 08:00:00,1431A,JQLH,44.0,296.4407035673427,-252.44070356734272
2021-04-29 09:00:00,1431A,JQLH,44.0,296.9561818423905,-252.9561818423905
2021-04-29 10:00:00,1431A,JQLH,45.0,298.2017123789196,-253.20171237891958
2021-04-29 11:00:00,1431A,JQLH,30.0,299.8393306494443,-269.8393306494443
2021-04-29 12:00:00,1431A,JQLH,18.0,300.3659670374183,-282.3659670374183
2021-04-29 13:00:00,1431A,JQLH,17.0,298.6644671577118,-281.6644671577118
2021-04-29 14:00:00,1431A,JQLH,19.0,296.82480025362224,-277.82480025362224
2021-04-29 15:00:00,1431A,JQLH,13.0,296.2031853696588,-283.2031853696588
2021-04-29 16:00:00,1431A,JQLH,11.0,294.8977950863579,-283.8977950863579
2021-04-29 17:00:00,1431A,JQLH,12.0,294.4840152219893,-282.4840152219893
2021-04-29 18:00:00,1431A,JQLH,13.0,294.1091524777182,-281.1091524777182
2021-04-29 19:00:00,1431A,JQLH,14.0,296.3789630802306,-282.3789630802306
2021-04-29 20:00:00,1431A,JQLH,15.0,298.23052178358057,-283.23052178358057
2021-04-29 21:00:00,1431A,JQLH,18.0,300.2466169117798,-282.2466169117798
2021-04-29 22:00:00,1431A,JQLH,23.0,300.97381078539127,-277.97381078539127
2021-04-29 23:00:00,1431A,JQLH,31.0,302.00658474119194,-271.00658474119194
2021-04-30 00:00:00,1431A,JQLH,43.0,302.16258826833075,-259.16258826833075
2021-04-30 01:00:00,1431A,JQLH,70.0,300.992707597898,-230.992707597898
2021-04-30 02:00:00,1431A,JQLH,74.0,300.4012044179697,-226.40120441796972
2021-04-30 03:00:00,1431A,JQLH,74.0,299.3549671571669,-225.35496715716693
2021-04-30 04:00:00,1431A,JQLH,72.0,298.2621465776387,-226.2621465776387
2021-04-30 05:00:00,1431A,JQLH,74.0,298.6214765992636,-224.6214765992636
2021-04-30 06:00:00,1431A,JQLH,72.0,298.6003807990781,-226.6003807990781
2021-04-30 07:00:00,1431A,JQLH,70.0,297.86268793460835,-227.86268793460835
2021-04-30 08:00:00,1431A,JQLH,63.0,297.8489004914331,-234.84890049143308
2021-04-30 09:00:00,1431A,JQLH,50.0,298.36437876648085,-248.36437876648085
2021-04-30 10:00:00,1431A,JQLH,53.0,299.60990930300994,-246.60990930300994
2021-04-30 11:00:00,1431A,JQLH,37.0,301.2475275735347,-264.2475275735347
2021-04-30 12:00:00,1431A,JQLH,37.0,301.77416396150863,-264.77416396150863
2021-04-30 13:00:00,1431A,JQLH,34.0,300.07266408180215,-266.07266408180215
2021-04-30 14:00:00,1431A,JQLH,32.0,298.2329971777126,-266.2329971777126
2021-04-30 15:00:00,1431A,JQLH,35.0,297.61138229374916,-262.61138229374916
2021-04-30 16:00:00,1431A,JQLH,36.0,296.3059920104483,-260.3059920104483
2021-04-30 17:00:00,1431A,JQLH,33.0,295.89221214607966,-262.89221214607966
2021-04-30 18:00:00,1431A,JQLH,31.0,295.5173494018086,-264.5173494018086
2021-04-30 19:00:00,1431A,JQLH,29.0,297.787160004321,-268.787160004321
2021-04-30 20:00:00,1431A,JQLH,31.0,299.63871870767093,-268.63871870767093
2021-04-30 21:00:00,1431A,JQLH,38.0,301.6548138358702,-263.6548138358702
2021-04-30 22:00:00,1431A,JQLH,45.0,302.3820077094816,-257.3820077094816
2021-04-30 23:00:00,1431A,JQLH,48.0,303.4147816652823,-255.4147816652823
2021-05-01 00:00:00,1431A,JQLH,82.0,303.5707851924211,-221.5707851924211
2021-05-01 01:00:00,1431A,JQLH,91.0,302.40090452198837,-211.40090452198837
2021-05-01 02:00:00,1431A,JQLH,86.0,301.8094013420601,-215.80940134206008
2021-05-01 03:00:00,1431A,JQLH,81.0,300.7631640812573,-219.7631640812573
2021-05-01 04:00:00,1431A,JQLH,77.0,299.67034350172906,-222.67034350172906
2021-05-01 05:00:00,1431A,JQLH,72.0,300.02967352335395,-228.02967352335395
2021-05-01 06:00:00,1431A,JQLH,71.0,300.00857772316846,-229.00857772316846
2021-05-01 07:00:00,1431A,JQLH,69.0,299.2708848586987,-230.2708848586987
2021-05-01 08:00:00,1431A,JQLH,64.0,299.25709741552345,-235.25709741552345
2021-05-01 09:00:00,1431A,JQLH,40.0,299.7725756905712,-259.7725756905712
2021-05-01 10:00:00,1431A,JQLH,38.0,301.0181062271003,-263.0181062271003
2021-05-01 11:00:00,1431A,JQLH,29.0,302.65572449762504,-273.65572449762504
2021-05-01 12:00:00,1431A,JQLH,23.0,303.182360885599,-280.182360885599
2021-05-01 13:00:00,1431A,JQLH,30.0,301.4808610058925,-271.4808610058925
2021-05-01 14:00:00,1431A,JQLH,33.0,299.64119410180297,-266.64119410180297
2021-05-01 15:00:00,1431A,JQLH,37.0,299.0195792178395,-262.0195792178395
2021-05-01 16:00:00,1431A,JQLH,37.0,297.71418893453864,-260.71418893453864
2021-05-01 17:00:00,1431A,JQLH,34.0,297.30040907017,-263.30040907017
2021-05-01 18:00:00,1431A,JQLH,38.0,296.92554632589895,-258.92554632589895
2021-05-01 19:00:00,1431A,JQLH,37.0,299.19535692841134,-262.19535692841134
2021-05-01 20:00:00,1431A,JQLH,40.0,301.0469156317613,-261.0469156317613
2021-05-01 21:00:00,1431A,JQLH,50.0,303.06301075996055,-253.06301075996055
2021-05-01 22:00:00,1431A,JQLH,49.0,303.790204633572,-254.790204633572
2021-05-01 23:00:00,1431A,JQLH,60.0,304.82297858937267,-244.82297858937267
2021-05-02 00:00:00,1431A,JQLH,56.0,304.9789821165115,-248.97898211651147
2021-05-02 01:00:00,1431A,JQLH,59.0,303.8091014460787,-244.80910144607873
2021-05-02 02:00:00,1431A,JQLH,57.0,303.21759826615045,-246.21759826615045
2021-05-02 03:00:00,1431A,JQLH,61.0,302.17136100534765,-241.17136100534765
2021-05-02 04:00:00,1431A,JQLH,95.0,301.0785404258194,-206.07854042581943
2021-05-02 05:00:00,1431A,JQLH,85.0,301.4378704474443,-216.4378704474443
2021-05-02 06:00:00,1431A,JQLH,72.0,301.4167746472588,-229.41677464725882
2021-05-02 07:00:00,1431A,JQLH,65.0,300.67908178278907,-235.67908178278907
2021-05-02 08:00:00,1431A,JQLH,55.0,300.6652943396138,-245.6652943396138
2021-05-02 09:00:00,1431A,JQLH,65.0,301.1807726146616,-236.18077261466158
2021-05-02 10:00:00,1431A,JQLH,59.0,302.42630315119067,-243.42630315119067
2021-05-02 11:00:00,1431A,JQLH,44.0,304.0639214217154,-260.0639214217154
2021-05-02 12:00:00,1431A,JQLH,39.0,304.59055780968936,-265.59055780968936
2021-05-02 13:00:00,1431A,JQLH,39.0,302.88905792998287,-263.88905792998287
2021-05-02 14:00:00,1431A,JQLH,40.0,301.0493910258933,-261.0493910258933
2021-05-02 15:00:00,1431A,JQLH,41.0,300.4277761419299,-259.4277761419299
2021-05-02 16:00:00,1431A,JQLH,44.0,299.122385858629,-255.122385858629
2021-05-02 17:00:00,1431A,JQLH,43.0,298.7086059942604,-255.70860599426038
2021-05-02 18:00:00,1431A,JQLH,42.0,298.3337432499893,-256.3337432499893
2021-05-02 19:00:00,1431A,JQLH,41.0,300.6035538525017,-259.6035538525017
2021-05-02 20:00:00,1431A,JQLH,43.0,302.45511255585166,-259.45511255585166
2021-05-02 21:00:00,1431A,JQLH,52.0,304.4712076840509,-252.4712076840509
2021-05-02 22:00:00,1431A,JQLH,58.0,305.19840155766235,-247.19840155766235
2021-05-02 23:00:00,1431A,JQLH,64.0,306.23117551346303,-242.23117551346303
2021-05-03 00:00:00,1431A,JQLH,70.0,306.38717904060184,-236.38717904060184
2021-05-03 01:00:00,1431A,JQLH,61.0,305.2172983701691,-244.2172983701691
2021-05-03 02:00:00,1431A,JQLH,63.0,304.6257951902408,-241.6257951902408
2021-05-03 03:00:00,1431A,JQLH,63.0,303.579557929438,-240.579557929438
2021-05-03 04:00:00,1431A,JQLH,34.0,302.4867373499098,-268.4867373499098
2021-05-03 05:00:00,1431A,JQLH,25.0,302.8460673715347,-277.8460673715347
2021-05-03 06:00:00,1431A,JQLH,22.0,302.8249715713492,-280.8249715713492
2021-05-03 07:00:00,1431A,JQLH,23.0,302.08727870687943,-279.08727870687943
2021-05-03 08:00:00,1431A,JQLH,21.0,302.07349126370417,-281.07349126370417
2021-05-03 09:00:00,1431A,JQLH,23.0,302.58896953875194,-279.58896953875194
2021-05-03 10:00:00,1431A,JQLH,20.0,303.834500075281,-283.834500075281
2021-05-03 11:00:00,1431A,JQLH,18.0,305.47211834580577,-287.47211834580577
2021-05-03 12:00:00,1431A,JQLH,22.0,305.9987547337797,-283.9987547337797
2021-05-03 13:00:00,1431A,JQLH,24.0,304.29725485407323,-280.29725485407323
2021-05-03 14:00:00,1431A,JQLH,26.0,302.4575879499837,-276.4575879499837
2021-05-03 15:00:00,1431A,JQLH,26.0,301.83597306602024,-275.83597306602024
2021-05-03 16:00:00,1431A,JQLH,28.0,300.53058278271936,-272.53058278271936
2021-05-03 17:00:00,1431A,JQLH,27.0,300.11680291835074,-273.11680291835074
2021-05-03 18:00:00,1431A,JQLH,26.0,299.7419401740797,-273.7419401740797
2021-05-03 19:00:00,1431A,JQLH,23.0,302.01175077659207,-279.01175077659207
2021-05-03 20:00:00,1431A,JQLH,28.0,303.863309479942,-275.863309479942
2021-05-03 21:00:00,1431A,JQLH,39.0,305.8794046081413,-266.8794046081413
2021-05-03 22:00:00,1431A,JQLH,39.0,306.6065984817527,-267.6065984817527
2021-05-03 23:00:00,1431A,JQLH,46.0,307.6393724375534,-261.6393724375534
2021-05-04 00:00:00,1431A,JQLH,48.0,307.7953759646922,-259.7953759646922
2021-05-04 01:00:00,1431A,JQLH,45.0,306.62549529425945,-261.62549529425945
2021-05-04 02:00:00,1431A,JQLH,51.0,306.03399211433117,-255.03399211433117
2021-05-04 03:00:00,1431A,JQLH,29.0,304.9877548535284,-275.9877548535284
2021-05-04 04:00:00,1431A,JQLH,23.0,303.89493427400015,-280.89493427400015
2021-05-04 05:00:00,1431A,JQLH,22.0,304.25426429562503,-282.25426429562503
2021-05-04 06:00:00,1431A,JQLH,22.0,304.23316849543954,-282.23316849543954
2021-05-04 07:00:00,1431A,JQLH,28.0,303.4954756309698,-275.4954756309698
2021-05-04 08:00:00,1431A,JQLH,31.0,303.48168818779453,-272.48168818779453
2021-05-04 09:00:00,1431A,JQLH,32.0,303.9971664628423,-271.9971664628423
2021-05-04 10:00:00,1431A,JQLH,32.0,305.2426969993714,-273.2426969993714
2021-05-04 11:00:00,1431A,JQLH,35.0,306.88031526989613,-271.88031526989613
2021-05-04 12:00:00,1431A,JQLH,,307.4069516578701,
2021-05-04 13:00:00,1431A,JQLH,34.0,305.7054517781636,-271.7054517781636
2021-05-04 14:00:00,1431A,JQLH,31.0,303.86578487407405,-272.86578487407405
2021-05-04 15:00:00,1431A,JQLH,31.0,303.2441699901106,-272.2441699901106
2021-05-04 16:00:00,1431A,JQLH,32.0,301.9387797068097,-269.9387797068097
2021-05-04 17:00:00,1431A,JQLH,30.0,301.5249998424411,-271.5249998424411
2021-05-04 18:00:00,1431A,JQLH,31.0,301.15013709817003,-270.15013709817003
2021-05-04 19:00:00,1431A,JQLH,32.0,303.4199477006824,-271.4199477006824
2021-05-04 20:00:00,1431A,JQLH,41.0,305.2715064040324,-264.2715064040324
2021-05-04 21:00:00,1431A,JQLH,45.0,307.28760153223163,-262.28760153223163
2021-05-04 22:00:00,1431A,JQLH,46.0,308.0147954058431,-262.0147954058431
2021-05-04 23:00:00,1431A,JQLH,45.0,309.04756936164375,-264.04756936164375
2021-05-05 00:00:00,1431A,JQLH,40.0,309.20357288878256,-269.20357288878256
2021-05-05 01:00:00,1431A,JQLH,34.0,308.0336922183498,-274.0336922183498
2021-05-05 02:00:00,1431A,JQLH,31.0,307.44218903842153,-276.44218903842153
2021-05-05 03:00:00,1431A,JQLH,30.0,306.39595177761873,-276.39595177761873
2021-05-05 04:00:00,1431A,JQLH,30.0,305.3031311980905,-275.3031311980905
2021-05-05 05:00:00,1431A,JQLH,32.0,305.6624612197154,-273.6624612197154
2021-05-05 06:00:00,1431A,JQLH,35.0,305.6413654195299,-270.6413654195299
2021-05-05 07:00:00,1431A,JQLH,35.0,304.90367255506015,-269.90367255506015
2021-05-05 08:00:00,1431A,JQLH,38.0,304.8898851118849,-266.8898851118849
2021-05-05 09:00:00,1431A,JQLH,42.0,305.40536338693266,-263.40536338693266
2021-05-05 10:00:00,1431A,JQLH,39.0,306.65089392346175,-267.65089392346175
2021-05-05 11:00:00,1431A,JQLH,41.0,308.2885121939865,-267.2885121939865
2021-05-05 12:00:00,1431A,JQLH,42.0,308.81514858196044,-266.81514858196044
2021-05-05 13:00:00,1431A,JQLH,68.0,307.11364870225395,-239.11364870225395
2021-05-05 14:00:00,1431A,JQLH,50.0,305.2739817981644,-255.2739817981644
2021-05-05 15:00:00,1431A,JQLH,41.0,304.65236691420097,-263.65236691420097
2021-05-05 16:00:00,1431A,JQLH,39.0,303.3469766309001,-264.3469766309001
2021-05-05 17:00:00,1431A,JQLH,40.0,302.93319676653147,-262.93319676653147
2021-05-05 18:00:00,1431A,JQLH,41.0,302.5583340222604,-261.5583340222604
2021-05-05 19:00:00,1431A,JQLH,42.0,304.8281446247728,-262.8281446247728
2021-05-05 20:00:00,1431A,JQLH,44.0,306.67970332812274,-262.67970332812274
2021-05-05 21:00:00,1431A,JQLH,44.0,308.695798456322,-264.695798456322
2021-05-05 22:00:00,1431A,JQLH,45.0,309.42299232993344,-264.42299232993344
2021-05-05 23:00:00,1431A,JQLH,47.0,310.4557662857341,-263.4557662857341
2021-05-06 00:00:00,1431A,JQLH,43.0,310.6117698128729,-267.6117698128729
2021-05-06 01:00:00,1431A,JQLH,46.0,309.4418891424402,-263.4418891424402
2021-05-06 02:00:00,1431A,JQLH,50.0,308.8503859625119,-258.8503859625119
2021-05-06 03:00:00,1431A,JQLH,50.0,307.8041487017091,-257.8041487017091
2021-05-06 04:00:00,1431A,JQLH,46.0,306.7113281221809,-260.7113281221809
2021-05-06 05:00:00,1431A,JQLH,57.0,307.07065814380576,-250.07065814380576
2021-05-06 06:00:00,1431A,JQLH,60.0,307.04956234362027,-247.04956234362027
2021-05-06 07:00:00,1431A,JQLH,56.0,306.3118694791505,-250.31186947915052
2021-05-06 08:00:00,1431A,JQLH,56.0,306.29808203597526,-250.29808203597526
2021-05-06 09:00:00,1431A,JQLH,52.0,306.813560311023,-254.81356031102302
2021-05-06 10:00:00,1431A,JQLH,46.0,308.0590908475521,-262.0590908475521
2021-05-06 11:00:00,1431A,JQLH,45.0,309.69670911807685,-264.69670911807685
2021-05-06 12:00:00,1431A,JQLH,45.0,310.2233455060508,-265.2233455060508
2021-05-06 13:00:00,1431A,JQLH,48.0,308.5218456263443,-260.5218456263443
2021-05-06 14:00:00,1431A,JQLH,57.0,306.6821787222548,-249.68217872225478
2021-05-06 15:00:00,1431A,JQLH,56.0,306.06056383829133,-250.06056383829133
2021-05-06 16:00:00,1431A,JQLH,53.0,304.75517355499045,-251.75517355499045
2021-05-06 17:00:00,1431A,JQLH,51.0,304.3413936906218,-253.34139369062183
2021-05-06 18:00:00,1431A,JQLH,49.0,303.96653094635076,-254.96653094635076
2021-05-06 19:00:00,1431A,JQLH,50.0,306.23634154886315,-256.23634154886315
2021-05-06 20:00:00,1431A,JQLH,47.0,308.0879002522131,-261.0879002522131
2021-05-06 21:00:00,1431A,JQLH,38.0,310.10399538041236,-272.10399538041236
2021-05-06 22:00:00,1431A,JQLH,40.0,310.8311892540238,-270.8311892540238
2021-05-06 23:00:00,1431A,JQLH,42.0,311.8639632098245,-269.8639632098245
2021-05-07 00:00:00,1431A,JQLH,39.0,312.0199667369633,-273.0199667369633
2021-05-07 01:00:00,1431A,JQLH,38.0,310.85008606653054,-272.85008606653054
2021-05-07 02:00:00,1431A,JQLH,40.0,310.25858288660226,-270.25858288660226
2021-05-07 03:00:00,1431A,JQLH,44.0,309.21234562579946,-265.21234562579946
2021-05-07 04:00:00,1431A,JQLH,53.0,308.11952504627124,-255.11952504627124
2021-05-07 05:00:00,1431A,JQLH,57.0,308.4788550678961,-251.47885506789612
2021-05-07 06:00:00,1431A,JQLH,55.0,308.4577592677106,-253.45775926771063
2021-05-07 07:00:00,1431A,JQLH,54.0,307.7200664032409,-253.72006640324088
2021-05-07 08:00:00,1431A,JQLH,53.0,307.7062789600656,-254.70627896006562
2021-05-07 09:00:00,1431A,JQLH,58.0,308.2217572351134,-250.2217572351134
2021-05-07 10:00:00,1431A,JQLH,74.0,309.4672877716425,-235.46728777164248
2021-05-07 11:00:00,1431A,JQLH,71.0,311.1049060421672,-240.10490604216722
2021-05-07 12:00:00,1431A,JQLH,66.0,311.63154243014117,-245.63154243014117
2021-05-07 13:00:00,1431A,JQLH,57.0,309.9300425504347,-252.93004255043468
2021-05-07 14:00:00,1431A,JQLH,52.0,308.09037564634514,-256.09037564634514
2021-05-07 15:00:00,1431A,JQLH,50.0,307.4687607623817,-257.4687607623817
2021-05-07 16:00:00,1431A,JQLH,53.0,306.1633704790808,-253.1633704790808
2021-05-07 17:00:00,1431A,JQLH,40.0,305.7495906147122,-265.7495906147122
2021-05-07 18:00:00,1431A,JQLH,36.0,305.3747278704411,-269.3747278704411
2021-05-07 19:00:00,1431A,JQLH,39.0,307.6445384729535,-268.6445384729535
2021-05-07 20:00:00,1431A,JQLH,40.0,309.49609717630346,-269.49609717630346
2021-05-07 21:00:00,1431A,JQLH,42.0,311.5121923045027,-269.5121923045027
2021-05-07 22:00:00,1431A,JQLH,49.0,312.23938617811416,-263.23938617811416
2021-05-07 23:00:00,1431A,JQLH,46.0,313.27216013391484,-267.27216013391484
2021-05-08 00:00:00,1431A,JQLH,43.0,313.42816366105365,-270.42816366105365
2021-05-08 01:00:00,1431A,JQLH,43.0,312.2582829906209,-269.2582829906209
2021-05-08 02:00:00,1431A,JQLH,41.0,311.6667798106926,-270.6667798106926
2021-05-08 03:00:00,1431A,JQLH,41.0,310.6205425498898,-269.6205425498898
2021-05-08 04:00:00,1431A,JQLH,48.0,309.5277219703616,-261.5277219703616
2021-05-08 05:00:00,1431A,JQLH,53.0,309.8870519919865,-256.8870519919865
2021-05-08 06:00:00,1431A,JQLH,60.0,309.865956191801,-249.865956191801
2021-05-08 07:00:00,1431A,JQLH,65.0,309.12826332733124,-244.12826332733124
2021-05-08 08:00:00,1431A,JQLH,69.0,309.114475884156,-240.11447588415598
2021-05-08 09:00:00,1431A,JQLH,69.0,309.62995415920375,-240.62995415920375
2021-05-08 10:00:00,1431A,JQLH,70.0,310.87548469573284,-240.87548469573284
2021-05-08 11:00:00,1431A,JQLH,64.0,312.5131029662576,-248.51310296625758
2021-05-08 12:00:00,1431A,JQLH,59.0,313.03973935423153,-254.03973935423153
2021-05-08 13:00:00,1431A,JQLH,53.0,311.33823947452504,-258.33823947452504
2021-05-08 14:00:00,1431A,JQLH,57.0,309.4985725704355,-252.4985725704355
2021-05-08 15:00:00,1431A,JQLH,59.0,308.87695768647205,-249.87695768647205
2021-05-08 16:00:00,1431A,JQLH,52.0,307.5715674031712,-255.57156740317117
2021-05-08 17:00:00,1431A,JQLH,42.0,307.15778753880255,-265.15778753880255
2021-05-08 18:00:00,1431A,JQLH,37.0,306.7829247945315,-269.7829247945315
2021-05-08 19:00:00,1431A,JQLH,36.0,309.0527353970439,-273.0527353970439
2021-05-08 20:00:00,1431A,JQLH,38.0,310.9042941003938,-272.9042941003938
2021-05-08 21:00:00,1431A,JQLH,39.0,312.9203892285931,-273.9203892285931
2021-05-08 22:00:00,1431A,JQLH,47.0,313.6475831022045,-266.6475831022045
2021-05-08 23:00:00,1431A,JQLH,50.0,314.6803570580052,-264.6803570580052
2021-05-09 00:00:00,1431A,JQLH,46.0,314.836360585144,-268.836360585144
2021-05-09 01:00:00,1431A,JQLH,52.0,313.66647991471126,-261.66647991471126
2021-05-09 02:00:00,1431A,JQLH,55.0,313.074976734783,-258.074976734783
2021-05-09 03:00:00,1431A,JQLH,58.0,312.0287394739802,-254.02873947398018
2021-05-09 04:00:00,1431A,JQLH,62.0,310.93591889445196,-248.93591889445196
2021-05-09 05:00:00,1431A,JQLH,60.0,311.29524891607684,-251.29524891607684
2021-05-09 06:00:00,1431A,JQLH,58.0,311.27415311589135,-253.27415311589135
2021-05-09 07:00:00,1431A,JQLH,58.0,310.5364602514216,-252.5364602514216
2021-05-09 08:00:00,1431A,JQLH,65.0,310.52267280824634,-245.52267280824634
2021-05-09 09:00:00,1431A,JQLH,77.0,311.0381510832941,-234.0381510832941
2021-05-09 10:00:00,1431A,JQLH,72.0,312.2836816198232,-240.2836816198232
2021-05-09 11:00:00,1431A,JQLH,61.0,313.92129989034794,-252.92129989034794
2021-05-09 12:00:00,1431A,JQLH,60.0,314.4479362783219,-254.4479362783219
2021-05-09 13:00:00,1431A,JQLH,66.0,312.7464363986154,-246.7464363986154
2021-05-09 14:00:00,1431A,JQLH,64.0,310.90676949452586,-246.90676949452586
2021-05-09 15:00:00,1431A,JQLH,57.0,310.2851546105624,-253.28515461056242
2021-05-09 16:00:00,1431A,JQLH,56.0,308.97976432726153,-252.97976432726153
2021-05-09 17:00:00,1431A,JQLH,63.0,308.5659844628929,-245.5659844628929
2021-05-09 18:00:00,1431A,JQLH,62.0,308.19112171862184,-246.19112171862184
2021-05-09 19:00:00,1431A,JQLH,61.0,310.46093232113424,-249.46093232113424
2021-05-09 20:00:00,1431A,JQLH,60.0,312.3124910244842,-252.3124910244842
2021-05-09 21:00:00,1431A,JQLH,70.0,314.32858615268344,-244.32858615268344
2021-05-09 22:00:00,1431A,JQLH,70.0,315.0557800262949,-245.05578002629488
2021-05-09 23:00:00,1431A,JQLH,73.0,316.08855398209556,-243.08855398209556
2021-05-10 00:00:00,1431A,JQLH,79.0,316.24455750923437,-237.24455750923437
2021-05-10 01:00:00,1431A,JQLH,79.0,315.0746768388016,-236.07467683880162
2021-05-10 02:00:00,1431A,JQLH,78.0,314.48317365887334,-236.48317365887334
2021-05-10 03:00:00,1431A,JQLH,90.0,313.43693639807054,-223.43693639807054
2021-05-10 04:00:00,1431A,JQLH,94.0,312.3441158185423,-218.34411581854232
2021-05-10 05:00:00,1431A,JQLH,102.0,312.7034458401672,-210.7034458401672
2021-05-10 06:00:00,1431A,JQLH,80.0,312.6823500399817,-232.6823500399817
2021-05-10 07:00:00,1431A,JQLH,75.0,311.94465717551196,-236.94465717551196
2021-05-10 08:00:00,1431A,JQLH,75.0,311.9308697323367,-236.9308697323367
2021-05-10 09:00:00,1431A,JQLH,80.0,312.4463480073845,-232.44634800738447
2021-05-10 10:00:00,1431A,JQLH,74.0,313.69187854391356,-239.69187854391356
2021-05-10 11:00:00,1431A,JQLH,71.0,315.3294968144383,-244.3294968144383
2021-05-10 12:00:00,1431A,JQLH,75.0,315.85613320241225,-240.85613320241225
2021-05-10 13:00:00,1431A,JQLH,73.0,314.15463332270576,-241.15463332270576
2021-05-10 14:00:00,1431A,JQLH,89.0,312.3149664186162,-223.31496641861622
2021-05-10 15:00:00,1431A,JQLH,41.0,311.6933515346528,-270.6933515346528
2021-05-10 16:00:00,1431A,JQLH,23.0,310.3879612513519,-287.3879612513519
2021-05-10 17:00:00,1431A,JQLH,18.0,309.9741813869833,-291.9741813869833
2021-05-10 18:00:00,1431A,JQLH,18.0,309.5993186427122,-291.5993186427122
2021-05-10 19:00:00,1431A,JQLH,17.0,311.8691292452246,-294.8691292452246
2021-05-10 20:00:00,1431A,JQLH,19.0,313.72068794857455,-294.72068794857455
2021-05-10 21:00:00,1431A,JQLH,22.0,315.7367830767738,-293.7367830767738
2021-05-10 22:00:00,1431A,JQLH,26.0,316.46397695038524,-290.46397695038524
2021-05-10 23:00:00,1431A,JQLH,29.0,317.4967509061859,-288.4967509061859
2021-05-11 00:00:00,1431A,JQLH,37.0,317.65275443332473,-280.65275443332473
2021-05-11 01:00:00,1431A,JQLH,28.0,316.482873762892,-288.482873762892
2021-05-11 02:00:00,1431A,JQLH,19.0,315.8913705829637,-296.8913705829637
2021-05-11 03:00:00,1431A,JQLH,14.0,314.8451333221609,-300.8451333221609
2021-05-11 04:00:00,1431A,JQLH,15.0,313.7523127426327,-298.7523127426327
2021-05-11 05:00:00,1431A,JQLH,17.0,314.11164276425757,-297.11164276425757
2021-05-11 06:00:00,1431A,JQLH,18.0,314.0905469640721,-296.0905469640721
2021-05-11 07:00:00,1431A,JQLH,20.0,313.3528540996023,-293.3528540996023
2021-05-11 08:00:00,1431A,JQLH,24.0,313.33906665642706,-289.33906665642706
2021-05-11 09:00:00,1431A,JQLH,29.0,313.85454493147483,-284.85454493147483
2021-05-11 10:00:00,1431A,JQLH,21.0,315.1000754680039,-294.1000754680039
2021-05-11 11:00:00,1431A,JQLH,18.0,316.73769373852866,-298.73769373852866
2021-05-11 12:00:00,1431A,JQLH,17.0,317.2643301265026,-300.2643301265026
2021-05-11 13:00:00,1431A,JQLH,16.0,315.5628302467961,-299.5628302467961
2021-05-11 14:00:00,1431A,JQLH,16.0,313.7231633427066,-297.7231633427066
2021-05-11 15:00:00,1431A,JQLH,16.0,313.10154845874314,-297.10154845874314
2021-05-11 16:00:00,1431A,JQLH,16.0,311.79615817544226,-295.79615817544226
2021-05-11 17:00:00,1431A,JQLH,,311.38237831107364,
2021-05-11 18:00:00,1431A,JQLH,,311.00751556680257,
2021-05-11 19:00:00,1431A,JQLH,21.0,313.27732616931496,-292.27732616931496
2021-05-11 20:00:00,1431A,JQLH,22.0,315.1288848726649,-293.1288848726649
2021-05-11 21:00:00,1431A,JQLH,23.0,317.14498000086417,-294.14498000086417
2021-05-11 22:00:00,1431A,JQLH,29.0,317.8721738744756,-288.8721738744756
2021-05-11 23:00:00,1431A,JQLH,32.0,318.9049478302763,-286.9049478302763
2021-05-12 00:00:00,1431A,JQLH,26.0,319.0609513574151,-293.0609513574151
2021-05-12 01:00:00,1431A,JQLH,24.0,317.89107068698235,-293.89107068698235
2021-05-12 02:00:00,1431A,JQLH,23.0,317.29956750705406,-294.29956750705406
2021-05-12 03:00:00,1431A,JQLH,26.0,316.25333024625127,-290.25333024625127
2021-05-12 04:00:00,1431A,JQLH,32.0,315.16050966672304,-283.16050966672304
2021-05-12 05:00:00,1431A,JQLH,36.0,315.51983968834793,-279.51983968834793
2021-05-12 06:00:00,1431A,JQLH,42.0,315.49874388816244,-273.49874388816244
2021-05-12 07:00:00,1431A,JQLH,45.0,314.7610510236927,-269.7610510236927
2021-05-12 08:00:00,1431A,JQLH,48.0,314.7472635805174,-266.7472635805174
2021-05-12 09:00:00,1431A,JQLH,58.0,315.2627418555652,-257.2627418555652
2021-05-12 10:00:00,1431A,JQLH,70.0,316.5082723920943,-246.50827239209428
2021-05-12 11:00:00,1431A,JQLH,76.0,318.145890662619,-242.14589066261902
2021-05-12 12:00:00,1431A,JQLH,76.0,318.672527050593,-242.67252705059298
2021-05-12 13:00:00,1431A,JQLH,69.0,316.9710271708865,-247.9710271708865
2021-05-12 14:00:00,1431A,JQLH,62.0,315.13136026679695,-253.13136026679695
2021-05-12 15:00:00,1431A,JQLH,65.0,314.5097453828335,-249.5097453828335
2021-05-12 16:00:00,1431A,JQLH,57.0,313.2043550995326,-256.2043550995326
2021-05-12 17:00:00,1431A,JQLH,55.0,312.790575235164,-257.790575235164
2021-05-12 18:00:00,1431A,JQLH,45.0,312.41571249089293,-267.41571249089293
2021-05-12 19:00:00,1431A,JQLH,35.0,314.6855230934053,-279.6855230934053
2021-05-12 20:00:00,1431A,JQLH,34.0,316.5370817967553,-282.5370817967553
2021-05-12 21:00:00,1431A,JQLH,35.0,318.5531769249545,-283.5531769249545
2021-05-12 22:00:00,1431A,JQLH,57.0,319.28037079856597,-262.28037079856597
2021-05-12 23:00:00,1431A,JQLH,57.0,320.31314475436665,-263.31314475436665
2021-05-13 00:00:00,1431A,JQLH,59.0,320.46914828150545,-261.46914828150545
2021-05-13 01:00:00,1431A,JQLH,64.0,319.2992676110727,-255.2992676110727
2021-05-13 02:00:00,1431A,JQLH,63.0,318.7077644311444,-255.70776443114443
2021-05-13 03:00:00,1431A,JQLH,61.0,317.6615271703416,-256.6615271703416
2021-05-13 04:00:00,1431A,JQLH,65.0,316.5687065908134,-251.5687065908134
2021-05-13 05:00:00,1431A,JQLH,57.0,316.9280366124383,-259.9280366124383
2021-05-13 06:00:00,1431A,JQLH,52.0,316.9069408122528,-264.9069408122528
2021-05-13 07:00:00,1431A,JQLH,61.0,316.16924794778305,-255.16924794778305
2021-05-13 08:00:00,1431A,JQLH,59.0,316.1554605046078,-257.1554605046078
2021-05-13 09:00:00,1431A,JQLH,53.0,316.67093877965556,-263.67093877965556
2021-05-13 10:00:00,1431A,JQLH,58.0,317.91646931618465,-259.91646931618465
2021-05-13 11:00:00,1431A,JQLH,56.0,319.5540875867094,-263.5540875867094
2021-05-13 12:00:00,1431A,JQLH,55.0,320.08072397468334,-265.08072397468334
2021-05-13 13:00:00,1431A,JQLH,56.0,318.37922409497685,-262.37922409497685
2021-05-13 14:00:00,1431A,JQLH,57.0,316.5395571908873,-259.5395571908873
2021-05-13 15:00:00,1431A,JQLH,63.0,315.91794230692386,-252.91794230692386
2021-05-13 16:00:00,1431A,JQLH,56.0,314.612552023623,-258.612552023623
2021-05-13 17:00:00,1431A,JQLH,61.0,314.19877215925436,-253.19877215925436
2021-05-13 18:00:00,1431A,JQLH,64.0,313.8239094149833,-249.8239094149833
2021-05-13 19:00:00,1431A,JQLH,64.0,316.0937200174957,-252.09372001749568
2021-05-13 20:00:00,1431A,JQLH,48.0,317.94527872084564,-269.94527872084564
2021-05-13 21:00:00,1431A,JQLH,51.0,319.9613738490449,-268.9613738490449
2021-05-13 22:00:00,1431A,JQLH,55.0,320.68856772265633,-265.68856772265633
2021-05-13 23:00:00,1431A,JQLH,56.0,321.721341678457,-265.721341678457
2021-05-14 00:00:00,1431A,JQLH,60.0,321.8773452055958,-261.8773452055958
2021-05-14 01:00:00,1431A,JQLH,61.0,320.70746453516307,-259.70746453516307
2021-05-14 02:00:00,1431A,JQLH,68.0,320.1159613552348,-252.1159613552348
2021-05-14 03:00:00,1431A,JQLH,67.0,319.069724094432,-252.069724094432
2021-05-14 04:00:00,1431A,JQLH,65.0,317.97690351490377,-252.97690351490377
2021-05-14 05:00:00,1431A,JQLH,67.0,318.33623353652865,-251.33623353652865
2021-05-14 06:00:00,1431A,JQLH,75.0,318.31513773634316,-243.31513773634316
2021-05-14 07:00:00,1431A,JQLH,80.0,317.5774448718734,-237.5774448718734
2021-05-14 08:00:00,1431A,JQLH,82.0,317.56365742869815,-235.56365742869815
2021-05-14 09:00:00,1431A,JQLH,76.0,318.0791357037459,-242.07913570374592
2021-05-14 10:00:00,1431A,JQLH,81.0,319.324666240275,-238.324666240275
2021-05-14 11:00:00,1431A,JQLH,66.0,320.96228451079975,-254.96228451079975
2021-05-14 12:00:00,1431A,JQLH,56.0,321.4889208987737,-265.4889208987737
2021-05-14 13:00:00,1431A,JQLH,65.0,319.7874210190672,-254.7874210190672
2021-05-14 14:00:00,1431A,JQLH,67.0,317.94775411497767,-250.94775411497767
2021-05-14 15:00:00,1431A,JQLH,69.0,317.3261392310142,-248.32613923101422
2021-05-14 16:00:00,1431A,JQLH,58.0,316.02074894771334,-258.02074894771334
2021-05-14 17:00:00,1431A,JQLH,55.0,315.6069690833447,-260.6069690833447
2021-05-14 18:00:00,1431A,JQLH,57.0,315.23210633907365,-258.23210633907365
2021-05-14 19:00:00,1431A,JQLH,57.0,317.50191694158605,-260.50191694158605
2021-05-14 20:00:00,1431A,JQLH,51.0,319.353475644936,-268.353475644936
2021-05-14 21:00:00,1431A,JQLH,44.0,321.36957077313525,-277.36957077313525
2021-05-14 22:00:00,1431A,JQLH,47.0,322.0967646467467,-275.0967646467467
2021-05-14 23:00:00,1431A,JQLH,54.0,323.12953860254737,-269.12953860254737
2021-05-15 00:00:00,1431A,JQLH,54.0,323.2855421296862,-269.2855421296862
2021-05-15 01:00:00,1431A,JQLH,51.0,322.11566145925343,-271.11566145925343
2021-05-15 02:00:00,1431A,JQLH,38.0,321.52415827932515,-283.52415827932515
2021-05-15 03:00:00,1431A,JQLH,32.0,320.47792101852235,-288.47792101852235
2021-05-15 04:00:00,1431A,JQLH,20.0,319.38510043899413,-299.38510043899413
2021-05-15 05:00:00,1431A,JQLH,11.0,319.744430460619,-308.744430460619
2021-05-15 06:00:00,1431A,JQLH,12.0,319.7233346604335,-307.7233346604335
2021-05-15 07:00:00,1431A,JQLH,14.0,318.9856417959638,-304.9856417959638
2021-05-15 08:00:00,1431A,JQLH,13.0,318.9718543527885,-305.9718543527885
2021-05-15 09:00:00,1431A,JQLH,13.0,319.4873326278363,-306.4873326278363
2021-05-15 10:00:00,1431A,JQLH,11.0,320.73286316436537,-309.73286316436537
2021-05-15 11:00:00,1431A,JQLH,10.0,322.3704814348901,-312.3704814348901
2021-05-15 12:00:00,1431A,JQLH,10.0,322.89711782286406,-312.89711782286406
2021-05-15 13:00:00,1431A,JQLH,13.0,321.1956179431576,-308.1956179431576
2021-05-15 14:00:00,1431A,JQLH,15.0,319.35595103906803,-304.35595103906803
2021-05-15 15:00:00,1431A,JQLH,16.0,318.7343361551046,-302.7343361551046
2021-05-15 16:00:00,1431A,JQLH,17.0,317.4289458718037,-300.4289458718037
2021-05-15 17:00:00,1431A,JQLH,16.0,317.0151660074351,-301.0151660074351
2021-05-15 18:00:00,1431A,JQLH,19.0,316.640303263164,-297.640303263164
2021-05-15 19:00:00,1431A,JQLH,16.0,318.9101138656764,-302.9101138656764
2021-05-15 20:00:00,1431A,JQLH,21.0,320.76167256902636,-299.76167256902636
2021-05-15 21:00:00,1431A,JQLH,27.0,322.7777676972256,-295.7777676972256
2021-05-15 22:00:00,1431A,JQLH,12.0,323.50496157083705,-311.50496157083705
2021-05-15 23:00:00,1431A,JQLH,8.0,324.53773552663773,-316.53773552663773
2021-05-16 00:00:00,1431A,JQLH,8.0,324.69373905377654,-316.69373905377654
2021-05-16 01:00:00,1431A,JQLH,8.0,323.5238583833438,-315.5238583833438
2021-05-16 02:00:00,1431A,JQLH,9.0,322.9323552034155,-313.9323552034155
2021-05-16 03:00:00,1431A,JQLH,11.0,321.8861179426127,-310.8861179426127
2021-05-16 04:00:00,1431A,JQLH,14.0,320.7932973630845,-306.7932973630845
2021-05-16 05:00:00,1431A,JQLH,15.0,321.1526273847094,-306.1526273847094
2021-05-16 06:00:00,1431A,JQLH,22.0,321.1315315845239,-299.1315315845239
2021-05-16 07:00:00,1431A,JQLH,21.0,320.39383872005413,-299.39383872005413
2021-05-16 08:00:00,1431A,JQLH,20.0,320.3800512768789,-300.3800512768789
2021-05-16 09:00:00,1431A,JQLH,17.0,320.89552955192664,-303.89552955192664
2021-05-16 10:00:00,1431A,JQLH,13.0,322.14106008845573,-309.14106008845573
2021-05-16 11:00:00,1431A,JQLH,11.0,323.77867835898047,-312.77867835898047
2021-05-16 12:00:00,1431A,JQLH,15.0,324.3053147469544,-309.3053147469544
2021-05-16 13:00:00,1431A,JQLH,14.0,322.60381486724793,-308.60381486724793
2021-05-16 14:00:00,1431A,JQLH,7.0,320.7641479631584,-313.7641479631584
2021-05-16 15:00:00,1431A,JQLH,6.0,320.14253307919495,-314.14253307919495
2021-05-16 16:00:00,1431A,JQLH,5.0,318.83714279589407,-313.83714279589407
2021-05-16 17:00:00,1431A,JQLH,10.0,318.42336293152545,-308.42336293152545
2021-05-16 18:00:00,1431A,JQLH,12.0,318.0485001872544,-306.0485001872544
2021-05-16 19:00:00,1431A,JQLH,12.0,320.31831078976677,-308.31831078976677
2021-05-16 20:00:00,1431A,JQLH,13.0,322.1698694931167,-309.1698694931167
2021-05-16 21:00:00,1431A,JQLH,16.0,324.185964621316,-308.185964621316
2021-05-16 22:00:00,1431A,JQLH,20.0,324.9131584949274,-304.9131584949274
2021-05-16 23:00:00,1431A,JQLH,28.0,325.9459324507281,-297.9459324507281
2021-05-17 00:00:00,1431A,JQLH,28.0,326.1019359778669,-298.1019359778669
2021-05-17 01:00:00,1431A,JQLH,20.0,324.93205530743415,-304.93205530743415
2021-05-17 02:00:00,1431A,JQLH,11.0,324.3405521275059,-313.3405521275059
2021-05-17 03:00:00,1431A,JQLH,10.0,323.2943148667031,-313.2943148667031
2021-05-17 04:00:00,1431A,JQLH,10.0,322.20149428717485,-312.20149428717485
2021-05-17 05:00:00,1431A,JQLH,11.0,322.56082430879974,-311.56082430879974
2021-05-17 06:00:00,1431A,JQLH,12.0,322.53972850861425,-310.53972850861425
2021-05-17 07:00:00,1431A,JQLH,13.0,321.8020356441445,-308.8020356441445
2021-05-17 08:00:00,1431A,JQLH,13.0,321.78824820096924,-308.78824820096924
2021-05-17 09:00:00,1431A,JQLH,16.0,322.303726476017,-306.303726476017
2021-05-17 10:00:00,1431A,JQLH,18.0,323.5492570125461,-305.5492570125461
2021-05-17 11:00:00,1431A,JQLH,22.0,325.18687528307083,-303.18687528307083
2021-05-17 12:00:00,1431A,JQLH,17.0,325.7135116710448,-308.7135116710448
2021-05-17 13:00:00,1431A,JQLH,11.0,324.0120117913383,-313.0120117913383
2021-05-17 14:00:00,1431A,JQLH,14.0,322.17234488724876,-308.17234488724876
2021-05-17 15:00:00,1431A,JQLH,17.0,321.5507300032853,-304.5507300032853
2021-05-17 16:00:00,1431A,JQLH,23.0,320.24533971998443,-297.24533971998443
2021-05-17 17:00:00,1431A,JQLH,21.0,319.8315598556158,-298.8315598556158
2021-05-17 18:00:00,1431A,JQLH,19.0,319.45669711134474,-300.45669711134474
2021-05-17 19:00:00,1431A,JQLH,18.0,321.72650771385713,-303.72650771385713
2021-05-17 20:00:00,1431A,JQLH,18.0,323.5780664172071,-305.5780664172071
2021-05-17 21:00:00,1431A,JQLH,21.0,325.59416154540634,-304.59416154540634
2021-05-17 22:00:00,1431A,JQLH,27.0,326.3213554190178,-299.3213554190178
2021-05-17 23:00:00,1431A,JQLH,36.0,327.35412937481846,-291.35412937481846
2021-05-18 00:00:00,1431A,JQLH,38.0,327.51013290195726,-289.51013290195726
2021-05-18 01:00:00,1431A,JQLH,33.0,326.3402522315245,-293.3402522315245
2021-05-18 02:00:00,1431A,JQLH,23.0,325.74874905159623,-302.74874905159623
2021-05-18 03:00:00,1431A,JQLH,33.0,324.70251179079344,-291.70251179079344
2021-05-18 04:00:00,1431A,JQLH,40.0,323.6096912112652,-283.6096912112652
2021-05-18 05:00:00,1431A,JQLH,46.0,323.9690212328901,-277.9690212328901
2021-05-18 06:00:00,1431A,JQLH,48.0,323.9479254327046,-275.9479254327046
2021-05-18 07:00:00,1431A,JQLH,53.0,323.21023256823486,-270.21023256823486
2021-05-18 08:00:00,1431A,JQLH,51.0,323.1964451250596,-272.1964451250596
2021-05-18 09:00:00,1431A,JQLH,42.0,323.71192340010737,-281.71192340010737
2021-05-18 10:00:00,1431A,JQLH,32.0,324.95745393663645,-292.95745393663645
2021-05-18 11:00:00,1431A,JQLH,27.0,326.5950722071612,-299.5950722071612
2021-05-18 12:00:00,1431A,JQLH,27.0,327.12170859513515,-300.12170859513515
2021-05-18 13:00:00,1431A,JQLH,24.0,325.42020871542866,-301.42020871542866
2021-05-18 14:00:00,1431A,JQLH,22.0,323.5805418113391,-301.5805418113391
2021-05-18 15:00:00,1431A,JQLH,16.0,322.95892692737567,-306.95892692737567
2021-05-18 16:00:00,1431A,JQLH,12.0,321.6535366440748,-309.6535366440748
2021-05-18 17:00:00,1431A,JQLH,14.0,321.23975677970617,-307.23975677970617
2021-05-18 18:00:00,1431A,JQLH,16.0,320.8648940354351,-304.8648940354351
2021-05-18 19:00:00,1431A,JQLH,20.0,323.1347046379475,-303.1347046379475
2021-05-18 20:00:00,1431A,JQLH,31.0,324.98626334129744,-293.98626334129744
2021-05-18 21:00:00,1431A,JQLH,31.0,327.0023584694967,-296.0023584694967
2021-05-18 22:00:00,1431A,JQLH,36.0,327.72955234310814,-291.72955234310814
2021-05-18 23:00:00,1431A,JQLH,36.0,328.7623262989088,-292.7623262989088
2021-05-19 00:00:00,1431A,JQLH,44.0,328.9183298260476,-284.9183298260476
2021-05-19 01:00:00,1431A,JQLH,58.0,327.7484491556149,-269.7484491556149
2021-05-19 02:00:00,1431A,JQLH,56.0,327.1569459756866,-271.1569459756866
2021-05-19 03:00:00,1431A,JQLH,58.0,326.1107087148838,-268.1107087148838
2021-05-19 04:00:00,1431A,JQLH,52.0,325.0178881353556,-273.0178881353556
2021-05-19 05:00:00,1431A,JQLH,47.0,325.37721815698046,-278.37721815698046
2021-05-19 06:00:00,1431A,JQLH,53.0,325.35612235679497,-272.35612235679497
2021-05-19 07:00:00,1431A,JQLH,52.0,324.6184294923252,-272.6184294923252
2021-05-19 08:00:00,1431A,JQLH,53.0,324.60464204914996,-271.60464204914996
2021-05-19 09:00:00,1431A,JQLH,60.0,325.1201203241977,-265.1201203241977
2021-05-19 10:00:00,1431A,JQLH,64.0,326.3656508607268,-262.3656508607268
2021-05-19 11:00:00,1431A,JQLH,53.0,328.00326913125156,-275.00326913125156
2021-05-19 12:00:00,1431A,JQLH,49.0,328.5299055192255,-279.5299055192255
2021-05-19 13:00:00,1431A,JQLH,43.0,326.828405639519,-283.828405639519
2021-05-19 14:00:00,1431A,JQLH,37.0,324.9887387354295,-287.9887387354295
2021-05-19 15:00:00,1431A,JQLH,37.0,324.36712385146603,-287.36712385146603
2021-05-19 16:00:00,1431A,JQLH,30.0,323.06173356816515,-293.06173356816515
2021-05-19 17:00:00,1431A,JQLH,38.0,322.64795370379653,-284.64795370379653
2021-05-19 18:00:00,1431A,JQLH,51.0,322.27309095952546,-271.27309095952546
2021-05-19 19:00:00,1431A,JQLH,51.0,324.54290156203786,-273.54290156203786
2021-05-19 20:00:00,1431A,JQLH,45.0,326.3944602653878,-281.3944602653878
2021-05-19 21:00:00,1431A,JQLH,51.0,328.41055539358706,-277.41055539358706
2021-05-19 22:00:00,1431A,JQLH,67.0,329.1377492671985,-262.1377492671985
2021-05-19 23:00:00,1431A,JQLH,78.0,330.1705232229992,-252.17052322299918
2021-05-20 00:00:00,1431A,JQLH,81.0,330.326526750138,-249.326526750138
2021-05-20 01:00:00,1431A,JQLH,86.0,329.15664607970524,-243.15664607970524
2021-05-20 02:00:00,1431A,JQLH,95.0,328.56514289977696,-233.56514289977696
2021-05-20 03:00:00,1431A,JQLH,97.0,327.51890563897416,-230.51890563897416
2021-05-20 04:00:00,1431A,JQLH,93.0,326.42608505944594,-233.42608505944594
2021-05-20 05:00:00,1431A,JQLH,90.0,326.7854150810708,-236.78541508107082
2021-05-20 06:00:00,1431A,JQLH,89.0,326.76431928088533,-237.76431928088533
2021-05-20 07:00:00,1431A,JQLH,81.0,326.0266264164156,-245.02662641641558
2021-05-20 08:00:00,1431A,JQLH,77.0,326.0128389732403,-249.01283897324032
2021-05-20 09:00:00,1431A,JQLH,54.0,326.5283172482881,-272.5283172482881
2021-05-20 10:00:00,1431A,JQLH,47.0,327.7738477848172,-280.7738477848172
2021-05-20 11:00:00,1431A,JQLH,37.0,329.4114660553419,-292.4114660553419
2021-05-20 12:00:00,1431A,JQLH,34.0,329.93810244331587,-295.93810244331587
2021-05-20 13:00:00,1431A,JQLH,21.0,328.2366025636094,-307.2366025636094
2021-05-20 14:00:00,1431A,JQLH,20.0,326.39693565951984,-306.39693565951984
2021-05-20 15:00:00,1431A,JQLH,20.0,325.7753207755564,-305.7753207755564
2021-05-20 16:00:00,1431A,JQLH,20.0,324.4699304922555,-304.4699304922555
2021-05-20 17:00:00,1431A,JQLH,24.0,324.0561506278869,-300.0561506278869
2021-05-20 18:00:00,1431A,JQLH,29.0,323.6812878836158,-294.6812878836158
2021-05-20 19:00:00,1431A,JQLH,38.0,325.9510984861282,-287.9510984861282
2021-05-20 20:00:00,1431A,JQLH,29.0,327.80265718947817,-298.80265718947817
2021-05-20 21:00:00,1431A,JQLH,59.0,329.8187523176774,-270.8187523176774
2021-05-20 22:00:00,1431A,JQLH,48.0,330.54594619128886,-282.54594619128886
2021-05-20 23:00:00,1431A,JQLH,48.0,331.57872014708954,-283.57872014708954
2021-05-21 00:00:00,1431A,JQLH,52.0,331.73472367422835,-279.73472367422835
2021-05-21 01:00:00,1431A,JQLH,55.0,330.5648430037956,-275.5648430037956
2021-05-21 02:00:00,1431A,JQLH,53.0,329.9733398238673,-276.9733398238673
2021-05-21 03:00:00,1431A,JQLH,59.0,328.9271025630645,-269.9271025630645
2021-05-21 04:00:00,1431A,JQLH,61.0,327.8342819835363,-266.8342819835363
2021-05-21 05:00:00,1431A,JQLH,53.0,328.1936120051612,-275.1936120051612
2021-05-21 06:00:00,1431A,JQLH,36.0,328.1725162049757,-292.1725162049757
2021-05-21 07:00:00,1431A,JQLH,32.0,327.43482334050594,-295.43482334050594
2021-05-21 08:00:00,1431A,JQLH,36.0,327.4210358973307,-291.4210358973307
2021-05-21 09:00:00,1431A,JQLH,36.0,327.93651417237845,-291.93651417237845
2021-05-21 10:00:00,1431A,JQLH,31.0,329.18204470890754,-298.18204470890754
2021-05-21 11:00:00,1431A,JQLH,40.0,330.8196629794323,-290.8196629794323
2021-05-21 12:00:00,1431A,JQLH,79.0,331.34629936740623,-252.34629936740623
2021-05-21 13:00:00,1431A,JQLH,86.0,329.64479948769974,-243.64479948769974
2021-05-21 14:00:00,1431A,JQLH,71.0,327.8051325836102,-256.8051325836102
2021-05-21 15:00:00,1431A,JQLH,72.0,327.18351769964676,-255.18351769964676
2021-05-21 16:00:00,1431A,JQLH,79.0,325.8781274163459,-246.87812741634588
2021-05-21 17:00:00,1431A,JQLH,72.0,325.46434755197726,-253.46434755197726
2021-05-21 18:00:00,1431A,JQLH,57.0,325.0894848077062,-268.0894848077062
2021-05-21 19:00:00,1431A,JQLH,46.0,327.3592954102186,-281.3592954102186
2021-05-21 20:00:00,1431A,JQLH,40.0,329.21085411356853,-289.21085411356853
2021-05-21 21:00:00,1431A,JQLH,45.0,331.2269492417678,-286.2269492417678
2021-05-21 22:00:00,1431A,JQLH,37.0,331.9541431153792,-294.9541431153792
2021-05-21 23:00:00,1431A,JQLH,35.0,332.9869170711799,-297.9869170711799
2021-05-22 00:00:00,1431A,JQLH,37.0,333.1429205983187,-296.1429205983187
2021-05-22 01:00:00,1431A,JQLH,40.0,331.97303992788596,-291.97303992788596
2021-05-22 02:00:00,1431A,JQLH,39.0,331.3815367479577,-292.3815367479577
2021-05-22 03:00:00,1431A,JQLH,37.0,330.3352994871549,-293.3352994871549
2021-05-22 04:00:00,1431A,JQLH,28.0,329.24247890762666,-301.24247890762666
2021-05-22 05:00:00,1431A,JQLH,30.0,329.60180892925155,-299.60180892925155
2021-05-22 06:00:00,1431A,JQLH,29.0,329.58071312906605,-300.58071312906605
2021-05-22 07:00:00,1431A,JQLH,29.0,328.8430202645963,-299.8430202645963
2021-05-22 08:00:00,1431A,JQLH,30.0,328.82923282142104,-298.82923282142104
2021-05-22 09:00:00,1431A,JQLH,34.0,329.3447110964688,-295.3447110964688
2021-05-22 10:00:00,1431A,JQLH,41.0,330.5902416329979,-289.5902416329979
2021-05-22 11:00:00,1431A,JQLH,36.0,332.22785990352264,-296.22785990352264
2021-05-22 12:00:00,1431A,JQLH,29.0,332.7544962914966,-303.7544962914966
2021-05-22 13:00:00,1431A,JQLH,50.0,331.0529964117901,-281.0529964117901
2021-05-22 14:00:00,1431A,JQLH,43.0,329.21332950770056,-286.21332950770056
2021-05-22 15:00:00,1431A,JQLH,49.0,328.5917146237371,-279.5917146237371
2021-05-22 16:00:00,1431A,JQLH,49.0,327.28632434043624,-278.28632434043624
2021-05-22 17:00:00,1431A,JQLH,44.0,326.8725444760676,-282.8725444760676
2021-05-22 18:00:00,1431A,JQLH,43.0,326.49768173179655,-283.49768173179655
2021-05-22 19:00:00,1431A,JQLH,41.0,328.76749233430894,-287.76749233430894
2021-05-22 20:00:00,1431A,JQLH,42.0,330.6190510376589,-288.6190510376589
2021-05-22 21:00:00,1431A,JQLH,40.0,332.63514616585815,-292.63514616585815
2021-05-22 22:00:00,1431A,JQLH,36.0,333.3623400394696,-297.3623400394696
2021-05-22 23:00:00,1431A,JQLH,34.0,334.39511399527026,-300.39511399527026
2021-05-23 00:00:00,1431A,JQLH,35.0,334.5511175224091,-299.5511175224091
2021-05-23 01:00:00,1431A,JQLH,37.0,333.3812368519763,-296.3812368519763
2021-05-23 02:00:00,1431A,JQLH,14.0,332.78973367204804,-318.78973367204804
2021-05-23 03:00:00,1431A,JQLH,13.0,331.74349641124525,-318.74349641124525
2021-05-23 04:00:00,1431A,JQLH,8.0,330.650675831717,-322.650675831717
2021-05-23 05:00:00,1431A,JQLH,5.0,331.0100058533419,-326.0100058533419
2021-05-23 06:00:00,1431A,JQLH,6.0,330.9889100531564,-324.9889100531564
2021-05-23 07:00:00,1431A,JQLH,6.0,330.25121718868667,-324.25121718868667
2021-05-23 08:00:00,1431A,JQLH,5.0,330.2374297455114,-325.2374297455114
2021-05-23 09:00:00,1431A,JQLH,7.0,330.7529080205592,-323.7529080205592
2021-05-23 10:00:00,1431A,JQLH,10.0,331.99843855708826,-321.99843855708826
2021-05-23 11:00:00,1431A,JQLH,10.0,333.636056827613,-323.636056827613
2021-05-23 12:00:00,1431A,JQLH,10.0,334.16269321558696,-324.16269321558696
2021-05-23 13:00:00,1431A,JQLH,17.0,332.46119333588047,-315.46119333588047
2021-05-23 14:00:00,1431A,JQLH,29.0,330.6215264317909,-301.6215264317909
2021-05-23 15:00:00,1431A,JQLH,23.0,329.9999115478275,-306.9999115478275
2021-05-23 16:00:00,1431A,JQLH,25.0,328.6945212645266,-303.6945212645266
2021-05-23 17:00:00,1431A,JQLH,24.0,328.280741400158,-304.280741400158
2021-05-23 18:00:00,1431A,JQLH,28.0,327.9058786558869,-299.9058786558869
2021-05-23 19:00:00,1431A,JQLH,25.0,330.1756892583993,-305.1756892583993
2021-05-23 20:00:00,1431A,JQLH,25.0,332.02724796174925,-307.02724796174925
2021-05-23 21:00:00,1431A,JQLH,26.0,334.0433430899485,-308.0433430899485
2021-05-23 22:00:00,1431A,JQLH,26.0,334.77053696355995,-308.77053696355995
2021-05-23 23:00:00,1431A,JQLH,27.0,335.8033109193606,-308.8033109193606
2021-05-24 00:00:00,1431A,JQLH,29.0,335.95931444649943,-306.95931444649943
2021-05-24 01:00:00,1431A,JQLH,30.0,334.7894337760667,-304.7894337760667
2021-05-24 02:00:00,1431A,JQLH,41.0,334.1979305961384,-293.1979305961384
2021-05-24 03:00:00,1431A,JQLH,41.0,333.1516933353356,-292.1516933353356
2021-05-24 04:00:00,1431A,JQLH,40.0,332.0588727558074,-292.0588727558074
2021-05-24 05:00:00,1431A,JQLH,44.0,332.41820277743227,-288.41820277743227
2021-05-24 06:00:00,1431A,JQLH,45.0,332.3971069772468,-287.3971069772468
2021-05-24 07:00:00,1431A,JQLH,43.0,331.65941411277703,-288.65941411277703
2021-05-24 08:00:00,1431A,JQLH,43.0,331.64562666960177,-288.64562666960177
2021-05-24 09:00:00,1431A,JQLH,44.0,332.16110494464954,-288.16110494464954
2021-05-24 10:00:00,1431A,JQLH,51.0,333.4066354811786,-282.4066354811786
2021-05-24 11:00:00,1431A,JQLH,39.0,335.04425375170337,-296.04425375170337
2021-05-24 12:00:00,1431A,JQLH,27.0,335.5708901396773,-308.5708901396773
2021-05-24 13:00:00,1431A,JQLH,19.0,333.8693902599708,-314.8693902599708
2021-05-24 14:00:00,1431A,JQLH,22.0,332.0297233558813,-310.0297233558813
2021-05-24 15:00:00,1431A,JQLH,20.0,331.40810847191784,-311.40810847191784
2021-05-24 16:00:00,1431A,JQLH,18.0,330.10271818861696,-312.10271818861696
2021-05-24 17:00:00,1431A,JQLH,16.0,329.68893832424834,-313.68893832424834
2021-05-24 18:00:00,1431A,JQLH,15.0,329.31407557997727,-314.31407557997727
2021-05-24 19:00:00,1431A,JQLH,14.0,331.58388618248966,-317.58388618248966
2021-05-24 20:00:00,1431A,JQLH,13.0,333.4354448858396,-320.4354448858396
2021-05-24 21:00:00,1431A,JQLH,15.0,335.45154001403887,-320.45154001403887
2021-05-24 22:00:00,1431A,JQLH,21.0,336.1787338876503,-315.1787338876503
2021-05-24 23:00:00,1431A,JQLH,21.0,337.211507843451,-316.211507843451
2021-05-25 00:00:00,1431A,JQLH,21.0,337.3675113705898,-316.3675113705898
2021-05-25 01:00:00,1431A,JQLH,24.0,336.19763070015705,-312.19763070015705
2021-05-25 02:00:00,1431A,JQLH,28.0,335.60612752022877,-307.60612752022877
2021-05-25 03:00:00,1431A,JQLH,30.0,334.55989025942597,-304.55989025942597
2021-05-25 04:00:00,1431A,JQLH,32.0,333.46706967989775,-301.46706967989775
2021-05-25 05:00:00,1431A,JQLH,33.0,333.82639970152263,-300.82639970152263
2021-05-25 06:00:00,1431A,JQLH,31.0,333.80530390133714,-302.80530390133714
2021-05-25 07:00:00,1431A,JQLH,31.0,333.0676110368674,-302.0676110368674
2021-05-25 08:00:00,1431A,JQLH,32.0,333.05382359369213,-301.05382359369213
2021-05-25 09:00:00,1431A,JQLH,50.0,333.5693018687399,-283.5693018687399
2021-05-25 10:00:00,1431A,JQLH,47.0,334.814832405269,-287.814832405269
2021-05-25 11:00:00,1431A,JQLH,50.0,336.4524506757937,-286.4524506757937
2021-05-25 12:00:00,1431A,JQLH,,336.9790870637677,
2021-05-25 13:00:00,1431A,JQLH,,335.2775871840612,
2021-05-25 14:00:00,1431A,JQLH,45.0,333.43792027997165,-288.43792027997165
2021-05-25 15:00:00,1431A,JQLH,27.0,332.8163053960082,-305.8163053960082
2021-05-25 16:00:00,1431A,JQLH,28.0,331.5109151127073,-303.5109151127073
2021-05-25 17:00:00,1431A,JQLH,30.0,331.0971352483387,-301.0971352483387
2021-05-25 18:00:00,1431A,JQLH,28.0,330.72227250406763,-302.72227250406763
2021-05-25 19:00:00,1431A,JQLH,19.0,332.99208310658,-313.99208310658
2021-05-25 20:00:00,1431A,JQLH,20.0,334.84364180993,-314.84364180993
2021-05-25 21:00:00,1431A,JQLH,21.0,336.85973693812923,-315.85973693812923
2021-05-25 22:00:00,1431A,JQLH,27.0,337.5869308117407,-310.5869308117407
2021-05-25 23:00:00,1431A,JQLH,25.0,338.61970476754135,-313.61970476754135
2021-05-26 00:00:00,1431A,JQLH,19.0,338.77570829468016,-319.77570829468016
2021-05-26 01:00:00,1431A,JQLH,16.0,337.6058276242474,-321.6058276242474
2021-05-26 02:00:00,1431A,JQLH,24.0,337.01432444431913,-313.01432444431913
2021-05-26 03:00:00,1431A,JQLH,16.0,335.96808718351633,-319.96808718351633
2021-05-26 04:00:00,1431A,JQLH,13.0,334.8752666039881,-321.8752666039881
2021-05-26 05:00:00,1431A,JQLH,14.0,335.234596625613,-321.234596625613
2021-05-26 06:00:00,1431A,JQLH,19.0,335.2135008254275,-316.2135008254275
2021-05-26 07:00:00,1431A,JQLH,20.0,334.47580796095775,-314.47580796095775
2021-05-26 08:00:00,1431A,JQLH,26.0,334.4620205177825,-308.4620205177825
2021-05-26 09:00:00,1431A,JQLH,29.0,334.97749879283026,-305.97749879283026
2021-05-26 10:00:00,1431A,JQLH,29.0,336.22302932935935,-307.22302932935935
2021-05-26 11:00:00,1431A,JQLH,28.0,337.8606475998841,-309.8606475998841
2021-05-26 12:00:00,1431A,JQLH,33.0,338.38728398785804,-305.38728398785804
2021-05-26 13:00:00,1431A,JQLH,33.0,336.68578410815155,-303.68578410815155
2021-05-26 14:00:00,1431A,JQLH,33.0,334.846117204062,-301.846117204062
2021-05-26 15:00:00,1431A,JQLH,37.0,334.22450232009857,-297.22450232009857
2021-05-26 16:00:00,1431A,JQLH,39.0,332.9191120367977,-293.9191120367977
2021-05-26 17:00:00,1431A,JQLH,41.0,332.50533217242906,-291.50533217242906
2021-05-26 18:00:00,1431A,JQLH,49.0,332.130469428158,-283.130469428158
2021-05-26 19:00:00,1431A,JQLH,54.0,334.4002800306704,-280.4002800306704
2021-05-26 20:00:00,1431A,JQLH,63.0,336.25183873402034,-273.25183873402034
2021-05-26 21:00:00,1431A,JQLH,77.0,338.2679338622196,-261.2679338622196
2021-05-26 22:00:00,1431A,JQLH,75.0,338.99512773583103,-263.99512773583103
2021-05-26 23:00:00,1431A,JQLH,80.0,340.0279016916317,-260.0279016916317
2021-05-27 00:00:00,1431A,JQLH,21.0,340.1839052187705,-319.1839052187705
2021-05-27 01:00:00,1431A,JQLH,6.0,339.0140245483378,-333.0140245483378
2021-05-27 02:00:00,1431A,JQLH,24.0,338.4225213684095,-314.4225213684095
2021-05-27 03:00:00,1431A,JQLH,44.0,337.3762841076067,-293.3762841076067
2021-05-27 04:00:00,1431A,JQLH,59.0,336.28346352807847,-277.28346352807847
2021-05-27 05:00:00,1431A,JQLH,80.0,336.64279354970336,-256.64279354970336
2021-05-27 06:00:00,1431A,JQLH,80.0,336.62169774951786,-256.62169774951786
2021-05-27 07:00:00,1431A,JQLH,86.0,335.8840048850481,-249.8840048850481
2021-05-27 08:00:00,1431A,JQLH,74.0,335.87021744187285,-261.87021744187285
2021-05-27 09:00:00,1431A,JQLH,62.0,336.3856957169206,-274.3856957169206
2021-05-27 10:00:00,1431A,JQLH,60.0,337.6312262534497,-277.6312262534497
2021-05-27 11:00:00,1431A,JQLH,60.0,339.26884452397445,-279.26884452397445
2021-05-27 12:00:00,1431A,JQLH,59.0,339.7954809119484,-280.7954809119484
2021-05-27 13:00:00,1431A,JQLH,66.0,338.0939810322419,-272.0939810322419
2021-05-27 14:00:00,1431A,JQLH,72.0,336.2543141281524,-264.2543141281524
2021-05-27 15:00:00,1431A,JQLH,76.0,335.6326992441889,-259.6326992441889
2021-05-27 16:00:00,1431A,JQLH,78.0,334.32730896088805,-256.32730896088805
2021-05-27 17:00:00,1431A,JQLH,72.0,333.9135290965194,-261.9135290965194
2021-05-27 18:00:00,1431A,JQLH,70.0,333.53866635224836,-263.53866635224836
2021-05-27 19:00:00,1431A,JQLH,87.0,335.80847695476075,-248.80847695476075
2021-05-27 20:00:00,1431A,JQLH,,337.6600356581107,
2021-05-27 21:00:00,1431A,JQLH,,339.67613078630995,
2021-05-27 22:00:00,1431A,JQLH,,340.4033246599214,
2021-05-27 23:00:00,1431A,JQLH,,341.4360986157221,
2021-05-28 00:00:00,1431A,JQLH,,341.5921021428609,
2021-05-28 01:00:00,1431A,JQLH,,340.42222147242813,
2021-05-28 02:00:00,1431A,JQLH,,339.83071829249985,
2021-05-28 03:00:00,1431A,JQLH,,338.78448103169706,
2021-05-28 04:00:00,1431A,JQLH,,337.69166045216883,
2021-05-28 05:00:00,1431A,JQLH,,338.0509904737937,
2021-05-28 06:00:00,1431A,JQLH,,338.0298946736082,
2021-05-28 07:00:00,1431A,JQLH,,337.2922018091385,
2021-05-28 08:00:00,1431A,JQLH,,337.2784143659632,
2021-05-28 09:00:00,1431A,JQLH,,337.793892641011,
2021-05-28 10:00:00,1431A,JQLH,,339.0394231775401,
2021-05-28 11:00:00,1431A,JQLH,,340.6770414480648,
2021-05-28 12:00:00,1431A,JQLH,,341.20367783603876,
2021-05-28 13:00:00,1431A,JQLH,70.0,339.5021779563323,-269.5021779563323
2021-05-28 14:00:00,1431A,JQLH,61.0,337.66251105224273,-276.66251105224273
2021-05-28 15:00:00,1431A,JQLH,53.0,337.0408961682793,-284.0408961682793
2021-05-28 16:00:00,1431A,JQLH,59.0,335.7355058849784,-276.7355058849784
2021-05-28 17:00:00,1431A,JQLH,47.0,335.3217260206098,-288.3217260206098
2021-05-28 18:00:00,1431A,JQLH,44.0,334.9468632763387,-290.9468632763387
2021-05-28 19:00:00,1431A,JQLH,52.0,337.2166738788511,-285.2166738788511
2021-05-28 20:00:00,1431A,JQLH,61.0,339.06823258220106,-278.06823258220106
2021-05-28 21:00:00,1431A,JQLH,63.0,341.0843277104003,-278.0843277104003
2021-05-28 22:00:00,1431A,JQLH,64.0,341.81152158401176,-277.81152158401176
2021-05-28 23:00:00,1431A,JQLH,50.0,342.84429553981244,-292.84429553981244
2021-05-29 00:00:00,1431A,JQLH,58.0,343.00029906695124,-285.00029906695124
2021-05-29 01:00:00,1431A,JQLH,58.0,341.8304183965185,-283.8304183965185
2021-05-29 02:00:00,1431A,JQLH,60.0,341.2389152165902,-281.2389152165902
2021-05-29 03:00:00,1431A,JQLH,64.0,340.1926779557874,-276.1926779557874
2021-05-29 04:00:00,1431A,JQLH,67.0,339.0998573762592,-272.0998573762592
2021-05-29 05:00:00,1431A,JQLH,74.0,339.4591873978841,-265.4591873978841
2021-05-29 06:00:00,1431A,JQLH,84.0,339.4380915976986,-255.4380915976986
2021-05-29 07:00:00,1431A,JQLH,85.0,338.70039873322884,-253.70039873322884
2021-05-29 08:00:00,1431A,JQLH,77.0,338.6866112900536,-261.6866112900536
2021-05-29 09:00:00,1431A,JQLH,61.0,339.20208956510135,-278.20208956510135
2021-05-29 10:00:00,1431A,JQLH,36.0,340.44762010163043,-304.44762010163043
2021-05-29 11:00:00,1431A,JQLH,34.0,342.0852383721552,-308.0852383721552
2021-05-29 12:00:00,1431A,JQLH,35.0,342.6118747601291,-307.6118747601291
2021-05-29 13:00:00,1431A,JQLH,34.0,340.91037488042264,-306.91037488042264
2021-05-29 14:00:00,1431A,JQLH,39.0,339.0707079763331,-300.0707079763331
2021-05-29 15:00:00,1431A,JQLH,34.0,338.44909309236965,-304.44909309236965
2021-05-29 16:00:00,1431A,JQLH,30.0,337.14370280906877,-307.14370280906877
2021-05-29 17:00:00,1431A,JQLH,30.0,336.72992294470015,-306.72992294470015
2021-05-29 18:00:00,1431A,JQLH,34.0,336.3550602004291,-302.3550602004291
2021-05-29 19:00:00,1431A,JQLH,34.0,338.6248708029415,-304.6248708029415
2021-05-29 20:00:00,1431A,JQLH,50.0,340.4764295062914,-290.4764295062914
2021-05-29 21:00:00,1431A,JQLH,70.0,342.4925246344907,-272.4925246344907
2021-05-29 22:00:00,1431A,JQLH,78.0,343.2197185081021,-265.2197185081021
2021-05-29 23:00:00,1431A,JQLH,68.0,344.2524924639028,-276.2524924639028
2021-05-30 00:00:00,1431A,JQLH,55.0,344.4084959910416,-289.4084959910416
2021-05-30 01:00:00,1431A,JQLH,52.0,343.23861532060886,-291.23861532060886
2021-05-30 02:00:00,1431A,JQLH,52.0,342.6471121406806,-290.6471121406806
2021-05-30 03:00:00,1431A,JQLH,49.0,341.6008748798778,-292.6008748798778
2021-05-30 04:00:00,1431A,JQLH,45.0,340.50805430034956,-295.50805430034956
2021-05-30 05:00:00,1431A,JQLH,44.0,340.86738432197444,-296.86738432197444
2021-05-30 06:00:00,1431A,JQLH,44.0,340.84628852178895,-296.84628852178895
2021-05-30 07:00:00,1431A,JQLH,49.0,340.1085956573192,-291.1085956573192
2021-05-30 08:00:00,1431A,JQLH,54.0,340.09480821414394,-286.09480821414394
2021-05-30 09:00:00,1431A,JQLH,74.0,340.6102864891917,-266.6102864891917
2021-05-30 10:00:00,1431A,JQLH,74.0,341.8558170257208,-267.8558170257208
2021-05-30 11:00:00,1431A,JQLH,82.0,343.49343529624554,-261.49343529624554
2021-05-30 12:00:00,1431A,JQLH,80.0,344.0200716842195,-264.0200716842195
2021-05-30 13:00:00,1431A,JQLH,59.0,342.318571804513,-283.318571804513
2021-05-30 14:00:00,1431A,JQLH,46.0,340.47890490042346,-294.47890490042346
2021-05-30 15:00:00,1431A,JQLH,33.0,339.85729001646,-306.85729001646
2021-05-30 16:00:00,1431A,JQLH,27.0,338.55189973315913,-311.55189973315913
2021-05-30 17:00:00,1431A,JQLH,27.0,338.1381198687905,-311.1381198687905
2021-05-30 18:00:00,1431A,JQLH,27.0,337.76325712451944,-310.76325712451944
2021-05-30 19:00:00,1431A,JQLH,26.0,340.03306772703183,-314.03306772703183
2021-05-30 20:00:00,1431A,JQLH,39.0,341.8846264303818,-302.8846264303818
2021-05-30 21:00:00,1431A,JQLH,46.0,343.90072155858104,-297.90072155858104
2021-05-30 22:00:00,1431A,JQLH,61.0,344.6279154321925,-283.6279154321925
2021-05-30 23:00:00,1431A,JQLH,75.0,345.66068938799316,-270.66068938799316
2021-05-31 00:00:00,1431A,JQLH,80.0,345.81669291513197,-265.81669291513197
2021-05-31 01:00:00,1431A,JQLH,87.0,344.6468122446992,-257.6468122446992
2021-05-31 02:00:00,1431A,JQLH,99.0,344.05530906477094,-245.05530906477094
2021-05-31 03:00:00,1431A,JQLH,110.0,343.00907180396814,-233.00907180396814
2021-05-31 04:00:00,1431A,JQLH,102.0,341.9162512244399,-239.91625122443992
2021-05-31 05:00:00,1431A,JQLH,95.0,342.2755812460648,-247.2755812460648
2021-05-31 06:00:00,1431A,JQLH,92.0,342.2544854458793,-250.2544854458793
2021-05-31 07:00:00,1431A,JQLH,89.0,341.51679258140956,-252.51679258140956
2021-05-31 08:00:00,1431A,JQLH,97.0,341.5030051382343,-244.5030051382343
2021-05-31 09:00:00,1431A,JQLH,98.0,342.01848341328207,-244.01848341328207
2021-05-31 10:00:00,1431A,JQLH,66.0,343.26401394981116,-277.26401394981116
2021-05-31 11:00:00,1431A,JQLH,40.0,344.9016322203359,-304.9016322203359
2021-05-31 12:00:00,1431A,JQLH,37.0,345.42826860830985,-308.42826860830985
2021-05-31 13:00:00,1431A,JQLH,26.0,343.72676872860336,-317.72676872860336
2021-05-31 14:00:00,1431A,JQLH,23.0,341.8871018245138,-318.8871018245138
2021-05-31 15:00:00,1431A,JQLH,24.0,341.2654869405504,-317.2654869405504
2021-05-31 16:00:00,1431A,JQLH,21.0,339.9600966572495,-318.9600966572495
2021-05-31 17:00:00,1431A,JQLH,19.0,339.5463167928809,-320.5463167928809
2021-05-31 18:00:00,1431A,JQLH,18.0,339.1714540486098,-321.1714540486098
2021-05-31 19:00:00,1431A,JQLH,19.0,341.4412646511222,-322.4412646511222
2021-05-31 20:00:00,1431A,JQLH,20.0,343.29282335447215,-323.29282335447215
2021-05-31 21:00:00,1431A,JQLH,23.0,345.3089184826714,-322.3089184826714
2021-05-31 22:00:00,1431A,JQLH,26.0,346.03611235628284,-320.03611235628284
2021-05-31 23:00:00,1431A,JQLH,31.0,347.0688863120835,-316.0688863120835
2021-06-01 00:00:00,1431A,JQLH,35.0,347.2248898392223,-312.2248898392223
2021-06-01 01:00:00,1431A,JQLH,42.0,346.0550091687896,-304.0550091687896
2021-06-01 02:00:00,1431A,JQLH,48.0,345.4635059888613,-297.4635059888613
2021-06-01 03:00:00,1431A,JQLH,52.0,344.4172687280585,-292.4172687280585
2021-06-01 04:00:00,1431A,JQLH,47.0,343.3244481485303,-296.3244481485303
2021-06-01 05:00:00,1431A,JQLH,45.0,343.68377817015516,-298.68377817015516
2021-06-01 06:00:00,1431A,JQLH,62.0,343.6626823699697,-281.6626823699697
2021-06-01 07:00:00,1431A,JQLH,31.0,342.9249895054999,-311.9249895054999
2021-06-01 08:00:00,1431A,JQLH,31.0,342.91120206232466,-311.91120206232466
2021-06-01 09:00:00,1431A,JQLH,27.0,343.42668033737243,-316.42668033737243
2021-06-01 10:00:00,1431A,JQLH,26.0,344.6722108739015,-318.6722108739015
2021-06-01 11:00:00,1431A,JQLH,25.0,346.30982914442626,-321.30982914442626
2021-06-01 12:00:00,1431A,JQLH,25.0,346.8364655324002,-321.8364655324002
2021-06-01 13:00:00,1431A,JQLH,30.0,345.1349656526937,-315.1349656526937
2021-06-01 14:00:00,1431A,JQLH,32.0,343.2952987486042,-311.2952987486042
2021-06-01 15:00:00,1431A,JQLH,34.0,342.67368386464074,-308.67368386464074
2021-06-01 16:00:00,1431A,JQLH,33.0,341.36829358133986,-308.36829358133986
2021-06-01 17:00:00,1431A,JQLH,42.0,340.95451371697123,-298.95451371697123
2021-06-01 18:00:00,1431A,JQLH,42.0,340.57965097270016,-298.57965097270016
2021-06-01 19:00:00,1431A,JQLH,39.0,342.84946157521256,-303.84946157521256
2021-06-01 20:00:00,1431A,JQLH,39.0,344.7010202785625,-305.7010202785625
2021-06-01 21:00:00,1431A,JQLH,39.0,346.71711540676176,-307.71711540676176
2021-06-01 22:00:00,1431A,JQLH,42.0,347.4443092803732,-305.4443092803732
2021-06-01 23:00:00,1431A,JQLH,43.0,348.4770832361739,-305.4770832361739
2021-06-02 00:00:00,1431A,JQLH,49.0,348.6330867633127,-299.6330867633127
2021-06-02 01:00:00,1431A,JQLH,54.0,347.46320609287994,-293.46320609287994
2021-06-02 02:00:00,1431A,JQLH,60.0,346.87170291295166,-286.87170291295166
2021-06-02 03:00:00,1431A,JQLH,63.0,345.82546565214886,-282.82546565214886
2021-06-02 04:00:00,1431A,JQLH,71.0,344.73264507262064,-273.73264507262064
2021-06-02 05:00:00,1431A,JQLH,64.0,345.0919750942455,-281.0919750942455
2021-06-02 06:00:00,1431A,JQLH,50.0,345.07087929406003,-295.07087929406003
2021-06-02 07:00:00,1431A,JQLH,45.0,344.3331864295903,-299.3331864295903
2021-06-02 08:00:00,1431A,JQLH,44.0,344.319398986415,-300.319398986415
2021-06-02 09:00:00,1431A,JQLH,41.0,344.8348772614628,-303.8348772614628
2021-06-02 10:00:00,1431A,JQLH,38.0,346.0804077979919,-308.0804077979919
2021-06-02 11:00:00,1431A,JQLH,27.0,347.7180260685166,-320.7180260685166
2021-06-02 12:00:00,1431A,JQLH,23.0,348.2446624564906,-325.2446624564906
2021-06-02 13:00:00,1431A,JQLH,27.0,346.5431625767841,-319.5431625767841
2021-06-02 14:00:00,1431A,JQLH,26.0,344.70349567269454,-318.70349567269454
2021-06-02 15:00:00,1431A,JQLH,33.0,344.0818807887311,-311.0818807887311
2021-06-02 16:00:00,1431A,JQLH,29.0,342.7764905054302,-313.7764905054302
2021-06-02 17:00:00,1431A,JQLH,25.0,342.3627106410616,-317.3627106410616
2021-06-02 18:00:00,1431A,JQLH,29.0,341.9878478967905,-312.9878478967905
2021-06-02 19:00:00,1431A,JQLH,30.0,344.2576584993029,-314.2576584993029
2021-06-02 20:00:00,1431A,JQLH,32.0,346.10921720265287,-314.10921720265287
2021-06-02 21:00:00,1431A,JQLH,44.0,348.1253123308521,-304.1253123308521
2021-06-02 22:00:00,1431A,JQLH,80.0,348.85250620446357,-268.85250620446357
2021-06-02 23:00:00,1431A,JQLH,67.0,349.88528016026424,-282.88528016026424
2021-06-03 00:00:00,1431A,JQLH,55.0,350.04128368740305,-295.04128368740305
2021-06-03 01:00:00,1431A,JQLH,16.0,348.8714030169703,-332.8714030169703
2021-06-03 02:00:00,1431A,JQLH,10.0,348.279899837042,-338.279899837042
2021-06-03 03:00:00,1431A,JQLH,12.0,347.2336625762392,-335.2336625762392
2021-06-03 04:00:00,1431A,JQLH,12.0,346.140841996711,-334.140841996711
2021-06-03 05:00:00,1431A,JQLH,12.0,346.5001720183359,-334.5001720183359
2021-06-03 06:00:00,1431A,JQLH,10.0,346.4790762181504,-336.4790762181504
2021-06-03 07:00:00,1431A,JQLH,9.0,345.74138335368065,-336.74138335368065
2021-06-03 08:00:00,1431A,JQLH,11.0,345.7275959105054,-334.7275959105054
2021-06-03 09:00:00,1431A,JQLH,13.0,346.24307418555316,-333.24307418555316
2021-06-03 10:00:00,1431A,JQLH,19.0,347.48860472208224,-328.48860472208224
2021-06-03 11:00:00,1431A,JQLH,21.0,349.126222992607,-328.126222992607
2021-06-03 12:00:00,1431A,JQLH,19.0,349.65285938058094,-330.65285938058094
2021-06-03 13:00:00,1431A,JQLH,13.0,347.95135950087445,-334.95135950087445
2021-06-03 14:00:00,1431A,JQLH,12.0,346.1116925967849,-334.1116925967849
2021-06-03 15:00:00,1431A,JQLH,12.0,345.49007771282146,-333.49007771282146
2021-06-03 16:00:00,1431A,JQLH,8.0,344.1846874295206,-336.1846874295206
2021-06-03 17:00:00,1431A,JQLH,10.0,343.77090756515196,-333.77090756515196
2021-06-03 18:00:00,1431A,JQLH,10.0,343.3960448208809,-333.3960448208809
2021-06-03 19:00:00,1431A,JQLH,12.0,345.6658554233933,-333.6658554233933
2021-06-03 20:00:00,1431A,JQLH,14.0,347.51741412674323,-333.51741412674323
2021-06-03 21:00:00,1431A,JQLH,17.0,349.5335092549425,-332.5335092549425
2021-06-03 22:00:00,1431A,JQLH,20.0,350.2607031285539,-330.2607031285539
2021-06-03 23:00:00,1431A,JQLH,19.0,351.2934770843546,-332.2934770843546
2021-06-04 00:00:00,1431A,JQLH,20.0,351.4494806114934,-331.4494806114934
2021-06-04 01:00:00,1431A,JQLH,20.0,350.27959994106067,-330.27959994106067
2021-06-04 02:00:00,1431A,JQLH,20.0,349.6880967611324,-329.6880967611324
2021-06-04 03:00:00,1431A,JQLH,21.0,348.6418595003296,-327.6418595003296
2021-06-04 04:00:00,1431A,JQLH,20.0,347.54903892080137,-327.54903892080137
2021-06-04 05:00:00,1431A,JQLH,22.0,347.90836894242625,-325.90836894242625
2021-06-04 06:00:00,1431A,JQLH,23.0,347.88727314224076,-324.88727314224076
2021-06-04 07:00:00,1431A,JQLH,24.0,347.149580277771,-323.149580277771
2021-06-04 08:00:00,1431A,JQLH,34.0,347.13579283459575,-313.13579283459575
2021-06-04 09:00:00,1431A,JQLH,38.0,347.6512711096435,-309.6512711096435
2021-06-04 10:00:00,1431A,JQLH,36.0,348.8968016461726,-312.8968016461726
2021-06-04 11:00:00,1431A,JQLH,25.0,350.53441991669735,-325.53441991669735
2021-06-04 12:00:00,1431A,JQLH,24.0,351.0610563046713,-327.0610563046713
2021-06-04 13:00:00,1431A,JQLH,17.0,349.3595564249648,-332.3595564249648
2021-06-04 14:00:00,1431A,JQLH,21.0,347.51988952087527,-326.51988952087527
2021-06-04 15:00:00,1431A,JQLH,18.0,346.8982746369118,-328.8982746369118
2021-06-04 16:00:00,1431A,JQLH,16.0,345.59288435361094,-329.59288435361094
2021-06-04 17:00:00,1431A,JQLH,15.0,345.1791044892423,-330.1791044892423
2021-06-04 18:00:00,1431A,JQLH,17.0,344.80424174497125,-327.80424174497125
2021-06-04 19:00:00,1431A,JQLH,19.0,347.07405234748364,-328.07405234748364
2021-06-04 20:00:00,1431A,JQLH,19.0,348.9256110508336,-329.9256110508336
2021-06-04 21:00:00,1431A,JQLH,19.0,350.94170617903285,-331.94170617903285
2021-06-04 22:00:00,1431A,JQLH,23.0,351.6689000526443,-328.6689000526443
2021-06-04 23:00:00,1431A,JQLH,30.0,352.70167400844497,-322.70167400844497
2021-06-05 00:00:00,1431A,JQLH,46.0,352.8576775355838,-306.8576775355838
2021-06-05 01:00:00,1431A,JQLH,60.0,351.68779686515103,-291.68779686515103
2021-06-05 02:00:00,1431A,JQLH,54.0,351.09629368522275,-297.09629368522275
2021-06-05 03:00:00,1431A,JQLH,53.0,350.05005642441995,-297.05005642441995
2021-06-05 04:00:00,1431A,JQLH,49.0,348.9572358448917,-299.9572358448917
2021-06-05 05:00:00,1431A,JQLH,45.0,349.3165658665166,-304.3165658665166
2021-06-05 06:00:00,1431A,JQLH,47.0,349.2954700663311,-302.2954700663311
2021-06-05 07:00:00,1431A,JQLH,53.0,348.55777720186137,-295.55777720186137
2021-06-05 08:00:00,1431A,JQLH,60.0,348.5439897586861,-288.5439897586861
2021-06-05 09:00:00,1431A,JQLH,55.0,349.0594680337339,-294.0594680337339
2021-06-05 10:00:00,1431A,JQLH,38.0,350.30499857026297,-312.30499857026297
2021-06-05 11:00:00,1431A,JQLH,30.0,351.9426168407877,-321.9426168407877
2021-06-05 12:00:00,1431A,JQLH,25.0,352.46925322876166,-327.46925322876166
2021-06-05 13:00:00,1431A,JQLH,28.0,350.76775334905517,-322.76775334905517
2021-06-05 14:00:00,1431A,JQLH,30.0,348.92808644496563,-318.92808644496563
2021-06-05 15:00:00,1431A,JQLH,19.0,348.3064715610022,-329.3064715610022
2021-06-05 16:00:00,1431A,JQLH,,347.0010812777013,
2021-06-05 17:00:00,1431A,JQLH,14.0,346.5873014133327,-332.5873014133327
2021-06-05 18:00:00,1431A,JQLH,16.0,346.2124386690616,-330.2124386690616
2021-06-05 19:00:00,1431A,JQLH,19.0,348.482249271574,-329.482249271574
2021-06-05 20:00:00,1431A,JQLH,21.0,350.33380797492396,-329.33380797492396
2021-06-05 21:00:00,1431A,JQLH,25.0,352.3499031031232,-327.3499031031232
2021-06-05 22:00:00,1431A,JQLH,32.0,353.07709697673465,-321.07709697673465
2021-06-05 23:00:00,1431A,JQLH,46.0,354.10987093253533,-308.10987093253533
2021-06-06 00:00:00,1431A,JQLH,54.0,354.26587445967414,-300.26587445967414
2021-06-06 01:00:00,1431A,JQLH,55.0,353.0959937892414,-298.0959937892414
2021-06-06 02:00:00,1431A,JQLH,66.0,352.5044906093131,-286.5044906093131
2021-06-06 03:00:00,1431A,JQLH,72.0,351.4582533485103,-279.4582533485103
2021-06-06 04:00:00,1431A,JQLH,68.0,350.3654327689821,-282.3654327689821
2021-06-06 05:00:00,1431A,JQLH,65.0,350.724762790607,-285.724762790607
2021-06-06 06:00:00,1431A,JQLH,65.0,350.7036669904215,-285.7036669904215
2021-06-06 07:00:00,1431A,JQLH,80.0,349.96597412595173,-269.96597412595173
2021-06-06 08:00:00,1431A,JQLH,78.0,349.95218668277647,-271.95218668277647
2021-06-06 09:00:00,1431A,JQLH,77.0,350.46766495782424,-273.46766495782424
2021-06-06 10:00:00,1431A,JQLH,76.0,351.71319549435333,-275.71319549435333
2021-06-06 11:00:00,1431A,JQLH,66.0,353.35081376487807,-287.35081376487807
2021-06-06 12:00:00,1431A,JQLH,60.0,353.877450152852,-293.877450152852
2021-06-06 13:00:00,1431A,JQLH,64.0,352.17595027314553,-288.17595027314553
2021-06-06 14:00:00,1431A,JQLH,62.0,350.336283369056,-288.336283369056
2021-06-06 15:00:00,1431A,JQLH,54.0,349.71466848509255,-295.71466848509255
2021-06-06 16:00:00,1431A,JQLH,49.0,348.40927820179166,-299.40927820179166
2021-06-06 17:00:00,1431A,JQLH,54.0,347.99549833742304,-293.99549833742304
2021-06-06 18:00:00,1431A,JQLH,58.0,347.620635593152,-289.620635593152
2021-06-06 19:00:00,1431A,JQLH,62.0,349.89044619566437,-287.89044619566437
2021-06-06 20:00:00,1431A,JQLH,60.0,351.7420048990143,-291.7420048990143
2021-06-06 21:00:00,1431A,JQLH,53.0,353.7581000272136,-300.7581000272136
2021-06-06 22:00:00,1431A,JQLH,68.0,354.485293900825,-286.485293900825
2021-06-06 23:00:00,1431A,JQLH,72.0,355.5180678566257,-283.5180678566257
2021-06-07 00:00:00,1431A,JQLH,79.0,355.6740713837645,-276.6740713837645
2021-06-07 01:00:00,1431A,JQLH,87.0,354.50419071333175,-267.50419071333175
2021-06-07 02:00:00,1431A,JQLH,99.0,353.91268753340347,-254.91268753340347
2021-06-07 03:00:00,1431A,JQLH,115.0,352.8664502726007,-237.86645027260067
2021-06-07 04:00:00,1431A,JQLH,102.0,351.77362969307245,-249.77362969307245
2021-06-07 05:00:00,1431A,JQLH,93.0,352.13295971469734,-259.13295971469734
2021-06-07 06:00:00,1431A,JQLH,82.0,352.11186391451184,-270.11186391451184
2021-06-07 07:00:00,1431A,JQLH,78.0,351.3741710500421,-273.3741710500421
2021-06-07 08:00:00,1431A,JQLH,75.0,351.36038360686683,-276.36038360686683
2021-06-07 09:00:00,1431A,JQLH,59.0,351.8758618819146,-292.8758618819146
2021-06-07 10:00:00,1431A,JQLH,54.0,353.1213924184437,-299.1213924184437
2021-06-07 11:00:00,1431A,JQLH,58.0,354.75901068896843,-296.75901068896843
2021-06-07 12:00:00,1431A,JQLH,58.0,355.2856470769424,-297.2856470769424
2021-06-07 13:00:00,1431A,JQLH,70.0,353.5841471972359,-283.5841471972359
2021-06-07 14:00:00,1431A,JQLH,59.0,351.74448029314635,-292.74448029314635
2021-06-07 15:00:00,1431A,JQLH,55.0,351.1228654091829,-296.1228654091829
2021-06-07 16:00:00,1431A,JQLH,42.0,349.817475125882,-307.817475125882
2021-06-07 17:00:00,1431A,JQLH,49.0,349.4036952615134,-300.4036952615134
2021-06-07 18:00:00,1431A,JQLH,56.0,349.02883251724234,-293.02883251724234
2021-06-07 19:00:00,1431A,JQLH,67.0,351.29864311975473,-284.29864311975473
2021-06-07 20:00:00,1431A,JQLH,67.0,353.1502018231047,-286.1502018231047
2021-06-07 21:00:00,1431A,JQLH,67.0,355.16629695130393,-288.16629695130393
2021-06-07 22:00:00,1431A,JQLH,65.0,355.8934908249154,-290.8934908249154
2021-06-07 23:00:00,1431A,JQLH,66.0,356.92626478071605,-290.92626478071605
2021-06-08 00:00:00,1431A,JQLH,63.0,357.08226830785486,-294.08226830785486
2021-06-08 01:00:00,1431A,JQLH,60.0,355.9123876374221,-295.9123876374221
2021-06-08 02:00:00,1431A,JQLH,41.0,355.32088445749383,-314.32088445749383
2021-06-08 03:00:00,1431A,JQLH,29.0,354.27464719669103,-325.27464719669103
2021-06-08 04:00:00,1431A,JQLH,12.0,353.1818266171628,-341.1818266171628
2021-06-08 05:00:00,1431A,JQLH,14.0,353.5411566387877,-339.5411566387877
2021-06-08 06:00:00,1431A,JQLH,16.0,353.5200608386022,-337.5200608386022
2021-06-08 07:00:00,1431A,JQLH,16.0,352.78236797413246,-336.78236797413246
2021-06-08 08:00:00,1431A,JQLH,16.0,352.7685805309572,-336.7685805309572
2021-06-08 09:00:00,1431A,JQLH,20.0,353.28405880600496,-333.28405880600496
2021-06-08 10:00:00,1431A,JQLH,19.0,354.52958934253405,-335.52958934253405
2021-06-08 11:00:00,1431A,JQLH,,356.1672076130588,
2021-06-08 12:00:00,1431A,JQLH,17.0,356.69384400103274,-339.69384400103274
2021-06-08 13:00:00,1431A,JQLH,22.0,354.99234412132625,-332.99234412132625
2021-06-08 14:00:00,1431A,JQLH,23.0,353.1526772172367,-330.1526772172367
2021-06-08 15:00:00,1431A,JQLH,24.0,352.53106233327327,-328.53106233327327
2021-06-08 16:00:00,1431A,JQLH,20.0,351.2256720499724,-331.2256720499724
2021-06-08 17:00:00,1431A,JQLH,17.0,350.81189218560377,-333.81189218560377
2021-06-08 18:00:00,1431A,JQLH,15.0,350.4370294413327,-335.4370294413327
2021-06-08 19:00:00,1431A,JQLH,18.0,352.7068400438451,-334.7068400438451
2021-06-08 20:00:00,1431A,JQLH,25.0,354.55839874719504,-329.55839874719504
2021-06-08 21:00:00,1431A,JQLH,29.0,356.5744938753943,-327.5744938753943
2021-06-08 22:00:00,1431A,JQLH,31.0,357.30168774900574,-326.30168774900574
2021-06-08 23:00:00,1431A,JQLH,35.0,358.3344617048064,-323.3344617048064
2021-06-09 00:00:00,1431A,JQLH,35.0,358.4904652319452,-323.4904652319452
2021-06-09 01:00:00,1431A,JQLH,28.0,357.3205845615125,-329.3205845615125
2021-06-09 02:00:00,1431A,JQLH,26.0,356.7290813815842,-330.7290813815842
2021-06-09 03:00:00,1431A,JQLH,25.0,355.6828441207814,-330.6828441207814
2021-06-09 04:00:00,1431A,JQLH,24.0,354.5900235412532,-330.5900235412532
2021-06-09 05:00:00,1431A,JQLH,26.0,354.94935356287806,-328.94935356287806
2021-06-09 06:00:00,1431A,JQLH,27.0,354.92825776269257,-327.92825776269257
2021-06-09 07:00:00,1431A,JQLH,32.0,354.1905648982228,-322.1905648982228
2021-06-09 08:00:00,1431A,JQLH,34.0,354.17677745504756,-320.17677745504756
2021-06-09 09:00:00,1431A,JQLH,41.0,354.6922557300953,-313.6922557300953
2021-06-09 10:00:00,1431A,JQLH,,355.9377862666244,
2021-06-09 11:00:00,1431A,JQLH,37.0,357.57540453714915,-320.57540453714915
2021-06-09 12:00:00,1431A,JQLH,34.0,358.1020409251231,-324.1020409251231
2021-06-09 13:00:00,1431A,JQLH,26.0,356.4005410454166,-330.4005410454166
2021-06-09 14:00:00,1431A,JQLH,30.0,354.5608741413271,-324.5608741413271
2021-06-09 15:00:00,1431A,JQLH,34.0,353.93925925736363,-319.93925925736363
2021-06-09 16:00:00,1431A,JQLH,35.0,352.63386897406275,-317.63386897406275
2021-06-09 17:00:00,1431A,JQLH,32.0,352.22008910969413,-320.22008910969413
2021-06-09 18:00:00,1431A,JQLH,31.0,351.84522636542306,-320.84522636542306
2021-06-09 19:00:00,1431A,JQLH,,354.11503696793545,
2021-06-09 20:00:00,1431A,JQLH,30.0,355.9665956712854,-325.9665956712854
2021-06-09 21:00:00,1431A,JQLH,32.0,357.98269079948466,-325.98269079948466
2021-06-09 22:00:00,1431A,JQLH,34.0,358.7098846730961,-324.7098846730961
2021-06-09 23:00:00,1431A,JQLH,40.0,359.7426586288968,-319.7426586288968
2021-06-10 00:00:00,1431A,JQLH,42.0,359.8986621560356,-317.8986621560356
2021-06-10 01:00:00,1431A,JQLH,40.0,358.72878148560284,-318.72878148560284
2021-06-10 02:00:00,1431A,JQLH,40.0,358.13727830567456,-318.13727830567456
2021-06-10 03:00:00,1431A,JQLH,40.0,357.09104104487176,-317.09104104487176
2021-06-10 04:00:00,1431A,JQLH,41.0,355.99822046534354,-314.99822046534354
2021-06-10 05:00:00,1431A,JQLH,42.0,356.3575504869684,-314.3575504869684
2021-06-10 06:00:00,1431A,JQLH,42.0,356.33645468678293,-314.33645468678293
2021-06-10 07:00:00,1431A,JQLH,50.0,355.5987618223132,-305.5987618223132
2021-06-10 08:00:00,1431A,JQLH,59.0,355.5849743791379,-296.5849743791379
2021-06-10 09:00:00,1431A,JQLH,62.0,356.1004526541857,-294.1004526541857
2021-06-10 10:00:00,1431A,JQLH,59.0,357.3459831907148,-298.3459831907148
2021-06-10 11:00:00,1431A,JQLH,64.0,358.9836014612395,-294.9836014612395
2021-06-10 12:00:00,1431A,JQLH,59.0,359.51023784921347,-300.51023784921347
2021-06-10 13:00:00,1431A,JQLH,54.0,357.808737969507,-303.808737969507
2021-06-10 14:00:00,1431A,JQLH,54.0,355.96907106541744,-301.96907106541744
2021-06-10 15:00:00,1431A,JQLH,49.0,355.347456181454,-306.347456181454
2021-06-10 16:00:00,1431A,JQLH,32.0,354.0420658981531,-322.0420658981531
2021-06-10 17:00:00,1431A,JQLH,22.0,353.6282860337845,-331.6282860337845
2021-06-10 18:00:00,1431A,JQLH,19.0,353.2534232895134,-334.2534232895134
2021-06-10 19:00:00,1431A,JQLH,18.0,355.5232338920258,-337.5232338920258
2021-06-10 20:00:00,1431A,JQLH,15.0,357.37479259537577,-342.37479259537577
2021-06-10 21:00:00,1431A,JQLH,15.0,359.390887723575,-344.390887723575
2021-06-10 22:00:00,1431A,JQLH,15.0,360.11808159718646,-345.11808159718646
2021-06-10 23:00:00,1431A,JQLH,16.0,361.15085555298714,-345.15085555298714
2021-06-11 00:00:00,1431A,JQLH,15.0,361.30685908012595,-346.30685908012595
2021-06-11 01:00:00,1431A,JQLH,16.0,360.1369784096932,-344.1369784096932
2021-06-11 02:00:00,1431A,JQLH,16.0,359.5454752297649,-343.5454752297649
2021-06-11 03:00:00,1431A,JQLH,17.0,358.4992379689621,-341.4992379689621
2021-06-11 04:00:00,1431A,JQLH,18.0,357.4064173894339,-339.4064173894339
2021-06-11 05:00:00,1431A,JQLH,20.0,357.7657474110588,-337.7657474110588
2021-06-11 06:00:00,1431A,JQLH,25.0,357.7446516108733,-332.7446516108733
2021-06-11 07:00:00,1431A,JQLH,28.0,357.00695874640354,-329.00695874640354
2021-06-11 08:00:00,1431A,JQLH,29.0,356.9931713032283,-327.9931713032283
2021-06-11 09:00:00,1431A,JQLH,33.0,357.50864957827605,-324.50864957827605
2021-06-11 10:00:00,1431A,JQLH,34.0,358.75418011480514,-324.75418011480514
2021-06-11 11:00:00,1431A,JQLH,37.0,360.3917983853299,-323.3917983853299
2021-06-11 12:00:00,1431A,JQLH,36.0,360.91843477330383,-324.91843477330383
2021-06-11 13:00:00,1431A,JQLH,,359.21693489359734,
2021-06-11 14:00:00,1431A,JQLH,43.0,357.3772679895078,-314.3772679895078
2021-06-11 15:00:00,1431A,JQLH,47.0,356.75565310554435,-309.75565310554435
2021-06-11 16:00:00,1431A,JQLH,47.0,355.4502628222435,-308.4502628222435
2021-06-11 17:00:00,1431A,JQLH,41.0,355.03648295787485,-314.03648295787485
2021-06-11 18:00:00,1431A,JQLH,38.0,354.6616202136038,-316.6616202136038
2021-06-11 19:00:00,1431A,JQLH,35.0,356.9314308161162,-321.9314308161162
2021-06-11 20:00:00,1431A,JQLH,37.0,358.7829895194661,-321.7829895194661
2021-06-11 21:00:00,1431A,JQLH,43.0,360.7990846476654,-317.7990846476654
2021-06-11 22:00:00,1431A,JQLH,49.0,361.5262785212768,-312.5262785212768
2021-06-11 23:00:00,1431A,JQLH,66.0,362.5590524770775,-296.5590524770775
2021-06-12 00:00:00,1431A,JQLH,86.0,362.7150560042163,-276.7150560042163
2021-06-12 01:00:00,1431A,JQLH,80.0,361.54517533378356,-281.54517533378356
2021-06-12 02:00:00,1431A,JQLH,75.0,360.9536721538553,-285.9536721538553
2021-06-12 03:00:00,1431A,JQLH,63.0,359.9074348930525,-296.9074348930525
2021-06-12 04:00:00,1431A,JQLH,60.0,358.81461431352426,-298.81461431352426
2021-06-12 05:00:00,1431A,JQLH,68.0,359.17394433514914,-291.17394433514914
2021-06-12 06:00:00,1431A,JQLH,68.0,359.15284853496365,-291.15284853496365
2021-06-12 07:00:00,1431A,JQLH,61.0,358.4151556704939,-297.4151556704939
2021-06-12 08:00:00,1431A,JQLH,58.0,358.40136822731864,-300.40136822731864
2021-06-12 09:00:00,1431A,JQLH,63.0,358.9168465023664,-295.9168465023664
2021-06-12 10:00:00,1431A,JQLH,71.0,360.1623770388955,-289.1623770388955
2021-06-12 11:00:00,1431A,JQLH,73.0,361.79999530942024,-288.79999530942024
2021-06-12 12:00:00,1431A,JQLH,76.0,362.3266316973942,-286.3266316973942
2021-06-12 13:00:00,1431A,JQLH,79.0,360.6251318176877,-281.6251318176877
2021-06-12 14:00:00,1431A,JQLH,73.0,358.78546491359816,-285.78546491359816
2021-06-12 15:00:00,1431A,JQLH,,358.1638500296347,
2021-06-12 16:00:00,1431A,JQLH,,356.85845974633384,
2021-06-12 17:00:00,1431A,JQLH,,356.4446798819652,
2021-06-12 18:00:00,1431A,JQLH,75.0,356.06981713769414,-281.06981713769414
2021-06-12 19:00:00,1431A,JQLH,69.0,358.33962774020654,-289.33962774020654
2021-06-12 20:00:00,1431A,JQLH,65.0,360.1911864435565,-295.1911864435565
2021-06-12 21:00:00,1431A,JQLH,53.0,362.20728157175574,-309.20728157175574
2021-06-12 22:00:00,1431A,JQLH,78.0,362.9344754453672,-284.9344754453672
2021-06-12 23:00:00,1431A,JQLH,117.0,363.96724940116786,-246.96724940116786
2021-06-13 00:00:00,1431A,JQLH,108.0,364.12325292830667,-256.12325292830667
2021-06-13 01:00:00,1431A,JQLH,86.0,362.9533722578739,-276.9533722578739
2021-06-13 02:00:00,1431A,JQLH,73.0,362.36186907794564,-289.36186907794564
2021-06-13 03:00:00,1431A,JQLH,53.0,361.31563181714284,-308.31563181714284
2021-06-13 04:00:00,1431A,JQLH,54.0,360.2228112376146,-306.2228112376146
2021-06-13 05:00:00,1431A,JQLH,117.0,360.5821412592395,-243.5821412592395
2021-06-13 06:00:00,1431A,JQLH,122.0,360.561045459054,-238.56104545905401
2021-06-13 07:00:00,1431A,JQLH,108.0,359.82335259458426,-251.82335259458426
2021-06-13 08:00:00,1431A,JQLH,80.0,359.809565151409,-279.809565151409
2021-06-13 09:00:00,1431A,JQLH,60.0,360.3250434264568,-300.3250434264568
2021-06-13 10:00:00,1431A,JQLH,75.0,361.57057396298586,-286.57057396298586
2021-06-13 11:00:00,1431A,JQLH,67.0,363.2081922335106,-296.2081922335106
2021-06-13 12:00:00,1431A,JQLH,61.0,363.73482862148455,-302.73482862148455
2021-06-13 13:00:00,1431A,JQLH,52.0,362.03332874177806,-310.03332874177806
2021-06-13 14:00:00,1431A,JQLH,36.0,360.1936618376885,-324.1936618376885
2021-06-13 15:00:00,1431A,JQLH,22.0,359.5720469537251,-337.5720469537251
2021-06-13 16:00:00,1431A,JQLH,20.0,358.2666566704242,-338.2666566704242
2021-06-13 17:00:00,1431A,JQLH,28.0,357.8528768060556,-329.8528768060556
2021-06-13 18:00:00,1431A,JQLH,35.0,357.4780140617845,-322.4780140617845
2021-06-13 19:00:00,1431A,JQLH,54.0,359.7478246642969,-305.7478246642969
2021-06-13 20:00:00,1431A,JQLH,60.0,361.59938336764685,-301.59938336764685
2021-06-13 21:00:00,1431A,JQLH,61.0,363.6154784958461,-302.6154784958461
2021-06-13 22:00:00,1431A,JQLH,70.0,364.34267236945755,-294.34267236945755
2021-06-13 23:00:00,1431A,JQLH,75.0,365.3754463252582,-290.3754463252582
2021-06-14 00:00:00,1431A,JQLH,82.0,365.53144985239703,-283.53144985239703
2021-06-14 01:00:00,1431A,JQLH,114.0,364.3615691819643,-250.36156918196428
2021-06-14 02:00:00,1431A,JQLH,94.0,363.770066002036,-269.770066002036
2021-06-14 03:00:00,1431A,JQLH,80.0,362.7238287412332,-282.7238287412332
2021-06-14 04:00:00,1431A,JQLH,70.0,361.631008161705,-291.631008161705
2021-06-14 05:00:00,1431A,JQLH,62.0,361.99033818332987,-299.99033818332987
2021-06-14 06:00:00,1431A,JQLH,60.0,361.9692423831444,-301.9692423831444
2021-06-14 07:00:00,1431A,JQLH,56.0,361.2315495186746,-305.2315495186746
2021-06-14 08:00:00,1431A,JQLH,56.0,361.21776207549937,-305.21776207549937
2021-06-14 09:00:00,1431A,JQLH,48.0,361.73324035054713,-313.73324035054713
2021-06-14 10:00:00,1431A,JQLH,50.0,362.9787708870762,-312.9787708870762
2021-06-14 11:00:00,1431A,JQLH,42.0,364.61638915760096,-322.61638915760096
2021-06-14 12:00:00,1431A,JQLH,41.0,365.1430255455749,-324.1430255455749
2021-06-14 13:00:00,1431A,JQLH,40.0,363.4415256658684,-323.4415256658684
2021-06-14 14:00:00,1431A,JQLH,29.0,361.6018587617789,-332.6018587617789
2021-06-14 15:00:00,1431A,JQLH,21.0,360.98024387781544,-339.98024387781544
2021-06-14 16:00:00,1431A,JQLH,14.0,359.67485359451456,-345.67485359451456
2021-06-14 17:00:00,1431A,JQLH,20.0,359.26107373014594,-339.26107373014594
2021-06-14 18:00:00,1431A,JQLH,22.0,358.88621098587487,-336.88621098587487
2021-06-14 19:00:00,1431A,JQLH,21.0,361.15602158838726,-340.15602158838726
2021-06-14 20:00:00,1431A,JQLH,16.0,363.0075802917372,-347.0075802917372
2021-06-14 21:00:00,1431A,JQLH,17.0,365.02367541993647,-348.02367541993647
2021-06-14 22:00:00,1431A,JQLH,20.0,365.7508692935479,-345.7508692935479
2021-06-14 23:00:00,1431A,JQLH,30.0,366.7836432493486,-336.7836432493486
2021-06-15 00:00:00,1431A,JQLH,37.0,366.9396467764874,-329.9396467764874
2021-06-15 01:00:00,1431A,JQLH,42.0,365.76976610605465,-323.76976610605465
2021-06-15 02:00:00,1431A,JQLH,43.0,365.17826292612637,-322.17826292612637
2021-06-15 03:00:00,1431A,JQLH,43.0,364.13202566532357,-321.13202566532357
2021-06-15 04:00:00,1431A,JQLH,41.0,363.03920508579534,-322.03920508579534
2021-06-15 05:00:00,1431A,JQLH,41.0,363.39853510742023,-322.39853510742023
2021-06-15 06:00:00,1431A,JQLH,42.0,363.37743930723474,-321.37743930723474
2021-06-15 07:00:00,1431A,JQLH,41.0,362.639746442765,-321.639746442765
2021-06-15 08:00:00,1431A,JQLH,29.0,362.6259589995897,-333.6259589995897
2021-06-15 09:00:00,1431A,JQLH,24.0,363.1414372746375,-339.1414372746375
2021-06-15 10:00:00,1431A,JQLH,20.0,364.3869678111666,-344.3869678111666
2021-06-15 11:00:00,1431A,JQLH,18.0,366.0245860816913,-348.0245860816913
2021-06-15 12:00:00,1431A,JQLH,,366.5512224696653,
2021-06-15 13:00:00,1431A,JQLH,20.0,364.8497225899588,-344.8497225899588
2021-06-15 14:00:00,1431A,JQLH,11.0,363.01005568586925,-352.01005568586925
2021-06-15 15:00:00,1431A,JQLH,10.0,362.3884408019058,-352.3884408019058
2021-06-15 16:00:00,1431A,JQLH,13.0,361.0830505186049,-348.0830505186049
2021-06-15 17:00:00,1431A,JQLH,14.0,360.6692706542363,-346.6692706542363
2021-06-15 18:00:00,1431A,JQLH,16.0,360.29440790996523,-344.29440790996523
2021-06-15 19:00:00,1431A,JQLH,15.0,362.5642185124776,-347.5642185124776
2021-06-15 20:00:00,1431A,JQLH,13.0,364.4157772158276,-351.4157772158276
2021-06-15 21:00:00,1431A,JQLH,13.0,366.43187234402683,-353.43187234402683
2021-06-15 22:00:00,1431A,JQLH,14.0,367.15906621763827,-353.15906621763827
2021-06-15 23:00:00,1431A,JQLH,15.0,368.19184017343895,-353.19184017343895
2021-06-16 00:00:00,1431A,JQLH,13.0,368.34784370057776,-355.34784370057776
2021-06-16 01:00:00,1431A,JQLH,13.0,367.177963030145,-354.177963030145
2021-06-16 02:00:00,1431A,JQLH,15.0,366.5864598502167,-351.5864598502167
2021-06-16 03:00:00,1431A,JQLH,14.0,365.54022258941393,-351.54022258941393
2021-06-16 04:00:00,1431A,JQLH,18.0,364.4474020098857,-346.4474020098857
2021-06-16 05:00:00,1431A,JQLH,21.0,364.8067320315106,-343.8067320315106
2021-06-16 06:00:00,1431A,JQLH,25.0,364.7856362313251,-339.7856362313251
2021-06-16 07:00:00,1431A,JQLH,27.0,364.04794336685535,-337.04794336685535
2021-06-16 08:00:00,1431A,JQLH,30.0,364.0341559236801,-334.0341559236801
2021-06-16 09:00:00,1431A,JQLH,29.0,364.54963419872786,-335.54963419872786
2021-06-16 10:00:00,1431A,JQLH,31.0,365.79516473525695,-334.79516473525695
2021-06-16 11:00:00,1431A,JQLH,30.0,367.4327830057817,-337.4327830057817
2021-06-16 12:00:00,1431A,JQLH,22.0,367.95941939375564,-345.95941939375564
2021-06-16 13:00:00,1431A,JQLH,22.0,366.25791951404915,-344.25791951404915
2021-06-16 14:00:00,1431A,JQLH,30.0,364.4182526099596,-334.4182526099596
2021-06-16 15:00:00,1431A,JQLH,26.0,363.79663772599616,-337.79663772599616
2021-06-16 16:00:00,1431A,JQLH,17.0,362.4912474426953,-345.4912474426953
2021-06-16 17:00:00,1431A,JQLH,8.0,362.07746757832666,-354.07746757832666
2021-06-16 18:00:00,1431A,JQLH,7.0,361.7026048340556,-354.7026048340556
2021-06-16 19:00:00,1431A,JQLH,6.0,363.972415436568,-357.972415436568
2021-06-16 20:00:00,1431A,JQLH,6.0,365.82397413991794,-359.82397413991794
2021-06-16 21:00:00,1431A,JQLH,6.0,367.8400692681172,-361.8400692681172
2021-06-16 22:00:00,1431A,JQLH,7.0,368.56726314172863,-361.56726314172863
2021-06-16 23:00:00,1431A,JQLH,8.0,369.6000370975293,-361.6000370975293
2021-06-17 00:00:00,1431A,JQLH,7.0,369.7560406246681,-362.7560406246681
2021-06-17 01:00:00,1431A,JQLH,8.0,368.58615995423537,-360.58615995423537
2021-06-17 02:00:00,1431A,JQLH,8.0,367.9946567743071,-359.9946567743071
2021-06-17 03:00:00,1431A,JQLH,7.0,366.9484195135043,-359.9484195135043
2021-06-17 04:00:00,1431A,JQLH,7.0,365.85559893397607,-358.85559893397607
2021-06-17 05:00:00,1431A,JQLH,8.0,366.21492895560095,-358.21492895560095
2021-06-17 06:00:00,1431A,JQLH,5.0,366.19383315541546,-361.19383315541546
2021-06-17 07:00:00,1431A,JQLH,5.0,365.4561402909457,-360.4561402909457
2021-06-17 08:00:00,1431A,JQLH,4.0,365.44235284777045,-361.44235284777045
2021-06-17 09:00:00,1431A,JQLH,4.0,365.9578311228182,-361.9578311228182
2021-06-17 10:00:00,1431A,JQLH,6.0,367.2033616593473,-361.2033616593473
2021-06-17 11:00:00,1431A,JQLH,9.0,368.84097992987205,-359.84097992987205
2021-06-17 12:00:00,1431A,JQLH,7.0,369.367616317846,-362.367616317846
2021-06-17 13:00:00,1431A,JQLH,11.0,367.6661164381395,-356.6661164381395
2021-06-17 14:00:00,1431A,JQLH,19.0,365.82644953404997,-346.82644953404997
2021-06-17 15:00:00,1431A,JQLH,15.0,365.2048346500865,-350.2048346500865
2021-06-17 16:00:00,1431A,JQLH,17.0,363.89944436678564,-346.89944436678564
2021-06-17 17:00:00,1431A,JQLH,20.0,363.485664502417,-343.485664502417
2021-06-17 18:00:00,1431A,JQLH,19.0,363.11080175814595,-344.11080175814595
2021-06-17 19:00:00,1431A,JQLH,27.0,365.38061236065835,-338.38061236065835
2021-06-17 20:00:00,1431A,JQLH,20.0,367.2321710640083,-347.2321710640083
2021-06-17 21:00:00,1431A,JQLH,25.0,369.24826619220755,-344.24826619220755
2021-06-17 22:00:00,1431A,JQLH,25.0,369.975460065819,-344.975460065819
2021-06-17 23:00:00,1431A,JQLH,30.0,371.00823402161967,-341.00823402161967
2021-06-18 00:00:00,1431A,JQLH,23.0,371.1642375487585,-348.1642375487585
2021-06-18 01:00:00,1431A,JQLH,22.0,369.99435687832573,-347.99435687832573
2021-06-18 02:00:00,1431A,JQLH,25.0,369.40285369839745,-344.40285369839745
2021-06-18 03:00:00,1431A,JQLH,26.0,368.35661643759465,-342.35661643759465
2021-06-18 04:00:00,1431A,JQLH,18.0,367.26379585806643,-349.26379585806643
2021-06-18 05:00:00,1431A,JQLH,15.0,367.6231258796913,-352.6231258796913
2021-06-18 06:00:00,1431A,JQLH,17.0,367.6020300795058,-350.6020300795058
2021-06-18 07:00:00,1431A,JQLH,18.0,366.8643372150361,-348.8643372150361
2021-06-18 08:00:00,1431A,JQLH,21.0,366.8505497718608,-345.8505497718608
2021-06-18 09:00:00,1431A,JQLH,24.0,367.3660280469086,-343.3660280469086
2021-06-18 10:00:00,1431A,JQLH,17.0,368.61155858343767,-351.61155858343767
2021-06-18 11:00:00,1431A,JQLH,10.0,370.2491768539624,-360.2491768539624
2021-06-18 12:00:00,1431A,JQLH,10.0,370.77581324193636,-360.77581324193636
2021-06-18 13:00:00,1431A,JQLH,17.0,369.0743133622299,-352.0743133622299
2021-06-18 14:00:00,1431A,JQLH,22.0,367.23464645814033,-345.23464645814033
2021-06-18 15:00:00,1431A,JQLH,32.0,366.6130315741769,-334.6130315741769
2021-06-18 16:00:00,1431A,JQLH,28.0,365.307641290876,-337.307641290876
2021-06-18 17:00:00,1431A,JQLH,28.0,364.8938614265074,-336.8938614265074
2021-06-18 18:00:00,1431A,JQLH,31.0,364.5189986822363,-333.5189986822363
2021-06-18 19:00:00,1431A,JQLH,29.0,366.7888092847487,-337.7888092847487
2021-06-18 20:00:00,1431A,JQLH,24.0,368.64036798809866,-344.64036798809866
2021-06-18 21:00:00,1431A,JQLH,23.0,370.6564631162979,-347.6564631162979
2021-06-18 22:00:00,1431A,JQLH,,371.38365698990935,
2021-06-18 23:00:00,1431A,JQLH,29.0,372.41643094571003,-343.41643094571003
2021-06-19 00:00:00,1431A,JQLH,33.0,372.57243447284884,-339.57243447284884
2021-06-19 01:00:00,1431A,JQLH,39.0,371.4025538024161,-332.4025538024161
2021-06-19 02:00:00,1431A,JQLH,45.0,370.8110506224878,-325.8110506224878
2021-06-19 03:00:00,1431A,JQLH,50.0,369.764813361685,-319.764813361685
2021-06-19 04:00:00,1431A,JQLH,57.0,368.6719927821568,-311.6719927821568
2021-06-19 05:00:00,1431A,JQLH,58.0,369.0313228037817,-311.0313228037817
2021-06-19 06:00:00,1431A,JQLH,57.0,369.0102270035962,-312.0102270035962
2021-06-19 07:00:00,1431A,JQLH,53.0,368.27253413912644,-315.27253413912644
2021-06-19 08:00:00,1431A,JQLH,52.0,368.2587466959512,-316.2587466959512
2021-06-19 09:00:00,1431A,JQLH,52.0,368.77422497099894,-316.77422497099894
2021-06-19 10:00:00,1431A,JQLH,63.0,370.01975550752803,-307.01975550752803
2021-06-19 11:00:00,1431A,JQLH,70.0,371.6573737780528,-301.6573737780528
2021-06-19 12:00:00,1431A,JQLH,53.0,372.1840101660267,-319.1840101660267
2021-06-19 13:00:00,1431A,JQLH,57.0,370.48251028632023,-313.48251028632023
2021-06-19 14:00:00,1431A,JQLH,60.0,368.6428433822307,-308.6428433822307
2021-06-19 15:00:00,1431A,JQLH,44.0,368.02122849826725,-324.02122849826725
2021-06-19 16:00:00,1431A,JQLH,25.0,366.71583821496637,-341.71583821496637
2021-06-19 17:00:00,1431A,JQLH,17.0,366.30205835059775,-349.30205835059775
2021-06-19 18:00:00,1431A,JQLH,14.0,365.9271956063267,-351.9271956063267
2021-06-19 19:00:00,1431A,JQLH,16.0,368.19700620883907,-352.19700620883907
2021-06-19 20:00:00,1431A,JQLH,,370.048564912189,
2021-06-19 21:00:00,1431A,JQLH,25.0,372.0646600403883,-347.0646600403883
2021-06-19 22:00:00,1431A,JQLH,32.0,372.7918539139997,-340.7918539139997
2021-06-19 23:00:00,1431A,JQLH,45.0,373.8246278698004,-328.8246278698004
2021-06-20 00:00:00,1431A,JQLH,53.0,373.9806313969392,-320.9806313969392
2021-06-20 01:00:00,1431A,JQLH,48.0,372.81075072650646,-324.81075072650646
2021-06-20 02:00:00,1431A,JQLH,44.0,372.2192475465782,-328.2192475465782
2021-06-20 03:00:00,1431A,JQLH,48.0,371.1730102857754,-323.1730102857754
2021-06-20 04:00:00,1431A,JQLH,47.0,370.08018970624715,-323.08018970624715
2021-06-20 05:00:00,1431A,JQLH,48.0,370.43951972787204,-322.43951972787204
2021-06-20 06:00:00,1431A,JQLH,44.0,370.41842392768655,-326.41842392768655
2021-06-20 07:00:00,1431A,JQLH,42.0,369.6807310632168,-327.6807310632168
2021-06-20 08:00:00,1431A,JQLH,59.0,369.66694362004154,-310.66694362004154
2021-06-20 09:00:00,1431A,JQLH,72.0,370.1824218950893,-298.1824218950893
2021-06-20 10:00:00,1431A,JQLH,62.0,371.4279524316184,-309.4279524316184
2021-06-20 11:00:00,1431A,JQLH,74.0,373.06557070214313,-299.06557070214313
2021-06-20 12:00:00,1431A,JQLH,72.0,373.5922070901171,-301.5922070901171
2021-06-20 13:00:00,1431A,JQLH,66.0,371.8907072104106,-305.8907072104106
2021-06-20 14:00:00,1431A,JQLH,39.0,370.05104030632106,-331.05104030632106
2021-06-20 15:00:00,1431A,JQLH,35.0,369.4294254223576,-334.4294254223576
2021-06-20 16:00:00,1431A,JQLH,18.0,368.12403513905673,-350.12403513905673
2021-06-20 17:00:00,1431A,JQLH,18.0,367.7102552746881,-349.7102552746881
2021-06-20 18:00:00,1431A,JQLH,13.0,367.33539253041704,-354.33539253041704
2021-06-20 19:00:00,1431A,JQLH,14.0,369.60520313292943,-355.60520313292943
2021-06-20 20:00:00,1431A,JQLH,,371.4567618362794,
2021-06-20 21:00:00,1431A,JQLH,22.0,373.47285696447864,-351.47285696447864
2021-06-20 22:00:00,1431A,JQLH,17.0,374.2000508380901,-357.2000508380901
2021-06-20 23:00:00,1431A,JQLH,21.0,375.23282479389076,-354.23282479389076
2021-06-21 00:00:00,1431A,JQLH,27.0,375.38882832102956,-348.38882832102956
2021-06-21 01:00:00,1431A,JQLH,35.0,374.2189476505968,-339.2189476505968
2021-06-21 02:00:00,1431A,JQLH,36.0,373.62744447066854,-337.62744447066854
2021-06-21 03:00:00,1431A,JQLH,44.0,372.58120720986574,-328.58120720986574
2021-06-21 04:00:00,1431A,JQLH,51.0,371.4883866303375,-320.4883866303375
2021-06-21 05:00:00,1431A,JQLH,56.0,371.8477166519624,-315.8477166519624
2021-06-21 06:00:00,1431A,JQLH,56.0,371.8266208517769,-315.8266208517769
2021-06-21 07:00:00,1431A,JQLH,65.0,371.08892798730716,-306.08892798730716
2021-06-21 08:00:00,1431A,JQLH,76.0,371.0751405441319,-295.0751405441319
2021-06-21 09:00:00,1431A,JQLH,80.0,371.59061881917967,-291.59061881917967
2021-06-21 10:00:00,1431A,JQLH,78.0,372.83614935570876,-294.83614935570876
2021-06-21 11:00:00,1431A,JQLH,76.0,374.4737676262335,-298.4737676262335
2021-06-21 12:00:00,1431A,JQLH,65.0,375.00040401420745,-310.00040401420745
2021-06-21 13:00:00,1431A,JQLH,68.0,373.29890413450096,-305.29890413450096
2021-06-21 14:00:00,1431A,JQLH,62.0,371.4592372304114,-309.4592372304114
2021-06-21 15:00:00,1431A,JQLH,53.0,370.837622346448,-317.837622346448
2021-06-21 16:00:00,1431A,JQLH,38.0,369.5322320631471,-331.5322320631471
2021-06-21 17:00:00,1431A,JQLH,23.0,369.11845219877847,-346.11845219877847
2021-06-21 18:00:00,1431A,JQLH,28.0,368.7435894545074,-340.7435894545074
2021-06-21 19:00:00,1431A,JQLH,28.0,371.0134000570198,-343.0134000570198
2021-06-21 20:00:00,1431A,JQLH,30.0,372.86495876036975,-342.86495876036975
2021-06-21 21:00:00,1431A,JQLH,30.0,374.881053888569,-344.881053888569
2021-06-21 22:00:00,1431A,JQLH,42.0,375.60824776218044,-333.60824776218044
2021-06-21 23:00:00,1431A,JQLH,67.0,376.6410217179811,-309.6410217179811
2021-06-22 00:00:00,1431A,JQLH,75.0,376.7970252451199,-301.7970252451199
2021-06-22 01:00:00,1431A,JQLH,72.0,375.6271445746872,-303.6271445746872
2021-06-22 02:00:00,1431A,JQLH,68.0,375.0356413947589,-307.0356413947589
2021-06-22 03:00:00,1431A,JQLH,69.0,373.9894041339561,-304.9894041339561
2021-06-22 04:00:00,1431A,JQLH,73.0,372.8965835544279,-299.8965835544279
2021-06-22 05:00:00,1431A,JQLH,71.0,373.25591357605276,-302.25591357605276
2021-06-22 06:00:00,1431A,JQLH,70.0,373.23481777586727,-303.23481777586727
2021-06-22 07:00:00,1431A,JQLH,60.0,372.4971249113975,-312.4971249113975
2021-06-22 08:00:00,1431A,JQLH,69.0,372.48333746822226,-303.48333746822226
2021-06-22 09:00:00,1431A,JQLH,93.0,372.99881574327003,-279.99881574327003
2021-06-22 10:00:00,1431A,JQLH,97.0,374.2443462797991,-277.2443462797991
2021-06-22 11:00:00,1431A,JQLH,68.0,375.88196455032386,-307.88196455032386
2021-06-22 12:00:00,1431A,JQLH,53.0,376.4086009382978,-323.4086009382978
2021-06-22 13:00:00,1431A,JQLH,46.0,374.7071010585913,-328.7071010585913
2021-06-22 14:00:00,1431A,JQLH,48.0,372.8674341545018,-324.8674341545018
2021-06-22 15:00:00,1431A,JQLH,,372.24581927053833,
2021-06-22 16:00:00,1431A,JQLH,,370.94042898723745,
2021-06-22 17:00:00,1431A,JQLH,17.0,370.52664912286883,-353.52664912286883
2021-06-22 18:00:00,1431A,JQLH,17.0,370.15178637859776,-353.15178637859776
2021-06-22 19:00:00,1431A,JQLH,14.0,372.42159698111016,-358.42159698111016
2021-06-22 20:00:00,1431A,JQLH,21.0,374.2731556844601,-353.2731556844601
2021-06-22 21:00:00,1431A,JQLH,26.0,376.28925081265936,-350.28925081265936
2021-06-22 22:00:00,1431A,JQLH,25.0,377.0164446862708,-352.0164446862708
2021-06-22 23:00:00,1431A,JQLH,26.0,378.0492186420715,-352.0492186420715
2021-06-23 00:00:00,1431A,JQLH,29.0,378.2052221692103,-349.2052221692103
2021-06-23 01:00:00,1431A,JQLH,34.0,377.03534149877754,-343.03534149877754
2021-06-23 02:00:00,1431A,JQLH,40.0,376.44383831884926,-336.44383831884926
2021-06-23 03:00:00,1431A,JQLH,44.0,375.39760105804646,-331.39760105804646
2021-06-23 04:00:00,1431A,JQLH,75.0,374.30478047851824,-299.30478047851824
2021-06-23 05:00:00,1431A,JQLH,70.0,374.6641105001431,-304.6641105001431
2021-06-23 06:00:00,1431A,JQLH,65.0,374.64301469995763,-309.64301469995763
2021-06-23 07:00:00,1431A,JQLH,66.0,373.9053218354879,-307.9053218354879
2021-06-23 08:00:00,1431A,JQLH,65.0,373.8915343923126,-308.8915343923126
2021-06-23 09:00:00,1431A,JQLH,71.0,374.4070126673604,-303.4070126673604
2021-06-23 10:00:00,1431A,JQLH,68.0,375.6525432038895,-307.6525432038895
2021-06-23 11:00:00,1431A,JQLH,65.0,377.2901614744142,-312.2901614744142
2021-06-23 12:00:00,1431A,JQLH,74.0,377.81679786238817,-303.81679786238817
2021-06-23 13:00:00,1431A,JQLH,62.0,376.1152979826817,-314.1152979826817
2021-06-23 14:00:00,1431A,JQLH,52.0,374.27563107859214,-322.27563107859214
2021-06-23 15:00:00,1431A,JQLH,61.0,373.6540161946287,-312.6540161946287
2021-06-23 16:00:00,1431A,JQLH,62.0,372.3486259113278,-310.3486259113278
2021-06-23 17:00:00,1431A,JQLH,67.0,371.9348460469592,-304.9348460469592
2021-06-23 18:00:00,1431A,JQLH,55.0,371.5599833026881,-316.5599833026881
2021-06-23 19:00:00,1431A,JQLH,50.0,373.8297939052005,-323.8297939052005
2021-06-23 20:00:00,1431A,JQLH,47.0,375.68135260855047,-328.68135260855047
2021-06-23 21:00:00,1431A,JQLH,43.0,377.6974477367497,-334.6974477367497
2021-06-23 22:00:00,1431A,JQLH,46.0,378.42464161036116,-332.42464161036116
2021-06-23 23:00:00,1431A,JQLH,47.0,379.45741556616184,-332.45741556616184
2021-06-24 00:00:00,1431A,JQLH,48.0,379.61341909330065,-331.61341909330065
2021-06-24 01:00:00,1431A,JQLH,49.0,378.4435384228679,-329.4435384228679
2021-06-24 02:00:00,1431A,JQLH,51.0,377.8520352429396,-326.8520352429396
2021-06-24 03:00:00,1431A,JQLH,52.0,376.8057979821368,-324.8057979821368
2021-06-24 04:00:00,1431A,JQLH,50.0,375.7129774026086,-325.7129774026086
2021-06-24 05:00:00,1431A,JQLH,58.0,376.0723074242335,-318.0723074242335
2021-06-24 06:00:00,1431A,JQLH,62.0,376.051211624048,-314.051211624048
2021-06-24 07:00:00,1431A,JQLH,71.0,375.31351875957824,-304.31351875957824
2021-06-24 08:00:00,1431A,JQLH,70.0,375.299731316403,-305.299731316403
2021-06-24 09:00:00,1431A,JQLH,66.0,375.81520959145075,-309.81520959145075
2021-06-24 10:00:00,1431A,JQLH,60.0,377.06074012797984,-317.06074012797984
2021-06-24 11:00:00,1431A,JQLH,55.0,378.6983583985046,-323.6983583985046
2021-06-24 12:00:00,1431A,JQLH,59.0,379.22499478647853,-320.22499478647853
2021-06-24 13:00:00,1431A,JQLH,56.0,377.52349490677204,-321.52349490677204
2021-06-24 14:00:00,1431A,JQLH,49.0,375.6838280026825,-326.6838280026825
2021-06-24 15:00:00,1431A,JQLH,47.0,375.06221311871906,-328.06221311871906
2021-06-24 16:00:00,1431A,JQLH,44.0,373.7568228354182,-329.7568228354182
2021-06-24 17:00:00,1431A,JQLH,33.0,373.34304297104956,-340.34304297104956
2021-06-24 18:00:00,1431A,JQLH,31.0,372.9681802267785,-341.9681802267785
2021-06-24 19:00:00,1431A,JQLH,22.0,375.2379908292909,-353.2379908292909
2021-06-24 20:00:00,1431A,JQLH,17.0,377.08954953264083,-360.08954953264083
2021-06-24 21:00:00,1431A,JQLH,13.0,379.1056446608401,-366.1056446608401
2021-06-24 22:00:00,1431A,JQLH,10.0,379.8328385344515,-369.8328385344515
2021-06-24 23:00:00,1431A,JQLH,12.0,380.8656124902522,-368.8656124902522
2021-06-25 00:00:00,1431A,JQLH,18.0,381.021616017391,-363.021616017391
2021-06-25 01:00:00,1431A,JQLH,18.0,379.85173534695826,-361.85173534695826
2021-06-25 02:00:00,1431A,JQLH,22.0,379.26023216703,-357.26023216703
2021-06-25 03:00:00,1431A,JQLH,26.0,378.2139949062272,-352.2139949062272
2021-06-25 04:00:00,1431A,JQLH,28.0,377.12117432669896,-349.12117432669896
2021-06-25 05:00:00,1431A,JQLH,31.0,377.48050434832385,-346.48050434832385
2021-06-25 06:00:00,1431A,JQLH,32.0,377.45940854813836,-345.45940854813836
2021-06-25 07:00:00,1431A,JQLH,30.0,376.7217156836686,-346.7217156836686
2021-06-25 08:00:00,1431A,JQLH,31.0,376.70792824049335,-345.70792824049335
2021-06-25 09:00:00,1431A,JQLH,29.0,377.2234065155411,-348.2234065155411
2021-06-25 10:00:00,1431A,JQLH,26.0,378.4689370520702,-352.4689370520702
2021-06-25 11:00:00,1431A,JQLH,25.0,380.10655532259494,-355.10655532259494
2021-06-25 12:00:00,1431A,JQLH,24.0,380.6331917105689,-356.6331917105689
2021-06-25 13:00:00,1431A,JQLH,25.0,378.9316918308624,-353.9316918308624
2021-06-25 14:00:00,1431A,JQLH,22.0,377.09202492677287,-355.09202492677287
2021-06-25 15:00:00,1431A,JQLH,20.0,376.4704100428094,-356.4704100428094
2021-06-25 16:00:00,1431A,JQLH,23.0,375.16501975950854,-352.16501975950854
2021-06-25 17:00:00,1431A,JQLH,22.0,374.7512398951399,-352.7512398951399
2021-06-25 18:00:00,1431A,JQLH,22.0,374.37637715086885,-352.37637715086885
2021-06-25 19:00:00,1431A,JQLH,22.0,376.64618775338124,-354.64618775338124
2021-06-25 20:00:00,1431A,JQLH,22.0,378.4977464567312,-356.4977464567312
2021-06-25 21:00:00,1431A,JQLH,22.0,380.51384158493045,-358.51384158493045
2021-06-25 22:00:00,1431A,JQLH,24.0,381.2410354585419,-357.2410354585419
2021-06-25 23:00:00,1431A,JQLH,31.0,382.27380941434257,-351.27380941434257
2021-06-26 00:00:00,1431A,JQLH,40.0,382.4298129414814,-342.4298129414814
2021-06-26 01:00:00,1431A,JQLH,44.0,381.2599322710486,-337.2599322710486
2021-06-26 02:00:00,1431A,JQLH,44.0,380.66842909112034,-336.66842909112034
2021-06-26 03:00:00,1431A,JQLH,42.0,379.62219183031755,-337.62219183031755
2021-06-26 04:00:00,1431A,JQLH,44.0,378.5293712507893,-334.5293712507893
2021-06-26 05:00:00,1431A,JQLH,42.0,378.8887012724142,-336.8887012724142
2021-06-26 06:00:00,1431A,JQLH,44.0,378.8676054722287,-334.8676054722287
2021-06-26 07:00:00,1431A,JQLH,49.0,378.12991260775897,-329.12991260775897
2021-06-26 08:00:00,1431A,JQLH,53.0,378.1161251645837,-325.1161251645837
2021-06-26 09:00:00,1431A,JQLH,54.0,378.6316034396315,-324.6316034396315
2021-06-26 10:00:00,1431A,JQLH,56.0,379.87713397616056,-323.87713397616056
2021-06-26 11:00:00,1431A,JQLH,56.0,381.5147522466853,-325.5147522466853
2021-06-26 12:00:00,1431A,JQLH,60.0,382.04138863465926,-322.04138863465926
2021-06-26 13:00:00,1431A,JQLH,51.0,380.33988875495277,-329.33988875495277
2021-06-26 14:00:00,1431A,JQLH,50.0,378.5002218508632,-328.5002218508632
2021-06-26 15:00:00,1431A,JQLH,48.0,377.8786069668998,-329.8786069668998
2021-06-26 16:00:00,1431A,JQLH,39.0,376.5732166835989,-337.5732166835989
2021-06-26 17:00:00,1431A,JQLH,41.0,376.1594368192303,-335.1594368192303
2021-06-26 18:00:00,1431A,JQLH,47.0,375.7845740749592,-328.7845740749592
2021-06-26 19:00:00,1431A,JQLH,50.0,378.0543846774716,-328.0543846774716
2021-06-26 20:00:00,1431A,JQLH,48.0,379.90594338082155,-331.90594338082155
2021-06-26 21:00:00,1431A,JQLH,47.0,381.9220385090208,-334.9220385090208
2021-06-26 22:00:00,1431A,JQLH,62.0,382.64923238263225,-320.64923238263225
2021-06-26 23:00:00,1431A,JQLH,68.0,383.6820063384329,-315.6820063384329
2021-06-27 00:00:00,1431A,JQLH,68.0,383.83800986557173,-315.83800986557173
2021-06-27 01:00:00,1431A,JQLH,63.0,382.668129195139,-319.668129195139
2021-06-27 02:00:00,1431A,JQLH,61.0,382.0766260152107,-321.0766260152107
2021-06-27 03:00:00,1431A,JQLH,61.0,381.0303887544079,-320.0303887544079
2021-06-27 04:00:00,1431A,JQLH,63.0,379.9375681748797,-316.9375681748797
2021-06-27 05:00:00,1431A,JQLH,58.0,380.29689819650457,-322.29689819650457
2021-06-27 06:00:00,1431A,JQLH,54.0,380.2758023963191,-326.2758023963191
2021-06-27 07:00:00,1431A,JQLH,53.0,379.53810953184933,-326.53810953184933
2021-06-27 08:00:00,1431A,JQLH,61.0,379.52432208867407,-318.52432208867407
2021-06-27 09:00:00,1431A,JQLH,68.0,380.03980036372184,-312.03980036372184
2021-06-27 10:00:00,1431A,JQLH,63.0,381.2853309002509,-318.2853309002509
2021-06-27 11:00:00,1431A,JQLH,60.0,382.92294917077567,-322.92294917077567
2021-06-27 12:00:00,1431A,JQLH,68.0,383.4495855587496,-315.4495855587496
2021-06-27 13:00:00,1431A,JQLH,50.0,381.74808567904313,-331.74808567904313
2021-06-27 14:00:00,1431A,JQLH,37.0,379.9084187749536,-342.9084187749536
2021-06-27 15:00:00,1431A,JQLH,20.0,379.28680389099014,-359.28680389099014
2021-06-27 16:00:00,1431A,JQLH,20.0,377.98141360768926,-357.98141360768926
2021-06-27 17:00:00,1431A,JQLH,17.0,377.56763374332064,-360.56763374332064
2021-06-27 18:00:00,1431A,JQLH,15.0,377.19277099904957,-362.19277099904957
2021-06-27 19:00:00,1431A,JQLH,16.0,379.46258160156196,-363.46258160156196
2021-06-27 20:00:00,1431A,JQLH,19.0,381.3141403049119,-362.3141403049119
2021-06-27 21:00:00,1431A,JQLH,19.0,383.33023543311117,-364.33023543311117
2021-06-27 22:00:00,1431A,JQLH,18.0,384.0574293067226,-366.0574293067226
2021-06-27 23:00:00,1431A,JQLH,23.0,385.0902032625233,-362.0902032625233
2021-06-28 00:00:00,1431A,JQLH,26.0,385.2462067896621,-359.2462067896621
2021-06-28 01:00:00,1431A,JQLH,29.0,384.07632611922935,-355.07632611922935
2021-06-28 02:00:00,1431A,JQLH,30.0,383.48482293930107,-353.48482293930107
2021-06-28 03:00:00,1431A,JQLH,32.0,382.43858567849827,-350.43858567849827
2021-06-28 04:00:00,1431A,JQLH,31.0,381.34576509897005,-350.34576509897005
2021-06-28 05:00:00,1431A,JQLH,28.0,381.70509512059493,-353.70509512059493
2021-06-28 06:00:00,1431A,JQLH,34.0,381.68399932040944,-347.68399932040944
2021-06-28 07:00:00,1431A,JQLH,61.0,380.9463064559397,-319.9463064559397
2021-06-28 08:00:00,1431A,JQLH,66.0,380.93251901276443,-314.93251901276443
2021-06-28 09:00:00,1431A,JQLH,70.0,381.4479972878122,-311.4479972878122
2021-06-28 10:00:00,1431A,JQLH,69.0,382.6935278243413,-313.6935278243413
2021-06-28 11:00:00,1431A,JQLH,52.0,384.331146094866,-332.331146094866
2021-06-28 12:00:00,1431A,JQLH,44.0,384.85778248284,-340.85778248284
2021-06-28 13:00:00,1431A,JQLH,34.0,383.1562826031335,-349.1562826031335
2021-06-28 14:00:00,1431A,JQLH,31.0,381.31661569904395,-350.31661569904395
2021-06-28 15:00:00,1431A,JQLH,18.0,380.6950008150805,-362.6950008150805
2021-06-28 16:00:00,1431A,JQLH,14.0,379.3896105317796,-365.3896105317796
2021-06-28 17:00:00,1431A,JQLH,11.0,378.975830667411,-367.975830667411
2021-06-28 18:00:00,1431A,JQLH,11.0,378.60096792313993,-367.60096792313993
2021-06-28 19:00:00,1431A,JQLH,10.0,380.8707785256523,-370.8707785256523
2021-06-28 20:00:00,1431A,JQLH,11.0,382.7223372290023,-371.7223372290023
2021-06-28 21:00:00,1431A,JQLH,13.0,384.73843235720153,-371.73843235720153
2021-06-28 22:00:00,1431A,JQLH,13.0,385.465626230813,-372.465626230813
2021-06-28 23:00:00,1431A,JQLH,10.0,386.49840018661365,-376.49840018661365
2021-06-29 00:00:00,1431A,JQLH,11.0,386.65440371375246,-375.65440371375246
2021-06-29 01:00:00,1431A,JQLH,10.0,385.4845230433197,-375.4845230433197
2021-06-29 02:00:00,1431A,JQLH,15.0,384.89301986339143,-369.89301986339143
2021-06-29 03:00:00,1431A,JQLH,7.0,383.84678260258863,-376.84678260258863
2021-06-29 04:00:00,1431A,JQLH,7.0,382.7539620230604,-375.7539620230604
2021-06-29 05:00:00,1431A,JQLH,9.0,383.1132920446853,-374.1132920446853
2021-06-29 06:00:00,1431A,JQLH,11.0,383.0921962444998,-372.0921962444998
2021-06-29 07:00:00,1431A,JQLH,12.0,382.35450338003005,-370.35450338003005
2021-06-29 08:00:00,1431A,JQLH,17.0,382.3407159368548,-365.3407159368548
2021-06-29 09:00:00,1431A,JQLH,17.0,382.85619421190256,-365.85619421190256
2021-06-29 10:00:00,1431A,JQLH,14.0,384.10172474843165,-370.10172474843165
2021-06-29 11:00:00,1431A,JQLH,11.0,385.7393430189564,-374.7393430189564
2021-06-29 12:00:00,1431A,JQLH,14.0,386.26597940693034,-372.26597940693034
2021-06-29 13:00:00,1431A,JQLH,18.0,384.56447952722385,-366.56447952722385
2021-06-29 14:00:00,1431A,JQLH,,382.7248126231343,
2021-06-29 15:00:00,1431A,JQLH,,382.10319773917087,
2021-06-29 16:00:00,1431A,JQLH,18.0,380.79780745587,-362.79780745587
2021-06-29 17:00:00,1431A,JQLH,22.0,380.38402759150136,-358.38402759150136
2021-06-29 18:00:00,1431A,JQLH,20.0,380.0091648472303,-360.0091648472303
2021-06-29 19:00:00,1431A,JQLH,20.0,382.2789754497427,-362.2789754497427
2021-06-29 20:00:00,1431A,JQLH,19.0,384.13053415309264,-365.13053415309264
2021-06-29 21:00:00,1431A,JQLH,23.0,386.1466292812919,-363.1466292812919
2021-06-29 22:00:00,1431A,JQLH,29.0,386.87382315490333,-357.87382315490333
2021-06-29 23:00:00,1431A,JQLH,24.0,387.906597110704,-363.906597110704
2021-06-30 00:00:00,1431A,JQLH,22.0,388.0626006378428,-366.0626006378428
2021-06-30 01:00:00,1431A,JQLH,20.0,386.8927199674101,-366.8927199674101
2021-06-30 02:00:00,1431A,JQLH,28.0,386.3012167874818,-358.3012167874818
2021-06-30 03:00:00,1431A,JQLH,22.0,385.254979526679,-363.254979526679
2021-06-30 04:00:00,1431A,JQLH,17.0,384.1621589471508,-367.1621589471508
2021-06-30 05:00:00,1431A,JQLH,16.0,384.52148896877566,-368.52148896877566
2021-06-30 06:00:00,1431A,JQLH,16.0,384.50039316859016,-368.50039316859016
2021-06-30 07:00:00,1431A,JQLH,21.0,383.7627003041204,-362.7627003041204
2021-06-30 08:00:00,1431A,JQLH,21.0,383.74891286094515,-362.74891286094515
2021-06-30 09:00:00,1431A,JQLH,22.0,384.2643911359929,-362.2643911359929
2021-06-30 10:00:00,1431A,JQLH,27.0,385.509921672522,-358.509921672522
2021-06-30 11:00:00,1431A,JQLH,30.0,387.14753994304675,-357.14753994304675
2021-06-30 12:00:00,1431A,JQLH,20.0,387.6741763310207,-367.6741763310207
2021-06-30 13:00:00,1431A,JQLH,24.0,385.9726764513142,-361.9726764513142
2021-06-30 14:00:00,1431A,JQLH,28.0,384.1330095472247,-356.1330095472247
2021-06-30 15:00:00,1431A,JQLH,30.0,383.5113946632612,-353.5113946632612
2021-06-30 16:00:00,1431A,JQLH,30.0,382.20600437996035,-352.20600437996035
2021-06-30 17:00:00,1431A,JQLH,29.0,381.7922245155917,-352.7922245155917
2021-06-30 18:00:00,1431A,JQLH,21.0,381.41736177132066,-360.41736177132066
2021-06-30 19:00:00,1431A,JQLH,18.0,383.68717237383305,-365.68717237383305
2021-06-30 20:00:00,1431A,JQLH,21.0,385.538731077183,-364.538731077183
2021-06-30 21:00:00,1431A,JQLH,30.0,387.55482620538226,-357.55482620538226
2021-06-30 22:00:00,1431A,JQLH,42.0,388.2820200789937,-346.2820200789937
2021-06-30 23:00:00,1431A,JQLH,43.0,389.3147940347944,-346.3147940347944
2021-07-01 00:00:00,1431A,JQLH,44.0,389.4707975619332,-345.4707975619332
2021-07-01 01:00:00,1431A,JQLH,44.0,388.30091689150044,-344.30091689150044
2021-07-01 02:00:00,1431A,JQLH,46.0,387.70941371157215,-341.70941371157215
2021-07-01 03:00:00,1431A,JQLH,51.0,386.66317645076936,-335.66317645076936
2021-07-01 04:00:00,1431A,JQLH,50.0,385.57035587124113,-335.57035587124113
2021-07-01 05:00:00,1431A,JQLH,44.0,385.929685892866,-341.929685892866
2021-07-01 06:00:00,1431A,JQLH,40.0,385.9085900926805,-345.9085900926805
2021-07-01 07:00:00,1431A,JQLH,39.0,385.1708972282108,-346.1708972282108
2021-07-01 08:00:00,1431A,JQLH,48.0,385.1571097850355,-337.1571097850355
2021-07-01 09:00:00,1431A,JQLH,43.0,385.6725880600833,-342.6725880600833
2021-07-01 10:00:00,1431A,JQLH,51.0,386.9181185966124,-335.9181185966124
2021-07-01 11:00:00,1431A,JQLH,50.0,388.5557368671371,-338.5557368671371
2021-07-01 12:00:00,1431A,JQLH,37.0,389.08237325511107,-352.08237325511107
2021-07-01 13:00:00,1431A,JQLH,29.0,387.3808733754046,-358.3808733754046
2021-07-01 14:00:00,1431A,JQLH,23.0,385.54120647131504,-362.54120647131504
2021-07-01 15:00:00,1431A,JQLH,23.0,384.9195915873516,-361.9195915873516
2021-07-01 16:00:00,1431A,JQLH,27.0,383.6142013040507,-356.6142013040507
2021-07-01 17:00:00,1431A,JQLH,21.0,383.2004214396821,-362.2004214396821
2021-07-01 18:00:00,1431A,JQLH,18.0,382.825558695411,-364.825558695411
2021-07-01 19:00:00,1431A,JQLH,19.0,385.0953692979234,-366.0953692979234
2021-07-01 20:00:00,1431A,JQLH,19.0,386.94692800127336,-367.94692800127336
2021-07-01 21:00:00,1431A,JQLH,19.0,388.9630231294726,-369.9630231294726
2021-07-01 22:00:00,1431A,JQLH,24.0,389.69021700308406,-365.69021700308406
2021-07-01 23:00:00,1431A,JQLH,31.0,390.72299095888474,-359.72299095888474
2021-07-02 00:00:00,1431A,JQLH,35.0,390.87899448602354,-355.87899448602354
2021-07-02 01:00:00,1431A,JQLH,41.0,389.7091138155908,-348.7091138155908
2021-07-02 02:00:00,1431A,JQLH,46.0,389.1176106356625,-343.1176106356625
2021-07-02 03:00:00,1431A,JQLH,44.0,388.0713733748597,-344.0713733748597
2021-07-02 04:00:00,1431A,JQLH,43.0,386.9785527953315,-343.9785527953315
2021-07-02 05:00:00,1431A,JQLH,41.0,387.3378828169564,-346.3378828169564
2021-07-02 06:00:00,1431A,JQLH,40.0,387.3167870167709,-347.3167870167709
2021-07-02 07:00:00,1431A,JQLH,46.0,386.57909415230114,-340.57909415230114
2021-07-02 08:00:00,1431A,JQLH,50.0,386.5653067091259,-336.5653067091259
2021-07-02 09:00:00,1431A,JQLH,55.0,387.08078498417365,-332.08078498417365
2021-07-02 10:00:00,1431A,JQLH,61.0,388.32631552070274,-327.32631552070274
2021-07-02 11:00:00,1431A,JQLH,70.0,389.9639337912275,-319.9639337912275
2021-07-02 12:00:00,1431A,JQLH,66.0,390.4905701792014,-324.4905701792014
2021-07-02 13:00:00,1431A,JQLH,18.0,388.78907029949494,-370.78907029949494
2021-07-02 14:00:00,1431A,JQLH,15.0,386.9494033954054,-371.9494033954054
2021-07-02 15:00:00,1431A,JQLH,21.0,386.32778851144195,-365.32778851144195
2021-07-02 16:00:00,1431A,JQLH,,385.02239822814107,
2021-07-02 17:00:00,1431A,JQLH,16.0,384.60861836377245,-368.60861836377245
2021-07-02 18:00:00,1431A,JQLH,17.0,384.2337556195014,-367.2337556195014
2021-07-02 19:00:00,1431A,JQLH,19.0,386.5035662220138,-367.5035662220138
2021-07-02 20:00:00,1431A,JQLH,20.0,388.3551249253637,-368.3551249253637
2021-07-02 21:00:00,1431A,JQLH,20.0,390.371220053563,-370.371220053563
2021-07-02 22:00:00,1431A,JQLH,21.0,391.0984139271744,-370.0984139271744
2021-07-02 23:00:00,1431A,JQLH,24.0,392.1311878829751,-368.1311878829751
2021-07-03 00:00:00,1431A,JQLH,29.0,392.2871914101139,-363.2871914101139
2021-07-03 01:00:00,1431A,JQLH,40.0,391.11731073968116,-351.11731073968116
2021-07-03 02:00:00,1431A,JQLH,57.0,390.5258075597529,-333.5258075597529
2021-07-03 03:00:00,1431A,JQLH,44.0,389.4795702989501,-345.4795702989501
2021-07-03 04:00:00,1431A,JQLH,35.0,388.38674971942186,-353.38674971942186
2021-07-03 05:00:00,1431A,JQLH,22.0,388.74607974104674,-366.74607974104674
2021-07-03 06:00:00,1431A,JQLH,19.0,388.72498394086125,-369.72498394086125
2021-07-03 07:00:00,1431A,JQLH,17.0,387.9872910763915,-370.9872910763915
2021-07-03 08:00:00,1431A,JQLH,15.0,387.97350363321624,-372.97350363321624
2021-07-03 09:00:00,1431A,JQLH,21.0,388.488981908264,-367.488981908264
2021-07-03 10:00:00,1431A,JQLH,24.0,389.7345124447931,-365.7345124447931
2021-07-03 11:00:00,1431A,JQLH,18.0,391.37213071531784,-373.37213071531784
2021-07-03 12:00:00,1431A,JQLH,18.0,391.8987671032918,-373.8987671032918
2021-07-03 13:00:00,1431A,JQLH,14.0,390.1972672235853,-376.1972672235853
2021-07-03 14:00:00,1431A,JQLH,14.0,388.35760031949576,-374.35760031949576
2021-07-03 15:00:00,1431A,JQLH,13.0,387.7359854355323,-374.7359854355323
2021-07-03 16:00:00,1431A,JQLH,14.0,386.43059515223143,-372.43059515223143
2021-07-03 17:00:00,1431A,JQLH,10.0,386.0168152878628,-376.0168152878628
2021-07-03 18:00:00,1431A,JQLH,15.0,385.64195254359174,-370.64195254359174
2021-07-03 19:00:00,1431A,JQLH,13.0,387.91176314610414,-374.91176314610414
2021-07-03 20:00:00,1431A,JQLH,13.0,389.7633218494541,-376.7633218494541
2021-07-03 21:00:00,1431A,JQLH,19.0,391.77941697765334,-372.77941697765334
2021-07-03 22:00:00,1431A,JQLH,28.0,392.5066108512648,-364.5066108512648
2021-07-03 23:00:00,1431A,JQLH,33.0,393.53938480706546,-360.53938480706546
2021-07-04 00:00:00,1431A,JQLH,34.0,393.69538833420427,-359.69538833420427
2021-07-04 01:00:00,1431A,JQLH,35.0,392.5255076637715,-357.5255076637715
2021-07-04 02:00:00,1431A,JQLH,28.0,391.93400448384324,-363.93400448384324
2021-07-04 03:00:00,1431A,JQLH,17.0,390.88776722304044,-373.88776722304044
2021-07-04 04:00:00,1431A,JQLH,16.0,389.7949466435122,-373.7949466435122
2021-07-04 05:00:00,1431A,JQLH,9.0,390.1542766651371,-381.1542766651371
2021-07-04 06:00:00,1431A,JQLH,8.0,390.1331808649516,-382.1331808649516
2021-07-04 07:00:00,1431A,JQLH,2.0,389.39548800048186,-387.39548800048186
2021-07-04 08:00:00,1431A,JQLH,,389.3817005573066,
2021-07-04 09:00:00,1431A,JQLH,4.0,389.89717883235437,-385.89717883235437
2021-07-04 10:00:00,1431A,JQLH,29.0,391.14270936888346,-362.14270936888346
2021-07-04 11:00:00,1431A,JQLH,40.0,392.7803276394082,-352.7803276394082
2021-07-04 12:00:00,1431A,JQLH,39.0,393.30696402738215,-354.30696402738215
2021-07-04 13:00:00,1431A,JQLH,23.0,391.60546414767566,-368.60546414767566
2021-07-04 14:00:00,1431A,JQLH,23.0,389.7657972435861,-366.7657972435861
2021-07-04 15:00:00,1431A,JQLH,23.0,389.1441823596227,-366.1441823596227
2021-07-04 16:00:00,1431A,JQLH,15.0,387.8387920763218,-372.8387920763218
2021-07-04 17:00:00,1431A,JQLH,7.0,387.4250122119532,-380.4250122119532
2021-07-04 18:00:00,1431A,JQLH,5.0,387.0501494676821,-382.0501494676821
2021-07-04 19:00:00,1431A,JQLH,2.0,389.3199600701945,-387.3199600701945
2021-07-04 20:00:00,1431A,JQLH,,391.17151877354445,
2021-07-04 21:00:00,1431A,JQLH,,393.1876139017437,
2021-07-04 22:00:00,1431A,JQLH,21.0,393.91480777535514,-372.91480777535514
2021-07-04 23:00:00,1431A,JQLH,27.0,394.9475817311558,-367.9475817311558
2021-07-05 00:00:00,1431A,JQLH,38.0,395.10358525829463,-357.10358525829463
2021-07-05 01:00:00,1431A,JQLH,39.0,393.9337045878619,-354.9337045878619
2021-07-05 02:00:00,1431A,JQLH,32.0,393.3422014079336,-361.3422014079336
2021-07-05 03:00:00,1431A,JQLH,37.0,392.2959641471308,-355.2959641471308
2021-07-05 04:00:00,1431A,JQLH,38.0,391.2031435676026,-353.2031435676026
2021-07-05 05:00:00,1431A,JQLH,36.0,391.56247358922747,-355.56247358922747
2021-07-05 06:00:00,1431A,JQLH,40.0,391.541377789042,-351.541377789042
2021-07-05 07:00:00,1431A,JQLH,44.0,390.8036849245722,-346.8036849245722
2021-07-05 08:00:00,1431A,JQLH,47.0,390.78989748139696,-343.78989748139696
2021-07-05 09:00:00,1431A,JQLH,59.0,391.30537575644473,-332.30537575644473
2021-07-05 10:00:00,1431A,JQLH,56.0,392.5509062929738,-336.5509062929738
2021-07-05 11:00:00,1431A,JQLH,55.0,394.18852456349856,-339.18852456349856
2021-07-05 12:00:00,1431A,JQLH,51.0,394.7151609514725,-343.7151609514725
2021-07-05 13:00:00,1431A,JQLH,,393.013661071766,
2021-07-05 14:00:00,1431A,JQLH,,391.1739941676765,
2021-07-05 15:00:00,1431A,JQLH,53.0,390.55237928371304,-337.55237928371304
2021-07-05 16:00:00,1431A,JQLH,59.0,389.24698900041216,-330.24698900041216
2021-07-05 17:00:00,1431A,JQLH,60.0,388.83320913604354,-328.83320913604354
2021-07-05 18:00:00,1431A,JQLH,67.0,388.45834639177247,-321.45834639177247
2021-07-05 19:00:00,1431A,JQLH,66.0,390.72815699428486,-324.72815699428486
2021-07-05 20:00:00,1431A,JQLH,,392.5797156976348,
2021-07-05 21:00:00,1431A,JQLH,,394.59581082583406,
2021-07-05 22:00:00,1431A,JQLH,59.0,395.3230046994455,-336.3230046994455
2021-07-05 23:00:00,1431A,JQLH,61.0,396.3557786552462,-335.3557786552462
2021-07-06 00:00:00,1431A,JQLH,76.0,396.511782182385,-320.511782182385
2021-07-06 01:00:00,1431A,JQLH,87.0,395.34190151195224,-308.34190151195224
2021-07-06 02:00:00,1431A,JQLH,89.0,394.75039833202396,-305.75039833202396
2021-07-06 03:00:00,1431A,JQLH,105.0,393.70416107122117,-288.70416107122117
2021-07-06 04:00:00,1431A,JQLH,111.0,392.61134049169294,-281.61134049169294
2021-07-06 05:00:00,1431A,JQLH,109.0,392.9706705133178,-283.9706705133178
2021-07-06 06:00:00,1431A,JQLH,126.0,392.94957471313234,-266.94957471313234
2021-07-06 07:00:00,1431A,JQLH,123.0,392.2118818486626,-269.2118818486626
2021-07-06 08:00:00,1431A,JQLH,118.0,392.1980944054873,-274.1980944054873
2021-07-06 09:00:00,1431A,JQLH,137.0,392.7135726805351,-255.7135726805351
2021-07-06 10:00:00,1431A,JQLH,150.0,393.9591032170642,-243.95910321706418
2021-07-06 11:00:00,1431A,JQLH,167.0,395.5967214875889,-228.59672148758892
2021-07-06 12:00:00,1431A,JQLH,149.0,396.1233578755629,-247.12335787556287
2021-07-06 13:00:00,1431A,JQLH,141.0,394.4218579958564,-253.42185799585639
2021-07-06 14:00:00,1431A,JQLH,136.0,392.58219109176684,-256.58219109176684
2021-07-06 15:00:00,1431A,JQLH,128.0,391.9605762078034,-263.9605762078034
2021-07-06 16:00:00,1431A,JQLH,,390.6551859245025,
2021-07-06 17:00:00,1431A,JQLH,,390.2414060601339,
2021-07-06 18:00:00,1431A,JQLH,,389.8665433158628,
2021-07-06 19:00:00,1431A,JQLH,,392.1363539183752,
2021-07-06 20:00:00,1431A,JQLH,42.0,393.9879126217252,-351.9879126217252
2021-07-06 21:00:00,1431A,JQLH,42.0,396.0040077499244,-354.0040077499244
2021-07-06 22:00:00,1431A,JQLH,40.0,396.73120162353587,-356.73120162353587
2021-07-06 23:00:00,1431A,JQLH,31.0,397.76397557933655,-366.76397557933655
2021-07-07 00:00:00,1431A,JQLH,31.0,397.91997910647535,-366.91997910647535
2021-07-07 01:00:00,1431A,JQLH,36.0,396.7500984360426,-360.7500984360426
2021-07-07 02:00:00,1431A,JQLH,33.0,396.1585952561143,-363.1585952561143
2021-07-07 03:00:00,1431A,JQLH,34.0,395.1123579953115,-361.1123579953115
2021-07-07 04:00:00,1431A,JQLH,51.0,394.0195374157833,-343.0195374157833
2021-07-07 05:00:00,1431A,JQLH,58.0,394.3788674374082,-336.3788674374082
2021-07-07 06:00:00,1431A,JQLH,50.0,394.3577716372227,-344.3577716372227
2021-07-07 07:00:00,1431A,JQLH,47.0,393.62007877275295,-346.62007877275295
2021-07-07 08:00:00,1431A,JQLH,42.0,393.6062913295777,-351.6062913295777
2021-07-07 09:00:00,1431A,JQLH,41.0,394.12176960462546,-353.12176960462546
2021-07-07 10:00:00,1431A,JQLH,33.0,395.36730014115454,-362.36730014115454
2021-07-07 11:00:00,1431A,JQLH,43.0,397.0049184116793,-354.0049184116793
2021-07-07 12:00:00,1431A,JQLH,55.0,397.53155479965324,-342.53155479965324
2021-07-07 13:00:00,1431A,JQLH,58.0,395.83005491994675,-337.83005491994675
2021-07-07 14:00:00,1431A,JQLH,62.0,393.9903880158572,-331.9903880158572
2021-07-07 15:00:00,1431A,JQLH,60.0,393.36877313189376,-333.36877313189376
2021-07-07 16:00:00,1431A,JQLH,50.0,392.0633828485929,-342.0633828485929
2021-07-07 17:00:00,1431A,JQLH,49.0,391.64960298422426,-342.64960298422426
2021-07-07 18:00:00,1431A,JQLH,54.0,391.2747402399532,-337.2747402399532
2021-07-07 19:00:00,1431A,JQLH,52.0,393.5445508424656,-341.5445508424656
2021-07-07 20:00:00,1431A,JQLH,49.0,395.39610954581553,-346.39610954581553
2021-07-07 21:00:00,1431A,JQLH,48.0,397.4122046740148,-349.4122046740148
2021-07-07 22:00:00,1431A,JQLH,62.0,398.13939854762623,-336.13939854762623
2021-07-07 23:00:00,1431A,JQLH,58.0,399.1721725034269,-341.1721725034269
2021-07-08 00:00:00,1431A,JQLH,43.0,399.3281760305657,-356.3281760305657
2021-07-08 01:00:00,1431A,JQLH,42.0,398.15829536013297,-356.15829536013297
2021-07-08 02:00:00,1431A,JQLH,29.0,397.5667921802047,-368.5667921802047
2021-07-08 03:00:00,1431A,JQLH,19.0,396.5205549194019,-377.5205549194019
2021-07-08 04:00:00,1431A,JQLH,24.0,395.42773433987367,-371.42773433987367
2021-07-08 05:00:00,1431A,JQLH,33.0,395.78706436149855,-362.78706436149855
2021-07-08 06:00:00,1431A,JQLH,33.0,395.76596856131306,-362.76596856131306
2021-07-08 07:00:00,1431A,JQLH,30.0,395.0282756968433,-365.0282756968433
2021-07-08 08:00:00,1431A,JQLH,29.0,395.01448825366805,-366.01448825366805
2021-07-08 09:00:00,1431A,JQLH,16.0,395.5299665287158,-379.5299665287158
2021-07-08 10:00:00,1431A,JQLH,15.0,396.7754970652449,-381.7754970652449
2021-07-08 11:00:00,1431A,JQLH,16.0,398.41311533576965,-382.41311533576965
2021-07-08 12:00:00,1431A,JQLH,20.0,398.9397517237436,-378.9397517237436
2021-07-08 13:00:00,1431A,JQLH,18.0,397.2382518440371,-379.2382518440371
2021-07-08 14:00:00,1431A,JQLH,14.0,395.39858493994757,-381.39858493994757
2021-07-08 15:00:00,1431A,JQLH,13.0,394.7769700559841,-381.7769700559841
2021-07-08 16:00:00,1431A,JQLH,12.0,393.47157977268324,-381.47157977268324
2021-07-08 17:00:00,1431A,JQLH,13.0,393.0577999083146,-380.0577999083146
2021-07-08 18:00:00,1431A,JQLH,16.0,392.68293716404355,-376.68293716404355
2021-07-08 19:00:00,1431A,JQLH,16.0,394.95274776655594,-378.95274776655594
2021-07-08 20:00:00,1431A,JQLH,14.0,396.8043064699059,-382.8043064699059
2021-07-08 21:00:00,1431A,JQLH,16.0,398.82040159810515,-382.82040159810515
2021-07-08 22:00:00,1431A,JQLH,17.0,399.5475954717166,-382.5475954717166
2021-07-08 23:00:00,1431A,JQLH,16.0,400.58036942751727,-384.58036942751727
2021-07-09 00:00:00,1431A,JQLH,21.0,400.7363729546561,-379.7363729546561
2021-07-09 01:00:00,1431A,JQLH,20.0,399.56649228422333,-379.56649228422333
2021-07-09 02:00:00,1431A,JQLH,29.0,398.97498910429505,-369.97498910429505
2021-07-09 03:00:00,1431A,JQLH,33.0,397.92875184349225,-364.92875184349225
2021-07-09 04:00:00,1431A,JQLH,35.0,396.835931263964,-361.835931263964
2021-07-09 05:00:00,1431A,JQLH,40.0,397.1952612855889,-357.1952612855889
2021-07-09 06:00:00,1431A,JQLH,42.0,397.1741654854034,-355.1741654854034
2021-07-09 07:00:00,1431A,JQLH,46.0,396.43647262093367,-350.43647262093367
2021-07-09 08:00:00,1431A,JQLH,47.0,396.4226851777584,-349.4226851777584
2021-07-09 09:00:00,1431A,JQLH,38.0,396.9381634528062,-358.9381634528062
2021-07-09 10:00:00,1431A,JQLH,34.0,398.18369398933527,-364.18369398933527
2021-07-09 11:00:00,1431A,JQLH,,399.82131225986,
2021-07-09 12:00:00,1431A,JQLH,28.0,400.34794864783396,-372.34794864783396
2021-07-09 13:00:00,1431A,JQLH,25.0,398.64644876812747,-373.64644876812747
2021-07-09 14:00:00,1431A,JQLH,24.0,396.80678186403793,-372.80678186403793
2021-07-09 15:00:00,1431A,JQLH,7.0,396.1851669800745,-389.1851669800745
2021-07-09 16:00:00,1431A,JQLH,5.0,394.8797766967736,-389.8797766967736
2021-07-09 17:00:00,1431A,JQLH,5.0,394.465996832405,-389.465996832405
2021-07-09 18:00:00,1431A,JQLH,7.0,394.0911340881339,-387.0911340881339
2021-07-09 19:00:00,1431A,JQLH,8.0,396.3609446906463,-388.3609446906463
2021-07-09 20:00:00,1431A,JQLH,7.0,398.21250339399626,-391.21250339399626
2021-07-09 21:00:00,1431A,JQLH,8.0,400.2285985221955,-392.2285985221955
2021-07-09 22:00:00,1431A,JQLH,10.0,400.95579239580695,-390.95579239580695
2021-07-09 23:00:00,1431A,JQLH,15.0,401.98856635160763,-386.98856635160763
2021-07-10 00:00:00,1431A,JQLH,15.0,402.14456987874644,-387.14456987874644
2021-07-10 01:00:00,1431A,JQLH,12.0,400.9746892083137,-388.9746892083137
2021-07-10 02:00:00,1431A,JQLH,5.0,400.3831860283854,-395.3831860283854
2021-07-10 03:00:00,1431A,JQLH,3.0,399.3369487675826,-396.3369487675826
2021-07-10 04:00:00,1431A,JQLH,4.0,398.2441281880544,-394.2441281880544
2021-07-10 05:00:00,1431A,JQLH,5.0,398.6034582096793,-393.6034582096793
2021-07-10 06:00:00,1431A,JQLH,4.0,398.5823624094938,-394.5823624094938
2021-07-10 07:00:00,1431A,JQLH,4.0,397.84466954502403,-393.84466954502403
2021-07-10 08:00:00,1431A,JQLH,4.0,397.8308821018488,-393.8308821018488
2021-07-10 09:00:00,1431A,JQLH,8.0,398.34636037689654,-390.34636037689654
2021-07-10 10:00:00,1431A,JQLH,8.0,399.59189091342563,-391.59189091342563
2021-07-10 11:00:00,1431A,JQLH,9.0,401.22950918395037,-392.22950918395037
2021-07-10 12:00:00,1431A,JQLH,11.0,401.7561455719243,-390.7561455719243
2021-07-10 13:00:00,1431A,JQLH,9.0,400.05464569221783,-391.05464569221783
2021-07-10 14:00:00,1431A,JQLH,9.0,398.2149787881283,-389.2149787881283
2021-07-10 15:00:00,1431A,JQLH,6.0,397.59336390416485,-391.59336390416485
2021-07-10 16:00:00,1431A,JQLH,3.0,396.28797362086397,-393.28797362086397
2021-07-10 17:00:00,1431A,JQLH,3.0,395.87419375649534,-392.87419375649534
2021-07-10 18:00:00,1431A,JQLH,2.0,395.4993310122243,-393.4993310122243
2021-07-10 19:00:00,1431A,JQLH,2.0,397.76914161473667,-395.76914161473667
2021-07-10 20:00:00,1431A,JQLH,3.0,399.6207003180866,-396.6207003180866
2021-07-10 21:00:00,1431A,JQLH,6.0,401.6367954462859,-395.6367954462859
2021-07-10 22:00:00,1431A,JQLH,13.0,402.3639893198973,-389.3639893198973
2021-07-10 23:00:00,1431A,JQLH,18.0,403.396763275698,-385.396763275698
2021-07-11 00:00:00,1431A,JQLH,12.0,403.5527668028368,-391.5527668028368
2021-07-11 01:00:00,1431A,JQLH,6.0,402.38288613240405,-396.38288613240405
2021-07-11 02:00:00,1431A,JQLH,6.0,401.7913829524758,-395.7913829524758
2021-07-11 03:00:00,1431A,JQLH,5.0,400.745145691673,-395.745145691673
2021-07-11 04:00:00,1431A,JQLH,6.0,399.65232511214475,-393.65232511214475
2021-07-11 05:00:00,1431A,JQLH,9.0,400.01165513376964,-391.01165513376964
2021-07-11 06:00:00,1431A,JQLH,12.0,399.99055933358414,-387.99055933358414
2021-07-11 07:00:00,1431A,JQLH,13.0,399.2528664691144,-386.2528664691144
2021-07-11 08:00:00,1431A,JQLH,15.0,399.23907902593913,-384.23907902593913
2021-07-11 09:00:00,1431A,JQLH,18.0,399.7545573009869,-381.7545573009869
2021-07-11 10:00:00,1431A,JQLH,21.0,401.000087837516,-380.000087837516
2021-07-11 11:00:00,1431A,JQLH,18.0,402.63770610804073,-384.63770610804073
2021-07-11 12:00:00,1431A,JQLH,13.0,403.1643424960147,-390.1643424960147
2021-07-11 13:00:00,1431A,JQLH,18.0,401.4628426163082,-383.4628426163082
2021-07-11 14:00:00,1431A,JQLH,10.0,399.62317571221865,-389.62317571221865
2021-07-11 15:00:00,1431A,JQLH,11.0,399.0015608282552,-388.0015608282552
2021-07-11 16:00:00,1431A,JQLH,10.0,397.6961705449543,-387.6961705449543
2021-07-11 17:00:00,1431A,JQLH,10.0,397.2823906805857,-387.2823906805857
2021-07-11 18:00:00,1431A,JQLH,10.0,396.90752793631464,-386.90752793631464
2021-07-11 19:00:00,1431A,JQLH,10.0,399.17733853882703,-389.17733853882703
2021-07-11 20:00:00,1431A,JQLH,12.0,401.028897242177,-389.028897242177
2021-07-11 21:00:00,1431A,JQLH,16.0,403.04499237037624,-387.04499237037624
2021-07-11 22:00:00,1431A,JQLH,18.0,403.7721862439877,-385.7721862439877
2021-07-11 23:00:00,1431A,JQLH,12.0,404.80496019978835,-392.80496019978835
2021-07-12 00:00:00,1431A,JQLH,14.0,404.96096372692716,-390.96096372692716
2021-07-12 01:00:00,1431A,JQLH,12.0,403.7910830564944,-391.7910830564944
2021-07-12 02:00:00,1431A,JQLH,12.0,403.19957987656613,-391.19957987656613
2021-07-12 03:00:00,1431A,JQLH,11.0,402.15334261576334,-391.15334261576334
2021-07-12 04:00:00,1431A,JQLH,12.0,401.0605220362351,-389.0605220362351
2021-07-12 05:00:00,1431A,JQLH,16.0,401.41985205786,-385.41985205786
2021-07-12 06:00:00,1431A,JQLH,22.0,401.3987562576745,-379.3987562576745
2021-07-12 07:00:00,1431A,JQLH,22.0,400.66106339320476,-378.66106339320476
2021-07-12 08:00:00,1431A,JQLH,23.0,400.6472759500295,-377.6472759500295
2021-07-12 09:00:00,1431A,JQLH,28.0,401.16275422507726,-373.16275422507726
2021-07-12 10:00:00,1431A,JQLH,36.0,402.40828476160635,-366.40828476160635
2021-07-12 11:00:00,1431A,JQLH,39.0,404.0459030321311,-365.0459030321311
2021-07-12 12:00:00,1431A,JQLH,38.0,404.57253942010504,-366.57253942010504
2021-07-12 13:00:00,1431A,JQLH,33.0,402.87103954039856,-369.87103954039856
2021-07-12 14:00:00,1431A,JQLH,25.0,401.031372636309,-376.031372636309
2021-07-12 15:00:00,1431A,JQLH,18.0,400.40975775234557,-382.40975775234557
2021-07-12 16:00:00,1431A,JQLH,17.0,399.1043674690447,-382.1043674690447
2021-07-12 17:00:00,1431A,JQLH,16.0,398.69058760467607,-382.69058760467607
2021-07-12 18:00:00,1431A,JQLH,20.0,398.315724860405,-378.315724860405
2021-07-12 19:00:00,1431A,JQLH,18.0,400.5855354629174,-382.5855354629174
2021-07-12 20:00:00,1431A,JQLH,14.0,402.43709416626734,-388.43709416626734
2021-07-12 21:00:00,1431A,JQLH,14.0,404.4531892944666,-390.4531892944666
2021-07-12 22:00:00,1431A,JQLH,14.0,405.18038316807804,-391.18038316807804
2021-07-12 23:00:00,1431A,JQLH,16.0,406.2131571238787,-390.2131571238787
2021-07-13 00:00:00,1431A,JQLH,18.0,406.3691606510175,-388.3691606510175
2021-07-13 01:00:00,1431A,JQLH,19.0,405.1992799805848,-386.1992799805848
2021-07-13 02:00:00,1431A,JQLH,19.0,404.6077768006565,-385.6077768006565
2021-07-13 03:00:00,1431A,JQLH,19.0,403.5615395398537,-384.5615395398537
2021-07-13 04:00:00,1431A,JQLH,22.0,402.4687189603255,-380.4687189603255
2021-07-13 05:00:00,1431A,JQLH,24.0,402.82804898195036,-378.82804898195036
2021-07-13 06:00:00,1431A,JQLH,28.0,402.80695318176487,-374.80695318176487
2021-07-13 07:00:00,1431A,JQLH,27.0,402.0692603172951,-375.0692603172951
2021-07-13 08:00:00,1431A,JQLH,27.0,402.05547287411986,-375.05547287411986
2021-07-13 09:00:00,1431A,JQLH,27.0,402.5709511491676,-375.5709511491676
2021-07-13 10:00:00,1431A,JQLH,32.0,403.8164816856967,-371.8164816856967
2021-07-13 11:00:00,1431A,JQLH,25.0,405.45409995622146,-380.45409995622146
2021-07-13 12:00:00,1431A,JQLH,,405.9807363441954,
2021-07-13 13:00:00,1431A,JQLH,30.0,404.2792364644889,-374.2792364644889
2021-07-13 14:00:00,1431A,JQLH,26.0,402.4395695603994,-376.4395695603994
2021-07-13 15:00:00,1431A,JQLH,,401.81795467643593,
2021-07-13 16:00:00,1431A,JQLH,,400.51256439313505,
2021-07-13 17:00:00,1431A,JQLH,26.0,400.09878452876643,-374.09878452876643
2021-07-13 18:00:00,1431A,JQLH,25.0,399.72392178449536,-374.72392178449536
2021-07-13 19:00:00,1431A,JQLH,25.0,401.99373238700775,-376.99373238700775
2021-07-13 20:00:00,1431A,JQLH,29.0,403.8452910903577,-374.8452910903577
2021-07-13 21:00:00,1431A,JQLH,28.0,405.86138621855696,-377.86138621855696
2021-07-13 22:00:00,1431A,JQLH,27.0,406.5885800921684,-379.5885800921684
2021-07-13 23:00:00,1431A,JQLH,30.0,407.6213540479691,-377.6213540479691
2021-07-14 00:00:00,1431A,JQLH,32.0,407.7773575751079,-375.7773575751079
2021-07-14 01:00:00,1431A,JQLH,32.0,406.60747690467514,-374.60747690467514
2021-07-14 02:00:00,1431A,JQLH,44.0,406.01597372474686,-362.01597372474686
2021-07-14 03:00:00,1431A,JQLH,60.0,404.96973646394406,-344.96973646394406
2021-07-14 04:00:00,1431A,JQLH,70.0,403.87691588441584,-333.87691588441584
2021-07-14 05:00:00,1431A,JQLH,73.0,404.2362459060407,-331.2362459060407
2021-07-14 06:00:00,1431A,JQLH,68.0,404.21515010585523,-336.21515010585523
2021-07-14 07:00:00,1431A,JQLH,66.0,403.4774572413855,-337.4774572413855
2021-07-14 08:00:00,1431A,JQLH,66.0,403.4636697982102,-337.4636697982102
2021-07-14 09:00:00,1431A,JQLH,36.0,403.979148073258,-367.979148073258
2021-07-14 10:00:00,1431A,JQLH,24.0,405.2246786097871,-381.2246786097871
2021-07-14 11:00:00,1431A,JQLH,11.0,406.8622968803118,-395.8622968803118
2021-07-14 12:00:00,1431A,JQLH,10.0,407.38893326828577,-397.38893326828577
2021-07-14 13:00:00,1431A,JQLH,17.0,405.6874333885793,-388.6874333885793
2021-07-14 14:00:00,1431A,JQLH,19.0,403.84776648448974,-384.84776648448974
2021-07-14 15:00:00,1431A,JQLH,18.0,403.2261516005263,-385.2261516005263
2021-07-14 16:00:00,1431A,JQLH,21.0,401.9207613172254,-380.9207613172254
2021-07-14 17:00:00,1431A,JQLH,22.0,401.5069814528568,-379.5069814528568
2021-07-14 18:00:00,1431A,JQLH,24.0,401.1321187085857,-377.1321187085857
2021-07-14 19:00:00,1431A,JQLH,23.0,403.4019293110981,-380.4019293110981
2021-07-14 20:00:00,1431A,JQLH,21.0,405.25348801444807,-384.25348801444807
2021-07-14 21:00:00,1431A,JQLH,25.0,407.2695831426473,-382.2695831426473
2021-07-14 22:00:00,1431A,JQLH,23.0,407.99677701625876,-384.99677701625876
2021-07-14 23:00:00,1431A,JQLH,22.0,409.02955097205944,-387.02955097205944
2021-07-15 00:00:00,1431A,JQLH,20.0,409.18555449919825,-389.18555449919825
2021-07-15 01:00:00,1431A,JQLH,17.0,408.0156738287655,-391.0156738287655
2021-07-15 02:00:00,1431A,JQLH,17.0,407.4241706488372,-390.4241706488372
2021-07-15 03:00:00,1431A,JQLH,22.0,406.3779333880344,-384.3779333880344
2021-07-15 04:00:00,1431A,JQLH,23.0,405.2851128085062,-382.2851128085062
2021-07-15 05:00:00,1431A,JQLH,14.0,405.6444428301311,-391.6444428301311
2021-07-15 06:00:00,1431A,JQLH,5.0,405.6233470299456,-400.6233470299456
2021-07-15 07:00:00,1431A,JQLH,15.0,404.88565416547584,-389.88565416547584
2021-07-15 08:00:00,1431A,JQLH,24.0,404.8718667223006,-380.8718667223006
2021-07-15 09:00:00,1431A,JQLH,17.0,405.38734499734835,-388.38734499734835
2021-07-15 10:00:00,1431A,JQLH,9.0,406.63287553387744,-397.63287553387744
2021-07-15 11:00:00,1431A,JQLH,6.0,408.2704938044022,-402.2704938044022
2021-07-15 12:00:00,1431A,JQLH,6.0,408.79713019237613,-402.79713019237613
2021-07-15 13:00:00,1431A,JQLH,7.0,407.09563031266964,-400.09563031266964
2021-07-15 14:00:00,1431A,JQLH,8.0,405.2559634085801,-397.2559634085801
2021-07-15 15:00:00,1431A,JQLH,10.0,404.63434852461666,-394.63434852461666
2021-07-15 16:00:00,1431A,JQLH,11.0,403.3289582413158,-392.3289582413158
2021-07-15 17:00:00,1431A,JQLH,9.0,402.91517837694715,-393.91517837694715
2021-07-15 18:00:00,1431A,JQLH,7.0,402.5403156326761,-395.5403156326761
2021-07-15 19:00:00,1431A,JQLH,6.0,404.8101262351885,-398.8101262351885
2021-07-15 20:00:00,1431A,JQLH,4.0,406.66168493853843,-402.66168493853843
2021-07-15 21:00:00,1431A,JQLH,8.0,408.6777800667377,-400.6777800667377
2021-07-15 22:00:00,1431A,JQLH,15.0,409.4049739403491,-394.4049739403491
2021-07-15 23:00:00,1431A,JQLH,10.0,410.4377478961498,-400.4377478961498
2021-07-16 00:00:00,1431A,JQLH,10.0,410.5937514232886,-400.5937514232886
2021-07-16 01:00:00,1431A,JQLH,5.0,409.42387075285586,-404.42387075285586
2021-07-16 02:00:00,1431A,JQLH,6.0,408.8323675729276,-402.8323675729276
2021-07-16 03:00:00,1431A,JQLH,6.0,407.7861303121248,-401.7861303121248
2021-07-16 04:00:00,1431A,JQLH,5.0,406.69330973259656,-401.69330973259656
2021-07-16 05:00:00,1431A,JQLH,7.0,407.05263975422145,-400.05263975422145
2021-07-16 06:00:00,1431A,JQLH,8.0,407.03154395403595,-399.03154395403595
2021-07-16 07:00:00,1431A,JQLH,6.0,406.2938510895662,-400.2938510895662
2021-07-16 08:00:00,1431A,JQLH,8.0,406.28006364639094,-398.28006364639094
2021-07-16 09:00:00,1431A,JQLH,10.0,406.7955419214387,-396.7955419214387
2021-07-16 10:00:00,1431A,JQLH,7.0,408.0410724579678,-401.0410724579678
2021-07-16 11:00:00,1431A,JQLH,9.0,409.67869072849254,-400.67869072849254
2021-07-16 12:00:00,1431A,JQLH,8.0,410.2053271164665,-402.2053271164665
2021-07-16 13:00:00,1431A,JQLH,8.0,408.50382723676,-400.50382723676
2021-07-16 14:00:00,1431A,JQLH,12.0,406.66416033267046,-394.66416033267046
2021-07-16 15:00:00,1431A,JQLH,14.0,406.042545448707,-392.042545448707
2021-07-16 16:00:00,1431A,JQLH,14.0,404.73715516540614,-390.73715516540614
2021-07-16 17:00:00,1431A,JQLH,5.0,404.3233753010375,-399.3233753010375
2021-07-16 18:00:00,1431A,JQLH,5.0,403.94851255676645,-398.94851255676645
2021-07-16 19:00:00,1431A,JQLH,6.0,406.21832315927884,-400.21832315927884
2021-07-16 20:00:00,1431A,JQLH,9.0,408.0698818626288,-399.0698818626288
2021-07-16 21:00:00,1431A,JQLH,14.0,410.08597699082804,-396.08597699082804
2021-07-16 22:00:00,1431A,JQLH,14.0,410.8131708644395,-396.8131708644395
2021-07-16 23:00:00,1431A,JQLH,10.0,411.84594482024016,-401.84594482024016
2021-07-17 00:00:00,1431A,JQLH,15.0,412.00194834737897,-397.00194834737897
2021-07-17 01:00:00,1431A,JQLH,17.0,410.8320676769462,-393.8320676769462
2021-07-17 02:00:00,1431A,JQLH,16.0,410.24056449701794,-394.24056449701794
2021-07-17 03:00:00,1431A,JQLH,19.0,409.19432723621514,-390.19432723621514
2021-07-17 04:00:00,1431A,JQLH,16.0,408.1015066566869,-392.1015066566869
2021-07-17 05:00:00,1431A,JQLH,15.0,408.4608366783118,-393.4608366783118
2021-07-17 06:00:00,1431A,JQLH,18.0,408.4397408781263,-390.4397408781263
2021-07-17 07:00:00,1431A,JQLH,21.0,407.70204801365657,-386.70204801365657
2021-07-17 08:00:00,1431A,JQLH,25.0,407.6882605704813,-382.6882605704813
2021-07-17 09:00:00,1431A,JQLH,22.0,408.2037388455291,-386.2037388455291
2021-07-17 10:00:00,1431A,JQLH,19.0,409.44926938205816,-390.44926938205816
2021-07-17 11:00:00,1431A,JQLH,16.0,411.0868876525829,-395.0868876525829
2021-07-17 12:00:00,1431A,JQLH,18.0,411.61352404055685,-393.61352404055685
2021-07-17 13:00:00,1431A,JQLH,12.0,409.91202416085036,-397.91202416085036
2021-07-17 14:00:00,1431A,JQLH,10.0,408.0723572567608,-398.0723572567608
2021-07-17 15:00:00,1431A,JQLH,10.0,407.4507423727974,-397.4507423727974
2021-07-17 16:00:00,1431A,JQLH,10.0,406.1453520894965,-396.1453520894965
2021-07-17 17:00:00,1431A,JQLH,10.0,405.7315722251279,-395.7315722251279
2021-07-17 18:00:00,1431A,JQLH,10.0,405.3567094808568,-395.3567094808568
2021-07-17 19:00:00,1431A,JQLH,9.0,407.6265200833692,-398.6265200833692
2021-07-17 20:00:00,1431A,JQLH,12.0,409.47807878671915,-397.47807878671915
2021-07-17 21:00:00,1431A,JQLH,18.0,411.4941739149184,-393.4941739149184
2021-07-17 22:00:00,1431A,JQLH,23.0,412.22136778852985,-389.22136778852985
2021-07-17 23:00:00,1431A,JQLH,23.0,413.2541417443305,-390.2541417443305
2021-07-18 00:00:00,1431A,JQLH,32.0,413.41014527146933,-381.41014527146933
2021-07-18 01:00:00,1431A,JQLH,30.0,412.2402646010366,-382.2402646010366
2021-07-18 02:00:00,1431A,JQLH,13.0,411.6487614211083,-398.6487614211083
2021-07-18 03:00:00,1431A,JQLH,3.0,410.6025241603055,-407.6025241603055
2021-07-18 04:00:00,1431A,JQLH,4.0,409.5097035807773,-405.5097035807773
2021-07-18 05:00:00,1431A,JQLH,4.0,409.86903360240217,-405.86903360240217
2021-07-18 06:00:00,1431A,JQLH,6.0,409.8479378022167,-403.8479378022167
2021-07-18 07:00:00,1431A,JQLH,13.0,409.1102449377469,-396.1102449377469
2021-07-18 08:00:00,1431A,JQLH,10.0,409.09645749457167,-399.09645749457167
2021-07-18 09:00:00,1431A,JQLH,24.0,409.61193576961944,-385.61193576961944
2021-07-18 10:00:00,1431A,JQLH,15.0,410.8574663061485,-395.8574663061485
2021-07-18 11:00:00,1431A,JQLH,15.0,412.49508457667326,-397.49508457667326
2021-07-18 12:00:00,1431A,JQLH,11.0,413.0217209646472,-402.0217209646472
2021-07-18 13:00:00,1431A,JQLH,10.0,411.3202210849407,-401.3202210849407
2021-07-18 14:00:00,1431A,JQLH,12.0,409.4805541808512,-397.4805541808512
2021-07-18 15:00:00,1431A,JQLH,10.0,408.85893929688774,-398.85893929688774
2021-07-18 16:00:00,1431A,JQLH,12.0,407.55354901358686,-395.55354901358686
2021-07-18 17:00:00,1431A,JQLH,15.0,407.13976914921824,-392.13976914921824
2021-07-18 18:00:00,1431A,JQLH,15.0,406.76490640494717,-391.76490640494717
2021-07-18 19:00:00,1431A,JQLH,13.0,409.03471700745956,-396.03471700745956
2021-07-18 20:00:00,1431A,JQLH,12.0,410.8862757108095,-398.8862757108095
2021-07-18 21:00:00,1431A,JQLH,13.0,412.90237083900877,-399.90237083900877
2021-07-18 22:00:00,1431A,JQLH,16.0,413.6295647126202,-397.6295647126202
2021-07-18 23:00:00,1431A,JQLH,17.0,414.6623386684209,-397.6623386684209
2021-07-19 00:00:00,1431A,JQLH,16.0,414.8183421955597,-398.8183421955597
2021-07-19 01:00:00,1431A,JQLH,17.0,413.64846152512695,-396.64846152512695
2021-07-19 02:00:00,1431A,JQLH,16.0,413.05695834519867,-397.05695834519867
2021-07-19 03:00:00,1431A,JQLH,15.0,412.01072108439587,-397.01072108439587
2021-07-19 04:00:00,1431A,JQLH,13.0,410.91790050486765,-397.91790050486765
2021-07-19 05:00:00,1431A,JQLH,16.0,411.27723052649253,-395.27723052649253
2021-07-19 06:00:00,1431A,JQLH,15.0,411.25613472630704,-396.25613472630704
2021-07-19 07:00:00,1431A,JQLH,15.0,410.5184418618373,-395.5184418618373
2021-07-19 08:00:00,1431A,JQLH,32.0,410.504654418662,-378.504654418662
2021-07-19 09:00:00,1431A,JQLH,46.0,411.0201326937098,-365.0201326937098
2021-07-19 10:00:00,1431A,JQLH,36.0,412.2656632302389,-376.2656632302389
2021-07-19 11:00:00,1431A,JQLH,32.0,413.9032815007636,-381.9032815007636
2021-07-19 12:00:00,1431A,JQLH,30.0,414.4299178887376,-384.4299178887376
2021-07-19 13:00:00,1431A,JQLH,30.0,412.7284180090311,-382.7284180090311
2021-07-19 14:00:00,1431A,JQLH,28.0,410.88875110494155,-382.88875110494155
2021-07-19 15:00:00,1431A,JQLH,30.0,410.2671362209781,-380.2671362209781
2021-07-19 16:00:00,1431A,JQLH,33.0,408.9617459376772,-375.9617459376772
2021-07-19 17:00:00,1431A,JQLH,32.0,408.5479660733086,-376.5479660733086
2021-07-19 18:00:00,1431A,JQLH,28.0,408.17310332903753,-380.17310332903753
2021-07-19 19:00:00,1431A,JQLH,27.0,410.4429139315499,-383.4429139315499
2021-07-19 20:00:00,1431A,JQLH,28.0,412.2944726348999,-384.2944726348999
2021-07-19 21:00:00,1431A,JQLH,19.0,414.31056776309913,-395.31056776309913
2021-07-19 22:00:00,1431A,JQLH,19.0,415.03776163671057,-396.03776163671057
2021-07-19 23:00:00,1431A,JQLH,10.0,416.07053559251125,-406.07053559251125
2021-07-20 00:00:00,1431A,JQLH,5.0,416.22653911965006,-411.22653911965006
2021-07-20 01:00:00,1431A,JQLH,4.0,415.0566584492173,-411.0566584492173
2021-07-20 02:00:00,1431A,JQLH,10.0,414.465155269289,-404.465155269289
2021-07-20 03:00:00,1431A,JQLH,10.0,413.41891800848623,-403.41891800848623
2021-07-20 04:00:00,1431A,JQLH,10.0,412.326097428958,-402.326097428958
2021-07-20 05:00:00,1431A,JQLH,10.0,412.6854274505829,-402.6854274505829
2021-07-20 06:00:00,1431A,JQLH,11.0,412.6643316503974,-401.6643316503974
2021-07-20 07:00:00,1431A,JQLH,13.0,411.92663878592765,-398.92663878592765
2021-07-20 08:00:00,1431A,JQLH,15.0,411.9128513427524,-396.9128513427524
2021-07-20 09:00:00,1431A,JQLH,19.0,412.42832961780016,-393.42832961780016
2021-07-20 10:00:00,1431A,JQLH,22.0,413.67386015432925,-391.67386015432925
2021-07-20 11:00:00,1431A,JQLH,,415.311478424854,
2021-07-20 12:00:00,1431A,JQLH,,415.83811481282794,
2021-07-20 13:00:00,1431A,JQLH,,414.13661493312145,
2021-07-20 14:00:00,1431A,JQLH,40.0,412.2969480290319,-372.2969480290319
2021-07-20 15:00:00,1431A,JQLH,30.0,411.67533314506846,-381.67533314506846
2021-07-20 16:00:00,1431A,JQLH,18.0,410.3699428617676,-392.3699428617676
2021-07-20 17:00:00,1431A,JQLH,14.0,409.95616299739896,-395.95616299739896
2021-07-20 18:00:00,1431A,JQLH,10.0,409.5813002531279,-399.5813002531279
2021-07-20 19:00:00,1431A,JQLH,11.0,411.8511108556403,-400.8511108556403
2021-07-20 20:00:00,1431A,JQLH,11.0,413.70266955899024,-402.70266955899024
2021-07-20 21:00:00,1431A,JQLH,14.0,415.7187646871895,-401.7187646871895
2021-07-20 22:00:00,1431A,JQLH,17.0,416.44595856080093,-399.44595856080093
2021-07-20 23:00:00,1431A,JQLH,18.0,417.4787325166016,-399.4787325166016
2021-07-21 00:00:00,1431A,JQLH,19.0,417.6347360437404,-398.6347360437404
2021-07-21 01:00:00,1431A,JQLH,22.0,416.46485537330767,-394.46485537330767
2021-07-21 02:00:00,1431A,JQLH,23.0,415.8733521933794,-392.8733521933794
2021-07-21 03:00:00,1431A,JQLH,23.0,414.8271149325766,-391.8271149325766
2021-07-21 04:00:00,1431A,JQLH,23.0,413.73429435304837,-390.73429435304837
2021-07-21 05:00:00,1431A,JQLH,26.0,414.09362437467325,-388.09362437467325
2021-07-21 06:00:00,1431A,JQLH,24.0,414.07252857448776,-390.07252857448776
2021-07-21 07:00:00,1431A,JQLH,27.0,413.334835710018,-386.334835710018
2021-07-21 08:00:00,1431A,JQLH,35.0,413.32104826684275,-378.32104826684275
2021-07-21 09:00:00,1431A,JQLH,42.0,413.8365265418905,-371.8365265418905
2021-07-21 10:00:00,1431A,JQLH,37.0,415.0820570784196,-378.0820570784196
2021-07-21 11:00:00,1431A,JQLH,26.0,416.71967534894435,-390.71967534894435
2021-07-21 12:00:00,1431A,JQLH,29.0,417.2463117369183,-388.2463117369183
2021-07-21 13:00:00,1431A,JQLH,,415.5448118572118,
2021-07-21 14:00:00,1431A,JQLH,,413.70514495312227,
2021-07-21 15:00:00,1431A,JQLH,,413.0835300691588,
2021-07-21 16:00:00,1431A,JQLH,32.0,411.77813978585795,-379.77813978585795
2021-07-21 17:00:00,1431A,JQLH,29.0,411.3643599214893,-382.3643599214893
2021-07-21 18:00:00,1431A,JQLH,24.0,410.98949717721825,-386.98949717721825
2021-07-21 19:00:00,1431A,JQLH,23.0,413.25930777973065,-390.25930777973065
2021-07-21 20:00:00,1431A,JQLH,16.0,415.1108664830806,-399.1108664830806
2021-07-21 21:00:00,1431A,JQLH,,417.12696161127985,
2021-07-21 22:00:00,1431A,JQLH,,417.8541554848913,
2021-07-21 23:00:00,1431A,JQLH,,418.886929440692,
2021-07-22 00:00:00,1431A,JQLH,,419.0429329678308,
2021-07-22 01:00:00,1431A,JQLH,,417.87305229739803,
2021-07-22 02:00:00,1431A,JQLH,,417.28154911746975,
2021-07-22 03:00:00,1431A,JQLH,,416.23531185666695,
2021-07-22 04:00:00,1431A,JQLH,,415.14249127713873,
2021-07-22 05:00:00,1431A,JQLH,,415.5018212987636,
2021-07-22 06:00:00,1431A,JQLH,,415.4807254985781,
2021-07-22 07:00:00,1431A,JQLH,,414.7430326341084,
2021-07-22 08:00:00,1431A,JQLH,,414.7292451909331,
2021-07-22 09:00:00,1431A,JQLH,,415.2447234659809,
2021-07-22 10:00:00,1431A,JQLH,16.0,416.49025400250997,-400.49025400250997
2021-07-22 11:00:00,1431A,JQLH,17.0,418.1278722730347,-401.1278722730347
2021-07-22 12:00:00,1431A,JQLH,16.0,418.65450866100866,-402.65450866100866
2021-07-22 13:00:00,1431A,JQLH,22.0,416.9530087813022,-394.9530087813022
2021-07-22 14:00:00,1431A,JQLH,24.0,415.11334187721263,-391.11334187721263
2021-07-22 15:00:00,1431A,JQLH,19.0,414.4917269932492,-395.4917269932492
2021-07-22 16:00:00,1431A,JQLH,18.0,413.1863367099483,-395.1863367099483
2021-07-22 17:00:00,1431A,JQLH,22.0,412.7725568455797,-390.7725568455797
2021-07-22 18:00:00,1431A,JQLH,26.0,412.3976941013086,-386.3976941013086
2021-07-22 19:00:00,1431A,JQLH,25.0,414.667504703821,-389.667504703821
2021-07-22 20:00:00,1431A,JQLH,,416.51906340717096,
2021-07-22 21:00:00,1431A,JQLH,,418.5351585353702,
2021-07-22 22:00:00,1431A,JQLH,,419.26235240898166,
2021-07-22 23:00:00,1431A,JQLH,4.0,420.29512636478233,-416.29512636478233
2021-07-23 00:00:00,1431A,JQLH,7.0,420.45112989192114,-413.45112989192114
2021-07-23 01:00:00,1431A,JQLH,10.0,419.2812492214884,-409.2812492214884
2021-07-23 02:00:00,1431A,JQLH,11.0,418.6897460415601,-407.6897460415601
2021-07-23 03:00:00,1431A,JQLH,12.0,417.6435087807573,-405.6435087807573
2021-07-23 04:00:00,1431A,JQLH,14.0,416.5506882012291,-402.5506882012291
2021-07-23 05:00:00,1431A,JQLH,14.0,416.910018222854,-402.910018222854
2021-07-23 06:00:00,1431A,JQLH,15.0,416.8889224226685,-401.8889224226685
2021-07-23 07:00:00,1431A,JQLH,20.0,416.15122955819874,-396.15122955819874
2021-07-23 08:00:00,1431A,JQLH,26.0,416.1374421150235,-390.1374421150235
2021-07-23 09:00:00,1431A,JQLH,29.0,416.65292039007124,-387.65292039007124
2021-07-23 10:00:00,1431A,JQLH,33.0,417.89845092660033,-384.89845092660033
2021-07-23 11:00:00,1431A,JQLH,,419.5360691971251,
2021-07-23 12:00:00,1431A,JQLH,30.0,420.062705585099,-390.062705585099
2021-07-23 13:00:00,1431A,JQLH,40.0,418.36120570539254,-378.36120570539254
2021-07-23 14:00:00,1431A,JQLH,40.0,416.521538801303,-376.521538801303
2021-07-23 15:00:00,1431A,JQLH,35.0,415.89992391733955,-380.89992391733955
2021-07-23 16:00:00,1431A,JQLH,,414.59453363403867,
2021-07-23 17:00:00,1431A,JQLH,29.0,414.18075376967005,-385.18075376967005
2021-07-23 18:00:00,1431A,JQLH,36.0,413.805891025399,-377.805891025399
2021-07-23 19:00:00,1431A,JQLH,37.0,416.07570162791137,-379.07570162791137
2021-07-23 20:00:00,1431A,JQLH,34.0,417.9272603312613,-383.9272603312613
2021-07-23 21:00:00,1431A,JQLH,34.0,419.9433554594606,-385.9433554594606
2021-07-23 22:00:00,1431A,JQLH,32.0,420.670549333072,-388.670549333072
2021-07-23 23:00:00,1431A,JQLH,30.0,421.7033232888727,-391.7033232888727
2021-07-24 00:00:00,1431A,JQLH,34.0,421.8593268160115,-387.8593268160115
2021-07-24 01:00:00,1431A,JQLH,49.0,420.68944614557876,-371.68944614557876
2021-07-24 02:00:00,1431A,JQLH,47.0,420.0979429656505,-373.0979429656505
2021-07-24 03:00:00,1431A,JQLH,49.0,419.0517057048477,-370.0517057048477
2021-07-24 04:00:00,1431A,JQLH,52.0,417.95888512531945,-365.95888512531945
2021-07-24 05:00:00,1431A,JQLH,49.0,418.31821514694434,-369.31821514694434
2021-07-24 06:00:00,1431A,JQLH,41.0,418.29711934675885,-377.29711934675885
2021-07-24 07:00:00,1431A,JQLH,16.0,417.5594264822891,-401.5594264822891
2021-07-24 08:00:00,1431A,JQLH,9.0,417.54563903911384,-408.54563903911384
2021-07-24 09:00:00,1431A,JQLH,13.0,418.0611173141616,-405.0611173141616
2021-07-24 10:00:00,1431A,JQLH,16.0,419.3066478506907,-403.3066478506907
2021-07-24 11:00:00,1431A,JQLH,26.0,420.94426612121543,-394.94426612121543
2021-07-24 12:00:00,1431A,JQLH,26.0,421.4709025091894,-395.4709025091894
2021-07-24 13:00:00,1431A,JQLH,22.0,419.7694026294829,-397.7694026294829
2021-07-24 14:00:00,1431A,JQLH,23.0,417.92973572539336,-394.92973572539336
2021-07-24 15:00:00,1431A,JQLH,13.0,417.3081208414299,-404.3081208414299
2021-07-24 16:00:00,1431A,JQLH,7.0,416.00273055812903,-409.00273055812903
2021-07-24 17:00:00,1431A,JQLH,14.0,415.5889506937604,-401.5889506937604
2021-07-24 18:00:00,1431A,JQLH,13.0,415.21408794948934,-402.21408794948934
2021-07-24 19:00:00,1431A,JQLH,15.0,417.48389855200173,-402.48389855200173
2021-07-24 20:00:00,1431A,JQLH,22.0,419.3354572553517,-397.3354572553517
2021-07-24 21:00:00,1431A,JQLH,22.0,421.35155238355094,-399.35155238355094
2021-07-24 22:00:00,1431A,JQLH,20.0,422.0787462571624,-402.0787462571624
2021-07-24 23:00:00,1431A,JQLH,17.0,423.11152021296306,-406.11152021296306
2021-07-25 00:00:00,1431A,JQLH,,423.26752374010186,
2021-07-25 01:00:00,1431A,JQLH,,422.0976430696691,
2021-07-25 02:00:00,1431A,JQLH,,421.50613988974084,
2021-07-25 03:00:00,1431A,JQLH,,420.45990262893804,
2021-07-25 04:00:00,1431A,JQLH,,419.3670820494098,
2021-07-25 05:00:00,1431A,JQLH,,419.7264120710347,
2021-07-25 06:00:00,1431A,JQLH,,419.7053162708492,
2021-07-25 07:00:00,1431A,JQLH,,418.96762340637946,
2021-07-25 08:00:00,1431A,JQLH,,418.9538359632042,
2021-07-25 09:00:00,1431A,JQLH,,419.46931423825197,
2021-07-25 10:00:00,1431A,JQLH,,420.71484477478106,
2021-07-25 11:00:00,1431A,JQLH,34.0,422.3524630453058,-388.3524630453058
2021-07-25 12:00:00,1431A,JQLH,39.0,422.87909943327975,-383.87909943327975
2021-07-25 13:00:00,1431A,JQLH,45.0,421.17759955357326,-376.17759955357326
2021-07-25 14:00:00,1431A,JQLH,37.0,419.3379326494837,-382.3379326494837
2021-07-25 15:00:00,1431A,JQLH,34.0,418.7163177655203,-384.7163177655203
2021-07-25 16:00:00,1431A,JQLH,28.0,417.4109274822194,-389.4109274822194
2021-07-25 17:00:00,1431A,JQLH,27.0,416.99714761785077,-389.99714761785077
2021-07-25 18:00:00,1431A,JQLH,27.0,416.6222848735797,-389.6222848735797
2021-07-25 19:00:00,1431A,JQLH,28.0,418.8920954760921,-390.8920954760921
2021-07-25 20:00:00,1431A,JQLH,,420.74365417944205,
2021-07-25 21:00:00,1431A,JQLH,27.0,422.7597493076413,-395.7597493076413
2021-07-25 22:00:00,1431A,JQLH,32.0,423.48694318125274,-391.48694318125274
2021-07-25 23:00:00,1431A,JQLH,36.0,424.5197171370534,-388.5197171370534
2021-07-26 00:00:00,1431A,JQLH,36.0,424.6757206641922,-388.6757206641922
2021-07-26 01:00:00,1431A,JQLH,37.0,423.5058399937595,-386.5058399937595
2021-07-26 02:00:00,1431A,JQLH,39.0,422.9143368138312,-383.9143368138312
2021-07-26 03:00:00,1431A,JQLH,38.0,421.8680995530284,-383.8680995530284
2021-07-26 04:00:00,1431A,JQLH,30.0,420.7752789735002,-390.7752789735002
2021-07-26 05:00:00,1431A,JQLH,22.0,421.13460899512506,-399.13460899512506
2021-07-26 06:00:00,1431A,JQLH,13.0,421.11351319493957,-408.11351319493957
2021-07-26 07:00:00,1431A,JQLH,8.0,420.3758203304698,-412.3758203304698
2021-07-26 08:00:00,1431A,JQLH,11.0,420.36203288729456,-409.36203288729456
2021-07-26 09:00:00,1431A,JQLH,20.0,420.87751116234233,-400.87751116234233
2021-07-26 10:00:00,1431A,JQLH,28.0,422.1230416988714,-394.1230416988714
2021-07-26 11:00:00,1431A,JQLH,26.0,423.76065996939616,-397.76065996939616
2021-07-26 12:00:00,1431A,JQLH,22.0,424.2872963573701,-402.2872963573701
2021-07-26 13:00:00,1431A,JQLH,20.0,422.5857964776636,-402.5857964776636
2021-07-26 14:00:00,1431A,JQLH,12.0,420.7461295735741,-408.7461295735741
2021-07-26 15:00:00,1431A,JQLH,13.0,420.12451468961063,-407.12451468961063
2021-07-26 16:00:00,1431A,JQLH,12.0,418.81912440630975,-406.81912440630975
2021-07-26 17:00:00,1431A,JQLH,8.0,418.40534454194113,-410.40534454194113
2021-07-26 18:00:00,1431A,JQLH,10.0,418.03048179767006,-408.03048179767006
2021-07-26 19:00:00,1431A,JQLH,11.0,420.30029240018246,-409.30029240018246
2021-07-26 20:00:00,1431A,JQLH,9.0,422.1518511035324,-413.1518511035324
2021-07-26 21:00:00,1431A,JQLH,9.0,424.16794623173166,-415.16794623173166
2021-07-26 22:00:00,1431A,JQLH,12.0,424.8951401053431,-412.8951401053431
2021-07-26 23:00:00,1431A,JQLH,13.0,425.9279140611438,-412.9279140611438
2021-07-27 00:00:00,1431A,JQLH,14.0,426.0839175882826,-412.0839175882826
2021-07-27 01:00:00,1431A,JQLH,14.0,424.91403691784984,-410.91403691784984
2021-07-27 02:00:00,1431A,JQLH,15.0,424.32253373792156,-409.32253373792156
2021-07-27 03:00:00,1431A,JQLH,16.0,423.27629647711876,-407.27629647711876
2021-07-27 04:00:00,1431A,JQLH,17.0,422.18347589759054,-405.18347589759054
2021-07-27 05:00:00,1431A,JQLH,16.0,422.5428059192154,-406.5428059192154
2021-07-27 06:00:00,1431A,JQLH,20.0,422.52171011902993,-402.52171011902993
2021-07-27 07:00:00,1431A,JQLH,19.0,421.7840172545602,-402.7840172545602
2021-07-27 08:00:00,1431A,JQLH,18.0,421.7702298113849,-403.7702298113849
2021-07-27 09:00:00,1431A,JQLH,22.0,422.2857080864327,-400.2857080864327
2021-07-27 10:00:00,1431A,JQLH,31.0,423.5312386229618,-392.5312386229618
2021-07-27 11:00:00,1431A,JQLH,29.0,425.1688568934865,-396.1688568934865
2021-07-27 12:00:00,1431A,JQLH,31.0,425.6954932814605,-394.6954932814605
2021-07-27 13:00:00,1431A,JQLH,,423.993993401754,
2021-07-27 14:00:00,1431A,JQLH,20.0,422.15432649766444,-402.15432649766444
2021-07-27 15:00:00,1431A,JQLH,20.0,421.532711613701,-401.532711613701
2021-07-27 16:00:00,1431A,JQLH,18.0,420.2273213304001,-402.2273213304001
2021-07-27 17:00:00,1431A,JQLH,17.0,419.8135414660315,-402.8135414660315
2021-07-27 18:00:00,1431A,JQLH,18.0,419.4386787217604,-401.4386787217604
2021-07-27 19:00:00,1431A,JQLH,14.0,421.7084893242728,-407.7084893242728
2021-07-27 20:00:00,1431A,JQLH,16.0,423.56004802762277,-407.56004802762277
2021-07-27 21:00:00,1431A,JQLH,22.0,425.576143155822,-403.576143155822
2021-07-27 22:00:00,1431A,JQLH,26.0,426.30333702943346,-400.30333702943346
2021-07-27 23:00:00,1431A,JQLH,26.0,427.33611098523414,-401.33611098523414
2021-07-28 00:00:00,1431A,JQLH,26.0,427.49211451237295,-401.49211451237295
2021-07-28 01:00:00,1431A,JQLH,26.0,426.3222338419402,-400.3222338419402
2021-07-28 02:00:00,1431A,JQLH,29.0,425.7307306620119,-396.7307306620119
2021-07-28 03:00:00,1431A,JQLH,30.0,424.6844934012091,-394.6844934012091
2021-07-28 04:00:00,1431A,JQLH,32.0,423.5916728216809,-391.5916728216809
2021-07-28 05:00:00,1431A,JQLH,27.0,423.9510028433058,-396.9510028433058
2021-07-28 06:00:00,1431A,JQLH,24.0,423.9299070431203,-399.9299070431203
2021-07-28 07:00:00,1431A,JQLH,22.0,423.19221417865054,-401.19221417865054
2021-07-28 08:00:00,1431A,JQLH,23.0,423.1784267354753,-400.1784267354753
2021-07-28 09:00:00,1431A,JQLH,26.0,423.69390501052305,-397.69390501052305
2021-07-28 10:00:00,1431A,JQLH,23.0,424.93943554705214,-401.93943554705214
2021-07-28 11:00:00,1431A,JQLH,24.0,426.5770538175769,-402.5770538175769
2021-07-28 12:00:00,1431A,JQLH,23.0,427.10369020555083,-404.10369020555083
2021-07-28 13:00:00,1431A,JQLH,25.0,425.40219032584434,-400.40219032584434
2021-07-28 14:00:00,1431A,JQLH,21.0,423.5625234217548,-402.5625234217548
2021-07-28 15:00:00,1431A,JQLH,20.0,422.94090853779136,-402.94090853779136
2021-07-28 16:00:00,1431A,JQLH,23.0,421.6355182544905,-398.6355182544905
2021-07-28 17:00:00,1431A,JQLH,23.0,421.22173839012186,-398.22173839012186
2021-07-28 18:00:00,1431A,JQLH,20.0,420.8468756458508,-400.8468756458508
2021-07-28 19:00:00,1431A,JQLH,20.0,423.1166862483632,-403.1166862483632
2021-07-28 20:00:00,1431A,JQLH,22.0,424.96824495171313,-402.96824495171313
2021-07-28 21:00:00,1431A,JQLH,22.0,426.9843400799124,-404.9843400799124
2021-07-28 22:00:00,1431A,JQLH,27.0,427.7115339535238,-400.7115339535238
2021-07-28 23:00:00,1431A,JQLH,29.0,428.7443079093245,-399.7443079093245
2021-07-29 00:00:00,1431A,JQLH,30.0,428.9003114364633,-398.9003114364633
2021-07-29 01:00:00,1431A,JQLH,26.0,427.73043076603057,-401.73043076603057
2021-07-29 02:00:00,1431A,JQLH,23.0,427.1389275861023,-404.1389275861023
2021-07-29 03:00:00,1431A,JQLH,24.0,426.0926903252995,-402.0926903252995
2021-07-29 04:00:00,1431A,JQLH,27.0,424.99986974577126,-397.99986974577126
2021-07-29 05:00:00,1431A,JQLH,25.0,425.35919976739615,-400.35919976739615
2021-07-29 06:00:00,1431A,JQLH,25.0,425.33810396721066,-400.33810396721066
2021-07-29 07:00:00,1431A,JQLH,27.0,424.6004111027409,-397.6004111027409
2021-07-29 08:00:00,1431A,JQLH,31.0,424.58662365956565,-393.58662365956565
2021-07-29 09:00:00,1431A,JQLH,33.0,425.1021019346134,-392.1021019346134
2021-07-29 10:00:00,1431A,JQLH,34.0,426.3476324711425,-392.3476324711425
2021-07-29 11:00:00,1431A,JQLH,26.0,427.98525074166724,-401.98525074166724
2021-07-29 12:00:00,1431A,JQLH,23.0,428.5118871296412,-405.5118871296412
2021-07-29 13:00:00,1431A,JQLH,25.0,426.8103872499347,-401.8103872499347
2021-07-29 14:00:00,1431A,JQLH,26.0,424.97072034584517,-398.97072034584517
2021-07-29 15:00:00,1431A,JQLH,26.0,424.3491054618817,-398.3491054618817
2021-07-29 16:00:00,1431A,JQLH,26.0,423.04371517858084,-397.04371517858084
2021-07-29 17:00:00,1431A,JQLH,23.0,422.6299353142122,-399.6299353142122
2021-07-29 18:00:00,1431A,JQLH,21.0,422.25507256994115,-401.25507256994115
2021-07-29 19:00:00,1431A,JQLH,21.0,424.52488317245354,-403.52488317245354
2021-07-29 20:00:00,1431A,JQLH,19.0,426.3764418758035,-407.3764418758035
2021-07-29 21:00:00,1431A,JQLH,21.0,428.39253700400275,-407.39253700400275
2021-07-29 22:00:00,1431A,JQLH,26.0,429.1197308776142,-403.1197308776142
2021-07-29 23:00:00,1431A,JQLH,32.0,430.15250483341487,-398.15250483341487
2021-07-30 00:00:00,1431A,JQLH,37.0,430.3085083605537,-393.3085083605537
2021-07-30 01:00:00,1431A,JQLH,42.0,429.1386276901209,-387.1386276901209
2021-07-30 02:00:00,1431A,JQLH,42.0,428.54712451019265,-386.54712451019265
2021-07-30 03:00:00,1431A,JQLH,42.0,427.50088724938985,-385.50088724938985
2021-07-30 04:00:00,1431A,JQLH,40.0,426.4080666698616,-386.4080666698616
2021-07-30 05:00:00,1431A,JQLH,39.0,426.7673966914865,-387.7673966914865
2021-07-30 06:00:00,1431A,JQLH,43.0,426.746300891301,-383.746300891301
2021-07-30 07:00:00,1431A,JQLH,35.0,426.00860802683127,-391.00860802683127
2021-07-30 08:00:00,1431A,JQLH,35.0,425.994820583656,-390.994820583656
2021-07-30 09:00:00,1431A,JQLH,31.0,426.5102988587038,-395.5102988587038
2021-07-30 10:00:00,1431A,JQLH,30.0,427.75582939523287,-397.75582939523287
2021-07-30 11:00:00,1431A,JQLH,34.0,429.3934476657576,-395.3934476657576
2021-07-30 12:00:00,1431A,JQLH,30.0,429.92008405373156,-399.92008405373156
2021-07-30 13:00:00,1431A,JQLH,21.0,428.21858417402507,-407.21858417402507
2021-07-30 14:00:00,1431A,JQLH,22.0,426.3789172699355,-404.3789172699355
2021-07-30 15:00:00,1431A,JQLH,22.0,425.7573023859721,-403.7573023859721
2021-07-30 16:00:00,1431A,JQLH,18.0,424.4519121026712,-406.4519121026712
2021-07-30 17:00:00,1431A,JQLH,18.0,424.0381322383026,-406.0381322383026
2021-07-30 18:00:00,1431A,JQLH,22.0,423.6632694940315,-401.6632694940315
2021-07-30 19:00:00,1431A,JQLH,22.0,425.9330800965439,-403.9330800965439
2021-07-30 20:00:00,1431A,JQLH,22.0,427.78463879989386,-405.78463879989386
2021-07-30 21:00:00,1431A,JQLH,25.0,429.8007339280931,-404.8007339280931
2021-07-30 22:00:00,1431A,JQLH,31.0,430.52792780170455,-399.52792780170455
2021-07-30 23:00:00,1431A,JQLH,30.0,431.5607017575052,-401.5607017575052
2021-07-31 00:00:00,1431A,JQLH,34.0,431.71670528464404,-397.71670528464404
2021-07-31 01:00:00,1431A,JQLH,45.0,430.5468246142113,-385.5468246142113
2021-07-31 02:00:00,1431A,JQLH,47.0,429.955321434283,-382.955321434283
2021-07-31 03:00:00,1431A,JQLH,49.0,428.9090841734802,-379.9090841734802
2021-07-31 04:00:00,1431A,JQLH,49.0,427.816263593952,-378.816263593952
2021-07-31 05:00:00,1431A,JQLH,40.0,428.1755936155769,-388.1755936155769
2021-07-31 06:00:00,1431A,JQLH,32.0,428.1544978153914,-396.1544978153914
2021-07-31 07:00:00,1431A,JQLH,41.0,427.41680495092163,-386.41680495092163
2021-07-31 08:00:00,1431A,JQLH,56.0,427.40301750774637,-371.40301750774637
2021-07-31 09:00:00,1431A,JQLH,72.0,427.91849578279414,-355.91849578279414
2021-07-31 10:00:00,1431A,JQLH,74.0,429.1640263193232,-355.1640263193232
2021-07-31 11:00:00,1431A,JQLH,53.0,430.80164458984797,-377.80164458984797
2021-07-31 12:00:00,1431A,JQLH,57.0,431.3282809778219,-374.3282809778219
2021-07-31 13:00:00,1431A,JQLH,44.0,429.62678109811543,-385.62678109811543
2021-07-31 14:00:00,1431A,JQLH,33.0,427.7871141940259,-394.7871141940259
2021-07-31 15:00:00,1431A,JQLH,22.0,427.16549931006244,-405.16549931006244
2021-07-31 16:00:00,1431A,JQLH,21.0,425.86010902676156,-404.86010902676156
2021-07-31 17:00:00,1431A,JQLH,10.0,425.44632916239294,-415.44632916239294
2021-07-31 18:00:00,1431A,JQLH,11.0,425.0714664181219,-414.0714664181219
2021-07-31 19:00:00,1431A,JQLH,13.0,427.34127702063427,-414.34127702063427
2021-07-31 20:00:00,1431A,JQLH,12.0,429.1928357239842,-417.1928357239842
2021-07-31 21:00:00,1431A,JQLH,12.0,431.20893085218347,-419.20893085218347
2021-07-31 22:00:00,1431A,JQLH,14.0,431.9361247257949,-417.9361247257949
2021-07-31 23:00:00,1431A,JQLH,13.0,432.9688986815956,-419.9688986815956
2021-08-01 00:00:00,1431A,JQLH,14.0,433.1249022087344,-419.1249022087344
2021-08-01 01:00:00,1431A,JQLH,20.0,431.95502153830165,-411.95502153830165
2021-08-01 02:00:00,1431A,JQLH,30.0,431.36351835837337,-401.36351835837337
2021-08-01 03:00:00,1431A,JQLH,37.0,430.31728109757057,-393.31728109757057
2021-08-01 04:00:00,1431A,JQLH,43.0,429.22446051804235,-386.22446051804235
2021-08-01 05:00:00,1431A,JQLH,46.0,429.58379053966723,-383.58379053966723
2021-08-01 06:00:00,1431A,JQLH,52.0,429.56269473948174,-377.56269473948174
2021-08-01 07:00:00,1431A,JQLH,49.0,428.825001875012,-379.825001875012
2021-08-01 08:00:00,1431A,JQLH,50.0,428.81121443183673,-378.81121443183673
2021-08-01 09:00:00,1431A,JQLH,45.0,429.3266927068845,-384.3266927068845
2021-08-01 10:00:00,1431A,JQLH,42.0,430.5722232434136,-388.5722232434136
2021-08-01 11:00:00,1431A,JQLH,40.0,432.20984151393833,-392.20984151393833
2021-08-01 12:00:00,1431A,JQLH,35.0,432.7364779019123,-397.7364779019123
2021-08-01 13:00:00,1431A,JQLH,31.0,431.0349780222058,-400.0349780222058
2021-08-01 14:00:00,1431A,JQLH,23.0,429.19531111811625,-406.19531111811625
2021-08-01 15:00:00,1431A,JQLH,15.0,428.5736962341528,-413.5736962341528
2021-08-01 16:00:00,1431A,JQLH,14.0,427.2683059508519,-413.2683059508519
2021-08-01 17:00:00,1431A,JQLH,13.0,426.8545260864833,-413.8545260864833
2021-08-01 18:00:00,1431A,JQLH,12.0,426.47966334221223,-414.47966334221223
2021-08-01 19:00:00,1431A,JQLH,11.0,428.7494739447246,-417.7494739447246
2021-08-01 20:00:00,1431A,JQLH,12.0,430.6010326480746,-418.6010326480746
2021-08-01 21:00:00,1431A,JQLH,13.0,432.61712777627383,-419.61712777627383
2021-08-01 22:00:00,1431A,JQLH,17.0,433.3443216498853,-416.3443216498853
2021-08-01 23:00:00,1431A,JQLH,21.0,434.37709560568595,-413.37709560568595
2021-08-02 00:00:00,1431A,JQLH,27.0,434.53309913282476,-407.53309913282476
2021-08-02 01:00:00,1431A,JQLH,33.0,433.363218462392,-400.363218462392
2021-08-02 02:00:00,1431A,JQLH,44.0,432.77171528246373,-388.77171528246373
2021-08-02 03:00:00,1431A,JQLH,52.0,431.72547802166093,-379.72547802166093
2021-08-02 04:00:00,1431A,JQLH,50.0,430.6326574421327,-380.6326574421327
2021-08-02 05:00:00,1431A,JQLH,51.0,430.9919874637576,-379.9919874637576
2021-08-02 06:00:00,1431A,JQLH,56.0,430.9708916635721,-374.9708916635721
2021-08-02 07:00:00,1431A,JQLH,50.0,430.23319879910235,-380.23319879910235
2021-08-02 08:00:00,1431A,JQLH,44.0,430.2194113559271,-386.2194113559271
2021-08-02 09:00:00,1431A,JQLH,41.0,430.73488963097486,-389.73488963097486
2021-08-02 10:00:00,1431A,JQLH,37.0,431.98042016750395,-394.98042016750395
2021-08-02 11:00:00,1431A,JQLH,31.0,433.6180384380287,-402.6180384380287
2021-08-02 12:00:00,1431A,JQLH,28.0,434.14467482600264,-406.14467482600264
2021-08-02 13:00:00,1431A,JQLH,30.0,432.44317494629615,-402.44317494629615
2021-08-02 14:00:00,1431A,JQLH,24.0,430.6035080422066,-406.6035080422066
2021-08-02 15:00:00,1431A,JQLH,21.0,429.98189315824317,-408.98189315824317
2021-08-02 16:00:00,1431A,JQLH,16.0,428.6765028749423,-412.6765028749423
2021-08-02 17:00:00,1431A,JQLH,15.0,428.26272301057367,-413.26272301057367
2021-08-02 18:00:00,1431A,JQLH,16.0,427.8878602663026,-411.8878602663026
2021-08-02 19:00:00,1431A,JQLH,16.0,430.157670868815,-414.157670868815
2021-08-02 20:00:00,1431A,JQLH,16.0,432.00922957216494,-416.00922957216494
2021-08-02 21:00:00,1431A,JQLH,18.0,434.0253247003642,-416.0253247003642
2021-08-02 22:00:00,1431A,JQLH,21.0,434.75251857397564,-413.75251857397564
2021-08-02 23:00:00,1431A,JQLH,23.0,435.7852925297763,-412.7852925297763
2021-08-03 00:00:00,1431A,JQLH,30.0,435.9412960569151,-405.9412960569151
2021-08-03 01:00:00,1431A,JQLH,48.0,434.7714153864824,-386.7714153864824
2021-08-03 02:00:00,1431A,JQLH,56.0,434.1799122065541,-378.1799122065541
2021-08-03 03:00:00,1431A,JQLH,49.0,433.1336749457513,-384.1336749457513
2021-08-03 04:00:00,1431A,JQLH,41.0,432.0408543662231,-391.0408543662231
2021-08-03 05:00:00,1431A,JQLH,36.0,432.40018438784796,-396.40018438784796
2021-08-03 06:00:00,1431A,JQLH,37.0,432.37908858766247,-395.37908858766247
2021-08-03 07:00:00,1431A,JQLH,35.0,431.6413957231927,-396.6413957231927
2021-08-03 08:00:00,1431A,JQLH,37.0,431.62760828001745,-394.62760828001745
2021-08-03 09:00:00,1431A,JQLH,41.0,432.1430865550652,-391.1430865550652
2021-08-03 10:00:00,1431A,JQLH,50.0,433.3886170915943,-383.3886170915943
2021-08-03 11:00:00,1431A,JQLH,46.0,435.02623536211905,-389.02623536211905
2021-08-03 12:00:00,1431A,JQLH,,435.552871750093,
2021-08-03 13:00:00,1431A,JQLH,41.0,433.8513718703865,-392.8513718703865
2021-08-03 14:00:00,1431A,JQLH,48.0,432.011704966297,-384.011704966297
2021-08-03 15:00:00,1431A,JQLH,42.0,431.39009008233353,-389.39009008233353
2021-08-03 16:00:00,1431A,JQLH,39.0,430.08469979903265,-391.08469979903265
2021-08-03 17:00:00,1431A,JQLH,37.0,429.670919934664,-392.670919934664
2021-08-03 18:00:00,1431A,JQLH,38.0,429.29605719039296,-391.29605719039296
2021-08-03 19:00:00,1431A,JQLH,35.0,431.56586779290535,-396.56586779290535
2021-08-03 20:00:00,1431A,JQLH,39.0,433.4174264962553,-394.4174264962553
2021-08-03 21:00:00,1431A,JQLH,39.0,435.43352162445456,-396.43352162445456
2021-08-03 22:00:00,1431A,JQLH,,436.160715498066,
2021-08-03 23:00:00,1431A,JQLH,46.0,437.1934894538667,-391.1934894538667
2021-08-04 00:00:00,1431A,JQLH,33.0,437.3494929810055,-404.3494929810055
2021-08-04 01:00:00,1431A,JQLH,29.0,436.17961231057274,-407.17961231057274
2021-08-04 02:00:00,1431A,JQLH,27.0,435.58810913064445,-408.58810913064445
2021-08-04 03:00:00,1431A,JQLH,29.0,434.54187186984166,-405.54187186984166
2021-08-04 04:00:00,1431A,JQLH,31.0,433.44905129031343,-402.44905129031343
2021-08-04 05:00:00,1431A,JQLH,33.0,433.8083813119383,-400.8083813119383
2021-08-04 06:00:00,1431A,JQLH,40.0,433.7872855117528,-393.7872855117528
2021-08-04 07:00:00,1431A,JQLH,36.0,433.0495926472831,-397.0495926472831
2021-08-04 08:00:00,1431A,JQLH,36.0,433.0358052041078,-397.0358052041078
2021-08-04 09:00:00,1431A,JQLH,36.0,433.5512834791556,-397.5512834791556
2021-08-04 10:00:00,1431A,JQLH,34.0,434.7968140156847,-400.7968140156847
2021-08-04 11:00:00,1431A,JQLH,35.0,436.4344322862094,-401.4344322862094
2021-08-04 12:00:00,1431A,JQLH,36.0,436.96106867418337,-400.96106867418337
2021-08-04 13:00:00,1431A,JQLH,37.0,435.2595687944769,-398.2595687944769
2021-08-04 14:00:00,1431A,JQLH,32.0,433.41990189038734,-401.41990189038734
2021-08-04 15:00:00,1431A,JQLH,29.0,432.7982870064239,-403.7982870064239
2021-08-04 16:00:00,1431A,JQLH,29.0,431.492896723123,-402.492896723123
2021-08-04 17:00:00,1431A,JQLH,29.0,431.0791168587544,-402.0791168587544
2021-08-04 18:00:00,1431A,JQLH,24.0,430.7042541144833,-406.7042541144833
2021-08-04 19:00:00,1431A,JQLH,17.0,432.9740647169957,-415.9740647169957
2021-08-04 20:00:00,1431A,JQLH,19.0,434.82562342034566,-415.82562342034566
2021-08-04 21:00:00,1431A,JQLH,25.0,436.8417185485449,-411.8417185485449
2021-08-04 22:00:00,1431A,JQLH,23.0,437.56891242215636,-414.56891242215636
2021-08-04 23:00:00,1431A,JQLH,,438.60168637795704,
2021-08-05 00:00:00,1431A,JQLH,25.0,438.75768990509584,-413.75768990509584
2021-08-05 01:00:00,1431A,JQLH,21.0,437.5878092346631,-416.5878092346631
2021-08-05 02:00:00,1431A,JQLH,13.0,436.9963060547348,-423.9963060547348
2021-08-05 03:00:00,1431A,JQLH,12.0,435.950068793932,-423.950068793932
2021-08-05 04:00:00,1431A,JQLH,4.0,434.8572482144038,-430.8572482144038
2021-08-05 05:00:00,1431A,JQLH,8.0,435.2165782360287,-427.2165782360287
2021-08-05 06:00:00,1431A,JQLH,8.0,435.1954824358432,-427.1954824358432
2021-08-05 07:00:00,1431A,JQLH,10.0,434.45778957137344,-424.45778957137344
2021-08-05 08:00:00,1431A,JQLH,13.0,434.4440021281982,-421.4440021281982
2021-08-05 09:00:00,1431A,JQLH,15.0,434.95948040324595,-419.95948040324595
2021-08-05 10:00:00,1431A,JQLH,19.0,436.20501093977504,-417.20501093977504
2021-08-05 11:00:00,1431A,JQLH,18.0,437.8426292102998,-419.8426292102998
2021-08-05 12:00:00,1431A,JQLH,19.0,438.3692655982737,-419.3692655982737
2021-08-05 13:00:00,1431A,JQLH,22.0,436.66776571856724,-414.66776571856724
2021-08-05 14:00:00,1431A,JQLH,28.0,434.8280988144777,-406.8280988144777
2021-08-05 15:00:00,1431A,JQLH,30.0,434.20648393051425,-404.20648393051425
2021-08-05 16:00:00,1431A,JQLH,18.0,432.9010936472134,-414.9010936472134
2021-08-05 17:00:00,1431A,JQLH,13.0,432.48731378284475,-419.48731378284475
2021-08-05 18:00:00,1431A,JQLH,14.0,432.1124510385737,-418.1124510385737
2021-08-05 19:00:00,1431A,JQLH,15.0,434.3822616410861,-419.3822616410861
2021-08-05 20:00:00,1431A,JQLH,16.0,436.233820344436,-420.233820344436
2021-08-05 21:00:00,1431A,JQLH,21.0,438.2499154726353,-417.2499154726353
2021-08-05 22:00:00,1431A,JQLH,27.0,438.9771093462467,-411.9771093462467
2021-08-05 23:00:00,1431A,JQLH,31.0,440.0098833020474,-409.0098833020474
2021-08-06 00:00:00,1431A,JQLH,24.0,440.1658868291862,-416.1658868291862
2021-08-06 01:00:00,1431A,JQLH,19.0,438.99600615875346,-419.99600615875346
2021-08-06 02:00:00,1431A,JQLH,15.0,438.4045029788252,-423.4045029788252
2021-08-06 03:00:00,1431A,JQLH,18.0,437.3582657180224,-419.3582657180224
2021-08-06 04:00:00,1431A,JQLH,23.0,436.26544513849416,-413.26544513849416
2021-08-06 05:00:00,1431A,JQLH,23.0,436.62477516011904,-413.62477516011904
2021-08-06 06:00:00,1431A,JQLH,21.0,436.60367935993355,-415.60367935993355
2021-08-06 07:00:00,1431A,JQLH,24.0,435.8659864954638,-411.8659864954638
2021-08-06 08:00:00,1431A,JQLH,25.0,435.85219905228854,-410.85219905228854
2021-08-06 09:00:00,1431A,JQLH,21.0,436.3676773273363,-415.3676773273363
2021-08-06 10:00:00,1431A,JQLH,20.0,437.6132078638654,-417.6132078638654
2021-08-06 11:00:00,1431A,JQLH,17.0,439.25082613439014,-422.25082613439014
2021-08-06 12:00:00,1431A,JQLH,17.0,439.7774625223641,-422.7774625223641
2021-08-06 13:00:00,1431A,JQLH,15.0,438.0759626426576,-423.0759626426576
2021-08-06 14:00:00,1431A,JQLH,15.0,436.23629573856806,-421.23629573856806
2021-08-06 15:00:00,1431A,JQLH,18.0,435.6146808546046,-417.6146808546046
2021-08-06 16:00:00,1431A,JQLH,21.0,434.30929057130373,-413.30929057130373
2021-08-06 17:00:00,1431A,JQLH,23.0,433.8955107069351,-410.8955107069351
2021-08-06 18:00:00,1431A,JQLH,24.0,433.52064796266404,-409.52064796266404
2021-08-06 19:00:00,1431A,JQLH,25.0,435.79045856517644,-410.79045856517644
2021-08-06 20:00:00,1431A,JQLH,28.0,437.6420172685264,-409.6420172685264
2021-08-06 21:00:00,1431A,JQLH,23.0,439.65811239672564,-416.65811239672564
2021-08-06 22:00:00,1431A,JQLH,26.0,440.3853062703371,-414.3853062703371
2021-08-06 23:00:00,1431A,JQLH,26.0,441.41808022613776,-415.41808022613776
2021-08-07 00:00:00,1431A,JQLH,26.0,441.57408375327657,-415.57408375327657
2021-08-07 01:00:00,1431A,JQLH,27.0,440.4042030828438,-413.4042030828438
2021-08-07 02:00:00,1431A,JQLH,25.0,439.81269990291554,-414.81269990291554
2021-08-07 03:00:00,1431A,JQLH,23.0,438.76646264211274,-415.76646264211274
2021-08-07 04:00:00,1431A,JQLH,19.0,437.6736420625845,-418.6736420625845
2021-08-07 05:00:00,1431A,JQLH,15.0,438.0329720842094,-423.0329720842094
2021-08-07 06:00:00,1431A,JQLH,13.0,438.0118762840239,-425.0118762840239
2021-08-07 07:00:00,1431A,JQLH,15.0,437.27418341955416,-422.27418341955416
2021-08-07 08:00:00,1431A,JQLH,17.0,437.2603959763789,-420.2603959763789
2021-08-07 09:00:00,1431A,JQLH,19.0,437.77587425142667,-418.77587425142667
2021-08-07 10:00:00,1431A,JQLH,22.0,439.02140478795576,-417.02140478795576
2021-08-07 11:00:00,1431A,JQLH,24.0,440.6590230584805,-416.6590230584805
2021-08-07 12:00:00,1431A,JQLH,22.0,441.18565944645445,-419.18565944645445
2021-08-07 13:00:00,1431A,JQLH,19.0,439.48415956674796,-420.48415956674796
2021-08-07 14:00:00,1431A,JQLH,16.0,437.6444926626584,-421.6444926626584
2021-08-07 15:00:00,1431A,JQLH,13.0,437.022877778695,-424.022877778695
2021-08-07 16:00:00,1431A,JQLH,10.0,435.7174874953941,-425.7174874953941
2021-08-07 17:00:00,1431A,JQLH,11.0,435.3037076310255,-424.3037076310255
2021-08-07 18:00:00,1431A,JQLH,12.0,434.9288448867544,-422.9288448867544
2021-08-07 19:00:00,1431A,JQLH,13.0,437.1986554892668,-424.1986554892668
2021-08-07 20:00:00,1431A,JQLH,14.0,439.05021419261675,-425.05021419261675
2021-08-07 21:00:00,1431A,JQLH,13.0,441.066309320816,-428.066309320816
2021-08-07 22:00:00,1431A,JQLH,17.0,441.79350319442744,-424.79350319442744
2021-08-07 23:00:00,1431A,JQLH,17.0,442.8262771502281,-425.8262771502281
2021-08-08 00:00:00,1431A,JQLH,13.0,442.98228067736693,-429.98228067736693
2021-08-08 01:00:00,1431A,JQLH,14.0,441.8124000069342,-427.8124000069342
2021-08-08 02:00:00,1431A,JQLH,16.0,441.2208968270059,-425.2208968270059
2021-08-08 03:00:00,1431A,JQLH,16.0,440.1746595662031,-424.1746595662031
2021-08-08 04:00:00,1431A,JQLH,18.0,439.0818389866749,-421.0818389866749
2021-08-08 05:00:00,1431A,JQLH,21.0,439.44116900829977,-418.44116900829977
2021-08-08 06:00:00,1431A,JQLH,22.0,439.4200732081143,-417.4200732081143
2021-08-08 07:00:00,1431A,JQLH,24.0,438.6823803436445,-414.6823803436445
2021-08-08 08:00:00,1431A,JQLH,18.0,438.66859290046926,-420.66859290046926
2021-08-08 09:00:00,1431A,JQLH,11.0,439.18407117551703,-428.18407117551703
2021-08-08 10:00:00,1431A,JQLH,11.0,440.4296017120461,-429.4296017120461
2021-08-08 11:00:00,1431A,JQLH,13.0,442.06721998257086,-429.06721998257086
2021-08-08 12:00:00,1431A,JQLH,15.0,442.5938563705448,-427.5938563705448
2021-08-08 13:00:00,1431A,JQLH,19.0,440.8923564908383,-421.8923564908383
2021-08-08 14:00:00,1431A,JQLH,23.0,439.0526895867488,-416.0526895867488
2021-08-08 15:00:00,1431A,JQLH,19.0,438.43107470278534,-419.43107470278534
2021-08-08 16:00:00,1431A,JQLH,14.0,437.12568441948446,-423.12568441948446
2021-08-08 17:00:00,1431A,JQLH,13.0,436.71190455511584,-423.71190455511584
2021-08-08 18:00:00,1431A,JQLH,14.0,436.33704181084477,-422.33704181084477
2021-08-08 19:00:00,1431A,JQLH,14.0,438.60685241335716,-424.60685241335716
2021-08-08 20:00:00,1431A,JQLH,14.0,440.4584111167071,-426.4584111167071
2021-08-08 21:00:00,1431A,JQLH,15.0,442.47450624490637,-427.47450624490637
2021-08-08 22:00:00,1431A,JQLH,18.0,443.2017001185178,-425.2017001185178
2021-08-08 23:00:00,1431A,JQLH,20.0,444.2344740743185,-424.2344740743185
2021-08-09 00:00:00,1431A,JQLH,22.0,444.3904776014573,-422.3904776014573
2021-08-09 01:00:00,1431A,JQLH,22.0,443.22059693102455,-421.22059693102455
2021-08-09 02:00:00,1431A,JQLH,20.0,442.62909375109626,-422.62909375109626
2021-08-09 03:00:00,1431A,JQLH,24.0,441.58285649029347,-417.58285649029347
2021-08-09 04:00:00,1431A,JQLH,26.0,440.49003591076524,-414.49003591076524
2021-08-09 05:00:00,1431A,JQLH,27.0,440.8493659323901,-413.8493659323901
2021-08-09 06:00:00,1431A,JQLH,28.0,440.82827013220464,-412.82827013220464
2021-08-09 07:00:00,1431A,JQLH,29.0,440.0905772677349,-411.0905772677349
2021-08-09 08:00:00,1431A,JQLH,34.0,440.0767898245596,-406.0767898245596
2021-08-09 09:00:00,1431A,JQLH,40.0,440.5922680996074,-400.5922680996074
2021-08-09 10:00:00,1431A,JQLH,35.0,441.8377986361365,-406.8377986361365
2021-08-09 11:00:00,1431A,JQLH,25.0,443.4754169066612,-418.4754169066612
2021-08-09 12:00:00,1431A,JQLH,19.0,444.0020532946352,-425.0020532946352
2021-08-09 13:00:00,1431A,JQLH,18.0,442.3005534149287,-424.3005534149287
2021-08-09 14:00:00,1431A,JQLH,17.0,440.46088651083915,-423.46088651083915
2021-08-09 15:00:00,1431A,JQLH,15.0,439.8392716268757,-424.8392716268757
2021-08-09 16:00:00,1431A,JQLH,14.0,438.5338813435748,-424.5338813435748
2021-08-09 17:00:00,1431A,JQLH,16.0,438.1201014792062,-422.1201014792062
2021-08-09 18:00:00,1431A,JQLH,16.0,437.7452387349351,-421.7452387349351
2021-08-09 19:00:00,1431A,JQLH,16.0,440.0150493374475,-424.0150493374475
2021-08-09 20:00:00,1431A,JQLH,,441.8666080407975,
2021-08-09 21:00:00,1431A,JQLH,,443.8827031689967,
2021-08-09 22:00:00,1431A,JQLH,,444.60989704260817,
2021-08-09 23:00:00,1431A,JQLH,,445.64267099840885,
2021-08-10 00:00:00,1431A,JQLH,,445.79867452554765,
2021-08-10 01:00:00,1431A,JQLH,,444.6287938551149,
2021-08-10 02:00:00,1431A,JQLH,,444.0372906751866,
2021-08-10 03:00:00,1431A,JQLH,,442.9910534143838,
2021-08-10 04:00:00,1431A,JQLH,,441.8982328348556,
2021-08-10 05:00:00,1431A,JQLH,,442.2575628564805,
2021-08-10 06:00:00,1431A,JQLH,,442.236467056295,
2021-08-10 07:00:00,1431A,JQLH,,441.49877419182525,
2021-08-10 08:00:00,1431A,JQLH,,441.48498674865,
2021-08-10 09:00:00,1431A,JQLH,,442.00046502369776,
2021-08-10 10:00:00,1431A,JQLH,61.0,443.24599556022685,-382.24599556022685
2021-08-10 11:00:00,1431A,JQLH,,444.8836138307516,
2021-08-10 12:00:00,1431A,JQLH,,445.41025021872554,
2021-08-10 13:00:00,1431A,JQLH,28.0,443.70875033901905,-415.70875033901905
2021-08-10 14:00:00,1431A,JQLH,25.0,441.8690834349295,-416.8690834349295
2021-08-10 15:00:00,1431A,JQLH,29.0,441.24746855096606,-412.24746855096606
2021-08-10 16:00:00,1431A,JQLH,21.0,439.9420782676652,-418.9420782676652
2021-08-10 17:00:00,1431A,JQLH,16.0,439.52829840329656,-423.52829840329656
2021-08-10 18:00:00,1431A,JQLH,19.0,439.1534356590255,-420.1534356590255
2021-08-10 19:00:00,1431A,JQLH,22.0,441.4232462615379,-419.4232462615379
2021-08-10 20:00:00,1431A,JQLH,24.0,443.27480496488784,-419.27480496488784
2021-08-10 21:00:00,1431A,JQLH,18.0,445.2909000930871,-427.2909000930871
2021-08-10 22:00:00,1431A,JQLH,17.0,446.01809396669853,-429.01809396669853
2021-08-10 23:00:00,1431A,JQLH,18.0,447.0508679224992,-429.0508679224992
2021-08-11 00:00:00,1431A,JQLH,17.0,447.206871449638,-430.206871449638
2021-08-11 01:00:00,1431A,JQLH,18.0,446.03699077920527,-428.03699077920527
2021-08-11 02:00:00,1431A,JQLH,19.0,445.445487599277,-426.445487599277
2021-08-11 03:00:00,1431A,JQLH,21.0,444.3992503384742,-423.3992503384742
2021-08-11 04:00:00,1431A,JQLH,28.0,443.30642975894597,-415.30642975894597
2021-08-11 05:00:00,1431A,JQLH,22.0,443.66575978057085,-421.66575978057085
2021-08-11 06:00:00,1431A,JQLH,20.0,443.64466398038536,-423.64466398038536
2021-08-11 07:00:00,1431A,JQLH,17.0,442.9069711159156,-425.9069711159156
2021-08-11 08:00:00,1431A,JQLH,15.0,442.89318367274035,-427.89318367274035
2021-08-11 09:00:00,1431A,JQLH,16.0,443.4086619477881,-427.4086619477881
2021-08-11 10:00:00,1431A,JQLH,19.0,444.6541924843172,-425.6541924843172
2021-08-11 11:00:00,1431A,JQLH,24.0,446.29181075484195,-422.29181075484195
2021-08-11 12:00:00,1431A,JQLH,31.0,446.8184471428159,-415.8184471428159
2021-08-11 13:00:00,1431A,JQLH,29.0,445.1169472631094,-416.1169472631094
2021-08-11 14:00:00,1431A,JQLH,25.0,443.27728035901987,-418.27728035901987
2021-08-11 15:00:00,1431A,JQLH,23.0,442.6556654750564,-419.6556654750564
2021-08-11 16:00:00,1431A,JQLH,23.0,441.35027519175554,-418.35027519175554
2021-08-11 17:00:00,1431A,JQLH,18.0,440.9364953273869,-422.9364953273869
2021-08-11 18:00:00,1431A,JQLH,20.0,440.56163258311585,-420.56163258311585
2021-08-11 19:00:00,1431A,JQLH,24.0,442.83144318562825,-418.83144318562825
2021-08-11 20:00:00,1431A,JQLH,26.0,444.6830018889782,-418.6830018889782
2021-08-11 21:00:00,1431A,JQLH,20.0,446.69909701717745,-426.69909701717745
2021-08-11 22:00:00,1431A,JQLH,20.0,447.4262908907889,-427.4262908907889
2021-08-11 23:00:00,1431A,JQLH,20.0,448.45906484658957,-428.45906484658957
2021-08-12 00:00:00,1431A,JQLH,22.0,448.6150683737284,-426.6150683737284
2021-08-12 01:00:00,1431A,JQLH,20.0,447.44518770329563,-427.44518770329563
2021-08-12 02:00:00,1431A,JQLH,22.0,446.85368452336735,-424.85368452336735
2021-08-12 03:00:00,1431A,JQLH,23.0,445.80744726256455,-422.80744726256455
2021-08-12 04:00:00,1431A,JQLH,20.0,444.71462668303633,-424.71462668303633
2021-08-12 05:00:00,1431A,JQLH,18.0,445.0739567046612,-427.0739567046612
2021-08-12 06:00:00,1431A,JQLH,19.0,445.0528609044757,-426.0528609044757
2021-08-12 07:00:00,1431A,JQLH,24.0,444.315168040006,-420.315168040006
2021-08-12 08:00:00,1431A,JQLH,25.0,444.3013805968307,-419.3013805968307
2021-08-12 09:00:00,1431A,JQLH,26.0,444.8168588718785,-418.8168588718785
2021-08-12 10:00:00,1431A,JQLH,24.0,446.06238940840757,-422.06238940840757
2021-08-12 11:00:00,1431A,JQLH,23.0,447.7000076789323,-424.7000076789323
2021-08-12 12:00:00,1431A,JQLH,24.0,448.22664406690626,-424.22664406690626
2021-08-12 13:00:00,1431A,JQLH,20.0,446.52514418719977,-426.52514418719977
2021-08-12 14:00:00,1431A,JQLH,21.0,444.68547728311023,-423.68547728311023
2021-08-12 15:00:00,1431A,JQLH,24.0,444.0638623991468,-420.0638623991468
2021-08-12 16:00:00,1431A,JQLH,21.0,442.7584721158459,-421.7584721158459
2021-08-12 17:00:00,1431A,JQLH,12.0,442.3446922514773,-430.3446922514773
2021-08-12 18:00:00,1431A,JQLH,9.0,441.9698295072062,-432.9698295072062
2021-08-12 19:00:00,1431A,JQLH,10.0,444.2396401097186,-434.2396401097186
2021-08-12 20:00:00,1431A,JQLH,10.0,446.09119881306856,-436.09119881306856
2021-08-12 21:00:00,1431A,JQLH,10.0,448.1072939412678,-438.1072939412678
2021-08-12 22:00:00,1431A,JQLH,10.0,448.83448781487925,-438.83448781487925
2021-08-12 23:00:00,1431A,JQLH,10.0,449.86726177067993,-439.86726177067993
2021-08-13 00:00:00,1431A,JQLH,9.0,450.02326529781874,-441.02326529781874
2021-08-13 01:00:00,1431A,JQLH,8.0,448.853384627386,-440.853384627386
2021-08-13 02:00:00,1431A,JQLH,9.0,448.2618814474577,-439.2618814474577
2021-08-13 03:00:00,1431A,JQLH,20.0,447.2156441866549,-427.2156441866549
2021-08-13 04:00:00,1431A,JQLH,14.0,446.1228236071267,-432.1228236071267
2021-08-13 05:00:00,1431A,JQLH,10.0,446.4821536287516,-436.4821536287516
2021-08-13 06:00:00,1431A,JQLH,10.0,446.4610578285661,-436.4610578285661
2021-08-13 07:00:00,1431A,JQLH,10.0,445.72336496409633,-435.72336496409633
2021-08-13 08:00:00,1431A,JQLH,8.0,445.7095775209211,-437.7095775209211
2021-08-13 09:00:00,1431A,JQLH,9.0,446.22505579596884,-437.22505579596884
2021-08-13 10:00:00,1431A,JQLH,8.0,447.47058633249793,-439.47058633249793
2021-08-13 11:00:00,1431A,JQLH,8.0,449.10820460302267,-441.10820460302267
2021-08-13 12:00:00,1431A,JQLH,12.0,449.6348409909966,-437.6348409909966
2021-08-13 13:00:00,1431A,JQLH,12.0,447.93334111129013,-435.93334111129013
2021-08-13 14:00:00,1431A,JQLH,7.0,446.0936742072006,-439.0936742072006
2021-08-13 15:00:00,1431A,JQLH,9.0,445.47205932323715,-436.47205932323715
2021-08-13 16:00:00,1431A,JQLH,8.0,444.16666903993627,-436.16666903993627
2021-08-13 17:00:00,1431A,JQLH,8.0,443.75288917556765,-435.75288917556765
2021-08-13 18:00:00,1431A,JQLH,8.0,443.3780264312966,-435.3780264312966
2021-08-13 19:00:00,1431A,JQLH,10.0,445.64783703380897,-435.64783703380897
2021-08-13 20:00:00,1431A,JQLH,13.0,447.4993957371589,-434.4993957371589
2021-08-13 21:00:00,1431A,JQLH,15.0,449.5154908653582,-434.5154908653582
2021-08-13 22:00:00,1431A,JQLH,19.0,450.2426847389696,-431.2426847389696
2021-08-13 23:00:00,1431A,JQLH,26.0,451.2754586947703,-425.2754586947703
2021-08-14 00:00:00,1431A,JQLH,26.0,451.4314622219091,-425.4314622219091
2021-08-14 01:00:00,1431A,JQLH,31.0,450.26158155147635,-419.26158155147635
2021-08-14 02:00:00,1431A,JQLH,35.0,449.6700783715481,-414.6700783715481
2021-08-14 03:00:00,1431A,JQLH,33.0,448.6238411107453,-415.6238411107453
2021-08-14 04:00:00,1431A,JQLH,16.0,447.53102053121705,-431.53102053121705
2021-08-14 05:00:00,1431A,JQLH,7.0,447.89035055284194,-440.89035055284194
2021-08-14 06:00:00,1431A,JQLH,6.0,447.86925475265645,-441.86925475265645
2021-08-14 07:00:00,1431A,JQLH,6.0,447.1315618881867,-441.1315618881867
2021-08-14 08:00:00,1431A,JQLH,8.0,447.11777444501143,-439.11777444501143
2021-08-14 09:00:00,1431A,JQLH,10.0,447.6332527200592,-437.6332527200592
2021-08-14 10:00:00,1431A,JQLH,7.0,448.8787832565883,-441.8787832565883
2021-08-14 11:00:00,1431A,JQLH,6.0,450.51640152711303,-444.51640152711303
2021-08-14 12:00:00,1431A,JQLH,6.0,451.043037915087,-445.043037915087
2021-08-14 13:00:00,1431A,JQLH,6.0,449.3415380353805,-443.3415380353805
2021-08-14 14:00:00,1431A,JQLH,14.0,447.50187113129095,-433.50187113129095
2021-08-14 15:00:00,1431A,JQLH,16.0,446.8802562473275,-430.8802562473275
2021-08-14 16:00:00,1431A,JQLH,15.0,445.5748659640266,-430.5748659640266
2021-08-14 17:00:00,1431A,JQLH,13.0,445.161086099658,-432.161086099658
2021-08-14 18:00:00,1431A,JQLH,12.0,444.78622335538694,-432.78622335538694
2021-08-14 19:00:00,1431A,JQLH,12.0,447.05603395789933,-435.05603395789933
2021-08-14 20:00:00,1431A,JQLH,14.0,448.9075926612493,-434.9075926612493
2021-08-14 21:00:00,1431A,JQLH,14.0,450.92368778944854,-436.92368778944854
2021-08-14 22:00:00,1431A,JQLH,20.0,451.65088166306,-431.65088166306
2021-08-14 23:00:00,1431A,JQLH,28.0,452.68365561886066,-424.68365561886066
2021-08-15 00:00:00,1431A,JQLH,31.0,452.83965914599946,-421.83965914599946
2021-08-15 01:00:00,1431A,JQLH,25.0,451.6697784755667,-426.6697784755667
2021-08-15 02:00:00,1431A,JQLH,27.0,451.07827529563843,-424.07827529563843
2021-08-15 03:00:00,1431A,JQLH,30.0,450.03203803483564,-420.03203803483564
2021-08-15 04:00:00,1431A,JQLH,35.0,448.9392174553074,-413.9392174553074
2021-08-15 05:00:00,1431A,JQLH,41.0,449.2985474769323,-408.2985474769323
2021-08-15 06:00:00,1431A,JQLH,25.0,449.2774516767468,-424.2774516767468
2021-08-15 07:00:00,1431A,JQLH,18.0,448.53975881227706,-430.53975881227706
2021-08-15 08:00:00,1431A,JQLH,15.0,448.5259713691018,-433.5259713691018
2021-08-15 09:00:00,1431A,JQLH,13.0,449.04144964414957,-436.04144964414957
2021-08-15 10:00:00,1431A,JQLH,12.0,450.28698018067865,-438.28698018067865
2021-08-15 11:00:00,1431A,JQLH,14.0,451.9245984512034,-437.9245984512034
2021-08-15 12:00:00,1431A,JQLH,13.0,452.45123483917735,-439.45123483917735
2021-08-15 13:00:00,1431A,JQLH,16.0,450.74973495947086,-434.74973495947086
2021-08-15 14:00:00,1431A,JQLH,28.0,448.9100680553813,-420.9100680553813
2021-08-15 15:00:00,1431A,JQLH,25.0,448.28845317141787,-423.28845317141787
2021-08-15 16:00:00,1431A,JQLH,19.0,446.983062888117,-427.983062888117
2021-08-15 17:00:00,1431A,JQLH,14.0,446.56928302374837,-432.56928302374837
2021-08-15 18:00:00,1431A,JQLH,16.0,446.1944202794773,-430.1944202794773
2021-08-15 19:00:00,1431A,JQLH,18.0,448.4642308819897,-430.4642308819897
2021-08-15 20:00:00,1431A,JQLH,19.0,450.31578958533964,-431.31578958533964
2021-08-15 21:00:00,1431A,JQLH,18.0,452.3318847135389,-434.3318847135389
2021-08-15 22:00:00,1431A,JQLH,18.0,453.05907858715034,-435.05907858715034
2021-08-15 23:00:00,1431A,JQLH,24.0,454.091852542951,-430.091852542951
2021-08-16 00:00:00,1431A,JQLH,23.0,454.2478560700898,-431.2478560700898
2021-08-16 01:00:00,1431A,JQLH,12.0,453.0779753996571,-441.0779753996571
2021-08-16 02:00:00,1431A,JQLH,8.0,452.4864722197288,-444.4864722197288
2021-08-16 03:00:00,1431A,JQLH,7.0,451.440234958926,-444.440234958926
2021-08-16 04:00:00,1431A,JQLH,8.0,450.3474143793978,-442.3474143793978
2021-08-16 05:00:00,1431A,JQLH,12.0,450.70674440102266,-438.70674440102266
2021-08-16 06:00:00,1431A,JQLH,21.0,450.68564860083717,-429.68564860083717
2021-08-16 07:00:00,1431A,JQLH,18.0,449.9479557363674,-431.9479557363674
2021-08-16 08:00:00,1431A,JQLH,11.0,449.93416829319216,-438.93416829319216
2021-08-16 09:00:00,1431A,JQLH,9.0,450.4496465682399,-441.4496465682399
2021-08-16 10:00:00,1431A,JQLH,7.0,451.695177104769,-444.695177104769
2021-08-16 11:00:00,1431A,JQLH,7.0,453.33279537529376,-446.33279537529376
2021-08-16 12:00:00,1431A,JQLH,7.0,453.8594317632677,-446.8594317632677
2021-08-16 13:00:00,1431A,JQLH,9.0,452.1579318835612,-443.1579318835612
2021-08-16 14:00:00,1431A,JQLH,11.0,450.3182649794717,-439.3182649794717
2021-08-16 15:00:00,1431A,JQLH,12.0,449.69665009550823,-437.69665009550823
2021-08-16 16:00:00,1431A,JQLH,13.0,448.39125981220735,-435.39125981220735
2021-08-16 17:00:00,1431A,JQLH,14.0,447.97747994783873,-433.97747994783873
2021-08-16 18:00:00,1431A,JQLH,17.0,447.60261720356766,-430.60261720356766
2021-08-16 19:00:00,1431A,JQLH,,449.87242780608005,
2021-08-16 20:00:00,1431A,JQLH,20.0,451.72398650943,-431.72398650943
2021-08-16 21:00:00,1431A,JQLH,16.0,453.74008163762926,-437.74008163762926
2021-08-16 22:00:00,1431A,JQLH,12.0,454.4672755112407,-442.4672755112407
2021-08-16 23:00:00,1431A,JQLH,11.0,455.5000494670414,-444.5000494670414
2021-08-17 00:00:00,1431A,JQLH,17.0,455.6560529941802,-438.6560529941802
2021-08-17 01:00:00,1431A,JQLH,16.0,454.48617232374744,-438.48617232374744
2021-08-17 02:00:00,1431A,JQLH,17.0,453.89466914381916,-436.89466914381916
2021-08-17 03:00:00,1431A,JQLH,21.0,452.84843188301636,-431.84843188301636
2021-08-17 04:00:00,1431A,JQLH,24.0,451.75561130348814,-427.75561130348814
2021-08-17 05:00:00,1431A,JQLH,24.0,452.114941325113,-428.114941325113
2021-08-17 06:00:00,1431A,JQLH,22.0,452.09384552492753,-430.09384552492753
2021-08-17 07:00:00,1431A,JQLH,24.0,451.3561526604578,-427.3561526604578
2021-08-17 08:00:00,1431A,JQLH,14.0,451.3423652172825,-437.3423652172825
2021-08-17 09:00:00,1431A,JQLH,,451.8578434923303,
2021-08-17 10:00:00,1431A,JQLH,,453.1033740288594,
2021-08-17 11:00:00,1431A,JQLH,12.0,454.7409922993841,-442.7409922993841
2021-08-17 12:00:00,1431A,JQLH,12.0,455.26762868735807,-443.26762868735807
2021-08-17 13:00:00,1431A,JQLH,,453.5661288076516,
2021-08-17 14:00:00,1431A,JQLH,18.0,451.72646190356204,-433.72646190356204
2021-08-17 15:00:00,1431A,JQLH,,451.1048470195986,
2021-08-17 16:00:00,1431A,JQLH,,449.7994567362977,
2021-08-17 17:00:00,1431A,JQLH,10.0,449.3856768719291,-439.3856768719291
2021-08-17 18:00:00,1431A,JQLH,12.0,449.010814127658,-437.010814127658
2021-08-17 19:00:00,1431A,JQLH,12.0,451.2806247301704,-439.2806247301704
2021-08-17 20:00:00,1431A,JQLH,9.0,453.13218343352037,-444.13218343352037
2021-08-17 21:00:00,1431A,JQLH,8.0,455.1482785617196,-447.1482785617196
2021-08-17 22:00:00,1431A,JQLH,8.0,455.87547243533106,-447.87547243533106
2021-08-17 23:00:00,1431A,JQLH,8.0,456.90824639113174,-448.90824639113174
2021-08-18 00:00:00,1431A,JQLH,,457.06424991827055,
2021-08-18 01:00:00,1431A,JQLH,10.0,455.8943692478378,-445.8943692478378
2021-08-18 02:00:00,1431A,JQLH,11.0,455.3028660679095,-444.3028660679095
2021-08-18 03:00:00,1431A,JQLH,15.0,454.2566288071067,-439.2566288071067
2021-08-18 04:00:00,1431A,JQLH,,453.1638082275785,
2021-08-18 05:00:00,1431A,JQLH,13.0,453.5231382492034,-440.5231382492034
2021-08-18 06:00:00,1431A,JQLH,12.0,453.5020424490179,-441.5020424490179
2021-08-18 07:00:00,1431A,JQLH,10.0,452.76434958454814,-442.76434958454814
2021-08-18 08:00:00,1431A,JQLH,5.0,452.7505621413729,-447.7505621413729
2021-08-18 09:00:00,1431A,JQLH,4.0,453.26604041642065,-449.26604041642065
2021-08-18 10:00:00,1431A,JQLH,5.0,454.51157095294974,-449.51157095294974
2021-08-18 11:00:00,1431A,JQLH,5.0,456.1491892234745,-451.1491892234745
2021-08-18 12:00:00,1431A,JQLH,7.0,456.67582561144843,-449.67582561144843
2021-08-18 13:00:00,1431A,JQLH,8.0,454.97432573174194,-446.97432573174194
2021-08-18 14:00:00,1431A,JQLH,10.0,453.1346588276524,-443.1346588276524
2021-08-18 15:00:00,1431A,JQLH,10.0,452.51304394368896,-442.51304394368896
2021-08-18 16:00:00,1431A,JQLH,,451.2076536603881,
2021-08-18 17:00:00,1431A,JQLH,8.0,450.79387379601945,-442.79387379601945
2021-08-18 18:00:00,1431A,JQLH,8.0,450.4190110517484,-442.4190110517484
2021-08-18 19:00:00,1431A,JQLH,10.0,452.6888216542608,-442.6888216542608
2021-08-18 20:00:00,1431A,JQLH,,454.54038035761073,
2021-08-18 21:00:00,1431A,JQLH,,456.55647548581,
2021-08-18 22:00:00,1431A,JQLH,23.0,457.2836693594214,-434.2836693594214
2021-08-18 23:00:00,1431A,JQLH,31.0,458.3164433152221,-427.3164433152221
2021-08-19 00:00:00,1431A,JQLH,30.0,458.4724468423609,-428.4724468423609
2021-08-19 01:00:00,1431A,JQLH,27.0,457.30256617192816,-430.30256617192816
2021-08-19 02:00:00,1431A,JQLH,24.0,456.7110629919999,-432.7110629919999
2021-08-19 03:00:00,1431A,JQLH,22.0,455.6648257311971,-433.6648257311971
2021-08-19 04:00:00,1431A,JQLH,22.0,454.57200515166886,-432.57200515166886
2021-08-19 05:00:00,1431A,JQLH,21.0,454.93133517329375,-433.93133517329375
2021-08-19 06:00:00,1431A,JQLH,19.0,454.91023937310825,-435.91023937310825
2021-08-19 07:00:00,1431A,JQLH,20.0,454.1725465086385,-434.1725465086385
2021-08-19 08:00:00,1431A,JQLH,24.0,454.15875906546324,-430.15875906546324
2021-08-19 09:00:00,1431A,JQLH,27.0,454.674237340511,-427.674237340511
2021-08-19 10:00:00,1431A,JQLH,37.0,455.9197678770401,-418.9197678770401
2021-08-19 11:00:00,1431A,JQLH,33.0,457.55738614756484,-424.55738614756484
2021-08-19 12:00:00,1431A,JQLH,29.0,458.0840225355388,-429.0840225355388
2021-08-19 13:00:00,1431A,JQLH,23.0,456.3825226558323,-433.3825226558323
2021-08-19 14:00:00,1431A,JQLH,21.0,454.54285575174276,-433.54285575174276
2021-08-19 15:00:00,1431A,JQLH,14.0,453.9212408677793,-439.9212408677793
2021-08-19 16:00:00,1431A,JQLH,11.0,452.61585058447844,-441.61585058447844
2021-08-19 17:00:00,1431A,JQLH,14.0,452.2020707201098,-438.2020707201098
2021-08-19 18:00:00,1431A,JQLH,16.0,451.82720797583875,-435.82720797583875
2021-08-19 19:00:00,1431A,JQLH,19.0,454.09701857835114,-435.09701857835114
2021-08-19 20:00:00,1431A,JQLH,15.0,455.9485772817011,-440.9485772817011
2021-08-19 21:00:00,1431A,JQLH,13.0,457.96467240990034,-444.96467240990034
2021-08-19 22:00:00,1431A,JQLH,20.0,458.6918662835118,-438.6918662835118
2021-08-19 23:00:00,1431A,JQLH,23.0,459.72464023931246,-436.72464023931246
2021-08-20 00:00:00,1431A,JQLH,23.0,459.88064376645127,-436.88064376645127
2021-08-20 01:00:00,1431A,JQLH,25.0,458.7107630960185,-433.7107630960185
2021-08-20 02:00:00,1431A,JQLH,23.0,458.11925991609024,-435.11925991609024
2021-08-20 03:00:00,1431A,JQLH,18.0,457.07302265528745,-439.07302265528745
2021-08-20 04:00:00,1431A,JQLH,17.0,455.9802020757592,-438.9802020757592
2021-08-20 05:00:00,1431A,JQLH,13.0,456.3395320973841,-443.3395320973841
2021-08-20 06:00:00,1431A,JQLH,8.0,456.3184362971986,-448.3184362971986
2021-08-20 07:00:00,1431A,JQLH,7.0,455.58074343272887,-448.58074343272887
2021-08-20 08:00:00,1431A,JQLH,8.0,455.5669559895536,-447.5669559895536
2021-08-20 09:00:00,1431A,JQLH,8.0,456.0824342646014,-448.0824342646014
2021-08-20 10:00:00,1431A,JQLH,8.0,457.32796480113046,-449.32796480113046
2021-08-20 11:00:00,1431A,JQLH,10.0,458.9655830716552,-448.9655830716552
2021-08-20 12:00:00,1431A,JQLH,10.0,459.49221945962915,-449.49221945962915
2021-08-20 13:00:00,1431A,JQLH,10.0,457.79071957992267,-447.79071957992267
2021-08-20 14:00:00,1431A,JQLH,11.0,455.9510526758331,-444.9510526758331
2021-08-20 15:00:00,1431A,JQLH,11.0,455.3294377918697,-444.3294377918697
2021-08-20 16:00:00,1431A,JQLH,14.0,454.0240475085688,-440.0240475085688
2021-08-20 17:00:00,1431A,JQLH,15.0,453.6102676442002,-438.6102676442002
2021-08-20 18:00:00,1431A,JQLH,16.0,453.2354048999291,-437.2354048999291
2021-08-20 19:00:00,1431A,JQLH,14.0,455.5052155024415,-441.5052155024415
2021-08-20 20:00:00,1431A,JQLH,13.0,457.35677420579145,-444.35677420579145
2021-08-20 21:00:00,1431A,JQLH,19.0,459.3728693339907,-440.3728693339907
2021-08-20 22:00:00,1431A,JQLH,24.0,460.10006320760215,-436.10006320760215
2021-08-20 23:00:00,1431A,JQLH,29.0,461.1328371634028,-432.1328371634028
2021-08-21 00:00:00,1431A,JQLH,28.0,461.28884069054163,-433.28884069054163
2021-08-21 01:00:00,1431A,JQLH,29.0,460.1189600201089,-431.1189600201089
2021-08-21 02:00:00,1431A,JQLH,32.0,459.5274568401806,-427.5274568401806
2021-08-21 03:00:00,1431A,JQLH,37.0,458.4812195793778,-421.4812195793778
2021-08-21 04:00:00,1431A,JQLH,43.0,457.3883989998496,-414.3883989998496
2021-08-21 05:00:00,1431A,JQLH,44.0,457.74772902147447,-413.74772902147447
2021-08-21 06:00:00,1431A,JQLH,48.0,457.726633221289,-409.726633221289
2021-08-21 07:00:00,1431A,JQLH,41.0,456.9889403568192,-415.9889403568192
2021-08-21 08:00:00,1431A,JQLH,34.0,456.97515291364397,-422.97515291364397
2021-08-21 09:00:00,1431A,JQLH,36.0,457.49063118869174,-421.49063118869174
2021-08-21 10:00:00,1431A,JQLH,38.0,458.7361617252208,-420.7361617252208
2021-08-21 11:00:00,1431A,JQLH,48.0,460.37377999574556,-412.37377999574556
2021-08-21 12:00:00,1431A,JQLH,40.0,460.9004163837195,-420.9004163837195
2021-08-21 13:00:00,1431A,JQLH,47.0,459.198916504013,-412.198916504013
2021-08-21 14:00:00,1431A,JQLH,44.0,457.3592495999235,-413.3592495999235
2021-08-21 15:00:00,1431A,JQLH,42.0,456.73763471596004,-414.73763471596004
2021-08-21 16:00:00,1431A,JQLH,34.0,455.43224443265916,-421.43224443265916
2021-08-21 17:00:00,1431A,JQLH,38.0,455.01846456829054,-417.01846456829054
2021-08-21 18:00:00,1431A,JQLH,34.0,454.64360182401947,-420.64360182401947
2021-08-21 19:00:00,1431A,JQLH,30.0,456.91341242653186,-426.91341242653186
2021-08-21 20:00:00,1431A,JQLH,22.0,458.7649711298818,-436.7649711298818
2021-08-21 21:00:00,1431A,JQLH,26.0,460.78106625808107,-434.78106625808107
2021-08-21 22:00:00,1431A,JQLH,39.0,461.5082601316925,-422.5082601316925
2021-08-21 23:00:00,1431A,JQLH,35.0,462.5410340874932,-427.5410340874932
2021-08-22 00:00:00,1431A,JQLH,31.0,462.697037614632,-431.697037614632
2021-08-22 01:00:00,1431A,JQLH,25.0,461.52715694419925,-436.52715694419925
2021-08-22 02:00:00,1431A,JQLH,20.0,460.93565376427097,-440.93565376427097
2021-08-22 03:00:00,1431A,JQLH,20.0,459.88941650346817,-439.88941650346817
2021-08-22 04:00:00,1431A,JQLH,20.0,458.79659592393995,-438.79659592393995
2021-08-22 05:00:00,1431A,JQLH,20.0,459.15592594556483,-439.15592594556483
2021-08-22 06:00:00,1431A,JQLH,21.0,459.13483014537934,-438.13483014537934
2021-08-22 07:00:00,1431A,JQLH,24.0,458.3971372809096,-434.3971372809096
2021-08-22 08:00:00,1431A,JQLH,13.0,458.38334983773433,-445.38334983773433
2021-08-22 09:00:00,1431A,JQLH,6.0,458.8988281127821,-452.8988281127821
2021-08-22 10:00:00,1431A,JQLH,5.0,460.1443586493112,-455.1443586493112
2021-08-22 11:00:00,1431A,JQLH,4.0,461.7819769198359,-457.7819769198359
2021-08-22 12:00:00,1431A,JQLH,4.0,462.3086133078099,-458.3086133078099
2021-08-22 13:00:00,1431A,JQLH,6.0,460.6071134281034,-454.6071134281034
2021-08-22 14:00:00,1431A,JQLH,5.0,458.76744652401385,-453.76744652401385
2021-08-22 15:00:00,1431A,JQLH,5.0,458.1458316400504,-453.1458316400504
2021-08-22 16:00:00,1431A,JQLH,6.0,456.8404413567495,-450.8404413567495
2021-08-22 17:00:00,1431A,JQLH,6.0,456.4266614923809,-450.4266614923809
2021-08-22 18:00:00,1431A,JQLH,5.0,456.05179874810983,-451.05179874810983
2021-08-22 19:00:00,1431A,JQLH,6.0,458.3216093506222,-452.3216093506222
2021-08-22 20:00:00,1431A,JQLH,9.0,460.1731680539722,-451.1731680539722
2021-08-22 21:00:00,1431A,JQLH,11.0,462.18926318217143,-451.18926318217143
2021-08-22 22:00:00,1431A,JQLH,10.0,462.91645705578287,-452.91645705578287
2021-08-22 23:00:00,1431A,JQLH,4.0,463.94923101158355,-459.94923101158355
2021-08-23 00:00:00,1431A,JQLH,4.0,464.10523453872236,-460.10523453872236
2021-08-23 01:00:00,1431A,JQLH,4.0,462.9353538682896,-458.9353538682896
2021-08-23 02:00:00,1431A,JQLH,4.0,462.34385068836133,-458.34385068836133
2021-08-23 03:00:00,1431A,JQLH,4.0,461.29761342755853,-457.29761342755853
2021-08-23 04:00:00,1431A,JQLH,5.0,460.2047928480303,-455.2047928480303
2021-08-23 05:00:00,1431A,JQLH,5.0,460.5641228696552,-455.5641228696552
2021-08-23 06:00:00,1431A,JQLH,6.0,460.5430270694697,-454.5430270694697
2021-08-23 07:00:00,1431A,JQLH,6.0,459.80533420499995,-453.80533420499995
2021-08-23 08:00:00,1431A,JQLH,11.0,459.7915467618247,-448.7915467618247
2021-08-23 09:00:00,1431A,JQLH,14.0,460.30702503687246,-446.30702503687246
2021-08-23 10:00:00,1431A,JQLH,12.0,461.55255557340155,-449.55255557340155
2021-08-23 11:00:00,1431A,JQLH,14.0,463.1901738439263,-449.1901738439263
2021-08-23 12:00:00,1431A,JQLH,11.0,463.71681023190024,-452.71681023190024
2021-08-23 13:00:00,1431A,JQLH,12.0,462.01531035219375,-450.01531035219375
2021-08-23 14:00:00,1431A,JQLH,12.0,460.1756434481042,-448.1756434481042
2021-08-23 15:00:00,1431A,JQLH,12.0,459.55402856414076,-447.55402856414076
2021-08-23 16:00:00,1431A,JQLH,10.0,458.2486382808399,-448.2486382808399
2021-08-23 17:00:00,1431A,JQLH,9.0,457.83485841647126,-448.83485841647126
2021-08-23 18:00:00,1431A,JQLH,10.0,457.4599956722002,-447.4599956722002
2021-08-23 19:00:00,1431A,JQLH,11.0,459.7298062747126,-448.7298062747126
2021-08-23 20:00:00,1431A,JQLH,15.0,461.58136497806254,-446.58136497806254
2021-08-23 21:00:00,1431A,JQLH,16.0,463.5974601062618,-447.5974601062618
2021-08-23 22:00:00,1431A,JQLH,26.0,464.32465397987323,-438.32465397987323
2021-08-23 23:00:00,1431A,JQLH,28.0,465.3574279356739,-437.3574279356739
2021-08-24 00:00:00,1431A,JQLH,26.0,465.5134314628127,-439.5134314628127
2021-08-24 01:00:00,1431A,JQLH,27.0,464.34355079238,-437.34355079238
2021-08-24 02:00:00,1431A,JQLH,26.0,463.7520476124517,-437.7520476124517
2021-08-24 03:00:00,1431A,JQLH,26.0,462.7058103516489,-436.7058103516489
2021-08-24 04:00:00,1431A,JQLH,26.0,461.61298977212067,-435.61298977212067
2021-08-24 05:00:00,1431A,JQLH,32.0,461.97231979374556,-429.97231979374556
2021-08-24 06:00:00,1431A,JQLH,,461.95122399356006,
2021-08-24 07:00:00,1431A,JQLH,32.0,461.2135311290903,-429.2135311290903
2021-08-24 08:00:00,1431A,JQLH,35.0,461.19974368591505,-426.19974368591505
2021-08-24 09:00:00,1431A,JQLH,34.0,461.7152219609628,-427.7152219609628
2021-08-24 10:00:00,1431A,JQLH,35.0,462.9607524974919,-427.9607524974919
2021-08-24 11:00:00,1431A,JQLH,,464.59837076801665,
2021-08-24 12:00:00,1431A,JQLH,22.0,465.1250071559906,-443.1250071559906
2021-08-24 13:00:00,1431A,JQLH,29.0,463.4235072762841,-434.4235072762841
2021-08-24 14:00:00,1431A,JQLH,30.0,461.5838403721946,-431.5838403721946
2021-08-24 15:00:00,1431A,JQLH,28.0,460.9622254882311,-432.9622254882311
2021-08-24 16:00:00,1431A,JQLH,26.0,459.65683520493025,-433.65683520493025
2021-08-24 17:00:00,1431A,JQLH,22.0,459.2430553405616,-437.2430553405616
2021-08-24 18:00:00,1431A,JQLH,23.0,458.86819259629056,-435.86819259629056
2021-08-24 19:00:00,1431A,JQLH,22.0,461.13800319880295,-439.13800319880295
2021-08-24 20:00:00,1431A,JQLH,30.0,462.9895619021529,-432.9895619021529
2021-08-24 21:00:00,1431A,JQLH,35.0,465.00565703035215,-430.00565703035215
2021-08-24 22:00:00,1431A,JQLH,41.0,465.7328509039636,-424.7328509039636
2021-08-24 23:00:00,1431A,JQLH,43.0,466.7656248597643,-423.7656248597643
2021-08-25 00:00:00,1431A,JQLH,44.0,466.9216283869031,-422.9216283869031
2021-08-25 01:00:00,1431A,JQLH,43.0,465.75174771647033,-422.75174771647033
2021-08-25 02:00:00,1431A,JQLH,49.0,465.16024453654205,-416.16024453654205
2021-08-25 03:00:00,1431A,JQLH,52.0,464.11400727573925,-412.11400727573925
2021-08-25 04:00:00,1431A,JQLH,47.0,463.02118669621103,-416.02118669621103
2021-08-25 05:00:00,1431A,JQLH,44.0,463.3805167178359,-419.3805167178359
2021-08-25 06:00:00,1431A,JQLH,33.0,463.3594209176504,-430.3594209176504
2021-08-25 07:00:00,1431A,JQLH,20.0,462.6217280531807,-442.6217280531807
2021-08-25 08:00:00,1431A,JQLH,17.0,462.6079406100054,-445.6079406100054
2021-08-25 09:00:00,1431A,JQLH,20.0,463.1234188850532,-443.1234188850532
2021-08-25 10:00:00,1431A,JQLH,22.0,464.3689494215823,-442.3689494215823
2021-08-25 11:00:00,1431A,JQLH,20.0,466.006567692107,-446.006567692107
2021-08-25 12:00:00,1431A,JQLH,22.0,466.53320408008096,-444.53320408008096
2021-08-25 13:00:00,1431A,JQLH,19.0,464.8317042003745,-445.8317042003745
2021-08-25 14:00:00,1431A,JQLH,13.0,462.99203729628493,-449.99203729628493
2021-08-25 15:00:00,1431A,JQLH,11.0,462.3704224123215,-451.3704224123215
2021-08-25 16:00:00,1431A,JQLH,10.0,461.0650321290206,-451.0650321290206
2021-08-25 17:00:00,1431A,JQLH,10.0,460.651252264652,-450.651252264652
2021-08-25 18:00:00,1431A,JQLH,10.0,460.2763895203809,-450.2763895203809
2021-08-25 19:00:00,1431A,JQLH,12.0,462.5462001228933,-450.5462001228933
2021-08-25 20:00:00,1431A,JQLH,11.0,464.39775882624326,-453.39775882624326
2021-08-25 21:00:00,1431A,JQLH,11.0,466.4138539544425,-455.4138539544425
2021-08-25 22:00:00,1431A,JQLH,10.0,467.14104782805396,-457.14104782805396
2021-08-25 23:00:00,1431A,JQLH,10.0,468.17382178385463,-458.17382178385463
2021-08-26 00:00:00,1431A,JQLH,,468.32982531099344,
2021-08-26 01:00:00,1431A,JQLH,13.0,467.1599446405607,-454.1599446405607
2021-08-26 02:00:00,1431A,JQLH,15.0,466.5684414606324,-451.5684414606324
2021-08-26 03:00:00,1431A,JQLH,12.0,465.5222041998296,-453.5222041998296
2021-08-26 04:00:00,1431A,JQLH,12.0,464.4293836203014,-452.4293836203014
2021-08-26 05:00:00,1431A,JQLH,12.0,464.7887136419263,-452.7887136419263
2021-08-26 06:00:00,1431A,JQLH,13.0,464.7676178417408,-451.7676178417408
2021-08-26 07:00:00,1431A,JQLH,10.0,464.02992497727104,-454.02992497727104
2021-08-26 08:00:00,1431A,JQLH,10.0,464.0161375340958,-454.0161375340958
2021-08-26 09:00:00,1431A,JQLH,11.0,464.53161580914355,-453.53161580914355
2021-08-26 10:00:00,1431A,JQLH,,465.77714634567263,
2021-08-26 11:00:00,1431A,JQLH,12.0,467.4147646161974,-455.4147646161974
2021-08-26 12:00:00,1431A,JQLH,13.0,467.9414010041713,-454.9414010041713
2021-08-26 13:00:00,1431A,JQLH,,466.23990112446484,
2021-08-26 14:00:00,1431A,JQLH,12.0,464.4002342203753,-452.4002342203753
2021-08-26 15:00:00,1431A,JQLH,14.0,463.77861933641185,-449.77861933641185
2021-08-26 16:00:00,1431A,JQLH,14.0,462.47322905311097,-448.47322905311097
2021-08-26 17:00:00,1431A,JQLH,13.0,462.05944918874235,-449.05944918874235
2021-08-26 18:00:00,1431A,JQLH,12.0,461.6845864444713,-449.6845864444713
2021-08-26 19:00:00,1431A,JQLH,12.0,463.9543970469837,-451.9543970469837
2021-08-26 20:00:00,1431A,JQLH,13.0,465.8059557503336,-452.8059557503336
2021-08-26 21:00:00,1431A,JQLH,12.0,467.8220508785329,-455.8220508785329
2021-08-26 22:00:00,1431A,JQLH,14.0,468.5492447521443,-454.5492447521443
2021-08-26 23:00:00,1431A,JQLH,13.0,469.582018707945,-456.582018707945
2021-08-27 00:00:00,1431A,JQLH,10.0,469.7380222350838,-459.7380222350838
2021-08-27 01:00:00,1431A,JQLH,11.0,468.56814156465106,-457.56814156465106
2021-08-27 02:00:00,1431A,JQLH,9.0,467.9766383847228,-458.9766383847228
2021-08-27 03:00:00,1431A,JQLH,10.0,466.93040112392,-456.93040112392
2021-08-27 04:00:00,1431A,JQLH,12.0,465.83758054439176,-453.83758054439176
2021-08-27 05:00:00,1431A,JQLH,15.0,466.19691056601664,-451.19691056601664
2021-08-27 06:00:00,1431A,JQLH,18.0,466.17581476583115,-448.17581476583115
2021-08-27 07:00:00,1431A,JQLH,15.0,465.4381219013614,-450.4381219013614
2021-08-27 08:00:00,1431A,JQLH,16.0,465.42433445818614,-449.42433445818614
2021-08-27 09:00:00,1431A,JQLH,16.0,465.9398127332339,-449.9398127332339
2021-08-27 10:00:00,1431A,JQLH,16.0,467.185343269763,-451.185343269763
2021-08-27 11:00:00,1431A,JQLH,19.0,468.82296154028774,-449.82296154028774
2021-08-27 12:00:00,1431A,JQLH,20.0,469.3495979282617,-449.3495979282617
2021-08-27 13:00:00,1431A,JQLH,21.0,467.6480980485552,-446.6480980485552
2021-08-27 14:00:00,1431A,JQLH,18.0,465.80843114446566,-447.80843114446566
2021-08-27 15:00:00,1431A,JQLH,10.0,465.1868162605022,-455.1868162605022
2021-08-27 16:00:00,1431A,JQLH,6.0,463.88142597720133,-457.88142597720133
2021-08-27 17:00:00,1431A,JQLH,7.0,463.4676461128327,-456.4676461128327
2021-08-27 18:00:00,1431A,JQLH,6.0,463.09278336856164,-457.09278336856164
2021-08-27 19:00:00,1431A,JQLH,6.0,465.36259397107403,-459.36259397107403
2021-08-27 20:00:00,1431A,JQLH,8.0,467.214152674424,-459.214152674424
2021-08-27 21:00:00,1431A,JQLH,11.0,469.23024780262324,-458.23024780262324
2021-08-27 22:00:00,1431A,JQLH,13.0,469.9574416762347,-456.9574416762347
2021-08-27 23:00:00,1431A,JQLH,18.0,470.99021563203536,-452.99021563203536
2021-08-28 00:00:00,1431A,JQLH,19.0,471.14621915917417,-452.14621915917417
2021-08-28 01:00:00,1431A,JQLH,21.0,469.9763384887414,-448.9763384887414
2021-08-28 02:00:00,1431A,JQLH,22.0,469.38483530881314,-447.38483530881314
2021-08-28 03:00:00,1431A,JQLH,21.0,468.33859804801034,-447.33859804801034
2021-08-28 04:00:00,1431A,JQLH,15.0,467.2457774684821,-452.2457774684821
2021-08-28 05:00:00,1431A,JQLH,15.0,467.605107490107,-452.605107490107
2021-08-28 06:00:00,1431A,JQLH,11.0,467.5840116899215,-456.5840116899215
2021-08-28 07:00:00,1431A,JQLH,10.0,466.84631882545176,-456.84631882545176
2021-08-28 08:00:00,1431A,JQLH,11.0,466.8325313822765,-455.8325313822765
2021-08-28 09:00:00,1431A,JQLH,7.0,467.34800965732427,-460.34800965732427
2021-08-28 10:00:00,1431A,JQLH,9.0,468.59354019385336,-459.59354019385336
2021-08-28 11:00:00,1431A,JQLH,10.0,470.2311584643781,-460.2311584643781
2021-08-28 12:00:00,1431A,JQLH,17.0,470.75779485235205,-453.75779485235205
2021-08-28 13:00:00,1431A,JQLH,18.0,469.05629497264556,-451.05629497264556
2021-08-28 14:00:00,1431A,JQLH,18.0,467.216628068556,-449.216628068556
2021-08-28 15:00:00,1431A,JQLH,17.0,466.5950131845926,-449.5950131845926
2021-08-28 16:00:00,1431A,JQLH,14.0,465.2896229012917,-451.2896229012917
2021-08-28 17:00:00,1431A,JQLH,14.0,464.8758430369231,-450.8758430369231
2021-08-28 18:00:00,1431A,JQLH,18.0,464.500980292652,-446.500980292652
2021-08-28 19:00:00,1431A,JQLH,15.0,466.7707908951644,-451.7707908951644
2021-08-28 20:00:00,1431A,JQLH,21.0,468.62234959851435,-447.62234959851435
2021-08-28 21:00:00,1431A,JQLH,28.0,470.6384447267136,-442.6384447267136
2021-08-28 22:00:00,1431A,JQLH,27.0,471.36563860032504,-444.36563860032504
2021-08-28 23:00:00,1431A,JQLH,23.0,472.3984125561257,-449.3984125561257
2021-08-29 00:00:00,1431A,JQLH,18.0,472.5544160832645,-454.5544160832645
2021-08-29 01:00:00,1431A,JQLH,22.0,471.3845354128318,-449.3845354128318
2021-08-29 02:00:00,1431A,JQLH,24.0,470.7930322329035,-446.7930322329035
2021-08-29 03:00:00,1431A,JQLH,22.0,469.7467949721007,-447.7467949721007
2021-08-29 04:00:00,1431A,JQLH,17.0,468.6539743925725,-451.6539743925725
2021-08-29 05:00:00,1431A,JQLH,16.0,469.01330441419736,-453.01330441419736
2021-08-29 06:00:00,1431A,JQLH,18.0,468.9922086140119,-450.9922086140119
2021-08-29 07:00:00,1431A,JQLH,16.0,468.2545157495421,-452.2545157495421
2021-08-29 08:00:00,1431A,JQLH,11.0,468.24072830636686,-457.24072830636686
2021-08-29 09:00:00,1431A,JQLH,11.0,468.75620658141463,-457.75620658141463
2021-08-29 10:00:00,1431A,JQLH,11.0,470.0017371179437,-459.0017371179437
2021-08-29 11:00:00,1431A,JQLH,7.0,471.63935538846846,-464.63935538846846
2021-08-29 12:00:00,1431A,JQLH,9.0,472.1659917764424,-463.1659917764424
2021-08-29 13:00:00,1431A,JQLH,13.0,470.4644918967359,-457.4644918967359
2021-08-29 14:00:00,1431A,JQLH,8.0,468.6248249926464,-460.6248249926464
2021-08-29 15:00:00,1431A,JQLH,8.0,468.00321010868294,-460.00321010868294
2021-08-29 16:00:00,1431A,JQLH,7.0,466.69781982538206,-459.69781982538206
2021-08-29 17:00:00,1431A,JQLH,6.0,466.28403996101343,-460.28403996101343
2021-08-29 18:00:00,1431A,JQLH,5.0,465.90917721674236,-460.90917721674236
2021-08-29 19:00:00,1431A,JQLH,5.0,468.17898781925476,-463.17898781925476
2021-08-29 20:00:00,1431A,JQLH,6.0,470.0305465226047,-464.0305465226047
2021-08-29 21:00:00,1431A,JQLH,10.0,472.04664165080396,-462.04664165080396
2021-08-29 22:00:00,1431A,JQLH,13.0,472.7738355244154,-459.7738355244154
2021-08-29 23:00:00,1431A,JQLH,15.0,473.8066094802161,-458.8066094802161
2021-08-30 00:00:00,1431A,JQLH,15.0,473.9626130073549,-458.9626130073549
2021-08-30 01:00:00,1431A,JQLH,14.0,472.79273233692214,-458.79273233692214
2021-08-30 02:00:00,1431A,JQLH,14.0,472.20122915699386,-458.20122915699386
2021-08-30 03:00:00,1431A,JQLH,14.0,471.15499189619106,-457.15499189619106
2021-08-30 04:00:00,1431A,JQLH,18.0,470.06217131666284,-452.06217131666284
2021-08-30 05:00:00,1431A,JQLH,20.0,470.4215013382877,-450.4215013382877
2021-08-30 06:00:00,1431A,JQLH,24.0,470.40040553810223,-446.40040553810223
2021-08-30 07:00:00,1431A,JQLH,25.0,469.6627126736325,-444.6627126736325
2021-08-30 08:00:00,1431A,JQLH,23.0,469.6489252304572,-446.6489252304572
2021-08-30 09:00:00,1431A,JQLH,23.0,470.164403505505,-447.164403505505
2021-08-30 10:00:00,1431A,JQLH,26.0,471.4099340420341,-445.4099340420341
2021-08-30 11:00:00,1431A,JQLH,25.0,473.0475523125588,-448.0475523125588
2021-08-30 12:00:00,1431A,JQLH,22.0,473.5741887005328,-451.5741887005328
2021-08-30 13:00:00,1431A,JQLH,22.0,471.8726888208263,-449.8726888208263
2021-08-30 14:00:00,1431A,JQLH,23.0,470.03302191673674,-447.03302191673674
2021-08-30 15:00:00,1431A,JQLH,19.0,469.4114070327733,-450.4114070327733
2021-08-30 16:00:00,1431A,JQLH,18.0,468.1060167494724,-450.1060167494724
2021-08-30 17:00:00,1431A,JQLH,19.0,467.6922368851038,-448.6922368851038
2021-08-30 18:00:00,1431A,JQLH,26.0,467.3173741408327,-441.3173741408327
2021-08-30 19:00:00,1431A,JQLH,33.0,469.5871847433451,-436.5871847433451
2021-08-30 20:00:00,1431A,JQLH,34.0,471.43874344669507,-437.43874344669507
2021-08-30 21:00:00,1431A,JQLH,31.0,473.4548385748943,-442.4548385748943
2021-08-30 22:00:00,1431A,JQLH,30.0,474.18203244850577,-444.18203244850577
2021-08-30 23:00:00,1431A,JQLH,27.0,475.21480640430644,-448.21480640430644
2021-08-31 00:00:00,1431A,JQLH,25.0,475.37080993144525,-450.37080993144525
2021-08-31 01:00:00,1431A,JQLH,23.0,474.2009292610125,-451.2009292610125
2021-08-31 02:00:00,1431A,JQLH,22.0,473.6094260810842,-451.6094260810842
2021-08-31 03:00:00,1431A,JQLH,25.0,472.5631888202814,-447.5631888202814
2021-08-31 04:00:00,1431A,JQLH,27.0,471.4703682407532,-444.4703682407532
2021-08-31 05:00:00,1431A,JQLH,28.0,471.8296982623781,-443.8296982623781
2021-08-31 06:00:00,1431A,JQLH,29.0,471.8086024621926,-442.8086024621926
2021-08-31 07:00:00,1431A,JQLH,28.0,471.07090959772285,-443.07090959772285
2021-08-31 08:00:00,1431A,JQLH,28.0,471.0571221545476,-443.0571221545476
2021-08-31 09:00:00,1431A,JQLH,28.0,471.57260042959535,-443.57260042959535
2021-08-31 10:00:00,1431A,JQLH,26.0,472.81813096612444,-446.81813096612444
2021-08-31 11:00:00,1431A,JQLH,,474.4557492366492,
2021-08-31 12:00:00,1431A,JQLH,,474.98238562462313,
2021-08-31 13:00:00,1431A,JQLH,,473.28088574491665,
2021-08-31 14:00:00,1431A,JQLH,,471.4412188408271,
2021-08-31 15:00:00,1431A,JQLH,22.0,470.81960395686366,-448.81960395686366
2021-08-31 16:00:00,1431A,JQLH,20.0,469.5142136735628,-449.5142136735628
2021-08-31 17:00:00,1431A,JQLH,25.0,469.10043380919416,-444.10043380919416
2021-08-31 18:00:00,1431A,JQLH,16.0,468.7255710649231,-452.7255710649231
2021-08-31 19:00:00,1431A,JQLH,11.0,470.9953816674355,-459.9953816674355
2021-08-31 20:00:00,1431A,JQLH,15.0,472.84694037078543,-457.84694037078543
2021-08-31 21:00:00,1431A,JQLH,17.0,474.8630354989847,-457.8630354989847
2021-08-31 22:00:00,1431A,JQLH,25.0,475.5902293725961,-450.5902293725961
2021-08-31 23:00:00,1431A,JQLH,33.0,476.6230033283968,-443.6230033283968
2021-09-01 00:00:00,1431A,JQLH,28.0,476.7790068555356,-448.7790068555356
2021-09-01 01:00:00,1431A,JQLH,31.0,475.60912618510287,-444.60912618510287
2021-09-01 02:00:00,1431A,JQLH,28.0,475.0176230051746,-447.0176230051746
2021-09-01 03:00:00,1431A,JQLH,24.0,473.9713857443718,-449.9713857443718
2021-09-01 04:00:00,1431A,JQLH,22.0,472.87856516484356,-450.87856516484356
2021-09-01 05:00:00,1431A,JQLH,19.0,473.23789518646845,-454.23789518646845
2021-09-01 06:00:00,1431A,JQLH,21.0,473.21679938628296,-452.21679938628296
2021-09-01 07:00:00,1431A,JQLH,22.0,472.4791065218132,-450.4791065218132
2021-09-01 08:00:00,1431A,JQLH,21.0,472.46531907863795,-451.46531907863795
2021-09-01 09:00:00,1431A,JQLH,26.0,472.9807973536857,-446.9807973536857
2021-09-01 10:00:00,1431A,JQLH,32.0,474.2263278902148,-442.2263278902148
2021-09-01 11:00:00,1431A,JQLH,36.0,475.86394616073954,-439.86394616073954
2021-09-01 12:00:00,1431A,JQLH,33.0,476.3905825487135,-443.3905825487135
2021-09-01 13:00:00,1431A,JQLH,28.0,474.689082669007,-446.689082669007
2021-09-01 14:00:00,1431A,JQLH,20.0,472.84941576491747,-452.84941576491747
2021-09-01 15:00:00,1431A,JQLH,15.0,472.227800880954,-457.227800880954
2021-09-01 16:00:00,1431A,JQLH,16.0,470.92241059765314,-454.92241059765314
2021-09-01 17:00:00,1431A,JQLH,16.0,470.5086307332845,-454.5086307332845
2021-09-01 18:00:00,1431A,JQLH,17.0,470.13376798901345,-453.13376798901345
2021-09-01 19:00:00,1431A,JQLH,17.0,472.40357859152584,-455.40357859152584
2021-09-01 20:00:00,1431A,JQLH,18.0,474.2551372948758,-456.2551372948758
2021-09-01 21:00:00,1431A,JQLH,18.0,476.27123242307505,-458.27123242307505
2021-09-01 22:00:00,1431A,JQLH,19.0,476.9984262966865,-457.9984262966865
2021-09-01 23:00:00,1431A,JQLH,19.0,478.03120025248717,-459.03120025248717
2021-09-02 00:00:00,1431A,JQLH,22.0,478.187203779626,-456.187203779626
2021-09-02 01:00:00,1431A,JQLH,23.0,477.0173231091932,-454.0173231091932
2021-09-02 02:00:00,1431A,JQLH,24.0,476.42581992926495,-452.42581992926495
2021-09-02 03:00:00,1431A,JQLH,25.0,475.37958266846215,-450.37958266846215
2021-09-02 04:00:00,1431A,JQLH,26.0,474.2867620889339,-448.2867620889339
2021-09-02 05:00:00,1431A,JQLH,29.0,474.6460921105588,-445.6460921105588
2021-09-02 06:00:00,1431A,JQLH,35.0,474.6249963103733,-439.6249963103733
2021-09-02 07:00:00,1431A,JQLH,34.0,473.88730344590357,-439.88730344590357
2021-09-02 08:00:00,1431A,JQLH,36.0,473.8735160027283,-437.8735160027283
2021-09-02 09:00:00,1431A,JQLH,39.0,474.3889942777761,-435.3889942777761
2021-09-02 10:00:00,1431A,JQLH,38.0,475.63452481430517,-437.63452481430517
2021-09-02 11:00:00,1431A,JQLH,28.0,477.2721430848299,-449.2721430848299
2021-09-02 12:00:00,1431A,JQLH,20.0,477.79877947280386,-457.79877947280386
2021-09-02 13:00:00,1431A,JQLH,22.0,476.09727959309737,-454.09727959309737
2021-09-02 14:00:00,1431A,JQLH,26.0,474.25761268900783,-448.25761268900783
2021-09-02 15:00:00,1431A,JQLH,20.0,473.6359978050444,-453.6359978050444
2021-09-02 16:00:00,1431A,JQLH,13.0,472.3306075217435,-459.3306075217435
2021-09-02 17:00:00,1431A,JQLH,10.0,471.9168276573749,-461.9168276573749
2021-09-02 18:00:00,1431A,JQLH,10.0,471.5419649131038,-461.5419649131038
2021-09-02 19:00:00,1431A,JQLH,14.0,473.8117755156162,-459.8117755156162
2021-09-02 20:00:00,1431A,JQLH,18.0,475.66333421896616,-457.66333421896616
2021-09-02 21:00:00,1431A,JQLH,18.0,477.6794293471654,-459.6794293471654
2021-09-02 22:00:00,1431A,JQLH,16.0,478.40662322077685,-462.40662322077685
2021-09-02 23:00:00,1431A,JQLH,17.0,479.43939717657753,-462.43939717657753
2021-09-03 00:00:00,1431A,JQLH,19.0,479.59540070371634,-460.59540070371634
2021-09-03 01:00:00,1431A,JQLH,19.0,478.4255200332836,-459.4255200332836
2021-09-03 02:00:00,1431A,JQLH,20.0,477.8340168533553,-457.8340168533553
2021-09-03 03:00:00,1431A,JQLH,18.0,476.7877795925525,-458.7877795925525
2021-09-03 04:00:00,1431A,JQLH,21.0,475.6949590130243,-454.6949590130243
2021-09-03 05:00:00,1431A,JQLH,22.0,476.0542890346492,-454.0542890346492
2021-09-03 06:00:00,1431A,JQLH,23.0,476.0331932344637,-453.0331932344637
2021-09-03 07:00:00,1431A,JQLH,22.0,475.29550036999393,-453.29550036999393
2021-09-03 08:00:00,1431A,JQLH,22.0,475.28171292681867,-453.28171292681867
2021-09-03 09:00:00,1431A,JQLH,22.0,475.79719120186644,-453.79719120186644
2021-09-03 10:00:00,1431A,JQLH,25.0,477.0427217383955,-452.0427217383955
2021-09-03 11:00:00,1431A,JQLH,24.0,478.68034000892027,-454.68034000892027
2021-09-03 12:00:00,1431A,JQLH,29.0,479.2069763968942,-450.2069763968942
2021-09-03 13:00:00,1431A,JQLH,30.0,477.50547651718773,-447.50547651718773
2021-09-03 14:00:00,1431A,JQLH,27.0,475.6658096130982,-448.6658096130982
2021-09-03 15:00:00,1431A,JQLH,22.0,475.04419472913474,-453.04419472913474
2021-09-03 16:00:00,1431A,JQLH,27.0,473.73880444583386,-446.73880444583386
2021-09-03 17:00:00,1431A,JQLH,29.0,473.32502458146524,-444.32502458146524
2021-09-03 18:00:00,1431A,JQLH,21.0,472.9501618371942,-451.9501618371942
2021-09-03 19:00:00,1431A,JQLH,16.0,475.21997243970657,-459.21997243970657
2021-09-03 20:00:00,1431A,JQLH,15.0,477.0715311430565,-462.0715311430565
2021-09-03 21:00:00,1431A,JQLH,14.0,479.0876262712558,-465.0876262712558
2021-09-03 22:00:00,1431A,JQLH,13.0,479.8148201448672,-466.8148201448672
2021-09-03 23:00:00,1431A,JQLH,13.0,480.8475941006679,-467.8475941006679
2021-09-04 00:00:00,1431A,JQLH,13.0,481.0035976278067,-468.0035976278067
2021-09-04 01:00:00,1431A,JQLH,14.0,479.83371695737395,-465.83371695737395
2021-09-04 02:00:00,1431A,JQLH,14.0,479.24221377744567,-465.24221377744567
2021-09-04 03:00:00,1431A,JQLH,5.0,478.1959765166429,-473.1959765166429
2021-09-04 04:00:00,1431A,JQLH,4.0,477.10315593711465,-473.10315593711465
2021-09-04 05:00:00,1431A,JQLH,3.0,477.46248595873953,-474.46248595873953
2021-09-04 06:00:00,1431A,JQLH,3.0,477.44139015855404,-474.44139015855404
2021-09-04 07:00:00,1431A,JQLH,5.0,476.7036972940843,-471.7036972940843
2021-09-04 08:00:00,1431A,JQLH,5.0,476.68990985090903,-471.68990985090903
2021-09-04 09:00:00,1431A,JQLH,7.0,477.2053881259568,-470.2053881259568
2021-09-04 10:00:00,1431A,JQLH,8.0,478.4509186624859,-470.4509186624859
2021-09-04 11:00:00,1431A,JQLH,9.0,480.08853693301063,-471.08853693301063
2021-09-04 12:00:00,1431A,JQLH,11.0,480.6151733209846,-469.6151733209846
2021-09-04 13:00:00,1431A,JQLH,11.0,478.9136734412781,-467.9136734412781
2021-09-04 14:00:00,1431A,JQLH,12.0,477.07400653718855,-465.07400653718855
2021-09-04 15:00:00,1431A,JQLH,11.0,476.4523916532251,-465.4523916532251
2021-09-04 16:00:00,1431A,JQLH,12.0,475.1470013699242,-463.1470013699242
2021-09-04 17:00:00,1431A,JQLH,16.0,474.7332215055556,-458.7332215055556
2021-09-04 18:00:00,1431A,JQLH,16.0,474.35835876128453,-458.35835876128453
2021-09-04 19:00:00,1431A,JQLH,18.0,476.6281693637969,-458.6281693637969
2021-09-04 20:00:00,1431A,JQLH,15.0,478.4797280671469,-463.4797280671469
2021-09-04 21:00:00,1431A,JQLH,17.0,480.49582319534613,-463.49582319534613
2021-09-04 22:00:00,1431A,JQLH,19.0,481.2230170689576,-462.2230170689576
2021-09-04 23:00:00,1431A,JQLH,18.0,482.25579102475825,-464.25579102475825
2021-09-05 00:00:00,1431A,JQLH,17.0,482.41179455189706,-465.41179455189706
2021-09-05 01:00:00,1431A,JQLH,10.0,481.2419138814643,-471.2419138814643
2021-09-05 02:00:00,1431A,JQLH,12.0,480.65041070153603,-468.65041070153603
2021-09-05 03:00:00,1431A,JQLH,14.0,479.60417344073323,-465.60417344073323
2021-09-05 04:00:00,1431A,JQLH,13.0,478.511352861205,-465.511352861205
2021-09-05 05:00:00,1431A,JQLH,13.0,478.8706828828299,-465.8706828828299
2021-09-05 06:00:00,1431A,JQLH,13.0,478.8495870826444,-465.8495870826444
2021-09-05 07:00:00,1431A,JQLH,17.0,478.11189421817465,-461.11189421817465
2021-09-05 08:00:00,1431A,JQLH,15.0,478.0981067749994,-463.0981067749994
2021-09-05 09:00:00,1431A,JQLH,13.0,478.61358505004716,-465.61358505004716
2021-09-05 10:00:00,1431A,JQLH,10.0,479.85911558657625,-469.85911558657625
2021-09-05 11:00:00,1431A,JQLH,8.0,481.496733857101,-473.496733857101
2021-09-05 12:00:00,1431A,JQLH,11.0,482.02337024507494,-471.02337024507494
2021-09-05 13:00:00,1431A,JQLH,14.0,480.32187036536845,-466.32187036536845
2021-09-05 14:00:00,1431A,JQLH,17.0,478.4822034612789,-461.4822034612789
2021-09-05 15:00:00,1431A,JQLH,15.0,477.86058857731547,-462.86058857731547
2021-09-05 16:00:00,1431A,JQLH,14.0,476.5551982940146,-462.5551982940146
2021-09-05 17:00:00,1431A,JQLH,12.0,476.14141842964597,-464.14141842964597
2021-09-05 18:00:00,1431A,JQLH,9.0,475.7665556853749,-466.7665556853749
2021-09-05 19:00:00,1431A,JQLH,9.0,478.0363662878873,-469.0363662878873
2021-09-05 20:00:00,1431A,JQLH,8.0,479.88792499123724,-471.88792499123724
2021-09-05 21:00:00,1431A,JQLH,6.0,481.9040201194365,-475.9040201194365
2021-09-05 22:00:00,1431A,JQLH,6.0,482.63121399304794,-476.63121399304794
2021-09-05 23:00:00,1431A,JQLH,7.0,483.6639879488486,-476.6639879488486
2021-09-06 00:00:00,1431A,JQLH,10.0,483.8199914759874,-473.8199914759874
2021-09-06 01:00:00,1431A,JQLH,14.0,482.6501108055547,-468.6501108055547
2021-09-06 02:00:00,1431A,JQLH,,482.0586076256264,
2021-09-06 03:00:00,1431A,JQLH,12.0,481.0123703648236,-469.0123703648236
2021-09-06 04:00:00,1431A,JQLH,13.0,479.9195497852954,-466.9195497852954
2021-09-06 05:00:00,1431A,JQLH,12.0,480.27887980692026,-468.27887980692026
2021-09-06 06:00:00,1431A,JQLH,12.0,480.25778400673477,-468.25778400673477
2021-09-06 07:00:00,1431A,JQLH,8.0,479.520091142265,-471.520091142265
2021-09-06 08:00:00,1431A,JQLH,8.0,479.50630369908976,-471.50630369908976
2021-09-06 09:00:00,1431A,JQLH,11.0,480.0217819741375,-469.0217819741375
2021-09-06 10:00:00,1431A,JQLH,9.0,481.2673125106666,-472.2673125106666
2021-09-06 11:00:00,1431A,JQLH,7.0,482.90493078119135,-475.90493078119135
2021-09-06 12:00:00,1431A,JQLH,8.0,483.4315671691653,-475.4315671691653
2021-09-06 13:00:00,1431A,JQLH,6.0,481.7300672894588,-475.7300672894588
2021-09-06 14:00:00,1431A,JQLH,6.0,479.8904003853693,-473.8904003853693
2021-09-06 15:00:00,1431A,JQLH,4.0,479.26878550140583,-475.26878550140583
2021-09-06 16:00:00,1431A,JQLH,4.0,477.96339521810495,-473.96339521810495
2021-09-06 17:00:00,1431A,JQLH,5.0,477.5496153537363,-472.5496153537363
2021-09-06 18:00:00,1431A,JQLH,5.0,477.17475260946526,-472.17475260946526
2021-09-06 19:00:00,1431A,JQLH,6.0,479.44456321197765,-473.44456321197765
2021-09-06 20:00:00,1431A,JQLH,9.0,481.2961219153276,-472.2961219153276
2021-09-06 21:00:00,1431A,JQLH,11.0,483.31221704352686,-472.31221704352686
2021-09-06 22:00:00,1431A,JQLH,12.0,484.0394109171383,-472.0394109171383
2021-09-06 23:00:00,1431A,JQLH,16.0,485.072184872939,-469.072184872939
2021-09-07 00:00:00,1431A,JQLH,20.0,485.2281884000778,-465.2281884000778
2021-09-07 01:00:00,1431A,JQLH,18.0,484.05830772964504,-466.05830772964504
2021-09-07 02:00:00,1431A,JQLH,17.0,483.46680454971676,-466.46680454971676
2021-09-07 03:00:00,1431A,JQLH,18.0,482.42056728891396,-464.42056728891396
2021-09-07 04:00:00,1431A,JQLH,18.0,481.32774670938574,-463.32774670938574
2021-09-07 05:00:00,1431A,JQLH,19.0,481.6870767310106,-462.6870767310106
2021-09-07 06:00:00,1431A,JQLH,21.0,481.6659809308251,-460.6659809308251
2021-09-07 07:00:00,1431A,JQLH,21.0,480.9282880663554,-459.9282880663554
2021-09-07 08:00:00,1431A,JQLH,31.0,480.9145006231801,-449.9145006231801
2021-09-07 09:00:00,1431A,JQLH,35.0,481.4299788982279,-446.4299788982279
2021-09-07 10:00:00,1431A,JQLH,36.0,482.675509434757,-446.675509434757
2021-09-07 11:00:00,1431A,JQLH,35.0,484.3131277052817,-449.3131277052817
2021-09-07 12:00:00,1431A,JQLH,30.0,484.83976409325567,-454.83976409325567
2021-09-07 13:00:00,1431A,JQLH,31.0,483.1382642135492,-452.1382642135492
2021-09-07 14:00:00,1431A,JQLH,25.0,481.29859730945964,-456.29859730945964
2021-09-07 15:00:00,1431A,JQLH,11.0,480.6769824254962,-469.6769824254962
2021-09-07 16:00:00,1431A,JQLH,11.0,479.3715921421953,-468.3715921421953
2021-09-07 17:00:00,1431A,JQLH,13.0,478.9578122778267,-465.9578122778267
2021-09-07 18:00:00,1431A,JQLH,11.0,478.5829495335556,-467.5829495335556
2021-09-07 19:00:00,1431A,JQLH,15.0,480.852760136068,-465.852760136068
2021-09-07 20:00:00,1431A,JQLH,13.0,482.70431883941797,-469.70431883941797
2021-09-07 21:00:00,1431A,JQLH,15.0,484.7204139676172,-469.7204139676172
2021-09-07 22:00:00,1431A,JQLH,17.0,485.44760784122866,-468.44760784122866
2021-09-07 23:00:00,1431A,JQLH,19.0,486.48038179702934,-467.48038179702934
2021-09-08 00:00:00,1431A,JQLH,20.0,486.63638532416815,-466.63638532416815
2021-09-08 01:00:00,1431A,JQLH,23.0,485.4665046537354,-462.4665046537354
2021-09-08 02:00:00,1431A,JQLH,26.0,484.8750014738071,-458.8750014738071
2021-09-08 03:00:00,1431A,JQLH,27.0,483.8287642130043,-456.8287642130043
2021-09-08 04:00:00,1431A,JQLH,30.0,482.7359436334761,-452.7359436334761
2021-09-08 05:00:00,1431A,JQLH,32.0,483.095273655101,-451.095273655101
2021-09-08 06:00:00,1431A,JQLH,27.0,483.0741778549155,-456.0741778549155
2021-09-08 07:00:00,1431A,JQLH,30.0,482.33648499044574,-452.33648499044574
2021-09-08 08:00:00,1431A,JQLH,36.0,482.3226975472705,-446.3226975472705
2021-09-08 09:00:00,1431A,JQLH,39.0,482.83817582231825,-443.83817582231825
2021-09-08 10:00:00,1431A,JQLH,39.0,484.08370635884734,-445.08370635884734
2021-09-08 11:00:00,1431A,JQLH,38.0,485.7213246293721,-447.7213246293721
2021-09-08 12:00:00,1431A,JQLH,39.0,486.24796101734603,-447.24796101734603
2021-09-08 13:00:00,1431A,JQLH,35.0,484.54646113763954,-449.54646113763954
2021-09-08 14:00:00,1431A,JQLH,31.0,482.70679423355,-451.70679423355
2021-09-08 15:00:00,1431A,JQLH,27.0,482.08517934958655,-455.08517934958655
2021-09-08 16:00:00,1431A,JQLH,19.0,480.7797890662857,-461.7797890662857
2021-09-08 17:00:00,1431A,JQLH,25.0,480.36600920191705,-455.36600920191705
2021-09-08 18:00:00,1431A,JQLH,22.0,479.991146457646,-457.991146457646
2021-09-08 19:00:00,1431A,JQLH,27.0,482.2609570601584,-455.2609570601584
2021-09-08 20:00:00,1431A,JQLH,28.0,484.1125157635083,-456.1125157635083
2021-09-08 21:00:00,1431A,JQLH,29.0,486.1286108917076,-457.1286108917076
2021-09-08 22:00:00,1431A,JQLH,32.0,486.855804765319,-454.855804765319
2021-09-08 23:00:00,1431A,JQLH,35.0,487.8885787211197,-452.8885787211197
2021-09-09 00:00:00,1431A,JQLH,36.0,488.0445822482585,-452.0445822482585
2021-09-09 01:00:00,1431A,JQLH,36.0,486.87470157782576,-450.87470157782576
2021-09-09 02:00:00,1431A,JQLH,39.0,486.2831983978975,-447.2831983978975
2021-09-09 03:00:00,1431A,JQLH,40.0,485.2369611370947,-445.2369611370947
2021-09-09 04:00:00,1431A,JQLH,44.0,484.14414055756646,-440.14414055756646
2021-09-09 05:00:00,1431A,JQLH,48.0,484.50347057919134,-436.50347057919134
2021-09-09 06:00:00,1431A,JQLH,43.0,484.48237477900585,-441.48237477900585
2021-09-09 07:00:00,1431A,JQLH,42.0,483.7446819145361,-441.7446819145361
2021-09-09 08:00:00,1431A,JQLH,44.0,483.73089447136084,-439.73089447136084
2021-09-09 09:00:00,1431A,JQLH,43.0,484.2463727464086,-441.2463727464086
2021-09-09 10:00:00,1431A,JQLH,31.0,485.4919032829377,-454.4919032829377
2021-09-09 11:00:00,1431A,JQLH,23.0,487.12952155346244,-464.12952155346244
2021-09-09 12:00:00,1431A,JQLH,22.0,487.6561579414364,-465.6561579414364
2021-09-09 13:00:00,1431A,JQLH,15.0,485.9546580617299,-470.9546580617299
2021-09-09 14:00:00,1431A,JQLH,14.0,484.11499115764036,-470.11499115764036
2021-09-09 15:00:00,1431A,JQLH,12.0,483.4933762736769,-471.4933762736769
2021-09-09 16:00:00,1431A,JQLH,13.0,482.18798599037603,-469.18798599037603
2021-09-09 17:00:00,1431A,JQLH,14.0,481.7742061260074,-467.7742061260074
2021-09-09 18:00:00,1431A,JQLH,11.0,481.39934338173634,-470.39934338173634
2021-09-09 19:00:00,1431A,JQLH,10.0,483.66915398424874,-473.66915398424874
2021-09-09 20:00:00,1431A,JQLH,14.0,485.5207126875987,-471.5207126875987
2021-09-09 21:00:00,1431A,JQLH,20.0,487.53680781579794,-467.53680781579794
2021-09-09 22:00:00,1431A,JQLH,19.0,488.2640016894094,-469.2640016894094
2021-09-09 23:00:00,1431A,JQLH,21.0,489.29677564521006,-468.29677564521006
2021-09-10 00:00:00,1431A,JQLH,22.0,489.45277917234887,-467.45277917234887
2021-09-10 01:00:00,1431A,JQLH,23.0,488.2828985019161,-465.2828985019161
2021-09-10 02:00:00,1431A,JQLH,25.0,487.69139532198784,-462.69139532198784
2021-09-10 03:00:00,1431A,JQLH,25.0,486.64515806118504,-461.64515806118504
2021-09-10 04:00:00,1431A,JQLH,29.0,485.5523374816568,-456.5523374816568
2021-09-10 05:00:00,1431A,JQLH,34.0,485.9116675032817,-451.9116675032817
2021-09-10 06:00:00,1431A,JQLH,38.0,485.8905717030962,-447.8905717030962
2021-09-10 07:00:00,1431A,JQLH,41.0,485.15287883862646,-444.15287883862646
2021-09-10 08:00:00,1431A,JQLH,41.0,485.1390913954512,-444.1390913954512
2021-09-10 09:00:00,1431A,JQLH,43.0,485.654569670499,-442.654569670499
2021-09-10 10:00:00,1431A,JQLH,49.0,486.90010020702806,-437.90010020702806
2021-09-10 11:00:00,1431A,JQLH,44.0,488.5377184775528,-444.5377184775528
2021-09-10 12:00:00,1431A,JQLH,47.0,489.06435486552675,-442.06435486552675
2021-09-10 13:00:00,1431A,JQLH,52.0,487.36285498582026,-435.36285498582026
2021-09-10 14:00:00,1431A,JQLH,42.0,485.5231880817307,-443.5231880817307
2021-09-10 15:00:00,1431A,JQLH,26.0,484.9015731977673,-458.9015731977673
2021-09-10 16:00:00,1431A,JQLH,18.0,483.5961829144664,-465.5961829144664
2021-09-10 17:00:00,1431A,JQLH,16.0,483.1824030500978,-467.1824030500978
2021-09-10 18:00:00,1431A,JQLH,16.0,482.8075403058267,-466.8075403058267
2021-09-10 19:00:00,1431A,JQLH,17.0,485.0773509083391,-468.0773509083391
2021-09-10 20:00:00,1431A,JQLH,16.0,486.92890961168905,-470.92890961168905
2021-09-10 21:00:00,1431A,JQLH,17.0,488.9450047398883,-471.9450047398883
2021-09-10 22:00:00,1431A,JQLH,18.0,489.67219861349975,-471.67219861349975
2021-09-10 23:00:00,1431A,JQLH,24.0,490.7049725693004,-466.7049725693004
2021-09-11 00:00:00,1431A,JQLH,25.0,490.86097609643923,-465.86097609643923
2021-09-11 01:00:00,1431A,JQLH,30.0,489.6910954260065,-459.6910954260065
2021-09-11 02:00:00,1431A,JQLH,34.0,489.0995922460782,-455.0995922460782
2021-09-11 03:00:00,1431A,JQLH,38.0,488.0533549852754,-450.0533549852754
2021-09-11 04:00:00,1431A,JQLH,41.0,486.9605344057472,-445.9605344057472
2021-09-11 05:00:00,1431A,JQLH,44.0,487.31986442737207,-443.31986442737207
2021-09-11 06:00:00,1431A,JQLH,47.0,487.2987686271866,-440.2987686271866
2021-09-11 07:00:00,1431A,JQLH,60.0,486.5610757627168,-426.5610757627168
2021-09-11 08:00:00,1431A,JQLH,63.0,486.54728831954156,-423.54728831954156
2021-09-11 09:00:00,1431A,JQLH,64.0,487.06276659458933,-423.06276659458933
2021-09-11 10:00:00,1431A,JQLH,67.0,488.3082971311184,-421.3082971311184
2021-09-11 11:00:00,1431A,JQLH,69.0,489.94591540164316,-420.94591540164316
2021-09-11 12:00:00,1431A,JQLH,64.0,490.4725517896171,-426.4725517896171
2021-09-11 13:00:00,1431A,JQLH,73.0,488.7710519099106,-415.7710519099106
2021-09-11 14:00:00,1431A,JQLH,68.0,486.9313850058211,-418.9313850058211
2021-09-11 15:00:00,1431A,JQLH,48.0,486.30977012185764,-438.30977012185764
2021-09-11 16:00:00,1431A,JQLH,47.0,485.00437983855676,-438.00437983855676
2021-09-11 17:00:00,1431A,JQLH,29.0,484.59059997418814,-455.59059997418814
2021-09-11 18:00:00,1431A,JQLH,32.0,484.21573722991707,-452.21573722991707
2021-09-11 19:00:00,1431A,JQLH,22.0,486.48554783242946,-464.48554783242946
2021-09-11 20:00:00,1431A,JQLH,20.0,488.3371065357794,-468.3371065357794
2021-09-11 21:00:00,1431A,JQLH,20.0,490.35320166397867,-470.35320166397867
2021-09-11 22:00:00,1431A,JQLH,25.0,491.0803955375901,-466.0803955375901
2021-09-11 23:00:00,1431A,JQLH,39.0,492.1131694933908,-453.1131694933908
2021-09-12 00:00:00,1431A,JQLH,58.0,492.2691730205296,-434.2691730205296
2021-09-12 01:00:00,1431A,JQLH,62.0,491.09929235009685,-429.09929235009685
2021-09-12 02:00:00,1431A,JQLH,64.0,490.50778917016856,-426.50778917016856
2021-09-12 03:00:00,1431A,JQLH,58.0,489.46155190936577,-431.46155190936577
2021-09-12 04:00:00,1431A,JQLH,61.0,488.36873132983754,-427.36873132983754
2021-09-12 05:00:00,1431A,JQLH,51.0,488.72806135146243,-437.72806135146243
2021-09-12 06:00:00,1431A,JQLH,41.0,488.70696555127694,-447.70696555127694
2021-09-12 07:00:00,1431A,JQLH,41.0,487.9692726868072,-446.9692726868072
2021-09-12 08:00:00,1431A,JQLH,42.0,487.9554852436319,-445.9554852436319
2021-09-12 09:00:00,1431A,JQLH,47.0,488.4709635186797,-441.4709635186797
2021-09-12 10:00:00,1431A,JQLH,47.0,489.7164940552088,-442.7164940552088
2021-09-12 11:00:00,1431A,JQLH,38.0,491.3541123257335,-453.3541123257335
2021-09-12 12:00:00,1431A,JQLH,25.0,491.8807487137075,-466.8807487137075
2021-09-12 13:00:00,1431A,JQLH,21.0,490.179248834001,-469.179248834001
2021-09-12 14:00:00,1431A,JQLH,24.0,488.33958192991145,-464.33958192991145
2021-09-12 15:00:00,1431A,JQLH,23.0,487.717967045948,-464.717967045948
2021-09-12 16:00:00,1431A,JQLH,20.0,486.4125767626471,-466.4125767626471
2021-09-12 17:00:00,1431A,JQLH,19.0,485.9987968982785,-466.9987968982785
2021-09-12 18:00:00,1431A,JQLH,37.0,485.62393415400743,-448.62393415400743
2021-09-12 19:00:00,1431A,JQLH,36.0,487.8937447565198,-451.8937447565198
2021-09-12 20:00:00,1431A,JQLH,44.0,489.7453034598698,-445.7453034598698
2021-09-12 21:00:00,1431A,JQLH,31.0,491.761398588069,-460.761398588069
2021-09-12 22:00:00,1431A,JQLH,24.0,492.48859246168047,-468.48859246168047
2021-09-12 23:00:00,1431A,JQLH,14.0,493.52136641748115,-479.52136641748115
2021-09-13 00:00:00,1431A,JQLH,19.0,493.67736994461995,-474.67736994461995
2021-09-13 01:00:00,1431A,JQLH,22.0,492.5074892741872,-470.5074892741872
2021-09-13 02:00:00,1431A,JQLH,19.0,491.9159860942589,-472.9159860942589
2021-09-13 03:00:00,1431A,JQLH,17.0,490.86974883345613,-473.86974883345613
2021-09-13 04:00:00,1431A,JQLH,17.0,489.7769282539279,-472.7769282539279
2021-09-13 05:00:00,1431A,JQLH,18.0,490.1362582755528,-472.1362582755528
2021-09-13 06:00:00,1431A,JQLH,18.0,490.1151624753673,-472.1151624753673
2021-09-13 07:00:00,1431A,JQLH,16.0,489.37746961089755,-473.37746961089755
2021-09-13 08:00:00,1431A,JQLH,14.0,489.3636821677223,-475.3636821677223
2021-09-13 09:00:00,1431A,JQLH,20.0,489.87916044277006,-469.87916044277006
2021-09-13 10:00:00,1431A,JQLH,30.0,491.12469097929915,-461.12469097929915
2021-09-13 11:00:00,1431A,JQLH,37.0,492.7623092498239,-455.7623092498239
2021-09-13 12:00:00,1431A,JQLH,41.0,493.28894563779784,-452.28894563779784
2021-09-13 13:00:00,1431A,JQLH,33.0,491.58744575809135,-458.58744575809135
2021-09-13 14:00:00,1431A,JQLH,10.0,489.7477788540018,-479.7477788540018
2021-09-13 15:00:00,1431A,JQLH,12.0,489.12616397003836,-477.12616397003836
2021-09-13 16:00:00,1431A,JQLH,16.0,487.8207736867375,-471.8207736867375
2021-09-13 17:00:00,1431A,JQLH,19.0,487.40699382236886,-468.40699382236886
2021-09-13 18:00:00,1431A,JQLH,16.0,487.0321310780978,-471.0321310780978
2021-09-13 19:00:00,1431A,JQLH,18.0,489.3019416806102,-471.3019416806102
2021-09-13 20:00:00,1431A,JQLH,22.0,491.15350038396014,-469.15350038396014
2021-09-13 21:00:00,1431A,JQLH,24.0,493.1695955121594,-469.1695955121594
2021-09-13 22:00:00,1431A,JQLH,22.0,493.89678938577083,-471.89678938577083
2021-09-13 23:00:00,1431A,JQLH,20.0,494.9295633415715,-474.9295633415715
2021-09-14 00:00:00,1431A,JQLH,20.0,495.0855668687103,-475.0855668687103
2021-09-14 01:00:00,1431A,JQLH,22.0,493.91568619827757,-471.91568619827757
2021-09-14 02:00:00,1431A,JQLH,22.0,493.3241830183493,-471.3241830183493
2021-09-14 03:00:00,1431A,JQLH,20.0,492.2779457575465,-472.2779457575465
2021-09-14 04:00:00,1431A,JQLH,15.0,491.18512517801827,-476.18512517801827
2021-09-14 05:00:00,1431A,JQLH,9.0,491.54445519964315,-482.54445519964315
2021-09-14 06:00:00,1431A,JQLH,8.0,491.52335939945766,-483.52335939945766
2021-09-14 07:00:00,1431A,JQLH,9.0,490.7856665349879,-481.7856665349879
2021-09-14 08:00:00,1431A,JQLH,13.0,490.77187909181265,-477.77187909181265
2021-09-14 09:00:00,1431A,JQLH,16.0,491.2873573668604,-475.2873573668604
2021-09-14 10:00:00,1431A,JQLH,20.0,492.5328879033895,-472.5328879033895
2021-09-14 11:00:00,1431A,JQLH,19.0,494.17050617391425,-475.17050617391425
2021-09-14 12:00:00,1431A,JQLH,16.0,494.6971425618882,-478.6971425618882
2021-09-14 13:00:00,1431A,JQLH,14.0,492.9956426821817,-478.9956426821817
2021-09-14 14:00:00,1431A,JQLH,13.0,491.15597577809217,-478.15597577809217
2021-09-14 15:00:00,1431A,JQLH,12.0,490.5343608941287,-478.5343608941287
2021-09-14 16:00:00,1431A,JQLH,12.0,489.22897061082784,-477.22897061082784
2021-09-14 17:00:00,1431A,JQLH,14.0,488.8151907464592,-474.8151907464592
2021-09-14 18:00:00,1431A,JQLH,16.0,488.44032800218815,-472.44032800218815
2021-09-14 19:00:00,1431A,JQLH,17.0,490.71013860470055,-473.71013860470055
2021-09-14 20:00:00,1431A,JQLH,18.0,492.5616973080505,-474.5616973080505
2021-09-14 21:00:00,1431A,JQLH,18.0,494.57779243624975,-476.57779243624975
2021-09-14 22:00:00,1431A,JQLH,19.0,495.3049863098612,-476.3049863098612
2021-09-14 23:00:00,1431A,JQLH,19.0,496.33776026566187,-477.33776026566187
2021-09-15 00:00:00,1431A,JQLH,19.0,496.4937637928007,-477.4937637928007
2021-09-15 01:00:00,1431A,JQLH,17.0,495.32388312236793,-478.32388312236793
2021-09-15 02:00:00,1431A,JQLH,11.0,494.73237994243965,-483.73237994243965
2021-09-15 03:00:00,1431A,JQLH,7.0,493.68614268163685,-486.68614268163685
2021-09-15 04:00:00,1431A,JQLH,7.0,492.59332210210863,-485.59332210210863
2021-09-15 05:00:00,1431A,JQLH,7.0,492.9526521237335,-485.9526521237335
2021-09-15 06:00:00,1431A,JQLH,7.0,492.931556323548,-485.931556323548
2021-09-15 07:00:00,1431A,JQLH,16.0,492.1938634590783,-476.1938634590783
2021-09-15 08:00:00,1431A,JQLH,16.0,492.180076015903,-476.180076015903
2021-09-15 09:00:00,1431A,JQLH,12.0,492.6955542909508,-480.6955542909508
2021-09-15 10:00:00,1431A,JQLH,12.0,493.94108482747987,-481.94108482747987
2021-09-15 11:00:00,1431A,JQLH,14.0,495.5787030980046,-481.5787030980046
2021-09-15 12:00:00,1431A,JQLH,18.0,496.10533948597856,-478.10533948597856
2021-09-15 13:00:00,1431A,JQLH,21.0,494.4038396062721,-473.4038396062721
2021-09-15 14:00:00,1431A,JQLH,22.0,492.56417270218253,-470.56417270218253
2021-09-15 15:00:00,1431A,JQLH,22.0,491.9425578182191,-469.9425578182191
2021-09-15 16:00:00,1431A,JQLH,24.0,490.6371675349182,-466.6371675349182
2021-09-15 17:00:00,1431A,JQLH,26.0,490.2233876705496,-464.2233876705496
2021-09-15 18:00:00,1431A,JQLH,26.0,489.8485249262785,-463.8485249262785
2021-09-15 19:00:00,1431A,JQLH,27.0,492.1183355287909,-465.1183355287909
2021-09-15 20:00:00,1431A,JQLH,25.0,493.96989423214086,-468.96989423214086
2021-09-15 21:00:00,1431A,JQLH,19.0,495.9859893603401,-476.9859893603401
2021-09-15 22:00:00,1431A,JQLH,20.0,496.71318323395155,-476.71318323395155
2021-09-15 23:00:00,1431A,JQLH,14.0,497.74595718975223,-483.74595718975223
2021-09-16 00:00:00,1431A,JQLH,5.0,497.90196071689104,-492.90196071689104
2021-09-16 01:00:00,1431A,JQLH,3.0,496.7320800464583,-493.7320800464583
2021-09-16 02:00:00,1431A,JQLH,3.0,496.14057686653,-493.14057686653
2021-09-16 03:00:00,1431A,JQLH,3.0,495.0943396057272,-492.0943396057272
2021-09-16 04:00:00,1431A,JQLH,4.0,494.001519026199,-490.001519026199
2021-09-16 05:00:00,1431A,JQLH,4.0,494.3608490478239,-490.3608490478239
2021-09-16 06:00:00,1431A,JQLH,4.0,494.3397532476384,-490.3397532476384
2021-09-16 07:00:00,1431A,JQLH,5.0,493.60206038316863,-488.60206038316863
2021-09-16 08:00:00,1431A,JQLH,5.0,493.5882729399934,-488.5882729399934
2021-09-16 09:00:00,1431A,JQLH,5.0,494.10375121504114,-489.10375121504114
2021-09-16 10:00:00,1431A,JQLH,4.0,495.34928175157023,-491.34928175157023
2021-09-16 11:00:00,1431A,JQLH,6.0,496.98690002209497,-490.98690002209497
2021-09-16 12:00:00,1431A,JQLH,6.0,497.5135364100689,-491.5135364100689
2021-09-16 13:00:00,1431A,JQLH,9.0,495.81203653036243,-486.81203653036243
2021-09-16 14:00:00,1431A,JQLH,12.0,493.9723696262729,-481.9723696262729
2021-09-16 15:00:00,1431A,JQLH,13.0,493.35075474230945,-480.35075474230945
2021-09-16 16:00:00,1431A,JQLH,12.0,492.04536445900857,-480.04536445900857
2021-09-16 17:00:00,1431A,JQLH,12.0,491.63158459463995,-479.63158459463995
2021-09-16 18:00:00,1431A,JQLH,11.0,491.2567218503689,-480.2567218503689
2021-09-16 19:00:00,1431A,JQLH,10.0,493.52653245288127,-483.52653245288127
2021-09-16 20:00:00,1431A,JQLH,9.0,495.3780911562312,-486.3780911562312
2021-09-16 21:00:00,1431A,JQLH,9.0,497.3941862844305,-488.3941862844305
2021-09-16 22:00:00,1431A,JQLH,11.0,498.1213801580419,-487.1213801580419
2021-09-16 23:00:00,1431A,JQLH,10.0,499.1541541138426,-489.1541541138426
2021-09-17 00:00:00,1431A,JQLH,10.0,499.3101576409814,-489.3101576409814
2021-09-17 01:00:00,1431A,JQLH,13.0,498.14027697054865,-485.14027697054865
2021-09-17 02:00:00,1431A,JQLH,19.0,497.5487737906204,-478.5487737906204
2021-09-17 03:00:00,1431A,JQLH,21.0,496.5025365298176,-475.5025365298176
2021-09-17 04:00:00,1431A,JQLH,25.0,495.40971595028935,-470.40971595028935
2021-09-17 05:00:00,1431A,JQLH,26.0,495.76904597191424,-469.76904597191424
2021-09-17 06:00:00,1431A,JQLH,30.0,495.74795017172875,-465.74795017172875
2021-09-17 07:00:00,1431A,JQLH,25.0,495.010257307259,-470.010257307259
2021-09-17 08:00:00,1431A,JQLH,22.0,494.99646986408374,-472.99646986408374
2021-09-17 09:00:00,1431A,JQLH,21.0,495.5119481391315,-474.5119481391315
2021-09-17 10:00:00,1431A,JQLH,20.0,496.7574786756606,-476.7574786756606
2021-09-17 11:00:00,1431A,JQLH,30.0,498.39509694618533,-468.39509694618533
2021-09-17 12:00:00,1431A,JQLH,24.0,498.9217333341593,-474.9217333341593
2021-09-17 13:00:00,1431A,JQLH,19.0,497.2202334544528,-478.2202334544528
2021-09-17 14:00:00,1431A,JQLH,15.0,495.38056655036326,-480.38056655036326
2021-09-17 15:00:00,1431A,JQLH,13.0,494.7589516663998,-481.7589516663998
2021-09-17 16:00:00,1431A,JQLH,14.0,493.45356138309893,-479.45356138309893
2021-09-17 17:00:00,1431A,JQLH,16.0,493.0397815187303,-477.0397815187303
2021-09-17 18:00:00,1431A,JQLH,13.0,492.66491877445924,-479.66491877445924
2021-09-17 19:00:00,1431A,JQLH,8.0,494.93472937697163,-486.93472937697163
2021-09-17 20:00:00,1431A,JQLH,8.0,496.7862880803216,-488.7862880803216
2021-09-17 21:00:00,1431A,JQLH,11.0,498.80238320852084,-487.80238320852084
2021-09-17 22:00:00,1431A,JQLH,12.0,499.5295770821323,-487.5295770821323
2021-09-17 23:00:00,1431A,JQLH,12.0,500.56235103793296,-488.56235103793296
2021-09-18 00:00:00,1431A,JQLH,15.0,500.71835456507176,-485.71835456507176
2021-09-18 01:00:00,1431A,JQLH,13.0,499.548473894639,-486.548473894639
2021-09-18 02:00:00,1431A,JQLH,12.0,498.95697071471074,-486.95697071471074
2021-09-18 03:00:00,1431A,JQLH,9.0,497.91073345390794,-488.91073345390794
2021-09-18 04:00:00,1431A,JQLH,10.0,496.8179128743797,-486.8179128743797
2021-09-18 05:00:00,1431A,JQLH,7.0,497.1772428960046,-490.1772428960046
2021-09-18 06:00:00,1431A,JQLH,5.0,497.1561470958191,-492.1561470958191
2021-09-18 07:00:00,1431A,JQLH,6.0,496.41845423134936,-490.41845423134936
2021-09-18 08:00:00,1431A,JQLH,7.0,496.4046667881741,-489.4046667881741
2021-09-18 09:00:00,1431A,JQLH,10.0,496.92014506322187,-486.92014506322187
2021-09-18 10:00:00,1431A,JQLH,12.0,498.16567559975095,-486.16567559975095
2021-09-18 11:00:00,1431A,JQLH,10.0,499.8032938702757,-489.8032938702757
2021-09-18 12:00:00,1431A,JQLH,9.0,500.32993025824965,-491.32993025824965
2021-09-18 13:00:00,1431A,JQLH,9.0,498.62843037854316,-489.62843037854316
2021-09-18 14:00:00,1431A,JQLH,12.0,496.7887634744536,-484.7887634744536
2021-09-18 15:00:00,1431A,JQLH,7.0,496.16714859049017,-489.16714859049017
2021-09-18 16:00:00,1431A,JQLH,5.0,494.8617583071893,-489.8617583071893
2021-09-18 17:00:00,1431A,JQLH,7.0,494.44797844282067,-487.44797844282067
2021-09-18 18:00:00,1431A,JQLH,8.0,494.0731156985496,-486.0731156985496
2021-09-18 19:00:00,1431A,JQLH,10.0,496.342926301062,-486.342926301062
2021-09-18 20:00:00,1431A,JQLH,11.0,498.19448500441194,-487.19448500441194
2021-09-18 21:00:00,1431A,JQLH,15.0,500.2105801326112,-485.2105801326112
2021-09-18 22:00:00,1431A,JQLH,15.0,500.93777400622264,-485.93777400622264
2021-09-18 23:00:00,1431A,JQLH,5.0,501.9705479620233,-496.9705479620233
2021-09-19 00:00:00,1431A,JQLH,4.0,502.1265514891621,-498.1265514891621
2021-09-19 01:00:00,1431A,JQLH,4.0,500.9566708187294,-496.9566708187294
2021-09-19 02:00:00,1431A,JQLH,3.0,500.3651676388011,-497.3651676388011
2021-09-19 03:00:00,1431A,JQLH,4.0,499.3189303779983,-495.3189303779983
2021-09-19 04:00:00,1431A,JQLH,6.0,498.2261097984701,-492.2261097984701
2021-09-19 05:00:00,1431A,JQLH,7.0,498.58543982009496,-491.58543982009496
2021-09-19 06:00:00,1431A,JQLH,6.0,498.56434401990947,-492.56434401990947
2021-09-19 07:00:00,1431A,JQLH,5.0,497.8266511554397,-492.8266511554397
2021-09-19 08:00:00,1431A,JQLH,4.0,497.81286371226446,-493.81286371226446
2021-09-19 09:00:00,1431A,JQLH,6.0,498.3283419873122,-492.3283419873122
2021-09-19 10:00:00,1431A,JQLH,6.0,499.5738725238413,-493.5738725238413
2021-09-19 11:00:00,1431A,JQLH,6.0,501.21149079436606,-495.21149079436606
2021-09-19 12:00:00,1431A,JQLH,5.0,501.73812718234,-496.73812718234
2021-09-19 13:00:00,1431A,JQLH,4.0,500.0366273026335,-496.0366273026335
2021-09-19 14:00:00,1431A,JQLH,4.0,498.196960398544,-494.196960398544
2021-09-19 15:00:00,1431A,JQLH,4.0,497.57534551458053,-493.57534551458053
2021-09-19 16:00:00,1431A,JQLH,4.0,496.26995523127965,-492.26995523127965
2021-09-19 17:00:00,1431A,JQLH,4.0,495.85617536691103,-491.85617536691103
2021-09-19 18:00:00,1431A,JQLH,2.0,495.48131262263996,-493.48131262263996
2021-09-19 19:00:00,1431A,JQLH,2.0,497.75112322515236,-495.75112322515236
2021-09-19 20:00:00,1431A,JQLH,4.0,499.6026819285023,-495.6026819285023
2021-09-19 21:00:00,1431A,JQLH,6.0,501.61877705670156,-495.61877705670156
2021-09-19 22:00:00,1431A,JQLH,8.0,502.345970930313,-494.345970930313
2021-09-19 23:00:00,1431A,JQLH,13.0,503.3787448861137,-490.3787448861137
2021-09-20 00:00:00,1431A,JQLH,14.0,503.5347484132525,-489.5347484132525
2021-09-20 01:00:00,1431A,JQLH,18.0,502.36486774281974,-484.36486774281974
2021-09-20 02:00:00,1431A,JQLH,25.0,501.77336456289146,-476.77336456289146
2021-09-20 03:00:00,1431A,JQLH,33.0,500.72712730208866,-467.72712730208866
2021-09-20 04:00:00,1431A,JQLH,28.0,499.63430672256044,-471.63430672256044
2021-09-20 05:00:00,1431A,JQLH,25.0,499.9936367441853,-474.9936367441853
2021-09-20 06:00:00,1431A,JQLH,23.0,499.97254094399983,-476.97254094399983
2021-09-20 07:00:00,1431A,JQLH,26.0,499.2348480795301,-473.2348480795301
2021-09-20 08:00:00,1431A,JQLH,28.0,499.2210606363548,-471.2210606363548
2021-09-20 09:00:00,1431A,JQLH,27.0,499.7365389114026,-472.7365389114026
2021-09-20 10:00:00,1431A,JQLH,25.0,500.9820694479317,-475.9820694479317
2021-09-20 11:00:00,1431A,JQLH,24.0,502.6196877184564,-478.6196877184564
2021-09-20 12:00:00,1431A,JQLH,21.0,503.14632410643037,-482.14632410643037
2021-09-20 13:00:00,1431A,JQLH,13.0,501.4448242267239,-488.4448242267239
2021-09-20 14:00:00,1431A,JQLH,9.0,499.60515732263434,-490.60515732263434
2021-09-20 15:00:00,1431A,JQLH,9.0,498.9835424386709,-489.9835424386709
2021-09-20 16:00:00,1431A,JQLH,9.0,497.67815215537,-488.67815215537
2021-09-20 17:00:00,1431A,JQLH,8.0,497.2643722910014,-489.2643722910014
2021-09-20 18:00:00,1431A,JQLH,7.0,496.8895095467303,-489.8895095467303
2021-09-20 19:00:00,1431A,JQLH,8.0,499.1593201492427,-491.1593201492427
2021-09-20 20:00:00,1431A,JQLH,10.0,501.01087885259267,-491.01087885259267
2021-09-20 21:00:00,1431A,JQLH,12.0,503.0269739807919,-491.0269739807919
2021-09-20 22:00:00,1431A,JQLH,14.0,503.75416785440336,-489.75416785440336
2021-09-20 23:00:00,1431A,JQLH,17.0,504.78694181020404,-487.78694181020404
2021-09-21 00:00:00,1431A,JQLH,27.0,504.94294533734285,-477.94294533734285
2021-09-21 01:00:00,1431A,JQLH,38.0,503.7730646669101,-465.7730646669101
2021-09-21 02:00:00,1431A,JQLH,42.0,503.1815614869818,-461.1815614869818
2021-09-21 03:00:00,1431A,JQLH,45.0,502.135324226179,-457.135324226179
2021-09-21 04:00:00,1431A,JQLH,44.0,501.0425036466508,-457.0425036466508
2021-09-21 05:00:00,1431A,JQLH,42.0,501.4018336682757,-459.4018336682757
2021-09-21 06:00:00,1431A,JQLH,39.0,501.3807378680902,-462.3807378680902
2021-09-21 07:00:00,1431A,JQLH,36.0,500.64304500362044,-464.64304500362044
2021-09-21 08:00:00,1431A,JQLH,35.0,500.6292575604452,-465.6292575604452
2021-09-21 09:00:00,1431A,JQLH,43.0,501.14473583549295,-458.14473583549295
2021-09-21 10:00:00,1431A,JQLH,44.0,502.39026637202204,-458.39026637202204
2021-09-21 11:00:00,1431A,JQLH,,504.0278846425468,
2021-09-21 12:00:00,1431A,JQLH,24.0,504.55452103052073,-480.55452103052073
2021-09-21 13:00:00,1431A,JQLH,21.0,502.85302115081424,-481.85302115081424
2021-09-21 14:00:00,1431A,JQLH,,501.0133542467247,
2021-09-21 15:00:00,1431A,JQLH,26.0,500.39173936276126,-474.39173936276126
2021-09-21 16:00:00,1431A,JQLH,21.0,499.0863490794604,-478.0863490794604
2021-09-21 17:00:00,1431A,JQLH,16.0,498.67256921509176,-482.67256921509176
2021-09-21 18:00:00,1431A,JQLH,14.0,498.2977064708207,-484.2977064708207
2021-09-21 19:00:00,1431A,JQLH,15.0,500.5675170733331,-485.5675170733331
2021-09-21 20:00:00,1431A,JQLH,17.0,502.41907577668303,-485.41907577668303
2021-09-21 21:00:00,1431A,JQLH,19.0,504.4351709048823,-485.4351709048823
2021-09-21 22:00:00,1431A,JQLH,21.0,505.1623647784937,-484.1623647784937
2021-09-21 23:00:00,1431A,JQLH,24.0,506.1951387342944,-482.1951387342944
2021-09-22 00:00:00,1431A,JQLH,39.0,506.3511422614332,-467.3511422614332
2021-09-22 01:00:00,1431A,JQLH,46.0,505.18126159100046,-459.18126159100046
2021-09-22 02:00:00,1431A,JQLH,51.0,504.5897584110722,-453.5897584110722
2021-09-22 03:00:00,1431A,JQLH,49.0,503.5435211502694,-454.5435211502694
2021-09-22 04:00:00,1431A,JQLH,47.0,502.45070057074116,-455.45070057074116
2021-09-22 05:00:00,1431A,JQLH,51.0,502.81003059236605,-451.81003059236605
2021-09-22 06:00:00,1431A,JQLH,54.0,502.78893479218056,-448.78893479218056
2021-09-22 07:00:00,1431A,JQLH,58.0,502.0512419277108,-444.0512419277108
2021-09-22 08:00:00,1431A,JQLH,49.0,502.03745448453554,-453.03745448453554
2021-09-22 09:00:00,1431A,JQLH,36.0,502.5529327595833,-466.5529327595833
2021-09-22 10:00:00,1431A,JQLH,32.0,503.7984632961124,-471.7984632961124
2021-09-22 11:00:00,1431A,JQLH,27.0,505.43608156663714,-478.43608156663714
2021-09-22 12:00:00,1431A,JQLH,20.0,505.9627179546111,-485.9627179546111
2021-09-22 13:00:00,1431A,JQLH,22.0,504.2612180749046,-482.2612180749046
2021-09-22 14:00:00,1431A,JQLH,22.0,502.42155117081506,-480.42155117081506
2021-09-22 15:00:00,1431A,JQLH,24.0,501.7999362868516,-477.7999362868516
2021-09-22 16:00:00,1431A,JQLH,30.0,500.49454600355074,-470.49454600355074
2021-09-22 17:00:00,1431A,JQLH,31.0,500.0807661391821,-469.0807661391821
2021-09-22 18:00:00,1431A,JQLH,31.0,499.70590339491105,-468.70590339491105
2021-09-22 19:00:00,1431A,JQLH,31.0,501.97571399742344,-470.97571399742344
2021-09-22 20:00:00,1431A,JQLH,31.0,503.8272727007734,-472.8272727007734
2021-09-22 21:00:00,1431A,JQLH,33.0,505.84336782897265,-472.84336782897265
2021-09-22 22:00:00,1431A,JQLH,30.0,506.5705617025841,-476.5705617025841
2021-09-22 23:00:00,1431A,JQLH,30.0,507.60333565838476,-477.60333565838476
2021-09-23 00:00:00,1431A,JQLH,35.0,507.7593391855236,-472.7593391855236
2021-09-23 01:00:00,1431A,JQLH,37.0,506.5894585150908,-469.5894585150908
2021-09-23 02:00:00,1431A,JQLH,36.0,505.99795533516254,-469.99795533516254
2021-09-23 03:00:00,1431A,JQLH,37.0,504.95171807435975,-467.95171807435975
2021-09-23 04:00:00,1431A,JQLH,39.0,503.8588974948315,-464.8588974948315
2021-09-23 05:00:00,1431A,JQLH,42.0,504.2182275164564,-462.2182275164564
2021-09-23 06:00:00,1431A,JQLH,38.0,504.1971317162709,-466.1971317162709
2021-09-23 07:00:00,1431A,JQLH,36.0,503.45943885180117,-467.45943885180117
2021-09-23 08:00:00,1431A,JQLH,26.0,503.4456514086259,-477.4456514086259
2021-09-23 09:00:00,1431A,JQLH,26.0,503.9611296836737,-477.9611296836737
2021-09-23 10:00:00,1431A,JQLH,32.0,505.20666022020276,-473.20666022020276
2021-09-23 11:00:00,1431A,JQLH,29.0,506.8442784907275,-477.8442784907275
2021-09-23 12:00:00,1431A,JQLH,30.0,507.37091487870146,-477.37091487870146
2021-09-23 13:00:00,1431A,JQLH,33.0,505.66941499899497,-472.66941499899497
2021-09-23 14:00:00,1431A,JQLH,29.0,503.8297480949054,-474.8297480949054
2021-09-23 15:00:00,1431A,JQLH,27.0,503.208133210942,-476.208133210942
2021-09-23 16:00:00,1431A,JQLH,26.0,501.9027429276411,-475.9027429276411
2021-09-23 17:00:00,1431A,JQLH,27.0,501.4889630632725,-474.4889630632725
2021-09-23 18:00:00,1431A,JQLH,31.0,501.1141003190014,-470.1141003190014
2021-09-23 19:00:00,1431A,JQLH,28.0,503.3839109215138,-475.3839109215138
2021-09-23 20:00:00,1431A,JQLH,27.0,505.23546962486375,-478.23546962486375
2021-09-23 21:00:00,1431A,JQLH,35.0,507.251564753063,-472.251564753063
2021-09-23 22:00:00,1431A,JQLH,33.0,507.97875862667445,-474.97875862667445
2021-09-23 23:00:00,1431A,JQLH,32.0,509.0115325824751,-477.0115325824751
2021-09-24 00:00:00,1431A,JQLH,27.0,509.16753610961393,-482.16753610961393
2021-09-24 01:00:00,1431A,JQLH,17.0,507.9976554391812,-490.9976554391812
2021-09-24 02:00:00,1431A,JQLH,18.0,507.4061522592529,-489.4061522592529
2021-09-24 03:00:00,1431A,JQLH,18.0,506.3599149984501,-488.3599149984501
2021-09-24 04:00:00,1431A,JQLH,20.0,505.2670944189219,-485.2670944189219
2021-09-24 05:00:00,1431A,JQLH,21.0,505.62642444054677,-484.62642444054677
2021-09-24 06:00:00,1431A,JQLH,19.0,505.6053286403613,-486.6053286403613
2021-09-24 07:00:00,1431A,JQLH,17.0,504.86763577589153,-487.86763577589153
2021-09-24 08:00:00,1431A,JQLH,17.0,504.85384833271627,-487.85384833271627
2021-09-24 09:00:00,1431A,JQLH,22.0,505.36932660776404,-483.36932660776404
2021-09-24 10:00:00,1431A,JQLH,29.0,506.6148571442931,-477.6148571442931
2021-09-24 11:00:00,1431A,JQLH,20.0,508.25247541481787,-488.25247541481787
2021-09-24 12:00:00,1431A,JQLH,22.0,508.7791118027918,-486.7791118027918
2021-09-24 13:00:00,1431A,JQLH,32.0,507.0776119230853,-475.0776119230853
2021-09-24 14:00:00,1431A,JQLH,38.0,505.2379450189958,-467.2379450189958
2021-09-24 15:00:00,1431A,JQLH,43.0,504.61633013503234,-461.61633013503234
2021-09-24 16:00:00,1431A,JQLH,36.0,503.31093985173146,-467.31093985173146
2021-09-24 17:00:00,1431A,JQLH,35.0,502.89715998736284,-467.89715998736284
2021-09-24 18:00:00,1431A,JQLH,33.0,502.52229724309177,-469.52229724309177
2021-09-24 19:00:00,1431A,JQLH,35.0,504.79210784560416,-469.79210784560416
2021-09-24 20:00:00,1431A,JQLH,34.0,506.6436665489541,-472.6436665489541
2021-09-24 21:00:00,1431A,JQLH,28.0,508.65976167715337,-480.65976167715337
2021-09-24 22:00:00,1431A,JQLH,30.0,509.3869555507648,-479.3869555507648
2021-09-24 23:00:00,1431A,JQLH,32.0,510.4197295065655,-478.4197295065655
2021-09-25 00:00:00,1431A,JQLH,28.0,510.5757330337043,-482.5757330337043
2021-09-25 01:00:00,1431A,JQLH,25.0,509.40585236327155,-484.40585236327155
2021-09-25 02:00:00,1431A,JQLH,18.0,508.81434918334327,-490.81434918334327
2021-09-25 03:00:00,1431A,JQLH,13.0,507.76811192254047,-494.76811192254047
2021-09-25 04:00:00,1431A,JQLH,10.0,506.67529134301225,-496.67529134301225
2021-09-25 05:00:00,1431A,JQLH,17.0,507.03462136463713,-490.03462136463713
2021-09-25 06:00:00,1431A,JQLH,12.0,507.01352556445164,-495.01352556445164
2021-09-25 07:00:00,1431A,JQLH,13.0,506.2758326999819,-493.2758326999819
2021-09-25 08:00:00,1431A,JQLH,15.0,506.26204525680663,-491.26204525680663
2021-09-25 09:00:00,1431A,JQLH,18.0,506.7775235318544,-488.7775235318544
2021-09-25 10:00:00,1431A,JQLH,20.0,508.0230540683835,-488.0230540683835
2021-09-25 11:00:00,1431A,JQLH,20.0,509.6606723389082,-489.6606723389082
2021-09-25 12:00:00,1431A,JQLH,21.0,510.1873087268822,-489.1873087268822
2021-09-25 13:00:00,1431A,JQLH,29.0,508.4858088471757,-479.4858088471757
2021-09-25 14:00:00,1431A,JQLH,28.0,506.64614194308615,-478.64614194308615
2021-09-25 15:00:00,1431A,JQLH,29.0,506.0245270591227,-477.0245270591227
2021-09-25 16:00:00,1431A,JQLH,,504.7191367758218,
2021-09-25 17:00:00,1431A,JQLH,42.0,504.3053569114532,-462.3053569114532
2021-09-25 18:00:00,1431A,JQLH,43.0,503.93049416718213,-460.93049416718213
2021-09-25 19:00:00,1431A,JQLH,46.0,506.2003047696945,-460.2003047696945
2021-09-25 20:00:00,1431A,JQLH,42.0,508.0518634730445,-466.0518634730445
2021-09-25 21:00:00,1431A,JQLH,34.0,510.06795860124373,-476.06795860124373
2021-09-25 22:00:00,1431A,JQLH,30.0,510.7951524748552,-480.7951524748552
2021-09-25 23:00:00,1431A,JQLH,32.0,511.82792643065585,-479.82792643065585
2021-09-26 00:00:00,1431A,JQLH,32.0,511.98392995779466,-479.98392995779466
2021-09-26 01:00:00,1431A,JQLH,25.0,510.8140492873619,-485.8140492873619
2021-09-26 02:00:00,1431A,JQLH,25.0,510.22254610743363,-485.22254610743363
2021-09-26 03:00:00,1431A,JQLH,21.0,509.17630884663083,-488.17630884663083
2021-09-26 04:00:00,1431A,JQLH,20.0,508.0834882671026,-488.0834882671026
2021-09-26 05:00:00,1431A,JQLH,10.0,508.4428182887275,-498.4428182887275
2021-09-26 06:00:00,1431A,JQLH,5.0,508.421722488542,-503.421722488542
2021-09-26 07:00:00,1431A,JQLH,4.0,507.68402962407225,-503.68402962407225
2021-09-26 08:00:00,1431A,JQLH,5.0,507.670242180897,-502.670242180897
2021-09-26 09:00:00,1431A,JQLH,5.0,508.18572045594476,-503.18572045594476
2021-09-26 10:00:00,1431A,JQLH,4.0,509.43125099247385,-505.43125099247385
2021-09-26 11:00:00,1431A,JQLH,3.0,511.0688692629986,-508.0688692629986
2021-09-26 12:00:00,1431A,JQLH,3.0,511.59550565097254,-508.59550565097254
2021-09-26 13:00:00,1431A,JQLH,4.0,509.89400577126605,-505.89400577126605
2021-09-26 14:00:00,1431A,JQLH,3.0,508.0543388671765,-505.0543388671765
2021-09-26 15:00:00,1431A,JQLH,3.0,507.43272398321307,-504.43272398321307
2021-09-26 16:00:00,1431A,JQLH,4.0,506.1273336999122,-502.1273336999122
2021-09-26 17:00:00,1431A,JQLH,4.0,505.71355383554356,-501.71355383554356
2021-09-26 18:00:00,1431A,JQLH,5.0,505.3386910912725,-500.3386910912725
2021-09-26 19:00:00,1431A,JQLH,6.0,507.6085016937849,-501.6085016937849
2021-09-26 20:00:00,1431A,JQLH,6.0,509.46006039713484,-503.46006039713484
2021-09-26 21:00:00,1431A,JQLH,6.0,511.4761555253341,-505.4761555253341
2021-09-26 22:00:00,1431A,JQLH,7.0,512.2033493989455,-505.20334939894553
2021-09-26 23:00:00,1431A,JQLH,6.0,513.2361233547463,-507.23612335474627
2021-09-27 00:00:00,1431A,JQLH,7.0,513.3921268818851,-506.39212688188513
2021-09-27 01:00:00,1431A,JQLH,7.0,512.2222462114524,-505.22224621145244
2021-09-27 02:00:00,1431A,JQLH,9.0,511.63074303152416,-502.63074303152416
2021-09-27 03:00:00,1431A,JQLH,6.0,510.58450577072136,-504.58450577072136
2021-09-27 04:00:00,1431A,JQLH,9.0,509.49168519119314,-500.49168519119314
2021-09-27 05:00:00,1431A,JQLH,12.0,509.851015212818,-497.851015212818
2021-09-27 06:00:00,1431A,JQLH,13.0,509.82991941263253,-496.82991941263253
2021-09-27 07:00:00,1431A,JQLH,9.0,509.0922265481628,-500.0922265481628
2021-09-27 08:00:00,1431A,JQLH,8.0,509.0784391049875,-501.0784391049875
2021-09-27 09:00:00,1431A,JQLH,8.0,509.5939173800353,-501.5939173800353
2021-09-27 10:00:00,1431A,JQLH,10.0,510.8394479165644,-500.8394479165644
2021-09-27 11:00:00,1431A,JQLH,10.0,512.4770661870891,-502.4770661870891
2021-09-27 12:00:00,1431A,JQLH,13.0,513.0037025750631,-500.00370257506313
2021-09-27 13:00:00,1431A,JQLH,12.0,511.30220269535664,-499.30220269535664
2021-09-27 14:00:00,1431A,JQLH,14.0,509.4625357912671,-495.4625357912671
2021-09-27 15:00:00,1431A,JQLH,15.0,508.84092090730365,-493.84092090730365
2021-09-27 16:00:00,1431A,JQLH,16.0,507.5355306240028,-491.5355306240028
2021-09-27 17:00:00,1431A,JQLH,14.0,507.12175075963415,-493.12175075963415
2021-09-27 18:00:00,1431A,JQLH,16.0,506.7468880153631,-490.7468880153631
2021-09-27 19:00:00,1431A,JQLH,19.0,509.0166986178755,-490.0166986178755
2021-09-27 20:00:00,1431A,JQLH,18.0,510.8682573212254,-492.8682573212254
2021-09-27 21:00:00,1431A,JQLH,22.0,512.8843524494247,-490.8843524494247
2021-09-27 22:00:00,1431A,JQLH,37.0,513.6115463230361,-476.6115463230361
2021-09-27 23:00:00,1431A,JQLH,31.0,514.6443202788369,-483.64432027883686
2021-09-28 00:00:00,1431A,JQLH,16.0,514.8003238059757,-498.8003238059757
2021-09-28 01:00:00,1431A,JQLH,15.0,513.630443135543,-498.63044313554303
2021-09-28 02:00:00,1431A,JQLH,12.0,513.0389399556148,-501.03893995561475
2021-09-28 03:00:00,1431A,JQLH,12.0,511.99270269481195,-499.99270269481195
2021-09-28 04:00:00,1431A,JQLH,10.0,510.89988211528373,-500.89988211528373
2021-09-28 05:00:00,1431A,JQLH,11.0,511.2592121369086,-500.2592121369086
2021-09-28 06:00:00,1431A,JQLH,13.0,511.2381163367231,-498.2381163367231
2021-09-28 07:00:00,1431A,JQLH,11.0,510.5004234722534,-499.5004234722534
2021-09-28 08:00:00,1431A,JQLH,13.0,510.4866360290781,-497.4866360290781
2021-09-28 09:00:00,1431A,JQLH,16.0,511.0021143041259,-495.0021143041259
2021-09-28 10:00:00,1431A,JQLH,16.0,512.247644840655,-496.24764484065497
2021-09-28 11:00:00,1431A,JQLH,18.0,513.8852631111797,-495.8852631111797
2021-09-28 12:00:00,1431A,JQLH,,514.4118994991537,
2021-09-28 13:00:00,1431A,JQLH,17.0,512.7103996194472,-495.71039961944723
2021-09-28 14:00:00,1431A,JQLH,12.0,510.8707327153577,-498.8707327153577
2021-09-28 15:00:00,1431A,JQLH,11.0,510.24911783139424,-499.24911783139424
2021-09-28 16:00:00,1431A,JQLH,9.0,508.94372754809336,-499.94372754809336
2021-09-28 17:00:00,1431A,JQLH,9.0,508.52994768372474,-499.52994768372474
2021-09-28 18:00:00,1431A,JQLH,9.0,508.1550849394537,-499.1550849394537
2021-09-28 19:00:00,1431A,JQLH,10.0,510.42489554196607,-500.42489554196607
2021-09-28 20:00:00,1431A,JQLH,13.0,512.276454245316,-499.276454245316
2021-09-28 21:00:00,1431A,JQLH,22.0,514.2925493735153,-492.29254937351527
2021-09-28 22:00:00,1431A,JQLH,23.0,515.0197432471267,-492.0197432471267
2021-09-28 23:00:00,1431A,JQLH,26.0,516.0525172029274,-490.05251720292745
2021-09-29 00:00:00,1431A,JQLH,24.0,516.2085207300663,-492.2085207300663
2021-09-29 01:00:00,1431A,JQLH,21.0,515.0386400596336,-494.0386400596336
2021-09-29 02:00:00,1431A,JQLH,19.0,514.4471368797053,-495.44713687970534
2021-09-29 03:00:00,1431A,JQLH,18.0,513.4008996189026,-495.4008996189026
2021-09-29 04:00:00,1431A,JQLH,18.0,512.3080790393744,-494.30807903937443
2021-09-29 05:00:00,1431A,JQLH,19.0,512.6674090609993,-493.66740906099926
2021-09-29 06:00:00,1431A,JQLH,20.0,512.6463132608137,-492.6463132608137
2021-09-29 07:00:00,1431A,JQLH,20.0,511.90862039634396,-491.90862039634396
2021-09-29 08:00:00,1431A,JQLH,25.0,511.8948329531687,-486.8948329531687
2021-09-29 09:00:00,1431A,JQLH,37.0,512.4103112282164,-475.4103112282164
2021-09-29 10:00:00,1431A,JQLH,50.0,513.6558417647454,-463.65584176474545
2021-09-29 11:00:00,1431A,JQLH,52.0,515.2934600352702,-463.2934600352702
2021-09-29 12:00:00,1431A,JQLH,29.0,515.8200964232442,-486.8200964232442
2021-09-29 13:00:00,1431A,JQLH,16.0,514.1185965435377,-498.1185965435377
2021-09-29 14:00:00,1431A,JQLH,13.0,512.2789296394482,-499.27892963944817
2021-09-29 15:00:00,1431A,JQLH,13.0,511.6573147554847,-498.6573147554847
2021-09-29 16:00:00,1431A,JQLH,13.0,510.35192447218384,-497.35192447218384
2021-09-29 17:00:00,1431A,JQLH,13.0,509.9381446078152,-496.9381446078152
2021-09-29 18:00:00,1431A,JQLH,12.0,509.56328186354415,-497.56328186354415
2021-09-29 19:00:00,1431A,JQLH,,511.83309246605654,
2021-09-29 20:00:00,1431A,JQLH,,513.6846511694065,
2021-09-29 21:00:00,1431A,JQLH,,515.7007462976057,
2021-09-29 22:00:00,1431A,JQLH,,516.4279401712172,
2021-09-29 23:00:00,1431A,JQLH,,517.4607141270179,
2021-09-30 00:00:00,1431A,JQLH,,517.6167176541568,
2021-09-30 01:00:00,1431A,JQLH,,516.4468369837241,
2021-09-30 02:00:00,1431A,JQLH,,515.8553338037958,
2021-09-30 03:00:00,1431A,JQLH,,514.8090965429931,
2021-09-30 04:00:00,1431A,JQLH,,513.7162759634649,
2021-09-30 05:00:00,1431A,JQLH,,514.0756059850897,
2021-09-30 06:00:00,1431A,JQLH,,514.0545101849042,
2021-09-30 07:00:00,1431A,JQLH,,513.3168173204344,
2021-09-30 08:00:00,1431A,JQLH,,513.3030298772592,
2021-09-30 09:00:00,1431A,JQLH,,513.8185081523069,
2021-09-30 10:00:00,1431A,JQLH,,515.0640386888359,
2021-09-30 11:00:00,1431A,JQLH,,516.7016569593607,
2021-09-30 12:00:00,1431A,JQLH,28.0,517.2282933473347,-489.22829334733467
2021-09-30 13:00:00,1431A,JQLH,24.0,515.5267934676282,-491.5267934676282
2021-09-30 14:00:00,1431A,JQLH,29.0,513.6871265635386,-484.68712656353864
2021-09-30 15:00:00,1431A,JQLH,28.0,513.0655116795753,-485.06551167957525
2021-09-30 16:00:00,1431A,JQLH,32.0,511.76012139627437,-479.76012139627437
2021-09-30 17:00:00,1431A,JQLH,25.0,511.34634153190575,-486.34634153190575
2021-09-30 18:00:00,1431A,JQLH,24.0,510.9714787876347,-486.9714787876347
2021-09-30 19:00:00,1431A,JQLH,26.0,513.2412893901471,-487.24128939014713
2021-09-30 20:00:00,1431A,JQLH,28.0,515.0928480934971,-487.0928480934971
2021-09-30 21:00:00,1431A,JQLH,28.0,517.1089432216963,-489.10894322169634
2021-09-30 22:00:00,1431A,JQLH,30.0,517.8361370953078,-487.8361370953078
2021-09-30 23:00:00,1431A,JQLH,33.0,518.8689110511085,-485.8689110511085
2021-10-01 00:00:00,1431A,JQLH,35.0,519.0249145782474,-484.0249145782474
2021-10-01 01:00:00,1431A,JQLH,38.0,517.8550339078147,-479.8550339078147
2021-10-01 02:00:00,1431A,JQLH,53.0,517.2635307278864,-464.2635307278864
2021-10-01 03:00:00,1431A,JQLH,64.0,516.2172934670837,-452.21729346708366
2021-10-01 04:00:00,1431A,JQLH,57.0,515.1244728875555,-458.1244728875555
2021-10-01 05:00:00,1431A,JQLH,56.0,515.4838029091803,-459.4838029091803
2021-10-01 06:00:00,1431A,JQLH,53.0,515.4627071089948,-462.4627071089948
2021-10-01 07:00:00,1431A,JQLH,59.0,514.725014244525,-455.725014244525
2021-10-01 08:00:00,1431A,JQLH,63.0,514.7112268013498,-451.71122680134977
2021-10-01 09:00:00,1431A,JQLH,77.0,515.2267050763975,-438.2267050763975
2021-10-01 10:00:00,1431A,JQLH,79.0,516.4722356129265,-437.4722356129265
2021-10-01 11:00:00,1431A,JQLH,62.0,518.1098538834513,-456.10985388345125
2021-10-01 12:00:00,1431A,JQLH,52.0,518.6364902714253,-466.63649027142526
2021-10-01 13:00:00,1431A,JQLH,48.0,516.9349903917188,-468.93499039171877
2021-10-01 14:00:00,1431A,JQLH,51.0,515.0953234876292,-464.09532348762923
2021-10-01 15:00:00,1431A,JQLH,43.0,514.4737086036658,-471.47370860366584
2021-10-01 16:00:00,1431A,JQLH,34.0,513.168318320365,-479.16831832036496
2021-10-01 17:00:00,1431A,JQLH,32.0,512.7545384559963,-480.75453845599634
2021-10-01 18:00:00,1431A,JQLH,28.0,512.3796757117253,-484.3796757117253
2021-10-01 19:00:00,1431A,JQLH,,514.6494863142377,
2021-10-01 20:00:00,1431A,JQLH,28.0,516.5010450175877,-488.50104501758767
2021-10-01 21:00:00,1431A,JQLH,30.0,518.5171401457869,-488.5171401457869
2021-10-01 22:00:00,1431A,JQLH,36.0,519.2443340193984,-483.24433401939837
2021-10-01 23:00:00,1431A,JQLH,39.0,520.2771079751991,-481.2771079751991
2021-10-02 00:00:00,1431A,JQLH,36.0,520.433111502338,-484.43311150233797
2021-10-02 01:00:00,1431A,JQLH,39.0,519.2632308319053,-480.2632308319053
2021-10-02 02:00:00,1431A,JQLH,41.0,518.671727651977,-477.671727651977
2021-10-02 03:00:00,1431A,JQLH,41.0,517.6254903911743,-476.62549039117425
2021-10-02 04:00:00,1431A,JQLH,47.0,516.5326698116461,-469.5326698116461
2021-10-02 05:00:00,1431A,JQLH,44.0,516.8919998332709,-472.8919998332709
2021-10-02 06:00:00,1431A,JQLH,39.0,516.8709040330854,-477.87090403308537
2021-10-02 07:00:00,1431A,JQLH,39.0,516.1332111686156,-477.1332111686156
2021-10-02 08:00:00,1431A,JQLH,41.0,516.1194237254404,-475.11942372544036
2021-10-02 09:00:00,1431A,JQLH,46.0,516.6349020004881,-470.63490200048807
2021-10-02 10:00:00,1431A,JQLH,45.0,517.8804325370171,-472.8804325370171
2021-10-02 11:00:00,1431A,JQLH,47.0,519.5180508075418,-472.51805080754184
2021-10-02 12:00:00,1431A,JQLH,49.0,520.0446871955158,-471.04468719551585
2021-10-02 13:00:00,1431A,JQLH,47.0,518.3431873158094,-471.34318731580936
2021-10-02 14:00:00,1431A,JQLH,46.0,516.5035204117198,-470.5035204117198
2021-10-02 15:00:00,1431A,JQLH,43.0,515.8819055277564,-472.88190552775643
2021-10-02 16:00:00,1431A,JQLH,42.0,514.5765152444555,-472.57651524445555
2021-10-02 17:00:00,1431A,JQLH,42.0,514.1627353800869,-472.16273538008693
2021-10-02 18:00:00,1431A,JQLH,48.0,513.7878726358159,-465.7878726358159
2021-10-02 19:00:00,1431A,JQLH,48.0,516.0576832383283,-468.0576832383283
2021-10-02 20:00:00,1431A,JQLH,51.0,517.9092419416783,-466.90924194167826
2021-10-02 21:00:00,1431A,JQLH,42.0,519.9253370698775,-477.9253370698775
2021-10-02 22:00:00,1431A,JQLH,40.0,520.652530943489,-480.65253094348896
2021-10-02 23:00:00,1431A,JQLH,41.0,521.6853048992897,-480.6853048992897
2021-10-03 00:00:00,1431A,JQLH,42.0,521.8413084264286,-479.84130842642855
2021-10-03 01:00:00,1431A,JQLH,48.0,520.6714277559959,-472.67142775599586
2021-10-03 02:00:00,1431A,JQLH,53.0,520.0799245760676,-467.0799245760676
2021-10-03 03:00:00,1431A,JQLH,52.0,519.0336873152648,-467.03368731526484
2021-10-03 04:00:00,1431A,JQLH,49.0,517.9408667357367,-468.9408667357367
2021-10-03 05:00:00,1431A,JQLH,46.0,518.3001967573615,-472.3001967573615
2021-10-03 06:00:00,1431A,JQLH,45.0,518.279100957176,-473.27910095717596
2021-10-03 07:00:00,1431A,JQLH,44.0,517.5414080927062,-473.5414080927062
2021-10-03 08:00:00,1431A,JQLH,45.0,517.527620649531,-472.52762064953095
2021-10-03 09:00:00,1431A,JQLH,49.0,518.0430989245787,-469.04309892457866
2021-10-03 10:00:00,1431A,JQLH,56.0,519.2886294611077,-463.2886294611077
2021-10-03 11:00:00,1431A,JQLH,45.0,520.9262477316324,-475.92624773163243
2021-10-03 12:00:00,1431A,JQLH,52.0,521.4528841196064,-469.45288411960644
2021-10-03 13:00:00,1431A,JQLH,51.0,519.7513842399,-468.75138423989995
2021-10-03 14:00:00,1431A,JQLH,45.0,517.9117173358104,-472.9117173358104
2021-10-03 15:00:00,1431A,JQLH,45.0,517.290102451847,-472.290102451847
2021-10-03 16:00:00,1431A,JQLH,42.0,515.9847121685461,-473.98471216854614
2021-10-03 17:00:00,1431A,JQLH,40.0,515.5709323041775,-475.5709323041775
2021-10-03 18:00:00,1431A,JQLH,46.0,515.1960695599065,-469.1960695599065
2021-10-03 19:00:00,1431A,JQLH,47.0,517.4658801624189,-470.4658801624189
2021-10-03 20:00:00,1431A,JQLH,52.0,519.3174388657688,-467.31743886576885
2021-10-03 21:00:00,1431A,JQLH,55.0,521.3335339939681,-466.3335339939681
2021-10-03 22:00:00,1431A,JQLH,53.0,522.0607278675795,-469.06072786757954
2021-10-03 23:00:00,1431A,JQLH,54.0,523.0935018233803,-469.0935018233803
2021-10-04 00:00:00,1431A,JQLH,51.0,523.2495053505191,-472.24950535051914
2021-10-04 01:00:00,1431A,JQLH,51.0,522.0796246800865,-471.07962468008645
2021-10-04 02:00:00,1431A,JQLH,58.0,521.4881215001582,-463.4881215001582
2021-10-04 03:00:00,1431A,JQLH,47.0,520.4418842393554,-473.44188423935543
2021-10-04 04:00:00,1431A,JQLH,37.0,519.3490636598273,-482.34906365982727
2021-10-04 05:00:00,1431A,JQLH,41.0,519.7083936814521,-478.7083936814521
2021-10-04 06:00:00,1431A,JQLH,36.0,519.6872978812665,-483.68729788126655
2021-10-04 07:00:00,1431A,JQLH,32.0,518.9496050167968,-486.9496050167968
2021-10-04 08:00:00,1431A,JQLH,33.0,518.9358175736215,-485.93581757362153
2021-10-04 09:00:00,1431A,JQLH,32.0,519.4512958486692,-487.45129584866925
2021-10-04 10:00:00,1431A,JQLH,22.0,520.6968263851983,-498.6968263851983
2021-10-04 11:00:00,1431A,JQLH,5.0,522.334444655723,-517.334444655723
2021-10-04 12:00:00,1431A,JQLH,4.0,522.861081043697,-518.861081043697
2021-10-04 13:00:00,1431A,JQLH,4.0,521.1595811639905,-517.1595811639905
2021-10-04 14:00:00,1431A,JQLH,4.0,519.319914259901,-515.319914259901
2021-10-04 15:00:00,1431A,JQLH,2.0,518.6982993759376,-516.6982993759376
2021-10-04 16:00:00,1431A,JQLH,2.0,517.3929090926367,-515.3929090926367
2021-10-04 17:00:00,1431A,JQLH,3.0,516.9791292282681,-513.9791292282681
2021-10-04 18:00:00,1431A,JQLH,4.0,516.6042664839971,-512.6042664839971
2021-10-04 19:00:00,1431A,JQLH,5.0,518.8740770865095,-513.8740770865095
2021-10-04 20:00:00,1431A,JQLH,6.0,520.7256357898594,-514.7256357898594
2021-10-04 21:00:00,1431A,JQLH,7.0,522.7417309180587,-515.7417309180587
2021-10-04 22:00:00,1431A,JQLH,11.0,523.4689247916701,-512.4689247916701
2021-10-04 23:00:00,1431A,JQLH,10.0,524.5016987474709,-514.5016987474709
2021-10-05 00:00:00,1431A,JQLH,10.0,524.6577022746097,-514.6577022746097
2021-10-05 01:00:00,1431A,JQLH,10.0,523.487821604177,-513.487821604177
2021-10-05 02:00:00,1431A,JQLH,6.0,522.8963184242488,-516.8963184242488
2021-10-05 03:00:00,1431A,JQLH,2.0,521.850081163446,-519.850081163446
2021-10-05 04:00:00,1431A,JQLH,2.0,520.7572605839179,-518.7572605839179
2021-10-05 05:00:00,1431A,JQLH,3.0,521.1165906055427,-518.1165906055427
2021-10-05 06:00:00,1431A,JQLH,4.0,521.0954948053571,-517.0954948053571
2021-10-05 07:00:00,1431A,JQLH,4.0,520.3578019408874,-516.3578019408874
2021-10-05 08:00:00,1431A,JQLH,12.0,520.3440144977121,-508.3440144977121
2021-10-05 09:00:00,1431A,JQLH,9.0,520.8594927727598,-511.85949277275984
2021-10-05 10:00:00,1431A,JQLH,7.0,522.1050233092889,-515.1050233092889
2021-10-05 11:00:00,1431A,JQLH,9.0,523.7426415798136,-514.7426415798136
2021-10-05 12:00:00,1431A,JQLH,8.0,524.2692779677876,-516.2692779677876
2021-10-05 13:00:00,1431A,JQLH,8.0,522.5677780880811,-514.5677780880811
2021-10-05 14:00:00,1431A,JQLH,7.0,520.7281111839916,-513.7281111839916
2021-10-05 15:00:00,1431A,JQLH,8.0,520.1064963000282,-512.1064963000282
2021-10-05 16:00:00,1431A,JQLH,12.0,518.8011060167273,-506.8011060167273
2021-10-05 17:00:00,1431A,JQLH,10.0,518.3873261523587,-508.3873261523587
2021-10-05 18:00:00,1431A,JQLH,9.0,518.0124634080877,-509.0124634080877
2021-10-05 19:00:00,1431A,JQLH,8.0,520.2822740106001,-512.2822740106001
2021-10-05 20:00:00,1431A,JQLH,7.0,522.13383271395,-515.13383271395
2021-10-05 21:00:00,1431A,JQLH,8.0,524.1499278421493,-516.1499278421493
2021-10-05 22:00:00,1431A,JQLH,9.0,524.8771217157607,-515.8771217157607
2021-10-05 23:00:00,1431A,JQLH,11.0,525.9098956715615,-514.9098956715615
2021-10-06 00:00:00,1431A,JQLH,12.0,526.0658991987003,-514.0658991987003
2021-10-06 01:00:00,1431A,JQLH,13.0,524.8960185282676,-511.89601852826763
2021-10-06 02:00:00,1431A,JQLH,17.0,524.3045153483394,-507.30451534833935
2021-10-06 03:00:00,1431A,JQLH,22.0,523.2582780875366,-501.2582780875366
2021-10-06 04:00:00,1431A,JQLH,20.0,522.1654575080084,-502.16545750800844
2021-10-06 05:00:00,1431A,JQLH,15.0,522.5247875296333,-507.5247875296333
2021-10-06 06:00:00,1431A,JQLH,8.0,522.5036917294477,-514.5036917294477
2021-10-06 07:00:00,1431A,JQLH,4.0,521.765998864978,-517.765998864978
2021-10-06 08:00:00,1431A,JQLH,2.0,521.7522114218027,-519.7522114218027
2021-10-06 09:00:00,1431A,JQLH,2.0,522.2676896968504,-520.2676896968504
2021-10-06 10:00:00,1431A,JQLH,2.0,523.5132202333795,-521.5132202333795
2021-10-06 11:00:00,1431A,JQLH,2.0,525.1508385039042,-523.1508385039042
2021-10-06 12:00:00,1431A,JQLH,3.0,525.6774748918782,-522.6774748918782
2021-10-06 13:00:00,1431A,JQLH,,523.9759750121717,
2021-10-06 14:00:00,1431A,JQLH,,522.1363081080822,
2021-10-06 15:00:00,1431A,JQLH,,521.5146932241188,
2021-10-06 16:00:00,1431A,JQLH,,520.2093029408179,
2021-10-06 17:00:00,1431A,JQLH,,519.7955230764493,
2021-10-06 18:00:00,1431A,JQLH,,519.4206603321783,
2021-10-06 19:00:00,1431A,JQLH,10.0,521.6904709346907,-511.69047093469067
2021-10-06 20:00:00,1431A,JQLH,11.0,523.5420296380406,-512.5420296380406
2021-10-06 21:00:00,1431A,JQLH,13.0,525.5581247662399,-512.5581247662399
2021-10-06 22:00:00,1431A,JQLH,14.0,526.2853186398513,-512.2853186398513
2021-10-06 23:00:00,1431A,JQLH,16.0,527.318092595652,-511.31809259565205
2021-10-07 00:00:00,1431A,JQLH,15.0,527.4740961227909,-512.4740961227909
2021-10-07 01:00:00,1431A,JQLH,14.0,526.3042154523582,-512.3042154523582
2021-10-07 02:00:00,1431A,JQLH,14.0,525.7127122724299,-511.71271227242994
2021-10-07 03:00:00,1431A,JQLH,13.0,524.6664750116272,-511.6664750116272
2021-10-07 04:00:00,1431A,JQLH,15.0,523.573654432099,-508.57365443209903
2021-10-07 05:00:00,1431A,JQLH,15.0,523.9329844537239,-508.93298445372386
2021-10-07 06:00:00,1431A,JQLH,16.0,523.9118886535383,-507.9118886535383
2021-10-07 07:00:00,1431A,JQLH,20.0,523.1741957890686,-503.17419578906856
2021-10-07 08:00:00,1431A,JQLH,21.0,523.1604083458933,-502.1604083458933
2021-10-07 09:00:00,1431A,JQLH,29.0,523.675886620941,-494.675886620941
2021-10-07 10:00:00,1431A,JQLH,30.0,524.92141715747,-494.92141715747005
2021-10-07 11:00:00,1431A,JQLH,30.0,526.5590354279948,-496.5590354279948
2021-10-07 12:00:00,1431A,JQLH,21.0,527.0856718159688,-506.0856718159688
2021-10-07 13:00:00,1431A,JQLH,19.0,525.3841719362623,-506.3841719362623
2021-10-07 14:00:00,1431A,JQLH,18.0,523.5445050321728,-505.54450503217276
2021-10-07 15:00:00,1431A,JQLH,14.0,522.9228901482094,-508.9228901482094
2021-10-07 16:00:00,1431A,JQLH,8.0,521.6174998649085,-513.6174998649085
2021-10-07 17:00:00,1431A,JQLH,9.0,521.2037200005399,-512.2037200005399
2021-10-07 18:00:00,1431A,JQLH,7.0,520.8288572562689,-513.8288572562689
2021-10-07 19:00:00,1431A,JQLH,7.0,523.0986678587813,-516.0986678587813
2021-10-07 20:00:00,1431A,JQLH,8.0,524.9502265621312,-516.9502265621312
2021-10-07 21:00:00,1431A,JQLH,8.0,526.9663216903305,-518.9663216903305
2021-10-07 22:00:00,1431A,JQLH,14.0,527.6935155639419,-513.6935155639419
2021-10-07 23:00:00,1431A,JQLH,16.0,528.7262895197426,-512.7262895197426
2021-10-08 00:00:00,1431A,JQLH,18.0,528.8822930468815,-510.8822930468815
2021-10-08 01:00:00,1431A,JQLH,16.0,527.7124123764488,-511.7124123764488
2021-10-08 02:00:00,1431A,JQLH,15.0,527.1209091965205,-512.1209091965205
2021-10-08 03:00:00,1431A,JQLH,13.0,526.0746719357178,-513.0746719357178
2021-10-08 04:00:00,1431A,JQLH,11.0,524.9818513561896,-513.9818513561896
2021-10-08 05:00:00,1431A,JQLH,9.0,525.3411813778145,-516.3411813778145
2021-10-08 06:00:00,1431A,JQLH,10.0,525.3200855776289,-515.3200855776289
2021-10-08 07:00:00,1431A,JQLH,11.0,524.5823927131592,-513.5823927131592
2021-10-08 08:00:00,1431A,JQLH,9.0,524.5686052699839,-515.5686052699839
2021-10-08 09:00:00,1431A,JQLH,11.0,525.0840835450316,-514.0840835450316
2021-10-08 10:00:00,1431A,JQLH,16.0,526.3296140815606,-510.32961408156063
2021-10-08 11:00:00,1431A,JQLH,17.0,527.9672323520854,-510.9672323520854
2021-10-08 12:00:00,1431A,JQLH,19.0,528.4938687400594,-509.4938687400594
2021-10-08 13:00:00,1431A,JQLH,22.0,526.7923688603529,-504.7923688603529
2021-10-08 14:00:00,1431A,JQLH,19.0,524.9527019562634,-505.95270195626335
2021-10-08 15:00:00,1431A,JQLH,19.0,524.3310870723,-505.33108707229997
2021-10-08 16:00:00,1431A,JQLH,24.0,523.0256967889991,-499.0256967889991
2021-10-08 17:00:00,1431A,JQLH,22.0,522.6119169246305,-500.61191692463046
2021-10-08 18:00:00,1431A,JQLH,18.0,522.2370541803595,-504.23705418035945
2021-10-08 19:00:00,1431A,JQLH,18.0,524.5068647828718,-506.50686478287184
2021-10-08 20:00:00,1431A,JQLH,18.0,526.3584234862218,-508.3584234862218
2021-10-08 21:00:00,1431A,JQLH,20.0,528.374518614421,-508.37451861442105
2021-10-08 22:00:00,1431A,JQLH,23.0,529.1017124880325,-506.1017124880325
2021-10-08 23:00:00,1431A,JQLH,23.0,530.1344864438332,-507.1344864438332
2021-10-09 00:00:00,1431A,JQLH,23.0,530.2904899709721,-507.2904899709721
2021-10-09 01:00:00,1431A,JQLH,23.0,529.1206093005394,-506.1206093005394
2021-10-09 02:00:00,1431A,JQLH,24.0,528.5291061206111,-504.5291061206111
2021-10-09 03:00:00,1431A,JQLH,22.0,527.4828688598084,-505.4828688598084
2021-10-09 04:00:00,1431A,JQLH,20.0,526.3900482802802,-506.3900482802802
2021-10-09 05:00:00,1431A,JQLH,19.0,526.749378301905,-507.74937830190504
2021-10-09 06:00:00,1431A,JQLH,19.0,526.7282825017195,-507.7282825017195
2021-10-09 07:00:00,1431A,JQLH,19.0,525.9905896372497,-506.99058963724974
2021-10-09 08:00:00,1431A,JQLH,19.0,525.9768021940745,-506.9768021940745
2021-10-09 09:00:00,1431A,JQLH,19.0,526.4922804691222,-507.4922804691222
2021-10-09 10:00:00,1431A,JQLH,15.0,527.7378110056512,-512.7378110056512
2021-10-09 11:00:00,1431A,JQLH,10.0,529.375429276176,-519.375429276176
2021-10-09 12:00:00,1431A,JQLH,11.0,529.90206566415,-518.90206566415
2021-10-09 13:00:00,1431A,JQLH,17.0,528.2005657844435,-511.2005657844435
2021-10-09 14:00:00,1431A,JQLH,15.0,526.360898880354,-511.36089888035394
2021-10-09 15:00:00,1431A,JQLH,14.0,525.7392839963906,-511.73928399639055
2021-10-09 16:00:00,1431A,JQLH,10.0,524.4338937130897,-514.4338937130897
2021-10-09 17:00:00,1431A,JQLH,6.0,524.020113848721,-518.020113848721
2021-10-09 18:00:00,1431A,JQLH,6.0,523.64525110445,-517.64525110445
2021-10-09 19:00:00,1431A,JQLH,9.0,525.9150617069624,-516.9150617069624
2021-10-09 20:00:00,1431A,JQLH,11.0,527.7666204103124,-516.7666204103124
2021-10-09 21:00:00,1431A,JQLH,8.0,529.7827155385116,-521.7827155385116
2021-10-09 22:00:00,1431A,JQLH,6.0,530.5099094121231,-524.5099094121231
2021-10-09 23:00:00,1431A,JQLH,6.0,531.5426833679238,-525.5426833679238
2021-10-10 00:00:00,1431A,JQLH,4.0,531.6986868950627,-527.6986868950627
2021-10-10 01:00:00,1431A,JQLH,3.0,530.52880622463,-527.52880622463
2021-10-10 02:00:00,1431A,JQLH,2.0,529.9373030447017,-527.9373030447017
2021-10-10 03:00:00,1431A,JQLH,2.0,528.891065783899,-526.891065783899
2021-10-10 04:00:00,1431A,JQLH,1.0,527.7982452043708,-526.7982452043708
2021-10-10 05:00:00,1431A,JQLH,1.0,528.1575752259956,-527.1575752259956
2021-10-10 06:00:00,1431A,JQLH,2.0,528.1364794258101,-526.1364794258101
2021-10-10 07:00:00,1431A,JQLH,2.0,527.3987865613403,-525.3987865613403
2021-10-10 08:00:00,1431A,JQLH,3.0,527.3849991181651,-524.3849991181651
2021-10-10 09:00:00,1431A,JQLH,4.0,527.9004773932128,-523.9004773932128
2021-10-10 10:00:00,1431A,JQLH,4.0,529.1460079297418,-525.1460079297418
2021-10-10 11:00:00,1431A,JQLH,4.0,530.7836262002666,-526.7836262002666
2021-10-10 12:00:00,1431A,JQLH,5.0,531.3102625882406,-526.3102625882406
2021-10-10 13:00:00,1431A,JQLH,8.0,529.6087627085341,-521.6087627085341
2021-10-10 14:00:00,1431A,JQLH,6.0,527.7690958044445,-521.7690958044445
2021-10-10 15:00:00,1431A,JQLH,4.0,527.1474809204811,-523.1474809204811
2021-10-10 16:00:00,1431A,JQLH,6.0,525.8420906371803,-519.8420906371803
2021-10-10 17:00:00,1431A,JQLH,6.0,525.4283107728116,-519.4283107728116
2021-10-10 18:00:00,1431A,JQLH,6.0,525.0534480285406,-519.0534480285406
2021-10-10 19:00:00,1431A,JQLH,7.0,527.323258631053,-520.323258631053
2021-10-10 20:00:00,1431A,JQLH,8.0,529.174817334403,-521.174817334403
2021-10-10 21:00:00,1431A,JQLH,6.0,531.1909124626022,-525.1909124626022
2021-10-10 22:00:00,1431A,JQLH,7.0,531.9181063362137,-524.9181063362137
2021-10-10 23:00:00,1431A,JQLH,8.0,532.9508802920144,-524.9508802920144
2021-10-11 00:00:00,1431A,JQLH,10.0,533.1068838191533,-523.1068838191533
2021-10-11 01:00:00,1431A,JQLH,14.0,531.9370031487206,-517.9370031487206
2021-10-11 02:00:00,1431A,JQLH,11.0,531.3454999687923,-520.3454999687923
2021-10-11 03:00:00,1431A,JQLH,10.0,530.2992627079896,-520.2992627079896
2021-10-11 04:00:00,1431A,JQLH,10.0,529.2064421284614,-519.2064421284614
2021-10-11 05:00:00,1431A,JQLH,9.0,529.5657721500862,-520.5657721500862
2021-10-11 06:00:00,1431A,JQLH,9.0,529.5446763499007,-520.5446763499007
2021-10-11 07:00:00,1431A,JQLH,6.0,528.8069834854309,-522.8069834854309
2021-10-11 08:00:00,1431A,JQLH,7.0,528.7931960422557,-521.7931960422557
2021-10-11 09:00:00,1431A,JQLH,12.0,529.3086743173034,-517.3086743173034
2021-10-11 10:00:00,1431A,JQLH,14.0,530.5542048538324,-516.5542048538324
2021-10-11 11:00:00,1431A,JQLH,12.0,532.1918231243571,-520.1918231243571
2021-10-11 12:00:00,1431A,JQLH,14.0,532.7184595123312,-518.7184595123312
2021-10-11 13:00:00,1431A,JQLH,19.0,531.0169596326247,-512.0169596326247
2021-10-11 14:00:00,1431A,JQLH,24.0,529.1772927285351,-505.1772927285351
2021-10-11 15:00:00,1431A,JQLH,26.0,528.5556778445717,-502.55567784457173
2021-10-11 16:00:00,1431A,JQLH,29.0,527.2502875612709,-498.25028756127085
2021-10-11 17:00:00,1431A,JQLH,30.0,526.8365076969022,-496.83650769690223
2021-10-11 18:00:00,1431A,JQLH,30.0,526.4616449526312,-496.4616449526312
2021-10-11 19:00:00,1431A,JQLH,34.0,528.7314555551436,-494.7314555551436
2021-10-11 20:00:00,1431A,JQLH,33.0,530.5830142584936,-497.58301425849356
2021-10-11 21:00:00,1431A,JQLH,20.0,532.5991093866928,-512.5991093866928
2021-10-11 22:00:00,1431A,JQLH,16.0,533.3263032603043,-517.3263032603043
2021-10-11 23:00:00,1431A,JQLH,12.0,534.359077216105,-522.359077216105
2021-10-12 00:00:00,1431A,JQLH,14.0,534.5150807432439,-520.5150807432439
2021-10-12 01:00:00,1431A,JQLH,17.0,533.3452000728112,-516.3452000728112
2021-10-12 02:00:00,1431A,JQLH,15.0,532.7536968928829,-517.7536968928829
2021-10-12 03:00:00,1431A,JQLH,15.0,531.7074596320801,-516.7074596320801
2021-10-12 04:00:00,1431A,JQLH,17.0,530.614639052552,-513.614639052552
2021-10-12 05:00:00,1431A,JQLH,20.0,530.9739690741768,-510.9739690741768
2021-10-12 06:00:00,1431A,JQLH,20.0,530.9528732739913,-510.95287327399126
2021-10-12 07:00:00,1431A,JQLH,21.0,530.2151804095215,-509.2151804095215
2021-10-12 08:00:00,1431A,JQLH,21.0,530.2013929663462,-509.20139296634625
2021-10-12 09:00:00,1431A,JQLH,24.0,530.716871241394,-506.71687124139396
2021-10-12 10:00:00,1431A,JQLH,,531.962401777923,
2021-10-12 11:00:00,1431A,JQLH,19.0,533.6000200484477,-514.6000200484477
2021-10-12 12:00:00,1431A,JQLH,23.0,534.1266564364217,-511.12665643642174
2021-10-12 13:00:00,1431A,JQLH,26.0,532.4251565567153,-506.42515655671525
2021-10-12 14:00:00,1431A,JQLH,26.0,530.5854896526257,-504.5854896526257
2021-10-12 15:00:00,1431A,JQLH,25.0,529.9638747686623,-504.9638747686623
2021-10-12 16:00:00,1431A,JQLH,26.0,528.6584844853614,-502.65848448536144
2021-10-12 17:00:00,1431A,JQLH,26.0,528.2447046209928,-502.2447046209928
2021-10-12 18:00:00,1431A,JQLH,27.0,527.8698418767218,-500.8698418767218
2021-10-12 19:00:00,1431A,JQLH,26.0,530.1396524792342,-504.1396524792342
2021-10-12 20:00:00,1431A,JQLH,26.0,531.9912111825842,-505.99121118258415
2021-10-12 21:00:00,1431A,JQLH,24.0,534.0073063107834,-510.0073063107834
2021-10-12 22:00:00,1431A,JQLH,24.0,534.7345001843948,-510.73450018439485
2021-10-12 23:00:00,1431A,JQLH,26.0,535.7672741401956,-509.7672741401956
2021-10-13 00:00:00,1431A,JQLH,30.0,535.9232776673344,-505.92327766733445
2021-10-13 01:00:00,1431A,JQLH,33.0,534.7533969969018,-501.75339699690176
2021-10-13 02:00:00,1431A,JQLH,39.0,534.1618938169735,-495.1618938169735
2021-10-13 03:00:00,1431A,JQLH,37.0,533.1156565561707,-496.11565655617073
2021-10-13 04:00:00,1431A,JQLH,31.0,532.0228359766426,-501.02283597664257
2021-10-13 05:00:00,1431A,JQLH,27.0,532.3821659982674,-505.3821659982674
2021-10-13 06:00:00,1431A,JQLH,23.0,532.3610701980818,-509.36107019808185
2021-10-13 07:00:00,1431A,JQLH,21.0,531.6233773336121,-510.6233773336121
2021-10-13 08:00:00,1431A,JQLH,21.0,531.6095898904368,-510.60958989043684
2021-10-13 09:00:00,1431A,JQLH,22.0,532.1250681654845,-510.12506816548455
2021-10-13 10:00:00,1431A,JQLH,23.0,533.3705987020136,-510.3705987020136
2021-10-13 11:00:00,1431A,JQLH,26.0,535.0082169725383,-509.0082169725383
2021-10-13 12:00:00,1431A,JQLH,35.0,535.5348533605123,-500.53485336051233
2021-10-13 13:00:00,1431A,JQLH,40.0,533.8333534808058,-493.83335348080584
2021-10-13 14:00:00,1431A,JQLH,50.0,531.9936865767163,-481.9936865767163
2021-10-13 15:00:00,1431A,JQLH,42.0,531.3720716927529,-489.3720716927529
2021-10-13 16:00:00,1431A,JQLH,32.0,530.066681409452,-498.06668140945203
2021-10-13 17:00:00,1431A,JQLH,33.0,529.6529015450834,-496.6529015450834
2021-10-13 18:00:00,1431A,JQLH,35.0,529.2780388008124,-494.2780388008124
2021-10-13 19:00:00,1431A,JQLH,36.0,531.5478494033248,-495.5478494033248
2021-10-13 20:00:00,1431A,JQLH,35.0,533.3994081066747,-498.39940810667474
2021-10-13 21:00:00,1431A,JQLH,32.0,535.415503234874,-503.415503234874
2021-10-13 22:00:00,1431A,JQLH,34.0,536.1426971084854,-502.14269710848544
2021-10-13 23:00:00,1431A,JQLH,28.0,537.1754710642862,-509.17547106428617
2021-10-14 00:00:00,1431A,JQLH,24.0,537.331474591425,-513.331474591425
2021-10-14 01:00:00,1431A,JQLH,23.0,536.1615939209923,-513.1615939209923
2021-10-14 02:00:00,1431A,JQLH,25.0,535.5700907410641,-510.57009074106406
2021-10-14 03:00:00,1431A,JQLH,27.0,534.5238534802613,-507.5238534802613
2021-10-14 04:00:00,1431A,JQLH,27.0,533.4310329007332,-506.43103290073316
2021-10-14 05:00:00,1431A,JQLH,26.0,533.790362922358,-507.790362922358
2021-10-14 06:00:00,1431A,JQLH,23.0,533.7692671221724,-510.76926712217244
2021-10-14 07:00:00,1431A,JQLH,19.0,533.0315742577027,-514.0315742577027
2021-10-14 08:00:00,1431A,JQLH,10.0,533.0177868145274,-523.0177868145274
2021-10-14 09:00:00,1431A,JQLH,8.0,533.5332650895751,-525.5332650895751
2021-10-14 10:00:00,1431A,JQLH,9.0,534.7787956261042,-525.7787956261042
2021-10-14 11:00:00,1431A,JQLH,9.0,536.4164138966289,-527.4164138966289
2021-10-14 12:00:00,1431A,JQLH,10.0,536.9430502846029,-526.9430502846029
2021-10-14 13:00:00,1431A,JQLH,10.0,535.2415504048964,-525.2415504048964
2021-10-14 14:00:00,1431A,JQLH,10.0,533.4018835008069,-523.4018835008069
2021-10-14 15:00:00,1431A,JQLH,11.0,532.7802686168435,-521.7802686168435
2021-10-14 16:00:00,1431A,JQLH,11.0,531.4748783335426,-520.4748783335426
2021-10-14 17:00:00,1431A,JQLH,12.0,531.061098469174,-519.061098469174
2021-10-14 18:00:00,1431A,JQLH,16.0,530.686235724903,-514.686235724903
2021-10-14 19:00:00,1431A,JQLH,16.0,532.9560463274154,-516.9560463274154
2021-10-14 20:00:00,1431A,JQLH,20.0,534.8076050307653,-514.8076050307653
2021-10-14 21:00:00,1431A,JQLH,21.0,536.8237001589646,-515.8237001589646
2021-10-14 22:00:00,1431A,JQLH,20.0,537.550894032576,-517.550894032576
2021-10-14 23:00:00,1431A,JQLH,21.0,538.5836679883768,-517.5836679883768
2021-10-15 00:00:00,1431A,JQLH,22.0,538.7396715155156,-516.7396715155156
2021-10-15 01:00:00,1431A,JQLH,25.0,537.5697908450829,-512.5697908450829
2021-10-15 02:00:00,1431A,JQLH,28.0,536.9782876651547,-508.97828766515465
2021-10-15 03:00:00,1431A,JQLH,29.0,535.9320504043519,-506.9320504043519
2021-10-15 04:00:00,1431A,JQLH,27.0,534.8392298248237,-507.83922982482375
2021-10-15 05:00:00,1431A,JQLH,23.0,535.1985598464486,-512.1985598464486
2021-10-15 06:00:00,1431A,JQLH,19.0,535.177464046263,-516.177464046263
2021-10-15 07:00:00,1431A,JQLH,15.0,534.4397711817933,-519.4397711817933
2021-10-15 08:00:00,1431A,JQLH,12.0,534.425983738618,-522.425983738618
2021-10-15 09:00:00,1431A,JQLH,11.0,534.9414620136657,-523.9414620136657
2021-10-15 10:00:00,1431A,JQLH,11.0,536.1869925501948,-525.1869925501948
2021-10-15 11:00:00,1431A,JQLH,13.0,537.8246108207195,-524.8246108207195
2021-10-15 12:00:00,1431A,JQLH,14.0,538.3512472086935,-524.3512472086935
2021-10-15 13:00:00,1431A,JQLH,19.0,536.649747328987,-517.649747328987
2021-10-15 14:00:00,1431A,JQLH,17.0,534.8100804248975,-517.8100804248975
2021-10-15 15:00:00,1431A,JQLH,18.0,534.1884655409341,-516.1884655409341
2021-10-15 16:00:00,1431A,JQLH,23.0,532.8830752576332,-509.8830752576332
2021-10-15 17:00:00,1431A,JQLH,23.0,532.4692953932646,-509.4692953932646
2021-10-15 18:00:00,1431A,JQLH,23.0,532.0944326489936,-509.0944326489936
2021-10-15 19:00:00,1431A,JQLH,22.0,534.364243251506,-512.364243251506
2021-10-15 20:00:00,1431A,JQLH,23.0,536.2158019548559,-513.2158019548559
2021-10-15 21:00:00,1431A,JQLH,25.0,538.2318970830552,-513.2318970830552
2021-10-15 22:00:00,1431A,JQLH,30.0,538.9590909566666,-508.9590909566666
2021-10-15 23:00:00,1431A,JQLH,34.0,539.9918649124673,-505.99186491246735
2021-10-16 00:00:00,1431A,JQLH,32.0,540.1478684396062,-508.1478684396062
2021-10-16 01:00:00,1431A,JQLH,30.0,538.9779877691735,-508.9779877691735
2021-10-16 02:00:00,1431A,JQLH,30.0,538.3864845892452,-508.38648458924524
2021-10-16 03:00:00,1431A,JQLH,30.0,537.3402473284425,-507.3402473284425
2021-10-16 04:00:00,1431A,JQLH,26.0,536.2474267489143,-510.24742674891434
2021-10-16 05:00:00,1431A,JQLH,27.0,536.6067567705392,-509.60675677053916
2021-10-16 06:00:00,1431A,JQLH,33.0,536.5856609703536,-503.5856609703536
2021-10-16 07:00:00,1431A,JQLH,32.0,535.8479681058839,-503.84796810588387
2021-10-16 08:00:00,1431A,JQLH,20.0,535.8341806627086,-515.8341806627086
2021-10-16 09:00:00,1431A,JQLH,15.0,536.3496589377563,-521.3496589377563
2021-10-16 10:00:00,1431A,JQLH,20.0,537.5951894742853,-517.5951894742853
2021-10-16 11:00:00,1431A,JQLH,24.0,539.2328077448101,-515.2328077448101
2021-10-16 12:00:00,1431A,JQLH,28.0,539.7594441327841,-511.7594441327841
2021-10-16 13:00:00,1431A,JQLH,30.0,538.0579442530776,-508.0579442530776
2021-10-16 14:00:00,1431A,JQLH,33.0,536.2182773489881,-503.21827734898807
2021-10-16 15:00:00,1431A,JQLH,35.0,535.5966624650247,-500.5966624650247
2021-10-16 16:00:00,1431A,JQLH,33.0,534.2912721817238,-501.2912721817238
2021-10-16 17:00:00,1431A,JQLH,34.0,533.8774923173552,-499.8774923173552
2021-10-16 18:00:00,1431A,JQLH,35.0,533.5026295730842,-498.50262957308416
2021-10-16 19:00:00,1431A,JQLH,42.0,535.7724401755966,-493.77244017559656
2021-10-16 20:00:00,1431A,JQLH,35.0,537.6239988789465,-502.6239988789465
2021-10-16 21:00:00,1431A,JQLH,28.0,539.6400940071458,-511.64009400714576
2021-10-16 22:00:00,1431A,JQLH,31.0,540.3672878807572,-509.3672878807572
2021-10-16 23:00:00,1431A,JQLH,33.0,541.4000618365579,-508.40006183655794
2021-10-17 00:00:00,1431A,JQLH,27.0,541.5560653636968,-514.5560653636968
2021-10-17 01:00:00,1431A,JQLH,17.0,540.3861846932641,-523.3861846932641
2021-10-17 02:00:00,1431A,JQLH,6.0,539.7946815133358,-533.7946815133358
2021-10-17 03:00:00,1431A,JQLH,6.0,538.7484442525331,-532.7484442525331
2021-10-17 04:00:00,1431A,JQLH,5.0,537.6556236730049,-532.6556236730049
2021-10-17 05:00:00,1431A,JQLH,5.0,538.0149536946298,-533.0149536946298
2021-10-17 06:00:00,1431A,JQLH,5.0,537.9938578944442,-532.9938578944442
2021-10-17 07:00:00,1431A,JQLH,6.0,537.2561650299745,-531.2561650299745
2021-10-17 08:00:00,1431A,JQLH,8.0,537.2423775867992,-529.2423775867992
2021-10-17 09:00:00,1431A,JQLH,8.0,537.7578558618469,-529.7578558618469
2021-10-17 10:00:00,1431A,JQLH,,539.0033863983759,
2021-10-17 11:00:00,1431A,JQLH,,540.6410046689007,
2021-10-17 12:00:00,1431A,JQLH,17.0,541.1676410568747,-524.1676410568747
2021-10-17 13:00:00,1431A,JQLH,22.0,539.4661411771682,-517.4661411771682
2021-10-17 14:00:00,1431A,JQLH,22.0,537.6264742730787,-515.6264742730787
2021-10-17 15:00:00,1431A,JQLH,21.0,537.0048593891153,-516.0048593891153
2021-10-17 16:00:00,1431A,JQLH,21.0,535.6994691058144,-514.6994691058144
2021-10-17 17:00:00,1431A,JQLH,23.0,535.2856892414458,-512.2856892414458
2021-10-17 18:00:00,1431A,JQLH,21.0,534.9108264971748,-513.9108264971748
2021-10-17 19:00:00,1431A,JQLH,23.0,537.1806370996871,-514.1806370996871
2021-10-17 20:00:00,1431A,JQLH,24.0,539.0321958030371,-515.0321958030371
2021-10-17 21:00:00,1431A,JQLH,17.0,541.0482909312364,-524.0482909312364
2021-10-17 22:00:00,1431A,JQLH,16.0,541.7754848048478,-525.7754848048478
2021-10-17 23:00:00,1431A,JQLH,6.0,542.8082587606485,-536.8082587606485
2021-10-18 00:00:00,1431A,JQLH,7.0,542.9642622877874,-535.9642622877874
2021-10-18 01:00:00,1431A,JQLH,10.0,541.7943816173547,-531.7943816173547
2021-10-18 02:00:00,1431A,JQLH,12.0,541.2028784374264,-529.2028784374264
2021-10-18 03:00:00,1431A,JQLH,15.0,540.1566411766237,-525.1566411766237
2021-10-18 04:00:00,1431A,JQLH,16.0,539.0638205970955,-523.0638205970955
2021-10-18 05:00:00,1431A,JQLH,22.0,539.4231506187203,-517.4231506187203
2021-10-18 06:00:00,1431A,JQLH,24.0,539.4020548185348,-515.4020548185348
2021-10-18 07:00:00,1431A,JQLH,25.0,538.664361954065,-513.664361954065
2021-10-18 08:00:00,1431A,JQLH,23.0,538.6505745108898,-515.6505745108898
2021-10-18 09:00:00,1431A,JQLH,18.0,539.1660527859375,-521.1660527859375
2021-10-18 10:00:00,1431A,JQLH,18.0,540.4115833224665,-522.4115833224665
2021-10-18 11:00:00,1431A,JQLH,20.0,542.0492015929913,-522.0492015929913
2021-10-18 12:00:00,1431A,JQLH,17.0,542.5758379809653,-525.5758379809653
2021-10-18 13:00:00,1431A,JQLH,16.0,540.8743381012588,-524.8743381012588
2021-10-18 14:00:00,1431A,JQLH,19.0,539.0346711971692,-520.0346711971692
2021-10-18 15:00:00,1431A,JQLH,20.0,538.4130563132059,-518.4130563132059
2021-10-18 16:00:00,1431A,JQLH,21.0,537.107666029905,-516.107666029905
2021-10-18 17:00:00,1431A,JQLH,20.0,536.6938861655364,-516.6938861655364
2021-10-18 18:00:00,1431A,JQLH,22.0,536.3190234212653,-514.3190234212653
2021-10-18 19:00:00,1431A,JQLH,23.0,538.5888340237777,-515.5888340237777
2021-10-18 20:00:00,1431A,JQLH,23.0,540.4403927271277,-517.4403927271277
2021-10-18 21:00:00,1431A,JQLH,29.0,542.4564878553269,-513.4564878553269
2021-10-18 22:00:00,1431A,JQLH,29.0,543.1836817289384,-514.1836817289384
2021-10-18 23:00:00,1431A,JQLH,23.0,544.2164556847391,-521.2164556847391
2021-10-19 00:00:00,1431A,JQLH,31.0,544.372459211878,-513.372459211878
2021-10-19 01:00:00,1431A,JQLH,43.0,543.2025785414453,-500.2025785414453
2021-10-19 02:00:00,1431A,JQLH,39.0,542.611075361517,-503.611075361517
2021-10-19 03:00:00,1431A,JQLH,34.0,541.5648381007143,-507.56483810071427
2021-10-19 04:00:00,1431A,JQLH,33.0,540.4720175211861,-507.4720175211861
2021-10-19 05:00:00,1431A,JQLH,32.0,540.8313475428109,-508.83134754281093
2021-10-19 06:00:00,1431A,JQLH,34.0,540.8102517426254,-506.8102517426254
2021-10-19 07:00:00,1431A,JQLH,36.0,540.0725588781556,-504.07255887815563
2021-10-19 08:00:00,1431A,JQLH,37.0,540.0587714349804,-503.0587714349804
2021-10-19 09:00:00,1431A,JQLH,40.0,540.5742497100281,-500.5742497100281
2021-10-19 10:00:00,1431A,JQLH,39.0,541.8197802465571,-502.8197802465571
2021-10-19 11:00:00,1431A,JQLH,41.0,543.4573985170819,-502.45739851708186
2021-10-19 12:00:00,1431A,JQLH,,543.9840349050559,
2021-10-19 13:00:00,1431A,JQLH,41.0,542.2825350253494,-501.2825350253494
2021-10-19 14:00:00,1431A,JQLH,39.0,540.4428681212598,-501.44286812125983
2021-10-19 15:00:00,1431A,JQLH,48.0,539.8212532372964,-491.82125323729645
2021-10-19 16:00:00,1431A,JQLH,45.0,538.5158629539956,-493.51586295399557
2021-10-19 17:00:00,1431A,JQLH,,538.102083089627,
2021-10-19 18:00:00,1431A,JQLH,29.0,537.7272203453559,-508.72722034535593
2021-10-19 19:00:00,1431A,JQLH,27.0,539.9970309478683,-512.9970309478683
2021-10-19 20:00:00,1431A,JQLH,25.0,541.8485896512183,-516.8485896512183
2021-10-19 21:00:00,1431A,JQLH,25.0,543.8646847794175,-518.8646847794175
2021-10-19 22:00:00,1431A,JQLH,24.0,544.591878653029,-520.591878653029
2021-10-19 23:00:00,1431A,JQLH,23.0,545.6246526088297,-522.6246526088297
2021-10-20 00:00:00,1431A,JQLH,23.0,545.7806561359686,-522.7806561359686
2021-10-20 01:00:00,1431A,JQLH,23.0,544.6107754655359,-521.6107754655359
2021-10-20 02:00:00,1431A,JQLH,24.0,544.0192722856076,-520.0192722856076
2021-10-20 03:00:00,1431A,JQLH,24.0,542.9730350248049,-518.9730350248049
2021-10-20 04:00:00,1431A,JQLH,26.0,541.8802144452767,-515.8802144452767
2021-10-20 05:00:00,1431A,JQLH,24.0,542.2395444669015,-518.2395444669015
2021-10-20 06:00:00,1431A,JQLH,22.0,542.218448666716,-520.218448666716
2021-10-20 07:00:00,1431A,JQLH,20.0,541.4807558022462,-521.4807558022462
2021-10-20 08:00:00,1431A,JQLH,20.0,541.466968359071,-521.466968359071
2021-10-20 09:00:00,1431A,JQLH,16.0,541.9824466341187,-525.9824466341187
2021-10-20 10:00:00,1431A,JQLH,13.0,543.2279771706477,-530.2279771706477
2021-10-20 11:00:00,1431A,JQLH,12.0,544.8655954411724,-532.8655954411724
2021-10-20 12:00:00,1431A,JQLH,14.0,545.3922318291465,-531.3922318291465
2021-10-20 13:00:00,1431A,JQLH,15.0,543.69073194944,-528.69073194944
2021-10-20 14:00:00,1431A,JQLH,16.0,541.8510650453504,-525.8510650453504
2021-10-20 15:00:00,1431A,JQLH,8.0,541.229450161387,-533.229450161387
2021-10-20 16:00:00,1431A,JQLH,4.0,539.9240598780862,-535.9240598780862
2021-10-20 17:00:00,1431A,JQLH,5.0,539.5102800137175,-534.5102800137175
2021-10-20 18:00:00,1431A,JQLH,6.0,539.1354172694465,-533.1354172694465
2021-10-20 19:00:00,1431A,JQLH,7.0,541.4052278719589,-534.4052278719589
2021-10-20 20:00:00,1431A,JQLH,9.0,543.2567865753089,-534.2567865753089
2021-10-20 21:00:00,1431A,JQLH,10.0,545.2728817035081,-535.2728817035081
2021-10-20 22:00:00,1431A,JQLH,14.0,546.0000755771196,-532.0000755771196
2021-10-20 23:00:00,1431A,JQLH,18.0,547.0328495329203,-529.0328495329203
2021-10-21 00:00:00,1431A,JQLH,25.0,547.1888530600592,-522.1888530600592
2021-10-21 01:00:00,1431A,JQLH,26.0,546.0189723896265,-520.0189723896265
2021-10-21 02:00:00,1431A,JQLH,13.0,545.4274692096982,-532.4274692096982
2021-10-21 03:00:00,1431A,JQLH,8.0,544.3812319488954,-536.3812319488954
2021-10-21 04:00:00,1431A,JQLH,6.0,543.2884113693673,-537.2884113693673
2021-10-21 05:00:00,1431A,JQLH,6.0,543.6477413909921,-537.6477413909921
2021-10-21 06:00:00,1431A,JQLH,8.0,543.6266455908066,-535.6266455908066
2021-10-21 07:00:00,1431A,JQLH,9.0,542.8889527263368,-533.8889527263368
2021-10-21 08:00:00,1431A,JQLH,11.0,542.8751652831616,-531.8751652831616
2021-10-21 09:00:00,1431A,JQLH,11.0,543.3906435582093,-532.3906435582093
2021-10-21 10:00:00,1431A,JQLH,13.0,544.6361740947383,-531.6361740947383
2021-10-21 11:00:00,1431A,JQLH,19.0,546.273792365263,-527.273792365263
2021-10-21 12:00:00,1431A,JQLH,23.0,546.800428753237,-523.800428753237
2021-10-21 13:00:00,1431A,JQLH,27.0,545.0989288735306,-518.0989288735306
2021-10-21 14:00:00,1431A,JQLH,31.0,543.259261969441,-512.259261969441
2021-10-21 15:00:00,1431A,JQLH,42.0,542.6376470854776,-500.6376470854776
2021-10-21 16:00:00,1431A,JQLH,38.0,541.3322568021767,-503.33225680217674
2021-10-21 17:00:00,1431A,JQLH,27.0,540.9184769378081,-513.9184769378081
2021-10-21 18:00:00,1431A,JQLH,22.0,540.5436141935371,-518.5436141935371
2021-10-21 19:00:00,1431A,JQLH,18.0,542.8134247960495,-524.8134247960495
2021-10-21 20:00:00,1431A,JQLH,17.0,544.6649834993995,-527.6649834993995
2021-10-21 21:00:00,1431A,JQLH,19.0,546.6810786275987,-527.6810786275987
2021-10-21 22:00:00,1431A,JQLH,22.0,547.4082725012101,-525.4082725012101
2021-10-21 23:00:00,1431A,JQLH,22.0,548.4410464570109,-526.4410464570109
2021-10-22 00:00:00,1431A,JQLH,22.0,548.5970499841497,-526.5970499841497
2021-10-22 01:00:00,1431A,JQLH,23.0,547.4271693137171,-524.4271693137171
2021-10-22 02:00:00,1431A,JQLH,22.0,546.8356661337888,-524.8356661337888
2021-10-22 03:00:00,1431A,JQLH,20.0,545.789428872986,-525.789428872986
2021-10-22 04:00:00,1431A,JQLH,18.0,544.6966082934579,-526.6966082934579
2021-10-22 05:00:00,1431A,JQLH,17.0,545.0559383150827,-528.0559383150827
2021-10-22 06:00:00,1431A,JQLH,18.0,545.0348425148972,-527.0348425148972
2021-10-22 07:00:00,1431A,JQLH,20.0,544.2971496504274,-524.2971496504274
2021-10-22 08:00:00,1431A,JQLH,17.0,544.2833622072521,-527.2833622072521
2021-10-22 09:00:00,1431A,JQLH,19.0,544.7988404822999,-525.7988404822999
2021-10-22 10:00:00,1431A,JQLH,20.0,546.0443710188289,-526.0443710188289
2021-10-22 11:00:00,1431A,JQLH,19.0,547.6819892893536,-528.6819892893536
2021-10-22 12:00:00,1431A,JQLH,23.0,548.2086256773276,-525.2086256773276
2021-10-22 13:00:00,1431A,JQLH,26.0,546.5071257976211,-520.5071257976211
2021-10-22 14:00:00,1431A,JQLH,23.0,544.6674588935316,-521.6674588935316
2021-10-22 15:00:00,1431A,JQLH,27.0,544.0458440095682,-517.0458440095682
2021-10-22 16:00:00,1431A,JQLH,26.0,542.7404537262673,-516.7404537262673
2021-10-22 17:00:00,1431A,JQLH,28.0,542.3266738618987,-514.3266738618987
2021-10-22 18:00:00,1431A,JQLH,27.0,541.9518111176277,-514.9518111176277
2021-10-22 19:00:00,1431A,JQLH,23.0,544.2216217201401,-521.2216217201401
2021-10-22 20:00:00,1431A,JQLH,23.0,546.07318042349,-523.07318042349
2021-10-22 21:00:00,1431A,JQLH,22.0,548.0892755516893,-526.0892755516893
2021-10-22 22:00:00,1431A,JQLH,25.0,548.8164694253007,-523.8164694253007
2021-10-22 23:00:00,1431A,JQLH,26.0,549.8492433811015,-523.8492433811015
2021-10-23 00:00:00,1431A,JQLH,21.0,550.0052469082403,-529.0052469082403
2021-10-23 01:00:00,1431A,JQLH,25.0,548.8353662378076,-523.8353662378076
2021-10-23 02:00:00,1431A,JQLH,26.0,548.2438630578794,-522.2438630578794
2021-10-23 03:00:00,1431A,JQLH,28.0,547.1976257970766,-519.1976257970766
2021-10-23 04:00:00,1431A,JQLH,27.0,546.1048052175485,-519.1048052175485
2021-10-23 05:00:00,1431A,JQLH,28.0,546.4641352391733,-518.4641352391733
2021-10-23 06:00:00,1431A,JQLH,36.0,546.4430394389877,-510.44303943898774
2021-10-23 07:00:00,1431A,JQLH,42.0,545.705346574518,-503.705346574518
2021-10-23 08:00:00,1431A,JQLH,39.0,545.6915591313427,-506.69155913134273
2021-10-23 09:00:00,1431A,JQLH,42.0,546.2070374063904,-504.20703740639044
2021-10-23 10:00:00,1431A,JQLH,49.0,547.4525679429195,-498.4525679429195
2021-10-23 11:00:00,1431A,JQLH,50.0,549.0901862134442,-499.0901862134442
2021-10-23 12:00:00,1431A,JQLH,50.0,549.6168226014182,-499.6168226014182
2021-10-23 13:00:00,1431A,JQLH,46.0,547.9153227217117,-501.91532272171173
2021-10-23 14:00:00,1431A,JQLH,44.0,546.0756558176222,-502.0756558176222
2021-10-23 15:00:00,1431A,JQLH,44.0,545.4540409336588,-501.4540409336588
2021-10-23 16:00:00,1431A,JQLH,39.0,544.1486506503579,-505.1486506503579
2021-10-23 17:00:00,1431A,JQLH,38.0,543.7348707859893,-505.7348707859893
2021-10-23 18:00:00,1431A,JQLH,39.0,543.3600080417183,-504.3600080417183
2021-10-23 19:00:00,1431A,JQLH,32.0,545.6298186442307,-513.6298186442307
2021-10-23 20:00:00,1431A,JQLH,35.0,547.4813773475806,-512.4813773475806
2021-10-23 21:00:00,1431A,JQLH,38.0,549.4974724757799,-511.4974724757799
2021-10-23 22:00:00,1431A,JQLH,37.0,550.2246663493913,-513.2246663493913
2021-10-23 23:00:00,1431A,JQLH,34.0,551.2574403051921,-517.2574403051921
2021-10-24 00:00:00,1431A,JQLH,32.0,551.4134438323309,-519.4134438323309
2021-10-24 01:00:00,1431A,JQLH,28.0,550.2435631618982,-522.2435631618982
2021-10-24 02:00:00,1431A,JQLH,33.0,549.65205998197,-516.65205998197
2021-10-24 03:00:00,1431A,JQLH,37.0,548.6058227211672,-511.6058227211672
2021-10-24 04:00:00,1431A,JQLH,36.0,547.513002141639,-511.51300214163905
2021-10-24 05:00:00,1431A,JQLH,34.0,547.8723321632639,-513.8723321632639
2021-10-24 06:00:00,1431A,JQLH,32.0,547.8512363630783,-515.8512363630783
2021-10-24 07:00:00,1431A,JQLH,34.0,547.1135434986086,-513.1135434986086
2021-10-24 08:00:00,1431A,JQLH,34.0,547.0997560554333,-513.0997560554333
2021-10-24 09:00:00,1431A,JQLH,39.0,547.615234330481,-508.61523433048103
2021-10-24 10:00:00,1431A,JQLH,45.0,548.8607648670101,-503.86076486701006
2021-10-24 11:00:00,1431A,JQLH,47.0,550.4983831375348,-503.4983831375348
2021-10-24 12:00:00,1431A,JQLH,46.0,551.0250195255088,-505.0250195255088
2021-10-24 13:00:00,1431A,JQLH,45.0,549.3235196458023,-504.3235196458023
2021-10-24 14:00:00,1431A,JQLH,48.0,547.4838527417128,-499.4838527417128
2021-10-24 15:00:00,1431A,JQLH,46.0,546.8622378577494,-500.8622378577494
2021-10-24 16:00:00,1431A,JQLH,44.0,545.5568475744485,-501.5568475744485
2021-10-24 17:00:00,1431A,JQLH,41.0,545.1430677100799,-504.1430677100799
2021-10-24 18:00:00,1431A,JQLH,35.0,544.7682049658089,-509.7682049658089
2021-10-24 19:00:00,1431A,JQLH,33.0,547.0380155683213,-514.0380155683213
2021-10-24 20:00:00,1431A,JQLH,35.0,548.8895742716712,-513.8895742716712
2021-10-24 21:00:00,1431A,JQLH,38.0,550.9056693998705,-512.9056693998705
2021-10-24 22:00:00,1431A,JQLH,51.0,551.6328632734819,-500.6328632734819
2021-10-24 23:00:00,1431A,JQLH,55.0,552.6656372292827,-497.66563722928265
2021-10-25 00:00:00,1431A,JQLH,47.0,552.8216407564215,-505.8216407564215
2021-10-25 01:00:00,1431A,JQLH,44.0,551.6517600859888,-507.6517600859888
2021-10-25 02:00:00,1431A,JQLH,56.0,551.0602569060605,-495.06025690606054
2021-10-25 03:00:00,1431A,JQLH,56.0,550.0140196452578,-494.0140196452578
2021-10-25 04:00:00,1431A,JQLH,54.0,548.9211990657296,-494.92119906572964
2021-10-25 05:00:00,1431A,JQLH,49.0,549.2805290873545,-500.28052908735447
2021-10-25 06:00:00,1431A,JQLH,46.0,549.2594332871689,-503.2594332871689
2021-10-25 07:00:00,1431A,JQLH,45.0,548.5217404226992,-503.52174042269917
2021-10-25 08:00:00,1431A,JQLH,44.0,548.5079529795239,-504.5079529795239
2021-10-25 09:00:00,1431A,JQLH,45.0,549.0234312545716,-504.0234312545716
2021-10-25 10:00:00,1431A,JQLH,49.0,550.2689617911007,-501.26896179110065
2021-10-25 11:00:00,1431A,JQLH,47.0,551.9065800616254,-504.9065800616254
2021-10-25 12:00:00,1431A,JQLH,46.0,552.4332164495994,-506.4332164495994
2021-10-25 13:00:00,1431A,JQLH,43.0,550.7317165698929,-507.7317165698929
2021-10-25 14:00:00,1431A,JQLH,47.0,548.8920496658034,-501.89204966580337
2021-10-25 15:00:00,1431A,JQLH,49.0,548.27043478184,-499.27043478184
2021-10-25 16:00:00,1431A,JQLH,51.0,546.9650444985391,-495.9650444985391
2021-10-25 17:00:00,1431A,JQLH,51.0,546.5512646341705,-495.5512646341705
2021-10-25 18:00:00,1431A,JQLH,51.0,546.1764018898995,-495.17640188989947
2021-10-25 19:00:00,1431A,JQLH,47.0,548.4462124924119,-501.44621249241186
2021-10-25 20:00:00,1431A,JQLH,47.0,550.2977711957618,-503.2977711957618
2021-10-25 21:00:00,1431A,JQLH,47.0,552.3138663239611,-505.31386632396107
2021-10-25 22:00:00,1431A,JQLH,44.0,553.0410601975725,-509.0410601975725
2021-10-25 23:00:00,1431A,JQLH,46.0,554.0738341533732,-508.07383415337324
2021-10-26 00:00:00,1431A,JQLH,37.0,554.2298376805121,-517.2298376805121
2021-10-26 01:00:00,1431A,JQLH,,553.0599570100794,
2021-10-26 02:00:00,1431A,JQLH,,552.4684538301511,
2021-10-26 03:00:00,1431A,JQLH,28.0,551.4222165693484,-523.4222165693484
2021-10-26 04:00:00,1431A,JQLH,31.0,550.3293959898202,-519.3293959898202
2021-10-26 05:00:00,1431A,JQLH,30.0,550.688726011445,-520.688726011445
2021-10-26 06:00:00,1431A,JQLH,,550.6676302112595,
2021-10-26 07:00:00,1431A,JQLH,31.0,549.9299373467898,-518.9299373467898
2021-10-26 08:00:00,1431A,JQLH,29.0,549.9161499036145,-520.9161499036145
2021-10-26 09:00:00,1431A,JQLH,29.0,550.4316281786622,-521.4316281786622
2021-10-26 10:00:00,1431A,JQLH,30.0,551.6771587151912,-521.6771587151912
2021-10-26 11:00:00,1431A,JQLH,,553.314776985716,
2021-10-26 12:00:00,1431A,JQLH,22.0,553.84141337369,-531.84141337369
2021-10-26 13:00:00,1431A,JQLH,24.0,552.1399134939835,-528.1399134939835
2021-10-26 14:00:00,1431A,JQLH,28.0,550.300246589894,-522.300246589894
2021-10-26 15:00:00,1431A,JQLH,25.0,549.6786317059306,-524.6786317059306
2021-10-26 16:00:00,1431A,JQLH,31.0,548.3732414226297,-517.3732414226297
2021-10-26 17:00:00,1431A,JQLH,32.0,547.9594615582611,-515.9594615582611
2021-10-26 18:00:00,1431A,JQLH,31.0,547.58459881399,-516.58459881399
2021-10-26 19:00:00,1431A,JQLH,32.0,549.8544094165024,-517.8544094165024
2021-10-26 20:00:00,1431A,JQLH,32.0,551.7059681198524,-519.7059681198524
2021-10-26 21:00:00,1431A,JQLH,30.0,553.7220632480517,-523.7220632480517
2021-10-26 22:00:00,1431A,JQLH,37.0,554.4492571216631,-517.4492571216631
2021-10-26 23:00:00,1431A,JQLH,30.0,555.4820310774638,-525.4820310774638
2021-10-27 00:00:00,1431A,JQLH,25.0,555.6380346046027,-530.6380346046027
2021-10-27 01:00:00,1431A,JQLH,27.0,554.46815393417,-527.46815393417
2021-10-27 02:00:00,1431A,JQLH,21.0,553.8766507542417,-532.8766507542417
2021-10-27 03:00:00,1431A,JQLH,14.0,552.830413493439,-538.830413493439
2021-10-27 04:00:00,1431A,JQLH,14.0,551.7375929139108,-537.7375929139108
2021-10-27 05:00:00,1431A,JQLH,14.0,552.0969229355356,-538.0969229355356
2021-10-27 06:00:00,1431A,JQLH,15.0,552.0758271353501,-537.0758271353501
2021-10-27 07:00:00,1431A,JQLH,16.0,551.3381342708803,-535.3381342708803
2021-10-27 08:00:00,1431A,JQLH,17.0,551.3243468277051,-534.3243468277051
2021-10-27 09:00:00,1431A,JQLH,25.0,551.8398251027528,-526.8398251027528
2021-10-27 10:00:00,1431A,JQLH,31.0,553.0853556392818,-522.0853556392818
2021-10-27 11:00:00,1431A,JQLH,31.0,554.7229739098066,-523.7229739098066
2021-10-27 12:00:00,1431A,JQLH,24.0,555.2496102977806,-531.2496102977806
2021-10-27 13:00:00,1431A,JQLH,24.0,553.5481104180741,-529.5481104180741
2021-10-27 14:00:00,1431A,JQLH,15.0,551.7084435139845,-536.7084435139845
2021-10-27 15:00:00,1431A,JQLH,11.0,551.0868286300212,-540.0868286300212
2021-10-27 16:00:00,1431A,JQLH,12.0,549.7814383467203,-537.7814383467203
2021-10-27 17:00:00,1431A,JQLH,12.0,549.3676584823517,-537.3676584823517
2021-10-27 18:00:00,1431A,JQLH,14.0,548.9927957380806,-534.9927957380806
2021-10-27 19:00:00,1431A,JQLH,19.0,551.262606340593,-532.262606340593
2021-10-27 20:00:00,1431A,JQLH,18.0,553.114165043943,-535.114165043943
2021-10-27 21:00:00,1431A,JQLH,22.0,555.1302601721422,-533.1302601721422
2021-10-27 22:00:00,1431A,JQLH,29.0,555.8574540457537,-526.8574540457537
2021-10-27 23:00:00,1431A,JQLH,27.0,556.8902280015544,-529.8902280015544
2021-10-28 00:00:00,1431A,JQLH,24.0,557.0462315286933,-533.0462315286933
2021-10-28 01:00:00,1431A,JQLH,23.0,555.8763508582606,-532.8763508582606
2021-10-28 02:00:00,1431A,JQLH,22.0,555.2848476783323,-533.2848476783323
2021-10-28 03:00:00,1431A,JQLH,23.0,554.2386104175296,-531.2386104175296
2021-10-28 04:00:00,1431A,JQLH,26.0,553.1457898380014,-527.1457898380014
2021-10-28 05:00:00,1431A,JQLH,26.0,553.5051198596262,-527.5051198596262
2021-10-28 06:00:00,1431A,JQLH,26.0,553.4840240594407,-527.4840240594407
2021-10-28 07:00:00,1431A,JQLH,28.0,552.7463311949709,-524.7463311949709
2021-10-28 08:00:00,1431A,JQLH,29.0,552.7325437517957,-523.7325437517957
2021-10-28 09:00:00,1431A,JQLH,32.0,553.2480220268434,-521.2480220268434
2021-10-28 10:00:00,1431A,JQLH,27.0,554.4935525633724,-527.4935525633724
2021-10-28 11:00:00,1431A,JQLH,38.0,556.1311708338972,-518.1311708338972
2021-10-28 12:00:00,1431A,JQLH,36.0,556.6578072218712,-520.6578072218712
2021-10-28 13:00:00,1431A,JQLH,34.0,554.9563073421647,-520.9563073421647
2021-10-28 14:00:00,1431A,JQLH,22.0,553.1166404380751,-531.1166404380751
2021-10-28 15:00:00,1431A,JQLH,24.0,552.4950255541117,-528.4950255541117
2021-10-28 16:00:00,1431A,JQLH,19.0,551.1896352708109,-532.1896352708109
2021-10-28 17:00:00,1431A,JQLH,20.0,550.7758554064422,-530.7758554064422
2021-10-28 18:00:00,1431A,JQLH,31.0,550.4009926621712,-519.4009926621712
2021-10-28 19:00:00,1431A,JQLH,31.0,552.6708032646836,-521.6708032646836
2021-10-28 20:00:00,1431A,JQLH,21.0,554.5223619680336,-533.5223619680336
2021-10-28 21:00:00,1431A,JQLH,24.0,556.5384570962328,-532.5384570962328
2021-10-28 22:00:00,1431A,JQLH,28.0,557.2656509698443,-529.2656509698443
2021-10-28 23:00:00,1431A,JQLH,31.0,558.298424925645,-527.298424925645
2021-10-29 00:00:00,1431A,JQLH,34.0,558.4544284527839,-524.4544284527839
2021-10-29 01:00:00,1431A,JQLH,35.0,557.2845477823512,-522.2845477823512
2021-10-29 02:00:00,1431A,JQLH,36.0,556.6930446024229,-520.6930446024229
2021-10-29 03:00:00,1431A,JQLH,37.0,555.6468073416202,-518.6468073416202
2021-10-29 04:00:00,1431A,JQLH,35.0,554.553986762092,-519.553986762092
2021-10-29 05:00:00,1431A,JQLH,34.0,554.9133167837168,-520.9133167837168
2021-10-29 06:00:00,1431A,JQLH,35.0,554.8922209835313,-519.8922209835313
2021-10-29 07:00:00,1431A,JQLH,34.0,554.1545281190615,-520.1545281190615
2021-10-29 08:00:00,1431A,JQLH,34.0,554.1407406758863,-520.1407406758863
2021-10-29 09:00:00,1431A,JQLH,31.0,554.656218950934,-523.656218950934
2021-10-29 10:00:00,1431A,JQLH,27.0,555.901749487463,-528.901749487463
2021-10-29 11:00:00,1431A,JQLH,25.0,557.5393677579877,-532.5393677579877
2021-10-29 12:00:00,1431A,JQLH,23.0,558.0660041459618,-535.0660041459618
2021-10-29 13:00:00,1431A,JQLH,26.0,556.3645042662553,-530.3645042662553
2021-10-29 14:00:00,1431A,JQLH,34.0,554.5248373621657,-520.5248373621657
2021-10-29 15:00:00,1431A,JQLH,34.0,553.9032224782023,-519.9032224782023
2021-10-29 16:00:00,1431A,JQLH,35.0,552.5978321949015,-517.5978321949015
2021-10-29 17:00:00,1431A,JQLH,39.0,552.1840523305328,-513.1840523305328
2021-10-29 18:00:00,1431A,JQLH,45.0,551.8091895862618,-506.8091895862618
2021-10-29 19:00:00,1431A,JQLH,48.0,554.0790001887742,-506.0790001887742
2021-10-29 20:00:00,1431A,JQLH,48.0,555.9305588921242,-507.93055889212417
2021-10-29 21:00:00,1431A,JQLH,50.0,557.9466540203234,-507.9466540203234
2021-10-29 22:00:00,1431A,JQLH,48.0,558.6738478939349,-510.67384789393486
2021-10-29 23:00:00,1431A,JQLH,51.0,559.7066218497356,-508.7066218497356
2021-10-30 00:00:00,1431A,JQLH,,559.8626253768745,
2021-10-30 01:00:00,1431A,JQLH,45.0,558.6927447064418,-513.6927447064418
2021-10-30 02:00:00,1431A,JQLH,46.0,558.1012415265135,-512.1012415265135
2021-10-30 03:00:00,1431A,JQLH,43.0,557.0550042657107,-514.0550042657107
2021-10-30 04:00:00,1431A,JQLH,42.0,555.9621836861826,-513.9621836861826
2021-10-30 05:00:00,1431A,JQLH,41.0,556.3215137078074,-515.3215137078074
2021-10-30 06:00:00,1431A,JQLH,42.0,556.3004179076219,-514.3004179076219
2021-10-30 07:00:00,1431A,JQLH,43.0,555.5627250431521,-512.5627250431521
2021-10-30 08:00:00,1431A,JQLH,44.0,555.5489375999769,-511.54893759997685
2021-10-30 09:00:00,1431A,JQLH,44.0,556.0644158750246,-512.0644158750246
2021-10-30 10:00:00,1431A,JQLH,46.0,557.3099464115536,-511.3099464115536
2021-10-30 11:00:00,1431A,JQLH,51.0,558.9475646820783,-507.94756468207834
2021-10-30 12:00:00,1431A,JQLH,45.0,559.4742010700523,-514.4742010700523
2021-10-30 13:00:00,1431A,JQLH,33.0,557.7727011903459,-524.7727011903459
2021-10-30 14:00:00,1431A,JQLH,30.0,555.9330342862563,-525.9330342862563
2021-10-30 15:00:00,1431A,JQLH,,555.3114194022929,
2021-10-30 16:00:00,1431A,JQLH,24.0,554.006029118992,-530.006029118992
2021-10-30 17:00:00,1431A,JQLH,27.0,553.5922492546234,-526.5922492546234
2021-10-30 18:00:00,1431A,JQLH,27.0,553.2173865103524,-526.2173865103524
2021-10-30 19:00:00,1431A,JQLH,34.0,555.4871971128648,-521.4871971128648
2021-10-30 20:00:00,1431A,JQLH,36.0,557.3387558162148,-521.3387558162148
2021-10-30 21:00:00,1431A,JQLH,48.0,559.354850944414,-511.354850944414
2021-10-30 22:00:00,1431A,JQLH,57.0,560.0820448180255,-503.08204481802545
2021-10-30 23:00:00,1431A,JQLH,51.0,561.1148187738262,-510.1148187738262
2021-10-31 00:00:00,1431A,JQLH,36.0,561.270822300965,-525.270822300965
2021-10-31 01:00:00,1431A,JQLH,30.0,560.1009416305324,-530.1009416305324
2021-10-31 02:00:00,1431A,JQLH,28.0,559.5094384506041,-531.5094384506041
2021-10-31 03:00:00,1431A,JQLH,21.0,558.4632011898013,-537.4632011898013
2021-10-31 04:00:00,1431A,JQLH,19.0,557.3703806102732,-538.3703806102732
2021-10-31 05:00:00,1431A,JQLH,10.0,557.729710631898,-547.729710631898
2021-10-31 06:00:00,1431A,JQLH,4.0,557.7086148317125,-553.7086148317125
2021-10-31 07:00:00,1431A,JQLH,17.0,556.9709219672427,-539.9709219672427
2021-10-31 08:00:00,1431A,JQLH,22.0,556.9571345240674,-534.9571345240674
2021-10-31 09:00:00,1431A,JQLH,14.0,557.4726127991152,-543.4726127991152
2021-10-31 10:00:00,1431A,JQLH,18.0,558.7181433356442,-540.7181433356442
2021-10-31 11:00:00,1431A,JQLH,24.0,560.3557616061689,-536.3557616061689
2021-10-31 12:00:00,1431A,JQLH,7.0,560.8823979941429,-553.8823979941429
2021-10-31 13:00:00,1431A,JQLH,22.0,559.1808981144364,-537.1808981144364
2021-10-31 14:00:00,1431A,JQLH,20.0,557.3412312103469,-537.3412312103469
2021-10-31 15:00:00,1431A,JQLH,20.0,556.7196163263835,-536.7196163263835
2021-10-31 16:00:00,1431A,JQLH,23.0,555.4142260430826,-532.4142260430826
2021-10-31 17:00:00,1431A,JQLH,16.0,555.000446178714,-539.000446178714
2021-10-31 18:00:00,1431A,JQLH,15.0,554.625583434443,-539.625583434443
2021-10-31 19:00:00,1431A,JQLH,18.0,556.8953940369554,-538.8953940369554
2021-10-31 20:00:00,1431A,JQLH,17.0,558.7469527403053,-541.7469527403053
2021-10-31 21:00:00,1431A,JQLH,19.0,560.7630478685046,-541.7630478685046
2021-10-31 22:00:00,1431A,JQLH,21.0,561.490241742116,-540.490241742116
2021-10-31 23:00:00,1431A,JQLH,9.0,562.5230156979168,-553.5230156979168
2021-11-01 00:00:00,1431A,JQLH,7.0,562.6790192250556,-555.6790192250556
2021-11-01 01:00:00,1431A,JQLH,3.0,561.509138554623,-558.509138554623
2021-11-01 02:00:00,1431A,JQLH,21.0,560.9176353746947,-539.9176353746947
2021-11-01 03:00:00,1431A,JQLH,61.0,559.8713981138919,-498.8713981138919
2021-11-01 04:00:00,1431A,JQLH,34.0,558.7785775343638,-524.7785775343638
2021-11-01 05:00:00,1431A,JQLH,10.0,559.1379075559886,-549.1379075559886
2021-11-01 06:00:00,1431A,JQLH,5.0,559.116811755803,-554.116811755803
2021-11-01 07:00:00,1431A,JQLH,,558.3791188913333,
2021-11-01 08:00:00,1431A,JQLH,9.0,558.365331448158,-549.365331448158
2021-11-01 09:00:00,1431A,JQLH,26.0,558.8808097232057,-532.8808097232057
2021-11-01 10:00:00,1431A,JQLH,11.0,560.1263402597348,-549.1263402597348
2021-11-01 11:00:00,1431A,JQLH,,561.7639585302595,
2021-11-01 12:00:00,1431A,JQLH,43.0,562.2905949182335,-519.2905949182335
2021-11-01 13:00:00,1431A,JQLH,46.0,560.589095038527,-514.589095038527
2021-11-01 14:00:00,1431A,JQLH,40.0,558.7494281344375,-518.7494281344375
2021-11-01 15:00:00,1431A,JQLH,36.0,558.1278132504741,-522.1278132504741
2021-11-01 16:00:00,1431A,JQLH,36.0,556.8224229671732,-520.8224229671732
2021-11-01 17:00:00,1431A,JQLH,44.0,556.4086431028046,-512.4086431028046
2021-11-01 18:00:00,1431A,JQLH,57.0,556.0337803585336,-499.0337803585336
2021-11-01 19:00:00,1431A,JQLH,54.0,558.303590961046,-504.303590961046
2021-11-01 20:00:00,1431A,JQLH,45.0,560.1551496643959,-515.1551496643959
2021-11-01 21:00:00,1431A,JQLH,43.0,562.1712447925952,-519.1712447925952
2021-11-01 22:00:00,1431A,JQLH,36.0,562.8984386662066,-526.8984386662066
2021-11-01 23:00:00,1431A,JQLH,34.0,563.9312126220074,-529.9312126220074
2021-11-02 00:00:00,1431A,JQLH,27.0,564.0872161491462,-537.0872161491462
2021-11-02 01:00:00,1431A,JQLH,40.0,562.9173354787135,-522.9173354787135
2021-11-02 02:00:00,1431A,JQLH,39.0,562.3258322987853,-523.3258322987853
2021-11-02 03:00:00,1431A,JQLH,34.0,561.2795950379825,-527.2795950379825
2021-11-02 04:00:00,1431A,JQLH,39.0,560.1867744584544,-521.1867744584544
2021-11-02 05:00:00,1431A,JQLH,39.0,560.5461044800792,-521.5461044800792
2021-11-02 06:00:00,1431A,JQLH,39.0,560.5250086798936,-521.5250086798936
2021-11-02 07:00:00,1431A,JQLH,37.0,559.7873158154239,-522.7873158154239
2021-11-02 08:00:00,1431A,JQLH,35.0,559.7735283722486,-524.7735283722486
2021-11-02 09:00:00,1431A,JQLH,37.0,560.2890066472963,-523.2890066472963
2021-11-02 10:00:00,1431A,JQLH,35.0,561.5345371838254,-526.5345371838254
2021-11-02 11:00:00,1431A,JQLH,33.0,563.1721554543501,-530.1721554543501
2021-11-02 12:00:00,1431A,JQLH,35.0,563.6987918423241,-528.6987918423241
2021-11-02 13:00:00,1431A,JQLH,29.0,561.9972919626176,-532.9972919626176
2021-11-02 14:00:00,1431A,JQLH,27.0,560.1576250585281,-533.1576250585281
2021-11-02 15:00:00,1431A,JQLH,24.0,559.5360101745647,-535.5360101745647
2021-11-02 16:00:00,1431A,JQLH,24.0,558.2306198912638,-534.2306198912638
2021-11-02 17:00:00,1431A,JQLH,28.0,557.8168400268952,-529.8168400268952
2021-11-02 18:00:00,1431A,JQLH,27.0,557.4419772826242,-530.4419772826242
2021-11-02 19:00:00,1431A,JQLH,28.0,559.7117878851366,-531.7117878851366
2021-11-02 20:00:00,1431A,JQLH,27.0,561.5633465884865,-534.5633465884865
2021-11-02 21:00:00,1431A,JQLH,24.0,563.5794417166858,-539.5794417166858
2021-11-02 22:00:00,1431A,JQLH,25.0,564.3066355902972,-539.3066355902972
2021-11-02 23:00:00,1431A,JQLH,32.0,565.339409546098,-533.339409546098
2021-11-03 00:00:00,1431A,JQLH,34.0,565.4954130732368,-531.4954130732368
2021-11-03 01:00:00,1431A,JQLH,30.0,564.3255324028041,-534.3255324028041
2021-11-03 02:00:00,1431A,JQLH,28.0,563.7340292228758,-535.7340292228758
2021-11-03 03:00:00,1431A,JQLH,30.0,562.6877919620731,-532.6877919620731
2021-11-03 04:00:00,1431A,JQLH,28.0,561.5949713825449,-533.5949713825449
2021-11-03 05:00:00,1431A,JQLH,27.0,561.9543014041698,-534.9543014041698
2021-11-03 06:00:00,1431A,JQLH,28.0,561.9332056039842,-533.9332056039842
2021-11-03 07:00:00,1431A,JQLH,26.0,561.1955127395145,-535.1955127395145
2021-11-03 08:00:00,1431A,JQLH,27.0,561.1817252963392,-534.1817252963392
2021-11-03 09:00:00,1431A,JQLH,28.0,561.6972035713869,-533.6972035713869
2021-11-03 10:00:00,1431A,JQLH,29.0,562.942734107916,-533.942734107916
2021-11-03 11:00:00,1431A,JQLH,30.0,564.5803523784407,-534.5803523784407
2021-11-03 12:00:00,1431A,JQLH,29.0,565.1069887664147,-536.1069887664147
2021-11-03 13:00:00,1431A,JQLH,28.0,563.4054888867082,-535.4054888867082
2021-11-03 14:00:00,1431A,JQLH,28.0,561.5658219826187,-533.5658219826187
2021-11-03 15:00:00,1431A,JQLH,30.0,560.9442070986553,-530.9442070986553
2021-11-03 16:00:00,1431A,JQLH,28.0,559.6388168153544,-531.6388168153544
2021-11-03 17:00:00,1431A,JQLH,31.0,559.2250369509858,-528.2250369509858
2021-11-03 18:00:00,1431A,JQLH,30.0,558.8501742067148,-528.8501742067148
2021-11-03 19:00:00,1431A,JQLH,27.0,561.1199848092272,-534.1199848092272
2021-11-03 20:00:00,1431A,JQLH,28.0,562.9715435125771,-534.9715435125771
2021-11-03 21:00:00,1431A,JQLH,28.0,564.9876386407764,-536.9876386407764
2021-11-03 22:00:00,1431A,JQLH,28.0,565.7148325143878,-537.7148325143878
2021-11-03 23:00:00,1431A,JQLH,29.0,566.7476064701885,-537.7476064701885
2021-11-04 00:00:00,1431A,JQLH,29.0,566.9036099973274,-537.9036099973274
2021-11-04 01:00:00,1431A,JQLH,30.0,565.7337293268947,-535.7337293268947
2021-11-04 02:00:00,1431A,JQLH,29.0,565.1422261469664,-536.1422261469664
2021-11-04 03:00:00,1431A,JQLH,29.0,564.0959888861637,-535.0959888861637
2021-11-04 04:00:00,1431A,JQLH,31.0,563.0031683066355,-532.0031683066355
2021-11-04 05:00:00,1431A,JQLH,34.0,563.3624983282604,-529.3624983282604
2021-11-04 06:00:00,1431A,JQLH,35.0,563.3414025280748,-528.3414025280748
2021-11-04 07:00:00,1431A,JQLH,37.0,562.6037096636051,-525.6037096636051
2021-11-04 08:00:00,1431A,JQLH,38.0,562.5899222204298,-524.5899222204298
2021-11-04 09:00:00,1431A,JQLH,41.0,563.1054004954775,-522.1054004954775
2021-11-04 10:00:00,1431A,JQLH,53.0,564.3509310320065,-511.35093103200654
2021-11-04 11:00:00,1431A,JQLH,56.0,565.9885493025313,-509.9885493025313
2021-11-04 12:00:00,1431A,JQLH,47.0,566.5151856905053,-519.5151856905053
2021-11-04 13:00:00,1431A,JQLH,53.0,564.8136858107988,-511.8136858107988
2021-11-04 14:00:00,1431A,JQLH,43.0,562.9740189067093,-519.9740189067093
2021-11-04 15:00:00,1431A,JQLH,47.0,562.3524040227459,-515.3524040227459
2021-11-04 16:00:00,1431A,JQLH,60.0,561.047013739445,-501.047013739445
2021-11-04 17:00:00,1431A,JQLH,70.0,560.6332338750764,-490.63323387507637
2021-11-04 18:00:00,1431A,JQLH,82.0,560.2583711308054,-478.25837113080536
2021-11-04 19:00:00,1431A,JQLH,74.0,562.5281817333178,-488.52818173331775
2021-11-04 20:00:00,1431A,JQLH,55.0,564.3797404366677,-509.3797404366677
2021-11-04 21:00:00,1431A,JQLH,44.0,566.395835564867,-522.395835564867
2021-11-04 22:00:00,1431A,JQLH,54.0,567.1230294384784,-513.1230294384784
2021-11-04 23:00:00,1431A,JQLH,54.0,568.1558033942791,-514.1558033942791
2021-11-05 00:00:00,1431A,JQLH,53.0,568.311806921418,-515.311806921418
2021-11-05 01:00:00,1431A,JQLH,50.0,567.1419262509853,-517.1419262509853
2021-11-05 02:00:00,1431A,JQLH,48.0,566.550423071057,-518.550423071057
2021-11-05 03:00:00,1431A,JQLH,51.0,565.5041858102543,-514.5041858102543
2021-11-05 04:00:00,1431A,JQLH,49.0,564.4113652307261,-515.4113652307261
2021-11-05 05:00:00,1431A,JQLH,44.0,564.770695252351,-520.770695252351
2021-11-05 06:00:00,1431A,JQLH,37.0,564.7495994521654,-527.7495994521654
2021-11-05 07:00:00,1431A,JQLH,36.0,564.0119065876956,-528.0119065876956
2021-11-05 08:00:00,1431A,JQLH,35.0,563.9981191445204,-528.9981191445204
2021-11-05 09:00:00,1431A,JQLH,38.0,564.5135974195681,-526.5135974195681
2021-11-05 10:00:00,1431A,JQLH,45.0,565.7591279560971,-520.7591279560971
2021-11-05 11:00:00,1431A,JQLH,55.0,567.3967462266219,-512.3967462266219
2021-11-05 12:00:00,1431A,JQLH,61.0,567.9233826145959,-506.9233826145959
2021-11-05 13:00:00,1431A,JQLH,62.0,566.2218827348894,-504.2218827348894
2021-11-05 14:00:00,1431A,JQLH,66.0,564.3822158307999,-498.38221583079985
2021-11-05 15:00:00,1431A,JQLH,66.0,563.7606009468365,-497.76060094683646
2021-11-05 16:00:00,1431A,JQLH,65.0,562.4552106635356,-497.4552106635356
2021-11-05 17:00:00,1431A,JQLH,63.0,562.041430799167,-499.04143079916696
2021-11-05 18:00:00,1431A,JQLH,56.0,561.666568054896,-505.66656805489595
2021-11-05 19:00:00,1431A,JQLH,39.0,563.9363786574083,-524.9363786574083
2021-11-05 20:00:00,1431A,JQLH,41.0,565.7879373607583,-524.7879373607583
2021-11-05 21:00:00,1431A,JQLH,69.0,567.8040324889575,-498.80403248895755
2021-11-05 22:00:00,1431A,JQLH,65.0,568.531226362569,-503.531226362569
2021-11-05 23:00:00,1431A,JQLH,62.0,569.5640003183697,-507.5640003183697
2021-11-06 00:00:00,1431A,JQLH,58.0,569.7200038455086,-511.7200038455086
2021-11-06 01:00:00,1431A,JQLH,52.0,568.5501231750759,-516.5501231750759
2021-11-06 02:00:00,1431A,JQLH,50.0,567.9586199951476,-517.9586199951476
2021-11-06 03:00:00,1431A,JQLH,52.0,566.9123827343449,-514.9123827343449
2021-11-06 04:00:00,1431A,JQLH,53.0,565.8195621548167,-512.8195621548167
2021-11-06 05:00:00,1431A,JQLH,54.0,566.1788921764415,-512.1788921764415
2021-11-06 06:00:00,1431A,JQLH,56.0,566.157796376256,-510.157796376256
2021-11-06 07:00:00,1431A,JQLH,49.0,565.4201035117862,-516.4201035117862
2021-11-06 08:00:00,1431A,JQLH,39.0,565.406316068611,-526.406316068611
2021-11-06 09:00:00,1431A,JQLH,34.0,565.9217943436587,-531.9217943436587
2021-11-06 10:00:00,1431A,JQLH,32.0,567.1673248801877,-535.1673248801877
2021-11-06 11:00:00,1431A,JQLH,29.0,568.8049431507125,-539.8049431507125
2021-11-06 12:00:00,1431A,JQLH,24.0,569.3315795386865,-545.3315795386865
2021-11-06 13:00:00,1431A,JQLH,20.0,567.63007965898,-547.63007965898
2021-11-06 14:00:00,1431A,JQLH,19.0,565.7904127548904,-546.7904127548904
2021-11-06 15:00:00,1431A,JQLH,20.0,565.168797870927,-545.168797870927
2021-11-06 16:00:00,1431A,JQLH,20.0,563.8634075876262,-543.8634075876262
2021-11-06 17:00:00,1431A,JQLH,21.0,563.4496277232575,-542.4496277232575
2021-11-06 18:00:00,1431A,JQLH,22.0,563.0747649789865,-541.0747649789865
2021-11-06 19:00:00,1431A,JQLH,15.0,565.3445755814989,-550.3445755814989
2021-11-06 20:00:00,1431A,JQLH,6.0,567.1961342848489,-561.1961342848489
2021-11-06 21:00:00,1431A,JQLH,5.0,569.2122294130481,-564.2122294130481
2021-11-06 22:00:00,1431A,JQLH,5.0,569.9394232866596,-564.9394232866596
2021-11-06 23:00:00,1431A,JQLH,5.0,570.9721972424603,-565.9721972424603
2021-11-07 00:00:00,1431A,JQLH,7.0,571.1282007695992,-564.1282007695992
2021-11-07 01:00:00,1431A,JQLH,10.0,569.9583200991665,-559.9583200991665
2021-11-07 02:00:00,1431A,JQLH,13.0,569.3668169192382,-556.3668169192382
2021-11-07 03:00:00,1431A,JQLH,14.0,568.3205796584355,-554.3205796584355
2021-11-07 04:00:00,1431A,JQLH,14.0,567.2277590789073,-553.2277590789073
2021-11-07 05:00:00,1431A,JQLH,14.0,567.5870891005321,-553.5870891005321
2021-11-07 06:00:00,1431A,JQLH,14.0,567.5659933003466,-553.5659933003466
2021-11-07 07:00:00,1431A,JQLH,15.0,566.8283004358768,-551.8283004358768
2021-11-07 08:00:00,1431A,JQLH,14.0,566.8145129927016,-552.8145129927016
2021-11-07 09:00:00,1431A,JQLH,15.0,567.3299912677493,-552.3299912677493
2021-11-07 10:00:00,1431A,JQLH,17.0,568.5755218042783,-551.5755218042783
2021-11-07 11:00:00,1431A,JQLH,18.0,570.213140074803,-552.213140074803
2021-11-07 12:00:00,1431A,JQLH,17.0,570.7397764627771,-553.7397764627771
2021-11-07 13:00:00,1431A,JQLH,19.0,569.0382765830706,-550.0382765830706
2021-11-07 14:00:00,1431A,JQLH,22.0,567.198609678981,-545.198609678981
2021-11-07 15:00:00,1431A,JQLH,21.0,566.5769947950176,-545.5769947950176
2021-11-07 16:00:00,1431A,JQLH,19.0,565.2716045117168,-546.2716045117168
2021-11-07 17:00:00,1431A,JQLH,22.0,564.8578246473481,-542.8578246473481
2021-11-07 18:00:00,1431A,JQLH,24.0,564.4829619030771,-540.4829619030771
2021-11-07 19:00:00,1431A,JQLH,24.0,566.7527725055895,-542.7527725055895
2021-11-07 20:00:00,1431A,JQLH,25.0,568.6043312089395,-543.6043312089395
2021-11-07 21:00:00,1431A,JQLH,37.0,570.6204263371387,-533.6204263371387
2021-11-07 22:00:00,1431A,JQLH,40.0,571.3476202107502,-531.3476202107502
2021-11-07 23:00:00,1431A,JQLH,36.0,572.3803941665509,-536.3803941665509
2021-11-08 00:00:00,1431A,JQLH,36.0,572.5363976936898,-536.5363976936898
2021-11-08 01:00:00,1431A,JQLH,33.0,571.3665170232571,-538.3665170232571
2021-11-08 02:00:00,1431A,JQLH,30.0,570.7750138433288,-540.7750138433288
2021-11-08 03:00:00,1431A,JQLH,29.0,569.728776582526,-540.728776582526
2021-11-08 04:00:00,1431A,JQLH,27.0,568.6359560029979,-541.6359560029979
2021-11-08 05:00:00,1431A,JQLH,26.0,568.9952860246227,-542.9952860246227
2021-11-08 06:00:00,1431A,JQLH,29.0,568.9741902244372,-539.9741902244372
2021-11-08 07:00:00,1431A,JQLH,27.0,568.2364973599674,-541.2364973599674
2021-11-08 08:00:00,1431A,JQLH,27.0,568.2227099167922,-541.2227099167922
2021-11-08 09:00:00,1431A,JQLH,26.0,568.7381881918399,-542.7381881918399
2021-11-08 10:00:00,1431A,JQLH,28.0,569.9837187283689,-541.9837187283689
2021-11-08 11:00:00,1431A,JQLH,33.0,571.6213369988936,-538.6213369988936
2021-11-08 12:00:00,1431A,JQLH,35.0,572.1479733868676,-537.1479733868676
2021-11-08 13:00:00,1431A,JQLH,34.0,570.4464735071612,-536.4464735071612
2021-11-08 14:00:00,1431A,JQLH,31.0,568.6068066030716,-537.6068066030716
2021-11-08 15:00:00,1431A,JQLH,33.0,567.9851917191082,-534.9851917191082
2021-11-08 16:00:00,1431A,JQLH,30.0,566.6798014358073,-536.6798014358073
2021-11-08 17:00:00,1431A,JQLH,27.0,566.2660215714387,-539.2660215714387
2021-11-08 18:00:00,1431A,JQLH,53.0,565.8911588271677,-512.8911588271677
2021-11-08 19:00:00,1431A,JQLH,56.0,568.1609694296801,-512.1609694296801
2021-11-08 20:00:00,1431A,JQLH,58.0,570.0125281330301,-512.0125281330301
2021-11-08 21:00:00,1431A,JQLH,57.0,572.0286232612293,-515.0286232612293
2021-11-08 22:00:00,1431A,JQLH,42.0,572.7558171348408,-530.7558171348408
2021-11-08 23:00:00,1431A,JQLH,36.0,573.7885910906415,-537.7885910906415
2021-11-09 00:00:00,1431A,JQLH,36.0,573.9445946177804,-537.9445946177804
2021-11-09 01:00:00,1431A,JQLH,51.0,572.7747139473477,-521.7747139473477
2021-11-09 02:00:00,1431A,JQLH,59.0,572.1832107674194,-513.1832107674194
2021-11-09 03:00:00,1431A,JQLH,59.0,571.1369735066166,-512.1369735066166
2021-11-09 04:00:00,1431A,JQLH,53.0,570.0441529270885,-517.0441529270885
2021-11-09 05:00:00,1431A,JQLH,49.0,570.4034829487133,-521.4034829487133
2021-11-09 06:00:00,1431A,JQLH,56.0,570.3823871485278,-514.3823871485278
2021-11-09 07:00:00,1431A,JQLH,51.0,569.644694284058,-518.644694284058
2021-11-09 08:00:00,1431A,JQLH,69.0,569.6309068408827,-500.63090684088274
2021-11-09 09:00:00,1431A,JQLH,51.0,570.1463851159305,-519.1463851159305
2021-11-09 10:00:00,1431A,JQLH,36.0,571.3919156524595,-535.3919156524595
2021-11-09 11:00:00,1431A,JQLH,38.0,573.0295339229842,-535.0295339229842
2021-11-09 12:00:00,1431A,JQLH,39.0,573.5561703109582,-534.5561703109582
2021-11-09 13:00:00,1431A,JQLH,41.0,571.8546704312517,-530.8546704312517
2021-11-09 14:00:00,1431A,JQLH,41.0,570.0150035271622,-529.0150035271622
2021-11-09 15:00:00,1431A,JQLH,41.0,569.3933886431988,-528.3933886431988
2021-11-09 16:00:00,1431A,JQLH,44.0,568.0879983598979,-524.0879983598979
2021-11-09 17:00:00,1431A,JQLH,43.0,567.6742184955293,-524.6742184955293
2021-11-09 18:00:00,1431A,JQLH,43.0,567.2993557512583,-524.2993557512583
2021-11-09 19:00:00,1431A,JQLH,48.0,569.5691663537707,-521.5691663537707
2021-11-09 20:00:00,1431A,JQLH,53.0,571.4207250571206,-518.4207250571206
2021-11-09 21:00:00,1431A,JQLH,56.0,573.4368201853199,-517.4368201853199
2021-11-09 22:00:00,1431A,JQLH,60.0,574.1640140589313,-514.1640140589313
2021-11-09 23:00:00,1431A,JQLH,61.0,575.1967880147321,-514.1967880147321
2021-11-10 00:00:00,1431A,JQLH,62.0,575.3527915418709,-513.3527915418709
2021-11-10 01:00:00,1431A,JQLH,60.0,574.1829108714383,-514.1829108714383
2021-11-10 02:00:00,1431A,JQLH,56.0,573.59140769151,-517.59140769151
2021-11-10 03:00:00,1431A,JQLH,52.0,572.5451704307072,-520.5451704307072
2021-11-10 04:00:00,1431A,JQLH,50.0,571.4523498511791,-521.4523498511791
2021-11-10 05:00:00,1431A,JQLH,49.0,571.8116798728039,-522.8116798728039
2021-11-10 06:00:00,1431A,JQLH,48.0,571.7905840726183,-523.7905840726183
2021-11-10 07:00:00,1431A,JQLH,49.0,571.0528912081486,-522.0528912081486
2021-11-10 08:00:00,1431A,JQLH,46.0,571.0391037649733,-525.0391037649733
2021-11-10 09:00:00,1431A,JQLH,51.0,571.554582040021,-520.554582040021
2021-11-10 10:00:00,1431A,JQLH,66.0,572.8001125765501,-506.8001125765501
2021-11-10 11:00:00,1431A,JQLH,69.0,574.4377308470748,-505.4377308470748
2021-11-10 12:00:00,1431A,JQLH,70.0,574.9643672350488,-504.9643672350488
2021-11-10 13:00:00,1431A,JQLH,63.0,573.2628673553423,-510.26286735534234
2021-11-10 14:00:00,1431A,JQLH,59.0,571.4232004512528,-512.4232004512528
2021-11-10 15:00:00,1431A,JQLH,57.0,570.8015855672894,-513.8015855672894
2021-11-10 16:00:00,1431A,JQLH,52.0,569.4961952839885,-517.4961952839885
2021-11-10 17:00:00,1431A,JQLH,48.0,569.0824154196199,-521.0824154196199
2021-11-10 18:00:00,1431A,JQLH,48.0,568.7075526753489,-520.7075526753489
2021-11-10 19:00:00,1431A,JQLH,49.0,570.9773632778613,-521.9773632778613
2021-11-10 20:00:00,1431A,JQLH,48.0,572.8289219812112,-524.8289219812112
2021-11-10 21:00:00,1431A,JQLH,45.0,574.8450171094105,-529.8450171094105
2021-11-10 22:00:00,1431A,JQLH,46.0,575.5722109830219,-529.5722109830219
2021-11-10 23:00:00,1431A,JQLH,46.0,576.6049849388227,-530.6049849388227
2021-11-11 00:00:00,1431A,JQLH,46.0,576.7609884659615,-530.7609884659615
2021-11-11 01:00:00,1431A,JQLH,49.0,575.5911077955288,-526.5911077955288
2021-11-11 02:00:00,1431A,JQLH,56.0,574.9996046156006,-518.9996046156006
2021-11-11 03:00:00,1431A,JQLH,61.0,573.9533673547978,-512.9533673547978
2021-11-11 04:00:00,1431A,JQLH,71.0,572.8605467752697,-501.86054677526965
2021-11-11 05:00:00,1431A,JQLH,73.0,573.2198767968945,-500.2198767968945
2021-11-11 06:00:00,1431A,JQLH,74.0,573.1987809967089,-499.19878099670893
2021-11-11 07:00:00,1431A,JQLH,81.0,572.4610881322392,-491.4610881322392
2021-11-11 08:00:00,1431A,JQLH,77.0,572.4473006890639,-495.4473006890639
2021-11-11 09:00:00,1431A,JQLH,82.0,572.9627789641116,-490.96277896411164
2021-11-11 10:00:00,1431A,JQLH,91.0,574.2083095006407,-483.20830950064067
2021-11-11 11:00:00,1431A,JQLH,106.0,575.8459277711654,-469.8459277711654
2021-11-11 12:00:00,1431A,JQLH,90.0,576.3725641591394,-486.3725641591394
2021-11-11 13:00:00,1431A,JQLH,77.0,574.6710642794329,-497.6710642794329
2021-11-11 14:00:00,1431A,JQLH,69.0,572.8313973753434,-503.8313973753434
2021-11-11 15:00:00,1431A,JQLH,56.0,572.20978249138,-516.20978249138
2021-11-11 16:00:00,1431A,JQLH,66.0,570.9043922080791,-504.9043922080791
2021-11-11 17:00:00,1431A,JQLH,75.0,570.4906123437105,-495.4906123437105
2021-11-11 18:00:00,1431A,JQLH,48.0,570.1157495994395,-522.1157495994395
2021-11-11 19:00:00,1431A,JQLH,,572.3855602019519,
2021-11-11 20:00:00,1431A,JQLH,52.0,574.2371189053018,-522.2371189053018
2021-11-11 21:00:00,1431A,JQLH,56.0,576.2532140335011,-520.2532140335011
2021-11-11 22:00:00,1431A,JQLH,44.0,576.9804079071125,-532.9804079071125
2021-11-11 23:00:00,1431A,JQLH,43.0,578.0131818629133,-535.0131818629133
2021-11-12 00:00:00,1431A,JQLH,41.0,578.1691853900521,-537.1691853900521
2021-11-12 01:00:00,1431A,JQLH,39.0,576.9993047196194,-537.9993047196194
2021-11-12 02:00:00,1431A,JQLH,39.0,576.4078015396911,-537.4078015396911
2021-11-12 03:00:00,1431A,JQLH,38.0,575.3615642788884,-537.3615642788884
2021-11-12 04:00:00,1431A,JQLH,38.0,574.2687436993602,-536.2687436993602
2021-11-12 05:00:00,1431A,JQLH,38.0,574.6280737209851,-536.6280737209851
2021-11-12 06:00:00,1431A,JQLH,39.0,574.6069779207995,-535.6069779207995
2021-11-12 07:00:00,1431A,JQLH,21.0,573.8692850563298,-552.8692850563298
2021-11-12 08:00:00,1431A,JQLH,18.0,573.8554976131545,-555.8554976131545
2021-11-12 09:00:00,1431A,JQLH,23.0,574.3709758882022,-551.3709758882022
2021-11-12 10:00:00,1431A,JQLH,28.0,575.6165064247313,-547.6165064247313
2021-11-12 11:00:00,1431A,JQLH,35.0,577.254124695256,-542.254124695256
2021-11-12 12:00:00,1431A,JQLH,37.0,577.78076108323,-540.78076108323
2021-11-12 13:00:00,1431A,JQLH,48.0,576.0792612035235,-528.0792612035235
2021-11-12 14:00:00,1431A,JQLH,49.0,574.239594299434,-525.239594299434
2021-11-12 15:00:00,1431A,JQLH,38.0,573.6179794154706,-535.6179794154706
2021-11-12 16:00:00,1431A,JQLH,29.0,572.3125891321697,-543.3125891321697
2021-11-12 17:00:00,1431A,JQLH,22.0,571.8988092678011,-549.8988092678011
2021-11-12 18:00:00,1431A,JQLH,24.0,571.5239465235301,-547.5239465235301
2021-11-12 19:00:00,1431A,JQLH,25.0,573.7937571260425,-548.7937571260425
2021-11-12 20:00:00,1431A,JQLH,35.0,575.6453158293924,-540.6453158293924
2021-11-12 21:00:00,1431A,JQLH,45.0,577.6614109575917,-532.6614109575917
2021-11-12 22:00:00,1431A,JQLH,58.0,578.3886048312031,-520.3886048312031
2021-11-12 23:00:00,1431A,JQLH,66.0,579.4213787870038,-513.4213787870038
2021-11-13 00:00:00,1431A,JQLH,71.0,579.5773823141427,-508.5773823141427
2021-11-13 01:00:00,1431A,JQLH,67.0,578.40750164371,-511.40750164371
2021-11-13 02:00:00,1431A,JQLH,67.0,577.8159984637817,-510.81599846378174
2021-11-13 03:00:00,1431A,JQLH,68.0,576.769761202979,-508.769761202979
2021-11-13 04:00:00,1431A,JQLH,71.0,575.6769406234508,-504.67694062345083
2021-11-13 05:00:00,1431A,JQLH,72.0,576.0362706450757,-504.03627064507566
2021-11-13 06:00:00,1431A,JQLH,72.0,576.0151748448901,-504.0151748448901
2021-11-13 07:00:00,1431A,JQLH,82.0,575.2774819804204,-493.27748198042036
2021-11-13 08:00:00,1431A,JQLH,85.0,575.2636945372451,-490.2636945372451
2021-11-13 09:00:00,1431A,JQLH,84.0,575.7791728122928,-491.7791728122928
2021-11-13 10:00:00,1431A,JQLH,,577.0247033488218,
2021-11-13 11:00:00,1431A,JQLH,,578.6623216193466,
2021-11-13 12:00:00,1431A,JQLH,,579.1889580073206,
2021-11-13 13:00:00,1431A,JQLH,,577.4874581276141,
2021-11-13 14:00:00,1431A,JQLH,,575.6477912235246,
2021-11-13 15:00:00,1431A,JQLH,,575.0261763395612,
2021-11-13 16:00:00,1431A,JQLH,,573.7207860562603,
2021-11-13 17:00:00,1431A,JQLH,,573.3070061918917,
2021-11-13 18:00:00,1431A,JQLH,,572.9321434476207,
2021-11-13 19:00:00,1431A,JQLH,,575.201954050133,
2021-11-13 20:00:00,1431A,JQLH,122.0,577.053512753483,-455.053512753483
2021-11-13 21:00:00,1431A,JQLH,116.0,579.0696078816823,-463.06960788168226
2021-11-13 22:00:00,1431A,JQLH,117.0,579.7968017552937,-462.7968017552937
2021-11-13 23:00:00,1431A,JQLH,123.0,580.8295757110944,-457.82957571109444
2021-11-14 00:00:00,1431A,JQLH,121.0,580.9855792382333,-459.9855792382333
2021-11-14 01:00:00,1431A,JQLH,132.0,579.8156985678006,-447.8156985678006
2021-11-14 02:00:00,1431A,JQLH,139.0,579.2241953878723,-440.2241953878723
2021-11-14 03:00:00,1431A,JQLH,138.0,578.1779581270696,-440.1779581270696
2021-11-14 04:00:00,1431A,JQLH,143.0,577.0851375475414,-434.0851375475414
2021-11-14 05:00:00,1431A,JQLH,146.0,577.4444675691662,-431.44446756916625
2021-11-14 06:00:00,1431A,JQLH,149.0,577.4233717689807,-428.4233717689807
2021-11-14 07:00:00,1431A,JQLH,125.0,576.685678904511,-451.68567890451095
2021-11-14 08:00:00,1431A,JQLH,124.0,576.6718914613357,-452.6718914613357
2021-11-14 09:00:00,1431A,JQLH,125.0,577.1873697363834,-452.1873697363834
2021-11-14 10:00:00,1431A,JQLH,133.0,578.4329002729124,-445.43290027291243
2021-11-14 11:00:00,1431A,JQLH,137.0,580.0705185434372,-443.0705185434372
2021-11-14 12:00:00,1431A,JQLH,138.0,580.5971549314112,-442.5971549314112
2021-11-14 13:00:00,1431A,JQLH,129.0,578.8956550517047,-449.8956550517047
2021-11-14 14:00:00,1431A,JQLH,124.0,577.0559881476152,-453.05598814761515
2021-11-14 15:00:00,1431A,JQLH,122.0,576.4343732636518,-454.43437326365176
2021-11-14 16:00:00,1431A,JQLH,125.0,575.1289829803509,-450.1289829803509
2021-11-14 17:00:00,1431A,JQLH,116.0,574.7152031159823,-458.71520311598226
2021-11-14 18:00:00,1431A,JQLH,118.0,574.3403403717112,-456.34034037171125
2021-11-14 19:00:00,1431A,JQLH,146.0,576.6101509742236,-430.61015097422364
2021-11-14 20:00:00,1431A,JQLH,139.0,578.4617096775736,-439.4617096775736
2021-11-14 21:00:00,1431A,JQLH,133.0,580.4778048057728,-447.47780480577285
2021-11-14 22:00:00,1431A,JQLH,123.0,581.2049986793843,-458.2049986793843
2021-11-14 23:00:00,1431A,JQLH,122.0,582.237772635185,-460.237772635185
2021-11-15 00:00:00,1431A,JQLH,117.0,582.3937761623239,-465.3937761623239
2021-11-15 01:00:00,1431A,JQLH,114.0,581.2238954918912,-467.2238954918912
2021-11-15 02:00:00,1431A,JQLH,123.0,580.6323923119629,-457.6323923119629
2021-11-15 03:00:00,1431A,JQLH,130.0,579.5861550511602,-449.5861550511602
2021-11-15 04:00:00,1431A,JQLH,132.0,578.493334471632,-446.493334471632
2021-11-15 05:00:00,1431A,JQLH,134.0,578.8526644932568,-444.85266449325684
2021-11-15 06:00:00,1431A,JQLH,138.0,578.8315686930713,-440.8315686930713
2021-11-15 07:00:00,1431A,JQLH,142.0,578.0938758286015,-436.09387582860154
2021-11-15 08:00:00,1431A,JQLH,138.0,578.0800883854263,-440.0800883854263
2021-11-15 09:00:00,1431A,JQLH,134.0,578.595566660474,-444.595566660474
2021-11-15 10:00:00,1431A,JQLH,142.0,579.841097197003,-437.841097197003
2021-11-15 11:00:00,1431A,JQLH,145.0,581.4787154675278,-436.47871546752776
2021-11-15 12:00:00,1431A,JQLH,,582.0053518555018,
2021-11-15 13:00:00,1431A,JQLH,140.0,580.3038519757953,-440.3038519757953
2021-11-15 14:00:00,1431A,JQLH,134.0,578.4641850717057,-444.46418507170574
2021-11-15 15:00:00,1431A,JQLH,127.0,577.8425701877424,-450.84257018774235
2021-11-15 16:00:00,1431A,JQLH,123.0,576.5371799044415,-453.5371799044415
2021-11-15 17:00:00,1431A,JQLH,126.0,576.1234000400729,-450.12340004007285
2021-11-15 18:00:00,1431A,JQLH,126.0,575.7485372958018,-449.74853729580184
2021-11-15 19:00:00,1431A,JQLH,129.0,578.0183478983142,-449.01834789831423
2021-11-15 20:00:00,1431A,JQLH,129.0,579.8699066016642,-450.8699066016642
2021-11-15 21:00:00,1431A,JQLH,141.0,581.8860017298634,-440.88600172986344
2021-11-15 22:00:00,1431A,JQLH,153.0,582.6131956034749,-429.6131956034749
2021-11-15 23:00:00,1431A,JQLH,149.0,583.6459695592756,-434.6459695592756
2021-11-16 00:00:00,1431A,JQLH,143.0,583.8019730864145,-440.8019730864145
2021-11-16 01:00:00,1431A,JQLH,143.0,582.6320924159818,-439.6320924159818
2021-11-16 02:00:00,1431A,JQLH,146.0,582.0405892360535,-436.0405892360535
2021-11-16 03:00:00,1431A,JQLH,150.0,580.9943519752508,-430.99435197525077
2021-11-16 04:00:00,1431A,JQLH,154.0,579.9015313957226,-425.9015313957226
2021-11-16 05:00:00,1431A,JQLH,150.0,580.2608614173474,-430.2608614173474
2021-11-16 06:00:00,1431A,JQLH,146.0,580.2397656171619,-434.2397656171619
2021-11-16 07:00:00,1431A,JQLH,142.0,579.5020727526921,-437.50207275269213
2021-11-16 08:00:00,1431A,JQLH,138.0,579.4882853095169,-441.48828530951687
2021-11-16 09:00:00,1431A,JQLH,142.0,580.0037635845646,-438.0037635845646
2021-11-16 10:00:00,1431A,JQLH,160.0,581.2492941210936,-421.2492941210936
2021-11-16 11:00:00,1431A,JQLH,161.0,582.8869123916184,-421.88691239161835
2021-11-16 12:00:00,1431A,JQLH,146.0,583.4135487795924,-437.41354877959236
2021-11-16 13:00:00,1431A,JQLH,146.0,581.7120488998859,-435.7120488998859
2021-11-16 14:00:00,1431A,JQLH,156.0,579.8723819957963,-423.87238199579633
2021-11-16 15:00:00,1431A,JQLH,131.0,579.2507671118329,-448.25076711183294
2021-11-16 16:00:00,1431A,JQLH,123.0,577.9453768285321,-454.94537682853206
2021-11-16 17:00:00,1431A,JQLH,102.0,577.5315969641634,-475.53159696416344
2021-11-16 18:00:00,1431A,JQLH,89.0,577.1567342198924,-488.1567342198924
2021-11-16 19:00:00,1431A,JQLH,80.0,579.4265448224048,-499.4265448224048
2021-11-16 20:00:00,1431A,JQLH,72.0,581.2781035257548,-509.2781035257548
2021-11-16 21:00:00,1431A,JQLH,76.0,583.294198653954,-507.294198653954
2021-11-16 22:00:00,1431A,JQLH,47.0,584.0213925275655,-537.0213925275655
2021-11-16 23:00:00,1431A,JQLH,27.0,585.0541664833662,-558.0541664833662
2021-11-17 00:00:00,1431A,JQLH,23.0,585.2101700105051,-562.2101700105051
2021-11-17 01:00:00,1431A,JQLH,22.0,584.0402893400724,-562.0402893400724
2021-11-17 02:00:00,1431A,JQLH,16.0,583.4487861601441,-567.4487861601441
2021-11-17 03:00:00,1431A,JQLH,17.0,582.4025488993414,-565.4025488993414
2021-11-17 04:00:00,1431A,JQLH,18.0,581.3097283198132,-563.3097283198132
2021-11-17 05:00:00,1431A,JQLH,18.0,581.669058341438,-563.669058341438
2021-11-17 06:00:00,1431A,JQLH,19.0,581.6479625412525,-562.6479625412525
2021-11-17 07:00:00,1431A,JQLH,21.0,580.9102696767827,-559.9102696767827
2021-11-17 08:00:00,1431A,JQLH,23.0,580.8964822336075,-557.8964822336075
2021-11-17 09:00:00,1431A,JQLH,27.0,581.4119605086552,-554.4119605086552
2021-11-17 10:00:00,1431A,JQLH,29.0,582.6574910451842,-553.6574910451842
2021-11-17 11:00:00,1431A,JQLH,33.0,584.2951093157089,-551.2951093157089
2021-11-17 12:00:00,1431A,JQLH,47.0,584.821745703683,-537.821745703683
2021-11-17 13:00:00,1431A,JQLH,51.0,583.1202458239765,-532.1202458239765
2021-11-17 14:00:00,1431A,JQLH,46.0,581.2805789198869,-535.2805789198869
2021-11-17 15:00:00,1431A,JQLH,42.0,580.6589640359235,-538.6589640359235
2021-11-17 16:00:00,1431A,JQLH,,579.3535737526227,
2021-11-17 17:00:00,1431A,JQLH,38.0,578.939793888254,-540.939793888254
2021-11-17 18:00:00,1431A,JQLH,,578.564931143983,
2021-11-17 19:00:00,1431A,JQLH,36.0,580.8347417464954,-544.8347417464954
2021-11-17 20:00:00,1431A,JQLH,36.0,582.6863004498454,-546.6863004498454
2021-11-17 21:00:00,1431A,JQLH,33.0,584.7023955780446,-551.7023955780446
2021-11-17 22:00:00,1431A,JQLH,30.0,585.429589451656,-555.429589451656
2021-11-17 23:00:00,1431A,JQLH,19.0,586.4623634074568,-567.4623634074568
2021-11-18 00:00:00,1431A,JQLH,18.0,586.6183669345957,-568.6183669345957
2021-11-18 01:00:00,1431A,JQLH,20.0,585.448486264163,-565.448486264163
2021-11-18 02:00:00,1431A,JQLH,22.0,584.8569830842347,-562.8569830842347
2021-11-18 03:00:00,1431A,JQLH,24.0,583.810745823432,-559.810745823432
2021-11-18 04:00:00,1431A,JQLH,24.0,582.7179252439038,-558.7179252439038
2021-11-18 05:00:00,1431A,JQLH,25.0,583.0772552655286,-558.0772552655286
2021-11-18 06:00:00,1431A,JQLH,26.0,583.0561594653431,-557.0561594653431
2021-11-18 07:00:00,1431A,JQLH,28.0,582.3184666008733,-554.3184666008733
2021-11-18 08:00:00,1431A,JQLH,31.0,582.304679157698,-551.304679157698
2021-11-18 09:00:00,1431A,JQLH,34.0,582.8201574327458,-548.8201574327458
2021-11-18 10:00:00,1431A,JQLH,40.0,584.0656879692748,-544.0656879692748
2021-11-18 11:00:00,1431A,JQLH,43.0,585.7033062397995,-542.7033062397995
2021-11-18 12:00:00,1431A,JQLH,49.0,586.2299426277735,-537.2299426277735
2021-11-18 13:00:00,1431A,JQLH,48.0,584.528442748067,-536.528442748067
2021-11-18 14:00:00,1431A,JQLH,48.0,582.6887758439775,-534.6887758439775
2021-11-18 15:00:00,1431A,JQLH,42.0,582.0671609600141,-540.0671609600141
2021-11-18 16:00:00,1431A,JQLH,39.0,580.7617706767132,-541.7617706767132
2021-11-18 17:00:00,1431A,JQLH,37.0,580.3479908123446,-543.3479908123446
2021-11-18 18:00:00,1431A,JQLH,39.0,579.9731280680736,-540.9731280680736
2021-11-18 19:00:00,1431A,JQLH,55.0,582.242938670586,-527.242938670586
2021-11-18 20:00:00,1431A,JQLH,56.0,584.094497373936,-528.094497373936
2021-11-18 21:00:00,1431A,JQLH,55.0,586.1105925021352,-531.1105925021352
2021-11-18 22:00:00,1431A,JQLH,52.0,586.8377863757466,-534.8377863757466
2021-11-18 23:00:00,1431A,JQLH,42.0,587.8705603315474,-545.8705603315474
2021-11-19 00:00:00,1431A,JQLH,29.0,588.0265638586862,-559.0265638586862
2021-11-19 01:00:00,1431A,JQLH,27.0,586.8566831882536,-559.8566831882536
2021-11-19 02:00:00,1431A,JQLH,26.0,586.2651800083253,-560.2651800083253
2021-11-19 03:00:00,1431A,JQLH,27.0,585.2189427475225,-558.2189427475225
2021-11-19 04:00:00,1431A,JQLH,25.0,584.1261221679944,-559.1261221679944
2021-11-19 05:00:00,1431A,JQLH,27.0,584.4854521896192,-557.4854521896192
2021-11-19 06:00:00,1431A,JQLH,31.0,584.4643563894336,-553.4643563894336
2021-11-19 07:00:00,1431A,JQLH,31.0,583.7266635249639,-552.7266635249639
2021-11-19 08:00:00,1431A,JQLH,34.0,583.7128760817886,-549.7128760817886
2021-11-19 09:00:00,1431A,JQLH,40.0,584.2283543568363,-544.2283543568363
2021-11-19 10:00:00,1431A,JQLH,39.0,585.4738848933654,-546.4738848933654
2021-11-19 11:00:00,1431A,JQLH,40.0,587.1115031638901,-547.1115031638901
2021-11-19 12:00:00,1431A,JQLH,42.0,587.6381395518641,-545.6381395518641
2021-11-19 13:00:00,1431A,JQLH,45.0,585.9366396721576,-540.9366396721576
2021-11-19 14:00:00,1431A,JQLH,45.0,584.0969727680681,-539.0969727680681
2021-11-19 15:00:00,1431A,JQLH,44.0,583.4753578841047,-539.4753578841047
2021-11-19 16:00:00,1431A,JQLH,42.0,582.1699676008038,-540.1699676008038
2021-11-19 17:00:00,1431A,JQLH,41.0,581.7561877364352,-540.7561877364352
2021-11-19 18:00:00,1431A,JQLH,44.0,581.3813249921642,-537.3813249921642
2021-11-19 19:00:00,1431A,JQLH,44.0,583.6511355946766,-539.6511355946766
2021-11-19 20:00:00,1431A,JQLH,48.0,585.5026942980265,-537.5026942980265
2021-11-19 21:00:00,1431A,JQLH,49.0,587.5187894262258,-538.5187894262258
2021-11-19 22:00:00,1431A,JQLH,48.0,588.2459832998372,-540.2459832998372
2021-11-19 23:00:00,1431A,JQLH,44.0,589.278757255638,-545.278757255638
2021-11-20 00:00:00,1431A,JQLH,44.0,589.4347607827768,-545.4347607827768
2021-11-20 01:00:00,1431A,JQLH,46.0,588.2648801123441,-542.2648801123441
2021-11-20 02:00:00,1431A,JQLH,50.0,587.6733769324159,-537.6733769324159
2021-11-20 03:00:00,1431A,JQLH,53.0,586.6271396716131,-533.6271396716131
2021-11-20 04:00:00,1431A,JQLH,55.0,585.534319092085,-530.534319092085
2021-11-20 05:00:00,1431A,JQLH,51.0,585.8936491137098,-534.8936491137098
2021-11-20 06:00:00,1431A,JQLH,46.0,585.8725533135242,-539.8725533135242
2021-11-20 07:00:00,1431A,JQLH,46.0,585.1348604490545,-539.1348604490545
2021-11-20 08:00:00,1431A,JQLH,44.0,585.1210730058792,-541.1210730058792
2021-11-20 09:00:00,1431A,JQLH,44.0,585.6365512809269,-541.6365512809269
2021-11-20 10:00:00,1431A,JQLH,45.0,586.882081817456,-541.882081817456
2021-11-20 11:00:00,1431A,JQLH,44.0,588.5197000879807,-544.5197000879807
2021-11-20 12:00:00,1431A,JQLH,49.0,589.0463364759547,-540.0463364759547
2021-11-20 13:00:00,1431A,JQLH,52.0,587.3448365962482,-535.3448365962482
2021-11-20 14:00:00,1431A,JQLH,56.0,585.5051696921587,-529.5051696921587
2021-11-20 15:00:00,1431A,JQLH,54.0,584.8835548081953,-530.8835548081953
2021-11-20 16:00:00,1431A,JQLH,60.0,583.5781645248944,-523.5781645248944
2021-11-20 17:00:00,1431A,JQLH,64.0,583.1643846605258,-519.1643846605258
2021-11-20 18:00:00,1431A,JQLH,68.0,582.7895219162548,-514.7895219162548
2021-11-20 19:00:00,1431A,JQLH,69.0,585.0593325187672,-516.0593325187672
2021-11-20 20:00:00,1431A,JQLH,68.0,586.9108912221171,-518.9108912221171
2021-11-20 21:00:00,1431A,JQLH,67.0,588.9269863503164,-521.9269863503164
2021-11-20 22:00:00,1431A,JQLH,62.0,589.6541802239278,-527.6541802239278
2021-11-20 23:00:00,1431A,JQLH,45.0,590.6869541797286,-545.6869541797286
2021-11-21 00:00:00,1431A,JQLH,28.0,590.8429577068674,-562.8429577068674
2021-11-21 01:00:00,1431A,JQLH,26.0,589.6730770364347,-563.6730770364347
2021-11-21 02:00:00,1431A,JQLH,24.0,589.0815738565065,-565.0815738565065
2021-11-21 03:00:00,1431A,JQLH,22.0,588.0353365957037,-566.0353365957037
2021-11-21 04:00:00,1431A,JQLH,22.0,586.9425160161755,-564.9425160161755
2021-11-21 05:00:00,1431A,JQLH,28.0,587.3018460378004,-559.3018460378004
2021-11-21 06:00:00,1431A,JQLH,24.0,587.2807502376148,-563.2807502376148
2021-11-21 07:00:00,1431A,JQLH,21.0,586.5430573731451,-565.5430573731451
2021-11-21 08:00:00,1431A,JQLH,26.0,586.5292699299698,-560.5292699299698
2021-11-21 09:00:00,1431A,JQLH,31.0,587.0447482050175,-556.0447482050175
2021-11-21 10:00:00,1431A,JQLH,28.0,588.2902787415466,-560.2902787415466
2021-11-21 11:00:00,1431A,JQLH,32.0,589.9278970120713,-557.9278970120713
2021-11-21 12:00:00,1431A,JQLH,34.0,590.4545334000453,-556.4545334000453
2021-11-21 13:00:00,1431A,JQLH,34.0,588.7530335203388,-554.7530335203388
2021-11-21 14:00:00,1431A,JQLH,27.0,586.9133666162493,-559.9133666162493
2021-11-21 15:00:00,1431A,JQLH,29.0,586.2917517322859,-557.2917517322859
2021-11-21 16:00:00,1431A,JQLH,21.0,584.986361448985,-563.986361448985
2021-11-21 17:00:00,1431A,JQLH,23.0,584.5725815846164,-561.5725815846164
2021-11-21 18:00:00,1431A,JQLH,25.0,584.1977188403454,-559.1977188403454
2021-11-21 19:00:00,1431A,JQLH,27.0,586.4675294428578,-559.4675294428578
2021-11-21 20:00:00,1431A,JQLH,40.0,588.3190881462077,-548.3190881462077
2021-11-21 21:00:00,1431A,JQLH,43.0,590.335183274407,-547.335183274407
2021-11-21 22:00:00,1431A,JQLH,42.0,591.0623771480184,-549.0623771480184
2021-11-21 23:00:00,1431A,JQLH,38.0,592.0951511038191,-554.0951511038191
2021-11-22 00:00:00,1431A,JQLH,38.0,592.251154630958,-554.251154630958
2021-11-22 01:00:00,1431A,JQLH,34.0,591.0812739605253,-557.0812739605253
2021-11-22 02:00:00,1431A,JQLH,18.0,590.489770780597,-572.489770780597
2021-11-22 03:00:00,1431A,JQLH,16.0,589.4435335197943,-573.4435335197943
2021-11-22 04:00:00,1431A,JQLH,16.0,588.3507129402661,-572.3507129402661
2021-11-22 05:00:00,1431A,JQLH,16.0,588.710042961891,-572.710042961891
2021-11-22 06:00:00,1431A,JQLH,14.0,588.6889471617054,-574.6889471617054
2021-11-22 07:00:00,1431A,JQLH,14.0,587.9512542972357,-573.9512542972357
2021-11-22 08:00:00,1431A,JQLH,16.0,587.9374668540604,-571.9374668540604
2021-11-22 09:00:00,1431A,JQLH,18.0,588.4529451291081,-570.4529451291081
2021-11-22 10:00:00,1431A,JQLH,20.0,589.6984756656371,-569.6984756656371
2021-11-22 11:00:00,1431A,JQLH,21.0,591.3360939361619,-570.3360939361619
2021-11-22 12:00:00,1431A,JQLH,21.0,591.8627303241359,-570.8627303241359
2021-11-22 13:00:00,1431A,JQLH,24.0,590.1612304444294,-566.1612304444294
2021-11-22 14:00:00,1431A,JQLH,23.0,588.3215635403399,-565.3215635403399
2021-11-22 15:00:00,1431A,JQLH,15.0,587.6999486563765,-572.6999486563765
2021-11-22 16:00:00,1431A,JQLH,13.0,586.3945583730756,-573.3945583730756
2021-11-22 17:00:00,1431A,JQLH,14.0,585.980778508707,-571.980778508707
2021-11-22 18:00:00,1431A,JQLH,14.0,585.605915764436,-571.605915764436
2021-11-22 19:00:00,1431A,JQLH,16.0,587.8757263669484,-571.8757263669484
2021-11-22 20:00:00,1431A,JQLH,18.0,589.7272850702983,-571.7272850702983
2021-11-22 21:00:00,1431A,JQLH,17.0,591.7433801984976,-574.7433801984976
2021-11-22 22:00:00,1431A,JQLH,19.0,592.470574072109,-573.470574072109
2021-11-22 23:00:00,1431A,JQLH,22.0,593.5033480279097,-571.5033480279097
2021-11-23 00:00:00,1431A,JQLH,22.0,593.6593515550486,-571.6593515550486
2021-11-23 01:00:00,1431A,JQLH,23.0,592.4894708846159,-569.4894708846159
2021-11-23 02:00:00,1431A,JQLH,25.0,591.8979677046876,-566.8979677046876
2021-11-23 03:00:00,1431A,JQLH,26.0,590.8517304438849,-564.8517304438849
2021-11-23 04:00:00,1431A,JQLH,28.0,589.7589098643567,-561.7589098643567
2021-11-23 05:00:00,1431A,JQLH,31.0,590.1182398859816,-559.1182398859816
2021-11-23 06:00:00,1431A,JQLH,32.0,590.097144085796,-558.097144085796
2021-11-23 07:00:00,1431A,JQLH,34.0,589.3594512213263,-555.3594512213263
2021-11-23 08:00:00,1431A,JQLH,35.0,589.345663778151,-554.345663778151
2021-11-23 09:00:00,1431A,JQLH,38.0,589.8611420531987,-551.8611420531987
2021-11-23 10:00:00,1431A,JQLH,42.0,591.1066725897277,-549.1066725897277
2021-11-23 11:00:00,1431A,JQLH,,592.7442908602525,
2021-11-23 12:00:00,1431A,JQLH,,593.2709272482265,
2021-11-23 13:00:00,1431A,JQLH,42.0,591.56942736852,-549.56942736852
2021-11-23 14:00:00,1431A,JQLH,35.0,589.7297604644305,-554.7297604644305
2021-11-23 15:00:00,1431A,JQLH,29.0,589.1081455804671,-560.1081455804671
2021-11-23 16:00:00,1431A,JQLH,24.0,587.8027552971662,-563.8027552971662
2021-11-23 17:00:00,1431A,JQLH,20.0,587.3889754327976,-567.3889754327976
2021-11-23 18:00:00,1431A,JQLH,22.0,587.0141126885266,-565.0141126885266
2021-11-23 19:00:00,1431A,JQLH,29.0,589.283923291039,-560.283923291039
2021-11-23 20:00:00,1431A,JQLH,36.0,591.1354819943889,-555.1354819943889
2021-11-23 21:00:00,1431A,JQLH,40.0,593.1515771225882,-553.1515771225882
2021-11-23 22:00:00,1431A,JQLH,40.0,593.8787709961996,-553.8787709961996
2021-11-23 23:00:00,1431A,JQLH,32.0,594.9115449520003,-562.9115449520003
2021-11-24 00:00:00,1431A,JQLH,33.0,595.0675484791392,-562.0675484791392
2021-11-24 01:00:00,1431A,JQLH,33.0,593.8976678087065,-560.8976678087065
2021-11-24 02:00:00,1431A,JQLH,33.0,593.3061646287782,-560.3061646287782
2021-11-24 03:00:00,1431A,JQLH,34.0,592.2599273679755,-558.2599273679755
2021-11-24 04:00:00,1431A,JQLH,33.0,591.1671067884473,-558.1671067884473
2021-11-24 05:00:00,1431A,JQLH,35.0,591.5264368100721,-556.5264368100721
2021-11-24 06:00:00,1431A,JQLH,36.0,591.5053410098866,-555.5053410098866
2021-11-24 07:00:00,1431A,JQLH,41.0,590.7676481454168,-549.7676481454168
2021-11-24 08:00:00,1431A,JQLH,43.0,590.7538607022416,-547.7538607022416
2021-11-24 09:00:00,1431A,JQLH,43.0,591.2693389772893,-548.2693389772893
2021-11-24 10:00:00,1431A,JQLH,41.0,592.5148695138183,-551.5148695138183
2021-11-24 11:00:00,1431A,JQLH,44.0,594.1524877843431,-550.1524877843431
2021-11-24 12:00:00,1431A,JQLH,33.0,594.6791241723171,-561.6791241723171
2021-11-24 13:00:00,1431A,JQLH,34.0,592.9776242926106,-558.9776242926106
2021-11-24 14:00:00,1431A,JQLH,33.0,591.137957388521,-558.137957388521
2021-11-24 15:00:00,1431A,JQLH,35.0,590.5163425045577,-555.5163425045577
2021-11-24 16:00:00,1431A,JQLH,40.0,589.2109522212568,-549.2109522212568
2021-11-24 17:00:00,1431A,JQLH,38.0,588.7971723568882,-550.7971723568882
2021-11-24 18:00:00,1431A,JQLH,37.0,588.4223096126171,-551.4223096126171
2021-11-24 19:00:00,1431A,JQLH,41.0,590.6921202151295,-549.6921202151295
2021-11-24 20:00:00,1431A,JQLH,43.0,592.5436789184795,-549.5436789184795
2021-11-24 21:00:00,1431A,JQLH,53.0,594.5597740466787,-541.5597740466787
2021-11-24 22:00:00,1431A,JQLH,43.0,595.2869679202902,-552.2869679202902
2021-11-24 23:00:00,1431A,JQLH,44.0,596.3197418760909,-552.3197418760909
2021-11-25 00:00:00,1431A,JQLH,47.0,596.4757454032298,-549.4757454032298
2021-11-25 01:00:00,1431A,JQLH,51.0,595.3058647327971,-544.3058647327971
2021-11-25 02:00:00,1431A,JQLH,50.0,594.7143615528688,-544.7143615528688
2021-11-25 03:00:00,1431A,JQLH,48.0,593.6681242920661,-545.6681242920661
2021-11-25 04:00:00,1431A,JQLH,45.0,592.5753037125379,-547.5753037125379
2021-11-25 05:00:00,1431A,JQLH,60.0,592.9346337341627,-532.9346337341627
2021-11-25 06:00:00,1431A,JQLH,88.0,592.9135379339772,-504.9135379339772
2021-11-25 07:00:00,1431A,JQLH,89.0,592.1758450695074,-503.17584506950743
2021-11-25 08:00:00,1431A,JQLH,92.0,592.1620576263322,-500.16205762633217
2021-11-25 09:00:00,1431A,JQLH,97.0,592.6775359013799,-495.6775359013799
2021-11-25 10:00:00,1431A,JQLH,95.0,593.9230664379089,-498.9230664379089
2021-11-25 11:00:00,1431A,JQLH,84.0,595.5606847084337,-511.56068470843366
2021-11-25 12:00:00,1431A,JQLH,90.0,596.0873210964077,-506.08732109640766
2021-11-25 13:00:00,1431A,JQLH,88.0,594.3858212167012,-506.3858212167012
2021-11-25 14:00:00,1431A,JQLH,81.0,592.5461543126116,-511.54615431261163
2021-11-25 15:00:00,1431A,JQLH,67.0,591.9245394286482,-524.9245394286482
2021-11-25 16:00:00,1431A,JQLH,64.0,590.6191491453474,-526.6191491453474
2021-11-25 17:00:00,1431A,JQLH,58.0,590.2053692809787,-532.2053692809787
2021-11-25 18:00:00,1431A,JQLH,59.0,589.8305065367077,-530.8305065367077
2021-11-25 19:00:00,1431A,JQLH,61.0,592.1003171392201,-531.1003171392201
2021-11-25 20:00:00,1431A,JQLH,56.0,593.9518758425701,-537.9518758425701
2021-11-25 21:00:00,1431A,JQLH,59.0,595.9679709707693,-536.9679709707693
2021-11-25 22:00:00,1431A,JQLH,57.0,596.6951648443808,-539.6951648443808
2021-11-25 23:00:00,1431A,JQLH,54.0,597.7279388001815,-543.7279388001815
2021-11-26 00:00:00,1431A,JQLH,55.0,597.8839423273204,-542.8839423273204
2021-11-26 01:00:00,1431A,JQLH,62.0,596.7140616568877,-534.7140616568877
2021-11-26 02:00:00,1431A,JQLH,68.0,596.1225584769594,-528.1225584769594
2021-11-26 03:00:00,1431A,JQLH,67.0,595.0763212161567,-528.0763212161567
2021-11-26 04:00:00,1431A,JQLH,66.0,593.9835006366285,-527.9835006366285
2021-11-26 05:00:00,1431A,JQLH,63.0,594.3428306582533,-531.3428306582533
2021-11-26 06:00:00,1431A,JQLH,59.0,594.3217348580678,-535.3217348580678
2021-11-26 07:00:00,1431A,JQLH,54.0,593.584041993598,-539.584041993598
2021-11-26 08:00:00,1431A,JQLH,52.0,593.5702545504228,-541.5702545504228
2021-11-26 09:00:00,1431A,JQLH,53.0,594.0857328254705,-541.0857328254705
2021-11-26 10:00:00,1431A,JQLH,57.0,595.3312633619995,-538.3312633619995
2021-11-26 11:00:00,1431A,JQLH,62.0,596.9688816325242,-534.9688816325242
2021-11-26 12:00:00,1431A,JQLH,56.0,597.4955180204983,-541.4955180204983
2021-11-26 13:00:00,1431A,JQLH,56.0,595.7940181407918,-539.7940181407918
2021-11-26 14:00:00,1431A,JQLH,59.0,593.9543512367022,-534.9543512367022
2021-11-26 15:00:00,1431A,JQLH,64.0,593.3327363527388,-529.3327363527388
2021-11-26 16:00:00,1431A,JQLH,68.0,592.027346069438,-524.027346069438
2021-11-26 17:00:00,1431A,JQLH,69.0,591.6135662050693,-522.6135662050693
2021-11-26 18:00:00,1431A,JQLH,68.0,591.2387034607983,-523.2387034607983
2021-11-26 19:00:00,1431A,JQLH,68.0,593.5085140633107,-525.5085140633107
2021-11-26 20:00:00,1431A,JQLH,65.0,595.3600727666607,-530.3600727666607
2021-11-26 21:00:00,1431A,JQLH,60.0,597.3761678948599,-537.3761678948599
2021-11-26 22:00:00,1431A,JQLH,56.0,598.1033617684714,-542.1033617684714
2021-11-26 23:00:00,1431A,JQLH,52.0,599.1361357242721,-547.1361357242721
2021-11-27 00:00:00,1431A,JQLH,55.0,599.292139251411,-544.292139251411
2021-11-27 01:00:00,1431A,JQLH,56.0,598.1222585809783,-542.1222585809783
2021-11-27 02:00:00,1431A,JQLH,49.0,597.53075540105,-548.53075540105
2021-11-27 03:00:00,1431A,JQLH,50.0,596.4845181402472,-546.4845181402472
2021-11-27 04:00:00,1431A,JQLH,56.0,595.3916975607191,-539.3916975607191
2021-11-27 05:00:00,1431A,JQLH,51.0,595.7510275823439,-544.7510275823439
2021-11-27 06:00:00,1431A,JQLH,48.0,595.7299317821584,-547.7299317821584
2021-11-27 07:00:00,1431A,JQLH,49.0,594.9922389176886,-545.9922389176886
2021-11-27 08:00:00,1431A,JQLH,55.0,594.9784514745133,-539.9784514745133
2021-11-27 09:00:00,1431A,JQLH,56.0,595.4939297495611,-539.4939297495611
2021-11-27 10:00:00,1431A,JQLH,55.0,596.7394602860901,-541.7394602860901
2021-11-27 11:00:00,1431A,JQLH,61.0,598.3770785566148,-537.3770785566148
2021-11-27 12:00:00,1431A,JQLH,60.0,598.9037149445888,-538.9037149445888
2021-11-27 13:00:00,1431A,JQLH,55.0,597.2022150648824,-542.2022150648824
2021-11-27 14:00:00,1431A,JQLH,58.0,595.3625481607928,-537.3625481607928
2021-11-27 15:00:00,1431A,JQLH,51.0,594.7409332768294,-543.7409332768294
2021-11-27 16:00:00,1431A,JQLH,45.0,593.4355429935285,-548.4355429935285
2021-11-27 17:00:00,1431A,JQLH,43.0,593.0217631291599,-550.0217631291599
2021-11-27 18:00:00,1431A,JQLH,41.0,592.6469003848889,-551.6469003848889
2021-11-27 19:00:00,1431A,JQLH,43.0,594.9167109874013,-551.9167109874013
2021-11-27 20:00:00,1431A,JQLH,45.0,596.7682696907513,-551.7682696907513
2021-11-27 21:00:00,1431A,JQLH,48.0,598.7843648189505,-550.7843648189505
2021-11-27 22:00:00,1431A,JQLH,48.0,599.511558692562,-551.511558692562
2021-11-27 23:00:00,1431A,JQLH,52.0,600.5443326483627,-548.5443326483627
2021-11-28 00:00:00,1431A,JQLH,50.0,600.7003361755015,-550.7003361755015
2021-11-28 01:00:00,1431A,JQLH,47.0,599.5304555050689,-552.5304555050689
2021-11-28 02:00:00,1431A,JQLH,45.0,598.9389523251406,-553.9389523251406
2021-11-28 03:00:00,1431A,JQLH,44.0,597.8927150643378,-553.8927150643378
2021-11-28 04:00:00,1431A,JQLH,52.0,596.7998944848097,-544.7998944848097
2021-11-28 05:00:00,1431A,JQLH,54.0,597.1592245064345,-543.1592245064345
2021-11-28 06:00:00,1431A,JQLH,56.0,597.138128706249,-541.138128706249
2021-11-28 07:00:00,1431A,JQLH,56.0,596.4004358417792,-540.4004358417792
2021-11-28 08:00:00,1431A,JQLH,53.0,596.3866483986039,-543.3866483986039
2021-11-28 09:00:00,1431A,JQLH,56.0,596.9021266736517,-540.9021266736517
2021-11-28 10:00:00,1431A,JQLH,58.0,598.1476572101807,-540.1476572101807
2021-11-28 11:00:00,1431A,JQLH,61.0,599.7852754807054,-538.7852754807054
2021-11-28 12:00:00,1431A,JQLH,70.0,600.3119118686794,-530.3119118686794
2021-11-28 13:00:00,1431A,JQLH,76.0,598.6104119889729,-522.6104119889729
2021-11-28 14:00:00,1431A,JQLH,74.0,596.7707450848834,-522.7707450848834
2021-11-28 15:00:00,1431A,JQLH,76.0,596.14913020092,-520.14913020092
2021-11-28 16:00:00,1431A,JQLH,77.0,594.8437399176191,-517.8437399176191
2021-11-28 17:00:00,1431A,JQLH,79.0,594.4299600532505,-515.4299600532505
2021-11-28 18:00:00,1431A,JQLH,77.0,594.0550973089795,-517.0550973089795
2021-11-28 19:00:00,1431A,JQLH,75.0,596.3249079114919,-521.3249079114919
2021-11-28 20:00:00,1431A,JQLH,77.0,598.1764666148418,-521.1764666148418
2021-11-28 21:00:00,1431A,JQLH,80.0,600.1925617430411,-520.1925617430411
2021-11-28 22:00:00,1431A,JQLH,78.0,600.9197556166525,-522.9197556166525
2021-11-28 23:00:00,1431A,JQLH,70.0,601.9525295724533,-531.9525295724533
2021-11-29 00:00:00,1431A,JQLH,65.0,602.1085330995921,-537.1085330995921
2021-11-29 01:00:00,1431A,JQLH,68.0,600.9386524291594,-532.9386524291594
2021-11-29 02:00:00,1431A,JQLH,66.0,600.3471492492312,-534.3471492492312
2021-11-29 03:00:00,1431A,JQLH,63.0,599.3009119884284,-536.3009119884284
2021-11-29 04:00:00,1431A,JQLH,63.0,598.2080914089003,-535.2080914089003
2021-11-29 05:00:00,1431A,JQLH,60.0,598.5674214305251,-538.5674214305251
2021-11-29 06:00:00,1431A,JQLH,55.0,598.5463256303395,-543.5463256303395
2021-11-29 07:00:00,1431A,JQLH,52.0,597.8086327658698,-545.8086327658698
2021-11-29 08:00:00,1431A,JQLH,51.0,597.7948453226945,-546.7948453226945
2021-11-29 09:00:00,1431A,JQLH,54.0,598.3103235977422,-544.3103235977422
2021-11-29 10:00:00,1431A,JQLH,33.0,599.5558541342713,-566.5558541342713
2021-11-29 11:00:00,1431A,JQLH,28.0,601.193472404796,-573.193472404796
2021-11-29 12:00:00,1431A,JQLH,20.0,601.72010879277,-581.72010879277
2021-11-29 13:00:00,1431A,JQLH,11.0,600.0186089130635,-589.0186089130635
2021-11-29 14:00:00,1431A,JQLH,10.0,598.178942008974,-588.178942008974
2021-11-29 15:00:00,1431A,JQLH,10.0,597.5573271250106,-587.5573271250106
2021-11-29 16:00:00,1431A,JQLH,10.0,596.2519368417097,-586.2519368417097
2021-11-29 17:00:00,1431A,JQLH,12.0,595.8381569773411,-583.8381569773411
2021-11-29 18:00:00,1431A,JQLH,12.0,595.4632942330701,-583.4632942330701
2021-11-29 19:00:00,1431A,JQLH,14.0,597.7331048355825,-583.7331048355825
2021-11-29 20:00:00,1431A,JQLH,18.0,599.5846635389324,-581.5846635389324
2021-11-29 21:00:00,1431A,JQLH,23.0,601.6007586671317,-578.6007586671317
2021-11-29 22:00:00,1431A,JQLH,23.0,602.3279525407431,-579.3279525407431
2021-11-29 23:00:00,1431A,JQLH,24.0,603.3607264965439,-579.3607264965439
2021-11-30 00:00:00,1431A,JQLH,25.0,603.5167300236827,-578.5167300236827
2021-11-30 01:00:00,1431A,JQLH,25.0,602.34684935325,-577.34684935325
2021-11-30 02:00:00,1431A,JQLH,26.0,601.7553461733218,-575.7553461733218
2021-11-30 03:00:00,1431A,JQLH,26.0,600.709108912519,-574.709108912519
2021-11-30 04:00:00,1431A,JQLH,24.0,599.6162883329908,-575.6162883329908
2021-11-30 05:00:00,1431A,JQLH,25.0,599.9756183546157,-574.9756183546157
2021-11-30 06:00:00,1431A,JQLH,27.0,599.9545225544301,-572.9545225544301
2021-11-30 07:00:00,1431A,JQLH,28.0,599.2168296899604,-571.2168296899604
2021-11-30 08:00:00,1431A,JQLH,29.0,599.2030422467851,-570.2030422467851
2021-11-30 09:00:00,1431A,JQLH,32.0,599.7185205218328,-567.7185205218328
2021-11-30 10:00:00,1431A,JQLH,43.0,600.9640510583619,-557.9640510583619
2021-11-30 11:00:00,1431A,JQLH,47.0,602.6016693288866,-555.6016693288866
2021-11-30 12:00:00,1431A,JQLH,47.0,603.1283057168606,-556.1283057168606
2021-11-30 13:00:00,1431A,JQLH,,601.4268058371541,
2021-11-30 14:00:00,1431A,JQLH,42.0,599.5871389330646,-557.5871389330646
2021-11-30 15:00:00,1431A,JQLH,40.0,598.9655240491012,-558.9655240491012
2021-11-30 16:00:00,1431A,JQLH,39.0,597.6601337658003,-558.6601337658003
2021-11-30 17:00:00,1431A,JQLH,42.0,597.2463539014317,-555.2463539014317
2021-11-30 18:00:00,1431A,JQLH,44.0,596.8714911571607,-552.8714911571607
2021-11-30 19:00:00,1431A,JQLH,44.0,599.1413017596731,-555.1413017596731
2021-11-30 20:00:00,1431A,JQLH,48.0,600.992860463023,-552.992860463023
2021-11-30 21:00:00,1431A,JQLH,52.0,603.0089555912223,-551.0089555912223
2021-11-30 22:00:00,1431A,JQLH,53.0,603.7361494648337,-550.7361494648337
2021-11-30 23:00:00,1431A,JQLH,51.0,604.7689234206345,-553.7689234206345
2021-12-01 00:00:00,1431A,JQLH,56.0,604.9249269477733,-548.9249269477733
2021-12-01 01:00:00,1431A,JQLH,57.0,603.7550462773406,-546.7550462773406
2021-12-01 02:00:00,1431A,JQLH,57.0,603.1635430974123,-546.1635430974123
2021-12-01 03:00:00,1431A,JQLH,57.0,602.1173058366096,-545.1173058366096
2021-12-01 04:00:00,1431A,JQLH,56.0,601.0244852570814,-545.0244852570814
2021-12-01 05:00:00,1431A,JQLH,61.0,601.3838152787063,-540.3838152787063
2021-12-01 06:00:00,1431A,JQLH,63.0,601.3627194785207,-538.3627194785207
2021-12-01 07:00:00,1431A,JQLH,63.0,600.625026614051,-537.625026614051
2021-12-01 08:00:00,1431A,JQLH,64.0,600.6112391708757,-536.6112391708757
2021-12-01 09:00:00,1431A,JQLH,68.0,601.1267174459234,-533.1267174459234
2021-12-01 10:00:00,1431A,JQLH,76.0,602.3722479824524,-526.3722479824524
2021-12-01 11:00:00,1431A,JQLH,,604.0098662529772,
2021-12-01 12:00:00,1431A,JQLH,,604.5365026409512,
2021-12-01 13:00:00,1431A,JQLH,62.0,602.8350027612447,-540.8350027612447
2021-12-01 14:00:00,1431A,JQLH,51.0,600.9953358571552,-549.9953358571552
2021-12-01 15:00:00,1431A,JQLH,47.0,600.3737209731918,-553.3737209731918
2021-12-01 16:00:00,1431A,JQLH,50.0,599.0683306898909,-549.0683306898909
2021-12-01 17:00:00,1431A,JQLH,39.0,598.6545508255223,-559.6545508255223
2021-12-01 18:00:00,1431A,JQLH,35.0,598.2796880812513,-563.2796880812513
2021-12-01 19:00:00,1431A,JQLH,39.0,600.5494986837637,-561.5494986837637
2021-12-01 20:00:00,1431A,JQLH,44.0,602.4010573871136,-558.4010573871136
2021-12-01 21:00:00,1431A,JQLH,45.0,604.4171525153129,-559.4171525153129
2021-12-01 22:00:00,1431A,JQLH,43.0,605.1443463889243,-562.1443463889243
2021-12-01 23:00:00,1431A,JQLH,44.0,606.177120344725,-562.177120344725
2021-12-02 00:00:00,1431A,JQLH,48.0,606.3331238718639,-558.3331238718639
2021-12-02 01:00:00,1431A,JQLH,48.0,605.1632432014312,-557.1632432014312
2021-12-02 02:00:00,1431A,JQLH,56.0,604.5717400215029,-548.5717400215029
2021-12-02 03:00:00,1431A,JQLH,,603.5255027607002,
2021-12-02 04:00:00,1431A,JQLH,,602.432682181172,
2021-12-02 05:00:00,1431A,JQLH,70.0,602.7920122027969,-532.7920122027969
2021-12-02 06:00:00,1431A,JQLH,71.0,602.7709164026113,-531.7709164026113
2021-12-02 07:00:00,1431A,JQLH,75.0,602.0332235381416,-527.0332235381416
2021-12-02 08:00:00,1431A,JQLH,82.0,602.0194360949663,-520.0194360949663
