timestamp,station_code,station_name,actual_pm25,sarima_prediction,residual
2021-01-01 00:00:00,1434A,SHP,54.0,108.94166685128772,-54.94166685128772
2021-01-01 01:00:00,1434A,SHP,56.0,109.49299776935312,-53.492997769353124
2021-01-01 02:00:00,1434A,SHP,,110.04155578715586,
2021-01-01 03:00:00,1434A,SHP,59.0,110.74460649527984,-51.74460649527984
2021-01-01 04:00:00,1434A,SHP,58.0,110.70012693692905,-52.70012693692905
2021-01-01 05:00:00,1434A,SHP,,110.4288051068488,
2021-01-01 06:00:00,1434A,SHP,,110.03252520913601,
2021-01-01 07:00:00,1434A,SHP,61.0,109.58331067691904,-48.58331067691904
2021-01-01 08:00:00,1434A,SHP,61.0,109.8747878752954,-48.8747878752954
2021-01-01 09:00:00,1434A,SHP,65.0,110.99188788757165,-45.99188788757165
2021-01-01 10:00:00,1434A,SHP,71.0,113.09467643777893,-42.09467643777893
2021-01-01 11:00:00,1434A,SHP,75.0,114.18624705357364,-39.18624705357364
2021-01-01 12:00:00,1434A,SHP,78.0,113.66506445562679,-35.66506445562679
2021-01-01 13:00:00,1434A,SHP,70.0,112.56818237166405,-42.56818237166405
2021-01-01 14:00:00,1434A,SHP,,110.56927449691493,
2021-01-01 15:00:00,1434A,SHP,67.0,108.13281413709029,-41.13281413709029
2021-01-01 16:00:00,1434A,SHP,73.0,106.78015521899762,-33.78015521899762
2021-01-01 17:00:00,1434A,SHP,72.0,105.29090550599105,-33.29090550599105
2021-01-01 18:00:00,1434A,SHP,62.0,104.89032647950835,-42.890326479508346
2021-01-01 19:00:00,1434A,SHP,63.0,104.65248200918937,-41.65248200918937
2021-01-01 20:00:00,1434A,SHP,64.0,106.4733574496688,-42.4733574496688
2021-01-01 21:00:00,1434A,SHP,65.0,108.96969670095092,-43.96969670095092
2021-01-01 22:00:00,1434A,SHP,65.0,110.91345258975163,-45.91345258975163
2021-01-01 23:00:00,1434A,SHP,66.0,110.59663379437899,-44.59663379437899
2021-01-02 00:00:00,1434A,SHP,66.0,110.67072502008335,-44.67072502008335
2021-01-02 01:00:00,1434A,SHP,67.0,111.24709305128113,-44.24709305128113
2021-01-02 02:00:00,1434A,SHP,66.0,111.78552440670362,-45.785524406703615
2021-01-02 03:00:00,1434A,SHP,71.0,112.25775363505402,-41.257753635054016
2021-01-02 04:00:00,1434A,SHP,73.0,112.11284598348796,-39.11284598348796
2021-01-02 05:00:00,1434A,SHP,74.0,111.83478695038487,-37.83478695038487
2021-01-02 06:00:00,1434A,SHP,76.0,111.4783292622331,-35.4783292622331
2021-01-02 07:00:00,1434A,SHP,76.0,110.99312907178596,-34.99312907178596
2021-01-02 08:00:00,1434A,SHP,75.0,111.24218169029905,-36.24218169029905
2021-01-02 09:00:00,1434A,SHP,78.0,112.41185172298455,-34.41185172298455
2021-01-02 10:00:00,1434A,SHP,84.0,114.59168607001959,-30.59168607001959
2021-01-02 11:00:00,1434A,SHP,86.0,115.53654361061093,-29.536543610610934
2021-01-02 12:00:00,1434A,SHP,85.0,114.80377027982803,-29.80377027982803
2021-01-02 13:00:00,1434A,SHP,82.0,113.481002184793,-31.481002184793
2021-01-02 14:00:00,1434A,SHP,87.0,111.43245913590835,-24.432459135908346
2021-01-02 15:00:00,1434A,SHP,87.0,109.10931669712245,-22.109316697122452
2021-01-02 16:00:00,1434A,SHP,94.0,107.64857626808005,-13.648576268080049
2021-01-02 17:00:00,1434A,SHP,91.0,105.89886645952171,-14.898866459521713
2021-01-02 18:00:00,1434A,SHP,100.0,105.46350945014733,-5.463509450147328
2021-01-02 19:00:00,1434A,SHP,110.0,105.39357705396012,4.606422946039885
2021-01-02 20:00:00,1434A,SHP,106.0,107.1603423334155,-1.1603423334154996
2021-01-02 21:00:00,1434A,SHP,109.0,109.64417511089577,-0.6441751108957732
2021-01-02 22:00:00,1434A,SHP,108.0,111.81001471179461,-3.810014711794608
2021-01-02 23:00:00,1434A,SHP,98.0,111.65914696752422,-13.659146967524222
2021-01-03 00:00:00,1434A,SHP,109.0,111.76135758868925,-2.7613575886892505
2021-01-03 01:00:00,1434A,SHP,114.0,112.33834732010935,1.6616526798906506
2021-01-03 02:00:00,1434A,SHP,,112.87652721889545,
2021-01-03 03:00:00,1434A,SHP,103.0,113.34302488528269,-10.343024885282688
2021-01-03 04:00:00,1434A,SHP,97.0,113.19562348902842,-16.19562348902842
2021-01-03 05:00:00,1434A,SHP,101.0,112.91739716345054,-11.917397163450545
2021-01-03 06:00:00,1434A,SHP,102.0,112.5619283064155,-10.561928306415496
2021-01-03 07:00:00,1434A,SHP,107.0,112.07583455081952,-5.075834550819522
2021-01-03 08:00:00,1434A,SHP,105.0,112.32383371837783,-7.323833718377827
2021-01-03 09:00:00,1434A,SHP,109.0,113.49480912493787,-4.494809124937873
2021-01-03 10:00:00,1434A,SHP,116.0,115.67655660743569,0.32344339256431454
2021-01-03 11:00:00,1434A,SHP,122.0,116.61777109417363,5.382228905826366
2021-01-03 12:00:00,1434A,SHP,121.0,115.87974372292071,5.120256277079292
2021-01-03 13:00:00,1434A,SHP,110.0,114.55136661926852,-4.551366619268521
2021-01-03 14:00:00,1434A,SHP,67.0,112.50159107210688,-45.501591072106876
2021-01-03 15:00:00,1434A,SHP,54.0,110.18126244721131,-56.18126244721131
2021-01-03 16:00:00,1434A,SHP,57.0,108.71783823034428,-51.717838230344285
2021-01-03 17:00:00,1434A,SHP,53.0,106.96166089901443,-53.96166089901443
2021-01-03 18:00:00,1434A,SHP,64.0,106.52544031245436,-42.525440312454364
2021-01-03 19:00:00,1434A,SHP,69.0,106.45967736556707,-37.459677365567075
2021-01-03 20:00:00,1434A,SHP,76.0,108.22509902769079,-32.22509902769079
2021-01-03 21:00:00,1434A,SHP,73.0,110.70862125508879,-37.70862125508879
2021-01-03 22:00:00,1434A,SHP,69.0,112.87997544916217,-43.879975449162174
2021-01-03 23:00:00,1434A,SHP,71.0,112.73322845974172,-41.733228459741724
2021-01-04 00:00:00,1434A,SHP,72.0,112.83613731773293,-40.836137317732934
2021-01-04 01:00:00,1434A,SHP,74.0,113.41314248668229,-39.41314248668229
2021-01-04 02:00:00,1434A,SHP,74.0,113.95131614151182,-39.951316141511825
2021-01-04 03:00:00,1434A,SHP,76.0,114.41767148664469,-38.41767148664469
2021-01-04 04:00:00,1434A,SHP,88.0,114.27020816785091,-26.27020816785091
2021-01-04 05:00:00,1434A,SHP,98.0,113.99197768820909,-15.99197768820909
2021-01-04 06:00:00,1434A,SHP,94.0,113.63653338498429,-19.63653338498429
2021-01-04 07:00:00,1434A,SHP,94.0,113.15041744114126,-19.150417441141258
2021-01-04 08:00:00,1434A,SHP,101.0,113.39839045030467,-12.398390450304674
2021-01-04 09:00:00,1434A,SHP,104.0,114.56939827079454,-10.569398270794537
2021-01-04 10:00:00,1434A,SHP,107.0,116.75119325863916,-9.751193258639162
2021-01-04 11:00:00,1434A,SHP,111.0,117.69231728417343,-6.692317284173427
2021-01-04 12:00:00,1434A,SHP,114.0,116.95415944907225,-2.9541594490722503
2021-01-04 13:00:00,1434A,SHP,112.0,115.62564306730576,-3.6256430673057594
2021-01-04 14:00:00,1434A,SHP,114.0,113.57583691579893,0.4241630842010693
2021-01-04 15:00:00,1434A,SHP,113.0,111.2555781611281,1.7444218388719008
2021-01-04 16:00:00,1434A,SHP,112.0,109.79208730273261,2.207912697267389
2021-01-04 17:00:00,1434A,SHP,112.0,108.03574937539778,3.964250624602215
2021-01-04 18:00:00,1434A,SHP,113.0,107.59950734522617,5.400492654773828
2021-01-04 19:00:00,1434A,SHP,119.0,107.53384793054498,11.46615206945502
2021-01-04 20:00:00,1434A,SHP,122.0,109.29923622910998,12.70076377089002
2021-01-04 21:00:00,1434A,SHP,123.0,111.78275074519343,11.217249254806575
2021-01-04 22:00:00,1434A,SHP,120.0,113.95424187293744,6.045758127062555
2021-01-04 23:00:00,1434A,SHP,113.0,113.80759720658405,-0.8075972065840489
2021-01-05 00:00:00,1434A,SHP,114.0,113.91052340259611,0.08947659740388758
2021-01-05 01:00:00,1434A,SHP,115.0,114.48752895487704,0.5124710451229646
2021-01-05 02:00:00,1434A,SHP,118.0,115.02570245466197,2.9742975453380325
2021-01-05 03:00:00,1434A,SHP,119.0,115.49205426579493,3.507945734205066
2021-01-05 04:00:00,1434A,SHP,118.0,115.3445894093935,2.6554105906064933
2021-01-05 05:00:00,1434A,SHP,119.0,115.06635882660152,3.9336411733984846
2021-01-05 06:00:00,1434A,SHP,121.0,114.710915133076,6.289084866924
2021-01-05 07:00:00,1434A,SHP,123.0,114.22479863827334,8.775201361726658
2021-01-05 08:00:00,1434A,SHP,124.0,114.47277099789382,9.527229002106182
2021-01-05 09:00:00,1434A,SHP,121.0,115.64377962325872,5.356220376741277
2021-01-05 10:00:00,1434A,SHP,121.0,117.82557579071558,3.1744242092844246
2021-01-05 11:00:00,1434A,SHP,122.0,118.76669756999443,3.2333024300055655
2021-01-05 12:00:00,1434A,SHP,109.0,118.02853649532632,-9.028536495326321
2021-01-05 13:00:00,1434A,SHP,90.0,116.70001665512461,-26.700016655124614
2021-01-05 14:00:00,1434A,SHP,74.0,114.65020974367681,-40.65020974367681
2021-01-05 15:00:00,1434A,SHP,64.0,112.32995272396376,-48.32995272396376
2021-01-05 16:00:00,1434A,SHP,56.0,110.86646021078273,-54.86646021078273
2021-01-05 17:00:00,1434A,SHP,58.0,109.11011829566499,-51.11011829566499
2021-01-05 18:00:00,1434A,SHP,51.0,108.67387573302392,-57.67387573302392
2021-01-05 19:00:00,1434A,SHP,55.0,108.6082188891661,-53.608218889166096
2021-01-05 20:00:00,1434A,SHP,57.0,110.3736063592757,-53.3736063592757
2021-01-05 21:00:00,1434A,SHP,67.0,112.85712068387835,-45.85712068387835
2021-01-05 22:00:00,1434A,SHP,73.0,115.02861521184238,-42.02861521184238
2021-01-05 23:00:00,1434A,SHP,68.0,114.88197308628804,-46.88197308628804
2021-01-06 00:00:00,1434A,SHP,63.0,114.98489971282308,-51.98489971282308
2021-01-06 01:00:00,1434A,SHP,62.0,115.56190527462255,-53.561905274622546
2021-01-06 02:00:00,1434A,SHP,64.0,116.10007877055754,-52.100078770557545
2021-01-06 03:00:00,1434A,SHP,63.0,116.56643049393725,-53.56643049393725
2021-01-06 04:00:00,1434A,SHP,60.0,116.41896559935525,-56.418965599355246
2021-01-06 05:00:00,1434A,SHP,57.0,116.14073501400193,-59.14073501400193
2021-01-06 06:00:00,1434A,SHP,57.0,115.78529133561592,-58.78529133561592
2021-01-06 07:00:00,1434A,SHP,58.0,115.2991748271323,-57.299174827132305
2021-01-06 08:00:00,1434A,SHP,60.0,115.5471471706239,-55.5471471706239
2021-01-06 09:00:00,1434A,SHP,60.0,116.71815581597477,-56.71815581597477
2021-01-06 10:00:00,1434A,SHP,58.0,118.89995201272274,-60.899952012722736
2021-01-06 11:00:00,1434A,SHP,59.0,119.84107373622452,-60.841073736224516
2021-01-06 12:00:00,1434A,SHP,62.0,119.10291258111424,-57.10291258111424
2021-01-06 13:00:00,1434A,SHP,72.0,117.77439265503561,-45.77439265503561
2021-01-06 14:00:00,1434A,SHP,73.0,115.72458572471758,-42.724585724717585
2021-01-06 15:00:00,1434A,SHP,78.0,113.40432874808553,-35.40432874808553
2021-01-06 16:00:00,1434A,SHP,79.0,111.94083619381428,-32.94083619381428
2021-01-06 17:00:00,1434A,SHP,97.0,110.1844941796753,-13.184494179675298
2021-01-06 18:00:00,1434A,SHP,98.0,109.7482516038124,-11.748251603812406
2021-01-06 19:00:00,1434A,SHP,91.0,109.68259482379106,-18.682594823791064
2021-01-06 20:00:00,1434A,SHP,87.0,111.44798227332916,-24.44798227332916
2021-01-06 21:00:00,1434A,SHP,83.0,113.93149659317712,-30.931496593177116
2021-01-06 22:00:00,1434A,SHP,76.0,116.10299120557251,-40.10299120557251
2021-01-06 23:00:00,1434A,SHP,77.0,115.95634914310912,-38.95634914310912
2021-01-07 00:00:00,1434A,SHP,82.0,116.05927578033452,-34.05927578033452
2021-01-07 01:00:00,1434A,SHP,76.0,116.63628134237035,-40.63628134237035
2021-01-07 02:00:00,1434A,SHP,62.0,117.17445483820975,-55.174454838209755
2021-01-07 03:00:00,1434A,SHP,58.0,117.64080655941044,-59.640806559410436
2021-01-07 04:00:00,1434A,SHP,52.0,117.49334166388039,-65.49334166388039
2021-01-07 05:00:00,1434A,SHP,43.0,117.21511107846345,-74.21511107846345
2021-01-07 06:00:00,1434A,SHP,44.0,116.8596674004534,-72.8596674004534
2021-01-07 07:00:00,1434A,SHP,40.0,116.37355089163007,-76.37355089163007
2021-01-07 08:00:00,1434A,SHP,35.0,116.62152323472114,-81.62152323472114
2021-01-07 09:00:00,1434A,SHP,35.0,117.79253188056829,-82.79253188056829
2021-01-07 10:00:00,1434A,SHP,35.0,119.97432807804358,-84.97432807804358
2021-01-07 11:00:00,1434A,SHP,37.0,120.91544980016035,-83.91544980016035
2021-01-07 12:00:00,1434A,SHP,39.0,120.1772886430526,-81.1772886430526
2021-01-07 13:00:00,1434A,SHP,40.0,118.84876871484154,-78.84876871484154
2021-01-07 14:00:00,1434A,SHP,38.0,116.79896178405495,-78.79896178405495
2021-01-07 15:00:00,1434A,SHP,,114.47870480849265,
2021-01-07 16:00:00,1434A,SHP,34.0,113.01521225320107,-79.01521225320107
2021-01-07 17:00:00,1434A,SHP,33.0,111.2588702366033,-78.2588702366033
2021-01-07 18:00:00,1434A,SHP,34.0,110.82262766041208,-76.82262766041208
2021-01-07 19:00:00,1434A,SHP,37.0,110.75697088197589,-73.75697088197589
2021-01-07 20:00:00,1434A,SHP,39.0,112.52235833100318,-73.52235833100318
2021-01-07 21:00:00,1434A,SHP,42.0,115.00587265073307,-73.00587265073307
2021-01-07 22:00:00,1434A,SHP,43.0,117.17736726522499,-74.17736726522499
2021-01-07 23:00:00,1434A,SHP,40.0,117.03072520432823,-77.03072520432823
2021-01-08 00:00:00,1434A,SHP,39.0,117.1336518418191,-78.1336518418191
2021-01-08 01:00:00,1434A,SHP,39.0,117.71065740386078,-78.71065740386078
2021-01-08 02:00:00,1434A,SHP,39.0,118.24883089969781,-79.24883089969781
2021-01-08 03:00:00,1434A,SHP,39.0,118.71518262084439,-79.71518262084439
2021-01-08 04:00:00,1434A,SHP,39.0,118.56771772529078,-79.56771772529078
2021-01-08 05:00:00,1434A,SHP,39.0,118.28948713987228,-79.28948713987228
2021-01-08 06:00:00,1434A,SHP,40.0,117.93404346187154,-77.93404346187154
2021-01-08 07:00:00,1434A,SHP,39.0,117.44792695303977,-78.44792695303977
2021-01-08 08:00:00,1434A,SHP,38.0,117.69589929612093,-79.69589929612093
2021-01-08 09:00:00,1434A,SHP,40.0,118.86690794198039,-78.86690794198039
2021-01-08 10:00:00,1434A,SHP,44.0,121.04870413947374,-77.04870413947374
2021-01-08 11:00:00,1434A,SHP,47.0,121.98982586155611,-74.98982586155611
2021-01-08 12:00:00,1434A,SHP,39.0,121.25166470439878,-82.25166470439878
2021-01-08 13:00:00,1434A,SHP,28.0,119.92314477613476,-91.92314477613476
2021-01-08 14:00:00,1434A,SHP,34.0,117.87333784533654,-83.87333784533654
2021-01-08 15:00:00,1434A,SHP,39.0,115.55308086980081,-76.55308086980081
2021-01-08 16:00:00,1434A,SHP,44.0,114.08958831448389,-70.08958831448389
2021-01-08 17:00:00,1434A,SHP,43.0,112.33324629782507,-69.33324629782507
2021-01-08 18:00:00,1434A,SHP,44.0,111.89700372162571,-67.89700372162571
2021-01-08 19:00:00,1434A,SHP,44.0,111.83134694322887,-67.83134694322887
2021-01-08 20:00:00,1434A,SHP,48.0,113.59673439224346,-65.59673439224346
2021-01-08 21:00:00,1434A,SHP,53.0,116.08024871197044,-63.08024871197044
2021-01-08 22:00:00,1434A,SHP,53.0,118.25174332651441,-65.25174332651441
2021-01-08 23:00:00,1434A,SHP,59.0,118.10510126565657,-59.10510126565657
2021-01-09 00:00:00,1434A,SHP,66.0,118.20802790315402,-52.20802790315402
2021-01-09 01:00:00,1434A,SHP,63.0,118.78503346519585,-55.78503346519585
2021-01-09 02:00:00,1434A,SHP,68.0,119.32320696103282,-51.323206961032824
2021-01-09 03:00:00,1434A,SHP,62.0,119.78955868217804,-57.78955868217804
2021-01-09 04:00:00,1434A,SHP,59.0,119.64209378662387,-60.642093786623875
2021-01-09 05:00:00,1434A,SHP,61.0,119.36386320120533,-58.363863201205334
2021-01-09 06:00:00,1434A,SHP,61.0,119.00841952320482,-58.00841952320482
2021-01-09 07:00:00,1434A,SHP,63.0,118.52230301437287,-55.522303014372866
2021-01-09 08:00:00,1434A,SHP,66.0,118.77027535745377,-52.77027535745377
2021-01-09 09:00:00,1434A,SHP,,119.94128400331353,
2021-01-09 10:00:00,1434A,SHP,76.0,122.12308020080734,-46.12308020080734
2021-01-09 11:00:00,1434A,SHP,81.0,123.06420192288886,-42.064201922888856
2021-01-09 12:00:00,1434A,SHP,82.0,122.32604076573028,-40.32604076573028
2021-01-09 13:00:00,1434A,SHP,81.0,120.99752083746495,-39.99752083746495
2021-01-09 14:00:00,1434A,SHP,78.0,118.94771390666646,-40.947713906666465
2021-01-09 15:00:00,1434A,SHP,85.0,116.62745693113136,-31.627456931131363
2021-01-09 16:00:00,1434A,SHP,81.0,115.16396437581382,-34.16396437581382
2021-01-09 17:00:00,1434A,SHP,71.0,113.40762235915348,-42.40762235915348
2021-01-09 18:00:00,1434A,SHP,70.0,112.97137978295392,-42.97137978295392
2021-01-09 19:00:00,1434A,SHP,73.0,112.90572300455806,-39.905723004558055
2021-01-09 20:00:00,1434A,SHP,73.0,114.67111045357235,-41.67111045357235
2021-01-09 21:00:00,1434A,SHP,67.0,117.15462477329923,-50.15462477329923
2021-01-09 22:00:00,1434A,SHP,67.0,119.32611938784451,-52.326119387844514
2021-01-09 23:00:00,1434A,SHP,76.0,119.17947732698762,-43.17947732698762
2021-01-10 00:00:00,1434A,SHP,81.0,119.28240396448524,-38.28240396448524
2021-01-10 01:00:00,1434A,SHP,78.0,119.85940952652707,-41.859409526527074
2021-01-10 02:00:00,1434A,SHP,75.0,120.39758302236405,-45.397583022364046
2021-01-10 03:00:00,1434A,SHP,72.0,120.86393474350925,-48.86393474350925
2021-01-10 04:00:00,1434A,SHP,69.0,120.71646984795504,-51.71646984795504
2021-01-10 05:00:00,1434A,SHP,70.0,120.4382392625365,-50.4382392625365
2021-01-10 06:00:00,1434A,SHP,73.0,120.082795584536,-47.082795584536
2021-01-10 07:00:00,1434A,SHP,80.0,119.59667907570403,-39.59667907570403
2021-01-10 08:00:00,1434A,SHP,85.0,119.84465141878492,-34.84465141878492
2021-01-10 09:00:00,1434A,SHP,85.0,121.0156600646447,-36.015660064644706
2021-01-10 10:00:00,1434A,SHP,44.0,123.19745626213853,-79.19745626213853
2021-01-10 11:00:00,1434A,SHP,34.0,124.13857798422003,-90.13857798422003
2021-01-10 12:00:00,1434A,SHP,40.0,123.40041682706142,-83.40041682706142
2021-01-10 13:00:00,1434A,SHP,46.0,122.07189689879607,-76.07189689879607
2021-01-10 14:00:00,1434A,SHP,56.0,120.02208996799753,-64.02208996799753
2021-01-10 15:00:00,1434A,SHP,49.0,117.70183299246247,-68.70183299246247
2021-01-10 16:00:00,1434A,SHP,43.0,116.23834043714493,-73.23834043714493
2021-01-10 17:00:00,1434A,SHP,36.0,114.48199842048454,-78.48199842048454
2021-01-10 18:00:00,1434A,SHP,36.0,114.04575584428498,-78.04575584428498
2021-01-10 19:00:00,1434A,SHP,37.0,113.98009906588914,-76.98009906588914
2021-01-10 20:00:00,1434A,SHP,40.0,115.74548651490339,-75.74548651490339
2021-01-10 21:00:00,1434A,SHP,60.0,118.2290008346303,-58.2290008346303
2021-01-10 22:00:00,1434A,SHP,60.0,120.40049544917561,-60.40049544917561
2021-01-10 23:00:00,1434A,SHP,54.0,120.25385338831875,-66.25385338831875
2021-01-11 00:00:00,1434A,SHP,57.0,120.35678002581636,-63.35678002581636
2021-01-11 01:00:00,1434A,SHP,58.0,120.9337855878582,-62.933785587858196
2021-01-11 02:00:00,1434A,SHP,60.0,121.47195908369517,-61.47195908369517
2021-01-11 03:00:00,1434A,SHP,63.0,121.93831080484036,-58.938310804840356
2021-01-11 04:00:00,1434A,SHP,66.0,121.79084590928616,-55.79084590928616
2021-01-11 05:00:00,1434A,SHP,64.0,121.51261532386762,-57.51261532386762
2021-01-11 06:00:00,1434A,SHP,58.0,121.15717164586712,-63.15717164586712
2021-01-11 07:00:00,1434A,SHP,58.0,120.67105513703515,-62.671055137035154
2021-01-11 08:00:00,1434A,SHP,70.0,120.91902748011604,-50.91902748011604
2021-01-11 09:00:00,1434A,SHP,68.0,122.09003612597583,-54.09003612597583
2021-01-11 10:00:00,1434A,SHP,69.0,124.27183232346965,-55.27183232346965
2021-01-11 11:00:00,1434A,SHP,41.0,125.21295404555114,-84.21295404555114
2021-01-11 12:00:00,1434A,SHP,28.0,124.47479288839254,-96.47479288839254
2021-01-11 13:00:00,1434A,SHP,18.0,123.14627296012718,-105.14627296012718
2021-01-11 14:00:00,1434A,SHP,18.0,121.09646602932867,-103.09646602932867
2021-01-11 15:00:00,1434A,SHP,20.0,118.77620905379361,-98.77620905379361
2021-01-11 16:00:00,1434A,SHP,23.0,117.31271649847605,-94.31271649847605
2021-01-11 17:00:00,1434A,SHP,26.0,115.55637448181567,-89.55637448181567
2021-01-11 18:00:00,1434A,SHP,27.0,115.12013190561609,-88.12013190561609
2021-01-11 19:00:00,1434A,SHP,29.0,115.05447512722024,-86.05447512722024
2021-01-11 20:00:00,1434A,SHP,33.0,116.81986257623453,-83.81986257623453
2021-01-11 21:00:00,1434A,SHP,38.0,119.30337689596142,-81.30337689596142
2021-01-11 22:00:00,1434A,SHP,43.0,121.47487151050673,-78.47487151050673
2021-01-11 23:00:00,1434A,SHP,46.0,121.32822944964987,-75.32822944964987
2021-01-12 00:00:00,1434A,SHP,40.0,121.43115608714749,-81.43115608714749
2021-01-12 01:00:00,1434A,SHP,35.0,122.00816164918932,-87.00816164918932
2021-01-12 02:00:00,1434A,SHP,35.0,122.54633514502629,-87.54633514502629
2021-01-12 03:00:00,1434A,SHP,35.0,123.01268686617148,-88.01268686617148
2021-01-12 04:00:00,1434A,SHP,36.0,122.86522197061728,-86.86522197061728
2021-01-12 05:00:00,1434A,SHP,39.0,122.58699138519874,-83.58699138519874
2021-01-12 06:00:00,1434A,SHP,43.0,122.23154770719825,-79.23154770719825
2021-01-12 07:00:00,1434A,SHP,45.0,121.74543119836628,-76.74543119836628
2021-01-12 08:00:00,1434A,SHP,46.0,121.99340354144717,-75.99340354144717
2021-01-12 09:00:00,1434A,SHP,50.0,123.16441218730695,-73.16441218730695
2021-01-12 10:00:00,1434A,SHP,53.0,125.34620838480078,-72.34620838480078
2021-01-12 11:00:00,1434A,SHP,50.0,126.28733010688227,-76.28733010688227
2021-01-12 12:00:00,1434A,SHP,45.0,125.54916894972366,-80.54916894972366
2021-01-12 13:00:00,1434A,SHP,40.0,124.2206490214583,-84.2206490214583
2021-01-12 14:00:00,1434A,SHP,39.0,122.17084209065979,-83.17084209065979
2021-01-12 15:00:00,1434A,SHP,40.0,119.85058511512473,-79.85058511512473
2021-01-12 16:00:00,1434A,SHP,39.0,118.38709255980717,-79.38709255980717
2021-01-12 17:00:00,1434A,SHP,41.0,116.63075054314679,-75.63075054314679
2021-01-12 18:00:00,1434A,SHP,42.0,116.19450796694721,-74.19450796694721
2021-01-12 19:00:00,1434A,SHP,44.0,116.12885118855137,-72.12885118855137
2021-01-12 20:00:00,1434A,SHP,46.0,117.89423863756565,-71.89423863756565
2021-01-12 21:00:00,1434A,SHP,53.0,120.37775295729254,-67.37775295729254
2021-01-12 22:00:00,1434A,SHP,56.0,122.54924757183785,-66.54924757183785
2021-01-12 23:00:00,1434A,SHP,58.0,122.40260551098099,-64.40260551098099
2021-01-13 00:00:00,1434A,SHP,60.0,122.50553214847861,-62.50553214847861
2021-01-13 01:00:00,1434A,SHP,61.0,123.08253771052044,-62.08253771052044
2021-01-13 02:00:00,1434A,SHP,66.0,123.62071120635741,-57.62071120635741
2021-01-13 03:00:00,1434A,SHP,68.0,124.0870629275026,-56.0870629275026
2021-01-13 04:00:00,1434A,SHP,72.0,123.9395980319484,-51.93959803194841
2021-01-13 05:00:00,1434A,SHP,84.0,123.66136744652987,-39.661367446529866
2021-01-13 06:00:00,1434A,SHP,94.0,123.30592376852937,-29.305923768529368
2021-01-13 07:00:00,1434A,SHP,99.0,122.8198072596974,-23.8198072596974
2021-01-13 08:00:00,1434A,SHP,100.0,123.06777960277829,-23.067779602778288
2021-01-13 09:00:00,1434A,SHP,104.0,124.23878824863807,-20.238788248638073
2021-01-13 10:00:00,1434A,SHP,108.0,126.4205844461319,-18.420584446131897
2021-01-13 11:00:00,1434A,SHP,96.0,127.36170616821339,-31.361706168213388
2021-01-13 12:00:00,1434A,SHP,,126.62354501105479,
2021-01-13 13:00:00,1434A,SHP,103.0,125.29502508278942,-22.295025082789422
2021-01-13 14:00:00,1434A,SHP,103.0,123.24521815199091,-20.245218151990912
2021-01-13 15:00:00,1434A,SHP,,120.92496117645585,
2021-01-13 16:00:00,1434A,SHP,,119.4614686211383,
2021-01-13 17:00:00,1434A,SHP,,117.70512660447791,
2021-01-13 18:00:00,1434A,SHP,101.0,117.26888402827834,-16.268884028278336
2021-01-13 19:00:00,1434A,SHP,126.0,117.20322724988249,8.796772750117512
2021-01-13 20:00:00,1434A,SHP,144.0,118.96861469889677,25.031385301103228
2021-01-13 21:00:00,1434A,SHP,148.0,121.45212901862367,26.547870981376334
2021-01-13 22:00:00,1434A,SHP,148.0,123.62362363316898,24.376376366831025
2021-01-13 23:00:00,1434A,SHP,148.0,123.47698157231211,24.523018427687887
2021-01-14 00:00:00,1434A,SHP,148.0,123.57990820980973,24.42009179019027
2021-01-14 01:00:00,1434A,SHP,145.0,124.15691377185156,20.843086228148437
2021-01-14 02:00:00,1434A,SHP,139.0,124.69508726768854,14.304912732311465
2021-01-14 03:00:00,1434A,SHP,135.0,125.16143898883372,9.838561011166277
2021-01-14 04:00:00,1434A,SHP,126.0,125.01397409327953,0.9860259067204709
2021-01-14 05:00:00,1434A,SHP,115.0,124.73574350786099,-9.735743507860988
2021-01-14 06:00:00,1434A,SHP,98.0,124.38029982986049,-26.38029982986049
2021-01-14 07:00:00,1434A,SHP,100.0,123.89418332102852,-23.89418332102852
2021-01-14 08:00:00,1434A,SHP,104.0,124.14215566410941,-20.14215566410941
2021-01-14 09:00:00,1434A,SHP,107.0,125.3131643099692,-18.313164309969196
2021-01-14 10:00:00,1434A,SHP,118.0,127.49496050746302,-9.49496050746302
2021-01-14 11:00:00,1434A,SHP,128.0,128.43608222954452,-0.4360822295445246
2021-01-14 12:00:00,1434A,SHP,119.0,127.69792107238592,-8.697921072385924
2021-01-14 13:00:00,1434A,SHP,98.0,126.36940114412056,-28.36940114412056
2021-01-14 14:00:00,1434A,SHP,62.0,124.31959421332205,-62.31959421332205
2021-01-14 15:00:00,1434A,SHP,74.0,121.99933723778699,-47.99933723778699
2021-01-14 16:00:00,1434A,SHP,81.0,120.53584468246943,-39.53584468246943
2021-01-14 17:00:00,1434A,SHP,85.0,118.77950266580905,-33.77950266580905
2021-01-14 18:00:00,1434A,SHP,84.0,118.34326008960947,-34.34326008960947
2021-01-14 19:00:00,1434A,SHP,79.0,118.27760331121362,-39.277603311213625
2021-01-14 20:00:00,1434A,SHP,79.0,120.04299076022791,-41.04299076022791
2021-01-14 21:00:00,1434A,SHP,85.0,122.5265050799548,-37.5265050799548
2021-01-14 22:00:00,1434A,SHP,88.0,124.69799969450011,-36.69799969450011
2021-01-14 23:00:00,1434A,SHP,92.0,124.55135763364325,-32.55135763364325
2021-01-15 00:00:00,1434A,SHP,102.0,124.65428427114087,-22.654284271140867
2021-01-15 01:00:00,1434A,SHP,109.0,125.2312898331827,-16.2312898331827
2021-01-15 02:00:00,1434A,SHP,114.0,125.76946332901967,-11.769463329019672
2021-01-15 03:00:00,1434A,SHP,135.0,126.23581505016486,8.76418494983514
2021-01-15 04:00:00,1434A,SHP,134.0,126.08835015461067,7.911649845389334
2021-01-15 05:00:00,1434A,SHP,130.0,125.81011956919212,4.189880430807875
2021-01-15 06:00:00,1434A,SHP,129.0,125.45467589119163,3.545324108808373
2021-01-15 07:00:00,1434A,SHP,132.0,124.96855938235966,7.031440617640342
2021-01-15 08:00:00,1434A,SHP,134.0,125.21653172544055,8.783468274559453
2021-01-15 09:00:00,1434A,SHP,137.0,126.38754037130033,10.612459628699668
2021-01-15 10:00:00,1434A,SHP,146.0,128.56933656879414,17.430663431205858
2021-01-15 11:00:00,1434A,SHP,156.0,129.51045829087565,26.489541709124353
2021-01-15 12:00:00,1434A,SHP,155.0,128.77229713371705,26.227702866282954
2021-01-15 13:00:00,1434A,SHP,142.0,127.44377720545168,14.556222794548319
2021-01-15 14:00:00,1434A,SHP,127.0,125.39397027465317,1.6060297253468292
2021-01-15 15:00:00,1434A,SHP,98.0,123.07371329911811,-25.07371329911811
2021-01-15 16:00:00,1434A,SHP,93.0,121.61022074380055,-28.610220743800554
2021-01-15 17:00:00,1434A,SHP,98.0,119.85387872714017,-21.85387872714017
2021-01-15 18:00:00,1434A,SHP,100.0,119.4176361509406,-19.417636150940595
2021-01-15 19:00:00,1434A,SHP,102.0,119.35197937254475,-17.351979372544747
2021-01-15 20:00:00,1434A,SHP,114.0,121.11736682155903,-7.117366821559031
2021-01-15 21:00:00,1434A,SHP,111.0,123.60088114128592,-12.600881141285925
2021-01-15 22:00:00,1434A,SHP,116.0,125.77237575583123,-9.772375755831234
2021-01-15 23:00:00,1434A,SHP,118.0,125.62573369497437,-7.625733694974372
2021-01-16 00:00:00,1434A,SHP,119.0,125.72866033247199,-6.728660332471989
2021-01-16 01:00:00,1434A,SHP,118.0,126.30566589451382,-8.305665894513822
2021-01-16 02:00:00,1434A,SHP,120.0,126.8438393903508,-6.843839390350794
2021-01-16 03:00:00,1434A,SHP,118.0,127.31019111149598,-9.310191111495982
2021-01-16 04:00:00,1434A,SHP,117.0,127.16272621594179,-10.162726215941788
2021-01-16 05:00:00,1434A,SHP,118.0,126.88449563052325,-8.884495630523247
2021-01-16 06:00:00,1434A,SHP,124.0,126.52905195252275,-2.5290519525227495
2021-01-16 07:00:00,1434A,SHP,128.0,126.04293544369078,1.95706455630922
2021-01-16 08:00:00,1434A,SHP,131.0,126.29090778677167,4.709092213228331
2021-01-16 09:00:00,1434A,SHP,137.0,127.46191643263145,9.538083567368545
2021-01-16 10:00:00,1434A,SHP,136.0,129.64371263012526,6.356287369874735
2021-01-16 11:00:00,1434A,SHP,145.0,130.58483435220677,14.41516564779323
2021-01-16 12:00:00,1434A,SHP,137.0,129.84667319504817,7.153326804951831
2021-01-16 13:00:00,1434A,SHP,95.0,128.5181532667828,-33.518153266782804
2021-01-16 14:00:00,1434A,SHP,112.0,126.4683463359843,-14.468346335984293
2021-01-16 15:00:00,1434A,SHP,78.0,124.14808936044923,-46.148089360449234
2021-01-16 16:00:00,1434A,SHP,44.0,122.68459680513168,-78.68459680513168
2021-01-16 17:00:00,1434A,SHP,35.0,120.92825478847129,-85.92825478847129
2021-01-16 18:00:00,1434A,SHP,33.0,120.49201221227172,-87.49201221227172
2021-01-16 19:00:00,1434A,SHP,31.0,120.42635543387587,-89.42635543387587
2021-01-16 20:00:00,1434A,SHP,23.0,122.19174288289015,-99.19174288289015
2021-01-16 21:00:00,1434A,SHP,22.0,124.67525720261705,-102.67525720261705
2021-01-16 22:00:00,1434A,SHP,22.0,126.84675181716236,-104.84675181716236
2021-01-16 23:00:00,1434A,SHP,22.0,126.7001097563055,-104.7001097563055
2021-01-17 00:00:00,1434A,SHP,23.0,126.80303639380311,-103.80303639380311
2021-01-17 01:00:00,1434A,SHP,22.0,127.38004195584494,-105.38004195584494
2021-01-17 02:00:00,1434A,SHP,22.0,127.91821545168192,-105.91821545168192
2021-01-17 03:00:00,1434A,SHP,22.0,128.3845671728271,-106.3845671728271
2021-01-17 04:00:00,1434A,SHP,26.0,128.23710227727292,-102.23710227727292
2021-01-17 05:00:00,1434A,SHP,32.0,127.95887169185438,-95.95887169185438
2021-01-17 06:00:00,1434A,SHP,30.0,127.60342801385389,-97.60342801385389
2021-01-17 07:00:00,1434A,SHP,29.0,127.11731150502192,-98.11731150502192
2021-01-17 08:00:00,1434A,SHP,29.0,127.3652838481028,-98.3652838481028
2021-01-17 09:00:00,1434A,SHP,30.0,128.53629249396258,-98.53629249396258
2021-01-17 10:00:00,1434A,SHP,31.0,130.7180886914564,-99.71808869145639
2021-01-17 11:00:00,1434A,SHP,33.0,131.6592104135379,-98.65921041353789
2021-01-17 12:00:00,1434A,SHP,35.0,130.9210492563793,-95.92104925637929
2021-01-17 13:00:00,1434A,SHP,20.0,129.59252932811393,-109.59252932811393
2021-01-17 14:00:00,1434A,SHP,8.0,127.54272239731542,-119.54272239731542
2021-01-17 15:00:00,1434A,SHP,11.0,125.22246542178036,-114.22246542178036
2021-01-17 16:00:00,1434A,SHP,12.0,123.7589728664628,-111.7589728664628
2021-01-17 17:00:00,1434A,SHP,16.0,122.00263084980242,-106.00263084980242
2021-01-17 18:00:00,1434A,SHP,16.0,121.56638827360284,-105.56638827360284
2021-01-17 19:00:00,1434A,SHP,22.0,121.50073149520699,-99.50073149520699
2021-01-17 20:00:00,1434A,SHP,27.0,123.26611894422128,-96.26611894422128
2021-01-17 21:00:00,1434A,SHP,31.0,125.74963326394817,-94.74963326394817
2021-01-17 22:00:00,1434A,SHP,36.0,127.92112787849348,-91.92112787849348
2021-01-17 23:00:00,1434A,SHP,35.0,127.77448581763662,-92.77448581763662
2021-01-18 00:00:00,1434A,SHP,32.0,127.87741245513423,-95.87741245513423
2021-01-18 01:00:00,1434A,SHP,27.0,128.45441801717607,-101.45441801717607
2021-01-18 02:00:00,1434A,SHP,26.0,128.99259151301302,-102.99259151301302
2021-01-18 03:00:00,1434A,SHP,24.0,129.45894323415823,-105.45894323415823
2021-01-18 04:00:00,1434A,SHP,24.0,129.31147833860405,-105.31147833860405
2021-01-18 05:00:00,1434A,SHP,24.0,129.0332477531855,-105.03324775318549
2021-01-18 06:00:00,1434A,SHP,24.0,128.67780407518498,-104.67780407518498
2021-01-18 07:00:00,1434A,SHP,25.0,128.191687566353,-103.19168756635301
2021-01-18 08:00:00,1434A,SHP,26.0,128.4396599094339,-102.43965990943391
2021-01-18 09:00:00,1434A,SHP,33.0,129.6106685552937,-96.6106685552937
2021-01-18 10:00:00,1434A,SHP,36.0,131.7924647527875,-95.79246475278751
2021-01-18 11:00:00,1434A,SHP,31.0,132.733586474869,-101.73358647486901
2021-01-18 12:00:00,1434A,SHP,30.0,131.9954253177104,-101.99542531771041
2021-01-18 13:00:00,1434A,SHP,23.0,130.66690538944505,-107.66690538944505
2021-01-18 14:00:00,1434A,SHP,,128.61709845864652,
2021-01-18 15:00:00,1434A,SHP,,126.29684148311146,
2021-01-18 16:00:00,1434A,SHP,,124.8333489277939,
2021-01-18 17:00:00,1434A,SHP,,123.07700691113352,
2021-01-18 18:00:00,1434A,SHP,,122.64076433493395,
2021-01-18 19:00:00,1434A,SHP,,122.5751075565381,
2021-01-18 20:00:00,1434A,SHP,,124.34049500555238,
2021-01-18 21:00:00,1434A,SHP,53.0,126.82400932527928,-73.82400932527928
2021-01-18 22:00:00,1434A,SHP,44.0,128.99550393982457,-84.99550393982457
2021-01-18 23:00:00,1434A,SHP,40.0,128.8488618789677,-88.84886187896771
2021-01-19 00:00:00,1434A,SHP,41.0,128.9517885164653,-87.95178851646531
2021-01-19 01:00:00,1434A,SHP,44.0,129.52879407850716,-85.52879407850716
2021-01-19 02:00:00,1434A,SHP,54.0,130.06696757434412,-76.06696757434412
2021-01-19 03:00:00,1434A,SHP,54.0,130.53331929548932,-76.53331929548932
2021-01-19 04:00:00,1434A,SHP,53.0,130.38585439993514,-77.38585439993514
2021-01-19 05:00:00,1434A,SHP,56.0,130.1076238145166,-74.10762381451659
2021-01-19 06:00:00,1434A,SHP,62.0,129.75218013651607,-67.75218013651607
2021-01-19 07:00:00,1434A,SHP,71.0,129.2660636276841,-58.266063627684105
2021-01-19 08:00:00,1434A,SHP,9.0,129.514035970765,-120.51403597076501
2021-01-19 09:00:00,1434A,SHP,18.0,130.6850446166248,-112.6850446166248
2021-01-19 10:00:00,1434A,SHP,26.0,132.8668408141186,-106.8668408141186
2021-01-19 11:00:00,1434A,SHP,,133.8079625362001,
2021-01-19 12:00:00,1434A,SHP,84.0,133.0698013790415,-49.06980137904151
2021-01-19 13:00:00,1434A,SHP,86.0,131.74128145077614,-45.74128145077614
2021-01-19 14:00:00,1434A,SHP,71.0,129.69147451997762,-58.69147451997762
2021-01-19 15:00:00,1434A,SHP,67.0,127.37121754444256,-60.37121754444256
2021-01-19 16:00:00,1434A,SHP,71.0,125.907724989125,-54.907724989125
2021-01-19 17:00:00,1434A,SHP,77.0,124.15138297246462,-47.15138297246462
2021-01-19 18:00:00,1434A,SHP,82.0,123.71514039626504,-41.71514039626504
2021-01-19 19:00:00,1434A,SHP,84.0,123.6494836178692,-39.649483617869194
2021-01-19 20:00:00,1434A,SHP,92.0,125.41487106688348,-33.41487106688348
2021-01-19 21:00:00,1434A,SHP,92.0,127.89838538661037,-35.89838538661037
2021-01-19 22:00:00,1434A,SHP,89.0,130.0698800011557,-41.069880001155695
2021-01-19 23:00:00,1434A,SHP,77.0,129.92323794029883,-52.92323794029883
2021-01-20 00:00:00,1434A,SHP,77.0,130.02616457779644,-53.026164577796436
2021-01-20 01:00:00,1434A,SHP,80.0,130.60317013983828,-50.603170139838284
2021-01-20 02:00:00,1434A,SHP,81.0,131.14134363567524,-50.14134363567524
2021-01-20 03:00:00,1434A,SHP,89.0,131.60769535682044,-42.60769535682044
2021-01-20 04:00:00,1434A,SHP,89.0,131.46023046126626,-42.46023046126626
2021-01-20 05:00:00,1434A,SHP,92.0,131.1819998758477,-39.18199987584771
2021-01-20 06:00:00,1434A,SHP,96.0,130.8265561978472,-34.8265561978472
2021-01-20 07:00:00,1434A,SHP,101.0,130.34043968901523,-29.340439689015227
2021-01-20 08:00:00,1434A,SHP,102.0,130.58841203209613,-28.58841203209613
2021-01-20 09:00:00,1434A,SHP,112.0,131.75942067795592,-19.759420677955916
2021-01-20 10:00:00,1434A,SHP,129.0,133.94121687544973,-4.941216875449726
2021-01-20 11:00:00,1434A,SHP,124.0,134.88233859753123,-10.88233859753123
2021-01-20 12:00:00,1434A,SHP,110.0,134.14417744037263,-24.14417744037263
2021-01-20 13:00:00,1434A,SHP,132.0,132.81565751210726,-0.8156575121072649
2021-01-20 14:00:00,1434A,SHP,116.0,130.76585058130874,-14.76585058130874
2021-01-20 15:00:00,1434A,SHP,106.0,128.44559360577367,-22.445593605773666
2021-01-20 16:00:00,1434A,SHP,102.0,126.98210105045611,-24.98210105045611
2021-01-20 17:00:00,1434A,SHP,100.0,125.22575903379573,-25.225759033795725
2021-01-20 18:00:00,1434A,SHP,,124.78951645759615,
2021-01-20 19:00:00,1434A,SHP,105.0,124.7238596792003,-19.723859679200302
2021-01-20 20:00:00,1434A,SHP,109.0,126.48924712821459,-17.489247128214586
2021-01-20 21:00:00,1434A,SHP,110.0,128.97276144794148,-18.97276144794148
2021-01-20 22:00:00,1434A,SHP,108.0,131.1442560624868,-23.14425606248679
2021-01-20 23:00:00,1434A,SHP,108.0,130.99761400162993,-22.997614001629927
2021-01-21 00:00:00,1434A,SHP,124.0,131.10054063912753,-7.10054063912753
2021-01-21 01:00:00,1434A,SHP,125.0,131.67754620116938,-6.677546201169378
2021-01-21 02:00:00,1434A,SHP,118.0,132.21571969700634,-14.215719697006335
2021-01-21 03:00:00,1434A,SHP,117.0,132.68207141815154,-15.682071418151537
2021-01-21 04:00:00,1434A,SHP,120.0,132.53460652259736,-12.534606522597358
2021-01-21 05:00:00,1434A,SHP,121.0,132.2563759371788,-11.256375937178802
2021-01-21 06:00:00,1434A,SHP,123.0,131.9009322591783,-8.90093225917829
2021-01-21 07:00:00,1434A,SHP,127.0,131.41481575034632,-4.414815750346321
2021-01-21 08:00:00,1434A,SHP,124.0,131.66278809342722,-7.662788093427224
2021-01-21 09:00:00,1434A,SHP,121.0,132.833796739287,-11.83379673928701
2021-01-21 10:00:00,1434A,SHP,121.0,135.01559293678082,-14.01559293678082
2021-01-21 11:00:00,1434A,SHP,128.0,135.95671465886232,-7.9567146588623245
2021-01-21 12:00:00,1434A,SHP,115.0,135.21855350170372,-20.218553501703724
2021-01-21 13:00:00,1434A,SHP,65.0,133.89003357343836,-68.89003357343836
2021-01-21 14:00:00,1434A,SHP,74.0,131.84022664263983,-57.840226642639834
2021-01-21 15:00:00,1434A,SHP,69.0,129.51996966710476,-60.51996966710476
2021-01-21 16:00:00,1434A,SHP,69.0,128.0564771117872,-59.05647711178719
2021-01-21 17:00:00,1434A,SHP,54.0,126.3001350951268,-72.3001350951268
2021-01-21 18:00:00,1434A,SHP,57.0,125.86389251892723,-68.86389251892723
2021-01-21 19:00:00,1434A,SHP,63.0,125.79823574053138,-62.79823574053138
2021-01-21 20:00:00,1434A,SHP,77.0,127.56362318954567,-50.563623189545666
2021-01-21 21:00:00,1434A,SHP,82.0,130.04713750927255,-48.047137509272545
2021-01-21 22:00:00,1434A,SHP,83.0,132.21863212381786,-49.218632123817855
2021-01-21 23:00:00,1434A,SHP,79.0,132.071990062961,-53.07199006296099
2021-01-22 00:00:00,1434A,SHP,76.0,132.1749167004586,-56.174916700458596
2021-01-22 01:00:00,1434A,SHP,74.0,132.75192226250044,-58.75192226250044
2021-01-22 02:00:00,1434A,SHP,72.0,133.2900957583374,-61.2900957583374
2021-01-22 03:00:00,1434A,SHP,70.0,133.7564474794826,-63.7564474794826
2021-01-22 04:00:00,1434A,SHP,72.0,133.60898258392842,-61.60898258392842
2021-01-22 05:00:00,1434A,SHP,74.0,133.33075199850987,-59.33075199850987
2021-01-22 06:00:00,1434A,SHP,76.0,132.97530832050936,-56.975308320509356
2021-01-22 07:00:00,1434A,SHP,77.0,132.4891918116774,-55.48919181167739
2021-01-22 08:00:00,1434A,SHP,77.0,132.7371641547583,-55.73716415475829
2021-01-22 09:00:00,1434A,SHP,80.0,133.90817280061808,-53.908172800618075
2021-01-22 10:00:00,1434A,SHP,89.0,136.08996899811189,-47.089968998111885
2021-01-22 11:00:00,1434A,SHP,94.0,137.0310907201934,-43.03109072019339
2021-01-22 12:00:00,1434A,SHP,93.0,136.2929295630348,-43.29292956303479
2021-01-22 13:00:00,1434A,SHP,74.0,134.96440963476942,-60.964409634769424
2021-01-22 14:00:00,1434A,SHP,69.0,132.9146027039709,-63.9146027039709
2021-01-22 15:00:00,1434A,SHP,60.0,130.59434572843583,-70.59434572843583
2021-01-22 16:00:00,1434A,SHP,51.0,129.13085317311825,-78.13085317311825
2021-01-22 17:00:00,1434A,SHP,51.0,127.37451115645787,-76.37451115645787
2021-01-22 18:00:00,1434A,SHP,56.0,126.9382685802583,-70.9382685802583
2021-01-22 19:00:00,1434A,SHP,63.0,126.87261180186245,-63.87261180186245
2021-01-22 20:00:00,1434A,SHP,63.0,128.63799925087673,-65.63799925087673
2021-01-22 21:00:00,1434A,SHP,58.0,131.1215135706036,-73.12151357060361
2021-01-22 22:00:00,1434A,SHP,58.0,133.29300818514892,-75.29300818514892
2021-01-22 23:00:00,1434A,SHP,60.0,133.14636612429206,-73.14636612429206
2021-01-23 00:00:00,1434A,SHP,70.0,133.24929276178966,-63.24929276178966
2021-01-23 01:00:00,1434A,SHP,75.0,133.8262983238315,-58.82629832383151
2021-01-23 02:00:00,1434A,SHP,80.0,134.36447181966847,-54.364471819668466
2021-01-23 03:00:00,1434A,SHP,86.0,134.83082354081367,-48.83082354081367
2021-01-23 04:00:00,1434A,SHP,93.0,134.6833586452595,-41.68335864525949
2021-01-23 05:00:00,1434A,SHP,99.0,134.40512805984093,-35.40512805984093
2021-01-23 06:00:00,1434A,SHP,102.0,134.04968438184042,-32.04968438184042
2021-01-23 07:00:00,1434A,SHP,104.0,133.56356787300845,-29.563567873008452
2021-01-23 08:00:00,1434A,SHP,107.0,133.81154021608936,-26.811540216089355
2021-01-23 09:00:00,1434A,SHP,115.0,134.98254886194914,-19.98254886194914
2021-01-23 10:00:00,1434A,SHP,122.0,137.16434505944295,-15.164345059442951
2021-01-23 11:00:00,1434A,SHP,124.0,138.10546678152446,-14.105466781524456
2021-01-23 12:00:00,1434A,SHP,129.0,137.36730562436586,-8.367305624365855
2021-01-23 13:00:00,1434A,SHP,130.0,136.0387856961005,-6.03878569610049
2021-01-23 14:00:00,1434A,SHP,132.0,133.98897876530197,-1.9889787653019653
2021-01-23 15:00:00,1434A,SHP,136.0,131.6687217897669,4.331278210233108
2021-01-23 16:00:00,1434A,SHP,133.0,130.20522923444932,2.7947707655506804
2021-01-23 17:00:00,1434A,SHP,124.0,128.44888721778895,-4.4488872177889505
2021-01-23 18:00:00,1434A,SHP,125.0,128.0126446415894,-3.0126446415893895
2021-01-23 19:00:00,1434A,SHP,138.0,127.94698786319354,10.053012136806458
2021-01-23 20:00:00,1434A,SHP,138.0,129.71237531220783,8.287624687792174
2021-01-23 21:00:00,1434A,SHP,138.0,132.1958896319347,5.804110368065295
2021-01-23 22:00:00,1434A,SHP,137.0,134.36738424648001,2.6326157535199854
2021-01-23 23:00:00,1434A,SHP,138.0,134.22074218562315,3.779257814376848
2021-01-24 00:00:00,1434A,SHP,139.0,134.32366882312076,4.676331176879245
2021-01-24 01:00:00,1434A,SHP,138.0,134.9006743851626,3.0993256148373973
2021-01-24 02:00:00,1434A,SHP,139.0,135.43884788099956,3.5611521190004396
2021-01-24 03:00:00,1434A,SHP,140.0,135.90519960214476,4.094800397855238
2021-01-24 04:00:00,1434A,SHP,151.0,135.75773470659058,15.242265293409417
2021-01-24 05:00:00,1434A,SHP,149.0,135.47950412117203,13.520495878827973
2021-01-24 06:00:00,1434A,SHP,148.0,135.12406044317152,12.875939556828484
2021-01-24 07:00:00,1434A,SHP,150.0,134.63794393433955,15.362056065660454
2021-01-24 08:00:00,1434A,SHP,159.0,134.88591627742045,24.11408372257955
2021-01-24 09:00:00,1434A,SHP,161.0,136.05692492328023,24.943075076719765
2021-01-24 10:00:00,1434A,SHP,155.0,138.23872112077404,16.761278879225955
2021-01-24 11:00:00,1434A,SHP,155.0,139.17984284285555,15.82015715714445
2021-01-24 12:00:00,1434A,SHP,155.0,138.44168168569695,16.55831831430305
2021-01-24 13:00:00,1434A,SHP,148.0,137.11316175743158,10.886838242568416
2021-01-24 14:00:00,1434A,SHP,152.0,135.06335482663306,16.93664517336694
2021-01-24 15:00:00,1434A,SHP,156.0,132.74309785109799,23.256902148902014
2021-01-24 16:00:00,1434A,SHP,156.0,131.2796052957804,24.720394704219586
2021-01-24 17:00:00,1434A,SHP,123.0,129.52326327912004,-6.5232632791200444
2021-01-24 18:00:00,1434A,SHP,103.0,129.08702070292048,-26.087020702920483
2021-01-24 19:00:00,1434A,SHP,60.0,129.02136392452465,-69.02136392452465
2021-01-24 20:00:00,1434A,SHP,53.0,130.78675137353892,-77.78675137353892
2021-01-24 21:00:00,1434A,SHP,37.0,133.2702656932658,-96.2702656932658
2021-01-24 22:00:00,1434A,SHP,42.0,135.4417603078111,-93.44176030781111
2021-01-24 23:00:00,1434A,SHP,56.0,135.29511824695425,-79.29511824695425
2021-01-25 00:00:00,1434A,SHP,64.0,135.39804488445185,-71.39804488445185
2021-01-25 01:00:00,1434A,SHP,68.0,135.9750504464937,-67.9750504464937
2021-01-25 02:00:00,1434A,SHP,65.0,136.51322394233065,-71.51322394233065
2021-01-25 03:00:00,1434A,SHP,63.0,136.97957566347586,-73.97957566347586
2021-01-25 04:00:00,1434A,SHP,61.0,136.83211076792168,-75.83211076792168
2021-01-25 05:00:00,1434A,SHP,60.0,136.55388018250312,-76.55388018250312
2021-01-25 06:00:00,1434A,SHP,62.0,136.1984365045026,-74.19843650450261
2021-01-25 07:00:00,1434A,SHP,61.0,135.71231999567064,-74.71231999567064
2021-01-25 08:00:00,1434A,SHP,57.0,135.96029233875154,-78.96029233875154
2021-01-25 09:00:00,1434A,SHP,55.0,137.13130098461133,-82.13130098461133
2021-01-25 10:00:00,1434A,SHP,52.0,139.31309718210514,-87.31309718210514
2021-01-25 11:00:00,1434A,SHP,47.0,140.25421890418664,-93.25421890418664
2021-01-25 12:00:00,1434A,SHP,45.0,139.51605774702804,-94.51605774702804
2021-01-25 13:00:00,1434A,SHP,52.0,138.18753781876268,-86.18753781876268
2021-01-25 14:00:00,1434A,SHP,56.0,136.13773088796415,-80.13773088796415
2021-01-25 15:00:00,1434A,SHP,56.0,133.81747391242908,-77.81747391242908
2021-01-25 16:00:00,1434A,SHP,56.0,132.3539813571115,-76.35398135711151
2021-01-25 17:00:00,1434A,SHP,59.0,130.59763934045114,-71.59763934045114
2021-01-25 18:00:00,1434A,SHP,59.0,130.16139676425158,-71.16139676425158
2021-01-25 19:00:00,1434A,SHP,60.0,130.09573998585574,-70.09573998585574
2021-01-25 20:00:00,1434A,SHP,61.0,131.86112743487,-70.86112743487001
2021-01-25 21:00:00,1434A,SHP,62.0,134.3446417545969,-72.34464175459689
2021-01-25 22:00:00,1434A,SHP,66.0,136.5161363691422,-70.5161363691422
2021-01-25 23:00:00,1434A,SHP,67.0,136.36949430828534,-69.36949430828534
2021-01-26 00:00:00,1434A,SHP,73.0,136.47242094578294,-63.47242094578294
2021-01-26 01:00:00,1434A,SHP,73.0,137.0494265078248,-64.04942650782479
2021-01-26 02:00:00,1434A,SHP,75.0,137.58760000366175,-62.58760000366175
2021-01-26 03:00:00,1434A,SHP,80.0,138.05395172480695,-58.05395172480695
2021-01-26 04:00:00,1434A,SHP,79.0,137.90648682925277,-58.90648682925277
2021-01-26 05:00:00,1434A,SHP,80.0,137.62825624383422,-57.628256243834215
2021-01-26 06:00:00,1434A,SHP,76.0,137.2728125658337,-61.2728125658337
2021-01-26 07:00:00,1434A,SHP,75.0,136.78669605700173,-61.786696057001734
2021-01-26 08:00:00,1434A,SHP,75.0,137.03466840008264,-62.03466840008264
2021-01-26 09:00:00,1434A,SHP,74.0,138.20567704594242,-64.20567704594242
2021-01-26 10:00:00,1434A,SHP,77.0,140.38747324343623,-63.38747324343623
2021-01-26 11:00:00,1434A,SHP,80.0,141.32859496551774,-61.32859496551774
2021-01-26 12:00:00,1434A,SHP,63.0,140.59043380835914,-77.59043380835914
2021-01-26 13:00:00,1434A,SHP,61.0,139.26191388009377,-78.26191388009377
2021-01-26 14:00:00,1434A,SHP,65.0,137.21210694929525,-72.21210694929525
2021-01-26 15:00:00,1434A,SHP,61.0,134.89184997376017,-73.89184997376017
2021-01-26 16:00:00,1434A,SHP,56.0,133.4283574184426,-77.4283574184426
2021-01-26 17:00:00,1434A,SHP,42.0,131.67201540178223,-89.67201540178223
2021-01-26 18:00:00,1434A,SHP,41.0,131.23577282558267,-90.23577282558267
2021-01-26 19:00:00,1434A,SHP,59.0,131.17011604718684,-72.17011604718684
2021-01-26 20:00:00,1434A,SHP,72.0,132.9355034962011,-60.93550349620111
2021-01-26 21:00:00,1434A,SHP,73.0,135.419017815928,-62.41901781592799
2021-01-26 22:00:00,1434A,SHP,67.0,137.5905124304733,-70.5905124304733
2021-01-26 23:00:00,1434A,SHP,59.0,137.44387036961643,-78.44387036961643
2021-01-27 00:00:00,1434A,SHP,50.0,137.54679700711404,-87.54679700711404
2021-01-27 01:00:00,1434A,SHP,51.0,138.12380256915588,-87.12380256915588
2021-01-27 02:00:00,1434A,SHP,53.0,138.66197606499284,-85.66197606499284
2021-01-27 03:00:00,1434A,SHP,58.0,139.12832778613804,-81.12832778613804
2021-01-27 04:00:00,1434A,SHP,61.0,138.98086289058386,-77.98086289058386
2021-01-27 05:00:00,1434A,SHP,66.0,138.7026323051653,-72.70263230516531
2021-01-27 06:00:00,1434A,SHP,73.0,138.3471886271648,-65.3471886271648
2021-01-27 07:00:00,1434A,SHP,68.0,137.86107211833283,-69.86107211833283
2021-01-27 08:00:00,1434A,SHP,64.0,138.10904446141373,-74.10904446141373
2021-01-27 09:00:00,1434A,SHP,69.0,139.28005310727352,-70.28005310727352
2021-01-27 10:00:00,1434A,SHP,76.0,141.46184930476733,-65.46184930476733
2021-01-27 11:00:00,1434A,SHP,78.0,142.40297102684883,-64.40297102684883
2021-01-27 12:00:00,1434A,SHP,77.0,141.66480986969023,-64.66480986969023
2021-01-27 13:00:00,1434A,SHP,73.0,140.33628994142487,-67.33628994142487
2021-01-27 14:00:00,1434A,SHP,,138.28648301062634,
2021-01-27 15:00:00,1434A,SHP,50.0,135.96622603509127,-85.96622603509127
2021-01-27 16:00:00,1434A,SHP,52.0,134.5027334797737,-82.5027334797737
2021-01-27 17:00:00,1434A,SHP,57.0,132.74639146311333,-75.74639146311333
2021-01-27 18:00:00,1434A,SHP,71.0,132.31014888691377,-61.310148886913765
2021-01-27 19:00:00,1434A,SHP,69.0,132.24449210851793,-63.24449210851793
2021-01-27 20:00:00,1434A,SHP,68.0,134.0098795575322,-66.0098795575322
2021-01-27 21:00:00,1434A,SHP,78.0,136.49339387725908,-58.49339387725908
2021-01-27 22:00:00,1434A,SHP,83.0,138.6648884918044,-55.66488849180439
2021-01-27 23:00:00,1434A,SHP,88.0,138.51824643094753,-50.51824643094753
2021-01-28 00:00:00,1434A,SHP,97.0,138.62117306844513,-41.62117306844513
2021-01-28 01:00:00,1434A,SHP,95.0,139.19817863048698,-44.19817863048698
2021-01-28 02:00:00,1434A,SHP,94.0,139.73635212632394,-45.736352126323936
2021-01-28 03:00:00,1434A,SHP,97.0,140.20270384746914,-43.20270384746914
2021-01-28 04:00:00,1434A,SHP,101.0,140.05523895191496,-39.05523895191496
2021-01-28 05:00:00,1434A,SHP,105.0,139.7770083664964,-34.7770083664964
2021-01-28 06:00:00,1434A,SHP,107.0,139.4215646884959,-32.42156468849589
2021-01-28 07:00:00,1434A,SHP,107.0,138.93544817966392,-31.935448179663922
2021-01-28 08:00:00,1434A,SHP,106.0,139.18342052274483,-33.183420522744825
2021-01-28 09:00:00,1434A,SHP,106.0,140.3544291686046,-34.35442916860461
2021-01-28 10:00:00,1434A,SHP,113.0,142.53622536609842,-29.53622536609842
2021-01-28 11:00:00,1434A,SHP,123.0,143.47734708817993,-20.477347088179926
2021-01-28 12:00:00,1434A,SHP,123.0,142.73918593102132,-19.739185931021325
2021-01-28 13:00:00,1434A,SHP,121.0,141.41066600275596,-20.41066600275596
2021-01-28 14:00:00,1434A,SHP,117.0,139.36085907195744,-22.360859071957435
2021-01-28 15:00:00,1434A,SHP,111.0,137.04060209642236,-26.04060209642236
2021-01-28 16:00:00,1434A,SHP,89.0,135.5771095411048,-46.57710954110479
2021-01-28 17:00:00,1434A,SHP,64.0,133.82076752444442,-69.82076752444442
2021-01-28 18:00:00,1434A,SHP,60.0,133.38452494824486,-73.38452494824486
2021-01-28 19:00:00,1434A,SHP,58.0,133.31886816984903,-75.31886816984903
2021-01-28 20:00:00,1434A,SHP,51.0,135.0842556188633,-84.0842556188633
2021-01-28 21:00:00,1434A,SHP,49.0,137.56776993859017,-88.56776993859017
2021-01-28 22:00:00,1434A,SHP,52.0,139.73926455313548,-87.73926455313548
2021-01-28 23:00:00,1434A,SHP,57.0,139.59262249227862,-82.59262249227862
2021-01-29 00:00:00,1434A,SHP,67.0,139.69554912977623,-72.69554912977623
2021-01-29 01:00:00,1434A,SHP,70.0,140.27255469181807,-70.27255469181807
2021-01-29 02:00:00,1434A,SHP,66.0,140.81072818765503,-74.81072818765503
2021-01-29 03:00:00,1434A,SHP,63.0,141.27707990880023,-78.27707990880023
2021-01-29 04:00:00,1434A,SHP,62.0,141.12961501324605,-79.12961501324605
2021-01-29 05:00:00,1434A,SHP,67.0,140.8513844278275,-73.8513844278275
2021-01-29 06:00:00,1434A,SHP,85.0,140.49594074982699,-55.495940749826985
2021-01-29 07:00:00,1434A,SHP,80.0,140.00982424099502,-60.009824240995016
2021-01-29 08:00:00,1434A,SHP,76.0,140.25779658407592,-64.25779658407592
2021-01-29 09:00:00,1434A,SHP,75.0,141.4288052299357,-66.4288052299357
2021-01-29 10:00:00,1434A,SHP,76.0,143.61060142742951,-67.61060142742951
2021-01-29 11:00:00,1434A,SHP,71.0,144.55172314951102,-73.55172314951102
2021-01-29 12:00:00,1434A,SHP,71.0,143.81356199235242,-72.81356199235242
2021-01-29 13:00:00,1434A,SHP,75.0,142.48504206408705,-67.48504206408705
2021-01-29 14:00:00,1434A,SHP,73.0,140.43523513328853,-67.43523513328853
2021-01-29 15:00:00,1434A,SHP,71.0,138.11497815775346,-67.11497815775346
2021-01-29 16:00:00,1434A,SHP,73.0,136.65148560243588,-63.65148560243588
2021-01-29 17:00:00,1434A,SHP,69.0,134.89514358577551,-65.89514358577551
2021-01-29 18:00:00,1434A,SHP,66.0,134.45890100957595,-68.45890100957595
2021-01-29 19:00:00,1434A,SHP,,134.39324423118012,
2021-01-29 20:00:00,1434A,SHP,84.0,136.1586316801944,-52.15863168019439
2021-01-29 21:00:00,1434A,SHP,82.0,138.64214599992127,-56.64214599992127
2021-01-29 22:00:00,1434A,SHP,79.0,140.81364061446658,-61.81364061446658
2021-01-29 23:00:00,1434A,SHP,79.0,140.66699855360972,-61.666998553609716
2021-01-30 00:00:00,1434A,SHP,72.0,140.76992519110732,-68.76992519110732
2021-01-30 01:00:00,1434A,SHP,74.0,141.34693075314917,-67.34693075314917
2021-01-30 02:00:00,1434A,SHP,72.0,141.88510424898612,-69.88510424898612
2021-01-30 03:00:00,1434A,SHP,67.0,142.35145597013133,-75.35145597013133
2021-01-30 04:00:00,1434A,SHP,65.0,142.20399107457715,-77.20399107457715
2021-01-30 05:00:00,1434A,SHP,62.0,141.9257604891586,-79.92576048915859
2021-01-30 06:00:00,1434A,SHP,56.0,141.57031681115808,-85.57031681115808
2021-01-30 07:00:00,1434A,SHP,51.0,141.0842003023261,-90.08420030232611
2021-01-30 08:00:00,1434A,SHP,59.0,141.332172645407,-82.33217264540701
2021-01-30 09:00:00,1434A,SHP,66.0,142.5031812912668,-76.5031812912668
2021-01-30 10:00:00,1434A,SHP,66.0,144.6849774887606,-78.68497748876061
2021-01-30 11:00:00,1434A,SHP,66.0,145.6260992108421,-79.62609921084211
2021-01-30 12:00:00,1434A,SHP,60.0,144.8879380536835,-84.88793805368351
2021-01-30 13:00:00,1434A,SHP,50.0,143.55941812541815,-93.55941812541815
2021-01-30 14:00:00,1434A,SHP,53.0,141.50961119461962,-88.50961119461962
2021-01-30 15:00:00,1434A,SHP,47.0,139.18935421908455,-92.18935421908455
2021-01-30 16:00:00,1434A,SHP,47.0,137.72586166376698,-90.72586166376698
2021-01-30 17:00:00,1434A,SHP,36.0,135.9695196471066,-99.96951964710661
2021-01-30 18:00:00,1434A,SHP,41.0,135.53327707090705,-94.53327707090705
2021-01-30 19:00:00,1434A,SHP,44.0,135.4676202925112,-91.46762029251121
2021-01-30 20:00:00,1434A,SHP,43.0,137.23300774152548,-94.23300774152548
2021-01-30 21:00:00,1434A,SHP,42.0,139.71652206125236,-97.71652206125236
2021-01-30 22:00:00,1434A,SHP,40.0,141.88801667579767,-101.88801667579767
2021-01-30 23:00:00,1434A,SHP,39.0,141.7413746149408,-102.74137461494081
2021-01-31 00:00:00,1434A,SHP,41.0,141.8443012524384,-100.84430125243841
2021-01-31 01:00:00,1434A,SHP,45.0,142.42130681448026,-97.42130681448026
2021-01-31 02:00:00,1434A,SHP,46.0,142.95948031031722,-96.95948031031722
2021-01-31 03:00:00,1434A,SHP,47.0,143.42583203146242,-96.42583203146242
2021-01-31 04:00:00,1434A,SHP,48.0,143.27836713590824,-95.27836713590824
2021-01-31 05:00:00,1434A,SHP,49.0,143.00013655048969,-94.00013655048969
2021-01-31 06:00:00,1434A,SHP,52.0,142.64469287248917,-90.64469287248917
2021-01-31 07:00:00,1434A,SHP,52.0,142.1585763636572,-90.1585763636572
2021-01-31 08:00:00,1434A,SHP,52.0,142.4065487067381,-90.4065487067381
2021-01-31 09:00:00,1434A,SHP,55.0,143.5775573525979,-88.57755735259789
2021-01-31 10:00:00,1434A,SHP,64.0,145.7593535500917,-81.7593535500917
2021-01-31 11:00:00,1434A,SHP,68.0,146.7004752721732,-78.70047527217321
2021-01-31 12:00:00,1434A,SHP,70.0,145.9623141150146,-75.9623141150146
2021-01-31 13:00:00,1434A,SHP,53.0,144.63379418674924,-91.63379418674924
2021-01-31 14:00:00,1434A,SHP,40.0,142.58398725595072,-102.58398725595072
2021-01-31 15:00:00,1434A,SHP,37.0,140.26373028041564,-103.26373028041564
2021-01-31 16:00:00,1434A,SHP,40.0,138.80023772509807,-98.80023772509807
2021-01-31 17:00:00,1434A,SHP,45.0,137.0438957084377,-92.0438957084377
2021-01-31 18:00:00,1434A,SHP,37.0,136.60765313223814,-99.60765313223814
2021-01-31 19:00:00,1434A,SHP,40.0,136.5419963538423,-96.54199635384231
2021-01-31 20:00:00,1434A,SHP,47.0,138.30738380285658,-91.30738380285658
2021-01-31 21:00:00,1434A,SHP,55.0,140.79089812258346,-85.79089812258346
2021-01-31 22:00:00,1434A,SHP,54.0,142.96239273712877,-88.96239273712877
2021-01-31 23:00:00,1434A,SHP,56.0,142.8157506762719,-86.8157506762719
2021-02-01 00:00:00,1434A,SHP,51.0,142.9186773137695,-91.9186773137695
2021-02-01 01:00:00,1434A,SHP,55.0,143.49568287581135,-88.49568287581135
2021-02-01 02:00:00,1434A,SHP,56.0,144.0338563716483,-88.03385637164831
2021-02-01 03:00:00,1434A,SHP,58.0,144.5002080927935,-86.50020809279351
2021-02-01 04:00:00,1434A,SHP,60.0,144.35274319723933,-84.35274319723933
2021-02-01 05:00:00,1434A,SHP,60.0,144.07451261182078,-84.07451261182078
2021-02-01 06:00:00,1434A,SHP,62.0,143.71906893382027,-81.71906893382027
2021-02-01 07:00:00,1434A,SHP,64.0,143.2329524249883,-79.2329524249883
2021-02-01 08:00:00,1434A,SHP,68.0,143.4809247680692,-75.4809247680692
2021-02-01 09:00:00,1434A,SHP,70.0,144.651933413929,-74.65193341392899
2021-02-01 10:00:00,1434A,SHP,76.0,146.8337296114228,-70.8337296114228
2021-02-01 11:00:00,1434A,SHP,77.0,147.7748513335043,-70.7748513335043
2021-02-01 12:00:00,1434A,SHP,73.0,147.0366901763457,-74.0366901763457
2021-02-01 13:00:00,1434A,SHP,73.0,145.70817024808034,-72.70817024808034
2021-02-01 14:00:00,1434A,SHP,58.0,143.6583633172818,-85.65836331728181
2021-02-01 15:00:00,1434A,SHP,71.0,141.33810634174674,-70.33810634174674
2021-02-01 16:00:00,1434A,SHP,62.0,139.87461378642917,-77.87461378642917
2021-02-01 17:00:00,1434A,SHP,59.0,138.1182717697688,-79.1182717697688
2021-02-01 18:00:00,1434A,SHP,50.0,137.68202919356924,-87.68202919356924
2021-02-01 19:00:00,1434A,SHP,59.0,137.6163724151734,-78.6163724151734
2021-02-01 20:00:00,1434A,SHP,61.0,139.38175986418767,-78.38175986418767
2021-02-01 21:00:00,1434A,SHP,67.0,141.86527418391455,-74.86527418391455
2021-02-01 22:00:00,1434A,SHP,65.0,144.03676879845986,-79.03676879845986
2021-02-01 23:00:00,1434A,SHP,64.0,143.890126737603,-79.890126737603
2021-02-02 00:00:00,1434A,SHP,68.0,143.9930533751006,-75.9930533751006
2021-02-02 01:00:00,1434A,SHP,65.0,144.57005893714245,-79.57005893714245
2021-02-02 02:00:00,1434A,SHP,63.0,145.1082324329794,-82.1082324329794
2021-02-02 03:00:00,1434A,SHP,65.0,145.5745841541246,-80.57458415412461
2021-02-02 04:00:00,1434A,SHP,67.0,145.42711925857043,-78.42711925857043
2021-02-02 05:00:00,1434A,SHP,68.0,145.14888867315187,-77.14888867315187
2021-02-02 06:00:00,1434A,SHP,67.0,144.79344499515136,-77.79344499515136
2021-02-02 07:00:00,1434A,SHP,67.0,144.3073284863194,-77.30732848631939
2021-02-02 08:00:00,1434A,SHP,70.0,144.5553008294003,-74.5553008294003
2021-02-02 09:00:00,1434A,SHP,76.0,145.72630947526008,-69.72630947526008
2021-02-02 10:00:00,1434A,SHP,78.0,147.9081056727539,-69.90810567275389
2021-02-02 11:00:00,1434A,SHP,78.0,148.8492273948354,-70.8492273948354
2021-02-02 12:00:00,1434A,SHP,84.0,148.1110662376768,-64.1110662376768
2021-02-02 13:00:00,1434A,SHP,92.0,146.78254630941143,-54.78254630941143
2021-02-02 14:00:00,1434A,SHP,91.0,144.7327393786129,-53.732739378612905
2021-02-02 15:00:00,1434A,SHP,101.0,142.41248240307783,-41.41248240307783
2021-02-02 16:00:00,1434A,SHP,101.0,140.94898984776026,-39.94898984776026
2021-02-02 17:00:00,1434A,SHP,103.0,139.1926478310999,-36.19264783109989
2021-02-02 18:00:00,1434A,SHP,109.0,138.75640525490033,-29.75640525490033
2021-02-02 19:00:00,1434A,SHP,114.0,138.6907484765045,-24.690748476504496
2021-02-02 20:00:00,1434A,SHP,120.0,140.45613592551877,-20.456135925518765
2021-02-02 21:00:00,1434A,SHP,123.0,142.93965024524564,-19.939650245245645
2021-02-02 22:00:00,1434A,SHP,126.0,145.11114485979095,-19.111144859790954
2021-02-02 23:00:00,1434A,SHP,133.0,144.9645027989341,-11.964502798934092
2021-02-03 00:00:00,1434A,SHP,133.0,145.0674294364317,-12.067429436431695
2021-02-03 01:00:00,1434A,SHP,132.0,145.64443499847354,-13.644434998473542
2021-02-03 02:00:00,1434A,SHP,132.0,146.1826084943105,-14.1826084943105
2021-02-03 03:00:00,1434A,SHP,132.0,146.6489602154557,-14.648960215455702
2021-02-03 04:00:00,1434A,SHP,130.0,146.50149531990152,-16.501495319901522
2021-02-03 05:00:00,1434A,SHP,127.0,146.22326473448297,-19.223264734482967
2021-02-03 06:00:00,1434A,SHP,128.0,145.86782105648246,-17.867821056482455
2021-02-03 07:00:00,1434A,SHP,134.0,145.3817045476505,-11.381704547650486
2021-02-03 08:00:00,1434A,SHP,134.0,145.6296768907314,-11.629676890731389
2021-02-03 09:00:00,1434A,SHP,149.0,146.80068553659117,2.1993144634088253
2021-02-03 10:00:00,1434A,SHP,174.0,148.98248173408498,25.017518265915015
2021-02-03 11:00:00,1434A,SHP,179.0,149.9236034561665,29.07639654383351
2021-02-03 12:00:00,1434A,SHP,166.0,149.1854422990079,16.81455770099211
2021-02-03 13:00:00,1434A,SHP,,147.85692237074252,
2021-02-03 14:00:00,1434A,SHP,128.0,145.807115439944,-17.807115439944
2021-02-03 15:00:00,1434A,SHP,120.0,143.48685846440893,-23.486858464408925
2021-02-03 16:00:00,1434A,SHP,135.0,142.02336590909135,-7.023365909091353
2021-02-03 17:00:00,1434A,SHP,130.0,140.26702389243098,-10.267023892430984
2021-02-03 18:00:00,1434A,SHP,138.0,139.83078131623142,-1.8307813162314233
2021-02-03 19:00:00,1434A,SHP,140.0,139.7651245378356,0.23487546216441046
2021-02-03 20:00:00,1434A,SHP,140.0,141.53051198684986,-1.5305119868498593
2021-02-03 21:00:00,1434A,SHP,142.0,144.01402630657674,-2.0140263065767385
2021-02-03 22:00:00,1434A,SHP,141.0,146.18552092112205,-5.185520921122048
2021-02-03 23:00:00,1434A,SHP,142.0,146.03887886026519,-4.038878860265186
2021-02-04 00:00:00,1434A,SHP,143.0,146.1418054977628,-3.141805497762789
2021-02-04 01:00:00,1434A,SHP,132.0,146.71881105980464,-14.718811059804636
2021-02-04 02:00:00,1434A,SHP,133.0,147.2569845556416,-14.256984555641594
2021-02-04 03:00:00,1434A,SHP,134.0,147.7233362767868,-13.723336276786796
2021-02-04 04:00:00,1434A,SHP,134.0,147.57587138123262,-13.575871381232616
2021-02-04 05:00:00,1434A,SHP,143.0,147.29764079581406,-4.297640795814061
2021-02-04 06:00:00,1434A,SHP,149.0,146.94219711781355,2.0578028821864507
2021-02-04 07:00:00,1434A,SHP,156.0,146.45608060898158,9.54391939101842
2021-02-04 08:00:00,1434A,SHP,161.0,146.70405295206248,14.295947047937517
2021-02-04 09:00:00,1434A,SHP,162.0,147.87506159792227,14.124938402077731
2021-02-04 10:00:00,1434A,SHP,163.0,150.05685779541608,12.943142204583921
2021-02-04 11:00:00,1434A,SHP,165.0,150.99797951749758,14.002020482502417
2021-02-04 12:00:00,1434A,SHP,169.0,150.25981836033898,18.740181639661017
2021-02-04 13:00:00,1434A,SHP,175.0,148.93129843207362,26.068701567926382
2021-02-04 14:00:00,1434A,SHP,176.0,146.8814915012751,29.118508498724907
2021-02-04 15:00:00,1434A,SHP,181.0,144.56123452574002,36.43876547425998
2021-02-04 16:00:00,1434A,SHP,176.0,143.09774197042245,32.90225802957755
2021-02-04 17:00:00,1434A,SHP,181.0,141.34139995376208,39.65860004623792
2021-02-04 18:00:00,1434A,SHP,180.0,140.90515737756252,39.09484262243748
2021-02-04 19:00:00,1434A,SHP,188.0,140.83950059916668,47.16049940083332
2021-02-04 20:00:00,1434A,SHP,177.0,142.60488804818095,34.39511195181905
2021-02-04 21:00:00,1434A,SHP,129.0,145.08840236790783,-16.088402367907833
2021-02-04 22:00:00,1434A,SHP,99.0,147.25989698245314,-48.25989698245314
2021-02-04 23:00:00,1434A,SHP,89.0,147.11325492159628,-58.11325492159628
2021-02-05 00:00:00,1434A,SHP,77.0,147.21618155909388,-70.21618155909388
2021-02-05 01:00:00,1434A,SHP,57.0,147.79318712113573,-90.79318712113573
2021-02-05 02:00:00,1434A,SHP,53.0,148.3313606169727,-95.33136061697269
2021-02-05 03:00:00,1434A,SHP,51.0,148.7977123381179,-97.79771233811789
2021-02-05 04:00:00,1434A,SHP,52.0,148.6502474425637,-96.65024744256371
2021-02-05 05:00:00,1434A,SHP,52.0,148.37201685714516,-96.37201685714516
2021-02-05 06:00:00,1434A,SHP,54.0,148.01657317914464,-94.01657317914464
2021-02-05 07:00:00,1434A,SHP,56.0,147.53045667031267,-91.53045667031267
2021-02-05 08:00:00,1434A,SHP,58.0,147.77842901339358,-89.77842901339358
2021-02-05 09:00:00,1434A,SHP,64.0,148.94943765925336,-84.94943765925336
2021-02-05 10:00:00,1434A,SHP,83.0,151.13123385674717,-68.13123385674717
2021-02-05 11:00:00,1434A,SHP,86.0,152.07235557882868,-66.07235557882868
2021-02-05 12:00:00,1434A,SHP,69.0,151.33419442167008,-82.33419442167008
2021-02-05 13:00:00,1434A,SHP,59.0,150.0056744934047,-91.00567449340471
2021-02-05 14:00:00,1434A,SHP,55.0,147.9558675626062,-92.95586756260619
2021-02-05 15:00:00,1434A,SHP,42.0,145.6356105870711,-103.63561058707111
2021-02-05 16:00:00,1434A,SHP,38.0,144.17211803175354,-106.17211803175354
2021-02-05 17:00:00,1434A,SHP,36.0,142.41577601509317,-106.41577601509317
2021-02-05 18:00:00,1434A,SHP,31.0,141.9795334388936,-110.97953343889361
2021-02-05 19:00:00,1434A,SHP,31.0,141.91387666049778,-110.91387666049778
2021-02-05 20:00:00,1434A,SHP,39.0,143.67926410951205,-104.67926410951205
2021-02-05 21:00:00,1434A,SHP,46.0,146.16277842923893,-100.16277842923893
2021-02-05 22:00:00,1434A,SHP,48.0,148.33427304378424,-100.33427304378424
2021-02-05 23:00:00,1434A,SHP,50.0,148.18763098292737,-98.18763098292737
2021-02-06 00:00:00,1434A,SHP,51.0,148.29055762042498,-97.29055762042498
2021-02-06 01:00:00,1434A,SHP,50.0,148.86756318246682,-98.86756318246682
2021-02-06 02:00:00,1434A,SHP,45.0,149.40573667830378,-104.40573667830378
2021-02-06 03:00:00,1434A,SHP,45.0,149.87208839944898,-104.87208839944898
2021-02-06 04:00:00,1434A,SHP,44.0,149.7246235038948,-105.7246235038948
2021-02-06 05:00:00,1434A,SHP,45.0,149.44639291847625,-104.44639291847625
2021-02-06 06:00:00,1434A,SHP,48.0,149.09094924047574,-101.09094924047574
2021-02-06 07:00:00,1434A,SHP,48.0,148.60483273164377,-100.60483273164377
2021-02-06 08:00:00,1434A,SHP,52.0,148.85280507472467,-96.85280507472467
2021-02-06 09:00:00,1434A,SHP,58.0,150.02381372058446,-92.02381372058446
2021-02-06 10:00:00,1434A,SHP,60.0,152.20560991807827,-92.20560991807827
2021-02-06 11:00:00,1434A,SHP,61.0,153.14673164015977,-92.14673164015977
2021-02-06 12:00:00,1434A,SHP,69.0,152.40857048300117,-83.40857048300117
2021-02-06 13:00:00,1434A,SHP,64.0,151.0800505547358,-87.0800505547358
2021-02-06 14:00:00,1434A,SHP,58.0,149.03024362393728,-91.03024362393728
2021-02-06 15:00:00,1434A,SHP,58.0,146.7099866484022,-88.70998664840221
2021-02-06 16:00:00,1434A,SHP,61.0,145.24649409308464,-84.24649409308464
2021-02-06 17:00:00,1434A,SHP,60.0,143.49015207642427,-83.49015207642427
2021-02-06 18:00:00,1434A,SHP,62.0,143.0539095002247,-81.0539095002247
2021-02-06 19:00:00,1434A,SHP,62.0,142.98825272182887,-80.98825272182887
2021-02-06 20:00:00,1434A,SHP,66.0,144.75364017084314,-78.75364017084314
2021-02-06 21:00:00,1434A,SHP,73.0,147.23715449057002,-74.23715449057002
2021-02-06 22:00:00,1434A,SHP,72.0,149.40864910511533,-77.40864910511533
2021-02-06 23:00:00,1434A,SHP,76.0,149.26200704425847,-73.26200704425847
2021-02-07 00:00:00,1434A,SHP,80.0,149.36493368175607,-69.36493368175607
2021-02-07 01:00:00,1434A,SHP,79.0,149.94193924379792,-70.94193924379792
2021-02-07 02:00:00,1434A,SHP,82.0,150.48011273963488,-68.48011273963488
2021-02-07 03:00:00,1434A,SHP,83.0,150.94646446078008,-67.94646446078008
2021-02-07 04:00:00,1434A,SHP,82.0,150.7989995652259,-68.7989995652259
2021-02-07 05:00:00,1434A,SHP,83.0,150.52076897980734,-67.52076897980734
2021-02-07 06:00:00,1434A,SHP,80.0,150.16532530180683,-70.16532530180683
2021-02-07 07:00:00,1434A,SHP,75.0,149.67920879297486,-74.67920879297486
2021-02-07 08:00:00,1434A,SHP,77.0,149.92718113605576,-72.92718113605576
2021-02-07 09:00:00,1434A,SHP,85.0,151.09818978191555,-66.09818978191555
2021-02-07 10:00:00,1434A,SHP,94.0,153.27998597940936,-59.27998597940936
2021-02-07 11:00:00,1434A,SHP,96.0,154.22110770149087,-58.221107701490865
2021-02-07 12:00:00,1434A,SHP,93.0,153.48294654433226,-60.482946544332265
2021-02-07 13:00:00,1434A,SHP,83.0,152.1544266160669,-69.1544266160669
2021-02-07 14:00:00,1434A,SHP,63.0,150.10461968526837,-87.10461968526837
2021-02-07 15:00:00,1434A,SHP,51.0,147.7843627097333,-96.7843627097333
2021-02-07 16:00:00,1434A,SHP,36.0,146.32087015441573,-110.32087015441573
2021-02-07 17:00:00,1434A,SHP,37.0,144.56452813775536,-107.56452813775536
2021-02-07 18:00:00,1434A,SHP,41.0,144.1282855615558,-103.1282855615558
2021-02-07 19:00:00,1434A,SHP,43.0,144.06262878315997,-101.06262878315997
2021-02-07 20:00:00,1434A,SHP,48.0,145.82801623217424,-97.82801623217424
2021-02-07 21:00:00,1434A,SHP,52.0,148.31153055190111,-96.31153055190111
2021-02-07 22:00:00,1434A,SHP,54.0,150.48302516644642,-96.48302516644642
2021-02-07 23:00:00,1434A,SHP,55.0,150.33638310558956,-95.33638310558956
2021-02-08 00:00:00,1434A,SHP,58.0,150.43930974308716,-92.43930974308716
2021-02-08 01:00:00,1434A,SHP,60.0,151.016315305129,-91.01631530512901
2021-02-08 02:00:00,1434A,SHP,62.0,151.55448880096597,-89.55448880096597
2021-02-08 03:00:00,1434A,SHP,62.0,152.02084052211117,-90.02084052211117
2021-02-08 04:00:00,1434A,SHP,65.0,151.873375626557,-86.87337562655699
2021-02-08 05:00:00,1434A,SHP,70.0,151.59514504113844,-81.59514504113844
2021-02-08 06:00:00,1434A,SHP,77.0,151.23970136313793,-74.23970136313793
2021-02-08 07:00:00,1434A,SHP,85.0,150.75358485430596,-65.75358485430596
2021-02-08 08:00:00,1434A,SHP,88.0,151.00155719738686,-63.00155719738686
2021-02-08 09:00:00,1434A,SHP,96.0,152.17256584324664,-56.172565843246645
2021-02-08 10:00:00,1434A,SHP,93.0,154.35436204074045,-61.354362040740455
2021-02-08 11:00:00,1434A,SHP,98.0,155.29548376282196,-57.29548376282196
2021-02-08 12:00:00,1434A,SHP,108.0,154.55732260566336,-46.55732260566336
2021-02-08 13:00:00,1434A,SHP,99.0,153.228802677398,-54.228802677397994
2021-02-08 14:00:00,1434A,SHP,96.0,151.17899574659947,-55.17899574659947
2021-02-08 15:00:00,1434A,SHP,90.0,148.8587387710644,-58.858738771064395
2021-02-08 16:00:00,1434A,SHP,86.0,147.39524621574682,-61.39524621574682
2021-02-08 17:00:00,1434A,SHP,75.0,145.63890419908645,-70.63890419908645
2021-02-08 18:00:00,1434A,SHP,69.0,145.2026616228869,-76.2026616228869
2021-02-08 19:00:00,1434A,SHP,70.0,145.13700484449106,-75.13700484449106
2021-02-08 20:00:00,1434A,SHP,73.0,146.90239229350533,-73.90239229350533
2021-02-08 21:00:00,1434A,SHP,81.0,149.3859066132322,-68.38590661323221
2021-02-08 22:00:00,1434A,SHP,82.0,151.55740122777752,-69.55740122777752
2021-02-08 23:00:00,1434A,SHP,82.0,151.41075916692066,-69.41075916692066
2021-02-09 00:00:00,1434A,SHP,78.0,151.51368580441826,-73.51368580441826
2021-02-09 01:00:00,1434A,SHP,76.0,152.0906913664601,-76.0906913664601
2021-02-09 02:00:00,1434A,SHP,77.0,152.62886486229706,-75.62886486229706
2021-02-09 03:00:00,1434A,SHP,81.0,153.09521658344227,-72.09521658344227
2021-02-09 04:00:00,1434A,SHP,84.0,152.9477516878881,-68.94775168788809
2021-02-09 05:00:00,1434A,SHP,82.0,152.66952110246953,-70.66952110246953
2021-02-09 06:00:00,1434A,SHP,82.0,152.31407742446902,-70.31407742446902
2021-02-09 07:00:00,1434A,SHP,84.0,151.82796091563705,-67.82796091563705
2021-02-09 08:00:00,1434A,SHP,88.0,152.07593325871795,-64.07593325871795
2021-02-09 09:00:00,1434A,SHP,96.0,153.24694190457774,-57.24694190457774
2021-02-09 10:00:00,1434A,SHP,97.0,155.42873810207155,-58.42873810207155
2021-02-09 11:00:00,1434A,SHP,97.0,156.36985982415305,-59.36985982415305
2021-02-09 12:00:00,1434A,SHP,103.0,155.63169866699445,-52.63169866699445
2021-02-09 13:00:00,1434A,SHP,110.0,154.3031787387291,-44.30317873872909
2021-02-09 14:00:00,1434A,SHP,110.0,152.25337180793056,-42.25337180793056
2021-02-09 15:00:00,1434A,SHP,110.0,149.9331148323955,-39.93311483239549
2021-02-09 16:00:00,1434A,SHP,102.0,148.46962227707792,-46.46962227707792
2021-02-09 17:00:00,1434A,SHP,95.0,146.71328026041755,-51.71328026041755
2021-02-09 18:00:00,1434A,SHP,90.0,146.277037684218,-56.27703768421799
2021-02-09 19:00:00,1434A,SHP,95.0,146.21138090582215,-51.21138090582215
2021-02-09 20:00:00,1434A,SHP,102.0,147.97676835483642,-45.97676835483642
2021-02-09 21:00:00,1434A,SHP,104.0,150.4602826745633,-46.4602826745633
2021-02-09 22:00:00,1434A,SHP,97.0,152.6317772891086,-55.63177728910861
2021-02-09 23:00:00,1434A,SHP,94.0,152.48513522825175,-58.48513522825175
2021-02-10 00:00:00,1434A,SHP,95.0,152.58806186574935,-57.58806186574935
2021-02-10 01:00:00,1434A,SHP,94.0,153.1650674277912,-59.1650674277912
2021-02-10 02:00:00,1434A,SHP,93.0,153.70324092362816,-60.70324092362816
2021-02-10 03:00:00,1434A,SHP,96.0,154.16959264477336,-58.16959264477336
2021-02-10 04:00:00,1434A,SHP,96.0,154.02212774921918,-58.02212774921918
2021-02-10 05:00:00,1434A,SHP,96.0,153.74389716380063,-57.743897163800625
2021-02-10 06:00:00,1434A,SHP,93.0,153.3884534858001,-60.38845348580011
2021-02-10 07:00:00,1434A,SHP,95.0,152.90233697696814,-57.902336976968144
2021-02-10 08:00:00,1434A,SHP,96.0,153.15030932004905,-57.15030932004905
2021-02-10 09:00:00,1434A,SHP,96.0,154.32131796590883,-58.32131796590883
2021-02-10 10:00:00,1434A,SHP,105.0,156.50311416340264,-51.50311416340264
2021-02-10 11:00:00,1434A,SHP,131.0,157.44423588548415,-26.444235885484147
2021-02-10 12:00:00,1434A,SHP,127.0,156.70607472832555,-29.706074728325547
2021-02-10 13:00:00,1434A,SHP,108.0,155.37755480006018,-47.37755480006018
2021-02-10 14:00:00,1434A,SHP,91.0,153.32774786926166,-62.32774786926166
2021-02-10 15:00:00,1434A,SHP,83.0,151.00749089372658,-68.00749089372658
2021-02-10 16:00:00,1434A,SHP,84.0,149.543998338409,-65.54399833840901
2021-02-10 17:00:00,1434A,SHP,83.0,147.78765632174864,-64.78765632174864
2021-02-10 18:00:00,1434A,SHP,78.0,147.35141374554908,-69.35141374554908
2021-02-10 19:00:00,1434A,SHP,80.0,147.28575696715325,-67.28575696715325
2021-02-10 20:00:00,1434A,SHP,84.0,149.05114441616752,-65.05114441616752
2021-02-10 21:00:00,1434A,SHP,89.0,151.5346587358944,-62.534658735894396
2021-02-10 22:00:00,1434A,SHP,93.0,153.7061533504397,-60.706153350439706
2021-02-10 23:00:00,1434A,SHP,98.0,153.55951128958284,-55.559511289582844
2021-02-11 00:00:00,1434A,SHP,96.0,153.66243792708045,-57.66243792708045
2021-02-11 01:00:00,1434A,SHP,97.0,154.2394434891223,-57.239443489122294
2021-02-11 02:00:00,1434A,SHP,98.0,154.77761698495925,-56.77761698495925
2021-02-11 03:00:00,1434A,SHP,99.0,155.24396870610445,-56.243968706104454
2021-02-11 04:00:00,1434A,SHP,101.0,155.09650381055027,-54.096503810550274
2021-02-11 05:00:00,1434A,SHP,102.0,154.81827322513172,-52.81827322513172
2021-02-11 06:00:00,1434A,SHP,114.0,154.4628295471312,-40.46282954713121
2021-02-11 07:00:00,1434A,SHP,130.0,153.97671303829924,-23.976713038299238
2021-02-11 08:00:00,1434A,SHP,135.0,154.22468538138014,-19.22468538138014
2021-02-11 09:00:00,1434A,SHP,121.0,155.39569402723993,-34.39569402723993
2021-02-11 10:00:00,1434A,SHP,111.0,157.57749022473374,-46.57749022473374
2021-02-11 11:00:00,1434A,SHP,110.0,158.51861194681524,-48.51861194681524
2021-02-11 12:00:00,1434A,SHP,104.0,157.78045078965664,-53.78045078965664
2021-02-11 13:00:00,1434A,SHP,95.0,156.45193086139128,-61.451930861391276
2021-02-11 14:00:00,1434A,SHP,77.0,154.40212393059275,-77.40212393059275
2021-02-11 15:00:00,1434A,SHP,83.0,152.08186695505768,-69.08186695505768
2021-02-11 16:00:00,1434A,SHP,76.0,150.6183743997401,-74.6183743997401
2021-02-11 17:00:00,1434A,SHP,77.0,148.86203238307974,-71.86203238307974
2021-02-11 18:00:00,1434A,SHP,75.0,148.42578980688018,-73.42578980688018
2021-02-11 19:00:00,1434A,SHP,82.0,148.36013302848434,-66.36013302848434
2021-02-11 20:00:00,1434A,SHP,92.0,150.1255204774986,-58.12552047749861
2021-02-11 21:00:00,1434A,SHP,100.0,152.6090347972255,-52.60903479722549
2021-02-11 22:00:00,1434A,SHP,106.0,154.7805294117708,-48.7805294117708
2021-02-11 23:00:00,1434A,SHP,110.0,154.63388735091394,-44.63388735091394
2021-02-12 00:00:00,1434A,SHP,115.0,154.73681398841154,-39.73681398841154
2021-02-12 01:00:00,1434A,SHP,109.0,155.3138195504534,-46.31381955045339
2021-02-12 02:00:00,1434A,SHP,108.0,155.85199304629035,-47.851993046290346
2021-02-12 03:00:00,1434A,SHP,122.0,156.31834476743555,-34.31834476743555
2021-02-12 04:00:00,1434A,SHP,129.0,156.17087987188137,-27.170879871881368
2021-02-12 05:00:00,1434A,SHP,153.0,155.8926492864628,-2.892649286462813
2021-02-12 06:00:00,1434A,SHP,152.0,155.5372056084623,-3.537205608462301
2021-02-12 07:00:00,1434A,SHP,147.0,155.05108909963033,-8.051089099630332
2021-02-12 08:00:00,1434A,SHP,144.0,155.29906144271123,-11.299061442711235
2021-02-12 09:00:00,1434A,SHP,146.0,156.47007008857102,-10.47007008857102
2021-02-12 10:00:00,1434A,SHP,168.0,158.65186628606483,9.34813371393517
2021-02-12 11:00:00,1434A,SHP,170.0,159.59298800814634,10.407011991853665
2021-02-12 12:00:00,1434A,SHP,155.0,158.85482685098773,-3.8548268509877346
2021-02-12 13:00:00,1434A,SHP,138.0,157.52630692272237,-19.52630692272237
2021-02-12 14:00:00,1434A,SHP,110.0,155.47649999192384,-45.476499991923845
2021-02-12 15:00:00,1434A,SHP,86.0,153.15624301638877,-67.15624301638877
2021-02-12 16:00:00,1434A,SHP,76.0,151.6927504610712,-75.6927504610712
2021-02-12 17:00:00,1434A,SHP,65.0,149.93640844441083,-84.93640844441083
2021-02-12 18:00:00,1434A,SHP,68.0,149.50016586821127,-81.50016586821127
2021-02-12 19:00:00,1434A,SHP,71.0,149.43450908981544,-78.43450908981544
2021-02-12 20:00:00,1434A,SHP,77.0,151.1998965388297,-74.1998965388297
2021-02-12 21:00:00,1434A,SHP,75.0,153.68341085855658,-78.68341085855658
2021-02-12 22:00:00,1434A,SHP,75.0,155.8549054731019,-80.8549054731019
2021-02-12 23:00:00,1434A,SHP,78.0,155.70826341224503,-77.70826341224503
2021-02-13 00:00:00,1434A,SHP,86.0,155.81119004974263,-69.81119004974263
2021-02-13 01:00:00,1434A,SHP,105.0,156.38819561178448,-51.38819561178448
2021-02-13 02:00:00,1434A,SHP,108.0,156.92636910762144,-48.92636910762144
2021-02-13 03:00:00,1434A,SHP,98.0,157.39272082876664,-59.39272082876664
2021-02-13 04:00:00,1434A,SHP,94.0,157.24525593321246,-63.24525593321246
2021-02-13 05:00:00,1434A,SHP,82.0,156.9670253477939,-74.9670253477939
2021-02-13 06:00:00,1434A,SHP,78.0,156.6115816697934,-78.6115816697934
2021-02-13 07:00:00,1434A,SHP,72.0,156.12546516096143,-84.12546516096143
2021-02-13 08:00:00,1434A,SHP,70.0,156.37343750404233,-86.37343750404233
2021-02-13 09:00:00,1434A,SHP,66.0,157.54444614990211,-91.54444614990211
2021-02-13 10:00:00,1434A,SHP,58.0,159.72624234739592,-101.72624234739592
2021-02-13 11:00:00,1434A,SHP,50.0,160.66736406947743,-110.66736406947743
2021-02-13 12:00:00,1434A,SHP,36.0,159.92920291231883,-123.92920291231883
2021-02-13 13:00:00,1434A,SHP,19.0,158.60068298405346,-139.60068298405346
2021-02-13 14:00:00,1434A,SHP,17.0,156.55087605325494,-139.55087605325494
2021-02-13 15:00:00,1434A,SHP,15.0,154.23061907771987,-139.23061907771987
2021-02-13 16:00:00,1434A,SHP,16.0,152.7671265224023,-136.7671265224023
2021-02-13 17:00:00,1434A,SHP,17.0,151.01078450574192,-134.01078450574192
2021-02-13 18:00:00,1434A,SHP,18.0,150.57454192954236,-132.57454192954236
2021-02-13 19:00:00,1434A,SHP,31.0,150.50888515114653,-119.50888515114653
2021-02-13 20:00:00,1434A,SHP,55.0,152.2742726001608,-97.2742726001608
2021-02-13 21:00:00,1434A,SHP,53.0,154.75778691988768,-101.75778691988768
2021-02-13 22:00:00,1434A,SHP,49.0,156.929281534433,-107.92928153443299
2021-02-13 23:00:00,1434A,SHP,54.0,156.78263947357613,-102.78263947357613
2021-02-14 00:00:00,1434A,SHP,70.0,156.88556611107373,-86.88556611107373
2021-02-14 01:00:00,1434A,SHP,70.0,157.46257167311558,-87.46257167311558
2021-02-14 02:00:00,1434A,SHP,71.0,158.00074516895253,-87.00074516895253
2021-02-14 03:00:00,1434A,SHP,70.0,158.46709689009774,-88.46709689009774
2021-02-14 04:00:00,1434A,SHP,70.0,158.31963199454356,-88.31963199454356
2021-02-14 05:00:00,1434A,SHP,70.0,158.041401409125,-88.041401409125
2021-02-14 06:00:00,1434A,SHP,70.0,157.6859577311245,-87.68595773112449
2021-02-14 07:00:00,1434A,SHP,69.0,157.19984122229252,-88.19984122229252
2021-02-14 08:00:00,1434A,SHP,66.0,157.44781356537342,-91.44781356537342
2021-02-14 09:00:00,1434A,SHP,66.0,158.6188222112332,-92.61882221123321
2021-02-14 10:00:00,1434A,SHP,78.0,160.80061840872702,-82.80061840872702
2021-02-14 11:00:00,1434A,SHP,79.0,161.74174013080852,-82.74174013080852
2021-02-14 12:00:00,1434A,SHP,61.0,161.00357897364992,-100.00357897364992
2021-02-14 13:00:00,1434A,SHP,37.0,159.67505904538456,-122.67505904538456
2021-02-14 14:00:00,1434A,SHP,36.0,157.62525211458603,-121.62525211458603
2021-02-14 15:00:00,1434A,SHP,34.0,155.30499513905096,-121.30499513905096
2021-02-14 16:00:00,1434A,SHP,28.0,153.8415025837334,-125.84150258373339
2021-02-14 17:00:00,1434A,SHP,25.0,152.08516056707302,-127.08516056707302
2021-02-14 18:00:00,1434A,SHP,23.0,151.64891799087346,-128.64891799087346
2021-02-14 19:00:00,1434A,SHP,24.0,151.58326121247762,-127.58326121247762
2021-02-14 20:00:00,1434A,SHP,26.0,153.3486486614919,-127.3486486614919
2021-02-14 21:00:00,1434A,SHP,34.0,155.83216298121877,-121.83216298121877
2021-02-14 22:00:00,1434A,SHP,43.0,158.00365759576408,-115.00365759576408
2021-02-14 23:00:00,1434A,SHP,43.0,157.85701553490722,-114.85701553490722
2021-02-15 00:00:00,1434A,SHP,49.0,157.95994217240482,-108.95994217240482
2021-02-15 01:00:00,1434A,SHP,46.0,158.53694773444667,-112.53694773444667
2021-02-15 02:00:00,1434A,SHP,41.0,159.07512123028363,-118.07512123028363
2021-02-15 03:00:00,1434A,SHP,38.0,159.54147295142883,-121.54147295142883
2021-02-15 04:00:00,1434A,SHP,41.0,159.39400805587465,-118.39400805587465
2021-02-15 05:00:00,1434A,SHP,38.0,159.1157774704561,-121.1157774704561
2021-02-15 06:00:00,1434A,SHP,24.0,158.76033379245558,-134.76033379245558
2021-02-15 07:00:00,1434A,SHP,20.0,158.2742172836236,-138.2742172836236
2021-02-15 08:00:00,1434A,SHP,21.0,158.52218962670452,-137.52218962670452
2021-02-15 09:00:00,1434A,SHP,20.0,159.6931982725643,-139.6931982725643
2021-02-15 10:00:00,1434A,SHP,14.0,161.8749944700581,-147.8749944700581
2021-02-15 11:00:00,1434A,SHP,15.0,162.81611619213962,-147.81611619213962
2021-02-15 12:00:00,1434A,SHP,16.0,162.07795503498102,-146.07795503498102
2021-02-15 13:00:00,1434A,SHP,16.0,160.74943510671565,-144.74943510671565
2021-02-15 14:00:00,1434A,SHP,15.0,158.69962817591713,-143.69962817591713
2021-02-15 15:00:00,1434A,SHP,12.0,156.37937120038205,-144.37937120038205
2021-02-15 16:00:00,1434A,SHP,12.0,154.91587864506448,-142.91587864506448
2021-02-15 17:00:00,1434A,SHP,13.0,153.1595366284041,-140.1595366284041
2021-02-15 18:00:00,1434A,SHP,14.0,152.72329405220455,-138.72329405220455
2021-02-15 19:00:00,1434A,SHP,16.0,152.65763727380872,-136.65763727380872
2021-02-15 20:00:00,1434A,SHP,15.0,154.423024722823,-139.423024722823
2021-02-15 21:00:00,1434A,SHP,17.0,156.90653904254987,-139.90653904254987
2021-02-15 22:00:00,1434A,SHP,22.0,159.07803365709518,-137.07803365709518
2021-02-15 23:00:00,1434A,SHP,20.0,158.9313915962383,-138.9313915962383
2021-02-16 00:00:00,1434A,SHP,18.0,159.03431823373592,-141.03431823373592
2021-02-16 01:00:00,1434A,SHP,18.0,159.61132379577776,-141.61132379577776
2021-02-16 02:00:00,1434A,SHP,20.0,160.14949729161472,-140.14949729161472
2021-02-16 03:00:00,1434A,SHP,28.0,160.61584901275992,-132.61584901275992
2021-02-16 04:00:00,1434A,SHP,24.0,160.46838411720574,-136.46838411720574
2021-02-16 05:00:00,1434A,SHP,19.0,160.1901535317872,-141.1901535317872
2021-02-16 06:00:00,1434A,SHP,18.0,159.83470985378668,-141.83470985378668
2021-02-16 07:00:00,1434A,SHP,19.0,159.3485933449547,-140.3485933449547
2021-02-16 08:00:00,1434A,SHP,20.0,159.5965656880356,-139.5965656880356
2021-02-16 09:00:00,1434A,SHP,22.0,160.7675743338954,-138.7675743338954
2021-02-16 10:00:00,1434A,SHP,26.0,162.9493705313892,-136.9493705313892
2021-02-16 11:00:00,1434A,SHP,26.0,163.8904922534707,-137.8904922534707
2021-02-16 12:00:00,1434A,SHP,23.0,163.1523310963121,-140.1523310963121
2021-02-16 13:00:00,1434A,SHP,18.0,161.82381116804675,-143.82381116804675
2021-02-16 14:00:00,1434A,SHP,17.0,159.77400423724822,-142.77400423724822
2021-02-16 15:00:00,1434A,SHP,14.0,157.45374726171315,-143.45374726171315
2021-02-16 16:00:00,1434A,SHP,14.0,155.99025470639558,-141.99025470639558
2021-02-16 17:00:00,1434A,SHP,15.0,154.2339126897352,-139.2339126897352
2021-02-16 18:00:00,1434A,SHP,14.0,153.79767011353564,-139.79767011353564
2021-02-16 19:00:00,1434A,SHP,13.0,153.7320133351398,-140.7320133351398
2021-02-16 20:00:00,1434A,SHP,16.0,155.49740078415408,-139.49740078415408
2021-02-16 21:00:00,1434A,SHP,18.0,157.98091510388096,-139.98091510388096
2021-02-16 22:00:00,1434A,SHP,22.0,160.15240971842627,-138.15240971842627
2021-02-16 23:00:00,1434A,SHP,24.0,160.0057676575694,-136.0057676575694
2021-02-17 00:00:00,1434A,SHP,24.0,160.108694295067,-136.108694295067
2021-02-17 01:00:00,1434A,SHP,21.0,160.68569985710886,-139.68569985710886
2021-02-17 02:00:00,1434A,SHP,22.0,161.22387335294582,-139.22387335294582
2021-02-17 03:00:00,1434A,SHP,24.0,161.69022507409102,-137.69022507409102
2021-02-17 04:00:00,1434A,SHP,25.0,161.54276017853684,-136.54276017853684
2021-02-17 05:00:00,1434A,SHP,27.0,161.26452959311828,-134.26452959311828
2021-02-17 06:00:00,1434A,SHP,29.0,160.90908591511777,-131.90908591511777
2021-02-17 07:00:00,1434A,SHP,28.0,160.4229694062858,-132.4229694062858
2021-02-17 08:00:00,1434A,SHP,30.0,160.6709417493667,-130.6709417493667
2021-02-17 09:00:00,1434A,SHP,30.0,161.8419503952265,-131.8419503952265
2021-02-17 10:00:00,1434A,SHP,32.0,164.0237465927203,-132.0237465927203
2021-02-17 11:00:00,1434A,SHP,36.0,164.9648683148018,-128.9648683148018
2021-02-17 12:00:00,1434A,SHP,34.0,164.2267071576432,-130.2267071576432
2021-02-17 13:00:00,1434A,SHP,24.0,162.89818722937784,-138.89818722937784
2021-02-17 14:00:00,1434A,SHP,21.0,160.84838029857931,-139.84838029857931
2021-02-17 15:00:00,1434A,SHP,17.0,158.52812332304424,-141.52812332304424
2021-02-17 16:00:00,1434A,SHP,20.0,157.06463076772667,-137.06463076772667
2021-02-17 17:00:00,1434A,SHP,20.0,155.3082887510663,-135.3082887510663
2021-02-17 18:00:00,1434A,SHP,24.0,154.87204617486674,-130.87204617486674
2021-02-17 19:00:00,1434A,SHP,26.0,154.8063893964709,-128.8063893964709
2021-02-17 20:00:00,1434A,SHP,24.0,156.57177684548518,-132.57177684548518
2021-02-17 21:00:00,1434A,SHP,22.0,159.05529116521205,-137.05529116521205
2021-02-17 22:00:00,1434A,SHP,22.0,161.22678577975736,-139.22678577975736
2021-02-17 23:00:00,1434A,SHP,23.0,161.0801437189005,-138.0801437189005
2021-02-18 00:00:00,1434A,SHP,25.0,161.1830703563981,-136.1830703563981
2021-02-18 01:00:00,1434A,SHP,27.0,161.76007591843995,-134.76007591843995
2021-02-18 02:00:00,1434A,SHP,27.0,162.2982494142769,-135.2982494142769
2021-02-18 03:00:00,1434A,SHP,27.0,162.7646011354221,-135.7646011354221
2021-02-18 04:00:00,1434A,SHP,27.0,162.61713623986793,-135.61713623986793
2021-02-18 05:00:00,1434A,SHP,27.0,162.33890565444938,-135.33890565444938
2021-02-18 06:00:00,1434A,SHP,28.0,161.98346197644887,-133.98346197644887
2021-02-18 07:00:00,1434A,SHP,28.0,161.4973454676169,-133.4973454676169
2021-02-18 08:00:00,1434A,SHP,28.0,161.7453178106978,-133.7453178106978
2021-02-18 09:00:00,1434A,SHP,30.0,162.91632645655758,-132.91632645655758
2021-02-18 10:00:00,1434A,SHP,30.0,165.0981226540514,-135.0981226540514
2021-02-18 11:00:00,1434A,SHP,30.0,166.0392443761329,-136.0392443761329
2021-02-18 12:00:00,1434A,SHP,29.0,165.3010832189743,-136.3010832189743
2021-02-18 13:00:00,1434A,SHP,22.0,163.97256329070893,-141.97256329070893
2021-02-18 14:00:00,1434A,SHP,16.0,161.9227563599104,-145.9227563599104
2021-02-18 15:00:00,1434A,SHP,17.0,159.60249938437534,-142.60249938437534
2021-02-18 16:00:00,1434A,SHP,19.0,158.13900682905776,-139.13900682905776
2021-02-18 17:00:00,1434A,SHP,16.0,156.3826648123974,-140.3826648123974
2021-02-18 18:00:00,1434A,SHP,14.0,155.94642223619783,-141.94642223619783
2021-02-18 19:00:00,1434A,SHP,14.0,155.880765457802,-141.880765457802
2021-02-18 20:00:00,1434A,SHP,16.0,157.64615290681627,-141.64615290681627
2021-02-18 21:00:00,1434A,SHP,20.0,160.12966722654315,-140.12966722654315
2021-02-18 22:00:00,1434A,SHP,23.0,162.30116184108846,-139.30116184108846
2021-02-18 23:00:00,1434A,SHP,24.0,162.1545197802316,-138.1545197802316
2021-02-19 00:00:00,1434A,SHP,,162.2574464177292,
2021-02-19 01:00:00,1434A,SHP,26.0,162.83445197977105,-136.83445197977105
2021-02-19 02:00:00,1434A,SHP,27.0,163.372625475608,-136.372625475608
2021-02-19 03:00:00,1434A,SHP,29.0,163.8389771967532,-134.8389771967532
2021-02-19 04:00:00,1434A,SHP,31.0,163.69151230119903,-132.69151230119903
2021-02-19 05:00:00,1434A,SHP,30.0,163.41328171578047,-133.41328171578047
2021-02-19 06:00:00,1434A,SHP,29.0,163.05783803777996,-134.05783803777996
2021-02-19 07:00:00,1434A,SHP,29.0,162.571721528948,-133.571721528948
2021-02-19 08:00:00,1434A,SHP,34.0,162.8196938720289,-128.8196938720289
2021-02-19 09:00:00,1434A,SHP,35.0,163.99070251788868,-128.99070251788868
2021-02-19 10:00:00,1434A,SHP,32.0,166.1724987153825,-134.1724987153825
2021-02-19 11:00:00,1434A,SHP,28.0,167.113620437464,-139.113620437464
2021-02-19 12:00:00,1434A,SHP,24.0,166.3754592803054,-142.3754592803054
2021-02-19 13:00:00,1434A,SHP,21.0,165.04693935204003,-144.04693935204003
2021-02-19 14:00:00,1434A,SHP,23.0,162.9971324212415,-139.9971324212415
2021-02-19 15:00:00,1434A,SHP,23.0,160.67687544570643,-137.67687544570643
2021-02-19 16:00:00,1434A,SHP,20.0,159.21338289038886,-139.21338289038886
2021-02-19 17:00:00,1434A,SHP,19.0,157.4570408737285,-138.4570408737285
2021-02-19 18:00:00,1434A,SHP,17.0,157.02079829752893,-140.02079829752893
2021-02-19 19:00:00,1434A,SHP,16.0,156.9551415191331,-140.9551415191331
2021-02-19 20:00:00,1434A,SHP,21.0,158.72052896814736,-137.72052896814736
2021-02-19 21:00:00,1434A,SHP,30.0,161.20404328787424,-131.20404328787424
2021-02-19 22:00:00,1434A,SHP,32.0,163.37553790241955,-131.37553790241955
2021-02-19 23:00:00,1434A,SHP,30.0,163.2288958415627,-133.2288958415627
2021-02-20 00:00:00,1434A,SHP,30.0,163.3318224790603,-133.3318224790603
2021-02-20 01:00:00,1434A,SHP,28.0,163.90882804110214,-135.90882804110214
2021-02-20 02:00:00,1434A,SHP,29.0,164.4470015369391,-135.4470015369391
2021-02-20 03:00:00,1434A,SHP,31.0,164.9133532580843,-133.9133532580843
2021-02-20 04:00:00,1434A,SHP,35.0,164.76588836253012,-129.76588836253012
2021-02-20 05:00:00,1434A,SHP,38.0,164.48765777711156,-126.48765777711156
2021-02-20 06:00:00,1434A,SHP,36.0,164.13221409911105,-128.13221409911105
2021-02-20 07:00:00,1434A,SHP,38.0,163.64609759027908,-125.64609759027908
2021-02-20 08:00:00,1434A,SHP,44.0,163.89406993336,-119.89406993335999
2021-02-20 09:00:00,1434A,SHP,46.0,165.06507857921977,-119.06507857921977
2021-02-20 10:00:00,1434A,SHP,49.0,167.24687477671358,-118.24687477671358
2021-02-20 11:00:00,1434A,SHP,54.0,168.1879964987951,-114.18799649879509
2021-02-20 12:00:00,1434A,SHP,46.0,167.4498353416365,-121.44983534163649
2021-02-20 13:00:00,1434A,SHP,42.0,166.12131541337112,-124.12131541337112
2021-02-20 14:00:00,1434A,SHP,39.0,164.0715084825726,-125.0715084825726
2021-02-20 15:00:00,1434A,SHP,38.0,161.75125150703752,-123.75125150703752
2021-02-20 16:00:00,1434A,SHP,35.0,160.28775895171995,-125.28775895171995
2021-02-20 17:00:00,1434A,SHP,34.0,158.53141693505958,-124.53141693505958
2021-02-20 18:00:00,1434A,SHP,33.0,158.09517435886002,-125.09517435886002
2021-02-20 19:00:00,1434A,SHP,31.0,158.0295175804642,-127.02951758046419
2021-02-20 20:00:00,1434A,SHP,32.0,159.79490502947846,-127.79490502947846
2021-02-20 21:00:00,1434A,SHP,33.0,162.27841934920534,-129.27841934920534
2021-02-20 22:00:00,1434A,SHP,38.0,164.44991396375065,-126.44991396375065
2021-02-20 23:00:00,1434A,SHP,42.0,164.30327190289378,-122.30327190289378
2021-02-21 00:00:00,1434A,SHP,46.0,164.4061985403914,-118.40619854039139
2021-02-21 01:00:00,1434A,SHP,43.0,164.98320410243323,-121.98320410243323
2021-02-21 02:00:00,1434A,SHP,47.0,165.5213775982702,-118.52137759827019
2021-02-21 03:00:00,1434A,SHP,45.0,165.9877293194154,-120.9877293194154
2021-02-21 04:00:00,1434A,SHP,46.0,165.8402644238612,-119.84026442386121
2021-02-21 05:00:00,1434A,SHP,47.0,165.56203383844266,-118.56203383844266
2021-02-21 06:00:00,1434A,SHP,51.0,165.20659016044215,-114.20659016044215
2021-02-21 07:00:00,1434A,SHP,59.0,164.72047365161018,-105.72047365161018
2021-02-21 08:00:00,1434A,SHP,66.0,164.96844599469108,-98.96844599469108
2021-02-21 09:00:00,1434A,SHP,63.0,166.13945464055087,-103.13945464055087
2021-02-21 10:00:00,1434A,SHP,61.0,168.32125083804468,-107.32125083804468
2021-02-21 11:00:00,1434A,SHP,61.0,169.26237256012618,-108.26237256012618
2021-02-21 12:00:00,1434A,SHP,59.0,168.52421140296758,-109.52421140296758
2021-02-21 13:00:00,1434A,SHP,55.0,167.19569147470222,-112.19569147470222
2021-02-21 14:00:00,1434A,SHP,46.0,165.1458845439037,-119.14588454390369
2021-02-21 15:00:00,1434A,SHP,44.0,162.82562756836862,-118.82562756836862
2021-02-21 16:00:00,1434A,SHP,40.0,161.36213501305105,-121.36213501305105
2021-02-21 17:00:00,1434A,SHP,42.0,159.60579299639068,-117.60579299639068
2021-02-21 18:00:00,1434A,SHP,44.0,159.16955042019111,-115.16955042019111
2021-02-21 19:00:00,1434A,SHP,44.0,159.10389364179528,-115.10389364179528
2021-02-21 20:00:00,1434A,SHP,50.0,160.86928109080955,-110.86928109080955
2021-02-21 21:00:00,1434A,SHP,53.0,163.35279541053643,-110.35279541053643
2021-02-21 22:00:00,1434A,SHP,58.0,165.52429002508174,-107.52429002508174
2021-02-21 23:00:00,1434A,SHP,59.0,165.37764796422488,-106.37764796422488
2021-02-22 00:00:00,1434A,SHP,63.0,165.48057460172248,-102.48057460172248
2021-02-22 01:00:00,1434A,SHP,67.0,166.05758016376433,-99.05758016376433
2021-02-22 02:00:00,1434A,SHP,68.0,166.5957536596013,-98.59575365960129
2021-02-22 03:00:00,1434A,SHP,74.0,167.0621053807465,-93.06210538074649
2021-02-22 04:00:00,1434A,SHP,75.0,166.9146404851923,-91.91464048519231
2021-02-22 05:00:00,1434A,SHP,80.0,166.63640989977375,-86.63640989977375
2021-02-22 06:00:00,1434A,SHP,81.0,166.28096622177324,-85.28096622177324
2021-02-22 07:00:00,1434A,SHP,83.0,165.79484971294127,-82.79484971294127
2021-02-22 08:00:00,1434A,SHP,87.0,166.04282205602217,-79.04282205602217
2021-02-22 09:00:00,1434A,SHP,103.0,167.21383070188196,-64.21383070188196
2021-02-22 10:00:00,1434A,SHP,115.0,169.39562689937577,-54.39562689937577
2021-02-22 11:00:00,1434A,SHP,104.0,170.33674862145728,-66.33674862145728
2021-02-22 12:00:00,1434A,SHP,88.0,169.59858746429867,-81.59858746429867
2021-02-22 13:00:00,1434A,SHP,66.0,168.2700675360333,-102.27006753603331
2021-02-22 14:00:00,1434A,SHP,59.0,166.22026060523478,-107.22026060523478
2021-02-22 15:00:00,1434A,SHP,55.0,163.9000036296997,-108.90000362969971
2021-02-22 16:00:00,1434A,SHP,52.0,162.43651107438214,-110.43651107438214
2021-02-22 17:00:00,1434A,SHP,52.0,160.68016905772177,-108.68016905772177
2021-02-22 18:00:00,1434A,SHP,50.0,160.2439264815222,-110.24392648152221
2021-02-22 19:00:00,1434A,SHP,49.0,160.17826970312638,-111.17826970312638
2021-02-22 20:00:00,1434A,SHP,62.0,161.94365715214064,-99.94365715214064
2021-02-22 21:00:00,1434A,SHP,71.0,164.42717147186752,-93.42717147186752
2021-02-22 22:00:00,1434A,SHP,73.0,166.59866608641283,-93.59866608641283
2021-02-22 23:00:00,1434A,SHP,83.0,166.45202402555597,-83.45202402555597
2021-02-23 00:00:00,1434A,SHP,87.0,166.55495066305357,-79.55495066305357
2021-02-23 01:00:00,1434A,SHP,94.0,167.13195622509542,-73.13195622509542
2021-02-23 02:00:00,1434A,SHP,95.0,167.67012972093238,-72.67012972093238
2021-02-23 03:00:00,1434A,SHP,92.0,168.13648144207758,-76.13648144207758
2021-02-23 04:00:00,1434A,SHP,92.0,167.9890165465234,-75.9890165465234
2021-02-23 05:00:00,1434A,SHP,86.0,167.71078596110485,-81.71078596110485
2021-02-23 06:00:00,1434A,SHP,81.0,167.35534228310433,-86.35534228310433
2021-02-23 07:00:00,1434A,SHP,88.0,166.86922577427237,-78.86922577427237
2021-02-23 08:00:00,1434A,SHP,109.0,167.11719811735327,-58.11719811735327
2021-02-23 09:00:00,1434A,SHP,104.0,168.28820676321305,-64.28820676321305
2021-02-23 10:00:00,1434A,SHP,106.0,170.47000296070686,-64.47000296070686
2021-02-23 11:00:00,1434A,SHP,111.0,171.41112468278837,-60.41112468278837
2021-02-23 12:00:00,1434A,SHP,108.0,170.67296352562977,-62.67296352562977
2021-02-23 13:00:00,1434A,SHP,109.0,169.3444435973644,-60.3444435973644
2021-02-23 14:00:00,1434A,SHP,87.0,167.29463666656588,-80.29463666656588
2021-02-23 15:00:00,1434A,SHP,78.0,164.9743796910308,-86.9743796910308
2021-02-23 16:00:00,1434A,SHP,69.0,163.51088713571323,-94.51088713571323
2021-02-23 17:00:00,1434A,SHP,65.0,161.75454511905286,-96.75454511905286
2021-02-23 18:00:00,1434A,SHP,62.0,161.3183025428533,-99.3183025428533
2021-02-23 19:00:00,1434A,SHP,52.0,161.25264576445747,-109.25264576445747
2021-02-23 20:00:00,1434A,SHP,58.0,163.01803321347174,-105.01803321347174
2021-02-23 21:00:00,1434A,SHP,57.0,165.50154753319862,-108.50154753319862
2021-02-23 22:00:00,1434A,SHP,61.0,167.67304214774393,-106.67304214774393
2021-02-23 23:00:00,1434A,SHP,62.0,167.52640008688707,-105.52640008688707
2021-02-24 00:00:00,1434A,SHP,65.0,167.62932672438467,-102.62932672438467
2021-02-24 01:00:00,1434A,SHP,68.0,168.20633228642652,-100.20633228642652
2021-02-24 02:00:00,1434A,SHP,74.0,168.74450578226347,-94.74450578226347
2021-02-24 03:00:00,1434A,SHP,78.0,169.21085750340868,-91.21085750340868
2021-02-24 04:00:00,1434A,SHP,86.0,169.0633926078545,-83.0633926078545
2021-02-24 05:00:00,1434A,SHP,89.0,168.78516202243594,-79.78516202243594
2021-02-24 06:00:00,1434A,SHP,89.0,168.42971834443543,-79.42971834443543
2021-02-24 07:00:00,1434A,SHP,88.0,167.94360183560346,-79.94360183560346
2021-02-24 08:00:00,1434A,SHP,76.0,168.19157417868436,-92.19157417868436
2021-02-24 09:00:00,1434A,SHP,,169.36258282454415,
2021-02-24 10:00:00,1434A,SHP,,171.54437902203796,
2021-02-24 11:00:00,1434A,SHP,71.0,172.48550074411946,-101.48550074411946
2021-02-24 12:00:00,1434A,SHP,78.0,171.74733958696086,-93.74733958696086
2021-02-24 13:00:00,1434A,SHP,73.0,170.4188196586955,-97.4188196586955
2021-02-24 14:00:00,1434A,SHP,70.0,168.36901272789697,-98.36901272789697
2021-02-24 15:00:00,1434A,SHP,72.0,166.0487557523619,-94.0487557523619
2021-02-24 16:00:00,1434A,SHP,72.0,164.58526319704433,-92.58526319704433
2021-02-24 17:00:00,1434A,SHP,74.0,162.82892118038396,-88.82892118038396
2021-02-24 18:00:00,1434A,SHP,74.0,162.3926786041844,-88.3926786041844
2021-02-24 19:00:00,1434A,SHP,71.0,162.32702182578856,-91.32702182578856
2021-02-24 20:00:00,1434A,SHP,65.0,164.09240927480283,-99.09240927480283
2021-02-24 21:00:00,1434A,SHP,65.0,166.5759235945297,-101.57592359452971
2021-02-24 22:00:00,1434A,SHP,60.0,168.74741820907502,-108.74741820907502
2021-02-24 23:00:00,1434A,SHP,58.0,168.60077614821816,-110.60077614821816
2021-02-25 00:00:00,1434A,SHP,54.0,168.70370278571576,-114.70370278571576
2021-02-25 01:00:00,1434A,SHP,31.0,169.2807083477576,-138.2807083477576
2021-02-25 02:00:00,1434A,SHP,19.0,169.81888184359457,-150.81888184359457
2021-02-25 03:00:00,1434A,SHP,18.0,170.28523356473977,-152.28523356473977
2021-02-25 04:00:00,1434A,SHP,20.0,170.1377686691856,-150.1377686691856
2021-02-25 05:00:00,1434A,SHP,22.0,169.85953808376703,-147.85953808376703
2021-02-25 06:00:00,1434A,SHP,30.0,169.50409440576652,-139.50409440576652
2021-02-25 07:00:00,1434A,SHP,32.0,169.01797789693455,-137.01797789693455
2021-02-25 08:00:00,1434A,SHP,32.0,169.26595024001546,-137.26595024001546
2021-02-25 09:00:00,1434A,SHP,32.0,170.43695888587524,-138.43695888587524
2021-02-25 10:00:00,1434A,SHP,32.0,172.61875508336905,-140.61875508336905
2021-02-25 11:00:00,1434A,SHP,29.0,173.55987680545056,-144.55987680545056
2021-02-25 12:00:00,1434A,SHP,27.0,172.82171564829196,-145.82171564829196
2021-02-25 13:00:00,1434A,SHP,24.0,171.4931957200266,-147.4931957200266
2021-02-25 14:00:00,1434A,SHP,23.0,169.44338878922807,-146.44338878922807
2021-02-25 15:00:00,1434A,SHP,25.0,167.123131813693,-142.123131813693
2021-02-25 16:00:00,1434A,SHP,23.0,165.65963925837542,-142.65963925837542
2021-02-25 17:00:00,1434A,SHP,27.0,163.90329724171505,-136.90329724171505
2021-02-25 18:00:00,1434A,SHP,25.0,163.4670546655155,-138.4670546655155
2021-02-25 19:00:00,1434A,SHP,26.0,163.40139788711966,-137.40139788711966
2021-02-25 20:00:00,1434A,SHP,28.0,165.16678533613393,-137.16678533613393
2021-02-25 21:00:00,1434A,SHP,30.0,167.6502996558608,-137.6502996558608
2021-02-25 22:00:00,1434A,SHP,30.0,169.82179427040612,-139.82179427040612
2021-02-25 23:00:00,1434A,SHP,33.0,169.67515220954925,-136.67515220954925
2021-02-26 00:00:00,1434A,SHP,22.0,169.77807884704686,-147.77807884704686
2021-02-26 01:00:00,1434A,SHP,18.0,170.3550844090887,-152.3550844090887
2021-02-26 02:00:00,1434A,SHP,17.0,170.89325790492566,-153.89325790492566
2021-02-26 03:00:00,1434A,SHP,17.0,171.35960962607086,-154.35960962607086
2021-02-26 04:00:00,1434A,SHP,17.0,171.21214473051668,-154.21214473051668
2021-02-26 05:00:00,1434A,SHP,14.0,170.93391414509813,-156.93391414509813
2021-02-26 06:00:00,1434A,SHP,13.0,170.57847046709762,-157.57847046709762
2021-02-26 07:00:00,1434A,SHP,16.0,170.09235395826565,-154.09235395826565
2021-02-26 08:00:00,1434A,SHP,14.0,170.34032630134655,-156.34032630134655
2021-02-26 09:00:00,1434A,SHP,14.0,171.51133494720634,-157.51133494720634
2021-02-26 10:00:00,1434A,SHP,19.0,173.69313114470015,-154.69313114470015
2021-02-26 11:00:00,1434A,SHP,20.0,174.63425286678165,-154.63425286678165
2021-02-26 12:00:00,1434A,SHP,18.0,173.89609170962305,-155.89609170962305
2021-02-26 13:00:00,1434A,SHP,20.0,172.56757178135769,-152.56757178135769
2021-02-26 14:00:00,1434A,SHP,16.0,170.51776485055916,-154.51776485055916
2021-02-26 15:00:00,1434A,SHP,21.0,168.1975078750241,-147.1975078750241
2021-02-26 16:00:00,1434A,SHP,12.0,166.73401531970651,-154.73401531970651
2021-02-26 17:00:00,1434A,SHP,13.0,164.97767330304615,-151.97767330304615
2021-02-26 18:00:00,1434A,SHP,14.0,164.54143072684658,-150.54143072684658
2021-02-26 19:00:00,1434A,SHP,11.0,164.47577394845075,-153.47577394845075
2021-02-26 20:00:00,1434A,SHP,11.0,166.24116139746502,-155.24116139746502
2021-02-26 21:00:00,1434A,SHP,13.0,168.7246757171919,-155.7246757171919
2021-02-26 22:00:00,1434A,SHP,17.0,170.8961703317372,-153.8961703317372
2021-02-26 23:00:00,1434A,SHP,21.0,170.74952827088035,-149.74952827088035
2021-02-27 00:00:00,1434A,SHP,22.0,170.85245490837795,-148.85245490837795
2021-02-27 01:00:00,1434A,SHP,18.0,171.4294604704198,-153.4294604704198
2021-02-27 02:00:00,1434A,SHP,16.0,171.96763396625676,-155.96763396625676
2021-02-27 03:00:00,1434A,SHP,15.0,172.43398568740196,-157.43398568740196
2021-02-27 04:00:00,1434A,SHP,16.0,172.28652079184778,-156.28652079184778
2021-02-27 05:00:00,1434A,SHP,16.0,172.00829020642922,-156.00829020642922
2021-02-27 06:00:00,1434A,SHP,20.0,171.6528465284287,-151.6528465284287
2021-02-27 07:00:00,1434A,SHP,20.0,171.16673001959674,-151.16673001959674
2021-02-27 08:00:00,1434A,SHP,20.0,171.41470236267764,-151.41470236267764
2021-02-27 09:00:00,1434A,SHP,20.0,172.58571100853743,-152.58571100853743
2021-02-27 10:00:00,1434A,SHP,21.0,174.76750720603124,-153.76750720603124
2021-02-27 11:00:00,1434A,SHP,23.0,175.70862892811274,-152.70862892811274
2021-02-27 12:00:00,1434A,SHP,23.0,174.97046777095414,-151.97046777095414
2021-02-27 13:00:00,1434A,SHP,26.0,173.64194784268878,-147.64194784268878
2021-02-27 14:00:00,1434A,SHP,27.0,171.59214091189025,-144.59214091189025
2021-02-27 15:00:00,1434A,SHP,23.0,169.27188393635518,-146.27188393635518
2021-02-27 16:00:00,1434A,SHP,20.0,167.8083913810376,-147.8083913810376
2021-02-27 17:00:00,1434A,SHP,20.0,166.05204936437724,-146.05204936437724
2021-02-27 18:00:00,1434A,SHP,20.0,165.61580678817768,-145.61580678817768
2021-02-27 19:00:00,1434A,SHP,25.0,165.55015000978185,-140.55015000978185
2021-02-27 20:00:00,1434A,SHP,33.0,167.31553745879611,-134.31553745879611
2021-02-27 21:00:00,1434A,SHP,28.0,169.799051778523,-141.799051778523
2021-02-27 22:00:00,1434A,SHP,20.0,171.9705463930683,-151.9705463930683
2021-02-27 23:00:00,1434A,SHP,14.0,171.82390433221144,-157.82390433221144
2021-02-28 00:00:00,1434A,SHP,8.0,171.92683096970904,-163.92683096970904
2021-02-28 01:00:00,1434A,SHP,8.0,172.5038365317509,-164.5038365317509
2021-02-28 02:00:00,1434A,SHP,6.0,173.04201002758785,-167.04201002758785
2021-02-28 03:00:00,1434A,SHP,6.0,173.50836174873305,-167.50836174873305
2021-02-28 04:00:00,1434A,SHP,6.0,173.36089685317887,-167.36089685317887
2021-02-28 05:00:00,1434A,SHP,5.0,173.08266626776032,-168.08266626776032
2021-02-28 06:00:00,1434A,SHP,2.0,172.7272225897598,-170.7272225897598
2021-02-28 07:00:00,1434A,SHP,2.0,172.24110608092784,-170.24110608092784
2021-02-28 08:00:00,1434A,SHP,3.0,172.48907842400874,-169.48907842400874
2021-02-28 09:00:00,1434A,SHP,4.0,173.66008706986852,-169.66008706986852
2021-02-28 10:00:00,1434A,SHP,4.0,175.84188326736233,-171.84188326736233
2021-02-28 11:00:00,1434A,SHP,6.0,176.78300498944384,-170.78300498944384
2021-02-28 12:00:00,1434A,SHP,6.0,176.04484383228524,-170.04484383228524
2021-02-28 13:00:00,1434A,SHP,6.0,174.71632390401987,-168.71632390401987
2021-02-28 14:00:00,1434A,SHP,9.0,172.66651697322135,-163.66651697322135
2021-02-28 15:00:00,1434A,SHP,8.0,170.34625999768627,-162.34625999768627
2021-02-28 16:00:00,1434A,SHP,7.0,168.8827674423687,-161.8827674423687
2021-02-28 17:00:00,1434A,SHP,8.0,167.12642542570833,-159.12642542570833
2021-02-28 18:00:00,1434A,SHP,8.0,166.69018284950877,-158.69018284950877
2021-02-28 19:00:00,1434A,SHP,9.0,166.62452607111294,-157.62452607111294
2021-02-28 20:00:00,1434A,SHP,9.0,168.3899135201272,-159.3899135201272
2021-02-28 21:00:00,1434A,SHP,8.0,170.8734278398541,-162.8734278398541
2021-02-28 22:00:00,1434A,SHP,10.0,173.0449224543994,-163.0449224543994
2021-02-28 23:00:00,1434A,SHP,14.0,172.89828039354254,-158.89828039354254
2021-03-01 00:00:00,1434A,SHP,17.0,173.00120703104014,-156.00120703104014
2021-03-01 01:00:00,1434A,SHP,17.0,173.578212593082,-156.578212593082
2021-03-01 02:00:00,1434A,SHP,17.0,174.11638608891894,-157.11638608891894
2021-03-01 03:00:00,1434A,SHP,18.0,174.58273781006415,-156.58273781006415
2021-03-01 04:00:00,1434A,SHP,19.0,174.43527291450997,-155.43527291450997
2021-03-01 05:00:00,1434A,SHP,18.0,174.1570423290914,-156.1570423290914
2021-03-01 06:00:00,1434A,SHP,14.0,173.8015986510909,-159.8015986510909
2021-03-01 07:00:00,1434A,SHP,14.0,173.31548214225893,-159.31548214225893
2021-03-01 08:00:00,1434A,SHP,13.0,173.56345448533983,-160.56345448533983
2021-03-01 09:00:00,1434A,SHP,13.0,174.73446313119962,-161.73446313119962
2021-03-01 10:00:00,1434A,SHP,19.0,176.91625932869343,-157.91625932869343
2021-03-01 11:00:00,1434A,SHP,21.0,177.85738105077493,-156.85738105077493
2021-03-01 12:00:00,1434A,SHP,21.0,177.11921989361633,-156.11921989361633
2021-03-01 13:00:00,1434A,SHP,20.0,175.79069996535097,-155.79069996535097
2021-03-01 14:00:00,1434A,SHP,21.0,173.74089303455244,-152.74089303455244
2021-03-01 15:00:00,1434A,SHP,23.0,171.42063605901737,-148.42063605901737
2021-03-01 16:00:00,1434A,SHP,23.0,169.9571435036998,-146.9571435036998
2021-03-01 17:00:00,1434A,SHP,23.0,168.20080148703943,-145.20080148703943
2021-03-01 18:00:00,1434A,SHP,24.0,167.76455891083987,-143.76455891083987
2021-03-01 19:00:00,1434A,SHP,24.0,167.69890213244403,-143.69890213244403
2021-03-01 20:00:00,1434A,SHP,25.0,169.4642895814583,-144.4642895814583
2021-03-01 21:00:00,1434A,SHP,32.0,171.94780390118518,-139.94780390118518
2021-03-01 22:00:00,1434A,SHP,29.0,174.1192985157305,-145.1192985157305
2021-03-01 23:00:00,1434A,SHP,25.0,173.97265645487363,-148.97265645487363
2021-03-02 00:00:00,1434A,SHP,25.0,174.07558309237123,-149.07558309237123
2021-03-02 01:00:00,1434A,SHP,28.0,174.65258865441308,-146.65258865441308
2021-03-02 02:00:00,1434A,SHP,29.0,175.19076215025004,-146.19076215025004
2021-03-02 03:00:00,1434A,SHP,30.0,175.65711387139524,-145.65711387139524
2021-03-02 04:00:00,1434A,SHP,31.0,175.50964897584106,-144.50964897584106
2021-03-02 05:00:00,1434A,SHP,32.0,175.2314183904225,-143.2314183904225
2021-03-02 06:00:00,1434A,SHP,33.0,174.875974712422,-141.875974712422
2021-03-02 07:00:00,1434A,SHP,30.0,174.38985820359002,-144.38985820359002
2021-03-02 08:00:00,1434A,SHP,31.0,174.63783054667093,-143.63783054667093
2021-03-02 09:00:00,1434A,SHP,37.0,175.8088391925307,-138.8088391925307
2021-03-02 10:00:00,1434A,SHP,39.0,177.99063539002452,-138.99063539002452
2021-03-02 11:00:00,1434A,SHP,39.0,178.93175711210603,-139.93175711210603
2021-03-02 12:00:00,1434A,SHP,37.0,178.19359595494743,-141.19359595494743
2021-03-02 13:00:00,1434A,SHP,31.0,176.86507602668206,-145.86507602668206
2021-03-02 14:00:00,1434A,SHP,31.0,174.81526909588354,-143.81526909588354
2021-03-02 15:00:00,1434A,SHP,31.0,172.49501212034846,-141.49501212034846
2021-03-02 16:00:00,1434A,SHP,36.0,171.0315195650309,-135.0315195650309
2021-03-02 17:00:00,1434A,SHP,40.0,169.27517754837052,-129.27517754837052
2021-03-02 18:00:00,1434A,SHP,41.0,168.83893497217096,-127.83893497217096
2021-03-02 19:00:00,1434A,SHP,41.0,168.77327819377513,-127.77327819377513
2021-03-02 20:00:00,1434A,SHP,40.0,170.5386656427894,-130.5386656427894
2021-03-02 21:00:00,1434A,SHP,33.0,173.02217996251628,-140.02217996251628
2021-03-02 22:00:00,1434A,SHP,34.0,175.19367457706159,-141.19367457706159
2021-03-02 23:00:00,1434A,SHP,34.0,175.04703251620472,-141.04703251620472
2021-03-03 00:00:00,1434A,SHP,38.0,175.14995915370233,-137.14995915370233
2021-03-03 01:00:00,1434A,SHP,38.0,175.72696471574417,-137.72696471574417
2021-03-03 02:00:00,1434A,SHP,28.0,176.26513821158113,-148.26513821158113
2021-03-03 03:00:00,1434A,SHP,23.0,176.73148993272633,-153.73148993272633
2021-03-03 04:00:00,1434A,SHP,23.0,176.58402503717215,-153.58402503717215
2021-03-03 05:00:00,1434A,SHP,29.0,176.3057944517536,-147.3057944517536
2021-03-03 06:00:00,1434A,SHP,38.0,175.9503507737531,-137.9503507737531
2021-03-03 07:00:00,1434A,SHP,35.0,175.46423426492112,-140.46423426492112
2021-03-03 08:00:00,1434A,SHP,32.0,175.71220660800202,-143.71220660800202
2021-03-03 09:00:00,1434A,SHP,37.0,176.8832152538618,-139.8832152538618
2021-03-03 10:00:00,1434A,SHP,42.0,179.06501145135562,-137.06501145135562
2021-03-03 11:00:00,1434A,SHP,44.0,180.00613317343712,-136.00613317343712
2021-03-03 12:00:00,1434A,SHP,47.0,179.26797201627852,-132.26797201627852
2021-03-03 13:00:00,1434A,SHP,46.0,177.93945208801316,-131.93945208801316
2021-03-03 14:00:00,1434A,SHP,44.0,175.88964515721463,-131.88964515721463
2021-03-03 15:00:00,1434A,SHP,40.0,173.56938818167956,-133.56938818167956
2021-03-03 16:00:00,1434A,SHP,38.0,172.10589562636198,-134.10589562636198
2021-03-03 17:00:00,1434A,SHP,37.0,170.34955360970162,-133.34955360970162
2021-03-03 18:00:00,1434A,SHP,38.0,169.91331103350205,-131.91331103350205
2021-03-03 19:00:00,1434A,SHP,38.0,169.84765425510622,-131.84765425510622
2021-03-03 20:00:00,1434A,SHP,39.0,171.6130417041205,-132.6130417041205
2021-03-03 21:00:00,1434A,SHP,42.0,174.09655602384737,-132.09655602384737
2021-03-03 22:00:00,1434A,SHP,44.0,176.26805063839268,-132.26805063839268
2021-03-03 23:00:00,1434A,SHP,46.0,176.12140857753582,-130.12140857753582
2021-03-04 00:00:00,1434A,SHP,47.0,176.22433521503342,-129.22433521503342
2021-03-04 01:00:00,1434A,SHP,47.0,176.80134077707527,-129.80134077707527
2021-03-04 02:00:00,1434A,SHP,39.0,177.33951427291223,-138.33951427291223
2021-03-04 03:00:00,1434A,SHP,32.0,177.80586599405743,-145.80586599405743
2021-03-04 04:00:00,1434A,SHP,31.0,177.65840109850325,-146.65840109850325
2021-03-04 05:00:00,1434A,SHP,30.0,177.3801705130847,-147.3801705130847
2021-03-04 06:00:00,1434A,SHP,31.0,177.02472683508418,-146.02472683508418
2021-03-04 07:00:00,1434A,SHP,32.0,176.5386103262522,-144.5386103262522
2021-03-04 08:00:00,1434A,SHP,34.0,176.78658266933311,-142.78658266933311
2021-03-04 09:00:00,1434A,SHP,38.0,177.9575913151929,-139.9575913151929
2021-03-04 10:00:00,1434A,SHP,45.0,180.1393875126867,-135.1393875126867
2021-03-04 11:00:00,1434A,SHP,48.0,181.08050923476821,-133.08050923476821
2021-03-04 12:00:00,1434A,SHP,50.0,180.3423480776096,-130.3423480776096
2021-03-04 13:00:00,1434A,SHP,53.0,179.01382814934425,-126.01382814934425
2021-03-04 14:00:00,1434A,SHP,55.0,176.96402121854572,-121.96402121854572
2021-03-04 15:00:00,1434A,SHP,56.0,174.64376424301065,-118.64376424301065
2021-03-04 16:00:00,1434A,SHP,59.0,173.18027168769308,-114.18027168769308
2021-03-04 17:00:00,1434A,SHP,60.0,171.4239296710327,-111.42392967103271
2021-03-04 18:00:00,1434A,SHP,71.0,170.98768709483315,-99.98768709483315
2021-03-04 19:00:00,1434A,SHP,83.0,170.92203031643731,-87.92203031643731
2021-03-04 20:00:00,1434A,SHP,83.0,172.68741776545158,-89.68741776545158
2021-03-04 21:00:00,1434A,SHP,82.0,175.17093208517846,-93.17093208517846
2021-03-04 22:00:00,1434A,SHP,71.0,177.34242669972377,-106.34242669972377
2021-03-04 23:00:00,1434A,SHP,63.0,177.1957846388669,-114.19578463886691
2021-03-05 00:00:00,1434A,SHP,64.0,177.29871127636451,-113.29871127636451
2021-03-05 01:00:00,1434A,SHP,66.0,177.87571683840636,-111.87571683840636
2021-03-05 02:00:00,1434A,SHP,69.0,178.41389033424332,-109.41389033424332
2021-03-05 03:00:00,1434A,SHP,72.0,178.88024205538852,-106.88024205538852
2021-03-05 04:00:00,1434A,SHP,74.0,178.73277715983434,-104.73277715983434
2021-03-05 05:00:00,1434A,SHP,75.0,178.4545465744158,-103.45454657441579
2021-03-05 06:00:00,1434A,SHP,75.0,178.09910289641527,-103.09910289641527
2021-03-05 07:00:00,1434A,SHP,79.0,177.6129863875833,-98.6129863875833
2021-03-05 08:00:00,1434A,SHP,90.0,177.8609587306642,-87.86095873066421
2021-03-05 09:00:00,1434A,SHP,93.0,179.031967376524,-86.031967376524
2021-03-05 10:00:00,1434A,SHP,95.0,181.2137635740178,-86.2137635740178
2021-03-05 11:00:00,1434A,SHP,81.0,182.1548852960993,-101.15488529609931
2021-03-05 12:00:00,1434A,SHP,79.0,181.4167241389407,-102.41672413894071
2021-03-05 13:00:00,1434A,SHP,67.0,180.08820421067534,-113.08820421067534
2021-03-05 14:00:00,1434A,SHP,51.0,178.03839727987682,-127.03839727987682
2021-03-05 15:00:00,1434A,SHP,46.0,175.71814030434174,-129.71814030434174
2021-03-05 16:00:00,1434A,SHP,46.0,174.25464774902417,-128.25464774902417
2021-03-05 17:00:00,1434A,SHP,41.0,172.4983057323638,-131.4983057323638
2021-03-05 18:00:00,1434A,SHP,40.0,172.06206315616424,-132.06206315616424
2021-03-05 19:00:00,1434A,SHP,44.0,171.9964063777684,-127.99640637776841
2021-03-05 20:00:00,1434A,SHP,42.0,173.76179382678268,-131.76179382678268
2021-03-05 21:00:00,1434A,SHP,46.0,176.24530814650956,-130.24530814650956
2021-03-05 22:00:00,1434A,SHP,50.0,178.41680276105487,-128.41680276105487
2021-03-05 23:00:00,1434A,SHP,44.0,178.270160700198,-134.270160700198
2021-03-06 00:00:00,1434A,SHP,45.0,178.3730873376956,-133.3730873376956
2021-03-06 01:00:00,1434A,SHP,45.0,178.95009289973746,-133.95009289973746
2021-03-06 02:00:00,1434A,SHP,58.0,179.4882663955744,-121.48826639557441
2021-03-06 03:00:00,1434A,SHP,61.0,179.95461811671962,-118.95461811671962
2021-03-06 04:00:00,1434A,SHP,60.0,179.80715322116544,-119.80715322116544
2021-03-06 05:00:00,1434A,SHP,52.0,179.52892263574688,-127.52892263574688
2021-03-06 06:00:00,1434A,SHP,49.0,179.17347895774637,-130.17347895774637
2021-03-06 07:00:00,1434A,SHP,47.0,178.6873624489144,-131.6873624489144
2021-03-06 08:00:00,1434A,SHP,42.0,178.9353347919953,-136.9353347919953
2021-03-06 09:00:00,1434A,SHP,42.0,180.1063434378551,-138.1063434378551
2021-03-06 10:00:00,1434A,SHP,45.0,182.2881396353489,-137.2881396353489
2021-03-06 11:00:00,1434A,SHP,30.0,183.2292613574304,-153.2292613574304
2021-03-06 12:00:00,1434A,SHP,32.0,182.4911002002718,-150.4911002002718
2021-03-06 13:00:00,1434A,SHP,32.0,181.16258027200644,-149.16258027200644
2021-03-06 14:00:00,1434A,SHP,32.0,179.1127733412079,-147.1127733412079
2021-03-06 15:00:00,1434A,SHP,24.0,176.79251636567284,-152.79251636567284
2021-03-06 16:00:00,1434A,SHP,22.0,175.32902381035527,-153.32902381035527
2021-03-06 17:00:00,1434A,SHP,21.0,173.5726817936949,-152.5726817936949
2021-03-06 18:00:00,1434A,SHP,24.0,173.13643921749534,-149.13643921749534
2021-03-06 19:00:00,1434A,SHP,31.0,173.0707824390995,-142.0707824390995
2021-03-06 20:00:00,1434A,SHP,34.0,174.83616988811377,-140.83616988811377
2021-03-06 21:00:00,1434A,SHP,41.0,177.31968420784065,-136.31968420784065
2021-03-06 22:00:00,1434A,SHP,37.0,179.49117882238596,-142.49117882238596
2021-03-06 23:00:00,1434A,SHP,38.0,179.3445367615291,-141.3445367615291
2021-03-07 00:00:00,1434A,SHP,41.0,179.4474633990267,-138.4474633990267
2021-03-07 01:00:00,1434A,SHP,49.0,180.02446896106855,-131.02446896106855
2021-03-07 02:00:00,1434A,SHP,50.0,180.5626424569055,-130.5626424569055
2021-03-07 03:00:00,1434A,SHP,38.0,181.0289941780507,-143.0289941780507
2021-03-07 04:00:00,1434A,SHP,37.0,180.88152928249653,-143.88152928249653
2021-03-07 05:00:00,1434A,SHP,36.0,180.60329869707797,-144.60329869707797
2021-03-07 06:00:00,1434A,SHP,34.0,180.24785501907746,-146.24785501907746
2021-03-07 07:00:00,1434A,SHP,31.0,179.7617385102455,-148.7617385102455
2021-03-07 08:00:00,1434A,SHP,32.0,180.0097108533264,-148.0097108533264
2021-03-07 09:00:00,1434A,SHP,33.0,181.18071949918618,-148.18071949918618
2021-03-07 10:00:00,1434A,SHP,28.0,183.36251569668,-155.36251569668
2021-03-07 11:00:00,1434A,SHP,24.0,184.3036374187615,-160.3036374187615
2021-03-07 12:00:00,1434A,SHP,22.0,183.5654762616029,-161.5654762616029
2021-03-07 13:00:00,1434A,SHP,23.0,182.23695633333753,-159.23695633333753
2021-03-07 14:00:00,1434A,SHP,27.0,180.187149402539,-153.187149402539
2021-03-07 15:00:00,1434A,SHP,29.0,177.86689242700393,-148.86689242700393
2021-03-07 16:00:00,1434A,SHP,30.0,176.40339987168636,-146.40339987168636
2021-03-07 17:00:00,1434A,SHP,29.0,174.647057855026,-145.647057855026
2021-03-07 18:00:00,1434A,SHP,27.0,174.21081527882643,-147.21081527882643
2021-03-07 19:00:00,1434A,SHP,26.0,174.1451585004306,-148.1451585004306
2021-03-07 20:00:00,1434A,SHP,32.0,175.91054594944487,-143.91054594944487
2021-03-07 21:00:00,1434A,SHP,37.0,178.39406026917175,-141.39406026917175
2021-03-07 22:00:00,1434A,SHP,38.0,180.56555488371706,-142.56555488371706
2021-03-07 23:00:00,1434A,SHP,41.0,180.4189128228602,-139.4189128228602
2021-03-08 00:00:00,1434A,SHP,44.0,180.5218394603578,-136.5218394603578
2021-03-08 01:00:00,1434A,SHP,45.0,181.09884502239964,-136.09884502239964
2021-03-08 02:00:00,1434A,SHP,50.0,181.6370185182366,-131.6370185182366
2021-03-08 03:00:00,1434A,SHP,49.0,182.1033702393818,-133.1033702393818
2021-03-08 04:00:00,1434A,SHP,50.0,181.95590534382762,-131.95590534382762
2021-03-08 05:00:00,1434A,SHP,54.0,181.67767475840907,-127.67767475840907
2021-03-08 06:00:00,1434A,SHP,53.0,181.32223108040856,-128.32223108040856
2021-03-08 07:00:00,1434A,SHP,62.0,180.8361145715766,-118.83611457157659
2021-03-08 08:00:00,1434A,SHP,63.0,181.0840869146575,-118.08408691465749
2021-03-08 09:00:00,1434A,SHP,63.0,182.25509556051728,-119.25509556051728
2021-03-08 10:00:00,1434A,SHP,34.0,184.4368917580111,-150.4368917580111
2021-03-08 11:00:00,1434A,SHP,16.0,185.3780134800926,-169.3780134800926
2021-03-08 12:00:00,1434A,SHP,14.0,184.639852322934,-170.639852322934
2021-03-08 13:00:00,1434A,SHP,25.0,183.31133239466863,-158.31133239466863
2021-03-08 14:00:00,1434A,SHP,34.0,181.2615254638701,-147.2615254638701
2021-03-08 15:00:00,1434A,SHP,36.0,178.94126848833503,-142.94126848833503
2021-03-08 16:00:00,1434A,SHP,40.0,177.47777593301745,-137.47777593301745
2021-03-08 17:00:00,1434A,SHP,49.0,175.72143391635709,-126.72143391635709
2021-03-08 18:00:00,1434A,SHP,36.0,175.28519134015752,-139.28519134015752
2021-03-08 19:00:00,1434A,SHP,36.0,175.2195345617617,-139.2195345617617
2021-03-08 20:00:00,1434A,SHP,36.0,176.98492201077596,-140.98492201077596
2021-03-08 21:00:00,1434A,SHP,38.0,179.46843633050284,-141.46843633050284
2021-03-08 22:00:00,1434A,SHP,40.0,181.63993094504815,-141.63993094504815
2021-03-08 23:00:00,1434A,SHP,41.0,181.4932888841913,-140.4932888841913
2021-03-09 00:00:00,1434A,SHP,42.0,181.5962155216889,-139.5962155216889
2021-03-09 01:00:00,1434A,SHP,45.0,182.17322108373074,-137.17322108373074
2021-03-09 02:00:00,1434A,SHP,45.0,182.7113945795677,-137.7113945795677
2021-03-09 03:00:00,1434A,SHP,48.0,183.1777463007129,-135.1777463007129
2021-03-09 04:00:00,1434A,SHP,56.0,183.03028140515872,-127.03028140515872
2021-03-09 05:00:00,1434A,SHP,58.0,182.75205081974016,-124.75205081974016
2021-03-09 06:00:00,1434A,SHP,58.0,182.39660714173965,-124.39660714173965
2021-03-09 07:00:00,1434A,SHP,55.0,181.91049063290768,-126.91049063290768
2021-03-09 08:00:00,1434A,SHP,55.0,182.15846297598858,-127.15846297598858
2021-03-09 09:00:00,1434A,SHP,59.0,183.32947162184837,-124.32947162184837
2021-03-09 10:00:00,1434A,SHP,62.0,185.51126781934218,-123.51126781934218
2021-03-09 11:00:00,1434A,SHP,48.0,186.45238954142368,-138.45238954142368
2021-03-09 12:00:00,1434A,SHP,54.0,185.71422838426508,-131.71422838426508
2021-03-09 13:00:00,1434A,SHP,67.0,184.38570845599972,-117.38570845599972
2021-03-09 14:00:00,1434A,SHP,64.0,182.3359015252012,-118.3359015252012
2021-03-09 15:00:00,1434A,SHP,56.0,180.01564454966612,-124.01564454966612
2021-03-09 16:00:00,1434A,SHP,52.0,178.55215199434855,-126.55215199434855
2021-03-09 17:00:00,1434A,SHP,48.0,176.79580997768818,-128.79580997768818
2021-03-09 18:00:00,1434A,SHP,49.0,176.35956740148862,-127.35956740148862
2021-03-09 19:00:00,1434A,SHP,51.0,176.29391062309278,-125.29391062309278
2021-03-09 20:00:00,1434A,SHP,52.0,178.05929807210705,-126.05929807210705
2021-03-09 21:00:00,1434A,SHP,52.0,180.54281239183393,-128.54281239183393
2021-03-09 22:00:00,1434A,SHP,53.0,182.71430700637924,-129.71430700637924
2021-03-09 23:00:00,1434A,SHP,49.0,182.56766494552238,-133.56766494552238
2021-03-10 00:00:00,1434A,SHP,58.0,182.67059158301998,-124.67059158301998
2021-03-10 01:00:00,1434A,SHP,58.0,183.24759714506183,-125.24759714506183
2021-03-10 02:00:00,1434A,SHP,60.0,183.7857706408988,-123.78577064089879
2021-03-10 03:00:00,1434A,SHP,62.0,184.252122362044,-122.25212236204399
2021-03-10 04:00:00,1434A,SHP,70.0,184.1046574664898,-114.10465746648981
2021-03-10 05:00:00,1434A,SHP,71.0,183.82642688107126,-112.82642688107126
2021-03-10 06:00:00,1434A,SHP,68.0,183.47098320307074,-115.47098320307074
2021-03-10 07:00:00,1434A,SHP,70.0,182.98486669423878,-112.98486669423878
2021-03-10 08:00:00,1434A,SHP,70.0,183.23283903731968,-113.23283903731968
2021-03-10 09:00:00,1434A,SHP,67.0,184.40384768317946,-117.40384768317946
2021-03-10 10:00:00,1434A,SHP,70.0,186.58564388067327,-116.58564388067327
2021-03-10 11:00:00,1434A,SHP,55.0,187.52676560275478,-132.52676560275478
2021-03-10 12:00:00,1434A,SHP,53.0,186.78860444559618,-133.78860444559618
2021-03-10 13:00:00,1434A,SHP,53.0,185.4600845173308,-132.4600845173308
2021-03-10 14:00:00,1434A,SHP,47.0,183.4102775865323,-136.4102775865323
2021-03-10 15:00:00,1434A,SHP,45.0,181.09002061099721,-136.09002061099721
2021-03-10 16:00:00,1434A,SHP,41.0,179.62652805567964,-138.62652805567964
2021-03-10 17:00:00,1434A,SHP,39.0,177.87018603901927,-138.87018603901927
2021-03-10 18:00:00,1434A,SHP,43.0,177.4339434628197,-134.4339434628197
2021-03-10 19:00:00,1434A,SHP,41.0,177.36828668442388,-136.36828668442388
2021-03-10 20:00:00,1434A,SHP,45.0,179.13367413343815,-134.13367413343815
2021-03-10 21:00:00,1434A,SHP,49.0,181.61718845316503,-132.61718845316503
2021-03-10 22:00:00,1434A,SHP,49.0,183.78868306771034,-134.78868306771034
2021-03-10 23:00:00,1434A,SHP,50.0,183.64204100685347,-133.64204100685347
2021-03-11 00:00:00,1434A,SHP,53.0,183.74496764435108,-130.74496764435108
2021-03-11 01:00:00,1434A,SHP,55.0,184.32197320639293,-129.32197320639293
2021-03-11 02:00:00,1434A,SHP,56.0,184.86014670222988,-128.86014670222988
2021-03-11 03:00:00,1434A,SHP,57.0,185.32649842337509,-128.32649842337509
2021-03-11 04:00:00,1434A,SHP,58.0,185.1790335278209,-127.1790335278209
2021-03-11 05:00:00,1434A,SHP,60.0,184.90080294240235,-124.90080294240235
2021-03-11 06:00:00,1434A,SHP,64.0,184.54535926440184,-120.54535926440184
2021-03-11 07:00:00,1434A,SHP,71.0,184.05924275556987,-113.05924275556987
2021-03-11 08:00:00,1434A,SHP,72.0,184.30721509865077,-112.30721509865077
2021-03-11 09:00:00,1434A,SHP,75.0,185.47822374451056,-110.47822374451056
2021-03-11 10:00:00,1434A,SHP,75.0,187.66001994200437,-112.66001994200437
2021-03-11 11:00:00,1434A,SHP,78.0,188.60114166408587,-110.60114166408587
2021-03-11 12:00:00,1434A,SHP,76.0,187.86298050692727,-111.86298050692727
2021-03-11 13:00:00,1434A,SHP,59.0,186.5344605786619,-127.5344605786619
2021-03-11 14:00:00,1434A,SHP,55.0,184.48465364786338,-129.48465364786338
2021-03-11 15:00:00,1434A,SHP,47.0,182.1643966723283,-135.1643966723283
2021-03-11 16:00:00,1434A,SHP,52.0,180.70090411701074,-128.70090411701074
2021-03-11 17:00:00,1434A,SHP,60.0,178.94456210035037,-118.94456210035037
2021-03-11 18:00:00,1434A,SHP,60.0,178.5083195241508,-118.5083195241508
2021-03-11 19:00:00,1434A,SHP,62.0,178.44266274575497,-116.44266274575497
2021-03-11 20:00:00,1434A,SHP,56.0,180.20805019476924,-124.20805019476924
2021-03-11 21:00:00,1434A,SHP,55.0,182.69156451449612,-127.69156451449612
2021-03-11 22:00:00,1434A,SHP,60.0,184.86305912904143,-124.86305912904143
2021-03-11 23:00:00,1434A,SHP,58.0,184.71641706818457,-126.71641706818457
2021-03-12 00:00:00,1434A,SHP,56.0,184.81934370568217,-128.81934370568217
2021-03-12 01:00:00,1434A,SHP,65.0,185.39634926772402,-120.39634926772402
2021-03-12 02:00:00,1434A,SHP,77.0,185.93452276356098,-108.93452276356098
2021-03-12 03:00:00,1434A,SHP,76.0,186.40087448470618,-110.40087448470618
2021-03-12 04:00:00,1434A,SHP,80.0,186.253409589152,-106.253409589152
2021-03-12 05:00:00,1434A,SHP,79.0,185.97517900373344,-106.97517900373344
2021-03-12 06:00:00,1434A,SHP,77.0,185.61973532573293,-108.61973532573293
2021-03-12 07:00:00,1434A,SHP,76.0,185.13361881690096,-109.13361881690096
2021-03-12 08:00:00,1434A,SHP,80.0,185.38159115998187,-105.38159115998187
2021-03-12 09:00:00,1434A,SHP,88.0,186.55259980584165,-98.55259980584165
2021-03-12 10:00:00,1434A,SHP,85.0,188.73439600333546,-103.73439600333546
2021-03-12 11:00:00,1434A,SHP,69.0,189.67551772541697,-120.67551772541697
2021-03-12 12:00:00,1434A,SHP,66.0,188.93735656825837,-122.93735656825837
2021-03-12 13:00:00,1434A,SHP,62.0,187.608836639993,-125.608836639993
2021-03-12 14:00:00,1434A,SHP,60.0,185.55902970919448,-125.55902970919448
2021-03-12 15:00:00,1434A,SHP,65.0,183.2387727336594,-118.2387727336594
2021-03-12 16:00:00,1434A,SHP,73.0,181.77528017834183,-108.77528017834183
2021-03-12 17:00:00,1434A,SHP,98.0,180.01893816168146,-82.01893816168146
2021-03-12 18:00:00,1434A,SHP,107.0,179.5826955854819,-72.5826955854819
2021-03-12 19:00:00,1434A,SHP,103.0,179.51703880708607,-76.51703880708607
2021-03-12 20:00:00,1434A,SHP,90.0,181.28242625610034,-91.28242625610034
2021-03-12 21:00:00,1434A,SHP,92.0,183.76594057582722,-91.76594057582722
2021-03-12 22:00:00,1434A,SHP,97.0,185.93743519037253,-88.93743519037253
2021-03-12 23:00:00,1434A,SHP,98.0,185.79079312951566,-87.79079312951566
2021-03-13 00:00:00,1434A,SHP,89.0,185.89371976701327,-96.89371976701327
2021-03-13 01:00:00,1434A,SHP,85.0,186.4707253290551,-101.47072532905511
2021-03-13 02:00:00,1434A,SHP,86.0,187.00889882489207,-101.00889882489207
2021-03-13 03:00:00,1434A,SHP,86.0,187.47525054603727,-101.47525054603727
2021-03-13 04:00:00,1434A,SHP,83.0,187.3277856504831,-104.3277856504831
2021-03-13 05:00:00,1434A,SHP,86.0,187.04955506506454,-101.04955506506454
2021-03-13 06:00:00,1434A,SHP,84.0,186.69411138706403,-102.69411138706403
2021-03-13 07:00:00,1434A,SHP,79.0,186.20799487823206,-107.20799487823206
2021-03-13 08:00:00,1434A,SHP,76.0,186.45596722131296,-110.45596722131296
2021-03-13 09:00:00,1434A,SHP,85.0,187.62697586717275,-102.62697586717275
2021-03-13 10:00:00,1434A,SHP,97.0,189.80877206466656,-92.80877206466656
2021-03-13 11:00:00,1434A,SHP,97.0,190.74989378674806,-93.74989378674806
2021-03-13 12:00:00,1434A,SHP,87.0,190.01173262958946,-103.01173262958946
2021-03-13 13:00:00,1434A,SHP,75.0,188.6832127013241,-113.6832127013241
2021-03-13 14:00:00,1434A,SHP,78.0,186.63340577052557,-108.63340577052557
2021-03-13 15:00:00,1434A,SHP,75.0,184.3131487949905,-109.3131487949905
2021-03-13 16:00:00,1434A,SHP,69.0,182.84965623967292,-113.84965623967292
2021-03-13 17:00:00,1434A,SHP,67.0,181.09331422301256,-114.09331422301256
2021-03-13 18:00:00,1434A,SHP,62.0,180.657071646813,-118.657071646813
2021-03-13 19:00:00,1434A,SHP,67.0,180.59141486841716,-113.59141486841716
2021-03-13 20:00:00,1434A,SHP,95.0,182.35680231743143,-87.35680231743143
2021-03-13 21:00:00,1434A,SHP,,184.8403166371583,
2021-03-13 22:00:00,1434A,SHP,110.0,187.01181125170362,-77.01181125170362
2021-03-13 23:00:00,1434A,SHP,110.0,186.86516919084676,-76.86516919084676
2021-03-14 00:00:00,1434A,SHP,114.0,186.96809582834436,-72.96809582834436
2021-03-14 01:00:00,1434A,SHP,115.0,187.5451013903862,-72.54510139038621
2021-03-14 02:00:00,1434A,SHP,123.0,188.08327488622317,-65.08327488622317
2021-03-14 03:00:00,1434A,SHP,133.0,188.54962660736837,-55.54962660736837
2021-03-14 04:00:00,1434A,SHP,132.0,188.4021617118142,-56.40216171181419
2021-03-14 05:00:00,1434A,SHP,132.0,188.12393112639563,-56.12393112639563
2021-03-14 06:00:00,1434A,SHP,136.0,187.76848744839512,-51.76848744839512
2021-03-14 07:00:00,1434A,SHP,137.0,187.28237093956315,-50.28237093956315
2021-03-14 08:00:00,1434A,SHP,142.0,187.53034328264405,-45.530343282644054
2021-03-14 09:00:00,1434A,SHP,137.0,188.70135192850384,-51.70135192850384
2021-03-14 10:00:00,1434A,SHP,141.0,190.88314812599765,-49.88314812599765
2021-03-14 11:00:00,1434A,SHP,135.0,191.82426984807915,-56.824269848079155
2021-03-14 12:00:00,1434A,SHP,121.0,191.08610869092055,-70.08610869092055
2021-03-14 13:00:00,1434A,SHP,102.0,189.7575887626552,-87.75758876265519
2021-03-14 14:00:00,1434A,SHP,88.0,187.70778183185666,-99.70778183185666
2021-03-14 15:00:00,1434A,SHP,81.0,185.3875248563216,-104.38752485632159
2021-03-14 16:00:00,1434A,SHP,72.0,183.92403230100402,-111.92403230100402
2021-03-14 17:00:00,1434A,SHP,68.0,182.16769028434365,-114.16769028434365
2021-03-14 18:00:00,1434A,SHP,70.0,181.7314477081441,-111.73144770814409
2021-03-14 19:00:00,1434A,SHP,62.0,181.66579092974825,-119.66579092974825
2021-03-14 20:00:00,1434A,SHP,58.0,183.43117837876252,-125.43117837876252
2021-03-14 21:00:00,1434A,SHP,63.0,185.9146926984894,-122.9146926984894
2021-03-14 22:00:00,1434A,SHP,73.0,188.0861873130347,-115.08618731303471
2021-03-14 23:00:00,1434A,SHP,74.0,187.93954525217785,-113.93954525217785
2021-03-15 00:00:00,1434A,SHP,78.0,188.04247188967545,-110.04247188967545
2021-03-15 01:00:00,1434A,SHP,81.0,188.6194774517173,-107.6194774517173
2021-03-15 02:00:00,1434A,SHP,85.0,189.15765094755426,-104.15765094755426
2021-03-15 03:00:00,1434A,SHP,86.0,189.62400266869946,-103.62400266869946
2021-03-15 04:00:00,1434A,SHP,89.0,189.47653777314528,-100.47653777314528
2021-03-15 05:00:00,1434A,SHP,92.0,189.19830718772673,-97.19830718772673
2021-03-15 06:00:00,1434A,SHP,93.0,188.84286350972621,-95.84286350972621
2021-03-15 07:00:00,1434A,SHP,94.0,188.35674700089425,-94.35674700089425
2021-03-15 08:00:00,1434A,SHP,93.0,188.60471934397515,-95.60471934397515
2021-03-15 09:00:00,1434A,SHP,104.0,189.77572798983493,-85.77572798983493
2021-03-15 10:00:00,1434A,SHP,109.0,191.95752418732874,-82.95752418732874
2021-03-15 11:00:00,1434A,SHP,103.0,192.89864590941025,-89.89864590941025
2021-03-15 12:00:00,1434A,SHP,72.0,192.16048475225165,-120.16048475225165
2021-03-15 13:00:00,1434A,SHP,70.0,190.83196482398628,-120.83196482398628
2021-03-15 14:00:00,1434A,SHP,68.0,188.78215789318776,-120.78215789318776
2021-03-15 15:00:00,1434A,SHP,57.0,186.46190091765268,-129.46190091765268
2021-03-15 16:00:00,1434A,SHP,56.0,184.9984083623351,-128.9984083623351
2021-03-15 17:00:00,1434A,SHP,50.0,183.24206634567474,-133.24206634567474
2021-03-15 18:00:00,1434A,SHP,42.0,182.80582376947518,-140.80582376947518
2021-03-15 19:00:00,1434A,SHP,38.0,182.74016699107935,-144.74016699107935
2021-03-15 20:00:00,1434A,SHP,52.0,184.50555444009362,-132.50555444009362
2021-03-15 21:00:00,1434A,SHP,59.0,186.9890687598205,-127.9890687598205
2021-03-15 22:00:00,1434A,SHP,65.0,189.1605633743658,-124.16056337436581
2021-03-15 23:00:00,1434A,SHP,76.0,189.01392131350894,-113.01392131350894
2021-03-16 00:00:00,1434A,SHP,77.0,189.11684795100655,-112.11684795100655
2021-03-16 01:00:00,1434A,SHP,78.0,189.6938535130484,-111.6938535130484
2021-03-16 02:00:00,1434A,SHP,79.0,190.23202700888535,-111.23202700888535
2021-03-16 03:00:00,1434A,SHP,77.0,190.69837873003056,-113.69837873003056
2021-03-16 04:00:00,1434A,SHP,82.0,190.55091383447638,-108.55091383447638
2021-03-16 05:00:00,1434A,SHP,79.0,190.27268324905782,-111.27268324905782
2021-03-16 06:00:00,1434A,SHP,80.0,189.9172395710573,-109.91723957105731
2021-03-16 07:00:00,1434A,SHP,95.0,189.43112306222534,-94.43112306222534
2021-03-16 08:00:00,1434A,SHP,93.0,189.67909540530624,-96.67909540530624
2021-03-16 09:00:00,1434A,SHP,103.0,190.85010405116603,-87.85010405116603
2021-03-16 10:00:00,1434A,SHP,124.0,193.03190024865984,-69.03190024865984
2021-03-16 11:00:00,1434A,SHP,125.0,193.97302197074134,-68.97302197074134
2021-03-16 12:00:00,1434A,SHP,117.0,193.23486081358274,-76.23486081358274
2021-03-16 13:00:00,1434A,SHP,101.0,191.90634088531738,-90.90634088531738
2021-03-16 14:00:00,1434A,SHP,68.0,189.85653395451885,-121.85653395451885
2021-03-16 15:00:00,1434A,SHP,65.0,187.53627697898378,-122.53627697898378
2021-03-16 16:00:00,1434A,SHP,66.0,186.0727844236662,-120.0727844236662
2021-03-16 17:00:00,1434A,SHP,75.0,184.31644240700584,-109.31644240700584
2021-03-16 18:00:00,1434A,SHP,86.0,183.88019983080628,-97.88019983080628
2021-03-16 19:00:00,1434A,SHP,86.0,183.81454305241044,-97.81454305241044
2021-03-16 20:00:00,1434A,SHP,79.0,185.5799305014247,-106.57993050142471
2021-03-16 21:00:00,1434A,SHP,70.0,188.0634448211516,-118.06344482115159
2021-03-16 22:00:00,1434A,SHP,64.0,190.2349394356969,-126.2349394356969
2021-03-16 23:00:00,1434A,SHP,63.0,190.08829737484004,-127.08829737484004
2021-03-17 00:00:00,1434A,SHP,64.0,190.19122401233764,-126.19122401233764
2021-03-17 01:00:00,1434A,SHP,63.0,190.7682295743795,-127.76822957437949
2021-03-17 02:00:00,1434A,SHP,67.0,191.30640307021645,-124.30640307021645
2021-03-17 03:00:00,1434A,SHP,69.0,191.77275479136165,-122.77275479136165
2021-03-17 04:00:00,1434A,SHP,57.0,191.62528989580747,-134.62528989580747
2021-03-17 05:00:00,1434A,SHP,45.0,191.34705931038891,-146.34705931038891
2021-03-17 06:00:00,1434A,SHP,39.0,190.9916156323884,-151.9916156323884
2021-03-17 07:00:00,1434A,SHP,48.0,190.50549912355643,-142.50549912355643
2021-03-17 08:00:00,1434A,SHP,50.0,190.75347146663734,-140.75347146663734
2021-03-17 09:00:00,1434A,SHP,46.0,191.92448011249712,-145.92448011249712
2021-03-17 10:00:00,1434A,SHP,54.0,194.10627630999093,-140.10627630999093
2021-03-17 11:00:00,1434A,SHP,56.0,195.04739803207244,-139.04739803207244
2021-03-17 12:00:00,1434A,SHP,59.0,194.30923687491384,-135.30923687491384
2021-03-17 13:00:00,1434A,SHP,61.0,192.98071694664847,-131.98071694664847
2021-03-17 14:00:00,1434A,SHP,69.0,190.93091001584995,-121.93091001584995
2021-03-17 15:00:00,1434A,SHP,73.0,188.61065304031487,-115.61065304031487
2021-03-17 16:00:00,1434A,SHP,61.0,187.1471604849973,-126.1471604849973
2021-03-17 17:00:00,1434A,SHP,57.0,185.39081846833693,-128.39081846833693
2021-03-17 18:00:00,1434A,SHP,60.0,184.95457589213737,-124.95457589213737
2021-03-17 19:00:00,1434A,SHP,54.0,184.88891911374154,-130.88891911374154
2021-03-17 20:00:00,1434A,SHP,50.0,186.6543065627558,-136.6543065627558
2021-03-17 21:00:00,1434A,SHP,42.0,189.13782088248269,-147.13782088248269
2021-03-17 22:00:00,1434A,SHP,38.0,191.309315497028,-153.309315497028
2021-03-17 23:00:00,1434A,SHP,32.0,191.16267343617113,-159.16267343617113
2021-03-18 00:00:00,1434A,SHP,34.0,191.26560007366874,-157.26560007366874
2021-03-18 01:00:00,1434A,SHP,33.0,191.84260563571058,-158.84260563571058
2021-03-18 02:00:00,1434A,SHP,33.0,192.38077913154754,-159.38077913154754
2021-03-18 03:00:00,1434A,SHP,32.0,192.84713085269274,-160.84713085269274
2021-03-18 04:00:00,1434A,SHP,32.0,192.69966595713856,-160.69966595713856
2021-03-18 05:00:00,1434A,SHP,33.0,192.42143537172,-159.42143537172
2021-03-18 06:00:00,1434A,SHP,,192.0659916937195,
2021-03-18 07:00:00,1434A,SHP,28.0,191.57987518488753,-163.57987518488753
2021-03-18 08:00:00,1434A,SHP,29.0,191.82784752796843,-162.82784752796843
2021-03-18 09:00:00,1434A,SHP,31.0,192.99885617382822,-161.99885617382822
2021-03-18 10:00:00,1434A,SHP,27.0,195.18065237132203,-168.18065237132203
2021-03-18 11:00:00,1434A,SHP,30.0,196.12177409340353,-166.12177409340353
2021-03-18 12:00:00,1434A,SHP,28.0,195.38361293624493,-167.38361293624493
2021-03-18 13:00:00,1434A,SHP,26.0,194.05509300797956,-168.05509300797956
2021-03-18 14:00:00,1434A,SHP,27.0,192.00528607718104,-165.00528607718104
2021-03-18 15:00:00,1434A,SHP,26.0,189.68502910164597,-163.68502910164597
2021-03-18 16:00:00,1434A,SHP,24.0,188.2215365463284,-164.2215365463284
2021-03-18 17:00:00,1434A,SHP,23.0,186.46519452966803,-163.46519452966803
2021-03-18 18:00:00,1434A,SHP,22.0,186.02895195346846,-164.02895195346846
2021-03-18 19:00:00,1434A,SHP,20.0,185.96329517507263,-165.96329517507263
2021-03-18 20:00:00,1434A,SHP,20.0,187.7286826240869,-167.7286826240869
2021-03-18 21:00:00,1434A,SHP,23.0,190.21219694381378,-167.21219694381378
2021-03-18 22:00:00,1434A,SHP,26.0,192.3836915583591,-166.3836915583591
2021-03-18 23:00:00,1434A,SHP,26.0,192.23704949750223,-166.23704949750223
2021-03-19 00:00:00,1434A,SHP,28.0,192.33997613499983,-164.33997613499983
2021-03-19 01:00:00,1434A,SHP,30.0,192.91698169704168,-162.91698169704168
2021-03-19 02:00:00,1434A,SHP,29.0,193.45515519287864,-164.45515519287864
2021-03-19 03:00:00,1434A,SHP,25.0,193.92150691402384,-168.92150691402384
2021-03-19 04:00:00,1434A,SHP,21.0,193.77404201846966,-172.77404201846966
2021-03-19 05:00:00,1434A,SHP,21.0,193.4958114330511,-172.4958114330511
2021-03-19 06:00:00,1434A,SHP,16.0,193.1403677550506,-177.1403677550506
2021-03-19 07:00:00,1434A,SHP,11.0,192.65425124621862,-181.65425124621862
2021-03-19 08:00:00,1434A,SHP,13.0,192.90222358929952,-179.90222358929952
2021-03-19 09:00:00,1434A,SHP,19.0,194.0732322351593,-175.0732322351593
2021-03-19 10:00:00,1434A,SHP,17.0,196.25502843265312,-179.25502843265312
2021-03-19 11:00:00,1434A,SHP,15.0,197.19615015473462,-182.19615015473462
2021-03-19 12:00:00,1434A,SHP,15.0,196.45798899757602,-181.45798899757602
2021-03-19 13:00:00,1434A,SHP,15.0,195.12946906931066,-180.12946906931066
2021-03-19 14:00:00,1434A,SHP,14.0,193.07966213851213,-179.07966213851213
2021-03-19 15:00:00,1434A,SHP,12.0,190.75940516297706,-178.75940516297706
2021-03-19 16:00:00,1434A,SHP,7.0,189.2959126076595,-182.2959126076595
2021-03-19 17:00:00,1434A,SHP,5.0,187.53957059099912,-182.53957059099912
2021-03-19 18:00:00,1434A,SHP,4.0,187.10332801479956,-183.10332801479956
2021-03-19 19:00:00,1434A,SHP,6.0,187.03767123640372,-181.03767123640372
2021-03-19 20:00:00,1434A,SHP,13.0,188.803058685418,-175.803058685418
2021-03-19 21:00:00,1434A,SHP,18.0,191.28657300514487,-173.28657300514487
2021-03-19 22:00:00,1434A,SHP,25.0,193.45806761969018,-168.45806761969018
2021-03-19 23:00:00,1434A,SHP,34.0,193.31142555883332,-159.31142555883332
2021-03-20 00:00:00,1434A,SHP,42.0,193.41435219633092,-151.41435219633092
2021-03-20 01:00:00,1434A,SHP,49.0,193.99135775837277,-144.99135775837277
2021-03-20 02:00:00,1434A,SHP,48.0,194.52953125420973,-146.52953125420973
2021-03-20 03:00:00,1434A,SHP,51.0,194.99588297535493,-143.99588297535493
2021-03-20 04:00:00,1434A,SHP,51.0,194.84841807980075,-143.84841807980075
2021-03-20 05:00:00,1434A,SHP,50.0,194.5701874943822,-144.5701874943822
2021-03-20 06:00:00,1434A,SHP,56.0,194.21474381638168,-138.21474381638168
2021-03-20 07:00:00,1434A,SHP,63.0,193.72862730754971,-130.72862730754971
2021-03-20 08:00:00,1434A,SHP,55.0,193.97659965063062,-138.97659965063062
2021-03-20 09:00:00,1434A,SHP,48.0,195.1476082964904,-147.1476082964904
2021-03-20 10:00:00,1434A,SHP,46.0,197.3294044939842,-151.3294044939842
2021-03-20 11:00:00,1434A,SHP,47.0,198.27052621606572,-151.27052621606572
2021-03-20 12:00:00,1434A,SHP,52.0,197.53236505890712,-145.53236505890712
2021-03-20 13:00:00,1434A,SHP,61.0,196.20384513064175,-135.20384513064175
2021-03-20 14:00:00,1434A,SHP,62.0,194.15403819984323,-132.15403819984323
2021-03-20 15:00:00,1434A,SHP,61.0,191.83378122430815,-130.83378122430815
2021-03-20 16:00:00,1434A,SHP,60.0,190.37028866899058,-130.37028866899058
2021-03-20 17:00:00,1434A,SHP,58.0,188.6139466523302,-130.6139466523302
2021-03-20 18:00:00,1434A,SHP,58.0,188.17770407613065,-130.17770407613065
2021-03-20 19:00:00,1434A,SHP,61.0,188.11204729773482,-127.11204729773482
2021-03-20 20:00:00,1434A,SHP,63.0,189.8774347467491,-126.87743474674909
2021-03-20 21:00:00,1434A,SHP,64.0,192.36094906647597,-128.36094906647597
2021-03-20 22:00:00,1434A,SHP,58.0,194.53244368102128,-136.53244368102128
2021-03-20 23:00:00,1434A,SHP,58.0,194.38580162016441,-136.38580162016441
2021-03-21 00:00:00,1434A,SHP,57.0,194.48872825766202,-137.48872825766202
2021-03-21 01:00:00,1434A,SHP,58.0,195.06573381970387,-137.06573381970387
2021-03-21 02:00:00,1434A,SHP,58.0,195.60390731554082,-137.60390731554082
2021-03-21 03:00:00,1434A,SHP,55.0,196.07025903668602,-141.07025903668602
2021-03-21 04:00:00,1434A,SHP,54.0,195.92279414113185,-141.92279414113185
2021-03-21 05:00:00,1434A,SHP,47.0,195.6445635557133,-148.6445635557133
2021-03-21 06:00:00,1434A,SHP,49.0,195.28911987771278,-146.28911987771278
2021-03-21 07:00:00,1434A,SHP,47.0,194.8030033688808,-147.8030033688808
2021-03-21 08:00:00,1434A,SHP,42.0,195.0509757119617,-153.0509757119617
2021-03-21 09:00:00,1434A,SHP,44.0,196.2219843578215,-152.2219843578215
2021-03-21 10:00:00,1434A,SHP,48.0,198.4037805553153,-150.4037805553153
2021-03-21 11:00:00,1434A,SHP,50.0,199.3449022773968,-149.3449022773968
2021-03-21 12:00:00,1434A,SHP,49.0,198.6067411202382,-149.6067411202382
2021-03-21 13:00:00,1434A,SHP,46.0,197.27822119197285,-151.27822119197285
2021-03-21 14:00:00,1434A,SHP,47.0,195.22841426117432,-148.22841426117432
2021-03-21 15:00:00,1434A,SHP,46.0,192.90815728563925,-146.90815728563925
2021-03-21 16:00:00,1434A,SHP,46.0,191.44466473032168,-145.44466473032168
2021-03-21 17:00:00,1434A,SHP,41.0,189.6883227136613,-148.6883227136613
2021-03-21 18:00:00,1434A,SHP,40.0,189.25208013746175,-149.25208013746175
2021-03-21 19:00:00,1434A,SHP,38.0,189.1864233590659,-151.1864233590659
2021-03-21 20:00:00,1434A,SHP,41.0,190.95181080808018,-149.95181080808018
2021-03-21 21:00:00,1434A,SHP,42.0,193.43532512780706,-151.43532512780706
2021-03-21 22:00:00,1434A,SHP,41.0,195.60681974235237,-154.60681974235237
2021-03-21 23:00:00,1434A,SHP,40.0,195.4601776814955,-155.4601776814955
2021-03-22 00:00:00,1434A,SHP,38.0,195.5631043189931,-157.5631043189931
2021-03-22 01:00:00,1434A,SHP,38.0,196.14010988103496,-158.14010988103496
2021-03-22 02:00:00,1434A,SHP,37.0,196.67828337687192,-159.67828337687192
2021-03-22 03:00:00,1434A,SHP,35.0,197.14463509801712,-162.14463509801712
2021-03-22 04:00:00,1434A,SHP,34.0,196.99717020246294,-162.99717020246294
2021-03-22 05:00:00,1434A,SHP,34.0,196.71893961704438,-162.71893961704438
2021-03-22 06:00:00,1434A,SHP,40.0,196.36349593904387,-156.36349593904387
2021-03-22 07:00:00,1434A,SHP,40.0,195.8773794302119,-155.8773794302119
2021-03-22 08:00:00,1434A,SHP,40.0,196.1253517732928,-156.1253517732928
2021-03-22 09:00:00,1434A,SHP,48.0,197.2963604191526,-149.2963604191526
2021-03-22 10:00:00,1434A,SHP,49.0,199.4781566166464,-150.4781566166464
2021-03-22 11:00:00,1434A,SHP,46.0,200.4192783387279,-154.4192783387279
2021-03-22 12:00:00,1434A,SHP,41.0,199.6811171815693,-158.6811171815693
2021-03-22 13:00:00,1434A,SHP,36.0,198.35259725330394,-162.35259725330394
2021-03-22 14:00:00,1434A,SHP,38.0,196.30279032250542,-158.30279032250542
2021-03-22 15:00:00,1434A,SHP,40.0,193.98253334697034,-153.98253334697034
2021-03-22 16:00:00,1434A,SHP,40.0,192.51904079165277,-152.51904079165277
2021-03-22 17:00:00,1434A,SHP,41.0,190.7626987749924,-149.7626987749924
2021-03-22 18:00:00,1434A,SHP,38.0,190.32645619879284,-152.32645619879284
2021-03-22 19:00:00,1434A,SHP,36.0,190.260799420397,-154.260799420397
2021-03-22 20:00:00,1434A,SHP,32.0,192.02618686941128,-160.02618686941128
2021-03-22 21:00:00,1434A,SHP,30.0,194.50970118913816,-164.50970118913816
2021-03-22 22:00:00,1434A,SHP,28.0,196.68119580368347,-168.68119580368347
2021-03-22 23:00:00,1434A,SHP,26.0,196.5345537428266,-170.5345537428266
2021-03-23 00:00:00,1434A,SHP,26.0,196.6374803803242,-170.6374803803242
2021-03-23 01:00:00,1434A,SHP,27.0,197.21448594236605,-170.21448594236605
2021-03-23 02:00:00,1434A,SHP,29.0,197.752659438203,-168.752659438203
2021-03-23 03:00:00,1434A,SHP,29.0,198.2190111593482,-169.2190111593482
2021-03-23 04:00:00,1434A,SHP,27.0,198.07154626379403,-171.07154626379403
2021-03-23 05:00:00,1434A,SHP,27.0,197.79331567837548,-170.79331567837548
2021-03-23 06:00:00,1434A,SHP,29.0,197.43787200037497,-168.43787200037497
2021-03-23 07:00:00,1434A,SHP,33.0,196.951755491543,-163.951755491543
2021-03-23 08:00:00,1434A,SHP,36.0,197.1997278346239,-161.1997278346239
2021-03-23 09:00:00,1434A,SHP,41.0,198.37073648048369,-157.37073648048369
2021-03-23 10:00:00,1434A,SHP,41.0,200.5525326779775,-159.5525326779775
2021-03-23 11:00:00,1434A,SHP,43.0,201.493654400059,-158.493654400059
2021-03-23 12:00:00,1434A,SHP,44.0,200.7554932429004,-156.7554932429004
2021-03-23 13:00:00,1434A,SHP,43.0,199.42697331463503,-156.42697331463503
2021-03-23 14:00:00,1434A,SHP,44.0,197.3771663838365,-153.3771663838365
2021-03-23 15:00:00,1434A,SHP,41.0,195.05690940830144,-154.05690940830144
2021-03-23 16:00:00,1434A,SHP,43.0,193.59341685298386,-150.59341685298386
2021-03-23 17:00:00,1434A,SHP,46.0,191.8370748363235,-145.8370748363235
2021-03-23 18:00:00,1434A,SHP,44.0,191.40083226012393,-147.40083226012393
2021-03-23 19:00:00,1434A,SHP,40.0,191.3351754817281,-151.3351754817281
2021-03-23 20:00:00,1434A,SHP,39.0,193.10056293074237,-154.10056293074237
2021-03-23 21:00:00,1434A,SHP,47.0,195.58407725046925,-148.58407725046925
2021-03-23 22:00:00,1434A,SHP,50.0,197.75557186501456,-147.75557186501456
2021-03-23 23:00:00,1434A,SHP,48.0,197.6089298041577,-149.6089298041577
2021-03-24 00:00:00,1434A,SHP,42.0,197.7118564416553,-155.7118564416553
2021-03-24 01:00:00,1434A,SHP,35.0,198.28886200369715,-163.28886200369715
2021-03-24 02:00:00,1434A,SHP,36.0,198.8270354995341,-162.8270354995341
2021-03-24 03:00:00,1434A,SHP,37.0,199.2933872206793,-162.2933872206793
2021-03-24 04:00:00,1434A,SHP,38.0,199.14592232512513,-161.14592232512513
2021-03-24 05:00:00,1434A,SHP,38.0,198.86769173970657,-160.86769173970657
2021-03-24 06:00:00,1434A,SHP,40.0,198.51224806170606,-158.51224806170606
2021-03-24 07:00:00,1434A,SHP,41.0,198.0261315528741,-157.0261315528741
2021-03-24 08:00:00,1434A,SHP,42.0,198.274103895955,-156.274103895955
2021-03-24 09:00:00,1434A,SHP,46.0,199.44511254181478,-153.44511254181478
2021-03-24 10:00:00,1434A,SHP,45.0,201.6269087393086,-156.6269087393086
2021-03-24 11:00:00,1434A,SHP,50.0,202.5680304613901,-152.5680304613901
2021-03-24 12:00:00,1434A,SHP,52.0,201.8298693042315,-149.8298693042315
2021-03-24 13:00:00,1434A,SHP,56.0,200.50134937596613,-144.50134937596613
2021-03-24 14:00:00,1434A,SHP,54.0,198.4515424451676,-144.4515424451676
2021-03-24 15:00:00,1434A,SHP,56.0,196.13128546963253,-140.13128546963253
2021-03-24 16:00:00,1434A,SHP,62.0,194.66779291431496,-132.66779291431496
2021-03-24 17:00:00,1434A,SHP,51.0,192.9114508976546,-141.9114508976546
2021-03-24 18:00:00,1434A,SHP,46.0,192.47520832145503,-146.47520832145503
2021-03-24 19:00:00,1434A,SHP,45.0,192.4095515430592,-147.4095515430592
2021-03-24 20:00:00,1434A,SHP,48.0,194.17493899207346,-146.17493899207346
2021-03-24 21:00:00,1434A,SHP,48.0,196.65845331180034,-148.65845331180034
2021-03-24 22:00:00,1434A,SHP,48.0,198.82994792634565,-150.82994792634565
2021-03-24 23:00:00,1434A,SHP,47.0,198.6833058654888,-151.6833058654888
2021-03-25 00:00:00,1434A,SHP,47.0,198.7862325029864,-151.7862325029864
2021-03-25 01:00:00,1434A,SHP,49.0,199.36323806502824,-150.36323806502824
2021-03-25 02:00:00,1434A,SHP,52.0,199.9014115608652,-147.9014115608652
2021-03-25 03:00:00,1434A,SHP,52.0,200.3677632820104,-148.3677632820104
2021-03-25 04:00:00,1434A,SHP,69.0,200.22029838645622,-131.22029838645622
2021-03-25 05:00:00,1434A,SHP,76.0,199.94206780103767,-123.94206780103767
2021-03-25 06:00:00,1434A,SHP,74.0,199.58662412303715,-125.58662412303715
2021-03-25 07:00:00,1434A,SHP,76.0,199.10050761420518,-123.10050761420518
2021-03-25 08:00:00,1434A,SHP,74.0,199.3484799572861,-125.34847995728609
2021-03-25 09:00:00,1434A,SHP,71.0,200.51948860314587,-129.51948860314587
2021-03-25 10:00:00,1434A,SHP,78.0,202.70128480063968,-124.70128480063968
2021-03-25 11:00:00,1434A,SHP,88.0,203.6424065227212,-115.64240652272119
2021-03-25 12:00:00,1434A,SHP,90.0,202.9042453655626,-112.90424536556259
2021-03-25 13:00:00,1434A,SHP,88.0,201.57572543729722,-113.57572543729722
2021-03-25 14:00:00,1434A,SHP,91.0,199.5259185064987,-108.5259185064987
2021-03-25 15:00:00,1434A,SHP,94.0,197.20566153096362,-103.20566153096362
2021-03-25 16:00:00,1434A,SHP,92.0,195.74216897564605,-103.74216897564605
2021-03-25 17:00:00,1434A,SHP,89.0,193.98582695898568,-104.98582695898568
2021-03-25 18:00:00,1434A,SHP,94.0,193.54958438278612,-99.54958438278612
2021-03-25 19:00:00,1434A,SHP,94.0,193.4839276043903,-99.48392760439029
2021-03-25 20:00:00,1434A,SHP,93.0,195.24931505340456,-102.24931505340456
2021-03-25 21:00:00,1434A,SHP,69.0,197.73282937313144,-128.73282937313144
2021-03-25 22:00:00,1434A,SHP,70.0,199.90432398767675,-129.90432398767675
2021-03-25 23:00:00,1434A,SHP,73.0,199.75768192681988,-126.75768192681988
2021-03-26 00:00:00,1434A,SHP,69.0,199.8606085643175,-130.8606085643175
2021-03-26 01:00:00,1434A,SHP,62.0,200.43761412635934,-138.43761412635934
2021-03-26 02:00:00,1434A,SHP,58.0,200.9757876221963,-142.9757876221963
2021-03-26 03:00:00,1434A,SHP,55.0,201.4421393433415,-146.4421393433415
2021-03-26 04:00:00,1434A,SHP,48.0,201.29467444778732,-153.29467444778732
2021-03-26 05:00:00,1434A,SHP,47.0,201.01644386236876,-154.01644386236876
2021-03-26 06:00:00,1434A,SHP,44.0,200.66100018436825,-156.66100018436825
2021-03-26 07:00:00,1434A,SHP,41.0,200.17488367553628,-159.17488367553628
2021-03-26 08:00:00,1434A,SHP,36.0,200.42285601861718,-164.42285601861718
2021-03-26 09:00:00,1434A,SHP,28.0,201.59386466447697,-173.59386466447697
2021-03-26 10:00:00,1434A,SHP,23.0,203.77566086197078,-180.77566086197078
2021-03-26 11:00:00,1434A,SHP,28.0,204.71678258405228,-176.71678258405228
2021-03-26 12:00:00,1434A,SHP,39.0,203.97862142689368,-164.97862142689368
2021-03-26 13:00:00,1434A,SHP,38.0,202.65010149862832,-164.65010149862832
2021-03-26 14:00:00,1434A,SHP,36.0,200.6002945678298,-164.6002945678298
2021-03-26 15:00:00,1434A,SHP,36.0,198.28003759229472,-162.28003759229472
2021-03-26 16:00:00,1434A,SHP,34.0,196.81654503697715,-162.81654503697715
2021-03-26 17:00:00,1434A,SHP,33.0,195.06020302031678,-162.06020302031678
2021-03-26 18:00:00,1434A,SHP,31.0,194.62396044411722,-163.62396044411722
2021-03-26 19:00:00,1434A,SHP,24.0,194.55830366572138,-170.55830366572138
2021-03-26 20:00:00,1434A,SHP,14.0,196.32369111473565,-182.32369111473565
2021-03-26 21:00:00,1434A,SHP,15.0,198.80720543446253,-183.80720543446253
2021-03-26 22:00:00,1434A,SHP,20.0,200.97870004900784,-180.97870004900784
2021-03-26 23:00:00,1434A,SHP,28.0,200.83205798815098,-172.83205798815098
2021-03-27 00:00:00,1434A,SHP,27.0,200.93498462564858,-173.93498462564858
2021-03-27 01:00:00,1434A,SHP,32.0,201.51199018769043,-169.51199018769043
2021-03-27 02:00:00,1434A,SHP,33.0,202.0501636835274,-169.0501636835274
2021-03-27 03:00:00,1434A,SHP,34.0,202.5165154046726,-168.5165154046726
2021-03-27 04:00:00,1434A,SHP,37.0,202.3690505091184,-165.3690505091184
2021-03-27 05:00:00,1434A,SHP,37.0,202.09081992369985,-165.09081992369985
2021-03-27 06:00:00,1434A,SHP,40.0,201.73537624569934,-161.73537624569934
2021-03-27 07:00:00,1434A,SHP,44.0,201.24925973686737,-157.24925973686737
2021-03-27 08:00:00,1434A,SHP,44.0,201.49723207994828,-157.49723207994828
2021-03-27 09:00:00,1434A,SHP,49.0,202.66824072580806,-153.66824072580806
2021-03-27 10:00:00,1434A,SHP,47.0,204.85003692330187,-157.85003692330187
2021-03-27 11:00:00,1434A,SHP,43.0,205.79115864538338,-162.79115864538338
2021-03-27 12:00:00,1434A,SHP,30.0,205.05299748822478,-175.05299748822478
2021-03-27 13:00:00,1434A,SHP,25.0,203.7244775599594,-178.7244775599594
2021-03-27 14:00:00,1434A,SHP,30.0,201.6746706291609,-171.6746706291609
2021-03-27 15:00:00,1434A,SHP,30.0,199.3544136536258,-169.3544136536258
2021-03-27 16:00:00,1434A,SHP,28.0,197.89092109830824,-169.89092109830824
2021-03-27 17:00:00,1434A,SHP,29.0,196.13457908164787,-167.13457908164787
2021-03-27 18:00:00,1434A,SHP,30.0,195.6983365054483,-165.6983365054483
2021-03-27 19:00:00,1434A,SHP,31.0,195.63267972705248,-164.63267972705248
2021-03-27 20:00:00,1434A,SHP,33.0,197.39806717606675,-164.39806717606675
2021-03-27 21:00:00,1434A,SHP,38.0,199.88158149579363,-161.88158149579363
2021-03-27 22:00:00,1434A,SHP,45.0,202.05307611033894,-157.05307611033894
2021-03-27 23:00:00,1434A,SHP,44.0,201.90643404948207,-157.90643404948207
2021-03-28 00:00:00,1434A,SHP,44.0,202.00936068697968,-158.00936068697968
2021-03-28 01:00:00,1434A,SHP,43.0,202.58636624902152,-159.58636624902152
2021-03-28 02:00:00,1434A,SHP,43.0,203.12453974485848,-160.12453974485848
2021-03-28 03:00:00,1434A,SHP,46.0,203.59089146600368,-157.59089146600368
2021-03-28 04:00:00,1434A,SHP,46.0,203.4434265704495,-157.4434265704495
2021-03-28 05:00:00,1434A,SHP,44.0,203.16519598503095,-159.16519598503095
2021-03-28 06:00:00,1434A,SHP,45.0,202.80975230703044,-157.80975230703044
2021-03-28 07:00:00,1434A,SHP,44.0,202.32363579819847,-158.32363579819847
2021-03-28 08:00:00,1434A,SHP,48.0,202.57160814127937,-154.57160814127937
2021-03-28 09:00:00,1434A,SHP,54.0,203.74261678713916,-149.74261678713916
2021-03-28 10:00:00,1434A,SHP,57.0,205.92441298463297,-148.92441298463297
2021-03-28 11:00:00,1434A,SHP,49.0,206.86553470671447,-157.86553470671447
2021-03-28 12:00:00,1434A,SHP,41.0,206.12737354955587,-165.12737354955587
2021-03-28 13:00:00,1434A,SHP,41.0,204.7988536212905,-163.7988536212905
2021-03-28 14:00:00,1434A,SHP,43.0,202.74904669049198,-159.74904669049198
2021-03-28 15:00:00,1434A,SHP,40.0,200.4287897149569,-160.4287897149569
2021-03-28 16:00:00,1434A,SHP,37.0,198.96529715963933,-161.96529715963933
2021-03-28 17:00:00,1434A,SHP,38.0,197.20895514297897,-159.20895514297897
2021-03-28 18:00:00,1434A,SHP,38.0,196.7727125667794,-158.7727125667794
2021-03-28 19:00:00,1434A,SHP,38.0,196.70705578838357,-158.70705578838357
2021-03-28 20:00:00,1434A,SHP,41.0,198.47244323739784,-157.47244323739784
2021-03-28 21:00:00,1434A,SHP,48.0,200.95595755712472,-152.95595755712472
2021-03-28 22:00:00,1434A,SHP,50.0,203.12745217167003,-153.12745217167003
2021-03-28 23:00:00,1434A,SHP,55.0,202.98081011081317,-147.98081011081317
2021-03-29 00:00:00,1434A,SHP,51.0,203.08373674831077,-152.08373674831077
2021-03-29 01:00:00,1434A,SHP,58.0,203.66074231035262,-145.66074231035262
2021-03-29 02:00:00,1434A,SHP,56.0,204.19891580618958,-148.19891580618958
2021-03-29 03:00:00,1434A,SHP,79.0,204.66526752733478,-125.66526752733478
2021-03-29 04:00:00,1434A,SHP,70.0,204.5178026317806,-134.5178026317806
2021-03-29 05:00:00,1434A,SHP,62.0,204.23957204636204,-142.23957204636204
2021-03-29 06:00:00,1434A,SHP,69.0,203.88412836836153,-134.88412836836153
2021-03-29 07:00:00,1434A,SHP,70.0,203.39801185952956,-133.39801185952956
2021-03-29 08:00:00,1434A,SHP,71.0,203.64598420261046,-132.64598420261046
2021-03-29 09:00:00,1434A,SHP,79.0,204.81699284847025,-125.81699284847025
2021-03-29 10:00:00,1434A,SHP,82.0,206.99878904596406,-124.99878904596406
2021-03-29 11:00:00,1434A,SHP,70.0,207.93991076804556,-137.93991076804556
2021-03-29 12:00:00,1434A,SHP,58.0,207.20174961088696,-149.20174961088696
2021-03-29 13:00:00,1434A,SHP,47.0,205.8732296826216,-158.8732296826216
2021-03-29 14:00:00,1434A,SHP,49.0,203.82342275182307,-154.82342275182307
2021-03-29 15:00:00,1434A,SHP,49.0,201.503165776288,-152.503165776288
2021-03-29 16:00:00,1434A,SHP,50.0,200.03967322097043,-150.03967322097043
2021-03-29 17:00:00,1434A,SHP,50.0,198.28333120431006,-148.28333120431006
2021-03-29 18:00:00,1434A,SHP,49.0,197.8470886281105,-148.8470886281105
2021-03-29 19:00:00,1434A,SHP,46.0,197.78143184971466,-151.78143184971466
2021-03-29 20:00:00,1434A,SHP,51.0,199.54681929872893,-148.54681929872893
2021-03-29 21:00:00,1434A,SHP,59.0,202.0303336184558,-143.0303336184558
2021-03-29 22:00:00,1434A,SHP,62.0,204.20182823300112,-142.20182823300112
2021-03-29 23:00:00,1434A,SHP,71.0,204.05518617214426,-133.05518617214426
2021-03-30 00:00:00,1434A,SHP,73.0,204.15811280964186,-131.15811280964186
2021-03-30 01:00:00,1434A,SHP,73.0,204.7351183716837,-131.7351183716837
2021-03-30 02:00:00,1434A,SHP,74.0,205.27329186752067,-131.27329186752067
2021-03-30 03:00:00,1434A,SHP,73.0,205.73964358866587,-132.73964358866587
2021-03-30 04:00:00,1434A,SHP,70.0,205.5921786931117,-135.5921786931117
2021-03-30 05:00:00,1434A,SHP,73.0,205.31394810769314,-132.31394810769314
2021-03-30 06:00:00,1434A,SHP,78.0,204.95850442969262,-126.95850442969262
2021-03-30 07:00:00,1434A,SHP,79.0,204.47238792086065,-125.47238792086065
2021-03-30 08:00:00,1434A,SHP,78.0,204.72036026394156,-126.72036026394156
2021-03-30 09:00:00,1434A,SHP,87.0,205.89136890980134,-118.89136890980134
2021-03-30 10:00:00,1434A,SHP,99.0,208.07316510729515,-109.07316510729515
2021-03-30 11:00:00,1434A,SHP,92.0,209.01428682937666,-117.01428682937666
2021-03-30 12:00:00,1434A,SHP,97.0,208.27612567221806,-111.27612567221806
2021-03-30 13:00:00,1434A,SHP,102.0,206.9476057439527,-104.94760574395269
2021-03-30 14:00:00,1434A,SHP,73.0,204.89779881315417,-131.89779881315417
2021-03-30 15:00:00,1434A,SHP,62.0,202.5775418376191,-140.5775418376191
2021-03-30 16:00:00,1434A,SHP,56.0,201.11404928230152,-145.11404928230152
2021-03-30 17:00:00,1434A,SHP,53.0,199.35770726564115,-146.35770726564115
2021-03-30 18:00:00,1434A,SHP,53.0,198.9214646894416,-145.9214646894416
2021-03-30 19:00:00,1434A,SHP,52.0,198.85580791104576,-146.85580791104576
2021-03-30 20:00:00,1434A,SHP,58.0,200.62119536006003,-142.62119536006003
2021-03-30 21:00:00,1434A,SHP,73.0,203.1047096797869,-130.1047096797869
2021-03-30 22:00:00,1434A,SHP,57.0,205.27620429433222,-148.27620429433222
2021-03-30 23:00:00,1434A,SHP,34.0,205.12956223347535,-171.12956223347535
2021-03-31 00:00:00,1434A,SHP,37.0,205.23248887097296,-168.23248887097296
2021-03-31 01:00:00,1434A,SHP,68.0,205.8094944330148,-137.8094944330148
2021-03-31 02:00:00,1434A,SHP,54.0,206.34766792885176,-152.34766792885176
2021-03-31 03:00:00,1434A,SHP,44.0,206.81401964999696,-162.81401964999696
2021-03-31 04:00:00,1434A,SHP,38.0,206.66655475444279,-168.66655475444279
2021-03-31 05:00:00,1434A,SHP,30.0,206.38832416902423,-176.38832416902423
2021-03-31 06:00:00,1434A,SHP,27.0,206.03288049102372,-179.03288049102372
2021-03-31 07:00:00,1434A,SHP,33.0,205.54676398219175,-172.54676398219175
2021-03-31 08:00:00,1434A,SHP,37.0,205.79473632527265,-168.79473632527265
2021-03-31 09:00:00,1434A,SHP,37.0,206.96574497113244,-169.96574497113244
2021-03-31 10:00:00,1434A,SHP,31.0,209.14754116862625,-178.14754116862625
2021-03-31 11:00:00,1434A,SHP,21.0,210.08866289070775,-189.08866289070775
2021-03-31 12:00:00,1434A,SHP,16.0,209.35050173354915,-193.35050173354915
2021-03-31 13:00:00,1434A,SHP,16.0,208.0219818052838,-192.0219818052838
2021-03-31 14:00:00,1434A,SHP,,205.97217487448526,
2021-03-31 15:00:00,1434A,SHP,15.0,203.6519178989502,-188.6519178989502
2021-03-31 16:00:00,1434A,SHP,13.0,202.18842534363262,-189.18842534363262
2021-03-31 17:00:00,1434A,SHP,12.0,200.43208332697225,-188.43208332697225
2021-03-31 18:00:00,1434A,SHP,12.0,199.9958407507727,-187.9958407507727
2021-03-31 19:00:00,1434A,SHP,11.0,199.93018397237685,-188.93018397237685
2021-03-31 20:00:00,1434A,SHP,10.0,201.69557142139112,-191.69557142139112
2021-03-31 21:00:00,1434A,SHP,10.0,204.179085741118,-194.179085741118
2021-03-31 22:00:00,1434A,SHP,9.0,206.3505803556633,-197.3505803556633
2021-03-31 23:00:00,1434A,SHP,7.0,206.20393829480645,-199.20393829480645
2021-04-01 00:00:00,1434A,SHP,8.0,206.30686493230405,-198.30686493230405
2021-04-01 01:00:00,1434A,SHP,9.0,206.8838704943459,-197.8838704943459
2021-04-01 02:00:00,1434A,SHP,8.0,207.42204399018286,-199.42204399018286
2021-04-01 03:00:00,1434A,SHP,7.0,207.88839571132806,-200.88839571132806
2021-04-01 04:00:00,1434A,SHP,5.0,207.74093081577388,-202.74093081577388
2021-04-01 05:00:00,1434A,SHP,4.0,207.46270023035532,-203.46270023035532
2021-04-01 06:00:00,1434A,SHP,3.0,207.1072565523548,-204.1072565523548
2021-04-01 07:00:00,1434A,SHP,6.0,206.62114004352284,-200.62114004352284
2021-04-01 08:00:00,1434A,SHP,7.0,206.86911238660375,-199.86911238660375
2021-04-01 09:00:00,1434A,SHP,8.0,208.04012103246353,-200.04012103246353
2021-04-01 10:00:00,1434A,SHP,10.0,210.22191722995734,-200.22191722995734
2021-04-01 11:00:00,1434A,SHP,8.0,211.16303895203885,-203.16303895203885
2021-04-01 12:00:00,1434A,SHP,7.0,210.42487779488025,-203.42487779488025
2021-04-01 13:00:00,1434A,SHP,9.0,209.09635786661488,-200.09635786661488
2021-04-01 14:00:00,1434A,SHP,9.0,207.04655093581636,-198.04655093581636
2021-04-01 15:00:00,1434A,SHP,9.0,204.72629396028128,-195.72629396028128
2021-04-01 16:00:00,1434A,SHP,9.0,203.2628014049637,-194.2628014049637
2021-04-01 17:00:00,1434A,SHP,8.0,201.50645938830334,-193.50645938830334
2021-04-01 18:00:00,1434A,SHP,8.0,201.07021681210378,-193.07021681210378
2021-04-01 19:00:00,1434A,SHP,8.0,201.00456003370795,-193.00456003370795
2021-04-01 20:00:00,1434A,SHP,11.0,202.76994748272222,-191.76994748272222
2021-04-01 21:00:00,1434A,SHP,11.0,205.2534618024491,-194.2534618024491
2021-04-01 22:00:00,1434A,SHP,17.0,207.4249564169944,-190.4249564169944
2021-04-01 23:00:00,1434A,SHP,18.0,207.27831435613754,-189.27831435613754
2021-04-02 00:00:00,1434A,SHP,26.0,207.38124099363515,-181.38124099363515
2021-04-02 01:00:00,1434A,SHP,30.0,207.958246555677,-177.958246555677
2021-04-02 02:00:00,1434A,SHP,31.0,208.49642005151395,-177.49642005151395
2021-04-02 03:00:00,1434A,SHP,32.0,208.96277177265915,-176.96277177265915
2021-04-02 04:00:00,1434A,SHP,31.0,208.81530687710497,-177.81530687710497
2021-04-02 05:00:00,1434A,SHP,28.0,208.53707629168642,-180.53707629168642
2021-04-02 06:00:00,1434A,SHP,25.0,208.1816326136859,-183.1816326136859
2021-04-02 07:00:00,1434A,SHP,13.0,207.69551610485394,-194.69551610485394
2021-04-02 08:00:00,1434A,SHP,6.0,207.94348844793484,-201.94348844793484
2021-04-02 09:00:00,1434A,SHP,6.0,209.11449709379463,-203.11449709379463
2021-04-02 10:00:00,1434A,SHP,8.0,211.29629329128844,-203.29629329128844
2021-04-02 11:00:00,1434A,SHP,11.0,212.23741501336994,-201.23741501336994
2021-04-02 12:00:00,1434A,SHP,12.0,211.49925385621134,-199.49925385621134
2021-04-02 13:00:00,1434A,SHP,15.0,210.17073392794597,-195.17073392794597
2021-04-02 14:00:00,1434A,SHP,17.0,208.12092699714745,-191.12092699714745
2021-04-02 15:00:00,1434A,SHP,,205.80067002161238,
2021-04-02 16:00:00,1434A,SHP,,204.3371774662948,
2021-04-02 17:00:00,1434A,SHP,8.0,202.58083544963444,-194.58083544963444
2021-04-02 18:00:00,1434A,SHP,8.0,202.14459287343487,-194.14459287343487
2021-04-02 19:00:00,1434A,SHP,16.0,202.07893609503904,-186.07893609503904
2021-04-02 20:00:00,1434A,SHP,20.0,203.8443235440533,-183.8443235440533
2021-04-02 21:00:00,1434A,SHP,22.0,206.3278378637802,-184.3278378637802
2021-04-02 22:00:00,1434A,SHP,22.0,208.4993324783255,-186.4993324783255
2021-04-02 23:00:00,1434A,SHP,24.0,208.35269041746864,-184.35269041746864
2021-04-03 00:00:00,1434A,SHP,22.0,208.45561705496624,-186.45561705496624
2021-04-03 01:00:00,1434A,SHP,21.0,209.0326226170081,-188.0326226170081
2021-04-03 02:00:00,1434A,SHP,16.0,209.57079611284504,-193.57079611284504
2021-04-03 03:00:00,1434A,SHP,12.0,210.03714783399025,-198.03714783399025
2021-04-03 04:00:00,1434A,SHP,11.0,209.88968293843607,-198.88968293843607
2021-04-03 05:00:00,1434A,SHP,13.0,209.6114523530175,-196.6114523530175
2021-04-03 06:00:00,1434A,SHP,15.0,209.256008675017,-194.256008675017
2021-04-03 07:00:00,1434A,SHP,26.0,208.76989216618503,-182.76989216618503
2021-04-03 08:00:00,1434A,SHP,40.0,209.01786450926593,-169.01786450926593
2021-04-03 09:00:00,1434A,SHP,21.0,210.18887315512572,-189.18887315512572
2021-04-03 10:00:00,1434A,SHP,8.0,212.37066935261953,-204.37066935261953
2021-04-03 11:00:00,1434A,SHP,15.0,213.31179107470103,-198.31179107470103
2021-04-03 12:00:00,1434A,SHP,12.0,212.57362991754243,-200.57362991754243
2021-04-03 13:00:00,1434A,SHP,14.0,211.24510998927707,-197.24510998927707
2021-04-03 14:00:00,1434A,SHP,15.0,209.19530305847854,-194.19530305847854
2021-04-03 15:00:00,1434A,SHP,14.0,206.87504608294347,-192.87504608294347
2021-04-03 16:00:00,1434A,SHP,13.0,205.4115535276259,-192.4115535276259
2021-04-03 17:00:00,1434A,SHP,8.0,203.65521151096553,-195.65521151096553
2021-04-03 18:00:00,1434A,SHP,7.0,203.21896893476597,-196.21896893476597
2021-04-03 19:00:00,1434A,SHP,6.0,203.15331215637013,-197.15331215637013
2021-04-03 20:00:00,1434A,SHP,6.0,204.9186996053844,-198.9186996053844
2021-04-03 21:00:00,1434A,SHP,7.0,207.40221392511128,-200.40221392511128
2021-04-03 22:00:00,1434A,SHP,9.0,209.5737085396566,-200.5737085396566
2021-04-03 23:00:00,1434A,SHP,6.0,209.42706647879973,-203.42706647879973
2021-04-04 00:00:00,1434A,SHP,8.0,209.52999311629733,-201.52999311629733
2021-04-04 01:00:00,1434A,SHP,10.0,210.10699867833918,-200.10699867833918
2021-04-04 02:00:00,1434A,SHP,12.0,210.64517217417614,-198.64517217417614
2021-04-04 03:00:00,1434A,SHP,12.0,211.11152389532134,-199.11152389532134
2021-04-04 04:00:00,1434A,SHP,11.0,210.96405899976716,-199.96405899976716
2021-04-04 05:00:00,1434A,SHP,12.0,210.6858284143486,-198.6858284143486
2021-04-04 06:00:00,1434A,SHP,20.0,210.3303847363481,-190.3303847363481
2021-04-04 07:00:00,1434A,SHP,19.0,209.84426822751612,-190.84426822751612
2021-04-04 08:00:00,1434A,SHP,15.0,210.09224057059703,-195.09224057059703
2021-04-04 09:00:00,1434A,SHP,10.0,211.2632492164568,-201.2632492164568
2021-04-04 10:00:00,1434A,SHP,9.0,213.44504541395062,-204.44504541395062
2021-04-04 11:00:00,1434A,SHP,12.0,214.38616713603213,-202.38616713603213
2021-04-04 12:00:00,1434A,SHP,11.0,213.64800597887353,-202.64800597887353
2021-04-04 13:00:00,1434A,SHP,11.0,212.31948605060816,-201.31948605060816
2021-04-04 14:00:00,1434A,SHP,11.0,210.26967911980964,-199.26967911980964
2021-04-04 15:00:00,1434A,SHP,12.0,207.94942214427456,-195.94942214427456
2021-04-04 16:00:00,1434A,SHP,14.0,206.485929588957,-192.485929588957
2021-04-04 17:00:00,1434A,SHP,15.0,204.72958757229662,-189.72958757229662
2021-04-04 18:00:00,1434A,SHP,14.0,204.29334499609706,-190.29334499609706
2021-04-04 19:00:00,1434A,SHP,16.0,204.22768821770123,-188.22768821770123
2021-04-04 20:00:00,1434A,SHP,18.0,205.9930756667155,-187.9930756667155
2021-04-04 21:00:00,1434A,SHP,22.0,208.47658998644238,-186.47658998644238
2021-04-04 22:00:00,1434A,SHP,23.0,210.6480846009877,-187.6480846009877
2021-04-04 23:00:00,1434A,SHP,22.0,210.50144254013082,-188.50144254013082
2021-04-05 00:00:00,1434A,SHP,22.0,210.60436917762843,-188.60436917762843
2021-04-05 01:00:00,1434A,SHP,27.0,211.18137473967028,-184.18137473967028
2021-04-05 02:00:00,1434A,SHP,30.0,211.71954823550723,-181.71954823550723
2021-04-05 03:00:00,1434A,SHP,31.0,212.18589995665243,-181.18589995665243
2021-04-05 04:00:00,1434A,SHP,32.0,212.03843506109826,-180.03843506109826
2021-04-05 05:00:00,1434A,SHP,31.0,211.7602044756797,-180.7602044756797
2021-04-05 06:00:00,1434A,SHP,28.0,211.4047607976792,-183.4047607976792
2021-04-05 07:00:00,1434A,SHP,27.0,210.91864428884722,-183.91864428884722
2021-04-05 08:00:00,1434A,SHP,27.0,211.16661663192812,-184.16661663192812
2021-04-05 09:00:00,1434A,SHP,25.0,212.3376252777879,-187.3376252777879
2021-04-05 10:00:00,1434A,SHP,27.0,214.51942147528172,-187.51942147528172
2021-04-05 11:00:00,1434A,SHP,28.0,215.46054319736322,-187.46054319736322
2021-04-05 12:00:00,1434A,SHP,29.0,214.72238204020462,-185.72238204020462
2021-04-05 13:00:00,1434A,SHP,35.0,213.39386211193926,-178.39386211193926
2021-04-05 14:00:00,1434A,SHP,32.0,211.34405518114073,-179.34405518114073
2021-04-05 15:00:00,1434A,SHP,36.0,209.02379820560566,-173.02379820560566
2021-04-05 16:00:00,1434A,SHP,35.0,207.5603056502881,-172.5603056502881
2021-04-05 17:00:00,1434A,SHP,29.0,205.80396363362772,-176.80396363362772
2021-04-05 18:00:00,1434A,SHP,25.0,205.36772105742816,-180.36772105742816
2021-04-05 19:00:00,1434A,SHP,26.0,205.30206427903232,-179.30206427903232
2021-04-05 20:00:00,1434A,SHP,26.0,207.0674517280466,-181.0674517280466
2021-04-05 21:00:00,1434A,SHP,31.0,209.55096604777347,-178.55096604777347
2021-04-05 22:00:00,1434A,SHP,28.0,211.72246066231878,-183.72246066231878
2021-04-05 23:00:00,1434A,SHP,29.0,211.57581860146192,-182.57581860146192
2021-04-06 00:00:00,1434A,SHP,31.0,211.67874523895952,-180.67874523895952
2021-04-06 01:00:00,1434A,SHP,35.0,212.25575080100137,-177.25575080100137
2021-04-06 02:00:00,1434A,SHP,38.0,212.79392429683833,-174.79392429683833
2021-04-06 03:00:00,1434A,SHP,43.0,213.26027601798353,-170.26027601798353
2021-04-06 04:00:00,1434A,SHP,47.0,213.11281112242935,-166.11281112242935
2021-04-06 05:00:00,1434A,SHP,49.0,212.8345805370108,-163.8345805370108
2021-04-06 06:00:00,1434A,SHP,51.0,212.47913685901028,-161.47913685901028
2021-04-06 07:00:00,1434A,SHP,50.0,211.9930203501783,-161.9930203501783
2021-04-06 08:00:00,1434A,SHP,49.0,212.24099269325922,-163.24099269325922
2021-04-06 09:00:00,1434A,SHP,51.0,213.412001339119,-162.412001339119
2021-04-06 10:00:00,1434A,SHP,52.0,215.5937975366128,-163.5937975366128
2021-04-06 11:00:00,1434A,SHP,56.0,216.53491925869432,-160.53491925869432
2021-04-06 12:00:00,1434A,SHP,56.0,215.79675810153572,-159.79675810153572
2021-04-06 13:00:00,1434A,SHP,51.0,214.46823817327035,-163.46823817327035
2021-04-06 14:00:00,1434A,SHP,53.0,212.41843124247183,-159.41843124247183
2021-04-06 15:00:00,1434A,SHP,49.0,210.09817426693675,-161.09817426693675
2021-04-06 16:00:00,1434A,SHP,51.0,208.63468171161918,-157.63468171161918
2021-04-06 17:00:00,1434A,SHP,61.0,206.8783396949588,-145.8783396949588
2021-04-06 18:00:00,1434A,SHP,61.0,206.44209711875925,-145.44209711875925
2021-04-06 19:00:00,1434A,SHP,59.0,206.37644034036342,-147.37644034036342
2021-04-06 20:00:00,1434A,SHP,60.0,208.1418277893777,-148.1418277893777
2021-04-06 21:00:00,1434A,SHP,60.0,210.62534210910457,-150.62534210910457
2021-04-06 22:00:00,1434A,SHP,59.0,212.79683672364988,-153.79683672364988
2021-04-06 23:00:00,1434A,SHP,53.0,212.650194662793,-159.650194662793
2021-04-07 00:00:00,1434A,SHP,56.0,212.75312130029062,-156.75312130029062
2021-04-07 01:00:00,1434A,SHP,52.0,213.33012686233246,-161.33012686233246
2021-04-07 02:00:00,1434A,SHP,52.0,213.86830035816942,-161.86830035816942
2021-04-07 03:00:00,1434A,SHP,48.0,214.33465207931462,-166.33465207931462
2021-04-07 04:00:00,1434A,SHP,52.0,214.18718718376044,-162.18718718376044
2021-04-07 05:00:00,1434A,SHP,51.0,213.9089565983419,-162.9089565983419
2021-04-07 06:00:00,1434A,SHP,54.0,213.55351292034138,-159.55351292034138
2021-04-07 07:00:00,1434A,SHP,59.0,213.0673964115094,-154.0673964115094
2021-04-07 08:00:00,1434A,SHP,59.0,213.3153687545903,-154.3153687545903
2021-04-07 09:00:00,1434A,SHP,59.0,214.4863774004501,-155.4863774004501
2021-04-07 10:00:00,1434A,SHP,67.0,216.6681735979439,-149.6681735979439
2021-04-07 11:00:00,1434A,SHP,65.0,217.6092953200254,-152.6092953200254
2021-04-07 12:00:00,1434A,SHP,49.0,216.8711341628668,-167.8711341628668
2021-04-07 13:00:00,1434A,SHP,26.0,215.54261423460144,-189.54261423460144
2021-04-07 14:00:00,1434A,SHP,22.0,213.49280730380292,-191.49280730380292
2021-04-07 15:00:00,1434A,SHP,29.0,211.17255032826785,-182.17255032826785
2021-04-07 16:00:00,1434A,SHP,24.0,209.70905777295027,-185.70905777295027
2021-04-07 17:00:00,1434A,SHP,20.0,207.9527157562899,-187.9527157562899
2021-04-07 18:00:00,1434A,SHP,23.0,207.51647318009034,-184.51647318009034
2021-04-07 19:00:00,1434A,SHP,18.0,207.4508164016945,-189.4508164016945
2021-04-07 20:00:00,1434A,SHP,16.0,209.21620385070878,-193.21620385070878
2021-04-07 21:00:00,1434A,SHP,16.0,211.69971817043566,-195.69971817043566
2021-04-07 22:00:00,1434A,SHP,18.0,213.87121278498097,-195.87121278498097
2021-04-07 23:00:00,1434A,SHP,15.0,213.7245707241241,-198.7245707241241
2021-04-08 00:00:00,1434A,SHP,13.0,213.8274973616217,-200.8274973616217
2021-04-08 01:00:00,1434A,SHP,15.0,214.40450292366356,-199.40450292366356
2021-04-08 02:00:00,1434A,SHP,24.0,214.94267641950051,-190.94267641950051
2021-04-08 03:00:00,1434A,SHP,24.0,215.40902814064572,-191.40902814064572
2021-04-08 04:00:00,1434A,SHP,35.0,215.26156324509154,-180.26156324509154
2021-04-08 05:00:00,1434A,SHP,36.0,214.98333265967298,-178.98333265967298
2021-04-08 06:00:00,1434A,SHP,33.0,214.62788898167247,-181.62788898167247
2021-04-08 07:00:00,1434A,SHP,32.0,214.1417724728405,-182.1417724728405
2021-04-08 08:00:00,1434A,SHP,37.0,214.3897448159214,-177.3897448159214
2021-04-08 09:00:00,1434A,SHP,41.0,215.5607534617812,-174.5607534617812
2021-04-08 10:00:00,1434A,SHP,43.0,217.742549659275,-174.742549659275
2021-04-08 11:00:00,1434A,SHP,45.0,218.6836713813565,-173.6836713813565
2021-04-08 12:00:00,1434A,SHP,47.0,217.9455102241979,-170.9455102241979
2021-04-08 13:00:00,1434A,SHP,47.0,216.61699029593254,-169.61699029593254
2021-04-08 14:00:00,1434A,SHP,38.0,214.567183365134,-176.567183365134
2021-04-08 15:00:00,1434A,SHP,29.0,212.24692638959894,-183.24692638959894
2021-04-08 16:00:00,1434A,SHP,18.0,210.78343383428137,-192.78343383428137
2021-04-08 17:00:00,1434A,SHP,19.0,209.027091817621,-190.027091817621
2021-04-08 18:00:00,1434A,SHP,20.0,208.59084924142144,-188.59084924142144
2021-04-08 19:00:00,1434A,SHP,20.0,208.5251924630256,-188.5251924630256
2021-04-08 20:00:00,1434A,SHP,26.0,210.29057991203987,-184.29057991203987
2021-04-08 21:00:00,1434A,SHP,28.0,212.77409423176675,-184.77409423176675
2021-04-08 22:00:00,1434A,SHP,27.0,214.94558884631206,-187.94558884631206
2021-04-08 23:00:00,1434A,SHP,30.0,214.7989467854552,-184.7989467854552
2021-04-09 00:00:00,1434A,SHP,32.0,214.9018734229528,-182.9018734229528
2021-04-09 01:00:00,1434A,SHP,31.0,215.47887898499465,-184.47887898499465
2021-04-09 02:00:00,1434A,SHP,36.0,216.0170524808316,-180.0170524808316
2021-04-09 03:00:00,1434A,SHP,37.0,216.4834042019768,-179.4834042019768
2021-04-09 04:00:00,1434A,SHP,36.0,216.33593930642263,-180.33593930642263
2021-04-09 05:00:00,1434A,SHP,35.0,216.05770872100408,-181.05770872100408
2021-04-09 06:00:00,1434A,SHP,39.0,215.70226504300356,-176.70226504300356
2021-04-09 07:00:00,1434A,SHP,48.0,215.2161485341716,-167.2161485341716
2021-04-09 08:00:00,1434A,SHP,55.0,215.4641208772525,-160.4641208772525
2021-04-09 09:00:00,1434A,SHP,,216.63512952311228,
2021-04-09 10:00:00,1434A,SHP,61.0,218.8169257206061,-157.8169257206061
2021-04-09 11:00:00,1434A,SHP,58.0,219.7580474426876,-161.7580474426876
2021-04-09 12:00:00,1434A,SHP,52.0,219.019886285529,-167.019886285529
2021-04-09 13:00:00,1434A,SHP,61.0,217.69136635726363,-156.69136635726363
2021-04-09 14:00:00,1434A,SHP,64.0,215.6415594264651,-151.6415594264651
2021-04-09 15:00:00,1434A,SHP,63.0,213.32130245093003,-150.32130245093003
2021-04-09 16:00:00,1434A,SHP,59.0,211.85780989561246,-152.85780989561246
2021-04-09 17:00:00,1434A,SHP,52.0,210.1014678789521,-158.1014678789521
2021-04-09 18:00:00,1434A,SHP,42.0,209.66522530275253,-167.66522530275253
2021-04-09 19:00:00,1434A,SHP,40.0,209.5995685243567,-169.5995685243567
2021-04-09 20:00:00,1434A,SHP,39.0,211.36495597337097,-172.36495597337097
2021-04-09 21:00:00,1434A,SHP,47.0,213.84847029309785,-166.84847029309785
2021-04-09 22:00:00,1434A,SHP,49.0,216.01996490764316,-167.01996490764316
2021-04-09 23:00:00,1434A,SHP,41.0,215.8733228467863,-174.8733228467863
2021-04-10 00:00:00,1434A,SHP,33.0,215.9762494842839,-182.9762494842839
2021-04-10 01:00:00,1434A,SHP,33.0,216.55325504632575,-183.55325504632575
2021-04-10 02:00:00,1434A,SHP,31.0,217.0914285421627,-186.0914285421627
2021-04-10 03:00:00,1434A,SHP,31.0,217.5577802633079,-186.5577802633079
2021-04-10 04:00:00,1434A,SHP,30.0,217.41031536775373,-187.41031536775373
2021-04-10 05:00:00,1434A,SHP,32.0,217.13208478233517,-185.13208478233517
2021-04-10 06:00:00,1434A,SHP,36.0,216.77664110433466,-180.77664110433466
2021-04-10 07:00:00,1434A,SHP,40.0,216.2905245955027,-176.2905245955027
2021-04-10 08:00:00,1434A,SHP,37.0,216.5384969385836,-179.5384969385836
2021-04-10 09:00:00,1434A,SHP,32.0,217.70950558444338,-185.70950558444338
2021-04-10 10:00:00,1434A,SHP,34.0,219.8913017819372,-185.8913017819372
2021-04-10 11:00:00,1434A,SHP,40.0,220.8324235040187,-180.8324235040187
2021-04-10 12:00:00,1434A,SHP,39.0,220.0942623468601,-181.0942623468601
2021-04-10 13:00:00,1434A,SHP,33.0,218.76574241859473,-185.76574241859473
2021-04-10 14:00:00,1434A,SHP,34.0,216.7159354877962,-182.7159354877962
2021-04-10 15:00:00,1434A,SHP,38.0,214.39567851226113,-176.39567851226113
2021-04-10 16:00:00,1434A,SHP,42.0,212.93218595694356,-170.93218595694356
2021-04-10 17:00:00,1434A,SHP,39.0,211.1758439402832,-172.1758439402832
2021-04-10 18:00:00,1434A,SHP,28.0,210.73960136408363,-182.73960136408363
2021-04-10 19:00:00,1434A,SHP,25.0,210.6739445856878,-185.6739445856878
2021-04-10 20:00:00,1434A,SHP,28.0,212.43933203470206,-184.43933203470206
2021-04-10 21:00:00,1434A,SHP,33.0,214.92284635442894,-181.92284635442894
2021-04-10 22:00:00,1434A,SHP,38.0,217.09434096897425,-179.09434096897425
2021-04-10 23:00:00,1434A,SHP,37.0,216.9476989081174,-179.9476989081174
2021-04-11 00:00:00,1434A,SHP,35.0,217.050625545615,-182.050625545615
2021-04-11 01:00:00,1434A,SHP,37.0,217.62763110765684,-180.62763110765684
2021-04-11 02:00:00,1434A,SHP,34.0,218.1658046034938,-184.1658046034938
2021-04-11 03:00:00,1434A,SHP,35.0,218.632156324639,-183.632156324639
2021-04-11 04:00:00,1434A,SHP,33.0,218.48469142908482,-185.48469142908482
2021-04-11 05:00:00,1434A,SHP,29.0,218.20646084366626,-189.20646084366626
2021-04-11 06:00:00,1434A,SHP,28.0,217.85101716566575,-189.85101716566575
2021-04-11 07:00:00,1434A,SHP,29.0,217.36490065683378,-188.36490065683378
2021-04-11 08:00:00,1434A,SHP,25.0,217.61287299991469,-192.61287299991469
2021-04-11 09:00:00,1434A,SHP,28.0,218.78388164577447,-190.78388164577447
2021-04-11 10:00:00,1434A,SHP,30.0,220.96567784326828,-190.96567784326828
2021-04-11 11:00:00,1434A,SHP,25.0,221.9067995653498,-196.9067995653498
2021-04-11 12:00:00,1434A,SHP,30.0,221.16863840819119,-191.16863840819119
2021-04-11 13:00:00,1434A,SHP,38.0,219.84011847992582,-181.84011847992582
2021-04-11 14:00:00,1434A,SHP,33.0,217.7903115491273,-184.7903115491273
2021-04-11 15:00:00,1434A,SHP,27.0,215.47005457359222,-188.47005457359222
2021-04-11 16:00:00,1434A,SHP,27.0,214.00656201827465,-187.00656201827465
2021-04-11 17:00:00,1434A,SHP,27.0,212.25022000161428,-185.25022000161428
2021-04-11 18:00:00,1434A,SHP,,211.81397742541472,
2021-04-11 19:00:00,1434A,SHP,26.0,211.7483206470189,-185.7483206470189
2021-04-11 20:00:00,1434A,SHP,27.0,213.51370809603316,-186.51370809603316
2021-04-11 21:00:00,1434A,SHP,31.0,215.99722241576004,-184.99722241576004
2021-04-11 22:00:00,1434A,SHP,31.0,218.16871703030534,-187.16871703030534
2021-04-11 23:00:00,1434A,SHP,31.0,218.02207496944848,-187.02207496944848
2021-04-12 00:00:00,1434A,SHP,32.0,218.12500160694609,-186.12500160694609
2021-04-12 01:00:00,1434A,SHP,33.0,218.70200716898793,-185.70200716898793
2021-04-12 02:00:00,1434A,SHP,34.0,219.2401806648249,-185.2401806648249
2021-04-12 03:00:00,1434A,SHP,34.0,219.7065323859701,-185.7065323859701
2021-04-12 04:00:00,1434A,SHP,36.0,219.5590674904159,-183.5590674904159
2021-04-12 05:00:00,1434A,SHP,37.0,219.28083690499736,-182.28083690499736
2021-04-12 06:00:00,1434A,SHP,43.0,218.92539322699685,-175.92539322699685
2021-04-12 07:00:00,1434A,SHP,42.0,218.43927671816488,-176.43927671816488
2021-04-12 08:00:00,1434A,SHP,45.0,218.68724906124578,-173.68724906124578
2021-04-12 09:00:00,1434A,SHP,60.0,219.85825770710557,-159.85825770710557
2021-04-12 10:00:00,1434A,SHP,67.0,222.04005390459938,-155.04005390459938
2021-04-12 11:00:00,1434A,SHP,62.0,222.98117562668088,-160.98117562668088
2021-04-12 12:00:00,1434A,SHP,54.0,222.24301446952228,-168.24301446952228
2021-04-12 13:00:00,1434A,SHP,48.0,220.91449454125691,-172.91449454125691
2021-04-12 14:00:00,1434A,SHP,49.0,218.8646876104584,-169.8646876104584
2021-04-12 15:00:00,1434A,SHP,47.0,216.54443063492332,-169.54443063492332
2021-04-12 16:00:00,1434A,SHP,48.0,215.08093807960574,-167.08093807960574
2021-04-12 17:00:00,1434A,SHP,48.0,213.32459606294537,-165.32459606294537
2021-04-12 18:00:00,1434A,SHP,45.0,212.8883534867458,-167.8883534867458
2021-04-12 19:00:00,1434A,SHP,42.0,212.82269670834998,-170.82269670834998
2021-04-12 20:00:00,1434A,SHP,42.0,214.58808415736425,-172.58808415736425
2021-04-12 21:00:00,1434A,SHP,47.0,217.07159847709113,-170.07159847709113
2021-04-12 22:00:00,1434A,SHP,48.0,219.24309309163644,-171.24309309163644
2021-04-12 23:00:00,1434A,SHP,56.0,219.09645103077958,-163.09645103077958
2021-04-13 00:00:00,1434A,SHP,61.0,219.19937766827718,-158.19937766827718
2021-04-13 01:00:00,1434A,SHP,65.0,219.77638323031903,-154.77638323031903
2021-04-13 02:00:00,1434A,SHP,67.0,220.31455672615598,-153.31455672615598
2021-04-13 03:00:00,1434A,SHP,72.0,220.7809084473012,-148.7809084473012
2021-04-13 04:00:00,1434A,SHP,74.0,220.633443551747,-146.633443551747
2021-04-13 05:00:00,1434A,SHP,72.0,220.35521296632845,-148.35521296632845
2021-04-13 06:00:00,1434A,SHP,64.0,219.99976928832794,-155.99976928832794
2021-04-13 07:00:00,1434A,SHP,68.0,219.51365277949597,-151.51365277949597
2021-04-13 08:00:00,1434A,SHP,71.0,219.76162512257687,-148.76162512257687
2021-04-13 09:00:00,1434A,SHP,79.0,220.93263376843666,-141.93263376843666
2021-04-13 10:00:00,1434A,SHP,65.0,223.11442996593047,-158.11442996593047
2021-04-13 11:00:00,1434A,SHP,,224.05555168801197,
2021-04-13 12:00:00,1434A,SHP,,223.31739053085337,
2021-04-13 13:00:00,1434A,SHP,24.0,221.988870602588,-197.988870602588
2021-04-13 14:00:00,1434A,SHP,20.0,219.93906367178948,-199.93906367178948
2021-04-13 15:00:00,1434A,SHP,21.0,217.6188066962544,-196.6188066962544
2021-04-13 16:00:00,1434A,SHP,21.0,216.15531414093684,-195.15531414093684
2021-04-13 17:00:00,1434A,SHP,22.0,214.39897212427647,-192.39897212427647
2021-04-13 18:00:00,1434A,SHP,27.0,213.9627295480769,-186.9627295480769
2021-04-13 19:00:00,1434A,SHP,29.0,213.89707276968107,-184.89707276968107
2021-04-13 20:00:00,1434A,SHP,34.0,215.66246021869534,-181.66246021869534
2021-04-13 21:00:00,1434A,SHP,,218.14597453842222,
2021-04-13 22:00:00,1434A,SHP,36.0,220.31746915296753,-184.31746915296753
2021-04-13 23:00:00,1434A,SHP,45.0,220.17082709211067,-175.17082709211067
2021-04-14 00:00:00,1434A,SHP,40.0,220.27375372960827,-180.27375372960827
2021-04-14 01:00:00,1434A,SHP,40.0,220.85075929165012,-180.85075929165012
2021-04-14 02:00:00,1434A,SHP,28.0,221.38893278748708,-193.38893278748708
2021-04-14 03:00:00,1434A,SHP,27.0,221.85528450863228,-194.85528450863228
2021-04-14 04:00:00,1434A,SHP,17.0,221.7078196130781,-204.7078196130781
2021-04-14 05:00:00,1434A,SHP,10.0,221.42958902765955,-211.42958902765955
2021-04-14 06:00:00,1434A,SHP,8.0,221.07414534965903,-213.07414534965903
2021-04-14 07:00:00,1434A,SHP,8.0,220.58802884082706,-212.58802884082706
2021-04-14 08:00:00,1434A,SHP,8.0,220.83600118390797,-212.83600118390797
2021-04-14 09:00:00,1434A,SHP,12.0,222.00700982976775,-210.00700982976775
2021-04-14 10:00:00,1434A,SHP,16.0,224.18880602726156,-208.18880602726156
2021-04-14 11:00:00,1434A,SHP,15.0,225.12992774934307,-210.12992774934307
2021-04-14 12:00:00,1434A,SHP,15.0,224.39176659218447,-209.39176659218447
2021-04-14 13:00:00,1434A,SHP,17.0,223.0632466639191,-206.0632466639191
2021-04-14 14:00:00,1434A,SHP,14.0,221.01343973312058,-207.01343973312058
2021-04-14 15:00:00,1434A,SHP,11.0,218.6931827575855,-207.6931827575855
2021-04-14 16:00:00,1434A,SHP,13.0,217.22969020226793,-204.22969020226793
2021-04-14 17:00:00,1434A,SHP,12.0,215.47334818560756,-203.47334818560756
2021-04-14 18:00:00,1434A,SHP,15.0,215.037105609408,-200.037105609408
2021-04-14 19:00:00,1434A,SHP,17.0,214.97144883101217,-197.97144883101217
2021-04-14 20:00:00,1434A,SHP,18.0,216.73683628002644,-198.73683628002644
2021-04-14 21:00:00,1434A,SHP,19.0,219.22035059975332,-200.22035059975332
2021-04-14 22:00:00,1434A,SHP,20.0,221.39184521429863,-201.39184521429863
2021-04-14 23:00:00,1434A,SHP,21.0,221.24520315344176,-200.24520315344176
2021-04-15 00:00:00,1434A,SHP,25.0,221.34812979093937,-196.34812979093937
2021-04-15 01:00:00,1434A,SHP,28.0,221.92513535298121,-193.92513535298121
2021-04-15 02:00:00,1434A,SHP,28.0,222.46330884881817,-194.46330884881817
2021-04-15 03:00:00,1434A,SHP,31.0,222.92966056996337,-191.92966056996337
2021-04-15 04:00:00,1434A,SHP,31.0,222.7821956744092,-191.7821956744092
2021-04-15 05:00:00,1434A,SHP,30.0,222.50396508899064,-192.50396508899064
2021-04-15 06:00:00,1434A,SHP,32.0,222.14852141099013,-190.14852141099013
2021-04-15 07:00:00,1434A,SHP,38.0,221.66240490215816,-183.66240490215816
2021-04-15 08:00:00,1434A,SHP,38.0,221.91037724523906,-183.91037724523906
2021-04-15 09:00:00,1434A,SHP,36.0,223.08138589109885,-187.08138589109885
2021-04-15 10:00:00,1434A,SHP,34.0,225.26318208859266,-191.26318208859266
2021-04-15 11:00:00,1434A,SHP,29.0,226.20430381067416,-197.20430381067416
2021-04-15 12:00:00,1434A,SHP,26.0,225.46614265351556,-199.46614265351556
2021-04-15 13:00:00,1434A,SHP,25.0,224.1376227252502,-199.1376227252502
2021-04-15 14:00:00,1434A,SHP,23.0,222.08781579445167,-199.08781579445167
2021-04-15 15:00:00,1434A,SHP,23.0,219.7675588189166,-196.7675588189166
2021-04-15 16:00:00,1434A,SHP,31.0,218.30406626359903,-187.30406626359903
2021-04-15 17:00:00,1434A,SHP,26.0,216.54772424693866,-190.54772424693866
2021-04-15 18:00:00,1434A,SHP,17.0,216.1114816707391,-199.1114816707391
2021-04-15 19:00:00,1434A,SHP,20.0,216.04582489234326,-196.04582489234326
2021-04-15 20:00:00,1434A,SHP,21.0,217.81121234135753,-196.81121234135753
2021-04-15 21:00:00,1434A,SHP,22.0,220.2947266610844,-198.2947266610844
2021-04-15 22:00:00,1434A,SHP,23.0,222.46622127562972,-199.46622127562972
2021-04-15 23:00:00,1434A,SHP,35.0,222.31957921477286,-187.31957921477286
2021-04-16 00:00:00,1434A,SHP,32.0,222.42250585227046,-190.42250585227046
2021-04-16 01:00:00,1434A,SHP,22.0,222.9995114143123,-200.9995114143123
2021-04-16 02:00:00,1434A,SHP,20.0,223.53768491014927,-203.53768491014927
2021-04-16 03:00:00,1434A,SHP,19.0,224.00403663129447,-205.00403663129447
2021-04-16 04:00:00,1434A,SHP,22.0,223.8565717357403,-201.8565717357403
2021-04-16 05:00:00,1434A,SHP,21.0,223.57834115032173,-202.57834115032173
2021-04-16 06:00:00,1434A,SHP,17.0,223.22289747232122,-206.22289747232122
2021-04-16 07:00:00,1434A,SHP,17.0,222.73678096348925,-205.73678096348925
2021-04-16 08:00:00,1434A,SHP,18.0,222.98475330657016,-204.98475330657016
2021-04-16 09:00:00,1434A,SHP,27.0,224.15576195242994,-197.15576195242994
2021-04-16 10:00:00,1434A,SHP,28.0,226.33755814992375,-198.33755814992375
2021-04-16 11:00:00,1434A,SHP,25.0,227.27867987200526,-202.27867987200526
2021-04-16 12:00:00,1434A,SHP,20.0,226.54051871484666,-206.54051871484666
2021-04-16 13:00:00,1434A,SHP,14.0,225.2119987865813,-211.2119987865813
2021-04-16 14:00:00,1434A,SHP,15.0,223.16219185578277,-208.16219185578277
2021-04-16 15:00:00,1434A,SHP,17.0,220.8419348802477,-203.8419348802477
2021-04-16 16:00:00,1434A,SHP,16.0,219.37844232493012,-203.37844232493012
2021-04-16 17:00:00,1434A,SHP,16.0,217.62210030826975,-201.62210030826975
2021-04-16 18:00:00,1434A,SHP,17.0,217.1858577320702,-200.1858577320702
2021-04-16 19:00:00,1434A,SHP,19.0,217.12020095367436,-198.12020095367436
2021-04-16 20:00:00,1434A,SHP,21.0,218.88558840268863,-197.88558840268863
2021-04-16 21:00:00,1434A,SHP,22.0,221.3691027224155,-199.3691027224155
2021-04-16 22:00:00,1434A,SHP,23.0,223.54059733696081,-200.54059733696081
2021-04-16 23:00:00,1434A,SHP,24.0,223.39395527610395,-199.39395527610395
2021-04-17 00:00:00,1434A,SHP,23.0,223.49688191360156,-200.49688191360156
2021-04-17 01:00:00,1434A,SHP,23.0,224.0738874756434,-201.0738874756434
2021-04-17 02:00:00,1434A,SHP,24.0,224.61206097148036,-200.61206097148036
2021-04-17 03:00:00,1434A,SHP,23.0,225.07841269262556,-202.07841269262556
2021-04-17 04:00:00,1434A,SHP,23.0,224.93094779707138,-201.93094779707138
2021-04-17 05:00:00,1434A,SHP,23.0,224.65271721165283,-201.65271721165283
2021-04-17 06:00:00,1434A,SHP,22.0,224.29727353365232,-202.29727353365232
2021-04-17 07:00:00,1434A,SHP,23.0,223.81115702482035,-200.81115702482035
2021-04-17 08:00:00,1434A,SHP,24.0,224.05912936790125,-200.05912936790125
2021-04-17 09:00:00,1434A,SHP,27.0,225.23013801376104,-198.23013801376104
2021-04-17 10:00:00,1434A,SHP,31.0,227.41193421125485,-196.41193421125485
2021-04-17 11:00:00,1434A,SHP,31.0,228.35305593333635,-197.35305593333635
2021-04-17 12:00:00,1434A,SHP,33.0,227.61489477617775,-194.61489477617775
2021-04-17 13:00:00,1434A,SHP,30.0,226.28637484791238,-196.28637484791238
2021-04-17 14:00:00,1434A,SHP,30.0,224.23656791711386,-194.23656791711386
2021-04-17 15:00:00,1434A,SHP,37.0,221.91631094157879,-184.91631094157879
2021-04-17 16:00:00,1434A,SHP,31.0,220.4528183862612,-189.4528183862612
2021-04-17 17:00:00,1434A,SHP,30.0,218.69647636960084,-188.69647636960084
2021-04-17 18:00:00,1434A,SHP,21.0,218.26023379340128,-197.26023379340128
2021-04-17 19:00:00,1434A,SHP,24.0,218.19457701500545,-194.19457701500545
2021-04-17 20:00:00,1434A,SHP,25.0,219.95996446401972,-194.95996446401972
2021-04-17 21:00:00,1434A,SHP,23.0,222.4434787837466,-199.4434787837466
2021-04-17 22:00:00,1434A,SHP,18.0,224.6149733982919,-206.6149733982919
2021-04-17 23:00:00,1434A,SHP,24.0,224.46833133743505,-200.46833133743505
2021-04-18 00:00:00,1434A,SHP,29.0,224.57125797493265,-195.57125797493265
2021-04-18 01:00:00,1434A,SHP,25.0,225.1482635369745,-200.1482635369745
2021-04-18 02:00:00,1434A,SHP,22.0,225.68643703281145,-203.68643703281145
2021-04-18 03:00:00,1434A,SHP,23.0,226.15278875395666,-203.15278875395666
2021-04-18 04:00:00,1434A,SHP,24.0,226.00532385840248,-202.00532385840248
2021-04-18 05:00:00,1434A,SHP,23.0,225.72709327298392,-202.72709327298392
2021-04-18 06:00:00,1434A,SHP,20.0,225.3716495949834,-205.3716495949834
2021-04-18 07:00:00,1434A,SHP,18.0,224.88553308615144,-206.88553308615144
2021-04-18 08:00:00,1434A,SHP,21.0,225.13350542923234,-204.13350542923234
2021-04-18 09:00:00,1434A,SHP,25.0,226.30451407509213,-201.30451407509213
2021-04-18 10:00:00,1434A,SHP,25.0,228.48631027258594,-203.48631027258594
2021-04-18 11:00:00,1434A,SHP,26.0,229.42743199466744,-203.42743199466744
2021-04-18 12:00:00,1434A,SHP,26.0,228.68927083750884,-202.68927083750884
2021-04-18 13:00:00,1434A,SHP,26.0,227.36075090924348,-201.36075090924348
2021-04-18 14:00:00,1434A,SHP,28.0,225.31094397844495,-197.31094397844495
2021-04-18 15:00:00,1434A,SHP,28.0,222.99068700290988,-194.99068700290988
2021-04-18 16:00:00,1434A,SHP,29.0,221.5271944475923,-192.5271944475923
2021-04-18 17:00:00,1434A,SHP,29.0,219.77085243093194,-190.77085243093194
2021-04-18 18:00:00,1434A,SHP,30.0,219.33460985473238,-189.33460985473238
2021-04-18 19:00:00,1434A,SHP,28.0,219.26895307633654,-191.26895307633654
2021-04-18 20:00:00,1434A,SHP,28.0,221.0343405253508,-193.0343405253508
2021-04-18 21:00:00,1434A,SHP,31.0,223.5178548450777,-192.5178548450777
2021-04-18 22:00:00,1434A,SHP,34.0,225.689349459623,-191.689349459623
2021-04-18 23:00:00,1434A,SHP,35.0,225.54270739876614,-190.54270739876614
2021-04-19 00:00:00,1434A,SHP,39.0,225.64563403626374,-186.64563403626374
2021-04-19 01:00:00,1434A,SHP,38.0,226.2226395983056,-188.2226395983056
2021-04-19 02:00:00,1434A,SHP,38.0,226.76081309414255,-188.76081309414255
2021-04-19 03:00:00,1434A,SHP,38.0,227.22716481528775,-189.22716481528775
2021-04-19 04:00:00,1434A,SHP,40.0,227.07969991973357,-187.07969991973357
2021-04-19 05:00:00,1434A,SHP,41.0,226.80146933431502,-185.80146933431502
2021-04-19 06:00:00,1434A,SHP,41.0,226.4460256563145,-185.4460256563145
2021-04-19 07:00:00,1434A,SHP,39.0,225.95990914748253,-186.95990914748253
2021-04-19 08:00:00,1434A,SHP,42.0,226.20788149056344,-184.20788149056344
2021-04-19 09:00:00,1434A,SHP,38.0,227.37889013642322,-189.37889013642322
2021-04-19 10:00:00,1434A,SHP,44.0,229.56068633391703,-185.56068633391703
2021-04-19 11:00:00,1434A,SHP,51.0,230.50180805599854,-179.50180805599854
2021-04-19 12:00:00,1434A,SHP,50.0,229.76364689883994,-179.76364689883994
2021-04-19 13:00:00,1434A,SHP,51.0,228.43512697057457,-177.43512697057457
2021-04-19 14:00:00,1434A,SHP,54.0,226.38532003977605,-172.38532003977605
2021-04-19 15:00:00,1434A,SHP,50.0,224.06506306424097,-174.06506306424097
2021-04-19 16:00:00,1434A,SHP,56.0,222.6015705089234,-166.6015705089234
2021-04-19 17:00:00,1434A,SHP,60.0,220.84522849226303,-160.84522849226303
2021-04-19 18:00:00,1434A,SHP,55.0,220.40898591606347,-165.40898591606347
2021-04-19 19:00:00,1434A,SHP,47.0,220.34332913766764,-173.34332913766764
2021-04-19 20:00:00,1434A,SHP,33.0,222.1087165866819,-189.1087165866819
2021-04-19 21:00:00,1434A,SHP,43.0,224.5922309064088,-181.5922309064088
2021-04-19 22:00:00,1434A,SHP,44.0,226.7637255209541,-182.7637255209541
2021-04-19 23:00:00,1434A,SHP,42.0,226.61708346009723,-184.61708346009723
2021-04-20 00:00:00,1434A,SHP,43.0,226.72001009759484,-183.72001009759484
2021-04-20 01:00:00,1434A,SHP,41.0,227.29701565963668,-186.29701565963668
2021-04-20 02:00:00,1434A,SHP,39.0,227.83518915547364,-188.83518915547364
2021-04-20 03:00:00,1434A,SHP,40.0,228.30154087661884,-188.30154087661884
2021-04-20 04:00:00,1434A,SHP,39.0,228.15407598106466,-189.15407598106466
2021-04-20 05:00:00,1434A,SHP,37.0,227.8758453956461,-190.8758453956461
2021-04-20 06:00:00,1434A,SHP,36.0,227.5204017176456,-191.5204017176456
2021-04-20 07:00:00,1434A,SHP,35.0,227.03428520881363,-192.03428520881363
2021-04-20 08:00:00,1434A,SHP,36.0,227.28225755189453,-191.28225755189453
2021-04-20 09:00:00,1434A,SHP,38.0,228.45326619775432,-190.45326619775432
2021-04-20 10:00:00,1434A,SHP,30.0,230.63506239524813,-200.63506239524813
2021-04-20 11:00:00,1434A,SHP,26.0,231.57618411732963,-205.57618411732963
2021-04-20 12:00:00,1434A,SHP,27.0,230.83802296017103,-203.83802296017103
2021-04-20 13:00:00,1434A,SHP,19.0,229.50950303190567,-210.50950303190567
2021-04-20 14:00:00,1434A,SHP,16.0,227.45969610110714,-211.45969610110714
2021-04-20 15:00:00,1434A,SHP,5.0,225.13943912557207,-220.13943912557207
2021-04-20 16:00:00,1434A,SHP,4.0,223.6759465702545,-219.6759465702545
2021-04-20 17:00:00,1434A,SHP,5.0,221.91960455359413,-216.91960455359413
2021-04-20 18:00:00,1434A,SHP,6.0,221.48336197739457,-215.48336197739457
2021-04-20 19:00:00,1434A,SHP,7.0,221.41770519899873,-214.41770519899873
2021-04-20 20:00:00,1434A,SHP,9.0,223.183092648013,-214.183092648013
2021-04-20 21:00:00,1434A,SHP,11.0,225.66660696773988,-214.66660696773988
2021-04-20 22:00:00,1434A,SHP,15.0,227.8381015822852,-212.8381015822852
2021-04-20 23:00:00,1434A,SHP,20.0,227.69145952142833,-207.69145952142833
2021-04-21 00:00:00,1434A,SHP,22.0,227.79438615892593,-205.79438615892593
2021-04-21 01:00:00,1434A,SHP,18.0,228.37139172096778,-210.37139172096778
2021-04-21 02:00:00,1434A,SHP,19.0,228.90956521680474,-209.90956521680474
2021-04-21 03:00:00,1434A,SHP,19.0,229.37591693794994,-210.37591693794994
2021-04-21 04:00:00,1434A,SHP,22.0,229.22845204239576,-207.22845204239576
2021-04-21 05:00:00,1434A,SHP,23.0,228.9502214569772,-205.9502214569772
2021-04-21 06:00:00,1434A,SHP,25.0,228.5947777789767,-203.5947777789767
2021-04-21 07:00:00,1434A,SHP,25.0,228.10866127014472,-203.10866127014472
2021-04-21 08:00:00,1434A,SHP,26.0,228.35663361322563,-202.35663361322563
2021-04-21 09:00:00,1434A,SHP,30.0,229.5276422590854,-199.5276422590854
2021-04-21 10:00:00,1434A,SHP,,231.70943845657922,
2021-04-21 11:00:00,1434A,SHP,35.0,232.65056017866073,-197.65056017866073
2021-04-21 12:00:00,1434A,SHP,29.0,231.91239902150213,-202.91239902150213
2021-04-21 13:00:00,1434A,SHP,32.0,230.58387909323676,-198.58387909323676
2021-04-21 14:00:00,1434A,SHP,34.0,228.53407216243824,-194.53407216243824
2021-04-21 15:00:00,1434A,SHP,30.0,226.21381518690316,-196.21381518690316
2021-04-21 16:00:00,1434A,SHP,23.0,224.7503226315856,-201.7503226315856
2021-04-21 17:00:00,1434A,SHP,20.0,222.99398061492522,-202.99398061492522
2021-04-21 18:00:00,1434A,SHP,18.0,222.55773803872566,-204.55773803872566
2021-04-21 19:00:00,1434A,SHP,19.0,222.49208126032983,-203.49208126032983
2021-04-21 20:00:00,1434A,SHP,28.0,224.2574687093441,-196.2574687093441
2021-04-21 21:00:00,1434A,SHP,37.0,226.74098302907097,-189.74098302907097
2021-04-21 22:00:00,1434A,SHP,40.0,228.91247764361628,-188.91247764361628
2021-04-21 23:00:00,1434A,SHP,43.0,228.76583558275942,-185.76583558275942
2021-04-22 00:00:00,1434A,SHP,49.0,228.86876222025703,-179.86876222025703
2021-04-22 01:00:00,1434A,SHP,48.0,229.44576778229887,-181.44576778229887
2021-04-22 02:00:00,1434A,SHP,48.0,229.98394127813583,-181.98394127813583
2021-04-22 03:00:00,1434A,SHP,45.0,230.45029299928103,-185.45029299928103
2021-04-22 04:00:00,1434A,SHP,44.0,230.30282810372685,-186.30282810372685
2021-04-22 05:00:00,1434A,SHP,47.0,230.0245975183083,-183.0245975183083
2021-04-22 06:00:00,1434A,SHP,47.0,229.66915384030779,-182.66915384030779
2021-04-22 07:00:00,1434A,SHP,49.0,229.18303733147582,-180.18303733147582
2021-04-22 08:00:00,1434A,SHP,55.0,229.43100967455672,-174.43100967455672
2021-04-22 09:00:00,1434A,SHP,58.0,230.6020183204165,-172.6020183204165
2021-04-22 10:00:00,1434A,SHP,61.0,232.78381451791032,-171.78381451791032
2021-04-22 11:00:00,1434A,SHP,65.0,233.72493623999182,-168.72493623999182
2021-04-22 12:00:00,1434A,SHP,74.0,232.98677508283322,-158.98677508283322
2021-04-22 13:00:00,1434A,SHP,79.0,231.65825515456785,-152.65825515456785
2021-04-22 14:00:00,1434A,SHP,68.0,229.60844822376933,-161.60844822376933
2021-04-22 15:00:00,1434A,SHP,67.0,227.28819124823426,-160.28819124823426
2021-04-22 16:00:00,1434A,SHP,61.0,225.82469869291668,-164.82469869291668
2021-04-22 17:00:00,1434A,SHP,54.0,224.06835667625631,-170.06835667625631
2021-04-22 18:00:00,1434A,SHP,49.0,223.63211410005675,-174.63211410005675
2021-04-22 19:00:00,1434A,SHP,80.0,223.56645732166092,-143.56645732166092
2021-04-22 20:00:00,1434A,SHP,90.0,225.3318447706752,-135.3318447706752
2021-04-22 21:00:00,1434A,SHP,88.0,227.81535909040207,-139.81535909040207
2021-04-22 22:00:00,1434A,SHP,87.0,229.98685370494738,-142.98685370494738
2021-04-22 23:00:00,1434A,SHP,87.0,229.84021164409052,-142.84021164409052
2021-04-23 00:00:00,1434A,SHP,92.0,229.94313828158812,-137.94313828158812
2021-04-23 01:00:00,1434A,SHP,89.0,230.52014384362997,-141.52014384362997
2021-04-23 02:00:00,1434A,SHP,85.0,231.05831733946692,-146.05831733946692
2021-04-23 03:00:00,1434A,SHP,84.0,231.52466906061213,-147.52466906061213
2021-04-23 04:00:00,1434A,SHP,80.0,231.37720416505795,-151.37720416505795
2021-04-23 05:00:00,1434A,SHP,77.0,231.0989735796394,-154.0989735796394
2021-04-23 06:00:00,1434A,SHP,80.0,230.74352990163888,-150.74352990163888
2021-04-23 07:00:00,1434A,SHP,85.0,230.2574133928069,-145.2574133928069
2021-04-23 08:00:00,1434A,SHP,94.0,230.5053857358878,-136.5053857358878
2021-04-23 09:00:00,1434A,SHP,101.0,231.6763943817476,-130.6763943817476
2021-04-23 10:00:00,1434A,SHP,95.0,233.8581905792414,-138.8581905792414
2021-04-23 11:00:00,1434A,SHP,74.0,234.7993123013229,-160.7993123013229
2021-04-23 12:00:00,1434A,SHP,63.0,234.0611511441643,-171.0611511441643
2021-04-23 13:00:00,1434A,SHP,58.0,232.73263121589895,-174.73263121589895
2021-04-23 14:00:00,1434A,SHP,46.0,230.68282428510042,-184.68282428510042
2021-04-23 15:00:00,1434A,SHP,43.0,228.36256730956535,-185.36256730956535
2021-04-23 16:00:00,1434A,SHP,46.0,226.89907475424778,-180.89907475424778
2021-04-23 17:00:00,1434A,SHP,63.0,225.1427327375874,-162.1427327375874
2021-04-23 18:00:00,1434A,SHP,28.0,224.70649016138785,-196.70649016138785
2021-04-23 19:00:00,1434A,SHP,22.0,224.640833382992,-202.640833382992
2021-04-23 20:00:00,1434A,SHP,11.0,226.40622083200628,-215.40622083200628
2021-04-23 21:00:00,1434A,SHP,7.0,228.88973515173316,-221.88973515173316
2021-04-23 22:00:00,1434A,SHP,7.0,231.06122976627847,-224.06122976627847
2021-04-23 23:00:00,1434A,SHP,5.0,230.9145877054216,-225.9145877054216
2021-04-24 00:00:00,1434A,SHP,4.0,231.0175143429192,-227.0175143429192
2021-04-24 01:00:00,1434A,SHP,4.0,231.59451990496106,-227.59451990496106
2021-04-24 02:00:00,1434A,SHP,4.0,232.13269340079802,-228.13269340079802
2021-04-24 03:00:00,1434A,SHP,5.0,232.59904512194322,-227.59904512194322
2021-04-24 04:00:00,1434A,SHP,6.0,232.45158022638904,-226.45158022638904
2021-04-24 05:00:00,1434A,SHP,5.0,232.17334964097049,-227.17334964097049
2021-04-24 06:00:00,1434A,SHP,6.0,231.81790596296997,-225.81790596296997
2021-04-24 07:00:00,1434A,SHP,5.0,231.331789454138,-226.331789454138
2021-04-24 08:00:00,1434A,SHP,3.0,231.5797617972189,-228.5797617972189
2021-04-24 09:00:00,1434A,SHP,3.0,232.7507704430787,-229.7507704430787
2021-04-24 10:00:00,1434A,SHP,2.0,234.9325666405725,-232.9325666405725
2021-04-24 11:00:00,1434A,SHP,4.0,235.873688362654,-231.873688362654
2021-04-24 12:00:00,1434A,SHP,4.0,235.1355272054954,-231.1355272054954
2021-04-24 13:00:00,1434A,SHP,6.0,233.80700727723004,-227.80700727723004
2021-04-24 14:00:00,1434A,SHP,10.0,231.75720034643152,-221.75720034643152
2021-04-24 15:00:00,1434A,SHP,13.0,229.43694337089644,-216.43694337089644
2021-04-24 16:00:00,1434A,SHP,16.0,227.97345081557887,-211.97345081557887
2021-04-24 17:00:00,1434A,SHP,10.0,226.2171087989185,-216.2171087989185
2021-04-24 18:00:00,1434A,SHP,10.0,225.78086622271894,-215.78086622271894
2021-04-24 19:00:00,1434A,SHP,13.0,225.7152094443231,-212.7152094443231
2021-04-24 20:00:00,1434A,SHP,17.0,227.48059689333738,-210.48059689333738
2021-04-24 21:00:00,1434A,SHP,14.0,229.96411121306426,-215.96411121306426
2021-04-24 22:00:00,1434A,SHP,6.0,232.13560582760957,-226.13560582760957
2021-04-24 23:00:00,1434A,SHP,5.0,231.9889637667527,-226.9889637667527
2021-04-25 00:00:00,1434A,SHP,5.0,232.0918904042503,-227.0918904042503
2021-04-25 01:00:00,1434A,SHP,5.0,232.66889596629215,-227.66889596629215
2021-04-25 02:00:00,1434A,SHP,6.0,233.2070694621291,-227.2070694621291
2021-04-25 03:00:00,1434A,SHP,8.0,233.67342118327431,-225.67342118327431
2021-04-25 04:00:00,1434A,SHP,8.0,233.52595628772013,-225.52595628772013
2021-04-25 05:00:00,1434A,SHP,6.0,233.24772570230158,-227.24772570230158
2021-04-25 06:00:00,1434A,SHP,7.0,232.89228202430107,-225.89228202430107
2021-04-25 07:00:00,1434A,SHP,5.0,232.4061655154691,-227.4061655154691
2021-04-25 08:00:00,1434A,SHP,6.0,232.65413785855,-226.65413785855
2021-04-25 09:00:00,1434A,SHP,8.0,233.8251465044098,-225.8251465044098
2021-04-25 10:00:00,1434A,SHP,6.0,236.0069427019036,-230.0069427019036
2021-04-25 11:00:00,1434A,SHP,4.0,236.9480644239851,-232.9480644239851
2021-04-25 12:00:00,1434A,SHP,6.0,236.2099032668265,-230.2099032668265
2021-04-25 13:00:00,1434A,SHP,5.0,234.88138333856114,-229.88138333856114
2021-04-25 14:00:00,1434A,SHP,5.0,232.8315764077626,-227.8315764077626
2021-04-25 15:00:00,1434A,SHP,5.0,230.51131943222754,-225.51131943222754
2021-04-25 16:00:00,1434A,SHP,4.0,229.04782687690997,-225.04782687690997
2021-04-25 17:00:00,1434A,SHP,4.0,227.2914848602496,-223.2914848602496
2021-04-25 18:00:00,1434A,SHP,5.0,226.85524228405004,-221.85524228405004
2021-04-25 19:00:00,1434A,SHP,5.0,226.7895855056542,-221.7895855056542
2021-04-25 20:00:00,1434A,SHP,5.0,228.55497295466847,-223.55497295466847
2021-04-25 21:00:00,1434A,SHP,7.0,231.03848727439535,-224.03848727439535
2021-04-25 22:00:00,1434A,SHP,7.0,233.20998188894066,-226.20998188894066
2021-04-25 23:00:00,1434A,SHP,6.0,233.0633398280838,-227.0633398280838
2021-04-26 00:00:00,1434A,SHP,5.0,233.1662664655814,-228.1662664655814
2021-04-26 01:00:00,1434A,SHP,8.0,233.74327202762325,-225.74327202762325
2021-04-26 02:00:00,1434A,SHP,9.0,234.2814455234602,-225.2814455234602
2021-04-26 03:00:00,1434A,SHP,9.0,234.7477972446054,-225.7477972446054
2021-04-26 04:00:00,1434A,SHP,8.0,234.60033234905123,-226.60033234905123
2021-04-26 05:00:00,1434A,SHP,10.0,234.32210176363267,-224.32210176363267
2021-04-26 06:00:00,1434A,SHP,10.0,233.96665808563216,-223.96665808563216
2021-04-26 07:00:00,1434A,SHP,10.0,233.4805415768002,-223.4805415768002
2021-04-26 08:00:00,1434A,SHP,10.0,233.7285139198811,-223.7285139198811
2021-04-26 09:00:00,1434A,SHP,15.0,234.89952256574088,-219.89952256574088
2021-04-26 10:00:00,1434A,SHP,16.0,237.0813187632347,-221.0813187632347
2021-04-26 11:00:00,1434A,SHP,7.0,238.0224404853162,-231.0224404853162
2021-04-26 12:00:00,1434A,SHP,6.0,237.2842793281576,-231.2842793281576
2021-04-26 13:00:00,1434A,SHP,7.0,235.95575939989223,-228.95575939989223
2021-04-26 14:00:00,1434A,SHP,10.0,233.9059524690937,-223.9059524690937
2021-04-26 15:00:00,1434A,SHP,9.0,231.58569549355863,-222.58569549355863
2021-04-26 16:00:00,1434A,SHP,8.0,230.12220293824106,-222.12220293824106
2021-04-26 17:00:00,1434A,SHP,9.0,228.3658609215807,-219.3658609215807
2021-04-26 18:00:00,1434A,SHP,15.0,227.92961834538113,-212.92961834538113
2021-04-26 19:00:00,1434A,SHP,18.0,227.8639615669853,-209.8639615669853
2021-04-26 20:00:00,1434A,SHP,18.0,229.62934901599957,-211.62934901599957
2021-04-26 21:00:00,1434A,SHP,19.0,232.11286333572644,-213.11286333572644
2021-04-26 22:00:00,1434A,SHP,27.0,234.28435795027175,-207.28435795027175
2021-04-26 23:00:00,1434A,SHP,19.0,234.1377158894149,-215.1377158894149
2021-04-27 00:00:00,1434A,SHP,14.0,234.2406425269125,-220.2406425269125
2021-04-27 01:00:00,1434A,SHP,20.0,234.81764808895434,-214.81764808895434
2021-04-27 02:00:00,1434A,SHP,24.0,235.3558215847913,-211.3558215847913
2021-04-27 03:00:00,1434A,SHP,42.0,235.8221733059365,-193.8221733059365
2021-04-27 04:00:00,1434A,SHP,42.0,235.67470841038232,-193.67470841038232
2021-04-27 05:00:00,1434A,SHP,30.0,235.39647782496377,-205.39647782496377
2021-04-27 06:00:00,1434A,SHP,31.0,235.04103414696326,-204.04103414696326
2021-04-27 07:00:00,1434A,SHP,36.0,234.5549176381313,-198.5549176381313
2021-04-27 08:00:00,1434A,SHP,35.0,234.8028899812122,-199.8028899812122
2021-04-27 09:00:00,1434A,SHP,36.0,235.97389862707197,-199.97389862707197
2021-04-27 10:00:00,1434A,SHP,32.0,238.15569482456578,-206.15569482456578
2021-04-27 11:00:00,1434A,SHP,37.0,239.0968165466473,-202.0968165466473
2021-04-27 12:00:00,1434A,SHP,37.0,238.3586553894887,-201.3586553894887
2021-04-27 13:00:00,1434A,SHP,27.0,237.03013546122332,-210.03013546122332
2021-04-27 14:00:00,1434A,SHP,17.0,234.9803285304248,-217.9803285304248
2021-04-27 15:00:00,1434A,SHP,18.0,232.66007155488973,-214.66007155488973
2021-04-27 16:00:00,1434A,SHP,14.0,231.19657899957215,-217.19657899957215
2021-04-27 17:00:00,1434A,SHP,14.0,229.44023698291178,-215.44023698291178
2021-04-27 18:00:00,1434A,SHP,20.0,229.00399440671222,-209.00399440671222
2021-04-27 19:00:00,1434A,SHP,29.0,228.9383376283164,-199.9383376283164
2021-04-27 20:00:00,1434A,SHP,24.0,230.70372507733066,-206.70372507733066
2021-04-27 21:00:00,1434A,SHP,23.0,233.18723939705754,-210.18723939705754
2021-04-27 22:00:00,1434A,SHP,23.0,235.35873401160285,-212.35873401160285
2021-04-27 23:00:00,1434A,SHP,24.0,235.212091950746,-211.212091950746
2021-04-28 00:00:00,1434A,SHP,23.0,235.3150185882436,-212.3150185882436
2021-04-28 01:00:00,1434A,SHP,18.0,235.89202415028544,-217.89202415028544
2021-04-28 02:00:00,1434A,SHP,18.0,236.4301976461224,-218.4301976461224
2021-04-28 03:00:00,1434A,SHP,14.0,236.8965493672676,-222.8965493672676
2021-04-28 04:00:00,1434A,SHP,18.0,236.74908447171342,-218.74908447171342
2021-04-28 05:00:00,1434A,SHP,27.0,236.47085388629486,-209.47085388629486
2021-04-28 06:00:00,1434A,SHP,26.0,236.11541020829435,-210.11541020829435
2021-04-28 07:00:00,1434A,SHP,23.0,235.62929369946238,-212.62929369946238
2021-04-28 08:00:00,1434A,SHP,24.0,235.87726604254328,-211.87726604254328
2021-04-28 09:00:00,1434A,SHP,28.0,237.04827468840307,-209.04827468840307
2021-04-28 10:00:00,1434A,SHP,32.0,239.23007088589688,-207.23007088589688
2021-04-28 11:00:00,1434A,SHP,30.0,240.17119260797838,-210.17119260797838
2021-04-28 12:00:00,1434A,SHP,28.0,239.43303145081978,-211.43303145081978
2021-04-28 13:00:00,1434A,SHP,23.0,238.10451152255442,-215.10451152255442
2021-04-28 14:00:00,1434A,SHP,24.0,236.0547045917559,-212.0547045917559
2021-04-28 15:00:00,1434A,SHP,26.0,233.73444761622082,-207.73444761622082
2021-04-28 16:00:00,1434A,SHP,26.0,232.27095506090325,-206.27095506090325
2021-04-28 17:00:00,1434A,SHP,24.0,230.51461304424288,-206.51461304424288
2021-04-28 18:00:00,1434A,SHP,23.0,230.07837046804332,-207.07837046804332
2021-04-28 19:00:00,1434A,SHP,29.0,230.01271368964748,-201.01271368964748
2021-04-28 20:00:00,1434A,SHP,31.0,231.77810113866175,-200.77810113866175
2021-04-28 21:00:00,1434A,SHP,28.0,234.26161545838863,-206.26161545838863
2021-04-28 22:00:00,1434A,SHP,30.0,236.43311007293394,-206.43311007293394
2021-04-28 23:00:00,1434A,SHP,33.0,236.28646801207708,-203.28646801207708
2021-04-29 00:00:00,1434A,SHP,32.0,236.38939464957468,-204.38939464957468
2021-04-29 01:00:00,1434A,SHP,32.0,236.96640021161653,-204.96640021161653
2021-04-29 02:00:00,1434A,SHP,33.0,237.5045737074535,-204.5045737074535
2021-04-29 03:00:00,1434A,SHP,30.0,237.9709254285987,-207.9709254285987
2021-04-29 04:00:00,1434A,SHP,31.0,237.8234605330445,-206.8234605330445
2021-04-29 05:00:00,1434A,SHP,37.0,237.54522994762596,-200.54522994762596
2021-04-29 06:00:00,1434A,SHP,34.0,237.18978626962544,-203.18978626962544
2021-04-29 07:00:00,1434A,SHP,33.0,236.70366976079347,-203.70366976079347
2021-04-29 08:00:00,1434A,SHP,35.0,236.95164210387438,-201.95164210387438
2021-04-29 09:00:00,1434A,SHP,37.0,238.12265074973416,-201.12265074973416
2021-04-29 10:00:00,1434A,SHP,33.0,240.30444694722797,-207.30444694722797
2021-04-29 11:00:00,1434A,SHP,23.0,241.24556866930948,-218.24556866930948
2021-04-29 12:00:00,1434A,SHP,15.0,240.50740751215088,-225.50740751215088
2021-04-29 13:00:00,1434A,SHP,14.0,239.1788875838855,-225.1788875838855
2021-04-29 14:00:00,1434A,SHP,13.0,237.129080653087,-224.129080653087
2021-04-29 15:00:00,1434A,SHP,12.0,234.8088236775519,-222.8088236775519
2021-04-29 16:00:00,1434A,SHP,,233.34533112223434,
2021-04-29 17:00:00,1434A,SHP,12.0,231.58898910557397,-219.58898910557397
2021-04-29 18:00:00,1434A,SHP,11.0,231.1527465293744,-220.1527465293744
2021-04-29 19:00:00,1434A,SHP,12.0,231.08708975097858,-219.08708975097858
2021-04-29 20:00:00,1434A,SHP,15.0,232.85247719999285,-217.85247719999285
2021-04-29 21:00:00,1434A,SHP,24.0,235.33599151971973,-211.33599151971973
2021-04-29 22:00:00,1434A,SHP,28.0,237.50748613426504,-209.50748613426504
2021-04-29 23:00:00,1434A,SHP,27.0,237.36084407340817,-210.36084407340817
2021-04-30 00:00:00,1434A,SHP,29.0,237.46377071090578,-208.46377071090578
2021-04-30 01:00:00,1434A,SHP,36.0,238.04077627294762,-202.04077627294762
2021-04-30 02:00:00,1434A,SHP,40.0,238.57894976878458,-198.57894976878458
2021-04-30 03:00:00,1434A,SHP,43.0,239.04530148992978,-196.04530148992978
2021-04-30 04:00:00,1434A,SHP,45.0,238.8978365943756,-193.8978365943756
2021-04-30 05:00:00,1434A,SHP,75.0,238.61960600895705,-163.61960600895705
2021-04-30 06:00:00,1434A,SHP,84.0,238.26416233095654,-154.26416233095654
2021-04-30 07:00:00,1434A,SHP,79.0,237.77804582212457,-158.77804582212457
2021-04-30 08:00:00,1434A,SHP,73.0,238.02601816520547,-165.02601816520547
2021-04-30 09:00:00,1434A,SHP,61.0,239.19702681106526,-178.19702681106526
2021-04-30 10:00:00,1434A,SHP,55.0,241.37882300855907,-186.37882300855907
2021-04-30 11:00:00,1434A,SHP,54.0,242.31994473064057,-188.31994473064057
2021-04-30 12:00:00,1434A,SHP,55.0,241.58178357348197,-186.58178357348197
2021-04-30 13:00:00,1434A,SHP,61.0,240.2532636452166,-179.2532636452166
2021-04-30 14:00:00,1434A,SHP,50.0,238.20345671441808,-188.20345671441808
2021-04-30 15:00:00,1434A,SHP,33.0,235.883199738883,-202.883199738883
2021-04-30 16:00:00,1434A,SHP,28.0,234.41970718356544,-206.41970718356544
2021-04-30 17:00:00,1434A,SHP,31.0,232.66336516690507,-201.66336516690507
2021-04-30 18:00:00,1434A,SHP,31.0,232.2271225907055,-201.2271225907055
2021-04-30 19:00:00,1434A,SHP,32.0,232.16146581230967,-200.16146581230967
2021-04-30 20:00:00,1434A,SHP,33.0,233.92685326132394,-200.92685326132394
2021-04-30 21:00:00,1434A,SHP,40.0,236.41036758105082,-196.41036758105082
2021-04-30 22:00:00,1434A,SHP,49.0,238.58186219559613,-189.58186219559613
2021-04-30 23:00:00,1434A,SHP,54.0,238.43522013473927,-184.43522013473927
2021-05-01 00:00:00,1434A,SHP,58.0,238.53814677223687,-180.53814677223687
2021-05-01 01:00:00,1434A,SHP,63.0,239.11515233427872,-176.11515233427872
2021-05-01 02:00:00,1434A,SHP,67.0,239.65332583011568,-172.65332583011568
2021-05-01 03:00:00,1434A,SHP,67.0,240.11967755126088,-173.11967755126088
2021-05-01 04:00:00,1434A,SHP,74.0,239.9722126557067,-165.9722126557067
2021-05-01 05:00:00,1434A,SHP,79.0,239.69398207028814,-160.69398207028814
2021-05-01 06:00:00,1434A,SHP,78.0,239.33853839228763,-161.33853839228763
2021-05-01 07:00:00,1434A,SHP,80.0,238.85242188345566,-158.85242188345566
2021-05-01 08:00:00,1434A,SHP,76.0,239.10039422653657,-163.10039422653657
2021-05-01 09:00:00,1434A,SHP,87.0,240.27140287239635,-153.27140287239635
2021-05-01 10:00:00,1434A,SHP,88.0,242.45319906989016,-154.45319906989016
2021-05-01 11:00:00,1434A,SHP,65.0,243.39432079197167,-178.39432079197167
2021-05-01 12:00:00,1434A,SHP,58.0,242.65615963481306,-184.65615963481306
2021-05-01 13:00:00,1434A,SHP,46.0,241.3276397065477,-195.3276397065477
2021-05-01 14:00:00,1434A,SHP,44.0,239.27783277574918,-195.27783277574918
2021-05-01 15:00:00,1434A,SHP,38.0,236.9575758002141,-198.9575758002141
2021-05-01 16:00:00,1434A,SHP,39.0,235.49408324489653,-196.49408324489653
2021-05-01 17:00:00,1434A,SHP,38.0,233.73774122823616,-195.73774122823616
2021-05-01 18:00:00,1434A,SHP,37.0,233.3014986520366,-196.3014986520366
2021-05-01 19:00:00,1434A,SHP,40.0,233.23584187364077,-193.23584187364077
2021-05-01 20:00:00,1434A,SHP,45.0,235.00122932265504,-190.00122932265504
2021-05-01 21:00:00,1434A,SHP,49.0,237.48474364238191,-188.48474364238191
2021-05-01 22:00:00,1434A,SHP,49.0,239.65623825692722,-190.65623825692722
2021-05-01 23:00:00,1434A,SHP,55.0,239.50959619607036,-184.50959619607036
2021-05-02 00:00:00,1434A,SHP,57.0,239.61252283356797,-182.61252283356797
2021-05-02 01:00:00,1434A,SHP,60.0,240.1895283956098,-180.1895283956098
2021-05-02 02:00:00,1434A,SHP,64.0,240.72770189144677,-176.72770189144677
2021-05-02 03:00:00,1434A,SHP,64.0,241.19405361259197,-177.19405361259197
2021-05-02 04:00:00,1434A,SHP,71.0,241.0465887170378,-170.0465887170378
2021-05-02 05:00:00,1434A,SHP,80.0,240.76835813161924,-160.76835813161924
2021-05-02 06:00:00,1434A,SHP,97.0,240.41291445361873,-143.41291445361873
2021-05-02 07:00:00,1434A,SHP,99.0,239.92679794478676,-140.92679794478676
2021-05-02 08:00:00,1434A,SHP,79.0,240.17477028786766,-161.17477028786766
2021-05-02 09:00:00,1434A,SHP,77.0,241.34577893372744,-164.34577893372744
2021-05-02 10:00:00,1434A,SHP,62.0,243.52757513122125,-181.52757513122125
2021-05-02 11:00:00,1434A,SHP,50.0,244.46869685330276,-194.46869685330276
2021-05-02 12:00:00,1434A,SHP,46.0,243.73053569614416,-197.73053569614416
2021-05-02 13:00:00,1434A,SHP,42.0,242.4020157678788,-200.4020157678788
2021-05-02 14:00:00,1434A,SHP,45.0,240.35220883708027,-195.35220883708027
2021-05-02 15:00:00,1434A,SHP,47.0,238.0319518615452,-191.0319518615452
2021-05-02 16:00:00,1434A,SHP,47.0,236.56845930622762,-189.56845930622762
2021-05-02 17:00:00,1434A,SHP,45.0,234.81211728956725,-189.81211728956725
2021-05-02 18:00:00,1434A,SHP,60.0,234.3758747133677,-174.3758747133677
2021-05-02 19:00:00,1434A,SHP,62.0,234.31021793497186,-172.31021793497186
2021-05-02 20:00:00,1434A,SHP,53.0,236.07560538398613,-183.07560538398613
2021-05-02 21:00:00,1434A,SHP,41.0,238.559119703713,-197.559119703713
2021-05-02 22:00:00,1434A,SHP,45.0,240.73061431825832,-195.73061431825832
2021-05-02 23:00:00,1434A,SHP,46.0,240.58397225740146,-194.58397225740146
2021-05-03 00:00:00,1434A,SHP,53.0,240.68689889489906,-187.68689889489906
2021-05-03 01:00:00,1434A,SHP,54.0,241.2639044569409,-187.2639044569409
2021-05-03 02:00:00,1434A,SHP,70.0,241.80207795277786,-171.80207795277786
2021-05-03 03:00:00,1434A,SHP,52.0,242.26842967392307,-190.26842967392307
2021-05-03 04:00:00,1434A,SHP,30.0,242.1209647783689,-212.1209647783689
2021-05-03 05:00:00,1434A,SHP,30.0,241.84273419295033,-211.84273419295033
2021-05-03 06:00:00,1434A,SHP,28.0,241.48729051494982,-213.48729051494982
2021-05-03 07:00:00,1434A,SHP,25.0,241.00117400611785,-216.00117400611785
2021-05-03 08:00:00,1434A,SHP,26.0,241.24914634919875,-215.24914634919875
2021-05-03 09:00:00,1434A,SHP,27.0,242.42015499505854,-215.42015499505854
2021-05-03 10:00:00,1434A,SHP,26.0,244.60195119255235,-218.60195119255235
2021-05-03 11:00:00,1434A,SHP,23.0,245.54307291463385,-222.54307291463385
2021-05-03 12:00:00,1434A,SHP,21.0,244.80491175747525,-223.80491175747525
2021-05-03 13:00:00,1434A,SHP,29.0,243.4763918292099,-214.4763918292099
2021-05-03 14:00:00,1434A,SHP,32.0,241.42658489841136,-209.42658489841136
2021-05-03 15:00:00,1434A,SHP,29.0,239.1063279228763,-210.1063279228763
2021-05-03 16:00:00,1434A,SHP,27.0,237.64283536755872,-210.64283536755872
2021-05-03 17:00:00,1434A,SHP,25.0,235.88649335089835,-210.88649335089835
2021-05-03 18:00:00,1434A,SHP,21.0,235.4502507746988,-214.4502507746988
2021-05-03 19:00:00,1434A,SHP,23.0,235.38459399630295,-212.38459399630295
2021-05-03 20:00:00,1434A,SHP,23.0,237.14998144531722,-214.14998144531722
2021-05-03 21:00:00,1434A,SHP,27.0,239.6334957650441,-212.6334957650441
2021-05-03 22:00:00,1434A,SHP,28.0,241.8049903795894,-213.8049903795894
2021-05-03 23:00:00,1434A,SHP,27.0,241.65834831873255,-214.65834831873255
2021-05-04 00:00:00,1434A,SHP,26.0,241.76127495623015,-215.76127495623015
2021-05-04 01:00:00,1434A,SHP,26.0,242.338280518272,-216.338280518272
2021-05-04 02:00:00,1434A,SHP,28.0,242.87645401410896,-214.87645401410896
2021-05-04 03:00:00,1434A,SHP,30.0,243.34280573525416,-213.34280573525416
2021-05-04 04:00:00,1434A,SHP,24.0,243.19534083969998,-219.19534083969998
2021-05-04 05:00:00,1434A,SHP,20.0,242.91711025428143,-222.91711025428143
2021-05-04 06:00:00,1434A,SHP,27.0,242.5616665762809,-215.5616665762809
2021-05-04 07:00:00,1434A,SHP,27.0,242.07555006744894,-215.07555006744894
2021-05-04 08:00:00,1434A,SHP,25.0,242.32352241052985,-217.32352241052985
2021-05-04 09:00:00,1434A,SHP,25.0,243.49453105638963,-218.49453105638963
2021-05-04 10:00:00,1434A,SHP,32.0,245.67632725388344,-213.67632725388344
2021-05-04 11:00:00,1434A,SHP,32.0,246.61744897596495,-214.61744897596495
2021-05-04 12:00:00,1434A,SHP,34.0,245.87928781880635,-211.87928781880635
2021-05-04 13:00:00,1434A,SHP,42.0,244.55076789054098,-202.55076789054098
2021-05-04 14:00:00,1434A,SHP,39.0,242.50096095974246,-203.50096095974246
2021-05-04 15:00:00,1434A,SHP,31.0,240.18070398420738,-209.18070398420738
2021-05-04 16:00:00,1434A,SHP,43.0,238.7172114288898,-195.7172114288898
2021-05-04 17:00:00,1434A,SHP,32.0,236.96086941222944,-204.96086941222944
2021-05-04 18:00:00,1434A,SHP,29.0,236.52462683602988,-207.52462683602988
2021-05-04 19:00:00,1434A,SHP,30.0,236.45897005763405,-206.45897005763405
2021-05-04 20:00:00,1434A,SHP,35.0,238.22435750664832,-203.22435750664832
2021-05-04 21:00:00,1434A,SHP,34.0,240.7078718263752,-206.7078718263752
2021-05-04 22:00:00,1434A,SHP,39.0,242.8793664409205,-203.8793664409205
2021-05-04 23:00:00,1434A,SHP,36.0,242.73272438006364,-206.73272438006364
2021-05-05 00:00:00,1434A,SHP,38.0,242.83565101756125,-204.83565101756125
2021-05-05 01:00:00,1434A,SHP,38.0,243.4126565796031,-205.4126565796031
2021-05-05 02:00:00,1434A,SHP,31.0,243.95083007544005,-212.95083007544005
2021-05-05 03:00:00,1434A,SHP,29.0,244.41718179658525,-215.41718179658525
2021-05-05 04:00:00,1434A,SHP,29.0,244.26971690103107,-215.26971690103107
2021-05-05 05:00:00,1434A,SHP,30.0,243.99148631561252,-213.99148631561252
2021-05-05 06:00:00,1434A,SHP,30.0,243.636042637612,-213.636042637612
2021-05-05 07:00:00,1434A,SHP,36.0,243.14992612878004,-207.14992612878004
2021-05-05 08:00:00,1434A,SHP,34.0,243.39789847186094,-209.39789847186094
2021-05-05 09:00:00,1434A,SHP,38.0,244.56890711772073,-206.56890711772073
2021-05-05 10:00:00,1434A,SHP,37.0,246.75070331521454,-209.75070331521454
2021-05-05 11:00:00,1434A,SHP,38.0,247.69182503729604,-209.69182503729604
2021-05-05 12:00:00,1434A,SHP,52.0,246.95366388013744,-194.95366388013744
2021-05-05 13:00:00,1434A,SHP,62.0,245.62514395187208,-183.62514395187208
2021-05-05 14:00:00,1434A,SHP,51.0,243.57533702107355,-192.57533702107355
2021-05-05 15:00:00,1434A,SHP,41.0,241.25508004553848,-200.25508004553848
2021-05-05 16:00:00,1434A,SHP,36.0,239.7915874902209,-203.7915874902209
2021-05-05 17:00:00,1434A,SHP,37.0,238.03524547356054,-201.03524547356054
2021-05-05 18:00:00,1434A,SHP,39.0,237.59900289736098,-198.59900289736098
2021-05-05 19:00:00,1434A,SHP,39.0,237.53334611896514,-198.53334611896514
2021-05-05 20:00:00,1434A,SHP,38.0,239.2987335679794,-201.2987335679794
2021-05-05 21:00:00,1434A,SHP,39.0,241.7822478877063,-202.7822478877063
2021-05-05 22:00:00,1434A,SHP,39.0,243.9537425022516,-204.9537425022516
2021-05-05 23:00:00,1434A,SHP,41.0,243.80710044139474,-202.80710044139474
2021-05-06 00:00:00,1434A,SHP,42.0,243.91002707889234,-201.91002707889234
2021-05-06 01:00:00,1434A,SHP,44.0,244.4870326409342,-200.4870326409342
2021-05-06 02:00:00,1434A,SHP,40.0,245.02520613677115,-205.02520613677115
2021-05-06 03:00:00,1434A,SHP,40.0,245.49155785791635,-205.49155785791635
2021-05-06 04:00:00,1434A,SHP,41.0,245.34409296236217,-204.34409296236217
2021-05-06 05:00:00,1434A,SHP,52.0,245.0658623769436,-193.0658623769436
2021-05-06 06:00:00,1434A,SHP,51.0,244.7104186989431,-193.7104186989431
2021-05-06 07:00:00,1434A,SHP,52.0,244.22430219011113,-192.22430219011113
2021-05-06 08:00:00,1434A,SHP,44.0,244.47227453319204,-200.47227453319204
2021-05-06 09:00:00,1434A,SHP,48.0,245.64328317905182,-197.64328317905182
2021-05-06 10:00:00,1434A,SHP,40.0,247.82507937654563,-207.82507937654563
2021-05-06 11:00:00,1434A,SHP,41.0,248.76620109862714,-207.76620109862714
2021-05-06 12:00:00,1434A,SHP,40.0,248.02803994146853,-208.02803994146853
2021-05-06 13:00:00,1434A,SHP,41.0,246.69952001320317,-205.69952001320317
2021-05-06 14:00:00,1434A,SHP,42.0,244.64971308240465,-202.64971308240465
2021-05-06 15:00:00,1434A,SHP,44.0,242.32945610686957,-198.32945610686957
2021-05-06 16:00:00,1434A,SHP,44.0,240.865963551552,-196.865963551552
2021-05-06 17:00:00,1434A,SHP,45.0,239.10962153489163,-194.10962153489163
2021-05-06 18:00:00,1434A,SHP,42.0,238.67337895869207,-196.67337895869207
2021-05-06 19:00:00,1434A,SHP,44.0,238.60772218029624,-194.60772218029624
2021-05-06 20:00:00,1434A,SHP,40.0,240.3731096293105,-200.3731096293105
2021-05-06 21:00:00,1434A,SHP,39.0,242.85662394903738,-203.85662394903738
2021-05-06 22:00:00,1434A,SHP,42.0,245.0281185635827,-203.0281185635827
2021-05-06 23:00:00,1434A,SHP,41.0,244.88147650272583,-203.88147650272583
2021-05-07 00:00:00,1434A,SHP,38.0,244.98440314022344,-206.98440314022344
2021-05-07 01:00:00,1434A,SHP,35.0,245.56140870226528,-210.56140870226528
2021-05-07 02:00:00,1434A,SHP,33.0,246.09958219810224,-213.09958219810224
2021-05-07 03:00:00,1434A,SHP,36.0,246.56593391924744,-210.56593391924744
2021-05-07 04:00:00,1434A,SHP,37.0,246.41846902369326,-209.41846902369326
2021-05-07 05:00:00,1434A,SHP,45.0,246.1402384382747,-201.1402384382747
2021-05-07 06:00:00,1434A,SHP,50.0,245.7847947602742,-195.7847947602742
2021-05-07 07:00:00,1434A,SHP,53.0,245.29867825144223,-192.29867825144223
2021-05-07 08:00:00,1434A,SHP,51.0,245.54665059452313,-194.54665059452313
2021-05-07 09:00:00,1434A,SHP,54.0,246.71765924038291,-192.71765924038291
2021-05-07 10:00:00,1434A,SHP,61.0,248.89945543787672,-187.89945543787672
2021-05-07 11:00:00,1434A,SHP,60.0,249.84057715995823,-189.84057715995823
2021-05-07 12:00:00,1434A,SHP,52.0,249.10241600279963,-197.10241600279963
2021-05-07 13:00:00,1434A,SHP,48.0,247.77389607453426,-199.77389607453426
2021-05-07 14:00:00,1434A,SHP,53.0,245.72408914373574,-192.72408914373574
2021-05-07 15:00:00,1434A,SHP,48.0,243.40383216820067,-195.40383216820067
2021-05-07 16:00:00,1434A,SHP,40.0,241.9403396128831,-201.9403396128831
2021-05-07 17:00:00,1434A,SHP,37.0,240.18399759622272,-203.18399759622272
2021-05-07 18:00:00,1434A,SHP,38.0,239.74775502002316,-201.74775502002316
2021-05-07 19:00:00,1434A,SHP,45.0,239.68209824162733,-194.68209824162733
2021-05-07 20:00:00,1434A,SHP,46.0,241.4474856906416,-195.4474856906416
2021-05-07 21:00:00,1434A,SHP,44.0,243.93100001036848,-199.93100001036848
2021-05-07 22:00:00,1434A,SHP,46.0,246.1024946249138,-200.1024946249138
2021-05-07 23:00:00,1434A,SHP,49.0,245.95585256405693,-196.95585256405693
2021-05-08 00:00:00,1434A,SHP,51.0,246.05877920155453,-195.05877920155453
2021-05-08 01:00:00,1434A,SHP,53.0,246.63578476359638,-193.63578476359638
2021-05-08 02:00:00,1434A,SHP,54.0,247.17395825943333,-193.17395825943333
2021-05-08 03:00:00,1434A,SHP,52.0,247.64030998057854,-195.64030998057854
2021-05-08 04:00:00,1434A,SHP,50.0,247.49284508502436,-197.49284508502436
2021-05-08 05:00:00,1434A,SHP,53.0,247.2146144996058,-194.2146144996058
2021-05-08 06:00:00,1434A,SHP,56.0,246.8591708216053,-190.8591708216053
2021-05-08 07:00:00,1434A,SHP,59.0,246.37305431277332,-187.37305431277332
2021-05-08 08:00:00,1434A,SHP,55.0,246.62102665585422,-191.62102665585422
2021-05-08 09:00:00,1434A,SHP,54.0,247.792035301714,-193.792035301714
2021-05-08 10:00:00,1434A,SHP,62.0,249.97383149920782,-187.97383149920782
2021-05-08 11:00:00,1434A,SHP,58.0,250.91495322128932,-192.91495322128932
2021-05-08 12:00:00,1434A,SHP,53.0,250.17679206413072,-197.17679206413072
2021-05-08 13:00:00,1434A,SHP,52.0,248.84827213586536,-196.84827213586536
2021-05-08 14:00:00,1434A,SHP,51.0,246.79846520506683,-195.79846520506683
2021-05-08 15:00:00,1434A,SHP,40.0,244.47820822953176,-204.47820822953176
2021-05-08 16:00:00,1434A,SHP,35.0,243.0147156742142,-208.0147156742142
2021-05-08 17:00:00,1434A,SHP,34.0,241.25837365755382,-207.25837365755382
2021-05-08 18:00:00,1434A,SHP,38.0,240.82213108135426,-202.82213108135426
2021-05-08 19:00:00,1434A,SHP,38.0,240.75647430295842,-202.75647430295842
2021-05-08 20:00:00,1434A,SHP,39.0,242.5218617519727,-203.5218617519727
2021-05-08 21:00:00,1434A,SHP,41.0,245.00537607169957,-204.00537607169957
2021-05-08 22:00:00,1434A,SHP,47.0,247.17687068624488,-200.17687068624488
2021-05-08 23:00:00,1434A,SHP,51.0,247.03022862538802,-196.03022862538802
2021-05-09 00:00:00,1434A,SHP,49.0,247.13315526288562,-198.13315526288562
2021-05-09 01:00:00,1434A,SHP,50.0,247.71016082492747,-197.71016082492747
2021-05-09 02:00:00,1434A,SHP,51.0,248.24833432076443,-197.24833432076443
2021-05-09 03:00:00,1434A,SHP,52.0,248.71468604190963,-196.71468604190963
2021-05-09 04:00:00,1434A,SHP,54.0,248.56722114635545,-194.56722114635545
2021-05-09 05:00:00,1434A,SHP,55.0,248.2889905609369,-193.2889905609369
2021-05-09 06:00:00,1434A,SHP,52.0,247.93354688293638,-195.93354688293638
2021-05-09 07:00:00,1434A,SHP,47.0,247.4474303741044,-200.4474303741044
2021-05-09 08:00:00,1434A,SHP,47.0,247.69540271718532,-200.69540271718532
2021-05-09 09:00:00,1434A,SHP,50.0,248.8664113630451,-198.8664113630451
2021-05-09 10:00:00,1434A,SHP,60.0,251.0482075605389,-191.0482075605389
2021-05-09 11:00:00,1434A,SHP,62.0,251.98932928262042,-189.98932928262042
2021-05-09 12:00:00,1434A,SHP,62.0,251.25116812546182,-189.25116812546182
2021-05-09 13:00:00,1434A,SHP,60.0,249.92264819719645,-189.92264819719645
2021-05-09 14:00:00,1434A,SHP,58.0,247.87284126639793,-189.87284126639793
2021-05-09 15:00:00,1434A,SHP,50.0,245.55258429086285,-195.55258429086285
2021-05-09 16:00:00,1434A,SHP,46.0,244.08909173554528,-198.08909173554528
2021-05-09 17:00:00,1434A,SHP,43.0,242.3327497188849,-199.3327497188849
2021-05-09 18:00:00,1434A,SHP,41.0,241.89650714268535,-200.89650714268535
2021-05-09 19:00:00,1434A,SHP,40.0,241.83085036428952,-201.83085036428952
2021-05-09 20:00:00,1434A,SHP,40.0,243.5962378133038,-203.5962378133038
2021-05-09 21:00:00,1434A,SHP,44.0,246.07975213303067,-202.07975213303067
2021-05-09 22:00:00,1434A,SHP,47.0,248.25124674757598,-201.25124674757598
2021-05-09 23:00:00,1434A,SHP,52.0,248.1046046867191,-196.1046046867191
2021-05-10 00:00:00,1434A,SHP,68.0,248.20753132421672,-180.20753132421672
2021-05-10 01:00:00,1434A,SHP,73.0,248.78453688625856,-175.78453688625856
2021-05-10 02:00:00,1434A,SHP,79.0,249.32271038209552,-170.32271038209552
2021-05-10 03:00:00,1434A,SHP,51.0,249.78906210324072,-198.78906210324072
2021-05-10 04:00:00,1434A,SHP,60.0,249.64159720768654,-189.64159720768654
2021-05-10 05:00:00,1434A,SHP,50.0,249.363366622268,-199.363366622268
2021-05-10 06:00:00,1434A,SHP,99.0,249.00792294426748,-150.00792294426748
2021-05-10 07:00:00,1434A,SHP,107.0,248.5218064354355,-141.5218064354355
2021-05-10 08:00:00,1434A,SHP,90.0,248.7697787785164,-158.7697787785164
2021-05-10 09:00:00,1434A,SHP,80.0,249.9407874243762,-169.9407874243762
2021-05-10 10:00:00,1434A,SHP,91.0,252.12258362187,-161.12258362187
2021-05-10 11:00:00,1434A,SHP,99.0,253.0637053439515,-154.0637053439515
2021-05-10 12:00:00,1434A,SHP,90.0,252.3255441867929,-162.3255441867929
2021-05-10 13:00:00,1434A,SHP,54.0,250.99702425852755,-196.99702425852755
2021-05-10 14:00:00,1434A,SHP,78.0,248.94721732772902,-170.94721732772902
2021-05-10 15:00:00,1434A,SHP,91.0,246.62696035219395,-155.62696035219395
2021-05-10 16:00:00,1434A,SHP,40.0,245.16346779687638,-205.16346779687638
2021-05-10 17:00:00,1434A,SHP,23.0,243.407125780216,-220.407125780216
2021-05-10 18:00:00,1434A,SHP,26.0,242.97088320401645,-216.97088320401645
2021-05-10 19:00:00,1434A,SHP,22.0,242.9052264256206,-220.9052264256206
2021-05-10 20:00:00,1434A,SHP,26.0,244.67061387463488,-218.67061387463488
2021-05-10 21:00:00,1434A,SHP,23.0,247.15412819436176,-224.15412819436176
2021-05-10 22:00:00,1434A,SHP,19.0,249.32562280890707,-230.32562280890707
2021-05-10 23:00:00,1434A,SHP,22.0,249.1789807480502,-227.1789807480502
2021-05-11 00:00:00,1434A,SHP,26.0,249.2819073855478,-223.2819073855478
2021-05-11 01:00:00,1434A,SHP,35.0,249.85891294758966,-214.85891294758966
2021-05-11 02:00:00,1434A,SHP,22.0,250.39708644342662,-228.39708644342662
2021-05-11 03:00:00,1434A,SHP,15.0,250.86343816457182,-235.86343816457182
2021-05-11 04:00:00,1434A,SHP,13.0,250.71597326901764,-237.71597326901764
2021-05-11 05:00:00,1434A,SHP,14.0,250.43774268359908,-236.43774268359908
2021-05-11 06:00:00,1434A,SHP,15.0,250.08229900559857,-235.08229900559857
2021-05-11 07:00:00,1434A,SHP,16.0,249.5961824967666,-233.5961824967666
2021-05-11 08:00:00,1434A,SHP,21.0,249.8441548398475,-228.8441548398475
2021-05-11 09:00:00,1434A,SHP,16.0,251.0151634857073,-235.0151634857073
2021-05-11 10:00:00,1434A,SHP,14.0,253.1969596832011,-239.1969596832011
2021-05-11 11:00:00,1434A,SHP,18.0,254.1380814052826,-236.1380814052826
2021-05-11 12:00:00,1434A,SHP,15.0,253.399920248124,-238.399920248124
2021-05-11 13:00:00,1434A,SHP,16.0,252.07140031985864,-236.07140031985864
2021-05-11 14:00:00,1434A,SHP,19.0,250.02159338906011,-231.02159338906011
2021-05-11 15:00:00,1434A,SHP,19.0,247.70133641352504,-228.70133641352504
2021-05-11 16:00:00,1434A,SHP,18.0,246.23784385820747,-228.23784385820747
2021-05-11 17:00:00,1434A,SHP,15.0,244.4815018415471,-229.4815018415471
2021-05-11 18:00:00,1434A,SHP,15.0,244.04525926534754,-229.04525926534754
2021-05-11 19:00:00,1434A,SHP,17.0,243.9796024869517,-226.9796024869517
2021-05-11 20:00:00,1434A,SHP,17.0,245.74498993596598,-228.74498993596598
2021-05-11 21:00:00,1434A,SHP,18.0,248.22850425569285,-230.22850425569285
2021-05-11 22:00:00,1434A,SHP,18.0,250.39999887023816,-232.39999887023816
2021-05-11 23:00:00,1434A,SHP,21.0,250.2533568093813,-229.2533568093813
2021-05-12 00:00:00,1434A,SHP,23.0,250.3562834468789,-227.3562834468789
2021-05-12 01:00:00,1434A,SHP,25.0,250.93328900892075,-225.93328900892075
2021-05-12 02:00:00,1434A,SHP,24.0,251.4714625047577,-227.4714625047577
2021-05-12 03:00:00,1434A,SHP,27.0,251.9378142259029,-224.9378142259029
2021-05-12 04:00:00,1434A,SHP,31.0,251.79034933034873,-220.79034933034873
2021-05-12 05:00:00,1434A,SHP,31.0,251.51211874493018,-220.51211874493018
2021-05-12 06:00:00,1434A,SHP,37.0,251.15667506692967,-214.15667506692967
2021-05-12 07:00:00,1434A,SHP,39.0,250.6705585580977,-211.6705585580977
2021-05-12 08:00:00,1434A,SHP,36.0,250.9185309011786,-214.9185309011786
2021-05-12 09:00:00,1434A,SHP,40.0,252.08953954703838,-212.08953954703838
2021-05-12 10:00:00,1434A,SHP,36.0,254.2713357445322,-218.2713357445322
2021-05-12 11:00:00,1434A,SHP,40.0,255.2124574666137,-215.2124574666137
2021-05-12 12:00:00,1434A,SHP,48.0,254.4742963094551,-206.4742963094551
2021-05-12 13:00:00,1434A,SHP,59.0,253.14577638118973,-194.14577638118973
2021-05-12 14:00:00,1434A,SHP,59.0,251.0959694503912,-192.0959694503912
2021-05-12 15:00:00,1434A,SHP,43.0,248.77571247485614,-205.77571247485614
2021-05-12 16:00:00,1434A,SHP,46.0,247.31221991953856,-201.31221991953856
2021-05-12 17:00:00,1434A,SHP,39.0,245.5558779028782,-206.5558779028782
2021-05-12 18:00:00,1434A,SHP,34.0,245.11963532667863,-211.11963532667863
2021-05-12 19:00:00,1434A,SHP,34.0,245.0539785482828,-211.0539785482828
2021-05-12 20:00:00,1434A,SHP,34.0,246.81936599729707,-212.81936599729707
2021-05-12 21:00:00,1434A,SHP,37.0,249.30288031702395,-212.30288031702395
2021-05-12 22:00:00,1434A,SHP,36.0,251.47437493156926,-215.47437493156926
2021-05-12 23:00:00,1434A,SHP,37.0,251.3277328707124,-214.3277328707124
2021-05-13 00:00:00,1434A,SHP,45.0,251.43065950821,-206.43065950821
2021-05-13 01:00:00,1434A,SHP,63.0,252.00766507025185,-189.00766507025185
2021-05-13 02:00:00,1434A,SHP,64.0,252.5458385660888,-188.5458385660888
2021-05-13 03:00:00,1434A,SHP,65.0,253.012190287234,-188.012190287234
2021-05-13 04:00:00,1434A,SHP,59.0,252.86472539167983,-193.86472539167983
2021-05-13 05:00:00,1434A,SHP,57.0,252.58649480626127,-195.58649480626127
2021-05-13 06:00:00,1434A,SHP,57.0,252.23105112826076,-195.23105112826076
2021-05-13 07:00:00,1434A,SHP,51.0,251.7449346194288,-200.7449346194288
2021-05-13 08:00:00,1434A,SHP,49.0,251.9929069625097,-202.9929069625097
2021-05-13 09:00:00,1434A,SHP,48.0,253.16391560836948,-205.16391560836948
2021-05-13 10:00:00,1434A,SHP,49.0,255.3457118058633,-206.3457118058633
2021-05-13 11:00:00,1434A,SHP,48.0,256.2868335279448,-208.2868335279448
2021-05-13 12:00:00,1434A,SHP,51.0,255.5486723707862,-204.5486723707862
2021-05-13 13:00:00,1434A,SHP,54.0,254.22015244252083,-200.22015244252083
2021-05-13 14:00:00,1434A,SHP,62.0,252.1703455117223,-190.1703455117223
2021-05-13 15:00:00,1434A,SHP,59.0,249.85008853618723,-190.85008853618723
2021-05-13 16:00:00,1434A,SHP,56.0,248.38659598086966,-192.38659598086966
2021-05-13 17:00:00,1434A,SHP,51.0,246.6302539642093,-195.6302539642093
2021-05-13 18:00:00,1434A,SHP,34.0,246.19401138800973,-212.19401138800973
2021-05-13 19:00:00,1434A,SHP,33.0,246.1283546096139,-213.1283546096139
2021-05-13 20:00:00,1434A,SHP,41.0,247.89374205862816,-206.89374205862816
2021-05-13 21:00:00,1434A,SHP,44.0,250.37725637835504,-206.37725637835504
2021-05-13 22:00:00,1434A,SHP,50.0,252.54875099290035,-202.54875099290035
2021-05-13 23:00:00,1434A,SHP,49.0,252.4021089320435,-203.4021089320435
2021-05-14 00:00:00,1434A,SHP,50.0,252.5050355695411,-202.5050355695411
2021-05-14 01:00:00,1434A,SHP,50.0,253.08204113158294,-203.08204113158294
2021-05-14 02:00:00,1434A,SHP,48.0,253.6202146274199,-205.6202146274199
2021-05-14 03:00:00,1434A,SHP,46.0,254.0865663485651,-208.0865663485651
2021-05-14 04:00:00,1434A,SHP,48.0,253.93910145301092,-205.93910145301092
2021-05-14 05:00:00,1434A,SHP,48.0,253.66087086759237,-205.66087086759237
2021-05-14 06:00:00,1434A,SHP,56.0,253.30542718959185,-197.30542718959185
2021-05-14 07:00:00,1434A,SHP,59.0,252.81931068075988,-193.81931068075988
2021-05-14 08:00:00,1434A,SHP,56.0,253.0672830238408,-197.0672830238408
2021-05-14 09:00:00,1434A,SHP,52.0,254.23829166970057,-202.23829166970057
2021-05-14 10:00:00,1434A,SHP,45.0,256.4200878671944,-211.4200878671944
2021-05-14 11:00:00,1434A,SHP,40.0,257.3612095892759,-217.36120958927592
2021-05-14 12:00:00,1434A,SHP,39.0,256.62304843211734,-217.62304843211734
2021-05-14 13:00:00,1434A,SHP,36.0,255.29452850385198,-219.29452850385198
2021-05-14 14:00:00,1434A,SHP,41.0,253.24472157305345,-212.24472157305345
2021-05-14 15:00:00,1434A,SHP,45.0,250.92446459751838,-205.92446459751838
2021-05-14 16:00:00,1434A,SHP,49.0,249.4609720422008,-200.4609720422008
2021-05-14 17:00:00,1434A,SHP,40.0,247.70463002554044,-207.70463002554044
2021-05-14 18:00:00,1434A,SHP,41.0,247.26838744934088,-206.26838744934088
2021-05-14 19:00:00,1434A,SHP,52.0,247.20273067094504,-195.20273067094504
2021-05-14 20:00:00,1434A,SHP,54.0,248.9681181199593,-194.9681181199593
2021-05-14 21:00:00,1434A,SHP,47.0,251.4516324396862,-204.4516324396862
2021-05-14 22:00:00,1434A,SHP,48.0,253.6231270542315,-205.6231270542315
2021-05-14 23:00:00,1434A,SHP,52.0,253.47648499337464,-201.47648499337464
2021-05-15 00:00:00,1434A,SHP,56.0,253.57941163087224,-197.57941163087224
2021-05-15 01:00:00,1434A,SHP,54.0,254.1564171929141,-200.1564171929141
2021-05-15 02:00:00,1434A,SHP,55.0,254.69459068875105,-199.69459068875105
2021-05-15 03:00:00,1434A,SHP,45.0,255.16094240989625,-210.16094240989625
2021-05-15 04:00:00,1434A,SHP,31.0,255.01347751434207,-224.01347751434207
2021-05-15 05:00:00,1434A,SHP,19.0,254.73524692892352,-235.73524692892352
2021-05-15 06:00:00,1434A,SHP,14.0,254.379803250923,-240.379803250923
2021-05-15 07:00:00,1434A,SHP,15.0,253.89368674209103,-238.89368674209103
2021-05-15 08:00:00,1434A,SHP,17.0,254.14165908517194,-237.14165908517194
2021-05-15 09:00:00,1434A,SHP,18.0,255.31266773103172,-237.31266773103172
2021-05-15 10:00:00,1434A,SHP,14.0,257.49446392852553,-243.49446392852553
2021-05-15 11:00:00,1434A,SHP,8.0,258.43558565060704,-250.43558565060704
2021-05-15 12:00:00,1434A,SHP,5.0,257.69742449344847,-252.69742449344847
2021-05-15 13:00:00,1434A,SHP,6.0,256.36890456518313,-250.36890456518313
2021-05-15 14:00:00,1434A,SHP,8.0,254.3190976343846,-246.3190976343846
2021-05-15 15:00:00,1434A,SHP,6.0,251.99884065884953,-245.99884065884953
2021-05-15 16:00:00,1434A,SHP,6.0,250.53534810353196,-244.53534810353196
2021-05-15 17:00:00,1434A,SHP,6.0,248.7790060868716,-242.7790060868716
2021-05-15 18:00:00,1434A,SHP,7.0,248.34276351067203,-241.34276351067203
2021-05-15 19:00:00,1434A,SHP,20.0,248.2771067322762,-228.2771067322762
2021-05-15 20:00:00,1434A,SHP,21.0,250.04249418129046,-229.04249418129046
2021-05-15 21:00:00,1434A,SHP,24.0,252.52600850101734,-228.52600850101734
2021-05-15 22:00:00,1434A,SHP,17.0,254.69750311556265,-237.69750311556265
2021-05-15 23:00:00,1434A,SHP,6.0,254.5508610547058,-248.5508610547058
2021-05-16 00:00:00,1434A,SHP,6.0,254.6537876922034,-248.6537876922034
2021-05-16 01:00:00,1434A,SHP,6.0,255.23079325424524,-249.23079325424524
2021-05-16 02:00:00,1434A,SHP,7.0,255.7689667500822,-248.7689667500822
2021-05-16 03:00:00,1434A,SHP,8.0,256.2353184712274,-248.2353184712274
2021-05-16 04:00:00,1434A,SHP,12.0,256.0878535756732,-244.0878535756732
2021-05-16 05:00:00,1434A,SHP,19.0,255.80962299025464,-236.80962299025464
2021-05-16 06:00:00,1434A,SHP,16.0,255.45417931225413,-239.45417931225413
2021-05-16 07:00:00,1434A,SHP,12.0,254.96806280342216,-242.96806280342216
2021-05-16 08:00:00,1434A,SHP,11.0,255.21603514650306,-244.21603514650306
2021-05-16 09:00:00,1434A,SHP,10.0,256.3870437923628,-246.38704379236282
2021-05-16 10:00:00,1434A,SHP,15.0,258.56883998985666,-243.56883998985666
2021-05-16 11:00:00,1434A,SHP,18.0,259.50996171193816,-241.50996171193816
2021-05-16 12:00:00,1434A,SHP,16.0,258.7718005547796,-242.7718005547796
2021-05-16 13:00:00,1434A,SHP,20.0,257.44328062651425,-237.44328062651425
2021-05-16 14:00:00,1434A,SHP,15.0,255.39347369571573,-240.39347369571573
2021-05-16 15:00:00,1434A,SHP,12.0,253.07321672018065,-241.07321672018065
2021-05-16 16:00:00,1434A,SHP,12.0,251.60972416486308,-239.60972416486308
2021-05-16 17:00:00,1434A,SHP,11.0,249.8533821482027,-238.8533821482027
2021-05-16 18:00:00,1434A,SHP,12.0,249.41713957200315,-237.41713957200315
2021-05-16 19:00:00,1434A,SHP,12.0,249.35148279360732,-237.35148279360732
2021-05-16 20:00:00,1434A,SHP,10.0,251.1168702426216,-241.1168702426216
2021-05-16 21:00:00,1434A,SHP,11.0,253.60038456234847,-242.60038456234847
2021-05-16 22:00:00,1434A,SHP,13.0,255.77187917689378,-242.77187917689378
2021-05-16 23:00:00,1434A,SHP,18.0,255.6252371160369,-237.6252371160369
2021-05-17 00:00:00,1434A,SHP,28.0,255.72816375353452,-227.72816375353452
2021-05-17 01:00:00,1434A,SHP,27.0,256.30516931557634,-229.30516931557634
2021-05-17 02:00:00,1434A,SHP,16.0,256.8433428114133,-240.84334281141332
2021-05-17 03:00:00,1434A,SHP,10.0,257.3096945325585,-247.30969453255852
2021-05-17 04:00:00,1434A,SHP,10.0,257.1622296370043,-247.16222963700432
2021-05-17 05:00:00,1434A,SHP,11.0,256.88399905158576,-245.88399905158576
2021-05-17 06:00:00,1434A,SHP,13.0,256.5285553735853,-243.52855537358528
2021-05-17 07:00:00,1434A,SHP,13.0,256.0424388647533,-243.0424388647533
2021-05-17 08:00:00,1434A,SHP,16.0,256.2904112078342,-240.2904112078342
2021-05-17 09:00:00,1434A,SHP,16.0,257.461419853694,-241.461419853694
2021-05-17 10:00:00,1434A,SHP,15.0,259.64321605118784,-244.64321605118784
2021-05-17 11:00:00,1434A,SHP,14.0,260.58433777326934,-246.58433777326934
2021-05-17 12:00:00,1434A,SHP,13.0,259.84617661611077,-246.84617661611077
2021-05-17 13:00:00,1434A,SHP,12.0,258.51765668784543,-246.51765668784543
2021-05-17 14:00:00,1434A,SHP,12.0,256.4678497570469,-244.4678497570469
2021-05-17 15:00:00,1434A,SHP,13.0,254.14759278151183,-241.14759278151183
2021-05-17 16:00:00,1434A,SHP,13.0,252.68410022619426,-239.68410022619426
2021-05-17 17:00:00,1434A,SHP,14.0,250.9277582095339,-236.9277582095339
2021-05-17 18:00:00,1434A,SHP,14.0,250.49151563333433,-236.49151563333433
2021-05-17 19:00:00,1434A,SHP,16.0,250.4258588549385,-234.4258588549385
2021-05-17 20:00:00,1434A,SHP,16.0,252.19124630395277,-236.19124630395277
2021-05-17 21:00:00,1434A,SHP,19.0,254.67476062367965,-235.67476062367965
2021-05-17 22:00:00,1434A,SHP,22.0,256.84625523822496,-234.84625523822496
2021-05-17 23:00:00,1434A,SHP,28.0,256.69961317736806,-228.69961317736806
2021-05-18 00:00:00,1434A,SHP,28.0,256.80253981486567,-228.80253981486567
2021-05-18 01:00:00,1434A,SHP,33.0,257.3795453769075,-224.37954537690752
2021-05-18 02:00:00,1434A,SHP,33.0,257.9177188727445,-224.9177188727445
2021-05-18 03:00:00,1434A,SHP,38.0,258.3840705938897,-220.3840705938897
2021-05-18 04:00:00,1434A,SHP,38.0,258.2366056983355,-220.2366056983355
2021-05-18 05:00:00,1434A,SHP,44.0,257.95837511291694,-213.95837511291694
2021-05-18 06:00:00,1434A,SHP,47.0,257.60293143491646,-210.60293143491646
2021-05-18 07:00:00,1434A,SHP,34.0,257.1168149260845,-223.1168149260845
2021-05-18 08:00:00,1434A,SHP,29.0,257.3647872691654,-228.3647872691654
2021-05-18 09:00:00,1434A,SHP,30.0,258.5357959150252,-228.53579591502518
2021-05-18 10:00:00,1434A,SHP,31.0,260.717592112519,-229.71759211251901
2021-05-18 11:00:00,1434A,SHP,26.0,261.6587138346005,-235.65871383460052
2021-05-18 12:00:00,1434A,SHP,20.0,260.92055267744195,-240.92055267744195
2021-05-18 13:00:00,1434A,SHP,12.0,259.5920327491766,-247.5920327491766
2021-05-18 14:00:00,1434A,SHP,12.0,257.5422258183781,-245.54222581837809
2021-05-18 15:00:00,1434A,SHP,13.0,255.221968842843,-242.221968842843
2021-05-18 16:00:00,1434A,SHP,11.0,253.75847628752544,-242.75847628752544
2021-05-18 17:00:00,1434A,SHP,14.0,252.00213427086507,-238.00213427086507
2021-05-18 18:00:00,1434A,SHP,19.0,251.5658916946655,-232.5658916946655
2021-05-18 19:00:00,1434A,SHP,26.0,251.50023491626968,-225.50023491626968
2021-05-18 20:00:00,1434A,SHP,33.0,253.26562236528395,-220.26562236528395
2021-05-18 21:00:00,1434A,SHP,39.0,255.74913668501082,-216.74913668501082
2021-05-18 22:00:00,1434A,SHP,36.0,257.92063129955613,-221.92063129955613
2021-05-18 23:00:00,1434A,SHP,31.0,257.77398923869924,-226.77398923869924
2021-05-19 00:00:00,1434A,SHP,30.0,257.87691587619685,-227.87691587619685
2021-05-19 01:00:00,1434A,SHP,34.0,258.4539214382387,-224.4539214382387
2021-05-19 02:00:00,1434A,SHP,41.0,258.9920949340757,-217.99209493407568
2021-05-19 03:00:00,1434A,SHP,40.0,259.4584466552209,-219.45844665522088
2021-05-19 04:00:00,1434A,SHP,41.0,259.3109817596667,-218.31098175966667
2021-05-19 05:00:00,1434A,SHP,42.0,259.0327511742481,-217.03275117424812
2021-05-19 06:00:00,1434A,SHP,45.0,258.67730749624764,-213.67730749624764
2021-05-19 07:00:00,1434A,SHP,43.0,258.19119098741567,-215.19119098741567
2021-05-19 08:00:00,1434A,SHP,46.0,258.43916333049657,-212.43916333049657
2021-05-19 09:00:00,1434A,SHP,50.0,259.61017197635636,-209.61017197635636
2021-05-19 10:00:00,1434A,SHP,52.0,261.7919681738502,-209.7919681738502
2021-05-19 11:00:00,1434A,SHP,43.0,262.7330898959317,-219.7330898959317
2021-05-19 12:00:00,1434A,SHP,49.0,261.9949287387731,-212.99492873877313
2021-05-19 13:00:00,1434A,SHP,61.0,260.6664088105078,-199.6664088105078
2021-05-19 14:00:00,1434A,SHP,62.0,258.61660187970926,-196.61660187970926
2021-05-19 15:00:00,1434A,SHP,54.0,256.2963449041742,-202.2963449041742
2021-05-19 16:00:00,1434A,SHP,56.0,254.83285234885662,-198.83285234885662
2021-05-19 17:00:00,1434A,SHP,60.0,253.07651033219625,-193.07651033219625
2021-05-19 18:00:00,1434A,SHP,62.0,252.6402677559967,-190.6402677559967
2021-05-19 19:00:00,1434A,SHP,65.0,252.57461097760086,-187.57461097760086
2021-05-19 20:00:00,1434A,SHP,50.0,254.33999842661513,-204.33999842661513
2021-05-19 21:00:00,1434A,SHP,46.0,256.82351274634203,-210.82351274634203
2021-05-19 22:00:00,1434A,SHP,52.0,258.99500736088737,-206.99500736088737
2021-05-19 23:00:00,1434A,SHP,74.0,258.8483653000305,-184.84836530003048
2021-05-20 00:00:00,1434A,SHP,85.0,258.9512919375281,-173.95129193752808
2021-05-20 01:00:00,1434A,SHP,97.0,259.52829749956993,-162.52829749956993
2021-05-20 02:00:00,1434A,SHP,91.0,260.0664709954069,-169.06647099540692
2021-05-20 03:00:00,1434A,SHP,83.0,260.5328227165521,-177.53282271655212
2021-05-20 04:00:00,1434A,SHP,86.0,260.3853578209979,-174.3853578209979
2021-05-20 05:00:00,1434A,SHP,87.0,260.10712723557936,-173.10712723557936
2021-05-20 06:00:00,1434A,SHP,86.0,259.7516835575789,-173.75168355757887
2021-05-20 07:00:00,1434A,SHP,84.0,259.2655670487469,-175.2655670487469
2021-05-20 08:00:00,1434A,SHP,70.0,259.5135393918278,-189.5135393918278
2021-05-20 09:00:00,1434A,SHP,66.0,260.6845480376876,-194.6845480376876
2021-05-20 10:00:00,1434A,SHP,72.0,262.86634423518143,-190.86634423518143
2021-05-20 11:00:00,1434A,SHP,74.0,263.80746595726293,-189.80746595726293
2021-05-20 12:00:00,1434A,SHP,47.0,263.06930480010436,-216.06930480010436
2021-05-20 13:00:00,1434A,SHP,25.0,261.740784871839,-236.74078487183903
2021-05-20 14:00:00,1434A,SHP,29.0,259.6909779410405,-230.6909779410405
2021-05-20 15:00:00,1434A,SHP,33.0,257.3707209655054,-224.37072096550543
2021-05-20 16:00:00,1434A,SHP,30.0,255.90722841018786,-225.90722841018786
2021-05-20 17:00:00,1434A,SHP,30.0,254.1508863935275,-224.1508863935275
2021-05-20 18:00:00,1434A,SHP,25.0,253.71464381732793,-228.71464381732793
2021-05-20 19:00:00,1434A,SHP,21.0,253.6489870389321,-232.6489870389321
2021-05-20 20:00:00,1434A,SHP,28.0,255.41437448794636,-227.41437448794636
2021-05-20 21:00:00,1434A,SHP,44.0,257.89788880767327,-213.89788880767327
2021-05-20 22:00:00,1434A,SHP,50.0,260.0693834222186,-210.0693834222186
2021-05-20 23:00:00,1434A,SHP,50.0,259.9227413613617,-209.92274136136172
2021-05-21 00:00:00,1434A,SHP,51.0,260.0256679988593,-209.02566799885932
2021-05-21 01:00:00,1434A,SHP,54.0,260.60267356090117,-206.60267356090117
2021-05-21 02:00:00,1434A,SHP,56.0,261.14084705673815,-205.14084705673815
2021-05-21 03:00:00,1434A,SHP,61.0,261.60719877788335,-200.60719877788335
2021-05-21 04:00:00,1434A,SHP,49.0,261.45973388232915,-212.45973388232915
2021-05-21 05:00:00,1434A,SHP,35.0,261.1815032969106,-226.1815032969106
2021-05-21 06:00:00,1434A,SHP,36.0,260.8260596189101,-224.8260596189101
2021-05-21 07:00:00,1434A,SHP,32.0,260.33994311007814,-228.33994311007814
2021-05-21 08:00:00,1434A,SHP,29.0,260.58791545315904,-231.58791545315904
2021-05-21 09:00:00,1434A,SHP,28.0,261.7589240990188,-233.75892409901883
2021-05-21 10:00:00,1434A,SHP,32.0,263.94072029651267,-231.94072029651267
2021-05-21 11:00:00,1434A,SHP,48.0,264.88184201859417,-216.88184201859417
2021-05-21 12:00:00,1434A,SHP,60.0,264.1436808614356,-204.1436808614356
2021-05-21 13:00:00,1434A,SHP,60.0,262.81516093317026,-202.81516093317026
2021-05-21 14:00:00,1434A,SHP,58.0,260.76535400237174,-202.76535400237174
2021-05-21 15:00:00,1434A,SHP,60.0,258.44509702683666,-198.44509702683666
2021-05-21 16:00:00,1434A,SHP,63.0,256.9816044715191,-193.98160447151912
2021-05-21 17:00:00,1434A,SHP,61.0,255.22526245485875,-194.22526245485875
2021-05-21 18:00:00,1434A,SHP,73.0,254.7890198786592,-181.7890198786592
2021-05-21 19:00:00,1434A,SHP,65.0,254.72336310026336,-189.72336310026336
2021-05-21 20:00:00,1434A,SHP,49.0,256.48875054927765,-207.48875054927765
2021-05-21 21:00:00,1434A,SHP,46.0,258.97226486900456,-212.97226486900456
2021-05-21 22:00:00,1434A,SHP,51.0,261.14375948354984,-210.14375948354984
2021-05-21 23:00:00,1434A,SHP,48.0,260.99711742269295,-212.99711742269295
2021-05-22 00:00:00,1434A,SHP,43.0,261.10004406019056,-218.10004406019056
2021-05-22 01:00:00,1434A,SHP,40.0,261.6770496222324,-221.6770496222324
2021-05-22 02:00:00,1434A,SHP,38.0,262.2152231180694,-224.2152231180694
2021-05-22 03:00:00,1434A,SHP,36.0,262.6815748392146,-226.6815748392146
2021-05-22 04:00:00,1434A,SHP,35.0,262.5341099436604,-227.53410994366038
2021-05-22 05:00:00,1434A,SHP,37.0,262.2558793582418,-225.25587935824183
2021-05-22 06:00:00,1434A,SHP,37.0,261.90043568024134,-224.90043568024134
2021-05-22 07:00:00,1434A,SHP,36.0,261.4143191714094,-225.41431917140937
2021-05-22 08:00:00,1434A,SHP,36.0,261.6622915144903,-225.66229151449028
2021-05-22 09:00:00,1434A,SHP,35.0,262.83330016035006,-227.83330016035006
2021-05-22 10:00:00,1434A,SHP,40.0,265.0150963578439,-225.0150963578439
2021-05-22 11:00:00,1434A,SHP,40.0,265.9562180799254,-225.9562180799254
2021-05-22 12:00:00,1434A,SHP,47.0,265.21805692276683,-218.21805692276683
2021-05-22 13:00:00,1434A,SHP,52.0,263.8895369945015,-211.8895369945015
2021-05-22 14:00:00,1434A,SHP,57.0,261.839730063703,-204.83973006370297
2021-05-22 15:00:00,1434A,SHP,81.0,259.5194730881679,-178.5194730881679
2021-05-22 16:00:00,1434A,SHP,59.0,258.05598053285036,-199.05598053285036
2021-05-22 17:00:00,1434A,SHP,52.0,256.29963851619,-204.29963851619
2021-05-22 18:00:00,1434A,SHP,56.0,255.86339593999043,-199.86339593999043
2021-05-22 19:00:00,1434A,SHP,59.0,255.7977391615946,-196.7977391615946
2021-05-22 20:00:00,1434A,SHP,47.0,257.5631266106089,-210.5631266106089
2021-05-22 21:00:00,1434A,SHP,20.0,260.0466409303358,-240.0466409303358
2021-05-22 22:00:00,1434A,SHP,29.0,262.2181355448811,-233.21813554488108
2021-05-22 23:00:00,1434A,SHP,41.0,262.0714934840242,-221.0714934840242
2021-05-23 00:00:00,1434A,SHP,37.0,262.1744201215218,-225.1744201215218
2021-05-23 01:00:00,1434A,SHP,28.0,262.75142568356364,-234.75142568356364
2021-05-23 02:00:00,1434A,SHP,35.0,263.2895991794006,-228.28959917940062
2021-05-23 03:00:00,1434A,SHP,19.0,263.7559509005458,-244.75595090054583
2021-05-23 04:00:00,1434A,SHP,6.0,263.6084860049916,-257.6084860049916
2021-05-23 05:00:00,1434A,SHP,5.0,263.33025541957306,-258.33025541957306
2021-05-23 06:00:00,1434A,SHP,5.0,262.9748117415726,-257.9748117415726
2021-05-23 07:00:00,1434A,SHP,5.0,262.4886952327406,-257.4886952327406
2021-05-23 08:00:00,1434A,SHP,4.0,262.7366675758215,-258.7366675758215
2021-05-23 09:00:00,1434A,SHP,5.0,263.9076762216813,-258.9076762216813
2021-05-23 10:00:00,1434A,SHP,8.0,266.08947241917514,-258.08947241917514
2021-05-23 11:00:00,1434A,SHP,11.0,267.03059414125664,-256.03059414125664
2021-05-23 12:00:00,1434A,SHP,19.0,266.29243298409807,-247.29243298409807
2021-05-23 13:00:00,1434A,SHP,18.0,264.96391305583273,-246.96391305583273
2021-05-23 14:00:00,1434A,SHP,32.0,262.9141061250342,-230.9141061250342
2021-05-23 15:00:00,1434A,SHP,31.0,260.59384914949914,-229.59384914949914
2021-05-23 16:00:00,1434A,SHP,28.0,259.1303565941816,-231.1303565941816
2021-05-23 17:00:00,1434A,SHP,26.0,257.3740145775212,-231.37401457752122
2021-05-23 18:00:00,1434A,SHP,26.0,256.93777200132166,-230.93777200132166
2021-05-23 19:00:00,1434A,SHP,27.0,256.8721152229258,-229.8721152229258
2021-05-23 20:00:00,1434A,SHP,27.0,258.63750267194007,-231.63750267194007
2021-05-23 21:00:00,1434A,SHP,27.0,261.121016991667,-234.12101699166698
2021-05-23 22:00:00,1434A,SHP,31.0,263.2925116062123,-232.29251160621232
2021-05-23 23:00:00,1434A,SHP,36.0,263.1458695453554,-227.14586954535542
2021-05-24 00:00:00,1434A,SHP,36.0,263.248796182853,-227.24879618285303
2021-05-24 01:00:00,1434A,SHP,37.0,263.8258017448949,-226.82580174489487
2021-05-24 02:00:00,1434A,SHP,34.0,264.36397524073186,-230.36397524073186
2021-05-24 03:00:00,1434A,SHP,34.0,264.83032696187706,-230.83032696187706
2021-05-24 04:00:00,1434A,SHP,33.0,264.68286206632285,-231.68286206632285
2021-05-24 05:00:00,1434A,SHP,32.0,264.4046314809043,-232.4046314809043
2021-05-24 06:00:00,1434A,SHP,35.0,264.0491878029038,-229.04918780290382
2021-05-24 07:00:00,1434A,SHP,39.0,263.56307129407185,-224.56307129407185
2021-05-24 08:00:00,1434A,SHP,45.0,263.81104363715275,-218.81104363715275
2021-05-24 09:00:00,1434A,SHP,54.0,264.98205228301254,-210.98205228301254
2021-05-24 10:00:00,1434A,SHP,55.0,267.1638484805064,-212.16384848050637
2021-05-24 11:00:00,1434A,SHP,38.0,268.1049702025879,-230.10497020258788
2021-05-24 12:00:00,1434A,SHP,23.0,267.3668090454293,-244.3668090454293
2021-05-24 13:00:00,1434A,SHP,19.0,266.03828911716397,-247.03828911716397
2021-05-24 14:00:00,1434A,SHP,19.0,263.98848218636545,-244.98848218636545
2021-05-24 15:00:00,1434A,SHP,18.0,261.66822521083037,-243.66822521083037
2021-05-24 16:00:00,1434A,SHP,17.0,260.2047326555128,-243.20473265551283
2021-05-24 17:00:00,1434A,SHP,15.0,258.44839063885246,-243.44839063885246
2021-05-24 18:00:00,1434A,SHP,14.0,258.0121480626529,-244.0121480626529
2021-05-24 19:00:00,1434A,SHP,13.0,257.94649128425704,-244.94649128425704
2021-05-24 20:00:00,1434A,SHP,15.0,259.7118787332713,-244.7118787332713
2021-05-24 21:00:00,1434A,SHP,21.0,262.1953930529982,-241.1953930529982
2021-05-24 22:00:00,1434A,SHP,24.0,264.36688766754355,-240.36688766754355
2021-05-24 23:00:00,1434A,SHP,23.0,264.22024560668666,-241.22024560668666
2021-05-25 00:00:00,1434A,SHP,20.0,264.32317224418426,-244.32317224418426
2021-05-25 01:00:00,1434A,SHP,21.0,264.9001778062261,-243.9001778062261
2021-05-25 02:00:00,1434A,SHP,24.0,265.4383513020631,-241.4383513020631
2021-05-25 03:00:00,1434A,SHP,22.0,265.9047030232083,-243.9047030232083
2021-05-25 04:00:00,1434A,SHP,22.0,265.7572381276541,-243.7572381276541
2021-05-25 05:00:00,1434A,SHP,27.0,265.47900754223554,-238.47900754223554
2021-05-25 06:00:00,1434A,SHP,30.0,265.12356386423505,-235.12356386423505
2021-05-25 07:00:00,1434A,SHP,31.0,264.6374473554031,-233.63744735540308
2021-05-25 08:00:00,1434A,SHP,31.0,264.885419698484,-233.885419698484
2021-05-25 09:00:00,1434A,SHP,35.0,266.0564283443438,-231.05642834434377
2021-05-25 10:00:00,1434A,SHP,35.0,268.2382245418376,-233.2382245418376
2021-05-25 11:00:00,1434A,SHP,39.0,269.1793462639191,-230.17934626391911
2021-05-25 12:00:00,1434A,SHP,45.0,268.44118510676054,-223.44118510676054
2021-05-25 13:00:00,1434A,SHP,58.0,267.1126651784952,-209.1126651784952
2021-05-25 14:00:00,1434A,SHP,43.0,265.0628582476967,-222.06285824769668
2021-05-25 15:00:00,1434A,SHP,29.0,262.7426012721616,-233.7426012721616
2021-05-25 16:00:00,1434A,SHP,32.0,261.27910871684406,-229.27910871684406
2021-05-25 17:00:00,1434A,SHP,20.0,259.5227667001837,-239.5227667001837
2021-05-25 18:00:00,1434A,SHP,28.0,259.08652412398413,-231.08652412398413
2021-05-25 19:00:00,1434A,SHP,32.0,259.0208673455883,-227.02086734558827
2021-05-25 20:00:00,1434A,SHP,23.0,260.78625479460254,-237.78625479460254
2021-05-25 21:00:00,1434A,SHP,23.0,263.26976911432945,-240.26976911432945
2021-05-25 22:00:00,1434A,SHP,22.0,265.4412637288748,-243.4412637288748
2021-05-25 23:00:00,1434A,SHP,22.0,265.2946216680179,-243.2946216680179
2021-05-26 00:00:00,1434A,SHP,10.0,265.3975483055155,-255.3975483055155
2021-05-26 01:00:00,1434A,SHP,9.0,265.97455386755735,-256.97455386755735
2021-05-26 02:00:00,1434A,SHP,14.0,266.51272736339433,-252.51272736339433
2021-05-26 03:00:00,1434A,SHP,22.0,266.97907908453953,-244.97907908453953
2021-05-26 04:00:00,1434A,SHP,22.0,266.8316141889853,-244.83161418898533
2021-05-26 05:00:00,1434A,SHP,15.0,266.5533836035668,-251.55338360356677
2021-05-26 06:00:00,1434A,SHP,14.0,266.1979399255663,-252.1979399255663
2021-05-26 07:00:00,1434A,SHP,15.0,265.7118234167343,-250.71182341673432
2021-05-26 08:00:00,1434A,SHP,17.0,265.9597957598152,-248.95979575981522
2021-05-26 09:00:00,1434A,SHP,25.0,267.130804405675,-242.130804405675
2021-05-26 10:00:00,1434A,SHP,22.0,269.31260060316885,-247.31260060316885
2021-05-26 11:00:00,1434A,SHP,,270.25372232525035,
2021-05-26 12:00:00,1434A,SHP,35.0,269.5155611680918,-234.51556116809178
2021-05-26 13:00:00,1434A,SHP,46.0,268.18704123982644,-222.18704123982644
2021-05-26 14:00:00,1434A,SHP,45.0,266.1372343090279,-221.13723430902792
2021-05-26 15:00:00,1434A,SHP,35.0,263.81697733349284,-228.81697733349284
2021-05-26 16:00:00,1434A,SHP,28.0,262.3534847781753,-234.3534847781753
2021-05-26 17:00:00,1434A,SHP,31.0,260.59714276151493,-229.59714276151493
2021-05-26 18:00:00,1434A,SHP,36.0,260.16090018531537,-224.16090018531537
2021-05-26 19:00:00,1434A,SHP,38.0,260.0952434069195,-222.0952434069195
2021-05-26 20:00:00,1434A,SHP,48.0,261.8606308559338,-213.86063085593378
2021-05-26 21:00:00,1434A,SHP,52.0,264.3441451756607,-212.34414517566069
2021-05-26 22:00:00,1434A,SHP,54.0,266.515639790206,-212.51563979020602
2021-05-26 23:00:00,1434A,SHP,65.0,266.36899772934913,-201.36899772934913
2021-05-27 00:00:00,1434A,SHP,66.0,266.47192436684674,-200.47192436684674
2021-05-27 01:00:00,1434A,SHP,54.0,267.0489299288886,-213.04892992888858
2021-05-27 02:00:00,1434A,SHP,45.0,267.58710342472557,-222.58710342472557
2021-05-27 03:00:00,1434A,SHP,43.0,268.05345514587077,-225.05345514587077
2021-05-27 04:00:00,1434A,SHP,40.0,267.90599025031656,-227.90599025031656
2021-05-27 05:00:00,1434A,SHP,35.0,267.627759664898,-232.627759664898
2021-05-27 06:00:00,1434A,SHP,38.0,267.2723159868975,-229.27231598689752
2021-05-27 07:00:00,1434A,SHP,64.0,266.78619947806556,-202.78619947806556
2021-05-27 08:00:00,1434A,SHP,70.0,267.03417182114646,-197.03417182114646
2021-05-27 09:00:00,1434A,SHP,67.0,268.20518046700624,-201.20518046700624
2021-05-27 10:00:00,1434A,SHP,68.0,270.3869766645001,-202.38697666450008
2021-05-27 11:00:00,1434A,SHP,71.0,271.3280983865816,-200.3280983865816
2021-05-27 12:00:00,1434A,SHP,71.0,270.589937229423,-199.58993722942301
2021-05-27 13:00:00,1434A,SHP,72.0,269.2614173011577,-197.26141730115768
2021-05-27 14:00:00,1434A,SHP,68.0,267.21161037035915,-199.21161037035915
2021-05-27 15:00:00,1434A,SHP,45.0,264.8913533948241,-219.89135339482408
2021-05-27 16:00:00,1434A,SHP,29.0,263.42786083950654,-234.42786083950654
2021-05-27 17:00:00,1434A,SHP,25.0,261.67151882284617,-236.67151882284617
2021-05-27 18:00:00,1434A,SHP,31.0,261.2352762466466,-230.2352762466466
2021-05-27 19:00:00,1434A,SHP,41.0,261.16961946825074,-220.16961946825074
2021-05-27 20:00:00,1434A,SHP,102.0,262.935006917265,-160.935006917265
2021-05-27 21:00:00,1434A,SHP,96.0,265.4185212369919,-169.41852123699192
2021-05-27 22:00:00,1434A,SHP,94.0,267.59001585153726,-173.59001585153726
2021-05-27 23:00:00,1434A,SHP,96.0,267.44337379068037,-171.44337379068037
2021-05-28 00:00:00,1434A,SHP,93.0,267.546300428178,-174.54630042817797
2021-05-28 01:00:00,1434A,SHP,91.0,268.1233059902198,-177.12330599021982
2021-05-28 02:00:00,1434A,SHP,79.0,268.6614794860568,-189.6614794860568
2021-05-28 03:00:00,1434A,SHP,66.0,269.127831207202,-203.127831207202
2021-05-28 04:00:00,1434A,SHP,72.0,268.9803663116478,-196.9803663116478
2021-05-28 05:00:00,1434A,SHP,61.0,268.70213572622924,-207.70213572622924
2021-05-28 06:00:00,1434A,SHP,57.0,268.34669204822876,-211.34669204822876
2021-05-28 07:00:00,1434A,SHP,69.0,267.8605755393968,-198.8605755393968
2021-05-28 08:00:00,1434A,SHP,55.0,268.1085478824777,-213.1085478824777
2021-05-28 09:00:00,1434A,SHP,54.0,269.2795565283375,-215.27955652833748
2021-05-28 10:00:00,1434A,SHP,52.0,271.4613527258313,-219.46135272583132
2021-05-28 11:00:00,1434A,SHP,58.0,272.4024744479128,-214.40247444791282
2021-05-28 12:00:00,1434A,SHP,52.0,271.66431329075425,-219.66431329075425
2021-05-28 13:00:00,1434A,SHP,66.0,270.3357933624889,-204.33579336248891
2021-05-28 14:00:00,1434A,SHP,79.0,268.2859864316904,-189.2859864316904
2021-05-28 15:00:00,1434A,SHP,62.0,265.9657294561553,-203.96572945615532
2021-05-28 16:00:00,1434A,SHP,50.0,264.5022369008378,-214.50223690083777
2021-05-28 17:00:00,1434A,SHP,78.0,262.7458948841774,-184.7458948841774
2021-05-28 18:00:00,1434A,SHP,79.0,262.30965230797784,-183.30965230797784
2021-05-28 19:00:00,1434A,SHP,72.0,262.243995529582,-190.24399552958198
2021-05-28 20:00:00,1434A,SHP,56.0,264.00938297859625,-208.00938297859625
2021-05-28 21:00:00,1434A,SHP,55.0,266.49289729832316,-211.49289729832316
2021-05-28 22:00:00,1434A,SHP,60.0,268.6643919128685,-208.6643919128685
2021-05-28 23:00:00,1434A,SHP,57.0,268.5177498520116,-211.5177498520116
2021-05-29 00:00:00,1434A,SHP,63.0,268.6206764895092,-205.6206764895092
2021-05-29 01:00:00,1434A,SHP,67.0,269.19768205155106,-202.19768205155106
2021-05-29 02:00:00,1434A,SHP,63.0,269.73585554738804,-206.73585554738804
2021-05-29 03:00:00,1434A,SHP,62.0,270.20220726853324,-208.20220726853324
2021-05-29 04:00:00,1434A,SHP,65.0,270.05474237297904,-205.05474237297904
2021-05-29 05:00:00,1434A,SHP,65.0,269.7765117875605,-204.77651178756048
2021-05-29 06:00:00,1434A,SHP,75.0,269.42106810956,-194.42106810956
2021-05-29 07:00:00,1434A,SHP,74.0,268.934951600728,-194.93495160072803
2021-05-29 08:00:00,1434A,SHP,57.0,269.18292394380893,-212.18292394380893
2021-05-29 09:00:00,1434A,SHP,38.0,270.3539325896687,-232.35393258966872
2021-05-29 10:00:00,1434A,SHP,34.0,272.53572878716255,-238.53572878716255
2021-05-29 11:00:00,1434A,SHP,39.0,273.47685050924406,-234.47685050924406
2021-05-29 12:00:00,1434A,SHP,47.0,272.7386893520855,-225.7386893520855
2021-05-29 13:00:00,1434A,SHP,48.0,271.41016942382015,-223.41016942382015
2021-05-29 14:00:00,1434A,SHP,41.0,269.3603624930216,-228.36036249302163
2021-05-29 15:00:00,1434A,SHP,36.0,267.04010551748655,-231.04010551748655
2021-05-29 16:00:00,1434A,SHP,39.0,265.576612962169,-226.576612962169
2021-05-29 17:00:00,1434A,SHP,41.0,263.82027094550864,-222.82027094550864
2021-05-29 18:00:00,1434A,SHP,34.0,263.3840283693091,-229.38402836930908
2021-05-29 19:00:00,1434A,SHP,40.0,263.3183715909132,-223.31837159091322
2021-05-29 20:00:00,1434A,SHP,52.0,265.0837590399275,-213.0837590399275
2021-05-29 21:00:00,1434A,SHP,53.0,267.5672733596544,-214.5672733596544
2021-05-29 22:00:00,1434A,SHP,55.0,269.73876797419973,-214.73876797419973
2021-05-29 23:00:00,1434A,SHP,53.0,269.59212591334284,-216.59212591334284
2021-05-30 00:00:00,1434A,SHP,51.0,269.69505255084044,-218.69505255084044
2021-05-30 01:00:00,1434A,SHP,44.0,270.2720581128823,-226.2720581128823
2021-05-30 02:00:00,1434A,SHP,39.0,270.8102316087193,-231.81023160871928
2021-05-30 03:00:00,1434A,SHP,37.0,271.2765833298645,-234.27658332986448
2021-05-30 04:00:00,1434A,SHP,38.0,271.12911843431027,-233.12911843431027
2021-05-30 05:00:00,1434A,SHP,38.0,270.8508878488917,-232.85088784889172
2021-05-30 06:00:00,1434A,SHP,43.0,270.49544417089123,-227.49544417089123
2021-05-30 07:00:00,1434A,SHP,49.0,270.00932766205926,-221.00932766205926
2021-05-30 08:00:00,1434A,SHP,48.0,270.25730000514017,-222.25730000514017
2021-05-30 09:00:00,1434A,SHP,52.0,271.42830865099995,-219.42830865099995
2021-05-30 10:00:00,1434A,SHP,44.0,273.6101048484938,-229.6101048484938
2021-05-30 11:00:00,1434A,SHP,44.0,274.5512265705753,-230.5512265705753
2021-05-30 12:00:00,1434A,SHP,43.0,273.8130654134167,-230.81306541341672
2021-05-30 13:00:00,1434A,SHP,36.0,272.4845454851514,-236.4845454851514
2021-05-30 14:00:00,1434A,SHP,23.0,270.43473855435286,-247.43473855435286
2021-05-30 15:00:00,1434A,SHP,26.0,268.1144815788178,-242.1144815788178
2021-05-30 16:00:00,1434A,SHP,27.0,266.65098902350024,-239.65098902350024
2021-05-30 17:00:00,1434A,SHP,24.0,264.8946470068399,-240.89464700683988
2021-05-30 18:00:00,1434A,SHP,23.0,264.4584044306403,-241.45840443064031
2021-05-30 19:00:00,1434A,SHP,21.0,264.39274765224445,-243.39274765224445
2021-05-30 20:00:00,1434A,SHP,17.0,266.1581351012587,-249.15813510125872
2021-05-30 21:00:00,1434A,SHP,24.0,268.64164942098563,-244.64164942098563
2021-05-30 22:00:00,1434A,SHP,32.0,270.81314403553097,-238.81314403553097
2021-05-30 23:00:00,1434A,SHP,42.0,270.6665019746741,-228.66650197467408
2021-05-31 00:00:00,1434A,SHP,44.0,270.7694286121717,-226.76942861217168
2021-05-31 01:00:00,1434A,SHP,46.0,271.3464341742135,-225.34643417421353
2021-05-31 02:00:00,1434A,SHP,51.0,271.8846076700505,-220.8846076700505
2021-05-31 03:00:00,1434A,SHP,65.0,272.3509593911957,-207.35095939119572
2021-05-31 04:00:00,1434A,SHP,79.0,272.2034944956415,-193.2034944956415
2021-05-31 05:00:00,1434A,SHP,73.0,271.92526391022295,-198.92526391022295
2021-05-31 06:00:00,1434A,SHP,63.0,271.56982023222247,-208.56982023222247
2021-05-31 07:00:00,1434A,SHP,66.0,271.0837037233905,-205.0837037233905
2021-05-31 08:00:00,1434A,SHP,73.0,271.3316760664714,-198.3316760664714
2021-05-31 09:00:00,1434A,SHP,72.0,272.5026847123312,-200.5026847123312
2021-05-31 10:00:00,1434A,SHP,54.0,274.684480909825,-220.68448090982503
2021-05-31 11:00:00,1434A,SHP,32.0,275.62560263190653,-243.62560263190653
2021-05-31 12:00:00,1434A,SHP,30.0,274.88744147474796,-244.88744147474796
2021-05-31 13:00:00,1434A,SHP,28.0,273.5589215464826,-245.55892154648262
2021-05-31 14:00:00,1434A,SHP,22.0,271.5091146156841,-249.5091146156841
2021-05-31 15:00:00,1434A,SHP,21.0,269.188857640149,-248.18885764014902
2021-05-31 16:00:00,1434A,SHP,25.0,267.7253650848315,-242.72536508483148
2021-05-31 17:00:00,1434A,SHP,28.0,265.9690230681711,-237.9690230681711
2021-05-31 18:00:00,1434A,SHP,26.0,265.53278049197155,-239.53278049197155
2021-05-31 19:00:00,1434A,SHP,26.0,265.4671237135757,-239.4671237135757
2021-05-31 20:00:00,1434A,SHP,31.0,267.23251116258996,-236.23251116258996
2021-05-31 21:00:00,1434A,SHP,37.0,269.71602548231687,-232.71602548231687
2021-05-31 22:00:00,1434A,SHP,41.0,271.8875200968622,-230.8875200968622
2021-05-31 23:00:00,1434A,SHP,46.0,271.7408780360053,-225.7408780360053
2021-06-01 00:00:00,1434A,SHP,43.0,271.8438046735029,-228.84380467350292
2021-06-01 01:00:00,1434A,SHP,41.0,272.42081023554476,-231.42081023554476
2021-06-01 02:00:00,1434A,SHP,40.0,272.95898373138175,-232.95898373138175
2021-06-01 03:00:00,1434A,SHP,45.0,273.42533545252695,-228.42533545252695
2021-06-01 04:00:00,1434A,SHP,55.0,273.27787055697274,-218.27787055697274
2021-06-01 05:00:00,1434A,SHP,45.0,272.9996399715542,-227.9996399715542
2021-06-01 06:00:00,1434A,SHP,46.0,272.6441962935537,-226.6441962935537
2021-06-01 07:00:00,1434A,SHP,68.0,272.15807978472174,-204.15807978472174
2021-06-01 08:00:00,1434A,SHP,31.0,272.40605212780264,-241.40605212780264
2021-06-01 09:00:00,1434A,SHP,31.0,273.5770607736624,-242.57706077366242
2021-06-01 10:00:00,1434A,SHP,32.0,275.75885697115626,-243.75885697115626
2021-06-01 11:00:00,1434A,SHP,35.0,276.69997869323777,-241.69997869323777
2021-06-01 12:00:00,1434A,SHP,38.0,275.9618175360792,-237.9618175360792
2021-06-01 13:00:00,1434A,SHP,36.0,274.63329760781386,-238.63329760781386
2021-06-01 14:00:00,1434A,SHP,40.0,272.58349067701533,-232.58349067701533
2021-06-01 15:00:00,1434A,SHP,49.0,270.26323370148026,-221.26323370148026
2021-06-01 16:00:00,1434A,SHP,50.0,268.7997411461627,-218.79974114616272
2021-06-01 17:00:00,1434A,SHP,42.0,267.04339912950235,-225.04339912950235
2021-06-01 18:00:00,1434A,SHP,40.0,266.6071565533028,-226.6071565533028
2021-06-01 19:00:00,1434A,SHP,40.0,266.5414997749069,-226.54149977490692
2021-06-01 20:00:00,1434A,SHP,42.0,268.3068872239212,-226.3068872239212
2021-06-01 21:00:00,1434A,SHP,48.0,270.7904015436481,-222.7904015436481
2021-06-01 22:00:00,1434A,SHP,45.0,272.96189615819344,-227.96189615819344
2021-06-01 23:00:00,1434A,SHP,51.0,272.81525409733655,-221.81525409733655
2021-06-02 00:00:00,1434A,SHP,48.0,272.91818073483415,-224.91818073483415
2021-06-02 01:00:00,1434A,SHP,51.0,273.495186296876,-222.495186296876
2021-06-02 02:00:00,1434A,SHP,50.0,274.033359792713,-224.033359792713
2021-06-02 03:00:00,1434A,SHP,54.0,274.4997115138582,-220.4997115138582
2021-06-02 04:00:00,1434A,SHP,64.0,274.352246618304,-210.35224661830398
2021-06-02 05:00:00,1434A,SHP,54.0,274.0740160328854,-220.07401603288542
2021-06-02 06:00:00,1434A,SHP,52.0,273.71857235488494,-221.71857235488494
2021-06-02 07:00:00,1434A,SHP,46.0,273.23245584605297,-227.23245584605297
2021-06-02 08:00:00,1434A,SHP,39.0,273.4804281891339,-234.48042818913387
2021-06-02 09:00:00,1434A,SHP,42.0,274.65143683499366,-232.65143683499366
2021-06-02 10:00:00,1434A,SHP,33.0,276.8332330324875,-243.8332330324875
2021-06-02 11:00:00,1434A,SHP,35.0,277.774354754569,-242.774354754569
2021-06-02 12:00:00,1434A,SHP,38.0,277.03619359741043,-239.03619359741043
2021-06-02 13:00:00,1434A,SHP,39.0,275.7076736691451,-236.7076736691451
2021-06-02 14:00:00,1434A,SHP,43.0,273.65786673834657,-230.65786673834657
2021-06-02 15:00:00,1434A,SHP,44.0,271.3376097628115,-227.3376097628115
2021-06-02 16:00:00,1434A,SHP,33.0,269.87411720749395,-236.87411720749395
2021-06-02 17:00:00,1434A,SHP,29.0,268.1177751908336,-239.11777519083358
2021-06-02 18:00:00,1434A,SHP,34.0,267.681532614634,-233.68153261463402
2021-06-02 19:00:00,1434A,SHP,40.0,267.61587583623816,-227.61587583623816
2021-06-02 20:00:00,1434A,SHP,36.0,269.38126328525243,-233.38126328525243
2021-06-02 21:00:00,1434A,SHP,36.0,271.86477760497934,-235.86477760497934
2021-06-02 22:00:00,1434A,SHP,43.0,274.0362722195247,-231.03627221952468
2021-06-02 23:00:00,1434A,SHP,50.0,273.8896301586678,-223.88963015866779
2021-06-03 00:00:00,1434A,SHP,65.0,273.9925567961654,-208.9925567961654
2021-06-03 01:00:00,1434A,SHP,15.0,274.56956235820724,-259.56956235820724
2021-06-03 02:00:00,1434A,SHP,9.0,275.1077358540442,-266.1077358540442
2021-06-03 03:00:00,1434A,SHP,9.0,275.5740875751894,-266.5740875751894
2021-06-03 04:00:00,1434A,SHP,8.0,275.4266226796352,-267.4266226796352
2021-06-03 05:00:00,1434A,SHP,7.0,275.14839209421666,-268.14839209421666
2021-06-03 06:00:00,1434A,SHP,7.0,274.7929484162162,-267.7929484162162
2021-06-03 07:00:00,1434A,SHP,8.0,274.3068319073842,-266.3068319073842
2021-06-03 08:00:00,1434A,SHP,9.0,274.5548042504651,-265.5548042504651
2021-06-03 09:00:00,1434A,SHP,13.0,275.7258128963249,-262.7258128963249
2021-06-03 10:00:00,1434A,SHP,18.0,277.90760909381873,-259.90760909381873
2021-06-03 11:00:00,1434A,SHP,21.0,278.84873081590024,-257.84873081590024
2021-06-03 12:00:00,1434A,SHP,21.0,278.11056965874167,-257.11056965874167
2021-06-03 13:00:00,1434A,SHP,22.0,276.78204973047633,-254.78204973047633
2021-06-03 14:00:00,1434A,SHP,21.0,274.7322427996778,-253.7322427996778
2021-06-03 15:00:00,1434A,SHP,17.0,272.41198582414273,-255.41198582414273
2021-06-03 16:00:00,1434A,SHP,9.0,270.9484932688252,-261.9484932688252
2021-06-03 17:00:00,1434A,SHP,8.0,269.1921512521648,-261.1921512521648
2021-06-03 18:00:00,1434A,SHP,10.0,268.75590867596526,-258.75590867596526
2021-06-03 19:00:00,1434A,SHP,14.0,268.6902518975694,-254.6902518975694
2021-06-03 20:00:00,1434A,SHP,15.0,270.45563934658367,-255.45563934658367
2021-06-03 21:00:00,1434A,SHP,20.0,272.9391536663106,-252.93915366631057
2021-06-03 22:00:00,1434A,SHP,15.0,275.1106482808559,-260.1106482808559
2021-06-03 23:00:00,1434A,SHP,13.0,274.964006219999,-261.964006219999
2021-06-04 00:00:00,1434A,SHP,14.0,275.0669328574966,-261.0669328574966
2021-06-04 01:00:00,1434A,SHP,15.0,275.6439384195385,-260.6439384195385
2021-06-04 02:00:00,1434A,SHP,18.0,276.18211191537546,-258.18211191537546
2021-06-04 03:00:00,1434A,SHP,19.0,276.64846363652066,-257.64846363652066
2021-06-04 04:00:00,1434A,SHP,17.0,276.50099874096645,-259.50099874096645
2021-06-04 05:00:00,1434A,SHP,18.0,276.2227681555479,-258.2227681555479
2021-06-04 06:00:00,1434A,SHP,18.0,275.8673244775474,-257.8673244775474
2021-06-04 07:00:00,1434A,SHP,20.0,275.38120796871544,-255.38120796871544
2021-06-04 08:00:00,1434A,SHP,24.0,275.62918031179635,-251.62918031179635
2021-06-04 09:00:00,1434A,SHP,30.0,276.80018895765613,-246.80018895765613
2021-06-04 10:00:00,1434A,SHP,24.0,278.98198515514997,-254.98198515514997
2021-06-04 11:00:00,1434A,SHP,16.0,279.9231068772315,-263.9231068772315
2021-06-04 12:00:00,1434A,SHP,17.0,279.1849457200729,-262.1849457200729
2021-06-04 13:00:00,1434A,SHP,15.0,277.85642579180757,-262.85642579180757
2021-06-04 14:00:00,1434A,SHP,15.0,275.80661886100904,-260.80661886100904
2021-06-04 15:00:00,1434A,SHP,12.0,273.48636188547397,-261.48636188547397
2021-06-04 16:00:00,1434A,SHP,14.0,272.0228693301564,-258.0228693301564
2021-06-04 17:00:00,1434A,SHP,14.0,270.26652731349606,-256.26652731349606
2021-06-04 18:00:00,1434A,SHP,14.0,269.8302847372965,-255.8302847372965
2021-06-04 19:00:00,1434A,SHP,15.0,269.76462795890063,-254.76462795890063
2021-06-04 20:00:00,1434A,SHP,18.0,271.5300154079149,-253.5300154079149
2021-06-04 21:00:00,1434A,SHP,22.0,274.0135297276418,-252.0135297276418
2021-06-04 22:00:00,1434A,SHP,27.0,276.18502434218715,-249.18502434218715
2021-06-04 23:00:00,1434A,SHP,29.0,276.03838228133026,-247.03838228133026
2021-06-05 00:00:00,1434A,SHP,29.0,276.14130891882786,-247.14130891882786
2021-06-05 01:00:00,1434A,SHP,28.0,276.7183144808697,-248.7183144808697
2021-06-05 02:00:00,1434A,SHP,26.0,277.2564879767067,-251.2564879767067
2021-06-05 03:00:00,1434A,SHP,26.0,277.7228396978519,-251.7228396978519
2021-06-05 04:00:00,1434A,SHP,28.0,277.5753748022977,-249.5753748022977
2021-06-05 05:00:00,1434A,SHP,32.0,277.29714421687913,-245.29714421687913
2021-06-05 06:00:00,1434A,SHP,33.0,276.94170053887865,-243.94170053887865
2021-06-05 07:00:00,1434A,SHP,34.0,276.4555840300467,-242.45558403004668
2021-06-05 08:00:00,1434A,SHP,36.0,276.7035563731276,-240.70355637312758
2021-06-05 09:00:00,1434A,SHP,45.0,277.87456501898737,-232.87456501898737
2021-06-05 10:00:00,1434A,SHP,39.0,280.0563612164812,-241.0563612164812
2021-06-05 11:00:00,1434A,SHP,35.0,280.9974829385627,-245.9974829385627
2021-06-05 12:00:00,1434A,SHP,34.0,280.25932178140414,-246.25932178140414
2021-06-05 13:00:00,1434A,SHP,30.0,278.9308018531388,-248.9308018531388
2021-06-05 14:00:00,1434A,SHP,19.0,276.8809949223403,-257.8809949223403
2021-06-05 15:00:00,1434A,SHP,15.0,274.5607379468052,-259.5607379468052
2021-06-05 16:00:00,1434A,SHP,16.0,273.09724539148766,-257.09724539148766
2021-06-05 17:00:00,1434A,SHP,16.0,271.3409033748273,-255.3409033748273
2021-06-05 18:00:00,1434A,SHP,14.0,270.90466079862773,-256.90466079862773
2021-06-05 19:00:00,1434A,SHP,14.0,270.83900402023187,-256.83900402023187
2021-06-05 20:00:00,1434A,SHP,18.0,272.60439146924614,-254.60439146924614
2021-06-05 21:00:00,1434A,SHP,20.0,275.08790578897305,-255.08790578897305
2021-06-05 22:00:00,1434A,SHP,26.0,277.2594004035184,-251.25940040351838
2021-06-05 23:00:00,1434A,SHP,27.0,277.1127583426615,-250.1127583426615
2021-06-06 00:00:00,1434A,SHP,32.0,277.2156849801591,-245.2156849801591
2021-06-06 01:00:00,1434A,SHP,36.0,277.79269054220094,-241.79269054220094
2021-06-06 02:00:00,1434A,SHP,37.0,278.33086403803793,-241.33086403803793
2021-06-06 03:00:00,1434A,SHP,36.0,278.79721575918313,-242.79721575918313
2021-06-06 04:00:00,1434A,SHP,42.0,278.6497508636289,-236.64975086362892
2021-06-06 05:00:00,1434A,SHP,45.0,278.37152027821037,-233.37152027821037
2021-06-06 06:00:00,1434A,SHP,46.0,278.0160766002099,-232.01607660020989
2021-06-06 07:00:00,1434A,SHP,45.0,277.5299600913779,-232.52996009137792
2021-06-06 08:00:00,1434A,SHP,47.0,277.7779324344588,-230.77793243445882
2021-06-06 09:00:00,1434A,SHP,57.0,278.9489410803186,-221.9489410803186
2021-06-06 10:00:00,1434A,SHP,61.0,281.13073727781244,-220.13073727781244
2021-06-06 11:00:00,1434A,SHP,51.0,282.07185899989395,-231.07185899989395
2021-06-06 12:00:00,1434A,SHP,56.0,281.3336978427354,-225.33369784273538
2021-06-06 13:00:00,1434A,SHP,69.0,280.00517791447004,-211.00517791447004
2021-06-06 14:00:00,1434A,SHP,59.0,277.9553709836715,-218.95537098367151
2021-06-06 15:00:00,1434A,SHP,59.0,275.63511400813644,-216.63511400813644
2021-06-06 16:00:00,1434A,SHP,65.0,274.1716214528189,-209.1716214528189
2021-06-06 17:00:00,1434A,SHP,67.0,272.4152794361585,-205.41527943615853
2021-06-06 18:00:00,1434A,SHP,75.0,271.97903685995897,-196.97903685995897
2021-06-06 19:00:00,1434A,SHP,77.0,271.9133800815631,-194.9133800815631
2021-06-06 20:00:00,1434A,SHP,62.0,273.6787675305774,-211.67876753057737
2021-06-06 21:00:00,1434A,SHP,64.0,276.1622818503043,-212.16228185030428
2021-06-06 22:00:00,1434A,SHP,56.0,278.3337764648496,-222.33377646484962
2021-06-06 23:00:00,1434A,SHP,80.0,278.18713440399273,-198.18713440399273
2021-06-07 00:00:00,1434A,SHP,82.0,278.29006104149033,-196.29006104149033
2021-06-07 01:00:00,1434A,SHP,88.0,278.8670666035322,-190.86706660353218
2021-06-07 02:00:00,1434A,SHP,93.0,279.40524009936917,-186.40524009936917
2021-06-07 03:00:00,1434A,SHP,86.0,279.87159182051437,-193.87159182051437
2021-06-07 04:00:00,1434A,SHP,97.0,279.72412692496016,-182.72412692496016
2021-06-07 05:00:00,1434A,SHP,110.0,279.4458963395416,-169.4458963395416
2021-06-07 06:00:00,1434A,SHP,111.0,279.0904526615411,-168.09045266154112
2021-06-07 07:00:00,1434A,SHP,118.0,278.60433615270915,-160.60433615270915
2021-06-07 08:00:00,1434A,SHP,115.0,278.85230849579006,-163.85230849579006
2021-06-07 09:00:00,1434A,SHP,129.0,280.02331714164984,-151.02331714164984
2021-06-07 10:00:00,1434A,SHP,131.0,282.2051133391437,-151.20511333914368
2021-06-07 11:00:00,1434A,SHP,126.0,283.1462350612252,-157.14623506122518
2021-06-07 12:00:00,1434A,SHP,105.0,282.4080739040666,-177.4080739040666
2021-06-07 13:00:00,1434A,SHP,75.0,281.0795539758013,-206.07955397580128
2021-06-07 14:00:00,1434A,SHP,77.0,279.02974704500275,-202.02974704500275
2021-06-07 15:00:00,1434A,SHP,72.0,276.7094900694677,-204.70949006946768
2021-06-07 16:00:00,1434A,SHP,80.0,275.24599751415013,-195.24599751415013
2021-06-07 17:00:00,1434A,SHP,43.0,273.48965549748976,-230.48965549748976
2021-06-07 18:00:00,1434A,SHP,61.0,273.0534129212902,-212.0534129212902
2021-06-07 19:00:00,1434A,SHP,64.0,272.98775614289434,-208.98775614289434
2021-06-07 20:00:00,1434A,SHP,56.0,274.7531435919086,-218.7531435919086
2021-06-07 21:00:00,1434A,SHP,64.0,277.2366579116355,-213.23665791163552
2021-06-07 22:00:00,1434A,SHP,65.0,279.40815252618086,-214.40815252618086
2021-06-07 23:00:00,1434A,SHP,84.0,279.26151046532397,-195.26151046532397
2021-06-08 00:00:00,1434A,SHP,80.0,279.36443710282157,-199.36443710282157
2021-06-08 01:00:00,1434A,SHP,69.0,279.9414426648634,-210.94144266486342
2021-06-08 02:00:00,1434A,SHP,41.0,280.4796161607004,-239.4796161607004
2021-06-08 03:00:00,1434A,SHP,16.0,280.9459678818456,-264.9459678818456
2021-06-08 04:00:00,1434A,SHP,10.0,280.7985029862914,-270.7985029862914
2021-06-08 05:00:00,1434A,SHP,16.0,280.52027240087284,-264.52027240087284
2021-06-08 06:00:00,1434A,SHP,37.0,280.16482872287236,-243.16482872287236
2021-06-08 07:00:00,1434A,SHP,23.0,279.6787122140404,-256.6787122140404
2021-06-08 08:00:00,1434A,SHP,16.0,279.9266845571213,-263.9266845571213
2021-06-08 09:00:00,1434A,SHP,16.0,281.0976932029811,-265.0976932029811
2021-06-08 10:00:00,1434A,SHP,24.0,283.2794894004749,-259.2794894004749
2021-06-08 11:00:00,1434A,SHP,24.0,284.2206111225564,-260.2206111225564
2021-06-08 12:00:00,1434A,SHP,19.0,283.48244996539785,-264.48244996539785
2021-06-08 13:00:00,1434A,SHP,24.0,282.1539300371325,-258.1539300371325
2021-06-08 14:00:00,1434A,SHP,18.0,280.104123106334,-262.104123106334
2021-06-08 15:00:00,1434A,SHP,16.0,277.7838661307989,-261.7838661307989
2021-06-08 16:00:00,1434A,SHP,20.0,276.32037357548137,-256.32037357548137
2021-06-08 17:00:00,1434A,SHP,,274.564031558821,
2021-06-08 18:00:00,1434A,SHP,30.0,274.12778898262144,-244.12778898262144
2021-06-08 19:00:00,1434A,SHP,25.0,274.0621322042256,-249.06213220422558
2021-06-08 20:00:00,1434A,SHP,24.0,275.82751965323985,-251.82751965323985
2021-06-08 21:00:00,1434A,SHP,26.0,278.31103397296675,-252.31103397296675
2021-06-08 22:00:00,1434A,SHP,30.0,280.4825285875121,-250.4825285875121
2021-06-08 23:00:00,1434A,SHP,33.0,280.3358865266552,-247.3358865266552
2021-06-09 00:00:00,1434A,SHP,40.0,280.4388131641528,-240.4388131641528
2021-06-09 01:00:00,1434A,SHP,44.0,281.01581872619465,-237.01581872619465
2021-06-09 02:00:00,1434A,SHP,47.0,281.55399222203164,-234.55399222203164
2021-06-09 03:00:00,1434A,SHP,50.0,282.02034394317684,-232.02034394317684
2021-06-09 04:00:00,1434A,SHP,44.0,281.87287904762263,-237.87287904762263
2021-06-09 05:00:00,1434A,SHP,37.0,281.5946484622041,-244.59464846220408
2021-06-09 06:00:00,1434A,SHP,40.0,281.2392047842036,-241.2392047842036
2021-06-09 07:00:00,1434A,SHP,32.0,280.7530882753716,-248.75308827537162
2021-06-09 08:00:00,1434A,SHP,28.0,281.0010606184525,-253.00106061845253
2021-06-09 09:00:00,1434A,SHP,28.0,282.1720692643123,-254.1720692643123
2021-06-09 10:00:00,1434A,SHP,19.0,284.35386546180615,-265.35386546180615
2021-06-09 11:00:00,1434A,SHP,18.0,285.29498718388766,-267.29498718388766
2021-06-09 12:00:00,1434A,SHP,20.0,284.5568260267291,-264.5568260267291
2021-06-09 13:00:00,1434A,SHP,18.0,283.22830609846375,-265.22830609846375
2021-06-09 14:00:00,1434A,SHP,16.0,281.1784991676652,-265.1784991676652
2021-06-09 15:00:00,1434A,SHP,20.0,278.85824219213015,-258.85824219213015
2021-06-09 16:00:00,1434A,SHP,24.0,277.3947496368126,-253.3947496368126
2021-06-09 17:00:00,1434A,SHP,26.0,275.63840762015224,-249.63840762015224
2021-06-09 18:00:00,1434A,SHP,28.0,275.2021650439527,-247.20216504395268
2021-06-09 19:00:00,1434A,SHP,,275.1365082655568,
2021-06-09 20:00:00,1434A,SHP,25.0,276.9018957145711,-251.90189571457108
2021-06-09 21:00:00,1434A,SHP,23.0,279.385410034298,-256.385410034298
2021-06-09 22:00:00,1434A,SHP,28.0,281.55690464884333,-253.55690464884333
2021-06-09 23:00:00,1434A,SHP,36.0,281.41026258798644,-245.41026258798644
2021-06-10 00:00:00,1434A,SHP,37.0,281.51318922548404,-244.51318922548404
2021-06-10 01:00:00,1434A,SHP,40.0,282.0901947875259,-242.0901947875259
2021-06-10 02:00:00,1434A,SHP,39.0,282.6283682833629,-243.62836828336287
2021-06-10 03:00:00,1434A,SHP,40.0,283.0947200045081,-243.09472000450808
2021-06-10 04:00:00,1434A,SHP,41.0,282.94725510895387,-241.94725510895387
2021-06-10 05:00:00,1434A,SHP,39.0,282.6690245235353,-243.6690245235353
2021-06-10 06:00:00,1434A,SHP,36.0,282.31358084553483,-246.31358084553483
2021-06-10 07:00:00,1434A,SHP,32.0,281.82746433670286,-249.82746433670286
2021-06-10 08:00:00,1434A,SHP,44.0,282.07543667978376,-238.07543667978376
2021-06-10 09:00:00,1434A,SHP,60.0,283.24644532564355,-223.24644532564355
2021-06-10 10:00:00,1434A,SHP,61.0,285.4282415231374,-224.4282415231374
2021-06-10 11:00:00,1434A,SHP,62.0,286.3693632452189,-224.3693632452189
2021-06-10 12:00:00,1434A,SHP,58.0,285.6312020880603,-227.63120208806032
2021-06-10 13:00:00,1434A,SHP,46.0,284.302682159795,-238.30268215979498
2021-06-10 14:00:00,1434A,SHP,36.0,282.25287522899646,-246.25287522899646
2021-06-10 15:00:00,1434A,SHP,27.0,279.9326182534614,-252.93261825346138
2021-06-10 16:00:00,1434A,SHP,16.0,278.46912569814384,-262.46912569814384
2021-06-10 17:00:00,1434A,SHP,13.0,276.7127836814835,-263.7127836814835
2021-06-10 18:00:00,1434A,SHP,14.0,276.2765411052839,-262.2765411052839
2021-06-10 19:00:00,1434A,SHP,14.0,276.21088432688805,-262.21088432688805
2021-06-10 20:00:00,1434A,SHP,14.0,277.9762717759023,-263.9762717759023
2021-06-10 21:00:00,1434A,SHP,16.0,280.4597860956292,-264.4597860956292
2021-06-10 22:00:00,1434A,SHP,18.0,282.63128071017456,-264.63128071017456
2021-06-10 23:00:00,1434A,SHP,20.0,282.4846386493177,-262.4846386493177
2021-06-11 00:00:00,1434A,SHP,20.0,282.5875652868153,-262.5875652868153
2021-06-11 01:00:00,1434A,SHP,21.0,283.1645708488571,-262.1645708488571
2021-06-11 02:00:00,1434A,SHP,22.0,283.7027443446941,-261.7027443446941
2021-06-11 03:00:00,1434A,SHP,22.0,284.1690960658393,-262.1690960658393
2021-06-11 04:00:00,1434A,SHP,22.0,284.0216311702851,-262.0216311702851
2021-06-11 05:00:00,1434A,SHP,22.0,283.74340058486655,-261.74340058486655
2021-06-11 06:00:00,1434A,SHP,23.0,283.38795690686607,-260.38795690686607
2021-06-11 07:00:00,1434A,SHP,25.0,282.9018403980341,-257.9018403980341
2021-06-11 08:00:00,1434A,SHP,27.0,283.149812741115,-256.149812741115
2021-06-11 09:00:00,1434A,SHP,32.0,284.3208213869748,-252.32082138697479
2021-06-11 10:00:00,1434A,SHP,31.0,286.5026175844686,-255.50261758446862
2021-06-11 11:00:00,1434A,SHP,29.0,287.4437393065501,-258.4437393065501
2021-06-11 12:00:00,1434A,SHP,42.0,286.70557814939156,-244.70557814939156
2021-06-11 13:00:00,1434A,SHP,37.0,285.3770582211262,-248.37705822112622
2021-06-11 14:00:00,1434A,SHP,34.0,283.3272512903277,-249.3272512903277
2021-06-11 15:00:00,1434A,SHP,35.0,281.0069943147926,-246.00699431479262
2021-06-11 16:00:00,1434A,SHP,38.0,279.5435017594751,-241.54350175947508
2021-06-11 17:00:00,1434A,SHP,38.0,277.7871597428147,-239.7871597428147
2021-06-11 18:00:00,1434A,SHP,32.0,277.35091716661515,-245.35091716661515
2021-06-11 19:00:00,1434A,SHP,30.0,277.2852603882193,-247.28526038821929
2021-06-11 20:00:00,1434A,SHP,41.0,279.05064783723356,-238.05064783723356
2021-06-11 21:00:00,1434A,SHP,46.0,281.53416215696046,-235.53416215696046
2021-06-11 22:00:00,1434A,SHP,44.0,283.7056567715058,-239.7056567715058
2021-06-11 23:00:00,1434A,SHP,46.0,283.5590147106489,-237.5590147106489
2021-06-12 00:00:00,1434A,SHP,46.0,283.6619413481465,-237.6619413481465
2021-06-12 01:00:00,1434A,SHP,52.0,284.23894691018836,-232.23894691018836
2021-06-12 02:00:00,1434A,SHP,54.0,284.77712040602535,-230.77712040602535
2021-06-12 03:00:00,1434A,SHP,49.0,285.24347212717055,-236.24347212717055
2021-06-12 04:00:00,1434A,SHP,49.0,285.09600723161634,-236.09600723161634
2021-06-12 05:00:00,1434A,SHP,62.0,284.8177766461978,-222.81777664619779
2021-06-12 06:00:00,1434A,SHP,63.0,284.4623329681973,-221.4623329681973
2021-06-12 07:00:00,1434A,SHP,56.0,283.97621645936533,-227.97621645936533
2021-06-12 08:00:00,1434A,SHP,56.0,284.22418880244624,-228.22418880244624
2021-06-12 09:00:00,1434A,SHP,59.0,285.395197448306,-226.39519744830602
2021-06-12 10:00:00,1434A,SHP,65.0,287.57699364579986,-222.57699364579986
2021-06-12 11:00:00,1434A,SHP,65.0,288.51811536788136,-223.51811536788136
2021-06-12 12:00:00,1434A,SHP,72.0,287.7799542107228,-215.7799542107228
2021-06-12 13:00:00,1434A,SHP,73.0,286.45143428245746,-213.45143428245746
2021-06-12 14:00:00,1434A,SHP,73.0,284.40162735165893,-211.40162735165893
2021-06-12 15:00:00,1434A,SHP,81.0,282.08137037612386,-201.08137037612386
2021-06-12 16:00:00,1434A,SHP,73.0,280.6178778208063,-207.6178778208063
2021-06-12 17:00:00,1434A,SHP,66.0,278.86153580414594,-212.86153580414594
2021-06-12 18:00:00,1434A,SHP,76.0,278.4252932279464,-202.42529322794638
2021-06-12 19:00:00,1434A,SHP,85.0,278.3596364495505,-193.35963644955052
2021-06-12 20:00:00,1434A,SHP,89.0,280.1250238985648,-191.1250238985648
2021-06-12 21:00:00,1434A,SHP,86.0,282.6085382182917,-196.6085382182917
2021-06-12 22:00:00,1434A,SHP,108.0,284.78003283283704,-176.78003283283704
2021-06-12 23:00:00,1434A,SHP,133.0,284.63339077198015,-151.63339077198015
2021-06-13 00:00:00,1434A,SHP,136.0,284.73631740947775,-148.73631740947775
2021-06-13 01:00:00,1434A,SHP,120.0,285.3133229715196,-165.3133229715196
2021-06-13 02:00:00,1434A,SHP,78.0,285.8514964673566,-207.85149646735658
2021-06-13 03:00:00,1434A,SHP,67.0,286.3178481885018,-219.31784818850178
2021-06-13 04:00:00,1434A,SHP,70.0,286.1703832929476,-216.17038329294758
2021-06-13 05:00:00,1434A,SHP,65.0,285.892152707529,-220.89215270752902
2021-06-13 06:00:00,1434A,SHP,61.0,285.53670902952854,-224.53670902952854
2021-06-13 07:00:00,1434A,SHP,59.0,285.05059252069657,-226.05059252069657
2021-06-13 08:00:00,1434A,SHP,53.0,285.2985648637775,-232.29856486377747
2021-06-13 09:00:00,1434A,SHP,56.0,286.46957350963726,-230.46957350963726
2021-06-13 10:00:00,1434A,SHP,64.0,288.6513697071311,-224.6513697071311
2021-06-13 11:00:00,1434A,SHP,67.0,289.5924914292126,-222.5924914292126
2021-06-13 12:00:00,1434A,SHP,70.0,288.854330272054,-218.85433027205403
2021-06-13 13:00:00,1434A,SHP,53.0,287.5258103437887,-234.5258103437887
2021-06-13 14:00:00,1434A,SHP,34.0,285.47600341299017,-251.47600341299017
2021-06-13 15:00:00,1434A,SHP,39.0,283.1557464374551,-244.1557464374551
2021-06-13 16:00:00,1434A,SHP,37.0,281.69225388213755,-244.69225388213755
2021-06-13 17:00:00,1434A,SHP,32.0,279.9359118654772,-247.93591186547718
2021-06-13 18:00:00,1434A,SHP,46.0,279.4996692892776,-233.49966928927762
2021-06-13 19:00:00,1434A,SHP,51.0,279.43401251088176,-228.43401251088176
2021-06-13 20:00:00,1434A,SHP,51.0,281.199399959896,-230.19939995989603
2021-06-13 21:00:00,1434A,SHP,46.0,283.68291427962293,-237.68291427962293
2021-06-13 22:00:00,1434A,SHP,58.0,285.8544088941683,-227.85440889416827
2021-06-13 23:00:00,1434A,SHP,63.0,285.7077668333114,-222.70776683331138
2021-06-14 00:00:00,1434A,SHP,64.0,285.810693470809,-221.81069347080899
2021-06-14 01:00:00,1434A,SHP,62.0,286.38769903285083,-224.38769903285083
2021-06-14 02:00:00,1434A,SHP,62.0,286.9258725286878,-224.92587252868782
2021-06-14 03:00:00,1434A,SHP,61.0,287.392224249833,-226.39222424983302
2021-06-14 04:00:00,1434A,SHP,65.0,287.2447593542788,-222.2447593542788
2021-06-14 05:00:00,1434A,SHP,70.0,286.96652876886026,-216.96652876886026
2021-06-14 06:00:00,1434A,SHP,65.0,286.6110850908598,-221.61108509085977
2021-06-14 07:00:00,1434A,SHP,55.0,286.1249685820278,-231.1249685820278
2021-06-14 08:00:00,1434A,SHP,52.0,286.3729409251087,-234.3729409251087
2021-06-14 09:00:00,1434A,SHP,50.0,287.5439495709685,-237.5439495709685
2021-06-14 10:00:00,1434A,SHP,41.0,289.72574576846233,-248.72574576846233
2021-06-14 11:00:00,1434A,SHP,34.0,290.66686749054384,-256.66686749054384
2021-06-14 12:00:00,1434A,SHP,38.0,289.92870633338526,-251.92870633338526
2021-06-14 13:00:00,1434A,SHP,33.0,288.6001864051199,-255.60018640511993
2021-06-14 14:00:00,1434A,SHP,26.0,286.5503794743214,-260.5503794743214
2021-06-14 15:00:00,1434A,SHP,30.0,284.23012249878633,-254.23012249878633
2021-06-14 16:00:00,1434A,SHP,27.0,282.7666299434688,-255.76662994346879
2021-06-14 17:00:00,1434A,SHP,26.0,281.0102879268084,-255.01028792680842
2021-06-14 18:00:00,1434A,SHP,22.0,280.57404535060886,-258.57404535060886
2021-06-14 19:00:00,1434A,SHP,22.0,280.508388572213,-258.508388572213
2021-06-14 20:00:00,1434A,SHP,24.0,282.27377602122726,-258.27377602122726
2021-06-14 21:00:00,1434A,SHP,23.0,284.75729034095417,-261.75729034095417
2021-06-14 22:00:00,1434A,SHP,20.0,286.9287849554995,-266.9287849554995
2021-06-14 23:00:00,1434A,SHP,19.0,286.7821428946426,-267.7821428946426
2021-06-15 00:00:00,1434A,SHP,20.0,286.8850695321402,-266.8850695321402
2021-06-15 01:00:00,1434A,SHP,20.0,287.46207509418207,-267.46207509418207
2021-06-15 02:00:00,1434A,SHP,21.0,288.00024859001905,-267.00024859001905
2021-06-15 03:00:00,1434A,SHP,28.0,288.46660031116426,-260.46660031116426
2021-06-15 04:00:00,1434A,SHP,26.0,288.31913541561005,-262.31913541561005
2021-06-15 05:00:00,1434A,SHP,25.0,288.0409048301915,-263.0409048301915
2021-06-15 06:00:00,1434A,SHP,25.0,287.685461152191,-262.685461152191
2021-06-15 07:00:00,1434A,SHP,24.0,287.19934464335904,-263.19934464335904
2021-06-15 08:00:00,1434A,SHP,28.0,287.44731698643994,-259.44731698643994
2021-06-15 09:00:00,1434A,SHP,32.0,288.61832563229973,-256.61832563229973
2021-06-15 10:00:00,1434A,SHP,30.0,290.80012182979357,-260.80012182979357
2021-06-15 11:00:00,1434A,SHP,32.0,291.7412435518751,-259.7412435518751
2021-06-15 12:00:00,1434A,SHP,29.0,291.0030823947165,-262.0030823947165
2021-06-15 13:00:00,1434A,SHP,22.0,289.67456246645116,-267.67456246645116
2021-06-15 14:00:00,1434A,SHP,16.0,287.62475553565264,-271.62475553565264
2021-06-15 15:00:00,1434A,SHP,13.0,285.30449856011757,-272.30449856011757
2021-06-15 16:00:00,1434A,SHP,11.0,283.8410060048,-272.8410060048
2021-06-15 17:00:00,1434A,SHP,12.0,282.08466398813965,-270.08466398813965
2021-06-15 18:00:00,1434A,SHP,11.0,281.6484214119401,-270.6484214119401
2021-06-15 19:00:00,1434A,SHP,12.0,281.58276463354423,-269.58276463354423
2021-06-15 20:00:00,1434A,SHP,8.0,283.3481520825585,-275.3481520825585
2021-06-15 21:00:00,1434A,SHP,9.0,285.8316664022854,-276.8316664022854
2021-06-15 22:00:00,1434A,SHP,10.0,288.00316101683075,-278.00316101683075
2021-06-15 23:00:00,1434A,SHP,12.0,287.85651895597385,-275.85651895597385
2021-06-16 00:00:00,1434A,SHP,13.0,287.95944559347146,-274.95944559347146
2021-06-16 01:00:00,1434A,SHP,17.0,288.5364511555133,-271.5364511555133
2021-06-16 02:00:00,1434A,SHP,16.0,289.0746246513503,-273.0746246513503
2021-06-16 03:00:00,1434A,SHP,17.0,289.5409763724955,-272.5409763724955
2021-06-16 04:00:00,1434A,SHP,19.0,289.3935114769413,-270.3935114769413
2021-06-16 05:00:00,1434A,SHP,21.0,289.11528089152273,-268.11528089152273
2021-06-16 06:00:00,1434A,SHP,18.0,288.75983721352225,-270.75983721352225
2021-06-16 07:00:00,1434A,SHP,18.0,288.2737207046903,-270.2737207046903
2021-06-16 08:00:00,1434A,SHP,18.0,288.5216930477712,-270.5216930477712
2021-06-16 09:00:00,1434A,SHP,18.0,289.69270169363097,-271.69270169363097
2021-06-16 10:00:00,1434A,SHP,19.0,291.8744978911248,-272.8744978911248
2021-06-16 11:00:00,1434A,SHP,21.0,292.8156196132063,-271.8156196132063
2021-06-16 12:00:00,1434A,SHP,26.0,292.07745845604774,-266.07745845604774
2021-06-16 13:00:00,1434A,SHP,31.0,290.7489385277824,-259.7489385277824
2021-06-16 14:00:00,1434A,SHP,36.0,288.6991315969839,-252.69913159698388
2021-06-16 15:00:00,1434A,SHP,35.0,286.3788746214488,-251.3788746214488
2021-06-16 16:00:00,1434A,SHP,23.0,284.91538206613126,-261.91538206613126
2021-06-16 17:00:00,1434A,SHP,10.0,283.1590400494709,-273.1590400494709
2021-06-16 18:00:00,1434A,SHP,7.0,282.7227974732713,-275.7227974732713
2021-06-16 19:00:00,1434A,SHP,7.0,282.65714069487547,-275.65714069487547
2021-06-16 20:00:00,1434A,SHP,6.0,284.42252814388974,-278.42252814388974
2021-06-16 21:00:00,1434A,SHP,5.0,286.90604246361664,-281.90604246361664
2021-06-16 22:00:00,1434A,SHP,4.0,289.077537078162,-285.077537078162
2021-06-16 23:00:00,1434A,SHP,4.0,288.9308950173051,-284.9308950173051
2021-06-17 00:00:00,1434A,SHP,6.0,289.0338216548027,-283.0338216548027
2021-06-17 01:00:00,1434A,SHP,5.0,289.61082721684454,-284.61082721684454
2021-06-17 02:00:00,1434A,SHP,6.0,290.1490007126815,-284.1490007126815
2021-06-17 03:00:00,1434A,SHP,6.0,290.61535243382673,-284.61535243382673
2021-06-17 04:00:00,1434A,SHP,7.0,290.4678875382725,-283.4678875382725
2021-06-17 05:00:00,1434A,SHP,4.0,290.18965695285397,-286.18965695285397
2021-06-17 06:00:00,1434A,SHP,3.0,289.8342132748535,-286.8342132748535
2021-06-17 07:00:00,1434A,SHP,3.0,289.3480967660215,-286.3480967660215
2021-06-17 08:00:00,1434A,SHP,4.0,289.5960691091024,-285.5960691091024
2021-06-17 09:00:00,1434A,SHP,5.0,290.7670777549622,-285.7670777549622
2021-06-17 10:00:00,1434A,SHP,6.0,292.94887395245604,-286.94887395245604
2021-06-17 11:00:00,1434A,SHP,10.0,293.88999567453754,-283.88999567453754
2021-06-17 12:00:00,1434A,SHP,12.0,293.151834517379,-281.151834517379
2021-06-17 13:00:00,1434A,SHP,14.0,291.82331458911364,-277.82331458911364
2021-06-17 14:00:00,1434A,SHP,16.0,289.7735076583151,-273.7735076583151
2021-06-17 15:00:00,1434A,SHP,13.0,287.45325068278004,-274.45325068278004
2021-06-17 16:00:00,1434A,SHP,17.0,285.9897581274625,-268.9897581274625
2021-06-17 17:00:00,1434A,SHP,15.0,284.2334161108021,-269.2334161108021
2021-06-17 18:00:00,1434A,SHP,14.0,283.79717353460256,-269.79717353460256
2021-06-17 19:00:00,1434A,SHP,19.0,283.7315167562067,-264.7315167562067
2021-06-17 20:00:00,1434A,SHP,15.0,285.49690420522097,-270.49690420522097
2021-06-17 21:00:00,1434A,SHP,7.0,287.9804185249479,-280.9804185249479
2021-06-17 22:00:00,1434A,SHP,8.0,290.1519131394932,-282.1519131394932
2021-06-17 23:00:00,1434A,SHP,8.0,290.0052710786363,-282.0052710786363
2021-06-18 00:00:00,1434A,SHP,24.0,290.10819771613393,-266.10819771613393
2021-06-18 01:00:00,1434A,SHP,23.0,290.6852032781758,-267.6852032781758
2021-06-18 02:00:00,1434A,SHP,13.0,291.22337677401276,-278.22337677401276
2021-06-18 03:00:00,1434A,SHP,11.0,291.68972849515796,-280.68972849515796
2021-06-18 04:00:00,1434A,SHP,10.0,291.54226359960376,-281.54226359960376
2021-06-18 05:00:00,1434A,SHP,10.0,291.2640330141852,-281.2640330141852
2021-06-18 06:00:00,1434A,SHP,9.0,290.9085893361847,-281.9085893361847
2021-06-18 07:00:00,1434A,SHP,8.0,290.42247282735275,-282.42247282735275
2021-06-18 08:00:00,1434A,SHP,8.0,290.67044517043365,-282.67044517043365
2021-06-18 09:00:00,1434A,SHP,12.0,291.84145381629344,-279.84145381629344
2021-06-18 10:00:00,1434A,SHP,29.0,294.0232500137873,-265.0232500137873
2021-06-18 11:00:00,1434A,SHP,21.0,294.9643717358688,-273.9643717358688
2021-06-18 12:00:00,1434A,SHP,14.0,294.2262105787102,-280.2262105787102
2021-06-18 13:00:00,1434A,SHP,13.0,292.8976906504449,-279.8976906504449
2021-06-18 14:00:00,1434A,SHP,16.0,290.84788371964635,-274.84788371964635
2021-06-18 15:00:00,1434A,SHP,19.0,288.5276267441113,-269.5276267441113
2021-06-18 16:00:00,1434A,SHP,27.0,287.06413418879373,-260.06413418879373
2021-06-18 17:00:00,1434A,SHP,26.0,285.30779217213336,-259.30779217213336
2021-06-18 18:00:00,1434A,SHP,21.0,284.8715495959338,-263.8715495959338
2021-06-18 19:00:00,1434A,SHP,20.0,284.80589281753794,-264.80589281753794
2021-06-18 20:00:00,1434A,SHP,22.0,286.5712802665522,-264.5712802665522
2021-06-18 21:00:00,1434A,SHP,24.0,289.0547945862791,-265.0547945862791
2021-06-18 22:00:00,1434A,SHP,26.0,291.22628920082445,-265.22628920082445
2021-06-18 23:00:00,1434A,SHP,32.0,291.07964713996756,-259.07964713996756
2021-06-19 00:00:00,1434A,SHP,32.0,291.18257377746517,-259.18257377746517
2021-06-19 01:00:00,1434A,SHP,30.0,291.759579339507,-261.759579339507
2021-06-19 02:00:00,1434A,SHP,36.0,292.297752835344,-256.297752835344
2021-06-19 03:00:00,1434A,SHP,34.0,292.7641045564892,-258.7641045564892
2021-06-19 04:00:00,1434A,SHP,38.0,292.616639660935,-254.616639660935
2021-06-19 05:00:00,1434A,SHP,38.0,292.33840907551644,-254.33840907551644
2021-06-19 06:00:00,1434A,SHP,44.0,291.98296539751595,-247.98296539751595
2021-06-19 07:00:00,1434A,SHP,48.0,291.496848888684,-243.49684888868399
2021-06-19 08:00:00,1434A,SHP,47.0,291.7448212317649,-244.7448212317649
2021-06-19 09:00:00,1434A,SHP,46.0,292.9158298776247,-246.91582987762467
2021-06-19 10:00:00,1434A,SHP,53.0,295.0976260751185,-242.0976260751185
2021-06-19 11:00:00,1434A,SHP,66.0,296.0387477972,-230.03874779720002
2021-06-19 12:00:00,1434A,SHP,75.0,295.30058664004144,-220.30058664004144
2021-06-19 13:00:00,1434A,SHP,69.0,293.9720667117761,-224.9720667117761
2021-06-19 14:00:00,1434A,SHP,47.0,291.9222597809776,-244.92225978097758
2021-06-19 15:00:00,1434A,SHP,60.0,289.6020028054425,-229.6020028054425
2021-06-19 16:00:00,1434A,SHP,50.0,288.13851025012497,-238.13851025012497
2021-06-19 17:00:00,1434A,SHP,33.0,286.3821682334646,-253.3821682334646
2021-06-19 18:00:00,1434A,SHP,33.0,285.94592565726504,-252.94592565726504
2021-06-19 19:00:00,1434A,SHP,20.0,285.8802688788692,-265.8802688788692
2021-06-19 20:00:00,1434A,SHP,18.0,287.64565632788344,-269.64565632788344
2021-06-19 21:00:00,1434A,SHP,22.0,290.12917064761035,-268.12917064761035
2021-06-19 22:00:00,1434A,SHP,28.0,292.3006652621557,-264.3006652621557
2021-06-19 23:00:00,1434A,SHP,34.0,292.1540232012988,-258.1540232012988
2021-06-20 00:00:00,1434A,SHP,37.0,292.2569498387964,-255.2569498387964
2021-06-20 01:00:00,1434A,SHP,42.0,292.83395540083825,-250.83395540083825
2021-06-20 02:00:00,1434A,SHP,44.0,293.37212889667524,-249.37212889667524
2021-06-20 03:00:00,1434A,SHP,48.0,293.83848061782044,-245.83848061782044
2021-06-20 04:00:00,1434A,SHP,44.0,293.69101572226623,-249.69101572226623
2021-06-20 05:00:00,1434A,SHP,41.0,293.4127851368477,-252.41278513684767
2021-06-20 06:00:00,1434A,SHP,40.0,293.0573414588472,-253.0573414588472
2021-06-20 07:00:00,1434A,SHP,47.0,292.5712249500152,-245.57122495001522
2021-06-20 08:00:00,1434A,SHP,43.0,292.8191972930961,-249.81919729309612
2021-06-20 09:00:00,1434A,SHP,45.0,293.9902059389559,-248.9902059389559
2021-06-20 10:00:00,1434A,SHP,49.0,296.17200213644975,-247.17200213644975
2021-06-20 11:00:00,1434A,SHP,63.0,297.11312385853125,-234.11312385853125
2021-06-20 12:00:00,1434A,SHP,73.0,296.3749627013727,-223.37496270137268
2021-06-20 13:00:00,1434A,SHP,46.0,295.04644277310734,-249.04644277310734
2021-06-20 14:00:00,1434A,SHP,41.0,292.9966358423088,-251.99663584230882
2021-06-20 15:00:00,1434A,SHP,54.0,290.67637886677375,-236.67637886677375
2021-06-20 16:00:00,1434A,SHP,40.0,289.2128863114562,-249.2128863114562
2021-06-20 17:00:00,1434A,SHP,23.0,287.45654429479583,-264.45654429479583
2021-06-20 18:00:00,1434A,SHP,22.0,287.0203017185963,-265.0203017185963
2021-06-20 19:00:00,1434A,SHP,12.0,286.9546449402004,-274.9546449402004
2021-06-20 20:00:00,1434A,SHP,,288.7200323892147,
2021-06-20 21:00:00,1434A,SHP,15.0,291.2035467089416,-276.2035467089416
2021-06-20 22:00:00,1434A,SHP,21.0,293.3750413234869,-272.3750413234869
2021-06-20 23:00:00,1434A,SHP,21.0,293.22839926263003,-272.22839926263003
2021-06-21 00:00:00,1434A,SHP,23.0,293.33132590012764,-270.33132590012764
2021-06-21 01:00:00,1434A,SHP,26.0,293.9083314621695,-267.9083314621695
2021-06-21 02:00:00,1434A,SHP,30.0,294.44650495800647,-264.44650495800647
2021-06-21 03:00:00,1434A,SHP,33.0,294.9128566791517,-261.9128566791517
2021-06-21 04:00:00,1434A,SHP,37.0,294.76539178359747,-257.76539178359747
2021-06-21 05:00:00,1434A,SHP,37.0,294.4871611981789,-257.4871611981789
2021-06-21 06:00:00,1434A,SHP,37.0,294.1317175201784,-257.1317175201784
2021-06-21 07:00:00,1434A,SHP,36.0,293.64560101134646,-257.64560101134646
2021-06-21 08:00:00,1434A,SHP,30.0,293.89357335442736,-263.89357335442736
2021-06-21 09:00:00,1434A,SHP,28.0,295.06458200028715,-267.06458200028715
2021-06-21 10:00:00,1434A,SHP,41.0,297.246378197781,-256.246378197781
2021-06-21 11:00:00,1434A,SHP,52.0,298.1874999198625,-246.1874999198625
2021-06-21 12:00:00,1434A,SHP,67.0,297.4493387627039,-230.44933876270392
2021-06-21 13:00:00,1434A,SHP,84.0,296.1208188344386,-212.12081883443858
2021-06-21 14:00:00,1434A,SHP,80.0,294.07101190364006,-214.07101190364006
2021-06-21 15:00:00,1434A,SHP,52.0,291.750754928105,-239.75075492810498
2021-06-21 16:00:00,1434A,SHP,24.0,290.28726237278744,-266.28726237278744
2021-06-21 17:00:00,1434A,SHP,16.0,288.53092035612707,-272.53092035612707
2021-06-21 18:00:00,1434A,SHP,14.0,288.0946777799275,-274.0946777799275
2021-06-21 19:00:00,1434A,SHP,17.0,288.02902100153165,-271.02902100153165
2021-06-21 20:00:00,1434A,SHP,20.0,289.7944084505459,-269.7944084505459
2021-06-21 21:00:00,1434A,SHP,20.0,292.2779227702728,-272.2779227702728
2021-06-21 22:00:00,1434A,SHP,25.0,294.44941738481816,-269.44941738481816
2021-06-21 23:00:00,1434A,SHP,33.0,294.30277532396127,-261.30277532396127
2021-06-22 00:00:00,1434A,SHP,49.0,294.4057019614589,-245.40570196145887
2021-06-22 01:00:00,1434A,SHP,,294.9827075235007,
2021-06-22 02:00:00,1434A,SHP,,295.5208810193377,
2021-06-22 03:00:00,1434A,SHP,,295.9872327404829,
2021-06-22 04:00:00,1434A,SHP,,295.8397678449287,
2021-06-22 05:00:00,1434A,SHP,,295.56153725951015,
2021-06-22 06:00:00,1434A,SHP,,295.20609358150966,
2021-06-22 07:00:00,1434A,SHP,,294.7199770726777,
2021-06-22 08:00:00,1434A,SHP,71.0,294.9679494157586,-223.9679494157586
2021-06-22 09:00:00,1434A,SHP,78.0,296.1389580616184,-218.13895806161838
2021-06-22 10:00:00,1434A,SHP,91.0,298.3207542591122,-207.32075425911222
2021-06-22 11:00:00,1434A,SHP,82.0,299.2618759811937,-217.26187598119373
2021-06-22 12:00:00,1434A,SHP,38.0,298.52371482403515,-260.52371482403515
2021-06-22 13:00:00,1434A,SHP,28.0,297.1951948957698,-269.1951948957698
2021-06-22 14:00:00,1434A,SHP,22.0,295.1453879649713,-273.1453879649713
2021-06-22 15:00:00,1434A,SHP,23.0,292.8251309894362,-269.8251309894362
2021-06-22 16:00:00,1434A,SHP,28.0,291.3616384341187,-263.3616384341187
2021-06-22 17:00:00,1434A,SHP,26.0,289.6052964174583,-263.6052964174583
2021-06-22 18:00:00,1434A,SHP,21.0,289.16905384125874,-268.16905384125874
2021-06-22 19:00:00,1434A,SHP,16.0,289.1033970628629,-273.1033970628629
2021-06-22 20:00:00,1434A,SHP,20.0,290.86878451187715,-270.86878451187715
2021-06-22 21:00:00,1434A,SHP,20.0,293.35229883160406,-273.35229883160406
2021-06-22 22:00:00,1434A,SHP,24.0,295.5237934461494,-271.5237934461494
2021-06-22 23:00:00,1434A,SHP,30.0,295.3771513852925,-265.3771513852925
2021-06-23 00:00:00,1434A,SHP,30.0,295.4800780227901,-265.4800780227901
2021-06-23 01:00:00,1434A,SHP,33.0,296.05708358483196,-263.05708358483196
2021-06-23 02:00:00,1434A,SHP,32.0,296.59525708066894,-264.59525708066894
2021-06-23 03:00:00,1434A,SHP,35.0,297.06160880181415,-262.06160880181415
2021-06-23 04:00:00,1434A,SHP,41.0,296.91414390625994,-255.91414390625994
2021-06-23 05:00:00,1434A,SHP,38.0,296.6359133208414,-258.6359133208414
2021-06-23 06:00:00,1434A,SHP,39.0,296.2804696428409,-257.2804696428409
2021-06-23 07:00:00,1434A,SHP,52.0,295.79435313400893,-243.79435313400893
2021-06-23 08:00:00,1434A,SHP,64.0,296.04232547708983,-232.04232547708983
2021-06-23 09:00:00,1434A,SHP,56.0,297.2133341229496,-241.21333412294962
2021-06-23 10:00:00,1434A,SHP,58.0,299.39513032044346,-241.39513032044346
2021-06-23 11:00:00,1434A,SHP,,300.33625204252496,
2021-06-23 12:00:00,1434A,SHP,71.0,299.5980908853664,-228.5980908853664
2021-06-23 13:00:00,1434A,SHP,63.0,298.26957095710105,-235.26957095710105
2021-06-23 14:00:00,1434A,SHP,56.0,296.2197640263025,-240.21976402630253
2021-06-23 15:00:00,1434A,SHP,52.0,293.89950705076745,-241.89950705076745
2021-06-23 16:00:00,1434A,SHP,57.0,292.4360144954499,-235.4360144954499
2021-06-23 17:00:00,1434A,SHP,75.0,290.67967247878954,-215.67967247878954
2021-06-23 18:00:00,1434A,SHP,61.0,290.24342990259,-229.24342990258998
2021-06-23 19:00:00,1434A,SHP,56.0,290.1777731241941,-234.17777312419412
2021-06-23 20:00:00,1434A,SHP,52.0,291.9431605732084,-239.9431605732084
2021-06-23 21:00:00,1434A,SHP,50.0,294.4266748929353,-244.4266748929353
2021-06-23 22:00:00,1434A,SHP,43.0,296.59816950748063,-253.59816950748063
2021-06-23 23:00:00,1434A,SHP,46.0,296.45152744662374,-250.45152744662374
2021-06-24 00:00:00,1434A,SHP,55.0,296.55445408412135,-241.55445408412135
2021-06-24 01:00:00,1434A,SHP,58.0,297.1314596461632,-239.1314596461632
2021-06-24 02:00:00,1434A,SHP,68.0,297.6696331420002,-229.66963314200018
2021-06-24 03:00:00,1434A,SHP,69.0,298.1359848631454,-229.13598486314538
2021-06-24 04:00:00,1434A,SHP,68.0,297.9885199675912,-229.98851996759117
2021-06-24 05:00:00,1434A,SHP,71.0,297.7102893821726,-226.71028938217262
2021-06-24 06:00:00,1434A,SHP,83.0,297.35484570417213,-214.35484570417213
2021-06-24 07:00:00,1434A,SHP,82.0,296.86872919534017,-214.86872919534017
2021-06-24 08:00:00,1434A,SHP,76.0,297.11670153842107,-221.11670153842107
2021-06-24 09:00:00,1434A,SHP,81.0,298.28771018428085,-217.28771018428085
2021-06-24 10:00:00,1434A,SHP,66.0,300.4695063817747,-234.4695063817747
2021-06-24 11:00:00,1434A,SHP,57.0,301.4106281038562,-244.4106281038562
2021-06-24 12:00:00,1434A,SHP,56.0,300.6724669466976,-244.67246694669763
2021-06-24 13:00:00,1434A,SHP,58.0,299.3439470184323,-241.3439470184323
2021-06-24 14:00:00,1434A,SHP,56.0,297.29414008763376,-241.29414008763376
2021-06-24 15:00:00,1434A,SHP,52.0,294.9738831120987,-242.9738831120987
2021-06-24 16:00:00,1434A,SHP,46.0,293.51039055678115,-247.51039055678115
2021-06-24 17:00:00,1434A,SHP,36.0,291.7540485401208,-255.75404854012078
2021-06-24 18:00:00,1434A,SHP,36.0,291.3178059639212,-255.31780596392122
2021-06-24 19:00:00,1434A,SHP,23.0,291.25214918552535,-268.25214918552535
2021-06-24 20:00:00,1434A,SHP,18.0,293.0175366345396,-275.0175366345396
2021-06-24 21:00:00,1434A,SHP,22.0,295.50105095426653,-273.50105095426653
2021-06-24 22:00:00,1434A,SHP,22.0,297.67254556881187,-275.67254556881187
2021-06-24 23:00:00,1434A,SHP,22.0,297.525903507955,-275.525903507955
2021-06-25 00:00:00,1434A,SHP,20.0,297.6288301454526,-277.6288301454526
2021-06-25 01:00:00,1434A,SHP,18.0,298.20583570749443,-280.20583570749443
2021-06-25 02:00:00,1434A,SHP,15.0,298.7440092033314,-283.7440092033314
2021-06-25 03:00:00,1434A,SHP,18.0,299.2103609244766,-281.2103609244766
2021-06-25 04:00:00,1434A,SHP,20.0,299.0628960289224,-279.0628960289224
2021-06-25 05:00:00,1434A,SHP,24.0,298.78466544350385,-274.78466544350385
2021-06-25 06:00:00,1434A,SHP,26.0,298.42922176550337,-272.42922176550337
2021-06-25 07:00:00,1434A,SHP,27.0,297.9431052566714,-270.9431052566714
2021-06-25 08:00:00,1434A,SHP,22.0,298.1910775997523,-276.1910775997523
2021-06-25 09:00:00,1434A,SHP,21.0,299.3620862456121,-278.3620862456121
2021-06-25 10:00:00,1434A,SHP,19.0,301.54388244310593,-282.54388244310593
2021-06-25 11:00:00,1434A,SHP,18.0,302.48500416518743,-284.48500416518743
2021-06-25 12:00:00,1434A,SHP,19.0,301.74684300802886,-282.74684300802886
2021-06-25 13:00:00,1434A,SHP,22.0,300.4183230797635,-278.4183230797635
2021-06-25 14:00:00,1434A,SHP,24.0,298.368516148965,-274.368516148965
2021-06-25 15:00:00,1434A,SHP,28.0,296.0482591734299,-268.0482591734299
2021-06-25 16:00:00,1434A,SHP,22.0,294.5847666181124,-272.5847666181124
2021-06-25 17:00:00,1434A,SHP,17.0,292.828424601452,-275.828424601452
2021-06-25 18:00:00,1434A,SHP,15.0,292.39218202525245,-277.39218202525245
2021-06-25 19:00:00,1434A,SHP,15.0,292.3265252468566,-277.3265252468566
2021-06-25 20:00:00,1434A,SHP,13.0,294.09191269587086,-281.09191269587086
2021-06-25 21:00:00,1434A,SHP,14.0,296.57542701559777,-282.57542701559777
2021-06-25 22:00:00,1434A,SHP,14.0,298.7469216301431,-284.7469216301431
2021-06-25 23:00:00,1434A,SHP,14.0,298.6002795692862,-284.6002795692862
2021-06-26 00:00:00,1434A,SHP,16.0,298.7032062067838,-282.7032062067838
2021-06-26 01:00:00,1434A,SHP,19.0,299.28021176882567,-280.28021176882567
2021-06-26 02:00:00,1434A,SHP,21.0,299.81838526466265,-278.81838526466265
2021-06-26 03:00:00,1434A,SHP,25.0,300.28473698580785,-275.28473698580785
2021-06-26 04:00:00,1434A,SHP,33.0,300.13727209025365,-267.13727209025365
2021-06-26 05:00:00,1434A,SHP,28.0,299.8590415048351,-271.8590415048351
2021-06-26 06:00:00,1434A,SHP,26.0,299.5035978268346,-273.5035978268346
2021-06-26 07:00:00,1434A,SHP,31.0,299.01748131800264,-268.01748131800264
2021-06-26 08:00:00,1434A,SHP,30.0,299.26545366108354,-269.26545366108354
2021-06-26 09:00:00,1434A,SHP,18.0,300.4364623069433,-282.4364623069433
2021-06-26 10:00:00,1434A,SHP,21.0,302.61825850443716,-281.61825850443716
2021-06-26 11:00:00,1434A,SHP,21.0,303.55938022651867,-282.55938022651867
2021-06-26 12:00:00,1434A,SHP,30.0,302.8212190693601,-272.8212190693601
2021-06-26 13:00:00,1434A,SHP,38.0,301.49269914109476,-263.49269914109476
2021-06-26 14:00:00,1434A,SHP,49.0,299.44289221029624,-250.44289221029624
2021-06-26 15:00:00,1434A,SHP,44.0,297.12263523476116,-253.12263523476116
2021-06-26 16:00:00,1434A,SHP,45.0,295.6591426794436,-250.65914267944362
2021-06-26 17:00:00,1434A,SHP,45.0,293.90280066278325,-248.90280066278325
2021-06-26 18:00:00,1434A,SHP,45.0,293.4665580865837,-248.4665580865837
2021-06-26 19:00:00,1434A,SHP,36.0,293.4009013081878,-257.4009013081878
2021-06-26 20:00:00,1434A,SHP,31.0,295.1662887572021,-264.1662887572021
2021-06-26 21:00:00,1434A,SHP,31.0,297.649803076929,-266.649803076929
2021-06-26 22:00:00,1434A,SHP,29.0,299.82129769147434,-270.82129769147434
2021-06-26 23:00:00,1434A,SHP,30.0,299.67465563061745,-269.67465563061745
2021-06-27 00:00:00,1434A,SHP,31.0,299.77758226811505,-268.77758226811505
2021-06-27 01:00:00,1434A,SHP,32.0,300.3545878301569,-268.3545878301569
2021-06-27 02:00:00,1434A,SHP,36.0,300.8927613259939,-264.8927613259939
2021-06-27 03:00:00,1434A,SHP,38.0,301.3591130471391,-263.3591130471391
2021-06-27 04:00:00,1434A,SHP,41.0,301.2116481515849,-260.2116481515849
2021-06-27 05:00:00,1434A,SHP,44.0,300.9334175661663,-256.9334175661663
2021-06-27 06:00:00,1434A,SHP,44.0,300.57797388816584,-256.57797388816584
2021-06-27 07:00:00,1434A,SHP,42.0,300.0918573793339,-258.0918573793339
2021-06-27 08:00:00,1434A,SHP,46.0,300.3398297224148,-254.33982972241478
2021-06-27 09:00:00,1434A,SHP,50.0,301.51083836827456,-251.51083836827456
2021-06-27 10:00:00,1434A,SHP,54.0,303.6926345657684,-249.6926345657684
2021-06-27 11:00:00,1434A,SHP,56.0,304.6337562878499,-248.6337562878499
2021-06-27 12:00:00,1434A,SHP,54.0,303.89559513069133,-249.89559513069133
2021-06-27 13:00:00,1434A,SHP,54.0,302.567075202426,-248.567075202426
2021-06-27 14:00:00,1434A,SHP,33.0,300.5172682716275,-267.5172682716275
2021-06-27 15:00:00,1434A,SHP,23.0,298.1970112960924,-275.1970112960924
2021-06-27 16:00:00,1434A,SHP,30.0,296.73351874077485,-266.73351874077485
2021-06-27 17:00:00,1434A,SHP,17.0,294.9771767241145,-277.9771767241145
2021-06-27 18:00:00,1434A,SHP,19.0,294.5409341479149,-275.5409341479149
2021-06-27 19:00:00,1434A,SHP,24.0,294.47527736951906,-270.47527736951906
2021-06-27 20:00:00,1434A,SHP,25.0,296.24066481853333,-271.24066481853333
2021-06-27 21:00:00,1434A,SHP,22.0,298.72417913826024,-276.72417913826024
2021-06-27 22:00:00,1434A,SHP,22.0,300.8956737528056,-278.8956737528056
2021-06-27 23:00:00,1434A,SHP,24.0,300.7490316919487,-276.7490316919487
2021-06-28 00:00:00,1434A,SHP,24.0,300.8519583294463,-276.8519583294463
2021-06-28 01:00:00,1434A,SHP,26.0,301.42896389148814,-275.42896389148814
2021-06-28 02:00:00,1434A,SHP,26.0,301.9671373873251,-275.9671373873251
2021-06-28 03:00:00,1434A,SHP,26.0,302.4334891084703,-276.4334891084703
2021-06-28 04:00:00,1434A,SHP,33.0,302.2860242129161,-269.2860242129161
2021-06-28 05:00:00,1434A,SHP,32.0,302.00779362749756,-270.00779362749756
2021-06-28 06:00:00,1434A,SHP,32.0,301.6523499494971,-269.6523499494971
2021-06-28 07:00:00,1434A,SHP,34.0,301.1662334406651,-267.1662334406651
2021-06-28 08:00:00,1434A,SHP,38.0,301.414205783746,-263.414205783746
2021-06-28 09:00:00,1434A,SHP,51.0,302.5852144296058,-251.5852144296058
2021-06-28 10:00:00,1434A,SHP,55.0,304.76701062709964,-249.76701062709964
2021-06-28 11:00:00,1434A,SHP,65.0,305.70813234918114,-240.70813234918114
2021-06-28 12:00:00,1434A,SHP,66.0,304.96997119202257,-238.96997119202257
2021-06-28 13:00:00,1434A,SHP,51.0,303.64145126375723,-252.64145126375723
2021-06-28 14:00:00,1434A,SHP,30.0,301.5916443329587,-271.5916443329587
2021-06-28 15:00:00,1434A,SHP,22.0,299.27138735742363,-277.27138735742363
2021-06-28 16:00:00,1434A,SHP,12.0,297.8078948021061,-285.8078948021061
2021-06-28 17:00:00,1434A,SHP,12.0,296.0515527854457,-284.0515527854457
2021-06-28 18:00:00,1434A,SHP,10.0,295.61531020924616,-285.61531020924616
2021-06-28 19:00:00,1434A,SHP,2.0,295.5496534308503,-293.5496534308503
2021-06-28 20:00:00,1434A,SHP,4.0,297.31504087986457,-293.31504087986457
2021-06-28 21:00:00,1434A,SHP,8.0,299.7985551995915,-291.7985551995915
2021-06-28 22:00:00,1434A,SHP,7.0,301.9700498141368,-294.9700498141368
2021-06-28 23:00:00,1434A,SHP,7.0,301.8234077532799,-294.8234077532799
2021-06-29 00:00:00,1434A,SHP,7.0,301.9263343907775,-294.9263343907775
2021-06-29 01:00:00,1434A,SHP,7.0,302.5033399528194,-295.5033399528194
2021-06-29 02:00:00,1434A,SHP,8.0,303.04151344865636,-295.04151344865636
2021-06-29 03:00:00,1434A,SHP,8.0,303.50786516980156,-295.50786516980156
2021-06-29 04:00:00,1434A,SHP,13.0,303.36040027424735,-290.36040027424735
2021-06-29 05:00:00,1434A,SHP,12.0,303.0821696888288,-291.0821696888288
2021-06-29 06:00:00,1434A,SHP,12.0,302.7267260108283,-290.7267260108283
2021-06-29 07:00:00,1434A,SHP,12.0,302.24060950199635,-290.24060950199635
2021-06-29 08:00:00,1434A,SHP,14.0,302.48858184507725,-288.48858184507725
2021-06-29 09:00:00,1434A,SHP,10.0,303.65959049093703,-293.65959049093703
2021-06-29 10:00:00,1434A,SHP,9.0,305.8413866884309,-296.8413866884309
2021-06-29 11:00:00,1434A,SHP,11.0,306.7825084105124,-295.7825084105124
2021-06-29 12:00:00,1434A,SHP,12.0,306.0443472533538,-294.0443472533538
2021-06-29 13:00:00,1434A,SHP,14.0,304.71582732508847,-290.71582732508847
2021-06-29 14:00:00,1434A,SHP,15.0,302.66602039428994,-287.66602039428994
2021-06-29 15:00:00,1434A,SHP,16.0,300.34576341875487,-284.34576341875487
2021-06-29 16:00:00,1434A,SHP,18.0,298.8822708634373,-280.8822708634373
2021-06-29 17:00:00,1434A,SHP,20.0,297.12592884677696,-277.12592884677696
2021-06-29 18:00:00,1434A,SHP,22.0,296.6896862705774,-274.6896862705774
2021-06-29 19:00:00,1434A,SHP,21.0,296.62402949218153,-275.62402949218153
2021-06-29 20:00:00,1434A,SHP,19.0,298.3894169411958,-279.3894169411958
2021-06-29 21:00:00,1434A,SHP,13.0,300.8729312609227,-287.8729312609227
2021-06-29 22:00:00,1434A,SHP,15.0,303.04442587546805,-288.04442587546805
2021-06-29 23:00:00,1434A,SHP,15.0,302.89778381461116,-287.89778381461116
2021-06-30 00:00:00,1434A,SHP,11.0,303.00071045210876,-292.00071045210876
2021-06-30 01:00:00,1434A,SHP,10.0,303.5777160141506,-293.5777160141506
2021-06-30 02:00:00,1434A,SHP,10.0,304.1158895099876,-294.1158895099876
2021-06-30 03:00:00,1434A,SHP,10.0,304.5822412311328,-294.5822412311328
2021-06-30 04:00:00,1434A,SHP,14.0,304.4347763355786,-290.4347763355786
2021-06-30 05:00:00,1434A,SHP,18.0,304.15654575016003,-286.15654575016003
2021-06-30 06:00:00,1434A,SHP,15.0,303.80110207215955,-288.80110207215955
2021-06-30 07:00:00,1434A,SHP,17.0,303.3149855633276,-286.3149855633276
2021-06-30 08:00:00,1434A,SHP,17.0,303.5629579064085,-286.5629579064085
2021-06-30 09:00:00,1434A,SHP,19.0,304.73396655226827,-285.73396655226827
2021-06-30 10:00:00,1434A,SHP,21.0,306.9157627497621,-285.9157627497621
2021-06-30 11:00:00,1434A,SHP,17.0,307.8568844718436,-290.8568844718436
2021-06-30 12:00:00,1434A,SHP,19.0,307.11872331468504,-288.11872331468504
2021-06-30 13:00:00,1434A,SHP,28.0,305.7902033864197,-277.7902033864197
2021-06-30 14:00:00,1434A,SHP,22.0,303.7403964556212,-281.7403964556212
2021-06-30 15:00:00,1434A,SHP,20.0,301.4201394800861,-281.4201394800861
2021-06-30 16:00:00,1434A,SHP,23.0,299.95664692476856,-276.95664692476856
2021-06-30 17:00:00,1434A,SHP,27.0,298.2003049081082,-271.2003049081082
2021-06-30 18:00:00,1434A,SHP,27.0,297.76406233190863,-270.76406233190863
2021-06-30 19:00:00,1434A,SHP,32.0,297.69840555351277,-265.69840555351277
2021-06-30 20:00:00,1434A,SHP,29.0,299.46379300252704,-270.46379300252704
2021-06-30 21:00:00,1434A,SHP,30.0,301.94730732225395,-271.94730732225395
2021-06-30 22:00:00,1434A,SHP,30.0,304.1188019367993,-274.1188019367993
2021-06-30 23:00:00,1434A,SHP,31.0,303.9721598759424,-272.9721598759424
2021-07-01 00:00:00,1434A,SHP,31.0,304.07508651344,-273.07508651344
2021-07-01 01:00:00,1434A,SHP,31.0,304.65209207548185,-273.65209207548185
2021-07-01 02:00:00,1434A,SHP,31.0,305.19026557131883,-274.19026557131883
2021-07-01 03:00:00,1434A,SHP,29.0,305.65661729246403,-276.65661729246403
2021-07-01 04:00:00,1434A,SHP,31.0,305.5091523969098,-274.5091523969098
2021-07-01 05:00:00,1434A,SHP,31.0,305.23092181149127,-274.23092181149127
2021-07-01 06:00:00,1434A,SHP,32.0,304.8754781334908,-272.8754781334908
2021-07-01 07:00:00,1434A,SHP,33.0,304.3893616246588,-271.3893616246588
2021-07-01 08:00:00,1434A,SHP,36.0,304.6373339677397,-268.6373339677397
2021-07-01 09:00:00,1434A,SHP,35.0,305.8083426135995,-270.8083426135995
2021-07-01 10:00:00,1434A,SHP,34.0,307.99013881109335,-273.99013881109335
2021-07-01 11:00:00,1434A,SHP,32.0,308.93126053317485,-276.93126053317485
2021-07-01 12:00:00,1434A,SHP,43.0,308.1930993760163,-265.1930993760163
2021-07-01 13:00:00,1434A,SHP,62.0,306.86457944775094,-244.86457944775094
2021-07-01 14:00:00,1434A,SHP,44.0,304.8147725169524,-260.8147725169524
2021-07-01 15:00:00,1434A,SHP,42.0,302.49451554141734,-260.49451554141734
2021-07-01 16:00:00,1434A,SHP,42.0,301.0310229860998,-259.0310229860998
2021-07-01 17:00:00,1434A,SHP,28.0,299.27468096943943,-271.27468096943943
2021-07-01 18:00:00,1434A,SHP,30.0,298.83843839323987,-268.83843839323987
2021-07-01 19:00:00,1434A,SHP,27.0,298.772781614844,-271.772781614844
2021-07-01 20:00:00,1434A,SHP,26.0,300.5381690638583,-274.5381690638583
2021-07-01 21:00:00,1434A,SHP,27.0,303.0216833835852,-276.0216833835852
2021-07-01 22:00:00,1434A,SHP,28.0,305.1931779981305,-277.1931779981305
2021-07-01 23:00:00,1434A,SHP,26.0,305.04653593727363,-279.04653593727363
2021-07-02 00:00:00,1434A,SHP,30.0,305.14946257477123,-275.14946257477123
2021-07-02 01:00:00,1434A,SHP,31.0,305.7264681368131,-274.7264681368131
2021-07-02 02:00:00,1434A,SHP,35.0,306.26464163265007,-271.26464163265007
2021-07-02 03:00:00,1434A,SHP,37.0,306.73099335379527,-269.73099335379527
2021-07-02 04:00:00,1434A,SHP,38.0,306.58352845824106,-268.58352845824106
2021-07-02 05:00:00,1434A,SHP,40.0,306.3052978728225,-266.3052978728225
2021-07-02 06:00:00,1434A,SHP,38.0,305.949854194822,-267.949854194822
2021-07-02 07:00:00,1434A,SHP,35.0,305.46373768599005,-270.46373768599005
2021-07-02 08:00:00,1434A,SHP,32.0,305.71171002907096,-273.71171002907096
2021-07-02 09:00:00,1434A,SHP,35.0,306.88271867493074,-271.88271867493074
2021-07-02 10:00:00,1434A,SHP,38.0,309.0645148724246,-271.0645148724246
2021-07-02 11:00:00,1434A,SHP,40.0,310.0056365945061,-270.0056365945061
2021-07-02 12:00:00,1434A,SHP,28.0,309.2674754373475,-281.2674754373475
2021-07-02 13:00:00,1434A,SHP,18.0,307.9389555090822,-289.9389555090822
2021-07-02 14:00:00,1434A,SHP,15.0,305.88914857828365,-290.88914857828365
2021-07-02 15:00:00,1434A,SHP,22.0,303.5688916027486,-281.5688916027486
2021-07-02 16:00:00,1434A,SHP,16.0,302.10539904743104,-286.10539904743104
2021-07-02 17:00:00,1434A,SHP,14.0,300.34905703077067,-286.34905703077067
2021-07-02 18:00:00,1434A,SHP,10.0,299.9128144545711,-289.9128144545711
2021-07-02 19:00:00,1434A,SHP,10.0,299.84715767617524,-289.84715767617524
2021-07-02 20:00:00,1434A,SHP,8.0,301.6125451251895,-293.6125451251895
2021-07-02 21:00:00,1434A,SHP,6.0,304.0960594449164,-298.0960594449164
2021-07-02 22:00:00,1434A,SHP,7.0,306.26755405946176,-299.26755405946176
2021-07-02 23:00:00,1434A,SHP,8.0,306.12091199860487,-298.12091199860487
2021-07-03 00:00:00,1434A,SHP,9.0,306.22383863610247,-297.22383863610247
2021-07-03 01:00:00,1434A,SHP,11.0,306.8008441981443,-295.8008441981443
2021-07-03 02:00:00,1434A,SHP,36.0,307.3390176939813,-271.3390176939813
2021-07-03 03:00:00,1434A,SHP,23.0,307.8053694151265,-284.8053694151265
2021-07-03 04:00:00,1434A,SHP,14.0,307.6579045195723,-293.6579045195723
2021-07-03 05:00:00,1434A,SHP,12.0,307.37967393415374,-295.37967393415374
2021-07-03 06:00:00,1434A,SHP,13.0,307.02423025615326,-294.02423025615326
2021-07-03 07:00:00,1434A,SHP,22.0,306.5381137473213,-284.5381137473213
2021-07-03 08:00:00,1434A,SHP,38.0,306.7860860904022,-268.7860860904022
2021-07-03 09:00:00,1434A,SHP,21.0,307.957094736262,-286.957094736262
2021-07-03 10:00:00,1434A,SHP,16.0,310.1388909337558,-294.1388909337558
2021-07-03 11:00:00,1434A,SHP,14.0,311.0800126558373,-297.0800126558373
2021-07-03 12:00:00,1434A,SHP,13.0,310.34185149867875,-297.34185149867875
2021-07-03 13:00:00,1434A,SHP,16.0,309.0133315704134,-293.0133315704134
2021-07-03 14:00:00,1434A,SHP,15.0,306.9635246396149,-291.9635246396149
2021-07-03 15:00:00,1434A,SHP,14.0,304.6432676640798,-290.6432676640798
2021-07-03 16:00:00,1434A,SHP,15.0,303.17977510876227,-288.17977510876227
2021-07-03 17:00:00,1434A,SHP,15.0,301.4234330921019,-286.4234330921019
2021-07-03 18:00:00,1434A,SHP,14.0,300.98719051590234,-286.98719051590234
2021-07-03 19:00:00,1434A,SHP,17.0,300.9215337375065,-283.9215337375065
2021-07-03 20:00:00,1434A,SHP,28.0,302.68692118652075,-274.68692118652075
2021-07-03 21:00:00,1434A,SHP,24.0,305.17043550624766,-281.17043550624766
2021-07-03 22:00:00,1434A,SHP,36.0,307.341930120793,-271.341930120793
2021-07-03 23:00:00,1434A,SHP,41.0,307.1952880599361,-266.1952880599361
2021-07-04 00:00:00,1434A,SHP,34.0,307.2982146974337,-273.2982146974337
2021-07-04 01:00:00,1434A,SHP,42.0,307.87522025947555,-265.87522025947555
2021-07-04 02:00:00,1434A,SHP,32.0,308.41339375531254,-276.41339375531254
2021-07-04 03:00:00,1434A,SHP,28.0,308.87974547645774,-280.87974547645774
2021-07-04 04:00:00,1434A,SHP,33.0,308.73228058090353,-275.73228058090353
2021-07-04 05:00:00,1434A,SHP,25.0,308.454049995485,-283.454049995485
2021-07-04 06:00:00,1434A,SHP,15.0,308.0986063174845,-293.0986063174845
2021-07-04 07:00:00,1434A,SHP,14.0,307.6124898086525,-293.6124898086525
2021-07-04 08:00:00,1434A,SHP,15.0,307.86046215173343,-292.86046215173343
2021-07-04 09:00:00,1434A,SHP,19.0,309.0314707975932,-290.0314707975932
2021-07-04 10:00:00,1434A,SHP,20.0,311.21326699508705,-291.21326699508705
2021-07-04 11:00:00,1434A,SHP,20.0,312.15438871716856,-292.15438871716856
2021-07-04 12:00:00,1434A,SHP,22.0,311.41622756001,-289.41622756001
2021-07-04 13:00:00,1434A,SHP,26.0,310.08770763174465,-284.08770763174465
2021-07-04 14:00:00,1434A,SHP,22.0,308.0379007009461,-286.0379007009461
2021-07-04 15:00:00,1434A,SHP,17.0,305.71764372541105,-288.71764372541105
2021-07-04 16:00:00,1434A,SHP,17.0,304.2541511700935,-287.2541511700935
2021-07-04 17:00:00,1434A,SHP,16.0,302.49780915343314,-286.49780915343314
2021-07-04 18:00:00,1434A,SHP,17.0,302.0615665772336,-285.0615665772336
2021-07-04 19:00:00,1434A,SHP,19.0,301.9959097988377,-282.9959097988377
2021-07-04 20:00:00,1434A,SHP,22.0,303.761297247852,-281.761297247852
2021-07-04 21:00:00,1434A,SHP,22.0,306.2448115675789,-284.2448115675789
2021-07-04 22:00:00,1434A,SHP,25.0,308.41630618212423,-283.41630618212423
2021-07-04 23:00:00,1434A,SHP,27.0,308.26966412126734,-281.26966412126734
2021-07-05 00:00:00,1434A,SHP,25.0,308.37259075876494,-283.37259075876494
2021-07-05 01:00:00,1434A,SHP,27.0,308.9495963208068,-281.9495963208068
2021-07-05 02:00:00,1434A,SHP,30.0,309.4877698166438,-279.4877698166438
2021-07-05 03:00:00,1434A,SHP,31.0,309.954121537789,-278.954121537789
2021-07-05 04:00:00,1434A,SHP,29.0,309.80665664223477,-280.80665664223477
2021-07-05 05:00:00,1434A,SHP,30.0,309.5284260568162,-279.5284260568162
2021-07-05 06:00:00,1434A,SHP,29.0,309.17298237881573,-280.17298237881573
2021-07-05 07:00:00,1434A,SHP,30.0,308.68686586998376,-278.68686586998376
2021-07-05 08:00:00,1434A,SHP,34.0,308.93483821306467,-274.93483821306467
2021-07-05 09:00:00,1434A,SHP,41.0,310.10584685892445,-269.10584685892445
2021-07-05 10:00:00,1434A,SHP,41.0,312.2876430564183,-271.2876430564183
2021-07-05 11:00:00,1434A,SHP,44.0,313.2287647784998,-269.2287647784998
2021-07-05 12:00:00,1434A,SHP,48.0,312.4906036213412,-264.4906036213412
2021-07-05 13:00:00,1434A,SHP,49.0,311.1620836930759,-262.1620836930759
2021-07-05 14:00:00,1434A,SHP,47.0,309.11227676227736,-262.11227676227736
2021-07-05 15:00:00,1434A,SHP,35.0,306.7920197867423,-271.7920197867423
2021-07-05 16:00:00,1434A,SHP,33.0,305.32852723142474,-272.32852723142474
2021-07-05 17:00:00,1434A,SHP,35.0,303.5721852147644,-268.5721852147644
2021-07-05 18:00:00,1434A,SHP,38.0,303.1359426385648,-265.1359426385648
2021-07-05 19:00:00,1434A,SHP,46.0,303.07028586016895,-257.07028586016895
2021-07-05 20:00:00,1434A,SHP,48.0,304.8356733091832,-256.8356733091832
2021-07-05 21:00:00,1434A,SHP,46.0,307.31918762891013,-261.31918762891013
2021-07-05 22:00:00,1434A,SHP,44.0,309.49068224345547,-265.49068224345547
2021-07-05 23:00:00,1434A,SHP,39.0,309.3440401825986,-270.3440401825986
2021-07-06 00:00:00,1434A,SHP,47.0,309.4469668200962,-262.4469668200962
2021-07-06 01:00:00,1434A,SHP,50.0,310.023972382138,-260.023972382138
2021-07-06 02:00:00,1434A,SHP,52.0,310.562145877975,-258.562145877975
2021-07-06 03:00:00,1434A,SHP,52.0,311.0284975991202,-259.0284975991202
2021-07-06 04:00:00,1434A,SHP,54.0,310.881032703566,-256.881032703566
2021-07-06 05:00:00,1434A,SHP,57.0,310.60280211814745,-253.60280211814745
2021-07-06 06:00:00,1434A,SHP,50.0,310.24735844014697,-260.24735844014697
2021-07-06 07:00:00,1434A,SHP,53.0,309.761241931315,-256.761241931315
2021-07-06 08:00:00,1434A,SHP,57.0,310.0092142743959,-253.0092142743959
2021-07-06 09:00:00,1434A,SHP,55.0,311.1802229202557,-256.1802229202557
2021-07-06 10:00:00,1434A,SHP,58.0,313.3620191177495,-255.36201911774953
2021-07-06 11:00:00,1434A,SHP,60.0,314.30314083983103,-254.30314083983103
2021-07-06 12:00:00,1434A,SHP,64.0,313.56497968267246,-249.56497968267246
2021-07-06 13:00:00,1434A,SHP,68.0,312.2364597544071,-244.23645975440712
2021-07-06 14:00:00,1434A,SHP,65.0,310.1866528236086,-245.1866528236086
2021-07-06 15:00:00,1434A,SHP,72.0,307.8663958480735,-235.86639584807352
2021-07-06 16:00:00,1434A,SHP,60.0,306.402903292756,-246.40290329275598
2021-07-06 17:00:00,1434A,SHP,36.0,304.6465612760956,-268.6465612760956
2021-07-06 18:00:00,1434A,SHP,30.0,304.21031869989605,-274.21031869989605
2021-07-06 19:00:00,1434A,SHP,26.0,304.1446619215002,-278.1446619215002
2021-07-06 20:00:00,1434A,SHP,25.0,305.91004937051446,-280.91004937051446
2021-07-06 21:00:00,1434A,SHP,24.0,308.39356369024136,-284.39356369024136
2021-07-06 22:00:00,1434A,SHP,24.0,310.5650583047867,-286.5650583047867
2021-07-06 23:00:00,1434A,SHP,24.0,310.4184162439298,-286.4184162439298
2021-07-07 00:00:00,1434A,SHP,24.0,310.5213428814274,-286.5213428814274
2021-07-07 01:00:00,1434A,SHP,24.0,311.09834844346926,-287.09834844346926
2021-07-07 02:00:00,1434A,SHP,30.0,311.63652193930625,-281.63652193930625
2021-07-07 03:00:00,1434A,SHP,28.0,312.10287366045145,-284.10287366045145
2021-07-07 04:00:00,1434A,SHP,32.0,311.95540876489724,-279.95540876489724
2021-07-07 05:00:00,1434A,SHP,34.0,311.6771781794787,-277.6771781794787
2021-07-07 06:00:00,1434A,SHP,37.0,311.3217345014782,-274.3217345014782
2021-07-07 07:00:00,1434A,SHP,35.0,310.83561799264623,-275.83561799264623
2021-07-07 08:00:00,1434A,SHP,32.0,311.08359033572714,-279.08359033572714
2021-07-07 09:00:00,1434A,SHP,32.0,312.2545989815869,-280.2545989815869
2021-07-07 10:00:00,1434A,SHP,32.0,314.43639517908076,-282.43639517908076
2021-07-07 11:00:00,1434A,SHP,37.0,315.37751690116227,-278.37751690116227
2021-07-07 12:00:00,1434A,SHP,50.0,314.6393557440037,-264.6393557440037
2021-07-07 13:00:00,1434A,SHP,54.0,313.31083581573836,-259.31083581573836
2021-07-07 14:00:00,1434A,SHP,55.0,311.26102888493983,-256.26102888493983
2021-07-07 15:00:00,1434A,SHP,61.0,308.94077190940476,-247.94077190940476
2021-07-07 16:00:00,1434A,SHP,52.0,307.4772793540872,-255.47727935408722
2021-07-07 17:00:00,1434A,SHP,32.0,305.72093733742685,-273.72093733742685
2021-07-07 18:00:00,1434A,SHP,32.0,305.2846947612273,-273.2846947612273
2021-07-07 19:00:00,1434A,SHP,34.0,305.2190379828314,-271.2190379828314
2021-07-07 20:00:00,1434A,SHP,60.0,306.9844254318457,-246.9844254318457
2021-07-07 21:00:00,1434A,SHP,64.0,309.4679397515726,-245.4679397515726
2021-07-07 22:00:00,1434A,SHP,63.0,311.63943436611794,-248.63943436611794
2021-07-07 23:00:00,1434A,SHP,66.0,311.49279230526105,-245.49279230526105
2021-07-08 00:00:00,1434A,SHP,44.0,311.59571894275865,-267.59571894275865
2021-07-08 01:00:00,1434A,SHP,50.0,312.1727245048005,-262.1727245048005
2021-07-08 02:00:00,1434A,SHP,44.0,312.7108980006375,-268.7108980006375
2021-07-08 03:00:00,1434A,SHP,40.0,313.1772497217827,-273.1772497217827
2021-07-08 04:00:00,1434A,SHP,32.0,313.0297848262285,-281.0297848262285
2021-07-08 05:00:00,1434A,SHP,37.0,312.7515542408099,-275.7515542408099
2021-07-08 06:00:00,1434A,SHP,39.0,312.39611056280944,-273.39611056280944
2021-07-08 07:00:00,1434A,SHP,37.0,311.90999405397747,-274.90999405397747
2021-07-08 08:00:00,1434A,SHP,26.0,312.1579663970584,-286.1579663970584
2021-07-08 09:00:00,1434A,SHP,17.0,313.32897504291816,-296.32897504291816
2021-07-08 10:00:00,1434A,SHP,13.0,315.510771240412,-302.510771240412
2021-07-08 11:00:00,1434A,SHP,17.0,316.4518929624935,-299.4518929624935
2021-07-08 12:00:00,1434A,SHP,24.0,315.71373180533493,-291.71373180533493
2021-07-08 13:00:00,1434A,SHP,22.0,314.3852118770696,-292.3852118770696
2021-07-08 14:00:00,1434A,SHP,23.0,312.33540494627107,-289.33540494627107
2021-07-08 15:00:00,1434A,SHP,16.0,310.015147970736,-294.015147970736
2021-07-08 16:00:00,1434A,SHP,15.0,308.55165541541845,-293.55165541541845
2021-07-08 17:00:00,1434A,SHP,12.0,306.7953133987581,-294.7953133987581
2021-07-08 18:00:00,1434A,SHP,12.0,306.3590708225585,-294.3590708225585
2021-07-08 19:00:00,1434A,SHP,17.0,306.29341404416266,-289.29341404416266
2021-07-08 20:00:00,1434A,SHP,18.0,308.05880149317693,-290.05880149317693
2021-07-08 21:00:00,1434A,SHP,17.0,310.54231581290384,-293.54231581290384
2021-07-08 22:00:00,1434A,SHP,17.0,312.7138104274492,-295.7138104274492
2021-07-08 23:00:00,1434A,SHP,14.0,312.5671683665923,-298.5671683665923
2021-07-09 00:00:00,1434A,SHP,14.0,312.6700950040899,-298.6700950040899
2021-07-09 01:00:00,1434A,SHP,15.0,313.24710056613173,-298.24710056613173
2021-07-09 02:00:00,1434A,SHP,15.0,313.7852740619687,-298.7852740619687
2021-07-09 03:00:00,1434A,SHP,16.0,314.2516257831139,-298.2516257831139
2021-07-09 04:00:00,1434A,SHP,18.0,314.1041608875597,-296.1041608875597
2021-07-09 05:00:00,1434A,SHP,22.0,313.82593030214116,-291.82593030214116
2021-07-09 06:00:00,1434A,SHP,23.0,313.4704866241407,-290.4704866241407
2021-07-09 07:00:00,1434A,SHP,23.0,312.9843701153087,-289.9843701153087
2021-07-09 08:00:00,1434A,SHP,19.0,313.2323424583896,-294.2323424583896
2021-07-09 09:00:00,1434A,SHP,18.0,314.4033511042494,-296.4033511042494
2021-07-09 10:00:00,1434A,SHP,22.0,316.58514730174323,-294.58514730174323
2021-07-09 11:00:00,1434A,SHP,26.0,317.52626902382474,-291.52626902382474
2021-07-09 12:00:00,1434A,SHP,27.0,316.78810786666617,-289.78810786666617
2021-07-09 13:00:00,1434A,SHP,28.0,315.45958793840083,-287.45958793840083
2021-07-09 14:00:00,1434A,SHP,19.0,313.4097810076023,-294.4097810076023
2021-07-09 15:00:00,1434A,SHP,9.0,311.08952403206723,-302.08952403206723
2021-07-09 16:00:00,1434A,SHP,9.0,309.6260314767497,-300.6260314767497
2021-07-09 17:00:00,1434A,SHP,10.0,307.8696894600893,-297.8696894600893
2021-07-09 18:00:00,1434A,SHP,12.0,307.43344688388976,-295.43344688388976
2021-07-09 19:00:00,1434A,SHP,12.0,307.3677901054939,-295.3677901054939
2021-07-09 20:00:00,1434A,SHP,16.0,309.13317755450817,-293.13317755450817
2021-07-09 21:00:00,1434A,SHP,21.0,311.6166918742351,-290.6166918742351
2021-07-09 22:00:00,1434A,SHP,26.0,313.7881864887804,-287.7881864887804
2021-07-09 23:00:00,1434A,SHP,25.0,313.6415444279235,-288.6415444279235
2021-07-10 00:00:00,1434A,SHP,21.0,313.7444710654211,-292.7444710654211
2021-07-10 01:00:00,1434A,SHP,16.0,314.32147662746297,-298.32147662746297
2021-07-10 02:00:00,1434A,SHP,10.0,314.85965012329996,-304.85965012329996
2021-07-10 03:00:00,1434A,SHP,6.0,315.32600184444516,-309.32600184444516
2021-07-10 04:00:00,1434A,SHP,5.0,315.17853694889095,-310.17853694889095
2021-07-10 05:00:00,1434A,SHP,10.0,314.9003063634724,-304.9003063634724
2021-07-10 06:00:00,1434A,SHP,12.0,314.5448626854719,-302.5448626854719
2021-07-10 07:00:00,1434A,SHP,13.0,314.05874617663994,-301.05874617663994
2021-07-10 08:00:00,1434A,SHP,6.0,314.30671851972085,-308.30671851972085
2021-07-10 09:00:00,1434A,SHP,5.0,315.47772716558063,-310.47772716558063
2021-07-10 10:00:00,1434A,SHP,4.0,317.65952336307447,-313.65952336307447
2021-07-10 11:00:00,1434A,SHP,3.0,318.600645085156,-315.600645085156
2021-07-10 12:00:00,1434A,SHP,5.0,317.8624839279974,-312.8624839279974
2021-07-10 13:00:00,1434A,SHP,8.0,316.53396399973207,-308.53396399973207
2021-07-10 14:00:00,1434A,SHP,9.0,314.48415706893354,-305.48415706893354
2021-07-10 15:00:00,1434A,SHP,3.0,312.16390009339847,-309.16390009339847
2021-07-10 16:00:00,1434A,SHP,4.0,310.7004075380809,-306.7004075380809
2021-07-10 17:00:00,1434A,SHP,2.0,308.94406552142055,-306.94406552142055
2021-07-10 18:00:00,1434A,SHP,3.0,308.507822945221,-305.507822945221
2021-07-10 19:00:00,1434A,SHP,4.0,308.44216616682513,-304.44216616682513
2021-07-10 20:00:00,1434A,SHP,4.0,310.2075536158394,-306.2075536158394
2021-07-10 21:00:00,1434A,SHP,6.0,312.6910679355663,-306.6910679355663
2021-07-10 22:00:00,1434A,SHP,11.0,314.86256255011165,-303.86256255011165
2021-07-10 23:00:00,1434A,SHP,14.0,314.71592048925476,-300.71592048925476
2021-07-11 00:00:00,1434A,SHP,12.0,314.81884712675236,-302.81884712675236
2021-07-11 01:00:00,1434A,SHP,6.0,315.3958526887942,-309.3958526887942
2021-07-11 02:00:00,1434A,SHP,6.0,315.9340261846312,-309.9340261846312
2021-07-11 03:00:00,1434A,SHP,6.0,316.4003779057764,-310.4003779057764
2021-07-11 04:00:00,1434A,SHP,10.0,316.2529130102222,-306.2529130102222
2021-07-11 05:00:00,1434A,SHP,22.0,315.97468242480363,-293.97468242480363
2021-07-11 06:00:00,1434A,SHP,18.0,315.61923874680315,-297.61923874680315
2021-07-11 07:00:00,1434A,SHP,15.0,315.1331222379712,-300.1331222379712
2021-07-11 08:00:00,1434A,SHP,12.0,315.3810945810521,-303.3810945810521
2021-07-11 09:00:00,1434A,SHP,10.0,316.55210322691187,-306.55210322691187
2021-07-11 10:00:00,1434A,SHP,,318.7338994244057,
2021-07-11 11:00:00,1434A,SHP,,319.6750211464872,
2021-07-11 12:00:00,1434A,SHP,,318.93685998932864,
2021-07-11 13:00:00,1434A,SHP,18.0,317.6083400610633,-299.6083400610633
2021-07-11 14:00:00,1434A,SHP,17.0,315.5585331302648,-298.5585331302648
2021-07-11 15:00:00,1434A,SHP,12.0,313.2382761547297,-301.2382761547297
2021-07-11 16:00:00,1434A,SHP,9.0,311.77478359941216,-302.77478359941216
2021-07-11 17:00:00,1434A,SHP,7.0,310.0184415827518,-303.0184415827518
2021-07-11 18:00:00,1434A,SHP,6.0,309.58219900655223,-303.58219900655223
2021-07-11 19:00:00,1434A,SHP,7.0,309.51654222815637,-302.51654222815637
2021-07-11 20:00:00,1434A,SHP,7.0,311.28192967717064,-304.28192967717064
2021-07-11 21:00:00,1434A,SHP,7.0,313.76544399689755,-306.76544399689755
2021-07-11 22:00:00,1434A,SHP,6.0,315.9369386114429,-309.9369386114429
2021-07-11 23:00:00,1434A,SHP,10.0,315.790296550586,-305.790296550586
2021-07-12 00:00:00,1434A,SHP,11.0,315.8932231880836,-304.8932231880836
2021-07-12 01:00:00,1434A,SHP,11.0,316.47022875012544,-305.47022875012544
2021-07-12 02:00:00,1434A,SHP,13.0,317.00840224596243,-304.00840224596243
2021-07-12 03:00:00,1434A,SHP,15.0,317.47475396710763,-302.47475396710763
2021-07-12 04:00:00,1434A,SHP,11.0,317.3272890715534,-306.3272890715534
2021-07-12 05:00:00,1434A,SHP,15.0,317.04905848613487,-302.04905848613487
2021-07-12 06:00:00,1434A,SHP,18.0,316.6936148081344,-298.6936148081344
2021-07-12 07:00:00,1434A,SHP,23.0,316.2074982993024,-293.2074982993024
2021-07-12 08:00:00,1434A,SHP,30.0,316.4554706423833,-286.4554706423833
2021-07-12 09:00:00,1434A,SHP,34.0,317.6264792882431,-283.6264792882431
2021-07-12 10:00:00,1434A,SHP,36.0,319.80827548573694,-283.80827548573694
2021-07-12 11:00:00,1434A,SHP,38.0,320.74939720781845,-282.74939720781845
2021-07-12 12:00:00,1434A,SHP,31.0,320.0112360506599,-289.0112360506599
2021-07-12 13:00:00,1434A,SHP,25.0,318.68271612239454,-293.68271612239454
2021-07-12 14:00:00,1434A,SHP,21.0,316.632909191596,-295.632909191596
2021-07-12 15:00:00,1434A,SHP,16.0,314.31265221606094,-298.31265221606094
2021-07-12 16:00:00,1434A,SHP,15.0,312.8491596607434,-297.8491596607434
2021-07-12 17:00:00,1434A,SHP,14.0,311.092817644083,-297.092817644083
2021-07-12 18:00:00,1434A,SHP,14.0,310.65657506788347,-296.65657506788347
2021-07-12 19:00:00,1434A,SHP,15.0,310.5909182894876,-295.5909182894876
2021-07-12 20:00:00,1434A,SHP,16.0,312.3563057385019,-296.3563057385019
2021-07-12 21:00:00,1434A,SHP,16.0,314.8398200582288,-298.8398200582288
2021-07-12 22:00:00,1434A,SHP,17.0,317.0113146727741,-300.0113146727741
2021-07-12 23:00:00,1434A,SHP,20.0,316.86467261191723,-296.86467261191723
2021-07-13 00:00:00,1434A,SHP,17.0,316.96759924941483,-299.96759924941483
2021-07-13 01:00:00,1434A,SHP,16.0,317.5446048114567,-301.5446048114567
2021-07-13 02:00:00,1434A,SHP,16.0,318.08277830729367,-302.08277830729367
2021-07-13 03:00:00,1434A,SHP,15.0,318.54913002843887,-303.54913002843887
2021-07-13 04:00:00,1434A,SHP,17.0,318.40166513288466,-301.40166513288466
2021-07-13 05:00:00,1434A,SHP,18.0,318.1234345474661,-300.1234345474661
2021-07-13 06:00:00,1434A,SHP,18.0,317.7679908694656,-299.7679908694656
2021-07-13 07:00:00,1434A,SHP,19.0,317.28187436063365,-298.28187436063365
2021-07-13 08:00:00,1434A,SHP,20.0,317.52984670371455,-297.52984670371455
2021-07-13 09:00:00,1434A,SHP,19.0,318.70085534957434,-299.70085534957434
2021-07-13 10:00:00,1434A,SHP,20.0,320.8826515470682,-300.8826515470682
2021-07-13 11:00:00,1434A,SHP,22.0,321.8237732691497,-299.8237732691497
2021-07-13 12:00:00,1434A,SHP,23.0,321.0856121119911,-298.0856121119911
2021-07-13 13:00:00,1434A,SHP,22.0,319.7570921837258,-297.7570921837258
2021-07-13 14:00:00,1434A,SHP,19.0,317.70728525292725,-298.70728525292725
2021-07-13 15:00:00,1434A,SHP,19.0,315.3870282773922,-296.3870282773922
2021-07-13 16:00:00,1434A,SHP,21.0,313.92353572207463,-292.92353572207463
2021-07-13 17:00:00,1434A,SHP,22.0,312.16719370541426,-290.16719370541426
2021-07-13 18:00:00,1434A,SHP,21.0,311.7309511292147,-290.7309511292147
2021-07-13 19:00:00,1434A,SHP,21.0,311.66529435081884,-290.66529435081884
2021-07-13 20:00:00,1434A,SHP,20.0,313.4306817998331,-293.4306817998331
2021-07-13 21:00:00,1434A,SHP,20.0,315.91419611956,-295.91419611956
2021-07-13 22:00:00,1434A,SHP,22.0,318.08569073410536,-296.08569073410536
2021-07-13 23:00:00,1434A,SHP,21.0,317.93904867324846,-296.93904867324846
2021-07-14 00:00:00,1434A,SHP,20.0,318.04197531074607,-298.04197531074607
2021-07-14 01:00:00,1434A,SHP,21.0,318.6189808727879,-297.6189808727879
2021-07-14 02:00:00,1434A,SHP,22.0,319.1571543686249,-297.1571543686249
2021-07-14 03:00:00,1434A,SHP,24.0,319.6235060897701,-295.6235060897701
2021-07-14 04:00:00,1434A,SHP,26.0,319.4760411942159,-293.4760411942159
2021-07-14 05:00:00,1434A,SHP,32.0,319.19781060879734,-287.19781060879734
2021-07-14 06:00:00,1434A,SHP,32.0,318.84236693079686,-286.84236693079686
2021-07-14 07:00:00,1434A,SHP,30.0,318.3562504219649,-288.3562504219649
2021-07-14 08:00:00,1434A,SHP,28.0,318.6042227650458,-290.6042227650458
2021-07-14 09:00:00,1434A,SHP,27.0,319.7752314109056,-292.7752314109056
2021-07-14 10:00:00,1434A,SHP,64.0,321.9570276083994,-257.9570276083994
2021-07-14 11:00:00,1434A,SHP,31.0,322.8981493304809,-291.8981493304809
2021-07-14 12:00:00,1434A,SHP,16.0,322.15998817332235,-306.15998817332235
2021-07-14 13:00:00,1434A,SHP,25.0,320.831468245057,-295.831468245057
2021-07-14 14:00:00,1434A,SHP,33.0,318.7816613142585,-285.7816613142585
2021-07-14 15:00:00,1434A,SHP,37.0,316.4614043387234,-279.4614043387234
2021-07-14 16:00:00,1434A,SHP,35.0,314.99791178340587,-279.99791178340587
2021-07-14 17:00:00,1434A,SHP,33.0,313.2415697667455,-280.2415697667455
2021-07-14 18:00:00,1434A,SHP,29.0,312.80532719054594,-283.80532719054594
2021-07-14 19:00:00,1434A,SHP,28.0,312.7396704121501,-284.7396704121501
2021-07-14 20:00:00,1434A,SHP,29.0,314.50505786116435,-285.50505786116435
2021-07-14 21:00:00,1434A,SHP,29.0,316.98857218089125,-287.98857218089125
2021-07-14 22:00:00,1434A,SHP,25.0,319.1600667954366,-294.1600667954366
2021-07-14 23:00:00,1434A,SHP,22.0,319.0134247345797,-297.0134247345797
2021-07-15 00:00:00,1434A,SHP,23.0,319.1163513720773,-296.1163513720773
2021-07-15 01:00:00,1434A,SHP,21.0,319.69335693411915,-298.69335693411915
2021-07-15 02:00:00,1434A,SHP,22.0,320.23153042995614,-298.23153042995614
2021-07-15 03:00:00,1434A,SHP,22.0,320.69788215110134,-298.69788215110134
2021-07-15 04:00:00,1434A,SHP,15.0,320.55041725554713,-305.55041725554713
2021-07-15 05:00:00,1434A,SHP,9.0,320.2721866701286,-311.2721866701286
2021-07-15 06:00:00,1434A,SHP,8.0,319.9167429921281,-311.9167429921281
2021-07-15 07:00:00,1434A,SHP,11.0,319.4306264832961,-308.4306264832961
2021-07-15 08:00:00,1434A,SHP,8.0,319.678598826377,-311.678598826377
2021-07-15 09:00:00,1434A,SHP,13.0,320.8496074722368,-307.8496074722368
2021-07-15 10:00:00,1434A,SHP,16.0,323.03140366973065,-307.03140366973065
2021-07-15 11:00:00,1434A,SHP,11.0,323.97252539181216,-312.97252539181216
2021-07-15 12:00:00,1434A,SHP,8.0,323.2343642346536,-315.2343642346536
2021-07-15 13:00:00,1434A,SHP,9.0,321.90584430638825,-312.90584430638825
2021-07-15 14:00:00,1434A,SHP,9.0,319.8560373755897,-310.8560373755897
2021-07-15 15:00:00,1434A,SHP,9.0,317.53578040005465,-308.53578040005465
2021-07-15 16:00:00,1434A,SHP,8.0,316.0722878447371,-308.0722878447371
2021-07-15 17:00:00,1434A,SHP,4.0,314.31594582807674,-310.31594582807674
2021-07-15 18:00:00,1434A,SHP,5.0,313.8797032518772,-308.8797032518772
2021-07-15 19:00:00,1434A,SHP,4.0,313.8140464734813,-309.8140464734813
2021-07-15 20:00:00,1434A,SHP,4.0,315.5794339224956,-311.5794339224956
2021-07-15 21:00:00,1434A,SHP,4.0,318.0629482422225,-314.0629482422225
2021-07-15 22:00:00,1434A,SHP,3.0,320.2344428567678,-317.2344428567678
2021-07-15 23:00:00,1434A,SHP,8.0,320.08780079591094,-312.08780079591094
2021-07-16 00:00:00,1434A,SHP,13.0,320.19072743340854,-307.19072743340854
2021-07-16 01:00:00,1434A,SHP,12.0,320.7677329954504,-308.7677329954504
2021-07-16 02:00:00,1434A,SHP,7.0,321.3059064912874,-314.3059064912874
2021-07-16 03:00:00,1434A,SHP,6.0,321.7722582124326,-315.7722582124326
2021-07-16 04:00:00,1434A,SHP,8.0,321.62479331687837,-313.62479331687837
2021-07-16 05:00:00,1434A,SHP,8.0,321.3465627314598,-313.3465627314598
2021-07-16 06:00:00,1434A,SHP,10.0,320.99111905345933,-310.99111905345933
2021-07-16 07:00:00,1434A,SHP,10.0,320.50500254462736,-310.50500254462736
2021-07-16 08:00:00,1434A,SHP,9.0,320.75297488770826,-311.75297488770826
2021-07-16 09:00:00,1434A,SHP,7.0,321.92398353356805,-314.92398353356805
2021-07-16 10:00:00,1434A,SHP,9.0,324.1057797310619,-315.1057797310619
2021-07-16 11:00:00,1434A,SHP,8.0,325.0469014531434,-317.0469014531434
2021-07-16 12:00:00,1434A,SHP,8.0,324.3087402959848,-316.3087402959848
2021-07-16 13:00:00,1434A,SHP,9.0,322.9802203677195,-313.9802203677195
2021-07-16 14:00:00,1434A,SHP,9.0,320.93041343692096,-311.93041343692096
2021-07-16 15:00:00,1434A,SHP,11.0,318.6101564613859,-307.6101564613859
2021-07-16 16:00:00,1434A,SHP,14.0,317.14666390606834,-303.14666390606834
2021-07-16 17:00:00,1434A,SHP,9.0,315.39032188940797,-306.39032188940797
2021-07-16 18:00:00,1434A,SHP,7.0,314.9540793132084,-307.9540793132084
2021-07-16 19:00:00,1434A,SHP,6.0,314.88842253481255,-308.88842253481255
2021-07-16 20:00:00,1434A,SHP,7.0,316.6538099838268,-309.6538099838268
2021-07-16 21:00:00,1434A,SHP,8.0,319.1373243035537,-311.1373243035537
2021-07-16 22:00:00,1434A,SHP,9.0,321.30881891809906,-312.30881891809906
2021-07-16 23:00:00,1434A,SHP,8.0,321.1621768572422,-313.1621768572422
2021-07-17 00:00:00,1434A,SHP,9.0,321.2651034947398,-312.2651034947398
2021-07-17 01:00:00,1434A,SHP,6.0,321.8421090567816,-315.8421090567816
2021-07-17 02:00:00,1434A,SHP,6.0,322.3802825526186,-316.3802825526186
2021-07-17 03:00:00,1434A,SHP,6.0,322.8466342737638,-316.8466342737638
2021-07-17 04:00:00,1434A,SHP,9.0,322.6991693782096,-313.6991693782096
2021-07-17 05:00:00,1434A,SHP,10.0,322.42093879279105,-312.42093879279105
2021-07-17 06:00:00,1434A,SHP,13.0,322.06549511479056,-309.06549511479056
2021-07-17 07:00:00,1434A,SHP,13.0,321.5793786059586,-308.5793786059586
2021-07-17 08:00:00,1434A,SHP,12.0,321.8273509490395,-309.8273509490395
2021-07-17 09:00:00,1434A,SHP,10.0,322.9983595948993,-312.9983595948993
2021-07-17 10:00:00,1434A,SHP,11.0,325.1801557923931,-314.1801557923931
2021-07-17 11:00:00,1434A,SHP,12.0,326.1212775144746,-314.1212775144746
2021-07-17 12:00:00,1434A,SHP,10.0,325.38311635731606,-315.38311635731606
2021-07-17 13:00:00,1434A,SHP,13.0,324.0545964290507,-311.0545964290507
2021-07-17 14:00:00,1434A,SHP,17.0,322.0047894982522,-305.0047894982522
2021-07-17 15:00:00,1434A,SHP,17.0,319.6845325227171,-302.6845325227171
2021-07-17 16:00:00,1434A,SHP,16.0,318.2210399673996,-302.2210399673996
2021-07-17 17:00:00,1434A,SHP,14.0,316.4646979507392,-302.4646979507392
2021-07-17 18:00:00,1434A,SHP,11.0,316.02845537453965,-305.02845537453965
2021-07-17 19:00:00,1434A,SHP,11.0,315.9627985961438,-304.9627985961438
2021-07-17 20:00:00,1434A,SHP,14.0,317.72818604515805,-303.72818604515805
2021-07-17 21:00:00,1434A,SHP,15.0,320.21170036488496,-305.21170036488496
2021-07-17 22:00:00,1434A,SHP,15.0,322.3831949794303,-307.3831949794303
2021-07-17 23:00:00,1434A,SHP,14.0,322.2365529185734,-308.2365529185734
2021-07-18 00:00:00,1434A,SHP,13.0,322.339479556071,-309.339479556071
2021-07-18 01:00:00,1434A,SHP,13.0,322.91648511811286,-309.91648511811286
2021-07-18 02:00:00,1434A,SHP,14.0,323.45465861394985,-309.45465861394985
2021-07-18 03:00:00,1434A,SHP,6.0,323.92101033509505,-317.92101033509505
2021-07-18 04:00:00,1434A,SHP,5.0,323.77354543954084,-318.77354543954084
2021-07-18 05:00:00,1434A,SHP,6.0,323.4953148541223,-317.4953148541223
2021-07-18 06:00:00,1434A,SHP,6.0,323.1398711761218,-317.1398711761218
2021-07-18 07:00:00,1434A,SHP,7.0,322.65375466728983,-315.65375466728983
2021-07-18 08:00:00,1434A,SHP,10.0,322.90172701037073,-312.90172701037073
2021-07-18 09:00:00,1434A,SHP,8.0,324.0727356562305,-316.0727356562305
2021-07-18 10:00:00,1434A,SHP,7.0,326.25453185372436,-319.25453185372436
2021-07-18 11:00:00,1434A,SHP,9.0,327.19565357580586,-318.19565357580586
2021-07-18 12:00:00,1434A,SHP,12.0,326.4574924186473,-314.4574924186473
2021-07-18 13:00:00,1434A,SHP,14.0,325.12897249038195,-311.12897249038195
2021-07-18 14:00:00,1434A,SHP,14.0,323.07916555958343,-309.07916555958343
2021-07-18 15:00:00,1434A,SHP,14.0,320.75890858404836,-306.75890858404836
2021-07-18 16:00:00,1434A,SHP,12.0,319.2954160287308,-307.2954160287308
2021-07-18 17:00:00,1434A,SHP,12.0,317.53907401207044,-305.53907401207044
2021-07-18 18:00:00,1434A,SHP,12.0,317.1028314358709,-305.1028314358709
2021-07-18 19:00:00,1434A,SHP,11.0,317.037174657475,-306.037174657475
2021-07-18 20:00:00,1434A,SHP,12.0,318.8025621064893,-306.8025621064893
2021-07-18 21:00:00,1434A,SHP,12.0,321.2860764262162,-309.2860764262162
2021-07-18 22:00:00,1434A,SHP,10.0,323.45757104076154,-313.45757104076154
2021-07-18 23:00:00,1434A,SHP,12.0,323.31092897990465,-311.31092897990465
2021-07-19 00:00:00,1434A,SHP,15.0,323.41385561740225,-308.41385561740225
2021-07-19 01:00:00,1434A,SHP,15.0,323.9908611794441,-308.9908611794441
2021-07-19 02:00:00,1434A,SHP,12.0,324.5290346752811,-312.5290346752811
2021-07-19 03:00:00,1434A,SHP,9.0,324.9953863964263,-315.9953863964263
2021-07-19 04:00:00,1434A,SHP,9.0,324.8479215008721,-315.8479215008721
2021-07-19 05:00:00,1434A,SHP,9.0,324.5696909154535,-315.5696909154535
2021-07-19 06:00:00,1434A,SHP,10.0,324.21424723745304,-314.21424723745304
2021-07-19 07:00:00,1434A,SHP,10.0,323.72813072862107,-313.72813072862107
2021-07-19 08:00:00,1434A,SHP,11.0,323.97610307170197,-312.97610307170197
2021-07-19 09:00:00,1434A,SHP,14.0,325.14711171756176,-311.14711171756176
2021-07-19 10:00:00,1434A,SHP,23.0,327.3289079150556,-304.3289079150556
2021-07-19 11:00:00,1434A,SHP,26.0,328.2700296371371,-302.2700296371371
2021-07-19 12:00:00,1434A,SHP,26.0,327.5318684799785,-301.5318684799785
2021-07-19 13:00:00,1434A,SHP,21.0,326.2033485517132,-305.2033485517132
2021-07-19 14:00:00,1434A,SHP,20.0,324.15354162091467,-304.15354162091467
2021-07-19 15:00:00,1434A,SHP,18.0,321.8332846453796,-303.8332846453796
2021-07-19 16:00:00,1434A,SHP,18.0,320.36979209006205,-302.36979209006205
2021-07-19 17:00:00,1434A,SHP,19.0,318.6134500734017,-299.6134500734017
2021-07-19 18:00:00,1434A,SHP,18.0,318.1772074972021,-300.1772074972021
2021-07-19 19:00:00,1434A,SHP,16.0,318.11155071880626,-302.11155071880626
2021-07-19 20:00:00,1434A,SHP,16.0,319.8769381678205,-303.8769381678205
2021-07-19 21:00:00,1434A,SHP,18.0,322.36045248754743,-304.36045248754743
2021-07-19 22:00:00,1434A,SHP,16.0,324.5319471020928,-308.5319471020928
2021-07-19 23:00:00,1434A,SHP,17.0,324.3853050412359,-307.3853050412359
2021-07-20 00:00:00,1434A,SHP,13.0,324.4882316787335,-311.4882316787335
2021-07-20 01:00:00,1434A,SHP,8.0,325.06523724077533,-317.06523724077533
2021-07-20 02:00:00,1434A,SHP,7.0,325.6034107366123,-318.6034107366123
2021-07-20 03:00:00,1434A,SHP,9.0,326.0697624577575,-317.0697624577575
2021-07-20 04:00:00,1434A,SHP,11.0,325.9222975622033,-314.9222975622033
2021-07-20 05:00:00,1434A,SHP,11.0,325.64406697678476,-314.64406697678476
2021-07-20 06:00:00,1434A,SHP,11.0,325.2886232987843,-314.2886232987843
2021-07-20 07:00:00,1434A,SHP,10.0,324.8025067899523,-314.8025067899523
2021-07-20 08:00:00,1434A,SHP,13.0,325.0504791330332,-312.0504791330332
2021-07-20 09:00:00,1434A,SHP,13.0,326.221487778893,-313.221487778893
2021-07-20 10:00:00,1434A,SHP,14.0,328.40328397638683,-314.40328397638683
2021-07-20 11:00:00,1434A,SHP,17.0,329.34440569846834,-312.34440569846834
2021-07-20 12:00:00,1434A,SHP,15.0,328.60624454130976,-313.60624454130976
2021-07-20 13:00:00,1434A,SHP,15.0,327.2777246130444,-312.2777246130444
2021-07-20 14:00:00,1434A,SHP,15.0,325.2279176822459,-310.2279176822459
2021-07-20 15:00:00,1434A,SHP,15.0,322.90766070671083,-307.90766070671083
2021-07-20 16:00:00,1434A,SHP,16.0,321.4441681513933,-305.4441681513933
2021-07-20 17:00:00,1434A,SHP,12.0,319.6878261347329,-307.6878261347329
2021-07-20 18:00:00,1434A,SHP,12.0,319.25158355853335,-307.25158355853335
2021-07-20 19:00:00,1434A,SHP,13.0,319.1859267801375,-306.1859267801375
2021-07-20 20:00:00,1434A,SHP,15.0,320.95131422915176,-305.95131422915176
2021-07-20 21:00:00,1434A,SHP,14.0,323.43482854887867,-309.43482854887867
2021-07-20 22:00:00,1434A,SHP,15.0,325.606323163424,-310.606323163424
2021-07-20 23:00:00,1434A,SHP,16.0,325.4596811025671,-309.4596811025671
2021-07-21 00:00:00,1434A,SHP,15.0,325.5626077400647,-310.5626077400647
2021-07-21 01:00:00,1434A,SHP,13.0,326.13961330210657,-313.13961330210657
2021-07-21 02:00:00,1434A,SHP,14.0,326.67778679794355,-312.67778679794355
2021-07-21 03:00:00,1434A,SHP,14.0,327.14413851908876,-313.14413851908876
2021-07-21 04:00:00,1434A,SHP,16.0,326.99667362353455,-310.99667362353455
2021-07-21 05:00:00,1434A,SHP,16.0,326.718443038116,-310.718443038116
2021-07-21 06:00:00,1434A,SHP,18.0,326.3629993601155,-308.3629993601155
2021-07-21 07:00:00,1434A,SHP,22.0,325.87688285128354,-303.87688285128354
2021-07-21 08:00:00,1434A,SHP,21.0,326.12485519436444,-305.12485519436444
2021-07-21 09:00:00,1434A,SHP,27.0,327.29586384022423,-300.29586384022423
2021-07-21 10:00:00,1434A,SHP,30.0,329.47766003771807,-299.47766003771807
2021-07-21 11:00:00,1434A,SHP,22.0,330.4187817597996,-308.4187817597996
2021-07-21 12:00:00,1434A,SHP,16.0,329.680620602641,-313.680620602641
2021-07-21 13:00:00,1434A,SHP,22.0,328.35210067437566,-306.35210067437566
2021-07-21 14:00:00,1434A,SHP,25.0,326.30229374357714,-301.30229374357714
2021-07-21 15:00:00,1434A,SHP,22.0,323.98203676804206,-301.98203676804206
2021-07-21 16:00:00,1434A,SHP,20.0,322.5185442127245,-302.5185442127245
2021-07-21 17:00:00,1434A,SHP,20.0,320.76220219606415,-300.76220219606415
2021-07-21 18:00:00,1434A,SHP,19.0,320.3259596198646,-301.3259596198646
2021-07-21 19:00:00,1434A,SHP,18.0,320.26030284146873,-302.26030284146873
2021-07-21 20:00:00,1434A,SHP,19.0,322.025690290483,-303.025690290483
2021-07-21 21:00:00,1434A,SHP,13.0,324.5092046102099,-311.5092046102099
2021-07-21 22:00:00,1434A,SHP,14.0,326.68069922475524,-312.68069922475524
2021-07-21 23:00:00,1434A,SHP,16.0,326.53405716389835,-310.53405716389835
2021-07-22 00:00:00,1434A,SHP,18.0,326.63698380139596,-308.63698380139596
2021-07-22 01:00:00,1434A,SHP,20.0,327.2139893634378,-307.2139893634378
2021-07-22 02:00:00,1434A,SHP,10.0,327.7521628592748,-317.7521628592748
2021-07-22 03:00:00,1434A,SHP,8.0,328.21851458042,-320.21851458042
2021-07-22 04:00:00,1434A,SHP,7.0,328.0710496848658,-321.0710496848658
2021-07-22 05:00:00,1434A,SHP,9.0,327.79281909944723,-318.79281909944723
2021-07-22 06:00:00,1434A,SHP,15.0,327.43737542144675,-312.43737542144675
2021-07-22 07:00:00,1434A,SHP,11.0,326.9512589126148,-315.9512589126148
2021-07-22 08:00:00,1434A,SHP,10.0,327.1992312556957,-317.1992312556957
2021-07-22 09:00:00,1434A,SHP,12.0,328.37023990155546,-316.37023990155546
2021-07-22 10:00:00,1434A,SHP,13.0,330.5520360990493,-317.5520360990493
2021-07-22 11:00:00,1434A,SHP,16.0,331.4931578211308,-315.4931578211308
2021-07-22 12:00:00,1434A,SHP,18.0,330.75499666397224,-312.75499666397224
2021-07-22 13:00:00,1434A,SHP,20.0,329.4264767357069,-309.4264767357069
2021-07-22 14:00:00,1434A,SHP,18.0,327.3766698049084,-309.3766698049084
2021-07-22 15:00:00,1434A,SHP,16.0,325.0564128293733,-309.0564128293733
2021-07-22 16:00:00,1434A,SHP,18.0,323.59292027405576,-305.59292027405576
2021-07-22 17:00:00,1434A,SHP,18.0,321.8365782573954,-303.8365782573954
2021-07-22 18:00:00,1434A,SHP,18.0,321.4003356811958,-303.4003356811958
2021-07-22 19:00:00,1434A,SHP,19.0,321.33467890279996,-302.33467890279996
2021-07-22 20:00:00,1434A,SHP,16.0,323.10006635181423,-307.10006635181423
2021-07-22 21:00:00,1434A,SHP,16.0,325.58358067154114,-309.58358067154114
2021-07-22 22:00:00,1434A,SHP,18.0,327.7550752860865,-309.7550752860865
2021-07-22 23:00:00,1434A,SHP,9.0,327.6084332252296,-318.6084332252296
2021-07-23 00:00:00,1434A,SHP,11.0,327.7113598627272,-316.7113598627272
2021-07-23 01:00:00,1434A,SHP,12.0,328.28836542476904,-316.28836542476904
2021-07-23 02:00:00,1434A,SHP,,328.826538920606,
2021-07-23 03:00:00,1434A,SHP,12.0,329.2928906417512,-317.2928906417512
2021-07-23 04:00:00,1434A,SHP,12.0,329.145425746197,-317.145425746197
2021-07-23 05:00:00,1434A,SHP,13.0,328.86719516077846,-315.86719516077846
2021-07-23 06:00:00,1434A,SHP,16.0,328.511751482778,-312.511751482778
2021-07-23 07:00:00,1434A,SHP,16.0,328.025634973946,-312.025634973946
2021-07-23 08:00:00,1434A,SHP,16.0,328.2736073170269,-312.2736073170269
2021-07-23 09:00:00,1434A,SHP,25.0,329.4446159628867,-304.4446159628867
2021-07-23 10:00:00,1434A,SHP,28.0,331.62641216038054,-303.62641216038054
2021-07-23 11:00:00,1434A,SHP,31.0,332.56753388246204,-301.56753388246204
2021-07-23 12:00:00,1434A,SHP,30.0,331.8293727253035,-301.8293727253035
2021-07-23 13:00:00,1434A,SHP,30.0,330.50085279703814,-300.50085279703814
2021-07-23 14:00:00,1434A,SHP,19.0,328.4510458662396,-309.4510458662396
2021-07-23 15:00:00,1434A,SHP,13.0,326.13078889070454,-313.13078889070454
2021-07-23 16:00:00,1434A,SHP,,324.667296335387,
2021-07-23 17:00:00,1434A,SHP,17.0,322.9109543187266,-305.9109543187266
2021-07-23 18:00:00,1434A,SHP,20.0,322.47471174252706,-302.47471174252706
2021-07-23 19:00:00,1434A,SHP,21.0,322.4090549641312,-301.4090549641312
2021-07-23 20:00:00,1434A,SHP,20.0,324.17444241314547,-304.17444241314547
2021-07-23 21:00:00,1434A,SHP,21.0,326.6579567328724,-305.6579567328724
2021-07-23 22:00:00,1434A,SHP,22.0,328.8294513474177,-306.8294513474177
2021-07-23 23:00:00,1434A,SHP,24.0,328.6828092865608,-304.6828092865608
2021-07-24 00:00:00,1434A,SHP,23.0,328.78573592405843,-305.78573592405843
2021-07-24 01:00:00,1434A,SHP,23.0,329.3627414861003,-306.3627414861003
2021-07-24 02:00:00,1434A,SHP,19.0,329.90091498193726,-310.90091498193726
2021-07-24 03:00:00,1434A,SHP,25.0,330.36726670308246,-305.36726670308246
2021-07-24 04:00:00,1434A,SHP,28.0,330.21980180752826,-302.21980180752826
2021-07-24 05:00:00,1434A,SHP,16.0,329.9415712221097,-313.9415712221097
2021-07-24 06:00:00,1434A,SHP,23.0,329.5861275441092,-306.5861275441092
2021-07-24 07:00:00,1434A,SHP,30.0,329.10001103527725,-299.10001103527725
2021-07-24 08:00:00,1434A,SHP,14.0,329.34798337835815,-315.34798337835815
2021-07-24 09:00:00,1434A,SHP,15.0,330.51899202421794,-315.51899202421794
2021-07-24 10:00:00,1434A,SHP,17.0,332.7007882217118,-315.7007882217118
2021-07-24 11:00:00,1434A,SHP,25.0,333.6419099437933,-308.6419099437933
2021-07-24 12:00:00,1434A,SHP,26.0,332.9037487866347,-306.9037487866347
2021-07-24 13:00:00,1434A,SHP,19.0,331.57522885836937,-312.57522885836937
2021-07-24 14:00:00,1434A,SHP,10.0,329.52542192757085,-319.52542192757085
2021-07-24 15:00:00,1434A,SHP,11.0,327.2051649520358,-316.2051649520358
2021-07-24 16:00:00,1434A,SHP,9.0,325.74167239671823,-316.74167239671823
2021-07-24 17:00:00,1434A,SHP,11.0,323.98533038005786,-312.98533038005786
2021-07-24 18:00:00,1434A,SHP,16.0,323.5490878038583,-307.5490878038583
2021-07-24 19:00:00,1434A,SHP,16.0,323.48343102546244,-307.48343102546244
2021-07-24 20:00:00,1434A,SHP,15.0,325.2488184744767,-310.2488184744767
2021-07-24 21:00:00,1434A,SHP,16.0,327.7323327942036,-311.7323327942036
2021-07-24 22:00:00,1434A,SHP,15.0,329.90382740874895,-314.90382740874895
2021-07-24 23:00:00,1434A,SHP,13.0,329.75718534789206,-316.75718534789206
2021-07-25 00:00:00,1434A,SHP,14.0,329.86011198538966,-315.86011198538966
2021-07-25 01:00:00,1434A,SHP,17.0,330.4371175474315,-313.4371175474315
2021-07-25 02:00:00,1434A,SHP,17.0,330.9752910432685,-313.9752910432685
2021-07-25 03:00:00,1434A,SHP,22.0,331.4416427644137,-309.4416427644137
2021-07-25 04:00:00,1434A,SHP,28.0,331.2941778688595,-303.2941778688595
2021-07-25 05:00:00,1434A,SHP,26.0,331.01594728344094,-305.01594728344094
2021-07-25 06:00:00,1434A,SHP,25.0,330.66050360544045,-305.66050360544045
2021-07-25 07:00:00,1434A,SHP,27.0,330.1743870966085,-303.1743870966085
2021-07-25 08:00:00,1434A,SHP,25.0,330.4223594396894,-305.4223594396894
2021-07-25 09:00:00,1434A,SHP,27.0,331.5933680855492,-304.5933680855492
2021-07-25 10:00:00,1434A,SHP,24.0,333.775164283043,-309.775164283043
2021-07-25 11:00:00,1434A,SHP,18.0,334.7162860051245,-316.7162860051245
2021-07-25 12:00:00,1434A,SHP,22.0,333.97812484796594,-311.97812484796594
2021-07-25 13:00:00,1434A,SHP,23.0,332.6496049197006,-309.6496049197006
2021-07-25 14:00:00,1434A,SHP,23.0,330.5997979889021,-307.5997979889021
2021-07-25 15:00:00,1434A,SHP,22.0,328.279541013367,-306.279541013367
2021-07-25 16:00:00,1434A,SHP,23.0,326.81604845804947,-303.81604845804947
2021-07-25 17:00:00,1434A,SHP,24.0,325.0597064413891,-301.0597064413891
2021-07-25 18:00:00,1434A,SHP,20.0,324.62346386518954,-304.62346386518954
2021-07-25 19:00:00,1434A,SHP,17.0,324.5578070867937,-307.5578070867937
2021-07-25 20:00:00,1434A,SHP,,326.32319453580794,
2021-07-25 21:00:00,1434A,SHP,17.0,328.80670885553485,-311.80670885553485
2021-07-25 22:00:00,1434A,SHP,19.0,330.9782034700802,-311.9782034700802
2021-07-25 23:00:00,1434A,SHP,19.0,330.8315614092233,-311.8315614092233
2021-07-26 00:00:00,1434A,SHP,19.0,330.9344880467209,-311.9344880467209
2021-07-26 01:00:00,1434A,SHP,18.0,331.51149360876275,-313.51149360876275
2021-07-26 02:00:00,1434A,SHP,18.0,332.04966710459973,-314.04966710459973
2021-07-26 03:00:00,1434A,SHP,16.0,332.51601882574494,-316.51601882574494
2021-07-26 04:00:00,1434A,SHP,23.0,332.3685539301907,-309.3685539301907
2021-07-26 05:00:00,1434A,SHP,24.0,332.0903233447722,-308.0903233447722
2021-07-26 06:00:00,1434A,SHP,22.0,331.7348796667717,-309.7348796667717
2021-07-26 07:00:00,1434A,SHP,22.0,331.2487631579397,-309.2487631579397
2021-07-26 08:00:00,1434A,SHP,20.0,331.4967355010206,-311.4967355010206
2021-07-26 09:00:00,1434A,SHP,24.0,332.6677441468804,-308.6677441468804
2021-07-26 10:00:00,1434A,SHP,27.0,334.84954034437425,-307.84954034437425
2021-07-26 11:00:00,1434A,SHP,23.0,335.79066206645575,-312.79066206645575
2021-07-26 12:00:00,1434A,SHP,25.0,335.0525009092972,-310.0525009092972
2021-07-26 13:00:00,1434A,SHP,24.0,333.72398098103184,-309.72398098103184
2021-07-26 14:00:00,1434A,SHP,9.0,331.6741740502333,-322.6741740502333
2021-07-26 15:00:00,1434A,SHP,9.0,329.35391707469824,-320.35391707469824
2021-07-26 16:00:00,1434A,SHP,8.0,327.8904245193807,-319.8904245193807
2021-07-26 17:00:00,1434A,SHP,6.0,326.13408250272033,-320.13408250272033
2021-07-26 18:00:00,1434A,SHP,6.0,325.69783992652077,-319.69783992652077
2021-07-26 19:00:00,1434A,SHP,10.0,325.6321831481249,-315.6321831481249
2021-07-26 20:00:00,1434A,SHP,13.0,327.3975705971392,-314.3975705971392
2021-07-26 21:00:00,1434A,SHP,9.0,329.8810849168661,-320.8810849168661
2021-07-26 22:00:00,1434A,SHP,10.0,332.0525795314114,-322.0525795314114
2021-07-26 23:00:00,1434A,SHP,10.0,331.90593747055453,-321.90593747055453
2021-07-27 00:00:00,1434A,SHP,10.0,332.00886410805214,-322.00886410805214
2021-07-27 01:00:00,1434A,SHP,12.0,332.585869670094,-320.585869670094
2021-07-27 02:00:00,1434A,SHP,13.0,333.12404316593097,-320.12404316593097
2021-07-27 03:00:00,1434A,SHP,14.0,333.5903948870762,-319.5903948870762
2021-07-27 04:00:00,1434A,SHP,16.0,333.44292999152196,-317.44292999152196
2021-07-27 05:00:00,1434A,SHP,23.0,333.1646994061034,-310.1646994061034
2021-07-27 06:00:00,1434A,SHP,20.0,332.8092557281029,-312.8092557281029
2021-07-27 07:00:00,1434A,SHP,18.0,332.32313921927096,-314.32313921927096
2021-07-27 08:00:00,1434A,SHP,20.0,332.57111156235186,-312.57111156235186
2021-07-27 09:00:00,1434A,SHP,24.0,333.74212020821165,-309.74212020821165
2021-07-27 10:00:00,1434A,SHP,27.0,335.9239164057055,-308.9239164057055
2021-07-27 11:00:00,1434A,SHP,23.0,336.865038127787,-313.865038127787
2021-07-27 12:00:00,1434A,SHP,14.0,336.1268769706284,-322.1268769706284
2021-07-27 13:00:00,1434A,SHP,13.0,334.7983570423631,-321.7983570423631
2021-07-27 14:00:00,1434A,SHP,11.0,332.74855011156455,-321.74855011156455
2021-07-27 15:00:00,1434A,SHP,10.0,330.4282931360295,-320.4282931360295
2021-07-27 16:00:00,1434A,SHP,9.0,328.96480058071194,-319.96480058071194
2021-07-27 17:00:00,1434A,SHP,19.0,327.20845856405157,-308.20845856405157
2021-07-27 18:00:00,1434A,SHP,19.0,326.772215987852,-307.772215987852
2021-07-27 19:00:00,1434A,SHP,17.0,326.70655920945615,-309.70655920945615
2021-07-27 20:00:00,1434A,SHP,18.0,328.4719466584704,-310.4719466584704
2021-07-27 21:00:00,1434A,SHP,15.0,330.9554609781973,-315.9554609781973
2021-07-27 22:00:00,1434A,SHP,15.0,333.12695559274266,-318.12695559274266
2021-07-27 23:00:00,1434A,SHP,16.0,332.98031353188577,-316.98031353188577
2021-07-28 00:00:00,1434A,SHP,17.0,333.0832401693834,-316.0832401693834
2021-07-28 01:00:00,1434A,SHP,17.0,333.6602457314252,-316.6602457314252
2021-07-28 02:00:00,1434A,SHP,14.0,334.1984192272622,-320.1984192272622
2021-07-28 03:00:00,1434A,SHP,15.0,334.6647709484074,-319.6647709484074
2021-07-28 04:00:00,1434A,SHP,17.0,334.5173060528532,-317.5173060528532
2021-07-28 05:00:00,1434A,SHP,18.0,334.23907546743465,-316.23907546743465
2021-07-28 06:00:00,1434A,SHP,18.0,333.88363178943416,-315.88363178943416
2021-07-28 07:00:00,1434A,SHP,18.0,333.3975152806022,-315.3975152806022
2021-07-28 08:00:00,1434A,SHP,18.0,333.6454876236831,-315.6454876236831
2021-07-28 09:00:00,1434A,SHP,,334.8164962695429,
2021-07-28 10:00:00,1434A,SHP,29.0,336.9982924670367,-307.9982924670367
2021-07-28 11:00:00,1434A,SHP,31.0,337.9394141891182,-306.9394141891182
2021-07-28 12:00:00,1434A,SHP,24.0,337.20125303195965,-313.20125303195965
2021-07-28 13:00:00,1434A,SHP,17.0,335.8727331036943,-318.8727331036943
2021-07-28 14:00:00,1434A,SHP,16.0,333.8229261728958,-317.8229261728958
2021-07-28 15:00:00,1434A,SHP,16.0,331.5026691973607,-315.5026691973607
2021-07-28 16:00:00,1434A,SHP,18.0,330.0391766420432,-312.0391766420432
2021-07-28 17:00:00,1434A,SHP,18.0,328.2828346253828,-310.2828346253828
2021-07-28 18:00:00,1434A,SHP,17.0,327.84659204918324,-310.84659204918324
2021-07-28 19:00:00,1434A,SHP,18.0,327.7809352707874,-309.7809352707874
2021-07-28 20:00:00,1434A,SHP,20.0,329.54632271980165,-309.54632271980165
2021-07-28 21:00:00,1434A,SHP,21.0,332.02983703952856,-311.02983703952856
2021-07-28 22:00:00,1434A,SHP,24.0,334.2013316540739,-310.2013316540739
2021-07-28 23:00:00,1434A,SHP,22.0,334.054689593217,-312.054689593217
2021-07-29 00:00:00,1434A,SHP,25.0,334.1576162307146,-309.1576162307146
2021-07-29 01:00:00,1434A,SHP,27.0,334.73462179275646,-307.73462179275646
2021-07-29 02:00:00,1434A,SHP,27.0,335.27279528859344,-308.27279528859344
2021-07-29 03:00:00,1434A,SHP,27.0,335.73914700973864,-308.73914700973864
2021-07-29 04:00:00,1434A,SHP,22.0,335.59168211418444,-313.59168211418444
2021-07-29 05:00:00,1434A,SHP,26.0,335.3134515287659,-309.3134515287659
2021-07-29 06:00:00,1434A,SHP,23.0,334.9580078507654,-311.9580078507654
2021-07-29 07:00:00,1434A,SHP,24.0,334.47189134193343,-310.47189134193343
2021-07-29 08:00:00,1434A,SHP,27.0,334.71986368501433,-307.71986368501433
2021-07-29 09:00:00,1434A,SHP,26.0,335.8908723308741,-309.8908723308741
2021-07-29 10:00:00,1434A,SHP,16.0,338.07266852836796,-322.07266852836796
2021-07-29 11:00:00,1434A,SHP,17.0,339.01379025044946,-322.01379025044946
2021-07-29 12:00:00,1434A,SHP,23.0,338.2756290932909,-315.2756290932909
2021-07-29 13:00:00,1434A,SHP,28.0,336.94710916502555,-308.94710916502555
2021-07-29 14:00:00,1434A,SHP,27.0,334.897302234227,-307.897302234227
2021-07-29 15:00:00,1434A,SHP,24.0,332.57704525869195,-308.57704525869195
2021-07-29 16:00:00,1434A,SHP,23.0,331.1135527033744,-308.1135527033744
2021-07-29 17:00:00,1434A,SHP,22.0,329.35721068671404,-307.35721068671404
2021-07-29 18:00:00,1434A,SHP,23.0,328.9209681105145,-305.9209681105145
2021-07-29 19:00:00,1434A,SHP,24.0,328.8553113321186,-304.8553113321186
2021-07-29 20:00:00,1434A,SHP,23.0,330.6206987811329,-307.6206987811329
2021-07-29 21:00:00,1434A,SHP,24.0,333.1042131008598,-309.1042131008598
2021-07-29 22:00:00,1434A,SHP,27.0,335.27570771540513,-308.27570771540513
2021-07-29 23:00:00,1434A,SHP,26.0,335.12906565454824,-309.12906565454824
2021-07-30 00:00:00,1434A,SHP,27.0,335.23199229204585,-308.23199229204585
2021-07-30 01:00:00,1434A,SHP,28.0,335.8089978540877,-307.8089978540877
2021-07-30 02:00:00,1434A,SHP,27.0,336.3471713499247,-309.3471713499247
2021-07-30 03:00:00,1434A,SHP,28.0,336.8135230710699,-308.8135230710699
2021-07-30 04:00:00,1434A,SHP,30.0,336.6660581755157,-306.6660581755157
2021-07-30 05:00:00,1434A,SHP,29.0,336.3878275900971,-307.3878275900971
2021-07-30 06:00:00,1434A,SHP,29.0,336.03238391209663,-307.03238391209663
2021-07-30 07:00:00,1434A,SHP,28.0,335.54626740326466,-307.54626740326466
2021-07-30 08:00:00,1434A,SHP,30.0,335.79423974634557,-305.79423974634557
2021-07-30 09:00:00,1434A,SHP,30.0,336.96524839220535,-306.96524839220535
2021-07-30 10:00:00,1434A,SHP,32.0,339.1470445896992,-307.1470445896992
2021-07-30 11:00:00,1434A,SHP,28.0,340.0881663117807,-312.0881663117807
2021-07-30 12:00:00,1434A,SHP,24.0,339.3500051546221,-315.3500051546221
2021-07-30 13:00:00,1434A,SHP,25.0,338.0214852263568,-313.0214852263568
2021-07-30 14:00:00,1434A,SHP,30.0,335.97167829555826,-305.97167829555826
2021-07-30 15:00:00,1434A,SHP,25.0,333.6514213200232,-308.6514213200232
2021-07-30 16:00:00,1434A,SHP,22.0,332.18792876470565,-310.18792876470565
2021-07-30 17:00:00,1434A,SHP,24.0,330.4315867480453,-306.4315867480453
2021-07-30 18:00:00,1434A,SHP,22.0,329.9953441718457,-307.9953441718457
2021-07-30 19:00:00,1434A,SHP,23.0,329.92968739344985,-306.92968739344985
2021-07-30 20:00:00,1434A,SHP,24.0,331.6950748424641,-307.6950748424641
2021-07-30 21:00:00,1434A,SHP,29.0,334.17858916219103,-305.17858916219103
2021-07-30 22:00:00,1434A,SHP,28.0,336.35008377673637,-308.35008377673637
2021-07-30 23:00:00,1434A,SHP,25.0,336.2034417158795,-311.2034417158795
2021-07-31 00:00:00,1434A,SHP,25.0,336.3063683533771,-311.3063683533771
2021-07-31 01:00:00,1434A,SHP,25.0,336.88337391541893,-311.88337391541893
2021-07-31 02:00:00,1434A,SHP,26.0,337.4215474112559,-311.4215474112559
2021-07-31 03:00:00,1434A,SHP,27.0,337.8878991324011,-310.8878991324011
2021-07-31 04:00:00,1434A,SHP,28.0,337.7404342368469,-309.7404342368469
2021-07-31 05:00:00,1434A,SHP,27.0,337.46220365142835,-310.46220365142835
2021-07-31 06:00:00,1434A,SHP,28.0,337.10675997342787,-309.10675997342787
2021-07-31 07:00:00,1434A,SHP,35.0,336.6206434645959,-301.6206434645959
2021-07-31 08:00:00,1434A,SHP,37.0,336.8686158076768,-299.8686158076768
2021-07-31 09:00:00,1434A,SHP,40.0,338.0396244535366,-298.0396244535366
2021-07-31 10:00:00,1434A,SHP,48.0,340.2214206510304,-292.2214206510304
2021-07-31 11:00:00,1434A,SHP,37.0,341.16254237311193,-304.16254237311193
2021-07-31 12:00:00,1434A,SHP,25.0,340.42438121595336,-315.42438121595336
2021-07-31 13:00:00,1434A,SHP,28.0,339.095861287688,-311.095861287688
2021-07-31 14:00:00,1434A,SHP,30.0,337.0460543568895,-307.0460543568895
2021-07-31 15:00:00,1434A,SHP,24.0,334.7257973813544,-310.7257973813544
2021-07-31 16:00:00,1434A,SHP,13.0,333.2623048260369,-320.2623048260369
2021-07-31 17:00:00,1434A,SHP,12.0,331.5059628093765,-319.5059628093765
2021-07-31 18:00:00,1434A,SHP,11.0,331.06972023317695,-320.06972023317695
2021-07-31 19:00:00,1434A,SHP,9.0,331.0040634547811,-322.0040634547811
2021-07-31 20:00:00,1434A,SHP,11.0,332.76945090379536,-321.76945090379536
2021-07-31 21:00:00,1434A,SHP,12.0,335.25296522352227,-323.25296522352227
2021-07-31 22:00:00,1434A,SHP,10.0,337.4244598380676,-327.4244598380676
2021-07-31 23:00:00,1434A,SHP,11.0,337.2778177772107,-326.2778177772107
2021-08-01 00:00:00,1434A,SHP,10.0,337.3807444147083,-327.3807444147083
2021-08-01 01:00:00,1434A,SHP,10.0,337.95774997675016,-327.95774997675016
2021-08-01 02:00:00,1434A,SHP,10.0,338.49592347258715,-328.49592347258715
2021-08-01 03:00:00,1434A,SHP,11.0,338.96227519373235,-327.96227519373235
2021-08-01 04:00:00,1434A,SHP,14.0,338.81481029817814,-324.81481029817814
2021-08-01 05:00:00,1434A,SHP,14.0,338.5365797127596,-324.5365797127596
2021-08-01 06:00:00,1434A,SHP,16.0,338.1811360347591,-322.1811360347591
2021-08-01 07:00:00,1434A,SHP,17.0,337.69501952592714,-320.69501952592714
2021-08-01 08:00:00,1434A,SHP,20.0,337.94299186900804,-317.94299186900804
2021-08-01 09:00:00,1434A,SHP,24.0,339.1140005148678,-315.1140005148678
2021-08-01 10:00:00,1434A,SHP,25.0,341.29579671236166,-316.29579671236166
2021-08-01 11:00:00,1434A,SHP,27.0,342.23691843444317,-315.23691843444317
2021-08-01 12:00:00,1434A,SHP,22.0,341.4987572772846,-319.4987572772846
2021-08-01 13:00:00,1434A,SHP,12.0,340.17023734901926,-328.17023734901926
2021-08-01 14:00:00,1434A,SHP,9.0,338.12043041822074,-329.12043041822074
2021-08-01 15:00:00,1434A,SHP,11.0,335.80017344268566,-324.80017344268566
2021-08-01 16:00:00,1434A,SHP,9.0,334.3366808873681,-325.3366808873681
2021-08-01 17:00:00,1434A,SHP,8.0,332.58033887070775,-324.58033887070775
2021-08-01 18:00:00,1434A,SHP,9.0,332.1440962945082,-323.1440962945082
2021-08-01 19:00:00,1434A,SHP,10.0,332.0784395161123,-322.0784395161123
2021-08-01 20:00:00,1434A,SHP,11.0,333.8438269651266,-322.8438269651266
2021-08-01 21:00:00,1434A,SHP,13.0,336.3273412848535,-323.3273412848535
2021-08-01 22:00:00,1434A,SHP,17.0,338.49883589939884,-321.49883589939884
2021-08-01 23:00:00,1434A,SHP,19.0,338.35219383854195,-319.35219383854195
2021-08-02 00:00:00,1434A,SHP,18.0,338.45512047603955,-320.45512047603955
2021-08-02 01:00:00,1434A,SHP,18.0,339.0321260380814,-321.0321260380814
2021-08-02 02:00:00,1434A,SHP,18.0,339.5702995339184,-321.5702995339184
2021-08-02 03:00:00,1434A,SHP,20.0,340.0366512550636,-320.0366512550636
2021-08-02 04:00:00,1434A,SHP,20.0,339.8891863595094,-319.8891863595094
2021-08-02 05:00:00,1434A,SHP,27.0,339.6109557740908,-312.6109557740908
2021-08-02 06:00:00,1434A,SHP,35.0,339.25551209609034,-304.25551209609034
2021-08-02 07:00:00,1434A,SHP,32.0,338.7693955872584,-306.7693955872584
2021-08-02 08:00:00,1434A,SHP,29.0,339.0173679303393,-310.0173679303393
2021-08-02 09:00:00,1434A,SHP,34.0,340.18837657619906,-306.18837657619906
2021-08-02 10:00:00,1434A,SHP,40.0,342.3701727736929,-302.3701727736929
2021-08-02 11:00:00,1434A,SHP,47.0,343.3112944957744,-296.3112944957744
2021-08-02 12:00:00,1434A,SHP,47.0,342.57313333861583,-295.57313333861583
2021-08-02 13:00:00,1434A,SHP,38.0,341.2446134103505,-303.2446134103505
2021-08-02 14:00:00,1434A,SHP,18.0,339.19480647955197,-321.19480647955197
2021-08-02 15:00:00,1434A,SHP,14.0,336.8745495040169,-322.8745495040169
2021-08-02 16:00:00,1434A,SHP,15.0,335.41105694869935,-320.41105694869935
2021-08-02 17:00:00,1434A,SHP,15.0,333.654714932039,-318.654714932039
2021-08-02 18:00:00,1434A,SHP,14.0,333.2184723558394,-319.2184723558394
2021-08-02 19:00:00,1434A,SHP,14.0,333.15281557744356,-319.15281557744356
2021-08-02 20:00:00,1434A,SHP,16.0,334.91820302645783,-318.91820302645783
2021-08-02 21:00:00,1434A,SHP,20.0,337.40171734618474,-317.40171734618474
2021-08-02 22:00:00,1434A,SHP,26.0,339.5732119607301,-313.5732119607301
2021-08-02 23:00:00,1434A,SHP,27.0,339.4265698998732,-312.4265698998732
2021-08-03 00:00:00,1434A,SHP,27.0,339.5294965373708,-312.5294965373708
2021-08-03 01:00:00,1434A,SHP,28.0,340.10650209941264,-312.10650209941264
2021-08-03 02:00:00,1434A,SHP,29.0,340.6446755952496,-311.6446755952496
2021-08-03 03:00:00,1434A,SHP,31.0,341.1110273163948,-310.1110273163948
2021-08-03 04:00:00,1434A,SHP,32.0,340.9635624208406,-308.9635624208406
2021-08-03 05:00:00,1434A,SHP,33.0,340.68533183542206,-307.68533183542206
2021-08-03 06:00:00,1434A,SHP,34.0,340.3298881574216,-306.3298881574216
2021-08-03 07:00:00,1434A,SHP,33.0,339.8437716485896,-306.8437716485896
2021-08-03 08:00:00,1434A,SHP,33.0,340.0917439916705,-307.0917439916705
2021-08-03 09:00:00,1434A,SHP,37.0,341.2627526375303,-304.2627526375303
2021-08-03 10:00:00,1434A,SHP,41.0,343.44454883502414,-302.44454883502414
2021-08-03 11:00:00,1434A,SHP,42.0,344.38567055710564,-302.38567055710564
2021-08-03 12:00:00,1434A,SHP,44.0,343.64750939994707,-299.64750939994707
2021-08-03 13:00:00,1434A,SHP,44.0,342.31898947168173,-298.31898947168173
2021-08-03 14:00:00,1434A,SHP,39.0,340.2691825408832,-301.2691825408832
2021-08-03 15:00:00,1434A,SHP,39.0,337.94892556534813,-298.94892556534813
2021-08-03 16:00:00,1434A,SHP,46.0,336.4854330100306,-290.4854330100306
2021-08-03 17:00:00,1434A,SHP,40.0,334.7290909933702,-294.7290909933702
2021-08-03 18:00:00,1434A,SHP,38.0,334.29284841717066,-296.29284841717066
2021-08-03 19:00:00,1434A,SHP,40.0,334.2271916387748,-294.2271916387748
2021-08-03 20:00:00,1434A,SHP,41.0,335.99257908778907,-294.99257908778907
2021-08-03 21:00:00,1434A,SHP,40.0,338.476093407516,-298.476093407516
2021-08-03 22:00:00,1434A,SHP,,340.6475880220613,
2021-08-03 23:00:00,1434A,SHP,35.0,340.5009459612044,-305.5009459612044
2021-08-04 00:00:00,1434A,SHP,42.0,340.603872598702,-298.603872598702
2021-08-04 01:00:00,1434A,SHP,34.0,341.1808781607439,-307.1808781607439
2021-08-04 02:00:00,1434A,SHP,30.0,341.71905165658086,-311.71905165658086
2021-08-04 03:00:00,1434A,SHP,30.0,342.18540337772606,-312.18540337772606
2021-08-04 04:00:00,1434A,SHP,35.0,342.03793848217185,-307.03793848217185
2021-08-04 05:00:00,1434A,SHP,42.0,341.7597078967533,-299.7597078967533
2021-08-04 06:00:00,1434A,SHP,41.0,341.4042642187528,-300.4042642187528
2021-08-04 07:00:00,1434A,SHP,36.0,340.91814770992085,-304.91814770992085
2021-08-04 08:00:00,1434A,SHP,,341.16612005300175,
2021-08-04 09:00:00,1434A,SHP,30.0,342.33712869886153,-312.33712869886153
2021-08-04 10:00:00,1434A,SHP,32.0,344.5189248963554,-312.5189248963554
2021-08-04 11:00:00,1434A,SHP,32.0,345.4600466184369,-313.4600466184369
2021-08-04 12:00:00,1434A,SHP,32.0,344.7218854612783,-312.7218854612783
2021-08-04 13:00:00,1434A,SHP,33.0,343.39336553301297,-310.39336553301297
2021-08-04 14:00:00,1434A,SHP,32.0,341.34355860221444,-309.34355860221444
2021-08-04 15:00:00,1434A,SHP,30.0,339.02330162667937,-309.02330162667937
2021-08-04 16:00:00,1434A,SHP,29.0,337.5598090713618,-308.5598090713618
2021-08-04 17:00:00,1434A,SHP,30.0,335.80346705470146,-305.80346705470146
2021-08-04 18:00:00,1434A,SHP,23.0,335.3672244785019,-312.3672244785019
2021-08-04 19:00:00,1434A,SHP,17.0,335.30156770010603,-318.30156770010603
2021-08-04 20:00:00,1434A,SHP,16.0,337.0669551491203,-321.0669551491203
2021-08-04 21:00:00,1434A,SHP,17.0,339.5504694688472,-322.5504694688472
2021-08-04 22:00:00,1434A,SHP,22.0,341.72196408339255,-319.72196408339255
2021-08-04 23:00:00,1434A,SHP,,341.57532202253566,
2021-08-05 00:00:00,1434A,SHP,26.0,341.67824866003326,-315.67824866003326
2021-08-05 01:00:00,1434A,SHP,26.0,342.2552542220751,-316.2552542220751
2021-08-05 02:00:00,1434A,SHP,19.0,342.7934277179121,-323.7934277179121
2021-08-05 03:00:00,1434A,SHP,11.0,343.2597794390573,-332.2597794390573
2021-08-05 04:00:00,1434A,SHP,4.0,343.1123145435031,-339.1123145435031
2021-08-05 05:00:00,1434A,SHP,3.0,342.83408395808453,-339.83408395808453
2021-08-05 06:00:00,1434A,SHP,4.0,342.47864028008405,-338.47864028008405
2021-08-05 07:00:00,1434A,SHP,6.0,341.9925237712521,-335.9925237712521
2021-08-05 08:00:00,1434A,SHP,11.0,342.240496114333,-331.240496114333
2021-08-05 09:00:00,1434A,SHP,9.0,343.41150476019277,-334.41150476019277
2021-08-05 10:00:00,1434A,SHP,13.0,345.5933009576866,-332.5933009576866
2021-08-05 11:00:00,1434A,SHP,14.0,346.5344226797681,-332.5344226797681
2021-08-05 12:00:00,1434A,SHP,17.0,345.79626152260954,-328.79626152260954
2021-08-05 13:00:00,1434A,SHP,19.0,344.4677415943442,-325.4677415943442
2021-08-05 14:00:00,1434A,SHP,20.0,342.4179346635457,-322.4179346635457
2021-08-05 15:00:00,1434A,SHP,19.0,340.0976776880106,-321.0976776880106
2021-08-05 16:00:00,1434A,SHP,12.0,338.63418513269306,-326.63418513269306
2021-08-05 17:00:00,1434A,SHP,11.0,336.8778431160327,-325.8778431160327
2021-08-05 18:00:00,1434A,SHP,10.0,336.44160053983313,-326.44160053983313
2021-08-05 19:00:00,1434A,SHP,14.0,336.37594376143727,-322.37594376143727
2021-08-05 20:00:00,1434A,SHP,18.0,338.14133121045154,-320.14133121045154
2021-08-05 21:00:00,1434A,SHP,18.0,340.62484553017845,-322.62484553017845
2021-08-05 22:00:00,1434A,SHP,18.0,342.7963401447238,-324.7963401447238
2021-08-05 23:00:00,1434A,SHP,18.0,342.6496980838669,-324.6496980838669
2021-08-06 00:00:00,1434A,SHP,19.0,342.7526247213645,-323.7526247213645
2021-08-06 01:00:00,1434A,SHP,19.0,343.32963028340635,-324.32963028340635
2021-08-06 02:00:00,1434A,SHP,20.0,343.86780377924333,-323.86780377924333
2021-08-06 03:00:00,1434A,SHP,17.0,344.33415550038853,-327.33415550038853
2021-08-06 04:00:00,1434A,SHP,15.0,344.1866906048343,-329.1866906048343
2021-08-06 05:00:00,1434A,SHP,20.0,343.90846001941577,-323.90846001941577
2021-08-06 06:00:00,1434A,SHP,14.0,343.5530163414153,-329.5530163414153
2021-08-06 07:00:00,1434A,SHP,12.0,343.0668998325833,-331.0668998325833
2021-08-06 08:00:00,1434A,SHP,13.0,343.3148721756642,-330.3148721756642
2021-08-06 09:00:00,1434A,SHP,17.0,344.485880821524,-327.485880821524
2021-08-06 10:00:00,1434A,SHP,20.0,346.66767701901784,-326.66767701901784
2021-08-06 11:00:00,1434A,SHP,20.0,347.60879874109935,-327.60879874109935
2021-08-06 12:00:00,1434A,SHP,20.0,346.8706375839408,-326.8706375839408
2021-08-06 13:00:00,1434A,SHP,22.0,345.54211765567544,-323.54211765567544
2021-08-06 14:00:00,1434A,SHP,18.0,343.4923107248769,-325.4923107248769
2021-08-06 15:00:00,1434A,SHP,19.0,341.17205374934184,-322.17205374934184
2021-08-06 16:00:00,1434A,SHP,21.0,339.7085611940243,-318.7085611940243
2021-08-06 17:00:00,1434A,SHP,22.0,337.95221917736393,-315.95221917736393
2021-08-06 18:00:00,1434A,SHP,23.0,337.51597660116437,-314.51597660116437
2021-08-06 19:00:00,1434A,SHP,27.0,337.4503198227685,-310.4503198227685
2021-08-06 20:00:00,1434A,SHP,24.0,339.2157072717828,-315.2157072717828
2021-08-06 21:00:00,1434A,SHP,26.0,341.6992215915097,-315.6992215915097
2021-08-06 22:00:00,1434A,SHP,25.0,343.870716206055,-318.870716206055
2021-08-06 23:00:00,1434A,SHP,25.0,343.72407414519813,-318.72407414519813
2021-08-07 00:00:00,1434A,SHP,24.0,343.82700078269573,-319.82700078269573
2021-08-07 01:00:00,1434A,SHP,23.0,344.4040063447376,-321.4040063447376
2021-08-07 02:00:00,1434A,SHP,22.0,344.94217984057457,-322.94217984057457
2021-08-07 03:00:00,1434A,SHP,23.0,345.40853156171977,-322.40853156171977
2021-08-07 04:00:00,1434A,SHP,21.0,345.26106666616556,-324.26106666616556
2021-08-07 05:00:00,1434A,SHP,19.0,344.982836080747,-325.982836080747
2021-08-07 06:00:00,1434A,SHP,12.0,344.6273924027465,-332.6273924027465
2021-08-07 07:00:00,1434A,SHP,14.0,344.14127589391455,-330.14127589391455
2021-08-07 08:00:00,1434A,SHP,14.0,344.38924823699546,-330.38924823699546
2021-08-07 09:00:00,1434A,SHP,14.0,345.56025688285524,-331.56025688285524
2021-08-07 10:00:00,1434A,SHP,13.0,347.7420530803491,-334.7420530803491
2021-08-07 11:00:00,1434A,SHP,15.0,348.6831748024306,-333.6831748024306
2021-08-07 12:00:00,1434A,SHP,14.0,347.945013645272,-333.945013645272
2021-08-07 13:00:00,1434A,SHP,13.0,346.6164937170067,-333.6164937170067
2021-08-07 14:00:00,1434A,SHP,13.0,344.56668678620815,-331.56668678620815
2021-08-07 15:00:00,1434A,SHP,13.0,342.2464298106731,-329.2464298106731
2021-08-07 16:00:00,1434A,SHP,9.0,340.78293725535553,-331.78293725535553
2021-08-07 17:00:00,1434A,SHP,9.0,339.02659523869517,-330.02659523869517
2021-08-07 18:00:00,1434A,SHP,9.0,338.5903526624956,-329.5903526624956
2021-08-07 19:00:00,1434A,SHP,10.0,338.52469588409974,-328.52469588409974
2021-08-07 20:00:00,1434A,SHP,11.0,340.290083333114,-329.290083333114
2021-08-07 21:00:00,1434A,SHP,15.0,342.7735976528409,-327.7735976528409
2021-08-07 22:00:00,1434A,SHP,14.0,344.94509226738626,-330.94509226738626
2021-08-07 23:00:00,1434A,SHP,12.0,344.79845020652937,-332.79845020652937
2021-08-08 00:00:00,1434A,SHP,11.0,344.90137684402697,-333.90137684402697
2021-08-08 01:00:00,1434A,SHP,10.0,345.4783824060688,-335.4783824060688
2021-08-08 02:00:00,1434A,SHP,10.0,346.0165559019058,-336.0165559019058
2021-08-08 03:00:00,1434A,SHP,11.0,346.482907623051,-335.482907623051
2021-08-08 04:00:00,1434A,SHP,10.0,346.3354427274968,-336.3354427274968
2021-08-08 05:00:00,1434A,SHP,10.0,346.05721214207824,-336.05721214207824
2021-08-08 06:00:00,1434A,SHP,11.0,345.70176846407776,-334.70176846407776
2021-08-08 07:00:00,1434A,SHP,14.0,345.2156519552458,-331.2156519552458
2021-08-08 08:00:00,1434A,SHP,15.0,345.4636242983267,-330.4636242983267
2021-08-08 09:00:00,1434A,SHP,11.0,346.6346329441865,-335.6346329441865
2021-08-08 10:00:00,1434A,SHP,10.0,348.8164291416803,-338.8164291416803
2021-08-08 11:00:00,1434A,SHP,10.0,349.7575508637618,-339.7575508637618
2021-08-08 12:00:00,1434A,SHP,12.0,349.01938970660325,-337.01938970660325
2021-08-08 13:00:00,1434A,SHP,11.0,347.6908697783379,-336.6908697783379
2021-08-08 14:00:00,1434A,SHP,10.0,345.6410628475394,-335.6410628475394
2021-08-08 15:00:00,1434A,SHP,9.0,343.3208058720043,-334.3208058720043
2021-08-08 16:00:00,1434A,SHP,9.0,341.85731331668677,-332.85731331668677
2021-08-08 17:00:00,1434A,SHP,11.0,340.1009713000264,-329.1009713000264
2021-08-08 18:00:00,1434A,SHP,12.0,339.66472872382684,-327.66472872382684
2021-08-08 19:00:00,1434A,SHP,12.0,339.599071945431,-327.599071945431
2021-08-08 20:00:00,1434A,SHP,11.0,341.36445939444525,-330.36445939444525
2021-08-08 21:00:00,1434A,SHP,12.0,343.84797371417216,-331.84797371417216
2021-08-08 22:00:00,1434A,SHP,14.0,346.0194683287175,-332.0194683287175
2021-08-08 23:00:00,1434A,SHP,14.0,345.8728262678606,-331.8728262678606
2021-08-09 00:00:00,1434A,SHP,13.0,345.9757529053582,-332.9757529053582
2021-08-09 01:00:00,1434A,SHP,14.0,346.55275846740005,-332.55275846740005
2021-08-09 02:00:00,1434A,SHP,15.0,347.09093196323704,-332.09093196323704
2021-08-09 03:00:00,1434A,SHP,19.0,347.55728368438224,-328.55728368438224
2021-08-09 04:00:00,1434A,SHP,18.0,347.40981878882803,-329.40981878882803
2021-08-09 05:00:00,1434A,SHP,17.0,347.1315882034095,-330.1315882034095
2021-08-09 06:00:00,1434A,SHP,19.0,346.776144525409,-327.776144525409
2021-08-09 07:00:00,1434A,SHP,20.0,346.290028016577,-326.290028016577
2021-08-09 08:00:00,1434A,SHP,22.0,346.53800035965793,-324.53800035965793
2021-08-09 09:00:00,1434A,SHP,26.0,347.7090090055177,-321.7090090055177
2021-08-09 10:00:00,1434A,SHP,28.0,349.89080520301155,-321.89080520301155
2021-08-09 11:00:00,1434A,SHP,20.0,350.83192692509306,-330.83192692509306
2021-08-09 12:00:00,1434A,SHP,18.0,350.0937657679345,-332.0937657679345
2021-08-09 13:00:00,1434A,SHP,18.0,348.76524583966915,-330.76524583966915
2021-08-09 14:00:00,1434A,SHP,21.0,346.7154389088706,-325.7154389088706
2021-08-09 15:00:00,1434A,SHP,22.0,344.39518193333555,-322.39518193333555
2021-08-09 16:00:00,1434A,SHP,19.0,342.931689378018,-323.931689378018
2021-08-09 17:00:00,1434A,SHP,19.0,341.17534736135764,-322.17534736135764
2021-08-09 18:00:00,1434A,SHP,19.0,340.7391047851581,-321.7391047851581
2021-08-09 19:00:00,1434A,SHP,22.0,340.6734480067622,-318.6734480067622
2021-08-09 20:00:00,1434A,SHP,,342.4388354557765,
2021-08-09 21:00:00,1434A,SHP,,344.9223497755034,
2021-08-09 22:00:00,1434A,SHP,,347.09384439004873,
2021-08-09 23:00:00,1434A,SHP,,346.94720232919184,
2021-08-10 00:00:00,1434A,SHP,,347.05012896668944,
2021-08-10 01:00:00,1434A,SHP,,347.6271345287313,
2021-08-10 02:00:00,1434A,SHP,,348.1653080245683,
2021-08-10 03:00:00,1434A,SHP,,348.6316597457135,
2021-08-10 04:00:00,1434A,SHP,,348.48419485015927,
2021-08-10 05:00:00,1434A,SHP,,348.2059642647407,
2021-08-10 06:00:00,1434A,SHP,,347.85052058674023,
2021-08-10 07:00:00,1434A,SHP,,347.36440407790826,
2021-08-10 08:00:00,1434A,SHP,,347.61237642098916,
2021-08-10 09:00:00,1434A,SHP,,348.78338506684895,
2021-08-10 10:00:00,1434A,SHP,26.0,350.9651812643428,-324.9651812643428
2021-08-10 11:00:00,1434A,SHP,26.0,351.9063029864243,-325.9063029864243
2021-08-10 12:00:00,1434A,SHP,25.0,351.1681418292657,-326.1681418292657
2021-08-10 13:00:00,1434A,SHP,28.0,349.8396219010004,-321.8396219010004
2021-08-10 14:00:00,1434A,SHP,28.0,347.78981497020186,-319.78981497020186
2021-08-10 15:00:00,1434A,SHP,21.0,345.4695579946668,-324.4695579946668
2021-08-10 16:00:00,1434A,SHP,21.0,344.00606543934924,-323.00606543934924
2021-08-10 17:00:00,1434A,SHP,28.0,342.2497234226889,-314.2497234226889
2021-08-10 18:00:00,1434A,SHP,31.0,341.8134808464893,-310.8134808464893
2021-08-10 19:00:00,1434A,SHP,28.0,341.74782406809345,-313.74782406809345
2021-08-10 20:00:00,1434A,SHP,25.0,343.5132115171077,-318.5132115171077
2021-08-10 21:00:00,1434A,SHP,15.0,345.9967258368346,-330.9967258368346
2021-08-10 22:00:00,1434A,SHP,16.0,348.16822045137997,-332.16822045137997
2021-08-10 23:00:00,1434A,SHP,20.0,348.0215783905231,-328.0215783905231
2021-08-11 00:00:00,1434A,SHP,22.0,348.1245050280207,-326.1245050280207
2021-08-11 01:00:00,1434A,SHP,24.0,348.7015105900625,-324.7015105900625
2021-08-11 02:00:00,1434A,SHP,25.0,349.2396840858995,-324.2396840858995
2021-08-11 03:00:00,1434A,SHP,23.0,349.7060358070447,-326.7060358070447
2021-08-11 04:00:00,1434A,SHP,26.0,349.5585709114905,-323.5585709114905
2021-08-11 05:00:00,1434A,SHP,23.0,349.28034032607195,-326.28034032607195
2021-08-11 06:00:00,1434A,SHP,16.0,348.92489664807147,-332.92489664807147
2021-08-11 07:00:00,1434A,SHP,16.0,348.4387801392395,-332.4387801392395
2021-08-11 08:00:00,1434A,SHP,14.0,348.6867524823204,-334.6867524823204
2021-08-11 09:00:00,1434A,SHP,14.0,349.8577611281802,-335.8577611281802
2021-08-11 10:00:00,1434A,SHP,17.0,352.039557325674,-335.039557325674
2021-08-11 11:00:00,1434A,SHP,22.0,352.98067904775553,-330.98067904775553
2021-08-11 12:00:00,1434A,SHP,26.0,352.24251789059696,-326.24251789059696
2021-08-11 13:00:00,1434A,SHP,28.0,350.9139979623316,-322.9139979623316
2021-08-11 14:00:00,1434A,SHP,28.0,348.8641910315331,-320.8641910315331
2021-08-11 15:00:00,1434A,SHP,26.0,346.543934055998,-320.543934055998
2021-08-11 16:00:00,1434A,SHP,27.0,345.0804415006805,-318.0804415006805
2021-08-11 17:00:00,1434A,SHP,31.0,343.3240994840201,-312.3240994840201
2021-08-11 18:00:00,1434A,SHP,30.0,342.88785690782055,-312.88785690782055
2021-08-11 19:00:00,1434A,SHP,27.0,342.8222001294247,-315.8222001294247
2021-08-11 20:00:00,1434A,SHP,19.0,344.58758757843896,-325.58758757843896
2021-08-11 21:00:00,1434A,SHP,15.0,347.07110189816586,-332.07110189816586
2021-08-11 22:00:00,1434A,SHP,14.0,349.2425965127112,-335.2425965127112
2021-08-11 23:00:00,1434A,SHP,15.0,349.0959544518543,-334.0959544518543
2021-08-12 00:00:00,1434A,SHP,16.0,349.1988810893519,-333.1988810893519
2021-08-12 01:00:00,1434A,SHP,18.0,349.77588665139376,-331.77588665139376
2021-08-12 02:00:00,1434A,SHP,18.0,350.31406014723075,-332.31406014723075
2021-08-12 03:00:00,1434A,SHP,18.0,350.78041186837595,-332.78041186837595
2021-08-12 04:00:00,1434A,SHP,20.0,350.63294697282174,-330.63294697282174
2021-08-12 05:00:00,1434A,SHP,20.0,350.3547163874032,-330.3547163874032
2021-08-12 06:00:00,1434A,SHP,20.0,349.9992727094027,-329.9992727094027
2021-08-12 07:00:00,1434A,SHP,21.0,349.51315620057073,-328.51315620057073
2021-08-12 08:00:00,1434A,SHP,20.0,349.76112854365164,-329.76112854365164
2021-08-12 09:00:00,1434A,SHP,18.0,350.9321371895114,-332.9321371895114
2021-08-12 10:00:00,1434A,SHP,20.0,353.11393338700526,-333.11393338700526
2021-08-12 11:00:00,1434A,SHP,18.0,354.05505510908677,-336.05505510908677
2021-08-12 12:00:00,1434A,SHP,17.0,353.3168939519282,-336.3168939519282
2021-08-12 13:00:00,1434A,SHP,23.0,351.98837402366286,-328.98837402366286
2021-08-12 14:00:00,1434A,SHP,28.0,349.93856709286433,-321.93856709286433
2021-08-12 15:00:00,1434A,SHP,20.0,347.61831011732926,-327.61831011732926
2021-08-12 16:00:00,1434A,SHP,16.0,346.1548175620117,-330.1548175620117
2021-08-12 17:00:00,1434A,SHP,10.0,344.39847554535135,-334.39847554535135
2021-08-12 18:00:00,1434A,SHP,6.0,343.9622329691518,-337.9622329691518
2021-08-12 19:00:00,1434A,SHP,7.0,343.8965761907559,-336.8965761907559
2021-08-12 20:00:00,1434A,SHP,7.0,345.6619636397702,-338.6619636397702
2021-08-12 21:00:00,1434A,SHP,6.0,348.1454779594971,-342.1454779594971
2021-08-12 22:00:00,1434A,SHP,8.0,350.31697257404244,-342.31697257404244
2021-08-12 23:00:00,1434A,SHP,9.0,350.17033051318555,-341.17033051318555
2021-08-13 00:00:00,1434A,SHP,6.0,350.27325715068315,-344.27325715068315
2021-08-13 01:00:00,1434A,SHP,3.0,350.850262712725,-347.850262712725
2021-08-13 02:00:00,1434A,SHP,4.0,351.388436208562,-347.388436208562
2021-08-13 03:00:00,1434A,SHP,6.0,351.8547879297072,-345.8547879297072
2021-08-13 04:00:00,1434A,SHP,8.0,351.707323034153,-343.707323034153
2021-08-13 05:00:00,1434A,SHP,13.0,351.4290924487344,-338.4290924487344
2021-08-13 06:00:00,1434A,SHP,13.0,351.07364877073394,-338.07364877073394
2021-08-13 07:00:00,1434A,SHP,13.0,350.58753226190197,-337.58753226190197
2021-08-13 08:00:00,1434A,SHP,15.0,350.8355046049829,-335.8355046049829
2021-08-13 09:00:00,1434A,SHP,15.0,352.00651325084266,-337.00651325084266
2021-08-13 10:00:00,1434A,SHP,14.0,354.1883094483365,-340.1883094483365
2021-08-13 11:00:00,1434A,SHP,9.0,355.129431170418,-346.129431170418
2021-08-13 12:00:00,1434A,SHP,11.0,354.39127001325943,-343.39127001325943
2021-08-13 13:00:00,1434A,SHP,10.0,353.0627500849941,-343.0627500849941
2021-08-13 14:00:00,1434A,SHP,12.0,351.01294315419557,-339.01294315419557
2021-08-13 15:00:00,1434A,SHP,12.0,348.6926861786605,-336.6926861786605
2021-08-13 16:00:00,1434A,SHP,12.0,347.22919362334295,-335.22919362334295
2021-08-13 17:00:00,1434A,SHP,13.0,345.4728516066826,-332.4728516066826
2021-08-13 18:00:00,1434A,SHP,12.0,345.036609030483,-333.036609030483
2021-08-13 19:00:00,1434A,SHP,11.0,344.97095225208716,-333.97095225208716
2021-08-13 20:00:00,1434A,SHP,12.0,346.73633970110143,-334.73633970110143
2021-08-13 21:00:00,1434A,SHP,14.0,349.21985402082834,-335.21985402082834
2021-08-13 22:00:00,1434A,SHP,17.0,351.3913486353737,-334.3913486353737
2021-08-13 23:00:00,1434A,SHP,19.0,351.2447065745168,-332.2447065745168
2021-08-14 00:00:00,1434A,SHP,16.0,351.3476332120144,-335.3476332120144
2021-08-14 01:00:00,1434A,SHP,14.0,351.92463877405623,-337.92463877405623
2021-08-14 02:00:00,1434A,SHP,12.0,352.4628122698932,-340.4628122698932
2021-08-14 03:00:00,1434A,SHP,12.0,352.9291639910384,-340.9291639910384
2021-08-14 04:00:00,1434A,SHP,9.0,352.7816990954842,-343.7816990954842
2021-08-14 05:00:00,1434A,SHP,4.0,352.50346851006566,-348.50346851006566
2021-08-14 06:00:00,1434A,SHP,4.0,352.1480248320652,-348.1480248320652
2021-08-14 07:00:00,1434A,SHP,5.0,351.6619083232332,-346.6619083232332
2021-08-14 08:00:00,1434A,SHP,6.0,351.9098806663141,-345.9098806663141
2021-08-14 09:00:00,1434A,SHP,5.0,353.0808893121739,-348.0808893121739
2021-08-14 10:00:00,1434A,SHP,5.0,355.26268550966773,-350.26268550966773
2021-08-14 11:00:00,1434A,SHP,5.0,356.20380723174924,-351.20380723174924
2021-08-14 12:00:00,1434A,SHP,6.0,355.46564607459067,-349.46564607459067
2021-08-14 13:00:00,1434A,SHP,6.0,354.13712614632533,-348.13712614632533
2021-08-14 14:00:00,1434A,SHP,6.0,352.0873192155268,-346.0873192155268
2021-08-14 15:00:00,1434A,SHP,9.0,349.76706223999173,-340.76706223999173
2021-08-14 16:00:00,1434A,SHP,16.0,348.3035696846742,-332.3035696846742
2021-08-14 17:00:00,1434A,SHP,14.0,346.5472276680138,-332.5472276680138
2021-08-14 18:00:00,1434A,SHP,13.0,346.11098509181426,-333.11098509181426
2021-08-14 19:00:00,1434A,SHP,14.0,346.0453283134184,-332.0453283134184
2021-08-14 20:00:00,1434A,SHP,14.0,347.81071576243266,-333.81071576243266
2021-08-14 21:00:00,1434A,SHP,19.0,350.2942300821596,-331.2942300821596
2021-08-14 22:00:00,1434A,SHP,20.0,352.4657246967049,-332.4657246967049
2021-08-14 23:00:00,1434A,SHP,20.0,352.319082635848,-332.319082635848
2021-08-15 00:00:00,1434A,SHP,20.0,352.4220092733456,-332.4220092733456
2021-08-15 01:00:00,1434A,SHP,20.0,352.99901483538747,-332.99901483538747
2021-08-15 02:00:00,1434A,SHP,20.0,353.53718833122446,-333.53718833122446
2021-08-15 03:00:00,1434A,SHP,21.0,354.00354005236966,-333.00354005236966
2021-08-15 04:00:00,1434A,SHP,25.0,353.85607515681545,-328.85607515681545
2021-08-15 05:00:00,1434A,SHP,25.0,353.5778445713969,-328.5778445713969
2021-08-15 06:00:00,1434A,SHP,17.0,353.2224008933964,-336.2224008933964
2021-08-15 07:00:00,1434A,SHP,10.0,352.73628438456444,-342.73628438456444
2021-08-15 08:00:00,1434A,SHP,9.0,352.98425672764535,-343.98425672764535
2021-08-15 09:00:00,1434A,SHP,13.0,354.15526537350513,-341.15526537350513
2021-08-15 10:00:00,1434A,SHP,12.0,356.33706157099897,-344.33706157099897
2021-08-15 11:00:00,1434A,SHP,9.0,357.2781832930805,-348.2781832930805
2021-08-15 12:00:00,1434A,SHP,10.0,356.5400221359219,-346.5400221359219
2021-08-15 13:00:00,1434A,SHP,12.0,355.21150220765657,-343.21150220765657
2021-08-15 14:00:00,1434A,SHP,16.0,353.16169527685804,-337.16169527685804
2021-08-15 15:00:00,1434A,SHP,16.0,350.84143830132297,-334.84143830132297
2021-08-15 16:00:00,1434A,SHP,11.0,349.3779457460054,-338.3779457460054
2021-08-15 17:00:00,1434A,SHP,9.0,347.62160372934505,-338.62160372934505
2021-08-15 18:00:00,1434A,SHP,10.0,347.1853611531455,-337.1853611531455
2021-08-15 19:00:00,1434A,SHP,13.0,347.11970437474963,-334.11970437474963
2021-08-15 20:00:00,1434A,SHP,16.0,348.8850918237639,-332.8850918237639
2021-08-15 21:00:00,1434A,SHP,18.0,351.3686061434908,-333.3686061434908
2021-08-15 22:00:00,1434A,SHP,15.0,353.54010075803615,-338.54010075803615
2021-08-15 23:00:00,1434A,SHP,17.0,353.39345869717926,-336.39345869717926
2021-08-16 00:00:00,1434A,SHP,16.0,353.49638533467686,-337.49638533467686
2021-08-16 01:00:00,1434A,SHP,18.0,354.0733908967187,-336.0733908967187
2021-08-16 02:00:00,1434A,SHP,18.0,354.6115643925557,-336.6115643925557
2021-08-16 03:00:00,1434A,SHP,13.0,355.0779161137009,-342.0779161137009
2021-08-16 04:00:00,1434A,SHP,10.0,354.9304512181467,-344.9304512181467
2021-08-16 05:00:00,1434A,SHP,11.0,354.65222063272813,-343.65222063272813
2021-08-16 06:00:00,1434A,SHP,16.0,354.29677695472765,-338.29677695472765
2021-08-16 07:00:00,1434A,SHP,13.0,353.8106604458957,-340.8106604458957
2021-08-16 08:00:00,1434A,SHP,11.0,354.0586327889766,-343.0586327889766
2021-08-16 09:00:00,1434A,SHP,9.0,355.22964143483637,-346.22964143483637
2021-08-16 10:00:00,1434A,SHP,9.0,357.4114376323302,-348.4114376323302
2021-08-16 11:00:00,1434A,SHP,7.0,358.3525593544117,-351.3525593544117
2021-08-16 12:00:00,1434A,SHP,7.0,357.61439819725314,-350.61439819725314
2021-08-16 13:00:00,1434A,SHP,9.0,356.2858782689878,-347.2858782689878
2021-08-16 14:00:00,1434A,SHP,10.0,354.2360713381893,-344.2360713381893
2021-08-16 15:00:00,1434A,SHP,9.0,351.9158143626542,-342.9158143626542
2021-08-16 16:00:00,1434A,SHP,10.0,350.45232180733666,-340.45232180733666
2021-08-16 17:00:00,1434A,SHP,13.0,348.6959797906763,-335.6959797906763
2021-08-16 18:00:00,1434A,SHP,18.0,348.25973721447673,-330.25973721447673
2021-08-16 19:00:00,1434A,SHP,,348.19408043608087,
2021-08-16 20:00:00,1434A,SHP,21.0,349.95946788509514,-328.95946788509514
2021-08-16 21:00:00,1434A,SHP,16.0,352.44298220482204,-336.44298220482204
2021-08-16 22:00:00,1434A,SHP,11.0,354.6144768193674,-343.6144768193674
2021-08-16 23:00:00,1434A,SHP,12.0,354.4678347585105,-342.4678347585105
2021-08-17 00:00:00,1434A,SHP,12.0,354.5707613960081,-342.5707613960081
2021-08-17 01:00:00,1434A,SHP,13.0,355.14776695804994,-342.14776695804994
2021-08-17 02:00:00,1434A,SHP,14.0,355.68594045388693,-341.68594045388693
2021-08-17 03:00:00,1434A,SHP,17.0,356.15229217503213,-339.15229217503213
2021-08-17 04:00:00,1434A,SHP,22.0,356.0048272794779,-334.0048272794779
2021-08-17 05:00:00,1434A,SHP,18.0,355.72659669405937,-337.72659669405937
2021-08-17 06:00:00,1434A,SHP,12.0,355.3711530160589,-343.3711530160589
2021-08-17 07:00:00,1434A,SHP,18.0,354.8850365072269,-336.8850365072269
2021-08-17 08:00:00,1434A,SHP,21.0,355.1330088503078,-334.1330088503078
2021-08-17 09:00:00,1434A,SHP,,356.3040174961676,
2021-08-17 10:00:00,1434A,SHP,,358.48581369366144,
2021-08-17 11:00:00,1434A,SHP,14.0,359.42693541574295,-345.42693541574295
2021-08-17 12:00:00,1434A,SHP,16.0,358.6887742585844,-342.6887742585844
2021-08-17 13:00:00,1434A,SHP,,357.36025433031904,
2021-08-17 14:00:00,1434A,SHP,18.0,355.3104473995205,-337.3104473995205
2021-08-17 15:00:00,1434A,SHP,17.0,352.99019042398544,-335.99019042398544
2021-08-17 16:00:00,1434A,SHP,14.0,351.5266978686679,-337.5266978686679
2021-08-17 17:00:00,1434A,SHP,13.0,349.7703558520075,-336.7703558520075
2021-08-17 18:00:00,1434A,SHP,11.0,349.33411327580797,-338.33411327580797
2021-08-17 19:00:00,1434A,SHP,12.0,349.2684564974121,-337.2684564974121
2021-08-17 20:00:00,1434A,SHP,11.0,351.0338439464264,-340.0338439464264
2021-08-17 21:00:00,1434A,SHP,9.0,353.5173582661533,-344.5173582661533
2021-08-17 22:00:00,1434A,SHP,8.0,355.6888528806986,-347.6888528806986
2021-08-17 23:00:00,1434A,SHP,9.0,355.5422108198417,-346.5422108198417
2021-08-18 00:00:00,1434A,SHP,,355.64513745733933,
2021-08-18 01:00:00,1434A,SHP,9.0,356.2221430193812,-347.2221430193812
2021-08-18 02:00:00,1434A,SHP,12.0,356.76031651521816,-344.76031651521816
2021-08-18 03:00:00,1434A,SHP,13.0,357.22666823636337,-344.22666823636337
2021-08-18 04:00:00,1434A,SHP,,357.07920334080916,
2021-08-18 05:00:00,1434A,SHP,15.0,356.8009727553906,-341.8009727553906
2021-08-18 06:00:00,1434A,SHP,12.0,356.4455290773901,-344.4455290773901
2021-08-18 07:00:00,1434A,SHP,6.0,355.95941256855815,-349.95941256855815
2021-08-18 08:00:00,1434A,SHP,3.0,356.20738491163905,-353.20738491163905
2021-08-18 09:00:00,1434A,SHP,3.0,357.37839355749884,-354.37839355749884
2021-08-18 10:00:00,1434A,SHP,3.0,359.5601897549927,-356.5601897549927
2021-08-18 11:00:00,1434A,SHP,4.0,360.5013114770742,-356.5013114770742
2021-08-18 12:00:00,1434A,SHP,7.0,359.7631503199156,-352.7631503199156
2021-08-18 13:00:00,1434A,SHP,4.0,358.4346303916503,-354.4346303916503
2021-08-18 14:00:00,1434A,SHP,4.0,356.38482346085175,-352.38482346085175
2021-08-18 15:00:00,1434A,SHP,7.0,354.0645664853167,-347.0645664853167
2021-08-18 16:00:00,1434A,SHP,,352.60107392999913,
2021-08-18 17:00:00,1434A,SHP,12.0,350.84473191333876,-338.84473191333876
2021-08-18 18:00:00,1434A,SHP,14.0,350.4084893371392,-336.4084893371392
2021-08-18 19:00:00,1434A,SHP,12.0,350.34283255874334,-338.34283255874334
2021-08-18 20:00:00,1434A,SHP,,352.1082200077576,
2021-08-18 21:00:00,1434A,SHP,,354.5917343274845,
2021-08-18 22:00:00,1434A,SHP,18.0,356.76322894202985,-338.76322894202985
2021-08-18 23:00:00,1434A,SHP,18.0,356.61658688117296,-338.61658688117296
2021-08-19 00:00:00,1434A,SHP,20.0,356.71951351867057,-336.71951351867057
2021-08-19 01:00:00,1434A,SHP,26.0,357.2965190807124,-331.2965190807124
2021-08-19 02:00:00,1434A,SHP,25.0,357.8346925765494,-332.8346925765494
2021-08-19 03:00:00,1434A,SHP,28.0,358.3010442976946,-330.3010442976946
2021-08-19 04:00:00,1434A,SHP,30.0,358.1535794021404,-328.1535794021404
2021-08-19 05:00:00,1434A,SHP,26.0,357.87534881672184,-331.87534881672184
2021-08-19 06:00:00,1434A,SHP,25.0,357.51990513872136,-332.51990513872136
2021-08-19 07:00:00,1434A,SHP,26.0,357.0337886298894,-331.0337886298894
2021-08-19 08:00:00,1434A,SHP,19.0,357.2817609729703,-338.2817609729703
2021-08-19 09:00:00,1434A,SHP,9.0,358.4527696188301,-349.4527696188301
2021-08-19 10:00:00,1434A,SHP,8.0,360.6345658163239,-352.6345658163239
2021-08-19 11:00:00,1434A,SHP,10.0,361.5756875384054,-351.5756875384054
2021-08-19 12:00:00,1434A,SHP,11.0,360.83752638124685,-349.83752638124685
2021-08-19 13:00:00,1434A,SHP,10.0,359.5090064529815,-349.5090064529815
2021-08-19 14:00:00,1434A,SHP,11.0,357.459199522183,-346.459199522183
2021-08-19 15:00:00,1434A,SHP,10.0,355.1389425466479,-345.1389425466479
2021-08-19 16:00:00,1434A,SHP,9.0,353.67544999133037,-344.67544999133037
2021-08-19 17:00:00,1434A,SHP,11.0,351.91910797467,-340.91910797467
2021-08-19 18:00:00,1434A,SHP,12.0,351.48286539847044,-339.48286539847044
2021-08-19 19:00:00,1434A,SHP,13.0,351.4172086200746,-338.4172086200746
2021-08-19 20:00:00,1434A,SHP,17.0,353.18259606908885,-336.18259606908885
2021-08-19 21:00:00,1434A,SHP,15.0,355.66611038881575,-340.66611038881575
2021-08-19 22:00:00,1434A,SHP,15.0,357.8376050033611,-342.8376050033611
2021-08-19 23:00:00,1434A,SHP,20.0,357.6909629425042,-337.6909629425042
2021-08-20 00:00:00,1434A,SHP,21.0,357.7938895800018,-336.7938895800018
2021-08-20 01:00:00,1434A,SHP,20.0,358.37089514204365,-338.37089514204365
2021-08-20 02:00:00,1434A,SHP,20.0,358.90906863788064,-338.90906863788064
2021-08-20 03:00:00,1434A,SHP,20.0,359.37542035902584,-339.37542035902584
2021-08-20 04:00:00,1434A,SHP,20.0,359.22795546347163,-339.22795546347163
2021-08-20 05:00:00,1434A,SHP,16.0,358.9497248780531,-342.9497248780531
2021-08-20 06:00:00,1434A,SHP,12.0,358.5942812000526,-346.5942812000526
2021-08-20 07:00:00,1434A,SHP,10.0,358.1081646912206,-348.1081646912206
2021-08-20 08:00:00,1434A,SHP,10.0,358.3561370343015,-348.3561370343015
2021-08-20 09:00:00,1434A,SHP,8.0,359.5271456801613,-351.5271456801613
2021-08-20 10:00:00,1434A,SHP,9.0,361.70894187765515,-352.70894187765515
2021-08-20 11:00:00,1434A,SHP,10.0,362.65006359973665,-352.65006359973665
2021-08-20 12:00:00,1434A,SHP,14.0,361.9119024425781,-347.9119024425781
2021-08-20 13:00:00,1434A,SHP,16.0,360.58338251431275,-344.58338251431275
2021-08-20 14:00:00,1434A,SHP,16.0,358.5335755835142,-342.5335755835142
2021-08-20 15:00:00,1434A,SHP,14.0,356.21331860797915,-342.21331860797915
2021-08-20 16:00:00,1434A,SHP,15.0,354.7498260526616,-339.7498260526616
2021-08-20 17:00:00,1434A,SHP,14.0,352.99348403600123,-338.99348403600123
2021-08-20 18:00:00,1434A,SHP,16.0,352.5572414598017,-336.5572414598017
2021-08-20 19:00:00,1434A,SHP,16.0,352.4915846814058,-336.4915846814058
2021-08-20 20:00:00,1434A,SHP,17.0,354.2569721304201,-337.2569721304201
2021-08-20 21:00:00,1434A,SHP,20.0,356.740486450147,-336.740486450147
2021-08-20 22:00:00,1434A,SHP,20.0,358.9119810646923,-338.9119810646923
2021-08-20 23:00:00,1434A,SHP,24.0,358.76533900383544,-334.76533900383544
2021-08-21 00:00:00,1434A,SHP,23.0,358.86826564133304,-335.86826564133304
2021-08-21 01:00:00,1434A,SHP,23.0,359.4452712033749,-336.4452712033749
2021-08-21 02:00:00,1434A,SHP,20.0,359.9834446992119,-339.9834446992119
2021-08-21 03:00:00,1434A,SHP,21.0,360.4497964203571,-339.4497964203571
2021-08-21 04:00:00,1434A,SHP,21.0,360.30233152480287,-339.30233152480287
2021-08-21 05:00:00,1434A,SHP,22.0,360.0241009393843,-338.0241009393843
2021-08-21 06:00:00,1434A,SHP,23.0,359.6686572613838,-336.6686572613838
2021-08-21 07:00:00,1434A,SHP,26.0,359.18254075255186,-333.18254075255186
2021-08-21 08:00:00,1434A,SHP,27.0,359.43051309563276,-332.43051309563276
2021-08-21 09:00:00,1434A,SHP,26.0,360.60152174149255,-334.60152174149255
2021-08-21 10:00:00,1434A,SHP,28.0,362.7833179389864,-334.7833179389864
2021-08-21 11:00:00,1434A,SHP,27.0,363.7244396610679,-336.7244396610679
2021-08-21 12:00:00,1434A,SHP,20.0,362.9862785039093,-342.9862785039093
2021-08-21 13:00:00,1434A,SHP,30.0,361.657758575644,-331.657758575644
2021-08-21 14:00:00,1434A,SHP,40.0,359.60795164484546,-319.60795164484546
2021-08-21 15:00:00,1434A,SHP,32.0,357.2876946693104,-325.2876946693104
2021-08-21 16:00:00,1434A,SHP,22.0,355.82420211399284,-333.82420211399284
2021-08-21 17:00:00,1434A,SHP,20.0,354.06786009733247,-334.06786009733247
2021-08-21 18:00:00,1434A,SHP,17.0,353.6316175211329,-336.6316175211329
2021-08-21 19:00:00,1434A,SHP,16.0,353.56596074273705,-337.56596074273705
2021-08-21 20:00:00,1434A,SHP,26.0,355.3313481917513,-329.3313481917513
2021-08-21 21:00:00,1434A,SHP,30.0,357.8148625114782,-327.8148625114782
2021-08-21 22:00:00,1434A,SHP,29.0,359.98635712602356,-330.98635712602356
2021-08-21 23:00:00,1434A,SHP,20.0,359.8397150651667,-339.8397150651667
2021-08-22 00:00:00,1434A,SHP,22.0,359.9426417026643,-337.9426417026643
2021-08-22 01:00:00,1434A,SHP,24.0,360.5196472647061,-336.5196472647061
2021-08-22 02:00:00,1434A,SHP,26.0,361.0578207605431,-335.0578207605431
2021-08-22 03:00:00,1434A,SHP,23.0,361.5241724816883,-338.5241724816883
2021-08-22 04:00:00,1434A,SHP,17.0,361.3767075861341,-344.3767075861341
2021-08-22 05:00:00,1434A,SHP,16.0,361.09847700071555,-345.09847700071555
2021-08-22 06:00:00,1434A,SHP,20.0,360.74303332271506,-340.74303332271506
2021-08-22 07:00:00,1434A,SHP,21.0,360.2569168138831,-339.2569168138831
2021-08-22 08:00:00,1434A,SHP,12.0,360.504889156964,-348.504889156964
2021-08-22 09:00:00,1434A,SHP,5.0,361.6758978028238,-356.6758978028238
2021-08-22 10:00:00,1434A,SHP,5.0,363.8576940003176,-358.8576940003176
2021-08-22 11:00:00,1434A,SHP,8.0,364.7988157223991,-356.7988157223991
2021-08-22 12:00:00,1434A,SHP,5.0,364.06065456524055,-359.06065456524055
2021-08-22 13:00:00,1434A,SHP,5.0,362.7321346369752,-357.7321346369752
2021-08-22 14:00:00,1434A,SHP,4.0,360.6823277061767,-356.6823277061767
2021-08-22 15:00:00,1434A,SHP,5.0,358.3620707306416,-353.3620707306416
2021-08-22 16:00:00,1434A,SHP,6.0,356.8985781753241,-350.8985781753241
2021-08-22 17:00:00,1434A,SHP,7.0,355.1422361586637,-348.1422361586637
2021-08-22 18:00:00,1434A,SHP,8.0,354.70599358246415,-346.70599358246415
2021-08-22 19:00:00,1434A,SHP,11.0,354.6403368040683,-343.6403368040683
2021-08-22 20:00:00,1434A,SHP,13.0,356.40572425308255,-343.40572425308255
2021-08-22 21:00:00,1434A,SHP,12.0,358.88923857280946,-346.88923857280946
2021-08-22 22:00:00,1434A,SHP,9.0,361.0607331873548,-352.0607331873548
2021-08-22 23:00:00,1434A,SHP,7.0,360.9140911264979,-353.9140911264979
2021-08-23 00:00:00,1434A,SHP,6.0,361.0170177639955,-355.0170177639955
2021-08-23 01:00:00,1434A,SHP,7.0,361.59402332603736,-354.59402332603736
2021-08-23 02:00:00,1434A,SHP,7.0,362.13219682187435,-355.13219682187435
2021-08-23 03:00:00,1434A,SHP,11.0,362.59854854301955,-351.59854854301955
2021-08-23 04:00:00,1434A,SHP,11.0,362.45108364746534,-351.45108364746534
2021-08-23 05:00:00,1434A,SHP,9.0,362.1728530620468,-353.1728530620468
2021-08-23 06:00:00,1434A,SHP,8.0,361.8174093840463,-353.8174093840463
2021-08-23 07:00:00,1434A,SHP,7.0,361.33129287521433,-354.33129287521433
2021-08-23 08:00:00,1434A,SHP,7.0,361.57926521829523,-354.57926521829523
2021-08-23 09:00:00,1434A,SHP,8.0,362.750273864155,-354.750273864155
2021-08-23 10:00:00,1434A,SHP,10.0,364.93207006164886,-354.93207006164886
2021-08-23 11:00:00,1434A,SHP,,365.87319178373036,
2021-08-23 12:00:00,1434A,SHP,,365.1350306265718,
2021-08-23 13:00:00,1434A,SHP,,363.80651069830645,
2021-08-23 14:00:00,1434A,SHP,7.0,361.75670376750793,-354.75670376750793
2021-08-23 15:00:00,1434A,SHP,8.0,359.43644679197286,-351.43644679197286
2021-08-23 16:00:00,1434A,SHP,9.0,357.9729542366553,-348.9729542366553
2021-08-23 17:00:00,1434A,SHP,10.0,356.21661221999494,-346.21661221999494
2021-08-23 18:00:00,1434A,SHP,11.0,355.7803696437954,-344.7803696437954
2021-08-23 19:00:00,1434A,SHP,29.0,355.7147128653995,-326.7147128653995
2021-08-23 20:00:00,1434A,SHP,23.0,357.4801003144138,-334.4801003144138
2021-08-23 21:00:00,1434A,SHP,22.0,359.9636146341407,-337.9636146341407
2021-08-23 22:00:00,1434A,SHP,18.0,362.13510924868604,-344.13510924868604
2021-08-23 23:00:00,1434A,SHP,13.0,361.98846718782914,-348.98846718782914
2021-08-24 00:00:00,1434A,SHP,10.0,362.09139382532675,-352.09139382532675
2021-08-24 01:00:00,1434A,SHP,10.0,362.6683993873686,-352.6683993873686
2021-08-24 02:00:00,1434A,SHP,12.0,363.2065728832056,-351.2065728832056
2021-08-24 03:00:00,1434A,SHP,12.0,363.6729246043508,-351.6729246043508
2021-08-24 04:00:00,1434A,SHP,13.0,363.5254597087966,-350.5254597087966
2021-08-24 05:00:00,1434A,SHP,13.0,363.247229123378,-350.247229123378
2021-08-24 06:00:00,1434A,SHP,,362.89178544537754,
2021-08-24 07:00:00,1434A,SHP,16.0,362.40566893654557,-346.40566893654557
2021-08-24 08:00:00,1434A,SHP,14.0,362.65364127962647,-348.65364127962647
2021-08-24 09:00:00,1434A,SHP,16.0,363.82464992548626,-347.82464992548626
2021-08-24 10:00:00,1434A,SHP,23.0,366.0064461229801,-343.0064461229801
2021-08-24 11:00:00,1434A,SHP,25.0,366.9475678450616,-341.9475678450616
2021-08-24 12:00:00,1434A,SHP,22.0,366.209406687903,-344.209406687903
2021-08-24 13:00:00,1434A,SHP,20.0,364.8808867596377,-344.8808867596377
2021-08-24 14:00:00,1434A,SHP,23.0,362.83107982883917,-339.83107982883917
2021-08-24 15:00:00,1434A,SHP,25.0,360.5108228533041,-335.5108228533041
2021-08-24 16:00:00,1434A,SHP,24.0,359.04733029798655,-335.04733029798655
2021-08-24 17:00:00,1434A,SHP,23.0,357.2909882813262,-334.2909882813262
2021-08-24 18:00:00,1434A,SHP,24.0,356.8547457051266,-332.8547457051266
2021-08-24 19:00:00,1434A,SHP,25.0,356.78908892673076,-331.78908892673076
2021-08-24 20:00:00,1434A,SHP,25.0,358.554476375745,-333.554476375745
2021-08-24 21:00:00,1434A,SHP,27.0,361.03799069547193,-334.03799069547193
2021-08-24 22:00:00,1434A,SHP,29.0,363.20948531001727,-334.20948531001727
2021-08-24 23:00:00,1434A,SHP,28.0,363.0628432491604,-335.0628432491604
2021-08-25 00:00:00,1434A,SHP,28.0,363.165769886658,-335.165769886658
2021-08-25 01:00:00,1434A,SHP,28.0,363.74277544869983,-335.74277544869983
2021-08-25 02:00:00,1434A,SHP,28.0,364.2809489445368,-336.2809489445368
2021-08-25 03:00:00,1434A,SHP,26.0,364.747300665682,-338.747300665682
2021-08-25 04:00:00,1434A,SHP,24.0,364.5998357701278,-340.5998357701278
2021-08-25 05:00:00,1434A,SHP,29.0,364.32160518470926,-335.32160518470926
2021-08-25 06:00:00,1434A,SHP,38.0,363.9661615067088,-325.9661615067088
2021-08-25 07:00:00,1434A,SHP,44.0,363.4800449978768,-319.4800449978768
2021-08-25 08:00:00,1434A,SHP,29.0,363.7280173409577,-334.7280173409577
2021-08-25 09:00:00,1434A,SHP,21.0,364.8990259868175,-343.8990259868175
2021-08-25 10:00:00,1434A,SHP,24.0,367.08082218431133,-343.08082218431133
2021-08-25 11:00:00,1434A,SHP,24.0,368.02194390639283,-344.02194390639283
2021-08-25 12:00:00,1434A,SHP,18.0,367.28378274923426,-349.28378274923426
2021-08-25 13:00:00,1434A,SHP,18.0,365.9552628209689,-347.9552628209689
2021-08-25 14:00:00,1434A,SHP,12.0,363.9054558901704,-351.9054558901704
2021-08-25 15:00:00,1434A,SHP,12.0,361.5851989146353,-349.5851989146353
2021-08-25 16:00:00,1434A,SHP,10.0,360.1217063593178,-350.1217063593178
2021-08-25 17:00:00,1434A,SHP,,358.3653643426574,
2021-08-25 18:00:00,1434A,SHP,14.0,357.92912176645785,-343.92912176645785
2021-08-25 19:00:00,1434A,SHP,12.0,357.863464988062,-345.863464988062
2021-08-25 20:00:00,1434A,SHP,13.0,359.62885243707626,-346.62885243707626
2021-08-25 21:00:00,1434A,SHP,16.0,362.11236675680317,-346.11236675680317
2021-08-25 22:00:00,1434A,SHP,14.0,364.2838613713485,-350.2838613713485
2021-08-25 23:00:00,1434A,SHP,15.0,364.1372193104916,-349.1372193104916
2021-08-26 00:00:00,1434A,SHP,,364.2401459479892,
2021-08-26 01:00:00,1434A,SHP,19.0,364.81715151003107,-345.81715151003107
2021-08-26 02:00:00,1434A,SHP,19.0,365.35532500586805,-346.35532500586805
2021-08-26 03:00:00,1434A,SHP,21.0,365.82167672701326,-344.82167672701326
2021-08-26 04:00:00,1434A,SHP,22.0,365.67421183145905,-343.67421183145905
2021-08-26 05:00:00,1434A,SHP,20.0,365.3959812460405,-345.3959812460405
2021-08-26 06:00:00,1434A,SHP,14.0,365.04053756804,-351.04053756804
2021-08-26 07:00:00,1434A,SHP,11.0,364.55442105920804,-353.55442105920804
2021-08-26 08:00:00,1434A,SHP,10.0,364.80239340228894,-354.80239340228894
2021-08-26 09:00:00,1434A,SHP,12.0,365.9734020481487,-353.9734020481487
2021-08-26 10:00:00,1434A,SHP,,368.15519824564257,
2021-08-26 11:00:00,1434A,SHP,16.0,369.09631996772407,-353.09631996772407
2021-08-26 12:00:00,1434A,SHP,15.0,368.3581588105655,-353.3581588105655
2021-08-26 13:00:00,1434A,SHP,,367.02963888230016,
2021-08-26 14:00:00,1434A,SHP,16.0,364.97983195150164,-348.97983195150164
2021-08-26 15:00:00,1434A,SHP,15.0,362.65957497596656,-347.65957497596656
2021-08-26 16:00:00,1434A,SHP,15.0,361.196082420649,-346.196082420649
2021-08-26 17:00:00,1434A,SHP,18.0,359.43974040398865,-341.43974040398865
2021-08-26 18:00:00,1434A,SHP,14.0,359.0034978277891,-345.0034978277891
2021-08-26 19:00:00,1434A,SHP,12.0,358.9378410493932,-346.9378410493932
2021-08-26 20:00:00,1434A,SHP,12.0,360.7032284984075,-348.7032284984075
2021-08-26 21:00:00,1434A,SHP,11.0,363.1867428181344,-352.1867428181344
2021-08-26 22:00:00,1434A,SHP,12.0,365.35823743267974,-353.35823743267974
2021-08-26 23:00:00,1434A,SHP,14.0,365.21159537182285,-351.21159537182285
2021-08-27 00:00:00,1434A,SHP,12.0,365.31452200932046,-353.31452200932046
2021-08-27 01:00:00,1434A,SHP,9.0,365.8915275713623,-356.8915275713623
2021-08-27 02:00:00,1434A,SHP,11.0,366.4297010671993,-355.4297010671993
2021-08-27 03:00:00,1434A,SHP,16.0,366.8960527883445,-350.8960527883445
2021-08-27 04:00:00,1434A,SHP,18.0,366.7485878927903,-348.7485878927903
2021-08-27 05:00:00,1434A,SHP,17.0,366.4703573073717,-349.4703573073717
2021-08-27 06:00:00,1434A,SHP,18.0,366.11491362937124,-348.11491362937124
2021-08-27 07:00:00,1434A,SHP,18.0,365.6287971205393,-347.6287971205393
2021-08-27 08:00:00,1434A,SHP,15.0,365.8767694636202,-350.8767694636202
2021-08-27 09:00:00,1434A,SHP,22.0,367.04777810947996,-345.04777810947996
2021-08-27 10:00:00,1434A,SHP,28.0,369.2295743069738,-341.2295743069738
2021-08-27 11:00:00,1434A,SHP,19.0,370.1706960290553,-351.1706960290553
2021-08-27 12:00:00,1434A,SHP,14.0,369.43253487189673,-355.43253487189673
2021-08-27 13:00:00,1434A,SHP,14.0,368.1040149436314,-354.1040149436314
2021-08-27 14:00:00,1434A,SHP,12.0,366.0542080128329,-354.0542080128329
2021-08-27 15:00:00,1434A,SHP,9.0,363.7339510372978,-354.7339510372978
2021-08-27 16:00:00,1434A,SHP,7.0,362.27045848198026,-355.27045848198026
2021-08-27 17:00:00,1434A,SHP,7.0,360.5141164653199,-353.5141164653199
2021-08-27 18:00:00,1434A,SHP,11.0,360.0778738891203,-349.0778738891203
2021-08-27 19:00:00,1434A,SHP,15.0,360.01221711072446,-345.01221711072446
2021-08-27 20:00:00,1434A,SHP,18.0,361.77760455973873,-343.77760455973873
2021-08-27 21:00:00,1434A,SHP,19.0,364.26111887946564,-345.26111887946564
2021-08-27 22:00:00,1434A,SHP,12.0,366.432613494011,-354.432613494011
2021-08-27 23:00:00,1434A,SHP,12.0,366.2859714331541,-354.2859714331541
2021-08-28 00:00:00,1434A,SHP,13.0,366.3888980706517,-353.3888980706517
2021-08-28 01:00:00,1434A,SHP,14.0,366.96590363269354,-352.96590363269354
2021-08-28 02:00:00,1434A,SHP,14.0,367.5040771285305,-353.5040771285305
2021-08-28 03:00:00,1434A,SHP,16.0,367.9704288496757,-351.9704288496757
2021-08-28 04:00:00,1434A,SHP,15.0,367.8229639541215,-352.8229639541215
2021-08-28 05:00:00,1434A,SHP,11.0,367.54473336870296,-356.54473336870296
2021-08-28 06:00:00,1434A,SHP,14.0,367.1892896907025,-353.1892896907025
2021-08-28 07:00:00,1434A,SHP,10.0,366.7031731818705,-356.7031731818705
2021-08-28 08:00:00,1434A,SHP,11.0,366.9511455249514,-355.9511455249514
2021-08-28 09:00:00,1434A,SHP,9.0,368.1221541708112,-359.1221541708112
2021-08-28 10:00:00,1434A,SHP,18.0,370.30395036830504,-352.30395036830504
2021-08-28 11:00:00,1434A,SHP,19.0,371.24507209038654,-352.24507209038654
2021-08-28 12:00:00,1434A,SHP,17.0,370.50691093322797,-353.50691093322797
2021-08-28 13:00:00,1434A,SHP,17.0,369.17839100496263,-352.17839100496263
2021-08-28 14:00:00,1434A,SHP,18.0,367.1285840741641,-349.1285840741641
2021-08-28 15:00:00,1434A,SHP,21.0,364.80832709862904,-343.80832709862904
2021-08-28 16:00:00,1434A,SHP,19.0,363.3448345433115,-344.3448345433115
2021-08-28 17:00:00,1434A,SHP,20.0,361.5884925266511,-341.5884925266511
2021-08-28 18:00:00,1434A,SHP,15.0,361.15224995045156,-346.15224995045156
2021-08-28 19:00:00,1434A,SHP,13.0,361.0865931720557,-348.0865931720557
2021-08-28 20:00:00,1434A,SHP,17.0,362.85198062106997,-345.85198062106997
2021-08-28 21:00:00,1434A,SHP,19.0,365.3354949407969,-346.3354949407969
2021-08-28 22:00:00,1434A,SHP,20.0,367.5069895553422,-347.5069895553422
2021-08-28 23:00:00,1434A,SHP,20.0,367.3603474944853,-347.3603474944853
2021-08-29 00:00:00,1434A,SHP,21.0,367.4632741319829,-346.4632741319829
2021-08-29 01:00:00,1434A,SHP,22.0,368.0402796940248,-346.0402796940248
2021-08-29 02:00:00,1434A,SHP,22.0,368.57845318986176,-346.57845318986176
2021-08-29 03:00:00,1434A,SHP,21.0,369.04480491100696,-348.04480491100696
2021-08-29 04:00:00,1434A,SHP,21.0,368.89734001545276,-347.89734001545276
2021-08-29 05:00:00,1434A,SHP,22.0,368.6191094300342,-346.6191094300342
2021-08-29 06:00:00,1434A,SHP,20.0,368.2636657520337,-348.2636657520337
2021-08-29 07:00:00,1434A,SHP,18.0,367.77754924320175,-349.77754924320175
2021-08-29 08:00:00,1434A,SHP,18.0,368.02552158628265,-350.02552158628265
2021-08-29 09:00:00,1434A,SHP,16.0,369.19653023214244,-353.19653023214244
2021-08-29 10:00:00,1434A,SHP,14.0,371.3783264296363,-357.3783264296363
2021-08-29 11:00:00,1434A,SHP,13.0,372.3194481517178,-359.3194481517178
2021-08-29 12:00:00,1434A,SHP,9.0,371.5812869945592,-362.5812869945592
2021-08-29 13:00:00,1434A,SHP,17.0,370.25276706629387,-353.25276706629387
2021-08-29 14:00:00,1434A,SHP,11.0,368.20296013549535,-357.20296013549535
2021-08-29 15:00:00,1434A,SHP,6.0,365.8827031599603,-359.8827031599603
2021-08-29 16:00:00,1434A,SHP,7.0,364.4192106046427,-357.4192106046427
2021-08-29 17:00:00,1434A,SHP,7.0,362.66286858798236,-355.66286858798236
2021-08-29 18:00:00,1434A,SHP,7.0,362.2266260117828,-355.2266260117828
2021-08-29 19:00:00,1434A,SHP,8.0,362.16096923338694,-354.16096923338694
2021-08-29 20:00:00,1434A,SHP,8.0,363.9263566824012,-355.9263566824012
2021-08-29 21:00:00,1434A,SHP,8.0,366.4098710021281,-358.4098710021281
2021-08-29 22:00:00,1434A,SHP,8.0,368.58136561667345,-360.58136561667345
2021-08-29 23:00:00,1434A,SHP,9.0,368.43472355581656,-359.43472355581656
2021-08-30 00:00:00,1434A,SHP,9.0,368.53765019331416,-359.53765019331416
2021-08-30 01:00:00,1434A,SHP,10.0,369.114655755356,-359.114655755356
2021-08-30 02:00:00,1434A,SHP,12.0,369.652829251193,-357.652829251193
2021-08-30 03:00:00,1434A,SHP,14.0,370.1191809723382,-356.1191809723382
2021-08-30 04:00:00,1434A,SHP,17.0,369.971716076784,-352.971716076784
2021-08-30 05:00:00,1434A,SHP,19.0,369.69348549136544,-350.69348549136544
2021-08-30 06:00:00,1434A,SHP,18.0,369.33804181336495,-351.33804181336495
2021-08-30 07:00:00,1434A,SHP,24.0,368.851925304533,-344.851925304533
2021-08-30 08:00:00,1434A,SHP,27.0,369.0998976476139,-342.0998976476139
2021-08-30 09:00:00,1434A,SHP,26.0,370.2709062934737,-344.2709062934737
2021-08-30 10:00:00,1434A,SHP,22.0,372.4527024909675,-350.4527024909675
2021-08-30 11:00:00,1434A,SHP,23.0,373.393824213049,-350.393824213049
2021-08-30 12:00:00,1434A,SHP,22.0,372.65566305589044,-350.65566305589044
2021-08-30 13:00:00,1434A,SHP,23.0,371.3271431276251,-348.3271431276251
2021-08-30 14:00:00,1434A,SHP,24.0,369.2773361968266,-345.2773361968266
2021-08-30 15:00:00,1434A,SHP,24.0,366.9570792212915,-342.9570792212915
2021-08-30 16:00:00,1434A,SHP,24.0,365.49358666597396,-341.49358666597396
2021-08-30 17:00:00,1434A,SHP,21.0,363.7372446493136,-342.7372446493136
2021-08-30 18:00:00,1434A,SHP,19.0,363.30100207311403,-344.30100207311403
2021-08-30 19:00:00,1434A,SHP,16.0,363.2353452947182,-347.2353452947182
2021-08-30 20:00:00,1434A,SHP,19.0,365.00073274373244,-346.00073274373244
2021-08-30 21:00:00,1434A,SHP,27.0,367.48424706345935,-340.48424706345935
2021-08-30 22:00:00,1434A,SHP,28.0,369.6557416780047,-341.6557416780047
2021-08-30 23:00:00,1434A,SHP,30.0,369.5090996171478,-339.5090996171478
2021-08-31 00:00:00,1434A,SHP,30.0,369.6120262546454,-339.6120262546454
2021-08-31 01:00:00,1434A,SHP,27.0,370.18903181668725,-343.18903181668725
2021-08-31 02:00:00,1434A,SHP,26.0,370.72720531252423,-344.72720531252423
2021-08-31 03:00:00,1434A,SHP,26.0,371.19355703366944,-345.19355703366944
2021-08-31 04:00:00,1434A,SHP,25.0,371.0460921381152,-346.0460921381152
2021-08-31 05:00:00,1434A,SHP,22.0,370.7678615526967,-348.7678615526967
2021-08-31 06:00:00,1434A,SHP,19.0,370.4124178746962,-351.4124178746962
2021-08-31 07:00:00,1434A,SHP,19.0,369.9263013658642,-350.9263013658642
2021-08-31 08:00:00,1434A,SHP,18.0,370.1742737089451,-352.1742737089451
2021-08-31 09:00:00,1434A,SHP,22.0,371.3452823548049,-349.3452823548049
2021-08-31 10:00:00,1434A,SHP,27.0,373.52707855229875,-346.52707855229875
2021-08-31 11:00:00,1434A,SHP,31.0,374.46820027438025,-343.46820027438025
2021-08-31 12:00:00,1434A,SHP,29.0,373.7300391172217,-344.7300391172217
2021-08-31 13:00:00,1434A,SHP,42.0,372.40151918895634,-330.40151918895634
2021-08-31 14:00:00,1434A,SHP,42.0,370.3517122581578,-328.3517122581578
2021-08-31 15:00:00,1434A,SHP,35.0,368.03145528262274,-333.03145528262274
2021-08-31 16:00:00,1434A,SHP,26.0,366.5679627273052,-340.5679627273052
2021-08-31 17:00:00,1434A,SHP,18.0,364.81162071064483,-346.81162071064483
2021-08-31 18:00:00,1434A,SHP,22.0,364.37537813444527,-342.37537813444527
2021-08-31 19:00:00,1434A,SHP,17.0,364.3097213560494,-347.3097213560494
2021-08-31 20:00:00,1434A,SHP,17.0,366.0751088050637,-349.0751088050637
2021-08-31 21:00:00,1434A,SHP,17.0,368.5586231247906,-351.5586231247906
2021-08-31 22:00:00,1434A,SHP,19.0,370.7301177393359,-351.7301177393359
2021-08-31 23:00:00,1434A,SHP,22.0,370.58347567847903,-348.58347567847903
2021-09-01 00:00:00,1434A,SHP,22.0,370.68640231597664,-348.68640231597664
2021-09-01 01:00:00,1434A,SHP,20.0,371.2634078780185,-351.2634078780185
2021-09-01 02:00:00,1434A,SHP,21.0,371.80158137385547,-350.80158137385547
2021-09-01 03:00:00,1434A,SHP,20.0,372.26793309500067,-352.26793309500067
2021-09-01 04:00:00,1434A,SHP,19.0,372.12046819944646,-353.12046819944646
2021-09-01 05:00:00,1434A,SHP,20.0,371.8422376140279,-351.8422376140279
2021-09-01 06:00:00,1434A,SHP,20.0,371.4867939360274,-351.4867939360274
2021-09-01 07:00:00,1434A,SHP,19.0,371.00067742719546,-352.00067742719546
2021-09-01 08:00:00,1434A,SHP,22.0,371.24864977027636,-349.24864977027636
2021-09-01 09:00:00,1434A,SHP,25.0,372.41965841613614,-347.41965841613614
2021-09-01 10:00:00,1434A,SHP,34.0,374.60145461363,-340.60145461363
2021-09-01 11:00:00,1434A,SHP,33.0,375.5425763357115,-342.5425763357115
2021-09-01 12:00:00,1434A,SHP,34.0,374.8044151785529,-340.8044151785529
2021-09-01 13:00:00,1434A,SHP,25.0,373.4758952502876,-348.4758952502876
2021-09-01 14:00:00,1434A,SHP,18.0,371.42608831948905,-353.42608831948905
2021-09-01 15:00:00,1434A,SHP,22.0,369.105831343954,-347.105831343954
2021-09-01 16:00:00,1434A,SHP,20.0,367.64233878863644,-347.64233878863644
2021-09-01 17:00:00,1434A,SHP,17.0,365.88599677197607,-348.88599677197607
2021-09-01 18:00:00,1434A,SHP,18.0,365.4497541957765,-347.4497541957765
2021-09-01 19:00:00,1434A,SHP,17.0,365.38409741738064,-348.38409741738064
2021-09-01 20:00:00,1434A,SHP,19.0,367.1494848663949,-348.1494848663949
2021-09-01 21:00:00,1434A,SHP,19.0,369.6329991861218,-350.6329991861218
2021-09-01 22:00:00,1434A,SHP,18.0,371.80449380066716,-353.80449380066716
2021-09-01 23:00:00,1434A,SHP,17.0,371.65785173981027,-354.65785173981027
2021-09-02 00:00:00,1434A,SHP,16.0,371.7607783773079,-355.7607783773079
2021-09-02 01:00:00,1434A,SHP,16.0,372.3377839393497,-356.3377839393497
2021-09-02 02:00:00,1434A,SHP,17.0,372.8759574351867,-355.8759574351867
2021-09-02 03:00:00,1434A,SHP,17.0,373.3423091563319,-356.3423091563319
2021-09-02 04:00:00,1434A,SHP,18.0,373.1948442607777,-355.1948442607777
2021-09-02 05:00:00,1434A,SHP,20.0,372.91661367535914,-352.91661367535914
2021-09-02 06:00:00,1434A,SHP,26.0,372.56116999735866,-346.56116999735866
2021-09-02 07:00:00,1434A,SHP,30.0,372.0750534885267,-342.0750534885267
2021-09-02 08:00:00,1434A,SHP,28.0,372.3230258316076,-344.3230258316076
2021-09-02 09:00:00,1434A,SHP,28.0,373.4940344774674,-345.4940344774674
2021-09-02 10:00:00,1434A,SHP,32.0,375.6758306749612,-343.6758306749612
2021-09-02 11:00:00,1434A,SHP,32.0,376.6169523970427,-344.6169523970427
2021-09-02 12:00:00,1434A,SHP,26.0,375.87879123988415,-349.87879123988415
2021-09-02 13:00:00,1434A,SHP,17.0,374.5502713116188,-357.5502713116188
2021-09-02 14:00:00,1434A,SHP,12.0,372.5004643808203,-360.5004643808203
2021-09-02 15:00:00,1434A,SHP,10.0,370.1802074052852,-360.1802074052852
2021-09-02 16:00:00,1434A,SHP,8.0,368.7167148499677,-360.7167148499677
2021-09-02 17:00:00,1434A,SHP,11.0,366.9603728333073,-355.9603728333073
2021-09-02 18:00:00,1434A,SHP,12.0,366.52413025710774,-354.52413025710774
2021-09-02 19:00:00,1434A,SHP,13.0,366.4584734787119,-353.4584734787119
2021-09-02 20:00:00,1434A,SHP,16.0,368.22386092772615,-352.22386092772615
2021-09-02 21:00:00,1434A,SHP,17.0,370.70737524745306,-353.70737524745306
2021-09-02 22:00:00,1434A,SHP,15.0,372.8788698619984,-357.8788698619984
2021-09-02 23:00:00,1434A,SHP,15.0,372.7322278011415,-357.7322278011415
2021-09-03 00:00:00,1434A,SHP,17.0,372.8351544386391,-355.8351544386391
2021-09-03 01:00:00,1434A,SHP,17.0,373.41216000068096,-356.41216000068096
2021-09-03 02:00:00,1434A,SHP,19.0,373.95033349651794,-354.95033349651794
2021-09-03 03:00:00,1434A,SHP,18.0,374.41668521766314,-356.41668521766314
2021-09-03 04:00:00,1434A,SHP,18.0,374.26922032210894,-356.26922032210894
2021-09-03 05:00:00,1434A,SHP,18.0,373.9909897366904,-355.9909897366904
2021-09-03 06:00:00,1434A,SHP,18.0,373.6355460586899,-355.6355460586899
2021-09-03 07:00:00,1434A,SHP,19.0,373.1494295498579,-354.1494295498579
2021-09-03 08:00:00,1434A,SHP,18.0,373.39740189293883,-355.39740189293883
2021-09-03 09:00:00,1434A,SHP,18.0,374.5684105387986,-356.5684105387986
2021-09-03 10:00:00,1434A,SHP,22.0,376.75020673629245,-354.75020673629245
2021-09-03 11:00:00,1434A,SHP,20.0,377.69132845837396,-357.69132845837396
2021-09-03 12:00:00,1434A,SHP,22.0,376.9531673012154,-354.9531673012154
2021-09-03 13:00:00,1434A,SHP,23.0,375.62464737295005,-352.62464737295005
2021-09-03 14:00:00,1434A,SHP,23.0,373.5748404421515,-350.5748404421515
2021-09-03 15:00:00,1434A,SHP,22.0,371.25458346661645,-349.25458346661645
2021-09-03 16:00:00,1434A,SHP,20.0,369.7910909112989,-349.7910909112989
2021-09-03 17:00:00,1434A,SHP,20.0,368.03474889463854,-348.03474889463854
2021-09-03 18:00:00,1434A,SHP,17.0,367.598506318439,-350.598506318439
2021-09-03 19:00:00,1434A,SHP,16.0,367.5328495400431,-351.5328495400431
2021-09-03 20:00:00,1434A,SHP,16.0,369.2982369890574,-353.2982369890574
2021-09-03 21:00:00,1434A,SHP,16.0,371.7817513087843,-355.7817513087843
2021-09-03 22:00:00,1434A,SHP,15.0,373.95324592332963,-358.95324592332963
2021-09-03 23:00:00,1434A,SHP,14.0,373.80660386247274,-359.80660386247274
2021-09-04 00:00:00,1434A,SHP,13.0,373.90953049997034,-360.90953049997034
2021-09-04 01:00:00,1434A,SHP,14.0,374.4865360620122,-360.4865360620122
2021-09-04 02:00:00,1434A,SHP,16.0,375.0247095578492,-359.0247095578492
2021-09-04 03:00:00,1434A,SHP,6.0,375.4910612789944,-369.4910612789944
2021-09-04 04:00:00,1434A,SHP,3.0,375.3435963834402,-372.3435963834402
2021-09-04 05:00:00,1434A,SHP,3.0,375.0653657980216,-372.0653657980216
2021-09-04 06:00:00,1434A,SHP,4.0,374.70992212002113,-370.70992212002113
2021-09-04 07:00:00,1434A,SHP,4.0,374.22380561118916,-370.22380561118916
2021-09-04 08:00:00,1434A,SHP,5.0,374.47177795427007,-369.47177795427007
2021-09-04 09:00:00,1434A,SHP,7.0,375.64278660012985,-368.64278660012985
2021-09-04 10:00:00,1434A,SHP,9.0,377.8245827976237,-368.8245827976237
2021-09-04 11:00:00,1434A,SHP,11.0,378.7657045197052,-367.7657045197052
2021-09-04 12:00:00,1434A,SHP,14.0,378.0275433625466,-364.0275433625466
2021-09-04 13:00:00,1434A,SHP,18.0,376.6990234342813,-358.6990234342813
2021-09-04 14:00:00,1434A,SHP,20.0,374.64921650348276,-354.64921650348276
2021-09-04 15:00:00,1434A,SHP,17.0,372.3289595279477,-355.3289595279477
2021-09-04 16:00:00,1434A,SHP,16.0,370.86546697263014,-354.86546697263014
2021-09-04 17:00:00,1434A,SHP,17.0,369.1091249559698,-352.1091249559698
2021-09-04 18:00:00,1434A,SHP,17.0,368.6728823797702,-351.6728823797702
2021-09-04 19:00:00,1434A,SHP,19.0,368.60722560137435,-349.60722560137435
2021-09-04 20:00:00,1434A,SHP,19.0,370.3726130503886,-351.3726130503886
2021-09-04 21:00:00,1434A,SHP,17.0,372.85612737011553,-355.85612737011553
2021-09-04 22:00:00,1434A,SHP,13.0,375.02762198466087,-362.02762198466087
2021-09-04 23:00:00,1434A,SHP,13.0,374.880979923804,-361.880979923804
2021-09-05 00:00:00,1434A,SHP,14.0,374.9839065613016,-360.9839065613016
2021-09-05 01:00:00,1434A,SHP,12.0,375.5609121233434,-363.5609121233434
2021-09-05 02:00:00,1434A,SHP,11.0,376.0990856191804,-365.0990856191804
2021-09-05 03:00:00,1434A,SHP,10.0,376.5654373403256,-366.5654373403256
2021-09-05 04:00:00,1434A,SHP,10.0,376.4179724447714,-366.4179724447714
2021-09-05 05:00:00,1434A,SHP,10.0,376.13974185935285,-366.13974185935285
2021-09-05 06:00:00,1434A,SHP,9.0,375.78429818135237,-366.78429818135237
2021-09-05 07:00:00,1434A,SHP,8.0,375.2981816725204,-367.2981816725204
2021-09-05 08:00:00,1434A,SHP,7.0,375.5461540156013,-368.5461540156013
2021-09-05 09:00:00,1434A,SHP,7.0,376.7171626614611,-369.7171626614611
2021-09-05 10:00:00,1434A,SHP,7.0,378.8989588589549,-371.8989588589549
2021-09-05 11:00:00,1434A,SHP,8.0,379.84008058103643,-371.84008058103643
2021-09-05 12:00:00,1434A,SHP,10.0,379.10191942387786,-369.10191942387786
2021-09-05 13:00:00,1434A,SHP,12.0,377.7733994956125,-365.7733994956125
2021-09-05 14:00:00,1434A,SHP,13.0,375.723592564814,-362.723592564814
2021-09-05 15:00:00,1434A,SHP,14.0,373.4033355892789,-359.4033355892789
2021-09-05 16:00:00,1434A,SHP,14.0,371.9398430339614,-357.9398430339614
2021-09-05 17:00:00,1434A,SHP,11.0,370.183501017301,-359.183501017301
2021-09-05 18:00:00,1434A,SHP,8.0,369.74725844110145,-361.74725844110145
2021-09-05 19:00:00,1434A,SHP,6.0,369.6816016627056,-363.6816016627056
2021-09-05 20:00:00,1434A,SHP,5.0,371.44698911171986,-366.44698911171986
2021-09-05 21:00:00,1434A,SHP,4.0,373.93050343144677,-369.93050343144677
2021-09-05 22:00:00,1434A,SHP,5.0,376.1019980459921,-371.1019980459921
2021-09-05 23:00:00,1434A,SHP,6.0,375.9553559851352,-369.9553559851352
2021-09-06 00:00:00,1434A,SHP,7.0,376.0582826226328,-369.0582826226328
2021-09-06 01:00:00,1434A,SHP,9.0,376.63528818467466,-367.63528818467466
2021-09-06 02:00:00,1434A,SHP,,377.17346168051165,
2021-09-06 03:00:00,1434A,SHP,7.0,377.63981340165685,-370.63981340165685
2021-09-06 04:00:00,1434A,SHP,12.0,377.49234850610264,-365.49234850610264
2021-09-06 05:00:00,1434A,SHP,9.0,377.2141179206841,-368.2141179206841
2021-09-06 06:00:00,1434A,SHP,7.0,376.8586742426836,-369.8586742426836
2021-09-06 07:00:00,1434A,SHP,5.0,376.37255773385164,-371.37255773385164
2021-09-06 08:00:00,1434A,SHP,5.0,376.62053007693254,-371.62053007693254
2021-09-06 09:00:00,1434A,SHP,6.0,377.7915387227923,-371.7915387227923
2021-09-06 10:00:00,1434A,SHP,8.0,379.97333492028616,-371.97333492028616
2021-09-06 11:00:00,1434A,SHP,9.0,380.91445664236767,-371.91445664236767
2021-09-06 12:00:00,1434A,SHP,10.0,380.1762954852091,-370.1762954852091
2021-09-06 13:00:00,1434A,SHP,10.0,378.84777555694376,-368.84777555694376
2021-09-06 14:00:00,1434A,SHP,8.0,376.79796862614523,-368.79796862614523
2021-09-06 15:00:00,1434A,SHP,6.0,374.47771165061016,-368.47771165061016
2021-09-06 16:00:00,1434A,SHP,5.0,373.0142190952926,-368.0142190952926
2021-09-06 17:00:00,1434A,SHP,7.0,371.25787707863225,-364.25787707863225
2021-09-06 18:00:00,1434A,SHP,9.0,370.8216345024327,-361.8216345024327
2021-09-06 19:00:00,1434A,SHP,11.0,370.7559777240368,-359.7559777240368
2021-09-06 20:00:00,1434A,SHP,14.0,372.5213651730511,-358.5213651730511
2021-09-06 21:00:00,1434A,SHP,18.0,375.004879492778,-357.004879492778
2021-09-06 22:00:00,1434A,SHP,22.0,377.17637410732334,-355.17637410732334
2021-09-06 23:00:00,1434A,SHP,18.0,377.02973204646645,-359.02973204646645
2021-09-07 00:00:00,1434A,SHP,18.0,377.13265868396405,-359.13265868396405
2021-09-07 01:00:00,1434A,SHP,19.0,377.7096642460059,-358.7096642460059
2021-09-07 02:00:00,1434A,SHP,18.0,378.2478377418429,-360.2478377418429
2021-09-07 03:00:00,1434A,SHP,14.0,378.7141894629881,-364.7141894629881
2021-09-07 04:00:00,1434A,SHP,14.0,378.5667245674339,-364.5667245674339
2021-09-07 05:00:00,1434A,SHP,14.0,378.2884939820153,-364.2884939820153
2021-09-07 06:00:00,1434A,SHP,16.0,377.93305030401484,-361.93305030401484
2021-09-07 07:00:00,1434A,SHP,16.0,377.4469337951829,-361.4469337951829
2021-09-07 08:00:00,1434A,SHP,17.0,377.6949061382638,-360.6949061382638
2021-09-07 09:00:00,1434A,SHP,17.0,378.86591478412356,-361.86591478412356
2021-09-07 10:00:00,1434A,SHP,23.0,381.0477109816174,-358.0477109816174
2021-09-07 11:00:00,1434A,SHP,25.0,381.9888327036989,-356.9888327036989
2021-09-07 12:00:00,1434A,SHP,35.0,381.25067154654033,-346.25067154654033
2021-09-07 13:00:00,1434A,SHP,34.0,379.922151618275,-345.922151618275
2021-09-07 14:00:00,1434A,SHP,22.0,377.87234468747647,-355.87234468747647
2021-09-07 15:00:00,1434A,SHP,23.0,375.5520877119414,-352.5520877119414
2021-09-07 16:00:00,1434A,SHP,14.0,374.08859515662385,-360.08859515662385
2021-09-07 17:00:00,1434A,SHP,14.0,372.3322531399635,-358.3322531399635
2021-09-07 18:00:00,1434A,SHP,14.0,371.8960105637639,-357.8960105637639
2021-09-07 19:00:00,1434A,SHP,16.0,371.83035378536806,-355.83035378536806
2021-09-07 20:00:00,1434A,SHP,17.0,373.59574123438233,-356.59574123438233
2021-09-07 21:00:00,1434A,SHP,19.0,376.07925555410924,-357.07925555410924
2021-09-07 22:00:00,1434A,SHP,19.0,378.2507501686546,-359.2507501686546
2021-09-07 23:00:00,1434A,SHP,21.0,378.1041081077977,-357.1041081077977
2021-09-08 00:00:00,1434A,SHP,20.0,378.2070347452953,-358.2070347452953
2021-09-08 01:00:00,1434A,SHP,18.0,378.78404030733714,-360.78404030733714
2021-09-08 02:00:00,1434A,SHP,19.0,379.3222138031741,-360.3222138031741
2021-09-08 03:00:00,1434A,SHP,19.0,379.7885655243193,-360.7885655243193
2021-09-08 04:00:00,1434A,SHP,18.0,379.6411006287651,-361.6411006287651
2021-09-08 05:00:00,1434A,SHP,17.0,379.36287004334656,-362.36287004334656
2021-09-08 06:00:00,1434A,SHP,21.0,379.0074263653461,-358.0074263653461
2021-09-08 07:00:00,1434A,SHP,24.0,378.5213098565141,-354.5213098565141
2021-09-08 08:00:00,1434A,SHP,24.0,378.769282199595,-354.769282199595
2021-09-08 09:00:00,1434A,SHP,25.0,379.9402908454548,-354.9402908454548
2021-09-08 10:00:00,1434A,SHP,30.0,382.12208704294864,-352.12208704294864
2021-09-08 11:00:00,1434A,SHP,37.0,383.06320876503014,-346.06320876503014
2021-09-08 12:00:00,1434A,SHP,49.0,382.32504760787157,-333.32504760787157
2021-09-08 13:00:00,1434A,SHP,53.0,380.99652767960623,-327.99652767960623
2021-09-08 14:00:00,1434A,SHP,35.0,378.9467207488077,-343.9467207488077
2021-09-08 15:00:00,1434A,SHP,29.0,376.62646377327263,-347.62646377327263
2021-09-08 16:00:00,1434A,SHP,26.0,375.1629712179551,-349.1629712179551
2021-09-08 17:00:00,1434A,SHP,28.0,373.4066292012947,-345.4066292012947
2021-09-08 18:00:00,1434A,SHP,25.0,372.97038662509516,-347.97038662509516
2021-09-08 19:00:00,1434A,SHP,27.0,372.9047298466993,-345.9047298466993
2021-09-08 20:00:00,1434A,SHP,28.0,374.67011729571357,-346.67011729571357
2021-09-08 21:00:00,1434A,SHP,35.0,377.1536316154405,-342.1536316154405
2021-09-08 22:00:00,1434A,SHP,41.0,379.3251262299858,-338.3251262299858
2021-09-08 23:00:00,1434A,SHP,32.0,379.1784841691289,-347.1784841691289
2021-09-09 00:00:00,1434A,SHP,29.0,379.2814108066265,-350.2814108066265
2021-09-09 01:00:00,1434A,SHP,31.0,379.8584163686684,-348.8584163686684
2021-09-09 02:00:00,1434A,SHP,34.0,380.39658986450536,-346.39658986450536
2021-09-09 03:00:00,1434A,SHP,36.0,380.86294158565056,-344.86294158565056
2021-09-09 04:00:00,1434A,SHP,38.0,380.71547669009635,-342.71547669009635
2021-09-09 05:00:00,1434A,SHP,40.0,380.4372461046778,-340.4372461046778
2021-09-09 06:00:00,1434A,SHP,37.0,380.0818024266773,-343.0818024266773
2021-09-09 07:00:00,1434A,SHP,36.0,379.59568591784534,-343.59568591784534
2021-09-09 08:00:00,1434A,SHP,34.0,379.84365826092625,-345.84365826092625
2021-09-09 09:00:00,1434A,SHP,27.0,381.01466690678603,-354.01466690678603
2021-09-09 10:00:00,1434A,SHP,38.0,383.19646310427987,-345.19646310427987
2021-09-09 11:00:00,1434A,SHP,30.0,384.1375848263614,-354.1375848263614
2021-09-09 12:00:00,1434A,SHP,22.0,383.3994236692028,-361.3994236692028
2021-09-09 13:00:00,1434A,SHP,23.0,382.07090374093747,-359.07090374093747
2021-09-09 14:00:00,1434A,SHP,19.0,380.02109681013894,-361.02109681013894
2021-09-09 15:00:00,1434A,SHP,16.0,377.70083983460387,-361.70083983460387
2021-09-09 16:00:00,1434A,SHP,16.0,376.2373472792863,-360.2373472792863
2021-09-09 17:00:00,1434A,SHP,24.0,374.48100526262596,-350.48100526262596
2021-09-09 18:00:00,1434A,SHP,28.0,374.0447626864264,-346.0447626864264
2021-09-09 19:00:00,1434A,SHP,22.0,373.97910590803053,-351.97910590803053
2021-09-09 20:00:00,1434A,SHP,22.0,375.7444933570448,-353.7444933570448
2021-09-09 21:00:00,1434A,SHP,26.0,378.2280076767717,-352.2280076767717
2021-09-09 22:00:00,1434A,SHP,23.0,380.39950229131705,-357.39950229131705
2021-09-09 23:00:00,1434A,SHP,23.0,380.25286023046016,-357.25286023046016
2021-09-10 00:00:00,1434A,SHP,20.0,380.35578686795776,-360.35578686795776
2021-09-10 01:00:00,1434A,SHP,18.0,380.9327924299996,-362.9327924299996
2021-09-10 02:00:00,1434A,SHP,20.0,381.4709659258366,-361.4709659258366
2021-09-10 03:00:00,1434A,SHP,24.0,381.9373176469818,-357.9373176469818
2021-09-10 04:00:00,1434A,SHP,28.0,381.7898527514276,-353.7898527514276
2021-09-10 05:00:00,1434A,SHP,30.0,381.51162216600903,-351.51162216600903
2021-09-10 06:00:00,1434A,SHP,36.0,381.15617848800855,-345.15617848800855
2021-09-10 07:00:00,1434A,SHP,37.0,380.6700619791766,-343.6700619791766
2021-09-10 08:00:00,1434A,SHP,31.0,380.9180343222575,-349.9180343222575
2021-09-10 09:00:00,1434A,SHP,35.0,382.08904296811727,-347.08904296811727
2021-09-10 10:00:00,1434A,SHP,43.0,384.2708391656111,-341.2708391656111
2021-09-10 11:00:00,1434A,SHP,44.0,385.2119608876926,-341.2119608876926
2021-09-10 12:00:00,1434A,SHP,40.0,384.47379973053404,-344.47379973053404
2021-09-10 13:00:00,1434A,SHP,32.0,383.1452798022687,-351.1452798022687
2021-09-10 14:00:00,1434A,SHP,26.0,381.0954728714702,-355.0954728714702
2021-09-10 15:00:00,1434A,SHP,19.0,378.7752158959351,-359.7752158959351
2021-09-10 16:00:00,1434A,SHP,15.0,377.31172334061756,-362.31172334061756
2021-09-10 17:00:00,1434A,SHP,14.0,375.5553813239572,-361.5553813239572
2021-09-10 18:00:00,1434A,SHP,16.0,375.11913874775763,-359.11913874775763
2021-09-10 19:00:00,1434A,SHP,16.0,375.05348196936177,-359.05348196936177
2021-09-10 20:00:00,1434A,SHP,21.0,376.81886941837604,-355.81886941837604
2021-09-10 21:00:00,1434A,SHP,25.0,379.30238373810295,-354.30238373810295
2021-09-10 22:00:00,1434A,SHP,30.0,381.4738783526483,-351.4738783526483
2021-09-10 23:00:00,1434A,SHP,30.0,381.3272362917914,-351.3272362917914
2021-09-11 00:00:00,1434A,SHP,29.0,381.430162929289,-352.430162929289
2021-09-11 01:00:00,1434A,SHP,26.0,382.00716849133084,-356.00716849133084
2021-09-11 02:00:00,1434A,SHP,26.0,382.54534198716783,-356.54534198716783
2021-09-11 03:00:00,1434A,SHP,27.0,383.01169370831303,-356.01169370831303
2021-09-11 04:00:00,1434A,SHP,26.0,382.8642288127588,-356.8642288127588
2021-09-11 05:00:00,1434A,SHP,28.0,382.58599822734027,-354.58599822734027
2021-09-11 06:00:00,1434A,SHP,28.0,382.2305545493398,-354.2305545493398
2021-09-11 07:00:00,1434A,SHP,31.0,381.7444380405078,-350.7444380405078
2021-09-11 08:00:00,1434A,SHP,32.0,381.9924103835887,-349.9924103835887
2021-09-11 09:00:00,1434A,SHP,29.0,383.1634190294485,-354.1634190294485
2021-09-11 10:00:00,1434A,SHP,32.0,385.34521522694234,-353.34521522694234
2021-09-11 11:00:00,1434A,SHP,38.0,386.28633694902385,-348.28633694902385
2021-09-11 12:00:00,1434A,SHP,42.0,385.5481757918653,-343.5481757918653
2021-09-11 13:00:00,1434A,SHP,50.0,384.21965586359994,-334.21965586359994
2021-09-11 14:00:00,1434A,SHP,53.0,382.1698489328014,-329.1698489328014
2021-09-11 15:00:00,1434A,SHP,54.0,379.84959195726634,-325.84959195726634
2021-09-11 16:00:00,1434A,SHP,61.0,378.3860994019488,-317.3860994019488
2021-09-11 17:00:00,1434A,SHP,53.0,376.6297573852884,-323.6297573852884
2021-09-11 18:00:00,1434A,SHP,23.0,376.19351480908887,-353.19351480908887
2021-09-11 19:00:00,1434A,SHP,22.0,376.127858030693,-354.127858030693
2021-09-11 20:00:00,1434A,SHP,26.0,377.8932454797073,-351.8932454797073
2021-09-11 21:00:00,1434A,SHP,30.0,380.3767597994342,-350.3767597994342
2021-09-11 22:00:00,1434A,SHP,36.0,382.5482544139795,-346.5482544139795
2021-09-11 23:00:00,1434A,SHP,37.0,382.40161235312263,-345.40161235312263
2021-09-12 00:00:00,1434A,SHP,41.0,382.50453899062023,-341.50453899062023
2021-09-12 01:00:00,1434A,SHP,61.0,383.0815445526621,-322.0815445526621
2021-09-12 02:00:00,1434A,SHP,60.0,383.61971804849907,-323.61971804849907
2021-09-12 03:00:00,1434A,SHP,50.0,384.08606976964427,-334.08606976964427
2021-09-12 04:00:00,1434A,SHP,51.0,383.93860487409006,-332.93860487409006
2021-09-12 05:00:00,1434A,SHP,51.0,383.6603742886715,-332.6603742886715
2021-09-12 06:00:00,1434A,SHP,52.0,383.304930610671,-331.304930610671
2021-09-12 07:00:00,1434A,SHP,60.0,382.81881410183905,-322.81881410183905
2021-09-12 08:00:00,1434A,SHP,60.0,383.06678644491996,-323.06678644491996
2021-09-12 09:00:00,1434A,SHP,61.0,384.23779509077974,-323.23779509077974
2021-09-12 10:00:00,1434A,SHP,73.0,386.4195912882736,-313.4195912882736
2021-09-12 11:00:00,1434A,SHP,60.0,387.3607130103551,-327.3607130103551
2021-09-12 12:00:00,1434A,SHP,55.0,386.6225518531965,-331.6225518531965
2021-09-12 13:00:00,1434A,SHP,57.0,385.2940319249312,-328.2940319249312
2021-09-12 14:00:00,1434A,SHP,42.0,383.24422499413265,-341.24422499413265
2021-09-12 15:00:00,1434A,SHP,38.0,380.9239680185976,-342.9239680185976
2021-09-12 16:00:00,1434A,SHP,32.0,379.46047546328003,-347.46047546328003
2021-09-12 17:00:00,1434A,SHP,36.0,377.70413344661966,-341.70413344661966
2021-09-12 18:00:00,1434A,SHP,37.0,377.2678908704201,-340.2678908704201
2021-09-12 19:00:00,1434A,SHP,35.0,377.20223409202424,-342.20223409202424
2021-09-12 20:00:00,1434A,SHP,37.0,378.9676215410385,-341.9676215410385
2021-09-12 21:00:00,1434A,SHP,23.0,381.4511358607654,-358.4511358607654
2021-09-12 22:00:00,1434A,SHP,31.0,383.62263047531076,-352.62263047531076
2021-09-12 23:00:00,1434A,SHP,21.0,383.47598841445387,-362.47598841445387
2021-09-13 00:00:00,1434A,SHP,18.0,383.57891505195147,-365.57891505195147
2021-09-13 01:00:00,1434A,SHP,21.0,384.1559206139933,-363.1559206139933
2021-09-13 02:00:00,1434A,SHP,28.0,384.6940941098303,-356.6940941098303
2021-09-13 03:00:00,1434A,SHP,27.0,385.1604458309755,-358.1604458309755
2021-09-13 04:00:00,1434A,SHP,22.0,385.0129809354213,-363.0129809354213
2021-09-13 05:00:00,1434A,SHP,22.0,384.73475035000274,-362.73475035000274
2021-09-13 06:00:00,1434A,SHP,22.0,384.37930667200226,-362.37930667200226
2021-09-13 07:00:00,1434A,SHP,25.0,383.8931901631703,-358.8931901631703
2021-09-13 08:00:00,1434A,SHP,28.0,384.1411625062512,-356.1411625062512
2021-09-13 09:00:00,1434A,SHP,29.0,385.312171152111,-356.312171152111
2021-09-13 10:00:00,1434A,SHP,29.0,387.4939673496048,-358.4939673496048
2021-09-13 11:00:00,1434A,SHP,27.0,388.4350890716863,-361.4350890716863
2021-09-13 12:00:00,1434A,SHP,23.0,387.69692791452775,-364.69692791452775
2021-09-13 13:00:00,1434A,SHP,23.0,386.3684079862624,-363.3684079862624
2021-09-13 14:00:00,1434A,SHP,27.0,384.3186010554639,-357.3186010554639
2021-09-13 15:00:00,1434A,SHP,26.0,381.9983440799288,-355.9983440799288
2021-09-13 16:00:00,1434A,SHP,21.0,380.53485152461127,-359.53485152461127
2021-09-13 17:00:00,1434A,SHP,21.0,378.7785095079509,-357.7785095079509
2021-09-13 18:00:00,1434A,SHP,23.0,378.34226693175134,-355.34226693175134
2021-09-13 19:00:00,1434A,SHP,21.0,378.2766101533555,-357.2766101533555
2021-09-13 20:00:00,1434A,SHP,23.0,380.04199760236975,-357.04199760236975
2021-09-13 21:00:00,1434A,SHP,24.0,382.52551192209665,-358.52551192209665
2021-09-13 22:00:00,1434A,SHP,25.0,384.697006536642,-359.697006536642
2021-09-13 23:00:00,1434A,SHP,26.0,384.5503644757851,-358.5503644757851
2021-09-14 00:00:00,1434A,SHP,24.0,384.6532911132827,-360.6532911132827
2021-09-14 01:00:00,1434A,SHP,26.0,385.23029667532455,-359.23029667532455
2021-09-14 02:00:00,1434A,SHP,29.0,385.76847017116154,-356.76847017116154
2021-09-14 03:00:00,1434A,SHP,31.0,386.23482189230674,-355.23482189230674
2021-09-14 04:00:00,1434A,SHP,26.0,386.08735699675253,-360.08735699675253
2021-09-14 05:00:00,1434A,SHP,11.0,385.809126411334,-374.809126411334
2021-09-14 06:00:00,1434A,SHP,7.0,385.4536827333335,-378.4536827333335
2021-09-14 07:00:00,1434A,SHP,13.0,384.9675662245015,-371.9675662245015
2021-09-14 08:00:00,1434A,SHP,12.0,385.2155385675824,-373.2155385675824
2021-09-14 09:00:00,1434A,SHP,14.0,386.3865472134422,-372.3865472134422
2021-09-14 10:00:00,1434A,SHP,12.0,388.56834341093605,-376.56834341093605
2021-09-14 11:00:00,1434A,SHP,15.0,389.50946513301756,-374.50946513301756
2021-09-14 12:00:00,1434A,SHP,17.0,388.771303975859,-371.771303975859
2021-09-14 13:00:00,1434A,SHP,17.0,387.44278404759365,-370.44278404759365
2021-09-14 14:00:00,1434A,SHP,19.0,385.3929771167951,-366.3929771167951
2021-09-14 15:00:00,1434A,SHP,20.0,383.07272014126005,-363.07272014126005
2021-09-14 16:00:00,1434A,SHP,17.0,381.6092275859425,-364.6092275859425
2021-09-14 17:00:00,1434A,SHP,21.0,379.85288556928214,-358.85288556928214
2021-09-14 18:00:00,1434A,SHP,23.0,379.4166429930826,-356.4166429930826
2021-09-14 19:00:00,1434A,SHP,23.0,379.3509862146867,-356.3509862146867
2021-09-14 20:00:00,1434A,SHP,25.0,381.116373663701,-356.116373663701
2021-09-14 21:00:00,1434A,SHP,27.0,383.5998879834279,-356.5998879834279
2021-09-14 22:00:00,1434A,SHP,29.0,385.77138259797323,-356.77138259797323
2021-09-14 23:00:00,1434A,SHP,29.0,385.62474053711634,-356.62474053711634
2021-09-15 00:00:00,1434A,SHP,27.0,385.72766717461394,-358.72766717461394
2021-09-15 01:00:00,1434A,SHP,26.0,386.3046727366558,-360.3046727366558
2021-09-15 02:00:00,1434A,SHP,27.0,386.8428462324928,-359.8428462324928
2021-09-15 03:00:00,1434A,SHP,27.0,387.309197953638,-360.309197953638
2021-09-15 04:00:00,1434A,SHP,22.0,387.16173305808377,-365.16173305808377
2021-09-15 05:00:00,1434A,SHP,14.0,386.8835024726652,-372.8835024726652
2021-09-15 06:00:00,1434A,SHP,11.0,386.52805879466473,-375.52805879466473
2021-09-15 07:00:00,1434A,SHP,12.0,386.04194228583276,-374.04194228583276
2021-09-15 08:00:00,1434A,SHP,13.0,386.28991462891366,-373.28991462891366
2021-09-15 09:00:00,1434A,SHP,18.0,387.46092327477345,-369.46092327477345
2021-09-15 10:00:00,1434A,SHP,14.0,389.6427194722673,-375.6427194722673
2021-09-15 11:00:00,1434A,SHP,12.0,390.5838411943488,-378.5838411943488
2021-09-15 12:00:00,1434A,SHP,13.0,389.8456800371902,-376.8456800371902
2021-09-15 13:00:00,1434A,SHP,17.0,388.5171601089249,-371.5171601089249
2021-09-15 14:00:00,1434A,SHP,20.0,386.46735317812636,-366.46735317812636
2021-09-15 15:00:00,1434A,SHP,22.0,384.1470962025913,-362.1470962025913
2021-09-15 16:00:00,1434A,SHP,24.0,382.68360364727374,-358.68360364727374
2021-09-15 17:00:00,1434A,SHP,29.0,380.9272616306134,-351.9272616306134
2021-09-15 18:00:00,1434A,SHP,27.0,380.4910190544138,-353.4910190544138
2021-09-15 19:00:00,1434A,SHP,28.0,380.42536227601795,-352.42536227601795
2021-09-15 20:00:00,1434A,SHP,29.0,382.1907497250322,-353.1907497250322
2021-09-15 21:00:00,1434A,SHP,25.0,384.6742640447591,-359.6742640447591
2021-09-15 22:00:00,1434A,SHP,26.0,386.84575865930447,-360.84575865930447
2021-09-15 23:00:00,1434A,SHP,13.0,386.6991165984476,-373.6991165984476
2021-09-16 00:00:00,1434A,SHP,3.0,386.8020432359452,-383.8020432359452
2021-09-16 01:00:00,1434A,SHP,2.0,387.379048797987,-385.379048797987
2021-09-16 02:00:00,1434A,SHP,1.0,387.917222293824,-386.917222293824
2021-09-16 03:00:00,1434A,SHP,2.0,388.3835740149692,-386.3835740149692
2021-09-16 04:00:00,1434A,SHP,2.0,388.236109119415,-386.236109119415
2021-09-16 05:00:00,1434A,SHP,2.0,387.95787853399645,-385.95787853399645
2021-09-16 06:00:00,1434A,SHP,2.0,387.60243485599597,-385.60243485599597
2021-09-16 07:00:00,1434A,SHP,2.0,387.116318347164,-385.116318347164
2021-09-16 08:00:00,1434A,SHP,3.0,387.3642906902449,-384.3642906902449
2021-09-16 09:00:00,1434A,SHP,7.0,388.5352993361047,-381.5352993361047
2021-09-16 10:00:00,1434A,SHP,9.0,390.7170955335985,-381.7170955335985
2021-09-16 11:00:00,1434A,SHP,7.0,391.65821725568003,-384.65821725568003
2021-09-16 12:00:00,1434A,SHP,9.0,390.92005609852146,-381.92005609852146
2021-09-16 13:00:00,1434A,SHP,8.0,389.5915361702561,-381.5915361702561
2021-09-16 14:00:00,1434A,SHP,8.0,387.5417292394576,-379.5417292394576
2021-09-16 15:00:00,1434A,SHP,7.0,385.2214722639225,-378.2214722639225
2021-09-16 16:00:00,1434A,SHP,8.0,383.757979708605,-375.757979708605
2021-09-16 17:00:00,1434A,SHP,8.0,382.0016376919446,-374.0016376919446
2021-09-16 18:00:00,1434A,SHP,8.0,381.56539511574505,-373.56539511574505
2021-09-16 19:00:00,1434A,SHP,9.0,381.4997383373492,-372.4997383373492
2021-09-16 20:00:00,1434A,SHP,10.0,383.26512578636346,-373.26512578636346
2021-09-16 21:00:00,1434A,SHP,8.0,385.74864010609036,-377.74864010609036
2021-09-16 22:00:00,1434A,SHP,10.0,387.9201347206357,-377.9201347206357
2021-09-16 23:00:00,1434A,SHP,10.0,387.7734926597788,-377.7734926597788
2021-09-17 00:00:00,1434A,SHP,9.0,387.8764192972764,-378.8764192972764
2021-09-17 01:00:00,1434A,SHP,9.0,388.45342485931826,-379.45342485931826
2021-09-17 02:00:00,1434A,SHP,11.0,388.99159835515525,-377.99159835515525
2021-09-17 03:00:00,1434A,SHP,12.0,389.45795007630045,-377.45795007630045
2021-09-17 04:00:00,1434A,SHP,12.0,389.31048518074624,-377.31048518074624
2021-09-17 05:00:00,1434A,SHP,14.0,389.0322545953277,-375.0322545953277
2021-09-17 06:00:00,1434A,SHP,15.0,388.6768109173272,-373.6768109173272
2021-09-17 07:00:00,1434A,SHP,16.0,388.19069440849523,-372.19069440849523
2021-09-17 08:00:00,1434A,SHP,19.0,388.43866675157614,-369.43866675157614
2021-09-17 09:00:00,1434A,SHP,23.0,389.6096753974359,-366.6096753974359
2021-09-17 10:00:00,1434A,SHP,28.0,391.79147159492976,-363.79147159492976
2021-09-17 11:00:00,1434A,SHP,32.0,392.73259331701126,-360.73259331701126
2021-09-17 12:00:00,1434A,SHP,34.0,391.9944321598527,-357.9944321598527
2021-09-17 13:00:00,1434A,SHP,23.0,390.66591223158736,-367.66591223158736
2021-09-17 14:00:00,1434A,SHP,23.0,388.61610530078883,-365.61610530078883
2021-09-17 15:00:00,1434A,SHP,24.0,386.29584832525376,-362.29584832525376
2021-09-17 16:00:00,1434A,SHP,26.0,384.8323557699362,-358.8323557699362
2021-09-17 17:00:00,1434A,SHP,31.0,383.07601375327584,-352.07601375327584
2021-09-17 18:00:00,1434A,SHP,17.0,382.6397711770763,-365.6397711770763
2021-09-17 19:00:00,1434A,SHP,8.0,382.5741143986804,-374.5741143986804
2021-09-17 20:00:00,1434A,SHP,6.0,384.3395018476947,-378.3395018476947
2021-09-17 21:00:00,1434A,SHP,7.0,386.8230161674216,-379.8230161674216
2021-09-17 22:00:00,1434A,SHP,7.0,388.99451078196694,-381.99451078196694
2021-09-17 23:00:00,1434A,SHP,8.0,388.84786872111005,-380.84786872111005
2021-09-18 00:00:00,1434A,SHP,8.0,388.95079535860765,-380.95079535860765
2021-09-18 01:00:00,1434A,SHP,9.0,389.5278009206495,-380.5278009206495
2021-09-18 02:00:00,1434A,SHP,11.0,390.0659744164865,-379.0659744164865
2021-09-18 03:00:00,1434A,SHP,11.0,390.5323261376317,-379.5323261376317
2021-09-18 04:00:00,1434A,SHP,9.0,390.3848612420775,-381.3848612420775
2021-09-18 05:00:00,1434A,SHP,11.0,390.1066306566589,-379.1066306566589
2021-09-18 06:00:00,1434A,SHP,12.0,389.75118697865844,-377.75118697865844
2021-09-18 07:00:00,1434A,SHP,13.0,389.26507046982647,-376.26507046982647
2021-09-18 08:00:00,1434A,SHP,15.0,389.5130428129074,-374.5130428129074
2021-09-18 09:00:00,1434A,SHP,16.0,390.68405145876716,-374.68405145876716
2021-09-18 10:00:00,1434A,SHP,16.0,392.865847656261,-376.865847656261
2021-09-18 11:00:00,1434A,SHP,15.0,393.8069693783425,-378.8069693783425
2021-09-18 12:00:00,1434A,SHP,16.0,393.06880822118393,-377.06880822118393
2021-09-18 13:00:00,1434A,SHP,6.0,391.7402882929186,-385.7402882929186
2021-09-18 14:00:00,1434A,SHP,2.0,389.69048136212007,-387.69048136212007
2021-09-18 15:00:00,1434A,SHP,2.0,387.370224386585,-385.370224386585
2021-09-18 16:00:00,1434A,SHP,3.0,385.90673183126745,-382.90673183126745
2021-09-18 17:00:00,1434A,SHP,4.0,384.1503898146071,-380.1503898146071
2021-09-18 18:00:00,1434A,SHP,6.0,383.7141472384075,-377.7141472384075
2021-09-18 19:00:00,1434A,SHP,7.0,383.64849046001166,-376.64849046001166
2021-09-18 20:00:00,1434A,SHP,10.0,385.4138779090259,-375.4138779090259
2021-09-18 21:00:00,1434A,SHP,21.0,387.89739222875284,-366.89739222875284
2021-09-18 22:00:00,1434A,SHP,18.0,390.0688868432982,-372.0688868432982
2021-09-18 23:00:00,1434A,SHP,7.0,389.9222447824413,-382.9222447824413
2021-09-19 00:00:00,1434A,SHP,5.0,390.0251714199389,-385.0251714199389
2021-09-19 01:00:00,1434A,SHP,5.0,390.60217698198073,-385.60217698198073
2021-09-19 02:00:00,1434A,SHP,4.0,391.1403504778177,-387.1403504778177
2021-09-19 03:00:00,1434A,SHP,7.0,391.6067021989629,-384.6067021989629
2021-09-19 04:00:00,1434A,SHP,6.0,391.4592373034087,-385.4592373034087
2021-09-19 05:00:00,1434A,SHP,6.0,391.18100671799016,-385.18100671799016
2021-09-19 06:00:00,1434A,SHP,8.0,390.8255630399897,-382.8255630399897
2021-09-19 07:00:00,1434A,SHP,5.0,390.3394465311577,-385.3394465311577
2021-09-19 08:00:00,1434A,SHP,4.0,390.5874188742386,-386.5874188742386
2021-09-19 09:00:00,1434A,SHP,5.0,391.7584275200984,-386.7584275200984
2021-09-19 10:00:00,1434A,SHP,6.0,393.94022371759223,-387.94022371759223
2021-09-19 11:00:00,1434A,SHP,6.0,394.88134543967374,-388.88134543967374
2021-09-19 12:00:00,1434A,SHP,6.0,394.14318428251516,-388.14318428251516
2021-09-19 13:00:00,1434A,SHP,4.0,392.8146643542498,-388.8146643542498
2021-09-19 14:00:00,1434A,SHP,4.0,390.7648574234513,-386.7648574234513
2021-09-19 15:00:00,1434A,SHP,4.0,388.44460044791623,-384.44460044791623
2021-09-19 16:00:00,1434A,SHP,4.0,386.9811078925987,-382.9811078925987
2021-09-19 17:00:00,1434A,SHP,5.0,385.2247658759383,-380.2247658759383
2021-09-19 18:00:00,1434A,SHP,5.0,384.78852329973876,-379.78852329973876
2021-09-19 19:00:00,1434A,SHP,7.0,384.7228665213429,-377.7228665213429
2021-09-19 20:00:00,1434A,SHP,9.0,386.48825397035716,-377.48825397035716
2021-09-19 21:00:00,1434A,SHP,12.0,388.97176829008407,-376.97176829008407
2021-09-19 22:00:00,1434A,SHP,18.0,391.1432629046294,-373.1432629046294
2021-09-19 23:00:00,1434A,SHP,18.0,390.9966208437725,-372.9966208437725
2021-09-20 00:00:00,1434A,SHP,20.0,391.0995474812701,-371.0995474812701
2021-09-20 01:00:00,1434A,SHP,19.0,391.67655304331197,-372.67655304331197
2021-09-20 02:00:00,1434A,SHP,17.0,392.21472653914896,-375.21472653914896
2021-09-20 03:00:00,1434A,SHP,22.0,392.68107826029416,-370.68107826029416
2021-09-20 04:00:00,1434A,SHP,25.0,392.53361336473995,-367.53361336473995
2021-09-20 05:00:00,1434A,SHP,24.0,392.2553827793214,-368.2553827793214
2021-09-20 06:00:00,1434A,SHP,20.0,391.8999391013209,-371.8999391013209
2021-09-20 07:00:00,1434A,SHP,18.0,391.41382259248894,-373.41382259248894
2021-09-20 08:00:00,1434A,SHP,19.0,391.66179493556984,-372.66179493556984
2021-09-20 09:00:00,1434A,SHP,33.0,392.83280358142963,-359.83280358142963
2021-09-20 10:00:00,1434A,SHP,33.0,395.01459977892347,-362.01459977892347
2021-09-20 11:00:00,1434A,SHP,29.0,395.955721501005,-366.955721501005
2021-09-20 12:00:00,1434A,SHP,13.0,395.2175603438464,-382.2175603438464
2021-09-20 13:00:00,1434A,SHP,9.0,393.88904041558106,-384.88904041558106
2021-09-20 14:00:00,1434A,SHP,9.0,391.83923348478254,-382.83923348478254
2021-09-20 15:00:00,1434A,SHP,9.0,389.51897650924747,-380.51897650924747
2021-09-20 16:00:00,1434A,SHP,8.0,388.0554839539299,-380.0554839539299
2021-09-20 17:00:00,1434A,SHP,8.0,386.29914193726955,-378.29914193726955
2021-09-20 18:00:00,1434A,SHP,10.0,385.86289936107,-375.86289936107
2021-09-20 19:00:00,1434A,SHP,14.0,385.79724258267413,-371.79724258267413
2021-09-20 20:00:00,1434A,SHP,18.0,387.5626300316884,-369.5626300316884
2021-09-20 21:00:00,1434A,SHP,17.0,390.0461443514153,-373.0461443514153
2021-09-20 22:00:00,1434A,SHP,20.0,392.21763896596065,-372.21763896596065
2021-09-20 23:00:00,1434A,SHP,22.0,392.07099690510375,-370.07099690510375
2021-09-21 00:00:00,1434A,SHP,21.0,392.17392354260136,-371.17392354260136
2021-09-21 01:00:00,1434A,SHP,18.0,392.7509291046432,-374.7509291046432
2021-09-21 02:00:00,1434A,SHP,19.0,393.2891026004802,-374.2891026004802
2021-09-21 03:00:00,1434A,SHP,20.0,393.7554543216254,-373.7554543216254
2021-09-21 04:00:00,1434A,SHP,20.0,393.6079894260712,-373.6079894260712
2021-09-21 05:00:00,1434A,SHP,22.0,393.32975884065263,-371.32975884065263
2021-09-21 06:00:00,1434A,SHP,24.0,392.97431516265215,-368.97431516265215
2021-09-21 07:00:00,1434A,SHP,26.0,392.4881986538202,-366.4881986538202
2021-09-21 08:00:00,1434A,SHP,27.0,392.7361709969011,-365.7361709969011
2021-09-21 09:00:00,1434A,SHP,31.0,393.90717964276087,-362.90717964276087
2021-09-21 10:00:00,1434A,SHP,28.0,396.0889758402547,-368.0889758402547
2021-09-21 11:00:00,1434A,SHP,26.0,397.0300975623362,-371.0300975623362
2021-09-21 12:00:00,1434A,SHP,19.0,396.29193640517764,-377.29193640517764
2021-09-21 13:00:00,1434A,SHP,20.0,394.9634164769123,-374.9634164769123
2021-09-21 14:00:00,1434A,SHP,18.0,392.9136095461138,-374.9136095461138
2021-09-21 15:00:00,1434A,SHP,15.0,390.5933525705787,-375.5933525705787
2021-09-21 16:00:00,1434A,SHP,14.0,389.12986001526116,-375.12986001526116
2021-09-21 17:00:00,1434A,SHP,15.0,387.3735179986008,-372.3735179986008
2021-09-21 18:00:00,1434A,SHP,15.0,386.9372754224012,-371.9372754224012
2021-09-21 19:00:00,1434A,SHP,16.0,386.87161864400537,-370.87161864400537
2021-09-21 20:00:00,1434A,SHP,17.0,388.63700609301964,-371.63700609301964
2021-09-21 21:00:00,1434A,SHP,18.0,391.12052041274654,-373.12052041274654
2021-09-21 22:00:00,1434A,SHP,20.0,393.2920150272919,-373.2920150272919
2021-09-21 23:00:00,1434A,SHP,21.0,393.145372966435,-372.145372966435
2021-09-22 00:00:00,1434A,SHP,21.0,393.2482996039326,-372.2482996039326
2021-09-22 01:00:00,1434A,SHP,25.0,393.82530516597444,-368.82530516597444
2021-09-22 02:00:00,1434A,SHP,30.0,394.3634786618114,-364.3634786618114
2021-09-22 03:00:00,1434A,SHP,37.0,394.82983038295663,-357.82983038295663
2021-09-22 04:00:00,1434A,SHP,48.0,394.6823654874024,-346.6823654874024
2021-09-22 05:00:00,1434A,SHP,69.0,394.40413490198387,-325.40413490198387
2021-09-22 06:00:00,1434A,SHP,57.0,394.0486912239834,-337.0486912239834
2021-09-22 07:00:00,1434A,SHP,63.0,393.5625747151514,-330.5625747151514
2021-09-22 08:00:00,1434A,SHP,72.0,393.8105470582323,-321.8105470582323
2021-09-22 09:00:00,1434A,SHP,80.0,394.9815557040921,-314.9815557040921
2021-09-22 10:00:00,1434A,SHP,87.0,397.16335190158594,-310.16335190158594
2021-09-22 11:00:00,1434A,SHP,60.0,398.10447362366745,-338.10447362366745
2021-09-22 12:00:00,1434A,SHP,47.0,397.3663124665089,-350.3663124665089
2021-09-22 13:00:00,1434A,SHP,34.0,396.03779253824354,-362.03779253824354
2021-09-22 14:00:00,1434A,SHP,26.0,393.987985607445,-367.987985607445
2021-09-22 15:00:00,1434A,SHP,29.0,391.66772863190994,-362.66772863190994
2021-09-22 16:00:00,1434A,SHP,27.0,390.2042360765924,-363.2042360765924
2021-09-22 17:00:00,1434A,SHP,33.0,388.447894059932,-355.447894059932
2021-09-22 18:00:00,1434A,SHP,34.0,388.01165148373246,-354.01165148373246
2021-09-22 19:00:00,1434A,SHP,,387.9459947053366,
2021-09-22 20:00:00,1434A,SHP,39.0,389.7113821543509,-350.7113821543509
2021-09-22 21:00:00,1434A,SHP,36.0,392.1948964740778,-356.1948964740778
2021-09-22 22:00:00,1434A,SHP,32.0,394.3663910886231,-362.3663910886231
2021-09-22 23:00:00,1434A,SHP,36.0,394.2197490277662,-358.2197490277662
2021-09-23 00:00:00,1434A,SHP,35.0,394.32267566526383,-359.32267566526383
2021-09-23 01:00:00,1434A,SHP,34.0,394.8996812273057,-360.8996812273057
2021-09-23 02:00:00,1434A,SHP,32.0,395.43785472314266,-363.43785472314266
2021-09-23 03:00:00,1434A,SHP,34.0,395.90420644428787,-361.90420644428787
2021-09-23 04:00:00,1434A,SHP,34.0,395.75674154873366,-361.75674154873366
2021-09-23 05:00:00,1434A,SHP,34.0,395.4785109633151,-361.4785109633151
2021-09-23 06:00:00,1434A,SHP,33.0,395.1230672853146,-362.1230672853146
2021-09-23 07:00:00,1434A,SHP,37.0,394.63695077648265,-357.63695077648265
2021-09-23 08:00:00,1434A,SHP,46.0,394.88492311956355,-348.88492311956355
2021-09-23 09:00:00,1434A,SHP,21.0,396.05593176542334,-375.05593176542334
2021-09-23 10:00:00,1434A,SHP,22.0,398.2377279629172,-376.2377279629172
2021-09-23 11:00:00,1434A,SHP,25.0,399.1788496849987,-374.1788496849987
2021-09-23 12:00:00,1434A,SHP,34.0,398.4406885278401,-364.4406885278401
2021-09-23 13:00:00,1434A,SHP,44.0,397.1121685995748,-353.1121685995748
2021-09-23 14:00:00,1434A,SHP,36.0,395.06236166877625,-359.06236166877625
2021-09-23 15:00:00,1434A,SHP,42.0,392.7421046932412,-350.7421046932412
2021-09-23 16:00:00,1434A,SHP,44.0,391.27861213792363,-347.27861213792363
2021-09-23 17:00:00,1434A,SHP,39.0,389.52227012126326,-350.52227012126326
2021-09-23 18:00:00,1434A,SHP,36.0,389.0860275450637,-353.0860275450637
2021-09-23 19:00:00,1434A,SHP,31.0,389.02037076666784,-358.02037076666784
2021-09-23 20:00:00,1434A,SHP,34.0,390.7857582156821,-356.7857582156821
2021-09-23 21:00:00,1434A,SHP,43.0,393.269272535409,-350.269272535409
2021-09-23 22:00:00,1434A,SHP,39.0,395.44076714995435,-356.44076714995435
2021-09-23 23:00:00,1434A,SHP,36.0,395.29412508909746,-359.29412508909746
2021-09-24 00:00:00,1434A,SHP,33.0,395.39705172659507,-362.39705172659507
2021-09-24 01:00:00,1434A,SHP,30.0,395.9740572886369,-365.9740572886369
2021-09-24 02:00:00,1434A,SHP,28.0,396.5122307844739,-368.5122307844739
2021-09-24 03:00:00,1434A,SHP,27.0,396.9785825056191,-369.9785825056191
2021-09-24 04:00:00,1434A,SHP,22.0,396.8311176100649,-374.8311176100649
2021-09-24 05:00:00,1434A,SHP,21.0,396.55288702464634,-375.55288702464634
2021-09-24 06:00:00,1434A,SHP,21.0,396.19744334664585,-375.19744334664585
2021-09-24 07:00:00,1434A,SHP,22.0,395.7113268378139,-373.7113268378139
2021-09-24 08:00:00,1434A,SHP,22.0,395.9592991808948,-373.9592991808948
2021-09-24 09:00:00,1434A,SHP,,397.1303078267546,
2021-09-24 10:00:00,1434A,SHP,32.0,399.3121040242484,-367.3121040242484
2021-09-24 11:00:00,1434A,SHP,36.0,400.2532257463299,-364.2532257463299
2021-09-24 12:00:00,1434A,SHP,43.0,399.51506458917135,-356.51506458917135
2021-09-24 13:00:00,1434A,SHP,41.0,398.186544660906,-357.186544660906
2021-09-24 14:00:00,1434A,SHP,45.0,396.1367377301075,-351.1367377301075
2021-09-24 15:00:00,1434A,SHP,34.0,393.8164807545724,-359.8164807545724
2021-09-24 16:00:00,1434A,SHP,41.0,392.35298819925487,-351.35298819925487
2021-09-24 17:00:00,1434A,SHP,37.0,390.5966461825945,-353.5966461825945
2021-09-24 18:00:00,1434A,SHP,32.0,390.16040360639494,-358.16040360639494
2021-09-24 19:00:00,1434A,SHP,33.0,390.0947468279991,-357.0947468279991
2021-09-24 20:00:00,1434A,SHP,34.0,391.86013427701334,-357.86013427701334
2021-09-24 21:00:00,1434A,SHP,39.0,394.34364859674025,-355.34364859674025
2021-09-24 22:00:00,1434A,SHP,41.0,396.5151432112856,-355.5151432112856
2021-09-24 23:00:00,1434A,SHP,36.0,396.3685011504287,-360.3685011504287
2021-09-25 00:00:00,1434A,SHP,25.0,396.4714277879263,-371.4714277879263
2021-09-25 01:00:00,1434A,SHP,25.0,397.04843334996815,-372.04843334996815
2021-09-25 02:00:00,1434A,SHP,17.0,397.58660684580514,-380.58660684580514
2021-09-25 03:00:00,1434A,SHP,11.0,398.05295856695034,-387.05295856695034
2021-09-25 04:00:00,1434A,SHP,7.0,397.90549367139613,-390.90549367139613
2021-09-25 05:00:00,1434A,SHP,8.0,397.6272630859776,-389.6272630859776
2021-09-25 06:00:00,1434A,SHP,9.0,397.2718194079771,-388.2718194079771
2021-09-25 07:00:00,1434A,SHP,12.0,396.7857028991451,-384.7857028991451
2021-09-25 08:00:00,1434A,SHP,12.0,397.033675242226,-385.033675242226
2021-09-25 09:00:00,1434A,SHP,16.0,398.2046838880858,-382.2046838880858
2021-09-25 10:00:00,1434A,SHP,16.0,400.38648008557965,-384.38648008557965
2021-09-25 11:00:00,1434A,SHP,18.0,401.32760180766115,-383.32760180766115
2021-09-25 12:00:00,1434A,SHP,23.0,400.5894406505026,-377.5894406505026
2021-09-25 13:00:00,1434A,SHP,30.0,399.26092072223724,-369.26092072223724
2021-09-25 14:00:00,1434A,SHP,36.0,397.2111137914387,-361.2111137914387
2021-09-25 15:00:00,1434A,SHP,46.0,394.89085681590365,-348.89085681590365
2021-09-25 16:00:00,1434A,SHP,43.0,393.4273642605861,-350.4273642605861
2021-09-25 17:00:00,1434A,SHP,36.0,391.67102224392573,-355.67102224392573
2021-09-25 18:00:00,1434A,SHP,,391.2347796677262,
2021-09-25 19:00:00,1434A,SHP,38.0,391.1691228893303,-353.1691228893303
2021-09-25 20:00:00,1434A,SHP,50.0,392.9345103383446,-342.9345103383446
2021-09-25 21:00:00,1434A,SHP,47.0,395.4180246580715,-348.4180246580715
2021-09-25 22:00:00,1434A,SHP,43.0,397.5895192726168,-354.5895192726168
2021-09-25 23:00:00,1434A,SHP,38.0,397.44287721175994,-359.44287721175994
2021-09-26 00:00:00,1434A,SHP,35.0,397.54580384925754,-362.54580384925754
2021-09-26 01:00:00,1434A,SHP,34.0,398.1228094112994,-364.1228094112994
2021-09-26 02:00:00,1434A,SHP,34.0,398.6609829071364,-364.6609829071364
2021-09-26 03:00:00,1434A,SHP,30.0,399.1273346282816,-369.1273346282816
2021-09-26 04:00:00,1434A,SHP,25.0,398.97986973272737,-373.97986973272737
2021-09-26 05:00:00,1434A,SHP,15.0,398.7016391473088,-383.7016391473088
2021-09-26 06:00:00,1434A,SHP,10.0,398.3461954693083,-388.3461954693083
2021-09-26 07:00:00,1434A,SHP,6.0,397.86007896047636,-391.86007896047636
2021-09-26 08:00:00,1434A,SHP,2.0,398.10805130355726,-396.10805130355726
2021-09-26 09:00:00,1434A,SHP,1.0,399.27905994941705,-398.27905994941705
2021-09-26 10:00:00,1434A,SHP,2.0,401.4608561469109,-399.4608561469109
2021-09-26 11:00:00,1434A,SHP,2.0,402.4019778689924,-400.4019778689924
2021-09-26 12:00:00,1434A,SHP,1.0,401.6638167118338,-400.6638167118338
2021-09-26 13:00:00,1434A,SHP,,400.3352967835685,
2021-09-26 14:00:00,1434A,SHP,3.0,398.28548985276996,-395.28548985276996
2021-09-26 15:00:00,1434A,SHP,4.0,395.9652328772349,-391.9652328772349
2021-09-26 16:00:00,1434A,SHP,6.0,394.50174032191734,-388.50174032191734
2021-09-26 17:00:00,1434A,SHP,8.0,392.74539830525697,-384.74539830525697
2021-09-26 18:00:00,1434A,SHP,8.0,392.3091557290574,-384.3091557290574
2021-09-26 19:00:00,1434A,SHP,9.0,392.24349895066155,-383.24349895066155
2021-09-26 20:00:00,1434A,SHP,11.0,394.0088863996758,-383.0088863996758
2021-09-26 21:00:00,1434A,SHP,11.0,396.4924007194027,-385.4924007194027
2021-09-26 22:00:00,1434A,SHP,12.0,398.66389533394806,-386.66389533394806
2021-09-26 23:00:00,1434A,SHP,11.0,398.51725327309117,-387.51725327309117
2021-09-27 00:00:00,1434A,SHP,10.0,398.6201799105888,-388.6201799105888
2021-09-27 01:00:00,1434A,SHP,10.0,399.1971854726306,-389.1971854726306
2021-09-27 02:00:00,1434A,SHP,12.0,399.7353589684676,-387.7353589684676
2021-09-27 03:00:00,1434A,SHP,16.0,400.2017106896128,-384.2017106896128
2021-09-27 04:00:00,1434A,SHP,20.0,400.0542457940586,-380.0542457940586
2021-09-27 05:00:00,1434A,SHP,15.0,399.77601520864005,-384.77601520864005
2021-09-27 06:00:00,1434A,SHP,11.0,399.42057153063956,-388.42057153063956
2021-09-27 07:00:00,1434A,SHP,12.0,398.9344550218076,-386.9344550218076
2021-09-27 08:00:00,1434A,SHP,14.0,399.1824273648885,-385.1824273648885
2021-09-27 09:00:00,1434A,SHP,11.0,400.3534360107483,-389.3534360107483
2021-09-27 10:00:00,1434A,SHP,12.0,402.5352322082421,-390.5352322082421
2021-09-27 11:00:00,1434A,SHP,15.0,403.4763539303236,-388.4763539303236
2021-09-27 12:00:00,1434A,SHP,16.0,402.73819277316505,-386.73819277316505
2021-09-27 13:00:00,1434A,SHP,16.0,401.4096728448997,-385.4096728448997
2021-09-27 14:00:00,1434A,SHP,15.0,399.3598659141012,-384.3598659141012
2021-09-27 15:00:00,1434A,SHP,17.0,397.0396089385661,-380.0396089385661
2021-09-27 16:00:00,1434A,SHP,15.0,395.5761163832486,-380.5761163832486
2021-09-27 17:00:00,1434A,SHP,14.0,393.8197743665882,-379.8197743665882
2021-09-27 18:00:00,1434A,SHP,13.0,393.38353179038864,-380.38353179038864
2021-09-27 19:00:00,1434A,SHP,11.0,393.3178750119928,-382.3178750119928
2021-09-27 20:00:00,1434A,SHP,15.0,395.08326246100705,-380.08326246100705
2021-09-27 21:00:00,1434A,SHP,16.0,397.56677678073396,-381.56677678073396
2021-09-27 22:00:00,1434A,SHP,19.0,399.7382713952793,-380.7382713952793
2021-09-27 23:00:00,1434A,SHP,16.0,399.5916293344224,-383.5916293344224
2021-09-28 00:00:00,1434A,SHP,16.0,399.69455597192,-383.69455597192
2021-09-28 01:00:00,1434A,SHP,17.0,400.27156153396186,-383.27156153396186
2021-09-28 02:00:00,1434A,SHP,16.0,400.80973502979884,-384.80973502979884
2021-09-28 03:00:00,1434A,SHP,20.0,401.27608675094405,-381.27608675094405
2021-09-28 04:00:00,1434A,SHP,24.0,401.12862185538984,-377.12862185538984
2021-09-28 05:00:00,1434A,SHP,13.0,400.8503912699713,-387.8503912699713
2021-09-28 06:00:00,1434A,SHP,8.0,400.4949475919708,-392.4949475919708
2021-09-28 07:00:00,1434A,SHP,9.0,400.00883108313883,-391.00883108313883
2021-09-28 08:00:00,1434A,SHP,10.0,400.25680342621973,-390.25680342621973
2021-09-28 09:00:00,1434A,SHP,14.0,401.4278120720795,-387.4278120720795
2021-09-28 10:00:00,1434A,SHP,20.0,403.60960826957336,-383.60960826957336
2021-09-28 11:00:00,1434A,SHP,25.0,404.55072999165486,-379.55072999165486
2021-09-28 12:00:00,1434A,SHP,20.0,403.8125688344963,-383.8125688344963
2021-09-28 13:00:00,1434A,SHP,17.0,402.48404890623095,-385.48404890623095
2021-09-28 14:00:00,1434A,SHP,14.0,400.4342419754324,-386.4342419754324
2021-09-28 15:00:00,1434A,SHP,11.0,398.11398499989735,-387.11398499989735
2021-09-28 16:00:00,1434A,SHP,8.0,396.6504924445798,-388.6504924445798
2021-09-28 17:00:00,1434A,SHP,11.0,394.89415042791944,-383.89415042791944
2021-09-28 18:00:00,1434A,SHP,13.0,394.4579078517199,-381.4579078517199
2021-09-28 19:00:00,1434A,SHP,13.0,394.392251073324,-381.392251073324
2021-09-28 20:00:00,1434A,SHP,16.0,396.1576385223383,-380.1576385223383
2021-09-28 21:00:00,1434A,SHP,16.0,398.6411528420652,-382.6411528420652
2021-09-28 22:00:00,1434A,SHP,16.0,400.81264745661053,-384.81264745661053
2021-09-28 23:00:00,1434A,SHP,13.0,400.66600539575364,-387.66600539575364
2021-09-29 00:00:00,1434A,SHP,10.0,400.76893203325125,-390.76893203325125
2021-09-29 01:00:00,1434A,SHP,10.0,401.3459375952931,-391.3459375952931
2021-09-29 02:00:00,1434A,SHP,13.0,401.8841110911301,-388.8841110911301
2021-09-29 03:00:00,1434A,SHP,14.0,402.3504628122753,-388.3504628122753
2021-09-29 04:00:00,1434A,SHP,16.0,402.2029979167211,-386.2029979167211
2021-09-29 05:00:00,1434A,SHP,18.0,401.9247673313025,-383.9247673313025
2021-09-29 06:00:00,1434A,SHP,23.0,401.56932365330204,-378.56932365330204
2021-09-29 07:00:00,1434A,SHP,28.0,401.08320714447007,-373.08320714447007
2021-09-29 08:00:00,1434A,SHP,28.0,401.33117948755097,-373.33117948755097
2021-09-29 09:00:00,1434A,SHP,31.0,402.50218813341075,-371.50218813341075
2021-09-29 10:00:00,1434A,SHP,,404.6839843309046,
2021-09-29 11:00:00,1434A,SHP,28.0,405.6251060529861,-377.6251060529861
2021-09-29 12:00:00,1434A,SHP,12.0,404.8869448958275,-392.8869448958275
2021-09-29 13:00:00,1434A,SHP,10.0,403.5584249675622,-393.5584249675622
2021-09-29 14:00:00,1434A,SHP,10.0,401.50861803676366,-391.50861803676366
2021-09-29 15:00:00,1434A,SHP,8.0,399.1883610612286,-391.1883610612286
2021-09-29 16:00:00,1434A,SHP,8.0,397.72486850591105,-389.72486850591105
2021-09-29 17:00:00,1434A,SHP,9.0,395.9685264892507,-386.9685264892507
2021-09-29 18:00:00,1434A,SHP,10.0,395.5322839130511,-385.5322839130511
2021-09-29 19:00:00,1434A,SHP,12.0,395.46662713465525,-383.46662713465525
2021-09-29 20:00:00,1434A,SHP,13.0,397.2320145836695,-384.2320145836695
2021-09-29 21:00:00,1434A,SHP,16.0,399.71552890339643,-383.71552890339643
2021-09-29 22:00:00,1434A,SHP,19.0,401.88702351794177,-382.88702351794177
2021-09-29 23:00:00,1434A,SHP,20.0,401.7403814570849,-381.7403814570849
2021-09-30 00:00:00,1434A,SHP,17.0,401.8433080945825,-384.8433080945825
2021-09-30 01:00:00,1434A,SHP,19.0,402.42031365662433,-383.42031365662433
2021-09-30 02:00:00,1434A,SHP,21.0,402.9584871524613,-381.9584871524613
2021-09-30 03:00:00,1434A,SHP,23.0,403.4248388736065,-380.4248388736065
2021-09-30 04:00:00,1434A,SHP,22.0,403.2773739780523,-381.2773739780523
2021-09-30 05:00:00,1434A,SHP,24.0,402.99914339263375,-378.99914339263375
2021-09-30 06:00:00,1434A,SHP,25.0,402.64369971463327,-377.64369971463327
2021-09-30 07:00:00,1434A,SHP,22.0,402.1575832058013,-380.1575832058013
2021-09-30 08:00:00,1434A,SHP,29.0,402.4055555488822,-373.4055555488822
2021-09-30 09:00:00,1434A,SHP,31.0,403.576564194742,-372.576564194742
2021-09-30 10:00:00,1434A,SHP,34.0,405.75836039223583,-371.75836039223583
2021-09-30 11:00:00,1434A,SHP,33.0,406.69948211431733,-373.69948211431733
2021-09-30 12:00:00,1434A,SHP,34.0,405.96132095715876,-371.96132095715876
2021-09-30 13:00:00,1434A,SHP,31.0,404.6328010288934,-373.6328010288934
2021-09-30 14:00:00,1434A,SHP,30.0,402.5829940980949,-372.5829940980949
2021-09-30 15:00:00,1434A,SHP,24.0,400.2627371225598,-376.2627371225598
2021-09-30 16:00:00,1434A,SHP,23.0,398.7992445672423,-375.7992445672423
2021-09-30 17:00:00,1434A,SHP,28.0,397.0429025505819,-369.0429025505819
2021-09-30 18:00:00,1434A,SHP,26.0,396.60665997438235,-370.60665997438235
2021-09-30 19:00:00,1434A,SHP,27.0,396.5410031959865,-369.5410031959865
2021-09-30 20:00:00,1434A,SHP,32.0,398.30639064500076,-366.30639064500076
2021-09-30 21:00:00,1434A,SHP,36.0,400.78990496472767,-364.78990496472767
2021-09-30 22:00:00,1434A,SHP,38.0,402.961399579273,-364.961399579273
2021-09-30 23:00:00,1434A,SHP,38.0,402.8147575184161,-364.8147575184161
2021-10-01 00:00:00,1434A,SHP,38.0,402.9176841559137,-364.9176841559137
2021-10-01 01:00:00,1434A,SHP,34.0,403.49468971795557,-369.49468971795557
2021-10-01 02:00:00,1434A,SHP,34.0,404.03286321379255,-370.03286321379255
2021-10-01 03:00:00,1434A,SHP,30.0,404.49921493493775,-374.49921493493775
2021-10-01 04:00:00,1434A,SHP,34.0,404.35175003938355,-370.35175003938355
2021-10-01 05:00:00,1434A,SHP,38.0,404.073519453965,-366.073519453965
2021-10-01 06:00:00,1434A,SHP,45.0,403.7180757759645,-358.7180757759645
2021-10-01 07:00:00,1434A,SHP,42.0,403.23195926713254,-361.23195926713254
2021-10-01 08:00:00,1434A,SHP,41.0,403.47993161021344,-362.47993161021344
2021-10-01 09:00:00,1434A,SHP,40.0,404.6509402560732,-364.6509402560732
2021-10-01 10:00:00,1434A,SHP,40.0,406.83273645356707,-366.83273645356707
2021-10-01 11:00:00,1434A,SHP,35.0,407.77385817564857,-372.77385817564857
2021-10-01 12:00:00,1434A,SHP,26.0,407.03569701849,-381.03569701849
2021-10-01 13:00:00,1434A,SHP,28.0,405.70717709022466,-377.70717709022466
2021-10-01 14:00:00,1434A,SHP,32.0,403.65737015942614,-371.65737015942614
2021-10-01 15:00:00,1434A,SHP,38.0,401.33711318389106,-363.33711318389106
2021-10-01 16:00:00,1434A,SHP,42.0,399.8736206285735,-357.8736206285735
2021-10-01 17:00:00,1434A,SHP,58.0,398.11727861191315,-340.11727861191315
2021-10-01 18:00:00,1434A,SHP,49.0,397.6810360357136,-348.6810360357136
2021-10-01 19:00:00,1434A,SHP,,397.6153792573177,
2021-10-01 20:00:00,1434A,SHP,37.0,399.380766706332,-362.380766706332
2021-10-01 21:00:00,1434A,SHP,35.0,401.8642810260589,-366.8642810260589
2021-10-01 22:00:00,1434A,SHP,35.0,404.03577564060424,-369.03577564060424
2021-10-01 23:00:00,1434A,SHP,38.0,403.88913357974735,-365.88913357974735
2021-10-02 00:00:00,1434A,SHP,43.0,403.99206021724495,-360.99206021724495
2021-10-02 01:00:00,1434A,SHP,44.0,404.5690657792868,-360.5690657792868
2021-10-02 02:00:00,1434A,SHP,47.0,405.1072392751238,-358.1072392751238
2021-10-02 03:00:00,1434A,SHP,45.0,405.573590996269,-360.573590996269
2021-10-02 04:00:00,1434A,SHP,43.0,405.4261261007148,-362.4261261007148
2021-10-02 05:00:00,1434A,SHP,43.0,405.1478955152962,-362.1478955152962
2021-10-02 06:00:00,1434A,SHP,45.0,404.79245183729574,-359.79245183729574
2021-10-02 07:00:00,1434A,SHP,45.0,404.3063353284638,-359.3063353284638
2021-10-02 08:00:00,1434A,SHP,44.0,404.5543076715447,-360.5543076715447
2021-10-02 09:00:00,1434A,SHP,47.0,405.72531631740446,-358.72531631740446
2021-10-02 10:00:00,1434A,SHP,58.0,407.9071125148983,-349.9071125148983
2021-10-02 11:00:00,1434A,SHP,61.0,408.8482342369798,-347.8482342369798
2021-10-02 12:00:00,1434A,SHP,63.0,408.11007307982123,-345.11007307982123
2021-10-02 13:00:00,1434A,SHP,61.0,406.7815531515559,-345.7815531515559
2021-10-02 14:00:00,1434A,SHP,56.0,404.7317462207574,-348.7317462207574
2021-10-02 15:00:00,1434A,SHP,64.0,402.4114892452223,-338.4114892452223
2021-10-02 16:00:00,1434A,SHP,64.0,400.94799668990476,-336.94799668990476
2021-10-02 17:00:00,1434A,SHP,56.0,399.1916546732444,-343.1916546732444
2021-10-02 18:00:00,1434A,SHP,41.0,398.7554120970448,-357.7554120970448
2021-10-02 19:00:00,1434A,SHP,51.0,398.68975531864896,-347.68975531864896
2021-10-02 20:00:00,1434A,SHP,57.0,400.45514276766323,-343.45514276766323
2021-10-02 21:00:00,1434A,SHP,59.0,402.93865708739014,-343.93865708739014
2021-10-02 22:00:00,1434A,SHP,49.0,405.1101517019355,-356.1101517019355
2021-10-02 23:00:00,1434A,SHP,42.0,404.9635096410786,-362.9635096410786
2021-10-03 00:00:00,1434A,SHP,40.0,405.0664362785762,-365.0664362785762
2021-10-03 01:00:00,1434A,SHP,48.0,405.64344184061804,-357.64344184061804
2021-10-03 02:00:00,1434A,SHP,56.0,406.181615336455,-350.181615336455
2021-10-03 03:00:00,1434A,SHP,55.0,406.6479670576002,-351.6479670576002
2021-10-03 04:00:00,1434A,SHP,48.0,406.500502162046,-358.500502162046
2021-10-03 05:00:00,1434A,SHP,47.0,406.22227157662746,-359.22227157662746
2021-10-03 06:00:00,1434A,SHP,51.0,405.866827898627,-354.866827898627
2021-10-03 07:00:00,1434A,SHP,52.0,405.380711389795,-353.380711389795
2021-10-03 08:00:00,1434A,SHP,51.0,405.6286837328759,-354.6286837328759
2021-10-03 09:00:00,1434A,SHP,49.0,406.7996923787357,-357.7996923787357
2021-10-03 10:00:00,1434A,SHP,53.0,408.98148857622954,-355.98148857622954
2021-10-03 11:00:00,1434A,SHP,64.0,409.92261029831104,-345.92261029831104
2021-10-03 12:00:00,1434A,SHP,65.0,409.18444914115247,-344.18444914115247
2021-10-03 13:00:00,1434A,SHP,63.0,407.85592921288713,-344.85592921288713
2021-10-03 14:00:00,1434A,SHP,59.0,405.8061222820886,-346.8061222820886
2021-10-03 15:00:00,1434A,SHP,53.0,403.48586530655353,-350.48586530655353
2021-10-03 16:00:00,1434A,SHP,47.0,402.022372751236,-355.022372751236
2021-10-03 17:00:00,1434A,SHP,41.0,400.2660307345756,-359.2660307345756
2021-10-03 18:00:00,1434A,SHP,41.0,399.82978815837606,-358.82978815837606
2021-10-03 19:00:00,1434A,SHP,42.0,399.7641313799802,-357.7641313799802
2021-10-03 20:00:00,1434A,SHP,46.0,401.52951882899447,-355.52951882899447
2021-10-03 21:00:00,1434A,SHP,50.0,404.0130331487214,-354.0130331487214
2021-10-03 22:00:00,1434A,SHP,48.0,406.1845277632667,-358.1845277632667
2021-10-03 23:00:00,1434A,SHP,51.0,406.0378857024098,-355.0378857024098
2021-10-04 00:00:00,1434A,SHP,56.0,406.1408123399074,-350.1408123399074
2021-10-04 01:00:00,1434A,SHP,58.0,406.7178179019493,-348.7178179019493
2021-10-04 02:00:00,1434A,SHP,58.0,407.25599139778626,-349.25599139778626
2021-10-04 03:00:00,1434A,SHP,57.0,407.72234311893146,-350.72234311893146
2021-10-04 04:00:00,1434A,SHP,40.0,407.57487822337725,-367.57487822337725
2021-10-04 05:00:00,1434A,SHP,34.0,407.2966476379587,-373.2966476379587
2021-10-04 06:00:00,1434A,SHP,34.0,406.9412039599582,-372.9412039599582
2021-10-04 07:00:00,1434A,SHP,32.0,406.45508745112625,-374.45508745112625
2021-10-04 08:00:00,1434A,SHP,32.0,406.70305979420715,-374.70305979420715
2021-10-04 09:00:00,1434A,SHP,31.0,407.87406844006694,-376.87406844006694
2021-10-04 10:00:00,1434A,SHP,31.0,410.0558646375608,-379.0558646375608
2021-10-04 11:00:00,1434A,SHP,12.0,410.9969863596423,-398.9969863596423
2021-10-04 12:00:00,1434A,SHP,10.0,410.2588252024837,-400.2588252024837
2021-10-04 13:00:00,1434A,SHP,9.0,408.93030527421837,-399.93030527421837
2021-10-04 14:00:00,1434A,SHP,5.0,406.88049834341984,-401.88049834341984
2021-10-04 15:00:00,1434A,SHP,4.0,404.56024136788477,-400.56024136788477
2021-10-04 16:00:00,1434A,SHP,4.0,403.0967488125672,-399.0967488125672
2021-10-04 17:00:00,1434A,SHP,3.0,401.34040679590686,-398.34040679590686
2021-10-04 18:00:00,1434A,SHP,3.0,400.9041642197073,-397.9041642197073
2021-10-04 19:00:00,1434A,SHP,3.0,400.83850744131144,-397.83850744131144
2021-10-04 20:00:00,1434A,SHP,4.0,402.6038948903257,-398.6038948903257
2021-10-04 21:00:00,1434A,SHP,4.0,405.0874092100526,-401.0874092100526
2021-10-04 22:00:00,1434A,SHP,7.0,407.25890382459795,-400.25890382459795
2021-10-04 23:00:00,1434A,SHP,8.0,407.11226176374106,-399.11226176374106
2021-10-05 00:00:00,1434A,SHP,7.0,407.21518840123866,-400.21518840123866
2021-10-05 01:00:00,1434A,SHP,7.0,407.7921939632805,-400.7921939632805
2021-10-05 02:00:00,1434A,SHP,7.0,408.3303674591175,-401.3303674591175
2021-10-05 03:00:00,1434A,SHP,4.0,408.7967191802627,-404.7967191802627
2021-10-05 04:00:00,1434A,SHP,2.0,408.6492542847085,-406.6492542847085
2021-10-05 05:00:00,1434A,SHP,3.0,408.37102369928994,-405.37102369928994
2021-10-05 06:00:00,1434A,SHP,4.0,408.01558002128945,-404.01558002128945
2021-10-05 07:00:00,1434A,SHP,2.0,407.5294635124575,-405.5294635124575
2021-10-05 08:00:00,1434A,SHP,2.0,407.7774358555384,-405.7774358555384
2021-10-05 09:00:00,1434A,SHP,2.0,408.94844450139817,-406.94844450139817
2021-10-05 10:00:00,1434A,SHP,2.0,411.130240698892,-409.130240698892
2021-10-05 11:00:00,1434A,SHP,3.0,412.0713624209735,-409.0713624209735
2021-10-05 12:00:00,1434A,SHP,4.0,411.33320126381494,-407.33320126381494
2021-10-05 13:00:00,1434A,SHP,4.0,410.0046813355496,-406.0046813355496
2021-10-05 14:00:00,1434A,SHP,5.0,407.9548744047511,-402.9548744047511
2021-10-05 15:00:00,1434A,SHP,4.0,405.634617429216,-401.634617429216
2021-10-05 16:00:00,1434A,SHP,5.0,404.17112487389846,-399.17112487389846
2021-10-05 17:00:00,1434A,SHP,6.0,402.4147828572381,-396.4147828572381
2021-10-05 18:00:00,1434A,SHP,7.0,401.97854028103853,-394.97854028103853
2021-10-05 19:00:00,1434A,SHP,10.0,401.91288350264267,-391.91288350264267
2021-10-05 20:00:00,1434A,SHP,9.0,403.67827095165694,-394.67827095165694
2021-10-05 21:00:00,1434A,SHP,7.0,406.16178527138385,-399.16178527138385
2021-10-05 22:00:00,1434A,SHP,6.0,408.3332798859292,-402.3332798859292
2021-10-05 23:00:00,1434A,SHP,6.0,408.1866378250723,-402.1866378250723
2021-10-06 00:00:00,1434A,SHP,6.0,408.2895644625699,-402.2895644625699
2021-10-06 01:00:00,1434A,SHP,10.0,408.86657002461175,-398.86657002461175
2021-10-06 02:00:00,1434A,SHP,13.0,409.40474352044873,-396.40474352044873
2021-10-06 03:00:00,1434A,SHP,15.0,409.87109524159393,-394.87109524159393
2021-10-06 04:00:00,1434A,SHP,13.0,409.7236303460397,-396.7236303460397
2021-10-06 05:00:00,1434A,SHP,11.0,409.44539976062117,-398.44539976062117
2021-10-06 06:00:00,1434A,SHP,8.0,409.0899560826207,-401.0899560826207
2021-10-06 07:00:00,1434A,SHP,5.0,408.6038395737887,-403.6038395737887
2021-10-06 08:00:00,1434A,SHP,3.0,408.8518119168696,-405.8518119168696
2021-10-06 09:00:00,1434A,SHP,2.0,410.0228205627294,-408.0228205627294
2021-10-06 10:00:00,1434A,SHP,2.0,412.20461676022325,-410.20461676022325
2021-10-06 11:00:00,1434A,SHP,2.0,413.14573848230475,-411.14573848230475
2021-10-06 12:00:00,1434A,SHP,4.0,412.4075773251462,-408.4075773251462
2021-10-06 13:00:00,1434A,SHP,,411.07905739688084,
2021-10-06 14:00:00,1434A,SHP,,409.0292504660823,
2021-10-06 15:00:00,1434A,SHP,,406.70899349054724,
2021-10-06 16:00:00,1434A,SHP,,405.2455009352297,
2021-10-06 17:00:00,1434A,SHP,,403.48915891856933,
2021-10-06 18:00:00,1434A,SHP,,403.05291634236977,
2021-10-06 19:00:00,1434A,SHP,7.0,402.9872595639739,-395.9872595639739
2021-10-06 20:00:00,1434A,SHP,7.0,404.7526470129882,-397.7526470129882
2021-10-06 21:00:00,1434A,SHP,10.0,407.2361613327151,-397.2361613327151
2021-10-06 22:00:00,1434A,SHP,16.0,409.4076559472604,-393.4076559472604
2021-10-06 23:00:00,1434A,SHP,19.0,409.26101388640353,-390.26101388640353
2021-10-07 00:00:00,1434A,SHP,20.0,409.36394052390114,-389.36394052390114
2021-10-07 01:00:00,1434A,SHP,18.0,409.940946085943,-391.940946085943
2021-10-07 02:00:00,1434A,SHP,14.0,410.47911958177997,-396.47911958177997
2021-10-07 03:00:00,1434A,SHP,13.0,410.94547130292517,-397.94547130292517
2021-10-07 04:00:00,1434A,SHP,13.0,410.79800640737096,-397.79800640737096
2021-10-07 05:00:00,1434A,SHP,17.0,410.5197758219524,-393.5197758219524
2021-10-07 06:00:00,1434A,SHP,18.0,410.1643321439519,-392.1643321439519
2021-10-07 07:00:00,1434A,SHP,19.0,409.67821563511995,-390.67821563511995
2021-10-07 08:00:00,1434A,SHP,19.0,409.92618797820086,-390.92618797820086
2021-10-07 09:00:00,1434A,SHP,23.0,411.09719662406064,-388.09719662406064
2021-10-07 10:00:00,1434A,SHP,32.0,413.2789928215545,-381.2789928215545
2021-10-07 11:00:00,1434A,SHP,30.0,414.220114543636,-384.220114543636
2021-10-07 12:00:00,1434A,SHP,15.0,413.4819533864774,-398.4819533864774
2021-10-07 13:00:00,1434A,SHP,14.0,412.1534334582121,-398.1534334582121
2021-10-07 14:00:00,1434A,SHP,12.0,410.10362652741355,-398.10362652741355
2021-10-07 15:00:00,1434A,SHP,9.0,407.7833695518785,-398.7833695518785
2021-10-07 16:00:00,1434A,SHP,5.0,406.31987699656094,-401.31987699656094
2021-10-07 17:00:00,1434A,SHP,4.0,404.56353497990057,-400.56353497990057
2021-10-07 18:00:00,1434A,SHP,6.0,404.127292403701,-398.127292403701
2021-10-07 19:00:00,1434A,SHP,9.0,404.06163562530514,-395.06163562530514
2021-10-07 20:00:00,1434A,SHP,9.0,405.8270230743194,-396.8270230743194
2021-10-07 21:00:00,1434A,SHP,10.0,408.3105373940463,-398.3105373940463
2021-10-07 22:00:00,1434A,SHP,12.0,410.48203200859166,-398.48203200859166
2021-10-07 23:00:00,1434A,SHP,10.0,410.33538994773477,-400.33538994773477
2021-10-08 00:00:00,1434A,SHP,7.0,410.43831658523237,-403.43831658523237
2021-10-08 01:00:00,1434A,SHP,9.0,411.0153221472742,-402.0153221472742
2021-10-08 02:00:00,1434A,SHP,10.0,411.5534956431112,-401.5534956431112
2021-10-08 03:00:00,1434A,SHP,10.0,412.0198473642564,-402.0198473642564
2021-10-08 04:00:00,1434A,SHP,7.0,411.8723824687022,-404.8723824687022
2021-10-08 05:00:00,1434A,SHP,8.0,411.59415188328364,-403.59415188328364
2021-10-08 06:00:00,1434A,SHP,7.0,411.23870820528316,-404.23870820528316
2021-10-08 07:00:00,1434A,SHP,7.0,410.7525916964512,-403.7525916964512
2021-10-08 08:00:00,1434A,SHP,9.0,411.0005640395321,-402.0005640395321
2021-10-08 09:00:00,1434A,SHP,13.0,412.1715726853919,-399.1715726853919
2021-10-08 10:00:00,1434A,SHP,18.0,414.3533688828857,-396.3533688828857
2021-10-08 11:00:00,1434A,SHP,18.0,415.2944906049672,-397.2944906049672
2021-10-08 12:00:00,1434A,SHP,19.0,414.55632944780865,-395.55632944780865
2021-10-08 13:00:00,1434A,SHP,22.0,413.2278095195433,-391.2278095195433
2021-10-08 14:00:00,1434A,SHP,28.0,411.1780025887448,-383.1780025887448
2021-10-08 15:00:00,1434A,SHP,27.0,408.8577456132097,-381.8577456132097
2021-10-08 16:00:00,1434A,SHP,20.0,407.3942530578922,-387.3942530578922
2021-10-08 17:00:00,1434A,SHP,22.0,405.6379110412318,-383.6379110412318
2021-10-08 18:00:00,1434A,SHP,26.0,405.20166846503224,-379.20166846503224
2021-10-08 19:00:00,1434A,SHP,26.0,405.1360116866364,-379.1360116866364
2021-10-08 20:00:00,1434A,SHP,23.0,406.90139913565065,-383.90139913565065
2021-10-08 21:00:00,1434A,SHP,23.0,409.38491345537756,-386.38491345537756
2021-10-08 22:00:00,1434A,SHP,28.0,411.5564080699229,-383.5564080699229
2021-10-08 23:00:00,1434A,SHP,34.0,411.409766009066,-377.409766009066
2021-10-09 00:00:00,1434A,SHP,30.0,411.5126926465636,-381.5126926465636
2021-10-09 01:00:00,1434A,SHP,30.0,412.08969820860545,-382.08969820860545
2021-10-09 02:00:00,1434A,SHP,37.0,412.62787170444244,-375.62787170444244
2021-10-09 03:00:00,1434A,SHP,32.0,413.09422342558764,-381.09422342558764
2021-10-09 04:00:00,1434A,SHP,33.0,412.94675853003343,-379.94675853003343
2021-10-09 05:00:00,1434A,SHP,34.0,412.6685279446149,-378.6685279446149
2021-10-09 06:00:00,1434A,SHP,36.0,412.3130842666144,-376.3130842666144
2021-10-09 07:00:00,1434A,SHP,36.0,411.8269677577824,-375.8269677577824
2021-10-09 08:00:00,1434A,SHP,34.0,412.07494010086333,-378.07494010086333
2021-10-09 09:00:00,1434A,SHP,30.0,413.2459487467231,-383.2459487467231
2021-10-09 10:00:00,1434A,SHP,,415.42774494421695,
2021-10-09 11:00:00,1434A,SHP,19.0,416.36886666629846,-397.36886666629846
2021-10-09 12:00:00,1434A,SHP,18.0,415.6307055091399,-397.6307055091399
2021-10-09 13:00:00,1434A,SHP,15.0,414.30218558087455,-399.30218558087455
2021-10-09 14:00:00,1434A,SHP,14.0,412.252378650076,-398.252378650076
2021-10-09 15:00:00,1434A,SHP,16.0,409.93212167454095,-393.93212167454095
2021-10-09 16:00:00,1434A,SHP,15.0,408.4686291192234,-393.4686291192234
2021-10-09 17:00:00,1434A,SHP,10.0,406.71228710256304,-396.71228710256304
2021-10-09 18:00:00,1434A,SHP,8.0,406.2760445263635,-398.2760445263635
2021-10-09 19:00:00,1434A,SHP,11.0,406.2103877479676,-395.2103877479676
2021-10-09 20:00:00,1434A,SHP,14.0,407.9757751969819,-393.9757751969819
2021-10-09 21:00:00,1434A,SHP,13.0,410.4592895167088,-397.4592895167088
2021-10-09 22:00:00,1434A,SHP,10.0,412.63078413125413,-402.63078413125413
2021-10-09 23:00:00,1434A,SHP,9.0,412.48414207039724,-403.48414207039724
2021-10-10 00:00:00,1434A,SHP,8.0,412.58706870789484,-404.58706870789484
2021-10-10 01:00:00,1434A,SHP,8.0,413.1640742699367,-405.1640742699367
2021-10-10 02:00:00,1434A,SHP,8.0,413.7022477657737,-405.7022477657737
2021-10-10 03:00:00,1434A,SHP,6.0,414.1685994869189,-408.1685994869189
2021-10-10 04:00:00,1434A,SHP,3.0,414.02113459136467,-411.02113459136467
2021-10-10 05:00:00,1434A,SHP,2.0,413.7429040059461,-411.7429040059461
2021-10-10 06:00:00,1434A,SHP,1.0,413.38746032794563,-412.38746032794563
2021-10-10 07:00:00,1434A,SHP,2.0,412.90134381911366,-410.90134381911366
2021-10-10 08:00:00,1434A,SHP,1.0,413.14931616219457,-412.14931616219457
2021-10-10 09:00:00,1434A,SHP,2.0,414.32032480805435,-412.32032480805435
2021-10-10 10:00:00,1434A,SHP,3.0,416.5021210055482,-413.5021210055482
2021-10-10 11:00:00,1434A,SHP,3.0,417.4432427276297,-414.4432427276297
2021-10-10 12:00:00,1434A,SHP,3.0,416.7050815704711,-413.7050815704711
2021-10-10 13:00:00,1434A,SHP,3.0,415.3765616422058,-412.3765616422058
2021-10-10 14:00:00,1434A,SHP,2.0,413.32675471140726,-411.32675471140726
2021-10-10 15:00:00,1434A,SHP,2.0,411.0064977358722,-409.0064977358722
2021-10-10 16:00:00,1434A,SHP,3.0,409.54300518055464,-406.54300518055464
2021-10-10 17:00:00,1434A,SHP,3.0,407.7866631638943,-404.7866631638943
2021-10-10 18:00:00,1434A,SHP,3.0,407.3504205876947,-404.3504205876947
2021-10-10 19:00:00,1434A,SHP,3.0,407.28476380929885,-404.28476380929885
2021-10-10 20:00:00,1434A,SHP,4.0,409.0501512583131,-405.0501512583131
2021-10-10 21:00:00,1434A,SHP,3.0,411.53366557804003,-408.53366557804003
2021-10-10 22:00:00,1434A,SHP,3.0,413.70516019258537,-410.70516019258537
2021-10-10 23:00:00,1434A,SHP,4.0,413.5585181317285,-409.5585181317285
2021-10-11 00:00:00,1434A,SHP,7.0,413.6614447692261,-406.6614447692261
2021-10-11 01:00:00,1434A,SHP,12.0,414.2384503312679,-402.2384503312679
2021-10-11 02:00:00,1434A,SHP,12.0,414.7766238271049,-402.7766238271049
2021-10-11 03:00:00,1434A,SHP,7.0,415.2429755482501,-408.2429755482501
2021-10-11 04:00:00,1434A,SHP,4.0,415.0955106526959,-411.0955106526959
2021-10-11 05:00:00,1434A,SHP,3.0,414.81728006727735,-411.81728006727735
2021-10-11 06:00:00,1434A,SHP,4.0,414.46183638927687,-410.46183638927687
2021-10-11 07:00:00,1434A,SHP,6.0,413.9757198804449,-407.9757198804449
2021-10-11 08:00:00,1434A,SHP,8.0,414.2236922235258,-406.2236922235258
2021-10-11 09:00:00,1434A,SHP,7.0,415.3947008693856,-408.3947008693856
2021-10-11 10:00:00,1434A,SHP,8.0,417.5764970668794,-409.5764970668794
2021-10-11 11:00:00,1434A,SHP,9.0,418.51761878896093,-409.51761878896093
2021-10-11 12:00:00,1434A,SHP,13.0,417.77945763180236,-404.77945763180236
2021-10-11 13:00:00,1434A,SHP,16.0,416.450937703537,-400.450937703537
2021-10-11 14:00:00,1434A,SHP,17.0,414.4011307727385,-397.4011307727385
2021-10-11 15:00:00,1434A,SHP,20.0,412.0808737972034,-392.0808737972034
2021-10-11 16:00:00,1434A,SHP,21.0,410.6173812418859,-389.6173812418859
2021-10-11 17:00:00,1434A,SHP,24.0,408.8610392252255,-384.8610392252255
2021-10-11 18:00:00,1434A,SHP,24.0,408.42479664902595,-384.42479664902595
2021-10-11 19:00:00,1434A,SHP,19.0,408.3591398706301,-389.3591398706301
2021-10-11 20:00:00,1434A,SHP,12.0,410.12452731964436,-398.12452731964436
2021-10-11 21:00:00,1434A,SHP,13.0,412.60804163937127,-399.60804163937127
2021-10-11 22:00:00,1434A,SHP,11.0,414.7795362539166,-403.7795362539166
2021-10-11 23:00:00,1434A,SHP,10.0,414.6328941930597,-404.6328941930597
2021-10-12 00:00:00,1434A,SHP,11.0,414.7358208305573,-403.7358208305573
2021-10-12 01:00:00,1434A,SHP,12.0,415.31282639259916,-403.31282639259916
2021-10-12 02:00:00,1434A,SHP,10.0,415.85099988843615,-405.85099988843615
2021-10-12 03:00:00,1434A,SHP,11.0,416.31735160958135,-405.31735160958135
2021-10-12 04:00:00,1434A,SHP,20.0,416.16988671402714,-396.16988671402714
2021-10-12 05:00:00,1434A,SHP,21.0,415.8916561286086,-394.8916561286086
2021-10-12 06:00:00,1434A,SHP,19.0,415.5362124506081,-396.5362124506081
2021-10-12 07:00:00,1434A,SHP,18.0,415.05009594177614,-397.05009594177614
2021-10-12 08:00:00,1434A,SHP,21.0,415.29806828485704,-394.29806828485704
2021-10-12 09:00:00,1434A,SHP,20.0,416.4690769307168,-396.4690769307168
2021-10-12 10:00:00,1434A,SHP,18.0,418.65087312821066,-400.65087312821066
2021-10-12 11:00:00,1434A,SHP,21.0,419.59199485029217,-398.59199485029217
2021-10-12 12:00:00,1434A,SHP,25.0,418.8538336931336,-393.8538336931336
2021-10-12 13:00:00,1434A,SHP,26.0,417.52531376486826,-391.52531376486826
2021-10-12 14:00:00,1434A,SHP,28.0,415.47550683406973,-387.47550683406973
2021-10-12 15:00:00,1434A,SHP,29.0,413.15524985853466,-384.15524985853466
2021-10-12 16:00:00,1434A,SHP,29.0,411.6917573032171,-382.6917573032171
2021-10-12 17:00:00,1434A,SHP,30.0,409.93541528655675,-379.93541528655675
2021-10-12 18:00:00,1434A,SHP,28.0,409.4991727103572,-381.4991727103572
2021-10-12 19:00:00,1434A,SHP,29.0,409.4335159319613,-380.4335159319613
2021-10-12 20:00:00,1434A,SHP,34.0,411.1989033809756,-377.1989033809756
2021-10-12 21:00:00,1434A,SHP,38.0,413.6824177007025,-375.6824177007025
2021-10-12 22:00:00,1434A,SHP,40.0,415.85391231524784,-375.85391231524784
2021-10-12 23:00:00,1434A,SHP,36.0,415.70727025439095,-379.70727025439095
2021-10-13 00:00:00,1434A,SHP,40.0,415.81019689188855,-375.81019689188855
2021-10-13 01:00:00,1434A,SHP,47.0,416.3872024539304,-369.3872024539304
2021-10-13 02:00:00,1434A,SHP,48.0,416.9253759497674,-368.9253759497674
2021-10-13 03:00:00,1434A,SHP,46.0,417.3917276709126,-371.3917276709126
2021-10-13 04:00:00,1434A,SHP,44.0,417.2442627753584,-373.2442627753584
2021-10-13 05:00:00,1434A,SHP,44.0,416.9660321899398,-372.9660321899398
2021-10-13 06:00:00,1434A,SHP,41.0,416.61058851193934,-375.61058851193934
2021-10-13 07:00:00,1434A,SHP,41.0,416.12447200310737,-375.12447200310737
2021-10-13 08:00:00,1434A,SHP,39.0,416.3724443461883,-377.3724443461883
2021-10-13 09:00:00,1434A,SHP,46.0,417.54345299204806,-371.54345299204806
2021-10-13 10:00:00,1434A,SHP,47.0,419.7252491895419,-372.7252491895419
2021-10-13 11:00:00,1434A,SHP,39.0,420.6663709116234,-381.6663709116234
2021-10-13 12:00:00,1434A,SHP,48.0,419.92820975446483,-371.92820975446483
2021-10-13 13:00:00,1434A,SHP,53.0,418.5996898261995,-365.5996898261995
2021-10-13 14:00:00,1434A,SHP,60.0,416.54988289540097,-356.54988289540097
2021-10-13 15:00:00,1434A,SHP,56.0,414.2296259198659,-358.2296259198659
2021-10-13 16:00:00,1434A,SHP,59.0,412.76613336454835,-353.76613336454835
2021-10-13 17:00:00,1434A,SHP,61.0,411.009791347888,-350.009791347888
2021-10-13 18:00:00,1434A,SHP,55.0,410.5735487716884,-355.5735487716884
2021-10-13 19:00:00,1434A,SHP,53.0,410.50789199329256,-357.50789199329256
2021-10-13 20:00:00,1434A,SHP,53.0,412.27327944230683,-359.27327944230683
2021-10-13 21:00:00,1434A,SHP,45.0,414.75679376203374,-369.75679376203374
2021-10-13 22:00:00,1434A,SHP,43.0,416.9282883765791,-373.9282883765791
2021-10-13 23:00:00,1434A,SHP,41.0,416.7816463157222,-375.7816463157222
2021-10-14 00:00:00,1434A,SHP,42.0,416.8845729532198,-374.8845729532198
2021-10-14 01:00:00,1434A,SHP,35.0,417.46157851526164,-382.46157851526164
2021-10-14 02:00:00,1434A,SHP,27.0,417.9997520110986,-390.9997520110986
2021-10-14 03:00:00,1434A,SHP,26.0,418.4661037322438,-392.4661037322438
2021-10-14 04:00:00,1434A,SHP,28.0,418.3186388366896,-390.3186388366896
2021-10-14 05:00:00,1434A,SHP,30.0,418.04040825127106,-388.04040825127106
2021-10-14 06:00:00,1434A,SHP,37.0,417.6849645732706,-380.6849645732706
2021-10-14 07:00:00,1434A,SHP,27.0,417.1988480644386,-390.1988480644386
2021-10-14 08:00:00,1434A,SHP,23.0,417.4468204075195,-394.4468204075195
2021-10-14 09:00:00,1434A,SHP,17.0,418.6178290533793,-401.6178290533793
2021-10-14 10:00:00,1434A,SHP,12.0,420.79962525087313,-408.79962525087313
2021-10-14 11:00:00,1434A,SHP,8.0,421.74074697295464,-413.74074697295464
2021-10-14 12:00:00,1434A,SHP,9.0,421.00258581579607,-412.00258581579607
2021-10-14 13:00:00,1434A,SHP,10.0,419.67406588753073,-409.67406588753073
2021-10-14 14:00:00,1434A,SHP,10.0,417.6242589567322,-407.6242589567322
2021-10-14 15:00:00,1434A,SHP,11.0,415.30400198119713,-404.30400198119713
2021-10-14 16:00:00,1434A,SHP,14.0,413.8405094258796,-399.8405094258796
2021-10-14 17:00:00,1434A,SHP,14.0,412.0841674092192,-398.0841674092192
2021-10-14 18:00:00,1434A,SHP,17.0,411.64792483301966,-394.64792483301966
2021-10-14 19:00:00,1434A,SHP,19.0,411.5822680546238,-392.5822680546238
2021-10-14 20:00:00,1434A,SHP,19.0,413.34765550363807,-394.34765550363807
2021-10-14 21:00:00,1434A,SHP,18.0,415.831169823365,-397.831169823365
2021-10-14 22:00:00,1434A,SHP,18.0,418.0026644379103,-400.0026644379103
2021-10-14 23:00:00,1434A,SHP,22.0,417.8560223770534,-395.8560223770534
2021-10-15 00:00:00,1434A,SHP,23.0,417.958949014551,-394.958949014551
2021-10-15 01:00:00,1434A,SHP,24.0,418.53595457659287,-394.53595457659287
2021-10-15 02:00:00,1434A,SHP,25.0,419.07412807242986,-394.07412807242986
2021-10-15 03:00:00,1434A,SHP,23.0,419.54047979357506,-396.54047979357506
2021-10-15 04:00:00,1434A,SHP,18.0,419.39301489802085,-401.39301489802085
2021-10-15 05:00:00,1434A,SHP,19.0,419.1147843126023,-400.1147843126023
2021-10-15 06:00:00,1434A,SHP,18.0,418.7593406346018,-400.7593406346018
2021-10-15 07:00:00,1434A,SHP,13.0,418.27322412576984,-405.27322412576984
2021-10-15 08:00:00,1434A,SHP,12.0,418.52119646885075,-406.52119646885075
2021-10-15 09:00:00,1434A,SHP,12.0,419.69220511471053,-407.69220511471053
2021-10-15 10:00:00,1434A,SHP,14.0,421.87400131220437,-407.87400131220437
2021-10-15 11:00:00,1434A,SHP,15.0,422.8151230342859,-407.8151230342859
2021-10-15 12:00:00,1434A,SHP,14.0,422.0769618771273,-408.0769618771273
2021-10-15 13:00:00,1434A,SHP,15.0,420.74844194886197,-405.74844194886197
2021-10-15 14:00:00,1434A,SHP,14.0,418.69863501806344,-404.69863501806344
2021-10-15 15:00:00,1434A,SHP,16.0,416.37837804252837,-400.37837804252837
2021-10-15 16:00:00,1434A,SHP,19.0,414.9148854872108,-395.9148854872108
2021-10-15 17:00:00,1434A,SHP,23.0,413.15854347055046,-390.15854347055046
2021-10-15 18:00:00,1434A,SHP,27.0,412.7223008943509,-385.7223008943509
2021-10-15 19:00:00,1434A,SHP,29.0,412.65664411595503,-383.65664411595503
2021-10-15 20:00:00,1434A,SHP,25.0,414.4220315649693,-389.4220315649693
2021-10-15 21:00:00,1434A,SHP,28.0,416.9055458846962,-388.9055458846962
2021-10-15 22:00:00,1434A,SHP,29.0,419.07704049924155,-390.07704049924155
2021-10-15 23:00:00,1434A,SHP,30.0,418.93039843838466,-388.93039843838466
2021-10-16 00:00:00,1434A,SHP,29.0,419.03332507588226,-390.03332507588226
2021-10-16 01:00:00,1434A,SHP,29.0,419.6103306379241,-390.6103306379241
2021-10-16 02:00:00,1434A,SHP,27.0,420.1485041337611,-393.1485041337611
2021-10-16 03:00:00,1434A,SHP,14.0,420.6148558549063,-406.6148558549063
2021-10-16 04:00:00,1434A,SHP,32.0,420.4673909593521,-388.4673909593521
2021-10-16 05:00:00,1434A,SHP,35.0,420.18916037393353,-385.18916037393353
2021-10-16 06:00:00,1434A,SHP,32.0,419.83371669593305,-387.83371669593305
2021-10-16 07:00:00,1434A,SHP,23.0,419.3476001871011,-396.3476001871011
2021-10-16 08:00:00,1434A,SHP,18.0,419.595572530182,-401.595572530182
2021-10-16 09:00:00,1434A,SHP,21.0,420.76658117604177,-399.76658117604177
2021-10-16 10:00:00,1434A,SHP,14.0,422.9483773735356,-408.9483773735356
2021-10-16 11:00:00,1434A,SHP,16.0,423.8894990956171,-407.8894990956171
2021-10-16 12:00:00,1434A,SHP,24.0,423.15133793845854,-399.15133793845854
2021-10-16 13:00:00,1434A,SHP,28.0,421.8228180101932,-393.8228180101932
2021-10-16 14:00:00,1434A,SHP,28.0,419.7730110793947,-391.7730110793947
2021-10-16 15:00:00,1434A,SHP,32.0,417.4527541038596,-385.4527541038596
2021-10-16 16:00:00,1434A,SHP,32.0,415.98926154854206,-383.98926154854206
2021-10-16 17:00:00,1434A,SHP,23.0,414.2329195318817,-391.2329195318817
2021-10-16 18:00:00,1434A,SHP,20.0,413.79667695568213,-393.79667695568213
2021-10-16 19:00:00,1434A,SHP,19.0,413.73102017728627,-394.73102017728627
2021-10-16 20:00:00,1434A,SHP,22.0,415.49640762630054,-393.49640762630054
2021-10-16 21:00:00,1434A,SHP,12.0,417.97992194602745,-405.97992194602745
2021-10-16 22:00:00,1434A,SHP,7.0,420.1514165605728,-413.1514165605728
2021-10-16 23:00:00,1434A,SHP,8.0,420.0047744997159,-412.0047744997159
2021-10-17 00:00:00,1434A,SHP,10.0,420.1077011372135,-410.1077011372135
2021-10-17 01:00:00,1434A,SHP,12.0,420.68470669925534,-408.68470669925534
2021-10-17 02:00:00,1434A,SHP,12.0,421.22288019509233,-409.22288019509233
2021-10-17 03:00:00,1434A,SHP,12.0,421.68923191623753,-409.68923191623753
2021-10-17 04:00:00,1434A,SHP,10.0,421.5417670206833,-411.5417670206833
2021-10-17 05:00:00,1434A,SHP,10.0,421.26353643526477,-411.26353643526477
2021-10-17 06:00:00,1434A,SHP,14.0,420.9080927572643,-406.9080927572643
2021-10-17 07:00:00,1434A,SHP,10.0,420.4219762484323,-410.4219762484323
2021-10-17 08:00:00,1434A,SHP,9.0,420.6699485915132,-411.6699485915132
2021-10-17 09:00:00,1434A,SHP,10.0,421.840957237373,-411.840957237373
2021-10-17 10:00:00,1434A,SHP,13.0,424.02275343486684,-411.02275343486684
2021-10-17 11:00:00,1434A,SHP,15.0,424.96387515694835,-409.96387515694835
2021-10-17 12:00:00,1434A,SHP,16.0,424.2257139997898,-408.2257139997898
2021-10-17 13:00:00,1434A,SHP,21.0,422.89719407152444,-401.89719407152444
2021-10-17 14:00:00,1434A,SHP,26.0,420.8473871407259,-394.8473871407259
2021-10-17 15:00:00,1434A,SHP,22.0,418.52713016519084,-396.52713016519084
2021-10-17 16:00:00,1434A,SHP,23.0,417.0636376098733,-394.0636376098733
2021-10-17 17:00:00,1434A,SHP,22.0,415.3072955932129,-393.3072955932129
2021-10-17 18:00:00,1434A,SHP,18.0,414.87105301701337,-396.87105301701337
2021-10-17 19:00:00,1434A,SHP,23.0,414.8053962386175,-391.8053962386175
2021-10-17 20:00:00,1434A,SHP,19.0,416.5707836876318,-397.5707836876318
2021-10-17 21:00:00,1434A,SHP,16.0,419.0542980073587,-403.0542980073587
2021-10-17 22:00:00,1434A,SHP,15.0,421.225792621904,-406.225792621904
2021-10-17 23:00:00,1434A,SHP,16.0,421.07915056104713,-405.07915056104713
2021-10-18 00:00:00,1434A,SHP,18.0,421.18207719854473,-403.18207719854473
2021-10-18 01:00:00,1434A,SHP,25.0,421.7590827605866,-396.7590827605866
2021-10-18 02:00:00,1434A,SHP,26.0,422.29725625642357,-396.29725625642357
2021-10-18 03:00:00,1434A,SHP,23.0,422.76360797756877,-399.76360797756877
2021-10-18 04:00:00,1434A,SHP,22.0,422.61614308201456,-400.61614308201456
2021-10-18 05:00:00,1434A,SHP,27.0,422.337912496596,-395.337912496596
2021-10-18 06:00:00,1434A,SHP,32.0,421.9824688185955,-389.9824688185955
2021-10-18 07:00:00,1434A,SHP,36.0,421.49635230976355,-385.49635230976355
2021-10-18 08:00:00,1434A,SHP,29.0,421.74432465284445,-392.74432465284445
2021-10-18 09:00:00,1434A,SHP,26.0,422.91533329870424,-396.91533329870424
2021-10-18 10:00:00,1434A,SHP,19.0,425.0971294961981,-406.0971294961981
2021-10-18 11:00:00,1434A,SHP,14.0,426.0382512182796,-412.0382512182796
2021-10-18 12:00:00,1434A,SHP,16.0,425.300090061121,-409.300090061121
2021-10-18 13:00:00,1434A,SHP,17.0,423.9715701328557,-406.9715701328557
2021-10-18 14:00:00,1434A,SHP,19.0,421.92176320205715,-402.92176320205715
2021-10-18 15:00:00,1434A,SHP,20.0,419.6015062265221,-399.6015062265221
2021-10-18 16:00:00,1434A,SHP,18.0,418.13801367120453,-400.13801367120453
2021-10-18 17:00:00,1434A,SHP,18.0,416.38167165454416,-398.38167165454416
2021-10-18 18:00:00,1434A,SHP,20.0,415.9454290783446,-395.9454290783446
2021-10-18 19:00:00,1434A,SHP,25.0,415.87977229994874,-390.87977229994874
2021-10-18 20:00:00,1434A,SHP,28.0,417.645159748963,-389.645159748963
2021-10-18 21:00:00,1434A,SHP,30.0,420.1286740686899,-390.1286740686899
2021-10-18 22:00:00,1434A,SHP,30.0,422.30016868323526,-392.30016868323526
2021-10-18 23:00:00,1434A,SHP,30.0,422.15352662237837,-392.15352662237837
2021-10-19 00:00:00,1434A,SHP,29.0,422.25645325987597,-393.25645325987597
2021-10-19 01:00:00,1434A,SHP,30.0,422.8334588219178,-392.8334588219178
2021-10-19 02:00:00,1434A,SHP,33.0,423.3716323177548,-390.3716323177548
2021-10-19 03:00:00,1434A,SHP,44.0,423.8379840389,-379.8379840389
2021-10-19 04:00:00,1434A,SHP,40.0,423.6905191433458,-383.6905191433458
2021-10-19 05:00:00,1434A,SHP,40.0,423.41228855792724,-383.41228855792724
2021-10-19 06:00:00,1434A,SHP,35.0,423.05684487992676,-388.05684487992676
2021-10-19 07:00:00,1434A,SHP,34.0,422.5707283710948,-388.5707283710948
2021-10-19 08:00:00,1434A,SHP,34.0,422.8187007141757,-388.8187007141757
2021-10-19 09:00:00,1434A,SHP,36.0,423.9897093600355,-387.9897093600355
2021-10-19 10:00:00,1434A,SHP,35.0,426.1715055575293,-391.1715055575293
2021-10-19 11:00:00,1434A,SHP,42.0,427.1126272796108,-385.1126272796108
2021-10-19 12:00:00,1434A,SHP,50.0,426.37446612245225,-376.37446612245225
2021-10-19 13:00:00,1434A,SHP,49.0,425.0459461941869,-376.0459461941869
2021-10-19 14:00:00,1434A,SHP,50.0,422.9961392633884,-372.9961392633884
2021-10-19 15:00:00,1434A,SHP,49.0,420.6758822878533,-371.6758822878533
2021-10-19 16:00:00,1434A,SHP,54.0,419.21238973253577,-365.21238973253577
2021-10-19 17:00:00,1434A,SHP,43.0,417.4560477158754,-374.4560477158754
2021-10-19 18:00:00,1434A,SHP,30.0,417.01980513967584,-387.01980513967584
2021-10-19 19:00:00,1434A,SHP,33.0,416.95414836128,-383.95414836128
2021-10-19 20:00:00,1434A,SHP,32.0,418.71953581029425,-386.71953581029425
2021-10-19 21:00:00,1434A,SHP,34.0,421.20305013002115,-387.20305013002115
2021-10-19 22:00:00,1434A,SHP,31.0,423.3745447445665,-392.3745447445665
2021-10-19 23:00:00,1434A,SHP,26.0,423.2279026837096,-397.2279026837096
2021-10-20 00:00:00,1434A,SHP,22.0,423.3308293212072,-401.3308293212072
2021-10-20 01:00:00,1434A,SHP,20.0,423.90783488324905,-403.90783488324905
2021-10-20 02:00:00,1434A,SHP,22.0,424.44600837908604,-402.44600837908604
2021-10-20 03:00:00,1434A,SHP,27.0,424.91236010023124,-397.91236010023124
2021-10-20 04:00:00,1434A,SHP,28.0,424.76489520467703,-396.76489520467703
2021-10-20 05:00:00,1434A,SHP,28.0,424.4866646192585,-396.4866646192585
2021-10-20 06:00:00,1434A,SHP,27.0,424.131220941258,-397.131220941258
2021-10-20 07:00:00,1434A,SHP,20.0,423.645104432426,-403.645104432426
2021-10-20 08:00:00,1434A,SHP,16.0,423.8930767755069,-407.8930767755069
2021-10-20 09:00:00,1434A,SHP,,425.0640854213667,
2021-10-20 10:00:00,1434A,SHP,7.0,427.24588161886055,-420.24588161886055
2021-10-20 11:00:00,1434A,SHP,5.0,428.18700334094206,-423.18700334094206
2021-10-20 12:00:00,1434A,SHP,5.0,427.4488421837835,-422.4488421837835
2021-10-20 13:00:00,1434A,SHP,5.0,426.12032225551815,-421.12032225551815
2021-10-20 14:00:00,1434A,SHP,7.0,424.0705153247196,-417.0705153247196
2021-10-20 15:00:00,1434A,SHP,7.0,421.75025834918455,-414.75025834918455
2021-10-20 16:00:00,1434A,SHP,4.0,420.286765793867,-416.286765793867
2021-10-20 17:00:00,1434A,SHP,4.0,418.53042377720664,-414.53042377720664
2021-10-20 18:00:00,1434A,SHP,4.0,418.0941812010071,-414.0941812010071
2021-10-20 19:00:00,1434A,SHP,6.0,418.0285244226112,-412.0285244226112
2021-10-20 20:00:00,1434A,SHP,8.0,419.7939118716255,-411.7939118716255
2021-10-20 21:00:00,1434A,SHP,10.0,422.2774261913524,-412.2774261913524
2021-10-20 22:00:00,1434A,SHP,12.0,424.4489208058977,-412.4489208058977
2021-10-20 23:00:00,1434A,SHP,13.0,424.30227874504084,-411.30227874504084
2021-10-21 00:00:00,1434A,SHP,16.0,424.40520538253844,-408.40520538253844
2021-10-21 01:00:00,1434A,SHP,16.0,424.9822109445803,-408.9822109445803
2021-10-21 02:00:00,1434A,SHP,10.0,425.5203844404173,-415.5203844404173
2021-10-21 03:00:00,1434A,SHP,7.0,425.9867361615625,-418.9867361615625
2021-10-21 04:00:00,1434A,SHP,6.0,425.83927126600827,-419.83927126600827
2021-10-21 05:00:00,1434A,SHP,10.0,425.5610406805897,-415.5610406805897
2021-10-21 06:00:00,1434A,SHP,19.0,425.20559700258923,-406.20559700258923
2021-10-21 07:00:00,1434A,SHP,14.0,424.71948049375726,-410.71948049375726
2021-10-21 08:00:00,1434A,SHP,11.0,424.96745283683816,-413.96745283683816
2021-10-21 09:00:00,1434A,SHP,12.0,426.13846148269795,-414.13846148269795
2021-10-21 10:00:00,1434A,SHP,14.0,428.3202576801918,-414.3202576801918
2021-10-21 11:00:00,1434A,SHP,17.0,429.2613794022733,-412.2613794022733
2021-10-21 12:00:00,1434A,SHP,21.0,428.5232182451147,-407.5232182451147
2021-10-21 13:00:00,1434A,SHP,24.0,427.1946983168494,-403.1946983168494
2021-10-21 14:00:00,1434A,SHP,24.0,425.14489138605086,-401.14489138605086
2021-10-21 15:00:00,1434A,SHP,28.0,422.8246344105158,-394.8246344105158
2021-10-21 16:00:00,1434A,SHP,34.0,421.36114185519824,-387.36114185519824
2021-10-21 17:00:00,1434A,SHP,29.0,419.6047998385379,-390.6047998385379
2021-10-21 18:00:00,1434A,SHP,16.0,419.1685572623383,-403.1685572623383
2021-10-21 19:00:00,1434A,SHP,18.0,419.10290048394245,-401.10290048394245
2021-10-21 20:00:00,1434A,SHP,18.0,420.8682879329567,-402.8682879329567
2021-10-21 21:00:00,1434A,SHP,17.0,423.3518022526836,-406.3518022526836
2021-10-21 22:00:00,1434A,SHP,18.0,425.52329686722896,-407.52329686722896
2021-10-21 23:00:00,1434A,SHP,17.0,425.3766548063721,-408.3766548063721
2021-10-22 00:00:00,1434A,SHP,18.0,425.4795814438697,-407.4795814438697
2021-10-22 01:00:00,1434A,SHP,18.0,426.0565870059115,-408.0565870059115
2021-10-22 02:00:00,1434A,SHP,19.0,426.5947605017485,-407.5947605017485
2021-10-22 03:00:00,1434A,SHP,17.0,427.0611122228937,-410.0611122228937
2021-10-22 04:00:00,1434A,SHP,16.0,426.9136473273395,-410.9136473273395
2021-10-22 05:00:00,1434A,SHP,10.0,426.63541674192095,-416.63541674192095
2021-10-22 06:00:00,1434A,SHP,12.0,426.27997306392047,-414.27997306392047
2021-10-22 07:00:00,1434A,SHP,14.0,425.7938565550885,-411.7938565550885
2021-10-22 08:00:00,1434A,SHP,13.0,426.0418288981694,-413.0418288981694
2021-10-22 09:00:00,1434A,SHP,14.0,427.2128375440292,-413.2128375440292
2021-10-22 10:00:00,1434A,SHP,20.0,429.394633741523,-409.394633741523
2021-10-22 11:00:00,1434A,SHP,24.0,430.3357554636045,-406.3357554636045
2021-10-22 12:00:00,1434A,SHP,26.0,429.59759430644596,-403.59759430644596
2021-10-22 13:00:00,1434A,SHP,20.0,428.2690743781806,-408.2690743781806
2021-10-22 14:00:00,1434A,SHP,14.0,426.2192674473821,-412.2192674473821
2021-10-22 15:00:00,1434A,SHP,10.0,423.899010471847,-413.899010471847
2021-10-22 16:00:00,1434A,SHP,18.0,422.4355179165295,-404.4355179165295
2021-10-22 17:00:00,1434A,SHP,17.0,420.6791758998691,-403.6791758998691
2021-10-22 18:00:00,1434A,SHP,15.0,420.24293332366955,-405.24293332366955
2021-10-22 19:00:00,1434A,SHP,16.0,420.1772765452737,-404.1772765452737
2021-10-22 20:00:00,1434A,SHP,17.0,421.94266399428795,-404.94266399428795
2021-10-22 21:00:00,1434A,SHP,20.0,424.42617831401486,-404.42617831401486
2021-10-22 22:00:00,1434A,SHP,23.0,426.5976729285602,-403.5976729285602
2021-10-22 23:00:00,1434A,SHP,25.0,426.4510308677033,-401.4510308677033
2021-10-23 00:00:00,1434A,SHP,25.0,426.5539575052009,-401.5539575052009
2021-10-23 01:00:00,1434A,SHP,26.0,427.13096306724276,-401.13096306724276
2021-10-23 02:00:00,1434A,SHP,26.0,427.66913656307975,-401.66913656307975
2021-10-23 03:00:00,1434A,SHP,25.0,428.13548828422495,-403.13548828422495
2021-10-23 04:00:00,1434A,SHP,28.0,427.98802338867074,-399.98802338867074
2021-10-23 05:00:00,1434A,SHP,30.0,427.7097928032522,-397.7097928032522
2021-10-23 06:00:00,1434A,SHP,32.0,427.3543491252517,-395.3543491252517
2021-10-23 07:00:00,1434A,SHP,33.0,426.86823261641973,-393.86823261641973
2021-10-23 08:00:00,1434A,SHP,33.0,427.11620495950064,-394.11620495950064
2021-10-23 09:00:00,1434A,SHP,34.0,428.2872136053604,-394.2872136053604
2021-10-23 10:00:00,1434A,SHP,33.0,430.46900980285426,-397.46900980285426
2021-10-23 11:00:00,1434A,SHP,34.0,431.41013152493576,-397.41013152493576
2021-10-23 12:00:00,1434A,SHP,34.0,430.6719703677772,-396.6719703677772
2021-10-23 13:00:00,1434A,SHP,37.0,429.34345043951186,-392.34345043951186
2021-10-23 14:00:00,1434A,SHP,37.0,427.29364350871333,-390.29364350871333
2021-10-23 15:00:00,1434A,SHP,34.0,424.97338653317826,-390.97338653317826
2021-10-23 16:00:00,1434A,SHP,34.0,423.5098939778607,-389.5098939778607
2021-10-23 17:00:00,1434A,SHP,31.0,421.75355196120034,-390.75355196120034
2021-10-23 18:00:00,1434A,SHP,33.0,421.3173093850008,-388.3173093850008
2021-10-23 19:00:00,1434A,SHP,32.0,421.2516526066049,-389.2516526066049
2021-10-23 20:00:00,1434A,SHP,37.0,423.0170400556192,-386.0170400556192
2021-10-23 21:00:00,1434A,SHP,35.0,425.5005543753461,-390.5005543753461
2021-10-23 22:00:00,1434A,SHP,42.0,427.67204898989144,-385.67204898989144
2021-10-23 23:00:00,1434A,SHP,37.0,427.52540692903455,-390.52540692903455
2021-10-24 00:00:00,1434A,SHP,40.0,427.62833356653215,-387.62833356653215
2021-10-24 01:00:00,1434A,SHP,41.0,428.205339128574,-387.205339128574
2021-10-24 02:00:00,1434A,SHP,42.0,428.743512624411,-386.743512624411
2021-10-24 03:00:00,1434A,SHP,41.0,429.2098643455562,-388.2098643455562
2021-10-24 04:00:00,1434A,SHP,40.0,429.062399450002,-389.062399450002
2021-10-24 05:00:00,1434A,SHP,40.0,428.7841688645834,-388.7841688645834
2021-10-24 06:00:00,1434A,SHP,40.0,428.42872518658294,-388.42872518658294
2021-10-24 07:00:00,1434A,SHP,41.0,427.94260867775097,-386.94260867775097
2021-10-24 08:00:00,1434A,SHP,42.0,428.19058102083187,-386.19058102083187
2021-10-24 09:00:00,1434A,SHP,46.0,429.36158966669166,-383.36158966669166
2021-10-24 10:00:00,1434A,SHP,51.0,431.5433858641855,-380.5433858641855
2021-10-24 11:00:00,1434A,SHP,56.0,432.484507586267,-376.484507586267
2021-10-24 12:00:00,1434A,SHP,54.0,431.7463464291084,-377.7463464291084
2021-10-24 13:00:00,1434A,SHP,51.0,430.4178265008431,-379.4178265008431
2021-10-24 14:00:00,1434A,SHP,39.0,428.36801957004457,-389.36801957004457
2021-10-24 15:00:00,1434A,SHP,37.0,426.0477625945095,-389.0477625945095
2021-10-24 16:00:00,1434A,SHP,36.0,424.58427003919195,-388.58427003919195
2021-10-24 17:00:00,1434A,SHP,38.0,422.8279280225316,-384.8279280225316
2021-10-24 18:00:00,1434A,SHP,39.0,422.391685446332,-383.391685446332
2021-10-24 19:00:00,1434A,SHP,39.0,422.32602866793616,-383.32602866793616
2021-10-24 20:00:00,1434A,SHP,39.0,424.0914161169504,-385.0914161169504
2021-10-24 21:00:00,1434A,SHP,42.0,426.57493043667733,-384.57493043667733
2021-10-24 22:00:00,1434A,SHP,47.0,428.7464250512227,-381.7464250512227
2021-10-24 23:00:00,1434A,SHP,63.0,428.5997829903658,-365.5997829903658
2021-10-25 00:00:00,1434A,SHP,68.0,428.7027096278634,-360.7027096278634
2021-10-25 01:00:00,1434A,SHP,66.0,429.27971518990523,-363.27971518990523
2021-10-25 02:00:00,1434A,SHP,65.0,429.8178886857422,-364.8178886857422
2021-10-25 03:00:00,1434A,SHP,56.0,430.2842404068874,-374.2842404068874
2021-10-25 04:00:00,1434A,SHP,59.0,430.1367755113332,-371.1367755113332
2021-10-25 05:00:00,1434A,SHP,63.0,429.85854492591466,-366.85854492591466
2021-10-25 06:00:00,1434A,SHP,65.0,429.5031012479142,-364.5031012479142
2021-10-25 07:00:00,1434A,SHP,63.0,429.0169847390822,-366.0169847390822
2021-10-25 08:00:00,1434A,SHP,62.0,429.2649570821631,-367.2649570821631
2021-10-25 09:00:00,1434A,SHP,63.0,430.4359657280229,-367.4359657280229
2021-10-25 10:00:00,1434A,SHP,65.0,432.61776192551673,-367.61776192551673
2021-10-25 11:00:00,1434A,SHP,70.0,433.55888364759824,-363.55888364759824
2021-10-25 12:00:00,1434A,SHP,69.0,432.82072249043966,-363.82072249043966
2021-10-25 13:00:00,1434A,SHP,71.0,431.4922025621743,-360.4922025621743
2021-10-25 14:00:00,1434A,SHP,79.0,429.4423956313758,-350.4423956313758
2021-10-25 15:00:00,1434A,SHP,69.0,427.12213865584073,-358.12213865584073
2021-10-25 16:00:00,1434A,SHP,56.0,425.6586461005232,-369.6586461005232
2021-10-25 17:00:00,1434A,SHP,57.0,423.9023040838628,-366.9023040838628
2021-10-25 18:00:00,1434A,SHP,57.0,423.46606150766326,-366.46606150766326
2021-10-25 19:00:00,1434A,SHP,50.0,423.4004047292674,-373.4004047292674
2021-10-25 20:00:00,1434A,SHP,54.0,425.16579217828166,-371.16579217828166
2021-10-25 21:00:00,1434A,SHP,61.0,427.64930649800857,-366.64930649800857
2021-10-25 22:00:00,1434A,SHP,50.0,429.8208011125539,-379.8208011125539
2021-10-25 23:00:00,1434A,SHP,53.0,429.674159051697,-376.674159051697
2021-10-26 00:00:00,1434A,SHP,56.0,429.7770856891946,-373.7770856891946
2021-10-26 01:00:00,1434A,SHP,,430.35409125123647,
2021-10-26 02:00:00,1434A,SHP,,430.89226474707345,
2021-10-26 03:00:00,1434A,SHP,45.0,431.35861646821866,-386.35861646821866
2021-10-26 04:00:00,1434A,SHP,46.0,431.21115157266445,-385.21115157266445
2021-10-26 05:00:00,1434A,SHP,49.0,430.9329209872459,-381.9329209872459
2021-10-26 06:00:00,1434A,SHP,,430.5774773092454,
2021-10-26 07:00:00,1434A,SHP,48.0,430.09136080041344,-382.09136080041344
2021-10-26 08:00:00,1434A,SHP,47.0,430.33933314349434,-383.33933314349434
2021-10-26 09:00:00,1434A,SHP,38.0,431.51034178935413,-393.51034178935413
2021-10-26 10:00:00,1434A,SHP,43.0,433.69213798684797,-390.69213798684797
2021-10-26 11:00:00,1434A,SHP,39.0,434.6332597089295,-395.6332597089295
2021-10-26 12:00:00,1434A,SHP,31.0,433.8950985517709,-402.8950985517709
2021-10-26 13:00:00,1434A,SHP,26.0,432.56657862350556,-406.56657862350556
2021-10-26 14:00:00,1434A,SHP,21.0,430.51677169270704,-409.51677169270704
2021-10-26 15:00:00,1434A,SHP,18.0,428.19651471717197,-410.19651471717197
2021-10-26 16:00:00,1434A,SHP,12.0,426.7330221618544,-414.7330221618544
2021-10-26 17:00:00,1434A,SHP,10.0,424.97668014519405,-414.97668014519405
2021-10-26 18:00:00,1434A,SHP,11.0,424.5404375689945,-413.5404375689945
2021-10-26 19:00:00,1434A,SHP,15.0,424.47478079059863,-409.47478079059863
2021-10-26 20:00:00,1434A,SHP,18.0,426.2401682396129,-408.2401682396129
2021-10-26 21:00:00,1434A,SHP,15.0,428.7236825593398,-413.7236825593398
2021-10-26 22:00:00,1434A,SHP,16.0,430.89517717388514,-414.89517717388514
2021-10-26 23:00:00,1434A,SHP,19.0,430.74853511302825,-411.74853511302825
2021-10-27 00:00:00,1434A,SHP,28.0,430.85146175052586,-402.85146175052586
2021-10-27 01:00:00,1434A,SHP,22.0,431.4284673125677,-409.4284673125677
2021-10-27 02:00:00,1434A,SHP,22.0,431.9666408084047,-409.9666408084047
2021-10-27 03:00:00,1434A,SHP,22.0,432.4329925295499,-410.4329925295499
2021-10-27 04:00:00,1434A,SHP,20.0,432.2855276339957,-412.2855276339957
2021-10-27 05:00:00,1434A,SHP,20.0,432.00729704857713,-412.00729704857713
2021-10-27 06:00:00,1434A,SHP,22.0,431.65185337057665,-409.65185337057665
2021-10-27 07:00:00,1434A,SHP,22.0,431.1657368617447,-409.1657368617447
2021-10-27 08:00:00,1434A,SHP,24.0,431.4137092048256,-407.4137092048256
2021-10-27 09:00:00,1434A,SHP,26.0,432.58471785068537,-406.58471785068537
2021-10-27 10:00:00,1434A,SHP,33.0,434.7665140481792,-401.7665140481792
2021-10-27 11:00:00,1434A,SHP,,435.7076357702607,
2021-10-27 12:00:00,1434A,SHP,27.0,434.96947461310214,-407.96947461310214
2021-10-27 13:00:00,1434A,SHP,17.0,433.6409546848368,-416.6409546848368
2021-10-27 14:00:00,1434A,SHP,12.0,431.5911477540383,-419.5911477540383
2021-10-27 15:00:00,1434A,SHP,11.0,429.2708907785032,-418.2708907785032
2021-10-27 16:00:00,1434A,SHP,9.0,427.80739822318566,-418.80739822318566
2021-10-27 17:00:00,1434A,SHP,9.0,426.0510562065253,-417.0510562065253
2021-10-27 18:00:00,1434A,SHP,9.0,425.6148136303257,-416.6148136303257
2021-10-27 19:00:00,1434A,SHP,13.0,425.54915685192987,-412.54915685192987
2021-10-27 20:00:00,1434A,SHP,22.0,427.31454430094414,-405.31454430094414
2021-10-27 21:00:00,1434A,SHP,27.0,429.79805862067104,-402.79805862067104
2021-10-27 22:00:00,1434A,SHP,30.0,431.9695532352164,-401.9695532352164
2021-10-27 23:00:00,1434A,SHP,36.0,431.8229111743595,-395.8229111743595
2021-10-28 00:00:00,1434A,SHP,26.0,431.9258378118571,-405.9258378118571
2021-10-28 01:00:00,1434A,SHP,28.0,432.50284337389894,-404.50284337389894
2021-10-28 02:00:00,1434A,SHP,28.0,433.0410168697359,-405.0410168697359
2021-10-28 03:00:00,1434A,SHP,28.0,433.50736859088113,-405.50736859088113
2021-10-28 04:00:00,1434A,SHP,22.0,433.3599036953269,-411.3599036953269
2021-10-28 05:00:00,1434A,SHP,22.0,433.08167310990837,-411.08167310990837
2021-10-28 06:00:00,1434A,SHP,26.0,432.7262294319079,-406.7262294319079
2021-10-28 07:00:00,1434A,SHP,32.0,432.2401129230759,-400.2401129230759
2021-10-28 08:00:00,1434A,SHP,36.0,432.4880852661568,-396.4880852661568
2021-10-28 09:00:00,1434A,SHP,37.0,433.6590939120166,-396.6590939120166
2021-10-28 10:00:00,1434A,SHP,40.0,435.84089010951044,-395.84089010951044
2021-10-28 11:00:00,1434A,SHP,38.0,436.78201183159194,-398.78201183159194
2021-10-28 12:00:00,1434A,SHP,32.0,436.0438506744334,-404.0438506744334
2021-10-28 13:00:00,1434A,SHP,33.0,434.71533074616804,-401.71533074616804
2021-10-28 14:00:00,1434A,SHP,36.0,432.6655238153695,-396.6655238153695
2021-10-28 15:00:00,1434A,SHP,35.0,430.34526683983444,-395.34526683983444
2021-10-28 16:00:00,1434A,SHP,35.0,428.8817742845169,-393.8817742845169
2021-10-28 17:00:00,1434A,SHP,30.0,427.1254322678565,-397.1254322678565
2021-10-28 18:00:00,1434A,SHP,23.0,426.68918969165696,-403.68918969165696
2021-10-28 19:00:00,1434A,SHP,20.0,426.6235329132611,-406.6235329132611
2021-10-28 20:00:00,1434A,SHP,16.0,428.38892036227537,-412.38892036227537
2021-10-28 21:00:00,1434A,SHP,20.0,430.8724346820023,-410.8724346820023
2021-10-28 22:00:00,1434A,SHP,27.0,433.0439292965476,-406.0439292965476
2021-10-28 23:00:00,1434A,SHP,29.0,432.8972872356907,-403.8972872356907
2021-10-29 00:00:00,1434A,SHP,31.0,433.00021387318833,-402.00021387318833
2021-10-29 01:00:00,1434A,SHP,32.0,433.5772194352302,-401.5772194352302
2021-10-29 02:00:00,1434A,SHP,31.0,434.11539293106716,-403.11539293106716
2021-10-29 03:00:00,1434A,SHP,32.0,434.58174465221236,-402.58174465221236
2021-10-29 04:00:00,1434A,SHP,34.0,434.43427975665816,-400.43427975665816
2021-10-29 05:00:00,1434A,SHP,42.0,434.1560491712396,-392.1560491712396
2021-10-29 06:00:00,1434A,SHP,43.0,433.8006054932391,-390.8006054932391
2021-10-29 07:00:00,1434A,SHP,57.0,433.31448898440715,-376.31448898440715
2021-10-29 08:00:00,1434A,SHP,74.0,433.56246132748805,-359.56246132748805
2021-10-29 09:00:00,1434A,SHP,53.0,434.73346997334784,-381.73346997334784
2021-10-29 10:00:00,1434A,SHP,40.0,436.9152661708417,-396.9152661708417
2021-10-29 11:00:00,1434A,SHP,40.0,437.8563878929232,-397.8563878929232
2021-10-29 12:00:00,1434A,SHP,38.0,437.1182267357646,-399.1182267357646
2021-10-29 13:00:00,1434A,SHP,41.0,435.7897068074993,-394.7897068074993
2021-10-29 14:00:00,1434A,SHP,42.0,433.73989987670075,-391.73989987670075
2021-10-29 15:00:00,1434A,SHP,38.0,431.4196429011657,-393.4196429011657
2021-10-29 16:00:00,1434A,SHP,34.0,429.95615034584813,-395.95615034584813
2021-10-29 17:00:00,1434A,SHP,31.0,428.19980832918776,-397.19980832918776
2021-10-29 18:00:00,1434A,SHP,29.0,427.7635657529882,-398.7635657529882
2021-10-29 19:00:00,1434A,SHP,36.0,427.69790897459234,-391.69790897459234
2021-10-29 20:00:00,1434A,SHP,39.0,429.4632964236066,-390.4632964236066
2021-10-29 21:00:00,1434A,SHP,38.0,431.9468107433335,-393.9468107433335
2021-10-29 22:00:00,1434A,SHP,39.0,434.11830535787885,-395.11830535787885
2021-10-29 23:00:00,1434A,SHP,39.0,433.97166329702196,-394.97166329702196
2021-10-30 00:00:00,1434A,SHP,,434.07458993451957,
2021-10-30 01:00:00,1434A,SHP,40.0,434.6515954965614,-394.6515954965614
2021-10-30 02:00:00,1434A,SHP,41.0,435.1897689923984,-394.1897689923984
2021-10-30 03:00:00,1434A,SHP,44.0,435.6561207135436,-391.6561207135436
2021-10-30 04:00:00,1434A,SHP,44.0,435.5086558179894,-391.5086558179894
2021-10-30 05:00:00,1434A,SHP,45.0,435.23042523257084,-390.23042523257084
2021-10-30 06:00:00,1434A,SHP,46.0,434.87498155457035,-388.87498155457035
2021-10-30 07:00:00,1434A,SHP,47.0,434.3888650457384,-387.3888650457384
2021-10-30 08:00:00,1434A,SHP,49.0,434.6368373888193,-385.6368373888193
2021-10-30 09:00:00,1434A,SHP,50.0,435.8078460346791,-385.8078460346791
2021-10-30 10:00:00,1434A,SHP,50.0,437.9896422321729,-387.9896422321729
2021-10-30 11:00:00,1434A,SHP,49.0,438.9307639542544,-389.9307639542544
2021-10-30 12:00:00,1434A,SHP,38.0,438.19260279709584,-400.19260279709584
2021-10-30 13:00:00,1434A,SHP,39.0,436.8640828688305,-397.8640828688305
2021-10-30 14:00:00,1434A,SHP,35.0,434.814275938032,-399.814275938032
2021-10-30 15:00:00,1434A,SHP,34.0,432.4940189624969,-398.4940189624969
2021-10-30 16:00:00,1434A,SHP,29.0,431.03052640717937,-402.03052640717937
2021-10-30 17:00:00,1434A,SHP,25.0,429.274184390519,-404.274184390519
2021-10-30 18:00:00,1434A,SHP,33.0,428.83794181431944,-395.83794181431944
2021-10-30 19:00:00,1434A,SHP,38.0,428.7722850359236,-390.7722850359236
2021-10-30 20:00:00,1434A,SHP,36.0,430.53767248493784,-394.53767248493784
2021-10-30 21:00:00,1434A,SHP,38.0,433.02118680466475,-395.02118680466475
2021-10-30 22:00:00,1434A,SHP,41.0,435.1926814192101,-394.1926814192101
2021-10-30 23:00:00,1434A,SHP,44.0,435.0460393583532,-391.0460393583532
2021-10-31 00:00:00,1434A,SHP,55.0,435.1489659958508,-380.1489659958508
2021-10-31 01:00:00,1434A,SHP,63.0,435.72597155789265,-372.72597155789265
2021-10-31 02:00:00,1434A,SHP,54.0,436.26414505372964,-382.26414505372964
2021-10-31 03:00:00,1434A,SHP,48.0,436.73049677487484,-388.73049677487484
2021-10-31 04:00:00,1434A,SHP,43.0,436.58303187932063,-393.58303187932063
2021-10-31 05:00:00,1434A,SHP,39.0,436.3048012939021,-397.3048012939021
2021-10-31 06:00:00,1434A,SHP,36.0,435.9493576159016,-399.9493576159016
2021-10-31 07:00:00,1434A,SHP,35.0,435.4632411070696,-400.4632411070696
2021-10-31 08:00:00,1434A,SHP,36.0,435.7112134501505,-399.7112134501505
2021-10-31 09:00:00,1434A,SHP,33.0,436.8822220960103,-403.8822220960103
2021-10-31 10:00:00,1434A,SHP,41.0,439.06401829350415,-398.06401829350415
2021-10-31 11:00:00,1434A,SHP,37.0,440.00514001558565,-403.00514001558565
2021-10-31 12:00:00,1434A,SHP,33.0,439.2669788584271,-406.2669788584271
2021-10-31 13:00:00,1434A,SHP,35.0,437.93845893016174,-402.93845893016174
2021-10-31 14:00:00,1434A,SHP,30.0,435.8886519993632,-405.8886519993632
2021-10-31 15:00:00,1434A,SHP,23.0,433.56839502382815,-410.56839502382815
2021-10-31 16:00:00,1434A,SHP,26.0,432.1049024685106,-406.1049024685106
2021-10-31 17:00:00,1434A,SHP,19.0,430.34856045185023,-411.34856045185023
2021-10-31 18:00:00,1434A,SHP,18.0,429.9123178756507,-411.9123178756507
2021-10-31 19:00:00,1434A,SHP,21.0,429.8466610972548,-408.8466610972548
2021-10-31 20:00:00,1434A,SHP,39.0,431.6120485462691,-392.6120485462691
2021-10-31 21:00:00,1434A,SHP,24.0,434.095562865996,-410.095562865996
2021-10-31 22:00:00,1434A,SHP,21.0,436.2670574805413,-415.2670574805413
2021-10-31 23:00:00,1434A,SHP,20.0,436.12041541968443,-416.12041541968443
2021-11-01 00:00:00,1434A,SHP,19.0,436.22334205718204,-417.22334205718204
2021-11-01 01:00:00,1434A,SHP,13.0,436.8003476192239,-423.8003476192239
2021-11-01 02:00:00,1434A,SHP,13.0,437.33852111506087,-424.33852111506087
2021-11-01 03:00:00,1434A,SHP,14.0,437.8048728362061,-423.8048728362061
2021-11-01 04:00:00,1434A,SHP,15.0,437.65740794065186,-422.65740794065186
2021-11-01 05:00:00,1434A,SHP,15.0,437.3791773552333,-422.3791773552333
2021-11-01 06:00:00,1434A,SHP,20.0,437.0237336772328,-417.0237336772328
2021-11-01 07:00:00,1434A,SHP,20.0,436.53761716840086,-416.53761716840086
2021-11-01 08:00:00,1434A,SHP,21.0,436.78558951148176,-415.78558951148176
2021-11-01 09:00:00,1434A,SHP,20.0,437.95659815734155,-417.95659815734155
2021-11-01 10:00:00,1434A,SHP,22.0,440.1383943548354,-418.1383943548354
2021-11-01 11:00:00,1434A,SHP,25.0,441.0795160769169,-416.0795160769169
2021-11-01 12:00:00,1434A,SHP,27.0,440.3413549197583,-413.3413549197583
2021-11-01 13:00:00,1434A,SHP,32.0,439.012834991493,-407.012834991493
2021-11-01 14:00:00,1434A,SHP,41.0,436.96302806069446,-395.96302806069446
2021-11-01 15:00:00,1434A,SHP,42.0,434.6427710851594,-392.6427710851594
2021-11-01 16:00:00,1434A,SHP,42.0,433.17927852984184,-391.17927852984184
2021-11-01 17:00:00,1434A,SHP,34.0,431.42293651318147,-397.42293651318147
2021-11-01 18:00:00,1434A,SHP,34.0,430.9866939369819,-396.9866939369819
2021-11-01 19:00:00,1434A,SHP,36.0,430.92103715858605,-394.92103715858605
2021-11-01 20:00:00,1434A,SHP,22.0,432.6864246076003,-410.6864246076003
2021-11-01 21:00:00,1434A,SHP,18.0,435.1699389273272,-417.1699389273272
2021-11-01 22:00:00,1434A,SHP,20.0,437.34143354187256,-417.34143354187256
2021-11-01 23:00:00,1434A,SHP,22.0,437.19479148101567,-415.19479148101567
2021-11-02 00:00:00,1434A,SHP,24.0,437.2977181185133,-413.2977181185133
2021-11-02 01:00:00,1434A,SHP,34.0,437.8747236805551,-403.8747236805551
2021-11-02 02:00:00,1434A,SHP,38.0,438.4128971763921,-400.4128971763921
2021-11-02 03:00:00,1434A,SHP,40.0,438.8792488975373,-398.8792488975373
2021-11-02 04:00:00,1434A,SHP,39.0,438.7317840019831,-399.7317840019831
2021-11-02 05:00:00,1434A,SHP,39.0,438.45355341656455,-399.45355341656455
2021-11-02 06:00:00,1434A,SHP,40.0,438.09810973856406,-398.09810973856406
2021-11-02 07:00:00,1434A,SHP,40.0,437.6119932297321,-397.6119932297321
2021-11-02 08:00:00,1434A,SHP,41.0,437.859965572813,-396.859965572813
2021-11-02 09:00:00,1434A,SHP,39.0,439.0309742186728,-400.0309742186728
2021-11-02 10:00:00,1434A,SHP,36.0,441.2127704161666,-405.2127704161666
2021-11-02 11:00:00,1434A,SHP,35.0,442.1538921382481,-407.1538921382481
2021-11-02 12:00:00,1434A,SHP,34.0,441.41573098108955,-407.41573098108955
2021-11-02 13:00:00,1434A,SHP,34.0,440.0872110528242,-406.0872110528242
2021-11-02 14:00:00,1434A,SHP,31.0,438.0374041220257,-407.0374041220257
2021-11-02 15:00:00,1434A,SHP,30.0,435.7171471464906,-405.7171471464906
2021-11-02 16:00:00,1434A,SHP,30.0,434.2536545911731,-404.2536545911731
2021-11-02 17:00:00,1434A,SHP,28.0,432.4973125745127,-404.4973125745127
2021-11-02 18:00:00,1434A,SHP,24.0,432.06106999831314,-408.06106999831314
2021-11-02 19:00:00,1434A,SHP,14.0,431.9954132199173,-417.9954132199173
2021-11-02 20:00:00,1434A,SHP,12.0,433.76080066893155,-421.76080066893155
2021-11-02 21:00:00,1434A,SHP,20.0,436.24431498865846,-416.24431498865846
2021-11-02 22:00:00,1434A,SHP,25.0,438.4158096032038,-413.4158096032038
2021-11-02 23:00:00,1434A,SHP,27.0,438.2691675423469,-411.2691675423469
2021-11-03 00:00:00,1434A,SHP,30.0,438.3720941798445,-408.3720941798445
2021-11-03 01:00:00,1434A,SHP,27.0,438.94909974188636,-411.94909974188636
2021-11-03 02:00:00,1434A,SHP,39.0,439.48727323772334,-400.48727323772334
2021-11-03 03:00:00,1434A,SHP,40.0,439.95362495886855,-399.95362495886855
2021-11-03 04:00:00,1434A,SHP,40.0,439.80616006331434,-399.80616006331434
2021-11-03 05:00:00,1434A,SHP,40.0,439.5279294778958,-399.5279294778958
2021-11-03 06:00:00,1434A,SHP,37.0,439.1724857998953,-402.1724857998953
2021-11-03 07:00:00,1434A,SHP,34.0,438.68636929106333,-404.68636929106333
2021-11-03 08:00:00,1434A,SHP,33.0,438.93434163414423,-405.93434163414423
2021-11-03 09:00:00,1434A,SHP,32.0,440.105350280004,-408.105350280004
2021-11-03 10:00:00,1434A,SHP,36.0,442.28714647749786,-406.28714647749786
2021-11-03 11:00:00,1434A,SHP,47.0,443.22826819957936,-396.22826819957936
2021-11-03 12:00:00,1434A,SHP,55.0,442.4901070424208,-387.4901070424208
2021-11-03 13:00:00,1434A,SHP,54.0,441.16158711415545,-387.16158711415545
2021-11-03 14:00:00,1434A,SHP,44.0,439.1117801833569,-395.1117801833569
2021-11-03 15:00:00,1434A,SHP,41.0,436.79152320782185,-395.79152320782185
2021-11-03 16:00:00,1434A,SHP,40.0,435.3280306525043,-395.3280306525043
2021-11-03 17:00:00,1434A,SHP,43.0,433.57168863584394,-390.57168863584394
2021-11-03 18:00:00,1434A,SHP,45.0,433.1354460596444,-388.1354460596444
2021-11-03 19:00:00,1434A,SHP,34.0,433.0697892812485,-399.0697892812485
2021-11-03 20:00:00,1434A,SHP,35.0,434.8351767302628,-399.8351767302628
2021-11-03 21:00:00,1434A,SHP,37.0,437.3186910499897,-400.3186910499897
2021-11-03 22:00:00,1434A,SHP,35.0,439.49018566453503,-404.49018566453503
2021-11-03 23:00:00,1434A,SHP,34.0,439.34354360367814,-405.34354360367814
2021-11-04 00:00:00,1434A,SHP,34.0,439.44647024117575,-405.44647024117575
2021-11-04 01:00:00,1434A,SHP,32.0,440.0234758032176,-408.0234758032176
2021-11-04 02:00:00,1434A,SHP,32.0,440.5616492990546,-408.5616492990546
2021-11-04 03:00:00,1434A,SHP,33.0,441.0280010201998,-408.0280010201998
2021-11-04 04:00:00,1434A,SHP,36.0,440.8805361246456,-404.8805361246456
2021-11-04 05:00:00,1434A,SHP,34.0,440.602305539227,-406.602305539227
2021-11-04 06:00:00,1434A,SHP,34.0,440.24686186122653,-406.24686186122653
2021-11-04 07:00:00,1434A,SHP,36.0,439.76074535239457,-403.76074535239457
2021-11-04 08:00:00,1434A,SHP,34.0,440.00871769547547,-406.00871769547547
2021-11-04 09:00:00,1434A,SHP,36.0,441.17972634133525,-405.17972634133525
2021-11-04 10:00:00,1434A,SHP,40.0,443.3615225388291,-403.3615225388291
2021-11-04 11:00:00,1434A,SHP,42.0,444.3026442609106,-402.3026442609106
2021-11-04 12:00:00,1434A,SHP,39.0,443.564483103752,-404.564483103752
2021-11-04 13:00:00,1434A,SHP,28.0,442.2359631754867,-414.2359631754867
2021-11-04 14:00:00,1434A,SHP,44.0,440.18615624468816,-396.18615624468816
2021-11-04 15:00:00,1434A,SHP,51.0,437.8658992691531,-386.8658992691531
2021-11-04 16:00:00,1434A,SHP,49.0,436.40240671383555,-387.40240671383555
2021-11-04 17:00:00,1434A,SHP,36.0,434.6460646971752,-398.6460646971752
2021-11-04 18:00:00,1434A,SHP,31.0,434.2098221209756,-403.2098221209756
2021-11-04 19:00:00,1434A,SHP,33.0,434.14416534257975,-401.14416534257975
2021-11-04 20:00:00,1434A,SHP,41.0,435.909552791594,-394.909552791594
2021-11-04 21:00:00,1434A,SHP,41.0,438.39306711132093,-397.39306711132093
2021-11-04 22:00:00,1434A,SHP,41.0,440.56456172586627,-399.56456172586627
2021-11-04 23:00:00,1434A,SHP,40.0,440.4179196650094,-400.4179196650094
2021-11-05 00:00:00,1434A,SHP,38.0,440.520846302507,-402.520846302507
2021-11-05 01:00:00,1434A,SHP,39.0,441.09785186454883,-402.09785186454883
2021-11-05 02:00:00,1434A,SHP,41.0,441.6360253603858,-400.6360253603858
2021-11-05 03:00:00,1434A,SHP,43.0,442.102377081531,-399.102377081531
2021-11-05 04:00:00,1434A,SHP,44.0,441.9549121859768,-397.9549121859768
2021-11-05 05:00:00,1434A,SHP,42.0,441.67668160055825,-399.67668160055825
2021-11-05 06:00:00,1434A,SHP,44.0,441.32123792255777,-397.32123792255777
2021-11-05 07:00:00,1434A,SHP,43.0,440.8351214137258,-397.8351214137258
2021-11-05 08:00:00,1434A,SHP,40.0,441.0830937568067,-401.0830937568067
2021-11-05 09:00:00,1434A,SHP,43.0,442.2541024026665,-399.2541024026665
2021-11-05 10:00:00,1434A,SHP,52.0,444.43589860016033,-392.43589860016033
2021-11-05 11:00:00,1434A,SHP,61.0,445.37702032224183,-384.37702032224183
2021-11-05 12:00:00,1434A,SHP,63.0,444.63885916508326,-381.63885916508326
2021-11-05 13:00:00,1434A,SHP,60.0,443.3103392368179,-383.3103392368179
2021-11-05 14:00:00,1434A,SHP,64.0,441.2605323060194,-377.2605323060194
2021-11-05 15:00:00,1434A,SHP,60.0,438.9402753304843,-378.9402753304843
2021-11-05 16:00:00,1434A,SHP,50.0,437.4767827751668,-387.4767827751668
2021-11-05 17:00:00,1434A,SHP,42.0,435.7204407585064,-393.7204407585064
2021-11-05 18:00:00,1434A,SHP,40.0,435.28419818230685,-395.28419818230685
2021-11-05 19:00:00,1434A,SHP,41.0,435.218541403911,-394.218541403911
2021-11-05 20:00:00,1434A,SHP,44.0,436.98392885292526,-392.98392885292526
2021-11-05 21:00:00,1434A,SHP,48.0,439.46744317265217,-391.46744317265217
2021-11-05 22:00:00,1434A,SHP,52.0,441.6389377871975,-389.6389377871975
2021-11-05 23:00:00,1434A,SHP,53.0,441.4922957263406,-388.4922957263406
2021-11-06 00:00:00,1434A,SHP,57.0,441.5952223638382,-384.5952223638382
2021-11-06 01:00:00,1434A,SHP,68.0,442.17222792588007,-374.17222792588007
2021-11-06 02:00:00,1434A,SHP,66.0,442.71040142171705,-376.71040142171705
2021-11-06 03:00:00,1434A,SHP,64.0,443.17675314286225,-379.17675314286225
2021-11-06 04:00:00,1434A,SHP,65.0,443.02928824730805,-378.02928824730805
2021-11-06 05:00:00,1434A,SHP,66.0,442.7510576618895,-376.7510576618895
2021-11-06 06:00:00,1434A,SHP,69.0,442.395613983889,-373.395613983889
2021-11-06 07:00:00,1434A,SHP,64.0,441.90949747505704,-377.90949747505704
2021-11-06 08:00:00,1434A,SHP,67.0,442.15746981813794,-375.15746981813794
2021-11-06 09:00:00,1434A,SHP,69.0,443.3284784639977,-374.3284784639977
2021-11-06 10:00:00,1434A,SHP,59.0,445.51027466149156,-386.51027466149156
2021-11-06 11:00:00,1434A,SHP,41.0,446.45139638357307,-405.45139638357307
2021-11-06 12:00:00,1434A,SHP,50.0,445.7132352264145,-395.7132352264145
2021-11-06 13:00:00,1434A,SHP,38.0,444.38471529814916,-406.38471529814916
2021-11-06 14:00:00,1434A,SHP,30.0,442.33490836735064,-412.33490836735064
2021-11-06 15:00:00,1434A,SHP,30.0,440.01465139181556,-410.01465139181556
2021-11-06 16:00:00,1434A,SHP,30.0,438.551158836498,-408.551158836498
2021-11-06 17:00:00,1434A,SHP,31.0,436.79481681983765,-405.79481681983765
2021-11-06 18:00:00,1434A,SHP,31.0,436.3585742436381,-405.3585742436381
2021-11-06 19:00:00,1434A,SHP,24.0,436.2929174652422,-412.2929174652422
2021-11-06 20:00:00,1434A,SHP,6.0,438.0583049142565,-432.0583049142565
2021-11-06 21:00:00,1434A,SHP,5.0,440.5418192339834,-435.5418192339834
2021-11-06 22:00:00,1434A,SHP,4.0,442.71331384852874,-438.71331384852874
2021-11-06 23:00:00,1434A,SHP,5.0,442.56667178767185,-437.56667178767185
2021-11-07 00:00:00,1434A,SHP,8.0,442.66959842516945,-434.66959842516945
2021-11-07 01:00:00,1434A,SHP,12.0,443.2466039872113,-431.2466039872113
2021-11-07 02:00:00,1434A,SHP,14.0,443.7847774830483,-429.7847774830483
2021-11-07 03:00:00,1434A,SHP,14.0,444.2511292041935,-430.2511292041935
2021-11-07 04:00:00,1434A,SHP,13.0,444.1036643086393,-431.1036643086393
2021-11-07 05:00:00,1434A,SHP,12.0,443.8254337232207,-431.8254337232207
2021-11-07 06:00:00,1434A,SHP,13.0,443.46999004522024,-430.46999004522024
2021-11-07 07:00:00,1434A,SHP,12.0,442.9838735363883,-430.9838735363883
2021-11-07 08:00:00,1434A,SHP,13.0,443.2318458794692,-430.2318458794692
2021-11-07 09:00:00,1434A,SHP,14.0,444.40285452532896,-430.40285452532896
2021-11-07 10:00:00,1434A,SHP,15.0,446.5846507228228,-431.5846507228228
2021-11-07 11:00:00,1434A,SHP,16.0,447.5257724449043,-431.5257724449043
2021-11-07 12:00:00,1434A,SHP,16.0,446.78761128774573,-430.78761128774573
2021-11-07 13:00:00,1434A,SHP,20.0,445.4590913594804,-425.4590913594804
2021-11-07 14:00:00,1434A,SHP,22.0,443.4092844286819,-421.4092844286819
2021-11-07 15:00:00,1434A,SHP,22.0,441.0890274531468,-419.0890274531468
2021-11-07 16:00:00,1434A,SHP,25.0,439.62553489782925,-414.62553489782925
2021-11-07 17:00:00,1434A,SHP,28.0,437.8691928811689,-409.8691928811689
2021-11-07 18:00:00,1434A,SHP,34.0,437.4329503049693,-403.4329503049693
2021-11-07 19:00:00,1434A,SHP,34.0,437.36729352657346,-403.36729352657346
2021-11-07 20:00:00,1434A,SHP,35.0,439.13268097558773,-404.13268097558773
2021-11-07 21:00:00,1434A,SHP,35.0,441.61619529531464,-406.61619529531464
2021-11-07 22:00:00,1434A,SHP,34.0,443.78768990986,-409.78768990986
2021-11-07 23:00:00,1434A,SHP,35.0,443.6410478490031,-408.6410478490031
2021-11-08 00:00:00,1434A,SHP,35.0,443.7439744865007,-408.7439744865007
2021-11-08 01:00:00,1434A,SHP,35.0,444.32098004854254,-409.32098004854254
2021-11-08 02:00:00,1434A,SHP,33.0,444.8591535443795,-411.8591535443795
2021-11-08 03:00:00,1434A,SHP,29.0,445.3255052655247,-416.3255052655247
2021-11-08 04:00:00,1434A,SHP,28.0,445.1780403699705,-417.1780403699705
2021-11-08 05:00:00,1434A,SHP,25.0,444.89980978455196,-419.89980978455196
2021-11-08 06:00:00,1434A,SHP,24.0,444.5443661065515,-420.5443661065515
2021-11-08 07:00:00,1434A,SHP,23.0,444.0582495977195,-421.0582495977195
2021-11-08 08:00:00,1434A,SHP,23.0,444.3062219408004,-421.3062219408004
2021-11-08 09:00:00,1434A,SHP,23.0,445.4772305866602,-422.4772305866602
2021-11-08 10:00:00,1434A,SHP,26.0,447.65902678415404,-421.65902678415404
2021-11-08 11:00:00,1434A,SHP,29.0,448.60014850623554,-419.60014850623554
2021-11-08 12:00:00,1434A,SHP,30.0,447.86198734907697,-417.86198734907697
2021-11-08 13:00:00,1434A,SHP,30.0,446.53346742081163,-416.53346742081163
2021-11-08 14:00:00,1434A,SHP,26.0,444.4836604900131,-418.4836604900131
2021-11-08 15:00:00,1434A,SHP,24.0,442.16340351447803,-418.16340351447803
2021-11-08 16:00:00,1434A,SHP,26.0,440.6999109591605,-414.6999109591605
2021-11-08 17:00:00,1434A,SHP,30.0,438.9435689425001,-408.9435689425001
2021-11-08 18:00:00,1434A,SHP,29.0,438.50732636630056,-409.50732636630056
2021-11-08 19:00:00,1434A,SHP,24.0,438.4416695879047,-414.4416695879047
2021-11-08 20:00:00,1434A,SHP,22.0,440.20705703691897,-418.20705703691897
2021-11-08 21:00:00,1434A,SHP,22.0,442.6905713566459,-420.6905713566459
2021-11-08 22:00:00,1434A,SHP,25.0,444.8620659711912,-419.8620659711912
2021-11-08 23:00:00,1434A,SHP,25.0,444.7154239103343,-419.7154239103343
2021-11-09 00:00:00,1434A,SHP,25.0,444.8183505478319,-419.8183505478319
2021-11-09 01:00:00,1434A,SHP,25.0,445.3953561098738,-420.3953561098738
2021-11-09 02:00:00,1434A,SHP,25.0,445.93352960571076,-420.93352960571076
2021-11-09 03:00:00,1434A,SHP,26.0,446.39988132685596,-420.39988132685596
2021-11-09 04:00:00,1434A,SHP,26.0,446.25241643130175,-420.25241643130175
2021-11-09 05:00:00,1434A,SHP,27.0,445.9741858458832,-418.9741858458832
2021-11-09 06:00:00,1434A,SHP,26.0,445.6187421678827,-419.6187421678827
2021-11-09 07:00:00,1434A,SHP,28.0,445.13262565905075,-417.13262565905075
2021-11-09 08:00:00,1434A,SHP,29.0,445.38059800213165,-416.38059800213165
2021-11-09 09:00:00,1434A,SHP,32.0,446.55160664799143,-414.55160664799143
2021-11-09 10:00:00,1434A,SHP,37.0,448.7334028454853,-411.7334028454853
2021-11-09 11:00:00,1434A,SHP,31.0,449.6745245675668,-418.6745245675668
2021-11-09 12:00:00,1434A,SHP,34.0,448.9363634104082,-414.9363634104082
2021-11-09 13:00:00,1434A,SHP,39.0,447.60784348214287,-408.60784348214287
2021-11-09 14:00:00,1434A,SHP,44.0,445.55803655134434,-401.55803655134434
2021-11-09 15:00:00,1434A,SHP,43.0,443.23777957580927,-400.23777957580927
2021-11-09 16:00:00,1434A,SHP,40.0,441.7742870204917,-401.7742870204917
2021-11-09 17:00:00,1434A,SHP,36.0,440.01794500383136,-404.01794500383136
2021-11-09 18:00:00,1434A,SHP,38.0,439.5817024276318,-401.5817024276318
2021-11-09 19:00:00,1434A,SHP,39.0,439.51604564923593,-400.51604564923593
2021-11-09 20:00:00,1434A,SHP,35.0,441.2814330982502,-406.2814330982502
2021-11-09 21:00:00,1434A,SHP,32.0,443.7649474179771,-411.7649474179771
2021-11-09 22:00:00,1434A,SHP,30.0,445.93644203252245,-415.93644203252245
2021-11-09 23:00:00,1434A,SHP,31.0,445.78979997166556,-414.78979997166556
2021-11-10 00:00:00,1434A,SHP,34.0,445.89272660916316,-411.89272660916316
2021-11-10 01:00:00,1434A,SHP,36.0,446.469732171205,-410.469732171205
2021-11-10 02:00:00,1434A,SHP,37.0,447.007905667042,-410.007905667042
2021-11-10 03:00:00,1434A,SHP,37.0,447.4742573881872,-410.4742573881872
2021-11-10 04:00:00,1434A,SHP,35.0,447.326792492633,-412.326792492633
2021-11-10 05:00:00,1434A,SHP,32.0,447.04856190721443,-415.04856190721443
2021-11-10 06:00:00,1434A,SHP,35.0,446.69311822921395,-411.69311822921395
2021-11-10 07:00:00,1434A,SHP,36.0,446.207001720382,-410.207001720382
2021-11-10 08:00:00,1434A,SHP,38.0,446.4549740634629,-408.4549740634629
2021-11-10 09:00:00,1434A,SHP,45.0,447.62598270932267,-402.62598270932267
2021-11-10 10:00:00,1434A,SHP,,449.8077789068165,
2021-11-10 11:00:00,1434A,SHP,,450.748900628898,
2021-11-10 12:00:00,1434A,SHP,,450.01073947173944,
2021-11-10 13:00:00,1434A,SHP,,448.6822195434741,
2021-11-10 14:00:00,1434A,SHP,,446.6324126126756,
2021-11-10 15:00:00,1434A,SHP,,444.3121556371405,
2021-11-10 16:00:00,1434A,SHP,,442.84866308182296,
2021-11-10 17:00:00,1434A,SHP,,441.0923210651626,
2021-11-10 18:00:00,1434A,SHP,,440.65607848896303,
2021-11-10 19:00:00,1434A,SHP,,440.59042171056717,
2021-11-10 20:00:00,1434A,SHP,,442.35580915958144,
2021-11-10 21:00:00,1434A,SHP,,444.83932347930835,
2021-11-10 22:00:00,1434A,SHP,,447.0108180938537,
2021-11-10 23:00:00,1434A,SHP,,446.8641760329968,
2021-11-11 00:00:00,1434A,SHP,,446.9671026704944,
2021-11-11 01:00:00,1434A,SHP,,447.54410823253625,
2021-11-11 02:00:00,1434A,SHP,,448.08228172837323,
2021-11-11 03:00:00,1434A,SHP,,448.54863344951843,
2021-11-11 04:00:00,1434A,SHP,,448.4011685539642,
2021-11-11 05:00:00,1434A,SHP,,448.12293796854567,
2021-11-11 06:00:00,1434A,SHP,,447.7674942905452,
2021-11-11 07:00:00,1434A,SHP,,447.2813777817132,
2021-11-11 08:00:00,1434A,SHP,,447.5293501247941,
2021-11-11 09:00:00,1434A,SHP,,448.7003587706539,
2021-11-11 10:00:00,1434A,SHP,,450.88215496814774,
2021-11-11 11:00:00,1434A,SHP,,451.82327669022925,
2021-11-11 12:00:00,1434A,SHP,,451.0851155330707,
2021-11-11 13:00:00,1434A,SHP,,449.75659560480534,
2021-11-11 14:00:00,1434A,SHP,,447.7067886740068,
2021-11-11 15:00:00,1434A,SHP,,445.38653169847174,
2021-11-11 16:00:00,1434A,SHP,72.0,443.9230391431542,-371.9230391431542
2021-11-11 17:00:00,1434A,SHP,72.0,442.16669712649383,-370.16669712649383
2021-11-11 18:00:00,1434A,SHP,65.0,441.73045455029427,-376.73045455029427
2021-11-11 19:00:00,1434A,SHP,62.0,441.6647977718984,-379.6647977718984
2021-11-11 20:00:00,1434A,SHP,62.0,443.4301852209127,-381.4301852209127
2021-11-11 21:00:00,1434A,SHP,57.0,445.9136995406396,-388.9136995406396
2021-11-11 22:00:00,1434A,SHP,56.0,448.0851941551849,-392.0851941551849
2021-11-11 23:00:00,1434A,SHP,54.0,447.93855209432803,-393.93855209432803
2021-11-12 00:00:00,1434A,SHP,53.0,448.04147873182563,-395.04147873182563
2021-11-12 01:00:00,1434A,SHP,49.0,448.6184842938675,-399.6184842938675
2021-11-12 02:00:00,1434A,SHP,48.0,449.15665778970447,-401.15665778970447
2021-11-12 03:00:00,1434A,SHP,48.0,449.62300951084967,-401.62300951084967
2021-11-12 04:00:00,1434A,SHP,15.0,449.47554461529546,-434.47554461529546
2021-11-12 05:00:00,1434A,SHP,17.0,449.1973140298769,-432.1973140298769
2021-11-12 06:00:00,1434A,SHP,20.0,448.8418703518764,-428.8418703518764
2021-11-12 07:00:00,1434A,SHP,22.0,448.35575384304445,-426.35575384304445
2021-11-12 08:00:00,1434A,SHP,25.0,448.60372618612536,-423.60372618612536
2021-11-12 09:00:00,1434A,SHP,29.0,449.77473483198514,-420.77473483198514
2021-11-12 10:00:00,1434A,SHP,33.0,451.956531029479,-418.956531029479
2021-11-12 11:00:00,1434A,SHP,33.0,452.8976527515605,-419.8976527515605
2021-11-12 12:00:00,1434A,SHP,35.0,452.1594915944019,-417.1594915944019
2021-11-12 13:00:00,1434A,SHP,34.0,450.8309716661366,-416.8309716661366
2021-11-12 14:00:00,1434A,SHP,37.0,448.78116473533805,-411.78116473533805
2021-11-12 15:00:00,1434A,SHP,36.0,446.460907759803,-410.460907759803
2021-11-12 16:00:00,1434A,SHP,24.0,444.99741520448543,-420.99741520448543
2021-11-12 17:00:00,1434A,SHP,24.0,443.24107318782507,-419.24107318782507
2021-11-12 18:00:00,1434A,SHP,22.0,442.8048306116255,-420.8048306116255
2021-11-12 19:00:00,1434A,SHP,29.0,442.73917383322964,-413.73917383322964
2021-11-12 20:00:00,1434A,SHP,36.0,444.5045612822439,-408.5045612822439
2021-11-12 21:00:00,1434A,SHP,45.0,446.9880756019708,-401.9880756019708
2021-11-12 22:00:00,1434A,SHP,49.0,449.15957021651616,-400.15957021651616
2021-11-12 23:00:00,1434A,SHP,56.0,449.01292815565927,-393.01292815565927
2021-11-13 00:00:00,1434A,SHP,62.0,449.11585479315687,-387.11585479315687
2021-11-13 01:00:00,1434A,SHP,68.0,449.6928603551987,-381.6928603551987
2021-11-13 02:00:00,1434A,SHP,74.0,450.2310338510357,-376.2310338510357
2021-11-13 03:00:00,1434A,SHP,79.0,450.6973855721809,-371.6973855721809
2021-11-13 04:00:00,1434A,SHP,88.0,450.5499206766267,-362.5499206766267
2021-11-13 05:00:00,1434A,SHP,92.0,450.27169009120814,-358.27169009120814
2021-11-13 06:00:00,1434A,SHP,98.0,449.91624641320766,-351.91624641320766
2021-11-13 07:00:00,1434A,SHP,100.0,449.4301299043757,-349.4301299043757
2021-11-13 08:00:00,1434A,SHP,101.0,449.6781022474566,-348.6781022474566
2021-11-13 09:00:00,1434A,SHP,99.0,450.8491108933164,-351.8491108933164
2021-11-13 10:00:00,1434A,SHP,99.0,453.0309070908102,-354.0309070908102
2021-11-13 11:00:00,1434A,SHP,99.0,453.9720288128917,-354.9720288128917
2021-11-13 12:00:00,1434A,SHP,106.0,453.23386765573315,-347.23386765573315
2021-11-13 13:00:00,1434A,SHP,109.0,451.9053477274678,-342.9053477274678
2021-11-13 14:00:00,1434A,SHP,106.0,449.8555407966693,-343.8555407966693
2021-11-13 15:00:00,1434A,SHP,110.0,447.5352838211342,-337.5352838211342
2021-11-13 16:00:00,1434A,SHP,107.0,446.07179126581667,-339.07179126581667
2021-11-13 17:00:00,1434A,SHP,92.0,444.3154492491563,-352.3154492491563
2021-11-13 18:00:00,1434A,SHP,89.0,443.87920667295674,-354.87920667295674
2021-11-13 19:00:00,1434A,SHP,98.0,443.8135498945609,-345.8135498945609
2021-11-13 20:00:00,1434A,SHP,110.0,445.57893734357515,-335.57893734357515
2021-11-13 21:00:00,1434A,SHP,111.0,448.06245166330206,-337.06245166330206
2021-11-13 22:00:00,1434A,SHP,111.0,450.2339462778474,-339.2339462778474
2021-11-13 23:00:00,1434A,SHP,118.0,450.0873042169905,-332.0873042169905
2021-11-14 00:00:00,1434A,SHP,121.0,450.1902308544881,-329.1902308544881
2021-11-14 01:00:00,1434A,SHP,135.0,450.76723641652995,-315.76723641652995
2021-11-14 02:00:00,1434A,SHP,141.0,451.30540991236694,-310.30540991236694
2021-11-14 03:00:00,1434A,SHP,144.0,451.77176163351214,-307.77176163351214
2021-11-14 04:00:00,1434A,SHP,148.0,451.62429673795793,-303.62429673795793
2021-11-14 05:00:00,1434A,SHP,156.0,451.3460661525394,-295.3460661525394
2021-11-14 06:00:00,1434A,SHP,156.0,450.9906224745389,-294.9906224745389
2021-11-14 07:00:00,1434A,SHP,151.0,450.5045059657069,-299.5045059657069
2021-11-14 08:00:00,1434A,SHP,149.0,450.75247830878783,-301.75247830878783
2021-11-14 09:00:00,1434A,SHP,143.0,451.9234869546476,-308.9234869546476
2021-11-14 10:00:00,1434A,SHP,119.0,454.10528315214145,-335.10528315214145
2021-11-14 11:00:00,1434A,SHP,143.0,455.04640487422296,-312.04640487422296
2021-11-14 12:00:00,1434A,SHP,150.0,454.3082437170644,-304.3082437170644
2021-11-14 13:00:00,1434A,SHP,151.0,452.97972378879905,-301.97972378879905
2021-11-14 14:00:00,1434A,SHP,123.0,450.9299168580005,-327.9299168580005
2021-11-14 15:00:00,1434A,SHP,104.0,448.60965988246545,-344.60965988246545
2021-11-14 16:00:00,1434A,SHP,115.0,447.1461673271479,-332.1461673271479
2021-11-14 17:00:00,1434A,SHP,115.0,445.38982531048754,-330.38982531048754
2021-11-14 18:00:00,1434A,SHP,95.0,444.953582734288,-349.953582734288
2021-11-14 19:00:00,1434A,SHP,98.0,444.8879259558921,-346.8879259558921
2021-11-14 20:00:00,1434A,SHP,159.0,446.6533134049064,-287.6533134049064
2021-11-14 21:00:00,1434A,SHP,148.0,449.1368277246333,-301.1368277246333
2021-11-14 22:00:00,1434A,SHP,140.0,451.30832233917863,-311.30832233917863
2021-11-14 23:00:00,1434A,SHP,125.0,451.16168027832174,-326.16168027832174
2021-11-15 00:00:00,1434A,SHP,119.0,451.26460691581934,-332.26460691581934
2021-11-15 01:00:00,1434A,SHP,110.0,451.8416124778612,-341.8416124778612
2021-11-15 02:00:00,1434A,SHP,113.0,452.3797859736982,-339.3797859736982
2021-11-15 03:00:00,1434A,SHP,116.0,452.8461376948434,-336.8461376948434
2021-11-15 04:00:00,1434A,SHP,114.0,452.69867279928917,-338.69867279928917
2021-11-15 05:00:00,1434A,SHP,116.0,452.4204422138706,-336.4204422138706
2021-11-15 06:00:00,1434A,SHP,122.0,452.06499853587013,-330.06499853587013
2021-11-15 07:00:00,1434A,SHP,116.0,451.57888202703816,-335.57888202703816
2021-11-15 08:00:00,1434A,SHP,114.0,451.82685437011907,-337.82685437011907
2021-11-15 09:00:00,1434A,SHP,114.0,452.99786301597885,-338.99786301597885
2021-11-15 10:00:00,1434A,SHP,115.0,455.1796592134727,-340.1796592134727
2021-11-15 11:00:00,1434A,SHP,117.0,456.1207809355542,-339.1207809355542
2021-11-15 12:00:00,1434A,SHP,125.0,455.3826197783956,-330.3826197783956
2021-11-15 13:00:00,1434A,SHP,152.0,454.0540998501303,-302.0540998501303
2021-11-15 14:00:00,1434A,SHP,165.0,452.00429291933176,-287.00429291933176
2021-11-15 15:00:00,1434A,SHP,159.0,449.6840359437967,-290.6840359437967
2021-11-15 16:00:00,1434A,SHP,154.0,448.22054338847914,-294.22054338847914
2021-11-15 17:00:00,1434A,SHP,158.0,446.4642013718188,-288.4642013718188
2021-11-15 18:00:00,1434A,SHP,157.0,446.0279587956192,-289.0279587956192
2021-11-15 19:00:00,1434A,SHP,162.0,445.96230201722335,-283.96230201722335
2021-11-15 20:00:00,1434A,SHP,166.0,447.7276894662376,-281.7276894662376
2021-11-15 21:00:00,1434A,SHP,173.0,450.2112037859645,-277.2112037859645
2021-11-15 22:00:00,1434A,SHP,173.0,452.38269840050987,-279.38269840050987
2021-11-15 23:00:00,1434A,SHP,170.0,452.236056339653,-282.236056339653
2021-11-16 00:00:00,1434A,SHP,168.0,452.3389829771506,-284.3389829771506
2021-11-16 01:00:00,1434A,SHP,170.0,452.9159885391924,-282.9159885391924
2021-11-16 02:00:00,1434A,SHP,185.0,453.4541620350294,-268.4541620350294
2021-11-16 03:00:00,1434A,SHP,182.0,453.9205137561746,-271.9205137561746
2021-11-16 04:00:00,1434A,SHP,188.0,453.7730488606204,-265.7730488606204
2021-11-16 05:00:00,1434A,SHP,180.0,453.49481827520185,-273.49481827520185
2021-11-16 06:00:00,1434A,SHP,167.0,453.13937459720137,-286.13937459720137
2021-11-16 07:00:00,1434A,SHP,170.0,452.6532580883694,-282.6532580883694
2021-11-16 08:00:00,1434A,SHP,176.0,452.9012304314503,-276.9012304314503
2021-11-16 09:00:00,1434A,SHP,176.0,454.0722390773101,-278.0722390773101
2021-11-16 10:00:00,1434A,SHP,185.0,456.2540352748039,-271.2540352748039
2021-11-16 11:00:00,1434A,SHP,198.0,457.19515699688543,-259.19515699688543
2021-11-16 12:00:00,1434A,SHP,199.0,456.45699583972686,-257.45699583972686
2021-11-16 13:00:00,1434A,SHP,175.0,455.1284759114615,-280.1284759114615
2021-11-16 14:00:00,1434A,SHP,161.0,453.078668980663,-292.078668980663
2021-11-16 15:00:00,1434A,SHP,133.0,450.7584120051279,-317.7584120051279
2021-11-16 16:00:00,1434A,SHP,60.0,449.2949194498104,-389.2949194498104
2021-11-16 17:00:00,1434A,SHP,80.0,447.53857743315,-367.53857743315
2021-11-16 18:00:00,1434A,SHP,100.0,447.10233485695045,-347.10233485695045
2021-11-16 19:00:00,1434A,SHP,103.0,447.0366780785546,-344.0366780785546
2021-11-16 20:00:00,1434A,SHP,102.0,448.80206552756886,-346.80206552756886
2021-11-16 21:00:00,1434A,SHP,78.0,451.28557984729576,-373.28557984729576
2021-11-16 22:00:00,1434A,SHP,66.0,453.4570744618411,-387.4570744618411
2021-11-16 23:00:00,1434A,SHP,59.0,453.3104324009842,-394.3104324009842
2021-11-17 00:00:00,1434A,SHP,31.0,453.4133590384818,-422.4133590384818
2021-11-17 01:00:00,1434A,SHP,29.0,453.99036460052366,-424.99036460052366
2021-11-17 02:00:00,1434A,SHP,34.0,454.52853809636065,-420.52853809636065
2021-11-17 03:00:00,1434A,SHP,30.0,454.99488981750585,-424.99488981750585
2021-11-17 04:00:00,1434A,SHP,27.0,454.84742492195164,-427.84742492195164
2021-11-17 05:00:00,1434A,SHP,26.0,454.5691943365331,-428.5691943365331
2021-11-17 06:00:00,1434A,SHP,24.0,454.2137506585326,-430.2137506585326
2021-11-17 07:00:00,1434A,SHP,26.0,453.72763414970063,-427.72763414970063
2021-11-17 08:00:00,1434A,SHP,27.0,453.97560649278154,-426.97560649278154
2021-11-17 09:00:00,1434A,SHP,31.0,455.1466151386413,-424.1466151386413
2021-11-17 10:00:00,1434A,SHP,38.0,457.32841133613516,-419.32841133613516
2021-11-17 11:00:00,1434A,SHP,45.0,458.26953305821667,-413.26953305821667
2021-11-17 12:00:00,1434A,SHP,,457.5313719010581,
2021-11-17 13:00:00,1434A,SHP,67.0,456.20285197279276,-389.20285197279276
2021-11-17 14:00:00,1434A,SHP,45.0,454.15304504199423,-409.15304504199423
2021-11-17 15:00:00,1434A,SHP,60.0,451.83278806645916,-391.83278806645916
2021-11-17 16:00:00,1434A,SHP,55.0,450.3692955111416,-395.3692955111416
2021-11-17 17:00:00,1434A,SHP,51.0,448.61295349448125,-397.61295349448125
2021-11-17 18:00:00,1434A,SHP,52.0,448.1767109182817,-396.1767109182817
2021-11-17 19:00:00,1434A,SHP,36.0,448.1110541398858,-412.1110541398858
2021-11-17 20:00:00,1434A,SHP,37.0,449.8764415889001,-412.8764415889001
2021-11-17 21:00:00,1434A,SHP,38.0,452.359955908627,-414.359955908627
2021-11-17 22:00:00,1434A,SHP,35.0,454.53145052317234,-419.53145052317234
2021-11-17 23:00:00,1434A,SHP,35.0,454.38480846231545,-419.38480846231545
2021-11-18 00:00:00,1434A,SHP,36.0,454.48773509981305,-418.48773509981305
2021-11-18 01:00:00,1434A,SHP,36.0,455.0647406618549,-419.0647406618549
2021-11-18 02:00:00,1434A,SHP,36.0,455.6029141576919,-419.6029141576919
2021-11-18 03:00:00,1434A,SHP,36.0,456.0692658788371,-420.0692658788371
2021-11-18 04:00:00,1434A,SHP,34.0,455.9218009832829,-421.9218009832829
2021-11-18 05:00:00,1434A,SHP,34.0,455.6435703978643,-421.6435703978643
2021-11-18 06:00:00,1434A,SHP,33.0,455.28812671986384,-422.28812671986384
2021-11-18 07:00:00,1434A,SHP,34.0,454.80201021103187,-420.80201021103187
2021-11-18 08:00:00,1434A,SHP,33.0,455.0499825541128,-422.0499825541128
2021-11-18 09:00:00,1434A,SHP,23.0,456.22099119997256,-433.22099119997256
2021-11-18 10:00:00,1434A,SHP,29.0,458.4027873974664,-429.4027873974664
2021-11-18 11:00:00,1434A,SHP,31.0,459.3439091195479,-428.3439091195479
2021-11-18 12:00:00,1434A,SHP,27.0,458.60574796238933,-431.60574796238933
2021-11-18 13:00:00,1434A,SHP,29.0,457.277228034124,-428.277228034124
2021-11-18 14:00:00,1434A,SHP,31.0,455.22742110332547,-424.22742110332547
2021-11-18 15:00:00,1434A,SHP,36.0,452.9071641277904,-416.9071641277904
2021-11-18 16:00:00,1434A,SHP,32.0,451.44367157247285,-419.44367157247285
2021-11-18 17:00:00,1434A,SHP,35.0,449.6873295558125,-414.6873295558125
2021-11-18 18:00:00,1434A,SHP,38.0,449.2510869796129,-411.2510869796129
2021-11-18 19:00:00,1434A,SHP,43.0,449.18543020121706,-406.18543020121706
2021-11-18 20:00:00,1434A,SHP,47.0,450.95081765023133,-403.95081765023133
2021-11-18 21:00:00,1434A,SHP,55.0,453.43433196995824,-398.43433196995824
2021-11-18 22:00:00,1434A,SHP,59.0,455.6058265845036,-396.6058265845036
2021-11-18 23:00:00,1434A,SHP,58.0,455.4591845236467,-397.4591845236467
2021-11-19 00:00:00,1434A,SHP,55.0,455.5621111611443,-400.5621111611443
2021-11-19 01:00:00,1434A,SHP,48.0,456.13911672318613,-408.13911672318613
2021-11-19 02:00:00,1434A,SHP,49.0,456.6772902190231,-407.6772902190231
2021-11-19 03:00:00,1434A,SHP,52.0,457.1436419401683,-405.1436419401683
2021-11-19 04:00:00,1434A,SHP,54.0,456.9961770446141,-402.9961770446141
2021-11-19 05:00:00,1434A,SHP,56.0,456.71794645919556,-400.71794645919556
2021-11-19 06:00:00,1434A,SHP,54.0,456.3625027811951,-402.3625027811951
2021-11-19 07:00:00,1434A,SHP,53.0,455.8763862723631,-402.8763862723631
2021-11-19 08:00:00,1434A,SHP,62.0,456.124358615444,-394.124358615444
2021-11-19 09:00:00,1434A,SHP,67.0,457.2953672613038,-390.2953672613038
2021-11-19 10:00:00,1434A,SHP,67.0,459.47716345879763,-392.47716345879763
2021-11-19 11:00:00,1434A,SHP,64.0,460.41828518087914,-396.41828518087914
2021-11-19 12:00:00,1434A,SHP,70.0,459.68012402372057,-389.68012402372057
2021-11-19 13:00:00,1434A,SHP,71.0,458.35160409545523,-387.35160409545523
2021-11-19 14:00:00,1434A,SHP,68.0,456.3017971646567,-388.3017971646567
2021-11-19 15:00:00,1434A,SHP,67.0,453.98154018912163,-386.98154018912163
2021-11-19 16:00:00,1434A,SHP,60.0,452.5180476338041,-392.5180476338041
2021-11-19 17:00:00,1434A,SHP,60.0,450.7617056171437,-390.7617056171437
2021-11-19 18:00:00,1434A,SHP,64.0,450.32546304094416,-386.32546304094416
2021-11-19 19:00:00,1434A,SHP,67.0,450.2598062625483,-383.2598062625483
2021-11-19 20:00:00,1434A,SHP,66.0,452.02519371156257,-386.02519371156257
2021-11-19 21:00:00,1434A,SHP,62.0,454.5087080312895,-392.5087080312895
2021-11-19 22:00:00,1434A,SHP,64.0,456.6802026458348,-392.6802026458348
2021-11-19 23:00:00,1434A,SHP,66.0,456.5335605849779,-390.5335605849779
2021-11-20 00:00:00,1434A,SHP,64.0,456.6364872224755,-392.6364872224755
2021-11-20 01:00:00,1434A,SHP,64.0,457.21349278451737,-393.21349278451737
2021-11-20 02:00:00,1434A,SHP,65.0,457.75166628035436,-392.75166628035436
2021-11-20 03:00:00,1434A,SHP,70.0,458.21801800149956,-388.21801800149956
2021-11-20 04:00:00,1434A,SHP,71.0,458.07055310594535,-387.07055310594535
2021-11-20 05:00:00,1434A,SHP,73.0,457.7923225205268,-384.7923225205268
2021-11-20 06:00:00,1434A,SHP,72.0,457.4368788425263,-385.4368788425263
2021-11-20 07:00:00,1434A,SHP,72.0,456.95076233369434,-384.95076233369434
2021-11-20 08:00:00,1434A,SHP,73.0,457.19873467677525,-384.19873467677525
2021-11-20 09:00:00,1434A,SHP,74.0,458.36974332263503,-384.36974332263503
2021-11-20 10:00:00,1434A,SHP,70.0,460.55153952012887,-390.55153952012887
2021-11-20 11:00:00,1434A,SHP,75.0,461.4926612422104,-386.4926612422104
2021-11-20 12:00:00,1434A,SHP,81.0,460.7545000850518,-379.7545000850518
2021-11-20 13:00:00,1434A,SHP,90.0,459.42598015678647,-369.42598015678647
2021-11-20 14:00:00,1434A,SHP,92.0,457.37617322598794,-365.37617322598794
2021-11-20 15:00:00,1434A,SHP,88.0,455.05591625045287,-367.05591625045287
2021-11-20 16:00:00,1434A,SHP,87.0,453.5924236951353,-366.5924236951353
2021-11-20 17:00:00,1434A,SHP,88.0,451.83608167847495,-363.83608167847495
2021-11-20 18:00:00,1434A,SHP,89.0,451.3998391022754,-362.3998391022754
2021-11-20 19:00:00,1434A,SHP,93.0,451.33418232387953,-358.33418232387953
2021-11-20 20:00:00,1434A,SHP,99.0,453.0995697728938,-354.0995697728938
2021-11-20 21:00:00,1434A,SHP,92.0,455.5830840926207,-363.5830840926207
2021-11-20 22:00:00,1434A,SHP,70.0,457.75457870716605,-387.75457870716605
2021-11-20 23:00:00,1434A,SHP,58.0,457.60793664630916,-399.60793664630916
2021-11-21 00:00:00,1434A,SHP,52.0,457.71086328380676,-405.71086328380676
2021-11-21 01:00:00,1434A,SHP,96.0,458.2878688458486,-362.2878688458486
2021-11-21 02:00:00,1434A,SHP,72.0,458.8260423416856,-386.8260423416856
2021-11-21 03:00:00,1434A,SHP,57.0,459.2923940628308,-402.2923940628308
2021-11-21 04:00:00,1434A,SHP,32.0,459.1449291672766,-427.1449291672766
2021-11-21 05:00:00,1434A,SHP,31.0,458.86669858185803,-427.86669858185803
2021-11-21 06:00:00,1434A,SHP,32.0,458.51125490385755,-426.51125490385755
2021-11-21 07:00:00,1434A,SHP,31.0,458.0251383950256,-427.0251383950256
2021-11-21 08:00:00,1434A,SHP,29.0,458.2731107381065,-429.2731107381065
2021-11-21 09:00:00,1434A,SHP,28.0,459.44411938396627,-431.44411938396627
2021-11-21 10:00:00,1434A,SHP,28.0,461.6259155814601,-433.6259155814601
2021-11-21 11:00:00,1434A,SHP,30.0,462.5670373035416,-432.5670373035416
2021-11-21 12:00:00,1434A,SHP,32.0,461.82887614638304,-429.82887614638304
2021-11-21 13:00:00,1434A,SHP,32.0,460.5003562181177,-428.5003562181177
2021-11-21 14:00:00,1434A,SHP,27.0,458.4505492873192,-431.4505492873192
2021-11-21 15:00:00,1434A,SHP,24.0,456.1302923117841,-432.1302923117841
2021-11-21 16:00:00,1434A,SHP,20.0,454.66679975646656,-434.66679975646656
2021-11-21 17:00:00,1434A,SHP,26.0,452.9104577398062,-426.9104577398062
2021-11-21 18:00:00,1434A,SHP,22.0,452.47421516360663,-430.47421516360663
2021-11-21 19:00:00,1434A,SHP,26.0,452.40855838521077,-426.40855838521077
2021-11-21 20:00:00,1434A,SHP,27.0,454.17394583422504,-427.17394583422504
2021-11-21 21:00:00,1434A,SHP,34.0,456.65746015395194,-422.65746015395194
2021-11-21 22:00:00,1434A,SHP,38.0,458.8289547684973,-420.8289547684973
2021-11-21 23:00:00,1434A,SHP,39.0,458.6823127076404,-419.6823127076404
2021-11-22 00:00:00,1434A,SHP,35.0,458.785239345138,-423.785239345138
2021-11-22 01:00:00,1434A,SHP,33.0,459.36224490717984,-426.36224490717984
2021-11-22 02:00:00,1434A,SHP,26.0,459.90041840301683,-433.90041840301683
2021-11-22 03:00:00,1434A,SHP,21.0,460.36677012416203,-439.36677012416203
2021-11-22 04:00:00,1434A,SHP,21.0,460.2193052286078,-439.2193052286078
2021-11-22 05:00:00,1434A,SHP,22.0,459.94107464318927,-437.94107464318927
2021-11-22 06:00:00,1434A,SHP,19.0,459.5856309651888,-440.5856309651888
2021-11-22 07:00:00,1434A,SHP,23.0,459.0995144563568,-436.0995144563568
2021-11-22 08:00:00,1434A,SHP,21.0,459.3474867994377,-438.3474867994377
2021-11-22 09:00:00,1434A,SHP,20.0,460.5184954452975,-440.5184954452975
2021-11-22 10:00:00,1434A,SHP,20.0,462.70029164279134,-442.70029164279134
2021-11-22 11:00:00,1434A,SHP,24.0,463.64141336487285,-439.64141336487285
2021-11-22 12:00:00,1434A,SHP,27.0,462.9032522077143,-435.9032522077143
2021-11-22 13:00:00,1434A,SHP,23.0,461.57473227944894,-438.57473227944894
2021-11-22 14:00:00,1434A,SHP,18.0,459.5249253486504,-441.5249253486504
2021-11-22 15:00:00,1434A,SHP,16.0,457.20466837311534,-441.20466837311534
2021-11-22 16:00:00,1434A,SHP,16.0,455.7411758177978,-439.7411758177978
2021-11-22 17:00:00,1434A,SHP,16.0,453.9848338011374,-437.9848338011374
2021-11-22 18:00:00,1434A,SHP,17.0,453.54859122493787,-436.54859122493787
2021-11-22 19:00:00,1434A,SHP,18.0,453.482934446542,-435.482934446542
2021-11-22 20:00:00,1434A,SHP,19.0,455.2483218955563,-436.2483218955563
2021-11-22 21:00:00,1434A,SHP,22.0,457.7318362152832,-435.7318362152832
2021-11-22 22:00:00,1434A,SHP,30.0,459.9033308298285,-429.9033308298285
2021-11-22 23:00:00,1434A,SHP,29.0,459.7566887689716,-430.7566887689716
2021-11-23 00:00:00,1434A,SHP,22.0,459.85961540646923,-437.85961540646923
2021-11-23 01:00:00,1434A,SHP,22.0,460.4366209685111,-438.4366209685111
2021-11-23 02:00:00,1434A,SHP,24.0,460.97479446434807,-436.97479446434807
2021-11-23 03:00:00,1434A,SHP,27.0,461.44114618549327,-434.44114618549327
2021-11-23 04:00:00,1434A,SHP,31.0,461.29368128993906,-430.29368128993906
2021-11-23 05:00:00,1434A,SHP,32.0,461.0154507045205,-429.0154507045205
2021-11-23 06:00:00,1434A,SHP,32.0,460.66000702652,-428.66000702652
2021-11-23 07:00:00,1434A,SHP,35.0,460.17389051768805,-425.17389051768805
2021-11-23 08:00:00,1434A,SHP,40.0,460.42186286076895,-420.42186286076895
2021-11-23 09:00:00,1434A,SHP,46.0,461.59287150662874,-415.59287150662874
2021-11-23 10:00:00,1434A,SHP,50.0,463.7746677041226,-413.7746677041226
2021-11-23 11:00:00,1434A,SHP,40.0,464.7157894262041,-424.7157894262041
2021-11-23 12:00:00,1434A,SHP,25.0,463.9776282690455,-438.9776282690455
2021-11-23 13:00:00,1434A,SHP,21.0,462.6491083407802,-441.6491083407802
2021-11-23 14:00:00,1434A,SHP,22.0,460.59930140998165,-438.59930140998165
2021-11-23 15:00:00,1434A,SHP,20.0,458.2790444344466,-438.2790444344466
2021-11-23 16:00:00,1434A,SHP,19.0,456.81555187912903,-437.81555187912903
2021-11-23 17:00:00,1434A,SHP,19.0,455.05920986246866,-436.05920986246866
2021-11-23 18:00:00,1434A,SHP,20.0,454.6229672862691,-434.6229672862691
2021-11-23 19:00:00,1434A,SHP,23.0,454.55731050787324,-431.55731050787324
2021-11-23 20:00:00,1434A,SHP,28.0,456.3226979568875,-428.3226979568875
2021-11-23 21:00:00,1434A,SHP,29.0,458.8062122766144,-429.8062122766144
2021-11-23 22:00:00,1434A,SHP,27.0,460.97770689115976,-433.97770689115976
2021-11-23 23:00:00,1434A,SHP,27.0,460.83106483030286,-433.83106483030286
2021-11-24 00:00:00,1434A,SHP,27.0,460.93399146780047,-433.93399146780047
2021-11-24 01:00:00,1434A,SHP,35.0,461.5109970298423,-426.5109970298423
2021-11-24 02:00:00,1434A,SHP,28.0,462.0491705256793,-434.0491705256793
2021-11-24 03:00:00,1434A,SHP,24.0,462.5155222468245,-438.5155222468245
2021-11-24 04:00:00,1434A,SHP,25.0,462.3680573512703,-437.3680573512703
2021-11-24 05:00:00,1434A,SHP,28.0,462.08982676585174,-434.08982676585174
2021-11-24 06:00:00,1434A,SHP,31.0,461.73438308785126,-430.73438308785126
2021-11-24 07:00:00,1434A,SHP,34.0,461.2482665790193,-427.2482665790193
2021-11-24 08:00:00,1434A,SHP,34.0,461.4962389221002,-427.4962389221002
2021-11-24 09:00:00,1434A,SHP,38.0,462.66724756796,-424.66724756796
2021-11-24 10:00:00,1434A,SHP,40.0,464.8490437654538,-424.8490437654538
2021-11-24 11:00:00,1434A,SHP,36.0,465.7901654875353,-429.7901654875353
2021-11-24 12:00:00,1434A,SHP,,465.05200433037675,
2021-11-24 13:00:00,1434A,SHP,,463.7234844021114,
2021-11-24 14:00:00,1434A,SHP,33.0,461.6736774713129,-428.6736774713129
2021-11-24 15:00:00,1434A,SHP,30.0,459.3534204957778,-429.3534204957778
2021-11-24 16:00:00,1434A,SHP,29.0,457.88992794046027,-428.88992794046027
2021-11-24 17:00:00,1434A,SHP,31.0,456.1335859237999,-425.1335859237999
2021-11-24 18:00:00,1434A,SHP,29.0,455.69734334760034,-426.69734334760034
2021-11-24 19:00:00,1434A,SHP,29.0,455.6316865692045,-426.6316865692045
2021-11-24 20:00:00,1434A,SHP,31.0,457.39707401821875,-426.39707401821875
2021-11-24 21:00:00,1434A,SHP,37.0,459.88058833794565,-422.88058833794565
2021-11-24 22:00:00,1434A,SHP,39.0,462.052082952491,-423.052082952491
2021-11-24 23:00:00,1434A,SHP,39.0,461.9054408916341,-422.9054408916341
2021-11-25 00:00:00,1434A,SHP,39.0,462.0083675291317,-423.0083675291317
2021-11-25 01:00:00,1434A,SHP,36.0,462.58537309117355,-426.58537309117355
2021-11-25 02:00:00,1434A,SHP,38.0,463.12354658701054,-425.12354658701054
2021-11-25 03:00:00,1434A,SHP,40.0,463.58989830815574,-423.58989830815574
2021-11-25 04:00:00,1434A,SHP,41.0,463.44243341260153,-422.44243341260153
2021-11-25 05:00:00,1434A,SHP,39.0,463.164202827183,-424.164202827183
2021-11-25 06:00:00,1434A,SHP,40.0,462.8087591491825,-422.8087591491825
2021-11-25 07:00:00,1434A,SHP,41.0,462.3226426403505,-421.3226426403505
2021-11-25 08:00:00,1434A,SHP,42.0,462.5706149834314,-420.5706149834314
2021-11-25 09:00:00,1434A,SHP,46.0,463.7416236292912,-417.7416236292912
2021-11-25 10:00:00,1434A,SHP,54.0,465.92341982678505,-411.92341982678505
2021-11-25 11:00:00,1434A,SHP,59.0,466.86454154886655,-407.86454154886655
2021-11-25 12:00:00,1434A,SHP,54.0,466.126380391708,-412.126380391708
2021-11-25 13:00:00,1434A,SHP,51.0,464.79786046344265,-413.79786046344265
2021-11-25 14:00:00,1434A,SHP,56.0,462.7480535326441,-406.7480535326441
2021-11-25 15:00:00,1434A,SHP,55.0,460.42779655710905,-405.42779655710905
2021-11-25 16:00:00,1434A,SHP,54.0,458.9643040017915,-404.9643040017915
2021-11-25 17:00:00,1434A,SHP,49.0,457.20796198513113,-408.20796198513113
2021-11-25 18:00:00,1434A,SHP,46.0,456.7717194089316,-410.7717194089316
2021-11-25 19:00:00,1434A,SHP,52.0,456.7060626305357,-404.7060626305357
2021-11-25 20:00:00,1434A,SHP,50.0,458.47145007955,-408.47145007955
2021-11-25 21:00:00,1434A,SHP,46.0,460.9549643992769,-414.9549643992769
2021-11-25 22:00:00,1434A,SHP,47.0,463.1264590138222,-416.1264590138222
2021-11-25 23:00:00,1434A,SHP,50.0,462.97981695296534,-412.97981695296534
2021-11-26 00:00:00,1434A,SHP,53.0,463.08274359046294,-410.08274359046294
2021-11-26 01:00:00,1434A,SHP,57.0,463.6597491525048,-406.6597491525048
2021-11-26 02:00:00,1434A,SHP,63.0,464.1979226483418,-401.1979226483418
2021-11-26 03:00:00,1434A,SHP,61.0,464.664274369487,-403.664274369487
2021-11-26 04:00:00,1434A,SHP,61.0,464.51680947393277,-403.51680947393277
2021-11-26 05:00:00,1434A,SHP,62.0,464.2385788885142,-402.2385788885142
2021-11-26 06:00:00,1434A,SHP,61.0,463.88313521051373,-402.88313521051373
2021-11-26 07:00:00,1434A,SHP,63.0,463.39701870168176,-400.39701870168176
2021-11-26 08:00:00,1434A,SHP,63.0,463.64499104476266,-400.64499104476266
2021-11-26 09:00:00,1434A,SHP,65.0,464.81599969062245,-399.81599969062245
2021-11-26 10:00:00,1434A,SHP,68.0,466.9977958881163,-398.9977958881163
2021-11-26 11:00:00,1434A,SHP,74.0,467.9389176101978,-393.9389176101978
2021-11-26 12:00:00,1434A,SHP,79.0,467.2007564530392,-388.2007564530392
2021-11-26 13:00:00,1434A,SHP,85.0,465.8722365247739,-380.8722365247739
2021-11-26 14:00:00,1434A,SHP,92.0,463.82242959397536,-371.82242959397536
2021-11-26 15:00:00,1434A,SHP,95.0,461.5021726184403,-366.5021726184403
2021-11-26 16:00:00,1434A,SHP,85.0,460.03868006312274,-375.03868006312274
2021-11-26 17:00:00,1434A,SHP,77.0,458.28233804646237,-381.28233804646237
2021-11-26 18:00:00,1434A,SHP,78.0,457.8460954702628,-379.8460954702628
2021-11-26 19:00:00,1434A,SHP,71.0,457.78043869186695,-386.78043869186695
2021-11-26 20:00:00,1434A,SHP,80.0,459.5458261408812,-379.5458261408812
2021-11-26 21:00:00,1434A,SHP,78.0,462.0293404606081,-384.0293404606081
2021-11-26 22:00:00,1434A,SHP,76.0,464.20083507515346,-388.20083507515346
2021-11-26 23:00:00,1434A,SHP,73.0,464.0541930142966,-391.0541930142966
2021-11-27 00:00:00,1434A,SHP,74.0,464.1571196517942,-390.1571196517942
2021-11-27 01:00:00,1434A,SHP,76.0,464.734125213836,-388.734125213836
2021-11-27 02:00:00,1434A,SHP,79.0,465.272298709673,-386.272298709673
2021-11-27 03:00:00,1434A,SHP,71.0,465.7386504308182,-394.7386504308182
2021-11-27 04:00:00,1434A,SHP,70.0,465.591185535264,-395.591185535264
2021-11-27 05:00:00,1434A,SHP,76.0,465.31295494984545,-389.31295494984545
2021-11-27 06:00:00,1434A,SHP,72.0,464.95751127184496,-392.95751127184496
2021-11-27 07:00:00,1434A,SHP,70.0,464.471394763013,-394.471394763013
2021-11-27 08:00:00,1434A,SHP,68.0,464.7193671060939,-396.7193671060939
2021-11-27 09:00:00,1434A,SHP,65.0,465.8903757519537,-400.8903757519537
2021-11-27 10:00:00,1434A,SHP,67.0,468.0721719494475,-401.0721719494475
2021-11-27 11:00:00,1434A,SHP,67.0,469.013293671529,-402.013293671529
2021-11-27 12:00:00,1434A,SHP,74.0,468.27513251437045,-394.27513251437045
2021-11-27 13:00:00,1434A,SHP,78.0,466.9466125861051,-388.9466125861051
2021-11-27 14:00:00,1434A,SHP,,464.8968056553066,
2021-11-27 15:00:00,1434A,SHP,58.0,462.5765486797715,-404.5765486797715
2021-11-27 16:00:00,1434A,SHP,56.0,461.113056124454,-405.113056124454
2021-11-27 17:00:00,1434A,SHP,59.0,459.3567141077936,-400.3567141077936
2021-11-27 18:00:00,1434A,SHP,62.0,458.92047153159405,-396.92047153159405
2021-11-27 19:00:00,1434A,SHP,64.0,458.8548147531982,-394.8548147531982
2021-11-27 20:00:00,1434A,SHP,67.0,460.62020220221245,-393.62020220221245
2021-11-27 21:00:00,1434A,SHP,57.0,463.10371652193936,-406.10371652193936
2021-11-27 22:00:00,1434A,SHP,53.0,465.2752111364847,-412.2752111364847
2021-11-27 23:00:00,1434A,SHP,51.0,465.1285690756278,-414.1285690756278
2021-11-28 00:00:00,1434A,SHP,47.0,465.2314957131254,-418.2314957131254
2021-11-28 01:00:00,1434A,SHP,44.0,465.80850127516726,-421.80850127516726
2021-11-28 02:00:00,1434A,SHP,42.0,466.34667477100425,-424.34667477100425
2021-11-28 03:00:00,1434A,SHP,43.0,466.81302649214945,-423.81302649214945
2021-11-28 04:00:00,1434A,SHP,19.0,466.66556159659524,-447.66556159659524
2021-11-28 05:00:00,1434A,SHP,6.0,466.3873310111767,-460.3873310111767
2021-11-28 06:00:00,1434A,SHP,10.0,466.0318873331762,-456.0318873331762
2021-11-28 07:00:00,1434A,SHP,13.0,465.54577082434423,-452.54577082434423
2021-11-28 08:00:00,1434A,SHP,17.0,465.79374316742513,-448.79374316742513
2021-11-28 09:00:00,1434A,SHP,22.0,466.9647518132849,-444.9647518132849
2021-11-28 10:00:00,1434A,SHP,29.0,469.14654801077876,-440.14654801077876
2021-11-28 11:00:00,1434A,SHP,37.0,470.08766973286026,-433.08766973286026
2021-11-28 12:00:00,1434A,SHP,48.0,469.3495085757017,-421.3495085757017
2021-11-28 13:00:00,1434A,SHP,59.0,468.02098864743635,-409.02098864743635
2021-11-28 14:00:00,1434A,SHP,67.0,465.97118171663783,-398.97118171663783
2021-11-28 15:00:00,1434A,SHP,74.0,463.65092474110276,-389.65092474110276
2021-11-28 16:00:00,1434A,SHP,81.0,462.1874321857852,-381.1874321857852
2021-11-28 17:00:00,1434A,SHP,82.0,460.43109016912484,-378.43109016912484
2021-11-28 18:00:00,1434A,SHP,85.0,459.9948475929253,-374.9948475929253
2021-11-28 19:00:00,1434A,SHP,93.0,459.9291908145294,-366.9291908145294
2021-11-28 20:00:00,1434A,SHP,94.0,461.6945782635437,-367.6945782635437
2021-11-28 21:00:00,1434A,SHP,100.0,464.1780925832706,-364.1780925832706
2021-11-28 22:00:00,1434A,SHP,95.0,466.34958719781594,-371.34958719781594
2021-11-28 23:00:00,1434A,SHP,80.0,466.20294513695904,-386.20294513695904
2021-11-29 00:00:00,1434A,SHP,81.0,466.30587177445665,-385.30587177445665
2021-11-29 01:00:00,1434A,SHP,87.0,466.8828773364985,-379.8828773364985
2021-11-29 02:00:00,1434A,SHP,86.0,467.4210508323355,-381.4210508323355
2021-11-29 03:00:00,1434A,SHP,84.0,467.8874025534807,-383.8874025534807
2021-11-29 04:00:00,1434A,SHP,84.0,467.7399376579265,-383.7399376579265
2021-11-29 05:00:00,1434A,SHP,84.0,467.4617070725079,-383.4617070725079
2021-11-29 06:00:00,1434A,SHP,82.0,467.10626339450744,-385.10626339450744
2021-11-29 07:00:00,1434A,SHP,82.0,466.62014688567547,-384.62014688567547
2021-11-29 08:00:00,1434A,SHP,80.0,466.86811922875637,-386.86811922875637
2021-11-29 09:00:00,1434A,SHP,76.0,468.03912787461616,-392.03912787461616
2021-11-29 10:00:00,1434A,SHP,57.0,470.22092407211,-413.22092407211
2021-11-29 11:00:00,1434A,SHP,42.0,471.1620457941915,-429.1620457941915
2021-11-29 12:00:00,1434A,SHP,18.0,470.4238846370329,-452.4238846370329
2021-11-29 13:00:00,1434A,SHP,10.0,469.0953647087676,-459.0953647087676
2021-11-29 14:00:00,1434A,SHP,11.0,467.04555777796907,-456.04555777796907
2021-11-29 15:00:00,1434A,SHP,12.0,464.725300802434,-452.725300802434
2021-11-29 16:00:00,1434A,SHP,15.0,463.26180824711645,-448.26180824711645
2021-11-29 17:00:00,1434A,SHP,13.0,461.5054662304561,-448.5054662304561
2021-11-29 18:00:00,1434A,SHP,15.0,461.0692236542565,-446.0692236542565
2021-11-29 19:00:00,1434A,SHP,16.0,461.00356687586066,-445.00356687586066
2021-11-29 20:00:00,1434A,SHP,16.0,462.7689543248749,-446.7689543248749
2021-11-29 21:00:00,1434A,SHP,18.0,465.25246864460183,-447.25246864460183
2021-11-29 22:00:00,1434A,SHP,21.0,467.4239632591472,-446.4239632591472
2021-11-29 23:00:00,1434A,SHP,25.0,467.2773211982903,-442.2773211982903
2021-11-30 00:00:00,1434A,SHP,24.0,467.3802478357879,-443.3802478357879
2021-11-30 01:00:00,1434A,SHP,27.0,467.95725339782973,-440.95725339782973
2021-11-30 02:00:00,1434A,SHP,26.0,468.4954268936667,-442.4954268936667
2021-11-30 03:00:00,1434A,SHP,25.0,468.9617786148119,-443.9617786148119
2021-11-30 04:00:00,1434A,SHP,24.0,468.8143137192577,-444.8143137192577
2021-11-30 05:00:00,1434A,SHP,24.0,468.53608313383916,-444.53608313383916
2021-11-30 06:00:00,1434A,SHP,24.0,468.1806394558387,-444.1806394558387
2021-11-30 07:00:00,1434A,SHP,24.0,467.6945229470067,-443.6945229470067
2021-11-30 08:00:00,1434A,SHP,27.0,467.9424952900876,-440.9424952900876
2021-11-30 09:00:00,1434A,SHP,33.0,469.1135039359474,-436.1135039359474
2021-11-30 10:00:00,1434A,SHP,34.0,471.29530013344123,-437.29530013344123
2021-11-30 11:00:00,1434A,SHP,40.0,472.23642185552274,-432.23642185552274
2021-11-30 12:00:00,1434A,SHP,37.0,471.49826069836416,-434.49826069836416
2021-11-30 13:00:00,1434A,SHP,,470.1697407700988,
2021-11-30 14:00:00,1434A,SHP,35.0,468.1199338393003,-433.1199338393003
2021-11-30 15:00:00,1434A,SHP,40.0,465.7996768637652,-425.7996768637652
2021-11-30 16:00:00,1434A,SHP,37.0,464.3361843084477,-427.3361843084477
2021-11-30 17:00:00,1434A,SHP,34.0,462.5798422917873,-428.5798422917873
2021-11-30 18:00:00,1434A,SHP,33.0,462.14359971558775,-429.14359971558775
2021-11-30 19:00:00,1434A,SHP,33.0,462.0779429371919,-429.0779429371919
2021-11-30 20:00:00,1434A,SHP,37.0,463.84333038620616,-426.84333038620616
2021-11-30 21:00:00,1434A,SHP,40.0,466.32684470593307,-426.32684470593307
2021-11-30 22:00:00,1434A,SHP,38.0,468.4983393204784,-430.4983393204784
2021-11-30 23:00:00,1434A,SHP,43.0,468.3516972596215,-425.3516972596215
2021-12-01 00:00:00,1434A,SHP,44.0,468.4546238971191,-424.4546238971191
2021-12-01 01:00:00,1434A,SHP,45.0,469.03162945916097,-424.03162945916097
2021-12-01 02:00:00,1434A,SHP,48.0,469.56980295499795,-421.56980295499795
2021-12-01 03:00:00,1434A,SHP,49.0,470.03615467614316,-421.03615467614316
2021-12-01 04:00:00,1434A,SHP,46.0,469.88868978058895,-423.88868978058895
2021-12-01 05:00:00,1434A,SHP,47.0,469.6104591951704,-422.6104591951704
2021-12-01 06:00:00,1434A,SHP,40.0,469.2550155171699,-429.2550155171699
2021-12-01 07:00:00,1434A,SHP,42.0,468.76889900833794,-426.76889900833794
2021-12-01 08:00:00,1434A,SHP,43.0,469.01687135141884,-426.01687135141884
2021-12-01 09:00:00,1434A,SHP,45.0,470.1878799972786,-425.1878799972786
2021-12-01 10:00:00,1434A,SHP,51.0,472.36967619477247,-421.36967619477247
2021-12-01 11:00:00,1434A,SHP,54.0,473.31079791685397,-419.31079791685397
2021-12-01 12:00:00,1434A,SHP,66.0,472.5726367596954,-406.5726367596954
2021-12-01 13:00:00,1434A,SHP,57.0,471.24411683143006,-414.24411683143006
2021-12-01 14:00:00,1434A,SHP,37.0,469.19430990063154,-432.19430990063154
2021-12-01 15:00:00,1434A,SHP,34.0,466.87405292509646,-432.87405292509646
2021-12-01 16:00:00,1434A,SHP,33.0,465.4105603697789,-432.4105603697789
2021-12-01 17:00:00,1434A,SHP,34.0,463.65421835311855,-429.65421835311855
2021-12-01 18:00:00,1434A,SHP,32.0,463.217975776919,-431.217975776919
2021-12-01 19:00:00,1434A,SHP,32.0,463.1523189985231,-431.1523189985231
2021-12-01 20:00:00,1434A,SHP,37.0,464.9177064475374,-427.9177064475374
2021-12-01 21:00:00,1434A,SHP,42.0,467.4012207672643,-425.4012207672643
2021-12-01 22:00:00,1434A,SHP,44.0,469.57271538180964,-425.57271538180964
2021-12-01 23:00:00,1434A,SHP,43.0,469.42607332095275,-426.42607332095275
2021-12-02 00:00:00,1434A,SHP,42.0,469.52899995845036,-427.52899995845036
2021-12-02 01:00:00,1434A,SHP,40.0,470.1060055204922,-430.1060055204922
2021-12-02 02:00:00,1434A,SHP,38.0,470.6441790163292,-432.6441790163292
2021-12-02 03:00:00,1434A,SHP,,471.1105307374744,
2021-12-02 04:00:00,1434A,SHP,,470.9630658419202,
2021-12-02 05:00:00,1434A,SHP,48.0,470.68483525650163,-422.68483525650163
2021-12-02 06:00:00,1434A,SHP,49.0,470.32939157850114,-421.32939157850114
2021-12-02 07:00:00,1434A,SHP,48.0,469.8432750696692,-421.8432750696692
2021-12-02 08:00:00,1434A,SHP,47.0,470.0912474127501,-423.0912474127501
