timestamp,station_code,station_name,actual_pm25,sarima_prediction,residual
2021-01-01 00:00:00,1438A,LYS,63.0,88.43640643346916,-25.43640643346916
2021-01-01 01:00:00,1438A,LYS,67.0,88.51741627032213,-21.51741627032213
2021-01-01 02:00:00,1438A,LYS,,88.42961009507265,
2021-01-01 03:00:00,1438A,LYS,65.0,86.73641014649168,-21.73641014649168
2021-01-01 04:00:00,1438A,LYS,66.0,86.39042513660463,-20.390425136604634
2021-01-01 05:00:00,1438A,LYS,,85.3612464507049,
2021-01-01 06:00:00,1438A,LYS,,85.37120178449617,
2021-01-01 07:00:00,1438A,LYS,61.0,84.80870435386964,-23.808704353869643
2021-01-01 08:00:00,1438A,LYS,62.0,84.04410307755585,-22.044103077555846
2021-01-01 09:00:00,1438A,LYS,61.0,83.22313842732727,-22.22313842732727
2021-01-01 10:00:00,1438A,LYS,59.0,82.70178324687814,-23.701783246878136
2021-01-01 11:00:00,1438A,LYS,70.0,84.62770264442065,-14.627702644420651
2021-01-01 12:00:00,1438A,LYS,72.0,86.74458344231543,-14.744583442315431
2021-01-01 13:00:00,1438A,LYS,70.0,86.96448762262953,-16.964487622629534
2021-01-01 14:00:00,1438A,LYS,,87.46587041844604,
2021-01-01 15:00:00,1438A,LYS,77.0,87.38385041978597,-10.383850419785972
2021-01-01 16:00:00,1438A,LYS,80.0,87.01119953665076,-7.011199536650764
2021-01-01 17:00:00,1438A,LYS,87.0,86.97814678146916,0.021853218530836216
2021-01-01 18:00:00,1438A,LYS,93.0,87.95151713747819,5.048482862521809
2021-01-01 19:00:00,1438A,LYS,102.0,89.33557984492585,12.664420155074154
2021-01-01 20:00:00,1438A,LYS,104.0,89.47257340443693,14.527426595563071
2021-01-01 21:00:00,1438A,LYS,104.0,89.29103267835185,14.708967321648146
2021-01-01 22:00:00,1438A,LYS,107.0,89.94965425294795,17.05034574705205
2021-01-01 23:00:00,1438A,LYS,107.0,90.1392178297203,16.860782170279705
2021-01-02 00:00:00,1438A,LYS,108.0,89.3771084443077,18.622891555692306
2021-01-02 01:00:00,1438A,LYS,106.0,89.34502585994842,16.65497414005158
2021-01-02 02:00:00,1438A,LYS,105.0,89.37959319936894,15.62040680063106
2021-01-02 03:00:00,1438A,LYS,107.0,87.45507941927276,19.544920580727236
2021-01-02 04:00:00,1438A,LYS,104.0,87.06268770394806,16.937312296051942
2021-01-02 05:00:00,1438A,LYS,105.0,86.06083583758176,18.939164162418237
2021-01-02 06:00:00,1438A,LYS,108.0,86.04319934365527,21.956800656344726
2021-01-02 07:00:00,1438A,LYS,107.0,85.48676783433493,21.513232165665073
2021-01-02 08:00:00,1438A,LYS,97.0,84.73929515091619,12.260704849083808
2021-01-02 09:00:00,1438A,LYS,83.0,83.85148863756979,-0.851488637569787
2021-01-02 10:00:00,1438A,LYS,89.0,83.3783642819761,5.621635718023896
2021-01-02 11:00:00,1438A,LYS,106.0,85.42804004953074,20.571959950469264
2021-01-02 12:00:00,1438A,LYS,116.0,87.40789306324513,28.592106936754874
2021-01-02 13:00:00,1438A,LYS,110.0,87.60311651465057,22.396883485349434
2021-01-02 14:00:00,1438A,LYS,113.0,88.04212674015221,24.957873259847787
2021-01-02 15:00:00,1438A,LYS,112.0,87.9866992113704,24.013300788629607
2021-01-02 16:00:00,1438A,LYS,113.0,87.55342225975865,25.446577740241352
2021-01-02 17:00:00,1438A,LYS,116.0,87.49218157033617,28.50781842966383
2021-01-02 18:00:00,1438A,LYS,126.0,88.409723384106,37.590276615894
2021-01-02 19:00:00,1438A,LYS,109.0,89.88230004640724,19.117699953592762
2021-01-02 20:00:00,1438A,LYS,109.0,90.07665232526941,18.923347674730593
2021-01-02 21:00:00,1438A,LYS,102.0,89.93418906260538,12.065810937394616
2021-01-02 22:00:00,1438A,LYS,106.0,90.58807748279513,15.411922517204871
2021-01-02 23:00:00,1438A,LYS,95.0,90.76640449497461,4.2335955050253915
2021-01-03 00:00:00,1438A,LYS,92.0,90.001542721148,1.9984572788520012
2021-01-03 01:00:00,1438A,LYS,87.0,89.96789212940469,-2.9678921294046887
2021-01-03 02:00:00,1438A,LYS,,90.00415615700781,
2021-01-03 03:00:00,1438A,LYS,52.0,88.07643524957314,-36.07643524957314
2021-01-03 04:00:00,1438A,LYS,74.0,87.68340011308887,-13.683400113088865
2021-01-03 05:00:00,1438A,LYS,82.0,86.68192712847565,-4.68192712847565
2021-01-03 06:00:00,1438A,LYS,69.0,86.66390807850219,-17.66390807850219
2021-01-03 07:00:00,1438A,LYS,74.0,86.10756067215974,-12.107560672159735
2021-01-03 08:00:00,1438A,LYS,68.0,85.36032547379833,-17.360325473798326
2021-01-03 09:00:00,1438A,LYS,64.0,84.47159220927082,-20.471592209270824
2021-01-03 10:00:00,1438A,LYS,55.0,83.9991365659454,-28.999136565945406
2021-01-03 11:00:00,1438A,LYS,41.0,86.05052819473921,-45.050528194739215
2021-01-03 12:00:00,1438A,LYS,41.0,88.02848134129087,-47.02848134129087
2021-01-03 13:00:00,1438A,LYS,43.0,88.22336259854431,-45.22336259854431
2021-01-03 14:00:00,1438A,LYS,44.0,88.6615080388573,-44.661508038857306
2021-01-03 15:00:00,1438A,LYS,42.0,88.60644921019423,-46.60644921019423
2021-01-03 16:00:00,1438A,LYS,41.0,88.17233168834781,-47.17233168834781
2021-01-03 17:00:00,1438A,LYS,44.0,88.11070017796173,-44.11070017796173
2021-01-03 18:00:00,1438A,LYS,57.0,89.02746793839066,-32.02746793839066
2021-01-03 19:00:00,1438A,LYS,60.0,90.50127183177702,-30.501271831777018
2021-01-03 20:00:00,1438A,LYS,65.0,90.69641937962821,-25.69641937962821
2021-01-03 21:00:00,1438A,LYS,67.0,90.55449791941689,-23.55449791941689
2021-01-03 22:00:00,1438A,LYS,,91.20832071521747,
2021-01-03 23:00:00,1438A,LYS,,91.38649193432026,
2021-01-04 00:00:00,1438A,LYS,,90.62159199909156,
2021-01-04 01:00:00,1438A,LYS,,90.58791966718981,
2021-01-04 02:00:00,1438A,LYS,,90.62420721908899,
2021-01-04 03:00:00,1438A,LYS,,88.69644184537361,
2021-01-04 04:00:00,1438A,LYS,,88.30339778796325,
2021-01-04 05:00:00,1438A,LYS,,87.3019300564818,
2021-01-04 06:00:00,1438A,LYS,,87.28390570243313,
2021-01-04 07:00:00,1438A,LYS,,86.72755946216431,
2021-01-04 08:00:00,1438A,LYS,,85.98032755649328,
2021-01-04 09:00:00,1438A,LYS,,85.09158144271663,
2021-01-04 10:00:00,1438A,LYS,,84.61913507097425,
2021-01-04 11:00:00,1438A,LYS,,86.67055048989532,
2021-01-04 12:00:00,1438A,LYS,95.0,88.64847729510855,6.351522704891451
2021-01-04 13:00:00,1438A,LYS,92.0,88.84335380789769,3.156646192102315
2021-01-04 14:00:00,1438A,LYS,90.0,89.28148725810962,0.718512741890379
2021-01-04 15:00:00,1438A,LYS,88.0,89.2264335414116,-1.2264335414115948
2021-01-04 16:00:00,1438A,LYS,94.0,88.79230436520038,5.20769563479962
2021-01-04 17:00:00,1438A,LYS,89.0,88.73066743614746,0.26933256385254367
2021-01-04 18:00:00,1438A,LYS,92.0,89.6474244644571,2.352575535542897
2021-01-04 19:00:00,1438A,LYS,91.0,91.12124537319589,-0.12124537319589024
2021-01-04 20:00:00,1438A,LYS,91.0,91.31640394731772,-0.31640394731772403
2021-01-04 21:00:00,1438A,LYS,91.0,91.17448999910621,-0.1744899991062141
2021-01-04 22:00:00,1438A,LYS,87.0,91.8283118850357,-4.828311885035703
2021-01-04 23:00:00,1438A,LYS,80.0,92.00648094409367,-12.006480944093667
2021-01-05 00:00:00,1438A,LYS,83.0,91.24158047976358,-8.241580479763584
2021-01-05 01:00:00,1438A,LYS,76.0,91.20790784643819,-15.20790784643819
2021-01-05 02:00:00,1438A,LYS,76.0,91.24419572449779,-15.244195724497786
2021-01-05 03:00:00,1438A,LYS,79.0,89.3164297342649,-10.3164297342649
2021-01-05 04:00:00,1438A,LYS,80.0,88.9233855531674,-8.923385553167407
2021-01-05 05:00:00,1438A,LYS,76.0,87.92191789451972,-11.921917894519723
2021-01-05 06:00:00,1438A,LYS,67.0,87.90389346693097,-20.903893466930967
2021-01-05 07:00:00,1438A,LYS,62.0,87.34754724282955,-25.34754724282955
2021-01-05 08:00:00,1438A,LYS,66.0,86.60031538281108,-20.600315382811075
2021-01-05 09:00:00,1438A,LYS,52.0,85.71156909088177,-33.71156909088177
2021-01-05 10:00:00,1438A,LYS,42.0,85.23912284768831,-43.23912284768831
2021-01-05 11:00:00,1438A,LYS,35.0,87.29053859645549,-52.29053859645549
2021-01-05 12:00:00,1438A,LYS,34.0,89.26846503645051,-55.26846503645051
2021-01-05 13:00:00,1438A,LYS,31.0,89.46334148345845,-58.46334148345845
2021-01-05 14:00:00,1438A,LYS,34.0,89.9014747674296,-55.901474767429605
2021-01-05 15:00:00,1438A,LYS,40.0,89.84642112160816,-49.84642112160816
2021-01-05 16:00:00,1438A,LYS,45.0,89.41229178381113,-44.41229178381113
2021-01-05 17:00:00,1438A,LYS,50.0,89.3506547796293,-39.350654779629295
2021-01-05 18:00:00,1438A,LYS,58.0,90.26741165913991,-32.26741165913991
2021-01-05 19:00:00,1438A,LYS,52.0,91.74123280379368,-39.74123280379368
2021-01-05 20:00:00,1438A,LYS,50.0,91.93639153079292,-41.93639153079292
2021-01-05 21:00:00,1438A,LYS,51.0,91.79447768673401,-40.79447768673401
2021-01-05 22:00:00,1438A,LYS,55.0,92.44829956004827,-37.44829956004827
2021-01-05 23:00:00,1438A,LYS,57.0,92.62646858915761,-35.62646858915761
2021-01-06 00:00:00,1438A,LYS,57.0,91.8615681174916,-34.8615681174916
2021-01-06 01:00:00,1438A,LYS,55.0,91.82789547998702,-36.82789547998702
2021-01-06 02:00:00,1438A,LYS,58.0,91.86418336256878,-33.86418336256878
2021-01-06 03:00:00,1438A,LYS,58.0,89.93641736378798,-31.93641736378798
2021-01-06 04:00:00,1438A,LYS,54.0,89.54337318097559,-35.54337318097559
2021-01-06 05:00:00,1438A,LYS,50.0,88.54190552333773,-38.54190552333773
2021-01-06 06:00:00,1438A,LYS,51.0,88.52388109472936,-37.52388109472936
2021-01-06 07:00:00,1438A,LYS,52.0,87.9675348708521,-35.967534870852106
2021-01-06 08:00:00,1438A,LYS,60.0,87.22030301146661,-27.220303011466612
2021-01-06 09:00:00,1438A,LYS,51.0,86.33155671706723,-35.33155671706723
2021-01-06 10:00:00,1438A,LYS,46.0,85.85911047565611,-39.85911047565611
2021-01-06 11:00:00,1438A,LYS,50.0,87.91052622899655,-37.910526228996545
2021-01-06 12:00:00,1438A,LYS,51.0,89.88845266392788,-38.88845266392788
2021-01-06 13:00:00,1438A,LYS,57.0,90.08332911002377,-33.08332911002377
2021-01-06 14:00:00,1438A,LYS,57.0,90.52146239169005,-33.52146239169005
2021-01-06 15:00:00,1438A,LYS,63.0,90.46640874685129,-27.466408746851286
2021-01-06 16:00:00,1438A,LYS,69.0,90.03227940681388,-21.032279406813885
2021-01-06 17:00:00,1438A,LYS,72.0,89.9706424015904,-17.970642401590396
2021-01-06 18:00:00,1438A,LYS,79.0,90.88739927903794,-11.887399279037936
2021-01-06 19:00:00,1438A,LYS,70.0,92.36122042696263,-22.361220426962632
2021-01-06 20:00:00,1438A,LYS,59.0,92.55637915608148,-33.556379156081476
2021-01-06 21:00:00,1438A,LYS,27.0,92.41446531346664,-65.41446531346664
2021-01-06 22:00:00,1438A,LYS,29.0,93.068287186606,-64.068287186606
2021-01-06 23:00:00,1438A,LYS,12.0,93.2464562153001,-81.2464562153001
2021-01-07 00:00:00,1438A,LYS,15.0,92.4815557435324,-77.4815557435324
2021-01-07 01:00:00,1438A,LYS,35.0,92.44788310596986,-57.447883105969865
2021-01-07 02:00:00,1438A,LYS,47.0,92.48417098861431,-45.48417098861431
2021-01-07 03:00:00,1438A,LYS,43.0,90.55640498971499,-47.55640498971499
2021-01-07 04:00:00,1438A,LYS,43.0,90.16336080687884,-47.16336080687884
2021-01-07 05:00:00,1438A,LYS,44.0,89.161893149255,-45.16189314925499
2021-01-07 06:00:00,1438A,LYS,49.0,89.14386872063247,-40.14386872063247
2021-01-07 07:00:00,1438A,LYS,42.0,88.58752249675833,-46.587522496758325
2021-01-07 08:00:00,1438A,LYS,43.0,87.84029063738161,-44.840290637381614
2021-01-07 09:00:00,1438A,LYS,40.0,86.951544342948,-46.951544342948
2021-01-07 10:00:00,1438A,LYS,28.0,86.47909810156158,-58.479098101561576
2021-01-07 11:00:00,1438A,LYS,28.0,88.53051385496542,-60.53051385496542
2021-01-07 12:00:00,1438A,LYS,31.0,90.50844028982655,-59.50844028982655
2021-01-07 13:00:00,1438A,LYS,34.0,90.70331673590978,-56.70331673590978
2021-01-07 14:00:00,1438A,LYS,37.0,91.1414500175441,-54.1414500175441
2021-01-07 15:00:00,1438A,LYS,,91.08639637271895,
2021-01-07 16:00:00,1438A,LYS,39.0,90.6522670326505,-51.6522670326505
2021-01-07 17:00:00,1438A,LYS,40.0,90.59063002741257,-50.59063002741257
2021-01-07 18:00:00,1438A,LYS,47.0,91.5073869048315,-44.507386904831506
2021-01-07 19:00:00,1438A,LYS,51.0,92.98120805280155,-41.98120805280155
2021-01-07 20:00:00,1438A,LYS,55.0,93.17636678194978,-38.17636678194978
2021-01-07 21:00:00,1438A,LYS,48.0,93.03445293935496,-45.03445293935496
2021-01-07 22:00:00,1438A,LYS,50.0,93.6882748124919,-43.6882748124919
2021-01-07 23:00:00,1438A,LYS,51.0,93.86644384118024,-42.86644384118024
2021-01-08 00:00:00,1438A,LYS,48.0,93.10154336941112,-45.10154336941112
2021-01-08 01:00:00,1438A,LYS,41.0,93.06787073184778,-52.067870731847776
2021-01-08 02:00:00,1438A,LYS,41.0,93.10415861449312,-52.104158614493116
2021-01-08 03:00:00,1438A,LYS,41.0,91.17639261559216,-50.176392615592164
2021-01-08 04:00:00,1438A,LYS,42.0,90.78334843275567,-48.78334843275567
2021-01-08 05:00:00,1438A,LYS,41.0,89.78188077513201,-48.78188077513201
2021-01-08 06:00:00,1438A,LYS,42.0,89.76385634650929,-47.763856346509286
2021-01-08 07:00:00,1438A,LYS,43.0,89.20751012263518,-46.207510122635185
2021-01-08 08:00:00,1438A,LYS,41.0,88.4602782632586,-47.4602782632586
2021-01-08 09:00:00,1438A,LYS,29.0,87.5715319688245,-58.5715319688245
2021-01-08 10:00:00,1438A,LYS,36.0,87.0990857274384,-51.09908572743841
2021-01-08 11:00:00,1438A,LYS,37.0,89.15050148084313,-52.15050148084313
2021-01-08 12:00:00,1438A,LYS,31.0,91.12842791570328,-60.128427915703284
2021-01-08 13:00:00,1438A,LYS,28.0,91.32330436178636,-63.323304361786356
2021-01-08 14:00:00,1438A,LYS,24.0,91.76143764342024,-67.76143764342024
2021-01-08 15:00:00,1438A,LYS,26.0,91.70638399859527,-65.70638399859527
2021-01-08 16:00:00,1438A,LYS,31.0,91.27225465852639,-60.27225465852639
2021-01-08 17:00:00,1438A,LYS,34.0,91.21061765328825,-57.21061765328825
2021-01-08 18:00:00,1438A,LYS,35.0,92.12737453070679,-57.12737453070679
2021-01-08 19:00:00,1438A,LYS,32.0,93.60119567867746,-61.601195678677456
2021-01-08 20:00:00,1438A,LYS,36.0,93.79635440782612,-57.796354407826115
2021-01-08 21:00:00,1438A,LYS,54.0,93.65444056523158,-39.65444056523158
2021-01-08 22:00:00,1438A,LYS,47.0,94.30826243836847,-47.30826243836847
2021-01-08 23:00:00,1438A,LYS,46.0,94.48643146705673,-48.48643146705673
2021-01-09 00:00:00,1438A,LYS,48.0,93.7215309952876,-45.721530995287594
2021-01-09 01:00:00,1438A,LYS,40.0,93.68785835772425,-53.68785835772425
2021-01-09 02:00:00,1438A,LYS,42.0,93.72414624036959,-51.72414624036959
2021-01-09 03:00:00,1438A,LYS,46.0,91.79638024146861,-45.79638024146861
2021-01-09 04:00:00,1438A,LYS,46.0,91.4033360586321,-45.40333605863211
2021-01-09 05:00:00,1438A,LYS,46.0,90.40186840100846,-44.40186840100846
2021-01-09 06:00:00,1438A,LYS,46.0,90.38384397238573,-44.38384397238573
2021-01-09 07:00:00,1438A,LYS,44.0,89.82749774851163,-45.82749774851163
2021-01-09 08:00:00,1438A,LYS,48.0,89.08026588913503,-41.080265889135035
2021-01-09 09:00:00,1438A,LYS,,88.19151959470095,
2021-01-09 10:00:00,1438A,LYS,47.0,87.71907335331487,-40.71907335331487
2021-01-09 11:00:00,1438A,LYS,70.0,89.77048910671961,-19.77048910671961
2021-01-09 12:00:00,1438A,LYS,84.0,91.74841554157975,-7.748415541579746
2021-01-09 13:00:00,1438A,LYS,80.0,91.94329198766282,-11.943291987662818
2021-01-09 14:00:00,1438A,LYS,82.0,92.38142526929668,-10.381425269296685
2021-01-09 15:00:00,1438A,LYS,81.0,92.3263716244717,-11.326371624471705
2021-01-09 16:00:00,1438A,LYS,90.0,91.89224228440283,-1.8922422844028262
2021-01-09 17:00:00,1438A,LYS,88.0,91.8306052791647,-3.8306052791647005
2021-01-09 18:00:00,1438A,LYS,91.0,92.74736215658324,-1.747362156583236
2021-01-09 19:00:00,1438A,LYS,96.0,94.22118330455393,1.7788166954460678
2021-01-09 20:00:00,1438A,LYS,94.0,94.41634203370256,-0.41634203370256273
2021-01-09 21:00:00,1438A,LYS,95.0,94.27442819110802,0.7255718088919849
2021-01-09 22:00:00,1438A,LYS,94.0,94.92825006424493,-0.928250064244935
2021-01-09 23:00:00,1438A,LYS,91.0,95.1064190929332,-4.106419092933194
2021-01-10 00:00:00,1438A,LYS,82.0,94.34151862116406,-12.341518621164056
2021-01-10 01:00:00,1438A,LYS,69.0,94.30784598360071,-25.307845983600714
2021-01-10 02:00:00,1438A,LYS,69.0,94.34413386624605,-25.344133866246054
2021-01-10 03:00:00,1438A,LYS,64.0,92.41636786734507,-28.416367867345073
2021-01-10 04:00:00,1438A,LYS,60.0,92.02332368450857,-32.02332368450857
2021-01-10 05:00:00,1438A,LYS,54.0,91.02185602688492,-37.02185602688492
2021-01-10 06:00:00,1438A,LYS,37.0,91.0038315982622,-54.003831598262195
2021-01-10 07:00:00,1438A,LYS,43.0,90.4474853743881,-47.447485374388094
2021-01-10 08:00:00,1438A,LYS,53.0,89.70025351501151,-36.70025351501151
2021-01-10 09:00:00,1438A,LYS,55.0,88.81150722057741,-33.81150722057741
2021-01-10 10:00:00,1438A,LYS,52.0,88.33906097919133,-36.33906097919133
2021-01-10 11:00:00,1438A,LYS,45.0,90.39047673259607,-45.39047673259607
2021-01-10 12:00:00,1438A,LYS,44.0,92.36840316745621,-48.36840316745621
2021-01-10 13:00:00,1438A,LYS,39.0,92.56327961353927,-53.563279613539265
2021-01-10 14:00:00,1438A,LYS,38.0,93.00141289517313,-55.00141289517313
2021-01-10 15:00:00,1438A,LYS,37.0,92.94635925034818,-55.94635925034818
2021-01-10 16:00:00,1438A,LYS,36.0,92.51222991027929,-56.51222991027929
2021-01-10 17:00:00,1438A,LYS,38.0,92.45059290504116,-54.45059290504116
2021-01-10 18:00:00,1438A,LYS,38.0,93.3673497824597,-55.3673497824597
2021-01-10 19:00:00,1438A,LYS,41.0,94.84117093043038,-53.84117093043038
2021-01-10 20:00:00,1438A,LYS,44.0,95.03632965957902,-51.036329659579025
2021-01-10 21:00:00,1438A,LYS,47.0,94.89441581698449,-47.89441581698449
2021-01-10 22:00:00,1438A,LYS,47.0,95.5482376901214,-48.5482376901214
2021-01-10 23:00:00,1438A,LYS,46.0,95.72640671880966,-49.726406718809656
2021-01-11 00:00:00,1438A,LYS,38.0,94.96150624704052,-56.96150624704052
2021-01-11 01:00:00,1438A,LYS,31.0,94.92783360947718,-63.927833609477176
2021-01-11 02:00:00,1438A,LYS,26.0,94.96412149212252,-68.96412149212252
2021-01-11 03:00:00,1438A,LYS,23.0,93.03635549322154,-70.03635549322154
2021-01-11 04:00:00,1438A,LYS,21.0,92.64331131038503,-71.64331131038503
2021-01-11 05:00:00,1438A,LYS,22.0,91.64184365276138,-69.64184365276138
2021-01-11 06:00:00,1438A,LYS,22.0,91.62381922413866,-69.62381922413866
2021-01-11 07:00:00,1438A,LYS,22.0,91.06747300026456,-69.06747300026456
2021-01-11 08:00:00,1438A,LYS,22.0,90.32024114088797,-68.32024114088797
2021-01-11 09:00:00,1438A,LYS,22.0,89.43149484645387,-67.43149484645387
2021-01-11 10:00:00,1438A,LYS,22.0,88.95904860506779,-66.95904860506779
2021-01-11 11:00:00,1438A,LYS,27.0,91.01046435847253,-64.01046435847253
2021-01-11 12:00:00,1438A,LYS,32.0,92.98839079333267,-60.98839079333267
2021-01-11 13:00:00,1438A,LYS,30.0,93.18326723941573,-63.18326723941573
2021-01-11 14:00:00,1438A,LYS,33.0,93.6214005210496,-60.621400521049594
2021-01-11 15:00:00,1438A,LYS,29.0,93.56634687622464,-64.56634687622464
2021-01-11 16:00:00,1438A,LYS,30.0,93.13221753615575,-63.13221753615575
2021-01-11 17:00:00,1438A,LYS,32.0,93.07058053091762,-61.070580530917624
2021-01-11 18:00:00,1438A,LYS,32.0,93.98733740833616,-61.98733740833616
2021-01-11 19:00:00,1438A,LYS,36.0,95.46115855630684,-59.46115855630684
2021-01-11 20:00:00,1438A,LYS,36.0,95.65631728545549,-59.656317285455486
2021-01-11 21:00:00,1438A,LYS,35.0,95.51440344286095,-60.51440344286095
2021-01-11 22:00:00,1438A,LYS,37.0,96.16822531599786,-59.16822531599786
2021-01-11 23:00:00,1438A,LYS,39.0,96.34639434468612,-57.34639434468612
2021-01-12 00:00:00,1438A,LYS,40.0,95.58149387291698,-55.58149387291698
2021-01-12 01:00:00,1438A,LYS,38.0,95.54782123535364,-57.54782123535364
2021-01-12 02:00:00,1438A,LYS,36.0,95.58410911799898,-59.58410911799898
2021-01-12 03:00:00,1438A,LYS,35.0,93.656343119098,-58.656343119098
2021-01-12 04:00:00,1438A,LYS,36.0,93.26329893626149,-57.26329893626149
2021-01-12 05:00:00,1438A,LYS,34.0,92.26183127863784,-58.26183127863784
2021-01-12 06:00:00,1438A,LYS,29.0,92.24380685001512,-63.24380685001512
2021-01-12 07:00:00,1438A,LYS,32.0,91.68746062614102,-59.68746062614102
2021-01-12 08:00:00,1438A,LYS,29.0,90.94022876676443,-61.940228766764434
2021-01-12 09:00:00,1438A,LYS,27.0,90.05148247233033,-63.051482472330335
2021-01-12 10:00:00,1438A,LYS,24.0,89.57903623094425,-65.57903623094425
2021-01-12 11:00:00,1438A,LYS,42.0,91.630451984349,-49.630451984348994
2021-01-12 12:00:00,1438A,LYS,38.0,93.60837841920913,-55.60837841920913
2021-01-12 13:00:00,1438A,LYS,36.0,93.80325486529219,-57.80325486529219
2021-01-12 14:00:00,1438A,LYS,38.0,94.24138814692606,-56.241388146926056
2021-01-12 15:00:00,1438A,LYS,40.0,94.1863345021011,-54.186334502101104
2021-01-12 16:00:00,1438A,LYS,45.0,93.75220516203221,-48.75220516203221
2021-01-12 17:00:00,1438A,LYS,51.0,93.69056815679409,-42.690568156794086
2021-01-12 18:00:00,1438A,LYS,55.0,94.60732503421262,-39.60732503421262
2021-01-12 19:00:00,1438A,LYS,57.0,96.0811461821833,-39.0811461821833
2021-01-12 20:00:00,1438A,LYS,67.0,96.27630491133195,-29.27630491133195
2021-01-12 21:00:00,1438A,LYS,66.0,96.13439106873741,-30.134391068737415
2021-01-12 22:00:00,1438A,LYS,68.0,96.78821294187432,-28.78821294187432
2021-01-12 23:00:00,1438A,LYS,64.0,96.96638197056258,-32.96638197056258
2021-01-13 00:00:00,1438A,LYS,64.0,96.20148149879344,-32.20148149879344
2021-01-13 01:00:00,1438A,LYS,64.0,96.1678088612301,-32.1678088612301
2021-01-13 02:00:00,1438A,LYS,66.0,96.20409674387544,-30.20409674387544
2021-01-13 03:00:00,1438A,LYS,70.0,94.27633074497446,-24.27633074497446
2021-01-13 04:00:00,1438A,LYS,75.0,93.88328656213795,-18.883286562137954
2021-01-13 05:00:00,1438A,LYS,57.0,92.8818189045143,-35.881818904514304
2021-01-13 06:00:00,1438A,LYS,51.0,92.86379447589158,-41.86379447589158
2021-01-13 07:00:00,1438A,LYS,57.0,92.30744825201748,-35.30744825201748
2021-01-13 08:00:00,1438A,LYS,65.0,91.5602163926409,-26.560216392640896
2021-01-13 09:00:00,1438A,LYS,69.0,90.6714700982068,-21.671470098206797
2021-01-13 10:00:00,1438A,LYS,66.0,90.19902385682072,-24.199023856820716
2021-01-13 11:00:00,1438A,LYS,61.0,92.25043961022546,-31.250439610225456
2021-01-13 12:00:00,1438A,LYS,72.0,94.2283660450856,-22.228366045085593
2021-01-13 13:00:00,1438A,LYS,74.0,94.42324249116865,-20.42324249116865
2021-01-13 14:00:00,1438A,LYS,75.0,94.86137577280252,-19.861375772802518
2021-01-13 15:00:00,1438A,LYS,75.0,94.80632212797757,-19.806322127977566
2021-01-13 16:00:00,1438A,LYS,69.0,94.37219278790867,-25.372192787908673
2021-01-13 17:00:00,1438A,LYS,68.0,94.31055578267055,-26.310555782670548
2021-01-13 18:00:00,1438A,LYS,70.0,95.22731266008908,-25.227312660089083
2021-01-13 19:00:00,1438A,LYS,80.0,96.70113380805977,-16.701133808059765
2021-01-13 20:00:00,1438A,LYS,87.0,96.89629253720841,-9.89629253720841
2021-01-13 21:00:00,1438A,LYS,72.0,96.75437869461388,-24.754378694613877
2021-01-13 22:00:00,1438A,LYS,75.0,97.40820056775078,-22.408200567750782
2021-01-13 23:00:00,1438A,LYS,78.0,97.58636959643904,-19.58636959643904
2021-01-14 00:00:00,1438A,LYS,85.0,96.8214691246699,-11.821469124669903
2021-01-14 01:00:00,1438A,LYS,89.0,96.78779648710656,-7.7877964871065615
2021-01-14 02:00:00,1438A,LYS,80.0,96.8240843697519,-16.8240843697519
2021-01-14 03:00:00,1438A,LYS,76.0,94.89631837085092,-18.89631837085092
2021-01-14 04:00:00,1438A,LYS,77.0,94.50327418801442,-17.503274188014416
2021-01-14 05:00:00,1438A,LYS,73.0,93.50180653039077,-20.501806530390766
2021-01-14 06:00:00,1438A,LYS,54.0,93.48378210176804,-39.48378210176804
2021-01-14 07:00:00,1438A,LYS,65.0,92.92743587789394,-27.92743587789394
2021-01-14 08:00:00,1438A,LYS,75.0,92.18020401851736,-17.180204018517358
2021-01-14 09:00:00,1438A,LYS,76.0,91.29145772408326,-15.291457724083259
2021-01-14 10:00:00,1438A,LYS,74.0,90.81901148269718,-16.819011482697178
2021-01-14 11:00:00,1438A,LYS,73.0,92.87042723610192,-19.870427236101918
2021-01-14 12:00:00,1438A,LYS,65.0,94.84835367096206,-29.848353670962055
2021-01-14 13:00:00,1438A,LYS,63.0,95.04323011704511,-32.04323011704511
2021-01-14 14:00:00,1438A,LYS,68.0,95.48136339867898,-27.48136339867898
2021-01-14 15:00:00,1438A,LYS,69.0,95.42630975385403,-26.426309753854028
2021-01-14 16:00:00,1438A,LYS,68.0,94.99218041378514,-26.992180413785135
2021-01-14 17:00:00,1438A,LYS,68.0,94.93054340854701,-26.93054340854701
2021-01-14 18:00:00,1438A,LYS,74.0,95.84730028596555,-21.847300285965545
2021-01-14 19:00:00,1438A,LYS,90.0,97.32112143393623,-7.321121433936227
2021-01-14 20:00:00,1438A,LYS,100.0,97.51628016308487,2.483719836915128
2021-01-14 21:00:00,1438A,LYS,100.0,97.37436632049034,2.6256336795096615
2021-01-14 22:00:00,1438A,LYS,99.0,98.02818819362724,0.9718118063727559
2021-01-14 23:00:00,1438A,LYS,105.0,98.2063572223155,6.7936427776844965
2021-01-15 00:00:00,1438A,LYS,104.0,97.44145675054637,6.558543249453635
2021-01-15 01:00:00,1438A,LYS,120.0,97.40778411298302,22.592215887016977
2021-01-15 02:00:00,1438A,LYS,117.0,97.44407199562836,19.555928004371637
2021-01-15 03:00:00,1438A,LYS,103.0,95.51630599672738,7.483694003272618
2021-01-15 04:00:00,1438A,LYS,119.0,95.12326181389088,23.876738186109122
2021-01-15 05:00:00,1438A,LYS,113.0,94.12179415626723,18.878205843732772
2021-01-15 06:00:00,1438A,LYS,108.0,94.1037697276445,13.896230272355496
2021-01-15 07:00:00,1438A,LYS,102.0,93.5474235037704,8.452576496229597
2021-01-15 08:00:00,1438A,LYS,91.0,92.80019164439382,-1.80019164439382
2021-01-15 09:00:00,1438A,LYS,80.0,91.91144534995972,-11.91144534995972
2021-01-15 10:00:00,1438A,LYS,69.0,91.43899910857364,-22.43899910857364
2021-01-15 11:00:00,1438A,LYS,55.0,93.49041486197838,-38.49041486197838
2021-01-15 12:00:00,1438A,LYS,55.0,95.46834129683852,-40.46834129683852
2021-01-15 13:00:00,1438A,LYS,59.0,95.66321774292157,-36.663217742921574
2021-01-15 14:00:00,1438A,LYS,63.0,96.10135102455544,-33.10135102455544
2021-01-15 15:00:00,1438A,LYS,60.0,96.04629737973049,-36.04629737973049
2021-01-15 16:00:00,1438A,LYS,56.0,95.6121680396616,-39.6121680396616
2021-01-15 17:00:00,1438A,LYS,56.0,95.55053103442347,-39.55053103442347
2021-01-15 18:00:00,1438A,LYS,58.0,96.467287911842,-38.46728791184201
2021-01-15 19:00:00,1438A,LYS,65.0,97.94110905981269,-32.94110905981269
2021-01-15 20:00:00,1438A,LYS,61.0,98.13626778896133,-37.136267788961334
2021-01-15 21:00:00,1438A,LYS,73.0,97.9943539463668,-24.9943539463668
2021-01-15 22:00:00,1438A,LYS,72.0,98.6481758195037,-26.648175819503706
2021-01-15 23:00:00,1438A,LYS,70.0,98.82634484819197,-28.826344848191965
2021-01-16 00:00:00,1438A,LYS,76.0,98.06144437642283,-22.061444376422827
2021-01-16 01:00:00,1438A,LYS,70.0,98.02777173885949,-28.027771738859485
2021-01-16 02:00:00,1438A,LYS,60.0,98.06405962150482,-38.064059621504825
2021-01-16 03:00:00,1438A,LYS,58.0,96.13629362260384,-38.136293622603844
2021-01-16 04:00:00,1438A,LYS,56.0,95.74324943976734,-39.74324943976734
2021-01-16 05:00:00,1438A,LYS,55.0,94.74178178214369,-39.74178178214369
2021-01-16 06:00:00,1438A,LYS,52.0,94.72375735352097,-42.723757353520966
2021-01-16 07:00:00,1438A,LYS,45.0,94.16741112964687,-49.167411129646865
2021-01-16 08:00:00,1438A,LYS,43.0,93.42017927027028,-50.42017927027028
2021-01-16 09:00:00,1438A,LYS,40.0,92.53143297583618,-52.53143297583618
2021-01-16 10:00:00,1438A,LYS,43.0,92.0589867344501,-49.0589867344501
2021-01-16 11:00:00,1438A,LYS,39.0,94.11040248785484,-55.11040248785484
2021-01-16 12:00:00,1438A,LYS,48.0,96.08832892271498,-48.08832892271498
2021-01-16 13:00:00,1438A,LYS,49.0,96.28320536879804,-47.283205368798036
2021-01-16 14:00:00,1438A,LYS,38.0,96.7213386504319,-58.7213386504319
2021-01-16 15:00:00,1438A,LYS,38.0,96.66628500560695,-58.66628500560695
2021-01-16 16:00:00,1438A,LYS,36.0,96.23215566553806,-60.23215566553806
2021-01-16 17:00:00,1438A,LYS,34.0,96.17051866029993,-62.17051866029993
2021-01-16 18:00:00,1438A,LYS,39.0,97.08727553771847,-58.08727553771847
2021-01-16 19:00:00,1438A,LYS,42.0,98.56109668568915,-56.56109668568915
2021-01-16 20:00:00,1438A,LYS,42.0,98.7562554148378,-56.756255414837796
2021-01-16 21:00:00,1438A,LYS,37.0,98.61434157224326,-61.61434157224326
2021-01-16 22:00:00,1438A,LYS,37.0,99.26816344538017,-62.26816344538017
2021-01-16 23:00:00,1438A,LYS,34.0,99.44633247406843,-65.44633247406843
2021-01-17 00:00:00,1438A,LYS,30.0,98.68143200229929,-68.68143200229929
2021-01-17 01:00:00,1438A,LYS,29.0,98.64775936473595,-69.64775936473595
2021-01-17 02:00:00,1438A,LYS,28.0,98.68404724738129,-70.68404724738129
2021-01-17 03:00:00,1438A,LYS,28.0,96.7562812484803,-68.7562812484803
2021-01-17 04:00:00,1438A,LYS,27.0,96.3632370656438,-69.3632370656438
2021-01-17 05:00:00,1438A,LYS,25.0,95.36176940802015,-70.36176940802015
2021-01-17 06:00:00,1438A,LYS,28.0,95.34374497939743,-67.34374497939743
2021-01-17 07:00:00,1438A,LYS,26.0,94.78739875552333,-68.78739875552333
2021-01-17 08:00:00,1438A,LYS,24.0,94.04016689614674,-70.04016689614674
2021-01-17 09:00:00,1438A,LYS,27.0,93.15142060171264,-66.15142060171264
2021-01-17 10:00:00,1438A,LYS,28.0,92.67897436032656,-64.67897436032656
2021-01-17 11:00:00,1438A,LYS,24.0,94.7303901137313,-70.7303901137313
2021-01-17 12:00:00,1438A,LYS,19.0,96.70831654859144,-77.70831654859144
2021-01-17 13:00:00,1438A,LYS,17.0,96.9031929946745,-79.9031929946745
2021-01-17 14:00:00,1438A,LYS,16.0,97.34132627630837,-81.34132627630837
2021-01-17 15:00:00,1438A,LYS,13.0,97.28627263148341,-84.28627263148341
2021-01-17 16:00:00,1438A,LYS,14.0,96.85214329141452,-82.85214329141452
2021-01-17 17:00:00,1438A,LYS,15.0,96.7905062861764,-81.7905062861764
2021-01-17 18:00:00,1438A,LYS,17.0,97.70726316359493,-80.70726316359493
2021-01-17 19:00:00,1438A,LYS,17.0,99.18108431156561,-82.18108431156561
2021-01-17 20:00:00,1438A,LYS,23.0,99.37624304071426,-76.37624304071426
2021-01-17 21:00:00,1438A,LYS,25.0,99.23432919811972,-74.23432919811972
2021-01-17 22:00:00,1438A,LYS,26.0,99.88815107125663,-73.88815107125663
2021-01-17 23:00:00,1438A,LYS,25.0,100.06632009994489,-75.06632009994489
2021-01-18 00:00:00,1438A,LYS,24.0,99.30141962817575,-75.30141962817575
2021-01-18 01:00:00,1438A,LYS,23.0,99.26774699061241,-76.26774699061241
2021-01-18 02:00:00,1438A,LYS,22.0,99.30403487325775,-77.30403487325775
2021-01-18 03:00:00,1438A,LYS,20.0,97.37626887435677,-77.37626887435677
2021-01-18 04:00:00,1438A,LYS,19.0,96.98322469152026,-77.98322469152026
2021-01-18 05:00:00,1438A,LYS,21.0,95.98175703389661,-74.98175703389661
2021-01-18 06:00:00,1438A,LYS,22.0,95.96373260527389,-73.96373260527389
2021-01-18 07:00:00,1438A,LYS,24.0,95.40738638139979,-71.40738638139979
2021-01-18 08:00:00,1438A,LYS,29.0,94.6601545220232,-65.6601545220232
2021-01-18 09:00:00,1438A,LYS,24.0,93.7714082275891,-69.7714082275891
2021-01-18 10:00:00,1438A,LYS,27.0,93.29896198620303,-66.29896198620303
2021-01-18 11:00:00,1438A,LYS,37.0,95.35037773960777,-58.350377739607765
2021-01-18 12:00:00,1438A,LYS,36.0,97.3283041744679,-61.3283041744679
2021-01-18 13:00:00,1438A,LYS,36.0,97.52318062055096,-61.52318062055096
2021-01-18 14:00:00,1438A,LYS,41.0,97.96131390218483,-56.96131390218483
2021-01-18 15:00:00,1438A,LYS,44.0,97.90626025735988,-53.906260257359875
2021-01-18 16:00:00,1438A,LYS,42.0,97.47213091729098,-55.47213091729098
2021-01-18 17:00:00,1438A,LYS,41.0,97.41049391205286,-56.41049391205286
2021-01-18 18:00:00,1438A,LYS,46.0,98.32725078947139,-52.32725078947139
2021-01-18 19:00:00,1438A,LYS,50.0,99.80107193744207,-49.801071937442074
2021-01-18 20:00:00,1438A,LYS,50.0,99.99623066659072,-49.99623066659072
2021-01-18 21:00:00,1438A,LYS,45.0,99.85431682399619,-54.854316823996186
2021-01-18 22:00:00,1438A,LYS,50.0,100.50813869713309,-50.50813869713309
2021-01-18 23:00:00,1438A,LYS,54.0,100.68630772582135,-46.68630772582135
2021-01-19 00:00:00,1438A,LYS,58.0,99.92140725405221,-41.92140725405221
2021-01-19 01:00:00,1438A,LYS,61.0,99.88773461648887,-38.88773461648887
2021-01-19 02:00:00,1438A,LYS,63.0,99.92402249913421,-36.92402249913421
2021-01-19 03:00:00,1438A,LYS,62.0,97.99625650023323,-35.99625650023323
2021-01-19 04:00:00,1438A,LYS,58.0,97.60321231739672,-39.603212317396725
2021-01-19 05:00:00,1438A,LYS,55.0,96.60174465977308,-41.601744659773075
2021-01-19 06:00:00,1438A,LYS,59.0,96.58372023115035,-37.58372023115035
2021-01-19 07:00:00,1438A,LYS,51.0,96.02737400727625,-45.02737400727625
2021-01-19 08:00:00,1438A,LYS,59.0,95.28014214789967,-36.28014214789967
2021-01-19 09:00:00,1438A,LYS,58.0,94.39139585346557,-36.39139585346557
2021-01-19 10:00:00,1438A,LYS,62.0,93.91894961207949,-31.918949612079487
2021-01-19 11:00:00,1438A,LYS,63.0,95.97036536548423,-32.97036536548423
2021-01-19 12:00:00,1438A,LYS,60.0,97.94829180034436,-37.948291800344364
2021-01-19 13:00:00,1438A,LYS,61.0,98.14316824642742,-37.14316824642742
2021-01-19 14:00:00,1438A,LYS,60.0,98.58130152806129,-38.58130152806129
2021-01-19 15:00:00,1438A,LYS,59.0,98.52624788323634,-39.52624788323634
2021-01-19 16:00:00,1438A,LYS,59.0,98.09211854316744,-39.092118543167444
2021-01-19 17:00:00,1438A,LYS,61.0,98.03048153792932,-37.03048153792932
2021-01-19 18:00:00,1438A,LYS,72.0,98.94723841534785,-26.947238415347854
2021-01-19 19:00:00,1438A,LYS,65.0,100.42105956331854,-35.421059563318536
2021-01-19 20:00:00,1438A,LYS,66.0,100.61621829246718,-34.61621829246718
2021-01-19 21:00:00,1438A,LYS,70.0,100.47430444987265,-30.474304449872648
2021-01-19 22:00:00,1438A,LYS,70.0,101.12812632300955,-31.128126323009553
2021-01-19 23:00:00,1438A,LYS,69.0,101.30629535169781,-32.30629535169781
2021-01-20 00:00:00,1438A,LYS,66.0,100.54139487992867,-34.541394879928674
2021-01-20 01:00:00,1438A,LYS,64.0,100.50772224236533,-36.50772224236533
2021-01-20 02:00:00,1438A,LYS,59.0,100.54401012501067,-41.54401012501067
2021-01-20 03:00:00,1438A,LYS,56.0,98.61624412610969,-42.61624412610969
2021-01-20 04:00:00,1438A,LYS,59.0,98.22319994327319,-39.22319994327319
2021-01-20 05:00:00,1438A,LYS,56.0,97.22173228564954,-41.22173228564954
2021-01-20 06:00:00,1438A,LYS,53.0,97.20370785702681,-44.203707857026814
2021-01-20 07:00:00,1438A,LYS,47.0,96.64736163315271,-49.64736163315271
2021-01-20 08:00:00,1438A,LYS,48.0,95.90012977377613,-47.90012977377613
2021-01-20 09:00:00,1438A,LYS,41.0,95.01138347934203,-54.01138347934203
2021-01-20 10:00:00,1438A,LYS,43.0,94.53893723795595,-51.53893723795595
2021-01-20 11:00:00,1438A,LYS,44.0,96.59035299136069,-52.59035299136069
2021-01-20 12:00:00,1438A,LYS,40.0,98.56827942622083,-58.568279426220826
2021-01-20 13:00:00,1438A,LYS,43.0,98.76315587230388,-55.763155872303884
2021-01-20 14:00:00,1438A,LYS,50.0,99.20128915393775,-49.20128915393775
2021-01-20 15:00:00,1438A,LYS,42.0,99.1462355091128,-57.1462355091128
2021-01-20 16:00:00,1438A,LYS,52.0,98.7121061690439,-46.712106169043906
2021-01-20 17:00:00,1438A,LYS,53.0,98.65046916380578,-45.65046916380578
2021-01-20 18:00:00,1438A,LYS,,99.56722604122432,
2021-01-20 19:00:00,1438A,LYS,36.0,101.041047189195,-65.041047189195
2021-01-20 20:00:00,1438A,LYS,42.0,101.23620591834364,-59.23620591834364
2021-01-20 21:00:00,1438A,LYS,32.0,101.09429207574911,-69.09429207574911
2021-01-20 22:00:00,1438A,LYS,36.0,101.74811394888602,-65.74811394888602
2021-01-20 23:00:00,1438A,LYS,32.0,101.92628297757427,-69.92628297757427
2021-01-21 00:00:00,1438A,LYS,33.0,101.16138250580514,-68.16138250580514
2021-01-21 01:00:00,1438A,LYS,34.0,101.1277098682418,-67.1277098682418
2021-01-21 02:00:00,1438A,LYS,32.0,101.16399775088713,-69.16399775088713
2021-01-21 03:00:00,1438A,LYS,32.0,99.23623175198615,-67.23623175198615
2021-01-21 04:00:00,1438A,LYS,35.0,98.84318756914965,-63.84318756914965
2021-01-21 05:00:00,1438A,LYS,37.0,97.841719911526,-60.841719911526
2021-01-21 06:00:00,1438A,LYS,37.0,97.82369548290328,-60.823695482903275
2021-01-21 07:00:00,1438A,LYS,36.0,97.26734925902917,-61.267349259029174
2021-01-21 08:00:00,1438A,LYS,35.0,96.52011739965259,-61.52011739965259
2021-01-21 09:00:00,1438A,LYS,40.0,95.63137110521849,-55.63137110521849
2021-01-21 10:00:00,1438A,LYS,44.0,95.15892486383241,-51.15892486383241
2021-01-21 11:00:00,1438A,LYS,51.0,97.21034061723715,-46.21034061723715
2021-01-21 12:00:00,1438A,LYS,47.0,99.18826705209729,-52.18826705209729
2021-01-21 13:00:00,1438A,LYS,44.0,99.38314349818035,-55.383143498180345
2021-01-21 14:00:00,1438A,LYS,48.0,99.82127677981421,-51.82127677981421
2021-01-21 15:00:00,1438A,LYS,49.0,99.76622313498926,-50.76622313498926
2021-01-21 16:00:00,1438A,LYS,51.0,99.33209379492037,-48.33209379492037
2021-01-21 17:00:00,1438A,LYS,,99.27045678968224,
2021-01-21 18:00:00,1438A,LYS,48.0,100.18721366710078,-52.18721366710078
2021-01-21 19:00:00,1438A,LYS,55.0,101.66103481507146,-46.66103481507146
2021-01-21 20:00:00,1438A,LYS,56.0,101.8561935442201,-45.856193544220105
2021-01-21 21:00:00,1438A,LYS,52.0,101.71427970162557,-49.71427970162557
2021-01-21 22:00:00,1438A,LYS,58.0,102.36810157476248,-44.36810157476248
2021-01-21 23:00:00,1438A,LYS,69.0,102.54627060345074,-33.546270603450736
2021-01-22 00:00:00,1438A,LYS,60.0,101.7813701316816,-41.7813701316816
2021-01-22 01:00:00,1438A,LYS,60.0,101.74769749411826,-41.747697494118256
2021-01-22 02:00:00,1438A,LYS,59.0,101.7839853767636,-42.783985376763596
2021-01-22 03:00:00,1438A,LYS,52.0,99.85621937786262,-47.856219377862615
2021-01-22 04:00:00,1438A,LYS,49.0,99.46317519502611,-50.46317519502611
2021-01-22 05:00:00,1438A,LYS,49.0,98.46170753740246,-49.46170753740246
2021-01-22 06:00:00,1438A,LYS,41.0,98.44368310877974,-57.44368310877974
2021-01-22 07:00:00,1438A,LYS,49.0,97.88733688490564,-48.887336884905636
2021-01-22 08:00:00,1438A,LYS,40.0,97.14010502552905,-57.14010502552905
2021-01-22 09:00:00,1438A,LYS,43.0,96.25135873109495,-53.25135873109495
2021-01-22 10:00:00,1438A,LYS,54.0,95.77891248970887,-41.77891248970887
2021-01-22 11:00:00,1438A,LYS,64.0,97.83032824311361,-33.83032824311361
2021-01-22 12:00:00,1438A,LYS,63.0,99.80825467797375,-36.80825467797375
2021-01-22 13:00:00,1438A,LYS,74.0,100.00313112405681,-26.003131124056807
2021-01-22 14:00:00,1438A,LYS,83.0,100.44126440569067,-17.441264405690674
2021-01-22 15:00:00,1438A,LYS,70.0,100.38621076086572,-30.386210760865723
2021-01-22 16:00:00,1438A,LYS,61.0,99.95208142079683,-38.95208142079683
2021-01-22 17:00:00,1438A,LYS,63.0,99.8904444155587,-36.890444415558704
2021-01-22 18:00:00,1438A,LYS,71.0,100.80720129297724,-29.80720129297724
2021-01-22 19:00:00,1438A,LYS,73.0,102.28102244094792,-29.281022440947922
2021-01-22 20:00:00,1438A,LYS,68.0,102.47618117009657,-34.47618117009657
2021-01-22 21:00:00,1438A,LYS,78.0,102.33426732750203,-24.334267327502033
2021-01-22 22:00:00,1438A,LYS,70.0,102.98808920063894,-32.98808920063894
2021-01-22 23:00:00,1438A,LYS,64.0,103.1662582293272,-39.1662582293272
2021-01-23 00:00:00,1438A,LYS,71.0,102.40135775755806,-31.40135775755806
2021-01-23 01:00:00,1438A,LYS,78.0,102.36768511999472,-24.367685119994718
2021-01-23 02:00:00,1438A,LYS,88.0,102.40397300264006,-14.403973002640058
2021-01-23 03:00:00,1438A,LYS,90.0,100.47620700373908,-10.476207003739077
2021-01-23 04:00:00,1438A,LYS,99.0,100.08316282090257,-1.0831628209025723
2021-01-23 05:00:00,1438A,LYS,107.0,99.08169516327892,7.918304836721077
2021-01-23 06:00:00,1438A,LYS,104.0,99.0636707346562,4.936329265343801
2021-01-23 07:00:00,1438A,LYS,104.0,98.5073245107821,5.492675489217902
2021-01-23 08:00:00,1438A,LYS,108.0,97.76009265140551,10.239907348594485
2021-01-23 09:00:00,1438A,LYS,113.0,96.87134635697142,16.128653643028585
2021-01-23 10:00:00,1438A,LYS,115.0,96.39890011558533,18.601099884414666
2021-01-23 11:00:00,1438A,LYS,117.0,98.45031586899007,18.549684131009926
2021-01-23 12:00:00,1438A,LYS,119.0,100.42824230385021,18.57175769614979
2021-01-23 13:00:00,1438A,LYS,126.0,100.62311874993327,25.37688125006673
2021-01-23 14:00:00,1438A,LYS,138.0,101.06125203156714,36.938747968432864
2021-01-23 15:00:00,1438A,LYS,142.0,101.00619838674218,40.993801613257816
2021-01-23 16:00:00,1438A,LYS,141.0,100.57206904667329,40.42793095332671
2021-01-23 17:00:00,1438A,LYS,124.0,100.51043204143517,23.489567958564834
2021-01-23 18:00:00,1438A,LYS,122.0,101.4271889188537,20.5728110811463
2021-01-23 19:00:00,1438A,LYS,123.0,102.90101006682438,20.098989933175616
2021-01-23 20:00:00,1438A,LYS,101.0,103.09616879597303,-2.0961687959730284
2021-01-23 21:00:00,1438A,LYS,98.0,102.9542549533785,-4.954254953378495
2021-01-23 22:00:00,1438A,LYS,101.0,103.6080768265154,-2.6080768265154006
2021-01-23 23:00:00,1438A,LYS,99.0,103.78624585520366,-4.78624585520366
2021-01-24 00:00:00,1438A,LYS,71.0,103.02134538343452,-32.02134538343452
2021-01-24 01:00:00,1438A,LYS,71.0,102.98767274587118,-31.98767274587118
2021-01-24 02:00:00,1438A,LYS,78.0,103.02396062851652,-25.02396062851652
2021-01-24 03:00:00,1438A,LYS,76.0,101.09619462961554,-25.09619462961554
2021-01-24 04:00:00,1438A,LYS,79.0,100.70315044677903,-21.703150446779034
2021-01-24 05:00:00,1438A,LYS,80.0,99.70168278915538,-19.701682789155385
2021-01-24 06:00:00,1438A,LYS,74.0,99.68365836053266,-25.68365836053266
2021-01-24 07:00:00,1438A,LYS,68.0,99.12731213665856,-31.12731213665856
2021-01-24 08:00:00,1438A,LYS,64.0,98.38008027728198,-34.38008027728198
2021-01-24 09:00:00,1438A,LYS,66.0,97.49133398284788,-31.491333982847877
2021-01-24 10:00:00,1438A,LYS,69.0,97.0188877414618,-28.018887741461796
2021-01-24 11:00:00,1438A,LYS,71.0,99.07030349486654,-28.070303494866536
2021-01-24 12:00:00,1438A,LYS,72.0,101.04822992972667,-29.048229929726674
2021-01-24 13:00:00,1438A,LYS,77.0,101.24310637580973,-24.24310637580973
2021-01-24 14:00:00,1438A,LYS,78.0,101.6812396574436,-23.681239657443598
2021-01-24 15:00:00,1438A,LYS,81.0,101.62618601261865,-20.626186012618646
2021-01-24 16:00:00,1438A,LYS,80.0,101.19205667254975,-21.192056672549754
2021-01-24 17:00:00,1438A,LYS,84.0,101.13041966731163,-17.130419667311628
2021-01-24 18:00:00,1438A,LYS,87.0,102.04717654473016,-15.047176544730164
2021-01-24 19:00:00,1438A,LYS,90.0,103.52099769270085,-13.520997692700846
2021-01-24 20:00:00,1438A,LYS,89.0,103.71615642184949,-14.71615642184949
2021-01-24 21:00:00,1438A,LYS,92.0,103.57424257925496,-11.574242579254957
2021-01-24 22:00:00,1438A,LYS,73.0,104.22806445239186,-31.228064452391862
2021-01-24 23:00:00,1438A,LYS,40.0,104.40623348108012,-64.40623348108012
2021-01-25 00:00:00,1438A,LYS,38.0,103.64133300931098,-65.64133300931098
2021-01-25 01:00:00,1438A,LYS,26.0,103.60766037174764,-77.60766037174764
2021-01-25 02:00:00,1438A,LYS,45.0,103.64394825439298,-58.64394825439298
2021-01-25 03:00:00,1438A,LYS,43.0,101.716182255492,-58.716182255492
2021-01-25 04:00:00,1438A,LYS,44.0,101.3231380726555,-57.323138072655496
2021-01-25 05:00:00,1438A,LYS,29.0,100.32167041503185,-71.32167041503185
2021-01-25 06:00:00,1438A,LYS,26.0,100.30364598640912,-74.30364598640912
2021-01-25 07:00:00,1438A,LYS,40.0,99.74729976253502,-59.74729976253502
2021-01-25 08:00:00,1438A,LYS,47.0,99.00006790315844,-52.00006790315844
2021-01-25 09:00:00,1438A,LYS,51.0,98.11132160872434,-47.11132160872434
2021-01-25 10:00:00,1438A,LYS,47.0,97.63887536733826,-50.63887536733826
2021-01-25 11:00:00,1438A,LYS,46.0,99.690291120743,-53.690291120743
2021-01-25 12:00:00,1438A,LYS,50.0,101.66821755560314,-51.668217555603135
2021-01-25 13:00:00,1438A,LYS,48.0,101.86309400168619,-53.86309400168619
2021-01-25 14:00:00,1438A,LYS,46.0,102.30122728332006,-56.30122728332006
2021-01-25 15:00:00,1438A,LYS,50.0,102.24617363849511,-52.24617363849511
2021-01-25 16:00:00,1438A,LYS,48.0,101.81204429842622,-53.812044298426216
2021-01-25 17:00:00,1438A,LYS,46.0,101.75040729318809,-55.75040729318809
2021-01-25 18:00:00,1438A,LYS,50.0,102.66716417060663,-52.667164170606625
2021-01-25 19:00:00,1438A,LYS,53.0,104.14098531857731,-51.14098531857731
2021-01-25 20:00:00,1438A,LYS,54.0,104.33614404772595,-50.33614404772595
2021-01-25 21:00:00,1438A,LYS,42.0,104.19423020513142,-62.19423020513142
2021-01-25 22:00:00,1438A,LYS,36.0,104.84805207826832,-68.84805207826832
2021-01-25 23:00:00,1438A,LYS,34.0,105.02622110695658,-71.02622110695658
2021-01-26 00:00:00,1438A,LYS,26.0,104.26132063518745,-78.26132063518745
2021-01-26 01:00:00,1438A,LYS,14.0,104.2276479976241,-90.2276479976241
2021-01-26 02:00:00,1438A,LYS,14.0,104.26393588026944,-90.26393588026944
2021-01-26 03:00:00,1438A,LYS,12.0,102.33616988136846,-90.33616988136846
2021-01-26 04:00:00,1438A,LYS,10.0,101.94312569853196,-91.94312569853196
2021-01-26 05:00:00,1438A,LYS,10.0,100.94165804090831,-90.94165804090831
2021-01-26 06:00:00,1438A,LYS,19.0,100.92363361228558,-81.92363361228558
2021-01-26 07:00:00,1438A,LYS,21.0,100.36728738841148,-79.36728738841148
2021-01-26 08:00:00,1438A,LYS,16.0,99.6200555290349,-83.6200555290349
2021-01-26 09:00:00,1438A,LYS,14.0,98.7313092346008,-84.7313092346008
2021-01-26 10:00:00,1438A,LYS,14.0,98.25886299321472,-84.25886299321472
2021-01-26 11:00:00,1438A,LYS,19.0,100.31027874661946,-81.31027874661946
2021-01-26 12:00:00,1438A,LYS,24.0,102.2882051814796,-78.2882051814796
2021-01-26 13:00:00,1438A,LYS,32.0,102.48308162756265,-70.48308162756265
2021-01-26 14:00:00,1438A,LYS,31.0,102.92121490919652,-71.92121490919652
2021-01-26 15:00:00,1438A,LYS,32.0,102.86616126437157,-70.86616126437157
2021-01-26 16:00:00,1438A,LYS,35.0,102.43203192430268,-67.43203192430268
2021-01-26 17:00:00,1438A,LYS,56.0,102.37039491906455,-46.37039491906455
2021-01-26 18:00:00,1438A,LYS,65.0,103.28715179648309,-38.28715179648309
2021-01-26 19:00:00,1438A,LYS,62.0,104.76097294445377,-42.76097294445377
2021-01-26 20:00:00,1438A,LYS,65.0,104.95613167360241,-39.956131673602414
2021-01-26 21:00:00,1438A,LYS,73.0,104.81421783100788,-31.81421783100788
2021-01-26 22:00:00,1438A,LYS,75.0,105.46803970414479,-30.468039704144786
2021-01-26 23:00:00,1438A,LYS,70.0,105.64620873283305,-35.646208732833045
2021-01-27 00:00:00,1438A,LYS,56.0,104.88130826106391,-48.88130826106391
2021-01-27 01:00:00,1438A,LYS,32.0,104.84763562350057,-72.84763562350057
2021-01-27 02:00:00,1438A,LYS,36.0,104.8839235061459,-68.8839235061459
2021-01-27 03:00:00,1438A,LYS,40.0,102.95615750724492,-62.956157507244924
2021-01-27 04:00:00,1438A,LYS,24.0,102.56311332440842,-78.56311332440842
2021-01-27 05:00:00,1438A,LYS,40.0,101.56164566678477,-61.56164566678477
2021-01-27 06:00:00,1438A,LYS,30.0,101.54362123816205,-71.54362123816205
2021-01-27 07:00:00,1438A,LYS,19.0,100.98727501428795,-81.98727501428795
2021-01-27 08:00:00,1438A,LYS,26.0,100.24004315491136,-74.24004315491136
2021-01-27 09:00:00,1438A,LYS,37.0,99.35129686047726,-62.35129686047726
2021-01-27 10:00:00,1438A,LYS,40.0,98.87885061909118,-58.87885061909118
2021-01-27 11:00:00,1438A,LYS,47.0,100.93026637249592,-53.93026637249592
2021-01-27 12:00:00,1438A,LYS,52.0,102.90819280735606,-50.90819280735606
2021-01-27 13:00:00,1438A,LYS,56.0,103.10306925343912,-47.103069253439116
2021-01-27 14:00:00,1438A,LYS,56.0,103.54120253507298,-47.54120253507298
2021-01-27 15:00:00,1438A,LYS,51.0,103.48614889024803,-52.48614889024803
2021-01-27 16:00:00,1438A,LYS,53.0,103.05201955017914,-50.05201955017914
2021-01-27 17:00:00,1438A,LYS,50.0,102.99038254494101,-52.99038254494101
2021-01-27 18:00:00,1438A,LYS,42.0,103.90713942235955,-61.90713942235955
2021-01-27 19:00:00,1438A,LYS,45.0,105.38096057033023,-60.38096057033023
2021-01-27 20:00:00,1438A,LYS,47.0,105.57611929947888,-58.576119299478876
2021-01-27 21:00:00,1438A,LYS,45.0,105.43420545688434,-60.43420545688434
2021-01-27 22:00:00,1438A,LYS,43.0,106.08802733002125,-63.08802733002125
2021-01-27 23:00:00,1438A,LYS,44.0,106.26619635870951,-62.26619635870951
2021-01-28 00:00:00,1438A,LYS,37.0,105.50129588694037,-68.50129588694037
2021-01-28 01:00:00,1438A,LYS,28.0,105.46762324937703,-77.46762324937703
2021-01-28 02:00:00,1438A,LYS,23.0,105.50391113202237,-82.50391113202237
2021-01-28 03:00:00,1438A,LYS,18.0,103.57614513312139,-85.57614513312139
2021-01-28 04:00:00,1438A,LYS,14.0,103.18310095028488,-89.18310095028488
2021-01-28 05:00:00,1438A,LYS,13.0,102.18163329266123,-89.18163329266123
2021-01-28 06:00:00,1438A,LYS,14.0,102.16360886403851,-88.16360886403851
2021-01-28 07:00:00,1438A,LYS,14.0,101.60726264016441,-87.60726264016441
2021-01-28 08:00:00,1438A,LYS,14.0,100.86003078078782,-86.86003078078782
2021-01-28 09:00:00,1438A,LYS,14.0,99.97128448635372,-85.97128448635372
2021-01-28 10:00:00,1438A,LYS,21.0,99.49883824496764,-78.49883824496764
2021-01-28 11:00:00,1438A,LYS,22.0,101.55025399837238,-79.55025399837238
2021-01-28 12:00:00,1438A,LYS,34.0,103.52818043323252,-69.52818043323252
2021-01-28 13:00:00,1438A,LYS,52.0,103.72305687931558,-51.72305687931558
2021-01-28 14:00:00,1438A,LYS,69.0,104.16119016094945,-35.161190160949445
2021-01-28 15:00:00,1438A,LYS,64.0,104.1061365161245,-40.106136516124494
2021-01-28 16:00:00,1438A,LYS,78.0,103.6720071760556,-25.6720071760556
2021-01-28 17:00:00,1438A,LYS,84.0,103.61037017081748,-19.610370170817475
2021-01-28 18:00:00,1438A,LYS,85.0,104.52712704823601,-19.52712704823601
2021-01-28 19:00:00,1438A,LYS,91.0,106.00094819620669,-15.000948196206693
2021-01-28 20:00:00,1438A,LYS,94.0,106.19610692535534,-12.196106925355338
2021-01-28 21:00:00,1438A,LYS,81.0,106.0541930827608,-25.054193082760804
2021-01-28 22:00:00,1438A,LYS,73.0,106.70801495589771,-33.70801495589771
2021-01-28 23:00:00,1438A,LYS,78.0,106.88618398458597,-28.88618398458597
2021-01-29 00:00:00,1438A,LYS,80.0,106.12128351281683,-26.12128351281683
2021-01-29 01:00:00,1438A,LYS,71.0,106.08761087525349,-35.08761087525349
2021-01-29 02:00:00,1438A,LYS,72.0,106.12389875789883,-34.12389875789883
2021-01-29 03:00:00,1438A,LYS,58.0,104.19613275899785,-46.19613275899785
2021-01-29 04:00:00,1438A,LYS,50.0,103.80308857616134,-53.80308857616134
2021-01-29 05:00:00,1438A,LYS,37.0,102.8016209185377,-65.8016209185377
2021-01-29 06:00:00,1438A,LYS,53.0,102.78359648991497,-49.78359648991497
2021-01-29 07:00:00,1438A,LYS,45.0,102.22725026604087,-57.22725026604087
2021-01-29 08:00:00,1438A,LYS,35.0,101.48001840666429,-66.48001840666429
2021-01-29 09:00:00,1438A,LYS,38.0,100.59127211223019,-62.591272112230186
2021-01-29 10:00:00,1438A,LYS,42.0,100.1188258708441,-58.118825870844105
2021-01-29 11:00:00,1438A,LYS,47.0,102.17024162424885,-55.170241624248845
2021-01-29 12:00:00,1438A,LYS,45.0,104.14816805910898,-59.14816805910898
2021-01-29 13:00:00,1438A,LYS,42.0,104.34304450519204,-62.34304450519204
2021-01-29 14:00:00,1438A,LYS,39.0,104.78117778682591,-65.78117778682591
2021-01-29 15:00:00,1438A,LYS,40.0,104.72612414200096,-64.72612414200096
2021-01-29 16:00:00,1438A,LYS,39.0,104.29199480193206,-65.29199480193206
2021-01-29 17:00:00,1438A,LYS,36.0,104.23035779669394,-68.23035779669394
2021-01-29 18:00:00,1438A,LYS,35.0,105.14711467411247,-70.14711467411247
2021-01-29 19:00:00,1438A,LYS,,106.62093582208315,
2021-01-29 20:00:00,1438A,LYS,34.0,106.8160945512318,-72.8160945512318
2021-01-29 21:00:00,1438A,LYS,32.0,106.67418070863727,-74.67418070863727
2021-01-29 22:00:00,1438A,LYS,34.0,107.32800258177417,-73.32800258177417
2021-01-29 23:00:00,1438A,LYS,33.0,107.50617161046243,-74.50617161046243
2021-01-30 00:00:00,1438A,LYS,32.0,106.74127113869329,-74.74127113869329
2021-01-30 01:00:00,1438A,LYS,30.0,106.70759850112995,-76.70759850112995
2021-01-30 02:00:00,1438A,LYS,30.0,106.74388638377529,-76.74388638377529
2021-01-30 03:00:00,1438A,LYS,30.0,104.81612038487431,-74.81612038487431
2021-01-30 04:00:00,1438A,LYS,29.0,104.4230762020378,-75.4230762020378
2021-01-30 05:00:00,1438A,LYS,28.0,103.42160854441416,-75.42160854441416
2021-01-30 06:00:00,1438A,LYS,26.0,103.40358411579143,-77.40358411579143
2021-01-30 07:00:00,1438A,LYS,24.0,102.84723789191733,-78.84723789191733
2021-01-30 08:00:00,1438A,LYS,22.0,102.10000603254075,-80.10000603254075
2021-01-30 09:00:00,1438A,LYS,20.0,101.21125973810665,-81.21125973810665
2021-01-30 10:00:00,1438A,LYS,19.0,100.73881349672057,-81.73881349672057
2021-01-30 11:00:00,1438A,LYS,17.0,102.79022925012531,-85.79022925012531
2021-01-30 12:00:00,1438A,LYS,15.0,104.76815568498544,-89.76815568498544
2021-01-30 13:00:00,1438A,LYS,15.0,104.9630321310685,-89.9630321310685
2021-01-30 14:00:00,1438A,LYS,18.0,105.40116541270237,-87.40116541270237
2021-01-30 15:00:00,1438A,LYS,23.0,105.34611176787742,-82.34611176787742
2021-01-30 16:00:00,1438A,LYS,24.0,104.91198242780852,-80.91198242780852
2021-01-30 17:00:00,1438A,LYS,26.0,104.8503454225704,-78.8503454225704
2021-01-30 18:00:00,1438A,LYS,28.0,105.76710229998893,-77.76710229998893
2021-01-30 19:00:00,1438A,LYS,29.0,107.24092344795962,-78.24092344795962
2021-01-30 20:00:00,1438A,LYS,30.0,107.43608217710826,-77.43608217710826
2021-01-30 21:00:00,1438A,LYS,34.0,107.29416833451373,-73.29416833451373
2021-01-30 22:00:00,1438A,LYS,34.0,107.94799020765063,-73.94799020765063
2021-01-30 23:00:00,1438A,LYS,35.0,108.12615923633889,-73.12615923633889
2021-01-31 00:00:00,1438A,LYS,34.0,107.36125876456975,-73.36125876456975
2021-01-31 01:00:00,1438A,LYS,35.0,107.32758612700641,-72.32758612700641
2021-01-31 02:00:00,1438A,LYS,38.0,107.36387400965175,-69.36387400965175
2021-01-31 03:00:00,1438A,LYS,41.0,105.43610801075077,-64.43610801075077
2021-01-31 04:00:00,1438A,LYS,43.0,105.04306382791427,-62.04306382791427
2021-01-31 05:00:00,1438A,LYS,44.0,104.04159617029062,-60.04159617029062
2021-01-31 06:00:00,1438A,LYS,41.0,104.0235717416679,-63.023571741667894
2021-01-31 07:00:00,1438A,LYS,38.0,103.46722551779379,-65.46722551779379
2021-01-31 08:00:00,1438A,LYS,39.0,102.71999365841721,-63.71999365841721
2021-01-31 09:00:00,1438A,LYS,38.0,101.83124736398311,-63.83124736398311
2021-01-31 10:00:00,1438A,LYS,34.0,101.35880112259703,-67.35880112259703
2021-01-31 11:00:00,1438A,LYS,27.0,103.41021687600177,-76.41021687600177
2021-01-31 12:00:00,1438A,LYS,27.0,105.3881433108619,-78.3881433108619
2021-01-31 13:00:00,1438A,LYS,27.0,105.58301975694496,-78.58301975694496
2021-01-31 14:00:00,1438A,LYS,30.0,106.02115303857883,-76.02115303857883
2021-01-31 15:00:00,1438A,LYS,28.0,105.96609939375388,-77.96609939375388
2021-01-31 16:00:00,1438A,LYS,26.0,105.53197005368499,-79.53197005368499
2021-01-31 17:00:00,1438A,LYS,30.0,105.47033304844686,-75.47033304844686
2021-01-31 18:00:00,1438A,LYS,32.0,106.3870899258654,-74.3870899258654
2021-01-31 19:00:00,1438A,LYS,34.0,107.86091107383608,-73.86091107383608
2021-01-31 20:00:00,1438A,LYS,41.0,108.05606980298472,-67.05606980298472
2021-01-31 21:00:00,1438A,LYS,42.0,107.91415596039019,-65.91415596039019
2021-01-31 22:00:00,1438A,LYS,41.0,108.5679778335271,-67.5679778335271
2021-01-31 23:00:00,1438A,LYS,40.0,108.74614686221535,-68.74614686221535
2021-02-01 00:00:00,1438A,LYS,38.0,107.98124639044622,-69.98124639044622
2021-02-01 01:00:00,1438A,LYS,40.0,107.94757375288287,-67.94757375288287
2021-02-01 02:00:00,1438A,LYS,40.0,107.98386163552821,-67.98386163552821
2021-02-01 03:00:00,1438A,LYS,41.0,106.05609563662723,-65.05609563662723
2021-02-01 04:00:00,1438A,LYS,40.0,105.66305145379073,-65.66305145379073
2021-02-01 05:00:00,1438A,LYS,40.0,104.66158379616708,-64.66158379616708
2021-02-01 06:00:00,1438A,LYS,37.0,104.64355936754436,-67.64355936754436
2021-02-01 07:00:00,1438A,LYS,33.0,104.08721314367025,-71.08721314367025
2021-02-01 08:00:00,1438A,LYS,31.0,103.33998128429367,-72.33998128429367
2021-02-01 09:00:00,1438A,LYS,28.0,102.45123498985957,-74.45123498985957
2021-02-01 10:00:00,1438A,LYS,26.0,101.97878874847349,-75.97878874847349
2021-02-01 11:00:00,1438A,LYS,33.0,104.03020450187823,-71.03020450187823
2021-02-01 12:00:00,1438A,LYS,32.0,106.00813093673837,-74.00813093673837
2021-02-01 13:00:00,1438A,LYS,37.0,106.20300738282143,-69.20300738282143
2021-02-01 14:00:00,1438A,LYS,42.0,106.64114066445529,-64.64114066445529
2021-02-01 15:00:00,1438A,LYS,44.0,106.58608701963034,-62.58608701963034
2021-02-01 16:00:00,1438A,LYS,42.0,106.15195767956145,-64.15195767956145
2021-02-01 17:00:00,1438A,LYS,49.0,106.09032067432332,-57.09032067432332
2021-02-01 18:00:00,1438A,LYS,51.0,107.00707755174186,-56.00707755174186
2021-02-01 19:00:00,1438A,LYS,53.0,108.48089869971254,-55.48089869971254
2021-02-01 20:00:00,1438A,LYS,52.0,108.67605742886118,-56.676057428861185
2021-02-01 21:00:00,1438A,LYS,50.0,108.53414358626665,-58.53414358626665
2021-02-01 22:00:00,1438A,LYS,56.0,109.18796545940356,-53.18796545940356
2021-02-01 23:00:00,1438A,LYS,66.0,109.36613448809182,-43.36613448809182
2021-02-02 00:00:00,1438A,LYS,66.0,108.60123401632268,-42.60123401632268
2021-02-02 01:00:00,1438A,LYS,64.0,108.56756137875934,-44.567561378759336
2021-02-02 02:00:00,1438A,LYS,64.0,108.60384926140468,-44.603849261404676
2021-02-02 03:00:00,1438A,LYS,68.0,106.6760832625037,-38.676083262503695
2021-02-02 04:00:00,1438A,LYS,68.0,106.28303907966719,-38.28303907966719
2021-02-02 05:00:00,1438A,LYS,67.0,105.28157142204354,-38.28157142204354
2021-02-02 06:00:00,1438A,LYS,69.0,105.26354699342082,-36.26354699342082
2021-02-02 07:00:00,1438A,LYS,76.0,104.70720076954672,-28.707200769546716
2021-02-02 08:00:00,1438A,LYS,77.0,103.95996891017013,-26.959968910170133
2021-02-02 09:00:00,1438A,LYS,76.0,103.07122261573603,-27.071222615736033
2021-02-02 10:00:00,1438A,LYS,74.0,102.59877637434995,-28.598776374349953
2021-02-02 11:00:00,1438A,LYS,79.0,104.65019212775469,-25.650192127754693
2021-02-02 12:00:00,1438A,LYS,81.0,106.62811856261483,-25.62811856261483
2021-02-02 13:00:00,1438A,LYS,86.0,106.82299500869789,-20.822995008697887
2021-02-02 14:00:00,1438A,LYS,94.0,107.26112829033175,-13.261128290331754
2021-02-02 15:00:00,1438A,LYS,98.0,107.2060746455068,-9.206074645506803
2021-02-02 16:00:00,1438A,LYS,96.0,106.77194530543791,-10.77194530543791
2021-02-02 17:00:00,1438A,LYS,95.0,106.71030830019978,-11.710308300199785
2021-02-02 18:00:00,1438A,LYS,98.0,107.62706517761832,-9.62706517761832
2021-02-02 19:00:00,1438A,LYS,97.0,109.100886325589,-12.100886325589002
2021-02-02 20:00:00,1438A,LYS,97.0,109.29604505473765,-12.296045054737647
2021-02-02 21:00:00,1438A,LYS,90.0,109.15413121214311,-19.154131212143113
2021-02-02 22:00:00,1438A,LYS,94.0,109.80795308528002,-15.807953085280019
2021-02-02 23:00:00,1438A,LYS,87.0,109.98612211396828,-22.98612211396828
2021-02-03 00:00:00,1438A,LYS,83.0,109.22122164219914,-26.22122164219914
2021-02-03 01:00:00,1438A,LYS,72.0,109.1875490046358,-37.1875490046358
2021-02-03 02:00:00,1438A,LYS,85.0,109.22383688728114,-24.223836887281138
2021-02-03 03:00:00,1438A,LYS,81.0,107.29607088838016,-26.296070888380157
2021-02-03 04:00:00,1438A,LYS,74.0,106.90302670554365,-32.90302670554365
2021-02-03 05:00:00,1438A,LYS,71.0,105.90155904792,-34.90155904792
2021-02-03 06:00:00,1438A,LYS,66.0,105.88353461929728,-39.88353461929728
2021-02-03 07:00:00,1438A,LYS,62.0,105.32718839542318,-43.32718839542318
2021-02-03 08:00:00,1438A,LYS,65.0,104.5799565360466,-39.579956536046595
2021-02-03 09:00:00,1438A,LYS,53.0,103.6912102416125,-50.691210241612495
2021-02-03 10:00:00,1438A,LYS,64.0,103.21876400022641,-39.218764000226415
2021-02-03 11:00:00,1438A,LYS,60.0,105.27017975363115,-45.270179753631155
2021-02-03 12:00:00,1438A,LYS,80.0,107.24810618849129,-27.248106188491292
2021-02-03 13:00:00,1438A,LYS,95.0,107.44298263457435,-12.44298263457435
2021-02-03 14:00:00,1438A,LYS,101.0,107.88111591620822,-6.881115916208216
2021-02-03 15:00:00,1438A,LYS,108.0,107.82606227138326,0.1739377286167354
2021-02-03 16:00:00,1438A,LYS,116.0,107.39193293131437,8.608067068685628
2021-02-03 17:00:00,1438A,LYS,114.0,107.33029592607625,6.669704073923754
2021-02-03 18:00:00,1438A,LYS,119.0,108.24705280349478,10.752947196505218
2021-02-03 19:00:00,1438A,LYS,115.0,109.72087395146546,5.279126048534536
2021-02-03 20:00:00,1438A,LYS,112.0,109.91603268061411,2.0839673193858914
2021-02-03 21:00:00,1438A,LYS,118.0,109.77411883801958,8.225881161980425
2021-02-03 22:00:00,1438A,LYS,113.0,110.42794071115648,2.572059288843519
2021-02-03 23:00:00,1438A,LYS,98.0,110.60610973984474,-12.60610973984474
2021-02-04 00:00:00,1438A,LYS,90.0,109.8412092680756,-19.841209268075602
2021-02-04 01:00:00,1438A,LYS,86.0,109.80753663051226,-23.80753663051226
2021-02-04 02:00:00,1438A,LYS,70.0,109.8438245131576,-39.8438245131576
2021-02-04 03:00:00,1438A,LYS,60.0,107.91605851425662,-47.91605851425662
2021-02-04 04:00:00,1438A,LYS,49.0,107.52301433142011,-58.523014331420114
2021-02-04 05:00:00,1438A,LYS,50.0,106.52154667379646,-56.521546673796465
2021-02-04 06:00:00,1438A,LYS,41.0,106.50352224517374,-65.50352224517374
2021-02-04 07:00:00,1438A,LYS,42.0,105.94717602129964,-63.94717602129964
2021-02-04 08:00:00,1438A,LYS,39.0,105.19994416192306,-66.19994416192306
2021-02-04 09:00:00,1438A,LYS,42.0,104.31119786748896,-62.31119786748896
2021-02-04 10:00:00,1438A,LYS,44.0,103.83875162610288,-59.83875162610288
2021-02-04 11:00:00,1438A,LYS,64.0,105.89016737950762,-41.890167379507616
2021-02-04 12:00:00,1438A,LYS,75.0,107.86809381436775,-32.868093814367754
2021-02-04 13:00:00,1438A,LYS,77.0,108.06297026045081,-31.06297026045081
2021-02-04 14:00:00,1438A,LYS,82.0,108.50110354208468,-26.501103542084678
2021-02-04 15:00:00,1438A,LYS,87.0,108.44604989725973,-21.446049897259726
2021-02-04 16:00:00,1438A,LYS,76.0,108.01192055719083,-32.011920557190834
2021-02-04 17:00:00,1438A,LYS,80.0,107.95028355195271,-27.950283551952708
2021-02-04 18:00:00,1438A,LYS,81.0,108.86704042937124,-27.867040429371244
2021-02-04 19:00:00,1438A,LYS,96.0,110.34086157734193,-14.340861577341926
2021-02-04 20:00:00,1438A,LYS,106.0,110.53602030649057,-4.53602030649057
2021-02-04 21:00:00,1438A,LYS,106.0,110.39410646389604,-4.394106463896037
2021-02-04 22:00:00,1438A,LYS,105.0,111.04792833703294,-6.047928337032943
2021-02-04 23:00:00,1438A,LYS,96.0,111.2260973657212,-15.226097365721202
2021-02-05 00:00:00,1438A,LYS,80.0,110.46119689395206,-30.461196893952064
2021-02-05 01:00:00,1438A,LYS,91.0,110.42752425638872,-19.427524256388722
2021-02-05 02:00:00,1438A,LYS,89.0,110.46381213903406,-21.46381213903406
2021-02-05 03:00:00,1438A,LYS,97.0,108.53604614013308,-11.536046140133081
2021-02-05 04:00:00,1438A,LYS,94.0,108.14300195729658,-14.143001957296576
2021-02-05 05:00:00,1438A,LYS,87.0,107.14153429967293,-20.141534299672927
2021-02-05 06:00:00,1438A,LYS,73.0,107.1235098710502,-34.1235098710502
2021-02-05 07:00:00,1438A,LYS,73.0,106.5671636471761,-33.5671636471761
2021-02-05 08:00:00,1438A,LYS,67.0,105.81993178779952,-38.81993178779952
2021-02-05 09:00:00,1438A,LYS,54.0,104.93118549336542,-50.93118549336542
2021-02-05 10:00:00,1438A,LYS,65.0,104.45873925197934,-39.45873925197934
2021-02-05 11:00:00,1438A,LYS,47.0,106.51015500538408,-59.51015500538408
2021-02-05 12:00:00,1438A,LYS,27.0,108.48808144024422,-81.48808144024422
2021-02-05 13:00:00,1438A,LYS,29.0,108.68295788632727,-79.68295788632727
2021-02-05 14:00:00,1438A,LYS,32.0,109.12109116796114,-77.12109116796114
2021-02-05 15:00:00,1438A,LYS,30.0,109.06603752313619,-79.06603752313619
2021-02-05 16:00:00,1438A,LYS,30.0,108.6319081830673,-78.6319081830673
2021-02-05 17:00:00,1438A,LYS,35.0,108.57027117782917,-73.57027117782917
2021-02-05 18:00:00,1438A,LYS,37.0,109.4870280552477,-72.4870280552477
2021-02-05 19:00:00,1438A,LYS,41.0,110.96084920321839,-69.96084920321839
2021-02-05 20:00:00,1438A,LYS,46.0,111.15600793236703,-65.15600793236703
2021-02-05 21:00:00,1438A,LYS,43.0,111.0140940897725,-68.0140940897725
2021-02-05 22:00:00,1438A,LYS,41.0,111.6679159629094,-70.6679159629094
2021-02-05 23:00:00,1438A,LYS,36.0,111.84608499159766,-75.84608499159766
2021-02-06 00:00:00,1438A,LYS,35.0,111.08118451982853,-76.08118451982853
2021-02-06 01:00:00,1438A,LYS,38.0,111.04751188226518,-73.04751188226518
2021-02-06 02:00:00,1438A,LYS,45.0,111.08379976491052,-66.08379976491052
2021-02-06 03:00:00,1438A,LYS,50.0,109.15603376600954,-59.15603376600954
2021-02-06 04:00:00,1438A,LYS,50.0,108.76298958317304,-58.76298958317304
2021-02-06 05:00:00,1438A,LYS,50.0,107.76152192554939,-57.76152192554939
2021-02-06 06:00:00,1438A,LYS,48.0,107.74349749692666,-59.743497496926665
2021-02-06 07:00:00,1438A,LYS,45.0,107.18715127305256,-62.187151273052564
2021-02-06 08:00:00,1438A,LYS,43.0,106.43991941367598,-63.43991941367598
2021-02-06 09:00:00,1438A,LYS,39.0,105.55117311924188,-66.55117311924188
2021-02-06 10:00:00,1438A,LYS,35.0,105.0787268778558,-70.0787268778558
2021-02-06 11:00:00,1438A,LYS,44.0,107.13014263126054,-63.13014263126054
2021-02-06 12:00:00,1438A,LYS,49.0,109.10806906612068,-60.10806906612068
2021-02-06 13:00:00,1438A,LYS,50.0,109.30294551220373,-59.302945512203735
2021-02-06 14:00:00,1438A,LYS,52.0,109.7410787938376,-57.7410787938376
2021-02-06 15:00:00,1438A,LYS,55.0,109.68602514901265,-54.68602514901265
2021-02-06 16:00:00,1438A,LYS,54.0,109.25189580894376,-55.25189580894376
2021-02-06 17:00:00,1438A,LYS,55.0,109.19025880370563,-54.19025880370563
2021-02-06 18:00:00,1438A,LYS,56.0,110.10701568112417,-54.10701568112417
2021-02-06 19:00:00,1438A,LYS,56.0,111.58083682909485,-55.58083682909485
2021-02-06 20:00:00,1438A,LYS,51.0,111.7759955582435,-60.775995558243494
2021-02-06 21:00:00,1438A,LYS,53.0,111.63408171564896,-58.63408171564896
2021-02-06 22:00:00,1438A,LYS,52.0,112.28790358878587,-60.287903588785866
2021-02-06 23:00:00,1438A,LYS,54.0,112.46607261747413,-58.466072617474126
2021-02-07 00:00:00,1438A,LYS,61.0,111.70117214570499,-50.70117214570499
2021-02-07 01:00:00,1438A,LYS,70.0,111.66749950814165,-41.667499508141645
2021-02-07 02:00:00,1438A,LYS,69.0,111.70378739078699,-42.703787390786985
2021-02-07 03:00:00,1438A,LYS,65.0,109.776021391886,-44.776021391886005
2021-02-07 04:00:00,1438A,LYS,60.0,109.3829772090495,-49.3829772090495
2021-02-07 05:00:00,1438A,LYS,58.0,108.38150955142585,-50.38150955142585
2021-02-07 06:00:00,1438A,LYS,58.0,108.36348512280313,-50.36348512280313
2021-02-07 07:00:00,1438A,LYS,49.0,107.80713889892903,-58.807138898929026
2021-02-07 08:00:00,1438A,LYS,50.0,107.05990703955244,-57.05990703955244
2021-02-07 09:00:00,1438A,LYS,46.0,106.17116074511834,-60.17116074511834
2021-02-07 10:00:00,1438A,LYS,46.0,105.69871450373226,-59.69871450373226
2021-02-07 11:00:00,1438A,LYS,38.0,107.750130257137,-69.750130257137
2021-02-07 12:00:00,1438A,LYS,40.0,109.72805669199714,-69.72805669199714
2021-02-07 13:00:00,1438A,LYS,38.0,109.9229331380802,-71.9229331380802
2021-02-07 14:00:00,1438A,LYS,33.0,110.36106641971406,-77.36106641971406
2021-02-07 15:00:00,1438A,LYS,29.0,110.30601277488911,-81.30601277488911
2021-02-07 16:00:00,1438A,LYS,26.0,109.87188343482022,-83.87188343482022
2021-02-07 17:00:00,1438A,LYS,29.0,109.8102464295821,-80.8102464295821
2021-02-07 18:00:00,1438A,LYS,32.0,110.72700330700063,-78.72700330700063
2021-02-07 19:00:00,1438A,LYS,34.0,112.20082445497131,-78.20082445497131
2021-02-07 20:00:00,1438A,LYS,34.0,112.39598318411996,-78.39598318411996
2021-02-07 21:00:00,1438A,LYS,31.0,112.25406934152542,-81.25406934152542
2021-02-07 22:00:00,1438A,LYS,33.0,112.90789121466233,-79.90789121466233
2021-02-07 23:00:00,1438A,LYS,34.0,113.08606024335059,-79.08606024335059
2021-02-08 00:00:00,1438A,LYS,33.0,112.32115977158145,-79.32115977158145
2021-02-08 01:00:00,1438A,LYS,33.0,112.28748713401811,-79.28748713401811
2021-02-08 02:00:00,1438A,LYS,32.0,112.32377501666345,-80.32377501666345
2021-02-08 03:00:00,1438A,LYS,31.0,110.39600901776247,-79.39600901776247
2021-02-08 04:00:00,1438A,LYS,31.0,110.00296483492596,-79.00296483492596
2021-02-08 05:00:00,1438A,LYS,30.0,109.00149717730231,-79.00149717730231
2021-02-08 06:00:00,1438A,LYS,30.0,108.98347274867959,-78.98347274867959
2021-02-08 07:00:00,1438A,LYS,30.0,108.42712652480549,-78.42712652480549
2021-02-08 08:00:00,1438A,LYS,29.0,107.6798946654289,-78.6798946654289
2021-02-08 09:00:00,1438A,LYS,29.0,106.7911483709948,-77.7911483709948
2021-02-08 10:00:00,1438A,LYS,29.0,106.31870212960872,-77.31870212960872
2021-02-08 11:00:00,1438A,LYS,27.0,108.37011788301346,-81.37011788301346
2021-02-08 12:00:00,1438A,LYS,32.0,110.3480443178736,-78.3480443178736
2021-02-08 13:00:00,1438A,LYS,38.0,110.54292076395666,-72.54292076395666
2021-02-08 14:00:00,1438A,LYS,43.0,110.98105404559053,-67.98105404559053
2021-02-08 15:00:00,1438A,LYS,46.0,110.92600040076557,-64.92600040076557
2021-02-08 16:00:00,1438A,LYS,55.0,110.49187106069668,-55.49187106069668
2021-02-08 17:00:00,1438A,LYS,56.0,110.43023405545856,-54.430234055458556
2021-02-08 18:00:00,1438A,LYS,63.0,111.34699093287709,-48.34699093287709
2021-02-08 19:00:00,1438A,LYS,70.0,112.82081208084777,-42.82081208084777
2021-02-08 20:00:00,1438A,LYS,73.0,113.01597080999642,-40.01597080999642
2021-02-08 21:00:00,1438A,LYS,79.0,112.87405696740188,-33.874056967401884
2021-02-08 22:00:00,1438A,LYS,81.0,113.52787884053879,-32.52787884053879
2021-02-08 23:00:00,1438A,LYS,88.0,113.70604786922705,-25.70604786922705
2021-02-09 00:00:00,1438A,LYS,87.0,112.94114739745791,-25.94114739745791
2021-02-09 01:00:00,1438A,LYS,76.0,112.90747475989457,-36.90747475989457
2021-02-09 02:00:00,1438A,LYS,74.0,112.94376264253991,-38.94376264253991
2021-02-09 03:00:00,1438A,LYS,68.0,111.01599664363893,-43.01599664363893
2021-02-09 04:00:00,1438A,LYS,70.0,110.62295246080242,-40.62295246080242
2021-02-09 05:00:00,1438A,LYS,73.0,109.62148480317877,-36.621484803178774
2021-02-09 06:00:00,1438A,LYS,73.0,109.60346037455605,-36.60346037455605
2021-02-09 07:00:00,1438A,LYS,79.0,109.04711415068195,-30.04711415068195
2021-02-09 08:00:00,1438A,LYS,85.0,108.29988229130537,-23.299882291305366
2021-02-09 09:00:00,1438A,LYS,85.0,107.41113599687127,-22.411135996871266
2021-02-09 10:00:00,1438A,LYS,78.0,106.93868975548519,-28.938689755485186
2021-02-09 11:00:00,1438A,LYS,70.0,108.99010550888993,-38.990105508889926
2021-02-09 12:00:00,1438A,LYS,64.0,110.96803194375006,-46.96803194375006
2021-02-09 13:00:00,1438A,LYS,65.0,111.16290838983312,-46.16290838983312
2021-02-09 14:00:00,1438A,LYS,65.0,111.60104167146699,-46.60104167146699
2021-02-09 15:00:00,1438A,LYS,71.0,111.54598802664204,-40.545988026642036
2021-02-09 16:00:00,1438A,LYS,73.0,111.11185868657314,-38.11185868657314
2021-02-09 17:00:00,1438A,LYS,77.0,111.05022168133502,-34.05022168133502
2021-02-09 18:00:00,1438A,LYS,80.0,111.96697855875355,-31.966978558753553
2021-02-09 19:00:00,1438A,LYS,83.0,113.44079970672423,-30.440799706724235
2021-02-09 20:00:00,1438A,LYS,82.0,113.63595843587288,-31.63595843587288
2021-02-09 21:00:00,1438A,LYS,83.0,113.49404459327835,-30.494044593278346
2021-02-09 22:00:00,1438A,LYS,85.0,114.14786646641525,-29.147866466415252
2021-02-09 23:00:00,1438A,LYS,88.0,114.32603549510351,-26.32603549510351
2021-02-10 00:00:00,1438A,LYS,92.0,113.56113502333437,-21.561135023334373
2021-02-10 01:00:00,1438A,LYS,86.0,113.52746238577103,-27.52746238577103
2021-02-10 02:00:00,1438A,LYS,81.0,113.56375026841637,-32.56375026841637
2021-02-10 03:00:00,1438A,LYS,80.0,111.63598426951539,-31.63598426951539
2021-02-10 04:00:00,1438A,LYS,80.0,111.24294008667889,-31.242940086678885
2021-02-10 05:00:00,1438A,LYS,89.0,110.24147242905524,-21.241472429055236
2021-02-10 06:00:00,1438A,LYS,78.0,110.22344800043251,-32.22344800043251
2021-02-10 07:00:00,1438A,LYS,72.0,109.66710177655841,-37.66710177655841
2021-02-10 08:00:00,1438A,LYS,64.0,108.91986991718183,-44.91986991718183
2021-02-10 09:00:00,1438A,LYS,50.0,108.03112362274773,-58.03112362274773
2021-02-10 10:00:00,1438A,LYS,46.0,107.55867738136165,-61.55867738136165
2021-02-10 11:00:00,1438A,LYS,71.0,109.61009313476639,-38.61009313476639
2021-02-10 12:00:00,1438A,LYS,84.0,111.58801956962652,-27.588019569626525
2021-02-10 13:00:00,1438A,LYS,83.0,111.78289601570958,-28.782896015709582
2021-02-10 14:00:00,1438A,LYS,79.0,112.22102929734345,-33.22102929734345
2021-02-10 15:00:00,1438A,LYS,81.0,112.1659756525185,-31.165975652518497
2021-02-10 16:00:00,1438A,LYS,85.0,111.7318463124496,-26.731846312449605
2021-02-10 17:00:00,1438A,LYS,84.0,111.67020930721148,-27.67020930721148
2021-02-10 18:00:00,1438A,LYS,81.0,112.58696618463001,-31.586966184630015
2021-02-10 19:00:00,1438A,LYS,84.0,114.0607873326007,-30.060787332600697
2021-02-10 20:00:00,1438A,LYS,80.0,114.25594606174934,-34.25594606174934
2021-02-10 21:00:00,1438A,LYS,82.0,114.11403221915481,-32.11403221915481
2021-02-10 22:00:00,1438A,LYS,84.0,114.76785409229171,-30.767854092291714
2021-02-10 23:00:00,1438A,LYS,93.0,114.94602312097997,-21.946023120979973
2021-02-11 00:00:00,1438A,LYS,94.0,114.18112264921083,-20.181122649210835
2021-02-11 01:00:00,1438A,LYS,93.0,114.14745001164749,-21.147450011647493
2021-02-11 02:00:00,1438A,LYS,102.0,114.18373789429283,-12.183737894292832
2021-02-11 03:00:00,1438A,LYS,109.0,112.25597189539185,-3.255971895391852
2021-02-11 04:00:00,1438A,LYS,110.0,111.86292771255535,-1.8629277125553472
2021-02-11 05:00:00,1438A,LYS,108.0,110.8614600549317,-2.8614600549316975
2021-02-11 06:00:00,1438A,LYS,107.0,110.84343562630897,-3.843435626308974
2021-02-11 07:00:00,1438A,LYS,104.0,110.28708940243487,-6.287089402434873
2021-02-11 08:00:00,1438A,LYS,103.0,109.53985754305829,-6.5398575430582895
2021-02-11 09:00:00,1438A,LYS,101.0,108.65111124862419,-7.65111124862419
2021-02-11 10:00:00,1438A,LYS,88.0,108.17866500723811,-20.17866500723811
2021-02-11 11:00:00,1438A,LYS,86.0,110.23008076064285,-24.23008076064285
2021-02-11 12:00:00,1438A,LYS,92.0,112.20800719550299,-20.208007195502987
2021-02-11 13:00:00,1438A,LYS,83.0,112.40288364158604,-29.402883641586044
2021-02-11 14:00:00,1438A,LYS,81.0,112.84101692321991,-31.84101692321991
2021-02-11 15:00:00,1438A,LYS,76.0,112.78596327839496,-36.78596327839496
2021-02-11 16:00:00,1438A,LYS,70.0,112.35183393832607,-42.35183393832607
2021-02-11 17:00:00,1438A,LYS,68.0,112.29019693308794,-44.29019693308794
2021-02-11 18:00:00,1438A,LYS,71.0,113.20695381050648,-42.20695381050648
2021-02-11 19:00:00,1438A,LYS,84.0,114.68077495847716,-30.68077495847716
2021-02-11 20:00:00,1438A,LYS,87.0,114.8759336876258,-27.875933687625803
2021-02-11 21:00:00,1438A,LYS,89.0,114.73401984503127,-25.73401984503127
2021-02-11 22:00:00,1438A,LYS,92.0,115.38784171816818,-23.387841718168175
2021-02-11 23:00:00,1438A,LYS,96.0,115.56601074685643,-19.566010746856435
2021-02-12 00:00:00,1438A,LYS,101.0,114.8011102750873,-13.801110275087296
2021-02-12 01:00:00,1438A,LYS,100.0,114.76743763752395,-14.767437637523955
2021-02-12 02:00:00,1438A,LYS,98.0,114.8037255201693,-16.803725520169294
2021-02-12 03:00:00,1438A,LYS,95.0,112.87595952126831,-17.875959521268314
2021-02-12 04:00:00,1438A,LYS,83.0,112.48291533843181,-29.48291533843181
2021-02-12 05:00:00,1438A,LYS,69.0,111.48144768080816,-42.48144768080816
2021-02-12 06:00:00,1438A,LYS,66.0,111.46342325218544,-45.463423252185436
2021-02-12 07:00:00,1438A,LYS,68.0,110.90707702831133,-42.907077028311335
2021-02-12 08:00:00,1438A,LYS,57.0,110.15984516893475,-53.15984516893475
2021-02-12 09:00:00,1438A,LYS,52.0,109.27109887450065,-57.27109887450065
2021-02-12 10:00:00,1438A,LYS,50.0,108.79865263311457,-58.79865263311457
2021-02-12 11:00:00,1438A,LYS,64.0,110.85006838651931,-46.85006838651931
2021-02-12 12:00:00,1438A,LYS,76.0,112.82799482137945,-36.82799482137945
2021-02-12 13:00:00,1438A,LYS,91.0,113.0228712674625,-22.022871267462506
2021-02-12 14:00:00,1438A,LYS,96.0,113.46100454909637,-17.461004549096373
2021-02-12 15:00:00,1438A,LYS,87.0,113.40595090427142,-26.40595090427142
2021-02-12 16:00:00,1438A,LYS,92.0,112.97182156420253,-20.97182156420253
2021-02-12 17:00:00,1438A,LYS,102.0,112.9101845589644,-10.910184558964403
2021-02-12 18:00:00,1438A,LYS,119.0,113.82694143638294,5.173058563617062
2021-02-12 19:00:00,1438A,LYS,113.0,115.30076258435362,-2.3007625843536204
2021-02-12 20:00:00,1438A,LYS,107.0,115.49592131350227,-8.495921313502265
2021-02-12 21:00:00,1438A,LYS,108.0,115.35400747090773,-7.354007470907732
2021-02-12 22:00:00,1438A,LYS,93.0,116.00782934404464,-23.007829344044637
2021-02-12 23:00:00,1438A,LYS,81.0,116.1859983727329,-35.1859983727329
2021-02-13 00:00:00,1438A,LYS,78.0,115.42109790096376,-37.42109790096376
2021-02-13 01:00:00,1438A,LYS,76.0,115.38742526340042,-39.38742526340042
2021-02-13 02:00:00,1438A,LYS,71.0,115.42371314604576,-44.423713146045756
2021-02-13 03:00:00,1438A,LYS,59.0,113.49594714714478,-54.495947147144776
2021-02-13 04:00:00,1438A,LYS,54.0,113.10290296430827,-59.10290296430827
2021-02-13 05:00:00,1438A,LYS,49.0,112.10143530668462,-63.10143530668462
2021-02-13 06:00:00,1438A,LYS,47.0,112.0834108780619,-65.0834108780619
2021-02-13 07:00:00,1438A,LYS,46.0,111.5270646541878,-65.5270646541878
2021-02-13 08:00:00,1438A,LYS,47.0,110.77983279481121,-63.77983279481121
2021-02-13 09:00:00,1438A,LYS,44.0,109.89108650037711,-65.89108650037711
2021-02-13 10:00:00,1438A,LYS,44.0,109.41864025899103,-65.41864025899103
2021-02-13 11:00:00,1438A,LYS,46.0,111.47005601239577,-65.47005601239577
2021-02-13 12:00:00,1438A,LYS,53.0,113.44798244725591,-60.44798244725591
2021-02-13 13:00:00,1438A,LYS,56.0,113.64285889333897,-57.64285889333897
2021-02-13 14:00:00,1438A,LYS,47.0,114.08099217497283,-67.08099217497283
2021-02-13 15:00:00,1438A,LYS,47.0,114.02593853014788,-67.02593853014788
2021-02-13 16:00:00,1438A,LYS,43.0,113.59180919007899,-70.59180919007899
2021-02-13 17:00:00,1438A,LYS,39.0,113.53017218484086,-74.53017218484086
2021-02-13 18:00:00,1438A,LYS,35.0,114.4469290622594,-79.4469290622594
2021-02-13 19:00:00,1438A,LYS,24.0,115.92075021023008,-91.92075021023008
2021-02-13 20:00:00,1438A,LYS,23.0,116.11590893937873,-93.11590893937873
2021-02-13 21:00:00,1438A,LYS,23.0,115.9739950967842,-92.9739950967842
2021-02-13 22:00:00,1438A,LYS,29.0,116.6278169699211,-87.6278169699211
2021-02-13 23:00:00,1438A,LYS,36.0,116.80598599860936,-80.80598599860936
2021-02-14 00:00:00,1438A,LYS,44.0,116.04108552684022,-72.04108552684022
2021-02-14 01:00:00,1438A,LYS,42.0,116.00741288927688,-74.00741288927688
2021-02-14 02:00:00,1438A,LYS,38.0,116.04370077192222,-78.04370077192222
2021-02-14 03:00:00,1438A,LYS,32.0,114.11593477302124,-82.11593477302124
2021-02-14 04:00:00,1438A,LYS,29.0,113.72289059018473,-84.72289059018473
2021-02-14 05:00:00,1438A,LYS,24.0,112.72142293256108,-88.72142293256108
2021-02-14 06:00:00,1438A,LYS,20.0,112.70339850393836,-92.70339850393836
2021-02-14 07:00:00,1438A,LYS,18.0,112.14705228006426,-94.14705228006426
2021-02-14 08:00:00,1438A,LYS,20.0,111.39982042068767,-91.39982042068767
2021-02-14 09:00:00,1438A,LYS,17.0,110.51107412625358,-93.51107412625358
2021-02-14 10:00:00,1438A,LYS,14.0,110.0386278848675,-96.0386278848675
2021-02-14 11:00:00,1438A,LYS,16.0,112.09004363827223,-96.09004363827223
2021-02-14 12:00:00,1438A,LYS,21.0,114.06797007313237,-93.06797007313237
2021-02-14 13:00:00,1438A,LYS,24.0,114.26284651921543,-90.26284651921543
2021-02-14 14:00:00,1438A,LYS,32.0,114.7009798008493,-82.7009798008493
2021-02-14 15:00:00,1438A,LYS,31.0,114.64592615602434,-83.64592615602434
2021-02-14 16:00:00,1438A,LYS,30.0,114.21179681595545,-84.21179681595545
2021-02-14 17:00:00,1438A,LYS,31.0,114.15015981071733,-83.15015981071733
2021-02-14 18:00:00,1438A,LYS,34.0,115.06691668813586,-81.06691668813586
2021-02-14 19:00:00,1438A,LYS,41.0,116.54073783610654,-75.54073783610654
2021-02-14 20:00:00,1438A,LYS,46.0,116.73589656525519,-70.73589656525519
2021-02-14 21:00:00,1438A,LYS,46.0,116.59398272266066,-70.59398272266066
2021-02-14 22:00:00,1438A,LYS,47.0,117.24780459579756,-70.24780459579756
2021-02-14 23:00:00,1438A,LYS,50.0,117.42597362448582,-67.42597362448582
2021-02-15 00:00:00,1438A,LYS,45.0,116.66107315271668,-71.66107315271668
2021-02-15 01:00:00,1438A,LYS,45.0,116.62740051515334,-71.62740051515334
2021-02-15 02:00:00,1438A,LYS,48.0,116.66368839779868,-68.66368839779868
2021-02-15 03:00:00,1438A,LYS,44.0,114.7359223988977,-70.7359223988977
2021-02-15 04:00:00,1438A,LYS,36.0,114.3428782160612,-78.3428782160612
2021-02-15 05:00:00,1438A,LYS,29.0,113.34141055843754,-84.34141055843754
2021-02-15 06:00:00,1438A,LYS,26.0,113.32338612981482,-87.32338612981482
2021-02-15 07:00:00,1438A,LYS,18.0,112.76703990594072,-94.76703990594072
2021-02-15 08:00:00,1438A,LYS,23.0,112.01980804656414,-89.01980804656414
2021-02-15 09:00:00,1438A,LYS,29.0,111.13106175213004,-82.13106175213004
2021-02-15 10:00:00,1438A,LYS,25.0,110.65861551074396,-85.65861551074396
2021-02-15 11:00:00,1438A,LYS,22.0,112.7100312641487,-90.7100312641487
2021-02-15 12:00:00,1438A,LYS,17.0,114.68795769900883,-97.68795769900883
2021-02-15 13:00:00,1438A,LYS,16.0,114.88283414509189,-98.88283414509189
2021-02-15 14:00:00,1438A,LYS,17.0,115.32096742672576,-98.32096742672576
2021-02-15 15:00:00,1438A,LYS,15.0,115.2659137819008,-100.2659137819008
2021-02-15 16:00:00,1438A,LYS,14.0,114.83178444183191,-100.83178444183191
2021-02-15 17:00:00,1438A,LYS,14.0,114.77014743659379,-100.77014743659379
2021-02-15 18:00:00,1438A,LYS,15.0,115.68690431401232,-100.68690431401232
2021-02-15 19:00:00,1438A,LYS,17.0,117.160725461983,-100.160725461983
2021-02-15 20:00:00,1438A,LYS,18.0,117.35588419113165,-99.35588419113165
2021-02-15 21:00:00,1438A,LYS,19.0,117.21397034853712,-98.21397034853712
2021-02-15 22:00:00,1438A,LYS,14.0,117.86779222167402,-103.86779222167402
2021-02-15 23:00:00,1438A,LYS,12.0,118.04596125036228,-106.04596125036228
2021-02-16 00:00:00,1438A,LYS,13.0,117.28106077859314,-104.28106077859314
2021-02-16 01:00:00,1438A,LYS,15.0,117.2473881410298,-102.2473881410298
2021-02-16 02:00:00,1438A,LYS,19.0,117.28367602367514,-98.28367602367514
2021-02-16 03:00:00,1438A,LYS,20.0,115.35591002477416,-95.35591002477416
2021-02-16 04:00:00,1438A,LYS,22.0,114.96286584193766,-92.96286584193766
2021-02-16 05:00:00,1438A,LYS,25.0,113.961398184314,-88.961398184314
2021-02-16 06:00:00,1438A,LYS,24.0,113.94337375569128,-89.94337375569128
2021-02-16 07:00:00,1438A,LYS,24.0,113.38702753181718,-89.38702753181718
2021-02-16 08:00:00,1438A,LYS,20.0,112.6397956724406,-92.6397956724406
2021-02-16 09:00:00,1438A,LYS,16.0,111.7510493780065,-95.7510493780065
2021-02-16 10:00:00,1438A,LYS,14.0,111.27860313662042,-97.27860313662042
2021-02-16 11:00:00,1438A,LYS,12.0,113.33001889002516,-101.33001889002516
2021-02-16 12:00:00,1438A,LYS,10.0,115.3079453248853,-105.3079453248853
2021-02-16 13:00:00,1438A,LYS,9.0,115.50282177096835,-106.50282177096835
2021-02-16 14:00:00,1438A,LYS,9.0,115.94095505260222,-106.94095505260222
2021-02-16 15:00:00,1438A,LYS,7.0,115.88590140777727,-108.88590140777727
2021-02-16 16:00:00,1438A,LYS,7.0,115.45177206770838,-108.45177206770838
2021-02-16 17:00:00,1438A,LYS,7.0,115.39013506247025,-108.39013506247025
2021-02-16 18:00:00,1438A,LYS,8.0,116.30689193988879,-108.30689193988879
2021-02-16 19:00:00,1438A,LYS,10.0,117.78071308785947,-107.78071308785947
2021-02-16 20:00:00,1438A,LYS,14.0,117.97587181700811,-103.97587181700811
2021-02-16 21:00:00,1438A,LYS,11.0,117.83395797441358,-106.83395797441358
2021-02-16 22:00:00,1438A,LYS,12.0,118.48777984755048,-106.48777984755048
2021-02-16 23:00:00,1438A,LYS,13.0,118.66594887623874,-105.66594887623874
2021-02-17 00:00:00,1438A,LYS,14.0,117.9010484044696,-103.9010484044696
2021-02-17 01:00:00,1438A,LYS,12.0,117.86737576690626,-105.86737576690626
2021-02-17 02:00:00,1438A,LYS,12.0,117.9036636495516,-105.9036636495516
2021-02-17 03:00:00,1438A,LYS,11.0,115.97589765065062,-104.97589765065062
2021-02-17 04:00:00,1438A,LYS,12.0,115.58285346781412,-103.58285346781412
2021-02-17 05:00:00,1438A,LYS,12.0,114.58138581019047,-102.58138581019047
2021-02-17 06:00:00,1438A,LYS,13.0,114.56336138156774,-101.56336138156774
2021-02-17 07:00:00,1438A,LYS,12.0,114.00701515769364,-102.00701515769364
2021-02-17 08:00:00,1438A,LYS,12.0,113.25978329831706,-101.25978329831706
2021-02-17 09:00:00,1438A,LYS,11.0,112.37103700388296,-101.37103700388296
2021-02-17 10:00:00,1438A,LYS,10.0,111.89859076249688,-101.89859076249688
2021-02-17 11:00:00,1438A,LYS,10.0,113.95000651590162,-103.95000651590162
2021-02-17 12:00:00,1438A,LYS,19.0,115.92793295076176,-96.92793295076176
2021-02-17 13:00:00,1438A,LYS,30.0,116.12280939684481,-86.12280939684481
2021-02-17 14:00:00,1438A,LYS,32.0,116.56094267847868,-84.56094267847868
2021-02-17 15:00:00,1438A,LYS,27.0,116.50588903365373,-89.50588903365373
2021-02-17 16:00:00,1438A,LYS,31.0,116.07175969358484,-85.07175969358484
2021-02-17 17:00:00,1438A,LYS,31.0,116.01012268834671,-85.01012268834671
2021-02-17 18:00:00,1438A,LYS,25.0,116.92687956576525,-91.92687956576525
2021-02-17 19:00:00,1438A,LYS,31.0,118.40070071373593,-87.40070071373593
2021-02-17 20:00:00,1438A,LYS,29.0,118.59585944288457,-89.59585944288457
2021-02-17 21:00:00,1438A,LYS,25.0,118.45394560029004,-93.45394560029004
2021-02-17 22:00:00,1438A,LYS,19.0,119.10776747342695,-100.10776747342695
2021-02-17 23:00:00,1438A,LYS,25.0,119.2859365021152,-94.2859365021152
2021-02-18 00:00:00,1438A,LYS,25.0,118.52103603034607,-93.52103603034607
2021-02-18 01:00:00,1438A,LYS,24.0,118.48736339278273,-94.48736339278273
2021-02-18 02:00:00,1438A,LYS,23.0,118.52365127542807,-95.52365127542807
2021-02-18 03:00:00,1438A,LYS,21.0,116.59588527652708,-95.59588527652708
2021-02-18 04:00:00,1438A,LYS,21.0,116.20284109369058,-95.20284109369058
2021-02-18 05:00:00,1438A,LYS,20.0,115.20137343606693,-95.20137343606693
2021-02-18 06:00:00,1438A,LYS,17.0,115.1833490074442,-98.1833490074442
2021-02-18 07:00:00,1438A,LYS,20.0,114.6270027835701,-94.6270027835701
2021-02-18 08:00:00,1438A,LYS,24.0,113.87977092419352,-89.87977092419352
2021-02-18 09:00:00,1438A,LYS,23.0,112.99102462975942,-89.99102462975942
2021-02-18 10:00:00,1438A,LYS,17.0,112.51857838837334,-95.51857838837334
2021-02-18 11:00:00,1438A,LYS,15.0,114.56999414177808,-99.56999414177808
2021-02-18 12:00:00,1438A,LYS,10.0,116.54792057663822,-106.54792057663822
2021-02-18 13:00:00,1438A,LYS,13.0,116.74279702272128,-103.74279702272128
2021-02-18 14:00:00,1438A,LYS,16.0,117.18093030435514,-101.18093030435514
2021-02-18 15:00:00,1438A,LYS,18.0,117.12587665953019,-99.12587665953019
2021-02-18 16:00:00,1438A,LYS,20.0,116.6917473194613,-96.6917473194613
2021-02-18 17:00:00,1438A,LYS,19.0,116.63011031422317,-97.63011031422317
2021-02-18 18:00:00,1438A,LYS,20.0,117.54686719164171,-97.54686719164171
2021-02-18 19:00:00,1438A,LYS,23.0,119.02068833961239,-96.02068833961239
2021-02-18 20:00:00,1438A,LYS,21.0,119.21584706876104,-98.21584706876104
2021-02-18 21:00:00,1438A,LYS,25.0,119.0739332261665,-94.0739332261665
2021-02-18 22:00:00,1438A,LYS,28.0,119.72775509930341,-91.72775509930341
2021-02-18 23:00:00,1438A,LYS,28.0,119.90592412799167,-91.90592412799167
2021-02-19 00:00:00,1438A,LYS,,119.14102365622253,
2021-02-19 01:00:00,1438A,LYS,29.0,119.10735101865919,-90.10735101865919
2021-02-19 02:00:00,1438A,LYS,31.0,119.14363890130453,-88.14363890130453
2021-02-19 03:00:00,1438A,LYS,32.0,117.21587290240355,-85.21587290240355
2021-02-19 04:00:00,1438A,LYS,30.0,116.82282871956704,-86.82282871956704
2021-02-19 05:00:00,1438A,LYS,33.0,115.82136106194339,-82.82136106194339
2021-02-19 06:00:00,1438A,LYS,35.0,115.80333663332067,-80.80333663332067
2021-02-19 07:00:00,1438A,LYS,35.0,115.24699040944657,-80.24699040944657
2021-02-19 08:00:00,1438A,LYS,30.0,114.49975855006998,-84.49975855006998
2021-02-19 09:00:00,1438A,LYS,28.0,113.61101225563588,-85.61101225563588
2021-02-19 10:00:00,1438A,LYS,24.0,113.1385660142498,-89.1385660142498
2021-02-19 11:00:00,1438A,LYS,26.0,115.18998176765454,-89.18998176765454
2021-02-19 12:00:00,1438A,LYS,26.0,117.16790820251468,-91.16790820251468
2021-02-19 13:00:00,1438A,LYS,23.0,117.36278464859774,-94.36278464859774
2021-02-19 14:00:00,1438A,LYS,20.0,117.8009179302316,-97.8009179302316
2021-02-19 15:00:00,1438A,LYS,17.0,117.74586428540665,-100.74586428540665
2021-02-19 16:00:00,1438A,LYS,14.0,117.31173494533776,-103.31173494533776
2021-02-19 17:00:00,1438A,LYS,12.0,117.25009794009964,-105.25009794009964
2021-02-19 18:00:00,1438A,LYS,10.0,118.16685481751817,-108.16685481751817
2021-02-19 19:00:00,1438A,LYS,11.0,119.64067596548885,-108.64067596548885
2021-02-19 20:00:00,1438A,LYS,14.0,119.8358346946375,-105.8358346946375
2021-02-19 21:00:00,1438A,LYS,16.0,119.69392085204296,-103.69392085204296
2021-02-19 22:00:00,1438A,LYS,18.0,120.34774272517987,-102.34774272517987
2021-02-19 23:00:00,1438A,LYS,18.0,120.52591175386813,-102.52591175386813
2021-02-20 00:00:00,1438A,LYS,17.0,119.76101128209899,-102.76101128209899
2021-02-20 01:00:00,1438A,LYS,20.0,119.72733864453565,-99.72733864453565
2021-02-20 02:00:00,1438A,LYS,20.0,119.76362652718099,-99.76362652718099
2021-02-20 03:00:00,1438A,LYS,23.0,117.83586052828001,-94.83586052828001
2021-02-20 04:00:00,1438A,LYS,22.0,117.4428163454435,-95.4428163454435
2021-02-20 05:00:00,1438A,LYS,19.0,116.44134868781985,-97.44134868781985
2021-02-20 06:00:00,1438A,LYS,18.0,116.42332425919713,-98.42332425919713
2021-02-20 07:00:00,1438A,LYS,19.0,115.86697803532303,-96.86697803532303
2021-02-20 08:00:00,1438A,LYS,18.0,115.11974617594645,-97.11974617594645
2021-02-20 09:00:00,1438A,LYS,18.0,114.23099988151235,-96.23099988151235
2021-02-20 10:00:00,1438A,LYS,14.0,113.75855364012627,-99.75855364012627
2021-02-20 11:00:00,1438A,LYS,23.0,115.809969393531,-92.809969393531
2021-02-20 12:00:00,1438A,LYS,25.0,117.78789582839114,-92.78789582839114
2021-02-20 13:00:00,1438A,LYS,33.0,117.9827722744742,-84.9827722744742
2021-02-20 14:00:00,1438A,LYS,36.0,118.42090555610807,-82.42090555610807
2021-02-20 15:00:00,1438A,LYS,31.0,118.36585191128312,-87.36585191128312
2021-02-20 16:00:00,1438A,LYS,30.0,117.93172257121422,-87.93172257121422
2021-02-20 17:00:00,1438A,LYS,33.0,117.8700855659761,-84.8700855659761
2021-02-20 18:00:00,1438A,LYS,32.0,118.78684244339463,-86.78684244339463
2021-02-20 19:00:00,1438A,LYS,36.0,120.26066359136532,-84.26066359136532
2021-02-20 20:00:00,1438A,LYS,37.0,120.45582232051396,-83.45582232051396
2021-02-20 21:00:00,1438A,LYS,43.0,120.31390847791943,-77.31390847791943
2021-02-20 22:00:00,1438A,LYS,54.0,120.96773035105633,-66.96773035105633
2021-02-20 23:00:00,1438A,LYS,64.0,121.14589937974459,-57.14589937974459
2021-02-21 00:00:00,1438A,LYS,66.0,120.38099890797545,-54.38099890797545
2021-02-21 01:00:00,1438A,LYS,68.0,120.34732627041211,-52.34732627041211
2021-02-21 02:00:00,1438A,LYS,66.0,120.38361415305745,-54.38361415305745
2021-02-21 03:00:00,1438A,LYS,66.0,118.45584815415647,-52.45584815415647
2021-02-21 04:00:00,1438A,LYS,63.0,118.06280397131997,-55.062803971319966
2021-02-21 05:00:00,1438A,LYS,61.0,117.06133631369632,-56.061336313696316
2021-02-21 06:00:00,1438A,LYS,48.0,117.04331188507359,-69.04331188507359
2021-02-21 07:00:00,1438A,LYS,43.0,116.48696566119949,-73.48696566119949
2021-02-21 08:00:00,1438A,LYS,44.0,115.73973380182291,-71.73973380182291
2021-02-21 09:00:00,1438A,LYS,36.0,114.85098750738881,-78.85098750738881
2021-02-21 10:00:00,1438A,LYS,24.0,114.37854126600273,-90.37854126600273
2021-02-21 11:00:00,1438A,LYS,44.0,116.42995701940747,-72.42995701940747
2021-02-21 12:00:00,1438A,LYS,47.0,118.4078834542676,-71.4078834542676
2021-02-21 13:00:00,1438A,LYS,48.0,118.60275990035066,-70.60275990035066
2021-02-21 14:00:00,1438A,LYS,46.0,119.04089318198453,-73.04089318198453
2021-02-21 15:00:00,1438A,LYS,43.0,118.98583953715958,-75.98583953715958
2021-02-21 16:00:00,1438A,LYS,44.0,118.55171019709069,-74.55171019709069
2021-02-21 17:00:00,1438A,LYS,42.0,118.49007319185256,-76.49007319185256
2021-02-21 18:00:00,1438A,LYS,44.0,119.4068300692711,-75.4068300692711
2021-02-21 19:00:00,1438A,LYS,54.0,120.88065121724178,-66.88065121724178
2021-02-21 20:00:00,1438A,LYS,60.0,121.07580994639042,-61.07580994639042
2021-02-21 21:00:00,1438A,LYS,64.0,120.93389610379589,-56.93389610379589
2021-02-21 22:00:00,1438A,LYS,61.0,121.5877179769328,-60.587717976932794
2021-02-21 23:00:00,1438A,LYS,60.0,121.76588700562105,-61.76588700562105
2021-02-22 00:00:00,1438A,LYS,65.0,121.00098653385191,-56.000986533851915
2021-02-22 01:00:00,1438A,LYS,66.0,120.96731389628857,-54.96731389628857
2021-02-22 02:00:00,1438A,LYS,63.0,121.00360177893391,-58.00360177893391
2021-02-22 03:00:00,1438A,LYS,61.0,119.07583578003293,-58.07583578003293
2021-02-22 04:00:00,1438A,LYS,56.0,118.68279159719643,-62.68279159719643
2021-02-22 05:00:00,1438A,LYS,47.0,117.68132393957278,-70.68132393957278
2021-02-22 06:00:00,1438A,LYS,41.0,117.66329951095005,-76.66329951095005
2021-02-22 07:00:00,1438A,LYS,36.0,117.10695328707595,-81.10695328707595
2021-02-22 08:00:00,1438A,LYS,32.0,116.35972142769937,-84.35972142769937
2021-02-22 09:00:00,1438A,LYS,29.0,115.47097513326527,-86.47097513326527
2021-02-22 10:00:00,1438A,LYS,24.0,114.99852889187919,-90.99852889187919
2021-02-22 11:00:00,1438A,LYS,27.0,117.04994464528393,-90.04994464528393
2021-02-22 12:00:00,1438A,LYS,45.0,119.02787108014407,-74.02787108014407
2021-02-22 13:00:00,1438A,LYS,51.0,119.22274752622712,-68.22274752622712
2021-02-22 14:00:00,1438A,LYS,49.0,119.66088080786099,-70.66088080786099
2021-02-22 15:00:00,1438A,LYS,45.0,119.60582716303604,-74.60582716303604
2021-02-22 16:00:00,1438A,LYS,45.0,119.17169782296715,-74.17169782296715
2021-02-22 17:00:00,1438A,LYS,48.0,119.11006081772902,-71.11006081772902
2021-02-22 18:00:00,1438A,LYS,60.0,120.02681769514756,-60.02681769514756
2021-02-22 19:00:00,1438A,LYS,64.0,121.50063884311824,-57.50063884311824
2021-02-22 20:00:00,1438A,LYS,65.0,121.69579757226688,-56.69579757226688
2021-02-22 21:00:00,1438A,LYS,71.0,121.55388372967235,-50.55388372967235
2021-02-22 22:00:00,1438A,LYS,66.0,122.20770560280926,-56.207705602809256
2021-02-22 23:00:00,1438A,LYS,73.0,122.38587463149751,-49.385874631497515
2021-02-23 00:00:00,1438A,LYS,70.0,121.62097415972838,-51.62097415972838
2021-02-23 01:00:00,1438A,LYS,64.0,121.58730152216503,-57.587301522165035
2021-02-23 02:00:00,1438A,LYS,74.0,121.62358940481037,-47.623589404810375
2021-02-23 03:00:00,1438A,LYS,73.0,119.6958234059094,-46.695823405909394
2021-02-23 04:00:00,1438A,LYS,68.0,119.30277922307289,-51.30277922307289
2021-02-23 05:00:00,1438A,LYS,60.0,118.30131156544924,-58.30131156544924
2021-02-23 06:00:00,1438A,LYS,54.0,118.28328713682652,-64.28328713682652
2021-02-23 07:00:00,1438A,LYS,51.0,117.72694091295241,-66.72694091295241
2021-02-23 08:00:00,1438A,LYS,46.0,116.97970905357583,-70.97970905357583
2021-02-23 09:00:00,1438A,LYS,38.0,116.09096275914173,-78.09096275914173
2021-02-23 10:00:00,1438A,LYS,33.0,115.61851651775565,-82.61851651775565
2021-02-23 11:00:00,1438A,LYS,29.0,117.66993227116039,-88.66993227116039
2021-02-23 12:00:00,1438A,LYS,32.0,119.64785870602053,-87.64785870602053
2021-02-23 13:00:00,1438A,LYS,48.0,119.84273515210359,-71.84273515210359
2021-02-23 14:00:00,1438A,LYS,55.0,120.28086843373745,-65.28086843373745
2021-02-23 15:00:00,1438A,LYS,47.0,120.2258147889125,-73.2258147889125
2021-02-23 16:00:00,1438A,LYS,45.0,119.79168544884361,-74.79168544884361
2021-02-23 17:00:00,1438A,LYS,47.0,119.73004844360548,-72.73004844360548
2021-02-23 18:00:00,1438A,LYS,48.0,120.64680532102402,-72.64680532102402
2021-02-23 19:00:00,1438A,LYS,52.0,122.1206264689947,-70.1206264689947
2021-02-23 20:00:00,1438A,LYS,56.0,122.31578519814335,-66.31578519814335
2021-02-23 21:00:00,1438A,LYS,58.0,122.17387135554881,-64.17387135554881
2021-02-23 22:00:00,1438A,LYS,61.0,122.82769322868572,-61.82769322868572
2021-02-23 23:00:00,1438A,LYS,73.0,123.00586225737398,-50.00586225737398
2021-02-24 00:00:00,1438A,LYS,85.0,122.24096178560484,-37.24096178560484
2021-02-24 01:00:00,1438A,LYS,76.0,122.2072891480415,-46.2072891480415
2021-02-24 02:00:00,1438A,LYS,74.0,122.24357703068684,-48.243577030686836
2021-02-24 03:00:00,1438A,LYS,74.0,120.31581103178586,-46.315811031785856
2021-02-24 04:00:00,1438A,LYS,80.0,119.92276684894935,-39.92276684894935
2021-02-24 05:00:00,1438A,LYS,85.0,118.9212991913257,-33.9212991913257
2021-02-24 06:00:00,1438A,LYS,84.0,118.90327476270298,-34.90327476270298
2021-02-24 07:00:00,1438A,LYS,80.0,118.34692853882888,-38.34692853882888
2021-02-24 08:00:00,1438A,LYS,82.0,117.5996966794523,-35.59969667945229
2021-02-24 09:00:00,1438A,LYS,78.0,116.7109503850182,-38.710950385018194
2021-02-24 10:00:00,1438A,LYS,79.0,116.23850414363211,-37.23850414363211
2021-02-24 11:00:00,1438A,LYS,79.0,118.28991989703685,-39.28991989703685
2021-02-24 12:00:00,1438A,LYS,78.0,120.26784633189699,-42.26784633189699
2021-02-24 13:00:00,1438A,LYS,80.0,120.46272277798005,-40.46272277798005
2021-02-24 14:00:00,1438A,LYS,83.0,120.90085605961391,-37.900856059613915
2021-02-24 15:00:00,1438A,LYS,72.0,120.84580241478896,-48.84580241478896
2021-02-24 16:00:00,1438A,LYS,64.0,120.41167307472007,-56.41167307472007
2021-02-24 17:00:00,1438A,LYS,63.0,120.35003606948194,-57.350036069481945
2021-02-24 18:00:00,1438A,LYS,59.0,121.26679294690048,-62.26679294690048
2021-02-24 19:00:00,1438A,LYS,56.0,122.74061409487116,-66.74061409487116
2021-02-24 20:00:00,1438A,LYS,55.0,122.9357728240198,-67.9357728240198
2021-02-24 21:00:00,1438A,LYS,56.0,122.79385898142527,-66.79385898142527
2021-02-24 22:00:00,1438A,LYS,58.0,123.44768085456218,-65.44768085456218
2021-02-24 23:00:00,1438A,LYS,48.0,123.62584988325044,-75.62584988325044
2021-02-25 00:00:00,1438A,LYS,36.0,122.8609494114813,-86.8609494114813
2021-02-25 01:00:00,1438A,LYS,36.0,122.82727677391796,-86.82727677391796
2021-02-25 02:00:00,1438A,LYS,52.0,122.8635646565633,-70.8635646565633
2021-02-25 03:00:00,1438A,LYS,51.0,120.93579865766232,-69.93579865766232
2021-02-25 04:00:00,1438A,LYS,42.0,120.54275447482581,-78.54275447482581
2021-02-25 05:00:00,1438A,LYS,23.0,119.54128681720216,-96.54128681720216
2021-02-25 06:00:00,1438A,LYS,7.0,119.52326238857944,-112.52326238857944
2021-02-25 07:00:00,1438A,LYS,5.0,118.96691616470534,-113.96691616470534
2021-02-25 08:00:00,1438A,LYS,2.0,118.21968430532876,-116.21968430532876
2021-02-25 09:00:00,1438A,LYS,2.0,117.33093801089466,-115.33093801089466
2021-02-25 10:00:00,1438A,LYS,2.0,116.85849176950857,-114.85849176950857
2021-02-25 11:00:00,1438A,LYS,5.0,118.90990752291331,-113.90990752291331
2021-02-25 12:00:00,1438A,LYS,2.0,120.88783395777345,-118.88783395777345
2021-02-25 13:00:00,1438A,LYS,2.0,121.08271040385651,-119.08271040385651
2021-02-25 14:00:00,1438A,LYS,2.0,121.52084368549038,-119.52084368549038
2021-02-25 15:00:00,1438A,LYS,6.0,121.46579004066542,-115.46579004066542
2021-02-25 16:00:00,1438A,LYS,,121.03166070059653,
2021-02-25 17:00:00,1438A,LYS,,120.9700236953584,
2021-02-25 18:00:00,1438A,LYS,7.0,121.88678057277694,-114.88678057277694
2021-02-25 19:00:00,1438A,LYS,6.0,123.36060172074762,-117.36060172074762
2021-02-25 20:00:00,1438A,LYS,5.0,123.55576044989627,-118.55576044989627
2021-02-25 21:00:00,1438A,LYS,5.0,123.41384660730174,-118.41384660730174
2021-02-25 22:00:00,1438A,LYS,5.0,124.06766848043864,-119.06766848043864
2021-02-25 23:00:00,1438A,LYS,6.0,124.2458375091269,-118.2458375091269
2021-02-26 00:00:00,1438A,LYS,6.0,123.48093703735776,-117.48093703735776
2021-02-26 01:00:00,1438A,LYS,6.0,123.44726439979442,-117.44726439979442
2021-02-26 02:00:00,1438A,LYS,6.0,123.48355228243976,-117.48355228243976
2021-02-26 03:00:00,1438A,LYS,7.0,121.55578628353878,-114.55578628353878
2021-02-26 04:00:00,1438A,LYS,5.0,121.16274210070227,-116.16274210070227
2021-02-26 05:00:00,1438A,LYS,2.0,120.16127444307863,-118.16127444307863
2021-02-26 06:00:00,1438A,LYS,12.0,120.1432500144559,-108.1432500144559
2021-02-26 07:00:00,1438A,LYS,22.0,119.5869037905818,-97.5869037905818
2021-02-26 08:00:00,1438A,LYS,24.0,118.83967193120522,-94.83967193120522
2021-02-26 09:00:00,1438A,LYS,20.0,117.95092563677112,-97.95092563677112
2021-02-26 10:00:00,1438A,LYS,9.0,117.47847939538504,-108.47847939538504
2021-02-26 11:00:00,1438A,LYS,26.0,119.52989514878978,-93.52989514878978
2021-02-26 12:00:00,1438A,LYS,27.0,121.50782158364991,-94.50782158364991
2021-02-26 13:00:00,1438A,LYS,20.0,121.70269802973297,-101.70269802973297
2021-02-26 14:00:00,1438A,LYS,17.0,122.14083131136684,-105.14083131136684
2021-02-26 15:00:00,1438A,LYS,16.0,122.08577766654189,-106.08577766654189
2021-02-26 16:00:00,1438A,LYS,16.0,121.651648326473,-105.651648326473
2021-02-26 17:00:00,1438A,LYS,15.0,121.59001132123487,-106.59001132123487
2021-02-26 18:00:00,1438A,LYS,15.0,122.5067681986534,-107.5067681986534
2021-02-26 19:00:00,1438A,LYS,18.0,123.98058934662409,-105.98058934662409
2021-02-26 20:00:00,1438A,LYS,18.0,124.17574807577273,-106.17574807577273
2021-02-26 21:00:00,1438A,LYS,15.0,124.0338342331782,-109.0338342331782
2021-02-26 22:00:00,1438A,LYS,13.0,124.6876561063151,-111.6876561063151
2021-02-26 23:00:00,1438A,LYS,15.0,124.86582513500336,-109.86582513500336
2021-02-27 00:00:00,1438A,LYS,9.0,124.10092466323422,-115.10092466323422
2021-02-27 01:00:00,1438A,LYS,12.0,124.06725202567088,-112.06725202567088
2021-02-27 02:00:00,1438A,LYS,14.0,124.10353990831622,-110.10353990831622
2021-02-27 03:00:00,1438A,LYS,15.0,122.17577390941524,-107.17577390941524
2021-02-27 04:00:00,1438A,LYS,20.0,121.78272972657874,-101.78272972657874
2021-02-27 05:00:00,1438A,LYS,15.0,120.78126206895509,-105.78126206895509
2021-02-27 06:00:00,1438A,LYS,11.0,120.76323764033236,-109.76323764033236
2021-02-27 07:00:00,1438A,LYS,8.0,120.20689141645826,-112.20689141645826
2021-02-27 08:00:00,1438A,LYS,10.0,119.45965955708168,-109.45965955708168
2021-02-27 09:00:00,1438A,LYS,8.0,118.57091326264758,-110.57091326264758
2021-02-27 10:00:00,1438A,LYS,4.0,118.0984670212615,-114.0984670212615
2021-02-27 11:00:00,1438A,LYS,6.0,120.14988277466624,-114.14988277466624
2021-02-27 12:00:00,1438A,LYS,11.0,122.12780920952638,-111.12780920952638
2021-02-27 13:00:00,1438A,LYS,12.0,122.32268565560943,-110.32268565560943
2021-02-27 14:00:00,1438A,LYS,18.0,122.7608189372433,-104.7608189372433
2021-02-27 15:00:00,1438A,LYS,17.0,122.70576529241835,-105.70576529241835
2021-02-27 16:00:00,1438A,LYS,18.0,122.27163595234946,-104.27163595234946
2021-02-27 17:00:00,1438A,LYS,6.0,122.20999894711133,-116.20999894711133
2021-02-27 18:00:00,1438A,LYS,4.0,123.12675582452987,-119.12675582452987
2021-02-27 19:00:00,1438A,LYS,2.0,124.60057697250055,-122.60057697250055
2021-02-27 20:00:00,1438A,LYS,3.0,124.79573570164919,-121.79573570164919
2021-02-27 21:00:00,1438A,LYS,14.0,124.65382185905466,-110.65382185905466
2021-02-27 22:00:00,1438A,LYS,14.0,125.30764373219156,-111.30764373219156
2021-02-27 23:00:00,1438A,LYS,3.0,125.48581276087982,-122.48581276087982
2021-02-28 00:00:00,1438A,LYS,2.0,124.72091228911069,-122.72091228911069
2021-02-28 01:00:00,1438A,LYS,3.0,124.68723965154734,-121.68723965154734
2021-02-28 02:00:00,1438A,LYS,2.0,124.72352753419268,-122.72352753419268
2021-02-28 03:00:00,1438A,LYS,2.0,122.7957615352917,-120.7957615352917
2021-02-28 04:00:00,1438A,LYS,1.0,122.4027173524552,-121.4027173524552
2021-02-28 05:00:00,1438A,LYS,1.0,121.40124969483155,-120.40124969483155
2021-02-28 06:00:00,1438A,LYS,1.0,121.38322526620883,-120.38322526620883
2021-02-28 07:00:00,1438A,LYS,,120.82687904233472,
2021-02-28 08:00:00,1438A,LYS,,120.07964718295814,
2021-02-28 09:00:00,1438A,LYS,,119.19090088852404,
2021-02-28 10:00:00,1438A,LYS,1.0,118.71845464713796,-117.71845464713796
2021-02-28 11:00:00,1438A,LYS,1.0,120.7698704005427,-119.7698704005427
2021-02-28 12:00:00,1438A,LYS,1.0,122.74779683540284,-121.74779683540284
2021-02-28 13:00:00,1438A,LYS,2.0,122.9426732814859,-120.9426732814859
2021-02-28 14:00:00,1438A,LYS,2.0,123.38080656311976,-121.38080656311976
2021-02-28 15:00:00,1438A,LYS,2.0,123.32575291829481,-121.32575291829481
2021-02-28 16:00:00,1438A,LYS,1.0,122.89162357822592,-121.89162357822592
2021-02-28 17:00:00,1438A,LYS,1.0,122.82998657298779,-121.82998657298779
2021-02-28 18:00:00,1438A,LYS,1.0,123.74674345040633,-122.74674345040633
2021-02-28 19:00:00,1438A,LYS,1.0,125.22056459837701,-124.22056459837701
2021-02-28 20:00:00,1438A,LYS,4.0,125.41572332752565,-121.41572332752565
2021-02-28 21:00:00,1438A,LYS,4.0,125.27380948493112,-121.27380948493112
2021-02-28 22:00:00,1438A,LYS,7.0,125.92763135806803,-118.92763135806803
2021-02-28 23:00:00,1438A,LYS,4.0,126.10580038675629,-122.10580038675629
2021-03-01 00:00:00,1438A,LYS,7.0,125.34089991498715,-118.34089991498715
2021-03-01 01:00:00,1438A,LYS,2.0,125.3072272774238,-123.3072272774238
2021-03-01 02:00:00,1438A,LYS,2.0,125.34351516006915,-123.34351516006915
2021-03-01 03:00:00,1438A,LYS,2.0,123.41574916116816,-121.41574916116816
2021-03-01 04:00:00,1438A,LYS,2.0,123.02270497833166,-121.02270497833166
2021-03-01 05:00:00,1438A,LYS,6.0,122.02123732070801,-116.02123732070801
2021-03-01 06:00:00,1438A,LYS,6.0,122.00321289208529,-116.00321289208529
2021-03-01 07:00:00,1438A,LYS,6.0,121.44686666821119,-115.44686666821119
2021-03-01 08:00:00,1438A,LYS,6.0,120.6996348088346,-114.6996348088346
2021-03-01 09:00:00,1438A,LYS,4.0,119.8108885144005,-115.8108885144005
2021-03-01 10:00:00,1438A,LYS,11.0,119.33844227301442,-108.33844227301442
2021-03-01 11:00:00,1438A,LYS,14.0,121.38985802641916,-107.38985802641916
2021-03-01 12:00:00,1438A,LYS,19.0,123.3677844612793,-104.3677844612793
2021-03-01 13:00:00,1438A,LYS,22.0,123.56266090736236,-101.56266090736236
2021-03-01 14:00:00,1438A,LYS,19.0,124.00079418899622,-105.00079418899622
2021-03-01 15:00:00,1438A,LYS,18.0,123.94574054417127,-105.94574054417127
2021-03-01 16:00:00,1438A,LYS,17.0,123.51161120410238,-106.51161120410238
2021-03-01 17:00:00,1438A,LYS,15.0,123.44997419886425,-108.44997419886425
2021-03-01 18:00:00,1438A,LYS,15.0,124.36673107628279,-109.36673107628279
2021-03-01 19:00:00,1438A,LYS,16.0,125.84055222425347,-109.84055222425347
2021-03-01 20:00:00,1438A,LYS,17.0,126.03571095340212,-109.03571095340212
2021-03-01 21:00:00,1438A,LYS,19.0,125.89379711080758,-106.89379711080758
2021-03-01 22:00:00,1438A,LYS,19.0,126.54761898394449,-107.54761898394449
2021-03-01 23:00:00,1438A,LYS,21.0,126.72578801263275,-105.72578801263275
2021-03-02 00:00:00,1438A,LYS,20.0,125.96088754086361,-105.96088754086361
2021-03-02 01:00:00,1438A,LYS,19.0,125.92721490330027,-106.92721490330027
2021-03-02 02:00:00,1438A,LYS,18.0,125.96350278594561,-107.96350278594561
2021-03-02 03:00:00,1438A,LYS,19.0,124.03573678704463,-105.03573678704463
2021-03-02 04:00:00,1438A,LYS,16.0,123.64269260420812,-107.64269260420812
2021-03-02 05:00:00,1438A,LYS,13.0,122.64122494658447,-109.64122494658447
2021-03-02 06:00:00,1438A,LYS,12.0,122.62320051796175,-110.62320051796175
2021-03-02 07:00:00,1438A,LYS,14.0,122.06685429408765,-108.06685429408765
2021-03-02 08:00:00,1438A,LYS,14.0,121.31962243471106,-107.31962243471106
2021-03-02 09:00:00,1438A,LYS,14.0,120.43087614027696,-106.43087614027696
2021-03-02 10:00:00,1438A,LYS,16.0,119.95842989889088,-103.95842989889088
2021-03-02 11:00:00,1438A,LYS,18.0,122.00984565229562,-104.00984565229562
2021-03-02 12:00:00,1438A,LYS,19.0,123.98777208715576,-104.98777208715576
2021-03-02 13:00:00,1438A,LYS,22.0,124.18264853323882,-102.18264853323882
2021-03-02 14:00:00,1438A,LYS,25.0,124.62078181487269,-99.62078181487269
2021-03-02 15:00:00,1438A,LYS,23.0,124.56572817004773,-101.56572817004773
2021-03-02 16:00:00,1438A,LYS,26.0,124.13159882997884,-98.13159882997884
2021-03-02 17:00:00,1438A,LYS,25.0,124.06996182474072,-99.06996182474072
2021-03-02 18:00:00,1438A,LYS,24.0,124.98671870215925,-100.98671870215925
2021-03-02 19:00:00,1438A,LYS,24.0,126.46053985012993,-102.46053985012993
2021-03-02 20:00:00,1438A,LYS,26.0,126.65569857927858,-100.65569857927858
2021-03-02 21:00:00,1438A,LYS,30.0,126.51378473668404,-96.51378473668404
2021-03-02 22:00:00,1438A,LYS,38.0,127.16760660982095,-89.16760660982095
2021-03-02 23:00:00,1438A,LYS,40.0,127.34577563850921,-87.34577563850921
2021-03-03 00:00:00,1438A,LYS,38.0,126.58087516674007,-88.58087516674007
2021-03-03 01:00:00,1438A,LYS,37.0,126.54720252917673,-89.54720252917673
2021-03-03 02:00:00,1438A,LYS,22.0,126.58349041182207,-104.58349041182207
2021-03-03 03:00:00,1438A,LYS,22.0,124.65572441292109,-102.65572441292109
2021-03-03 04:00:00,1438A,LYS,29.0,124.26268023008458,-95.26268023008458
2021-03-03 05:00:00,1438A,LYS,37.0,123.26121257246093,-86.26121257246093
2021-03-03 06:00:00,1438A,LYS,36.0,123.24318814383821,-87.24318814383821
2021-03-03 07:00:00,1438A,LYS,42.0,122.68684191996411,-80.68684191996411
2021-03-03 08:00:00,1438A,LYS,30.0,121.93961006058753,-91.93961006058753
2021-03-03 09:00:00,1438A,LYS,34.0,121.05086376615343,-87.05086376615343
2021-03-03 10:00:00,1438A,LYS,32.0,120.57841752476735,-88.57841752476735
2021-03-03 11:00:00,1438A,LYS,32.0,122.62983327817209,-90.62983327817209
2021-03-03 12:00:00,1438A,LYS,33.0,124.60775971303222,-91.60775971303222
2021-03-03 13:00:00,1438A,LYS,33.0,124.80263615911528,-91.80263615911528
2021-03-03 14:00:00,1438A,LYS,38.0,125.24076944074915,-87.24076944074915
2021-03-03 15:00:00,1438A,LYS,44.0,125.1857157959242,-81.1857157959242
2021-03-03 16:00:00,1438A,LYS,48.0,124.7515864558553,-76.7515864558553
2021-03-03 17:00:00,1438A,LYS,48.0,124.68994945061718,-76.68994945061718
2021-03-03 18:00:00,1438A,LYS,48.0,125.60670632803571,-77.60670632803571
2021-03-03 19:00:00,1438A,LYS,47.0,127.0805274760064,-80.0805274760064
2021-03-03 20:00:00,1438A,LYS,46.0,127.27568620515504,-81.27568620515504
2021-03-03 21:00:00,1438A,LYS,51.0,127.1337723625605,-76.1337723625605
2021-03-03 22:00:00,1438A,LYS,52.0,127.78759423569741,-75.78759423569741
2021-03-03 23:00:00,1438A,LYS,51.0,127.96576326438567,-76.96576326438567
2021-03-04 00:00:00,1438A,LYS,52.0,127.20086279261653,-75.20086279261653
2021-03-04 01:00:00,1438A,LYS,53.0,127.16719015505319,-74.16719015505319
2021-03-04 02:00:00,1438A,LYS,55.0,127.20347803769853,-72.20347803769853
2021-03-04 03:00:00,1438A,LYS,56.0,125.27571203879755,-69.27571203879755
2021-03-04 04:00:00,1438A,LYS,57.0,124.88266785596105,-67.88266785596105
2021-03-04 05:00:00,1438A,LYS,60.0,123.8812001983374,-63.881200198337396
2021-03-04 06:00:00,1438A,LYS,60.0,123.86317576971467,-63.86317576971467
2021-03-04 07:00:00,1438A,LYS,63.0,123.30682954584057,-60.30682954584057
2021-03-04 08:00:00,1438A,LYS,64.0,122.55959768646399,-58.55959768646399
2021-03-04 09:00:00,1438A,LYS,67.0,121.67085139202989,-54.67085139202989
2021-03-04 10:00:00,1438A,LYS,65.0,121.19840515064381,-56.19840515064381
2021-03-04 11:00:00,1438A,LYS,65.0,123.24982090404855,-58.24982090404855
2021-03-04 12:00:00,1438A,LYS,66.0,125.22774733890869,-59.227747338908685
2021-03-04 13:00:00,1438A,LYS,63.0,125.42262378499174,-62.42262378499174
2021-03-04 14:00:00,1438A,LYS,64.0,125.86075706662561,-61.86075706662561
2021-03-04 15:00:00,1438A,LYS,55.0,125.80570342180066,-70.80570342180066
2021-03-04 16:00:00,1438A,LYS,46.0,125.37157408173177,-79.37157408173177
2021-03-04 17:00:00,1438A,LYS,40.0,125.30993707649364,-85.30993707649364
2021-03-04 18:00:00,1438A,LYS,41.0,126.22669395391218,-85.22669395391218
2021-03-04 19:00:00,1438A,LYS,42.0,127.70051510188286,-85.70051510188286
2021-03-04 20:00:00,1438A,LYS,45.0,127.8956738310315,-82.8956738310315
2021-03-04 21:00:00,1438A,LYS,41.0,127.75375998843697,-86.75375998843697
2021-03-04 22:00:00,1438A,LYS,37.0,128.40758186157387,-91.40758186157387
2021-03-04 23:00:00,1438A,LYS,39.0,128.58575089026212,-89.58575089026212
2021-03-05 00:00:00,1438A,LYS,45.0,127.82085041849298,-82.82085041849298
2021-03-05 01:00:00,1438A,LYS,43.0,127.78717778092964,-84.78717778092964
2021-03-05 02:00:00,1438A,LYS,49.0,127.82346566357498,-78.82346566357498
2021-03-05 03:00:00,1438A,LYS,44.0,125.895699664674,-81.895699664674
2021-03-05 04:00:00,1438A,LYS,40.0,125.5026554818375,-85.5026554818375
2021-03-05 05:00:00,1438A,LYS,41.0,124.50118782421384,-83.50118782421384
2021-03-05 06:00:00,1438A,LYS,44.0,124.48316339559112,-80.48316339559112
2021-03-05 07:00:00,1438A,LYS,34.0,123.92681717171702,-89.92681717171702
2021-03-05 08:00:00,1438A,LYS,25.0,123.17958531234044,-98.17958531234044
2021-03-05 09:00:00,1438A,LYS,29.0,122.29083901790634,-93.29083901790634
2021-03-05 10:00:00,1438A,LYS,30.0,121.81839277652026,-91.81839277652026
2021-03-05 11:00:00,1438A,LYS,36.0,123.869808529925,-87.869808529925
2021-03-05 12:00:00,1438A,LYS,41.0,125.84773496478513,-84.84773496478513
2021-03-05 13:00:00,1438A,LYS,37.0,126.04261141086819,-89.04261141086819
2021-03-05 14:00:00,1438A,LYS,26.0,126.48074469250206,-100.48074469250206
2021-03-05 15:00:00,1438A,LYS,32.0,126.4256910476771,-94.4256910476771
2021-03-05 16:00:00,1438A,LYS,30.0,125.99156170760821,-95.99156170760821
2021-03-05 17:00:00,1438A,LYS,32.0,125.92992470237009,-93.92992470237009
2021-03-05 18:00:00,1438A,LYS,30.0,126.84668157978862,-96.84668157978862
2021-03-05 19:00:00,1438A,LYS,29.0,128.3205027277593,-99.3205027277593
2021-03-05 20:00:00,1438A,LYS,26.0,128.51566145690796,-102.51566145690796
2021-03-05 21:00:00,1438A,LYS,28.0,128.37374761431343,-100.37374761431343
2021-03-05 22:00:00,1438A,LYS,31.0,129.02756948745034,-98.02756948745034
2021-03-05 23:00:00,1438A,LYS,24.0,129.20573851613858,-105.20573851613858
2021-03-06 00:00:00,1438A,LYS,21.0,128.44083804436943,-107.44083804436943
2021-03-06 01:00:00,1438A,LYS,18.0,128.4071654068061,-110.40716540680609
2021-03-06 02:00:00,1438A,LYS,14.0,128.4434532894514,-114.44345328945141
2021-03-06 03:00:00,1438A,LYS,13.0,126.51568729055043,-113.51568729055043
2021-03-06 04:00:00,1438A,LYS,13.0,126.12264310771393,-113.12264310771393
2021-03-06 05:00:00,1438A,LYS,12.0,125.12117545009028,-113.12117545009028
2021-03-06 06:00:00,1438A,LYS,11.0,125.10315102146755,-114.10315102146755
2021-03-06 07:00:00,1438A,LYS,9.0,124.54680479759345,-115.54680479759345
2021-03-06 08:00:00,1438A,LYS,9.0,123.79957293821687,-114.79957293821687
2021-03-06 09:00:00,1438A,LYS,11.0,122.91082664378277,-111.91082664378277
2021-03-06 10:00:00,1438A,LYS,12.0,122.43838040239669,-110.43838040239669
2021-03-06 11:00:00,1438A,LYS,10.0,124.48979615580143,-114.48979615580143
2021-03-06 12:00:00,1438A,LYS,10.0,126.46772259066157,-116.46772259066157
2021-03-06 13:00:00,1438A,LYS,12.0,126.66259903674462,-114.66259903674462
2021-03-06 14:00:00,1438A,LYS,14.0,127.10073231837849,-113.10073231837849
2021-03-06 15:00:00,1438A,LYS,25.0,127.04567867355354,-102.04567867355354
2021-03-06 16:00:00,1438A,LYS,22.0,126.61154933348465,-104.61154933348465
2021-03-06 17:00:00,1438A,LYS,23.0,126.54991232824652,-103.54991232824652
2021-03-06 18:00:00,1438A,LYS,25.0,127.46666920566506,-102.46666920566506
2021-03-06 19:00:00,1438A,LYS,29.0,128.94049035363574,-99.94049035363574
2021-03-06 20:00:00,1438A,LYS,34.0,129.1356490827844,-95.1356490827844
2021-03-06 21:00:00,1438A,LYS,32.0,128.99373524018986,-96.99373524018986
2021-03-06 22:00:00,1438A,LYS,28.0,129.64755711332677,-101.64755711332677
2021-03-06 23:00:00,1438A,LYS,30.0,129.82572614201501,-99.82572614201501
2021-03-07 00:00:00,1438A,LYS,23.0,129.06082567024586,-106.06082567024586
2021-03-07 01:00:00,1438A,LYS,21.0,129.02715303268252,-108.02715303268252
2021-03-07 02:00:00,1438A,LYS,23.0,129.06344091532785,-106.06344091532785
2021-03-07 03:00:00,1438A,LYS,23.0,127.13567491642686,-104.13567491642686
2021-03-07 04:00:00,1438A,LYS,21.0,126.74263073359036,-105.74263073359036
2021-03-07 05:00:00,1438A,LYS,20.0,125.74116307596671,-105.74116307596671
2021-03-07 06:00:00,1438A,LYS,13.0,125.72313864734399,-112.72313864734399
2021-03-07 07:00:00,1438A,LYS,5.0,125.16679242346989,-120.16679242346989
2021-03-07 08:00:00,1438A,LYS,10.0,124.4195605640933,-114.4195605640933
2021-03-07 09:00:00,1438A,LYS,15.0,123.5308142696592,-108.5308142696592
2021-03-07 10:00:00,1438A,LYS,16.0,123.05836802827312,-107.05836802827312
2021-03-07 11:00:00,1438A,LYS,13.0,125.10978378167786,-112.10978378167786
2021-03-07 12:00:00,1438A,LYS,13.0,127.087710216538,-114.087710216538
2021-03-07 13:00:00,1438A,LYS,15.0,127.28258666262106,-112.28258666262106
2021-03-07 14:00:00,1438A,LYS,13.0,127.72071994425492,-114.72071994425492
2021-03-07 15:00:00,1438A,LYS,14.0,127.66566629942997,-113.66566629942997
2021-03-07 16:00:00,1438A,LYS,13.0,127.23153695936108,-114.23153695936108
2021-03-07 17:00:00,1438A,LYS,13.0,127.16989995412295,-114.16989995412295
2021-03-07 18:00:00,1438A,LYS,12.0,128.0866568315415,-116.08665683154149
2021-03-07 19:00:00,1438A,LYS,18.0,129.56047797951217,-111.56047797951217
2021-03-07 20:00:00,1438A,LYS,24.0,129.75563670866083,-105.75563670866083
2021-03-07 21:00:00,1438A,LYS,28.0,129.6137228660663,-101.6137228660663
2021-03-07 22:00:00,1438A,LYS,33.0,130.2675447392032,-97.2675447392032
2021-03-07 23:00:00,1438A,LYS,29.0,130.44571376789145,-101.44571376789145
2021-03-08 00:00:00,1438A,LYS,25.0,129.6808132961223,-104.6808132961223
2021-03-08 01:00:00,1438A,LYS,32.0,129.64714065855895,-97.64714065855895
2021-03-08 02:00:00,1438A,LYS,33.0,129.68342854120428,-96.68342854120428
2021-03-08 03:00:00,1438A,LYS,20.0,127.7556625423033,-107.7556625423033
2021-03-08 04:00:00,1438A,LYS,31.0,127.3626183594668,-96.3626183594668
2021-03-08 05:00:00,1438A,LYS,13.0,126.36115070184314,-113.36115070184314
2021-03-08 06:00:00,1438A,LYS,25.0,126.34312627322042,-101.34312627322042
2021-03-08 07:00:00,1438A,LYS,25.0,125.78678004934632,-100.78678004934632
2021-03-08 08:00:00,1438A,LYS,23.0,125.03954818996974,-102.03954818996974
2021-03-08 09:00:00,1438A,LYS,7.0,124.15080189553564,-117.15080189553564
2021-03-08 10:00:00,1438A,LYS,10.0,123.67835565414956,-113.67835565414956
2021-03-08 11:00:00,1438A,LYS,7.0,125.7297714075543,-118.7297714075543
2021-03-08 12:00:00,1438A,LYS,27.0,127.70769784241443,-100.70769784241443
2021-03-08 13:00:00,1438A,LYS,37.0,127.90257428849749,-90.90257428849749
2021-03-08 14:00:00,1438A,LYS,35.0,128.34070757013137,-93.34070757013137
2021-03-08 15:00:00,1438A,LYS,29.0,128.2856539253064,-99.2856539253064
2021-03-08 16:00:00,1438A,LYS,32.0,127.85152458523751,-95.85152458523751
2021-03-08 17:00:00,1438A,LYS,33.0,127.78988757999939,-94.78988757999939
2021-03-08 18:00:00,1438A,LYS,30.0,128.70664445741792,-98.70664445741792
2021-03-08 19:00:00,1438A,LYS,26.0,130.1804656053886,-104.1804656053886
2021-03-08 20:00:00,1438A,LYS,8.0,130.37562433453726,-122.37562433453726
2021-03-08 21:00:00,1438A,LYS,20.0,130.23371049194273,-110.23371049194273
2021-03-08 22:00:00,1438A,LYS,26.0,130.88753236507964,-104.88753236507964
2021-03-08 23:00:00,1438A,LYS,22.0,131.06570139376788,-109.06570139376788
2021-03-09 00:00:00,1438A,LYS,35.0,130.30080092199873,-95.30080092199873
2021-03-09 01:00:00,1438A,LYS,32.0,130.2671282844354,-98.26712828443539
2021-03-09 02:00:00,1438A,LYS,22.0,130.3034161670807,-108.30341616708071
2021-03-09 03:00:00,1438A,LYS,34.0,128.37565016817973,-94.37565016817973
2021-03-09 04:00:00,1438A,LYS,34.0,127.98260598534323,-93.98260598534323
2021-03-09 05:00:00,1438A,LYS,35.0,126.98113832771958,-91.98113832771958
2021-03-09 06:00:00,1438A,LYS,34.0,126.96311389909685,-92.96311389909685
2021-03-09 07:00:00,1438A,LYS,34.0,126.40676767522275,-92.40676767522275
2021-03-09 08:00:00,1438A,LYS,35.0,125.65953581584617,-90.65953581584617
2021-03-09 09:00:00,1438A,LYS,24.0,124.77078952141207,-100.77078952141207
2021-03-09 10:00:00,1438A,LYS,23.0,124.29834328002599,-101.29834328002599
2021-03-09 11:00:00,1438A,LYS,26.0,126.34975903343073,-100.34975903343073
2021-03-09 12:00:00,1438A,LYS,47.0,128.32768546829087,-81.32768546829087
2021-03-09 13:00:00,1438A,LYS,37.0,128.52256191437394,-91.52256191437394
2021-03-09 14:00:00,1438A,LYS,30.0,128.9606951960078,-98.9606951960078
2021-03-09 15:00:00,1438A,LYS,35.0,128.90564155118284,-93.90564155118284
2021-03-09 16:00:00,1438A,LYS,27.0,128.47151221111395,-101.47151221111395
2021-03-09 17:00:00,1438A,LYS,24.0,128.4098752058758,-104.4098752058758
2021-03-09 18:00:00,1438A,LYS,30.0,129.32663208329433,-99.32663208329433
2021-03-09 19:00:00,1438A,LYS,27.0,130.800453231265,-103.80045323126501
2021-03-09 20:00:00,1438A,LYS,32.0,130.99561196041367,-98.99561196041367
2021-03-09 21:00:00,1438A,LYS,30.0,130.85369811781914,-100.85369811781914
2021-03-09 22:00:00,1438A,LYS,24.0,131.50751999095604,-107.50751999095604
2021-03-09 23:00:00,1438A,LYS,25.0,131.6856890196443,-106.68568901964429
2021-03-10 00:00:00,1438A,LYS,29.0,130.92078854787513,-101.92078854787513
2021-03-10 01:00:00,1438A,LYS,26.0,130.8871159103118,-104.88711591031179
2021-03-10 02:00:00,1438A,LYS,15.0,130.92340379295712,-115.92340379295712
2021-03-10 03:00:00,1438A,LYS,14.0,128.99563779405614,-114.99563779405614
2021-03-10 04:00:00,1438A,LYS,12.0,128.60259361121962,-116.60259361121962
2021-03-10 05:00:00,1438A,LYS,12.0,127.60112595359597,-115.60112595359597
2021-03-10 06:00:00,1438A,LYS,13.0,127.58310152497324,-114.58310152497324
2021-03-10 07:00:00,1438A,LYS,17.0,127.02675530109914,-110.02675530109914
2021-03-10 08:00:00,1438A,LYS,7.0,126.27952344172256,-119.27952344172256
2021-03-10 09:00:00,1438A,LYS,3.0,125.39077714728846,-122.39077714728846
2021-03-10 10:00:00,1438A,LYS,2.0,124.91833090590238,-122.91833090590238
2021-03-10 11:00:00,1438A,LYS,2.0,126.96974665930712,-124.96974665930712
2021-03-10 12:00:00,1438A,LYS,2.0,128.94767309416724,-126.94767309416724
2021-03-10 13:00:00,1438A,LYS,4.0,129.14254954025031,-125.14254954025031
2021-03-10 14:00:00,1438A,LYS,10.0,129.58068282188418,-119.58068282188418
2021-03-10 15:00:00,1438A,LYS,16.0,129.52562917705922,-113.52562917705922
2021-03-10 16:00:00,1438A,LYS,23.0,129.09149983699032,-106.09149983699032
2021-03-10 17:00:00,1438A,LYS,23.0,129.02986283175218,-106.02986283175218
2021-03-10 18:00:00,1438A,LYS,23.0,129.9466197091707,-106.9466197091707
2021-03-10 19:00:00,1438A,LYS,23.0,131.4204408571414,-108.42044085714139
2021-03-10 20:00:00,1438A,LYS,22.0,131.61559958629005,-109.61559958629005
2021-03-10 21:00:00,1438A,LYS,21.0,131.4736857436955,-110.47368574369551
2021-03-10 22:00:00,1438A,LYS,25.0,132.12750761683242,-107.12750761683242
2021-03-10 23:00:00,1438A,LYS,25.0,132.30567664552066,-107.30567664552066
2021-03-11 00:00:00,1438A,LYS,22.0,131.5407761737515,-109.54077617375151
2021-03-11 01:00:00,1438A,LYS,20.0,131.50710353618817,-111.50710353618817
2021-03-11 02:00:00,1438A,LYS,18.0,131.5433914188335,-113.5433914188335
2021-03-11 03:00:00,1438A,LYS,21.0,129.6156254199325,-108.61562541993251
2021-03-11 04:00:00,1438A,LYS,19.0,129.222581237096,-110.222581237096
2021-03-11 05:00:00,1438A,LYS,19.0,128.22111357947233,-109.22111357947233
2021-03-11 06:00:00,1438A,LYS,20.0,128.20308915084962,-108.20308915084962
2021-03-11 07:00:00,1438A,LYS,20.0,127.64674292697552,-107.64674292697552
2021-03-11 08:00:00,1438A,LYS,20.0,126.89951106759894,-106.89951106759894
2021-03-11 09:00:00,1438A,LYS,20.0,126.01076477316484,-106.01076477316484
2021-03-11 10:00:00,1438A,LYS,22.0,125.53831853177876,-103.53831853177876
2021-03-11 11:00:00,1438A,LYS,22.0,127.5897342851835,-105.5897342851835
2021-03-11 12:00:00,1438A,LYS,28.0,129.56766072004362,-101.56766072004362
2021-03-11 13:00:00,1438A,LYS,36.0,129.7625371661267,-93.76253716612669
2021-03-11 14:00:00,1438A,LYS,43.0,130.20067044776056,-87.20067044776056
2021-03-11 15:00:00,1438A,LYS,46.0,130.1456168029356,-84.14561680293559
2021-03-11 16:00:00,1438A,LYS,46.0,129.7114874628667,-83.7114874628667
2021-03-11 17:00:00,1438A,LYS,43.0,129.64985045762856,-86.64985045762856
2021-03-11 18:00:00,1438A,LYS,41.0,130.56660733504708,-89.56660733504708
2021-03-11 19:00:00,1438A,LYS,49.0,132.04042848301776,-83.04042848301776
2021-03-11 20:00:00,1438A,LYS,53.0,132.23558721216642,-79.23558721216642
2021-03-11 21:00:00,1438A,LYS,61.0,132.0936733695719,-71.09367336957189
2021-03-11 22:00:00,1438A,LYS,73.0,132.7474952427088,-59.747495242708794
2021-03-11 23:00:00,1438A,LYS,54.0,132.92566427139704,-78.92566427139704
2021-03-12 00:00:00,1438A,LYS,74.0,132.1607637996279,-58.16076379962789
2021-03-12 01:00:00,1438A,LYS,69.0,132.12709116206454,-63.127091162064545
2021-03-12 02:00:00,1438A,LYS,48.0,132.16337904470987,-84.16337904470987
2021-03-12 03:00:00,1438A,LYS,40.0,130.2356130458089,-90.23561304580889
2021-03-12 04:00:00,1438A,LYS,38.0,129.84256886297237,-91.84256886297237
2021-03-12 05:00:00,1438A,LYS,42.0,128.8411012053487,-86.8411012053487
2021-03-12 06:00:00,1438A,LYS,40.0,128.823076776726,-88.823076776726
2021-03-12 07:00:00,1438A,LYS,38.0,128.2667305528519,-90.2667305528519
2021-03-12 08:00:00,1438A,LYS,36.0,127.51949869347531,-91.51949869347531
2021-03-12 09:00:00,1438A,LYS,37.0,126.63075239904121,-89.63075239904121
2021-03-12 10:00:00,1438A,LYS,40.0,126.15830615765513,-86.15830615765513
2021-03-12 11:00:00,1438A,LYS,46.0,128.20972191105986,-82.20972191105986
2021-03-12 12:00:00,1438A,LYS,60.0,130.18764834592,-70.18764834592
2021-03-12 13:00:00,1438A,LYS,59.0,130.38252479200307,-71.38252479200307
2021-03-12 14:00:00,1438A,LYS,57.0,130.82065807363693,-73.82065807363693
2021-03-12 15:00:00,1438A,LYS,63.0,130.76560442881197,-67.76560442881197
2021-03-12 16:00:00,1438A,LYS,49.0,130.33147508874308,-81.33147508874308
2021-03-12 17:00:00,1438A,LYS,50.0,130.26983808350494,-80.26983808350494
2021-03-12 18:00:00,1438A,LYS,50.0,131.18659496092346,-81.18659496092346
2021-03-12 19:00:00,1438A,LYS,57.0,132.66041610889414,-75.66041610889414
2021-03-12 20:00:00,1438A,LYS,57.0,132.8555748380428,-75.8555748380428
2021-03-12 21:00:00,1438A,LYS,49.0,132.71366099544827,-83.71366099544827
2021-03-12 22:00:00,1438A,LYS,49.0,133.36748286858517,-84.36748286858517
2021-03-12 23:00:00,1438A,LYS,50.0,133.54565189727342,-83.54565189727342
2021-03-13 00:00:00,1438A,LYS,54.0,132.78075142550426,-78.78075142550426
2021-03-13 01:00:00,1438A,LYS,49.0,132.74707878794092,-83.74707878794092
2021-03-13 02:00:00,1438A,LYS,34.0,132.78336667058625,-98.78336667058625
2021-03-13 03:00:00,1438A,LYS,27.0,130.85560067168527,-103.85560067168527
2021-03-13 04:00:00,1438A,LYS,22.0,130.46255648884875,-108.46255648884875
2021-03-13 05:00:00,1438A,LYS,22.0,129.46108883122508,-107.46108883122508
2021-03-13 06:00:00,1438A,LYS,18.0,129.44306440260237,-111.44306440260237
2021-03-13 07:00:00,1438A,LYS,13.0,128.88671817872827,-115.88671817872827
2021-03-13 08:00:00,1438A,LYS,12.0,128.13948631935168,-116.13948631935168
2021-03-13 09:00:00,1438A,LYS,18.0,127.25074002491758,-109.25074002491758
2021-03-13 10:00:00,1438A,LYS,26.0,126.7782937835315,-100.7782937835315
2021-03-13 11:00:00,1438A,LYS,44.0,128.82970953693624,-84.82970953693624
2021-03-13 12:00:00,1438A,LYS,42.0,130.80763597179637,-88.80763597179637
2021-03-13 13:00:00,1438A,LYS,47.0,131.00251241787944,-84.00251241787944
2021-03-13 14:00:00,1438A,LYS,49.0,131.4406456995133,-82.44064569951331
2021-03-13 15:00:00,1438A,LYS,48.0,131.38559205468835,-83.38559205468835
2021-03-13 16:00:00,1438A,LYS,46.0,130.95146271461945,-84.95146271461945
2021-03-13 17:00:00,1438A,LYS,46.0,130.8898257093813,-84.88982570938131
2021-03-13 18:00:00,1438A,LYS,51.0,131.80658258679983,-80.80658258679983
2021-03-13 19:00:00,1438A,LYS,62.0,133.28040373477052,-71.28040373477052
2021-03-13 20:00:00,1438A,LYS,70.0,133.47556246391918,-63.475562463919175
2021-03-13 21:00:00,1438A,LYS,76.0,133.33364862132464,-57.33364862132464
2021-03-13 22:00:00,1438A,LYS,68.0,133.98747049446155,-65.98747049446155
2021-03-13 23:00:00,1438A,LYS,67.0,134.1656395231498,-67.16563952314979
2021-03-14 00:00:00,1438A,LYS,73.0,133.40073905138064,-60.40073905138064
2021-03-14 01:00:00,1438A,LYS,68.0,133.3670664138173,-65.3670664138173
2021-03-14 02:00:00,1438A,LYS,64.0,133.40335429646262,-69.40335429646262
2021-03-14 03:00:00,1438A,LYS,87.0,131.47558829756164,-44.47558829756164
2021-03-14 04:00:00,1438A,LYS,87.0,131.08254411472512,-44.082544114725124
2021-03-14 05:00:00,1438A,LYS,80.0,130.08107645710146,-50.08107645710146
2021-03-14 06:00:00,1438A,LYS,79.0,130.06305202847875,-51.06305202847875
2021-03-14 07:00:00,1438A,LYS,73.0,129.50670580460465,-56.50670580460465
2021-03-14 08:00:00,1438A,LYS,61.0,128.75947394522805,-67.75947394522805
2021-03-14 09:00:00,1438A,LYS,67.0,127.87072765079395,-60.87072765079395
2021-03-14 10:00:00,1438A,LYS,64.0,127.39828140940787,-63.39828140940787
2021-03-14 11:00:00,1438A,LYS,67.0,129.4496971628126,-62.44969716281261
2021-03-14 12:00:00,1438A,LYS,73.0,131.42762359767275,-58.42762359767275
2021-03-14 13:00:00,1438A,LYS,62.0,131.62250004375582,-69.62250004375582
2021-03-14 14:00:00,1438A,LYS,63.0,132.0606333253897,-69.06063332538969
2021-03-14 15:00:00,1438A,LYS,50.0,132.00557968056472,-82.00557968056472
2021-03-14 16:00:00,1438A,LYS,50.0,131.57145034049583,-81.57145034049583
2021-03-14 17:00:00,1438A,LYS,50.0,131.5098133352577,-81.50981333525769
2021-03-14 18:00:00,1438A,LYS,50.0,132.4265702126762,-82.42657021267621
2021-03-14 19:00:00,1438A,LYS,51.0,133.9003913606469,-82.90039136064689
2021-03-14 20:00:00,1438A,LYS,50.0,134.09555008979555,-84.09555008979555
2021-03-14 21:00:00,1438A,LYS,41.0,133.95363624720102,-92.95363624720102
2021-03-14 22:00:00,1438A,LYS,48.0,134.60745812033792,-86.60745812033792
2021-03-14 23:00:00,1438A,LYS,47.0,134.78562714902617,-87.78562714902617
2021-03-15 00:00:00,1438A,LYS,36.0,134.02072667725702,-98.02072667725702
2021-03-15 01:00:00,1438A,LYS,21.0,133.98705403969367,-112.98705403969367
2021-03-15 02:00:00,1438A,LYS,13.0,134.023341922339,-121.023341922339
2021-03-15 03:00:00,1438A,LYS,19.0,132.09557592343802,-113.09557592343802
2021-03-15 04:00:00,1438A,LYS,16.0,131.7025317406015,-115.7025317406015
2021-03-15 05:00:00,1438A,LYS,11.0,130.70106408297784,-119.70106408297784
2021-03-15 06:00:00,1438A,LYS,14.0,130.68303965435513,-116.68303965435513
2021-03-15 07:00:00,1438A,LYS,19.0,130.12669343048103,-111.12669343048103
2021-03-15 08:00:00,1438A,LYS,17.0,129.37946157110443,-112.37946157110443
2021-03-15 09:00:00,1438A,LYS,16.0,128.49071527667033,-112.49071527667033
2021-03-15 10:00:00,1438A,LYS,14.0,128.01826903528425,-114.01826903528425
2021-03-15 11:00:00,1438A,LYS,16.0,130.069684788689,-114.06968478868899
2021-03-15 12:00:00,1438A,LYS,15.0,132.04761122354913,-117.04761122354913
2021-03-15 13:00:00,1438A,LYS,19.0,132.2424876696322,-113.2424876696322
2021-03-15 14:00:00,1438A,LYS,22.0,132.68062095126606,-110.68062095126606
2021-03-15 15:00:00,1438A,LYS,25.0,132.6255673064411,-107.6255673064411
2021-03-15 16:00:00,1438A,LYS,25.0,132.1914379663722,-107.1914379663722
2021-03-15 17:00:00,1438A,LYS,28.0,132.12980096113407,-104.12980096113407
2021-03-15 18:00:00,1438A,LYS,30.0,133.0465578385526,-103.04655783855259
2021-03-15 19:00:00,1438A,LYS,36.0,134.52037898652327,-98.52037898652327
2021-03-15 20:00:00,1438A,LYS,41.0,134.71553771567193,-93.71553771567193
2021-03-15 21:00:00,1438A,LYS,48.0,134.5736238730774,-86.5736238730774
2021-03-15 22:00:00,1438A,LYS,62.0,135.2274457462143,-73.2274457462143
2021-03-15 23:00:00,1438A,LYS,67.0,135.40561477490255,-68.40561477490255
2021-03-16 00:00:00,1438A,LYS,64.0,134.6407143031334,-70.6407143031334
2021-03-16 01:00:00,1438A,LYS,58.0,134.60704166557005,-76.60704166557005
2021-03-16 02:00:00,1438A,LYS,51.0,134.64332954821538,-83.64332954821538
2021-03-16 03:00:00,1438A,LYS,44.0,132.7155635493144,-88.7155635493144
2021-03-16 04:00:00,1438A,LYS,51.0,132.32251936647788,-81.32251936647788
2021-03-16 05:00:00,1438A,LYS,51.0,131.3210517088542,-80.32105170885421
2021-03-16 06:00:00,1438A,LYS,49.0,131.3030272802315,-82.3030272802315
2021-03-16 07:00:00,1438A,LYS,58.0,130.7466810563574,-72.7466810563574
2021-03-16 08:00:00,1438A,LYS,42.0,129.9994491969808,-87.9994491969808
2021-03-16 09:00:00,1438A,LYS,53.0,129.1107029025467,-76.1107029025467
2021-03-16 10:00:00,1438A,LYS,72.0,128.63825666116063,-56.638256661160625
2021-03-16 11:00:00,1438A,LYS,79.0,130.68967241456536,-51.689672414565365
2021-03-16 12:00:00,1438A,LYS,71.0,132.6675988494255,-61.6675988494255
2021-03-16 13:00:00,1438A,LYS,62.0,132.86247529550857,-70.86247529550857
2021-03-16 14:00:00,1438A,LYS,69.0,133.30060857714244,-64.30060857714244
2021-03-16 15:00:00,1438A,LYS,62.0,133.24555493231748,-71.24555493231748
2021-03-16 16:00:00,1438A,LYS,57.0,132.81142559224858,-75.81142559224858
2021-03-16 17:00:00,1438A,LYS,56.0,132.74978858701044,-76.74978858701044
2021-03-16 18:00:00,1438A,LYS,53.0,133.66654546442896,-80.66654546442896
2021-03-16 19:00:00,1438A,LYS,58.0,135.14036661239965,-77.14036661239965
2021-03-16 20:00:00,1438A,LYS,62.0,135.3355253415483,-73.3355253415483
2021-03-16 21:00:00,1438A,LYS,66.0,135.19361149895377,-69.19361149895377
2021-03-16 22:00:00,1438A,LYS,67.0,135.84743337209068,-68.84743337209068
2021-03-16 23:00:00,1438A,LYS,66.0,136.02560240077892,-70.02560240077892
2021-03-17 00:00:00,1438A,LYS,56.0,135.26070192900977,-79.26070192900977
2021-03-17 01:00:00,1438A,LYS,50.0,135.22702929144643,-85.22702929144643
2021-03-17 02:00:00,1438A,LYS,52.0,135.26331717409175,-83.26331717409175
2021-03-17 03:00:00,1438A,LYS,45.0,133.33555117519077,-88.33555117519077
2021-03-17 04:00:00,1438A,LYS,38.0,132.94250699235425,-94.94250699235425
2021-03-17 05:00:00,1438A,LYS,39.0,131.9410393347306,-92.94103933473059
2021-03-17 06:00:00,1438A,LYS,40.0,131.92301490610788,-91.92301490610788
2021-03-17 07:00:00,1438A,LYS,38.0,131.36666868223378,-93.36666868223378
2021-03-17 08:00:00,1438A,LYS,44.0,130.61943682285718,-86.61943682285718
2021-03-17 09:00:00,1438A,LYS,37.0,129.73069052842308,-92.73069052842308
2021-03-17 10:00:00,1438A,LYS,37.0,129.258244287037,-92.258244287037
2021-03-17 11:00:00,1438A,LYS,35.0,131.30966004044174,-96.30966004044174
2021-03-17 12:00:00,1438A,LYS,28.0,133.28758647530188,-105.28758647530188
2021-03-17 13:00:00,1438A,LYS,28.0,133.48246292138495,-105.48246292138495
2021-03-17 14:00:00,1438A,LYS,41.0,133.92059620301882,-92.92059620301882
2021-03-17 15:00:00,1438A,LYS,30.0,133.86554255819385,-103.86554255819385
2021-03-17 16:00:00,1438A,LYS,27.0,133.43141321812496,-106.43141321812496
2021-03-17 17:00:00,1438A,LYS,32.0,133.36977621288682,-101.36977621288682
2021-03-17 18:00:00,1438A,LYS,25.0,134.28653309030534,-109.28653309030534
2021-03-17 19:00:00,1438A,LYS,19.0,135.76035423827602,-116.76035423827602
2021-03-17 20:00:00,1438A,LYS,23.0,135.95551296742468,-112.95551296742468
2021-03-17 21:00:00,1438A,LYS,25.0,135.81359912483015,-110.81359912483015
2021-03-17 22:00:00,1438A,LYS,21.0,136.46742099796705,-115.46742099796705
2021-03-17 23:00:00,1438A,LYS,20.0,136.6455900266553,-116.6455900266553
2021-03-18 00:00:00,1438A,LYS,22.0,135.88068955488615,-113.88068955488615
2021-03-18 01:00:00,1438A,LYS,15.0,135.8470169173228,-120.8470169173228
2021-03-18 02:00:00,1438A,LYS,13.0,135.88330479996813,-122.88330479996813
2021-03-18 03:00:00,1438A,LYS,15.0,133.95553880106715,-118.95553880106715
2021-03-18 04:00:00,1438A,LYS,16.0,133.56249461823063,-117.56249461823063
2021-03-18 05:00:00,1438A,LYS,13.0,132.56102696060697,-119.56102696060697
2021-03-18 06:00:00,1438A,LYS,14.0,132.54300253198426,-118.54300253198426
2021-03-18 07:00:00,1438A,LYS,14.0,131.98665630811016,-117.98665630811016
2021-03-18 08:00:00,1438A,LYS,14.0,131.23942444873356,-117.23942444873356
2021-03-18 09:00:00,1438A,LYS,12.0,130.35067815429946,-118.35067815429946
2021-03-18 10:00:00,1438A,LYS,13.0,129.87823191291338,-116.87823191291338
2021-03-18 11:00:00,1438A,LYS,20.0,131.92964766631812,-111.92964766631812
2021-03-18 12:00:00,1438A,LYS,24.0,133.90757410117826,-109.90757410117826
2021-03-18 13:00:00,1438A,LYS,27.0,134.10245054726133,-107.10245054726133
2021-03-18 14:00:00,1438A,LYS,28.0,134.5405838288952,-106.5405838288952
2021-03-18 15:00:00,1438A,LYS,31.0,134.48553018407023,-103.48553018407023
2021-03-18 16:00:00,1438A,LYS,34.0,134.05140084400134,-100.05140084400134
2021-03-18 17:00:00,1438A,LYS,30.0,133.9897638387632,-103.9897638387632
2021-03-18 18:00:00,1438A,LYS,26.0,134.90652071618172,-108.90652071618172
2021-03-18 19:00:00,1438A,LYS,24.0,136.3803418641524,-112.3803418641524
2021-03-18 20:00:00,1438A,LYS,22.0,136.57550059330106,-114.57550059330106
2021-03-18 21:00:00,1438A,LYS,19.0,136.43358675070652,-117.43358675070652
2021-03-18 22:00:00,1438A,LYS,14.0,137.08740862384343,-123.08740862384343
2021-03-18 23:00:00,1438A,LYS,3.0,137.26557765253168,-134.26557765253168
2021-03-19 00:00:00,1438A,LYS,1.0,136.50067718076252,-135.50067718076252
2021-03-19 01:00:00,1438A,LYS,1.0,136.46700454319918,-135.46700454319918
2021-03-19 02:00:00,1438A,LYS,2.0,136.5032924258445,-134.5032924258445
2021-03-19 03:00:00,1438A,LYS,,134.57552642694353,
2021-03-19 04:00:00,1438A,LYS,,134.182482244107,
2021-03-19 05:00:00,1438A,LYS,,133.18101458648334,
2021-03-19 06:00:00,1438A,LYS,,133.16299015786063,
2021-03-19 07:00:00,1438A,LYS,,132.60664393398653,
2021-03-19 08:00:00,1438A,LYS,,131.85941207460993,
2021-03-19 09:00:00,1438A,LYS,,130.97066578017584,
2021-03-19 10:00:00,1438A,LYS,1.0,130.49821953878975,-129.49821953878975
2021-03-19 11:00:00,1438A,LYS,1.0,132.5496352921945,-131.5496352921945
2021-03-19 12:00:00,1438A,LYS,1.0,134.52756172705463,-133.52756172705463
2021-03-19 13:00:00,1438A,LYS,1.0,134.7224381731377,-133.7224381731377
2021-03-19 14:00:00,1438A,LYS,,135.16057145477157,
2021-03-19 15:00:00,1438A,LYS,2.0,135.1055178099466,-133.1055178099466
2021-03-19 16:00:00,1438A,LYS,10.0,134.6713884698777,-124.67138846987771
2021-03-19 17:00:00,1438A,LYS,4.0,134.60975146463957,-130.60975146463957
2021-03-19 18:00:00,1438A,LYS,3.0,135.5265083420581,-132.5265083420581
2021-03-19 19:00:00,1438A,LYS,4.0,137.00032949002878,-133.00032949002878
2021-03-19 20:00:00,1438A,LYS,17.0,137.19548821917743,-120.19548821917743
2021-03-19 21:00:00,1438A,LYS,12.0,137.0535743765829,-125.0535743765829
2021-03-19 22:00:00,1438A,LYS,5.0,137.7073962497198,-132.7073962497198
2021-03-19 23:00:00,1438A,LYS,25.0,137.88556527840805,-112.88556527840805
2021-03-20 00:00:00,1438A,LYS,30.0,137.1206648066389,-107.1206648066389
2021-03-20 01:00:00,1438A,LYS,32.0,137.08699216907556,-105.08699216907556
2021-03-20 02:00:00,1438A,LYS,35.0,137.12328005172088,-102.12328005172088
2021-03-20 03:00:00,1438A,LYS,47.0,135.1955140528199,-88.1955140528199
2021-03-20 04:00:00,1438A,LYS,47.0,134.80246986998338,-87.80246986998338
2021-03-20 05:00:00,1438A,LYS,49.0,133.80100221235972,-84.80100221235972
2021-03-20 06:00:00,1438A,LYS,57.0,133.782977783737,-76.78297778373701
2021-03-20 07:00:00,1438A,LYS,58.0,133.2266315598629,-75.22663155986291
2021-03-20 08:00:00,1438A,LYS,53.0,132.4793997004863,-79.47939970048631
2021-03-20 09:00:00,1438A,LYS,54.0,131.5906534060522,-77.59065340605221
2021-03-20 10:00:00,1438A,LYS,54.0,131.11820716466613,-77.11820716466613
2021-03-20 11:00:00,1438A,LYS,58.0,133.16962291807087,-75.16962291807087
2021-03-20 12:00:00,1438A,LYS,56.0,135.147549352931,-79.14754935293101
2021-03-20 13:00:00,1438A,LYS,58.0,135.34242579901408,-77.34242579901408
2021-03-20 14:00:00,1438A,LYS,57.0,135.78055908064795,-78.78055908064795
2021-03-20 15:00:00,1438A,LYS,60.0,135.72550543582298,-75.72550543582298
2021-03-20 16:00:00,1438A,LYS,64.0,135.2913760957541,-71.29137609575409
2021-03-20 17:00:00,1438A,LYS,54.0,135.22973909051595,-81.22973909051595
2021-03-20 18:00:00,1438A,LYS,63.0,136.14649596793447,-73.14649596793447
2021-03-20 19:00:00,1438A,LYS,51.0,137.62031711590515,-86.62031711590515
2021-03-20 20:00:00,1438A,LYS,34.0,137.8154758450538,-103.81547584505381
2021-03-20 21:00:00,1438A,LYS,12.0,137.67356200245928,-125.67356200245928
2021-03-20 22:00:00,1438A,LYS,23.0,138.32738387559618,-115.32738387559618
2021-03-20 23:00:00,1438A,LYS,26.0,138.50555290428443,-112.50555290428443
2021-03-21 00:00:00,1438A,LYS,8.0,137.74065243251528,-129.74065243251528
2021-03-21 01:00:00,1438A,LYS,20.0,137.70697979495193,-117.70697979495193
2021-03-21 02:00:00,1438A,LYS,12.0,137.74326767759726,-125.74326767759726
2021-03-21 03:00:00,1438A,LYS,12.0,135.81550167869628,-123.81550167869628
2021-03-21 04:00:00,1438A,LYS,26.0,135.42245749585976,-109.42245749585976
2021-03-21 05:00:00,1438A,LYS,19.0,134.4209898382361,-115.4209898382361
2021-03-21 06:00:00,1438A,LYS,22.0,134.4029654096134,-112.40296540961339
2021-03-21 07:00:00,1438A,LYS,27.0,133.84661918573929,-106.84661918573929
2021-03-21 08:00:00,1438A,LYS,27.0,133.0993873263627,-106.09938732636269
2021-03-21 09:00:00,1438A,LYS,28.0,132.2106410319286,-104.21064103192859
2021-03-21 10:00:00,1438A,LYS,29.0,131.7381947905425,-102.73819479054251
2021-03-21 11:00:00,1438A,LYS,30.0,133.78961054394725,-103.78961054394725
2021-03-21 12:00:00,1438A,LYS,31.0,135.76753697880739,-104.76753697880739
2021-03-21 13:00:00,1438A,LYS,34.0,135.96241342489046,-101.96241342489046
2021-03-21 14:00:00,1438A,LYS,38.0,136.40054670652432,-98.40054670652432
2021-03-21 15:00:00,1438A,LYS,40.0,136.34549306169936,-96.34549306169936
2021-03-21 16:00:00,1438A,LYS,41.0,135.91136372163047,-94.91136372163047
2021-03-21 17:00:00,1438A,LYS,40.0,135.84972671639233,-95.84972671639233
2021-03-21 18:00:00,1438A,LYS,40.0,136.76648359381085,-96.76648359381085
2021-03-21 19:00:00,1438A,LYS,40.0,138.24030474178153,-98.24030474178153
2021-03-21 20:00:00,1438A,LYS,41.0,138.4354634709302,-97.43546347093019
2021-03-21 21:00:00,1438A,LYS,44.0,138.29354962833565,-94.29354962833565
2021-03-21 22:00:00,1438A,LYS,46.0,138.94737150147256,-92.94737150147256
2021-03-21 23:00:00,1438A,LYS,44.0,139.1255405301608,-95.1255405301608
2021-03-22 00:00:00,1438A,LYS,41.0,138.36064005839165,-97.36064005839165
2021-03-22 01:00:00,1438A,LYS,42.0,138.3269674208283,-96.32696742082831
2021-03-22 02:00:00,1438A,LYS,43.0,138.36325530347364,-95.36325530347364
2021-03-22 03:00:00,1438A,LYS,42.0,136.43548930457266,-94.43548930457266
2021-03-22 04:00:00,1438A,LYS,39.0,136.04244512173614,-97.04244512173614
2021-03-22 05:00:00,1438A,LYS,36.0,135.04097746411247,-99.04097746411247
2021-03-22 06:00:00,1438A,LYS,36.0,135.02295303548976,-99.02295303548976
2021-03-22 07:00:00,1438A,LYS,35.0,134.46660681161566,-99.46660681161566
2021-03-22 08:00:00,1438A,LYS,36.0,133.71937495223906,-97.71937495223906
2021-03-22 09:00:00,1438A,LYS,36.0,132.83062865780497,-96.83062865780497
2021-03-22 10:00:00,1438A,LYS,38.0,132.35818241641888,-94.35818241641888
2021-03-22 11:00:00,1438A,LYS,58.0,134.40959816982362,-76.40959816982362
2021-03-22 12:00:00,1438A,LYS,62.0,136.38752460468376,-74.38752460468376
2021-03-22 13:00:00,1438A,LYS,69.0,136.58240105076683,-67.58240105076683
2021-03-22 14:00:00,1438A,LYS,70.0,137.0205343324007,-67.0205343324007
2021-03-22 15:00:00,1438A,LYS,63.0,136.96548068757573,-73.96548068757573
2021-03-22 16:00:00,1438A,LYS,50.0,136.53135134750684,-86.53135134750684
2021-03-22 17:00:00,1438A,LYS,54.0,136.4697143422687,-82.4697143422687
2021-03-22 18:00:00,1438A,LYS,63.0,137.38647121968722,-74.38647121968722
2021-03-22 19:00:00,1438A,LYS,59.0,138.8602923676579,-79.8602923676579
2021-03-22 20:00:00,1438A,LYS,55.0,139.05545109680656,-84.05545109680656
2021-03-22 21:00:00,1438A,LYS,57.0,138.91353725421203,-81.91353725421203
2021-03-22 22:00:00,1438A,LYS,63.0,139.56735912734894,-76.56735912734894
2021-03-22 23:00:00,1438A,LYS,58.0,139.74552815603718,-81.74552815603718
2021-03-23 00:00:00,1438A,LYS,58.0,138.98062768426803,-80.98062768426803
2021-03-23 01:00:00,1438A,LYS,57.0,138.9469550467047,-81.94695504670469
2021-03-23 02:00:00,1438A,LYS,55.0,138.98324292935,-83.98324292935001
2021-03-23 03:00:00,1438A,LYS,52.0,137.05547693044903,-85.05547693044903
2021-03-23 04:00:00,1438A,LYS,49.0,136.6624327476125,-87.66243274761251
2021-03-23 05:00:00,1438A,LYS,45.0,135.66096508998885,-90.66096508998885
2021-03-23 06:00:00,1438A,LYS,50.0,135.64294066136614,-85.64294066136614
2021-03-23 07:00:00,1438A,LYS,50.0,135.08659443749204,-85.08659443749204
2021-03-23 08:00:00,1438A,LYS,49.0,134.33936257811544,-85.33936257811544
2021-03-23 09:00:00,1438A,LYS,40.0,133.45061628368134,-93.45061628368134
2021-03-23 10:00:00,1438A,LYS,62.0,132.97817004229526,-70.97817004229526
2021-03-23 11:00:00,1438A,LYS,69.0,135.0295857957,-66.0295857957
2021-03-23 12:00:00,1438A,LYS,61.0,137.00751223056014,-76.00751223056014
2021-03-23 13:00:00,1438A,LYS,60.0,137.2023886766432,-77.20238867664321
2021-03-23 14:00:00,1438A,LYS,53.0,137.64052195827708,-84.64052195827708
2021-03-23 15:00:00,1438A,LYS,51.0,137.5854683134521,-86.58546831345211
2021-03-23 16:00:00,1438A,LYS,50.0,137.15133897338322,-87.15133897338322
2021-03-23 17:00:00,1438A,LYS,50.0,137.08970196814508,-87.08970196814508
2021-03-23 18:00:00,1438A,LYS,47.0,138.0064588455636,-91.0064588455636
2021-03-23 19:00:00,1438A,LYS,47.0,139.48027999353428,-92.48027999353428
2021-03-23 20:00:00,1438A,LYS,48.0,139.67543872268294,-91.67543872268294
2021-03-23 21:00:00,1438A,LYS,48.0,139.5335248800884,-91.53352488008841
2021-03-23 22:00:00,1438A,LYS,47.0,140.1873467532253,-93.18734675322531
2021-03-23 23:00:00,1438A,LYS,47.0,140.36551578191356,-93.36551578191356
2021-03-24 00:00:00,1438A,LYS,48.0,139.6006153101444,-91.6006153101444
2021-03-24 01:00:00,1438A,LYS,56.0,139.56694267258106,-83.56694267258106
2021-03-24 02:00:00,1438A,LYS,68.0,139.6032305552264,-71.60323055522639
2021-03-24 03:00:00,1438A,LYS,69.0,137.6754645563254,-68.67546455632541
2021-03-24 04:00:00,1438A,LYS,70.0,137.2824203734889,-67.28242037348889
2021-03-24 05:00:00,1438A,LYS,69.0,136.28095271586523,-67.28095271586523
2021-03-24 06:00:00,1438A,LYS,57.0,136.26292828724252,-79.26292828724252
2021-03-24 07:00:00,1438A,LYS,71.0,135.70658206336842,-64.70658206336842
2021-03-24 08:00:00,1438A,LYS,68.0,134.95935020399182,-66.95935020399182
2021-03-24 09:00:00,1438A,LYS,65.0,134.07060390955772,-69.07060390955772
2021-03-24 10:00:00,1438A,LYS,66.0,133.59815766817164,-67.59815766817164
2021-03-24 11:00:00,1438A,LYS,54.0,135.64957342157638,-81.64957342157638
2021-03-24 12:00:00,1438A,LYS,56.0,137.62749985643651,-81.62749985643651
2021-03-24 13:00:00,1438A,LYS,62.0,137.8223763025196,-75.82237630251959
2021-03-24 14:00:00,1438A,LYS,61.0,138.26050958415345,-77.26050958415345
2021-03-24 15:00:00,1438A,LYS,58.0,138.2054559393285,-80.20545593932849
2021-03-24 16:00:00,1438A,LYS,63.0,137.7713265992596,-74.7713265992596
2021-03-24 17:00:00,1438A,LYS,60.0,137.70968959402146,-77.70968959402146
2021-03-24 18:00:00,1438A,LYS,58.0,138.62644647143998,-80.62644647143998
2021-03-24 19:00:00,1438A,LYS,56.0,140.10026761941066,-84.10026761941066
2021-03-24 20:00:00,1438A,LYS,61.0,140.29542634855932,-79.29542634855932
2021-03-24 21:00:00,1438A,LYS,66.0,140.15351250596478,-74.15351250596478
2021-03-24 22:00:00,1438A,LYS,68.0,140.8073343791017,-72.80733437910169
2021-03-24 23:00:00,1438A,LYS,71.0,140.98550340778993,-69.98550340778993
2021-03-25 00:00:00,1438A,LYS,76.0,140.22060293602078,-64.22060293602078
2021-03-25 01:00:00,1438A,LYS,59.0,140.18693029845744,-81.18693029845744
2021-03-25 02:00:00,1438A,LYS,36.0,140.22321818110277,-104.22321818110277
2021-03-25 03:00:00,1438A,LYS,44.0,138.29545218220179,-94.29545218220179
2021-03-25 04:00:00,1438A,LYS,36.0,137.90240799936527,-101.90240799936527
2021-03-25 05:00:00,1438A,LYS,32.0,136.9009403417416,-104.9009403417416
2021-03-25 06:00:00,1438A,LYS,27.0,136.8829159131189,-109.8829159131189
2021-03-25 07:00:00,1438A,LYS,29.0,136.3265696892448,-107.32656968924479
2021-03-25 08:00:00,1438A,LYS,31.0,135.5793378298682,-104.5793378298682
2021-03-25 09:00:00,1438A,LYS,24.0,134.6905915354341,-110.6905915354341
2021-03-25 10:00:00,1438A,LYS,,134.218145294048,
2021-03-25 11:00:00,1438A,LYS,,136.26956104745275,
2021-03-25 12:00:00,1438A,LYS,,138.2474874823129,
2021-03-25 13:00:00,1438A,LYS,,138.44236392839596,
2021-03-25 14:00:00,1438A,LYS,,138.88049721002983,
2021-03-25 15:00:00,1438A,LYS,,138.82544356520486,
2021-03-25 16:00:00,1438A,LYS,,138.39131422513597,
2021-03-25 17:00:00,1438A,LYS,,138.32967721989783,
2021-03-25 18:00:00,1438A,LYS,,139.24643409731635,
2021-03-25 19:00:00,1438A,LYS,32.0,140.72025524528703,-108.72025524528703
2021-03-25 20:00:00,1438A,LYS,33.0,140.9154139744357,-107.9154139744357
2021-03-25 21:00:00,1438A,LYS,32.0,140.77350013184116,-108.77350013184116
2021-03-25 22:00:00,1438A,LYS,33.0,141.42732200497807,-108.42732200497807
2021-03-25 23:00:00,1438A,LYS,28.0,141.6054910336663,-113.60549103366631
2021-03-26 00:00:00,1438A,LYS,22.0,140.84059056189716,-118.84059056189716
2021-03-26 01:00:00,1438A,LYS,18.0,140.80691792433382,-122.80691792433382
2021-03-26 02:00:00,1438A,LYS,20.0,140.84320580697914,-120.84320580697914
2021-03-26 03:00:00,1438A,LYS,,138.91543980807816,
2021-03-26 04:00:00,1438A,LYS,,138.52239562524164,
2021-03-26 05:00:00,1438A,LYS,,137.52092796761798,
2021-03-26 06:00:00,1438A,LYS,,137.50290353899527,
2021-03-26 07:00:00,1438A,LYS,,136.94655731512117,
2021-03-26 08:00:00,1438A,LYS,,136.19932545574457,
2021-03-26 09:00:00,1438A,LYS,,135.31057916131047,
2021-03-26 10:00:00,1438A,LYS,,134.8381329199244,
2021-03-26 11:00:00,1438A,LYS,,136.88954867332913,
2021-03-26 12:00:00,1438A,LYS,,138.86747510818927,
2021-03-26 13:00:00,1438A,LYS,39.0,139.06235155427234,-100.06235155427234
2021-03-26 14:00:00,1438A,LYS,18.0,139.5004848359062,-121.5004848359062
2021-03-26 15:00:00,1438A,LYS,12.0,139.44543119108124,-127.44543119108124
2021-03-26 16:00:00,1438A,LYS,12.0,139.01130185101235,-127.01130185101235
2021-03-26 17:00:00,1438A,LYS,11.0,138.9496648457742,-127.94966484577421
2021-03-26 18:00:00,1438A,LYS,16.0,139.86642172319273,-123.86642172319273
2021-03-26 19:00:00,1438A,LYS,15.0,141.3402428711634,-126.34024287116341
2021-03-26 20:00:00,1438A,LYS,15.0,141.53540160031207,-126.53540160031207
2021-03-26 21:00:00,1438A,LYS,12.0,141.39348775771754,-129.39348775771754
2021-03-26 22:00:00,1438A,LYS,14.0,142.04730963085444,-128.04730963085444
2021-03-26 23:00:00,1438A,LYS,11.0,142.2254786595427,-131.2254786595427
2021-03-27 00:00:00,1438A,LYS,13.0,141.46057818777354,-128.46057818777354
2021-03-27 01:00:00,1438A,LYS,16.0,141.4269055502102,-125.4269055502102
2021-03-27 02:00:00,1438A,LYS,21.0,141.46319343285552,-120.46319343285552
2021-03-27 03:00:00,1438A,LYS,19.0,139.53542743395454,-120.53542743395454
2021-03-27 04:00:00,1438A,LYS,17.0,139.14238325111802,-122.14238325111802
2021-03-27 05:00:00,1438A,LYS,17.0,138.14091559349436,-121.14091559349436
2021-03-27 06:00:00,1438A,LYS,20.0,138.12289116487165,-118.12289116487165
2021-03-27 07:00:00,1438A,LYS,19.0,137.56654494099755,-118.56654494099755
2021-03-27 08:00:00,1438A,LYS,16.0,136.81931308162095,-120.81931308162095
2021-03-27 09:00:00,1438A,LYS,10.0,135.93056678718685,-125.93056678718685
2021-03-27 10:00:00,1438A,LYS,8.0,135.45812054580077,-127.45812054580077
2021-03-27 11:00:00,1438A,LYS,24.0,137.5095362992055,-113.50953629920551
2021-03-27 12:00:00,1438A,LYS,22.0,139.48746273406564,-117.48746273406564
2021-03-27 13:00:00,1438A,LYS,20.0,139.68233918014872,-119.68233918014872
2021-03-27 14:00:00,1438A,LYS,21.0,140.12047246178258,-119.12047246178258
2021-03-27 15:00:00,1438A,LYS,22.0,140.06541881695762,-118.06541881695762
2021-03-27 16:00:00,1438A,LYS,21.0,139.63128947688872,-118.63128947688872
2021-03-27 17:00:00,1438A,LYS,24.0,139.56965247165058,-115.56965247165058
2021-03-27 18:00:00,1438A,LYS,25.0,140.4864093490691,-115.4864093490691
2021-03-27 19:00:00,1438A,LYS,27.0,141.9602304970398,-114.96023049703979
2021-03-27 20:00:00,1438A,LYS,30.0,142.15538922618845,-112.15538922618845
2021-03-27 21:00:00,1438A,LYS,31.0,142.0134753835939,-111.01347538359391
2021-03-27 22:00:00,1438A,LYS,35.0,142.66729725673082,-107.66729725673082
2021-03-27 23:00:00,1438A,LYS,34.0,142.84546628541906,-108.84546628541906
2021-03-28 00:00:00,1438A,LYS,32.0,142.0805658136499,-110.08056581364991
2021-03-28 01:00:00,1438A,LYS,31.0,142.04689317608657,-111.04689317608657
2021-03-28 02:00:00,1438A,LYS,31.0,142.0831810587319,-111.0831810587319
2021-03-28 03:00:00,1438A,LYS,32.0,140.15541505983091,-108.15541505983091
2021-03-28 04:00:00,1438A,LYS,34.0,139.7623708769944,-105.7623708769944
2021-03-28 05:00:00,1438A,LYS,30.0,138.76090321937073,-108.76090321937073
2021-03-28 06:00:00,1438A,LYS,29.0,138.74287879074802,-109.74287879074802
2021-03-28 07:00:00,1438A,LYS,25.0,138.18653256687392,-113.18653256687392
2021-03-28 08:00:00,1438A,LYS,23.0,137.43930070749732,-114.43930070749732
2021-03-28 09:00:00,1438A,LYS,18.0,136.55055441306322,-118.55055441306322
2021-03-28 10:00:00,1438A,LYS,20.0,136.07810817167714,-116.07810817167714
2021-03-28 11:00:00,1438A,LYS,35.0,138.12952392508188,-103.12952392508188
2021-03-28 12:00:00,1438A,LYS,40.0,140.10745035994202,-100.10745035994202
2021-03-28 13:00:00,1438A,LYS,46.0,140.3023268060251,-94.30232680602509
2021-03-28 14:00:00,1438A,LYS,45.0,140.74046008765896,-95.74046008765896
2021-03-28 15:00:00,1438A,LYS,42.0,140.685406442834,-98.685406442834
2021-03-28 16:00:00,1438A,LYS,44.0,140.2512771027651,-96.2512771027651
2021-03-28 17:00:00,1438A,LYS,42.0,140.18964009752696,-98.18964009752696
2021-03-28 18:00:00,1438A,LYS,38.0,141.10639697494548,-103.10639697494548
2021-03-28 19:00:00,1438A,LYS,40.0,142.58021812291616,-102.58021812291616
2021-03-28 20:00:00,1438A,LYS,40.0,142.77537685206482,-102.77537685206482
2021-03-28 21:00:00,1438A,LYS,41.0,142.6334630094703,-101.63346300947029
2021-03-28 22:00:00,1438A,LYS,41.0,143.2872848826072,-102.2872848826072
2021-03-28 23:00:00,1438A,LYS,41.0,143.46545391129544,-102.46545391129544
2021-03-29 00:00:00,1438A,LYS,41.0,142.7005534395263,-101.70055343952629
2021-03-29 01:00:00,1438A,LYS,44.0,142.66688080196295,-98.66688080196295
2021-03-29 02:00:00,1438A,LYS,45.0,142.70316868460827,-97.70316868460827
2021-03-29 03:00:00,1438A,LYS,50.0,140.7754026857073,-90.77540268570729
2021-03-29 04:00:00,1438A,LYS,48.0,140.38235850287077,-92.38235850287077
2021-03-29 05:00:00,1438A,LYS,48.0,139.3808908452471,-91.38089084524711
2021-03-29 06:00:00,1438A,LYS,50.0,139.3628664166244,-89.3628664166244
2021-03-29 07:00:00,1438A,LYS,49.0,138.8065201927503,-89.8065201927503
2021-03-29 08:00:00,1438A,LYS,47.0,138.0592883333737,-91.0592883333737
2021-03-29 09:00:00,1438A,LYS,43.0,137.1705420389396,-94.1705420389396
2021-03-29 10:00:00,1438A,LYS,42.0,136.69809579755352,-94.69809579755352
2021-03-29 11:00:00,1438A,LYS,41.0,138.74951155095826,-97.74951155095826
2021-03-29 12:00:00,1438A,LYS,43.0,140.7274379858184,-97.7274379858184
2021-03-29 13:00:00,1438A,LYS,45.0,140.92231443190147,-95.92231443190147
2021-03-29 14:00:00,1438A,LYS,44.0,141.36044771353534,-97.36044771353534
2021-03-29 15:00:00,1438A,LYS,45.0,141.30539406871037,-96.30539406871037
2021-03-29 16:00:00,1438A,LYS,44.0,140.87126472864148,-96.87126472864148
2021-03-29 17:00:00,1438A,LYS,45.0,140.80962772340334,-95.80962772340334
2021-03-29 18:00:00,1438A,LYS,45.0,141.72638460082186,-96.72638460082186
2021-03-29 19:00:00,1438A,LYS,44.0,143.20020574879254,-99.20020574879254
2021-03-29 20:00:00,1438A,LYS,44.0,143.3953644779412,-99.3953644779412
2021-03-29 21:00:00,1438A,LYS,42.0,143.25345063534667,-101.25345063534667
2021-03-29 22:00:00,1438A,LYS,42.0,143.90727250848357,-101.90727250848357
2021-03-29 23:00:00,1438A,LYS,47.0,144.08544153717182,-97.08544153717182
2021-03-30 00:00:00,1438A,LYS,46.0,143.32054106540267,-97.32054106540267
2021-03-30 01:00:00,1438A,LYS,47.0,143.28686842783932,-96.28686842783932
2021-03-30 02:00:00,1438A,LYS,51.0,143.32315631048465,-92.32315631048465
2021-03-30 03:00:00,1438A,LYS,50.0,141.39539031158367,-91.39539031158367
2021-03-30 04:00:00,1438A,LYS,46.0,141.00234612874715,-95.00234612874715
2021-03-30 05:00:00,1438A,LYS,44.0,140.00087847112349,-96.00087847112349
2021-03-30 06:00:00,1438A,LYS,44.0,139.98285404250078,-95.98285404250078
2021-03-30 07:00:00,1438A,LYS,42.0,139.42650781862667,-97.42650781862667
2021-03-30 08:00:00,1438A,LYS,40.0,138.67927595925008,-98.67927595925008
2021-03-30 09:00:00,1438A,LYS,39.0,137.79052966481598,-98.79052966481598
2021-03-30 10:00:00,1438A,LYS,38.0,137.3180834234299,-99.3180834234299
2021-03-30 11:00:00,1438A,LYS,38.0,139.36949917683464,-101.36949917683464
2021-03-30 12:00:00,1438A,LYS,50.0,141.34742561169477,-91.34742561169477
2021-03-30 13:00:00,1438A,LYS,48.0,141.54230205777785,-93.54230205777785
2021-03-30 14:00:00,1438A,LYS,41.0,141.9804353394117,-100.98043533941171
2021-03-30 15:00:00,1438A,LYS,43.0,141.92538169458675,-98.92538169458675
2021-03-30 16:00:00,1438A,LYS,44.0,141.49125235451785,-97.49125235451785
2021-03-30 17:00:00,1438A,LYS,45.0,141.42961534927971,-96.42961534927971
2021-03-30 18:00:00,1438A,LYS,47.0,142.34637222669824,-95.34637222669824
2021-03-30 19:00:00,1438A,LYS,50.0,143.82019337466892,-93.82019337466892
2021-03-30 20:00:00,1438A,LYS,54.0,144.01535210381758,-90.01535210381758
2021-03-30 21:00:00,1438A,LYS,58.0,143.87343826122304,-85.87343826122304
2021-03-30 22:00:00,1438A,LYS,54.0,144.52726013435995,-90.52726013435995
2021-03-30 23:00:00,1438A,LYS,49.0,144.7054291630482,-95.7054291630482
2021-03-31 00:00:00,1438A,LYS,39.0,143.94052869127904,-104.94052869127904
2021-03-31 01:00:00,1438A,LYS,30.0,143.9068560537157,-113.9068560537157
2021-03-31 02:00:00,1438A,LYS,31.0,143.94314393636103,-112.94314393636103
2021-03-31 03:00:00,1438A,LYS,30.0,142.01537793746004,-112.01537793746004
2021-03-31 04:00:00,1438A,LYS,20.0,141.62233375462353,-121.62233375462353
2021-03-31 05:00:00,1438A,LYS,8.0,140.62086609699986,-132.62086609699986
2021-03-31 06:00:00,1438A,LYS,8.0,140.60284166837715,-132.60284166837715
2021-03-31 07:00:00,1438A,LYS,10.0,140.04649544450305,-130.04649544450305
2021-03-31 08:00:00,1438A,LYS,12.0,139.29926358512645,-127.29926358512645
2021-03-31 09:00:00,1438A,LYS,15.0,138.41051729069235,-123.41051729069235
2021-03-31 10:00:00,1438A,LYS,14.0,137.93807104930627,-123.93807104930627
2021-03-31 11:00:00,1438A,LYS,7.0,139.989486802711,-132.989486802711
2021-03-31 12:00:00,1438A,LYS,9.0,141.96741323757115,-132.96741323757115
2021-03-31 13:00:00,1438A,LYS,13.0,142.16228968365422,-129.16228968365422
2021-03-31 14:00:00,1438A,LYS,10.0,142.6004229652881,-132.6004229652881
2021-03-31 15:00:00,1438A,LYS,15.0,142.54536932046312,-127.54536932046312
2021-03-31 16:00:00,1438A,LYS,20.0,142.11123998039423,-122.11123998039423
2021-03-31 17:00:00,1438A,LYS,20.0,142.0496029751561,-122.04960297515609
2021-03-31 18:00:00,1438A,LYS,23.0,142.9663598525746,-119.96635985257461
2021-03-31 19:00:00,1438A,LYS,22.0,144.4401810005453,-122.4401810005453
2021-03-31 20:00:00,1438A,LYS,20.0,144.63533972969395,-124.63533972969395
2021-03-31 21:00:00,1438A,LYS,23.0,144.49342588709942,-121.49342588709942
2021-03-31 22:00:00,1438A,LYS,20.0,145.14724776023633,-125.14724776023633
2021-03-31 23:00:00,1438A,LYS,11.0,145.32541678892457,-134.32541678892457
2021-04-01 00:00:00,1438A,LYS,7.0,144.56051631715542,-137.56051631715542
2021-04-01 01:00:00,1438A,LYS,6.0,144.52684367959208,-138.52684367959208
2021-04-01 02:00:00,1438A,LYS,4.0,144.5631315622374,-140.5631315622374
2021-04-01 03:00:00,1438A,LYS,6.0,142.63536556333642,-136.63536556333642
2021-04-01 04:00:00,1438A,LYS,6.0,142.2423213804999,-136.2423213804999
2021-04-01 05:00:00,1438A,LYS,2.0,141.24085372287624,-139.24085372287624
2021-04-01 06:00:00,1438A,LYS,,141.22282929425353,
2021-04-01 07:00:00,1438A,LYS,,140.66648307037943,
2021-04-01 08:00:00,1438A,LYS,,139.91925121100283,
2021-04-01 09:00:00,1438A,LYS,1.0,139.03050491656873,-138.03050491656873
2021-04-01 10:00:00,1438A,LYS,1.0,138.55805867518265,-137.55805867518265
2021-04-01 11:00:00,1438A,LYS,4.0,140.6094744285874,-136.6094744285874
2021-04-01 12:00:00,1438A,LYS,7.0,142.58740086344753,-135.58740086344753
2021-04-01 13:00:00,1438A,LYS,9.0,142.7822773095306,-133.7822773095306
2021-04-01 14:00:00,1438A,LYS,11.0,143.22041059116447,-132.22041059116447
2021-04-01 15:00:00,1438A,LYS,12.0,143.1653569463395,-131.1653569463395
2021-04-01 16:00:00,1438A,LYS,15.0,142.7312276062706,-127.73122760627061
2021-04-01 17:00:00,1438A,LYS,11.0,142.66959060103247,-131.66959060103247
2021-04-01 18:00:00,1438A,LYS,14.0,143.586347478451,-129.586347478451
2021-04-01 19:00:00,1438A,LYS,20.0,145.06016862642167,-125.06016862642167
2021-04-01 20:00:00,1438A,LYS,26.0,145.25532735557033,-119.25532735557033
2021-04-01 21:00:00,1438A,LYS,27.0,145.1134135129758,-118.1134135129758
2021-04-01 22:00:00,1438A,LYS,16.0,145.7672353861127,-129.7672353861127
2021-04-01 23:00:00,1438A,LYS,6.0,145.94540441480095,-139.94540441480095
2021-04-02 00:00:00,1438A,LYS,6.0,145.1805039430318,-139.1805039430318
2021-04-02 01:00:00,1438A,LYS,4.0,145.14683130546845,-141.14683130546845
2021-04-02 02:00:00,1438A,LYS,2.0,145.18311918811378,-143.18311918811378
2021-04-02 03:00:00,1438A,LYS,3.0,143.2553531892128,-140.2553531892128
2021-04-02 04:00:00,1438A,LYS,6.0,142.86230900637628,-136.86230900637628
2021-04-02 05:00:00,1438A,LYS,4.0,141.86084134875261,-137.86084134875261
2021-04-02 06:00:00,1438A,LYS,6.0,141.8428169201299,-135.8428169201299
2021-04-02 07:00:00,1438A,LYS,6.0,141.2864706962558,-135.2864706962558
2021-04-02 08:00:00,1438A,LYS,11.0,140.5392388368792,-129.5392388368792
2021-04-02 09:00:00,1438A,LYS,15.0,139.6504925424451,-124.65049254244511
2021-04-02 10:00:00,1438A,LYS,20.0,139.17804630105903,-119.17804630105903
2021-04-02 11:00:00,1438A,LYS,19.0,141.22946205446377,-122.22946205446377
2021-04-02 12:00:00,1438A,LYS,23.0,143.2073884893239,-120.2073884893239
2021-04-02 13:00:00,1438A,LYS,24.0,143.40226493540698,-119.40226493540698
2021-04-02 14:00:00,1438A,LYS,23.0,143.84039821704084,-120.84039821704084
2021-04-02 15:00:00,1438A,LYS,28.0,143.78534457221588,-115.78534457221588
2021-04-02 16:00:00,1438A,LYS,31.0,143.35121523214698,-112.35121523214698
2021-04-02 17:00:00,1438A,LYS,36.0,143.28957822690884,-107.28957822690884
2021-04-02 18:00:00,1438A,LYS,36.0,144.20633510432737,-108.20633510432737
2021-04-02 19:00:00,1438A,LYS,36.0,145.68015625229805,-109.68015625229805
2021-04-02 20:00:00,1438A,LYS,33.0,145.8753149814467,-112.8753149814467
2021-04-02 21:00:00,1438A,LYS,25.0,145.73340113885217,-120.73340113885217
2021-04-02 22:00:00,1438A,LYS,26.0,146.38722301198908,-120.38722301198908
2021-04-02 23:00:00,1438A,LYS,18.0,146.56539204067732,-128.56539204067732
2021-04-03 00:00:00,1438A,LYS,17.0,145.80049156890817,-128.80049156890817
2021-04-03 01:00:00,1438A,LYS,13.0,145.76681893134483,-132.76681893134483
2021-04-03 02:00:00,1438A,LYS,15.0,145.80310681399015,-130.80310681399015
2021-04-03 03:00:00,1438A,LYS,15.0,143.87534081508917,-128.87534081508917
2021-04-03 04:00:00,1438A,LYS,15.0,143.48229663225266,-128.48229663225266
2021-04-03 05:00:00,1438A,LYS,19.0,142.480828974629,-123.48082897462899
2021-04-03 06:00:00,1438A,LYS,20.0,142.46280454600628,-122.46280454600628
2021-04-03 07:00:00,1438A,LYS,21.0,141.90645832213218,-120.90645832213218
2021-04-03 08:00:00,1438A,LYS,24.0,141.15922646275558,-117.15922646275558
2021-04-03 09:00:00,1438A,LYS,24.0,140.27048016832148,-116.27048016832148
2021-04-03 10:00:00,1438A,LYS,17.0,139.7980339269354,-122.7980339269354
2021-04-03 11:00:00,1438A,LYS,24.0,141.84944968034014,-117.84944968034014
2021-04-03 12:00:00,1438A,LYS,25.0,143.82737611520028,-118.82737611520028
2021-04-03 13:00:00,1438A,LYS,23.0,144.02225256128335,-121.02225256128335
2021-04-03 14:00:00,1438A,LYS,21.0,144.46038584291722,-123.46038584291722
2021-04-03 15:00:00,1438A,LYS,24.0,144.40533219809225,-120.40533219809225
2021-04-03 16:00:00,1438A,LYS,23.0,143.97120285802336,-120.97120285802336
2021-04-03 17:00:00,1438A,LYS,24.0,143.90956585278522,-119.90956585278522
2021-04-03 18:00:00,1438A,LYS,27.0,144.82632273020374,-117.82632273020374
2021-04-03 19:00:00,1438A,LYS,31.0,146.30014387817442,-115.30014387817442
2021-04-03 20:00:00,1438A,LYS,28.0,146.49530260732308,-118.49530260732308
2021-04-03 21:00:00,1438A,LYS,31.0,146.35338876472855,-115.35338876472855
2021-04-03 22:00:00,1438A,LYS,30.0,147.00721063786546,-117.00721063786546
2021-04-03 23:00:00,1438A,LYS,24.0,147.1853796665537,-123.1853796665537
2021-04-04 00:00:00,1438A,LYS,23.0,146.42047919478455,-123.42047919478455
2021-04-04 01:00:00,1438A,LYS,24.0,146.3868065572212,-122.3868065572212
2021-04-04 02:00:00,1438A,LYS,28.0,146.42309443986653,-118.42309443986653
2021-04-04 03:00:00,1438A,LYS,5.0,144.49532844096555,-139.49532844096555
2021-04-04 04:00:00,1438A,LYS,3.0,144.10228425812903,-141.10228425812903
2021-04-04 05:00:00,1438A,LYS,4.0,143.10081660050537,-139.10081660050537
2021-04-04 06:00:00,1438A,LYS,5.0,143.08279217188266,-138.08279217188266
2021-04-04 07:00:00,1438A,LYS,8.0,142.52644594800856,-134.52644594800856
2021-04-04 08:00:00,1438A,LYS,19.0,141.77921408863196,-122.77921408863196
2021-04-04 09:00:00,1438A,LYS,13.0,140.89046779419786,-127.89046779419786
2021-04-04 10:00:00,1438A,LYS,10.0,140.41802155281178,-130.41802155281178
2021-04-04 11:00:00,1438A,LYS,15.0,142.46943730621652,-127.46943730621652
2021-04-04 12:00:00,1438A,LYS,18.0,144.44736374107666,-126.44736374107666
2021-04-04 13:00:00,1438A,LYS,19.0,144.64224018715973,-125.64224018715973
2021-04-04 14:00:00,1438A,LYS,35.0,145.0803734687936,-110.0803734687936
2021-04-04 15:00:00,1438A,LYS,40.0,145.02531982396863,-105.02531982396863
2021-04-04 16:00:00,1438A,LYS,28.0,144.59119048389974,-116.59119048389974
2021-04-04 17:00:00,1438A,LYS,26.0,144.5295534786616,-118.5295534786616
2021-04-04 18:00:00,1438A,LYS,15.0,145.44631035608012,-130.44631035608012
2021-04-04 19:00:00,1438A,LYS,18.0,146.9201315040508,-128.9201315040508
2021-04-04 20:00:00,1438A,LYS,19.0,147.11529023319946,-128.11529023319946
2021-04-04 21:00:00,1438A,LYS,20.0,146.97337639060493,-126.97337639060493
2021-04-04 22:00:00,1438A,LYS,21.0,147.62719826374183,-126.62719826374183
2021-04-04 23:00:00,1438A,LYS,32.0,147.80536729243008,-115.80536729243008
2021-04-05 00:00:00,1438A,LYS,24.0,147.04046682066092,-123.04046682066092
2021-04-05 01:00:00,1438A,LYS,18.0,147.00679418309758,-129.00679418309758
2021-04-05 02:00:00,1438A,LYS,12.0,147.0430820657429,-135.0430820657429
2021-04-05 03:00:00,1438A,LYS,13.0,145.11531606684193,-132.11531606684193
2021-04-05 04:00:00,1438A,LYS,9.0,144.7222718840054,-135.7222718840054
2021-04-05 05:00:00,1438A,LYS,6.0,143.72080422638174,-137.72080422638174
2021-04-05 06:00:00,1438A,LYS,1.0,143.70277979775904,-142.70277979775904
2021-04-05 07:00:00,1438A,LYS,2.0,143.14643357388493,-141.14643357388493
2021-04-05 08:00:00,1438A,LYS,8.0,142.39920171450834,-134.39920171450834
2021-04-05 09:00:00,1438A,LYS,7.0,141.51045542007424,-134.51045542007424
2021-04-05 10:00:00,1438A,LYS,8.0,141.03800917868816,-133.03800917868816
2021-04-05 11:00:00,1438A,LYS,14.0,143.0894249320929,-129.0894249320929
2021-04-05 12:00:00,1438A,LYS,24.0,145.06735136695303,-121.06735136695303
2021-04-05 13:00:00,1438A,LYS,18.0,145.2622278130361,-127.2622278130361
2021-04-05 14:00:00,1438A,LYS,21.0,145.70036109466997,-124.70036109466997
2021-04-05 15:00:00,1438A,LYS,21.0,145.645307449845,-124.645307449845
2021-04-05 16:00:00,1438A,LYS,20.0,145.2111781097761,-125.21117810977611
2021-04-05 17:00:00,1438A,LYS,21.0,145.14954110453797,-124.14954110453797
2021-04-05 18:00:00,1438A,LYS,21.0,146.0662979819565,-125.0662979819565
2021-04-05 19:00:00,1438A,LYS,17.0,147.54011912992718,-130.54011912992718
2021-04-05 20:00:00,1438A,LYS,24.0,147.73527785907584,-123.73527785907584
2021-04-05 21:00:00,1438A,LYS,31.0,147.5933640164813,-116.5933640164813
2021-04-05 22:00:00,1438A,LYS,41.0,148.2471858896182,-107.24718588961821
2021-04-05 23:00:00,1438A,LYS,42.0,148.42535491830645,-106.42535491830645
2021-04-06 00:00:00,1438A,LYS,40.0,147.6604544465373,-107.6604544465373
2021-04-06 01:00:00,1438A,LYS,38.0,147.62678180897396,-109.62678180897396
2021-04-06 02:00:00,1438A,LYS,38.0,147.66306969161928,-109.66306969161928
2021-04-06 03:00:00,1438A,LYS,23.0,145.7353036927183,-122.7353036927183
2021-04-06 04:00:00,1438A,LYS,22.0,145.34225950988179,-123.34225950988179
2021-04-06 05:00:00,1438A,LYS,10.0,144.34079185225812,-134.34079185225812
2021-04-06 06:00:00,1438A,LYS,6.0,144.3227674236354,-138.3227674236354
2021-04-06 07:00:00,1438A,LYS,5.0,143.7664211997613,-138.7664211997613
2021-04-06 08:00:00,1438A,LYS,3.0,143.0191893403847,-140.0191893403847
2021-04-06 09:00:00,1438A,LYS,4.0,142.1304430459506,-138.1304430459506
2021-04-06 10:00:00,1438A,LYS,4.0,141.65799680456453,-137.65799680456453
2021-04-06 11:00:00,1438A,LYS,9.0,143.70941255796927,-134.70941255796927
2021-04-06 12:00:00,1438A,LYS,4.0,145.6873389928294,-141.6873389928294
2021-04-06 13:00:00,1438A,LYS,5.0,145.88221543891248,-140.88221543891248
2021-04-06 14:00:00,1438A,LYS,2.0,146.32034872054635,-144.32034872054635
2021-04-06 15:00:00,1438A,LYS,4.0,146.26529507572138,-142.26529507572138
2021-04-06 16:00:00,1438A,LYS,10.0,145.8311657356525,-135.8311657356525
2021-04-06 17:00:00,1438A,LYS,10.0,145.76952873041435,-135.76952873041435
2021-04-06 18:00:00,1438A,LYS,20.0,146.68628560783287,-126.68628560783287
2021-04-06 19:00:00,1438A,LYS,16.0,148.16010675580355,-132.16010675580355
2021-04-06 20:00:00,1438A,LYS,8.0,148.3552654849522,-140.3552654849522
2021-04-06 21:00:00,1438A,LYS,8.0,148.21335164235768,-140.21335164235768
2021-04-06 22:00:00,1438A,LYS,6.0,148.86717351549458,-142.86717351549458
2021-04-06 23:00:00,1438A,LYS,5.0,149.04534254418283,-144.04534254418283
2021-04-07 00:00:00,1438A,LYS,5.0,148.28044207241368,-143.28044207241368
2021-04-07 01:00:00,1438A,LYS,5.0,148.24676943485034,-143.24676943485034
2021-04-07 02:00:00,1438A,LYS,7.0,148.28305731749566,-141.28305731749566
2021-04-07 03:00:00,1438A,LYS,8.0,146.35529131859468,-138.35529131859468
2021-04-07 04:00:00,1438A,LYS,8.0,145.96224713575816,-137.96224713575816
2021-04-07 05:00:00,1438A,LYS,8.0,144.9607794781345,-136.9607794781345
2021-04-07 06:00:00,1438A,LYS,8.0,144.9427550495118,-136.9427550495118
2021-04-07 07:00:00,1438A,LYS,7.0,144.3864088256377,-137.3864088256377
2021-04-07 08:00:00,1438A,LYS,8.0,143.6391769662611,-135.6391769662611
2021-04-07 09:00:00,1438A,LYS,8.0,142.750430671827,-134.750430671827
2021-04-07 10:00:00,1438A,LYS,8.0,142.2779844304409,-134.2779844304409
2021-04-07 11:00:00,1438A,LYS,7.0,144.32940018384565,-137.32940018384565
2021-04-07 12:00:00,1438A,LYS,14.0,146.3073266187058,-132.3073266187058
2021-04-07 13:00:00,1438A,LYS,13.0,146.50220306478886,-133.50220306478886
2021-04-07 14:00:00,1438A,LYS,16.0,146.94033634642273,-130.94033634642273
2021-04-07 15:00:00,1438A,LYS,17.0,146.88528270159776,-129.88528270159776
2021-04-07 16:00:00,1438A,LYS,15.0,146.45115336152887,-131.45115336152887
2021-04-07 17:00:00,1438A,LYS,14.0,146.38951635629073,-132.38951635629073
2021-04-07 18:00:00,1438A,LYS,14.0,147.30627323370925,-133.30627323370925
2021-04-07 19:00:00,1438A,LYS,14.0,148.78009438167993,-134.78009438167993
2021-04-07 20:00:00,1438A,LYS,17.0,148.9752531108286,-131.9752531108286
2021-04-07 21:00:00,1438A,LYS,19.0,148.83333926823406,-129.83333926823406
2021-04-07 22:00:00,1438A,LYS,15.0,149.48716114137096,-134.48716114137096
2021-04-07 23:00:00,1438A,LYS,13.0,149.6653301700592,-136.6653301700592
2021-04-08 00:00:00,1438A,LYS,10.0,148.90042969829005,-138.90042969829005
2021-04-08 01:00:00,1438A,LYS,10.0,148.8667570607267,-138.8667570607267
2021-04-08 02:00:00,1438A,LYS,10.0,148.90304494337204,-138.90304494337204
2021-04-08 03:00:00,1438A,LYS,12.0,146.97527894447106,-134.97527894447106
2021-04-08 04:00:00,1438A,LYS,12.0,146.58223476163454,-134.58223476163454
2021-04-08 05:00:00,1438A,LYS,20.0,145.58076710401087,-125.58076710401087
2021-04-08 06:00:00,1438A,LYS,30.0,145.56274267538817,-115.56274267538817
2021-04-08 07:00:00,1438A,LYS,29.0,145.00639645151406,-116.00639645151406
2021-04-08 08:00:00,1438A,LYS,31.0,144.25916459213747,-113.25916459213747
2021-04-08 09:00:00,1438A,LYS,32.0,143.37041829770337,-111.37041829770337
2021-04-08 10:00:00,1438A,LYS,44.0,142.8979720563173,-98.89797205631729
2021-04-08 11:00:00,1438A,LYS,52.0,144.94938780972203,-92.94938780972203
2021-04-08 12:00:00,1438A,LYS,47.0,146.92731424458216,-99.92731424458216
2021-04-08 13:00:00,1438A,LYS,45.0,147.12219069066524,-102.12219069066524
2021-04-08 14:00:00,1438A,LYS,48.0,147.5603239722991,-99.5603239722991
2021-04-08 15:00:00,1438A,LYS,49.0,147.50527032747414,-98.50527032747414
2021-04-08 16:00:00,1438A,LYS,35.0,147.07114098740524,-112.07114098740524
2021-04-08 17:00:00,1438A,LYS,35.0,147.0095039821671,-112.0095039821671
2021-04-08 18:00:00,1438A,LYS,44.0,147.92626085958562,-103.92626085958562
2021-04-08 19:00:00,1438A,LYS,29.0,149.4000820075563,-120.4000820075563
2021-04-08 20:00:00,1438A,LYS,22.0,149.59524073670497,-127.59524073670497
2021-04-08 21:00:00,1438A,LYS,23.0,149.45332689411043,-126.45332689411043
2021-04-08 22:00:00,1438A,LYS,22.0,150.10714876724734,-128.10714876724734
2021-04-08 23:00:00,1438A,LYS,30.0,150.28531779593558,-120.28531779593558
2021-04-09 00:00:00,1438A,LYS,33.0,149.52041732416643,-116.52041732416643
2021-04-09 01:00:00,1438A,LYS,32.0,149.4867446866031,-117.48674468660309
2021-04-09 02:00:00,1438A,LYS,14.0,149.52303256924841,-135.52303256924841
2021-04-09 03:00:00,1438A,LYS,9.0,147.59526657034743,-138.59526657034743
2021-04-09 04:00:00,1438A,LYS,11.0,147.20222238751091,-136.20222238751091
2021-04-09 05:00:00,1438A,LYS,13.0,146.20075472988725,-133.20075472988725
2021-04-09 06:00:00,1438A,LYS,8.0,146.18273030126454,-138.18273030126454
2021-04-09 07:00:00,1438A,LYS,7.0,145.62638407739044,-138.62638407739044
2021-04-09 08:00:00,1438A,LYS,9.0,144.87915221801384,-135.87915221801384
2021-04-09 09:00:00,1438A,LYS,,143.99040592357974,
2021-04-09 10:00:00,1438A,LYS,15.0,143.51795968219366,-128.51795968219366
2021-04-09 11:00:00,1438A,LYS,8.0,145.5693754355984,-137.5693754355984
2021-04-09 12:00:00,1438A,LYS,5.0,147.54730187045854,-142.54730187045854
2021-04-09 13:00:00,1438A,LYS,13.0,147.7421783165416,-134.7421783165416
2021-04-09 14:00:00,1438A,LYS,22.0,148.18031159817548,-126.18031159817548
2021-04-09 15:00:00,1438A,LYS,24.0,148.1252579533505,-124.12525795335051
2021-04-09 16:00:00,1438A,LYS,26.0,147.69112861328162,-121.69112861328162
2021-04-09 17:00:00,1438A,LYS,26.0,147.62949160804348,-121.62949160804348
2021-04-09 18:00:00,1438A,LYS,20.0,148.546248485462,-128.546248485462
2021-04-09 19:00:00,1438A,LYS,4.0,150.02006963343268,-146.02006963343268
2021-04-09 20:00:00,1438A,LYS,1.0,150.21522836258134,-149.21522836258134
2021-04-09 21:00:00,1438A,LYS,4.0,150.0733145199868,-146.0733145199868
2021-04-09 22:00:00,1438A,LYS,9.0,150.72713639312371,-141.72713639312371
2021-04-09 23:00:00,1438A,LYS,7.0,150.90530542181196,-143.90530542181196
2021-04-10 00:00:00,1438A,LYS,8.0,150.1404049500428,-142.1404049500428
2021-04-10 01:00:00,1438A,LYS,8.0,150.10673231247947,-142.10673231247947
2021-04-10 02:00:00,1438A,LYS,8.0,150.1430201951248,-142.1430201951248
2021-04-10 03:00:00,1438A,LYS,10.0,148.2152541962238,-138.2152541962238
2021-04-10 04:00:00,1438A,LYS,10.0,147.8222100133873,-137.8222100133873
2021-04-10 05:00:00,1438A,LYS,11.0,146.82074235576363,-135.82074235576363
2021-04-10 06:00:00,1438A,LYS,12.0,146.80271792714092,-134.80271792714092
2021-04-10 07:00:00,1438A,LYS,5.0,146.24637170326682,-141.24637170326682
2021-04-10 08:00:00,1438A,LYS,2.0,145.49913984389022,-143.49913984389022
2021-04-10 09:00:00,1438A,LYS,8.0,144.61039354945612,-136.61039354945612
2021-04-10 10:00:00,1438A,LYS,4.0,144.13794730807004,-140.13794730807004
2021-04-10 11:00:00,1438A,LYS,2.0,146.18936306147478,-144.18936306147478
2021-04-10 12:00:00,1438A,LYS,1.0,148.16728949633492,-147.16728949633492
2021-04-10 13:00:00,1438A,LYS,2.0,148.362165942418,-146.362165942418
2021-04-10 14:00:00,1438A,LYS,3.0,148.80029922405186,-145.80029922405186
2021-04-10 15:00:00,1438A,LYS,9.0,148.7452455792269,-139.7452455792269
2021-04-10 16:00:00,1438A,LYS,12.0,148.311116239158,-136.311116239158
2021-04-10 17:00:00,1438A,LYS,21.0,148.24947923391986,-127.24947923391986
2021-04-10 18:00:00,1438A,LYS,18.0,149.16623611133838,-131.16623611133838
2021-04-10 19:00:00,1438A,LYS,15.0,150.64005725930906,-135.64005725930906
2021-04-10 20:00:00,1438A,LYS,2.0,150.83521598845772,-148.83521598845772
2021-04-10 21:00:00,1438A,LYS,4.0,150.69330214586319,-146.69330214586319
2021-04-10 22:00:00,1438A,LYS,4.0,151.3471240190001,-147.3471240190001
2021-04-10 23:00:00,1438A,LYS,8.0,151.52529304768834,-143.52529304768834
2021-04-11 00:00:00,1438A,LYS,10.0,150.76039257591918,-140.76039257591918
2021-04-11 01:00:00,1438A,LYS,18.0,150.72671993835584,-132.72671993835584
2021-04-11 02:00:00,1438A,LYS,17.0,150.76300782100117,-133.76300782100117
2021-04-11 03:00:00,1438A,LYS,17.0,148.8352418221002,-131.8352418221002
2021-04-11 04:00:00,1438A,LYS,20.0,148.44219763926367,-128.44219763926367
2021-04-11 05:00:00,1438A,LYS,15.0,147.44072998164,-132.44072998164
2021-04-11 06:00:00,1438A,LYS,14.0,147.4227055530173,-133.4227055530173
2021-04-11 07:00:00,1438A,LYS,7.0,146.8663593291432,-139.8663593291432
2021-04-11 08:00:00,1438A,LYS,3.0,146.1191274697666,-143.1191274697666
2021-04-11 09:00:00,1438A,LYS,5.0,145.2303811753325,-140.2303811753325
2021-04-11 10:00:00,1438A,LYS,11.0,144.75793493394642,-133.75793493394642
2021-04-11 11:00:00,1438A,LYS,15.0,146.80935068735116,-131.80935068735116
2021-04-11 12:00:00,1438A,LYS,27.0,148.7872771222113,-121.7872771222113
2021-04-11 13:00:00,1438A,LYS,27.0,148.98215356829436,-121.98215356829436
2021-04-11 14:00:00,1438A,LYS,28.0,149.42028684992823,-121.42028684992823
2021-04-11 15:00:00,1438A,LYS,32.0,149.36523320510327,-117.36523320510327
2021-04-11 16:00:00,1438A,LYS,31.0,148.93110386503437,-117.93110386503437
2021-04-11 17:00:00,1438A,LYS,33.0,148.86946685979623,-115.86946685979623
2021-04-11 18:00:00,1438A,LYS,25.0,149.78622373721475,-124.78622373721475
2021-04-11 19:00:00,1438A,LYS,24.0,151.26004488518544,-127.26004488518544
2021-04-11 20:00:00,1438A,LYS,25.0,151.4552036143341,-126.4552036143341
2021-04-11 21:00:00,1438A,LYS,38.0,151.31328977173956,-113.31328977173956
2021-04-11 22:00:00,1438A,LYS,40.0,151.96711164487647,-111.96711164487647
2021-04-11 23:00:00,1438A,LYS,38.0,152.1452806735647,-114.14528067356471
2021-04-12 00:00:00,1438A,LYS,35.0,151.38038020179556,-116.38038020179556
2021-04-12 01:00:00,1438A,LYS,28.0,151.34670756423222,-123.34670756423222
2021-04-12 02:00:00,1438A,LYS,29.0,151.38299544687754,-122.38299544687754
2021-04-12 03:00:00,1438A,LYS,38.0,149.45522944797656,-111.45522944797656
2021-04-12 04:00:00,1438A,LYS,42.0,149.06218526514004,-107.06218526514004
2021-04-12 05:00:00,1438A,LYS,45.0,148.06071760751638,-103.06071760751638
2021-04-12 06:00:00,1438A,LYS,40.0,148.04269317889367,-108.04269317889367
2021-04-12 07:00:00,1438A,LYS,30.0,147.48634695501957,-117.48634695501957
2021-04-12 08:00:00,1438A,LYS,28.0,146.73911509564297,-118.73911509564297
2021-04-12 09:00:00,1438A,LYS,27.0,145.85036880120887,-118.85036880120887
2021-04-12 10:00:00,1438A,LYS,38.0,145.3779225598228,-107.37792255982279
2021-04-12 11:00:00,1438A,LYS,40.0,147.42933831322753,-107.42933831322753
2021-04-12 12:00:00,1438A,LYS,39.0,149.40726474808767,-110.40726474808767
2021-04-12 13:00:00,1438A,LYS,35.0,149.60214119417074,-114.60214119417074
2021-04-12 14:00:00,1438A,LYS,30.0,150.0402744758046,-120.04027447580461
2021-04-12 15:00:00,1438A,LYS,29.0,149.98522083097964,-120.98522083097964
2021-04-12 16:00:00,1438A,LYS,32.0,149.55109149091075,-117.55109149091075
2021-04-12 17:00:00,1438A,LYS,33.0,149.4894544856726,-116.48945448567261
2021-04-12 18:00:00,1438A,LYS,32.0,150.40621136309113,-118.40621136309113
2021-04-12 19:00:00,1438A,LYS,33.0,151.8800325110618,-118.88003251106181
2021-04-12 20:00:00,1438A,LYS,37.0,152.07519124021047,-115.07519124021047
2021-04-12 21:00:00,1438A,LYS,35.0,151.93327739761594,-116.93327739761594
2021-04-12 22:00:00,1438A,LYS,32.0,152.58709927075284,-120.58709927075284
2021-04-12 23:00:00,1438A,LYS,50.0,152.7652682994411,-102.76526829944109
2021-04-13 00:00:00,1438A,LYS,52.0,152.00036782767194,-100.00036782767194
2021-04-13 01:00:00,1438A,LYS,43.0,151.9666951901086,-108.9666951901086
2021-04-13 02:00:00,1438A,LYS,44.0,152.00298307275392,-108.00298307275392
2021-04-13 03:00:00,1438A,LYS,46.0,150.07521707385294,-104.07521707385294
2021-04-13 04:00:00,1438A,LYS,46.0,149.68217289101642,-103.68217289101642
2021-04-13 05:00:00,1438A,LYS,42.0,148.68070523339276,-106.68070523339276
2021-04-13 06:00:00,1438A,LYS,38.0,148.66268080477005,-110.66268080477005
2021-04-13 07:00:00,1438A,LYS,34.0,148.10633458089595,-114.10633458089595
2021-04-13 08:00:00,1438A,LYS,33.0,147.35910272151935,-114.35910272151935
2021-04-13 09:00:00,1438A,LYS,24.0,146.47035642708525,-122.47035642708525
2021-04-13 10:00:00,1438A,LYS,35.0,145.99791018569917,-110.99791018569917
2021-04-13 11:00:00,1438A,LYS,44.0,148.0493259391039,-104.04932593910391
2021-04-13 12:00:00,1438A,LYS,53.0,150.02725237396405,-97.02725237396405
2021-04-13 13:00:00,1438A,LYS,58.0,150.22212882004712,-92.22212882004712
2021-04-13 14:00:00,1438A,LYS,64.0,150.66026210168098,-86.66026210168098
2021-04-13 15:00:00,1438A,LYS,72.0,150.60520845685602,-78.60520845685602
2021-04-13 16:00:00,1438A,LYS,64.0,150.17107911678713,-86.17107911678713
2021-04-13 17:00:00,1438A,LYS,37.0,150.109442111549,-113.10944211154899
2021-04-13 18:00:00,1438A,LYS,51.0,151.0261989889675,-100.02619898896751
2021-04-13 19:00:00,1438A,LYS,45.0,152.5000201369382,-107.50002013693819
2021-04-13 20:00:00,1438A,LYS,31.0,152.69517886608685,-121.69517886608685
2021-04-13 21:00:00,1438A,LYS,25.0,152.55326502349232,-127.55326502349232
2021-04-13 22:00:00,1438A,LYS,22.0,153.20708689662922,-131.20708689662922
2021-04-13 23:00:00,1438A,LYS,21.0,153.38525592531747,-132.38525592531747
2021-04-14 00:00:00,1438A,LYS,22.0,152.6203554535483,-130.6203554535483
2021-04-14 01:00:00,1438A,LYS,2.0,152.58668281598497,-150.58668281598497
2021-04-14 02:00:00,1438A,LYS,1.0,152.6229706986303,-151.6229706986303
2021-04-14 03:00:00,1438A,LYS,3.0,150.69520469972932,-147.69520469972932
2021-04-14 04:00:00,1438A,LYS,5.0,150.3021605168928,-145.3021605168928
2021-04-14 05:00:00,1438A,LYS,4.0,149.30069285926913,-145.30069285926913
2021-04-14 06:00:00,1438A,LYS,3.0,149.28266843064642,-146.28266843064642
2021-04-14 07:00:00,1438A,LYS,2.0,148.72632220677232,-146.72632220677232
2021-04-14 08:00:00,1438A,LYS,3.0,147.97909034739573,-144.97909034739573
2021-04-14 09:00:00,1438A,LYS,6.0,147.09034405296163,-141.09034405296163
2021-04-14 10:00:00,1438A,LYS,6.0,146.61789781157555,-140.61789781157555
2021-04-14 11:00:00,1438A,LYS,4.0,148.66931356498029,-144.66931356498029
2021-04-14 12:00:00,1438A,LYS,7.0,150.64723999984042,-143.64723999984042
2021-04-14 13:00:00,1438A,LYS,8.0,150.8421164459235,-142.8421164459235
2021-04-14 14:00:00,1438A,LYS,12.0,151.28024972755736,-139.28024972755736
2021-04-14 15:00:00,1438A,LYS,16.0,151.2251960827324,-135.2251960827324
2021-04-14 16:00:00,1438A,LYS,14.0,150.7910667426635,-136.7910667426635
2021-04-14 17:00:00,1438A,LYS,17.0,150.72942973742536,-133.72942973742536
2021-04-14 18:00:00,1438A,LYS,17.0,151.64618661484388,-134.64618661484388
2021-04-14 19:00:00,1438A,LYS,17.0,153.12000776281457,-136.12000776281457
2021-04-14 20:00:00,1438A,LYS,21.0,153.31516649196323,-132.31516649196323
2021-04-14 21:00:00,1438A,LYS,25.0,153.1732526493687,-128.1732526493687
2021-04-14 22:00:00,1438A,LYS,26.0,153.8270745225056,-127.8270745225056
2021-04-14 23:00:00,1438A,LYS,26.0,154.00524355119384,-128.00524355119384
2021-04-15 00:00:00,1438A,LYS,27.0,153.2403430794247,-126.24034307942469
2021-04-15 01:00:00,1438A,LYS,31.0,153.20667044186135,-122.20667044186135
2021-04-15 02:00:00,1438A,LYS,40.0,153.24295832450667,-113.24295832450667
2021-04-15 03:00:00,1438A,LYS,40.0,151.3151923256057,-111.3151923256057
2021-04-15 04:00:00,1438A,LYS,37.0,150.92214814276917,-113.92214814276917
2021-04-15 05:00:00,1438A,LYS,28.0,149.9206804851455,-121.92068048514551
2021-04-15 06:00:00,1438A,LYS,28.0,149.9026560565228,-121.9026560565228
2021-04-15 07:00:00,1438A,LYS,25.0,149.3463098326487,-124.3463098326487
2021-04-15 08:00:00,1438A,LYS,20.0,148.5990779732721,-128.5990779732721
2021-04-15 09:00:00,1438A,LYS,24.0,147.710331678838,-123.710331678838
2021-04-15 10:00:00,1438A,LYS,23.0,147.23788543745192,-124.23788543745192
2021-04-15 11:00:00,1438A,LYS,23.0,149.28930119085666,-126.28930119085666
2021-04-15 12:00:00,1438A,LYS,17.0,151.2672276257168,-134.2672276257168
2021-04-15 13:00:00,1438A,LYS,,151.46210407179987,
2021-04-15 14:00:00,1438A,LYS,8.0,151.90023735343374,-143.90023735343374
2021-04-15 15:00:00,1438A,LYS,11.0,151.84518370860877,-140.84518370860877
2021-04-15 16:00:00,1438A,LYS,6.0,151.41105436853988,-145.41105436853988
2021-04-15 17:00:00,1438A,LYS,4.0,151.34941736330174,-147.34941736330174
2021-04-15 18:00:00,1438A,LYS,6.0,152.26617424072026,-146.26617424072026
2021-04-15 19:00:00,1438A,LYS,7.0,153.73999538869094,-146.73999538869094
2021-04-15 20:00:00,1438A,LYS,9.0,153.9351541178396,-144.9351541178396
2021-04-15 21:00:00,1438A,LYS,11.0,153.79324027524507,-142.79324027524507
2021-04-15 22:00:00,1438A,LYS,13.0,154.44706214838197,-141.44706214838197
2021-04-15 23:00:00,1438A,LYS,14.0,154.62523117707022,-140.62523117707022
2021-04-16 00:00:00,1438A,LYS,13.0,153.86033070530107,-140.86033070530107
2021-04-16 01:00:00,1438A,LYS,17.0,153.82665806773772,-136.82665806773772
2021-04-16 02:00:00,1438A,LYS,17.0,153.86294595038305,-136.86294595038305
2021-04-16 03:00:00,1438A,LYS,15.0,151.93517995148207,-136.93517995148207
2021-04-16 04:00:00,1438A,LYS,15.0,151.54213576864555,-136.54213576864555
2021-04-16 05:00:00,1438A,LYS,14.0,150.5406681110219,-136.5406681110219
2021-04-16 06:00:00,1438A,LYS,14.0,150.52264368239918,-136.52264368239918
2021-04-16 07:00:00,1438A,LYS,14.0,149.96629745852508,-135.96629745852508
2021-04-16 08:00:00,1438A,LYS,12.0,149.21906559914848,-137.21906559914848
2021-04-16 09:00:00,1438A,LYS,12.0,148.33031930471438,-136.33031930471438
2021-04-16 10:00:00,1438A,LYS,11.0,147.8578730633283,-136.8578730633283
2021-04-16 11:00:00,1438A,LYS,11.0,149.90928881673304,-138.90928881673304
2021-04-16 12:00:00,1438A,LYS,17.0,151.88721525159318,-134.88721525159318
2021-04-16 13:00:00,1438A,LYS,22.0,152.08209169767625,-130.08209169767625
2021-04-16 14:00:00,1438A,LYS,23.0,152.52022497931011,-129.52022497931011
2021-04-16 15:00:00,1438A,LYS,21.0,152.46517133448515,-131.46517133448515
2021-04-16 16:00:00,1438A,LYS,18.0,152.03104199441626,-134.03104199441626
2021-04-16 17:00:00,1438A,LYS,18.0,151.96940498917812,-133.96940498917812
2021-04-16 18:00:00,1438A,LYS,18.0,152.88616186659664,-134.88616186659664
2021-04-16 19:00:00,1438A,LYS,18.0,154.35998301456732,-136.35998301456732
2021-04-16 20:00:00,1438A,LYS,19.0,154.55514174371598,-135.55514174371598
2021-04-16 21:00:00,1438A,LYS,20.0,154.41322790112145,-134.41322790112145
2021-04-16 22:00:00,1438A,LYS,22.0,155.06704977425835,-133.06704977425835
2021-04-16 23:00:00,1438A,LYS,18.0,155.2452188029466,-137.2452188029466
2021-04-17 00:00:00,1438A,LYS,19.0,154.48031833117744,-135.48031833117744
2021-04-17 01:00:00,1438A,LYS,26.0,154.4466456936141,-128.4466456936141
2021-04-17 02:00:00,1438A,LYS,24.0,154.48293357625943,-130.48293357625943
2021-04-17 03:00:00,1438A,LYS,27.0,152.55516757735845,-125.55516757735845
2021-04-17 04:00:00,1438A,LYS,31.0,152.16212339452193,-121.16212339452193
2021-04-17 05:00:00,1438A,LYS,29.0,151.16065573689826,-122.16065573689826
2021-04-17 06:00:00,1438A,LYS,28.0,151.14263130827555,-123.14263130827555
2021-04-17 07:00:00,1438A,LYS,27.0,150.58628508440145,-123.58628508440145
2021-04-17 08:00:00,1438A,LYS,35.0,149.83905322502486,-114.83905322502486
2021-04-17 09:00:00,1438A,LYS,48.0,148.95030693059076,-100.95030693059076
2021-04-17 10:00:00,1438A,LYS,46.0,148.47786068920468,-102.47786068920468
2021-04-17 11:00:00,1438A,LYS,42.0,150.52927644260942,-108.52927644260942
2021-04-17 12:00:00,1438A,LYS,40.0,152.50720287746955,-112.50720287746955
2021-04-17 13:00:00,1438A,LYS,42.0,152.70207932355262,-110.70207932355262
2021-04-17 14:00:00,1438A,LYS,48.0,153.1402126051865,-105.14021260518649
2021-04-17 15:00:00,1438A,LYS,42.0,153.08515896036153,-111.08515896036153
2021-04-17 16:00:00,1438A,LYS,26.0,152.65102962029263,-126.65102962029263
2021-04-17 17:00:00,1438A,LYS,30.0,152.5893926150545,-122.58939261505449
2021-04-17 18:00:00,1438A,LYS,24.0,153.506149492473,-129.506149492473
2021-04-17 19:00:00,1438A,LYS,16.0,154.9799706404437,-138.9799706404437
2021-04-17 20:00:00,1438A,LYS,11.0,155.17512936959236,-144.17512936959236
2021-04-17 21:00:00,1438A,LYS,12.0,155.03321552699782,-143.03321552699782
2021-04-17 22:00:00,1438A,LYS,10.0,155.68703740013473,-145.68703740013473
2021-04-17 23:00:00,1438A,LYS,16.0,155.86520642882297,-139.86520642882297
2021-04-18 00:00:00,1438A,LYS,18.0,155.10030595705382,-137.10030595705382
2021-04-18 01:00:00,1438A,LYS,8.0,155.06663331949048,-147.06663331949048
2021-04-18 02:00:00,1438A,LYS,10.0,155.1029212021358,-145.1029212021358
2021-04-18 03:00:00,1438A,LYS,10.0,153.17515520323482,-143.17515520323482
2021-04-18 04:00:00,1438A,LYS,14.0,152.7821110203983,-138.7821110203983
2021-04-18 05:00:00,1438A,LYS,4.0,151.78064336277464,-147.78064336277464
2021-04-18 06:00:00,1438A,LYS,4.0,151.76261893415193,-147.76261893415193
2021-04-18 07:00:00,1438A,LYS,8.0,151.20627271027783,-143.20627271027783
2021-04-18 08:00:00,1438A,LYS,1.0,150.45904085090123,-149.45904085090123
2021-04-18 09:00:00,1438A,LYS,2.0,149.57029455646713,-147.57029455646713
2021-04-18 10:00:00,1438A,LYS,2.0,149.09784831508105,-147.09784831508105
2021-04-18 11:00:00,1438A,LYS,4.0,151.1492640684858,-147.1492640684858
2021-04-18 12:00:00,1438A,LYS,11.0,153.12719050334593,-142.12719050334593
2021-04-18 13:00:00,1438A,LYS,22.0,153.322066949429,-131.322066949429
2021-04-18 14:00:00,1438A,LYS,25.0,153.76020023106287,-128.76020023106287
2021-04-18 15:00:00,1438A,LYS,11.0,153.7051465862379,-142.7051465862379
2021-04-18 16:00:00,1438A,LYS,18.0,153.271017246169,-135.271017246169
2021-04-18 17:00:00,1438A,LYS,27.0,153.20938024093087,-126.20938024093087
2021-04-18 18:00:00,1438A,LYS,40.0,154.1261371183494,-114.12613711834939
2021-04-18 19:00:00,1438A,LYS,50.0,155.59995826632007,-105.59995826632007
2021-04-18 20:00:00,1438A,LYS,78.0,155.79511699546873,-77.79511699546873
2021-04-18 21:00:00,1438A,LYS,50.0,155.6532031528742,-105.6532031528742
2021-04-18 22:00:00,1438A,LYS,41.0,156.3070250260111,-115.3070250260111
2021-04-18 23:00:00,1438A,LYS,40.0,156.48519405469935,-116.48519405469935
2021-04-19 00:00:00,1438A,LYS,37.0,155.7202935829302,-118.7202935829302
2021-04-19 01:00:00,1438A,LYS,42.0,155.68662094536685,-113.68662094536685
2021-04-19 02:00:00,1438A,LYS,22.0,155.72290882801218,-133.72290882801218
2021-04-19 03:00:00,1438A,LYS,28.0,153.7951428291112,-125.7951428291112
2021-04-19 04:00:00,1438A,LYS,20.0,153.40209864627468,-133.40209864627468
2021-04-19 05:00:00,1438A,LYS,19.0,152.40063098865102,-133.40063098865102
2021-04-19 06:00:00,1438A,LYS,25.0,152.3826065600283,-127.38260656002831
2021-04-19 07:00:00,1438A,LYS,17.0,151.8262603361542,-134.8262603361542
2021-04-19 08:00:00,1438A,LYS,17.0,151.0790284767776,-134.0790284767776
2021-04-19 09:00:00,1438A,LYS,14.0,150.1902821823435,-136.1902821823435
2021-04-19 10:00:00,1438A,LYS,12.0,149.71783594095743,-137.71783594095743
2021-04-19 11:00:00,1438A,LYS,37.0,151.76925169436217,-114.76925169436217
2021-04-19 12:00:00,1438A,LYS,25.0,153.7471781292223,-128.7471781292223
2021-04-19 13:00:00,1438A,LYS,16.0,153.94205457530538,-137.94205457530538
2021-04-19 14:00:00,1438A,LYS,15.0,154.38018785693924,-139.38018785693924
2021-04-19 15:00:00,1438A,LYS,18.0,154.32513421211428,-136.32513421211428
2021-04-19 16:00:00,1438A,LYS,13.0,153.8910048720454,-140.8910048720454
2021-04-19 17:00:00,1438A,LYS,10.0,153.82936786680725,-143.82936786680725
2021-04-19 18:00:00,1438A,LYS,23.0,154.74612474422577,-131.74612474422577
2021-04-19 19:00:00,1438A,LYS,33.0,156.21994589219645,-123.21994589219645
2021-04-19 20:00:00,1438A,LYS,19.0,156.4151046213451,-137.4151046213451
2021-04-19 21:00:00,1438A,LYS,31.0,156.27319077875057,-125.27319077875057
2021-04-19 22:00:00,1438A,LYS,23.0,156.92701265188748,-133.92701265188748
2021-04-19 23:00:00,1438A,LYS,26.0,157.10518168057573,-131.10518168057573
2021-04-20 00:00:00,1438A,LYS,29.0,156.34028120880657,-127.34028120880657
2021-04-20 01:00:00,1438A,LYS,27.0,156.30660857124323,-129.30660857124323
2021-04-20 02:00:00,1438A,LYS,26.0,156.34289645388856,-130.34289645388856
2021-04-20 03:00:00,1438A,LYS,23.0,154.41513045498758,-131.41513045498758
2021-04-20 04:00:00,1438A,LYS,22.0,154.02208627215106,-132.02208627215106
2021-04-20 05:00:00,1438A,LYS,22.0,153.0206186145274,-131.0206186145274
2021-04-20 06:00:00,1438A,LYS,20.0,153.00259418590468,-133.00259418590468
2021-04-20 07:00:00,1438A,LYS,13.0,152.44624796203058,-139.44624796203058
2021-04-20 08:00:00,1438A,LYS,11.0,151.69901610265399,-140.69901610265399
2021-04-20 09:00:00,1438A,LYS,13.0,150.81026980821989,-137.81026980821989
2021-04-20 10:00:00,1438A,LYS,24.0,150.3378235668338,-126.3378235668338
2021-04-20 11:00:00,1438A,LYS,22.0,152.38923932023854,-130.38923932023854
2021-04-20 12:00:00,1438A,LYS,24.0,154.36716575509868,-130.36716575509868
2021-04-20 13:00:00,1438A,LYS,26.0,154.56204220118175,-128.56204220118175
2021-04-20 14:00:00,1438A,LYS,24.0,155.00017548281562,-131.00017548281562
2021-04-20 15:00:00,1438A,LYS,26.0,154.94512183799065,-128.94512183799065
2021-04-20 16:00:00,1438A,LYS,26.0,154.51099249792176,-128.51099249792176
2021-04-20 17:00:00,1438A,LYS,26.0,154.44935549268362,-128.44935549268362
2021-04-20 18:00:00,1438A,LYS,23.0,155.36611237010214,-132.36611237010214
2021-04-20 19:00:00,1438A,LYS,8.0,156.83993351807283,-148.83993351807283
2021-04-20 20:00:00,1438A,LYS,6.0,157.03509224722148,-151.03509224722148
2021-04-20 21:00:00,1438A,LYS,4.0,156.89317840462695,-152.89317840462695
2021-04-20 22:00:00,1438A,LYS,4.0,157.54700027776386,-153.54700027776386
2021-04-20 23:00:00,1438A,LYS,15.0,157.7251693064521,-142.7251693064521
2021-04-21 00:00:00,1438A,LYS,16.0,156.96026883468295,-140.96026883468295
2021-04-21 01:00:00,1438A,LYS,14.0,156.9265961971196,-142.9265961971196
2021-04-21 02:00:00,1438A,LYS,16.0,156.96288407976493,-140.96288407976493
2021-04-21 03:00:00,1438A,LYS,20.0,155.03511808086395,-135.03511808086395
2021-04-21 04:00:00,1438A,LYS,22.0,154.64207389802743,-132.64207389802743
2021-04-21 05:00:00,1438A,LYS,20.0,153.64060624040377,-133.64060624040377
2021-04-21 06:00:00,1438A,LYS,17.0,153.62258181178106,-136.62258181178106
2021-04-21 07:00:00,1438A,LYS,15.0,153.06623558790696,-138.06623558790696
2021-04-21 08:00:00,1438A,LYS,14.0,152.31900372853036,-138.31900372853036
2021-04-21 09:00:00,1438A,LYS,12.0,151.43025743409626,-139.43025743409626
2021-04-21 10:00:00,1438A,LYS,13.0,150.95781119271018,-137.95781119271018
2021-04-21 11:00:00,1438A,LYS,24.0,153.00922694611492,-129.00922694611492
2021-04-21 12:00:00,1438A,LYS,27.0,154.98715338097506,-127.98715338097506
2021-04-21 13:00:00,1438A,LYS,24.0,155.18202982705813,-131.18202982705813
2021-04-21 14:00:00,1438A,LYS,18.0,155.620163108692,-137.620163108692
2021-04-21 15:00:00,1438A,LYS,24.0,155.56510946386703,-131.56510946386703
2021-04-21 16:00:00,1438A,LYS,31.0,155.13098012379814,-124.13098012379814
2021-04-21 17:00:00,1438A,LYS,46.0,155.06934311856,-109.06934311856
2021-04-21 18:00:00,1438A,LYS,43.0,155.98609999597852,-112.98609999597852
2021-04-21 19:00:00,1438A,LYS,27.0,157.4599211439492,-130.4599211439492
2021-04-21 20:00:00,1438A,LYS,23.0,157.65507987309786,-134.65507987309786
2021-04-21 21:00:00,1438A,LYS,26.0,157.51316603050333,-131.51316603050333
2021-04-21 22:00:00,1438A,LYS,28.0,158.16698790364023,-130.16698790364023
2021-04-21 23:00:00,1438A,LYS,29.0,158.34515693232848,-129.34515693232848
2021-04-22 00:00:00,1438A,LYS,26.0,157.58025646055933,-131.58025646055933
2021-04-22 01:00:00,1438A,LYS,24.0,157.54658382299598,-133.54658382299598
2021-04-22 02:00:00,1438A,LYS,29.0,157.5828717056413,-128.5828717056413
2021-04-22 03:00:00,1438A,LYS,26.0,155.65510570674033,-129.65510570674033
2021-04-22 04:00:00,1438A,LYS,36.0,155.2620615239038,-119.26206152390381
2021-04-22 05:00:00,1438A,LYS,37.0,154.26059386628015,-117.26059386628015
2021-04-22 06:00:00,1438A,LYS,29.0,154.24256943765744,-125.24256943765744
2021-04-22 07:00:00,1438A,LYS,16.0,153.68622321378334,-137.68622321378334
2021-04-22 08:00:00,1438A,LYS,18.0,152.93899135440674,-134.93899135440674
2021-04-22 09:00:00,1438A,LYS,19.0,152.05024505997264,-133.05024505997264
2021-04-22 10:00:00,1438A,LYS,40.0,151.57779881858656,-111.57779881858656
2021-04-22 11:00:00,1438A,LYS,40.0,153.6292145719913,-113.6292145719913
2021-04-22 12:00:00,1438A,LYS,57.0,155.60714100685144,-98.60714100685144
2021-04-22 13:00:00,1438A,LYS,71.0,155.8020174529345,-84.8020174529345
2021-04-22 14:00:00,1438A,LYS,68.0,156.24015073456837,-88.24015073456837
2021-04-22 15:00:00,1438A,LYS,61.0,156.1850970897434,-95.18509708974341
2021-04-22 16:00:00,1438A,LYS,59.0,155.75096774967452,-96.75096774967452
2021-04-22 17:00:00,1438A,LYS,58.0,155.68933074443638,-97.68933074443638
2021-04-22 18:00:00,1438A,LYS,60.0,156.6060876218549,-96.6060876218549
2021-04-22 19:00:00,1438A,LYS,61.0,158.07990876982558,-97.07990876982558
2021-04-22 20:00:00,1438A,LYS,54.0,158.27506749897424,-104.27506749897424
2021-04-22 21:00:00,1438A,LYS,71.0,158.1331536563797,-87.1331536563797
2021-04-22 22:00:00,1438A,LYS,58.0,158.7869755295166,-100.78697552951661
2021-04-22 23:00:00,1438A,LYS,48.0,158.96514455820486,-110.96514455820486
2021-04-23 00:00:00,1438A,LYS,62.0,158.2002440864357,-96.2002440864357
2021-04-23 01:00:00,1438A,LYS,56.0,158.16657144887236,-102.16657144887236
2021-04-23 02:00:00,1438A,LYS,60.0,158.2028593315177,-98.20285933151769
2021-04-23 03:00:00,1438A,LYS,61.0,156.2750933326167,-95.2750933326167
2021-04-23 04:00:00,1438A,LYS,57.0,155.8820491497802,-98.88204914978019
2021-04-23 05:00:00,1438A,LYS,53.0,154.88058149215652,-101.88058149215652
2021-04-23 06:00:00,1438A,LYS,48.0,154.8625570635338,-106.86255706353381
2021-04-23 07:00:00,1438A,LYS,50.0,154.3062108396597,-104.30621083965971
2021-04-23 08:00:00,1438A,LYS,50.0,153.55897898028311,-103.55897898028311
2021-04-23 09:00:00,1438A,LYS,49.0,152.67023268584902,-103.67023268584902
2021-04-23 10:00:00,1438A,LYS,42.0,152.19778644446293,-110.19778644446293
2021-04-23 11:00:00,1438A,LYS,30.0,154.24920219786767,-124.24920219786767
2021-04-23 12:00:00,1438A,LYS,38.0,156.2271286327278,-118.22712863272781
2021-04-23 13:00:00,1438A,LYS,49.0,156.42200507881088,-107.42200507881088
2021-04-23 14:00:00,1438A,LYS,54.0,156.86013836044475,-102.86013836044475
2021-04-23 15:00:00,1438A,LYS,50.0,156.80508471561978,-106.80508471561978
2021-04-23 16:00:00,1438A,LYS,34.0,156.3709553755509,-122.37095537555089
2021-04-23 17:00:00,1438A,LYS,32.0,156.30931837031275,-124.30931837031275
2021-04-23 18:00:00,1438A,LYS,,157.22607524773127,
2021-04-23 19:00:00,1438A,LYS,,158.69989639570196,
2021-04-23 20:00:00,1438A,LYS,,158.89505512485061,
2021-04-23 21:00:00,1438A,LYS,,158.75314128225608,
2021-04-23 22:00:00,1438A,LYS,,159.406963155393,
2021-04-23 23:00:00,1438A,LYS,,159.58513218408123,
2021-04-24 00:00:00,1438A,LYS,,158.82023171231208,
2021-04-24 01:00:00,1438A,LYS,,158.78655907474874,
2021-04-24 02:00:00,1438A,LYS,,158.82284695739406,
2021-04-24 03:00:00,1438A,LYS,,156.89508095849308,
2021-04-24 04:00:00,1438A,LYS,,156.50203677565656,
2021-04-24 05:00:00,1438A,LYS,,155.5005691180329,
2021-04-24 06:00:00,1438A,LYS,,155.4825446894102,
2021-04-24 07:00:00,1438A,LYS,,154.9261984655361,
2021-04-24 08:00:00,1438A,LYS,,154.1789666061595,
2021-04-24 09:00:00,1438A,LYS,,153.2902203117254,
2021-04-24 10:00:00,1438A,LYS,,152.8177740703393,
2021-04-24 11:00:00,1438A,LYS,,154.86918982374405,
2021-04-24 12:00:00,1438A,LYS,,156.8471162586042,
2021-04-24 13:00:00,1438A,LYS,,157.04199270468726,
2021-04-24 14:00:00,1438A,LYS,,157.48012598632113,
2021-04-24 15:00:00,1438A,LYS,,157.42507234149616,
2021-04-24 16:00:00,1438A,LYS,,156.99094300142727,
2021-04-24 17:00:00,1438A,LYS,,156.92930599618913,
2021-04-24 18:00:00,1438A,LYS,,157.84606287360765,
2021-04-24 19:00:00,1438A,LYS,,159.31988402157833,
2021-04-24 20:00:00,1438A,LYS,,159.515042750727,
2021-04-24 21:00:00,1438A,LYS,,159.37312890813246,
2021-04-24 22:00:00,1438A,LYS,3.0,160.02695078126936,-157.02695078126936
2021-04-24 23:00:00,1438A,LYS,2.0,160.2051198099576,-158.2051198099576
2021-04-25 00:00:00,1438A,LYS,2.0,159.44021933818846,-157.44021933818846
2021-04-25 01:00:00,1438A,LYS,2.0,159.4065467006251,-157.4065467006251
2021-04-25 02:00:00,1438A,LYS,2.0,159.44283458327044,-157.44283458327044
2021-04-25 03:00:00,1438A,LYS,2.0,157.51506858436946,-155.51506858436946
2021-04-25 04:00:00,1438A,LYS,2.0,157.12202440153294,-155.12202440153294
2021-04-25 05:00:00,1438A,LYS,2.0,156.12055674390928,-154.12055674390928
2021-04-25 06:00:00,1438A,LYS,2.0,156.10253231528657,-154.10253231528657
2021-04-25 07:00:00,1438A,LYS,4.0,155.54618609141247,-151.54618609141247
2021-04-25 08:00:00,1438A,LYS,4.0,154.79895423203587,-150.79895423203587
2021-04-25 09:00:00,1438A,LYS,5.0,153.91020793760177,-148.91020793760177
2021-04-25 10:00:00,1438A,LYS,8.0,153.4377616962157,-145.4377616962157
2021-04-25 11:00:00,1438A,LYS,6.0,155.48917744962043,-149.48917744962043
2021-04-25 12:00:00,1438A,LYS,6.0,157.46710388448057,-151.46710388448057
2021-04-25 13:00:00,1438A,LYS,9.0,157.66198033056364,-148.66198033056364
2021-04-25 14:00:00,1438A,LYS,12.0,158.1001136121975,-146.1001136121975
2021-04-25 15:00:00,1438A,LYS,20.0,158.04505996737254,-138.04505996737254
2021-04-25 16:00:00,1438A,LYS,16.0,157.61093062730365,-141.61093062730365
2021-04-25 17:00:00,1438A,LYS,17.0,157.5492936220655,-140.5492936220655
2021-04-25 18:00:00,1438A,LYS,12.0,158.46605049948403,-146.46605049948403
2021-04-25 19:00:00,1438A,LYS,13.0,159.9398716474547,-146.9398716474547
2021-04-25 20:00:00,1438A,LYS,11.0,160.13503037660337,-149.13503037660337
2021-04-25 21:00:00,1438A,LYS,8.0,159.99311653400883,-151.99311653400883
2021-04-25 22:00:00,1438A,LYS,9.0,160.64693840714574,-151.64693840714574
2021-04-25 23:00:00,1438A,LYS,11.0,160.82510743583398,-149.82510743583398
2021-04-26 00:00:00,1438A,LYS,12.0,160.06020696406483,-148.06020696406483
2021-04-26 01:00:00,1438A,LYS,18.0,160.0265343265015,-142.0265343265015
2021-04-26 02:00:00,1438A,LYS,24.0,160.06282220914682,-136.06282220914682
2021-04-26 03:00:00,1438A,LYS,16.0,158.13505621024584,-142.13505621024584
2021-04-26 04:00:00,1438A,LYS,7.0,157.74201202740932,-150.74201202740932
2021-04-26 05:00:00,1438A,LYS,3.0,156.74054436978565,-153.74054436978565
2021-04-26 06:00:00,1438A,LYS,5.0,156.72251994116294,-151.72251994116294
2021-04-26 07:00:00,1438A,LYS,10.0,156.16617371728884,-146.16617371728884
2021-04-26 08:00:00,1438A,LYS,12.0,155.41894185791224,-143.41894185791224
2021-04-26 09:00:00,1438A,LYS,12.0,154.53019556347815,-142.53019556347815
2021-04-26 10:00:00,1438A,LYS,19.0,154.05774932209206,-135.05774932209206
2021-04-26 11:00:00,1438A,LYS,15.0,156.1091650754968,-141.1091650754968
2021-04-26 12:00:00,1438A,LYS,12.0,158.08709151035694,-146.08709151035694
2021-04-26 13:00:00,1438A,LYS,17.0,158.28196795644,-141.28196795644
2021-04-26 14:00:00,1438A,LYS,15.0,158.72010123807388,-143.72010123807388
2021-04-26 15:00:00,1438A,LYS,14.0,158.66504759324891,-144.66504759324891
2021-04-26 16:00:00,1438A,LYS,12.0,158.23091825318002,-146.23091825318002
2021-04-26 17:00:00,1438A,LYS,14.0,158.16928124794188,-144.16928124794188
2021-04-26 18:00:00,1438A,LYS,14.0,159.0860381253604,-145.0860381253604
2021-04-26 19:00:00,1438A,LYS,18.0,160.55985927333109,-142.55985927333109
2021-04-26 20:00:00,1438A,LYS,16.0,160.75501800247974,-144.75501800247974
2021-04-26 21:00:00,1438A,LYS,16.0,160.6131041598852,-144.6131041598852
2021-04-26 22:00:00,1438A,LYS,19.0,161.26692603302212,-142.26692603302212
2021-04-26 23:00:00,1438A,LYS,21.0,161.44509506171036,-140.44509506171036
2021-04-27 00:00:00,1438A,LYS,17.0,160.6801945899412,-143.6801945899412
2021-04-27 01:00:00,1438A,LYS,18.0,160.64652195237787,-142.64652195237787
2021-04-27 02:00:00,1438A,LYS,22.0,160.6828098350232,-138.6828098350232
2021-04-27 03:00:00,1438A,LYS,31.0,158.7550438361222,-127.75504383612221
2021-04-27 04:00:00,1438A,LYS,36.0,158.3619996532857,-122.3619996532857
2021-04-27 05:00:00,1438A,LYS,24.0,157.36053199566203,-133.36053199566203
2021-04-27 06:00:00,1438A,LYS,11.0,157.34250756703932,-146.34250756703932
2021-04-27 07:00:00,1438A,LYS,10.0,156.78616134316522,-146.78616134316522
2021-04-27 08:00:00,1438A,LYS,16.0,156.03892948378862,-140.03892948378862
2021-04-27 09:00:00,1438A,LYS,14.0,155.15018318935452,-141.15018318935452
2021-04-27 10:00:00,1438A,LYS,12.0,154.67773694796844,-142.67773694796844
2021-04-27 11:00:00,1438A,LYS,15.0,156.72915270137318,-141.72915270137318
2021-04-27 12:00:00,1438A,LYS,20.0,158.70707913623332,-138.70707913623332
2021-04-27 13:00:00,1438A,LYS,19.0,158.9019555823164,-139.9019555823164
2021-04-27 14:00:00,1438A,LYS,18.0,159.34008886395026,-141.34008886395026
2021-04-27 15:00:00,1438A,LYS,22.0,159.2850352191253,-137.2850352191253
2021-04-27 16:00:00,1438A,LYS,21.0,158.8509058790564,-137.8509058790564
2021-04-27 17:00:00,1438A,LYS,19.0,158.78926887381826,-139.78926887381826
2021-04-27 18:00:00,1438A,LYS,15.0,159.70602575123678,-144.70602575123678
2021-04-27 19:00:00,1438A,LYS,14.0,161.17984689920746,-147.17984689920746
2021-04-27 20:00:00,1438A,LYS,12.0,161.37500562835612,-149.37500562835612
2021-04-27 21:00:00,1438A,LYS,12.0,161.2330917857616,-149.2330917857616
2021-04-27 22:00:00,1438A,LYS,9.0,161.8869136588985,-152.8869136588985
2021-04-27 23:00:00,1438A,LYS,11.0,162.06508268758674,-151.06508268758674
2021-04-28 00:00:00,1438A,LYS,12.0,161.30018221581759,-149.30018221581759
2021-04-28 01:00:00,1438A,LYS,12.0,161.26650957825424,-149.26650957825424
2021-04-28 02:00:00,1438A,LYS,21.0,161.30279746089957,-140.30279746089957
2021-04-28 03:00:00,1438A,LYS,6.0,159.3750314619986,-153.3750314619986
2021-04-28 04:00:00,1438A,LYS,2.0,158.98198727916207,-156.98198727916207
2021-04-28 05:00:00,1438A,LYS,4.0,157.9805196215384,-153.9805196215384
2021-04-28 06:00:00,1438A,LYS,3.0,157.9624951929157,-154.9624951929157
2021-04-28 07:00:00,1438A,LYS,4.0,157.4061489690416,-153.4061489690416
2021-04-28 08:00:00,1438A,LYS,12.0,156.658917109665,-144.658917109665
2021-04-28 09:00:00,1438A,LYS,10.0,155.7701708152309,-145.7701708152309
2021-04-28 10:00:00,1438A,LYS,11.0,155.29772457384482,-144.29772457384482
2021-04-28 11:00:00,1438A,LYS,8.0,157.34914032724956,-149.34914032724956
2021-04-28 12:00:00,1438A,LYS,9.0,159.3270667621097,-150.3270667621097
2021-04-28 13:00:00,1438A,LYS,17.0,159.52194320819277,-142.52194320819277
2021-04-28 14:00:00,1438A,LYS,16.0,159.96007648982663,-143.96007648982663
2021-04-28 15:00:00,1438A,LYS,19.0,159.90502284500167,-140.90502284500167
2021-04-28 16:00:00,1438A,LYS,18.0,159.47089350493277,-141.47089350493277
2021-04-28 17:00:00,1438A,LYS,12.0,159.40925649969464,-147.40925649969464
2021-04-28 18:00:00,1438A,LYS,12.0,160.32601337711316,-148.32601337711316
2021-04-28 19:00:00,1438A,LYS,13.0,161.79983452508384,-148.79983452508384
2021-04-28 20:00:00,1438A,LYS,12.0,161.9949932542325,-149.9949932542325
2021-04-28 21:00:00,1438A,LYS,11.0,161.85307941163796,-150.85307941163796
2021-04-28 22:00:00,1438A,LYS,12.0,162.50690128477487,-150.50690128477487
2021-04-28 23:00:00,1438A,LYS,13.0,162.68507031346311,-149.68507031346311
2021-04-29 00:00:00,1438A,LYS,14.0,161.92016984169396,-147.92016984169396
2021-04-29 01:00:00,1438A,LYS,13.0,161.88649720413062,-148.88649720413062
2021-04-29 02:00:00,1438A,LYS,12.0,161.92278508677595,-149.92278508677595
2021-04-29 03:00:00,1438A,LYS,12.0,159.99501908787497,-147.99501908787497
2021-04-29 04:00:00,1438A,LYS,10.0,159.60197490503845,-149.60197490503845
2021-04-29 05:00:00,1438A,LYS,8.0,158.60050724741478,-150.60050724741478
2021-04-29 06:00:00,1438A,LYS,8.0,158.58248281879207,-150.58248281879207
2021-04-29 07:00:00,1438A,LYS,7.0,158.02613659491797,-151.02613659491797
2021-04-29 08:00:00,1438A,LYS,6.0,157.27890473554137,-151.27890473554137
2021-04-29 09:00:00,1438A,LYS,6.0,156.39015844110727,-150.39015844110727
2021-04-29 10:00:00,1438A,LYS,13.0,155.9177121997212,-142.9177121997212
2021-04-29 11:00:00,1438A,LYS,12.0,157.96912795312593,-145.96912795312593
2021-04-29 12:00:00,1438A,LYS,13.0,159.94705438798607,-146.94705438798607
2021-04-29 13:00:00,1438A,LYS,14.0,160.14193083406914,-146.14193083406914
2021-04-29 14:00:00,1438A,LYS,15.0,160.580064115703,-145.580064115703
2021-04-29 15:00:00,1438A,LYS,16.0,160.52501047087804,-144.52501047087804
2021-04-29 16:00:00,1438A,LYS,16.0,160.09088113080915,-144.09088113080915
2021-04-29 17:00:00,1438A,LYS,17.0,160.029244125571,-143.029244125571
2021-04-29 18:00:00,1438A,LYS,18.0,160.94600100298953,-142.94600100298953
2021-04-29 19:00:00,1438A,LYS,19.0,162.41982215096021,-143.41982215096021
2021-04-29 20:00:00,1438A,LYS,20.0,162.61498088010887,-142.61498088010887
2021-04-29 21:00:00,1438A,LYS,21.0,162.47306703751434,-141.47306703751434
2021-04-29 22:00:00,1438A,LYS,20.0,163.12688891065125,-143.12688891065125
2021-04-29 23:00:00,1438A,LYS,19.0,163.3050579393395,-144.3050579393395
2021-04-30 00:00:00,1438A,LYS,18.0,162.54015746757034,-144.54015746757034
2021-04-30 01:00:00,1438A,LYS,17.0,162.506484830007,-145.506484830007
2021-04-30 02:00:00,1438A,LYS,17.0,162.54277271265232,-145.54277271265232
2021-04-30 03:00:00,1438A,LYS,14.0,160.61500671375134,-146.61500671375134
2021-04-30 04:00:00,1438A,LYS,13.0,160.22196253091482,-147.22196253091482
2021-04-30 05:00:00,1438A,LYS,13.0,159.22049487329116,-146.22049487329116
2021-04-30 06:00:00,1438A,LYS,12.0,159.20247044466845,-147.20247044466845
2021-04-30 07:00:00,1438A,LYS,12.0,158.64612422079435,-146.64612422079435
2021-04-30 08:00:00,1438A,LYS,13.0,157.89889236141775,-144.89889236141775
2021-04-30 09:00:00,1438A,LYS,10.0,157.01014606698365,-147.01014606698365
2021-04-30 10:00:00,1438A,LYS,16.0,156.53769982559757,-140.53769982559757
2021-04-30 11:00:00,1438A,LYS,23.0,158.5891155790023,-135.5891155790023
2021-04-30 12:00:00,1438A,LYS,27.0,160.56704201386245,-133.56704201386245
2021-04-30 13:00:00,1438A,LYS,25.0,160.76191845994552,-135.76191845994552
2021-04-30 14:00:00,1438A,LYS,23.0,161.2000517415794,-138.2000517415794
2021-04-30 15:00:00,1438A,LYS,27.0,161.14499809675442,-134.14499809675442
2021-04-30 16:00:00,1438A,LYS,27.0,160.71086875668553,-133.71086875668553
2021-04-30 17:00:00,1438A,LYS,26.0,160.6492317514474,-134.6492317514474
2021-04-30 18:00:00,1438A,LYS,29.0,161.5659886288659,-132.5659886288659
2021-04-30 19:00:00,1438A,LYS,30.0,163.0398097768366,-133.0398097768366
2021-04-30 20:00:00,1438A,LYS,32.0,163.23496850598525,-131.23496850598525
2021-04-30 21:00:00,1438A,LYS,33.0,163.09305466339072,-130.09305466339072
2021-04-30 22:00:00,1438A,LYS,29.0,163.74687653652762,-134.74687653652762
2021-04-30 23:00:00,1438A,LYS,25.0,163.92504556521587,-138.92504556521587
2021-05-01 00:00:00,1438A,LYS,21.0,163.16014509344672,-142.16014509344672
2021-05-01 01:00:00,1438A,LYS,19.0,163.12647245588337,-144.12647245588337
2021-05-01 02:00:00,1438A,LYS,16.0,163.1627603385287,-147.1627603385287
2021-05-01 03:00:00,1438A,LYS,16.0,161.23499433962772,-145.23499433962772
2021-05-01 04:00:00,1438A,LYS,16.0,160.8419501567912,-144.8419501567912
2021-05-01 05:00:00,1438A,LYS,16.0,159.84048249916754,-143.84048249916754
2021-05-01 06:00:00,1438A,LYS,15.0,159.82245807054483,-144.82245807054483
2021-05-01 07:00:00,1438A,LYS,14.0,159.26611184667073,-145.26611184667073
2021-05-01 08:00:00,1438A,LYS,14.0,158.51887998729413,-144.51887998729413
2021-05-01 09:00:00,1438A,LYS,13.0,157.63013369286003,-144.63013369286003
2021-05-01 10:00:00,1438A,LYS,12.0,157.15768745147395,-145.15768745147395
2021-05-01 11:00:00,1438A,LYS,13.0,159.2091032048787,-146.2091032048787
2021-05-01 12:00:00,1438A,LYS,19.0,161.18702963973882,-142.18702963973882
2021-05-01 13:00:00,1438A,LYS,27.0,161.3819060858219,-134.3819060858219
2021-05-01 14:00:00,1438A,LYS,27.0,161.82003936745576,-134.82003936745576
2021-05-01 15:00:00,1438A,LYS,28.0,161.7649857226308,-133.7649857226308
2021-05-01 16:00:00,1438A,LYS,26.0,161.3308563825619,-135.3308563825619
2021-05-01 17:00:00,1438A,LYS,25.0,161.26921937732376,-136.26921937732376
2021-05-01 18:00:00,1438A,LYS,27.0,162.1859762547423,-135.1859762547423
2021-05-01 19:00:00,1438A,LYS,27.0,163.65979740271297,-136.65979740271297
2021-05-01 20:00:00,1438A,LYS,27.0,163.85495613186163,-136.85495613186163
2021-05-01 21:00:00,1438A,LYS,28.0,163.7130422892671,-135.7130422892671
2021-05-01 22:00:00,1438A,LYS,30.0,164.366864162404,-134.366864162404
2021-05-01 23:00:00,1438A,LYS,28.0,164.54503319109224,-136.54503319109224
2021-05-02 00:00:00,1438A,LYS,28.0,163.7801327193231,-135.7801327193231
2021-05-02 01:00:00,1438A,LYS,27.0,163.74646008175975,-136.74646008175975
2021-05-02 02:00:00,1438A,LYS,24.0,163.78274796440508,-139.78274796440508
2021-05-02 03:00:00,1438A,LYS,24.0,161.8549819655041,-137.8549819655041
2021-05-02 04:00:00,1438A,LYS,28.0,161.46193778266758,-133.46193778266758
2021-05-02 05:00:00,1438A,LYS,27.0,160.4604701250439,-133.4604701250439
2021-05-02 06:00:00,1438A,LYS,26.0,160.4424456964212,-134.4424456964212
2021-05-02 07:00:00,1438A,LYS,26.0,159.8860994725471,-133.8860994725471
2021-05-02 08:00:00,1438A,LYS,27.0,159.1388676131705,-132.1388676131705
2021-05-02 09:00:00,1438A,LYS,26.0,158.2501213187364,-132.2501213187364
2021-05-02 10:00:00,1438A,LYS,26.0,157.77767507735032,-131.77767507735032
2021-05-02 11:00:00,1438A,LYS,27.0,159.82909083075506,-132.82909083075506
2021-05-02 12:00:00,1438A,LYS,36.0,161.8070172656152,-125.8070172656152
2021-05-02 13:00:00,1438A,LYS,39.0,162.00189371169827,-123.00189371169827
2021-05-02 14:00:00,1438A,LYS,39.0,162.44002699333214,-123.44002699333214
2021-05-02 15:00:00,1438A,LYS,40.0,162.38497334850717,-122.38497334850717
2021-05-02 16:00:00,1438A,LYS,43.0,161.95084400843828,-118.95084400843828
2021-05-02 17:00:00,1438A,LYS,44.0,161.88920700320014,-117.88920700320014
2021-05-02 18:00:00,1438A,LYS,46.0,162.80596388061866,-116.80596388061866
2021-05-02 19:00:00,1438A,LYS,46.0,164.27978502858934,-118.27978502858934
2021-05-02 20:00:00,1438A,LYS,47.0,164.474943757738,-117.474943757738
2021-05-02 21:00:00,1438A,LYS,40.0,164.33302991514347,-124.33302991514347
2021-05-02 22:00:00,1438A,LYS,45.0,164.98685178828038,-119.98685178828038
2021-05-02 23:00:00,1438A,LYS,39.0,165.16502081696862,-126.16502081696862
2021-05-03 00:00:00,1438A,LYS,37.0,164.40012034519947,-127.40012034519947
2021-05-03 01:00:00,1438A,LYS,22.0,164.36644770763613,-142.36644770763613
2021-05-03 02:00:00,1438A,LYS,16.0,164.40273559028145,-148.40273559028145
2021-05-03 03:00:00,1438A,LYS,24.0,162.47496959138047,-138.47496959138047
2021-05-03 04:00:00,1438A,LYS,40.0,162.08192540854395,-122.08192540854395
2021-05-03 05:00:00,1438A,LYS,34.0,161.0804577509203,-127.08045775092029
2021-05-03 06:00:00,1438A,LYS,38.0,161.06243332229758,-123.06243332229758
2021-05-03 07:00:00,1438A,LYS,28.0,160.50608709842348,-132.50608709842348
2021-05-03 08:00:00,1438A,LYS,24.0,159.75885523904688,-135.75885523904688
2021-05-03 09:00:00,1438A,LYS,18.0,158.87010894461278,-140.87010894461278
2021-05-03 10:00:00,1438A,LYS,13.0,158.3976627032267,-145.3976627032267
2021-05-03 11:00:00,1438A,LYS,15.0,160.44907845663144,-145.44907845663144
2021-05-03 12:00:00,1438A,LYS,15.0,162.42700489149158,-147.42700489149158
2021-05-03 13:00:00,1438A,LYS,17.0,162.62188133757465,-145.62188133757465
2021-05-03 14:00:00,1438A,LYS,18.0,163.06001461920852,-145.06001461920852
2021-05-03 15:00:00,1438A,LYS,19.0,163.00496097438355,-144.00496097438355
2021-05-03 16:00:00,1438A,LYS,19.0,162.57083163431466,-143.57083163431466
2021-05-03 17:00:00,1438A,LYS,21.0,162.50919462907652,-141.50919462907652
2021-05-03 18:00:00,1438A,LYS,21.0,163.42595150649504,-142.42595150649504
2021-05-03 19:00:00,1438A,LYS,22.0,164.89977265446572,-142.89977265446572
2021-05-03 20:00:00,1438A,LYS,24.0,165.09493138361438,-141.09493138361438
2021-05-03 21:00:00,1438A,LYS,27.0,164.95301754101985,-137.95301754101985
2021-05-03 22:00:00,1438A,LYS,26.0,165.60683941415675,-139.60683941415675
2021-05-03 23:00:00,1438A,LYS,25.0,165.785008442845,-140.785008442845
2021-05-04 00:00:00,1438A,LYS,29.0,165.02010797107584,-136.02010797107584
2021-05-04 01:00:00,1438A,LYS,22.0,164.9864353335125,-142.9864353335125
2021-05-04 02:00:00,1438A,LYS,15.0,165.02272321615783,-150.02272321615783
2021-05-04 03:00:00,1438A,LYS,12.0,163.09495721725685,-151.09495721725685
2021-05-04 04:00:00,1438A,LYS,12.0,162.70191303442033,-150.70191303442033
2021-05-04 05:00:00,1438A,LYS,13.0,161.70044537679667,-148.70044537679667
2021-05-04 06:00:00,1438A,LYS,12.0,161.68242094817396,-149.68242094817396
2021-05-04 07:00:00,1438A,LYS,18.0,161.12607472429985,-143.12607472429985
2021-05-04 08:00:00,1438A,LYS,18.0,160.37884286492326,-142.37884286492326
2021-05-04 09:00:00,1438A,LYS,17.0,159.49009657048916,-142.49009657048916
2021-05-04 10:00:00,1438A,LYS,20.0,159.01765032910308,-139.01765032910308
2021-05-04 11:00:00,1438A,LYS,22.0,161.06906608250782,-139.06906608250782
2021-05-04 12:00:00,1438A,LYS,25.0,163.04699251736795,-138.04699251736795
2021-05-04 13:00:00,1438A,LYS,25.0,163.24186896345103,-138.24186896345103
2021-05-04 14:00:00,1438A,LYS,25.0,163.6800022450849,-138.6800022450849
2021-05-04 15:00:00,1438A,LYS,26.0,163.62494860025993,-137.62494860025993
2021-05-04 16:00:00,1438A,LYS,28.0,163.19081926019103,-135.19081926019103
2021-05-04 17:00:00,1438A,LYS,30.0,163.1291822549529,-133.1291822549529
2021-05-04 18:00:00,1438A,LYS,28.0,164.04593913237142,-136.04593913237142
2021-05-04 19:00:00,1438A,LYS,28.0,165.5197602803421,-137.5197602803421
2021-05-04 20:00:00,1438A,LYS,27.0,165.71491900949076,-138.71491900949076
2021-05-04 21:00:00,1438A,LYS,28.0,165.57300516689622,-137.57300516689622
2021-05-04 22:00:00,1438A,LYS,30.0,166.22682704003313,-136.22682704003313
2021-05-04 23:00:00,1438A,LYS,31.0,166.40499606872137,-135.40499606872137
2021-05-05 00:00:00,1438A,LYS,30.0,165.64009559695222,-135.64009559695222
2021-05-05 01:00:00,1438A,LYS,31.0,165.60642295938888,-134.60642295938888
2021-05-05 02:00:00,1438A,LYS,36.0,165.6427108420342,-129.6427108420342
2021-05-05 03:00:00,1438A,LYS,35.0,163.71494484313322,-128.71494484313322
2021-05-05 04:00:00,1438A,LYS,33.0,163.3219006602967,-130.3219006602967
2021-05-05 05:00:00,1438A,LYS,34.0,162.32043300267304,-128.32043300267304
2021-05-05 06:00:00,1438A,LYS,33.0,162.30240857405033,-129.30240857405033
2021-05-05 07:00:00,1438A,LYS,33.0,161.74606235017623,-128.74606235017623
2021-05-05 08:00:00,1438A,LYS,33.0,160.99883049079963,-127.99883049079963
2021-05-05 09:00:00,1438A,LYS,32.0,160.11008419636553,-128.11008419636553
2021-05-05 10:00:00,1438A,LYS,31.0,159.63763795497945,-128.63763795497945
2021-05-05 11:00:00,1438A,LYS,32.0,161.6890537083842,-129.6890537083842
2021-05-05 12:00:00,1438A,LYS,31.0,163.66698014324433,-132.66698014324433
2021-05-05 13:00:00,1438A,LYS,31.0,163.8618565893274,-132.8618565893274
2021-05-05 14:00:00,1438A,LYS,34.0,164.29998987096127,-130.29998987096127
2021-05-05 15:00:00,1438A,LYS,37.0,164.2449362261363,-127.2449362261363
2021-05-05 16:00:00,1438A,LYS,39.0,163.8108068860674,-124.81080688606741
2021-05-05 17:00:00,1438A,LYS,51.0,163.74916988082927,-112.74916988082927
2021-05-05 18:00:00,1438A,LYS,49.0,164.6659267582478,-115.66592675824779
2021-05-05 19:00:00,1438A,LYS,44.0,166.13974790621847,-122.13974790621847
2021-05-05 20:00:00,1438A,LYS,43.0,166.33490663536713,-123.33490663536713
2021-05-05 21:00:00,1438A,LYS,45.0,166.1929927927726,-121.1929927927726
2021-05-05 22:00:00,1438A,LYS,46.0,166.8468146659095,-120.8468146659095
2021-05-05 23:00:00,1438A,LYS,53.0,167.02498369459775,-114.02498369459775
2021-05-06 00:00:00,1438A,LYS,62.0,166.2600832228286,-104.2600832228286
2021-05-06 01:00:00,1438A,LYS,52.0,166.22641058526526,-114.22641058526526
2021-05-06 02:00:00,1438A,LYS,64.0,166.26269846791058,-102.26269846791058
2021-05-06 03:00:00,1438A,LYS,56.0,164.3349324690096,-108.3349324690096
2021-05-06 04:00:00,1438A,LYS,46.0,163.94188828617308,-117.94188828617308
2021-05-06 05:00:00,1438A,LYS,43.0,162.94042062854942,-119.94042062854942
2021-05-06 06:00:00,1438A,LYS,31.0,162.9223961999267,-131.9223961999267
2021-05-06 07:00:00,1438A,LYS,44.0,162.3660499760526,-118.36604997605261
2021-05-06 08:00:00,1438A,LYS,45.0,161.618818116676,-116.61881811667601
2021-05-06 09:00:00,1438A,LYS,54.0,160.7300718222419,-106.73007182224191
2021-05-06 10:00:00,1438A,LYS,61.0,160.25762558085583,-99.25762558085583
2021-05-06 11:00:00,1438A,LYS,63.0,162.30904133426057,-99.30904133426057
2021-05-06 12:00:00,1438A,LYS,54.0,164.2869677691207,-110.28696776912071
2021-05-06 13:00:00,1438A,LYS,46.0,164.48184421520378,-118.48184421520378
2021-05-06 14:00:00,1438A,LYS,41.0,164.91997749683765,-123.91997749683765
2021-05-06 15:00:00,1438A,LYS,39.0,164.86492385201268,-125.86492385201268
2021-05-06 16:00:00,1438A,LYS,40.0,164.4307945119438,-124.43079451194379
2021-05-06 17:00:00,1438A,LYS,46.0,164.36915750670565,-118.36915750670565
2021-05-06 18:00:00,1438A,LYS,45.0,165.28591438412417,-120.28591438412417
2021-05-06 19:00:00,1438A,LYS,47.0,166.75973553209485,-119.75973553209485
2021-05-06 20:00:00,1438A,LYS,45.0,166.9548942612435,-121.95489426124351
2021-05-06 21:00:00,1438A,LYS,,166.81298041864898,
2021-05-06 22:00:00,1438A,LYS,,167.46680229178588,
2021-05-06 23:00:00,1438A,LYS,48.0,167.64497132047413,-119.64497132047413
2021-05-07 00:00:00,1438A,LYS,44.0,166.88007084870497,-122.88007084870497
2021-05-07 01:00:00,1438A,LYS,36.0,166.84639821114163,-130.84639821114163
2021-05-07 02:00:00,1438A,LYS,22.0,166.88268609378696,-144.88268609378696
2021-05-07 03:00:00,1438A,LYS,17.0,164.95492009488598,-147.95492009488598
2021-05-07 04:00:00,1438A,LYS,11.0,164.56187591204946,-153.56187591204946
2021-05-07 05:00:00,1438A,LYS,14.0,163.5604082544258,-149.5604082544258
2021-05-07 06:00:00,1438A,LYS,43.0,163.54238382580309,-120.54238382580309
2021-05-07 07:00:00,1438A,LYS,26.0,162.98603760192898,-136.98603760192898
2021-05-07 08:00:00,1438A,LYS,53.0,162.2388057425524,-109.23880574255239
2021-05-07 09:00:00,1438A,LYS,31.0,161.3500594481183,-130.3500594481183
2021-05-07 10:00:00,1438A,LYS,44.0,160.8776132067322,-116.8776132067322
2021-05-07 11:00:00,1438A,LYS,47.0,162.92902896013695,-115.92902896013695
2021-05-07 12:00:00,1438A,LYS,49.0,164.90695539499708,-115.90695539499708
2021-05-07 13:00:00,1438A,LYS,54.0,165.10183184108016,-111.10183184108016
2021-05-07 14:00:00,1438A,LYS,55.0,165.53996512271402,-110.53996512271402
2021-05-07 15:00:00,1438A,LYS,53.0,165.48491147788906,-112.48491147788906
2021-05-07 16:00:00,1438A,LYS,40.0,165.05078213782016,-125.05078213782016
2021-05-07 17:00:00,1438A,LYS,33.0,164.98914513258202,-131.98914513258202
2021-05-07 18:00:00,1438A,LYS,31.0,165.90590201000055,-134.90590201000055
2021-05-07 19:00:00,1438A,LYS,35.0,167.37972315797123,-132.37972315797123
2021-05-07 20:00:00,1438A,LYS,37.0,167.5748818871199,-130.5748818871199
2021-05-07 21:00:00,1438A,LYS,43.0,167.43296804452535,-124.43296804452535
2021-05-07 22:00:00,1438A,LYS,47.0,168.08678991766226,-121.08678991766226
2021-05-07 23:00:00,1438A,LYS,41.0,168.2649589463505,-127.2649589463505
2021-05-08 00:00:00,1438A,LYS,42.0,167.50005847458135,-125.50005847458135
2021-05-08 01:00:00,1438A,LYS,55.0,167.466385837018,-112.46638583701801
2021-05-08 02:00:00,1438A,LYS,54.0,167.50267371966333,-113.50267371966333
2021-05-08 03:00:00,1438A,LYS,50.0,165.57490772076235,-115.57490772076235
2021-05-08 04:00:00,1438A,LYS,52.0,165.18186353792584,-113.18186353792584
2021-05-08 05:00:00,1438A,LYS,46.0,164.18039588030217,-118.18039588030217
2021-05-08 06:00:00,1438A,LYS,39.0,164.16237145167946,-125.16237145167946
2021-05-08 07:00:00,1438A,LYS,26.0,163.60602522780536,-137.60602522780536
2021-05-08 08:00:00,1438A,LYS,19.0,162.85879336842876,-143.85879336842876
2021-05-08 09:00:00,1438A,LYS,13.0,161.97004707399466,-148.97004707399466
2021-05-08 10:00:00,1438A,LYS,23.0,161.49760083260858,-138.49760083260858
2021-05-08 11:00:00,1438A,LYS,36.0,163.54901658601332,-127.54901658601332
2021-05-08 12:00:00,1438A,LYS,36.0,165.52694302087346,-129.52694302087346
2021-05-08 13:00:00,1438A,LYS,37.0,165.72181946695653,-128.72181946695653
2021-05-08 14:00:00,1438A,LYS,38.0,166.1599527485904,-128.1599527485904
2021-05-08 15:00:00,1438A,LYS,36.0,166.10489910376543,-130.10489910376543
2021-05-08 16:00:00,1438A,LYS,30.0,165.67076976369654,-135.67076976369654
2021-05-08 17:00:00,1438A,LYS,28.0,165.6091327584584,-137.6091327584584
2021-05-08 18:00:00,1438A,LYS,30.0,166.52588963587692,-136.52588963587692
2021-05-08 19:00:00,1438A,LYS,35.0,167.9997107838476,-132.9997107838476
2021-05-08 20:00:00,1438A,LYS,40.0,168.19486951299626,-128.19486951299626
2021-05-08 21:00:00,1438A,LYS,45.0,168.05295567040173,-123.05295567040173
2021-05-08 22:00:00,1438A,LYS,51.0,168.70677754353864,-117.70677754353864
2021-05-08 23:00:00,1438A,LYS,52.0,168.88494657222688,-116.88494657222688
2021-05-09 00:00:00,1438A,LYS,51.0,168.12004610045773,-117.12004610045773
2021-05-09 01:00:00,1438A,LYS,50.0,168.0863734628944,-118.08637346289439
2021-05-09 02:00:00,1438A,LYS,45.0,168.1226613455397,-123.12266134553971
2021-05-09 03:00:00,1438A,LYS,52.0,166.19489534663873,-114.19489534663873
2021-05-09 04:00:00,1438A,LYS,56.0,165.8018511638022,-109.80185116380221
2021-05-09 05:00:00,1438A,LYS,57.0,164.80038350617855,-107.80038350617855
2021-05-09 06:00:00,1438A,LYS,49.0,164.78235907755584,-115.78235907755584
2021-05-09 07:00:00,1438A,LYS,44.0,164.22601285368174,-120.22601285368174
2021-05-09 08:00:00,1438A,LYS,32.0,163.47878099430514,-131.47878099430514
2021-05-09 09:00:00,1438A,LYS,26.0,162.59003469987104,-136.59003469987104
2021-05-09 10:00:00,1438A,LYS,27.0,162.11758845848496,-135.11758845848496
2021-05-09 11:00:00,1438A,LYS,34.0,164.1690042118897,-130.1690042118897
2021-05-09 12:00:00,1438A,LYS,36.0,166.14693064674984,-130.14693064674984
2021-05-09 13:00:00,1438A,LYS,37.0,166.3418070928329,-129.3418070928329
2021-05-09 14:00:00,1438A,LYS,46.0,166.77994037446678,-120.77994037446678
2021-05-09 15:00:00,1438A,LYS,41.0,166.7248867296418,-125.72488672964181
2021-05-09 16:00:00,1438A,LYS,36.0,166.29075738957292,-130.29075738957292
2021-05-09 17:00:00,1438A,LYS,35.0,166.22912038433478,-131.22912038433478
2021-05-09 18:00:00,1438A,LYS,33.0,167.1458772617533,-134.1458772617533
2021-05-09 19:00:00,1438A,LYS,35.0,168.61969840972398,-133.61969840972398
2021-05-09 20:00:00,1438A,LYS,40.0,168.81485713887264,-128.81485713887264
2021-05-09 21:00:00,1438A,LYS,42.0,168.6729432962781,-126.6729432962781
2021-05-09 22:00:00,1438A,LYS,43.0,169.326765169415,-126.32676516941501
2021-05-09 23:00:00,1438A,LYS,45.0,169.50493419810326,-124.50493419810326
2021-05-10 00:00:00,1438A,LYS,47.0,168.7400337263341,-121.7400337263341
2021-05-10 01:00:00,1438A,LYS,48.0,168.70636108877076,-120.70636108877076
2021-05-10 02:00:00,1438A,LYS,42.0,168.7426489714161,-126.74264897141609
2021-05-10 03:00:00,1438A,LYS,44.0,166.8148829725151,-122.81488297251511
2021-05-10 04:00:00,1438A,LYS,45.0,166.4218387896786,-121.42183878967859
2021-05-10 05:00:00,1438A,LYS,51.0,165.42037113205492,-114.42037113205492
2021-05-10 06:00:00,1438A,LYS,47.0,165.40234670343222,-118.40234670343222
2021-05-10 07:00:00,1438A,LYS,40.0,164.8460004795581,-124.84600047955811
2021-05-10 08:00:00,1438A,LYS,38.0,164.09876862018152,-126.09876862018152
2021-05-10 09:00:00,1438A,LYS,40.0,163.21002232574742,-123.21002232574742
2021-05-10 10:00:00,1438A,LYS,44.0,162.73757608436134,-118.73757608436134
2021-05-10 11:00:00,1438A,LYS,42.0,164.78899183776608,-122.78899183776608
2021-05-10 12:00:00,1438A,LYS,43.0,166.7669182726262,-123.76691827262621
2021-05-10 13:00:00,1438A,LYS,33.0,166.96179471870929,-133.96179471870929
2021-05-10 14:00:00,1438A,LYS,30.0,167.39992800034315,-137.39992800034315
2021-05-10 15:00:00,1438A,LYS,34.0,167.3448743555182,-133.3448743555182
2021-05-10 16:00:00,1438A,LYS,35.0,166.9107450154493,-131.9107450154493
2021-05-10 17:00:00,1438A,LYS,26.0,166.84910801021115,-140.84910801021115
2021-05-10 18:00:00,1438A,LYS,19.0,167.76586488762968,-148.76586488762968
2021-05-10 19:00:00,1438A,LYS,21.0,169.23968603560036,-148.23968603560036
2021-05-10 20:00:00,1438A,LYS,18.0,169.43484476474902,-151.43484476474902
2021-05-10 21:00:00,1438A,LYS,12.0,169.29293092215448,-157.29293092215448
2021-05-10 22:00:00,1438A,LYS,15.0,169.9467527952914,-154.9467527952914
2021-05-10 23:00:00,1438A,LYS,12.0,170.12492182397963,-158.12492182397963
2021-05-11 00:00:00,1438A,LYS,18.0,169.36002135221048,-151.36002135221048
2021-05-11 01:00:00,1438A,LYS,24.0,169.32634871464714,-145.32634871464714
2021-05-11 02:00:00,1438A,LYS,12.0,169.36263659729246,-157.36263659729246
2021-05-11 03:00:00,1438A,LYS,10.0,167.43487059839148,-157.43487059839148
2021-05-11 04:00:00,1438A,LYS,13.0,167.04182641555497,-154.04182641555497
2021-05-11 05:00:00,1438A,LYS,14.0,166.0403587579313,-152.0403587579313
2021-05-11 06:00:00,1438A,LYS,13.0,166.0223343293086,-153.0223343293086
2021-05-11 07:00:00,1438A,LYS,18.0,165.4659881054345,-147.4659881054345
2021-05-11 08:00:00,1438A,LYS,14.0,164.7187562460579,-150.7187562460579
2021-05-11 09:00:00,1438A,LYS,12.0,163.8300099516238,-151.8300099516238
2021-05-11 10:00:00,1438A,LYS,9.0,163.3575637102377,-154.3575637102377
2021-05-11 11:00:00,1438A,LYS,13.0,165.40897946364245,-152.40897946364245
2021-05-11 12:00:00,1438A,LYS,17.0,167.3869058985026,-150.3869058985026
2021-05-11 13:00:00,1438A,LYS,15.0,167.58178234458566,-152.58178234458566
2021-05-11 14:00:00,1438A,LYS,16.0,168.01991562621953,-152.01991562621953
2021-05-11 15:00:00,1438A,LYS,18.0,167.96486198139456,-149.96486198139456
2021-05-11 16:00:00,1438A,LYS,20.0,167.53073264132567,-147.53073264132567
2021-05-11 17:00:00,1438A,LYS,16.0,167.46909563608753,-151.46909563608753
2021-05-11 18:00:00,1438A,LYS,16.0,168.38585251350605,-152.38585251350605
2021-05-11 19:00:00,1438A,LYS,19.0,169.85967366147673,-150.85967366147673
2021-05-11 20:00:00,1438A,LYS,17.0,170.0548323906254,-153.0548323906254
2021-05-11 21:00:00,1438A,LYS,15.0,169.91291854803086,-154.91291854803086
2021-05-11 22:00:00,1438A,LYS,15.0,170.56674042116776,-155.56674042116776
2021-05-11 23:00:00,1438A,LYS,16.0,170.744909449856,-154.744909449856
2021-05-12 00:00:00,1438A,LYS,14.0,169.98000897808686,-155.98000897808686
2021-05-12 01:00:00,1438A,LYS,18.0,169.94633634052352,-151.94633634052352
2021-05-12 02:00:00,1438A,LYS,21.0,169.98262422316884,-148.98262422316884
2021-05-12 03:00:00,1438A,LYS,24.0,168.05485822426786,-144.05485822426786
2021-05-12 04:00:00,1438A,LYS,28.0,167.66181404143134,-139.66181404143134
2021-05-12 05:00:00,1438A,LYS,25.0,166.66034638380768,-141.66034638380768
2021-05-12 06:00:00,1438A,LYS,20.0,166.64232195518497,-146.64232195518497
2021-05-12 07:00:00,1438A,LYS,31.0,166.08597573131087,-135.08597573131087
2021-05-12 08:00:00,1438A,LYS,21.0,165.33874387193427,-144.33874387193427
2021-05-12 09:00:00,1438A,LYS,25.0,164.44999757750017,-139.44999757750017
2021-05-12 10:00:00,1438A,LYS,26.0,163.9775513361141,-137.9775513361141
2021-05-12 11:00:00,1438A,LYS,34.0,166.02896708951883,-132.02896708951883
2021-05-12 12:00:00,1438A,LYS,43.0,168.00689352437897,-125.00689352437897
2021-05-12 13:00:00,1438A,LYS,41.0,168.20176997046204,-127.20176997046204
2021-05-12 14:00:00,1438A,LYS,44.0,168.6399032520959,-124.6399032520959
2021-05-12 15:00:00,1438A,LYS,35.0,168.58484960727094,-133.58484960727094
2021-05-12 16:00:00,1438A,LYS,32.0,168.15072026720205,-136.15072026720205
2021-05-12 17:00:00,1438A,LYS,32.0,168.0890832619639,-136.0890832619639
2021-05-12 18:00:00,1438A,LYS,38.0,169.00584013938243,-131.00584013938243
2021-05-12 19:00:00,1438A,LYS,39.0,170.4796612873531,-131.4796612873531
2021-05-12 20:00:00,1438A,LYS,42.0,170.67482001650177,-128.67482001650177
2021-05-12 21:00:00,1438A,LYS,40.0,170.53290617390724,-130.53290617390724
2021-05-12 22:00:00,1438A,LYS,40.0,171.18672804704414,-131.18672804704414
2021-05-12 23:00:00,1438A,LYS,42.0,171.3648970757324,-129.3648970757324
2021-05-13 00:00:00,1438A,LYS,44.0,170.59999660396323,-126.59999660396323
2021-05-13 01:00:00,1438A,LYS,44.0,170.5663239663999,-126.56632396639989
2021-05-13 02:00:00,1438A,LYS,44.0,170.60261184904522,-126.60261184904522
2021-05-13 03:00:00,1438A,LYS,37.0,168.67484585014424,-131.67484585014424
2021-05-13 04:00:00,1438A,LYS,29.0,168.28180166730772,-139.28180166730772
2021-05-13 05:00:00,1438A,LYS,26.0,167.28033400968405,-141.28033400968405
2021-05-13 06:00:00,1438A,LYS,25.0,167.26230958106134,-142.26230958106134
2021-05-13 07:00:00,1438A,LYS,23.0,166.70596335718724,-143.70596335718724
2021-05-13 08:00:00,1438A,LYS,18.0,165.95873149781065,-147.95873149781065
2021-05-13 09:00:00,1438A,LYS,14.0,165.06998520337655,-151.06998520337655
2021-05-13 10:00:00,1438A,LYS,13.0,164.59753896199047,-151.59753896199047
2021-05-13 11:00:00,1438A,LYS,14.0,166.6489547153952,-152.6489547153952
2021-05-13 12:00:00,1438A,LYS,19.0,168.62688115025534,-149.62688115025534
2021-05-13 13:00:00,1438A,LYS,18.0,168.82175759633841,-150.82175759633841
2021-05-13 14:00:00,1438A,LYS,22.0,169.25989087797228,-147.25989087797228
2021-05-13 15:00:00,1438A,LYS,21.0,169.20483723314732,-148.20483723314732
2021-05-13 16:00:00,1438A,LYS,24.0,168.77070789307842,-144.77070789307842
2021-05-13 17:00:00,1438A,LYS,23.0,168.70907088784028,-145.70907088784028
2021-05-13 18:00:00,1438A,LYS,23.0,169.6258277652588,-146.6258277652588
2021-05-13 19:00:00,1438A,LYS,24.0,171.0996489132295,-147.0996489132295
2021-05-13 20:00:00,1438A,LYS,23.0,171.29480764237815,-148.29480764237815
2021-05-13 21:00:00,1438A,LYS,24.0,171.1528937997836,-147.1528937997836
2021-05-13 22:00:00,1438A,LYS,24.0,171.80671567292052,-147.80671567292052
2021-05-13 23:00:00,1438A,LYS,20.0,171.98488470160876,-151.98488470160876
2021-05-14 00:00:00,1438A,LYS,19.0,171.2199842298396,-152.2199842298396
2021-05-14 01:00:00,1438A,LYS,19.0,171.18631159227627,-152.18631159227627
2021-05-14 02:00:00,1438A,LYS,21.0,171.2225994749216,-150.2225994749216
2021-05-14 03:00:00,1438A,LYS,18.0,169.2948334760206,-151.2948334760206
2021-05-14 04:00:00,1438A,LYS,20.0,168.9017892931841,-148.9017892931841
2021-05-14 05:00:00,1438A,LYS,28.0,167.90032163556043,-139.90032163556043
2021-05-14 06:00:00,1438A,LYS,52.0,167.88229720693772,-115.88229720693772
2021-05-14 07:00:00,1438A,LYS,48.0,167.32595098306362,-119.32595098306362
2021-05-14 08:00:00,1438A,LYS,50.0,166.57871912368702,-116.57871912368702
2021-05-14 09:00:00,1438A,LYS,48.0,165.68997282925292,-117.68997282925292
2021-05-14 10:00:00,1438A,LYS,45.0,165.21752658786684,-120.21752658786684
2021-05-14 11:00:00,1438A,LYS,36.0,167.26894234127158,-131.26894234127158
2021-05-14 12:00:00,1438A,LYS,44.0,169.24686877613172,-125.24686877613172
2021-05-14 13:00:00,1438A,LYS,61.0,169.4417452222148,-108.44174522221479
2021-05-14 14:00:00,1438A,LYS,72.0,169.87987850384866,-97.87987850384866
2021-05-14 15:00:00,1438A,LYS,72.0,169.8248248590237,-97.82482485902369
2021-05-14 16:00:00,1438A,LYS,64.0,169.3906955189548,-105.3906955189548
2021-05-14 17:00:00,1438A,LYS,62.0,169.32905851371666,-107.32905851371666
2021-05-14 18:00:00,1438A,LYS,50.0,170.24581539113518,-120.24581539113518
2021-05-14 19:00:00,1438A,LYS,56.0,171.71963653910586,-115.71963653910586
2021-05-14 20:00:00,1438A,LYS,56.0,171.91479526825452,-115.91479526825452
2021-05-14 21:00:00,1438A,LYS,69.0,171.77288142566,-102.77288142565999
2021-05-14 22:00:00,1438A,LYS,61.0,172.4267032987969,-111.4267032987969
2021-05-14 23:00:00,1438A,LYS,56.0,172.60487232748514,-116.60487232748514
2021-05-15 00:00:00,1438A,LYS,43.0,171.839971855716,-128.839971855716
2021-05-15 01:00:00,1438A,LYS,21.0,171.80629921815265,-150.80629921815265
2021-05-15 02:00:00,1438A,LYS,21.0,171.84258710079797,-150.84258710079797
2021-05-15 03:00:00,1438A,LYS,22.0,169.914821101897,-147.914821101897
2021-05-15 04:00:00,1438A,LYS,20.0,169.52177691906047,-149.52177691906047
2021-05-15 05:00:00,1438A,LYS,12.0,168.5203092614368,-156.5203092614368
2021-05-15 06:00:00,1438A,LYS,3.0,168.5022848328141,-165.5022848328141
2021-05-15 07:00:00,1438A,LYS,2.0,167.94593860894,-165.94593860894
2021-05-15 08:00:00,1438A,LYS,4.0,167.1987067495634,-163.1987067495634
2021-05-15 09:00:00,1438A,LYS,2.0,166.3099604551293,-164.3099604551293
2021-05-15 10:00:00,1438A,LYS,2.0,165.83751421374322,-163.83751421374322
2021-05-15 11:00:00,1438A,LYS,2.0,167.88892996714796,-165.88892996714796
2021-05-15 12:00:00,1438A,LYS,13.0,169.8668564020081,-156.8668564020081
2021-05-15 13:00:00,1438A,LYS,22.0,170.06173284809117,-148.06173284809117
2021-05-15 14:00:00,1438A,LYS,21.0,170.49986612972504,-149.49986612972504
2021-05-15 15:00:00,1438A,LYS,24.0,170.44481248490007,-146.44481248490007
2021-05-15 16:00:00,1438A,LYS,26.0,170.01068314483118,-144.01068314483118
2021-05-15 17:00:00,1438A,LYS,26.0,169.94904613959304,-143.94904613959304
2021-05-15 18:00:00,1438A,LYS,23.0,170.86580301701156,-147.86580301701156
2021-05-15 19:00:00,1438A,LYS,36.0,172.33962416498224,-136.33962416498224
2021-05-15 20:00:00,1438A,LYS,26.0,172.5347828941309,-146.5347828941309
2021-05-15 21:00:00,1438A,LYS,8.0,172.39286905153637,-164.39286905153637
2021-05-15 22:00:00,1438A,LYS,15.0,173.04669092467327,-158.04669092467327
2021-05-15 23:00:00,1438A,LYS,12.0,173.22485995336152,-161.22485995336152
2021-05-16 00:00:00,1438A,LYS,6.0,172.45995948159236,-166.45995948159236
2021-05-16 01:00:00,1438A,LYS,6.0,172.42628684402902,-166.42628684402902
2021-05-16 02:00:00,1438A,LYS,4.0,172.46257472667435,-168.46257472667435
2021-05-16 03:00:00,1438A,LYS,2.0,170.53480872777337,-168.53480872777337
2021-05-16 04:00:00,1438A,LYS,3.0,170.14176454493685,-167.14176454493685
2021-05-16 05:00:00,1438A,LYS,2.0,169.14029688731318,-167.14029688731318
2021-05-16 06:00:00,1438A,LYS,2.0,169.12227245869047,-167.12227245869047
2021-05-16 07:00:00,1438A,LYS,2.0,168.56592623481637,-166.56592623481637
2021-05-16 08:00:00,1438A,LYS,7.0,167.81869437543978,-160.81869437543978
2021-05-16 09:00:00,1438A,LYS,3.0,166.92994808100568,-163.92994808100568
2021-05-16 10:00:00,1438A,LYS,3.0,166.4575018396196,-163.4575018396196
2021-05-16 11:00:00,1438A,LYS,16.0,168.50891759302434,-152.50891759302434
2021-05-16 12:00:00,1438A,LYS,15.0,170.48684402788447,-155.48684402788447
2021-05-16 13:00:00,1438A,LYS,8.0,170.68172047396754,-162.68172047396754
2021-05-16 14:00:00,1438A,LYS,10.0,171.1198537556014,-161.1198537556014
2021-05-16 15:00:00,1438A,LYS,9.0,171.06480011077645,-162.06480011077645
2021-05-16 16:00:00,1438A,LYS,8.0,170.63067077070755,-162.63067077070755
2021-05-16 17:00:00,1438A,LYS,9.0,170.5690337654694,-161.5690337654694
2021-05-16 18:00:00,1438A,LYS,10.0,171.48579064288793,-161.48579064288793
2021-05-16 19:00:00,1438A,LYS,11.0,172.95961179085862,-161.95961179085862
2021-05-16 20:00:00,1438A,LYS,12.0,173.15477052000728,-161.15477052000728
2021-05-16 21:00:00,1438A,LYS,10.0,173.01285667741274,-163.01285667741274
2021-05-16 22:00:00,1438A,LYS,12.0,173.66667855054965,-161.66667855054965
2021-05-16 23:00:00,1438A,LYS,12.0,173.8448475792379,-161.8448475792379
2021-05-17 00:00:00,1438A,LYS,7.0,173.07994710746874,-166.07994710746874
2021-05-17 01:00:00,1438A,LYS,2.0,173.0462744699054,-171.0462744699054
2021-05-17 02:00:00,1438A,LYS,3.0,173.08256235255072,-170.08256235255072
2021-05-17 03:00:00,1438A,LYS,3.0,171.15479635364974,-168.15479635364974
2021-05-17 04:00:00,1438A,LYS,3.0,170.76175217081322,-167.76175217081322
2021-05-17 05:00:00,1438A,LYS,3.0,169.76028451318956,-166.76028451318956
2021-05-17 06:00:00,1438A,LYS,3.0,169.74226008456685,-166.74226008456685
2021-05-17 07:00:00,1438A,LYS,3.0,169.18591386069275,-166.18591386069275
2021-05-17 08:00:00,1438A,LYS,4.0,168.43868200131615,-164.43868200131615
2021-05-17 09:00:00,1438A,LYS,6.0,167.54993570688205,-161.54993570688205
2021-05-17 10:00:00,1438A,LYS,6.0,167.07748946549597,-161.07748946549597
2021-05-17 11:00:00,1438A,LYS,5.0,169.1289052189007,-164.1289052189007
2021-05-17 12:00:00,1438A,LYS,4.0,171.10683165376085,-167.10683165376085
2021-05-17 13:00:00,1438A,LYS,6.0,171.30170809984392,-165.30170809984392
2021-05-17 14:00:00,1438A,LYS,7.0,171.7398413814778,-164.7398413814778
2021-05-17 15:00:00,1438A,LYS,8.0,171.68478773665282,-163.68478773665282
2021-05-17 16:00:00,1438A,LYS,9.0,171.25065839658393,-162.25065839658393
2021-05-17 17:00:00,1438A,LYS,9.0,171.1890213913458,-162.1890213913458
2021-05-17 18:00:00,1438A,LYS,8.0,172.1057782687643,-164.1057782687643
2021-05-17 19:00:00,1438A,LYS,9.0,173.579599416735,-164.579599416735
2021-05-17 20:00:00,1438A,LYS,6.0,173.77475814588365,-167.77475814588365
2021-05-17 21:00:00,1438A,LYS,6.0,173.63284430328912,-167.63284430328912
2021-05-17 22:00:00,1438A,LYS,7.0,174.28666617642602,-167.28666617642602
2021-05-17 23:00:00,1438A,LYS,10.0,174.46483520511427,-164.46483520511427
2021-05-18 00:00:00,1438A,LYS,9.0,173.69993473334512,-164.69993473334512
2021-05-18 01:00:00,1438A,LYS,12.0,173.66626209578178,-161.66626209578178
2021-05-18 02:00:00,1438A,LYS,9.0,173.7025499784271,-164.7025499784271
2021-05-18 03:00:00,1438A,LYS,9.0,171.77478397952612,-162.77478397952612
2021-05-18 04:00:00,1438A,LYS,14.0,171.3817397966896,-157.3817397966896
2021-05-18 05:00:00,1438A,LYS,13.0,170.38027213906594,-157.38027213906594
2021-05-18 06:00:00,1438A,LYS,12.0,170.36224771044323,-158.36224771044323
2021-05-18 07:00:00,1438A,LYS,10.0,169.80590148656913,-159.80590148656913
2021-05-18 08:00:00,1438A,LYS,10.0,169.05866962719253,-159.05866962719253
2021-05-18 09:00:00,1438A,LYS,16.0,168.16992333275843,-152.16992333275843
2021-05-18 10:00:00,1438A,LYS,26.0,167.69747709137235,-141.69747709137235
2021-05-18 11:00:00,1438A,LYS,26.0,169.7488928447771,-143.7488928447771
2021-05-18 12:00:00,1438A,LYS,22.0,171.72681927963723,-149.72681927963723
2021-05-18 13:00:00,1438A,LYS,17.0,171.9216957257203,-154.9216957257203
2021-05-18 14:00:00,1438A,LYS,18.0,172.35982900735416,-154.35982900735416
2021-05-18 15:00:00,1438A,LYS,20.0,172.3047753625292,-152.3047753625292
2021-05-18 16:00:00,1438A,LYS,21.0,171.8706460224603,-150.8706460224603
2021-05-18 17:00:00,1438A,LYS,26.0,171.80900901722217,-145.80900901722217
2021-05-18 18:00:00,1438A,LYS,26.0,172.7257658946407,-146.7257658946407
2021-05-18 19:00:00,1438A,LYS,26.0,174.19958704261137,-148.19958704261137
2021-05-18 20:00:00,1438A,LYS,29.0,174.39474577176003,-145.39474577176003
2021-05-18 21:00:00,1438A,LYS,29.0,174.2528319291655,-145.2528319291655
2021-05-18 22:00:00,1438A,LYS,18.0,174.9066538023024,-156.9066538023024
2021-05-18 23:00:00,1438A,LYS,15.0,175.08482283099065,-160.08482283099065
2021-05-19 00:00:00,1438A,LYS,15.0,174.3199223592215,-159.3199223592215
2021-05-19 01:00:00,1438A,LYS,17.0,174.28624972165815,-157.28624972165815
2021-05-19 02:00:00,1438A,LYS,20.0,174.32253760430348,-154.32253760430348
2021-05-19 03:00:00,1438A,LYS,18.0,172.3947716054025,-154.3947716054025
2021-05-19 04:00:00,1438A,LYS,16.0,172.00172742256598,-156.00172742256598
2021-05-19 05:00:00,1438A,LYS,14.0,171.0002597649423,-157.0002597649423
2021-05-19 06:00:00,1438A,LYS,12.0,170.9822353363196,-158.9822353363196
2021-05-19 07:00:00,1438A,LYS,16.0,170.4258891124455,-154.4258891124455
2021-05-19 08:00:00,1438A,LYS,10.0,169.6786572530689,-159.6786572530689
2021-05-19 09:00:00,1438A,LYS,6.0,168.7899109586348,-162.7899109586348
2021-05-19 10:00:00,1438A,LYS,6.0,168.31746471724873,-162.31746471724873
2021-05-19 11:00:00,1438A,LYS,14.0,170.36888047065347,-156.36888047065347
2021-05-19 12:00:00,1438A,LYS,18.0,172.3468069055136,-154.3468069055136
2021-05-19 13:00:00,1438A,LYS,21.0,172.54168335159667,-151.54168335159667
2021-05-19 14:00:00,1438A,LYS,24.0,172.97981663323054,-148.97981663323054
2021-05-19 15:00:00,1438A,LYS,22.0,172.92476298840558,-150.92476298840558
2021-05-19 16:00:00,1438A,LYS,20.0,172.49063364833668,-152.49063364833668
2021-05-19 17:00:00,1438A,LYS,18.0,172.42899664309854,-154.42899664309854
2021-05-19 18:00:00,1438A,LYS,17.0,173.34575352051706,-156.34575352051706
2021-05-19 19:00:00,1438A,LYS,22.0,174.81957466848775,-152.81957466848775
2021-05-19 20:00:00,1438A,LYS,29.0,175.0147333976364,-146.0147333976364
2021-05-19 21:00:00,1438A,LYS,30.0,174.87281955504187,-144.87281955504187
2021-05-19 22:00:00,1438A,LYS,30.0,175.52664142817878,-145.52664142817878
2021-05-19 23:00:00,1438A,LYS,30.0,175.70481045686702,-145.70481045686702
2021-05-20 00:00:00,1438A,LYS,30.0,174.93990998509787,-144.93990998509787
2021-05-20 01:00:00,1438A,LYS,21.0,174.90623734753453,-153.90623734753453
2021-05-20 02:00:00,1438A,LYS,15.0,174.94252523017985,-159.94252523017985
2021-05-20 03:00:00,1438A,LYS,12.0,173.01475923127887,-161.01475923127887
2021-05-20 04:00:00,1438A,LYS,10.0,172.62171504844235,-162.62171504844235
2021-05-20 05:00:00,1438A,LYS,8.0,171.6202473908187,-163.6202473908187
2021-05-20 06:00:00,1438A,LYS,8.0,171.60222296219598,-163.60222296219598
2021-05-20 07:00:00,1438A,LYS,7.0,171.04587673832188,-164.04587673832188
2021-05-20 08:00:00,1438A,LYS,7.0,170.29864487894528,-163.29864487894528
2021-05-20 09:00:00,1438A,LYS,7.0,169.40989858451118,-162.40989858451118
2021-05-20 10:00:00,1438A,LYS,6.0,168.9374523431251,-162.9374523431251
2021-05-20 11:00:00,1438A,LYS,8.0,170.98886809652984,-162.98886809652984
2021-05-20 12:00:00,1438A,LYS,,172.96679453138998,
2021-05-20 13:00:00,1438A,LYS,16.0,173.16167097747305,-157.16167097747305
2021-05-20 14:00:00,1438A,LYS,20.0,173.59980425910692,-153.59980425910692
2021-05-20 15:00:00,1438A,LYS,22.0,173.54475061428195,-151.54475061428195
2021-05-20 16:00:00,1438A,LYS,14.0,173.11062127421306,-159.11062127421306
2021-05-20 17:00:00,1438A,LYS,17.0,173.04898426897492,-156.04898426897492
2021-05-20 18:00:00,1438A,LYS,16.0,173.96574114639344,-157.96574114639344
2021-05-20 19:00:00,1438A,LYS,17.0,175.43956229436412,-158.43956229436412
2021-05-20 20:00:00,1438A,LYS,16.0,175.63472102351278,-159.63472102351278
2021-05-20 21:00:00,1438A,LYS,15.0,175.49280718091825,-160.49280718091825
2021-05-20 22:00:00,1438A,LYS,60.0,176.14662905405515,-116.14662905405515
2021-05-20 23:00:00,1438A,LYS,71.0,176.3247980827434,-105.3247980827434
2021-05-21 00:00:00,1438A,LYS,39.0,175.55989761097425,-136.55989761097425
2021-05-21 01:00:00,1438A,LYS,48.0,175.5262249734109,-127.5262249734109
2021-05-21 02:00:00,1438A,LYS,47.0,175.56251285605623,-128.56251285605623
2021-05-21 03:00:00,1438A,LYS,42.0,173.63474685715525,-131.63474685715525
2021-05-21 04:00:00,1438A,LYS,41.0,173.24170267431873,-132.24170267431873
2021-05-21 05:00:00,1438A,LYS,35.0,172.24023501669507,-137.24023501669507
2021-05-21 06:00:00,1438A,LYS,27.0,172.22221058807236,-145.22221058807236
2021-05-21 07:00:00,1438A,LYS,20.0,171.66586436419826,-151.66586436419826
2021-05-21 08:00:00,1438A,LYS,20.0,170.91863250482166,-150.91863250482166
2021-05-21 09:00:00,1438A,LYS,20.0,170.02988621038756,-150.02988621038756
2021-05-21 10:00:00,1438A,LYS,22.0,169.55743996900148,-147.55743996900148
2021-05-21 11:00:00,1438A,LYS,51.0,171.60885572240622,-120.60885572240622
2021-05-21 12:00:00,1438A,LYS,60.0,173.58678215726636,-113.58678215726636
2021-05-21 13:00:00,1438A,LYS,59.0,173.78165860334943,-114.78165860334943
2021-05-21 14:00:00,1438A,LYS,75.0,174.2197918849833,-99.2197918849833
2021-05-21 15:00:00,1438A,LYS,86.0,174.16473824015833,-88.16473824015833
2021-05-21 16:00:00,1438A,LYS,84.0,173.73060890008944,-89.73060890008944
2021-05-21 17:00:00,1438A,LYS,52.0,173.6689718948513,-121.6689718948513
2021-05-21 18:00:00,1438A,LYS,30.0,174.58572877226982,-144.58572877226982
2021-05-21 19:00:00,1438A,LYS,31.0,176.0595499202405,-145.0595499202405
2021-05-21 20:00:00,1438A,LYS,19.0,176.25470864938916,-157.25470864938916
2021-05-21 21:00:00,1438A,LYS,21.0,176.11279480679462,-155.11279480679462
2021-05-21 22:00:00,1438A,LYS,21.0,176.76661667993153,-155.76661667993153
2021-05-21 23:00:00,1438A,LYS,22.0,176.94478570861978,-154.94478570861978
2021-05-22 00:00:00,1438A,LYS,21.0,176.17988523685062,-155.17988523685062
2021-05-22 01:00:00,1438A,LYS,15.0,176.14621259928728,-161.14621259928728
2021-05-22 02:00:00,1438A,LYS,9.0,176.1825004819326,-167.1825004819326
2021-05-22 03:00:00,1438A,LYS,9.0,174.25473448303163,-165.25473448303163
2021-05-22 04:00:00,1438A,LYS,7.0,173.8616903001951,-166.8616903001951
2021-05-22 05:00:00,1438A,LYS,11.0,172.86022264257144,-161.86022264257144
2021-05-22 06:00:00,1438A,LYS,20.0,172.84219821394873,-152.84219821394873
2021-05-22 07:00:00,1438A,LYS,19.0,172.28585199007463,-153.28585199007463
2021-05-22 08:00:00,1438A,LYS,14.0,171.53862013069804,-157.53862013069804
2021-05-22 09:00:00,1438A,LYS,16.0,170.64987383626394,-154.64987383626394
2021-05-22 10:00:00,1438A,LYS,14.0,170.17742759487786,-156.17742759487786
2021-05-22 11:00:00,1438A,LYS,12.0,172.2288433482826,-160.2288433482826
2021-05-22 12:00:00,1438A,LYS,14.0,174.20676978314273,-160.20676978314273
2021-05-22 13:00:00,1438A,LYS,17.0,174.4016462292258,-157.4016462292258
2021-05-22 14:00:00,1438A,LYS,,174.83977951085967,
2021-05-22 15:00:00,1438A,LYS,,174.7847258660347,
2021-05-22 16:00:00,1438A,LYS,,174.3505965259658,
2021-05-22 17:00:00,1438A,LYS,,174.28895952072767,
2021-05-22 18:00:00,1438A,LYS,,175.2057163981462,
2021-05-22 19:00:00,1438A,LYS,,176.67953754611688,
2021-05-22 20:00:00,1438A,LYS,,176.87469627526553,
2021-05-22 21:00:00,1438A,LYS,,176.732782432671,
2021-05-22 22:00:00,1438A,LYS,,177.3866043058079,
2021-05-22 23:00:00,1438A,LYS,,177.56477333449615,
2021-05-23 00:00:00,1438A,LYS,,176.799872862727,
2021-05-23 01:00:00,1438A,LYS,,176.76620022516366,
2021-05-23 02:00:00,1438A,LYS,,176.80248810780898,
2021-05-23 03:00:00,1438A,LYS,,174.874722108908,
2021-05-23 04:00:00,1438A,LYS,,174.48167792607148,
2021-05-23 05:00:00,1438A,LYS,,173.48021026844782,
2021-05-23 06:00:00,1438A,LYS,,173.4621858398251,
2021-05-23 07:00:00,1438A,LYS,,172.905839615951,
2021-05-23 08:00:00,1438A,LYS,,172.1586077565744,
2021-05-23 09:00:00,1438A,LYS,,171.2698614621403,
2021-05-23 10:00:00,1438A,LYS,,170.79741522075423,
2021-05-23 11:00:00,1438A,LYS,,172.84883097415897,
2021-05-23 12:00:00,1438A,LYS,,174.8267574090191,
2021-05-23 13:00:00,1438A,LYS,,175.02163385510218,
2021-05-23 14:00:00,1438A,LYS,,175.45976713673605,
2021-05-23 15:00:00,1438A,LYS,,175.40471349191108,
2021-05-23 16:00:00,1438A,LYS,,174.9705841518422,
2021-05-23 17:00:00,1438A,LYS,,174.90894714660405,
2021-05-23 18:00:00,1438A,LYS,,175.82570402402257,
2021-05-23 19:00:00,1438A,LYS,,177.29952517199325,
2021-05-23 20:00:00,1438A,LYS,,177.4946839011419,
2021-05-23 21:00:00,1438A,LYS,,177.35277005854738,
2021-05-23 22:00:00,1438A,LYS,,178.00659193168428,
2021-05-23 23:00:00,1438A,LYS,,178.18476096037253,
2021-05-24 00:00:00,1438A,LYS,,177.41986048860338,
2021-05-24 01:00:00,1438A,LYS,,177.38618785104003,
2021-05-24 02:00:00,1438A,LYS,,177.42247573368536,
2021-05-24 03:00:00,1438A,LYS,,175.49470973478438,
2021-05-24 04:00:00,1438A,LYS,,175.10166555194786,
2021-05-24 05:00:00,1438A,LYS,,174.1001978943242,
2021-05-24 06:00:00,1438A,LYS,,174.0821734657015,
2021-05-24 07:00:00,1438A,LYS,,173.5258272418274,
2021-05-24 08:00:00,1438A,LYS,,172.7785953824508,
2021-05-24 09:00:00,1438A,LYS,,171.8898490880167,
2021-05-24 10:00:00,1438A,LYS,,171.4174028466306,
2021-05-24 11:00:00,1438A,LYS,,173.46881860003535,
2021-05-24 12:00:00,1438A,LYS,6.0,175.44674503489549,-169.44674503489549
2021-05-24 13:00:00,1438A,LYS,8.0,175.64162148097856,-167.64162148097856
2021-05-24 14:00:00,1438A,LYS,8.0,176.07975476261242,-168.07975476261242
2021-05-24 15:00:00,1438A,LYS,8.0,176.02470111778746,-168.02470111778746
2021-05-24 16:00:00,1438A,LYS,11.0,175.59057177771857,-164.59057177771857
2021-05-24 17:00:00,1438A,LYS,17.0,175.52893477248043,-158.52893477248043
2021-05-24 18:00:00,1438A,LYS,19.0,176.44569164989895,-157.44569164989895
2021-05-24 19:00:00,1438A,LYS,24.0,177.91951279786963,-153.91951279786963
2021-05-24 20:00:00,1438A,LYS,23.0,178.1146715270183,-155.1146715270183
2021-05-24 21:00:00,1438A,LYS,24.0,177.97275768442375,-153.97275768442375
2021-05-24 22:00:00,1438A,LYS,25.0,178.62657955756066,-153.62657955756066
2021-05-24 23:00:00,1438A,LYS,28.0,178.8047485862489,-150.8047485862489
2021-05-25 00:00:00,1438A,LYS,33.0,178.03984811447975,-145.03984811447975
2021-05-25 01:00:00,1438A,LYS,33.0,178.0061754769164,-145.0061754769164
2021-05-25 02:00:00,1438A,LYS,33.0,178.04246335956174,-145.04246335956174
2021-05-25 03:00:00,1438A,LYS,35.0,176.11469736066076,-141.11469736066076
2021-05-25 04:00:00,1438A,LYS,37.0,175.72165317782424,-138.72165317782424
2021-05-25 05:00:00,1438A,LYS,38.0,174.72018552020057,-136.72018552020057
2021-05-25 06:00:00,1438A,LYS,39.0,174.70216109157786,-135.70216109157786
2021-05-25 07:00:00,1438A,LYS,40.0,174.14581486770376,-134.14581486770376
2021-05-25 08:00:00,1438A,LYS,37.0,173.39858300832717,-136.39858300832717
2021-05-25 09:00:00,1438A,LYS,23.0,172.50983671389307,-149.50983671389307
2021-05-25 10:00:00,1438A,LYS,28.0,172.03739047250698,-144.03739047250698
2021-05-25 11:00:00,1438A,LYS,41.0,174.08880622591172,-133.08880622591172
2021-05-25 12:00:00,1438A,LYS,46.0,176.06673266077186,-130.06673266077186
2021-05-25 13:00:00,1438A,LYS,62.0,176.26160910685493,-114.26160910685493
2021-05-25 14:00:00,1438A,LYS,41.0,176.6997423884888,-135.6997423884888
2021-05-25 15:00:00,1438A,LYS,34.0,176.64468874366383,-142.64468874366383
2021-05-25 16:00:00,1438A,LYS,,176.21055940359494,
2021-05-25 17:00:00,1438A,LYS,,176.1489223983568,
2021-05-25 18:00:00,1438A,LYS,7.0,177.06567927577532,-170.06567927577532
2021-05-25 19:00:00,1438A,LYS,7.0,178.539500423746,-171.539500423746
2021-05-25 20:00:00,1438A,LYS,8.0,178.73465915289466,-170.73465915289466
2021-05-25 21:00:00,1438A,LYS,6.0,178.59274531030013,-172.59274531030013
2021-05-25 22:00:00,1438A,LYS,7.0,179.24656718343704,-172.24656718343704
2021-05-25 23:00:00,1438A,LYS,9.0,179.42473621212528,-170.42473621212528
2021-05-26 00:00:00,1438A,LYS,8.0,178.65983574035613,-170.65983574035613
2021-05-26 01:00:00,1438A,LYS,12.0,178.6261631027928,-166.6261631027928
2021-05-26 02:00:00,1438A,LYS,12.0,178.6624509854381,-166.6624509854381
2021-05-26 03:00:00,1438A,LYS,9.0,176.73468498653713,-167.73468498653713
2021-05-26 04:00:00,1438A,LYS,11.0,176.3416408037006,-165.3416408037006
2021-05-26 05:00:00,1438A,LYS,7.0,175.34017314607695,-168.34017314607695
2021-05-26 06:00:00,1438A,LYS,7.0,175.32214871745424,-168.32214871745424
2021-05-26 07:00:00,1438A,LYS,6.0,174.76580249358014,-168.76580249358014
2021-05-26 08:00:00,1438A,LYS,7.0,174.01857063420354,-167.01857063420354
2021-05-26 09:00:00,1438A,LYS,5.0,173.12982433976944,-168.12982433976944
2021-05-26 10:00:00,1438A,LYS,4.0,172.65737809838336,-168.65737809838336
2021-05-26 11:00:00,1438A,LYS,4.0,174.7087938517881,-170.7087938517881
2021-05-26 12:00:00,1438A,LYS,11.0,176.68672028664824,-165.68672028664824
2021-05-26 13:00:00,1438A,LYS,16.0,176.8815967327313,-160.8815967327313
2021-05-26 14:00:00,1438A,LYS,11.0,177.31973001436518,-166.31973001436518
2021-05-26 15:00:00,1438A,LYS,21.0,177.2646763695402,-156.2646763695402
2021-05-26 16:00:00,1438A,LYS,25.0,176.83054702947132,-151.83054702947132
2021-05-26 17:00:00,1438A,LYS,26.0,176.76891002423318,-150.76891002423318
2021-05-26 18:00:00,1438A,LYS,33.0,177.6856669016517,-144.6856669016517
2021-05-26 19:00:00,1438A,LYS,14.0,179.15948804962238,-165.15948804962238
2021-05-26 20:00:00,1438A,LYS,6.0,179.35464677877104,-173.35464677877104
2021-05-26 21:00:00,1438A,LYS,6.0,179.2127329361765,-173.2127329361765
2021-05-26 22:00:00,1438A,LYS,6.0,179.8665548093134,-173.8665548093134
2021-05-26 23:00:00,1438A,LYS,6.0,180.04472383800166,-174.04472383800166
2021-05-27 00:00:00,1438A,LYS,6.0,179.2798233662325,-173.2798233662325
2021-05-27 01:00:00,1438A,LYS,5.0,179.24615072866916,-174.24615072866916
2021-05-27 02:00:00,1438A,LYS,5.0,179.2824386113145,-174.2824386113145
2021-05-27 03:00:00,1438A,LYS,5.0,177.3546726124135,-172.3546726124135
2021-05-27 04:00:00,1438A,LYS,5.0,176.961628429577,-171.961628429577
2021-05-27 05:00:00,1438A,LYS,6.0,175.96016077195333,-169.96016077195333
2021-05-27 06:00:00,1438A,LYS,5.0,175.94213634333062,-170.94213634333062
2021-05-27 07:00:00,1438A,LYS,6.0,175.38579011945652,-169.38579011945652
2021-05-27 08:00:00,1438A,LYS,20.0,174.63855826007992,-154.63855826007992
2021-05-27 09:00:00,1438A,LYS,68.0,173.74981196564582,-105.74981196564582
2021-05-27 10:00:00,1438A,LYS,49.0,173.27736572425974,-124.27736572425974
2021-05-27 11:00:00,1438A,LYS,51.0,175.32878147766448,-124.32878147766448
2021-05-27 12:00:00,1438A,LYS,50.0,177.30670791252462,-127.30670791252462
2021-05-27 13:00:00,1438A,LYS,48.0,177.5015843586077,-129.5015843586077
2021-05-27 14:00:00,1438A,LYS,56.0,177.93971764024155,-121.93971764024155
2021-05-27 15:00:00,1438A,LYS,52.0,177.8846639954166,-125.88466399541659
2021-05-27 16:00:00,1438A,LYS,52.0,177.4505346553477,-125.4505346553477
2021-05-27 17:00:00,1438A,LYS,49.0,177.38889765010956,-128.38889765010956
2021-05-27 18:00:00,1438A,LYS,47.0,178.30565452752808,-131.30565452752808
2021-05-27 19:00:00,1438A,LYS,52.0,179.77947567549876,-127.77947567549876
2021-05-27 20:00:00,1438A,LYS,55.0,179.97463440464742,-124.97463440464742
2021-05-27 21:00:00,1438A,LYS,59.0,179.83272056205288,-120.83272056205288
2021-05-27 22:00:00,1438A,LYS,69.0,180.4865424351898,-111.48654243518979
2021-05-27 23:00:00,1438A,LYS,69.0,180.66471146387804,-111.66471146387804
2021-05-28 00:00:00,1438A,LYS,54.0,179.89981099210888,-125.89981099210888
2021-05-28 01:00:00,1438A,LYS,37.0,179.86613835454554,-142.86613835454554
2021-05-28 02:00:00,1438A,LYS,24.0,179.90242623719087,-155.90242623719087
2021-05-28 03:00:00,1438A,LYS,17.0,177.97466023828989,-160.97466023828989
2021-05-28 04:00:00,1438A,LYS,15.0,177.58161605545337,-162.58161605545337
2021-05-28 05:00:00,1438A,LYS,7.0,176.5801483978297,-169.5801483978297
2021-05-28 06:00:00,1438A,LYS,5.0,176.562123969207,-171.562123969207
2021-05-28 07:00:00,1438A,LYS,7.0,176.0057777453329,-169.0057777453329
2021-05-28 08:00:00,1438A,LYS,19.0,175.2585458859563,-156.2585458859563
2021-05-28 09:00:00,1438A,LYS,28.0,174.3697995915222,-146.3697995915222
2021-05-28 10:00:00,1438A,LYS,32.0,173.89735335013611,-141.89735335013611
2021-05-28 11:00:00,1438A,LYS,48.0,175.94876910354085,-127.94876910354085
2021-05-28 12:00:00,1438A,LYS,52.0,177.926695538401,-125.92669553840099
2021-05-28 13:00:00,1438A,LYS,42.0,178.12157198448406,-136.12157198448406
2021-05-28 14:00:00,1438A,LYS,57.0,178.55970526611793,-121.55970526611793
2021-05-28 15:00:00,1438A,LYS,58.0,178.50465162129296,-120.50465162129296
2021-05-28 16:00:00,1438A,LYS,45.0,178.07052228122407,-133.07052228122407
2021-05-28 17:00:00,1438A,LYS,35.0,178.00888527598593,-143.00888527598593
2021-05-28 18:00:00,1438A,LYS,26.0,178.92564215340445,-152.92564215340445
2021-05-28 19:00:00,1438A,LYS,27.0,180.39946330137514,-153.39946330137514
2021-05-28 20:00:00,1438A,LYS,32.0,180.5946220305238,-148.5946220305238
2021-05-28 21:00:00,1438A,LYS,41.0,180.45270818792926,-139.45270818792926
2021-05-28 22:00:00,1438A,LYS,42.0,181.10653006106617,-139.10653006106617
2021-05-28 23:00:00,1438A,LYS,44.0,181.2846990897544,-137.2846990897544
2021-05-29 00:00:00,1438A,LYS,46.0,180.51979861798526,-134.51979861798526
2021-05-29 01:00:00,1438A,LYS,46.0,180.48612598042192,-134.48612598042192
2021-05-29 02:00:00,1438A,LYS,45.0,180.52241386306724,-135.52241386306724
2021-05-29 03:00:00,1438A,LYS,50.0,178.59464786416626,-128.59464786416626
2021-05-29 04:00:00,1438A,LYS,71.0,178.20160368132974,-107.20160368132974
2021-05-29 05:00:00,1438A,LYS,64.0,177.20013602370608,-113.20013602370608
2021-05-29 06:00:00,1438A,LYS,60.0,177.18211159508337,-117.18211159508337
2021-05-29 07:00:00,1438A,LYS,46.0,176.62576537120927,-130.62576537120927
2021-05-29 08:00:00,1438A,LYS,72.0,175.87853351183267,-103.87853351183267
2021-05-29 09:00:00,1438A,LYS,83.0,174.98978721739857,-91.98978721739857
2021-05-29 10:00:00,1438A,LYS,70.0,174.5173409760125,-104.51734097601249
2021-05-29 11:00:00,1438A,LYS,80.0,176.56875672941723,-96.56875672941723
2021-05-29 12:00:00,1438A,LYS,102.0,178.54668316427737,-76.54668316427737
2021-05-29 13:00:00,1438A,LYS,107.0,178.74155961036044,-71.74155961036044
2021-05-29 14:00:00,1438A,LYS,108.0,179.1796928919943,-71.1796928919943
2021-05-29 15:00:00,1438A,LYS,86.0,179.12463924716934,-93.12463924716934
2021-05-29 16:00:00,1438A,LYS,78.0,178.69050990710045,-100.69050990710045
2021-05-29 17:00:00,1438A,LYS,61.0,178.6288729018623,-117.62887290186231
2021-05-29 18:00:00,1438A,LYS,52.0,179.54562977928083,-127.54562977928083
2021-05-29 19:00:00,1438A,LYS,47.0,181.0194509272515,-134.0194509272515
2021-05-29 20:00:00,1438A,LYS,43.0,181.21460965640017,-138.21460965640017
2021-05-29 21:00:00,1438A,LYS,48.0,181.07269581380564,-133.07269581380564
2021-05-29 22:00:00,1438A,LYS,48.0,181.72651768694254,-133.72651768694254
2021-05-29 23:00:00,1438A,LYS,53.0,181.9046867156308,-128.9046867156308
2021-05-30 00:00:00,1438A,LYS,52.0,181.13978624386164,-129.13978624386164
2021-05-30 01:00:00,1438A,LYS,64.0,181.1061136062983,-117.1061136062983
2021-05-30 02:00:00,1438A,LYS,54.0,181.14240148894362,-127.14240148894362
2021-05-30 03:00:00,1438A,LYS,53.0,179.21463549004264,-126.21463549004264
2021-05-30 04:00:00,1438A,LYS,51.0,178.82159130720612,-127.82159130720612
2021-05-30 05:00:00,1438A,LYS,39.0,177.82012364958246,-138.82012364958246
2021-05-30 06:00:00,1438A,LYS,35.0,177.80209922095975,-142.80209922095975
2021-05-30 07:00:00,1438A,LYS,41.0,177.24575299708565,-136.24575299708565
2021-05-30 08:00:00,1438A,LYS,49.0,176.49852113770905,-127.49852113770905
2021-05-30 09:00:00,1438A,LYS,44.0,175.60977484327495,-131.60977484327495
2021-05-30 10:00:00,1438A,LYS,57.0,175.13732860188887,-118.13732860188887
2021-05-30 11:00:00,1438A,LYS,74.0,177.1887443552936,-103.18874435529361
2021-05-30 12:00:00,1438A,LYS,81.0,179.16667079015374,-98.16667079015374
2021-05-30 13:00:00,1438A,LYS,88.0,179.36154723623682,-91.36154723623682
2021-05-30 14:00:00,1438A,LYS,91.0,179.79968051787068,-88.79968051787068
2021-05-30 15:00:00,1438A,LYS,84.0,179.74462687304572,-95.74462687304572
2021-05-30 16:00:00,1438A,LYS,84.0,179.31049753297683,-95.31049753297683
2021-05-30 17:00:00,1438A,LYS,86.0,179.24886052773869,-93.24886052773869
2021-05-30 18:00:00,1438A,LYS,92.0,180.1656174051572,-88.1656174051572
2021-05-30 19:00:00,1438A,LYS,102.0,181.6394385531279,-79.63943855312789
2021-05-30 20:00:00,1438A,LYS,108.0,181.83459728227655,-73.83459728227655
2021-05-30 21:00:00,1438A,LYS,105.0,181.692683439682,-76.69268343968201
2021-05-30 22:00:00,1438A,LYS,104.0,182.34650531281892,-78.34650531281892
2021-05-30 23:00:00,1438A,LYS,96.0,182.52467434150716,-86.52467434150716
2021-05-31 00:00:00,1438A,LYS,87.0,181.759773869738,-94.75977386973801
2021-05-31 01:00:00,1438A,LYS,68.0,181.72610123217467,-113.72610123217467
2021-05-31 02:00:00,1438A,LYS,79.0,181.76238911482,-102.76238911482
2021-05-31 03:00:00,1438A,LYS,79.0,179.83462311591902,-100.83462311591902
2021-05-31 04:00:00,1438A,LYS,86.0,179.4415789330825,-93.4415789330825
2021-05-31 05:00:00,1438A,LYS,70.0,178.44011127545883,-108.44011127545883
2021-05-31 06:00:00,1438A,LYS,51.0,178.42208684683612,-127.42208684683612
2021-05-31 07:00:00,1438A,LYS,36.0,177.86574062296202,-141.86574062296202
2021-05-31 08:00:00,1438A,LYS,27.0,177.11850876358542,-150.11850876358542
2021-05-31 09:00:00,1438A,LYS,23.0,176.22976246915132,-153.22976246915132
2021-05-31 10:00:00,1438A,LYS,30.0,175.75731622776524,-145.75731622776524
2021-05-31 11:00:00,1438A,LYS,48.0,177.80873198116998,-129.80873198116998
2021-05-31 12:00:00,1438A,LYS,68.0,179.78665841603012,-111.78665841603012
2021-05-31 13:00:00,1438A,LYS,70.0,179.9815348621132,-109.9815348621132
2021-05-31 14:00:00,1438A,LYS,56.0,180.41966814374706,-124.41966814374706
2021-05-31 15:00:00,1438A,LYS,37.0,180.3646144989221,-143.3646144989221
2021-05-31 16:00:00,1438A,LYS,26.0,179.9304851588532,-153.9304851588532
2021-05-31 17:00:00,1438A,LYS,15.0,179.86884815361506,-164.86884815361506
2021-05-31 18:00:00,1438A,LYS,16.0,180.78560503103358,-164.78560503103358
2021-05-31 19:00:00,1438A,LYS,17.0,182.25942617900427,-165.25942617900427
2021-05-31 20:00:00,1438A,LYS,18.0,182.45458490815292,-164.45458490815292
2021-05-31 21:00:00,1438A,LYS,21.0,182.3126710655584,-161.3126710655584
2021-05-31 22:00:00,1438A,LYS,22.0,182.9664929386953,-160.9664929386953
2021-05-31 23:00:00,1438A,LYS,22.0,183.14466196738354,-161.14466196738354
2021-06-01 00:00:00,1438A,LYS,24.0,182.3797614956144,-158.3797614956144
2021-06-01 01:00:00,1438A,LYS,23.0,182.34608885805105,-159.34608885805105
2021-06-01 02:00:00,1438A,LYS,22.0,182.38237674069637,-160.38237674069637
2021-06-01 03:00:00,1438A,LYS,23.0,180.4546107417954,-157.4546107417954
2021-06-01 04:00:00,1438A,LYS,19.0,180.06156655895887,-161.06156655895887
2021-06-01 05:00:00,1438A,LYS,15.0,179.0600989013352,-164.0600989013352
2021-06-01 06:00:00,1438A,LYS,21.0,179.0420744727125,-158.0420744727125
2021-06-01 07:00:00,1438A,LYS,39.0,178.4857282488384,-139.4857282488384
2021-06-01 08:00:00,1438A,LYS,36.0,177.7384963894618,-141.7384963894618
2021-06-01 09:00:00,1438A,LYS,32.0,176.8497500950277,-144.8497500950277
2021-06-01 10:00:00,1438A,LYS,29.0,176.37730385364162,-147.37730385364162
2021-06-01 11:00:00,1438A,LYS,30.0,178.42871960704636,-148.42871960704636
2021-06-01 12:00:00,1438A,LYS,35.0,180.4066460419065,-145.4066460419065
2021-06-01 13:00:00,1438A,LYS,32.0,180.60152248798957,-148.60152248798957
2021-06-01 14:00:00,1438A,LYS,23.0,181.03965576962344,-158.03965576962344
2021-06-01 15:00:00,1438A,LYS,19.0,180.98460212479847,-161.98460212479847
2021-06-01 16:00:00,1438A,LYS,14.0,180.55047278472958,-166.55047278472958
2021-06-01 17:00:00,1438A,LYS,14.0,180.48883577949144,-166.48883577949144
2021-06-01 18:00:00,1438A,LYS,17.0,181.40559265690996,-164.40559265690996
2021-06-01 19:00:00,1438A,LYS,21.0,182.87941380488064,-161.87941380488064
2021-06-01 20:00:00,1438A,LYS,29.0,183.0745725340293,-154.0745725340293
2021-06-01 21:00:00,1438A,LYS,46.0,182.93265869143477,-136.93265869143477
2021-06-01 22:00:00,1438A,LYS,45.0,183.58648056457167,-138.58648056457167
2021-06-01 23:00:00,1438A,LYS,50.0,183.76464959325992,-133.76464959325992
2021-06-02 00:00:00,1438A,LYS,50.0,182.99974912149077,-132.99974912149077
2021-06-02 01:00:00,1438A,LYS,52.0,182.96607648392742,-130.96607648392742
2021-06-02 02:00:00,1438A,LYS,52.0,183.00236436657275,-131.00236436657275
2021-06-02 03:00:00,1438A,LYS,52.0,181.07459836767177,-129.07459836767177
2021-06-02 04:00:00,1438A,LYS,36.0,180.68155418483525,-144.68155418483525
2021-06-02 05:00:00,1438A,LYS,34.0,179.68008652721159,-145.68008652721159
2021-06-02 06:00:00,1438A,LYS,47.0,179.66206209858888,-132.66206209858888
2021-06-02 07:00:00,1438A,LYS,47.0,179.10571587471478,-132.10571587471478
2021-06-02 08:00:00,1438A,LYS,45.0,178.35848401533818,-133.35848401533818
2021-06-02 09:00:00,1438A,LYS,41.0,177.46973772090408,-136.46973772090408
2021-06-02 10:00:00,1438A,LYS,40.0,176.997291479518,-136.997291479518
2021-06-02 11:00:00,1438A,LYS,55.0,179.04870723292274,-124.04870723292274
2021-06-02 12:00:00,1438A,LYS,42.0,181.02663366778287,-139.02663366778287
2021-06-02 13:00:00,1438A,LYS,37.0,181.22151011386595,-144.22151011386595
2021-06-02 14:00:00,1438A,LYS,28.0,181.6596433954998,-153.6596433954998
2021-06-02 15:00:00,1438A,LYS,34.0,181.60458975067485,-147.60458975067485
2021-06-02 16:00:00,1438A,LYS,24.0,181.17046041060595,-157.17046041060595
2021-06-02 17:00:00,1438A,LYS,50.0,181.10882340536781,-131.10882340536781
2021-06-02 18:00:00,1438A,LYS,63.0,182.02558028278634,-119.02558028278634
2021-06-02 19:00:00,1438A,LYS,56.0,183.49940143075702,-127.49940143075702
2021-06-02 20:00:00,1438A,LYS,58.0,183.69456015990568,-125.69456015990568
2021-06-02 21:00:00,1438A,LYS,56.0,183.55264631731114,-127.55264631731114
2021-06-02 22:00:00,1438A,LYS,40.0,184.20646819044805,-144.20646819044805
2021-06-02 23:00:00,1438A,LYS,26.0,184.3846372191363,-158.3846372191363
2021-06-03 00:00:00,1438A,LYS,34.0,183.61973674736714,-149.61973674736714
2021-06-03 01:00:00,1438A,LYS,25.0,183.5860641098038,-158.5860641098038
2021-06-03 02:00:00,1438A,LYS,13.0,183.62235199244913,-170.62235199244913
2021-06-03 03:00:00,1438A,LYS,10.0,181.69458599354815,-171.69458599354815
2021-06-03 04:00:00,1438A,LYS,5.0,181.30154181071163,-176.30154181071163
2021-06-03 05:00:00,1438A,LYS,1.0,180.30007415308796,-179.30007415308796
2021-06-03 06:00:00,1438A,LYS,3.0,180.28204972446525,-177.28204972446525
2021-06-03 07:00:00,1438A,LYS,3.0,179.72570350059115,-176.72570350059115
2021-06-03 08:00:00,1438A,LYS,3.0,178.97847164121455,-175.97847164121455
2021-06-03 09:00:00,1438A,LYS,2.0,178.08972534678045,-176.08972534678045
2021-06-03 10:00:00,1438A,LYS,2.0,177.61727910539437,-175.61727910539437
2021-06-03 11:00:00,1438A,LYS,2.0,179.6686948587991,-177.6686948587991
2021-06-03 12:00:00,1438A,LYS,3.0,181.64662129365925,-178.64662129365925
2021-06-03 13:00:00,1438A,LYS,4.0,181.84149773974232,-177.84149773974232
2021-06-03 14:00:00,1438A,LYS,3.0,182.2796310213762,-179.2796310213762
2021-06-03 15:00:00,1438A,LYS,3.0,182.22457737655122,-179.22457737655122
2021-06-03 16:00:00,1438A,LYS,2.0,181.79044803648233,-179.79044803648233
2021-06-03 17:00:00,1438A,LYS,4.0,181.7288110312442,-177.7288110312442
2021-06-03 18:00:00,1438A,LYS,6.0,182.6455679086627,-176.6455679086627
2021-06-03 19:00:00,1438A,LYS,6.0,184.1193890566334,-178.1193890566334
2021-06-03 20:00:00,1438A,LYS,6.0,184.31454778578205,-178.31454778578205
2021-06-03 21:00:00,1438A,LYS,4.0,184.17263394318752,-180.17263394318752
2021-06-03 22:00:00,1438A,LYS,8.0,184.82645581632443,-176.82645581632443
2021-06-03 23:00:00,1438A,LYS,6.0,185.00462484501267,-179.00462484501267
2021-06-04 00:00:00,1438A,LYS,5.0,184.23972437324352,-179.23972437324352
2021-06-04 01:00:00,1438A,LYS,6.0,184.20605173568018,-178.20605173568018
2021-06-04 02:00:00,1438A,LYS,5.0,184.2423396183255,-179.2423396183255
2021-06-04 03:00:00,1438A,LYS,5.0,182.31457361942452,-177.31457361942452
2021-06-04 04:00:00,1438A,LYS,6.0,181.921529436588,-175.921529436588
2021-06-04 05:00:00,1438A,LYS,6.0,180.92006177896434,-174.92006177896434
2021-06-04 06:00:00,1438A,LYS,6.0,180.90203735034163,-174.90203735034163
2021-06-04 07:00:00,1438A,LYS,6.0,180.34569112646753,-174.34569112646753
2021-06-04 08:00:00,1438A,LYS,5.0,179.59845926709093,-174.59845926709093
2021-06-04 09:00:00,1438A,LYS,4.0,178.70971297265683,-174.70971297265683
2021-06-04 10:00:00,1438A,LYS,20.0,178.23726673127075,-158.23726673127075
2021-06-04 11:00:00,1438A,LYS,21.0,180.2886824846755,-159.2886824846755
2021-06-04 12:00:00,1438A,LYS,22.0,182.26660891953563,-160.26660891953563
2021-06-04 13:00:00,1438A,LYS,36.0,182.4614853656187,-146.4614853656187
2021-06-04 14:00:00,1438A,LYS,20.0,182.89961864725257,-162.89961864725257
2021-06-04 15:00:00,1438A,LYS,18.0,182.8445650024276,-164.8445650024276
2021-06-04 16:00:00,1438A,LYS,19.0,182.4104356623587,-163.4104356623587
2021-06-04 17:00:00,1438A,LYS,14.0,182.34879865712057,-168.34879865712057
2021-06-04 18:00:00,1438A,LYS,15.0,183.2655555345391,-168.2655555345391
2021-06-04 19:00:00,1438A,LYS,19.0,184.73937668250977,-165.73937668250977
2021-06-04 20:00:00,1438A,LYS,22.0,184.93453541165843,-162.93453541165843
2021-06-04 21:00:00,1438A,LYS,22.0,184.7926215690639,-162.7926215690639
2021-06-04 22:00:00,1438A,LYS,25.0,185.4464434422008,-160.4464434422008
2021-06-04 23:00:00,1438A,LYS,24.0,185.62461247088905,-161.62461247088905
2021-06-05 00:00:00,1438A,LYS,19.0,184.8597119991199,-165.8597119991199
2021-06-05 01:00:00,1438A,LYS,20.0,184.82603936155655,-164.82603936155655
2021-06-05 02:00:00,1438A,LYS,21.0,184.86232724420188,-163.86232724420188
2021-06-05 03:00:00,1438A,LYS,22.0,182.9345612453009,-160.9345612453009
2021-06-05 04:00:00,1438A,LYS,21.0,182.54151706246438,-161.54151706246438
2021-06-05 05:00:00,1438A,LYS,20.0,181.54004940484072,-161.54004940484072
2021-06-05 06:00:00,1438A,LYS,18.0,181.522024976218,-163.522024976218
2021-06-05 07:00:00,1438A,LYS,18.0,180.9656787523439,-162.9656787523439
2021-06-05 08:00:00,1438A,LYS,17.0,180.2184468929673,-163.2184468929673
2021-06-05 09:00:00,1438A,LYS,16.0,179.3297005985332,-163.3297005985332
2021-06-05 10:00:00,1438A,LYS,26.0,178.85725435714713,-152.85725435714713
2021-06-05 11:00:00,1438A,LYS,30.0,180.90867011055187,-150.90867011055187
2021-06-05 12:00:00,1438A,LYS,23.0,182.886596545412,-159.886596545412
2021-06-05 13:00:00,1438A,LYS,20.0,183.08147299149508,-163.08147299149508
2021-06-05 14:00:00,1438A,LYS,19.0,183.51960627312894,-164.51960627312894
2021-06-05 15:00:00,1438A,LYS,18.0,183.46455262830398,-165.46455262830398
2021-06-05 16:00:00,1438A,LYS,16.0,183.03042328823508,-167.03042328823508
2021-06-05 17:00:00,1438A,LYS,16.0,182.96878628299694,-166.96878628299694
2021-06-05 18:00:00,1438A,LYS,18.0,183.88554316041547,-165.88554316041547
2021-06-05 19:00:00,1438A,LYS,20.0,185.35936430838615,-165.35936430838615
2021-06-05 20:00:00,1438A,LYS,20.0,185.5545230375348,-165.5545230375348
2021-06-05 21:00:00,1438A,LYS,22.0,185.41260919494027,-163.41260919494027
2021-06-05 22:00:00,1438A,LYS,20.0,186.06643106807718,-166.06643106807718
2021-06-05 23:00:00,1438A,LYS,21.0,186.24460009676542,-165.24460009676542
2021-06-06 00:00:00,1438A,LYS,20.0,185.47969962499627,-165.47969962499627
2021-06-06 01:00:00,1438A,LYS,18.0,185.44602698743293,-167.44602698743293
2021-06-06 02:00:00,1438A,LYS,19.0,185.48231487007826,-166.48231487007826
2021-06-06 03:00:00,1438A,LYS,19.0,183.55454887117727,-164.55454887117727
2021-06-06 04:00:00,1438A,LYS,20.0,183.16150468834076,-163.16150468834076
2021-06-06 05:00:00,1438A,LYS,20.0,182.1600370307171,-162.1600370307171
2021-06-06 06:00:00,1438A,LYS,19.0,182.14201260209438,-163.14201260209438
2021-06-06 07:00:00,1438A,LYS,18.0,181.58566637822028,-163.58566637822028
2021-06-06 08:00:00,1438A,LYS,18.0,180.83843451884368,-162.83843451884368
2021-06-06 09:00:00,1438A,LYS,17.0,179.94968822440958,-162.94968822440958
2021-06-06 10:00:00,1438A,LYS,19.0,179.4772419830235,-160.4772419830235
2021-06-06 11:00:00,1438A,LYS,19.0,181.52865773642824,-162.52865773642824
2021-06-06 12:00:00,1438A,LYS,22.0,183.50658417128838,-161.50658417128838
2021-06-06 13:00:00,1438A,LYS,42.0,183.70146061737145,-141.70146061737145
2021-06-06 14:00:00,1438A,LYS,42.0,184.13959389900532,-142.13959389900532
2021-06-06 15:00:00,1438A,LYS,36.0,184.08454025418035,-148.08454025418035
2021-06-06 16:00:00,1438A,LYS,46.0,183.65041091411146,-137.65041091411146
2021-06-06 17:00:00,1438A,LYS,40.0,183.58877390887332,-143.58877390887332
2021-06-06 18:00:00,1438A,LYS,41.0,184.50553078629184,-143.50553078629184
2021-06-06 19:00:00,1438A,LYS,49.0,185.97935193426252,-136.97935193426252
2021-06-06 20:00:00,1438A,LYS,48.0,186.17451066341118,-138.17451066341118
2021-06-06 21:00:00,1438A,LYS,50.0,186.03259682081665,-136.03259682081665
2021-06-06 22:00:00,1438A,LYS,54.0,186.68641869395356,-132.68641869395356
2021-06-06 23:00:00,1438A,LYS,48.0,186.8645877226418,-138.8645877226418
2021-06-07 00:00:00,1438A,LYS,38.0,186.09968725087265,-148.09968725087265
2021-06-07 01:00:00,1438A,LYS,29.0,186.0660146133093,-157.0660146133093
2021-06-07 02:00:00,1438A,LYS,21.0,186.10230249595463,-165.10230249595463
2021-06-07 03:00:00,1438A,LYS,15.0,184.17453649705365,-169.17453649705365
2021-06-07 04:00:00,1438A,LYS,12.0,183.78149231421713,-171.78149231421713
2021-06-07 05:00:00,1438A,LYS,12.0,182.78002465659347,-170.78002465659347
2021-06-07 06:00:00,1438A,LYS,12.0,182.76200022797076,-170.76200022797076
2021-06-07 07:00:00,1438A,LYS,12.0,182.20565400409666,-170.20565400409666
2021-06-07 08:00:00,1438A,LYS,11.0,181.45842214472006,-170.45842214472006
2021-06-07 09:00:00,1438A,LYS,10.0,180.56967585028596,-170.56967585028596
2021-06-07 10:00:00,1438A,LYS,10.0,180.09722960889988,-170.09722960889988
2021-06-07 11:00:00,1438A,LYS,10.0,182.14864536230462,-172.14864536230462
2021-06-07 12:00:00,1438A,LYS,12.0,184.12657179716476,-172.12657179716476
2021-06-07 13:00:00,1438A,LYS,12.0,184.32144824324783,-172.32144824324783
2021-06-07 14:00:00,1438A,LYS,10.0,184.7595815248817,-174.7595815248817
2021-06-07 15:00:00,1438A,LYS,10.0,184.70452788005673,-174.70452788005673
2021-06-07 16:00:00,1438A,LYS,17.0,184.27039853998784,-167.27039853998784
2021-06-07 17:00:00,1438A,LYS,12.0,184.2087615347497,-172.2087615347497
2021-06-07 18:00:00,1438A,LYS,11.0,185.12551841216822,-174.12551841216822
2021-06-07 19:00:00,1438A,LYS,13.0,186.5993395601389,-173.5993395601389
2021-06-07 20:00:00,1438A,LYS,12.0,186.79449828928756,-174.79449828928756
2021-06-07 21:00:00,1438A,LYS,13.0,186.65258444669303,-173.65258444669303
2021-06-07 22:00:00,1438A,LYS,12.0,187.30640631982993,-175.30640631982993
2021-06-07 23:00:00,1438A,LYS,11.0,187.48457534851818,-176.48457534851818
2021-06-08 00:00:00,1438A,LYS,11.0,186.71967487674902,-175.71967487674902
2021-06-08 01:00:00,1438A,LYS,11.0,186.68600223918568,-175.68600223918568
2021-06-08 02:00:00,1438A,LYS,10.0,186.722290121831,-176.722290121831
2021-06-08 03:00:00,1438A,LYS,10.0,184.79452412293003,-174.79452412293003
2021-06-08 04:00:00,1438A,LYS,11.0,184.4014799400935,-173.4014799400935
2021-06-08 05:00:00,1438A,LYS,11.0,183.40001228246985,-172.40001228246985
2021-06-08 06:00:00,1438A,LYS,10.0,183.38198785384714,-173.38198785384714
2021-06-08 07:00:00,1438A,LYS,10.0,182.82564162997303,-172.82564162997303
2021-06-08 08:00:00,1438A,LYS,10.0,182.07840977059644,-172.07840977059644
2021-06-08 09:00:00,1438A,LYS,10.0,181.18966347616234,-171.18966347616234
2021-06-08 10:00:00,1438A,LYS,9.0,180.71721723477626,-171.71721723477626
2021-06-08 11:00:00,1438A,LYS,10.0,182.768632988181,-172.768632988181
2021-06-08 12:00:00,1438A,LYS,13.0,184.74655942304113,-171.74655942304113
2021-06-08 13:00:00,1438A,LYS,22.0,184.9414358691242,-162.9414358691242
2021-06-08 14:00:00,1438A,LYS,27.0,185.37956915075807,-158.37956915075807
2021-06-08 15:00:00,1438A,LYS,26.0,185.3245155059331,-159.3245155059331
2021-06-08 16:00:00,1438A,LYS,22.0,184.89038616586421,-162.89038616586421
2021-06-08 17:00:00,1438A,LYS,,184.82874916062607,
2021-06-08 18:00:00,1438A,LYS,18.0,185.7455060380446,-167.7455060380446
2021-06-08 19:00:00,1438A,LYS,24.0,187.21932718601528,-163.21932718601528
2021-06-08 20:00:00,1438A,LYS,20.0,187.41448591516394,-167.41448591516394
2021-06-08 21:00:00,1438A,LYS,20.0,187.2725720725694,-167.2725720725694
2021-06-08 22:00:00,1438A,LYS,20.0,187.9263939457063,-167.9263939457063
2021-06-08 23:00:00,1438A,LYS,21.0,188.10456297439455,-167.10456297439455
2021-06-09 00:00:00,1438A,LYS,16.0,187.3396625026254,-171.3396625026254
2021-06-09 01:00:00,1438A,LYS,13.0,187.30598986506206,-174.30598986506206
2021-06-09 02:00:00,1438A,LYS,14.0,187.34227774770739,-173.34227774770739
2021-06-09 03:00:00,1438A,LYS,16.0,185.4145117488064,-169.4145117488064
2021-06-09 04:00:00,1438A,LYS,15.0,185.02146756596989,-170.02146756596989
2021-06-09 05:00:00,1438A,LYS,18.0,184.01999990834622,-166.01999990834622
2021-06-09 06:00:00,1438A,LYS,39.0,184.0019754797235,-145.0019754797235
2021-06-09 07:00:00,1438A,LYS,38.0,183.4456292558494,-145.4456292558494
2021-06-09 08:00:00,1438A,LYS,48.0,182.6983973964728,-134.6983973964728
2021-06-09 09:00:00,1438A,LYS,28.0,181.8096511020387,-153.8096511020387
2021-06-09 10:00:00,1438A,LYS,33.0,181.33720486065263,-148.33720486065263
2021-06-09 11:00:00,1438A,LYS,31.0,183.38862061405737,-152.38862061405737
2021-06-09 12:00:00,1438A,LYS,37.0,185.3665470489175,-148.3665470489175
2021-06-09 13:00:00,1438A,LYS,42.0,185.56142349500058,-143.56142349500058
2021-06-09 14:00:00,1438A,LYS,40.0,185.99955677663445,-145.99955677663445
2021-06-09 15:00:00,1438A,LYS,42.0,185.94450313180948,-143.94450313180948
2021-06-09 16:00:00,1438A,LYS,46.0,185.5103737917406,-139.5103737917406
2021-06-09 17:00:00,1438A,LYS,47.0,185.44873678650245,-138.44873678650245
2021-06-09 18:00:00,1438A,LYS,51.0,186.36549366392097,-135.36549366392097
2021-06-09 19:00:00,1438A,LYS,,187.83931481189165,
2021-06-09 20:00:00,1438A,LYS,46.0,188.0344735410403,-142.0344735410403
2021-06-09 21:00:00,1438A,LYS,35.0,187.89255969844578,-152.89255969844578
2021-06-09 22:00:00,1438A,LYS,28.0,188.54638157158269,-160.54638157158269
2021-06-09 23:00:00,1438A,LYS,21.0,188.72455060027093,-167.72455060027093
2021-06-10 00:00:00,1438A,LYS,32.0,187.95965012850178,-155.95965012850178
2021-06-10 01:00:00,1438A,LYS,27.0,187.92597749093844,-160.92597749093844
2021-06-10 02:00:00,1438A,LYS,24.0,187.96226537358376,-163.96226537358376
2021-06-10 03:00:00,1438A,LYS,17.0,186.03449937468278,-169.03449937468278
2021-06-10 04:00:00,1438A,LYS,24.0,185.64145519184626,-161.64145519184626
2021-06-10 05:00:00,1438A,LYS,17.0,184.6399875342226,-167.6399875342226
2021-06-10 06:00:00,1438A,LYS,14.0,184.6219631055999,-170.6219631055999
2021-06-10 07:00:00,1438A,LYS,12.0,184.0656168817258,-172.0656168817258
2021-06-10 08:00:00,1438A,LYS,13.0,183.3183850223492,-170.3183850223492
2021-06-10 09:00:00,1438A,LYS,17.0,182.4296387279151,-165.4296387279151
2021-06-10 10:00:00,1438A,LYS,17.0,181.957192486529,-164.957192486529
2021-06-10 11:00:00,1438A,LYS,13.0,184.00860823993375,-171.00860823993375
2021-06-10 12:00:00,1438A,LYS,18.0,185.9865346747939,-167.9865346747939
2021-06-10 13:00:00,1438A,LYS,25.0,186.18141112087696,-161.18141112087696
2021-06-10 14:00:00,1438A,LYS,28.0,186.61954440251083,-158.61954440251083
2021-06-10 15:00:00,1438A,LYS,29.0,186.56449075768586,-157.56449075768586
2021-06-10 16:00:00,1438A,LYS,35.0,186.13036141761697,-151.13036141761697
2021-06-10 17:00:00,1438A,LYS,34.0,186.06872441237883,-152.06872441237883
2021-06-10 18:00:00,1438A,LYS,42.0,186.98548128979735,-144.98548128979735
2021-06-10 19:00:00,1438A,LYS,55.0,188.45930243776803,-133.45930243776803
2021-06-10 20:00:00,1438A,LYS,56.0,188.6544611669167,-132.6544611669167
2021-06-10 21:00:00,1438A,LYS,54.0,188.51254732432216,-134.51254732432216
2021-06-10 22:00:00,1438A,LYS,51.0,189.16636919745906,-138.16636919745906
2021-06-10 23:00:00,1438A,LYS,56.0,189.3445382261473,-133.3445382261473
2021-06-11 00:00:00,1438A,LYS,59.0,188.57963775437815,-129.57963775437815
2021-06-11 01:00:00,1438A,LYS,53.0,188.5459651168148,-135.5459651168148
2021-06-11 02:00:00,1438A,LYS,31.0,188.58225299946014,-157.58225299946014
2021-06-11 03:00:00,1438A,LYS,20.0,186.65448700055916,-166.65448700055916
2021-06-11 04:00:00,1438A,LYS,28.0,186.26144281772264,-158.26144281772264
2021-06-11 05:00:00,1438A,LYS,32.0,185.25997516009897,-153.25997516009897
2021-06-11 06:00:00,1438A,LYS,38.0,185.24195073147627,-147.24195073147627
2021-06-11 07:00:00,1438A,LYS,35.0,184.68560450760216,-149.68560450760216
2021-06-11 08:00:00,1438A,LYS,31.0,183.93837264822557,-152.93837264822557
2021-06-11 09:00:00,1438A,LYS,25.0,183.04962635379147,-158.04962635379147
2021-06-11 10:00:00,1438A,LYS,30.0,182.5771801124054,-152.5771801124054
2021-06-11 11:00:00,1438A,LYS,41.0,184.62859586581013,-143.62859586581013
2021-06-11 12:00:00,1438A,LYS,40.0,186.60652230067026,-146.60652230067026
2021-06-11 13:00:00,1438A,LYS,36.0,186.80139874675334,-150.80139874675334
2021-06-11 14:00:00,1438A,LYS,31.0,187.2395320283872,-156.2395320283872
2021-06-11 15:00:00,1438A,LYS,26.0,187.18447838356224,-161.18447838356224
2021-06-11 16:00:00,1438A,LYS,31.0,186.75034904349334,-155.75034904349334
2021-06-11 17:00:00,1438A,LYS,50.0,186.6887120382552,-136.6887120382552
2021-06-11 18:00:00,1438A,LYS,40.0,187.60546891567373,-147.60546891567373
2021-06-11 19:00:00,1438A,LYS,42.0,189.0792900636444,-147.0792900636444
2021-06-11 20:00:00,1438A,LYS,41.0,189.27444879279307,-148.27444879279307
2021-06-11 21:00:00,1438A,LYS,46.0,189.13253495019853,-143.13253495019853
2021-06-11 22:00:00,1438A,LYS,49.0,189.78635682333544,-140.78635682333544
2021-06-11 23:00:00,1438A,LYS,44.0,189.96452585202368,-145.96452585202368
2021-06-12 00:00:00,1438A,LYS,43.0,189.19962538025453,-146.19962538025453
2021-06-12 01:00:00,1438A,LYS,38.0,189.1659527426912,-151.1659527426912
2021-06-12 02:00:00,1438A,LYS,29.0,189.20224062533651,-160.20224062533651
2021-06-12 03:00:00,1438A,LYS,30.0,187.27447462643553,-157.27447462643553
2021-06-12 04:00:00,1438A,LYS,33.0,186.88143044359902,-153.88143044359902
2021-06-12 05:00:00,1438A,LYS,33.0,185.87996278597535,-152.87996278597535
2021-06-12 06:00:00,1438A,LYS,27.0,185.86193835735264,-158.86193835735264
2021-06-12 07:00:00,1438A,LYS,34.0,185.30559213347854,-151.30559213347854
2021-06-12 08:00:00,1438A,LYS,32.0,184.55836027410194,-152.55836027410194
2021-06-12 09:00:00,1438A,LYS,28.0,183.66961397966784,-155.66961397966784
2021-06-12 10:00:00,1438A,LYS,24.0,183.19716773828176,-159.19716773828176
2021-06-12 11:00:00,1438A,LYS,36.0,185.2485834916865,-149.2485834916865
2021-06-12 12:00:00,1438A,LYS,49.0,187.22650992654664,-138.22650992654664
2021-06-12 13:00:00,1438A,LYS,55.0,187.4213863726297,-132.4213863726297
2021-06-12 14:00:00,1438A,LYS,53.0,187.85951965426358,-134.85951965426358
2021-06-12 15:00:00,1438A,LYS,58.0,187.8044660094386,-129.8044660094386
2021-06-12 16:00:00,1438A,LYS,56.0,187.37033666936972,-131.37033666936972
2021-06-12 17:00:00,1438A,LYS,59.0,187.30869966413158,-128.30869966413158
2021-06-12 18:00:00,1438A,LYS,66.0,188.2254565415501,-122.2254565415501
2021-06-12 19:00:00,1438A,LYS,71.0,189.69927768952078,-118.69927768952078
2021-06-12 20:00:00,1438A,LYS,72.0,189.89443641866944,-117.89443641866944
2021-06-12 21:00:00,1438A,LYS,79.0,189.7525225760749,-110.75252257607491
2021-06-12 22:00:00,1438A,LYS,82.0,190.40634444921182,-108.40634444921182
2021-06-12 23:00:00,1438A,LYS,82.0,190.58451347790006,-108.58451347790006
2021-06-13 00:00:00,1438A,LYS,80.0,189.8196130061309,-109.81961300613091
2021-06-13 01:00:00,1438A,LYS,69.0,189.78594036856757,-120.78594036856757
2021-06-13 02:00:00,1438A,LYS,62.0,189.8222282512129,-127.82222825121289
2021-06-13 03:00:00,1438A,LYS,46.0,187.8944622523119,-141.8944622523119
2021-06-13 04:00:00,1438A,LYS,59.0,187.5014180694754,-128.5014180694754
2021-06-13 05:00:00,1438A,LYS,63.0,186.49995041185173,-123.49995041185173
2021-06-13 06:00:00,1438A,LYS,60.0,186.48192598322902,-126.48192598322902
2021-06-13 07:00:00,1438A,LYS,50.0,185.92557975935492,-135.92557975935492
2021-06-13 08:00:00,1438A,LYS,48.0,185.17834789997832,-137.17834789997832
2021-06-13 09:00:00,1438A,LYS,56.0,184.28960160554422,-128.28960160554422
2021-06-13 10:00:00,1438A,LYS,51.0,183.81715536415814,-132.81715536415814
2021-06-13 11:00:00,1438A,LYS,,185.86857111756288,
2021-06-13 12:00:00,1438A,LYS,,187.84649755242302,
2021-06-13 13:00:00,1438A,LYS,,188.0413739985061,
2021-06-13 14:00:00,1438A,LYS,41.0,188.47950728013996,-147.47950728013996
2021-06-13 15:00:00,1438A,LYS,38.0,188.424453635315,-150.424453635315
2021-06-13 16:00:00,1438A,LYS,39.0,187.9903242952461,-148.9903242952461
2021-06-13 17:00:00,1438A,LYS,39.0,187.92868729000796,-148.92868729000796
2021-06-13 18:00:00,1438A,LYS,38.0,188.84544416742648,-150.84544416742648
2021-06-13 19:00:00,1438A,LYS,34.0,190.31926531539716,-156.31926531539716
2021-06-13 20:00:00,1438A,LYS,32.0,190.51442404454582,-158.51442404454582
2021-06-13 21:00:00,1438A,LYS,24.0,190.3725102019513,-166.3725102019513
2021-06-13 22:00:00,1438A,LYS,23.0,191.0263320750882,-168.0263320750882
2021-06-13 23:00:00,1438A,LYS,23.0,191.20450110377644,-168.20450110377644
2021-06-14 00:00:00,1438A,LYS,22.0,190.43960063200728,-168.43960063200728
2021-06-14 01:00:00,1438A,LYS,22.0,190.40592799444394,-168.40592799444394
2021-06-14 02:00:00,1438A,LYS,35.0,190.44221587708927,-155.44221587708927
2021-06-14 03:00:00,1438A,LYS,35.0,188.5144498781883,-153.5144498781883
2021-06-14 04:00:00,1438A,LYS,35.0,188.12140569535177,-153.12140569535177
2021-06-14 05:00:00,1438A,LYS,34.0,187.1199380377281,-153.1199380377281
2021-06-14 06:00:00,1438A,LYS,34.0,187.1019136091054,-153.1019136091054
2021-06-14 07:00:00,1438A,LYS,31.0,186.5455673852313,-155.5455673852313
2021-06-14 08:00:00,1438A,LYS,34.0,185.7983355258547,-151.7983355258547
2021-06-14 09:00:00,1438A,LYS,33.0,184.9095892314206,-151.9095892314206
2021-06-14 10:00:00,1438A,LYS,26.0,184.43714299003452,-158.43714299003452
2021-06-14 11:00:00,1438A,LYS,27.0,186.48855874343926,-159.48855874343926
2021-06-14 12:00:00,1438A,LYS,31.0,188.4664851782994,-157.4664851782994
2021-06-14 13:00:00,1438A,LYS,31.0,188.66136162438247,-157.66136162438247
2021-06-14 14:00:00,1438A,LYS,34.0,189.09949490601633,-155.09949490601633
2021-06-14 15:00:00,1438A,LYS,28.0,189.04444126119137,-161.04444126119137
2021-06-14 16:00:00,1438A,LYS,41.0,188.61031192112247,-147.61031192112247
2021-06-14 17:00:00,1438A,LYS,34.0,188.54867491588433,-154.54867491588433
2021-06-14 18:00:00,1438A,LYS,36.0,189.46543179330286,-153.46543179330286
2021-06-14 19:00:00,1438A,LYS,31.0,190.93925294127354,-159.93925294127354
2021-06-14 20:00:00,1438A,LYS,22.0,191.1344116704222,-169.1344116704222
2021-06-14 21:00:00,1438A,LYS,14.0,190.99249782782766,-176.99249782782766
2021-06-14 22:00:00,1438A,LYS,7.0,191.64631970096457,-184.64631970096457
2021-06-14 23:00:00,1438A,LYS,6.0,191.8244887296528,-185.8244887296528
2021-06-15 00:00:00,1438A,LYS,3.0,191.05958825788366,-188.05958825788366
2021-06-15 01:00:00,1438A,LYS,2.0,191.02591562032032,-189.02591562032032
2021-06-15 02:00:00,1438A,LYS,2.0,191.06220350296564,-189.06220350296564
2021-06-15 03:00:00,1438A,LYS,3.0,189.13443750406466,-186.13443750406466
2021-06-15 04:00:00,1438A,LYS,2.0,188.74139332122814,-186.74139332122814
2021-06-15 05:00:00,1438A,LYS,2.0,187.73992566360448,-185.73992566360448
2021-06-15 06:00:00,1438A,LYS,3.0,187.72190123498177,-184.72190123498177
2021-06-15 07:00:00,1438A,LYS,6.0,187.16555501110767,-181.16555501110767
2021-06-15 08:00:00,1438A,LYS,4.0,186.41832315173107,-182.41832315173107
2021-06-15 09:00:00,1438A,LYS,3.0,185.52957685729697,-182.52957685729697
2021-06-15 10:00:00,1438A,LYS,3.0,185.0571306159109,-182.0571306159109
2021-06-15 11:00:00,1438A,LYS,3.0,187.10854636931563,-184.10854636931563
2021-06-15 12:00:00,1438A,LYS,5.0,189.08647280417577,-184.08647280417577
2021-06-15 13:00:00,1438A,LYS,10.0,189.28134925025884,-179.28134925025884
2021-06-15 14:00:00,1438A,LYS,10.0,189.7194825318927,-179.7194825318927
2021-06-15 15:00:00,1438A,LYS,24.0,189.66442888706774,-165.66442888706774
2021-06-15 16:00:00,1438A,LYS,22.0,189.23029954699885,-167.23029954699885
2021-06-15 17:00:00,1438A,LYS,20.0,189.1686625417607,-169.1686625417607
2021-06-15 18:00:00,1438A,LYS,18.0,190.08541941917923,-172.08541941917923
2021-06-15 19:00:00,1438A,LYS,17.0,191.5592405671499,-174.5592405671499
2021-06-15 20:00:00,1438A,LYS,19.0,191.75439929629857,-172.75439929629857
2021-06-15 21:00:00,1438A,LYS,19.0,191.61248545370404,-172.61248545370404
2021-06-15 22:00:00,1438A,LYS,22.0,192.26630732684094,-170.26630732684094
2021-06-15 23:00:00,1438A,LYS,26.0,192.4444763555292,-166.4444763555292
2021-06-16 00:00:00,1438A,LYS,24.0,191.67957588376004,-167.67957588376004
2021-06-16 01:00:00,1438A,LYS,26.0,191.6459032461967,-165.6459032461967
2021-06-16 02:00:00,1438A,LYS,28.0,191.68219112884202,-163.68219112884202
2021-06-16 03:00:00,1438A,LYS,26.0,189.75442512994104,-163.75442512994104
2021-06-16 04:00:00,1438A,LYS,24.0,189.36138094710452,-165.36138094710452
2021-06-16 05:00:00,1438A,LYS,26.0,188.35991328948086,-162.35991328948086
2021-06-16 06:00:00,1438A,LYS,21.0,188.34188886085815,-167.34188886085815
2021-06-16 07:00:00,1438A,LYS,18.0,187.78554263698405,-169.78554263698405
2021-06-16 08:00:00,1438A,LYS,16.0,187.03831077760745,-171.03831077760745
2021-06-16 09:00:00,1438A,LYS,16.0,186.14956448317335,-170.14956448317335
2021-06-16 10:00:00,1438A,LYS,17.0,185.67711824178727,-168.67711824178727
2021-06-16 11:00:00,1438A,LYS,,187.728533995192,
2021-06-16 12:00:00,1438A,LYS,,189.70646043005215,
2021-06-16 13:00:00,1438A,LYS,,189.90133687613522,
2021-06-16 14:00:00,1438A,LYS,,190.33947015776909,
2021-06-16 15:00:00,1438A,LYS,,190.28441651294412,
2021-06-16 16:00:00,1438A,LYS,,189.85028717287523,
2021-06-16 17:00:00,1438A,LYS,,189.7886501676371,
2021-06-16 18:00:00,1438A,LYS,,190.7054070450556,
2021-06-16 19:00:00,1438A,LYS,,192.1792281930263,
2021-06-16 20:00:00,1438A,LYS,,192.37438692217495,
2021-06-16 21:00:00,1438A,LYS,,192.23247307958042,
2021-06-16 22:00:00,1438A,LYS,,192.88629495271732,
2021-06-16 23:00:00,1438A,LYS,,193.06446398140557,
2021-06-17 00:00:00,1438A,LYS,,192.2995635096364,
2021-06-17 01:00:00,1438A,LYS,,192.26589087207307,
2021-06-17 02:00:00,1438A,LYS,,192.3021787547184,
2021-06-17 03:00:00,1438A,LYS,,190.37441275581742,
2021-06-17 04:00:00,1438A,LYS,,189.9813685729809,
2021-06-17 05:00:00,1438A,LYS,,188.97990091535723,
2021-06-17 06:00:00,1438A,LYS,,188.96187648673452,
2021-06-17 07:00:00,1438A,LYS,,188.40553026286042,
2021-06-17 08:00:00,1438A,LYS,,187.65829840348383,
2021-06-17 09:00:00,1438A,LYS,,186.76955210904973,
2021-06-17 10:00:00,1438A,LYS,,186.29710586766365,
2021-06-17 11:00:00,1438A,LYS,,188.3485216210684,
2021-06-17 12:00:00,1438A,LYS,,190.32644805592852,
2021-06-17 13:00:00,1438A,LYS,,190.5213245020116,
2021-06-17 14:00:00,1438A,LYS,,190.95945778364546,
2021-06-17 15:00:00,1438A,LYS,,190.9044041388205,
2021-06-17 16:00:00,1438A,LYS,,190.4702747987516,
2021-06-17 17:00:00,1438A,LYS,,190.40863779351346,
2021-06-17 18:00:00,1438A,LYS,,191.32539467093198,
2021-06-17 19:00:00,1438A,LYS,,192.79921581890267,
2021-06-17 20:00:00,1438A,LYS,,192.99437454805133,
2021-06-17 21:00:00,1438A,LYS,,192.8524607054568,
2021-06-17 22:00:00,1438A,LYS,,193.5062825785937,
2021-06-17 23:00:00,1438A,LYS,,193.68445160728194,
2021-06-18 00:00:00,1438A,LYS,,192.9195511355128,
2021-06-18 01:00:00,1438A,LYS,,192.88587849794945,
2021-06-18 02:00:00,1438A,LYS,,192.92216638059477,
2021-06-18 03:00:00,1438A,LYS,,190.9944003816938,
2021-06-18 04:00:00,1438A,LYS,,190.60135619885727,
2021-06-18 05:00:00,1438A,LYS,,189.5998885412336,
2021-06-18 06:00:00,1438A,LYS,,189.5818641126109,
2021-06-18 07:00:00,1438A,LYS,,189.0255178887368,
2021-06-18 08:00:00,1438A,LYS,,188.2782860293602,
2021-06-18 09:00:00,1438A,LYS,,187.3895397349261,
2021-06-18 10:00:00,1438A,LYS,,186.91709349354002,
2021-06-18 11:00:00,1438A,LYS,,188.96850924694476,
2021-06-18 12:00:00,1438A,LYS,,190.9464356818049,
2021-06-18 13:00:00,1438A,LYS,,191.14131212788797,
2021-06-18 14:00:00,1438A,LYS,,191.57944540952184,
2021-06-18 15:00:00,1438A,LYS,,191.52439176469687,
2021-06-18 16:00:00,1438A,LYS,,191.09026242462798,
2021-06-18 17:00:00,1438A,LYS,,191.02862541938984,
2021-06-18 18:00:00,1438A,LYS,,191.94538229680836,
2021-06-18 19:00:00,1438A,LYS,,193.41920344477904,
2021-06-18 20:00:00,1438A,LYS,9.0,193.6143621739277,-184.6143621739277
2021-06-18 21:00:00,1438A,LYS,15.0,193.47244833133317,-178.47244833133317
2021-06-18 22:00:00,1438A,LYS,12.0,194.12627020447007,-182.12627020447007
2021-06-18 23:00:00,1438A,LYS,7.0,194.30443923315832,-187.30443923315832
2021-06-19 00:00:00,1438A,LYS,6.0,193.53953876138917,-187.53953876138917
2021-06-19 01:00:00,1438A,LYS,5.0,193.50586612382583,-188.50586612382583
2021-06-19 02:00:00,1438A,LYS,6.0,193.54215400647115,-187.54215400647115
2021-06-19 03:00:00,1438A,LYS,5.0,191.61438800757017,-186.61438800757017
2021-06-19 04:00:00,1438A,LYS,4.0,191.22134382473365,-187.22134382473365
2021-06-19 05:00:00,1438A,LYS,5.0,190.21987616711,-185.21987616711
2021-06-19 06:00:00,1438A,LYS,5.0,190.20185173848728,-185.20185173848728
2021-06-19 07:00:00,1438A,LYS,5.0,189.64550551461318,-184.64550551461318
2021-06-19 08:00:00,1438A,LYS,6.0,188.89827365523658,-182.89827365523658
2021-06-19 09:00:00,1438A,LYS,7.0,188.00952736080248,-181.00952736080248
2021-06-19 10:00:00,1438A,LYS,9.0,187.5370811194164,-178.5370811194164
2021-06-19 11:00:00,1438A,LYS,13.0,189.58849687282114,-176.58849687282114
2021-06-19 12:00:00,1438A,LYS,19.0,191.56642330768128,-172.56642330768128
2021-06-19 13:00:00,1438A,LYS,4.0,191.76129975376435,-187.76129975376435
2021-06-19 14:00:00,1438A,LYS,3.0,192.19943303539821,-189.19943303539821
2021-06-19 15:00:00,1438A,LYS,15.0,192.14437939057325,-177.14437939057325
2021-06-19 16:00:00,1438A,LYS,30.0,191.71025005050436,-161.71025005050436
2021-06-19 17:00:00,1438A,LYS,22.0,191.64861304526622,-169.64861304526622
2021-06-19 18:00:00,1438A,LYS,25.0,192.56536992268474,-167.56536992268474
2021-06-19 19:00:00,1438A,LYS,18.0,194.03919107065542,-176.03919107065542
2021-06-19 20:00:00,1438A,LYS,15.0,194.23434979980408,-179.23434979980408
2021-06-19 21:00:00,1438A,LYS,19.0,194.09243595720955,-175.09243595720955
2021-06-19 22:00:00,1438A,LYS,23.0,194.74625783034645,-171.74625783034645
2021-06-19 23:00:00,1438A,LYS,22.0,194.9244268590347,-172.9244268590347
2021-06-20 00:00:00,1438A,LYS,14.0,194.15952638726554,-180.15952638726554
2021-06-20 01:00:00,1438A,LYS,11.0,194.1258537497022,-183.1258537497022
2021-06-20 02:00:00,1438A,LYS,9.0,194.16214163234753,-185.16214163234753
2021-06-20 03:00:00,1438A,LYS,8.0,192.23437563344655,-184.23437563344655
2021-06-20 04:00:00,1438A,LYS,9.0,191.84133145061003,-182.84133145061003
2021-06-20 05:00:00,1438A,LYS,11.0,190.83986379298636,-179.83986379298636
2021-06-20 06:00:00,1438A,LYS,10.0,190.82183936436365,-180.82183936436365
2021-06-20 07:00:00,1438A,LYS,11.0,190.26549314048955,-179.26549314048955
2021-06-20 08:00:00,1438A,LYS,10.0,189.51826128111296,-179.51826128111296
2021-06-20 09:00:00,1438A,LYS,11.0,188.62951498667886,-177.62951498667886
2021-06-20 10:00:00,1438A,LYS,15.0,188.15706874529278,-173.15706874529278
2021-06-20 11:00:00,1438A,LYS,28.0,190.20848449869752,-162.20848449869752
2021-06-20 12:00:00,1438A,LYS,43.0,192.18641093355765,-149.18641093355765
2021-06-20 13:00:00,1438A,LYS,52.0,192.38128737964072,-140.38128737964072
2021-06-20 14:00:00,1438A,LYS,55.0,192.8194206612746,-137.8194206612746
2021-06-20 15:00:00,1438A,LYS,48.0,192.76436701644963,-144.76436701644963
2021-06-20 16:00:00,1438A,LYS,23.0,192.33023767638073,-169.33023767638073
2021-06-20 17:00:00,1438A,LYS,14.0,192.2686006711426,-178.2686006711426
2021-06-20 18:00:00,1438A,LYS,13.0,193.18535754856111,-180.18535754856111
2021-06-20 19:00:00,1438A,LYS,15.0,194.6591786965318,-179.6591786965318
2021-06-20 20:00:00,1438A,LYS,,194.85433742568046,
2021-06-20 21:00:00,1438A,LYS,14.0,194.71242358308592,-180.71242358308592
2021-06-20 22:00:00,1438A,LYS,14.0,195.36624545622283,-181.36624545622283
2021-06-20 23:00:00,1438A,LYS,13.0,195.54441448491107,-182.54441448491107
2021-06-21 00:00:00,1438A,LYS,13.0,194.77951401314192,-181.77951401314192
2021-06-21 01:00:00,1438A,LYS,11.0,194.74584137557858,-183.74584137557858
2021-06-21 02:00:00,1438A,LYS,11.0,194.7821292582239,-183.7821292582239
2021-06-21 03:00:00,1438A,LYS,10.0,192.85436325932292,-182.85436325932292
2021-06-21 04:00:00,1438A,LYS,10.0,192.4613190764864,-182.4613190764864
2021-06-21 05:00:00,1438A,LYS,12.0,191.45985141886274,-179.45985141886274
2021-06-21 06:00:00,1438A,LYS,12.0,191.44182699024003,-179.44182699024003
2021-06-21 07:00:00,1438A,LYS,10.0,190.88548076636593,-180.88548076636593
2021-06-21 08:00:00,1438A,LYS,11.0,190.13824890698933,-179.13824890698933
2021-06-21 09:00:00,1438A,LYS,10.0,189.24950261255523,-179.24950261255523
2021-06-21 10:00:00,1438A,LYS,10.0,188.77705637116915,-178.77705637116915
2021-06-21 11:00:00,1438A,LYS,10.0,190.8284721245739,-180.8284721245739
2021-06-21 12:00:00,1438A,LYS,14.0,192.80639855943403,-178.80639855943403
2021-06-21 13:00:00,1438A,LYS,21.0,193.0012750055171,-172.0012750055171
2021-06-21 14:00:00,1438A,LYS,16.0,193.43940828715097,-177.43940828715097
2021-06-21 15:00:00,1438A,LYS,16.0,193.384354642326,-177.384354642326
2021-06-21 16:00:00,1438A,LYS,14.0,192.9502253022571,-178.9502253022571
2021-06-21 17:00:00,1438A,LYS,11.0,192.88858829701897,-181.88858829701897
2021-06-21 18:00:00,1438A,LYS,9.0,193.8053451744375,-184.8053451744375
2021-06-21 19:00:00,1438A,LYS,9.0,195.27916632240817,-186.27916632240817
2021-06-21 20:00:00,1438A,LYS,10.0,195.47432505155683,-185.47432505155683
2021-06-21 21:00:00,1438A,LYS,14.0,195.3324112089623,-181.3324112089623
2021-06-21 22:00:00,1438A,LYS,12.0,195.9862330820992,-183.9862330820992
2021-06-21 23:00:00,1438A,LYS,11.0,196.16440211078745,-185.16440211078745
2021-06-22 00:00:00,1438A,LYS,10.0,195.3995016390183,-185.3995016390183
2021-06-22 01:00:00,1438A,LYS,10.0,195.36582900145496,-185.36582900145496
2021-06-22 02:00:00,1438A,LYS,9.0,195.40211688410028,-186.40211688410028
2021-06-22 03:00:00,1438A,LYS,10.0,193.4743508851993,-183.4743508851993
2021-06-22 04:00:00,1438A,LYS,10.0,193.08130670236278,-183.08130670236278
2021-06-22 05:00:00,1438A,LYS,8.0,192.07983904473912,-184.07983904473912
2021-06-22 06:00:00,1438A,LYS,9.0,192.0618146161164,-183.0618146161164
2021-06-22 07:00:00,1438A,LYS,8.0,191.5054683922423,-183.5054683922423
2021-06-22 08:00:00,1438A,LYS,9.0,190.7582365328657,-181.7582365328657
2021-06-22 09:00:00,1438A,LYS,9.0,189.8694902384316,-180.8694902384316
2021-06-22 10:00:00,1438A,LYS,9.0,189.39704399704553,-180.39704399704553
2021-06-22 11:00:00,1438A,LYS,13.0,191.44845975045027,-178.44845975045027
2021-06-22 12:00:00,1438A,LYS,20.0,193.4263861853104,-173.4263861853104
2021-06-22 13:00:00,1438A,LYS,27.0,193.62126263139348,-166.62126263139348
2021-06-22 14:00:00,1438A,LYS,32.0,194.05939591302734,-162.05939591302734
2021-06-22 15:00:00,1438A,LYS,23.0,194.00434226820238,-171.00434226820238
2021-06-22 16:00:00,1438A,LYS,14.0,193.5702129281335,-179.5702129281335
2021-06-22 17:00:00,1438A,LYS,17.0,193.50857592289535,-176.50857592289535
2021-06-22 18:00:00,1438A,LYS,17.0,194.42533280031387,-177.42533280031387
2021-06-22 19:00:00,1438A,LYS,18.0,195.89915394828455,-177.89915394828455
2021-06-22 20:00:00,1438A,LYS,17.0,196.0943126774332,-179.0943126774332
2021-06-22 21:00:00,1438A,LYS,14.0,195.95239883483868,-181.95239883483868
2021-06-22 22:00:00,1438A,LYS,14.0,196.60622070797558,-182.60622070797558
2021-06-22 23:00:00,1438A,LYS,17.0,196.78438973666383,-179.78438973666383
2021-06-23 00:00:00,1438A,LYS,18.0,196.01948926489467,-178.01948926489467
2021-06-23 01:00:00,1438A,LYS,18.0,195.98581662733133,-177.98581662733133
2021-06-23 02:00:00,1438A,LYS,20.0,196.02210450997666,-176.02210450997666
2021-06-23 03:00:00,1438A,LYS,21.0,194.09433851107568,-173.09433851107568
2021-06-23 04:00:00,1438A,LYS,19.0,193.70129432823916,-174.70129432823916
2021-06-23 05:00:00,1438A,LYS,22.0,192.6998266706155,-170.6998266706155
2021-06-23 06:00:00,1438A,LYS,24.0,192.68180224199278,-168.68180224199278
2021-06-23 07:00:00,1438A,LYS,23.0,192.12545601811868,-169.12545601811868
2021-06-23 08:00:00,1438A,LYS,23.0,191.37822415874209,-168.37822415874209
2021-06-23 09:00:00,1438A,LYS,22.0,190.489477864308,-168.489477864308
2021-06-23 10:00:00,1438A,LYS,23.0,190.0170316229219,-167.0170316229219
2021-06-23 11:00:00,1438A,LYS,31.0,192.06844737632665,-161.06844737632665
2021-06-23 12:00:00,1438A,LYS,34.0,194.04637381118678,-160.04637381118678
2021-06-23 13:00:00,1438A,LYS,33.0,194.24125025726985,-161.24125025726985
2021-06-23 14:00:00,1438A,LYS,42.0,194.67938353890372,-152.67938353890372
2021-06-23 15:00:00,1438A,LYS,44.0,194.62432989407876,-150.62432989407876
2021-06-23 16:00:00,1438A,LYS,44.0,194.19020055400986,-150.19020055400986
2021-06-23 17:00:00,1438A,LYS,44.0,194.12856354877172,-150.12856354877172
2021-06-23 18:00:00,1438A,LYS,44.0,195.04532042619024,-151.04532042619024
2021-06-23 19:00:00,1438A,LYS,46.0,196.51914157416093,-150.51914157416093
2021-06-23 20:00:00,1438A,LYS,46.0,196.71430030330959,-150.71430030330959
2021-06-23 21:00:00,1438A,LYS,44.0,196.57238646071505,-152.57238646071505
2021-06-23 22:00:00,1438A,LYS,41.0,197.22620833385196,-156.22620833385196
2021-06-23 23:00:00,1438A,LYS,42.0,197.4043773625402,-155.4043773625402
2021-06-24 00:00:00,1438A,LYS,40.0,196.63947689077105,-156.63947689077105
2021-06-24 01:00:00,1438A,LYS,38.0,196.6058042532077,-158.6058042532077
2021-06-24 02:00:00,1438A,LYS,40.0,196.64209213585303,-156.64209213585303
2021-06-24 03:00:00,1438A,LYS,43.0,194.71432613695205,-151.71432613695205
2021-06-24 04:00:00,1438A,LYS,38.0,194.32128195411553,-156.32128195411553
2021-06-24 05:00:00,1438A,LYS,40.0,193.31981429649187,-153.31981429649187
2021-06-24 06:00:00,1438A,LYS,42.0,193.30178986786916,-151.30178986786916
2021-06-24 07:00:00,1438A,LYS,37.0,192.74544364399506,-155.74544364399506
2021-06-24 08:00:00,1438A,LYS,34.0,191.99821178461846,-157.99821178461846
2021-06-24 09:00:00,1438A,LYS,30.0,191.10946549018436,-161.10946549018436
2021-06-24 10:00:00,1438A,LYS,29.0,190.63701924879828,-161.63701924879828
2021-06-24 11:00:00,1438A,LYS,27.0,192.68843500220302,-165.68843500220302
2021-06-24 12:00:00,1438A,LYS,27.0,194.66636143706316,-167.66636143706316
2021-06-24 13:00:00,1438A,LYS,23.0,194.86123788314623,-171.86123788314623
2021-06-24 14:00:00,1438A,LYS,27.0,195.2993711647801,-168.2993711647801
2021-06-24 15:00:00,1438A,LYS,27.0,195.24431751995513,-168.24431751995513
2021-06-24 16:00:00,1438A,LYS,21.0,194.81018817988624,-173.81018817988624
2021-06-24 17:00:00,1438A,LYS,19.0,194.7485511746481,-175.7485511746481
2021-06-24 18:00:00,1438A,LYS,13.0,195.66530805206662,-182.66530805206662
2021-06-24 19:00:00,1438A,LYS,15.0,197.1391292000373,-182.1391292000373
2021-06-24 20:00:00,1438A,LYS,10.0,197.33428792918596,-187.33428792918596
2021-06-24 21:00:00,1438A,LYS,8.0,197.19237408659143,-189.19237408659143
2021-06-24 22:00:00,1438A,LYS,8.0,197.84619595972833,-189.84619595972833
2021-06-24 23:00:00,1438A,LYS,8.0,198.02436498841658,-190.02436498841658
2021-06-25 00:00:00,1438A,LYS,9.0,197.25946451664743,-188.25946451664743
2021-06-25 01:00:00,1438A,LYS,12.0,197.22579187908408,-185.22579187908408
2021-06-25 02:00:00,1438A,LYS,15.0,197.2620797617294,-182.2620797617294
2021-06-25 03:00:00,1438A,LYS,14.0,195.33431376282843,-181.33431376282843
2021-06-25 04:00:00,1438A,LYS,7.0,194.9412695799919,-187.9412695799919
2021-06-25 05:00:00,1438A,LYS,3.0,193.93980192236825,-190.93980192236825
2021-06-25 06:00:00,1438A,LYS,7.0,193.92177749374554,-186.92177749374554
2021-06-25 07:00:00,1438A,LYS,13.0,193.36543126987144,-180.36543126987144
2021-06-25 08:00:00,1438A,LYS,3.0,192.61819941049484,-189.61819941049484
2021-06-25 09:00:00,1438A,LYS,4.0,191.72945311606074,-187.72945311606074
2021-06-25 10:00:00,1438A,LYS,9.0,191.25700687467466,-182.25700687467466
2021-06-25 11:00:00,1438A,LYS,8.0,193.3084226280794,-185.3084226280794
2021-06-25 12:00:00,1438A,LYS,10.0,195.28634906293954,-185.28634906293954
2021-06-25 13:00:00,1438A,LYS,21.0,195.4812255090226,-174.4812255090226
2021-06-25 14:00:00,1438A,LYS,23.0,195.91935879065647,-172.91935879065647
2021-06-25 15:00:00,1438A,LYS,19.0,195.8643051458315,-176.8643051458315
2021-06-25 16:00:00,1438A,LYS,21.0,195.43017580576262,-174.43017580576262
2021-06-25 17:00:00,1438A,LYS,19.0,195.36853880052448,-176.36853880052448
2021-06-25 18:00:00,1438A,LYS,16.0,196.285295677943,-180.285295677943
2021-06-25 19:00:00,1438A,LYS,16.0,197.75911682591368,-181.75911682591368
2021-06-25 20:00:00,1438A,LYS,15.0,197.95427555506234,-182.95427555506234
2021-06-25 21:00:00,1438A,LYS,9.0,197.8123617124678,-188.8123617124678
2021-06-25 22:00:00,1438A,LYS,9.0,198.4661835856047,-189.4661835856047
2021-06-25 23:00:00,1438A,LYS,10.0,198.64435261429296,-188.64435261429296
2021-06-26 00:00:00,1438A,LYS,7.0,197.8794521425238,-190.8794521425238
2021-06-26 01:00:00,1438A,LYS,11.0,197.84577950496046,-186.84577950496046
2021-06-26 02:00:00,1438A,LYS,10.0,197.8820673876058,-187.8820673876058
2021-06-26 03:00:00,1438A,LYS,13.0,195.9543013887048,-182.9543013887048
2021-06-26 04:00:00,1438A,LYS,8.0,195.5612572058683,-187.5612572058683
2021-06-26 05:00:00,1438A,LYS,10.0,194.55978954824462,-184.55978954824462
2021-06-26 06:00:00,1438A,LYS,11.0,194.5417651196219,-183.5417651196219
2021-06-26 07:00:00,1438A,LYS,16.0,193.9854188957478,-177.9854188957478
2021-06-26 08:00:00,1438A,LYS,17.0,193.23818703637122,-176.23818703637122
2021-06-26 09:00:00,1438A,LYS,14.0,192.34944074193712,-178.34944074193712
2021-06-26 10:00:00,1438A,LYS,18.0,191.87699450055104,-173.87699450055104
2021-06-26 11:00:00,1438A,LYS,28.0,193.92841025395578,-165.92841025395578
2021-06-26 12:00:00,1438A,LYS,38.0,195.9063366888159,-157.9063366888159
2021-06-26 13:00:00,1438A,LYS,35.0,196.10121313489898,-161.10121313489898
2021-06-26 14:00:00,1438A,LYS,40.0,196.53934641653285,-156.53934641653285
2021-06-26 15:00:00,1438A,LYS,41.0,196.48429277170789,-155.48429277170789
2021-06-26 16:00:00,1438A,LYS,42.0,196.050163431639,-154.050163431639
2021-06-26 17:00:00,1438A,LYS,39.0,195.98852642640085,-156.98852642640085
2021-06-26 18:00:00,1438A,LYS,37.0,196.90528330381937,-159.90528330381937
2021-06-26 19:00:00,1438A,LYS,34.0,198.37910445179006,-164.37910445179006
2021-06-26 20:00:00,1438A,LYS,37.0,198.57426318093871,-161.57426318093871
2021-06-26 21:00:00,1438A,LYS,34.0,198.43234933834418,-164.43234933834418
2021-06-26 22:00:00,1438A,LYS,31.0,199.0861712114811,-168.0861712114811
2021-06-26 23:00:00,1438A,LYS,27.0,199.26434024016933,-172.26434024016933
2021-06-27 00:00:00,1438A,LYS,29.0,198.49943976840018,-169.49943976840018
2021-06-27 01:00:00,1438A,LYS,36.0,198.46576713083684,-162.46576713083684
2021-06-27 02:00:00,1438A,LYS,40.0,198.50205501348216,-158.50205501348216
2021-06-27 03:00:00,1438A,LYS,24.0,196.57428901458118,-172.57428901458118
2021-06-27 04:00:00,1438A,LYS,20.0,196.18124483174466,-176.18124483174466
2021-06-27 05:00:00,1438A,LYS,17.0,195.179777174121,-178.179777174121
2021-06-27 06:00:00,1438A,LYS,16.0,195.1617527454983,-179.1617527454983
2021-06-27 07:00:00,1438A,LYS,12.0,194.6054065216242,-182.6054065216242
2021-06-27 08:00:00,1438A,LYS,12.0,193.8581746622476,-181.8581746622476
2021-06-27 09:00:00,1438A,LYS,12.0,192.9694283678135,-180.9694283678135
2021-06-27 10:00:00,1438A,LYS,12.0,192.4969821264274,-180.4969821264274
2021-06-27 11:00:00,1438A,LYS,13.0,194.54839787983215,-181.54839787983215
2021-06-27 12:00:00,1438A,LYS,10.0,196.5263243146923,-186.5263243146923
2021-06-27 13:00:00,1438A,LYS,11.0,196.72120076077536,-185.72120076077536
2021-06-27 14:00:00,1438A,LYS,13.0,197.15933404240923,-184.15933404240923
2021-06-27 15:00:00,1438A,LYS,10.0,197.10428039758426,-187.10428039758426
2021-06-27 16:00:00,1438A,LYS,13.0,196.67015105751537,-183.67015105751537
2021-06-27 17:00:00,1438A,LYS,13.0,196.60851405227723,-183.60851405227723
2021-06-27 18:00:00,1438A,LYS,17.0,197.52527092969575,-180.52527092969575
2021-06-27 19:00:00,1438A,LYS,23.0,198.99909207766643,-175.99909207766643
2021-06-27 20:00:00,1438A,LYS,28.0,199.1942508068151,-171.1942508068151
2021-06-27 21:00:00,1438A,LYS,24.0,199.05233696422056,-175.05233696422056
2021-06-27 22:00:00,1438A,LYS,17.0,199.70615883735746,-182.70615883735746
2021-06-27 23:00:00,1438A,LYS,14.0,199.8843278660457,-185.8843278660457
2021-06-28 00:00:00,1438A,LYS,12.0,199.11942739427656,-187.11942739427656
2021-06-28 01:00:00,1438A,LYS,9.0,199.08575475671321,-190.08575475671321
2021-06-28 02:00:00,1438A,LYS,9.0,199.12204263935854,-190.12204263935854
2021-06-28 03:00:00,1438A,LYS,12.0,197.19427664045756,-185.19427664045756
2021-06-28 04:00:00,1438A,LYS,11.0,196.80123245762104,-185.80123245762104
2021-06-28 05:00:00,1438A,LYS,10.0,195.79976479999738,-185.79976479999738
2021-06-28 06:00:00,1438A,LYS,14.0,195.78174037137467,-181.78174037137467
2021-06-28 07:00:00,1438A,LYS,12.0,195.22539414750057,-183.22539414750057
2021-06-28 08:00:00,1438A,LYS,14.0,194.47816228812397,-180.47816228812397
2021-06-28 09:00:00,1438A,LYS,20.0,193.58941599368987,-173.58941599368987
2021-06-28 10:00:00,1438A,LYS,26.0,193.1169697523038,-167.1169697523038
2021-06-28 11:00:00,1438A,LYS,29.0,195.16838550570853,-166.16838550570853
2021-06-28 12:00:00,1438A,LYS,33.0,197.14631194056867,-164.14631194056867
2021-06-28 13:00:00,1438A,LYS,33.0,197.34118838665174,-164.34118838665174
2021-06-28 14:00:00,1438A,LYS,43.0,197.7793216682856,-154.7793216682856
2021-06-28 15:00:00,1438A,LYS,47.0,197.72426802346064,-150.72426802346064
2021-06-28 16:00:00,1438A,LYS,37.0,197.29013868339175,-160.29013868339175
2021-06-28 17:00:00,1438A,LYS,27.0,197.2285016781536,-170.2285016781536
2021-06-28 18:00:00,1438A,LYS,28.0,198.14525855557213,-170.14525855557213
2021-06-28 19:00:00,1438A,LYS,22.0,199.6190797035428,-177.6190797035428
2021-06-28 20:00:00,1438A,LYS,17.0,199.81423843269147,-182.81423843269147
2021-06-28 21:00:00,1438A,LYS,14.0,199.67232459009693,-185.67232459009693
2021-06-28 22:00:00,1438A,LYS,18.0,200.32614646323384,-182.32614646323384
2021-06-28 23:00:00,1438A,LYS,12.0,200.50431549192209,-188.50431549192209
2021-06-29 00:00:00,1438A,LYS,10.0,199.73941502015293,-189.73941502015293
2021-06-29 01:00:00,1438A,LYS,5.0,199.7057423825896,-194.7057423825896
2021-06-29 02:00:00,1438A,LYS,4.0,199.74203026523492,-195.74203026523492
2021-06-29 03:00:00,1438A,LYS,4.0,197.81426426633394,-193.81426426633394
2021-06-29 04:00:00,1438A,LYS,11.0,197.42122008349742,-186.42122008349742
2021-06-29 05:00:00,1438A,LYS,10.0,196.41975242587375,-186.41975242587375
2021-06-29 06:00:00,1438A,LYS,7.0,196.40172799725104,-189.40172799725104
2021-06-29 07:00:00,1438A,LYS,8.0,195.84538177337694,-187.84538177337694
2021-06-29 08:00:00,1438A,LYS,8.0,195.09814991400035,-187.09814991400035
2021-06-29 09:00:00,1438A,LYS,5.0,194.20940361956625,-189.20940361956625
2021-06-29 10:00:00,1438A,LYS,8.0,193.73695737818016,-185.73695737818016
2021-06-29 11:00:00,1438A,LYS,11.0,195.7883731315849,-184.7883731315849
2021-06-29 12:00:00,1438A,LYS,14.0,197.76629956644504,-183.76629956644504
2021-06-29 13:00:00,1438A,LYS,14.0,197.9611760125281,-183.9611760125281
2021-06-29 14:00:00,1438A,LYS,14.0,198.39930929416198,-184.39930929416198
2021-06-29 15:00:00,1438A,LYS,13.0,198.34425564933701,-185.34425564933701
2021-06-29 16:00:00,1438A,LYS,12.0,197.91012630926812,-185.91012630926812
2021-06-29 17:00:00,1438A,LYS,13.0,197.84848930402998,-184.84848930402998
2021-06-29 18:00:00,1438A,LYS,10.0,198.7652461814485,-188.7652461814485
2021-06-29 19:00:00,1438A,LYS,10.0,200.23906732941919,-190.23906732941919
2021-06-29 20:00:00,1438A,LYS,10.0,200.43422605856784,-190.43422605856784
2021-06-29 21:00:00,1438A,LYS,10.0,200.2923122159733,-190.2923122159733
2021-06-29 22:00:00,1438A,LYS,11.0,200.94613408911022,-189.94613408911022
2021-06-29 23:00:00,1438A,LYS,11.0,201.12430311779846,-190.12430311779846
2021-06-30 00:00:00,1438A,LYS,11.0,200.3594026460293,-189.3594026460293
2021-06-30 01:00:00,1438A,LYS,10.0,200.32573000846597,-190.32573000846597
2021-06-30 02:00:00,1438A,LYS,9.0,200.3620178911113,-191.3620178911113
2021-06-30 03:00:00,1438A,LYS,8.0,198.4342518922103,-190.4342518922103
2021-06-30 04:00:00,1438A,LYS,11.0,198.0412077093738,-187.0412077093738
2021-06-30 05:00:00,1438A,LYS,11.0,197.03974005175013,-186.03974005175013
2021-06-30 06:00:00,1438A,LYS,11.0,197.02171562312742,-186.02171562312742
2021-06-30 07:00:00,1438A,LYS,10.0,196.46536939925332,-186.46536939925332
2021-06-30 08:00:00,1438A,LYS,11.0,195.71813753987672,-184.71813753987672
2021-06-30 09:00:00,1438A,LYS,12.0,194.82939124544262,-182.82939124544262
2021-06-30 10:00:00,1438A,LYS,12.0,194.35694500405654,-182.35694500405654
2021-06-30 11:00:00,1438A,LYS,12.0,196.40836075746128,-184.40836075746128
2021-06-30 12:00:00,1438A,LYS,14.0,198.38628719232142,-184.38628719232142
2021-06-30 13:00:00,1438A,LYS,12.0,198.5811636384045,-186.5811636384045
2021-06-30 14:00:00,1438A,LYS,14.0,199.01929692003836,-185.01929692003836
2021-06-30 15:00:00,1438A,LYS,16.0,198.9642432752134,-182.9642432752134
2021-06-30 16:00:00,1438A,LYS,18.0,198.5301139351445,-180.5301139351445
2021-06-30 17:00:00,1438A,LYS,21.0,198.46847692990636,-177.46847692990636
2021-06-30 18:00:00,1438A,LYS,23.0,199.38523380732488,-176.38523380732488
2021-06-30 19:00:00,1438A,LYS,25.0,200.85905495529556,-175.85905495529556
2021-06-30 20:00:00,1438A,LYS,25.0,201.05421368444422,-176.05421368444422
2021-06-30 21:00:00,1438A,LYS,20.0,200.9122998418497,-180.9122998418497
2021-06-30 22:00:00,1438A,LYS,19.0,201.5661217149866,-182.5661217149866
2021-06-30 23:00:00,1438A,LYS,19.0,201.74429074367484,-182.74429074367484
2021-07-01 00:00:00,1438A,LYS,21.0,200.9793902719057,-179.9793902719057
2021-07-01 01:00:00,1438A,LYS,16.0,200.94571763434234,-184.94571763434234
2021-07-01 02:00:00,1438A,LYS,16.0,200.98200551698767,-184.98200551698767
2021-07-01 03:00:00,1438A,LYS,18.0,199.0542395180867,-181.0542395180867
2021-07-01 04:00:00,1438A,LYS,18.0,198.66119533525017,-180.66119533525017
2021-07-01 05:00:00,1438A,LYS,20.0,197.6597276776265,-177.6597276776265
2021-07-01 06:00:00,1438A,LYS,21.0,197.6417032490038,-176.6417032490038
2021-07-01 07:00:00,1438A,LYS,18.0,197.0853570251297,-179.0853570251297
2021-07-01 08:00:00,1438A,LYS,20.0,196.3381251657531,-176.3381251657531
2021-07-01 09:00:00,1438A,LYS,19.0,195.449378871319,-176.449378871319
2021-07-01 10:00:00,1438A,LYS,18.0,194.97693262993292,-176.97693262993292
2021-07-01 11:00:00,1438A,LYS,18.0,197.02834838333766,-179.02834838333766
2021-07-01 12:00:00,1438A,LYS,19.0,199.0062748181978,-180.0062748181978
2021-07-01 13:00:00,1438A,LYS,25.0,199.20115126428087,-174.20115126428087
2021-07-01 14:00:00,1438A,LYS,16.0,199.63928454591473,-183.63928454591473
2021-07-01 15:00:00,1438A,LYS,16.0,199.58423090108977,-183.58423090108977
2021-07-01 16:00:00,1438A,LYS,14.0,199.15010156102088,-185.15010156102088
2021-07-01 17:00:00,1438A,LYS,13.0,199.08846455578274,-186.08846455578274
2021-07-01 18:00:00,1438A,LYS,15.0,200.00522143320126,-185.00522143320126
2021-07-01 19:00:00,1438A,LYS,15.0,201.47904258117194,-186.47904258117194
2021-07-01 20:00:00,1438A,LYS,14.0,201.6742013103206,-187.6742013103206
2021-07-01 21:00:00,1438A,LYS,13.0,201.53228746772606,-188.53228746772606
2021-07-01 22:00:00,1438A,LYS,14.0,202.18610934086297,-188.18610934086297
2021-07-01 23:00:00,1438A,LYS,17.0,202.36427836955122,-185.36427836955122
2021-07-02 00:00:00,1438A,LYS,18.0,201.59937789778206,-183.59937789778206
2021-07-02 01:00:00,1438A,LYS,17.0,201.56570526021872,-184.56570526021872
2021-07-02 02:00:00,1438A,LYS,14.0,201.60199314286405,-187.60199314286405
2021-07-02 03:00:00,1438A,LYS,14.0,199.67422714396307,-185.67422714396307
2021-07-02 04:00:00,1438A,LYS,16.0,199.28118296112655,-183.28118296112655
2021-07-02 05:00:00,1438A,LYS,17.0,198.27971530350288,-181.27971530350288
2021-07-02 06:00:00,1438A,LYS,15.0,198.26169087488017,-183.26169087488017
2021-07-02 07:00:00,1438A,LYS,16.0,197.70534465100607,-181.70534465100607
2021-07-02 08:00:00,1438A,LYS,15.0,196.95811279162947,-181.95811279162947
2021-07-02 09:00:00,1438A,LYS,14.0,196.06936649719538,-182.06936649719538
2021-07-02 10:00:00,1438A,LYS,14.0,195.5969202558093,-181.5969202558093
2021-07-02 11:00:00,1438A,LYS,19.0,197.64833600921403,-178.64833600921403
2021-07-02 12:00:00,1438A,LYS,35.0,199.62626244407417,-164.62626244407417
2021-07-02 13:00:00,1438A,LYS,34.0,199.82113889015724,-165.82113889015724
2021-07-02 14:00:00,1438A,LYS,21.0,200.2592721717911,-179.2592721717911
2021-07-02 15:00:00,1438A,LYS,16.0,200.20421852696614,-184.20421852696614
2021-07-02 16:00:00,1438A,LYS,21.0,199.77008918689725,-178.77008918689725
2021-07-02 17:00:00,1438A,LYS,24.0,199.7084521816591,-175.7084521816591
2021-07-02 18:00:00,1438A,LYS,21.0,200.62520905907763,-179.62520905907763
2021-07-02 19:00:00,1438A,LYS,15.0,202.09903020704832,-187.09903020704832
2021-07-02 20:00:00,1438A,LYS,15.0,202.29418893619697,-187.29418893619697
2021-07-02 21:00:00,1438A,LYS,13.0,202.15227509360244,-189.15227509360244
2021-07-02 22:00:00,1438A,LYS,12.0,202.80609696673935,-190.80609696673935
2021-07-02 23:00:00,1438A,LYS,10.0,202.9842659954276,-192.9842659954276
2021-07-03 00:00:00,1438A,LYS,9.0,202.21936552365844,-193.21936552365844
2021-07-03 01:00:00,1438A,LYS,7.0,202.1856928860951,-195.1856928860951
2021-07-03 02:00:00,1438A,LYS,7.0,202.22198076874042,-195.22198076874042
2021-07-03 03:00:00,1438A,LYS,7.0,200.29421476983944,-193.29421476983944
2021-07-03 04:00:00,1438A,LYS,6.0,199.90117058700292,-193.90117058700292
2021-07-03 05:00:00,1438A,LYS,7.0,198.89970292937926,-191.89970292937926
2021-07-03 06:00:00,1438A,LYS,7.0,198.88167850075655,-191.88167850075655
2021-07-03 07:00:00,1438A,LYS,10.0,198.32533227688245,-188.32533227688245
2021-07-03 08:00:00,1438A,LYS,9.0,197.57810041750585,-188.57810041750585
2021-07-03 09:00:00,1438A,LYS,8.0,196.68935412307175,-188.68935412307175
2021-07-03 10:00:00,1438A,LYS,8.0,196.21690788168567,-188.21690788168567
2021-07-03 11:00:00,1438A,LYS,15.0,198.2683236350904,-183.2683236350904
2021-07-03 12:00:00,1438A,LYS,25.0,200.24625006995055,-175.24625006995055
2021-07-03 13:00:00,1438A,LYS,40.0,200.44112651603362,-160.44112651603362
2021-07-03 14:00:00,1438A,LYS,33.0,200.8792597976675,-167.8792597976675
2021-07-03 15:00:00,1438A,LYS,26.0,200.82420615284252,-174.82420615284252
2021-07-03 16:00:00,1438A,LYS,27.0,200.39007681277363,-173.39007681277363
2021-07-03 17:00:00,1438A,LYS,21.0,200.3284398075355,-179.3284398075355
2021-07-03 18:00:00,1438A,LYS,26.0,201.245196684954,-175.245196684954
2021-07-03 19:00:00,1438A,LYS,21.0,202.7190178329247,-181.7190178329247
2021-07-03 20:00:00,1438A,LYS,12.0,202.91417656207335,-190.91417656207335
2021-07-03 21:00:00,1438A,LYS,12.0,202.77226271947882,-190.77226271947882
2021-07-03 22:00:00,1438A,LYS,24.0,203.42608459261572,-179.42608459261572
2021-07-03 23:00:00,1438A,LYS,26.0,203.60425362130397,-177.60425362130397
2021-07-04 00:00:00,1438A,LYS,19.0,202.83935314953482,-183.83935314953482
2021-07-04 01:00:00,1438A,LYS,15.0,202.80568051197147,-187.80568051197147
2021-07-04 02:00:00,1438A,LYS,13.0,202.8419683946168,-189.8419683946168
2021-07-04 03:00:00,1438A,LYS,13.0,200.91420239571582,-187.91420239571582
2021-07-04 04:00:00,1438A,LYS,12.0,200.5211582128793,-188.5211582128793
2021-07-04 05:00:00,1438A,LYS,12.0,199.51969055525564,-187.51969055525564
2021-07-04 06:00:00,1438A,LYS,12.0,199.50166612663293,-187.50166612663293
2021-07-04 07:00:00,1438A,LYS,12.0,198.94531990275883,-186.94531990275883
2021-07-04 08:00:00,1438A,LYS,12.0,198.19808804338223,-186.19808804338223
2021-07-04 09:00:00,1438A,LYS,11.0,197.30934174894813,-186.30934174894813
2021-07-04 10:00:00,1438A,LYS,12.0,196.83689550756205,-184.83689550756205
2021-07-04 11:00:00,1438A,LYS,13.0,198.8883112609668,-185.8883112609668
2021-07-04 12:00:00,1438A,LYS,23.0,200.86623769582692,-177.86623769582692
2021-07-04 13:00:00,1438A,LYS,28.0,201.06111414191,-173.06111414191
2021-07-04 14:00:00,1438A,LYS,28.0,201.49924742354386,-173.49924742354386
2021-07-04 15:00:00,1438A,LYS,24.0,201.4441937787189,-177.4441937787189
2021-07-04 16:00:00,1438A,LYS,19.0,201.01006443865,-182.01006443865
2021-07-04 17:00:00,1438A,LYS,18.0,200.94842743341187,-182.94842743341187
2021-07-04 18:00:00,1438A,LYS,20.0,201.8651843108304,-181.8651843108304
2021-07-04 19:00:00,1438A,LYS,24.0,203.33900545880107,-179.33900545880107
2021-07-04 20:00:00,1438A,LYS,37.0,203.53416418794973,-166.53416418794973
2021-07-04 21:00:00,1438A,LYS,37.0,203.3922503453552,-166.3922503453552
2021-07-04 22:00:00,1438A,LYS,37.0,204.0460722184921,-167.0460722184921
2021-07-04 23:00:00,1438A,LYS,27.0,204.22424124718034,-177.22424124718034
2021-07-05 00:00:00,1438A,LYS,25.0,203.4593407754112,-178.4593407754112
2021-07-05 01:00:00,1438A,LYS,27.0,203.42566813784785,-176.42566813784785
2021-07-05 02:00:00,1438A,LYS,28.0,203.46195602049318,-175.46195602049318
2021-07-05 03:00:00,1438A,LYS,27.0,201.5341900215922,-174.5341900215922
2021-07-05 04:00:00,1438A,LYS,35.0,201.14114583875568,-166.14114583875568
2021-07-05 05:00:00,1438A,LYS,48.0,200.139678181132,-152.139678181132
2021-07-05 06:00:00,1438A,LYS,42.0,200.1216537525093,-158.1216537525093
2021-07-05 07:00:00,1438A,LYS,26.0,199.5653075286352,-173.5653075286352
2021-07-05 08:00:00,1438A,LYS,20.0,198.8180756692586,-178.8180756692586
2021-07-05 09:00:00,1438A,LYS,25.0,197.9293293748245,-172.9293293748245
2021-07-05 10:00:00,1438A,LYS,28.0,197.45688313343842,-169.45688313343842
2021-07-05 11:00:00,1438A,LYS,34.0,199.50829888684316,-165.50829888684316
2021-07-05 12:00:00,1438A,LYS,41.0,201.4862253217033,-160.4862253217033
2021-07-05 13:00:00,1438A,LYS,50.0,201.68110176778637,-151.68110176778637
2021-07-05 14:00:00,1438A,LYS,47.0,202.11923504942024,-155.11923504942024
2021-07-05 15:00:00,1438A,LYS,40.0,202.06418140459527,-162.06418140459527
2021-07-05 16:00:00,1438A,LYS,33.0,201.63005206452638,-168.63005206452638
2021-07-05 17:00:00,1438A,LYS,34.0,201.56841505928824,-167.56841505928824
2021-07-05 18:00:00,1438A,LYS,25.0,202.48517193670676,-177.48517193670676
2021-07-05 19:00:00,1438A,LYS,30.0,203.95899308467745,-173.95899308467745
2021-07-05 20:00:00,1438A,LYS,28.0,204.1541518138261,-176.1541518138261
2021-07-05 21:00:00,1438A,LYS,28.0,204.01223797123157,-176.01223797123157
2021-07-05 22:00:00,1438A,LYS,28.0,204.66605984436848,-176.66605984436848
2021-07-05 23:00:00,1438A,LYS,34.0,204.84422887305672,-170.84422887305672
2021-07-06 00:00:00,1438A,LYS,31.0,204.07932840128757,-173.07932840128757
2021-07-06 01:00:00,1438A,LYS,24.0,204.04565576372423,-180.04565576372423
2021-07-06 02:00:00,1438A,LYS,19.0,204.08194364636955,-185.08194364636955
2021-07-06 03:00:00,1438A,LYS,18.0,202.15417764746857,-184.15417764746857
2021-07-06 04:00:00,1438A,LYS,17.0,201.76113346463205,-184.76113346463205
2021-07-06 05:00:00,1438A,LYS,18.0,200.7596658070084,-182.7596658070084
2021-07-06 06:00:00,1438A,LYS,16.0,200.74164137838568,-184.74164137838568
2021-07-06 07:00:00,1438A,LYS,16.0,200.18529515451158,-184.18529515451158
2021-07-06 08:00:00,1438A,LYS,21.0,199.43806329513498,-178.43806329513498
2021-07-06 09:00:00,1438A,LYS,20.0,198.54931700070088,-178.54931700070088
2021-07-06 10:00:00,1438A,LYS,29.0,198.0768707593148,-169.0768707593148
2021-07-06 11:00:00,1438A,LYS,29.0,200.12828651271954,-171.12828651271954
2021-07-06 12:00:00,1438A,LYS,40.0,202.10621294757968,-162.10621294757968
2021-07-06 13:00:00,1438A,LYS,39.0,202.30108939366275,-163.30108939366275
2021-07-06 14:00:00,1438A,LYS,34.0,202.73922267529662,-168.73922267529662
2021-07-06 15:00:00,1438A,LYS,67.0,202.68416903047165,-135.68416903047165
2021-07-06 16:00:00,1438A,LYS,62.0,202.25003969040276,-140.25003969040276
2021-07-06 17:00:00,1438A,LYS,66.0,202.18840268516462,-136.18840268516462
2021-07-06 18:00:00,1438A,LYS,67.0,203.10515956258314,-136.10515956258314
2021-07-06 19:00:00,1438A,LYS,63.0,204.57898071055382,-141.57898071055382
2021-07-06 20:00:00,1438A,LYS,56.0,204.77413943970248,-148.77413943970248
2021-07-06 21:00:00,1438A,LYS,41.0,204.63222559710795,-163.63222559710795
2021-07-06 22:00:00,1438A,LYS,41.0,205.28604747024485,-164.28604747024485
2021-07-06 23:00:00,1438A,LYS,43.0,205.4642164989331,-162.4642164989331
2021-07-07 00:00:00,1438A,LYS,46.0,204.69931602716395,-158.69931602716395
2021-07-07 01:00:00,1438A,LYS,40.0,204.6656433896006,-164.6656433896006
2021-07-07 02:00:00,1438A,LYS,31.0,204.70193127224593,-173.70193127224593
2021-07-07 03:00:00,1438A,LYS,27.0,202.77416527334495,-175.77416527334495
2021-07-07 04:00:00,1438A,LYS,22.0,202.38112109050843,-180.38112109050843
2021-07-07 05:00:00,1438A,LYS,28.0,201.37965343288477,-173.37965343288477
2021-07-07 06:00:00,1438A,LYS,18.0,201.36162900426206,-183.36162900426206
2021-07-07 07:00:00,1438A,LYS,19.0,200.80528278038796,-181.80528278038796
2021-07-07 08:00:00,1438A,LYS,19.0,200.05805092101136,-181.05805092101136
2021-07-07 09:00:00,1438A,LYS,16.0,199.16930462657726,-183.16930462657726
2021-07-07 10:00:00,1438A,LYS,22.0,198.69685838519118,-176.69685838519118
2021-07-07 11:00:00,1438A,LYS,40.0,200.74827413859592,-160.74827413859592
2021-07-07 12:00:00,1438A,LYS,53.0,202.72620057345605,-149.72620057345605
2021-07-07 13:00:00,1438A,LYS,45.0,202.92107701953913,-157.92107701953913
2021-07-07 14:00:00,1438A,LYS,47.0,203.359210301173,-156.359210301173
2021-07-07 15:00:00,1438A,LYS,47.0,203.30415665634803,-156.30415665634803
2021-07-07 16:00:00,1438A,LYS,48.0,202.87002731627913,-154.87002731627913
2021-07-07 17:00:00,1438A,LYS,48.0,202.808390311041,-154.808390311041
2021-07-07 18:00:00,1438A,LYS,40.0,203.72514718845952,-163.72514718845952
2021-07-07 19:00:00,1438A,LYS,40.0,205.1989683364302,-165.1989683364302
2021-07-07 20:00:00,1438A,LYS,39.0,205.39412706557886,-166.39412706557886
2021-07-07 21:00:00,1438A,LYS,32.0,205.25221322298432,-173.25221322298432
2021-07-07 22:00:00,1438A,LYS,25.0,205.90603509612123,-180.90603509612123
2021-07-07 23:00:00,1438A,LYS,22.0,206.08420412480947,-184.08420412480947
2021-07-08 00:00:00,1438A,LYS,14.0,205.31930365304032,-191.31930365304032
2021-07-08 01:00:00,1438A,LYS,9.0,205.28563101547698,-196.28563101547698
2021-07-08 02:00:00,1438A,LYS,9.0,205.3219188981223,-196.3219188981223
2021-07-08 03:00:00,1438A,LYS,9.0,203.39415289922133,-194.39415289922133
2021-07-08 04:00:00,1438A,LYS,8.0,203.0011087163848,-195.0011087163848
2021-07-08 05:00:00,1438A,LYS,7.0,201.99964105876114,-194.99964105876114
2021-07-08 06:00:00,1438A,LYS,7.0,201.98161663013843,-194.98161663013843
2021-07-08 07:00:00,1438A,LYS,7.0,201.42527040626433,-194.42527040626433
2021-07-08 08:00:00,1438A,LYS,7.0,200.67803854688773,-193.67803854688773
2021-07-08 09:00:00,1438A,LYS,7.0,199.78929225245363,-192.78929225245363
2021-07-08 10:00:00,1438A,LYS,8.0,199.31684601106755,-191.31684601106755
2021-07-08 11:00:00,1438A,LYS,13.0,201.3682617644723,-188.3682617644723
2021-07-08 12:00:00,1438A,LYS,10.0,203.34618819933243,-193.34618819933243
2021-07-08 13:00:00,1438A,LYS,14.0,203.5410646454155,-189.5410646454155
2021-07-08 14:00:00,1438A,LYS,8.0,203.97919792704937,-195.97919792704937
2021-07-08 15:00:00,1438A,LYS,2.0,203.9241442822244,-201.9241442822244
2021-07-08 16:00:00,1438A,LYS,1.0,203.4900149421555,-202.4900149421555
2021-07-08 17:00:00,1438A,LYS,1.0,203.42837793691737,-202.42837793691737
2021-07-08 18:00:00,1438A,LYS,2.0,204.3451348143359,-202.3451348143359
2021-07-08 19:00:00,1438A,LYS,1.0,205.81895596230657,-204.81895596230657
2021-07-08 20:00:00,1438A,LYS,2.0,206.01411469145523,-204.01411469145523
2021-07-08 21:00:00,1438A,LYS,2.0,205.8722008488607,-203.8722008488607
2021-07-08 22:00:00,1438A,LYS,2.0,206.5260227219976,-204.5260227219976
2021-07-08 23:00:00,1438A,LYS,2.0,206.70419175068585,-204.70419175068585
2021-07-09 00:00:00,1438A,LYS,2.0,205.9392912789167,-203.9392912789167
2021-07-09 01:00:00,1438A,LYS,3.0,205.90561864135336,-202.90561864135336
2021-07-09 02:00:00,1438A,LYS,6.0,205.94190652399868,-199.94190652399868
2021-07-09 03:00:00,1438A,LYS,6.0,204.0141405250977,-198.0141405250977
2021-07-09 04:00:00,1438A,LYS,6.0,203.62109634226118,-197.62109634226118
2021-07-09 05:00:00,1438A,LYS,5.0,202.61962868463752,-197.61962868463752
2021-07-09 06:00:00,1438A,LYS,5.0,202.6016042560148,-197.6016042560148
2021-07-09 07:00:00,1438A,LYS,6.0,202.0452580321407,-196.0452580321407
2021-07-09 08:00:00,1438A,LYS,12.0,201.2980261727641,-189.2980261727641
2021-07-09 09:00:00,1438A,LYS,13.0,200.40927987833,-187.40927987833
2021-07-09 10:00:00,1438A,LYS,18.0,199.93683363694393,-181.93683363694393
2021-07-09 11:00:00,1438A,LYS,14.0,201.98824939034867,-187.98824939034867
2021-07-09 12:00:00,1438A,LYS,7.0,203.9661758252088,-196.9661758252088
2021-07-09 13:00:00,1438A,LYS,7.0,204.16105227129188,-197.16105227129188
2021-07-09 14:00:00,1438A,LYS,9.0,204.59918555292575,-195.59918555292575
2021-07-09 15:00:00,1438A,LYS,11.0,204.54413190810078,-193.54413190810078
2021-07-09 16:00:00,1438A,LYS,16.0,204.1100025680319,-188.1100025680319
2021-07-09 17:00:00,1438A,LYS,10.0,204.04836556279375,-194.04836556279375
2021-07-09 18:00:00,1438A,LYS,5.0,204.96512244021227,-199.96512244021227
2021-07-09 19:00:00,1438A,LYS,5.0,206.43894358818295,-201.43894358818295
2021-07-09 20:00:00,1438A,LYS,5.0,206.6341023173316,-201.6341023173316
2021-07-09 21:00:00,1438A,LYS,7.0,206.49218847473708,-199.49218847473708
2021-07-09 22:00:00,1438A,LYS,9.0,207.14601034787398,-198.14601034787398
2021-07-09 23:00:00,1438A,LYS,8.0,207.32417937656223,-199.32417937656223
2021-07-10 00:00:00,1438A,LYS,6.0,206.55927890479308,-200.55927890479308
2021-07-10 01:00:00,1438A,LYS,6.0,206.52560626722973,-200.52560626722973
2021-07-10 02:00:00,1438A,LYS,4.0,206.56189414987506,-202.56189414987506
2021-07-10 03:00:00,1438A,LYS,5.0,204.63412815097408,-199.63412815097408
2021-07-10 04:00:00,1438A,LYS,4.0,204.24108396813756,-200.24108396813756
2021-07-10 05:00:00,1438A,LYS,4.0,203.2396163105139,-199.2396163105139
2021-07-10 06:00:00,1438A,LYS,5.0,203.2215918818912,-198.2215918818912
2021-07-10 07:00:00,1438A,LYS,5.0,202.66524565801708,-197.66524565801708
2021-07-10 08:00:00,1438A,LYS,6.0,201.9180137986405,-195.9180137986405
2021-07-10 09:00:00,1438A,LYS,6.0,201.0292675042064,-195.0292675042064
2021-07-10 10:00:00,1438A,LYS,5.0,200.5568212628203,-195.5568212628203
2021-07-10 11:00:00,1438A,LYS,5.0,202.60823701622505,-197.60823701622505
2021-07-10 12:00:00,1438A,LYS,6.0,204.58616345108518,-198.58616345108518
2021-07-10 13:00:00,1438A,LYS,4.0,204.78103989716826,-200.78103989716826
2021-07-10 14:00:00,1438A,LYS,9.0,205.21917317880212,-196.21917317880212
2021-07-10 15:00:00,1438A,LYS,14.0,205.16411953397716,-191.16411953397716
2021-07-10 16:00:00,1438A,LYS,9.0,204.72999019390826,-195.72999019390826
2021-07-10 17:00:00,1438A,LYS,6.0,204.66835318867012,-198.66835318867012
2021-07-10 18:00:00,1438A,LYS,7.0,205.58511006608865,-198.58511006608865
2021-07-10 19:00:00,1438A,LYS,10.0,207.05893121405933,-197.05893121405933
2021-07-10 20:00:00,1438A,LYS,9.0,207.254089943208,-198.254089943208
2021-07-10 21:00:00,1438A,LYS,4.0,207.11217610061345,-203.11217610061345
2021-07-10 22:00:00,1438A,LYS,4.0,207.76599797375036,-203.76599797375036
2021-07-10 23:00:00,1438A,LYS,6.0,207.9441670024386,-201.9441670024386
2021-07-11 00:00:00,1438A,LYS,5.0,207.17926653066945,-202.17926653066945
2021-07-11 01:00:00,1438A,LYS,4.0,207.1455938931061,-203.1455938931061
2021-07-11 02:00:00,1438A,LYS,5.0,207.18188177575144,-202.18188177575144
2021-07-11 03:00:00,1438A,LYS,6.0,205.25411577685045,-199.25411577685045
2021-07-11 04:00:00,1438A,LYS,4.0,204.86107159401394,-200.86107159401394
2021-07-11 05:00:00,1438A,LYS,5.0,203.85960393639027,-198.85960393639027
2021-07-11 06:00:00,1438A,LYS,4.0,203.84157950776756,-199.84157950776756
2021-07-11 07:00:00,1438A,LYS,4.0,203.28523328389346,-199.28523328389346
2021-07-11 08:00:00,1438A,LYS,5.0,202.53800142451686,-197.53800142451686
2021-07-11 09:00:00,1438A,LYS,4.0,201.64925513008276,-197.64925513008276
2021-07-11 10:00:00,1438A,LYS,8.0,201.17680888869668,-193.17680888869668
2021-07-11 11:00:00,1438A,LYS,15.0,203.22822464210142,-188.22822464210142
2021-07-11 12:00:00,1438A,LYS,13.0,205.20615107696156,-192.20615107696156
2021-07-11 13:00:00,1438A,LYS,15.0,205.40102752304463,-190.40102752304463
2021-07-11 14:00:00,1438A,LYS,15.0,205.8391608046785,-190.8391608046785
2021-07-11 15:00:00,1438A,LYS,11.0,205.78410715985353,-194.78410715985353
2021-07-11 16:00:00,1438A,LYS,12.0,205.34997781978464,-193.34997781978464
2021-07-11 17:00:00,1438A,LYS,14.0,205.2883408145465,-191.2883408145465
2021-07-11 18:00:00,1438A,LYS,14.0,206.20509769196502,-192.20509769196502
2021-07-11 19:00:00,1438A,LYS,14.0,207.6789188399357,-193.6789188399357
2021-07-11 20:00:00,1438A,LYS,12.0,207.87407756908436,-195.87407756908436
2021-07-11 21:00:00,1438A,LYS,5.0,207.73216372648983,-202.73216372648983
2021-07-11 22:00:00,1438A,LYS,6.0,208.38598559962674,-202.38598559962674
2021-07-11 23:00:00,1438A,LYS,8.0,208.56415462831498,-200.56415462831498
2021-07-12 00:00:00,1438A,LYS,6.0,207.79925415654583,-201.79925415654583
2021-07-12 01:00:00,1438A,LYS,7.0,207.7655815189825,-200.7655815189825
2021-07-12 02:00:00,1438A,LYS,6.0,207.8018694016278,-201.8018694016278
2021-07-12 03:00:00,1438A,LYS,6.0,205.87410340272683,-199.87410340272683
2021-07-12 04:00:00,1438A,LYS,5.0,205.4810592198903,-200.4810592198903
2021-07-12 05:00:00,1438A,LYS,6.0,204.47959156226665,-198.47959156226665
2021-07-12 06:00:00,1438A,LYS,5.0,204.46156713364394,-199.46156713364394
2021-07-12 07:00:00,1438A,LYS,5.0,203.90522090976984,-198.90522090976984
2021-07-12 08:00:00,1438A,LYS,5.0,203.15798905039324,-198.15798905039324
2021-07-12 09:00:00,1438A,LYS,8.0,202.26924275595914,-194.26924275595914
2021-07-12 10:00:00,1438A,LYS,16.0,201.79679651457306,-185.79679651457306
2021-07-12 11:00:00,1438A,LYS,16.0,203.8482122679778,-187.8482122679778
2021-07-12 12:00:00,1438A,LYS,17.0,205.82613870283794,-188.82613870283794
2021-07-12 13:00:00,1438A,LYS,15.0,206.021015148921,-191.021015148921
2021-07-12 14:00:00,1438A,LYS,16.0,206.45914843055488,-190.45914843055488
2021-07-12 15:00:00,1438A,LYS,15.0,206.4040947857299,-191.4040947857299
2021-07-12 16:00:00,1438A,LYS,14.0,205.96996544566102,-191.96996544566102
2021-07-12 17:00:00,1438A,LYS,16.0,205.90832844042288,-189.90832844042288
2021-07-12 18:00:00,1438A,LYS,16.0,206.8250853178414,-190.8250853178414
2021-07-12 19:00:00,1438A,LYS,17.0,208.29890646581208,-191.29890646581208
2021-07-12 20:00:00,1438A,LYS,19.0,208.49406519496074,-189.49406519496074
2021-07-12 21:00:00,1438A,LYS,20.0,208.3521513523662,-188.3521513523662
2021-07-12 22:00:00,1438A,LYS,20.0,209.0059732255031,-189.0059732255031
2021-07-12 23:00:00,1438A,LYS,18.0,209.18414225419136,-191.18414225419136
2021-07-13 00:00:00,1438A,LYS,15.0,208.4192417824222,-193.4192417824222
2021-07-13 01:00:00,1438A,LYS,16.0,208.38556914485886,-192.38556914485886
2021-07-13 02:00:00,1438A,LYS,13.0,208.4218570275042,-195.4218570275042
2021-07-13 03:00:00,1438A,LYS,13.0,206.4940910286032,-193.4940910286032
2021-07-13 04:00:00,1438A,LYS,13.0,206.1010468457667,-193.1010468457667
2021-07-13 05:00:00,1438A,LYS,11.0,205.09957918814303,-194.09957918814303
2021-07-13 06:00:00,1438A,LYS,11.0,205.08155475952032,-194.08155475952032
2021-07-13 07:00:00,1438A,LYS,12.0,204.52520853564621,-192.52520853564621
2021-07-13 08:00:00,1438A,LYS,12.0,203.77797667626962,-191.77797667626962
2021-07-13 09:00:00,1438A,LYS,11.0,202.88923038183552,-191.88923038183552
2021-07-13 10:00:00,1438A,LYS,10.0,202.41678414044944,-192.41678414044944
2021-07-13 11:00:00,1438A,LYS,18.0,204.46819989385418,-186.46819989385418
2021-07-13 12:00:00,1438A,LYS,25.0,206.4461263287143,-181.4461263287143
2021-07-13 13:00:00,1438A,LYS,22.0,206.64100277479739,-184.64100277479739
2021-07-13 14:00:00,1438A,LYS,27.0,207.07913605643125,-180.07913605643125
2021-07-13 15:00:00,1438A,LYS,30.0,207.0240824116063,-177.0240824116063
2021-07-13 16:00:00,1438A,LYS,27.0,206.5899530715374,-179.5899530715374
2021-07-13 17:00:00,1438A,LYS,26.0,206.52831606629925,-180.52831606629925
2021-07-13 18:00:00,1438A,LYS,25.0,207.44507294371778,-182.44507294371778
2021-07-13 19:00:00,1438A,LYS,26.0,208.91889409168846,-182.91889409168846
2021-07-13 20:00:00,1438A,LYS,32.0,209.11405282083712,-177.11405282083712
2021-07-13 21:00:00,1438A,LYS,35.0,208.97213897824258,-173.97213897824258
2021-07-13 22:00:00,1438A,LYS,35.0,209.6259608513795,-174.6259608513795
2021-07-13 23:00:00,1438A,LYS,25.0,209.80412988006773,-184.80412988006773
2021-07-14 00:00:00,1438A,LYS,23.0,209.03922940829858,-186.03922940829858
2021-07-14 01:00:00,1438A,LYS,23.0,209.00555677073524,-186.00555677073524
2021-07-14 02:00:00,1438A,LYS,21.0,209.04184465338056,-188.04184465338056
2021-07-14 03:00:00,1438A,LYS,23.0,207.11407865447958,-184.11407865447958
2021-07-14 04:00:00,1438A,LYS,21.0,206.72103447164307,-185.72103447164307
2021-07-14 05:00:00,1438A,LYS,23.0,205.7195668140194,-182.7195668140194
2021-07-14 06:00:00,1438A,LYS,27.0,205.7015423853967,-178.7015423853967
2021-07-14 07:00:00,1438A,LYS,18.0,205.1451961615226,-187.1451961615226
2021-07-14 08:00:00,1438A,LYS,,204.397964302146,
2021-07-14 09:00:00,1438A,LYS,,203.5092180077119,
2021-07-14 10:00:00,1438A,LYS,,203.0367717663258,
2021-07-14 11:00:00,1438A,LYS,12.0,205.08818751973055,-193.08818751973055
2021-07-14 12:00:00,1438A,LYS,12.0,207.0661139545907,-195.0661139545907
2021-07-14 13:00:00,1438A,LYS,9.0,207.26099040067376,-198.26099040067376
2021-07-14 14:00:00,1438A,LYS,10.0,207.69912368230763,-197.69912368230763
2021-07-14 15:00:00,1438A,LYS,11.0,207.64407003748266,-196.64407003748266
2021-07-14 16:00:00,1438A,LYS,12.0,207.20994069741377,-195.20994069741377
2021-07-14 17:00:00,1438A,LYS,12.0,207.14830369217563,-195.14830369217563
2021-07-14 18:00:00,1438A,LYS,11.0,208.06506056959415,-197.06506056959415
2021-07-14 19:00:00,1438A,LYS,11.0,209.53888171756483,-198.53888171756483
2021-07-14 20:00:00,1438A,LYS,11.0,209.7340404467135,-198.7340404467135
2021-07-14 21:00:00,1438A,LYS,14.0,209.59212660411896,-195.59212660411896
2021-07-14 22:00:00,1438A,LYS,12.0,210.24594847725587,-198.24594847725587
2021-07-14 23:00:00,1438A,LYS,17.0,210.4241175059441,-193.4241175059441
2021-07-15 00:00:00,1438A,LYS,19.0,209.65921703417496,-190.65921703417496
2021-07-15 01:00:00,1438A,LYS,20.0,209.62554439661162,-189.62554439661162
2021-07-15 02:00:00,1438A,LYS,22.0,209.66183227925694,-187.66183227925694
2021-07-15 03:00:00,1438A,LYS,21.0,207.73406628035596,-186.73406628035596
2021-07-15 04:00:00,1438A,LYS,14.0,207.34102209751944,-193.34102209751944
2021-07-15 05:00:00,1438A,LYS,14.0,206.33955443989578,-192.33955443989578
2021-07-15 06:00:00,1438A,LYS,24.0,206.32153001127307,-182.32153001127307
2021-07-15 07:00:00,1438A,LYS,27.0,205.76518378739897,-178.76518378739897
2021-07-15 08:00:00,1438A,LYS,25.0,205.01795192802237,-180.01795192802237
2021-07-15 09:00:00,1438A,LYS,28.0,204.12920563358827,-176.12920563358827
2021-07-15 10:00:00,1438A,LYS,21.0,203.6567593922022,-182.6567593922022
2021-07-15 11:00:00,1438A,LYS,10.0,205.70817514560693,-195.70817514560693
2021-07-15 12:00:00,1438A,LYS,3.0,207.68610158046707,-204.68610158046707
2021-07-15 13:00:00,1438A,LYS,2.0,207.88097802655014,-205.88097802655014
2021-07-15 14:00:00,1438A,LYS,1.0,208.319111308184,-207.319111308184
2021-07-15 15:00:00,1438A,LYS,2.0,208.26405766335904,-206.26405766335904
2021-07-15 16:00:00,1438A,LYS,1.0,207.82992832329015,-206.82992832329015
2021-07-15 17:00:00,1438A,LYS,1.0,207.768291318052,-206.768291318052
2021-07-15 18:00:00,1438A,LYS,1.0,208.68504819547053,-207.68504819547053
2021-07-15 19:00:00,1438A,LYS,1.0,210.1588693434412,-209.1588693434412
2021-07-15 20:00:00,1438A,LYS,1.0,210.35402807258987,-209.35402807258987
2021-07-15 21:00:00,1438A,LYS,5.0,210.21211422999534,-205.21211422999534
2021-07-15 22:00:00,1438A,LYS,3.0,210.86593610313224,-207.86593610313224
2021-07-15 23:00:00,1438A,LYS,2.0,211.0441051318205,-209.0441051318205
2021-07-16 00:00:00,1438A,LYS,5.0,210.27920466005133,-205.27920466005133
2021-07-16 01:00:00,1438A,LYS,6.0,210.245532022488,-204.245532022488
2021-07-16 02:00:00,1438A,LYS,4.0,210.28181990513332,-206.28181990513332
2021-07-16 03:00:00,1438A,LYS,5.0,208.35405390623234,-203.35405390623234
2021-07-16 04:00:00,1438A,LYS,10.0,207.96100972339582,-197.96100972339582
2021-07-16 05:00:00,1438A,LYS,8.0,206.95954206577215,-198.95954206577215
2021-07-16 06:00:00,1438A,LYS,6.0,206.94151763714945,-200.94151763714945
2021-07-16 07:00:00,1438A,LYS,4.0,206.38517141327534,-202.38517141327534
2021-07-16 08:00:00,1438A,LYS,4.0,205.63793955389875,-201.63793955389875
2021-07-16 09:00:00,1438A,LYS,3.0,204.74919325946465,-201.74919325946465
2021-07-16 10:00:00,1438A,LYS,7.0,204.27674701807857,-197.27674701807857
2021-07-16 11:00:00,1438A,LYS,18.0,206.3281627714833,-188.3281627714833
2021-07-16 12:00:00,1438A,LYS,18.0,208.30608920634344,-190.30608920634344
2021-07-16 13:00:00,1438A,LYS,18.0,208.50096565242652,-190.50096565242652
2021-07-16 14:00:00,1438A,LYS,25.0,208.93909893406038,-183.93909893406038
2021-07-16 15:00:00,1438A,LYS,20.0,208.88404528923542,-188.88404528923542
2021-07-16 16:00:00,1438A,LYS,16.0,208.44991594916652,-192.44991594916652
2021-07-16 17:00:00,1438A,LYS,9.0,208.38827894392838,-199.38827894392838
2021-07-16 18:00:00,1438A,LYS,9.0,209.3050358213469,-200.3050358213469
2021-07-16 19:00:00,1438A,LYS,8.0,210.7788569693176,-202.7788569693176
2021-07-16 20:00:00,1438A,LYS,7.0,210.97401569846625,-203.97401569846625
2021-07-16 21:00:00,1438A,LYS,6.0,210.8321018558717,-204.8321018558717
2021-07-16 22:00:00,1438A,LYS,4.0,211.48592372900862,-207.48592372900862
2021-07-16 23:00:00,1438A,LYS,6.0,211.66409275769686,-205.66409275769686
2021-07-17 00:00:00,1438A,LYS,6.0,210.8991922859277,-204.8991922859277
2021-07-17 01:00:00,1438A,LYS,6.0,210.86551964836437,-204.86551964836437
2021-07-17 02:00:00,1438A,LYS,5.0,210.9018075310097,-205.9018075310097
2021-07-17 03:00:00,1438A,LYS,7.0,208.9740415321087,-201.9740415321087
2021-07-17 04:00:00,1438A,LYS,7.0,208.5809973492722,-201.5809973492722
2021-07-17 05:00:00,1438A,LYS,7.0,207.57952969164853,-200.57952969164853
2021-07-17 06:00:00,1438A,LYS,6.0,207.56150526302582,-201.56150526302582
2021-07-17 07:00:00,1438A,LYS,9.0,207.00515903915172,-198.00515903915172
2021-07-17 08:00:00,1438A,LYS,6.0,206.25792717977512,-200.25792717977512
2021-07-17 09:00:00,1438A,LYS,4.0,205.36918088534102,-201.36918088534102
2021-07-17 10:00:00,1438A,LYS,8.0,204.89673464395494,-196.89673464395494
2021-07-17 11:00:00,1438A,LYS,6.0,206.94815039735968,-200.94815039735968
2021-07-17 12:00:00,1438A,LYS,8.0,208.92607683221982,-200.92607683221982
2021-07-17 13:00:00,1438A,LYS,9.0,209.1209532783029,-200.1209532783029
2021-07-17 14:00:00,1438A,LYS,9.0,209.55908655993676,-200.55908655993676
2021-07-17 15:00:00,1438A,LYS,10.0,209.5040329151118,-199.5040329151118
2021-07-17 16:00:00,1438A,LYS,13.0,209.0699035750429,-196.0699035750429
2021-07-17 17:00:00,1438A,LYS,15.0,209.00826656980476,-194.00826656980476
2021-07-17 18:00:00,1438A,LYS,18.0,209.92502344722328,-191.92502344722328
2021-07-17 19:00:00,1438A,LYS,19.0,211.39884459519396,-192.39884459519396
2021-07-17 20:00:00,1438A,LYS,15.0,211.59400332434262,-196.59400332434262
2021-07-17 21:00:00,1438A,LYS,14.0,211.4520894817481,-197.4520894817481
2021-07-17 22:00:00,1438A,LYS,13.0,212.105911354885,-199.105911354885
2021-07-17 23:00:00,1438A,LYS,13.0,212.28408038357324,-199.28408038357324
2021-07-18 00:00:00,1438A,LYS,13.0,211.5191799118041,-198.5191799118041
2021-07-18 01:00:00,1438A,LYS,12.0,211.48550727424075,-199.48550727424075
2021-07-18 02:00:00,1438A,LYS,11.0,211.52179515688607,-200.52179515688607
2021-07-18 03:00:00,1438A,LYS,13.0,209.5940291579851,-196.5940291579851
2021-07-18 04:00:00,1438A,LYS,9.0,209.20098497514857,-200.20098497514857
2021-07-18 05:00:00,1438A,LYS,7.0,208.1995173175249,-201.1995173175249
2021-07-18 06:00:00,1438A,LYS,8.0,208.1814928889022,-200.1814928889022
2021-07-18 07:00:00,1438A,LYS,7.0,207.6251466650281,-200.6251466650281
2021-07-18 08:00:00,1438A,LYS,8.0,206.8779148056515,-198.8779148056515
2021-07-18 09:00:00,1438A,LYS,18.0,205.9891685112174,-187.9891685112174
2021-07-18 10:00:00,1438A,LYS,19.0,205.51672226983132,-186.51672226983132
2021-07-18 11:00:00,1438A,LYS,24.0,207.56813802323606,-183.56813802323606
2021-07-18 12:00:00,1438A,LYS,19.0,209.5460644580962,-190.5460644580962
2021-07-18 13:00:00,1438A,LYS,20.0,209.74094090417927,-189.74094090417927
2021-07-18 14:00:00,1438A,LYS,20.0,210.17907418581314,-190.17907418581314
2021-07-18 15:00:00,1438A,LYS,21.0,210.12402054098817,-189.12402054098817
2021-07-18 16:00:00,1438A,LYS,20.0,209.68989120091928,-189.68989120091928
2021-07-18 17:00:00,1438A,LYS,20.0,209.62825419568114,-189.62825419568114
2021-07-18 18:00:00,1438A,LYS,19.0,210.54501107309966,-191.54501107309966
2021-07-18 19:00:00,1438A,LYS,16.0,212.01883222107034,-196.01883222107034
2021-07-18 20:00:00,1438A,LYS,18.0,212.213990950219,-194.213990950219
2021-07-18 21:00:00,1438A,LYS,19.0,212.07207710762447,-193.07207710762447
2021-07-18 22:00:00,1438A,LYS,19.0,212.72589898076137,-193.72589898076137
2021-07-18 23:00:00,1438A,LYS,16.0,212.90406800944962,-196.90406800944962
2021-07-19 00:00:00,1438A,LYS,14.0,212.13916753768046,-198.13916753768046
2021-07-19 01:00:00,1438A,LYS,10.0,212.10549490011712,-202.10549490011712
2021-07-19 02:00:00,1438A,LYS,10.0,212.14178278276245,-202.14178278276245
2021-07-19 03:00:00,1438A,LYS,10.0,210.21401678386147,-200.21401678386147
2021-07-19 04:00:00,1438A,LYS,9.0,209.82097260102495,-200.82097260102495
2021-07-19 05:00:00,1438A,LYS,10.0,208.81950494340128,-198.81950494340128
2021-07-19 06:00:00,1438A,LYS,10.0,208.80148051477858,-198.80148051477858
2021-07-19 07:00:00,1438A,LYS,13.0,208.24513429090447,-195.24513429090447
2021-07-19 08:00:00,1438A,LYS,19.0,207.49790243152788,-188.49790243152788
2021-07-19 09:00:00,1438A,LYS,12.0,206.60915613709378,-194.60915613709378
2021-07-19 10:00:00,1438A,LYS,17.0,206.1367098957077,-189.1367098957077
2021-07-19 11:00:00,1438A,LYS,34.0,208.18812564911244,-174.18812564911244
2021-07-19 12:00:00,1438A,LYS,34.0,210.16605208397257,-176.16605208397257
2021-07-19 13:00:00,1438A,LYS,23.0,210.36092853005565,-187.36092853005565
2021-07-19 14:00:00,1438A,LYS,23.0,210.7990618116895,-187.7990618116895
2021-07-19 15:00:00,1438A,LYS,24.0,210.74400816686455,-186.74400816686455
2021-07-19 16:00:00,1438A,LYS,25.0,210.30987882679565,-185.30987882679565
2021-07-19 17:00:00,1438A,LYS,29.0,210.2482418215575,-181.2482418215575
2021-07-19 18:00:00,1438A,LYS,27.0,211.16499869897604,-184.16499869897604
2021-07-19 19:00:00,1438A,LYS,23.0,212.63881984694672,-189.63881984694672
2021-07-19 20:00:00,1438A,LYS,18.0,212.83397857609538,-194.83397857609538
2021-07-19 21:00:00,1438A,LYS,27.0,212.69206473350084,-185.69206473350084
2021-07-19 22:00:00,1438A,LYS,25.0,213.34588660663775,-188.34588660663775
2021-07-19 23:00:00,1438A,LYS,17.0,213.524055635326,-196.524055635326
2021-07-20 00:00:00,1438A,LYS,6.0,212.75915516355684,-206.75915516355684
2021-07-20 01:00:00,1438A,LYS,3.0,212.7254825259935,-209.7254825259935
2021-07-20 02:00:00,1438A,LYS,6.0,212.76177040863882,-206.76177040863882
2021-07-20 03:00:00,1438A,LYS,6.0,210.83400440973784,-204.83400440973784
2021-07-20 04:00:00,1438A,LYS,6.0,210.44096022690132,-204.44096022690132
2021-07-20 05:00:00,1438A,LYS,5.0,209.43949256927766,-204.43949256927766
2021-07-20 06:00:00,1438A,LYS,5.0,209.42146814065495,-204.42146814065495
2021-07-20 07:00:00,1438A,LYS,4.0,208.86512191678085,-204.86512191678085
2021-07-20 08:00:00,1438A,LYS,5.0,208.11789005740425,-203.11789005740425
2021-07-20 09:00:00,1438A,LYS,5.0,207.22914376297015,-202.22914376297015
2021-07-20 10:00:00,1438A,LYS,5.0,206.75669752158407,-201.75669752158407
2021-07-20 11:00:00,1438A,LYS,6.0,208.8081132749888,-202.8081132749888
2021-07-20 12:00:00,1438A,LYS,21.0,210.78603970984895,-189.78603970984895
2021-07-20 13:00:00,1438A,LYS,28.0,210.98091615593202,-182.98091615593202
2021-07-20 14:00:00,1438A,LYS,30.0,211.4190494375659,-181.4190494375659
2021-07-20 15:00:00,1438A,LYS,20.0,211.36399579274092,-191.36399579274092
2021-07-20 16:00:00,1438A,LYS,8.0,210.92986645267203,-202.92986645267203
2021-07-20 17:00:00,1438A,LYS,8.0,210.8682294474339,-202.8682294474339
2021-07-20 18:00:00,1438A,LYS,10.0,211.7849863248524,-201.7849863248524
2021-07-20 19:00:00,1438A,LYS,12.0,213.2588074728231,-201.2588074728231
2021-07-20 20:00:00,1438A,LYS,14.0,213.45396620197175,-199.45396620197175
2021-07-20 21:00:00,1438A,LYS,15.0,213.31205235937722,-198.31205235937722
2021-07-20 22:00:00,1438A,LYS,18.0,213.96587423251412,-195.96587423251412
2021-07-20 23:00:00,1438A,LYS,8.0,214.14404326120237,-206.14404326120237
2021-07-21 00:00:00,1438A,LYS,9.0,213.37914278943322,-204.37914278943322
2021-07-21 01:00:00,1438A,LYS,7.0,213.34547015186988,-206.34547015186988
2021-07-21 02:00:00,1438A,LYS,15.0,213.3817580345152,-198.3817580345152
2021-07-21 03:00:00,1438A,LYS,14.0,211.45399203561422,-197.45399203561422
2021-07-21 04:00:00,1438A,LYS,12.0,211.0609478527777,-199.0609478527777
2021-07-21 05:00:00,1438A,LYS,11.0,210.05948019515404,-199.05948019515404
2021-07-21 06:00:00,1438A,LYS,10.0,210.04145576653133,-200.04145576653133
2021-07-21 07:00:00,1438A,LYS,14.0,209.48510954265723,-195.48510954265723
2021-07-21 08:00:00,1438A,LYS,10.0,208.73787768328063,-198.73787768328063
2021-07-21 09:00:00,1438A,LYS,12.0,207.84913138884653,-195.84913138884653
2021-07-21 10:00:00,1438A,LYS,12.0,207.37668514746045,-195.37668514746045
2021-07-21 11:00:00,1438A,LYS,17.0,209.4281009008652,-192.4281009008652
2021-07-21 12:00:00,1438A,LYS,17.0,211.40602733572533,-194.40602733572533
2021-07-21 13:00:00,1438A,LYS,20.0,211.6009037818084,-191.6009037818084
2021-07-21 14:00:00,1438A,LYS,23.0,212.03903706344227,-189.03903706344227
2021-07-21 15:00:00,1438A,LYS,23.0,211.9839834186173,-188.9839834186173
2021-07-21 16:00:00,1438A,LYS,24.0,211.5498540785484,-187.5498540785484
2021-07-21 17:00:00,1438A,LYS,23.0,211.48821707331027,-188.48821707331027
2021-07-21 18:00:00,1438A,LYS,23.0,212.4049739507288,-189.4049739507288
2021-07-21 19:00:00,1438A,LYS,21.0,213.87879509869947,-192.87879509869947
2021-07-21 20:00:00,1438A,LYS,20.0,214.07395382784813,-194.07395382784813
2021-07-21 21:00:00,1438A,LYS,19.0,213.9320399852536,-194.9320399852536
2021-07-21 22:00:00,1438A,LYS,16.0,214.5858618583905,-198.5858618583905
2021-07-21 23:00:00,1438A,LYS,18.0,214.76403088707875,-196.76403088707875
2021-07-22 00:00:00,1438A,LYS,22.0,213.9991304153096,-191.9991304153096
2021-07-22 01:00:00,1438A,LYS,20.0,213.96545777774625,-193.96545777774625
2021-07-22 02:00:00,1438A,LYS,24.0,214.00174566039158,-190.00174566039158
2021-07-22 03:00:00,1438A,LYS,17.0,212.0739796614906,-195.0739796614906
2021-07-22 04:00:00,1438A,LYS,7.0,211.68093547865408,-204.68093547865408
2021-07-22 05:00:00,1438A,LYS,7.0,210.6794678210304,-203.6794678210304
2021-07-22 06:00:00,1438A,LYS,9.0,210.6614433924077,-201.6614433924077
2021-07-22 07:00:00,1438A,LYS,8.0,210.1050971685336,-202.1050971685336
2021-07-22 08:00:00,1438A,LYS,13.0,209.357865309157,-196.357865309157
2021-07-22 09:00:00,1438A,LYS,13.0,208.4691190147229,-195.4691190147229
2021-07-22 10:00:00,1438A,LYS,15.0,207.99667277333683,-192.99667277333683
2021-07-22 11:00:00,1438A,LYS,20.0,210.04808852674157,-190.04808852674157
2021-07-22 12:00:00,1438A,LYS,24.0,212.0260149616017,-188.0260149616017
2021-07-22 13:00:00,1438A,LYS,31.0,212.22089140768477,-181.22089140768477
2021-07-22 14:00:00,1438A,LYS,21.0,212.65902468931864,-191.65902468931864
2021-07-22 15:00:00,1438A,LYS,20.0,212.60397104449368,-192.60397104449368
2021-07-22 16:00:00,1438A,LYS,22.0,212.16984170442478,-190.16984170442478
2021-07-22 17:00:00,1438A,LYS,21.0,212.10820469918664,-191.10820469918664
2021-07-22 18:00:00,1438A,LYS,29.0,213.02496157660516,-184.02496157660516
2021-07-22 19:00:00,1438A,LYS,26.0,214.49878272457585,-188.49878272457585
2021-07-22 20:00:00,1438A,LYS,24.0,214.6939414537245,-190.6939414537245
2021-07-22 21:00:00,1438A,LYS,22.0,214.55202761112997,-192.55202761112997
2021-07-22 22:00:00,1438A,LYS,24.0,215.20584948426688,-191.20584948426688
2021-07-22 23:00:00,1438A,LYS,21.0,215.38401851295512,-194.38401851295512
2021-07-23 00:00:00,1438A,LYS,19.0,214.61911804118597,-195.61911804118597
2021-07-23 01:00:00,1438A,LYS,18.0,214.58544540362263,-196.58544540362263
2021-07-23 02:00:00,1438A,LYS,20.0,214.62173328626795,-194.62173328626795
2021-07-23 03:00:00,1438A,LYS,17.0,212.69396728736697,-195.69396728736697
2021-07-23 04:00:00,1438A,LYS,21.0,212.30092310453045,-191.30092310453045
2021-07-23 05:00:00,1438A,LYS,25.0,211.2994554469068,-186.2994554469068
2021-07-23 06:00:00,1438A,LYS,28.0,211.28143101828408,-183.28143101828408
2021-07-23 07:00:00,1438A,LYS,21.0,210.72508479440998,-189.72508479440998
2021-07-23 08:00:00,1438A,LYS,19.0,209.97785293503338,-190.97785293503338
2021-07-23 09:00:00,1438A,LYS,21.0,209.08910664059928,-188.08910664059928
2021-07-23 10:00:00,1438A,LYS,23.0,208.6166603992132,-185.6166603992132
2021-07-23 11:00:00,1438A,LYS,23.0,210.66807615261794,-187.66807615261794
2021-07-23 12:00:00,1438A,LYS,37.0,212.64600258747808,-175.64600258747808
2021-07-23 13:00:00,1438A,LYS,25.0,212.84087903356115,-187.84087903356115
2021-07-23 14:00:00,1438A,LYS,21.0,213.27901231519502,-192.27901231519502
2021-07-23 15:00:00,1438A,LYS,18.0,213.22395867037005,-195.22395867037005
2021-07-23 16:00:00,1438A,LYS,,212.78982933030116,
2021-07-23 17:00:00,1438A,LYS,25.0,212.72819232506302,-187.72819232506302
2021-07-23 18:00:00,1438A,LYS,24.0,213.64494920248154,-189.64494920248154
2021-07-23 19:00:00,1438A,LYS,24.0,215.11877035045222,-191.11877035045222
2021-07-23 20:00:00,1438A,LYS,27.0,215.31392907960088,-188.31392907960088
2021-07-23 21:00:00,1438A,LYS,30.0,215.17201523700635,-185.17201523700635
2021-07-23 22:00:00,1438A,LYS,30.0,215.82583711014325,-185.82583711014325
2021-07-23 23:00:00,1438A,LYS,27.0,216.0040061388315,-189.0040061388315
2021-07-24 00:00:00,1438A,LYS,25.0,215.23910566706235,-190.23910566706235
2021-07-24 01:00:00,1438A,LYS,27.0,215.205433029499,-188.205433029499
2021-07-24 02:00:00,1438A,LYS,26.0,215.24172091214433,-189.24172091214433
2021-07-24 03:00:00,1438A,LYS,26.0,213.31395491324335,-187.31395491324335
2021-07-24 04:00:00,1438A,LYS,26.0,212.92091073040683,-186.92091073040683
2021-07-24 05:00:00,1438A,LYS,30.0,211.91944307278317,-181.91944307278317
2021-07-24 06:00:00,1438A,LYS,27.0,211.90141864416046,-184.90141864416046
2021-07-24 07:00:00,1438A,LYS,23.0,211.34507242028636,-188.34507242028636
2021-07-24 08:00:00,1438A,LYS,19.0,210.59784056090976,-191.59784056090976
2021-07-24 09:00:00,1438A,LYS,23.0,209.70909426647566,-186.70909426647566
2021-07-24 10:00:00,1438A,LYS,30.0,209.23664802508958,-179.23664802508958
2021-07-24 11:00:00,1438A,LYS,32.0,211.28806377849432,-179.28806377849432
2021-07-24 12:00:00,1438A,LYS,21.0,213.26599021335446,-192.26599021335446
2021-07-24 13:00:00,1438A,LYS,17.0,213.46086665943753,-196.46086665943753
2021-07-24 14:00:00,1438A,LYS,16.0,213.8989999410714,-197.8989999410714
2021-07-24 15:00:00,1438A,LYS,20.0,213.84394629624643,-193.84394629624643
2021-07-24 16:00:00,1438A,LYS,19.0,213.40981695617754,-194.40981695617754
2021-07-24 17:00:00,1438A,LYS,10.0,213.3481799509394,-203.3481799509394
2021-07-24 18:00:00,1438A,LYS,12.0,214.26493682835792,-202.26493682835792
2021-07-24 19:00:00,1438A,LYS,14.0,215.7387579763286,-201.7387579763286
2021-07-24 20:00:00,1438A,LYS,18.0,215.93391670547726,-197.93391670547726
2021-07-24 21:00:00,1438A,LYS,18.0,215.79200286288273,-197.79200286288273
2021-07-24 22:00:00,1438A,LYS,23.0,216.44582473601963,-193.44582473601963
2021-07-24 23:00:00,1438A,LYS,22.0,216.62399376470788,-194.62399376470788
2021-07-25 00:00:00,1438A,LYS,12.0,215.85909329293872,-203.85909329293872
2021-07-25 01:00:00,1438A,LYS,15.0,215.82542065537538,-200.82542065537538
2021-07-25 02:00:00,1438A,LYS,22.0,215.8617085380207,-193.8617085380207
2021-07-25 03:00:00,1438A,LYS,25.0,213.93394253911973,-188.93394253911973
2021-07-25 04:00:00,1438A,LYS,24.0,213.5408983562832,-189.5408983562832
2021-07-25 05:00:00,1438A,LYS,16.0,212.53943069865954,-196.53943069865954
2021-07-25 06:00:00,1438A,LYS,15.0,212.52140627003683,-197.52140627003683
2021-07-25 07:00:00,1438A,LYS,18.0,211.96506004616273,-193.96506004616273
2021-07-25 08:00:00,1438A,LYS,22.0,211.21782818678614,-189.21782818678614
2021-07-25 09:00:00,1438A,LYS,18.0,210.32908189235204,-192.32908189235204
2021-07-25 10:00:00,1438A,LYS,24.0,209.85663565096596,-185.85663565096596
2021-07-25 11:00:00,1438A,LYS,27.0,211.9080514043707,-184.9080514043707
2021-07-25 12:00:00,1438A,LYS,22.0,213.88597783923083,-191.88597783923083
2021-07-25 13:00:00,1438A,LYS,23.0,214.0808542853139,-191.0808542853139
2021-07-25 14:00:00,1438A,LYS,26.0,214.51898756694777,-188.51898756694777
2021-07-25 15:00:00,1438A,LYS,25.0,214.4639339221228,-189.4639339221228
2021-07-25 16:00:00,1438A,LYS,19.0,214.0298045820539,-195.0298045820539
2021-07-25 17:00:00,1438A,LYS,18.0,213.96816757681577,-195.96816757681577
2021-07-25 18:00:00,1438A,LYS,20.0,214.8849244542343,-194.8849244542343
2021-07-25 19:00:00,1438A,LYS,25.0,216.35874560220498,-191.35874560220498
2021-07-25 20:00:00,1438A,LYS,,216.55390433135364,
2021-07-25 21:00:00,1438A,LYS,23.0,216.4119904887591,-193.4119904887591
2021-07-25 22:00:00,1438A,LYS,27.0,217.065812361896,-190.065812361896
2021-07-25 23:00:00,1438A,LYS,30.0,217.24398139058425,-187.24398139058425
2021-07-26 00:00:00,1438A,LYS,30.0,216.4790809188151,-186.4790809188151
2021-07-26 01:00:00,1438A,LYS,28.0,216.44540828125176,-188.44540828125176
2021-07-26 02:00:00,1438A,LYS,29.0,216.48169616389708,-187.48169616389708
2021-07-26 03:00:00,1438A,LYS,31.0,214.5539301649961,-183.5539301649961
2021-07-26 04:00:00,1438A,LYS,3.0,214.16088598215958,-211.16088598215958
2021-07-26 05:00:00,1438A,LYS,5.0,213.15941832453592,-208.15941832453592
2021-07-26 06:00:00,1438A,LYS,3.0,213.1413938959132,-210.1413938959132
2021-07-26 07:00:00,1438A,LYS,3.0,212.5850476720391,-209.5850476720391
2021-07-26 08:00:00,1438A,LYS,6.0,211.8378158126625,-205.8378158126625
2021-07-26 09:00:00,1438A,LYS,11.0,210.9490695182284,-199.9490695182284
2021-07-26 10:00:00,1438A,LYS,6.0,210.47662327684233,-204.47662327684233
2021-07-26 11:00:00,1438A,LYS,7.0,212.52803903024707,-205.52803903024707
2021-07-26 12:00:00,1438A,LYS,12.0,214.5059654651072,-202.5059654651072
2021-07-26 13:00:00,1438A,LYS,13.0,214.70084191119028,-201.70084191119028
2021-07-26 14:00:00,1438A,LYS,14.0,215.13897519282415,-201.13897519282415
2021-07-26 15:00:00,1438A,LYS,12.0,215.08392154799918,-203.08392154799918
2021-07-26 16:00:00,1438A,LYS,8.0,214.6497922079303,-206.6497922079303
2021-07-26 17:00:00,1438A,LYS,5.0,214.58815520269215,-209.58815520269215
2021-07-26 18:00:00,1438A,LYS,4.0,215.50491208011067,-211.50491208011067
2021-07-26 19:00:00,1438A,LYS,5.0,216.97873322808135,-211.97873322808135
2021-07-26 20:00:00,1438A,LYS,4.0,217.17389195723,-213.17389195723
2021-07-26 21:00:00,1438A,LYS,4.0,217.03197811463548,-213.03197811463548
2021-07-26 22:00:00,1438A,LYS,4.0,217.68579998777238,-213.68579998777238
2021-07-26 23:00:00,1438A,LYS,5.0,217.86396901646063,-212.86396901646063
2021-07-27 00:00:00,1438A,LYS,5.0,217.09906854469148,-212.09906854469148
2021-07-27 01:00:00,1438A,LYS,5.0,217.06539590712813,-212.06539590712813
2021-07-27 02:00:00,1438A,LYS,6.0,217.10168378977346,-211.10168378977346
2021-07-27 03:00:00,1438A,LYS,5.0,215.17391779087248,-210.17391779087248
2021-07-27 04:00:00,1438A,LYS,4.0,214.78087360803596,-210.78087360803596
2021-07-27 05:00:00,1438A,LYS,4.0,213.7794059504123,-209.7794059504123
2021-07-27 06:00:00,1438A,LYS,4.0,213.7613815217896,-209.7613815217896
2021-07-27 07:00:00,1438A,LYS,5.0,213.2050352979155,-208.2050352979155
2021-07-27 08:00:00,1438A,LYS,4.0,212.4578034385389,-208.4578034385389
2021-07-27 09:00:00,1438A,LYS,4.0,211.5690571441048,-207.5690571441048
2021-07-27 10:00:00,1438A,LYS,4.0,211.0966109027187,-207.0966109027187
2021-07-27 11:00:00,1438A,LYS,4.0,213.14802665612345,-209.14802665612345
2021-07-27 12:00:00,1438A,LYS,4.0,215.1259530909836,-211.1259530909836
2021-07-27 13:00:00,1438A,LYS,5.0,215.32082953706666,-210.32082953706666
2021-07-27 14:00:00,1438A,LYS,6.0,215.75896281870052,-209.75896281870052
2021-07-27 15:00:00,1438A,LYS,8.0,215.70390917387556,-207.70390917387556
2021-07-27 16:00:00,1438A,LYS,9.0,215.26977983380667,-206.26977983380667
2021-07-27 17:00:00,1438A,LYS,7.0,215.20814282856853,-208.20814282856853
2021-07-27 18:00:00,1438A,LYS,7.0,216.12489970598705,-209.12489970598705
2021-07-27 19:00:00,1438A,LYS,7.0,217.59872085395773,-210.59872085395773
2021-07-27 20:00:00,1438A,LYS,7.0,217.7938795831064,-210.7938795831064
2021-07-27 21:00:00,1438A,LYS,7.0,217.65196574051186,-210.65196574051186
2021-07-27 22:00:00,1438A,LYS,8.0,218.30578761364876,-210.30578761364876
2021-07-27 23:00:00,1438A,LYS,7.0,218.483956642337,-211.483956642337
2021-07-28 00:00:00,1438A,LYS,7.0,217.71905617056785,-210.71905617056785
2021-07-28 01:00:00,1438A,LYS,7.0,217.6853835330045,-210.6853835330045
2021-07-28 02:00:00,1438A,LYS,8.0,217.72167141564984,-209.72167141564984
2021-07-28 03:00:00,1438A,LYS,8.0,215.79390541674886,-207.79390541674886
2021-07-28 04:00:00,1438A,LYS,7.0,215.40086123391234,-208.40086123391234
2021-07-28 05:00:00,1438A,LYS,7.0,214.39939357628867,-207.39939357628867
2021-07-28 06:00:00,1438A,LYS,7.0,214.38136914766596,-207.38136914766596
2021-07-28 07:00:00,1438A,LYS,8.0,213.82502292379186,-205.82502292379186
2021-07-28 08:00:00,1438A,LYS,8.0,213.07779106441527,-205.07779106441527
2021-07-28 09:00:00,1438A,LYS,7.0,212.18904476998117,-205.18904476998117
2021-07-28 10:00:00,1438A,LYS,8.0,211.71659852859509,-203.71659852859509
2021-07-28 11:00:00,1438A,LYS,8.0,213.76801428199983,-205.76801428199983
2021-07-28 12:00:00,1438A,LYS,14.0,215.74594071685996,-201.74594071685996
2021-07-28 13:00:00,1438A,LYS,15.0,215.94081716294303,-200.94081716294303
2021-07-28 14:00:00,1438A,LYS,13.0,216.3789504445769,-203.3789504445769
2021-07-28 15:00:00,1438A,LYS,12.0,216.32389679975194,-204.32389679975194
2021-07-28 16:00:00,1438A,LYS,13.0,215.88976745968304,-202.88976745968304
2021-07-28 17:00:00,1438A,LYS,15.0,215.8281304544449,-200.8281304544449
2021-07-28 18:00:00,1438A,LYS,15.0,216.74488733186342,-201.74488733186342
2021-07-28 19:00:00,1438A,LYS,19.0,218.2187084798341,-199.2187084798341
2021-07-28 20:00:00,1438A,LYS,19.0,218.41386720898277,-199.41386720898277
2021-07-28 21:00:00,1438A,LYS,16.0,218.27195336638823,-202.27195336638823
2021-07-28 22:00:00,1438A,LYS,16.0,218.92577523952514,-202.92577523952514
2021-07-28 23:00:00,1438A,LYS,16.0,219.10394426821338,-203.10394426821338
2021-07-29 00:00:00,1438A,LYS,15.0,218.33904379644423,-203.33904379644423
2021-07-29 01:00:00,1438A,LYS,14.0,218.3053711588809,-204.3053711588809
2021-07-29 02:00:00,1438A,LYS,14.0,218.3416590415262,-204.3416590415262
2021-07-29 03:00:00,1438A,LYS,13.0,216.41389304262523,-203.41389304262523
2021-07-29 04:00:00,1438A,LYS,11.0,216.0208488597887,-205.0208488597887
2021-07-29 05:00:00,1438A,LYS,11.0,215.01938120216505,-204.01938120216505
2021-07-29 06:00:00,1438A,LYS,12.0,215.00135677354234,-203.00135677354234
2021-07-29 07:00:00,1438A,LYS,10.0,214.44501054966824,-204.44501054966824
2021-07-29 08:00:00,1438A,LYS,10.0,213.69777869029164,-203.69777869029164
2021-07-29 09:00:00,1438A,LYS,9.0,212.80903239585754,-203.80903239585754
2021-07-29 10:00:00,1438A,LYS,9.0,212.33658615447146,-203.33658615447146
2021-07-29 11:00:00,1438A,LYS,9.0,214.3880019078762,-205.3880019078762
2021-07-29 12:00:00,1438A,LYS,11.0,216.36592834273634,-205.36592834273634
2021-07-29 13:00:00,1438A,LYS,16.0,216.5608047888194,-200.5608047888194
2021-07-29 14:00:00,1438A,LYS,17.0,216.99893807045328,-199.99893807045328
2021-07-29 15:00:00,1438A,LYS,18.0,216.9438844256283,-198.9438844256283
2021-07-29 16:00:00,1438A,LYS,18.0,216.50975508555942,-198.50975508555942
2021-07-29 17:00:00,1438A,LYS,22.0,216.44811808032128,-194.44811808032128
2021-07-29 18:00:00,1438A,LYS,17.0,217.3648749577398,-200.3648749577398
2021-07-29 19:00:00,1438A,LYS,16.0,218.83869610571048,-202.83869610571048
2021-07-29 20:00:00,1438A,LYS,17.0,219.03385483485914,-202.03385483485914
2021-07-29 21:00:00,1438A,LYS,17.0,218.8919409922646,-201.8919409922646
2021-07-29 22:00:00,1438A,LYS,19.0,219.5457628654015,-200.5457628654015
2021-07-29 23:00:00,1438A,LYS,18.0,219.72393189408976,-201.72393189408976
2021-07-30 00:00:00,1438A,LYS,15.0,218.9590314223206,-203.9590314223206
2021-07-30 01:00:00,1438A,LYS,13.0,218.92535878475726,-205.92535878475726
2021-07-30 02:00:00,1438A,LYS,11.0,218.9616466674026,-207.9616466674026
2021-07-30 03:00:00,1438A,LYS,10.0,217.0338806685016,-207.0338806685016
2021-07-30 04:00:00,1438A,LYS,10.0,216.6408364856651,-206.6408364856651
2021-07-30 05:00:00,1438A,LYS,9.0,215.63936882804143,-206.63936882804143
2021-07-30 06:00:00,1438A,LYS,9.0,215.62134439941872,-206.62134439941872
2021-07-30 07:00:00,1438A,LYS,9.0,215.06499817554462,-206.06499817554462
2021-07-30 08:00:00,1438A,LYS,9.0,214.31776631616802,-205.31776631616802
2021-07-30 09:00:00,1438A,LYS,9.0,213.42902002173392,-204.42902002173392
2021-07-30 10:00:00,1438A,LYS,9.0,212.95657378034784,-203.95657378034784
2021-07-30 11:00:00,1438A,LYS,11.0,215.00798953375258,-204.00798953375258
2021-07-30 12:00:00,1438A,LYS,20.0,216.98591596861272,-196.98591596861272
2021-07-30 13:00:00,1438A,LYS,23.0,217.1807924146958,-194.1807924146958
2021-07-30 14:00:00,1438A,LYS,20.0,217.61892569632965,-197.61892569632965
2021-07-30 15:00:00,1438A,LYS,20.0,217.5638720515047,-197.5638720515047
2021-07-30 16:00:00,1438A,LYS,22.0,217.1297427114358,-195.1297427114358
2021-07-30 17:00:00,1438A,LYS,25.0,217.06810570619766,-192.06810570619766
2021-07-30 18:00:00,1438A,LYS,25.0,217.98486258361618,-192.98486258361618
2021-07-30 19:00:00,1438A,LYS,21.0,219.45868373158686,-198.45868373158686
2021-07-30 20:00:00,1438A,LYS,18.0,219.65384246073552,-201.65384246073552
2021-07-30 21:00:00,1438A,LYS,18.0,219.51192861814098,-201.51192861814098
2021-07-30 22:00:00,1438A,LYS,21.0,220.1657504912779,-199.1657504912779
2021-07-30 23:00:00,1438A,LYS,21.0,220.34391951996614,-199.34391951996614
2021-07-31 00:00:00,1438A,LYS,15.0,219.57901904819698,-204.57901904819698
2021-07-31 01:00:00,1438A,LYS,14.0,219.54534641063364,-205.54534641063364
2021-07-31 02:00:00,1438A,LYS,11.0,219.58163429327897,-208.58163429327897
2021-07-31 03:00:00,1438A,LYS,10.0,217.653868294378,-207.653868294378
2021-07-31 04:00:00,1438A,LYS,10.0,217.26082411154147,-207.26082411154147
2021-07-31 05:00:00,1438A,LYS,8.0,216.2593564539178,-208.2593564539178
2021-07-31 06:00:00,1438A,LYS,8.0,216.2413320252951,-208.2413320252951
2021-07-31 07:00:00,1438A,LYS,8.0,215.684985801421,-207.684985801421
2021-07-31 08:00:00,1438A,LYS,8.0,214.9377539420444,-206.9377539420444
2021-07-31 09:00:00,1438A,LYS,8.0,214.0490076476103,-206.0490076476103
2021-07-31 10:00:00,1438A,LYS,8.0,213.57656140622422,-205.57656140622422
2021-07-31 11:00:00,1438A,LYS,8.0,215.62797715962895,-207.62797715962895
2021-07-31 12:00:00,1438A,LYS,17.0,217.6059035944891,-200.6059035944891
2021-07-31 13:00:00,1438A,LYS,20.0,217.80078004057216,-197.80078004057216
2021-07-31 14:00:00,1438A,LYS,18.0,218.23891332220603,-200.23891332220603
2021-07-31 15:00:00,1438A,LYS,22.0,218.18385967738107,-196.18385967738107
2021-07-31 16:00:00,1438A,LYS,27.0,217.74973033731217,-190.74973033731217
2021-07-31 17:00:00,1438A,LYS,27.0,217.68809333207403,-190.68809333207403
2021-07-31 18:00:00,1438A,LYS,29.0,218.60485020949255,-189.60485020949255
2021-07-31 19:00:00,1438A,LYS,19.0,220.07867135746324,-201.07867135746324
2021-07-31 20:00:00,1438A,LYS,18.0,220.2738300866119,-202.2738300866119
2021-07-31 21:00:00,1438A,LYS,17.0,220.13191624401736,-203.13191624401736
2021-07-31 22:00:00,1438A,LYS,18.0,220.78573811715427,-202.78573811715427
2021-07-31 23:00:00,1438A,LYS,25.0,220.9639071458425,-195.9639071458425
2021-08-01 00:00:00,1438A,LYS,27.0,220.19900667407336,-193.19900667407336
2021-08-01 01:00:00,1438A,LYS,24.0,220.16533403651002,-196.16533403651002
2021-08-01 02:00:00,1438A,LYS,21.0,220.20162191915534,-199.20162191915534
2021-08-01 03:00:00,1438A,LYS,19.0,218.27385592025436,-199.27385592025436
2021-08-01 04:00:00,1438A,LYS,16.0,217.88081173741784,-201.88081173741784
2021-08-01 05:00:00,1438A,LYS,15.0,216.87934407979418,-201.87934407979418
2021-08-01 06:00:00,1438A,LYS,14.0,216.86131965117147,-202.86131965117147
2021-08-01 07:00:00,1438A,LYS,14.0,216.30497342729737,-202.30497342729737
2021-08-01 08:00:00,1438A,LYS,13.0,215.55774156792077,-202.55774156792077
2021-08-01 09:00:00,1438A,LYS,12.0,214.66899527348667,-202.66899527348667
2021-08-01 10:00:00,1438A,LYS,12.0,214.1965490321006,-202.1965490321006
2021-08-01 11:00:00,1438A,LYS,13.0,216.24796478550533,-203.24796478550533
2021-08-01 12:00:00,1438A,LYS,22.0,218.22589122036547,-196.22589122036547
2021-08-01 13:00:00,1438A,LYS,23.0,218.42076766644854,-195.42076766644854
2021-08-01 14:00:00,1438A,LYS,30.0,218.8589009480824,-188.8589009480824
2021-08-01 15:00:00,1438A,LYS,28.0,218.80384730325744,-190.80384730325744
2021-08-01 16:00:00,1438A,LYS,26.0,218.36971796318855,-192.36971796318855
2021-08-01 17:00:00,1438A,LYS,27.0,218.3080809579504,-191.3080809579504
2021-08-01 18:00:00,1438A,LYS,28.0,219.22483783536893,-191.22483783536893
2021-08-01 19:00:00,1438A,LYS,28.0,220.6986589833396,-192.6986589833396
2021-08-01 20:00:00,1438A,LYS,31.0,220.89381771248827,-189.89381771248827
2021-08-01 21:00:00,1438A,LYS,33.0,220.75190386989374,-187.75190386989374
2021-08-01 22:00:00,1438A,LYS,29.0,221.40572574303064,-192.40572574303064
2021-08-01 23:00:00,1438A,LYS,31.0,221.5838947717189,-190.5838947717189
2021-08-02 00:00:00,1438A,LYS,31.0,220.81899429994974,-189.81899429994974
2021-08-02 01:00:00,1438A,LYS,30.0,220.7853216623864,-190.7853216623864
2021-08-02 02:00:00,1438A,LYS,28.0,220.82160954503172,-192.82160954503172
2021-08-02 03:00:00,1438A,LYS,28.0,218.89384354613074,-190.89384354613074
2021-08-02 04:00:00,1438A,LYS,26.0,218.50079936329422,-192.50079936329422
2021-08-02 05:00:00,1438A,LYS,24.0,217.49933170567056,-193.49933170567056
2021-08-02 06:00:00,1438A,LYS,22.0,217.48130727704785,-195.48130727704785
2021-08-02 07:00:00,1438A,LYS,20.0,216.92496105317375,-196.92496105317375
2021-08-02 08:00:00,1438A,LYS,19.0,216.17772919379715,-197.17772919379715
2021-08-02 09:00:00,1438A,LYS,18.0,215.28898289936305,-197.28898289936305
2021-08-02 10:00:00,1438A,LYS,18.0,214.81653665797697,-196.81653665797697
2021-08-02 11:00:00,1438A,LYS,18.0,216.8679524113817,-198.8679524113817
2021-08-02 12:00:00,1438A,LYS,22.0,218.84587884624185,-196.84587884624185
2021-08-02 13:00:00,1438A,LYS,20.0,219.04075529232492,-199.04075529232492
2021-08-02 14:00:00,1438A,LYS,17.0,219.47888857395878,-202.47888857395878
2021-08-02 15:00:00,1438A,LYS,17.0,219.42383492913382,-202.42383492913382
2021-08-02 16:00:00,1438A,LYS,15.0,218.98970558906493,-203.98970558906493
2021-08-02 17:00:00,1438A,LYS,13.0,218.92806858382679,-205.92806858382679
2021-08-02 18:00:00,1438A,LYS,13.0,219.8448254612453,-206.8448254612453
2021-08-02 19:00:00,1438A,LYS,16.0,221.318646609216,-205.318646609216
2021-08-02 20:00:00,1438A,LYS,17.0,221.51380533836465,-204.51380533836465
2021-08-02 21:00:00,1438A,LYS,17.0,221.37189149577011,-204.37189149577011
2021-08-02 22:00:00,1438A,LYS,16.0,222.02571336890702,-206.02571336890702
2021-08-02 23:00:00,1438A,LYS,17.0,222.20388239759527,-205.20388239759527
2021-08-03 00:00:00,1438A,LYS,18.0,221.4389819258261,-203.4389819258261
2021-08-03 01:00:00,1438A,LYS,21.0,221.40530928826277,-200.40530928826277
2021-08-03 02:00:00,1438A,LYS,23.0,221.4415971709081,-198.4415971709081
2021-08-03 03:00:00,1438A,LYS,24.0,219.51383117200712,-195.51383117200712
2021-08-03 04:00:00,1438A,LYS,24.0,219.1207869891706,-195.1207869891706
2021-08-03 05:00:00,1438A,LYS,23.0,218.11931933154693,-195.11931933154693
2021-08-03 06:00:00,1438A,LYS,22.0,218.10129490292422,-196.10129490292422
2021-08-03 07:00:00,1438A,LYS,22.0,217.54494867905012,-195.54494867905012
2021-08-03 08:00:00,1438A,LYS,22.0,216.79771681967352,-194.79771681967352
2021-08-03 09:00:00,1438A,LYS,20.0,215.90897052523943,-195.90897052523943
2021-08-03 10:00:00,1438A,LYS,20.0,215.43652428385334,-195.43652428385334
2021-08-03 11:00:00,1438A,LYS,23.0,217.48794003725808,-194.48794003725808
2021-08-03 12:00:00,1438A,LYS,28.0,219.46586647211822,-191.46586647211822
2021-08-03 13:00:00,1438A,LYS,26.0,219.6607429182013,-193.6607429182013
2021-08-03 14:00:00,1438A,LYS,27.0,220.09887619983516,-193.09887619983516
2021-08-03 15:00:00,1438A,LYS,27.0,220.0438225550102,-193.0438225550102
2021-08-03 16:00:00,1438A,LYS,31.0,219.6096932149413,-188.6096932149413
2021-08-03 17:00:00,1438A,LYS,,219.54805620970316,
2021-08-03 18:00:00,1438A,LYS,,220.46481308712168,
2021-08-03 19:00:00,1438A,LYS,,221.93863423509237,
2021-08-03 20:00:00,1438A,LYS,,222.13379296424102,
2021-08-03 21:00:00,1438A,LYS,50.0,221.9918791216465,-171.9918791216465
2021-08-03 22:00:00,1438A,LYS,,222.6457009947834,
2021-08-03 23:00:00,1438A,LYS,41.0,222.82387002347164,-181.82387002347164
2021-08-04 00:00:00,1438A,LYS,36.0,222.0589695517025,-186.0589695517025
2021-08-04 01:00:00,1438A,LYS,,222.02529691413915,
2021-08-04 02:00:00,1438A,LYS,,222.06158479678447,
2021-08-04 03:00:00,1438A,LYS,,220.1338187978835,
2021-08-04 04:00:00,1438A,LYS,,219.74077461504697,
2021-08-04 05:00:00,1438A,LYS,,218.7393069574233,
2021-08-04 06:00:00,1438A,LYS,,218.7212825288006,
2021-08-04 07:00:00,1438A,LYS,,218.1649363049265,
2021-08-04 08:00:00,1438A,LYS,45.0,217.4177044455499,-172.4177044455499
2021-08-04 09:00:00,1438A,LYS,42.0,216.5289581511158,-174.5289581511158
2021-08-04 10:00:00,1438A,LYS,44.0,216.05651190972972,-172.05651190972972
2021-08-04 11:00:00,1438A,LYS,42.0,218.10792766313446,-176.10792766313446
2021-08-04 12:00:00,1438A,LYS,39.0,220.0858540979946,-181.0858540979946
2021-08-04 13:00:00,1438A,LYS,41.0,220.28073054407767,-179.28073054407767
2021-08-04 14:00:00,1438A,LYS,43.0,220.71886382571154,-177.71886382571154
2021-08-04 15:00:00,1438A,LYS,45.0,220.66381018088657,-175.66381018088657
2021-08-04 16:00:00,1438A,LYS,50.0,220.22968084081768,-170.22968084081768
2021-08-04 17:00:00,1438A,LYS,56.0,220.16804383557954,-164.16804383557954
2021-08-04 18:00:00,1438A,LYS,57.0,221.08480071299806,-164.08480071299806
2021-08-04 19:00:00,1438A,LYS,52.0,222.55862186096874,-170.55862186096874
2021-08-04 20:00:00,1438A,LYS,31.0,222.7537805901174,-191.7537805901174
2021-08-04 21:00:00,1438A,LYS,30.0,222.61186674752287,-192.61186674752287
2021-08-04 22:00:00,1438A,LYS,30.0,223.26568862065977,-193.26568862065977
2021-08-04 23:00:00,1438A,LYS,,223.44385764934802,
2021-08-05 00:00:00,1438A,LYS,17.0,222.67895717757887,-205.67895717757887
2021-08-05 01:00:00,1438A,LYS,18.0,222.64528454001552,-204.64528454001552
2021-08-05 02:00:00,1438A,LYS,13.0,222.68157242266085,-209.68157242266085
2021-08-05 03:00:00,1438A,LYS,4.0,220.75380642375987,-216.75380642375987
2021-08-05 04:00:00,1438A,LYS,4.0,220.36076224092335,-216.36076224092335
2021-08-05 05:00:00,1438A,LYS,2.0,219.3592945832997,-217.3592945832997
2021-08-05 06:00:00,1438A,LYS,3.0,219.34127015467698,-216.34127015467698
2021-08-05 07:00:00,1438A,LYS,5.0,218.78492393080288,-213.78492393080288
2021-08-05 08:00:00,1438A,LYS,5.0,218.03769207142628,-213.03769207142628
2021-08-05 09:00:00,1438A,LYS,7.0,217.14894577699218,-210.14894577699218
2021-08-05 10:00:00,1438A,LYS,,216.6764995356061,
2021-08-05 11:00:00,1438A,LYS,,218.72791528901084,
2021-08-05 12:00:00,1438A,LYS,,220.70584172387098,
2021-08-05 13:00:00,1438A,LYS,52.0,220.90071816995405,-168.90071816995405
2021-08-05 14:00:00,1438A,LYS,31.0,221.3388514515879,-190.3388514515879
2021-08-05 15:00:00,1438A,LYS,19.0,221.28379780676295,-202.28379780676295
2021-08-05 16:00:00,1438A,LYS,19.0,220.84966846669406,-201.84966846669406
2021-08-05 17:00:00,1438A,LYS,20.0,220.78803146145592,-200.78803146145592
2021-08-05 18:00:00,1438A,LYS,8.0,221.70478833887444,-213.70478833887444
2021-08-05 19:00:00,1438A,LYS,7.0,223.17860948684512,-216.17860948684512
2021-08-05 20:00:00,1438A,LYS,7.0,223.37376821599378,-216.37376821599378
2021-08-05 21:00:00,1438A,LYS,8.0,223.23185437339924,-215.23185437339924
2021-08-05 22:00:00,1438A,LYS,8.0,223.88567624653615,-215.88567624653615
2021-08-05 23:00:00,1438A,LYS,8.0,224.0638452752244,-216.0638452752244
2021-08-06 00:00:00,1438A,LYS,8.0,223.29894480345524,-215.29894480345524
2021-08-06 01:00:00,1438A,LYS,4.0,223.2652721658919,-219.2652721658919
2021-08-06 02:00:00,1438A,LYS,4.0,223.30156004853723,-219.30156004853723
2021-08-06 03:00:00,1438A,LYS,5.0,221.37379404963625,-216.37379404963625
2021-08-06 04:00:00,1438A,LYS,5.0,220.98074986679973,-215.98074986679973
2021-08-06 05:00:00,1438A,LYS,6.0,219.97928220917606,-213.97928220917606
2021-08-06 06:00:00,1438A,LYS,6.0,219.96125778055335,-213.96125778055335
2021-08-06 07:00:00,1438A,LYS,7.0,219.40491155667925,-212.40491155667925
2021-08-06 08:00:00,1438A,LYS,7.0,218.65767969730265,-211.65767969730265
2021-08-06 09:00:00,1438A,LYS,5.0,217.76893340286856,-212.76893340286856
2021-08-06 10:00:00,1438A,LYS,6.0,217.29648716148247,-211.29648716148247
2021-08-06 11:00:00,1438A,LYS,10.0,219.34790291488721,-209.34790291488721
2021-08-06 12:00:00,1438A,LYS,10.0,221.32582934974735,-211.32582934974735
2021-08-06 13:00:00,1438A,LYS,12.0,221.52070579583042,-209.52070579583042
2021-08-06 14:00:00,1438A,LYS,13.0,221.9588390774643,-208.9588390774643
2021-08-06 15:00:00,1438A,LYS,15.0,221.90378543263932,-206.90378543263932
2021-08-06 16:00:00,1438A,LYS,14.0,221.46965609257043,-207.46965609257043
2021-08-06 17:00:00,1438A,LYS,12.0,221.4080190873323,-209.4080190873323
2021-08-06 18:00:00,1438A,LYS,12.0,222.3247759647508,-210.3247759647508
2021-08-06 19:00:00,1438A,LYS,16.0,223.7985971127215,-207.7985971127215
2021-08-06 20:00:00,1438A,LYS,22.0,223.99375584187015,-201.99375584187015
2021-08-06 21:00:00,1438A,LYS,21.0,223.85184199927562,-202.85184199927562
2021-08-06 22:00:00,1438A,LYS,18.0,224.50566387241253,-206.50566387241253
2021-08-06 23:00:00,1438A,LYS,19.0,224.68383290110077,-205.68383290110077
2021-08-07 00:00:00,1438A,LYS,16.0,223.91893242933162,-207.91893242933162
2021-08-07 01:00:00,1438A,LYS,14.0,223.88525979176828,-209.88525979176828
2021-08-07 02:00:00,1438A,LYS,16.0,223.9215476744136,-207.9215476744136
2021-08-07 03:00:00,1438A,LYS,15.0,221.99378167551262,-206.99378167551262
2021-08-07 04:00:00,1438A,LYS,16.0,221.6007374926761,-205.6007374926761
2021-08-07 05:00:00,1438A,LYS,15.0,220.59926983505244,-205.59926983505244
2021-08-07 06:00:00,1438A,LYS,14.0,220.58124540642973,-206.58124540642973
2021-08-07 07:00:00,1438A,LYS,13.0,220.02489918255563,-207.02489918255563
2021-08-07 08:00:00,1438A,LYS,15.0,219.27766732317903,-204.27766732317903
2021-08-07 09:00:00,1438A,LYS,13.0,218.38892102874493,-205.38892102874493
2021-08-07 10:00:00,1438A,LYS,13.0,217.91647478735885,-204.91647478735885
2021-08-07 11:00:00,1438A,LYS,16.0,219.9678905407636,-203.9678905407636
2021-08-07 12:00:00,1438A,LYS,14.0,221.94581697562373,-207.94581697562373
2021-08-07 13:00:00,1438A,LYS,16.0,222.1406934217068,-206.1406934217068
2021-08-07 14:00:00,1438A,LYS,26.0,222.57882670334067,-196.57882670334067
2021-08-07 15:00:00,1438A,LYS,26.0,222.5237730585157,-196.5237730585157
2021-08-07 16:00:00,1438A,LYS,22.0,222.0896437184468,-200.0896437184468
2021-08-07 17:00:00,1438A,LYS,20.0,222.02800671320867,-202.02800671320867
2021-08-07 18:00:00,1438A,LYS,23.0,222.9447635906272,-199.9447635906272
2021-08-07 19:00:00,1438A,LYS,25.0,224.41858473859787,-199.41858473859787
2021-08-07 20:00:00,1438A,LYS,22.0,224.61374346774653,-202.61374346774653
2021-08-07 21:00:00,1438A,LYS,23.0,224.471829625152,-201.471829625152
2021-08-07 22:00:00,1438A,LYS,24.0,225.1256514982889,-201.1256514982889
2021-08-07 23:00:00,1438A,LYS,25.0,225.30382052697715,-200.30382052697715
2021-08-08 00:00:00,1438A,LYS,25.0,224.538920055208,-199.538920055208
2021-08-08 01:00:00,1438A,LYS,11.0,224.50524741764465,-213.50524741764465
2021-08-08 02:00:00,1438A,LYS,9.0,224.54153530028998,-215.54153530028998
2021-08-08 03:00:00,1438A,LYS,16.0,222.613769301389,-206.613769301389
2021-08-08 04:00:00,1438A,LYS,12.0,222.22072511855248,-210.22072511855248
2021-08-08 05:00:00,1438A,LYS,16.0,221.21925746092882,-205.21925746092882
2021-08-08 06:00:00,1438A,LYS,25.0,221.2012330323061,-196.2012330323061
2021-08-08 07:00:00,1438A,LYS,22.0,220.644886808432,-198.644886808432
2021-08-08 08:00:00,1438A,LYS,12.0,219.8976549490554,-207.8976549490554
2021-08-08 09:00:00,1438A,LYS,6.0,219.0089086546213,-213.0089086546213
2021-08-08 10:00:00,1438A,LYS,2.0,218.53646241323523,-216.53646241323523
2021-08-08 11:00:00,1438A,LYS,6.0,220.58787816663997,-214.58787816663997
2021-08-08 12:00:00,1438A,LYS,11.0,222.5658046015001,-211.5658046015001
2021-08-08 13:00:00,1438A,LYS,8.0,222.76068104758318,-214.76068104758318
2021-08-08 14:00:00,1438A,LYS,12.0,223.19881432921704,-211.19881432921704
2021-08-08 15:00:00,1438A,LYS,9.0,223.14376068439208,-214.14376068439208
2021-08-08 16:00:00,1438A,LYS,7.0,222.70963134432318,-215.70963134432318
2021-08-08 17:00:00,1438A,LYS,4.0,222.64799433908505,-218.64799433908505
2021-08-08 18:00:00,1438A,LYS,6.0,223.56475121650357,-217.56475121650357
2021-08-08 19:00:00,1438A,LYS,6.0,225.03857236447425,-219.03857236447425
2021-08-08 20:00:00,1438A,LYS,7.0,225.2337310936229,-218.2337310936229
2021-08-08 21:00:00,1438A,LYS,9.0,225.09181725102837,-216.09181725102837
2021-08-08 22:00:00,1438A,LYS,20.0,225.74563912416528,-205.74563912416528
2021-08-08 23:00:00,1438A,LYS,8.0,225.92380815285352,-217.92380815285352
2021-08-09 00:00:00,1438A,LYS,7.0,225.15890768108437,-218.15890768108437
2021-08-09 01:00:00,1438A,LYS,7.0,225.12523504352103,-218.12523504352103
2021-08-09 02:00:00,1438A,LYS,6.0,225.16152292616636,-219.16152292616636
2021-08-09 03:00:00,1438A,LYS,6.0,223.23375692726538,-217.23375692726538
2021-08-09 04:00:00,1438A,LYS,7.0,222.84071274442886,-215.84071274442886
2021-08-09 05:00:00,1438A,LYS,7.0,221.8392450868052,-214.8392450868052
2021-08-09 06:00:00,1438A,LYS,7.0,221.82122065818248,-214.82122065818248
2021-08-09 07:00:00,1438A,LYS,7.0,221.26487443430838,-214.26487443430838
2021-08-09 08:00:00,1438A,LYS,7.0,220.51764257493178,-213.51764257493178
2021-08-09 09:00:00,1438A,LYS,6.0,219.62889628049768,-213.62889628049768
2021-08-09 10:00:00,1438A,LYS,7.0,219.1564500391116,-212.1564500391116
2021-08-09 11:00:00,1438A,LYS,7.0,221.20786579251634,-214.20786579251634
2021-08-09 12:00:00,1438A,LYS,9.0,223.18579222737648,-214.18579222737648
2021-08-09 13:00:00,1438A,LYS,10.0,223.38066867345955,-213.38066867345955
2021-08-09 14:00:00,1438A,LYS,11.0,223.81880195509342,-212.81880195509342
2021-08-09 15:00:00,1438A,LYS,11.0,223.76374831026845,-212.76374831026845
2021-08-09 16:00:00,1438A,LYS,13.0,223.32961897019956,-210.32961897019956
2021-08-09 17:00:00,1438A,LYS,13.0,223.26798196496142,-210.26798196496142
2021-08-09 18:00:00,1438A,LYS,14.0,224.18473884237994,-210.18473884237994
2021-08-09 19:00:00,1438A,LYS,15.0,225.65855999035062,-210.65855999035062
2021-08-09 20:00:00,1438A,LYS,,225.85371871949928,
2021-08-09 21:00:00,1438A,LYS,,225.71180487690475,
2021-08-09 22:00:00,1438A,LYS,,226.36562675004166,
2021-08-09 23:00:00,1438A,LYS,,226.5437957787299,
2021-08-10 00:00:00,1438A,LYS,,225.77889530696075,
2021-08-10 01:00:00,1438A,LYS,,225.7452226693974,
2021-08-10 02:00:00,1438A,LYS,,225.78151055204273,
2021-08-10 03:00:00,1438A,LYS,,223.85374455314175,
2021-08-10 04:00:00,1438A,LYS,,223.46070037030523,
2021-08-10 05:00:00,1438A,LYS,,222.45923271268157,
2021-08-10 06:00:00,1438A,LYS,,222.44120828405886,
2021-08-10 07:00:00,1438A,LYS,,221.88486206018476,
2021-08-10 08:00:00,1438A,LYS,,221.13763020080816,
2021-08-10 09:00:00,1438A,LYS,,220.24888390637406,
2021-08-10 10:00:00,1438A,LYS,16.0,219.77643766498798,-203.77643766498798
2021-08-10 11:00:00,1438A,LYS,17.0,221.82785341839272,-204.82785341839272
2021-08-10 12:00:00,1438A,LYS,18.0,223.80577985325286,-205.80577985325286
2021-08-10 13:00:00,1438A,LYS,18.0,224.00065629933593,-206.00065629933593
2021-08-10 14:00:00,1438A,LYS,17.0,224.4387895809698,-207.4387895809698
2021-08-10 15:00:00,1438A,LYS,19.0,224.38373593614483,-205.38373593614483
2021-08-10 16:00:00,1438A,LYS,16.0,223.94960659607594,-207.94960659607594
2021-08-10 17:00:00,1438A,LYS,19.0,223.8879695908378,-204.8879695908378
2021-08-10 18:00:00,1438A,LYS,17.0,224.80472646825632,-207.80472646825632
2021-08-10 19:00:00,1438A,LYS,17.0,226.278547616227,-209.278547616227
2021-08-10 20:00:00,1438A,LYS,16.0,226.47370634537566,-210.47370634537566
2021-08-10 21:00:00,1438A,LYS,15.0,226.33179250278113,-211.33179250278113
2021-08-10 22:00:00,1438A,LYS,16.0,226.98561437591803,-210.98561437591803
2021-08-10 23:00:00,1438A,LYS,14.0,227.16378340460628,-213.16378340460628
2021-08-11 00:00:00,1438A,LYS,12.0,226.39888293283713,-214.39888293283713
2021-08-11 01:00:00,1438A,LYS,12.0,226.36521029527378,-214.36521029527378
2021-08-11 02:00:00,1438A,LYS,13.0,226.4014981779191,-213.4014981779191
2021-08-11 03:00:00,1438A,LYS,12.0,224.47373217901813,-212.47373217901813
2021-08-11 04:00:00,1438A,LYS,14.0,224.0806879961816,-210.0806879961816
2021-08-11 05:00:00,1438A,LYS,14.0,223.07922033855795,-209.07922033855795
2021-08-11 06:00:00,1438A,LYS,15.0,223.06119590993524,-208.06119590993524
2021-08-11 07:00:00,1438A,LYS,13.0,222.50484968606114,-209.50484968606114
2021-08-11 08:00:00,1438A,LYS,12.0,221.75761782668454,-209.75761782668454
2021-08-11 09:00:00,1438A,LYS,14.0,220.86887153225044,-206.86887153225044
2021-08-11 10:00:00,1438A,LYS,13.0,220.39642529086436,-207.39642529086436
2021-08-11 11:00:00,1438A,LYS,14.0,222.4478410442691,-208.4478410442691
2021-08-11 12:00:00,1438A,LYS,14.0,224.42576747912923,-210.42576747912923
2021-08-11 13:00:00,1438A,LYS,15.0,224.6206439252123,-209.6206439252123
2021-08-11 14:00:00,1438A,LYS,17.0,225.05877720684617,-208.05877720684617
2021-08-11 15:00:00,1438A,LYS,16.0,225.0037235620212,-209.0037235620212
2021-08-11 16:00:00,1438A,LYS,17.0,224.56959422195231,-207.56959422195231
2021-08-11 17:00:00,1438A,LYS,20.0,224.50795721671417,-204.50795721671417
2021-08-11 18:00:00,1438A,LYS,24.0,225.4247140941327,-201.4247140941327
2021-08-11 19:00:00,1438A,LYS,21.0,226.89853524210338,-205.89853524210338
2021-08-11 20:00:00,1438A,LYS,20.0,227.09369397125204,-207.09369397125204
2021-08-11 21:00:00,1438A,LYS,20.0,226.9517801286575,-206.9517801286575
2021-08-11 22:00:00,1438A,LYS,18.0,227.6056020017944,-209.6056020017944
2021-08-11 23:00:00,1438A,LYS,18.0,227.78377103048265,-209.78377103048265
2021-08-12 00:00:00,1438A,LYS,17.0,227.0188705587135,-210.0188705587135
2021-08-12 01:00:00,1438A,LYS,16.0,226.98519792115016,-210.98519792115016
2021-08-12 02:00:00,1438A,LYS,13.0,227.02148580379549,-214.02148580379549
2021-08-12 03:00:00,1438A,LYS,16.0,225.0937198048945,-209.0937198048945
2021-08-12 04:00:00,1438A,LYS,13.0,224.700675622058,-211.700675622058
2021-08-12 05:00:00,1438A,LYS,9.0,223.69920796443432,-214.69920796443432
2021-08-12 06:00:00,1438A,LYS,10.0,223.6811835358116,-213.6811835358116
2021-08-12 07:00:00,1438A,LYS,10.0,223.1248373119375,-213.1248373119375
2021-08-12 08:00:00,1438A,LYS,10.0,222.3776054525609,-212.3776054525609
2021-08-12 09:00:00,1438A,LYS,12.0,221.48885915812681,-209.48885915812681
2021-08-12 10:00:00,1438A,LYS,12.0,221.01641291674073,-209.01641291674073
2021-08-12 11:00:00,1438A,LYS,12.0,223.06782867014547,-211.06782867014547
2021-08-12 12:00:00,1438A,LYS,16.0,225.0457551050056,-209.0457551050056
2021-08-12 13:00:00,1438A,LYS,38.0,225.24063155108868,-187.24063155108868
2021-08-12 14:00:00,1438A,LYS,30.0,225.67876483272255,-195.67876483272255
2021-08-12 15:00:00,1438A,LYS,27.0,225.62371118789758,-198.62371118789758
2021-08-12 16:00:00,1438A,LYS,20.0,225.1895818478287,-205.1895818478287
2021-08-12 17:00:00,1438A,LYS,14.0,225.12794484259055,-211.12794484259055
2021-08-12 18:00:00,1438A,LYS,13.0,226.04470172000907,-213.04470172000907
2021-08-12 19:00:00,1438A,LYS,9.0,227.51852286797975,-218.51852286797975
2021-08-12 20:00:00,1438A,LYS,5.0,227.7136815971284,-222.7136815971284
2021-08-12 21:00:00,1438A,LYS,7.0,227.57176775453388,-220.57176775453388
2021-08-12 22:00:00,1438A,LYS,7.0,228.2255896276708,-221.2255896276708
2021-08-12 23:00:00,1438A,LYS,8.0,228.40375865635903,-220.40375865635903
2021-08-13 00:00:00,1438A,LYS,8.0,227.63885818458988,-219.63885818458988
2021-08-13 01:00:00,1438A,LYS,4.0,227.60518554702654,-223.60518554702654
2021-08-13 02:00:00,1438A,LYS,3.0,227.64147342967186,-224.64147342967186
2021-08-13 03:00:00,1438A,LYS,5.0,225.71370743077088,-220.71370743077088
2021-08-13 04:00:00,1438A,LYS,6.0,225.32066324793436,-219.32066324793436
2021-08-13 05:00:00,1438A,LYS,8.0,224.3191955903107,-216.3191955903107
2021-08-13 06:00:00,1438A,LYS,9.0,224.301171161688,-215.301171161688
2021-08-13 07:00:00,1438A,LYS,9.0,223.7448249378139,-214.7448249378139
2021-08-13 08:00:00,1438A,LYS,7.0,222.9975930784373,-215.9975930784373
2021-08-13 09:00:00,1438A,LYS,4.0,222.1088467840032,-218.1088467840032
2021-08-13 10:00:00,1438A,LYS,4.0,221.6364005426171,-217.6364005426171
2021-08-13 11:00:00,1438A,LYS,9.0,223.68781629602185,-214.68781629602185
2021-08-13 12:00:00,1438A,LYS,8.0,225.665742730882,-217.665742730882
2021-08-13 13:00:00,1438A,LYS,5.0,225.86061917696506,-220.86061917696506
2021-08-13 14:00:00,1438A,LYS,8.0,226.29875245859893,-218.29875245859893
2021-08-13 15:00:00,1438A,LYS,7.0,226.24369881377396,-219.24369881377396
2021-08-13 16:00:00,1438A,LYS,8.0,225.80956947370507,-217.80956947370507
2021-08-13 17:00:00,1438A,LYS,8.0,225.74793246846693,-217.74793246846693
2021-08-13 18:00:00,1438A,LYS,10.0,226.66468934588545,-216.66468934588545
2021-08-13 19:00:00,1438A,LYS,14.0,228.13851049385613,-214.13851049385613
2021-08-13 20:00:00,1438A,LYS,14.0,228.3336692230048,-214.3336692230048
2021-08-13 21:00:00,1438A,LYS,10.0,228.19175538041026,-218.19175538041026
2021-08-13 22:00:00,1438A,LYS,10.0,228.84557725354716,-218.84557725354716
2021-08-13 23:00:00,1438A,LYS,9.0,229.0237462822354,-220.0237462822354
2021-08-14 00:00:00,1438A,LYS,9.0,228.25884581046625,-219.25884581046625
2021-08-14 01:00:00,1438A,LYS,8.0,228.2251731729029,-220.2251731729029
2021-08-14 02:00:00,1438A,LYS,7.0,228.26146105554824,-221.26146105554824
2021-08-14 03:00:00,1438A,LYS,7.0,226.33369505664726,-219.33369505664726
2021-08-14 04:00:00,1438A,LYS,9.0,225.94065087381074,-216.94065087381074
2021-08-14 05:00:00,1438A,LYS,12.0,224.93918321618708,-212.93918321618708
2021-08-14 06:00:00,1438A,LYS,16.0,224.92115878756437,-208.92115878756437
2021-08-14 07:00:00,1438A,LYS,15.0,224.36481256369026,-209.36481256369026
2021-08-14 08:00:00,1438A,LYS,8.0,223.61758070431367,-215.61758070431367
2021-08-14 09:00:00,1438A,LYS,11.0,222.72883440987957,-211.72883440987957
2021-08-14 10:00:00,1438A,LYS,17.0,222.2563881684935,-205.2563881684935
2021-08-14 11:00:00,1438A,LYS,8.0,224.30780392189823,-216.30780392189823
2021-08-14 12:00:00,1438A,LYS,6.0,226.28573035675836,-220.28573035675836
2021-08-14 13:00:00,1438A,LYS,8.0,226.48060680284144,-218.48060680284144
2021-08-14 14:00:00,1438A,LYS,8.0,226.9187400844753,-218.9187400844753
2021-08-14 15:00:00,1438A,LYS,9.0,226.86368643965034,-217.86368643965034
2021-08-14 16:00:00,1438A,LYS,12.0,226.42955709958144,-214.42955709958144
2021-08-14 17:00:00,1438A,LYS,12.0,226.3679200943433,-214.3679200943433
2021-08-14 18:00:00,1438A,LYS,12.0,227.28467697176183,-215.28467697176183
2021-08-14 19:00:00,1438A,LYS,14.0,228.7584981197325,-214.7584981197325
2021-08-14 20:00:00,1438A,LYS,16.0,228.95365684888117,-212.95365684888117
2021-08-14 21:00:00,1438A,LYS,16.0,228.81174300628663,-212.81174300628663
2021-08-14 22:00:00,1438A,LYS,16.0,229.46556487942354,-213.46556487942354
2021-08-14 23:00:00,1438A,LYS,17.0,229.64373390811178,-212.64373390811178
2021-08-15 00:00:00,1438A,LYS,14.0,228.87883343634263,-214.87883343634263
2021-08-15 01:00:00,1438A,LYS,10.0,228.8451607987793,-218.8451607987793
2021-08-15 02:00:00,1438A,LYS,8.0,228.88144868142462,-220.88144868142462
2021-08-15 03:00:00,1438A,LYS,11.0,226.95368268252363,-215.95368268252363
2021-08-15 04:00:00,1438A,LYS,8.0,226.56063849968712,-218.56063849968712
2021-08-15 05:00:00,1438A,LYS,8.0,225.55917084206345,-217.55917084206345
2021-08-15 06:00:00,1438A,LYS,8.0,225.54114641344074,-217.54114641344074
2021-08-15 07:00:00,1438A,LYS,9.0,224.98480018956664,-215.98480018956664
2021-08-15 08:00:00,1438A,LYS,9.0,224.23756833019004,-215.23756833019004
2021-08-15 09:00:00,1438A,LYS,10.0,223.34882203575594,-213.34882203575594
2021-08-15 10:00:00,1438A,LYS,9.0,222.87637579436986,-213.87637579436986
2021-08-15 11:00:00,1438A,LYS,11.0,224.9277915477746,-213.9277915477746
2021-08-15 12:00:00,1438A,LYS,16.0,226.90571798263474,-210.90571798263474
2021-08-15 13:00:00,1438A,LYS,19.0,227.1005944287178,-208.1005944287178
2021-08-15 14:00:00,1438A,LYS,22.0,227.53872771035168,-205.53872771035168
2021-08-15 15:00:00,1438A,LYS,16.0,227.4836740655267,-211.4836740655267
2021-08-15 16:00:00,1438A,LYS,14.0,227.04954472545782,-213.04954472545782
2021-08-15 17:00:00,1438A,LYS,13.0,226.98790772021968,-213.98790772021968
2021-08-15 18:00:00,1438A,LYS,13.0,227.9046645976382,-214.9046645976382
2021-08-15 19:00:00,1438A,LYS,15.0,229.37848574560888,-214.37848574560888
2021-08-15 20:00:00,1438A,LYS,14.0,229.57364447475754,-215.57364447475754
2021-08-15 21:00:00,1438A,LYS,10.0,229.431730632163,-219.431730632163
2021-08-15 22:00:00,1438A,LYS,12.0,230.08555250529992,-218.08555250529992
2021-08-15 23:00:00,1438A,LYS,12.0,230.26372153398816,-218.26372153398816
2021-08-16 00:00:00,1438A,LYS,11.0,229.498821062219,-218.498821062219
2021-08-16 01:00:00,1438A,LYS,9.0,229.46514842465567,-220.46514842465567
2021-08-16 02:00:00,1438A,LYS,8.0,229.501436307301,-221.501436307301
2021-08-16 03:00:00,1438A,LYS,7.0,227.5736703084,-220.5736703084
2021-08-16 04:00:00,1438A,LYS,8.0,227.1806261255635,-219.1806261255635
2021-08-16 05:00:00,1438A,LYS,10.0,226.17915846793983,-216.17915846793983
2021-08-16 06:00:00,1438A,LYS,8.0,226.16113403931712,-218.16113403931712
2021-08-16 07:00:00,1438A,LYS,7.0,225.60478781544302,-218.60478781544302
2021-08-16 08:00:00,1438A,LYS,7.0,224.85755595606642,-217.85755595606642
2021-08-16 09:00:00,1438A,LYS,6.0,223.96880966163232,-217.96880966163232
2021-08-16 10:00:00,1438A,LYS,7.0,223.49636342024624,-216.49636342024624
2021-08-16 11:00:00,1438A,LYS,5.0,225.54777917365098,-220.54777917365098
2021-08-16 12:00:00,1438A,LYS,4.0,227.52570560851112,-223.52570560851112
2021-08-16 13:00:00,1438A,LYS,4.0,227.7205820545942,-223.7205820545942
2021-08-16 14:00:00,1438A,LYS,6.0,228.15871533622806,-222.15871533622806
2021-08-16 15:00:00,1438A,LYS,10.0,228.1036616914031,-218.1036616914031
2021-08-16 16:00:00,1438A,LYS,14.0,227.6695323513342,-213.6695323513342
2021-08-16 17:00:00,1438A,LYS,17.0,227.60789534609606,-210.60789534609606
2021-08-16 18:00:00,1438A,LYS,13.0,228.52465222351458,-215.52465222351458
2021-08-16 19:00:00,1438A,LYS,,229.99847337148526,
2021-08-16 20:00:00,1438A,LYS,8.0,230.19363210063392,-222.19363210063392
2021-08-16 21:00:00,1438A,LYS,10.0,230.0517182580394,-220.0517182580394
2021-08-16 22:00:00,1438A,LYS,15.0,230.7055401311763,-215.7055401311763
2021-08-16 23:00:00,1438A,LYS,15.0,230.88370915986454,-215.88370915986454
2021-08-17 00:00:00,1438A,LYS,12.0,230.11880868809538,-218.11880868809538
2021-08-17 01:00:00,1438A,LYS,10.0,230.08513605053204,-220.08513605053204
2021-08-17 02:00:00,1438A,LYS,8.0,230.12142393317737,-222.12142393317737
2021-08-17 03:00:00,1438A,LYS,9.0,228.1936579342764,-219.1936579342764
2021-08-17 04:00:00,1438A,LYS,2.0,227.80061375143987,-225.80061375143987
2021-08-17 05:00:00,1438A,LYS,6.0,226.7991460938162,-220.7991460938162
2021-08-17 06:00:00,1438A,LYS,6.0,226.7811216651935,-220.7811216651935
2021-08-17 07:00:00,1438A,LYS,7.0,226.2247754413194,-219.2247754413194
2021-08-17 08:00:00,1438A,LYS,5.0,225.4775435819428,-220.4775435819428
2021-08-17 09:00:00,1438A,LYS,,224.5887972875087,
2021-08-17 10:00:00,1438A,LYS,,224.11635104612262,
2021-08-17 11:00:00,1438A,LYS,7.0,226.16776679952736,-219.16776679952736
2021-08-17 12:00:00,1438A,LYS,10.0,228.1456932343875,-218.1456932343875
2021-08-17 13:00:00,1438A,LYS,,228.34056968047057,
2021-08-17 14:00:00,1438A,LYS,12.0,228.77870296210443,-216.77870296210443
2021-08-17 15:00:00,1438A,LYS,7.0,228.72364931727947,-221.72364931727947
2021-08-17 16:00:00,1438A,LYS,8.0,228.28951997721057,-220.28951997721057
2021-08-17 17:00:00,1438A,LYS,9.0,228.22788297197243,-219.22788297197243
2021-08-17 18:00:00,1438A,LYS,10.0,229.14463984939096,-219.14463984939096
2021-08-17 19:00:00,1438A,LYS,12.0,230.61846099736164,-218.61846099736164
2021-08-17 20:00:00,1438A,LYS,13.0,230.8136197265103,-217.8136197265103
2021-08-17 21:00:00,1438A,LYS,10.0,230.67170588391576,-220.67170588391576
2021-08-17 22:00:00,1438A,LYS,5.0,231.32552775705267,-226.32552775705267
2021-08-17 23:00:00,1438A,LYS,7.0,231.5036967857409,-224.5036967857409
2021-08-18 00:00:00,1438A,LYS,,230.73879631397176,
2021-08-18 01:00:00,1438A,LYS,8.0,230.70512367640842,-222.70512367640842
2021-08-18 02:00:00,1438A,LYS,10.0,230.74141155905374,-220.74141155905374
2021-08-18 03:00:00,1438A,LYS,8.0,228.81364556015276,-220.81364556015276
2021-08-18 04:00:00,1438A,LYS,,228.42060137731625,
2021-08-18 05:00:00,1438A,LYS,9.0,227.41913371969258,-218.41913371969258
2021-08-18 06:00:00,1438A,LYS,9.0,227.40110929106987,-218.40110929106987
2021-08-18 07:00:00,1438A,LYS,10.0,226.84476306719577,-216.84476306719577
2021-08-18 08:00:00,1438A,LYS,12.0,226.09753120781917,-214.09753120781917
2021-08-18 09:00:00,1438A,LYS,6.0,225.20878491338507,-219.20878491338507
2021-08-18 10:00:00,1438A,LYS,1.0,224.736338671999,-223.736338671999
2021-08-18 11:00:00,1438A,LYS,2.0,226.78775442540373,-224.78775442540373
2021-08-18 12:00:00,1438A,LYS,2.0,228.76568086026387,-226.76568086026387
2021-08-18 13:00:00,1438A,LYS,5.0,228.96055730634694,-223.96055730634694
2021-08-18 14:00:00,1438A,LYS,7.0,229.3986905879808,-222.3986905879808
2021-08-18 15:00:00,1438A,LYS,9.0,229.34363694315584,-220.34363694315584
2021-08-18 16:00:00,1438A,LYS,,228.90950760308695,
2021-08-18 17:00:00,1438A,LYS,14.0,228.8478705978488,-214.8478705978488
2021-08-18 18:00:00,1438A,LYS,11.0,229.76462747526733,-218.76462747526733
2021-08-18 19:00:00,1438A,LYS,14.0,231.238448623238,-217.238448623238
2021-08-18 20:00:00,1438A,LYS,,231.43360735238667,
2021-08-18 21:00:00,1438A,LYS,,231.29169350979214,
2021-08-18 22:00:00,1438A,LYS,12.0,231.94551538292905,-219.94551538292905
2021-08-18 23:00:00,1438A,LYS,11.0,232.1236844116173,-221.1236844116173
2021-08-19 00:00:00,1438A,LYS,8.0,231.35878393984814,-223.35878393984814
2021-08-19 01:00:00,1438A,LYS,9.0,231.3251113022848,-222.3251113022848
2021-08-19 02:00:00,1438A,LYS,7.0,231.36139918493012,-224.36139918493012
2021-08-19 03:00:00,1438A,LYS,6.0,229.43363318602914,-223.43363318602914
2021-08-19 04:00:00,1438A,LYS,7.0,229.04058900319262,-222.04058900319262
2021-08-19 05:00:00,1438A,LYS,6.0,228.03912134556896,-222.03912134556896
2021-08-19 06:00:00,1438A,LYS,7.0,228.02109691694625,-221.02109691694625
2021-08-19 07:00:00,1438A,LYS,6.0,227.46475069307215,-221.46475069307215
2021-08-19 08:00:00,1438A,LYS,6.0,226.71751883369555,-220.71751883369555
2021-08-19 09:00:00,1438A,LYS,8.0,225.82877253926145,-217.82877253926145
2021-08-19 10:00:00,1438A,LYS,11.0,225.35632629787537,-214.35632629787537
2021-08-19 11:00:00,1438A,LYS,15.0,227.4077420512801,-212.4077420512801
2021-08-19 12:00:00,1438A,LYS,16.0,229.38566848614025,-213.38566848614025
2021-08-19 13:00:00,1438A,LYS,18.0,229.58054493222332,-211.58054493222332
2021-08-19 14:00:00,1438A,LYS,17.0,230.01867821385719,-213.01867821385719
2021-08-19 15:00:00,1438A,LYS,12.0,229.96362456903222,-217.96362456903222
2021-08-19 16:00:00,1438A,LYS,8.0,229.52949522896333,-221.52949522896333
2021-08-19 17:00:00,1438A,LYS,15.0,229.4678582237252,-214.4678582237252
2021-08-19 18:00:00,1438A,LYS,14.0,230.3846151011437,-216.3846151011437
2021-08-19 19:00:00,1438A,LYS,9.0,231.8584362491144,-222.8584362491144
2021-08-19 20:00:00,1438A,LYS,11.0,232.05359497826305,-221.05359497826305
2021-08-19 21:00:00,1438A,LYS,8.0,231.91168113566852,-223.91168113566852
2021-08-19 22:00:00,1438A,LYS,9.0,232.56550300880542,-223.56550300880542
2021-08-19 23:00:00,1438A,LYS,10.0,232.74367203749367,-222.74367203749367
2021-08-20 00:00:00,1438A,LYS,9.0,231.97877156572451,-222.97877156572451
2021-08-20 01:00:00,1438A,LYS,9.0,231.94509892816117,-222.94509892816117
2021-08-20 02:00:00,1438A,LYS,9.0,231.9813868108065,-222.9813868108065
2021-08-20 03:00:00,1438A,LYS,12.0,230.05362081190552,-218.05362081190552
2021-08-20 04:00:00,1438A,LYS,11.0,229.660576629069,-218.660576629069
2021-08-20 05:00:00,1438A,LYS,11.0,228.65910897144533,-217.65910897144533
2021-08-20 06:00:00,1438A,LYS,11.0,228.64108454282263,-217.64108454282263
2021-08-20 07:00:00,1438A,LYS,14.0,228.08473831894852,-214.08473831894852
2021-08-20 08:00:00,1438A,LYS,10.0,227.33750645957193,-217.33750645957193
2021-08-20 09:00:00,1438A,LYS,12.0,226.44876016513783,-214.44876016513783
2021-08-20 10:00:00,1438A,LYS,11.0,225.97631392375175,-214.97631392375175
2021-08-20 11:00:00,1438A,LYS,12.0,228.0277296771565,-216.0277296771565
2021-08-20 12:00:00,1438A,LYS,9.0,230.00565611201662,-221.00565611201662
2021-08-20 13:00:00,1438A,LYS,10.0,230.2005325580997,-220.2005325580997
2021-08-20 14:00:00,1438A,LYS,11.0,230.63866583973356,-219.63866583973356
2021-08-20 15:00:00,1438A,LYS,13.0,230.5836121949086,-217.5836121949086
2021-08-20 16:00:00,1438A,LYS,,230.1494828548397,
2021-08-20 17:00:00,1438A,LYS,,230.08784584960156,
2021-08-20 18:00:00,1438A,LYS,13.0,231.00460272702009,-218.00460272702009
2021-08-20 19:00:00,1438A,LYS,18.0,232.47842387499077,-214.47842387499077
2021-08-20 20:00:00,1438A,LYS,20.0,232.67358260413943,-212.67358260413943
2021-08-20 21:00:00,1438A,LYS,20.0,232.5316687615449,-212.5316687615449
2021-08-20 22:00:00,1438A,LYS,13.0,233.1854906346818,-220.1854906346818
2021-08-20 23:00:00,1438A,LYS,11.0,233.36365966337004,-222.36365966337004
2021-08-21 00:00:00,1438A,LYS,9.0,232.5987591916009,-223.5987591916009
2021-08-21 01:00:00,1438A,LYS,9.0,232.56508655403755,-223.56508655403755
2021-08-21 02:00:00,1438A,LYS,8.0,232.60137443668287,-224.60137443668287
2021-08-21 03:00:00,1438A,LYS,9.0,230.6736084377819,-221.6736084377819
2021-08-21 04:00:00,1438A,LYS,8.0,230.28056425494538,-222.28056425494538
2021-08-21 05:00:00,1438A,LYS,9.0,229.2790965973217,-220.2790965973217
2021-08-21 06:00:00,1438A,LYS,7.0,229.261072168699,-222.261072168699
2021-08-21 07:00:00,1438A,LYS,8.0,228.7047259448249,-220.7047259448249
2021-08-21 08:00:00,1438A,LYS,8.0,227.9574940854483,-219.9574940854483
2021-08-21 09:00:00,1438A,LYS,8.0,227.0687477910142,-219.0687477910142
2021-08-21 10:00:00,1438A,LYS,10.0,226.59630154962812,-216.59630154962812
2021-08-21 11:00:00,1438A,LYS,12.0,228.64771730303286,-216.64771730303286
2021-08-21 12:00:00,1438A,LYS,18.0,230.625643737893,-212.625643737893
2021-08-21 13:00:00,1438A,LYS,18.0,230.82052018397607,-212.82052018397607
2021-08-21 14:00:00,1438A,LYS,22.0,231.25865346560994,-209.25865346560994
2021-08-21 15:00:00,1438A,LYS,20.0,231.20359982078497,-211.20359982078497
2021-08-21 16:00:00,1438A,LYS,,230.76947048071608,
2021-08-21 17:00:00,1438A,LYS,,230.70783347547794,
2021-08-21 18:00:00,1438A,LYS,19.0,231.62459035289646,-212.62459035289646
2021-08-21 19:00:00,1438A,LYS,29.0,233.09841150086714,-204.09841150086714
2021-08-21 20:00:00,1438A,LYS,24.0,233.2935702300158,-209.2935702300158
2021-08-21 21:00:00,1438A,LYS,20.0,233.15165638742127,-213.15165638742127
2021-08-21 22:00:00,1438A,LYS,18.0,233.80547826055817,-215.80547826055817
2021-08-21 23:00:00,1438A,LYS,15.0,233.98364728924642,-218.98364728924642
2021-08-22 00:00:00,1438A,LYS,16.0,233.21874681747727,-217.21874681747727
2021-08-22 01:00:00,1438A,LYS,17.0,233.18507417991393,-216.18507417991393
2021-08-22 02:00:00,1438A,LYS,12.0,233.22136206255925,-221.22136206255925
2021-08-22 03:00:00,1438A,LYS,16.0,231.29359606365827,-215.29359606365827
2021-08-22 04:00:00,1438A,LYS,13.0,230.90055188082175,-217.90055188082175
2021-08-22 05:00:00,1438A,LYS,14.0,229.8990842231981,-215.8990842231981
2021-08-22 06:00:00,1438A,LYS,17.0,229.88105979457538,-212.88105979457538
2021-08-22 07:00:00,1438A,LYS,19.0,229.32471357070128,-210.32471357070128
2021-08-22 08:00:00,1438A,LYS,12.0,228.57748171132468,-216.57748171132468
2021-08-22 09:00:00,1438A,LYS,6.0,227.68873541689058,-221.68873541689058
2021-08-22 10:00:00,1438A,LYS,2.0,227.2162891755045,-225.2162891755045
2021-08-22 11:00:00,1438A,LYS,3.0,229.26770492890924,-226.26770492890924
2021-08-22 12:00:00,1438A,LYS,1.0,231.24563136376938,-230.24563136376938
2021-08-22 13:00:00,1438A,LYS,2.0,231.44050780985245,-229.44050780985245
2021-08-22 14:00:00,1438A,LYS,3.0,231.87864109148632,-228.87864109148632
2021-08-22 15:00:00,1438A,LYS,3.0,231.82358744666135,-228.82358744666135
2021-08-22 16:00:00,1438A,LYS,2.0,231.38945810659246,-229.38945810659246
2021-08-22 17:00:00,1438A,LYS,1.0,231.32782110135432,-230.32782110135432
2021-08-22 18:00:00,1438A,LYS,1.0,232.24457797877284,-231.24457797877284
2021-08-22 19:00:00,1438A,LYS,1.0,233.71839912674352,-232.71839912674352
2021-08-22 20:00:00,1438A,LYS,2.0,233.91355785589218,-231.91355785589218
2021-08-22 21:00:00,1438A,LYS,3.0,233.77164401329765,-230.77164401329765
2021-08-22 22:00:00,1438A,LYS,4.0,234.42546588643455,-230.42546588643455
2021-08-22 23:00:00,1438A,LYS,2.0,234.6036349151228,-232.6036349151228
2021-08-23 00:00:00,1438A,LYS,3.0,233.83873444335364,-230.83873444335364
2021-08-23 01:00:00,1438A,LYS,4.0,233.8050618057903,-229.8050618057903
2021-08-23 02:00:00,1438A,LYS,4.0,233.84134968843563,-229.84134968843563
2021-08-23 03:00:00,1438A,LYS,4.0,231.91358368953465,-227.91358368953465
2021-08-23 04:00:00,1438A,LYS,5.0,231.52053950669813,-226.52053950669813
2021-08-23 05:00:00,1438A,LYS,4.0,230.51907184907446,-226.51907184907446
2021-08-23 06:00:00,1438A,LYS,4.0,230.50104742045175,-226.50104742045175
2021-08-23 07:00:00,1438A,LYS,4.0,229.94470119657765,-225.94470119657765
2021-08-23 08:00:00,1438A,LYS,4.0,229.19746933720106,-225.19746933720106
2021-08-23 09:00:00,1438A,LYS,4.0,228.30872304276696,-224.30872304276696
2021-08-23 10:00:00,1438A,LYS,4.0,227.83627680138088,-223.83627680138088
2021-08-23 11:00:00,1438A,LYS,12.0,229.88769255478562,-217.88769255478562
2021-08-23 12:00:00,1438A,LYS,14.0,231.86561898964575,-217.86561898964575
2021-08-23 13:00:00,1438A,LYS,11.0,232.06049543572882,-221.06049543572882
2021-08-23 14:00:00,1438A,LYS,10.0,232.4986287173627,-222.4986287173627
2021-08-23 15:00:00,1438A,LYS,9.0,232.44357507253773,-223.44357507253773
2021-08-23 16:00:00,1438A,LYS,10.0,232.00944573246883,-222.00944573246883
2021-08-23 17:00:00,1438A,LYS,10.0,231.9478087272307,-221.9478087272307
2021-08-23 18:00:00,1438A,LYS,10.0,232.86456560464921,-222.86456560464921
2021-08-23 19:00:00,1438A,LYS,13.0,234.3383867526199,-221.3383867526199
2021-08-23 20:00:00,1438A,LYS,13.0,234.53354548176856,-221.53354548176856
2021-08-23 21:00:00,1438A,LYS,15.0,234.39163163917402,-219.39163163917402
2021-08-23 22:00:00,1438A,LYS,15.0,235.04545351231093,-220.04545351231093
2021-08-23 23:00:00,1438A,LYS,15.0,235.22362254099917,-220.22362254099917
2021-08-24 00:00:00,1438A,LYS,12.0,234.45872206923002,-222.45872206923002
2021-08-24 01:00:00,1438A,LYS,12.0,234.42504943166668,-222.42504943166668
2021-08-24 02:00:00,1438A,LYS,10.0,234.461337314312,-224.461337314312
2021-08-24 03:00:00,1438A,LYS,10.0,232.53357131541102,-222.53357131541102
2021-08-24 04:00:00,1438A,LYS,10.0,232.1405271325745,-222.1405271325745
2021-08-24 05:00:00,1438A,LYS,16.0,231.13905947495084,-215.13905947495084
2021-08-24 06:00:00,1438A,LYS,,231.12103504632813,
2021-08-24 07:00:00,1438A,LYS,16.0,230.56468882245403,-214.56468882245403
2021-08-24 08:00:00,1438A,LYS,13.0,229.81745696307743,-216.81745696307743
2021-08-24 09:00:00,1438A,LYS,13.0,228.92871066864333,-215.92871066864333
2021-08-24 10:00:00,1438A,LYS,12.0,228.45626442725725,-216.45626442725725
2021-08-24 11:00:00,1438A,LYS,12.0,230.507680180662,-218.507680180662
2021-08-24 12:00:00,1438A,LYS,18.0,232.48560661552213,-214.48560661552213
2021-08-24 13:00:00,1438A,LYS,20.0,232.6804830616052,-212.6804830616052
2021-08-24 14:00:00,1438A,LYS,17.0,233.11861634323907,-216.11861634323907
2021-08-24 15:00:00,1438A,LYS,18.0,233.0635626984141,-215.0635626984141
2021-08-24 16:00:00,1438A,LYS,16.0,232.6294333583452,-216.6294333583452
2021-08-24 17:00:00,1438A,LYS,17.0,232.56779635310707,-215.56779635310707
2021-08-24 18:00:00,1438A,LYS,17.0,233.4845532305256,-216.4845532305256
2021-08-24 19:00:00,1438A,LYS,15.0,234.95837437849627,-219.95837437849627
2021-08-24 20:00:00,1438A,LYS,15.0,235.15353310764493,-220.15353310764493
2021-08-24 21:00:00,1438A,LYS,15.0,235.0116192650504,-220.0116192650504
2021-08-24 22:00:00,1438A,LYS,16.0,235.6654411381873,-219.6654411381873
2021-08-24 23:00:00,1438A,LYS,16.0,235.84361016687555,-219.84361016687555
2021-08-25 00:00:00,1438A,LYS,16.0,235.0787096951064,-219.0787096951064
2021-08-25 01:00:00,1438A,LYS,16.0,235.04503705754306,-219.04503705754306
2021-08-25 02:00:00,1438A,LYS,16.0,235.08132494018838,-219.08132494018838
2021-08-25 03:00:00,1438A,LYS,16.0,233.1535589412874,-217.1535589412874
2021-08-25 04:00:00,1438A,LYS,17.0,232.76051475845088,-215.76051475845088
2021-08-25 05:00:00,1438A,LYS,19.0,231.75904710082722,-212.75904710082722
2021-08-25 06:00:00,1438A,LYS,17.0,231.7410226722045,-214.7410226722045
2021-08-25 07:00:00,1438A,LYS,15.0,231.1846764483304,-216.1846764483304
2021-08-25 08:00:00,1438A,LYS,16.0,230.4374445889538,-214.4374445889538
2021-08-25 09:00:00,1438A,LYS,14.0,229.5486982945197,-215.5486982945197
2021-08-25 10:00:00,1438A,LYS,14.0,229.07625205313363,-215.07625205313363
2021-08-25 11:00:00,1438A,LYS,15.0,231.12766780653837,-216.12766780653837
2021-08-25 12:00:00,1438A,LYS,11.0,233.1055942413985,-222.1055942413985
2021-08-25 13:00:00,1438A,LYS,9.0,233.30047068748158,-224.30047068748158
2021-08-25 14:00:00,1438A,LYS,10.0,233.73860396911545,-223.73860396911545
2021-08-25 15:00:00,1438A,LYS,10.0,233.68355032429048,-223.68355032429048
2021-08-25 16:00:00,1438A,LYS,8.0,233.2494209842216,-225.2494209842216
2021-08-25 17:00:00,1438A,LYS,10.0,233.18778397898345,-223.18778397898345
2021-08-25 18:00:00,1438A,LYS,6.0,234.10454085640197,-228.10454085640197
2021-08-25 19:00:00,1438A,LYS,2.0,235.57836200437265,-233.57836200437265
2021-08-25 20:00:00,1438A,LYS,3.0,235.7735207335213,-232.7735207335213
2021-08-25 21:00:00,1438A,LYS,6.0,235.63160689092678,-229.63160689092678
2021-08-25 22:00:00,1438A,LYS,6.0,236.28542876406368,-230.28542876406368
2021-08-25 23:00:00,1438A,LYS,13.0,236.46359779275193,-223.46359779275193
2021-08-26 00:00:00,1438A,LYS,,235.69869732098277,
2021-08-26 01:00:00,1438A,LYS,11.0,235.66502468341943,-224.66502468341943
2021-08-26 02:00:00,1438A,LYS,8.0,235.70131256606476,-227.70131256606476
2021-08-26 03:00:00,1438A,LYS,7.0,233.77354656716378,-226.77354656716378
2021-08-26 04:00:00,1438A,LYS,6.0,233.38050238432726,-227.38050238432726
2021-08-26 05:00:00,1438A,LYS,5.0,232.3790347267036,-227.3790347267036
2021-08-26 06:00:00,1438A,LYS,6.0,232.36101029808088,-226.36101029808088
2021-08-26 07:00:00,1438A,LYS,6.0,231.80466407420678,-225.80466407420678
2021-08-26 08:00:00,1438A,LYS,6.0,231.0574322148302,-225.0574322148302
2021-08-26 09:00:00,1438A,LYS,6.0,230.1686859203961,-224.1686859203961
2021-08-26 10:00:00,1438A,LYS,,229.69623967901,
2021-08-26 11:00:00,1438A,LYS,3.0,231.74765543241475,-228.74765543241475
2021-08-26 12:00:00,1438A,LYS,3.0,233.72558186727488,-230.72558186727488
2021-08-26 13:00:00,1438A,LYS,,233.92045831335795,
2021-08-26 14:00:00,1438A,LYS,3.0,234.35859159499182,-231.35859159499182
2021-08-26 15:00:00,1438A,LYS,,234.30353795016686,
2021-08-26 16:00:00,1438A,LYS,8.0,233.86940861009796,-225.86940861009796
2021-08-26 17:00:00,1438A,LYS,11.0,233.80777160485982,-222.80777160485982
2021-08-26 18:00:00,1438A,LYS,6.0,234.72452848227834,-228.72452848227834
2021-08-26 19:00:00,1438A,LYS,6.0,236.19834963024903,-230.19834963024903
2021-08-26 20:00:00,1438A,LYS,5.0,236.39350835939769,-231.39350835939769
2021-08-26 21:00:00,1438A,LYS,4.0,236.25159451680315,-232.25159451680315
2021-08-26 22:00:00,1438A,LYS,3.0,236.90541638994006,-233.90541638994006
2021-08-26 23:00:00,1438A,LYS,3.0,237.0835854186283,-234.0835854186283
2021-08-27 00:00:00,1438A,LYS,3.0,236.31868494685915,-233.31868494685915
2021-08-27 01:00:00,1438A,LYS,3.0,236.2850123092958,-233.2850123092958
2021-08-27 02:00:00,1438A,LYS,5.0,236.32130019194113,-231.32130019194113
2021-08-27 03:00:00,1438A,LYS,7.0,234.39353419304015,-227.39353419304015
2021-08-27 04:00:00,1438A,LYS,8.0,234.00049001020363,-226.00049001020363
2021-08-27 05:00:00,1438A,LYS,8.0,232.99902235257997,-224.99902235257997
2021-08-27 06:00:00,1438A,LYS,5.0,232.98099792395726,-227.98099792395726
2021-08-27 07:00:00,1438A,LYS,7.0,232.42465170008316,-225.42465170008316
2021-08-27 08:00:00,1438A,LYS,7.0,231.67741984070656,-224.67741984070656
2021-08-27 09:00:00,1438A,LYS,9.0,230.78867354627246,-221.78867354627246
2021-08-27 10:00:00,1438A,LYS,33.0,230.31622730488638,-197.31622730488638
2021-08-27 11:00:00,1438A,LYS,18.0,232.36764305829112,-214.36764305829112
2021-08-27 12:00:00,1438A,LYS,10.0,234.34556949315126,-224.34556949315126
2021-08-27 13:00:00,1438A,LYS,9.0,234.54044593923433,-225.54044593923433
2021-08-27 14:00:00,1438A,LYS,9.0,234.9785792208682,-225.9785792208682
2021-08-27 15:00:00,1438A,LYS,12.0,234.92352557604323,-222.92352557604323
2021-08-27 16:00:00,1438A,LYS,16.0,234.48939623597434,-218.48939623597434
2021-08-27 17:00:00,1438A,LYS,15.0,234.4277592307362,-219.4277592307362
2021-08-27 18:00:00,1438A,LYS,15.0,235.34451610815472,-220.34451610815472
2021-08-27 19:00:00,1438A,LYS,16.0,236.8183372561254,-220.8183372561254
2021-08-27 20:00:00,1438A,LYS,10.0,237.01349598527406,-227.01349598527406
2021-08-27 21:00:00,1438A,LYS,8.0,236.87158214267953,-228.87158214267953
2021-08-27 22:00:00,1438A,LYS,13.0,237.52540401581643,-224.52540401581643
2021-08-27 23:00:00,1438A,LYS,15.0,237.70357304450468,-222.70357304450468
2021-08-28 00:00:00,1438A,LYS,13.0,236.93867257273553,-223.93867257273553
2021-08-28 01:00:00,1438A,LYS,12.0,236.90499993517219,-224.90499993517219
2021-08-28 02:00:00,1438A,LYS,12.0,236.9412878178175,-224.9412878178175
2021-08-28 03:00:00,1438A,LYS,9.0,235.01352181891653,-226.01352181891653
2021-08-28 04:00:00,1438A,LYS,6.0,234.62047763608,-228.62047763608
2021-08-28 05:00:00,1438A,LYS,9.0,233.61900997845635,-224.61900997845635
2021-08-28 06:00:00,1438A,LYS,8.0,233.60098554983364,-225.60098554983364
2021-08-28 07:00:00,1438A,LYS,5.0,233.04463932595954,-228.04463932595954
2021-08-28 08:00:00,1438A,LYS,2.0,232.29740746658294,-230.29740746658294
2021-08-28 09:00:00,1438A,LYS,10.0,231.40866117214884,-221.40866117214884
2021-08-28 10:00:00,1438A,LYS,18.0,230.93621493076276,-212.93621493076276
2021-08-28 11:00:00,1438A,LYS,24.0,232.9876306841675,-208.9876306841675
2021-08-28 12:00:00,1438A,LYS,9.0,234.96555711902764,-225.96555711902764
2021-08-28 13:00:00,1438A,LYS,12.0,235.1604335651107,-223.1604335651107
2021-08-28 14:00:00,1438A,LYS,9.0,235.59856684674457,-226.59856684674457
2021-08-28 15:00:00,1438A,LYS,9.0,235.5435132019196,-226.5435132019196
2021-08-28 16:00:00,1438A,LYS,8.0,235.10938386185072,-227.10938386185072
2021-08-28 17:00:00,1438A,LYS,8.0,235.04774685661258,-227.04774685661258
2021-08-28 18:00:00,1438A,LYS,8.0,235.9645037340311,-227.9645037340311
2021-08-28 19:00:00,1438A,LYS,10.0,237.43832488200178,-227.43832488200178
2021-08-28 20:00:00,1438A,LYS,14.0,237.63348361115044,-223.63348361115044
2021-08-28 21:00:00,1438A,LYS,15.0,237.4915697685559,-222.4915697685559
2021-08-28 22:00:00,1438A,LYS,11.0,238.1453916416928,-227.1453916416928
2021-08-28 23:00:00,1438A,LYS,10.0,238.32356067038106,-228.32356067038106
2021-08-29 00:00:00,1438A,LYS,8.0,237.5586601986119,-229.5586601986119
2021-08-29 01:00:00,1438A,LYS,12.0,237.52498756104856,-225.52498756104856
2021-08-29 02:00:00,1438A,LYS,14.0,237.5612754436939,-223.5612754436939
2021-08-29 03:00:00,1438A,LYS,10.0,235.6335094447929,-225.6335094447929
2021-08-29 04:00:00,1438A,LYS,14.0,235.2404652619564,-221.2404652619564
2021-08-29 05:00:00,1438A,LYS,13.0,234.23899760433272,-221.23899760433272
2021-08-29 06:00:00,1438A,LYS,30.0,234.22097317571001,-204.22097317571001
2021-08-29 07:00:00,1438A,LYS,13.0,233.6646269518359,-220.6646269518359
2021-08-29 08:00:00,1438A,LYS,8.0,232.91739509245932,-224.91739509245932
2021-08-29 09:00:00,1438A,LYS,7.0,232.02864879802522,-225.02864879802522
2021-08-29 10:00:00,1438A,LYS,5.0,231.55620255663914,-226.55620255663914
2021-08-29 11:00:00,1438A,LYS,6.0,233.60761831004388,-227.60761831004388
2021-08-29 12:00:00,1438A,LYS,12.0,235.585544744904,-223.585544744904
2021-08-29 13:00:00,1438A,LYS,7.0,235.78042119098708,-228.78042119098708
2021-08-29 14:00:00,1438A,LYS,5.0,236.21855447262095,-231.21855447262095
2021-08-29 15:00:00,1438A,LYS,6.0,236.16350082779599,-230.16350082779599
2021-08-29 16:00:00,1438A,LYS,6.0,235.7293714877271,-229.7293714877271
2021-08-29 17:00:00,1438A,LYS,5.0,235.66773448248895,-230.66773448248895
2021-08-29 18:00:00,1438A,LYS,6.0,236.58449135990747,-230.58449135990747
2021-08-29 19:00:00,1438A,LYS,8.0,238.05831250787816,-230.05831250787816
2021-08-29 20:00:00,1438A,LYS,8.0,238.25347123702682,-230.25347123702682
2021-08-29 21:00:00,1438A,LYS,8.0,238.11155739443228,-230.11155739443228
2021-08-29 22:00:00,1438A,LYS,7.0,238.7653792675692,-231.7653792675692
2021-08-29 23:00:00,1438A,LYS,5.0,238.94354829625743,-233.94354829625743
2021-08-30 00:00:00,1438A,LYS,9.0,238.17864782448828,-229.17864782448828
2021-08-30 01:00:00,1438A,LYS,9.0,238.14497518692494,-229.14497518692494
2021-08-30 02:00:00,1438A,LYS,9.0,238.18126306957026,-229.18126306957026
2021-08-30 03:00:00,1438A,LYS,15.0,236.25349707066928,-221.25349707066928
2021-08-30 04:00:00,1438A,LYS,17.0,235.86045288783276,-218.86045288783276
2021-08-30 05:00:00,1438A,LYS,17.0,234.8589852302091,-217.8589852302091
2021-08-30 06:00:00,1438A,LYS,14.0,234.8409608015864,-220.8409608015864
2021-08-30 07:00:00,1438A,LYS,17.0,234.2846145777123,-217.2846145777123
2021-08-30 08:00:00,1438A,LYS,13.0,233.5373827183357,-220.5373827183357
2021-08-30 09:00:00,1438A,LYS,12.0,232.6486364239016,-220.6486364239016
2021-08-30 10:00:00,1438A,LYS,12.0,232.1761901825155,-220.1761901825155
2021-08-30 11:00:00,1438A,LYS,21.0,234.22760593592025,-213.22760593592025
2021-08-30 12:00:00,1438A,LYS,28.0,236.2055323707804,-208.2055323707804
2021-08-30 13:00:00,1438A,LYS,29.0,236.40040881686346,-207.40040881686346
2021-08-30 14:00:00,1438A,LYS,23.0,236.83854209849733,-213.83854209849733
2021-08-30 15:00:00,1438A,LYS,21.0,236.78348845367236,-215.78348845367236
2021-08-30 16:00:00,1438A,LYS,19.0,236.34935911360347,-217.34935911360347
2021-08-30 17:00:00,1438A,LYS,19.0,236.28772210836533,-217.28772210836533
2021-08-30 18:00:00,1438A,LYS,21.0,237.20447898578385,-216.20447898578385
2021-08-30 19:00:00,1438A,LYS,29.0,238.67830013375453,-209.67830013375453
2021-08-30 20:00:00,1438A,LYS,44.0,238.8734588629032,-194.8734588629032
2021-08-30 21:00:00,1438A,LYS,50.0,238.73154502030866,-188.73154502030866
2021-08-30 22:00:00,1438A,LYS,42.0,239.38536689344556,-197.38536689344556
2021-08-30 23:00:00,1438A,LYS,50.0,239.5635359221338,-189.5635359221338
2021-08-31 00:00:00,1438A,LYS,46.0,238.79863545036466,-192.79863545036466
2021-08-31 01:00:00,1438A,LYS,59.0,238.76496281280131,-179.76496281280131
2021-08-31 02:00:00,1438A,LYS,33.0,238.80125069544664,-205.80125069544664
2021-08-31 03:00:00,1438A,LYS,,236.87348469654566,
2021-08-31 04:00:00,1438A,LYS,,236.48044051370914,
2021-08-31 05:00:00,1438A,LYS,,235.47897285608548,
2021-08-31 06:00:00,1438A,LYS,,235.46094842746277,
2021-08-31 07:00:00,1438A,LYS,,234.90460220358867,
2021-08-31 08:00:00,1438A,LYS,,234.15737034421207,
2021-08-31 09:00:00,1438A,LYS,,233.26862404977797,
2021-08-31 10:00:00,1438A,LYS,,232.7961778083919,
2021-08-31 11:00:00,1438A,LYS,,234.84759356179663,
2021-08-31 12:00:00,1438A,LYS,,236.82551999665677,
2021-08-31 13:00:00,1438A,LYS,,237.02039644273984,
2021-08-31 14:00:00,1438A,LYS,,237.4585297243737,
2021-08-31 15:00:00,1438A,LYS,,237.40347607954874,
2021-08-31 16:00:00,1438A,LYS,,236.96934673947985,
2021-08-31 17:00:00,1438A,LYS,,236.9077097342417,
2021-08-31 18:00:00,1438A,LYS,19.0,237.82446661166023,-218.82446661166023
2021-08-31 19:00:00,1438A,LYS,25.0,239.2982877596309,-214.2982877596309
2021-08-31 20:00:00,1438A,LYS,21.0,239.49344648877957,-218.49344648877957
2021-08-31 21:00:00,1438A,LYS,17.0,239.35153264618503,-222.35153264618503
2021-08-31 22:00:00,1438A,LYS,13.0,240.00535451932194,-227.00535451932194
2021-08-31 23:00:00,1438A,LYS,13.0,240.18352354801019,-227.18352354801019
2021-09-01 00:00:00,1438A,LYS,11.0,239.41862307624103,-228.41862307624103
2021-09-01 01:00:00,1438A,LYS,10.0,239.3849504386777,-229.3849504386777
2021-09-01 02:00:00,1438A,LYS,10.0,239.42123832132302,-229.42123832132302
2021-09-01 03:00:00,1438A,LYS,10.0,237.49347232242204,-227.49347232242204
2021-09-01 04:00:00,1438A,LYS,10.0,237.10042813958552,-227.10042813958552
2021-09-01 05:00:00,1438A,LYS,11.0,236.09896048196185,-225.09896048196185
2021-09-01 06:00:00,1438A,LYS,9.0,236.08093605333914,-227.08093605333914
2021-09-01 07:00:00,1438A,LYS,10.0,235.52458982946504,-225.52458982946504
2021-09-01 08:00:00,1438A,LYS,11.0,234.77735797008845,-223.77735797008845
2021-09-01 09:00:00,1438A,LYS,10.0,233.88861167565435,-223.88861167565435
2021-09-01 10:00:00,1438A,LYS,9.0,233.41616543426827,-224.41616543426827
2021-09-01 11:00:00,1438A,LYS,13.0,235.467581187673,-222.467581187673
2021-09-01 12:00:00,1438A,LYS,16.0,237.44550762253314,-221.44550762253314
2021-09-01 13:00:00,1438A,LYS,18.0,237.6403840686162,-219.6403840686162
2021-09-01 14:00:00,1438A,LYS,19.0,238.07851735025008,-219.07851735025008
2021-09-01 15:00:00,1438A,LYS,15.0,238.02346370542512,-223.02346370542512
2021-09-01 16:00:00,1438A,LYS,12.0,237.58933436535622,-225.58933436535622
2021-09-01 17:00:00,1438A,LYS,10.0,237.52769736011808,-227.52769736011808
2021-09-01 18:00:00,1438A,LYS,10.0,238.4444542375366,-228.4444542375366
2021-09-01 19:00:00,1438A,LYS,12.0,239.9182753855073,-227.9182753855073
2021-09-01 20:00:00,1438A,LYS,8.0,240.11343411465594,-232.11343411465594
2021-09-01 21:00:00,1438A,LYS,11.0,239.9715202720614,-228.9715202720614
2021-09-01 22:00:00,1438A,LYS,16.0,240.62534214519832,-224.62534214519832
2021-09-01 23:00:00,1438A,LYS,16.0,240.80351117388656,-224.80351117388656
2021-09-02 00:00:00,1438A,LYS,20.0,240.0386107021174,-220.0386107021174
2021-09-02 01:00:00,1438A,LYS,18.0,240.00493806455407,-222.00493806455407
2021-09-02 02:00:00,1438A,LYS,9.0,240.0412259471994,-231.0412259471994
2021-09-02 03:00:00,1438A,LYS,11.0,238.1134599482984,-227.1134599482984
2021-09-02 04:00:00,1438A,LYS,19.0,237.7204157654619,-218.7204157654619
2021-09-02 05:00:00,1438A,LYS,19.0,236.71894810783823,-217.71894810783823
2021-09-02 06:00:00,1438A,LYS,18.0,236.70092367921552,-218.70092367921552
2021-09-02 07:00:00,1438A,LYS,21.0,236.14457745534142,-215.14457745534142
2021-09-02 08:00:00,1438A,LYS,9.0,235.39734559596482,-226.39734559596482
2021-09-02 09:00:00,1438A,LYS,9.0,234.50859930153072,-225.50859930153072
2021-09-02 10:00:00,1438A,LYS,10.0,234.03615306014464,-224.03615306014464
2021-09-02 11:00:00,1438A,LYS,15.0,236.08756881354938,-221.08756881354938
2021-09-02 12:00:00,1438A,LYS,26.0,238.06549524840952,-212.06549524840952
2021-09-02 13:00:00,1438A,LYS,27.0,238.2603716944926,-211.2603716944926
2021-09-02 14:00:00,1438A,LYS,24.0,238.69850497612646,-214.69850497612646
2021-09-02 15:00:00,1438A,LYS,24.0,238.6434513313015,-214.6434513313015
2021-09-02 16:00:00,1438A,LYS,17.0,238.2093219912326,-221.2093219912326
2021-09-02 17:00:00,1438A,LYS,14.0,238.14768498599446,-224.14768498599446
2021-09-02 18:00:00,1438A,LYS,13.0,239.06444186341298,-226.06444186341298
2021-09-02 19:00:00,1438A,LYS,14.0,240.53826301138366,-226.53826301138366
2021-09-02 20:00:00,1438A,LYS,12.0,240.73342174053232,-228.73342174053232
2021-09-02 21:00:00,1438A,LYS,15.0,240.5915078979378,-225.5915078979378
2021-09-02 22:00:00,1438A,LYS,9.0,241.2453297710747,-232.2453297710747
2021-09-02 23:00:00,1438A,LYS,6.0,241.42349879976294,-235.42349879976294
2021-09-03 00:00:00,1438A,LYS,6.0,240.6585983279938,-234.6585983279938
2021-09-03 01:00:00,1438A,LYS,10.0,240.62492569043044,-230.62492569043044
2021-09-03 02:00:00,1438A,LYS,12.0,240.66121357307577,-228.66121357307577
2021-09-03 03:00:00,1438A,LYS,12.0,238.7334475741748,-226.7334475741748
2021-09-03 04:00:00,1438A,LYS,14.0,238.34040339133827,-224.34040339133827
2021-09-03 05:00:00,1438A,LYS,20.0,237.3389357337146,-217.3389357337146
2021-09-03 06:00:00,1438A,LYS,19.0,237.3209113050919,-218.3209113050919
2021-09-03 07:00:00,1438A,LYS,20.0,236.7645650812178,-216.7645650812178
2021-09-03 08:00:00,1438A,LYS,19.0,236.0173332218412,-217.0173332218412
2021-09-03 09:00:00,1438A,LYS,16.0,235.1285869274071,-219.1285869274071
2021-09-03 10:00:00,1438A,LYS,17.0,234.65614068602102,-217.65614068602102
2021-09-03 11:00:00,1438A,LYS,12.0,236.70755643942576,-224.70755643942576
2021-09-03 12:00:00,1438A,LYS,16.0,238.6854828742859,-222.6854828742859
2021-09-03 13:00:00,1438A,LYS,21.0,238.88035932036897,-217.88035932036897
2021-09-03 14:00:00,1438A,LYS,18.0,239.31849260200283,-221.31849260200283
2021-09-03 15:00:00,1438A,LYS,16.0,239.26343895717787,-223.26343895717787
2021-09-03 16:00:00,1438A,LYS,20.0,238.82930961710898,-218.82930961710898
2021-09-03 17:00:00,1438A,LYS,26.0,238.76767261187084,-212.76767261187084
2021-09-03 18:00:00,1438A,LYS,23.0,239.68442948928936,-216.68442948928936
2021-09-03 19:00:00,1438A,LYS,21.0,241.15825063726004,-220.15825063726004
2021-09-03 20:00:00,1438A,LYS,17.0,241.3534093664087,-224.3534093664087
2021-09-03 21:00:00,1438A,LYS,12.0,241.21149552381416,-229.21149552381416
2021-09-03 22:00:00,1438A,LYS,7.0,241.86531739695107,-234.86531739695107
2021-09-03 23:00:00,1438A,LYS,9.0,242.04348642563932,-233.04348642563932
2021-09-04 00:00:00,1438A,LYS,6.0,241.27858595387016,-235.27858595387016
2021-09-04 01:00:00,1438A,LYS,7.0,241.24491331630682,-234.24491331630682
2021-09-04 02:00:00,1438A,LYS,8.0,241.28120119895215,-233.28120119895215
2021-09-04 03:00:00,1438A,LYS,8.0,239.35343520005117,-231.35343520005117
2021-09-04 04:00:00,1438A,LYS,10.0,238.96039101721465,-228.96039101721465
2021-09-04 05:00:00,1438A,LYS,5.0,237.95892335959098,-232.95892335959098
2021-09-04 06:00:00,1438A,LYS,2.0,237.94089893096827,-235.94089893096827
2021-09-04 07:00:00,1438A,LYS,2.0,237.38455270709417,-235.38455270709417
2021-09-04 08:00:00,1438A,LYS,2.0,236.63732084771758,-234.63732084771758
2021-09-04 09:00:00,1438A,LYS,7.0,235.74857455328348,-228.74857455328348
2021-09-04 10:00:00,1438A,LYS,7.0,235.2761283118974,-228.2761283118974
2021-09-04 11:00:00,1438A,LYS,5.0,237.32754406530213,-232.32754406530213
2021-09-04 12:00:00,1438A,LYS,8.0,239.30547050016227,-231.30547050016227
2021-09-04 13:00:00,1438A,LYS,9.0,239.50034694624534,-230.50034694624534
2021-09-04 14:00:00,1438A,LYS,10.0,239.9384802278792,-229.9384802278792
2021-09-04 15:00:00,1438A,LYS,10.0,239.88342658305424,-229.88342658305424
2021-09-04 16:00:00,1438A,LYS,10.0,239.44929724298535,-229.44929724298535
2021-09-04 17:00:00,1438A,LYS,10.0,239.3876602377472,-229.3876602377472
2021-09-04 18:00:00,1438A,LYS,10.0,240.30441711516573,-230.30441711516573
2021-09-04 19:00:00,1438A,LYS,11.0,241.77823826313642,-230.77823826313642
2021-09-04 20:00:00,1438A,LYS,13.0,241.97339699228507,-228.97339699228507
2021-09-04 21:00:00,1438A,LYS,11.0,241.83148314969054,-230.83148314969054
2021-09-04 22:00:00,1438A,LYS,12.0,242.48530502282745,-230.48530502282745
2021-09-04 23:00:00,1438A,LYS,11.0,242.6634740515157,-231.6634740515157
2021-09-05 00:00:00,1438A,LYS,19.0,241.89857357974654,-222.89857357974654
2021-09-05 01:00:00,1438A,LYS,21.0,241.8649009421832,-220.8649009421832
2021-09-05 02:00:00,1438A,LYS,20.0,241.90118882482852,-221.90118882482852
2021-09-05 03:00:00,1438A,LYS,18.0,239.97342282592754,-221.97342282592754
2021-09-05 04:00:00,1438A,LYS,19.0,239.58037864309102,-220.58037864309102
2021-09-05 05:00:00,1438A,LYS,20.0,238.57891098546736,-218.57891098546736
2021-09-05 06:00:00,1438A,LYS,18.0,238.56088655684465,-220.56088655684465
2021-09-05 07:00:00,1438A,LYS,15.0,238.00454033297055,-223.00454033297055
2021-09-05 08:00:00,1438A,LYS,17.0,237.25730847359395,-220.25730847359395
2021-09-05 09:00:00,1438A,LYS,12.0,236.36856217915985,-224.36856217915985
2021-09-05 10:00:00,1438A,LYS,18.0,235.89611593777377,-217.89611593777377
2021-09-05 11:00:00,1438A,LYS,23.0,237.9475316911785,-214.9475316911785
2021-09-05 12:00:00,1438A,LYS,20.0,239.92545812603865,-219.92545812603865
2021-09-05 13:00:00,1438A,LYS,23.0,240.12033457212172,-217.12033457212172
2021-09-05 14:00:00,1438A,LYS,20.0,240.5584678537556,-220.5584678537556
2021-09-05 15:00:00,1438A,LYS,17.0,240.50341420893062,-223.50341420893062
2021-09-05 16:00:00,1438A,LYS,18.0,240.06928486886173,-222.06928486886173
2021-09-05 17:00:00,1438A,LYS,19.0,240.0076478636236,-221.0076478636236
2021-09-05 18:00:00,1438A,LYS,16.0,240.9244047410421,-224.9244047410421
2021-09-05 19:00:00,1438A,LYS,10.0,242.3982258890128,-232.3982258890128
2021-09-05 20:00:00,1438A,LYS,7.0,242.59338461816145,-235.59338461816145
2021-09-05 21:00:00,1438A,LYS,8.0,242.45147077556692,-234.45147077556692
2021-09-05 22:00:00,1438A,LYS,4.0,243.10529264870382,-239.10529264870382
2021-09-05 23:00:00,1438A,LYS,6.0,243.28346167739207,-237.28346167739207
2021-09-06 00:00:00,1438A,LYS,4.0,242.51856120562292,-238.51856120562292
2021-09-06 01:00:00,1438A,LYS,2.0,242.48488856805957,-240.48488856805957
2021-09-06 02:00:00,1438A,LYS,,242.5211764507049,
2021-09-06 03:00:00,1438A,LYS,1.0,240.59341045180392,-239.59341045180392
2021-09-06 04:00:00,1438A,LYS,1.0,240.2003662689674,-239.2003662689674
2021-09-06 05:00:00,1438A,LYS,1.0,239.19889861134374,-238.19889861134374
2021-09-06 06:00:00,1438A,LYS,1.0,239.18087418272103,-238.18087418272103
2021-09-06 07:00:00,1438A,LYS,2.0,238.62452795884693,-236.62452795884693
2021-09-06 08:00:00,1438A,LYS,2.0,237.87729609947033,-235.87729609947033
2021-09-06 09:00:00,1438A,LYS,2.0,236.98854980503623,-234.98854980503623
2021-09-06 10:00:00,1438A,LYS,1.0,236.51610356365015,-235.51610356365015
2021-09-06 11:00:00,1438A,LYS,1.0,238.5675193170549,-237.5675193170549
2021-09-06 12:00:00,1438A,LYS,2.0,240.54544575191503,-238.54544575191503
2021-09-06 13:00:00,1438A,LYS,3.0,240.7403221979981,-237.7403221979981
2021-09-06 14:00:00,1438A,LYS,4.0,241.17845547963196,-237.17845547963196
2021-09-06 15:00:00,1438A,LYS,4.0,241.123401834807,-237.123401834807
2021-09-06 16:00:00,1438A,LYS,5.0,240.6892724947381,-235.6892724947381
2021-09-06 17:00:00,1438A,LYS,4.0,240.62763548949997,-236.62763548949997
2021-09-06 18:00:00,1438A,LYS,6.0,241.5443923669185,-235.5443923669185
2021-09-06 19:00:00,1438A,LYS,8.0,243.01821351488917,-235.01821351488917
2021-09-06 20:00:00,1438A,LYS,7.0,243.21337224403783,-236.21337224403783
2021-09-06 21:00:00,1438A,LYS,11.0,243.0714584014433,-232.0714584014433
2021-09-06 22:00:00,1438A,LYS,10.0,243.7252802745802,-233.7252802745802
2021-09-06 23:00:00,1438A,LYS,6.0,243.90344930326845,-237.90344930326845
2021-09-07 00:00:00,1438A,LYS,8.0,243.1385488314993,-235.1385488314993
2021-09-07 01:00:00,1438A,LYS,5.0,243.10487619393595,-238.10487619393595
2021-09-07 02:00:00,1438A,LYS,5.0,243.14116407658128,-238.14116407658128
2021-09-07 03:00:00,1438A,LYS,6.0,241.2133980776803,-235.2133980776803
2021-09-07 04:00:00,1438A,LYS,5.0,240.82035389484378,-235.82035389484378
2021-09-07 05:00:00,1438A,LYS,4.0,239.8188862372201,-235.8188862372201
2021-09-07 06:00:00,1438A,LYS,5.0,239.8008618085974,-234.8008618085974
2021-09-07 07:00:00,1438A,LYS,5.0,239.2445155847233,-234.2445155847233
2021-09-07 08:00:00,1438A,LYS,4.0,238.4972837253467,-234.4972837253467
2021-09-07 09:00:00,1438A,LYS,4.0,237.6085374309126,-233.6085374309126
2021-09-07 10:00:00,1438A,LYS,4.0,237.13609118952652,-233.13609118952652
2021-09-07 11:00:00,1438A,LYS,5.0,239.18750694293126,-234.18750694293126
2021-09-07 12:00:00,1438A,LYS,8.0,241.1654333777914,-233.1654333777914
2021-09-07 13:00:00,1438A,LYS,24.0,241.36030982387447,-217.36030982387447
2021-09-07 14:00:00,1438A,LYS,27.0,241.79844310550834,-214.79844310550834
2021-09-07 15:00:00,1438A,LYS,15.0,241.74338946068337,-226.74338946068337
2021-09-07 16:00:00,1438A,LYS,11.0,241.30926012061448,-230.30926012061448
2021-09-07 17:00:00,1438A,LYS,11.0,241.24762311537634,-230.24762311537634
2021-09-07 18:00:00,1438A,LYS,14.0,242.16437999279486,-228.16437999279486
2021-09-07 19:00:00,1438A,LYS,8.0,243.63820114076555,-235.63820114076555
2021-09-07 20:00:00,1438A,LYS,10.0,243.8333598699142,-233.8333598699142
2021-09-07 21:00:00,1438A,LYS,11.0,243.69144602731967,-232.69144602731967
2021-09-07 22:00:00,1438A,LYS,18.0,244.34526790045658,-226.34526790045658
2021-09-07 23:00:00,1438A,LYS,20.0,244.52343692914482,-224.52343692914482
2021-09-08 00:00:00,1438A,LYS,22.0,243.75853645737567,-221.75853645737567
2021-09-08 01:00:00,1438A,LYS,21.0,243.72486381981233,-222.72486381981233
2021-09-08 02:00:00,1438A,LYS,26.0,243.76115170245765,-217.76115170245765
2021-09-08 03:00:00,1438A,LYS,25.0,241.83338570355667,-216.83338570355667
2021-09-08 04:00:00,1438A,LYS,18.0,241.44034152072015,-223.44034152072015
2021-09-08 05:00:00,1438A,LYS,17.0,240.4388738630965,-223.4388738630965
2021-09-08 06:00:00,1438A,LYS,16.0,240.42084943447378,-224.42084943447378
2021-09-08 07:00:00,1438A,LYS,16.0,239.86450321059968,-223.86450321059968
2021-09-08 08:00:00,1438A,LYS,13.0,239.11727135122308,-226.11727135122308
2021-09-08 09:00:00,1438A,LYS,11.0,238.22852505678898,-227.22852505678898
2021-09-08 10:00:00,1438A,LYS,14.0,237.7560788154029,-223.7560788154029
2021-09-08 11:00:00,1438A,LYS,18.0,239.80749456880764,-221.80749456880764
2021-09-08 12:00:00,1438A,LYS,29.0,241.78542100366778,-212.78542100366778
2021-09-08 13:00:00,1438A,LYS,34.0,241.98029744975085,-207.98029744975085
2021-09-08 14:00:00,1438A,LYS,32.0,242.41843073138472,-210.41843073138472
2021-09-08 15:00:00,1438A,LYS,31.0,242.36337708655975,-211.36337708655975
2021-09-08 16:00:00,1438A,LYS,19.0,241.92924774649086,-222.92924774649086
2021-09-08 17:00:00,1438A,LYS,19.0,241.86761074125272,-222.86761074125272
2021-09-08 18:00:00,1438A,LYS,18.0,242.78436761867124,-224.78436761867124
2021-09-08 19:00:00,1438A,LYS,20.0,244.25818876664192,-224.25818876664192
2021-09-08 20:00:00,1438A,LYS,23.0,244.45334749579058,-221.45334749579058
2021-09-08 21:00:00,1438A,LYS,36.0,244.31143365319605,-208.31143365319605
2021-09-08 22:00:00,1438A,LYS,40.0,244.96525552633295,-204.96525552633295
2021-09-08 23:00:00,1438A,LYS,37.0,245.1434245550212,-208.1434245550212
2021-09-09 00:00:00,1438A,LYS,37.0,244.37852408325205,-207.37852408325205
2021-09-09 01:00:00,1438A,LYS,35.0,244.3448514456887,-209.3448514456887
2021-09-09 02:00:00,1438A,LYS,21.0,244.38113932833403,-223.38113932833403
2021-09-09 03:00:00,1438A,LYS,18.0,242.45337332943305,-224.45337332943305
2021-09-09 04:00:00,1438A,LYS,21.0,242.06032914659653,-221.06032914659653
2021-09-09 05:00:00,1438A,LYS,20.0,241.05886148897287,-221.05886148897287
2021-09-09 06:00:00,1438A,LYS,18.0,241.04083706035016,-223.04083706035016
2021-09-09 07:00:00,1438A,LYS,22.0,240.48449083647606,-218.48449083647606
2021-09-09 08:00:00,1438A,LYS,11.0,239.73725897709946,-228.73725897709946
2021-09-09 09:00:00,1438A,LYS,8.0,238.84851268266536,-230.84851268266536
2021-09-09 10:00:00,1438A,LYS,30.0,238.37606644127928,-208.37606644127928
2021-09-09 11:00:00,1438A,LYS,35.0,240.42748219468402,-205.42748219468402
2021-09-09 12:00:00,1438A,LYS,37.0,242.40540862954416,-205.40540862954416
2021-09-09 13:00:00,1438A,LYS,36.0,242.60028507562723,-206.60028507562723
2021-09-09 14:00:00,1438A,LYS,32.0,243.0384183572611,-211.0384183572611
2021-09-09 15:00:00,1438A,LYS,28.0,242.98336471243613,-214.98336471243613
2021-09-09 16:00:00,1438A,LYS,29.0,242.54923537236724,-213.54923537236724
2021-09-09 17:00:00,1438A,LYS,28.0,242.4875983671291,-214.4875983671291
2021-09-09 18:00:00,1438A,LYS,30.0,243.40435524454762,-213.40435524454762
2021-09-09 19:00:00,1438A,LYS,28.0,244.8781763925183,-216.8781763925183
2021-09-09 20:00:00,1438A,LYS,31.0,245.07333512166696,-214.07333512166696
2021-09-09 21:00:00,1438A,LYS,33.0,244.93142127907242,-211.93142127907242
2021-09-09 22:00:00,1438A,LYS,29.0,245.58524315220933,-216.58524315220933
2021-09-09 23:00:00,1438A,LYS,18.0,245.76341218089757,-227.76341218089757
2021-09-10 00:00:00,1438A,LYS,20.0,244.99851170912842,-224.99851170912842
2021-09-10 01:00:00,1438A,LYS,20.0,244.96483907156508,-224.96483907156508
2021-09-10 02:00:00,1438A,LYS,35.0,245.0011269542104,-210.0011269542104
2021-09-10 03:00:00,1438A,LYS,31.0,243.07336095530943,-212.07336095530943
2021-09-10 04:00:00,1438A,LYS,32.0,242.6803167724729,-210.6803167724729
2021-09-10 05:00:00,1438A,LYS,29.0,241.67884911484924,-212.67884911484924
2021-09-10 06:00:00,1438A,LYS,25.0,241.66082468622653,-216.66082468622653
2021-09-10 07:00:00,1438A,LYS,25.0,241.10447846235243,-216.10447846235243
2021-09-10 08:00:00,1438A,LYS,22.0,240.35724660297583,-218.35724660297583
2021-09-10 09:00:00,1438A,LYS,18.0,239.46850030854173,-221.46850030854173
2021-09-10 10:00:00,1438A,LYS,17.0,238.99605406715565,-221.99605406715565
2021-09-10 11:00:00,1438A,LYS,17.0,241.0474698205604,-224.0474698205604
2021-09-10 12:00:00,1438A,LYS,23.0,243.02539625542053,-220.02539625542053
2021-09-10 13:00:00,1438A,LYS,27.0,243.2202727015036,-216.2202727015036
2021-09-10 14:00:00,1438A,LYS,28.0,243.65840598313747,-215.65840598313747
2021-09-10 15:00:00,1438A,LYS,17.0,243.6033523383125,-226.6033523383125
2021-09-10 16:00:00,1438A,LYS,21.0,243.1692229982436,-222.1692229982436
2021-09-10 17:00:00,1438A,LYS,20.0,243.10758599300547,-223.10758599300547
2021-09-10 18:00:00,1438A,LYS,21.0,244.024342870424,-223.024342870424
2021-09-10 19:00:00,1438A,LYS,22.0,245.49816401839468,-223.49816401839468
2021-09-10 20:00:00,1438A,LYS,24.0,245.69332274754333,-221.69332274754333
2021-09-10 21:00:00,1438A,LYS,26.0,245.5514089049488,-219.5514089049488
2021-09-10 22:00:00,1438A,LYS,27.0,246.2052307780857,-219.2052307780857
2021-09-10 23:00:00,1438A,LYS,22.0,246.38339980677395,-224.38339980677395
2021-09-11 00:00:00,1438A,LYS,26.0,245.6184993350048,-219.6184993350048
2021-09-11 01:00:00,1438A,LYS,23.0,245.58482669744146,-222.58482669744146
2021-09-11 02:00:00,1438A,LYS,22.0,245.62111458008678,-223.62111458008678
2021-09-11 03:00:00,1438A,LYS,24.0,243.6933485811858,-219.6933485811858
2021-09-11 04:00:00,1438A,LYS,23.0,243.30030439834928,-220.30030439834928
2021-09-11 05:00:00,1438A,LYS,23.0,242.29883674072562,-219.29883674072562
2021-09-11 06:00:00,1438A,LYS,24.0,242.2808123121029,-218.2808123121029
2021-09-11 07:00:00,1438A,LYS,23.0,241.7244660882288,-218.7244660882288
2021-09-11 08:00:00,1438A,LYS,23.0,240.9772342288522,-217.9772342288522
2021-09-11 09:00:00,1438A,LYS,23.0,240.0884879344181,-217.0884879344181
2021-09-11 10:00:00,1438A,LYS,26.0,239.61604169303203,-213.61604169303203
2021-09-11 11:00:00,1438A,LYS,28.0,241.66745744643677,-213.66745744643677
2021-09-11 12:00:00,1438A,LYS,27.0,243.6453838812969,-216.6453838812969
2021-09-11 13:00:00,1438A,LYS,35.0,243.84026032737998,-208.84026032737998
2021-09-11 14:00:00,1438A,LYS,34.0,244.27839360901385,-210.27839360901385
2021-09-11 15:00:00,1438A,LYS,36.0,244.22333996418888,-208.22333996418888
2021-09-11 16:00:00,1438A,LYS,44.0,243.78921062412,-199.78921062412
2021-09-11 17:00:00,1438A,LYS,52.0,243.72757361888185,-191.72757361888185
2021-09-11 18:00:00,1438A,LYS,47.0,244.64433049630037,-197.64433049630037
2021-09-11 19:00:00,1438A,LYS,48.0,246.11815164427105,-198.11815164427105
2021-09-11 20:00:00,1438A,LYS,48.0,246.3133103734197,-198.3133103734197
2021-09-11 21:00:00,1438A,LYS,39.0,246.17139653082518,-207.17139653082518
2021-09-11 22:00:00,1438A,LYS,33.0,246.82521840396208,-213.82521840396208
2021-09-11 23:00:00,1438A,LYS,28.0,247.00338743265033,-219.00338743265033
2021-09-12 00:00:00,1438A,LYS,27.0,246.23848696088118,-219.23848696088118
2021-09-12 01:00:00,1438A,LYS,22.0,246.20481432331783,-224.20481432331783
2021-09-12 02:00:00,1438A,LYS,25.0,246.24110220596316,-221.24110220596316
2021-09-12 03:00:00,1438A,LYS,20.0,244.31333620706218,-224.31333620706218
2021-09-12 04:00:00,1438A,LYS,21.0,243.92029202422566,-222.92029202422566
2021-09-12 05:00:00,1438A,LYS,20.0,242.918824366602,-222.918824366602
2021-09-12 06:00:00,1438A,LYS,22.0,242.9007999379793,-220.9007999379793
2021-09-12 07:00:00,1438A,LYS,28.0,242.34445371410519,-214.34445371410519
2021-09-12 08:00:00,1438A,LYS,23.0,241.5972218547286,-218.5972218547286
2021-09-12 09:00:00,1438A,LYS,,240.7084755602945,
2021-09-12 10:00:00,1438A,LYS,,240.2360293189084,
2021-09-12 11:00:00,1438A,LYS,,242.28744507231315,
2021-09-12 12:00:00,1438A,LYS,,244.26537150717328,
2021-09-12 13:00:00,1438A,LYS,,244.46024795325636,
2021-09-12 14:00:00,1438A,LYS,,244.89838123489022,
2021-09-12 15:00:00,1438A,LYS,,244.84332759006526,
2021-09-12 16:00:00,1438A,LYS,,244.40919824999636,
2021-09-12 17:00:00,1438A,LYS,,244.34756124475823,
2021-09-12 18:00:00,1438A,LYS,,245.26431812217675,
2021-09-12 19:00:00,1438A,LYS,,246.73813927014743,
2021-09-12 20:00:00,1438A,LYS,20.0,246.9332979992961,-226.9332979992961
2021-09-12 21:00:00,1438A,LYS,29.0,246.79138415670155,-217.79138415670155
2021-09-12 22:00:00,1438A,LYS,20.0,247.44520602983846,-227.44520602983846
2021-09-12 23:00:00,1438A,LYS,16.0,247.6233750585267,-231.6233750585267
2021-09-13 00:00:00,1438A,LYS,5.0,246.85847458675755,-241.85847458675755
2021-09-13 01:00:00,1438A,LYS,4.0,246.8248019491942,-242.8248019491942
2021-09-13 02:00:00,1438A,LYS,4.0,246.86108983183954,-242.86108983183954
2021-09-13 03:00:00,1438A,LYS,5.0,244.93332383293856,-239.93332383293856
2021-09-13 04:00:00,1438A,LYS,6.0,244.54027965010204,-238.54027965010204
2021-09-13 05:00:00,1438A,LYS,8.0,243.53881199247837,-235.53881199247837
2021-09-13 06:00:00,1438A,LYS,9.0,243.52078756385566,-234.52078756385566
2021-09-13 07:00:00,1438A,LYS,10.0,242.96444133998156,-232.96444133998156
2021-09-13 08:00:00,1438A,LYS,8.0,242.21720948060496,-234.21720948060496
2021-09-13 09:00:00,1438A,LYS,14.0,241.32846318617086,-227.32846318617086
2021-09-13 10:00:00,1438A,LYS,16.0,240.85601694478478,-224.85601694478478
2021-09-13 11:00:00,1438A,LYS,19.0,242.90743269818952,-223.90743269818952
2021-09-13 12:00:00,1438A,LYS,15.0,244.88535913304966,-229.88535913304966
2021-09-13 13:00:00,1438A,LYS,15.0,245.08023557913273,-230.08023557913273
2021-09-13 14:00:00,1438A,LYS,9.0,245.5183688607666,-236.5183688607666
2021-09-13 15:00:00,1438A,LYS,19.0,245.46331521594163,-226.46331521594163
2021-09-13 16:00:00,1438A,LYS,17.0,245.02918587587274,-228.02918587587274
2021-09-13 17:00:00,1438A,LYS,19.0,244.9675488706346,-225.9675488706346
2021-09-13 18:00:00,1438A,LYS,18.0,245.88430574805312,-227.88430574805312
2021-09-13 19:00:00,1438A,LYS,19.0,247.3581268960238,-228.3581268960238
2021-09-13 20:00:00,1438A,LYS,19.0,247.55328562517246,-228.55328562517246
2021-09-13 21:00:00,1438A,LYS,22.0,247.41137178257793,-225.41137178257793
2021-09-13 22:00:00,1438A,LYS,23.0,248.06519365571484,-225.06519365571484
2021-09-13 23:00:00,1438A,LYS,14.0,248.24336268440308,-234.24336268440308
2021-09-14 00:00:00,1438A,LYS,15.0,247.47846221263393,-232.47846221263393
2021-09-14 01:00:00,1438A,LYS,30.0,247.4447895750706,-217.4447895750706
2021-09-14 02:00:00,1438A,LYS,26.0,247.4810774577159,-221.4810774577159
2021-09-14 03:00:00,1438A,LYS,24.0,245.55331145881493,-221.55331145881493
2021-09-14 04:00:00,1438A,LYS,12.0,245.1602672759784,-233.1602672759784
2021-09-14 05:00:00,1438A,LYS,17.0,244.15879961835475,-227.15879961835475
2021-09-14 06:00:00,1438A,LYS,23.0,244.14077518973204,-221.14077518973204
2021-09-14 07:00:00,1438A,LYS,19.0,243.58442896585794,-224.58442896585794
2021-09-14 08:00:00,1438A,LYS,16.0,242.83719710648134,-226.83719710648134
2021-09-14 09:00:00,1438A,LYS,13.0,241.94845081204724,-228.94845081204724
2021-09-14 10:00:00,1438A,LYS,6.0,241.47600457066116,-235.47600457066116
2021-09-14 11:00:00,1438A,LYS,1.0,243.5274203240659,-242.5274203240659
2021-09-14 12:00:00,1438A,LYS,4.0,245.50534675892604,-241.50534675892604
2021-09-14 13:00:00,1438A,LYS,5.0,245.7002232050091,-240.7002232050091
2021-09-14 14:00:00,1438A,LYS,5.0,246.13835648664298,-241.13835648664298
2021-09-14 15:00:00,1438A,LYS,6.0,246.083302841818,-240.083302841818
2021-09-14 16:00:00,1438A,LYS,8.0,245.64917350174912,-237.64917350174912
2021-09-14 17:00:00,1438A,LYS,5.0,245.58753649651098,-240.58753649651098
2021-09-14 18:00:00,1438A,LYS,3.0,246.5042933739295,-243.5042933739295
2021-09-14 19:00:00,1438A,LYS,4.0,247.97811452190018,-243.97811452190018
2021-09-14 20:00:00,1438A,LYS,5.0,248.17327325104884,-243.17327325104884
2021-09-14 21:00:00,1438A,LYS,5.0,248.0313594084543,-243.0313594084543
2021-09-14 22:00:00,1438A,LYS,6.0,248.6851812815912,-242.6851812815912
2021-09-14 23:00:00,1438A,LYS,8.0,248.86335031027946,-240.86335031027946
2021-09-15 00:00:00,1438A,LYS,13.0,248.0984498385103,-235.0984498385103
2021-09-15 01:00:00,1438A,LYS,26.0,248.06477720094696,-222.06477720094696
2021-09-15 02:00:00,1438A,LYS,14.0,248.1010650835923,-234.1010650835923
2021-09-15 03:00:00,1438A,LYS,,246.1732990846913,
2021-09-15 04:00:00,1438A,LYS,,245.7802549018548,
2021-09-15 05:00:00,1438A,LYS,,244.77878724423113,
2021-09-15 06:00:00,1438A,LYS,,244.76076281560842,
2021-09-15 07:00:00,1438A,LYS,,244.20441659173432,
2021-09-15 08:00:00,1438A,LYS,,243.45718473235772,
2021-09-15 09:00:00,1438A,LYS,,242.56843843792362,
2021-09-15 10:00:00,1438A,LYS,,242.09599219653754,
2021-09-15 11:00:00,1438A,LYS,,244.14740794994228,
2021-09-15 12:00:00,1438A,LYS,18.0,246.12533438480241,-228.12533438480241
2021-09-15 13:00:00,1438A,LYS,24.0,246.3202108308855,-222.3202108308855
2021-09-15 14:00:00,1438A,LYS,22.0,246.75834411251935,-224.75834411251935
2021-09-15 15:00:00,1438A,LYS,23.0,246.7032904676944,-223.7032904676944
2021-09-15 16:00:00,1438A,LYS,28.0,246.2691611276255,-218.2691611276255
2021-09-15 17:00:00,1438A,LYS,29.0,246.20752412238735,-217.20752412238735
2021-09-15 18:00:00,1438A,LYS,26.0,247.12428099980588,-221.12428099980588
2021-09-15 19:00:00,1438A,LYS,25.0,248.59810214777656,-223.59810214777656
2021-09-15 20:00:00,1438A,LYS,22.0,248.79326087692522,-226.79326087692522
2021-09-15 21:00:00,1438A,LYS,21.0,248.65134703433068,-227.65134703433068
2021-09-15 22:00:00,1438A,LYS,18.0,249.3051689074676,-231.3051689074676
2021-09-15 23:00:00,1438A,LYS,16.0,249.48333793615583,-233.48333793615583
2021-09-16 00:00:00,1438A,LYS,9.0,248.71843746438668,-239.71843746438668
2021-09-16 01:00:00,1438A,LYS,8.0,248.68476482682334,-240.68476482682334
2021-09-16 02:00:00,1438A,LYS,7.0,248.72105270946867,-241.72105270946867
2021-09-16 03:00:00,1438A,LYS,7.0,246.79328671056768,-239.79328671056768
2021-09-16 04:00:00,1438A,LYS,7.0,246.40024252773117,-239.40024252773117
2021-09-16 05:00:00,1438A,LYS,7.0,245.3987748701075,-238.3987748701075
2021-09-16 06:00:00,1438A,LYS,6.0,245.3807504414848,-239.3807504414848
2021-09-16 07:00:00,1438A,LYS,6.0,244.8244042176107,-238.8244042176107
2021-09-16 08:00:00,1438A,LYS,6.0,244.0771723582341,-238.0771723582341
2021-09-16 09:00:00,1438A,LYS,1.0,243.1884260638,-242.1884260638
2021-09-16 10:00:00,1438A,LYS,1.0,242.7159798224139,-241.7159798224139
2021-09-16 11:00:00,1438A,LYS,2.0,244.76739557581865,-242.76739557581865
2021-09-16 12:00:00,1438A,LYS,2.0,246.7453220106788,-244.7453220106788
2021-09-16 13:00:00,1438A,LYS,2.0,246.94019845676186,-244.94019845676186
2021-09-16 14:00:00,1438A,LYS,2.0,247.37833173839573,-245.37833173839573
2021-09-16 15:00:00,1438A,LYS,4.0,247.32327809357076,-243.32327809357076
2021-09-16 16:00:00,1438A,LYS,4.0,246.88914875350187,-242.88914875350187
2021-09-16 17:00:00,1438A,LYS,3.0,246.82751174826373,-243.82751174826373
2021-09-16 18:00:00,1438A,LYS,3.0,247.74426862568225,-244.74426862568225
2021-09-16 19:00:00,1438A,LYS,3.0,249.21808977365293,-246.21808977365293
2021-09-16 20:00:00,1438A,LYS,5.0,249.4132485028016,-244.4132485028016
2021-09-16 21:00:00,1438A,LYS,7.0,249.27133466020706,-242.27133466020706
2021-09-16 22:00:00,1438A,LYS,11.0,249.92515653334397,-238.92515653334397
2021-09-16 23:00:00,1438A,LYS,5.0,250.1033255620322,-245.1033255620322
2021-09-17 00:00:00,1438A,LYS,2.0,249.33842509026306,-247.33842509026306
2021-09-17 01:00:00,1438A,LYS,3.0,249.30475245269972,-246.30475245269972
2021-09-17 02:00:00,1438A,LYS,3.0,249.34104033534504,-246.34104033534504
2021-09-17 03:00:00,1438A,LYS,2.0,247.41327433644406,-245.41327433644406
2021-09-17 04:00:00,1438A,LYS,2.0,247.02023015360754,-245.02023015360754
2021-09-17 05:00:00,1438A,LYS,3.0,246.01876249598388,-243.01876249598388
2021-09-17 06:00:00,1438A,LYS,3.0,246.00073806736117,-243.00073806736117
2021-09-17 07:00:00,1438A,LYS,2.0,245.44439184348707,-243.44439184348707
2021-09-17 08:00:00,1438A,LYS,2.0,244.69715998411047,-242.69715998411047
2021-09-17 09:00:00,1438A,LYS,1.0,243.80841368967637,-242.80841368967637
2021-09-17 10:00:00,1438A,LYS,2.0,243.3359674482903,-241.3359674482903
2021-09-17 11:00:00,1438A,LYS,2.0,245.38738320169503,-243.38738320169503
2021-09-17 12:00:00,1438A,LYS,2.0,247.36530963655517,-245.36530963655517
2021-09-17 13:00:00,1438A,LYS,10.0,247.56018608263824,-237.56018608263824
2021-09-17 14:00:00,1438A,LYS,11.0,247.9983193642721,-236.9983193642721
2021-09-17 15:00:00,1438A,LYS,13.0,247.94326571944714,-234.94326571944714
2021-09-17 16:00:00,1438A,LYS,12.0,247.50913637937825,-235.50913637937825
2021-09-17 17:00:00,1438A,LYS,11.0,247.4474993741401,-236.4474993741401
2021-09-17 18:00:00,1438A,LYS,8.0,248.36425625155863,-240.36425625155863
2021-09-17 19:00:00,1438A,LYS,11.0,249.8380773995293,-238.8380773995293
2021-09-17 20:00:00,1438A,LYS,13.0,250.03323612867797,-237.03323612867797
2021-09-17 21:00:00,1438A,LYS,14.0,249.89132228608344,-235.89132228608344
2021-09-17 22:00:00,1438A,LYS,9.0,250.54514415922034,-241.54514415922034
2021-09-17 23:00:00,1438A,LYS,1.0,250.7233131879086,-249.7233131879086
2021-09-18 00:00:00,1438A,LYS,1.0,249.95841271613943,-248.95841271613943
2021-09-18 01:00:00,1438A,LYS,2.0,249.9247400785761,-247.9247400785761
2021-09-18 02:00:00,1438A,LYS,1.0,249.96102796122142,-248.96102796122142
2021-09-18 03:00:00,1438A,LYS,1.0,248.03326196232044,-247.03326196232044
2021-09-18 04:00:00,1438A,LYS,1.0,247.64021777948392,-246.64021777948392
2021-09-18 05:00:00,1438A,LYS,2.0,246.63875012186026,-244.63875012186026
2021-09-18 06:00:00,1438A,LYS,15.0,246.62072569323755,-231.62072569323755
2021-09-18 07:00:00,1438A,LYS,7.0,246.06437946936344,-239.06437946936344
2021-09-18 08:00:00,1438A,LYS,5.0,245.31714760998685,-240.31714760998685
2021-09-18 09:00:00,1438A,LYS,4.0,244.42840131555275,-240.42840131555275
2021-09-18 10:00:00,1438A,LYS,5.0,243.95595507416667,-238.95595507416667
2021-09-18 11:00:00,1438A,LYS,5.0,246.0073708275714,-241.0073708275714
2021-09-18 12:00:00,1438A,LYS,4.0,247.98529726243154,-243.98529726243154
2021-09-18 13:00:00,1438A,LYS,5.0,248.18017370851462,-243.18017370851462
2021-09-18 14:00:00,1438A,LYS,6.0,248.61830699014848,-242.61830699014848
2021-09-18 15:00:00,1438A,LYS,12.0,248.56325334532352,-236.56325334532352
2021-09-18 16:00:00,1438A,LYS,6.0,248.12912400525462,-242.12912400525462
2021-09-18 17:00:00,1438A,LYS,7.0,248.06748700001648,-241.06748700001648
2021-09-18 18:00:00,1438A,LYS,2.0,248.984243877435,-246.984243877435
2021-09-18 19:00:00,1438A,LYS,2.0,250.4580650254057,-248.4580650254057
2021-09-18 20:00:00,1438A,LYS,2.0,250.65322375455435,-248.65322375455435
2021-09-18 21:00:00,1438A,LYS,1.0,250.5113099119598,-249.5113099119598
2021-09-18 22:00:00,1438A,LYS,1.0,251.16513178509672,-250.16513178509672
2021-09-18 23:00:00,1438A,LYS,1.0,251.34330081378496,-250.34330081378496
2021-09-19 00:00:00,1438A,LYS,2.0,250.5784003420158,-248.5784003420158
2021-09-19 01:00:00,1438A,LYS,2.0,250.54472770445247,-248.54472770445247
2021-09-19 02:00:00,1438A,LYS,2.0,250.5810155870978,-248.5810155870978
2021-09-19 03:00:00,1438A,LYS,5.0,248.65324958819681,-243.65324958819681
2021-09-19 04:00:00,1438A,LYS,6.0,248.2602054053603,-242.2602054053603
2021-09-19 05:00:00,1438A,LYS,4.0,247.25873774773663,-243.25873774773663
2021-09-19 06:00:00,1438A,LYS,2.0,247.24071331911392,-245.24071331911392
2021-09-19 07:00:00,1438A,LYS,3.0,246.68436709523982,-243.68436709523982
2021-09-19 08:00:00,1438A,LYS,2.0,245.93713523586322,-243.93713523586322
2021-09-19 09:00:00,1438A,LYS,2.0,245.04838894142912,-243.04838894142912
2021-09-19 10:00:00,1438A,LYS,3.0,244.57594270004304,-241.57594270004304
2021-09-19 11:00:00,1438A,LYS,6.0,246.62735845344778,-240.62735845344778
2021-09-19 12:00:00,1438A,LYS,5.0,248.60528488830792,-243.60528488830792
2021-09-19 13:00:00,1438A,LYS,5.0,248.800161334391,-243.800161334391
2021-09-19 14:00:00,1438A,LYS,6.0,249.23829461602486,-243.23829461602486
2021-09-19 15:00:00,1438A,LYS,5.0,249.1832409711999,-244.1832409711999
2021-09-19 16:00:00,1438A,LYS,5.0,248.749111631131,-243.749111631131
2021-09-19 17:00:00,1438A,LYS,4.0,248.68747462589286,-244.68747462589286
2021-09-19 18:00:00,1438A,LYS,5.0,249.60423150331138,-244.60423150331138
2021-09-19 19:00:00,1438A,LYS,6.0,251.07805265128206,-245.07805265128206
2021-09-19 20:00:00,1438A,LYS,6.0,251.27321138043072,-245.27321138043072
2021-09-19 21:00:00,1438A,LYS,6.0,251.1312975378362,-245.1312975378362
2021-09-19 22:00:00,1438A,LYS,6.0,251.7851194109731,-245.7851194109731
2021-09-19 23:00:00,1438A,LYS,7.0,251.96328843966134,-244.96328843966134
2021-09-20 00:00:00,1438A,LYS,7.0,251.1983879678922,-244.1983879678922
2021-09-20 01:00:00,1438A,LYS,8.0,251.16471533032885,-243.16471533032885
2021-09-20 02:00:00,1438A,LYS,8.0,251.20100321297417,-243.20100321297417
2021-09-20 03:00:00,1438A,LYS,10.0,249.2732372140732,-239.2732372140732
2021-09-20 04:00:00,1438A,LYS,12.0,248.88019303123667,-236.88019303123667
2021-09-20 05:00:00,1438A,LYS,9.0,247.878725373613,-238.878725373613
2021-09-20 06:00:00,1438A,LYS,9.0,247.8607009449903,-238.8607009449903
2021-09-20 07:00:00,1438A,LYS,10.0,247.3043547211162,-237.3043547211162
2021-09-20 08:00:00,1438A,LYS,9.0,246.5571228617396,-237.5571228617396
2021-09-20 09:00:00,1438A,LYS,9.0,245.6683765673055,-236.6683765673055
2021-09-20 10:00:00,1438A,LYS,9.0,245.19593032591942,-236.19593032591942
2021-09-20 11:00:00,1438A,LYS,10.0,247.24734607932416,-237.24734607932416
2021-09-20 12:00:00,1438A,LYS,11.0,249.2252725141843,-238.2252725141843
2021-09-20 13:00:00,1438A,LYS,10.0,249.42014896026737,-239.42014896026737
2021-09-20 14:00:00,1438A,LYS,12.0,249.85828224190124,-237.85828224190124
2021-09-20 15:00:00,1438A,LYS,11.0,249.80322859707627,-238.80322859707627
2021-09-20 16:00:00,1438A,LYS,11.0,249.36909925700738,-238.36909925700738
2021-09-20 17:00:00,1438A,LYS,10.0,249.30746225176924,-239.30746225176924
2021-09-20 18:00:00,1438A,LYS,10.0,250.22421912918776,-240.22421912918776
2021-09-20 19:00:00,1438A,LYS,13.0,251.69804027715844,-238.69804027715844
2021-09-20 20:00:00,1438A,LYS,14.0,251.8931990063071,-237.8931990063071
2021-09-20 21:00:00,1438A,LYS,14.0,251.75128516371257,-237.75128516371257
2021-09-20 22:00:00,1438A,LYS,14.0,252.40510703684947,-238.40510703684947
2021-09-20 23:00:00,1438A,LYS,13.0,252.58327606553772,-239.58327606553772
2021-09-21 00:00:00,1438A,LYS,13.0,251.81837559376856,-238.81837559376856
2021-09-21 01:00:00,1438A,LYS,14.0,251.78470295620522,-237.78470295620522
2021-09-21 02:00:00,1438A,LYS,14.0,251.82099083885055,-237.82099083885055
2021-09-21 03:00:00,1438A,LYS,16.0,249.89322483994957,-233.89322483994957
2021-09-21 04:00:00,1438A,LYS,14.0,249.50018065711305,-235.50018065711305
2021-09-21 05:00:00,1438A,LYS,13.0,248.49871299948938,-235.49871299948938
2021-09-21 06:00:00,1438A,LYS,13.0,248.48068857086668,-235.48068857086668
2021-09-21 07:00:00,1438A,LYS,13.0,247.92434234699257,-234.92434234699257
2021-09-21 08:00:00,1438A,LYS,13.0,247.17711048761598,-234.17711048761598
2021-09-21 09:00:00,1438A,LYS,12.0,246.28836419318188,-234.28836419318188
2021-09-21 10:00:00,1438A,LYS,11.0,245.8159179517958,-234.8159179517958
2021-09-21 11:00:00,1438A,LYS,11.0,247.86733370520054,-236.86733370520054
2021-09-21 12:00:00,1438A,LYS,18.0,249.84526014006067,-231.84526014006067
2021-09-21 13:00:00,1438A,LYS,23.0,250.04013658614375,-227.04013658614375
2021-09-21 14:00:00,1438A,LYS,18.0,250.4782698677776,-232.4782698677776
2021-09-21 15:00:00,1438A,LYS,15.0,250.42321622295265,-235.42321622295265
2021-09-21 16:00:00,1438A,LYS,14.0,249.98908688288375,-235.98908688288375
2021-09-21 17:00:00,1438A,LYS,16.0,249.9274498776456,-233.9274498776456
2021-09-21 18:00:00,1438A,LYS,17.0,250.84420675506414,-233.84420675506414
2021-09-21 19:00:00,1438A,LYS,18.0,252.31802790303482,-234.31802790303482
2021-09-21 20:00:00,1438A,LYS,32.0,252.51318663218348,-220.51318663218348
2021-09-21 21:00:00,1438A,LYS,37.0,252.37127278958894,-215.37127278958894
2021-09-21 22:00:00,1438A,LYS,31.0,253.02509466272585,-222.02509466272585
2021-09-21 23:00:00,1438A,LYS,33.0,253.2032636914141,-220.2032636914141
2021-09-22 00:00:00,1438A,LYS,26.0,252.43836321964494,-226.43836321964494
2021-09-22 01:00:00,1438A,LYS,24.0,252.4046905820816,-228.4046905820816
2021-09-22 02:00:00,1438A,LYS,24.0,252.44097846472692,-228.44097846472692
2021-09-22 03:00:00,1438A,LYS,20.0,250.51321246582594,-230.51321246582594
2021-09-22 04:00:00,1438A,LYS,21.0,250.12016828298943,-229.12016828298943
2021-09-22 05:00:00,1438A,LYS,28.0,249.11870062536576,-221.11870062536576
2021-09-22 06:00:00,1438A,LYS,24.0,249.10067619674305,-225.10067619674305
2021-09-22 07:00:00,1438A,LYS,26.0,248.54432997286895,-222.54432997286895
2021-09-22 08:00:00,1438A,LYS,26.0,247.79709811349235,-221.79709811349235
2021-09-22 09:00:00,1438A,LYS,23.0,246.90835181905825,-223.90835181905825
2021-09-22 10:00:00,1438A,LYS,21.0,246.43590557767217,-225.43590557767217
2021-09-22 11:00:00,1438A,LYS,18.0,248.4873213310769,-230.4873213310769
2021-09-22 12:00:00,1438A,LYS,18.0,250.46524776593705,-232.46524776593705
2021-09-22 13:00:00,1438A,LYS,19.0,250.66012421202012,-231.66012421202012
2021-09-22 14:00:00,1438A,LYS,17.0,251.098257493654,-234.098257493654
2021-09-22 15:00:00,1438A,LYS,19.0,251.04320384882902,-232.04320384882902
2021-09-22 16:00:00,1438A,LYS,18.0,250.60907450876013,-232.60907450876013
2021-09-22 17:00:00,1438A,LYS,17.0,250.547437503522,-233.547437503522
2021-09-22 18:00:00,1438A,LYS,20.0,251.4641943809405,-231.4641943809405
2021-09-22 19:00:00,1438A,LYS,24.0,252.9380155289112,-228.9380155289112
2021-09-22 20:00:00,1438A,LYS,34.0,253.13317425805985,-219.13317425805985
2021-09-22 21:00:00,1438A,LYS,25.0,252.99126041546532,-227.99126041546532
2021-09-22 22:00:00,1438A,LYS,22.0,253.64508228860223,-231.64508228860223
2021-09-22 23:00:00,1438A,LYS,21.0,253.82325131729047,-232.82325131729047
2021-09-23 00:00:00,1438A,LYS,18.0,253.05835084552132,-235.05835084552132
2021-09-23 01:00:00,1438A,LYS,21.0,253.02467820795798,-232.02467820795798
2021-09-23 02:00:00,1438A,LYS,27.0,253.0609660906033,-226.0609660906033
2021-09-23 03:00:00,1438A,LYS,23.0,251.13320009170232,-228.13320009170232
2021-09-23 04:00:00,1438A,LYS,22.0,250.7401559088658,-228.7401559088658
2021-09-23 05:00:00,1438A,LYS,,249.73868825124214,
2021-09-23 06:00:00,1438A,LYS,,249.72066382261943,
2021-09-23 07:00:00,1438A,LYS,,249.16431759874533,
2021-09-23 08:00:00,1438A,LYS,27.0,248.41708573936873,-221.41708573936873
2021-09-23 09:00:00,1438A,LYS,25.0,247.52833944493463,-222.52833944493463
2021-09-23 10:00:00,1438A,LYS,25.0,247.05589320354855,-222.05589320354855
2021-09-23 11:00:00,1438A,LYS,24.0,249.1073089569533,-225.1073089569533
2021-09-23 12:00:00,1438A,LYS,25.0,251.08523539181343,-226.08523539181343
2021-09-23 13:00:00,1438A,LYS,24.0,251.2801118378965,-227.2801118378965
2021-09-23 14:00:00,1438A,LYS,26.0,251.71824511953037,-225.71824511953037
2021-09-23 15:00:00,1438A,LYS,28.0,251.6631914747054,-223.6631914747054
2021-09-23 16:00:00,1438A,LYS,28.0,251.2290621346365,-223.2290621346365
2021-09-23 17:00:00,1438A,LYS,28.0,251.16742512939837,-223.16742512939837
2021-09-23 18:00:00,1438A,LYS,23.0,252.0841820068169,-229.0841820068169
2021-09-23 19:00:00,1438A,LYS,21.0,253.55800315478757,-232.55800315478757
2021-09-23 20:00:00,1438A,LYS,23.0,253.75316188393623,-230.75316188393623
2021-09-23 21:00:00,1438A,LYS,22.0,253.6112480413417,-231.6112480413417
2021-09-23 22:00:00,1438A,LYS,23.0,254.2650699144786,-231.2650699144786
2021-09-23 23:00:00,1438A,LYS,17.0,254.44323894316685,-237.44323894316685
2021-09-24 00:00:00,1438A,LYS,20.0,253.6783384713977,-233.6783384713977
2021-09-24 01:00:00,1438A,LYS,28.0,253.64466583383435,-225.64466583383435
2021-09-24 02:00:00,1438A,LYS,27.0,253.68095371647968,-226.68095371647968
2021-09-24 03:00:00,1438A,LYS,28.0,251.7531877175787,-223.7531877175787
2021-09-24 04:00:00,1438A,LYS,23.0,251.36014353474218,-228.36014353474218
2021-09-24 05:00:00,1438A,LYS,19.0,250.35867587711851,-231.35867587711851
2021-09-24 06:00:00,1438A,LYS,15.0,250.3406514484958,-235.3406514484958
2021-09-24 07:00:00,1438A,LYS,13.0,249.7843052246217,-236.7843052246217
2021-09-24 08:00:00,1438A,LYS,12.0,249.0370733652451,-237.0370733652451
2021-09-24 09:00:00,1438A,LYS,19.0,248.148327070811,-229.148327070811
2021-09-24 10:00:00,1438A,LYS,10.0,247.67588082942493,-237.67588082942493
2021-09-24 11:00:00,1438A,LYS,26.0,249.72729658282967,-223.72729658282967
2021-09-24 12:00:00,1438A,LYS,29.0,251.7052230176898,-222.7052230176898
2021-09-24 13:00:00,1438A,LYS,29.0,251.90009946377288,-222.90009946377288
2021-09-24 14:00:00,1438A,LYS,17.0,252.33823274540674,-235.33823274540674
2021-09-24 15:00:00,1438A,LYS,19.0,252.28317910058178,-233.28317910058178
2021-09-24 16:00:00,1438A,LYS,18.0,251.84904976051288,-233.84904976051288
2021-09-24 17:00:00,1438A,LYS,26.0,251.78741275527474,-225.78741275527474
2021-09-24 18:00:00,1438A,LYS,20.0,252.70416963269327,-232.70416963269327
2021-09-24 19:00:00,1438A,LYS,23.0,254.17799078066395,-231.17799078066395
2021-09-24 20:00:00,1438A,LYS,24.0,254.3731495098126,-230.3731495098126
2021-09-24 21:00:00,1438A,LYS,22.0,254.23123566721807,-232.23123566721807
2021-09-24 22:00:00,1438A,LYS,26.0,254.88505754035498,-228.88505754035498
2021-09-24 23:00:00,1438A,LYS,23.0,255.06322656904322,-232.06322656904322
2021-09-25 00:00:00,1438A,LYS,19.0,254.29832609727407,-235.29832609727407
2021-09-25 01:00:00,1438A,LYS,19.0,254.26465345971073,-235.26465345971073
2021-09-25 02:00:00,1438A,LYS,22.0,254.30094134235605,-232.30094134235605
2021-09-25 03:00:00,1438A,LYS,22.0,252.37317534345507,-230.37317534345507
2021-09-25 04:00:00,1438A,LYS,21.0,251.98013116061855,-230.98013116061855
2021-09-25 05:00:00,1438A,LYS,17.0,250.9786635029949,-233.9786635029949
2021-09-25 06:00:00,1438A,LYS,14.0,250.96063907437218,-236.96063907437218
2021-09-25 07:00:00,1438A,LYS,11.0,250.40429285049808,-239.40429285049808
2021-09-25 08:00:00,1438A,LYS,11.0,249.65706099112148,-238.65706099112148
2021-09-25 09:00:00,1438A,LYS,15.0,248.76831469668738,-233.76831469668738
2021-09-25 10:00:00,1438A,LYS,13.0,248.2958684553013,-235.2958684553013
2021-09-25 11:00:00,1438A,LYS,13.0,250.34728420870604,-237.34728420870604
2021-09-25 12:00:00,1438A,LYS,14.0,252.32521064356618,-238.32521064356618
2021-09-25 13:00:00,1438A,LYS,17.0,252.52008708964925,-235.52008708964925
2021-09-25 14:00:00,1438A,LYS,20.0,252.95822037128312,-232.95822037128312
2021-09-25 15:00:00,1438A,LYS,22.0,252.90316672645815,-230.90316672645815
2021-09-25 16:00:00,1438A,LYS,,252.46903738638926,
2021-09-25 17:00:00,1438A,LYS,,252.40740038115112,
2021-09-25 18:00:00,1438A,LYS,,253.32415725856964,
2021-09-25 19:00:00,1438A,LYS,,254.79797840654032,
2021-09-25 20:00:00,1438A,LYS,,254.99313713568898,
2021-09-25 21:00:00,1438A,LYS,,254.85122329309445,
2021-09-25 22:00:00,1438A,LYS,,255.50504516623135,
2021-09-25 23:00:00,1438A,LYS,,255.6832141949196,
2021-09-26 00:00:00,1438A,LYS,,254.91831372315045,
2021-09-26 01:00:00,1438A,LYS,,254.8846410855871,
2021-09-26 02:00:00,1438A,LYS,,254.92092896823243,
2021-09-26 03:00:00,1438A,LYS,,252.99316296933145,
2021-09-26 04:00:00,1438A,LYS,23.0,252.60011878649493,-229.60011878649493
2021-09-26 05:00:00,1438A,LYS,22.0,251.59865112887127,-229.59865112887127
2021-09-26 06:00:00,1438A,LYS,23.0,251.58062670024856,-228.58062670024856
2021-09-26 07:00:00,1438A,LYS,23.0,251.02428047637446,-228.02428047637446
2021-09-26 08:00:00,1438A,LYS,11.0,250.27704861699786,-239.27704861699786
2021-09-26 09:00:00,1438A,LYS,1.0,249.38830232256376,-248.38830232256376
2021-09-26 10:00:00,1438A,LYS,11.0,248.91585608117768,-237.91585608117768
2021-09-26 11:00:00,1438A,LYS,8.0,250.96727183458242,-242.96727183458242
2021-09-26 12:00:00,1438A,LYS,10.0,252.94519826944256,-242.94519826944256
2021-09-26 13:00:00,1438A,LYS,9.0,253.14007471552563,-244.14007471552563
2021-09-26 14:00:00,1438A,LYS,3.0,253.5782079971595,-250.5782079971595
2021-09-26 15:00:00,1438A,LYS,2.0,253.52315435233453,-251.52315435233453
2021-09-26 16:00:00,1438A,LYS,2.0,253.08902501226564,-251.08902501226564
2021-09-26 17:00:00,1438A,LYS,7.0,253.0273880070275,-246.0273880070275
2021-09-26 18:00:00,1438A,LYS,7.0,253.94414488444602,-246.94414488444602
2021-09-26 19:00:00,1438A,LYS,4.0,255.4179660324167,-251.4179660324167
2021-09-26 20:00:00,1438A,LYS,4.0,255.61312476156536,-251.61312476156536
2021-09-26 21:00:00,1438A,LYS,11.0,255.47121091897083,-244.47121091897083
2021-09-26 22:00:00,1438A,LYS,4.0,256.12503279210773,-252.12503279210773
2021-09-26 23:00:00,1438A,LYS,12.0,256.303201820796,-244.303201820796
2021-09-27 00:00:00,1438A,LYS,9.0,255.53830134902685,-246.53830134902685
2021-09-27 01:00:00,1438A,LYS,9.0,255.5046287114635,-246.5046287114635
2021-09-27 02:00:00,1438A,LYS,4.0,255.54091659410884,-251.54091659410884
2021-09-27 03:00:00,1438A,LYS,4.0,253.61315059520786,-249.61315059520786
2021-09-27 04:00:00,1438A,LYS,4.0,253.22010641237134,-249.22010641237134
2021-09-27 05:00:00,1438A,LYS,3.0,252.21863875474767,-249.21863875474767
2021-09-27 06:00:00,1438A,LYS,3.0,252.20061432612496,-249.20061432612496
2021-09-27 07:00:00,1438A,LYS,7.0,251.64426810225086,-244.64426810225086
2021-09-27 08:00:00,1438A,LYS,4.0,250.89703624287426,-246.89703624287426
2021-09-27 09:00:00,1438A,LYS,10.0,250.00828994844017,-240.00828994844017
2021-09-27 10:00:00,1438A,LYS,18.0,249.53584370705408,-231.53584370705408
2021-09-27 11:00:00,1438A,LYS,26.0,251.58725946045882,-225.58725946045882
2021-09-27 12:00:00,1438A,LYS,26.0,253.56518589531896,-227.56518589531896
2021-09-27 13:00:00,1438A,LYS,14.0,253.76006234140203,-239.76006234140203
2021-09-27 14:00:00,1438A,LYS,12.0,254.1981956230359,-242.1981956230359
2021-09-27 15:00:00,1438A,LYS,8.0,254.14314197821093,-246.14314197821093
2021-09-27 16:00:00,1438A,LYS,7.0,253.70901263814204,-246.70901263814204
2021-09-27 17:00:00,1438A,LYS,6.0,253.6473756329039,-247.6473756329039
2021-09-27 18:00:00,1438A,LYS,7.0,254.56413251032242,-247.56413251032242
2021-09-27 19:00:00,1438A,LYS,8.0,256.03795365829313,-248.03795365829313
2021-09-27 20:00:00,1438A,LYS,24.0,256.2331123874418,-232.2331123874418
2021-09-27 21:00:00,1438A,LYS,30.0,256.09119854484726,-226.09119854484726
2021-09-27 22:00:00,1438A,LYS,27.0,256.74502041798416,-229.74502041798416
2021-09-27 23:00:00,1438A,LYS,35.0,256.92318944667244,-221.92318944667244
2021-09-28 00:00:00,1438A,LYS,30.0,256.1582889749033,-226.15828897490331
2021-09-28 01:00:00,1438A,LYS,14.0,256.12461633733994,-242.12461633733994
2021-09-28 02:00:00,1438A,LYS,11.0,256.1609042199853,-245.1609042199853
2021-09-28 03:00:00,1438A,LYS,8.0,254.23313822108432,-246.23313822108432
2021-09-28 04:00:00,1438A,LYS,2.0,253.8400940382478,-251.8400940382478
2021-09-28 05:00:00,1438A,LYS,1.0,252.83862638062413,-251.83862638062413
2021-09-28 06:00:00,1438A,LYS,3.0,252.82060195200143,-249.82060195200143
2021-09-28 07:00:00,1438A,LYS,4.0,252.26425572812732,-248.26425572812732
2021-09-28 08:00:00,1438A,LYS,6.0,251.51702386875073,-245.51702386875073
2021-09-28 09:00:00,1438A,LYS,4.0,250.62827757431663,-246.62827757431663
2021-09-28 10:00:00,1438A,LYS,6.0,250.15583133293055,-244.15583133293055
2021-09-28 11:00:00,1438A,LYS,3.0,252.2072470863353,-249.2072470863353
2021-09-28 12:00:00,1438A,LYS,4.0,254.18517352119542,-250.18517352119542
2021-09-28 13:00:00,1438A,LYS,5.0,254.3800499672785,-249.3800499672785
2021-09-28 14:00:00,1438A,LYS,4.0,254.81818324891236,-250.81818324891236
2021-09-28 15:00:00,1438A,LYS,5.0,254.7631296040874,-249.7631296040874
2021-09-28 16:00:00,1438A,LYS,6.0,254.3290002640185,-248.3290002640185
2021-09-28 17:00:00,1438A,LYS,6.0,254.26736325878036,-248.26736325878036
2021-09-28 18:00:00,1438A,LYS,6.0,255.18412013619889,-249.18412013619889
2021-09-28 19:00:00,1438A,LYS,7.0,256.65794128416957,-249.65794128416957
2021-09-28 20:00:00,1438A,LYS,8.0,256.8531000133182,-248.85310001331823
2021-09-28 21:00:00,1438A,LYS,9.0,256.7111861707237,-247.7111861707237
2021-09-28 22:00:00,1438A,LYS,9.0,257.3650080438606,-248.3650080438606
2021-09-28 23:00:00,1438A,LYS,10.0,257.5431770725489,-247.54317707254887
2021-09-29 00:00:00,1438A,LYS,7.0,256.77827660077975,-249.77827660077975
2021-09-29 01:00:00,1438A,LYS,7.0,256.7446039632164,-249.74460396321638
2021-09-29 02:00:00,1438A,LYS,8.0,256.78089184586173,-248.78089184586173
2021-09-29 03:00:00,1438A,LYS,7.0,254.85312584696075,-247.85312584696075
2021-09-29 04:00:00,1438A,LYS,6.0,254.46008166412423,-248.46008166412423
2021-09-29 05:00:00,1438A,LYS,6.0,253.45861400650057,-247.45861400650057
2021-09-29 06:00:00,1438A,LYS,6.0,253.44058957787786,-247.44058957787786
2021-09-29 07:00:00,1438A,LYS,6.0,252.88424335400376,-246.88424335400376
2021-09-29 08:00:00,1438A,LYS,11.0,252.13701149462716,-241.13701149462716
2021-09-29 09:00:00,1438A,LYS,11.0,251.24826520019306,-240.24826520019306
2021-09-29 10:00:00,1438A,LYS,15.0,250.77581895880698,-235.77581895880698
2021-09-29 11:00:00,1438A,LYS,25.0,252.82723471221172,-227.82723471221172
2021-09-29 12:00:00,1438A,LYS,29.0,254.80516114707186,-225.80516114707186
2021-09-29 13:00:00,1438A,LYS,29.0,255.00003759315493,-226.00003759315493
2021-09-29 14:00:00,1438A,LYS,15.0,255.4381708747888,-240.4381708747888
2021-09-29 15:00:00,1438A,LYS,18.0,255.38311722996383,-237.38311722996383
2021-09-29 16:00:00,1438A,LYS,19.0,254.94898788989494,-235.94898788989494
2021-09-29 17:00:00,1438A,LYS,20.0,254.8873508846568,-234.8873508846568
2021-09-29 18:00:00,1438A,LYS,20.0,255.80410776207532,-235.80410776207532
2021-09-29 19:00:00,1438A,LYS,,257.277928910046,
2021-09-29 20:00:00,1438A,LYS,,257.47308763919466,
2021-09-29 21:00:00,1438A,LYS,,257.3311737966001,
2021-09-29 22:00:00,1438A,LYS,,257.98499566973703,
2021-09-29 23:00:00,1438A,LYS,,258.1631646984253,
2021-09-30 00:00:00,1438A,LYS,,257.3982642266562,
2021-09-30 01:00:00,1438A,LYS,,257.3645915890928,
2021-09-30 02:00:00,1438A,LYS,,257.40087947173816,
2021-09-30 03:00:00,1438A,LYS,23.0,255.47311347283718,-232.47311347283718
2021-09-30 04:00:00,1438A,LYS,24.0,255.08006929000067,-231.08006929000067
2021-09-30 05:00:00,1438A,LYS,,254.078601632377,
2021-09-30 06:00:00,1438A,LYS,,254.0605772037543,
2021-09-30 07:00:00,1438A,LYS,,253.5042309798802,
2021-09-30 08:00:00,1438A,LYS,,252.7569991205036,
2021-09-30 09:00:00,1438A,LYS,23.0,251.8682528260695,-228.8682528260695
2021-09-30 10:00:00,1438A,LYS,20.0,251.3958065846834,-231.3958065846834
2021-09-30 11:00:00,1438A,LYS,19.0,253.44722233808815,-234.44722233808815
2021-09-30 12:00:00,1438A,LYS,21.0,255.4251487729483,-234.4251487729483
2021-09-30 13:00:00,1438A,LYS,,255.62002521903136,
2021-09-30 14:00:00,1438A,LYS,20.0,256.05815850066523,-236.05815850066523
2021-09-30 15:00:00,1438A,LYS,20.0,256.00310485584026,-236.00310485584026
2021-09-30 16:00:00,1438A,LYS,,255.56897551577137,
2021-09-30 17:00:00,1438A,LYS,,255.50733851053323,
2021-09-30 18:00:00,1438A,LYS,,256.42409538795175,
2021-09-30 19:00:00,1438A,LYS,,257.89791653592243,
2021-09-30 20:00:00,1438A,LYS,,258.0930752650711,
2021-09-30 21:00:00,1438A,LYS,,257.95116142247656,
2021-09-30 22:00:00,1438A,LYS,,258.60498329561347,
2021-09-30 23:00:00,1438A,LYS,,258.78315232430174,
2021-10-01 00:00:00,1438A,LYS,,258.0182518525326,
2021-10-01 01:00:00,1438A,LYS,,257.98457921496924,
2021-10-01 02:00:00,1438A,LYS,,258.0208670976146,
2021-10-01 03:00:00,1438A,LYS,,256.09310109871365,
2021-10-01 04:00:00,1438A,LYS,,255.70005691587713,
2021-10-01 05:00:00,1438A,LYS,34.0,254.69858925825346,-220.69858925825346
2021-10-01 06:00:00,1438A,LYS,,254.68056482963075,
2021-10-01 07:00:00,1438A,LYS,,254.12421860575665,
2021-10-01 08:00:00,1438A,LYS,,253.37698674638006,
2021-10-01 09:00:00,1438A,LYS,,252.48824045194596,
2021-10-01 10:00:00,1438A,LYS,46.0,252.01579421055987,-206.01579421055987
2021-10-01 11:00:00,1438A,LYS,41.0,254.06720996396461,-213.06720996396461
2021-10-01 12:00:00,1438A,LYS,36.0,256.04513639882475,-220.04513639882475
2021-10-01 13:00:00,1438A,LYS,40.0,256.2400128449078,-216.24001284490782
2021-10-01 14:00:00,1438A,LYS,31.0,256.6781461265417,-225.67814612654172
2021-10-01 15:00:00,1438A,LYS,31.0,256.62309248171675,-225.62309248171675
2021-10-01 16:00:00,1438A,LYS,32.0,256.18896314164783,-224.18896314164783
2021-10-01 17:00:00,1438A,LYS,36.0,256.1273261364097,-220.1273261364097
2021-10-01 18:00:00,1438A,LYS,41.0,257.04408301382824,-216.04408301382824
2021-10-01 19:00:00,1438A,LYS,,258.5179041617989,
2021-10-01 20:00:00,1438A,LYS,45.0,258.7130628909476,-213.71306289094758
2021-10-01 21:00:00,1438A,LYS,45.0,258.57114904835305,-213.57114904835305
2021-10-01 22:00:00,1438A,LYS,31.0,259.22497092148996,-228.22497092148996
2021-10-01 23:00:00,1438A,LYS,29.0,259.40313995017823,-230.40313995017823
2021-10-02 00:00:00,1438A,LYS,32.0,258.6382394784091,-226.6382394784091
2021-10-02 01:00:00,1438A,LYS,28.0,258.60456684084573,-230.60456684084573
2021-10-02 02:00:00,1438A,LYS,25.0,258.6408547234911,-233.6408547234911
2021-10-02 03:00:00,1438A,LYS,26.0,256.71308872459014,-230.71308872459014
2021-10-02 04:00:00,1438A,LYS,22.0,256.32004454175365,-234.32004454175365
2021-10-02 05:00:00,1438A,LYS,20.0,255.31857688412998,-235.31857688412998
2021-10-02 06:00:00,1438A,LYS,17.0,255.30055245550727,-238.30055245550727
2021-10-02 07:00:00,1438A,LYS,16.0,254.74420623163317,-238.74420623163317
2021-10-02 08:00:00,1438A,LYS,16.0,253.99697437225657,-237.99697437225657
2021-10-02 09:00:00,1438A,LYS,14.0,253.10822807782247,-239.10822807782247
2021-10-02 10:00:00,1438A,LYS,15.0,252.6357818364364,-237.6357818364364
2021-10-02 11:00:00,1438A,LYS,11.0,254.68719758984113,-243.68719758984113
2021-10-02 12:00:00,1438A,LYS,14.0,256.66512402470124,-242.66512402470124
2021-10-02 13:00:00,1438A,LYS,18.0,256.8600004707843,-238.8600004707843
2021-10-02 14:00:00,1438A,LYS,24.0,257.2981337524182,-233.2981337524182
2021-10-02 15:00:00,1438A,LYS,24.0,257.24308010759324,-233.24308010759324
2021-10-02 16:00:00,1438A,LYS,29.0,256.8089507675243,-227.80895076752432
2021-10-02 17:00:00,1438A,LYS,34.0,256.7473137622862,-222.74731376228618
2021-10-02 18:00:00,1438A,LYS,36.0,257.66407063970473,-221.66407063970473
2021-10-02 19:00:00,1438A,LYS,38.0,259.1378917876754,-221.13789178767541
2021-10-02 20:00:00,1438A,LYS,44.0,259.3330505168241,-215.33305051682407
2021-10-02 21:00:00,1438A,LYS,44.0,259.19113667422954,-215.19113667422954
2021-10-02 22:00:00,1438A,LYS,43.0,259.84495854736645,-216.84495854736645
2021-10-02 23:00:00,1438A,LYS,54.0,260.0231275760547,-206.02312757605472
2021-10-03 00:00:00,1438A,LYS,40.0,259.2582271042856,-219.2582271042856
2021-10-03 01:00:00,1438A,LYS,41.0,259.2245544667222,-218.22455446672222
2021-10-03 02:00:00,1438A,LYS,32.0,259.2608423493676,-227.26084234936758
2021-10-03 03:00:00,1438A,LYS,38.0,257.3330763504666,-219.33307635046663
2021-10-03 04:00:00,1438A,LYS,37.0,256.94003216763014,-219.94003216763014
2021-10-03 05:00:00,1438A,LYS,42.0,255.93856451000647,-213.93856451000647
2021-10-03 06:00:00,1438A,LYS,52.0,255.92054008138376,-203.92054008138376
2021-10-03 07:00:00,1438A,LYS,38.0,255.36419385750966,-217.36419385750966
2021-10-03 08:00:00,1438A,LYS,46.0,254.61696199813306,-208.61696199813306
2021-10-03 09:00:00,1438A,LYS,37.0,253.72821570369896,-216.72821570369896
2021-10-03 10:00:00,1438A,LYS,39.0,253.25576946231288,-214.25576946231288
2021-10-03 11:00:00,1438A,LYS,34.0,255.30718521571762,-221.30718521571762
2021-10-03 12:00:00,1438A,LYS,30.0,257.28511165057773,-227.28511165057773
2021-10-03 13:00:00,1438A,LYS,31.0,257.4799880966608,-226.4799880966608
2021-10-03 14:00:00,1438A,LYS,38.0,257.9181213782947,-219.9181213782947
2021-10-03 15:00:00,1438A,LYS,57.0,257.86306773346973,-200.86306773346973
2021-10-03 16:00:00,1438A,LYS,54.0,257.4289383934008,-203.4289383934008
2021-10-03 17:00:00,1438A,LYS,43.0,257.3673013881627,-214.36730138816267
2021-10-03 18:00:00,1438A,LYS,36.0,258.2840582655812,-222.28405826558122
2021-10-03 19:00:00,1438A,LYS,35.0,259.7578794135519,-224.7578794135519
2021-10-03 20:00:00,1438A,LYS,37.0,259.95303814270056,-222.95303814270056
2021-10-03 21:00:00,1438A,LYS,38.0,259.81112430010603,-221.81112430010603
2021-10-03 22:00:00,1438A,LYS,39.0,260.46494617324294,-221.46494617324294
2021-10-03 23:00:00,1438A,LYS,28.0,260.6431152019312,-232.6431152019312
2021-10-04 00:00:00,1438A,LYS,32.0,259.8782147301621,-227.87821473016209
2021-10-04 01:00:00,1438A,LYS,23.0,259.8445420925987,-236.84454209259872
2021-10-04 02:00:00,1438A,LYS,27.0,259.88082997524407,-232.88082997524407
2021-10-04 03:00:00,1438A,LYS,28.0,257.9530639763431,-229.95306397634312
2021-10-04 04:00:00,1438A,LYS,32.0,257.5600197935066,-225.56001979350663
2021-10-04 05:00:00,1438A,LYS,28.0,256.55855213588296,-228.55855213588296
2021-10-04 06:00:00,1438A,LYS,30.0,256.54052770726025,-226.54052770726025
2021-10-04 07:00:00,1438A,LYS,29.0,255.98418148338615,-226.98418148338615
2021-10-04 08:00:00,1438A,LYS,29.0,255.23694962400955,-226.23694962400955
2021-10-04 09:00:00,1438A,LYS,35.0,254.34820332957545,-219.34820332957545
2021-10-04 10:00:00,1438A,LYS,33.0,253.87575708818937,-220.87575708818937
2021-10-04 11:00:00,1438A,LYS,14.0,255.9271728415941,-241.9271728415941
2021-10-04 12:00:00,1438A,LYS,4.0,257.9050992764542,-253.90509927645422
2021-10-04 13:00:00,1438A,LYS,1.0,258.0999757225373,-257.0999757225373
2021-10-04 14:00:00,1438A,LYS,,258.5381090041712,
2021-10-04 15:00:00,1438A,LYS,,258.4830553593462,
2021-10-04 16:00:00,1438A,LYS,,258.0489260192773,
2021-10-04 17:00:00,1438A,LYS,,257.98728901403916,
2021-10-04 18:00:00,1438A,LYS,1.0,258.9040458914577,-257.9040458914577
2021-10-04 19:00:00,1438A,LYS,1.0,260.3778670394284,-259.3778670394284
2021-10-04 20:00:00,1438A,LYS,2.0,260.57302576857705,-258.57302576857705
2021-10-04 21:00:00,1438A,LYS,3.0,260.4311119259825,-257.4311119259825
2021-10-04 22:00:00,1438A,LYS,3.0,261.0849337991194,-258.0849337991194
2021-10-04 23:00:00,1438A,LYS,1.0,261.2631028278077,-260.2631028278077
2021-10-05 00:00:00,1438A,LYS,1.0,260.4982023560386,-259.4982023560386
2021-10-05 01:00:00,1438A,LYS,1.0,260.4645297184752,-259.4645297184752
2021-10-05 02:00:00,1438A,LYS,,260.50081760112056,
2021-10-05 03:00:00,1438A,LYS,,258.5730516022196,
2021-10-05 04:00:00,1438A,LYS,,258.1800074193831,
2021-10-05 05:00:00,1438A,LYS,,257.17853976175945,
2021-10-05 06:00:00,1438A,LYS,,257.16051533313674,
2021-10-05 07:00:00,1438A,LYS,,256.6041691092626,
2021-10-05 08:00:00,1438A,LYS,,255.85693724988602,
2021-10-05 09:00:00,1438A,LYS,,254.96819095545192,
2021-10-05 10:00:00,1438A,LYS,,254.49574471406584,
2021-10-05 11:00:00,1438A,LYS,,256.5471604674706,
2021-10-05 12:00:00,1438A,LYS,1.0,258.5250869023307,-257.5250869023307
2021-10-05 13:00:00,1438A,LYS,1.0,258.7199633484138,-257.7199633484138
2021-10-05 14:00:00,1438A,LYS,4.0,259.1580966300477,-255.15809663004768
2021-10-05 15:00:00,1438A,LYS,15.0,259.1030429852227,-244.10304298522271
2021-10-05 16:00:00,1438A,LYS,7.0,258.6689136451538,-251.6689136451538
2021-10-05 17:00:00,1438A,LYS,3.0,258.60727663991565,-255.60727663991565
2021-10-05 18:00:00,1438A,LYS,3.0,259.5240335173342,-256.5240335173342
2021-10-05 19:00:00,1438A,LYS,8.0,260.9978546653049,-252.99785466530489
2021-10-05 20:00:00,1438A,LYS,8.0,261.19301339445354,-253.19301339445354
2021-10-05 21:00:00,1438A,LYS,10.0,261.051099551859,-251.051099551859
2021-10-05 22:00:00,1438A,LYS,8.0,261.7049214249959,-253.70492142499592
2021-10-05 23:00:00,1438A,LYS,6.0,261.8830904536842,-255.8830904536842
2021-10-06 00:00:00,1438A,LYS,10.0,261.11818998191507,-251.11818998191507
2021-10-06 01:00:00,1438A,LYS,12.0,261.0845173443517,-249.0845173443517
2021-10-06 02:00:00,1438A,LYS,2.0,261.12080522699705,-259.12080522699705
2021-10-06 03:00:00,1438A,LYS,3.0,259.1930392280961,-256.1930392280961
2021-10-06 04:00:00,1438A,LYS,5.0,258.7999950452596,-253.7999950452596
2021-10-06 05:00:00,1438A,LYS,2.0,257.79852738763594,-255.79852738763594
2021-10-06 06:00:00,1438A,LYS,,257.78050295901323,
2021-10-06 07:00:00,1438A,LYS,,257.2241567351391,
2021-10-06 08:00:00,1438A,LYS,,256.4769248757625,
2021-10-06 09:00:00,1438A,LYS,,255.5881785813284,
2021-10-06 10:00:00,1438A,LYS,,255.11573233994233,
2021-10-06 11:00:00,1438A,LYS,,257.16714809334707,
2021-10-06 12:00:00,1438A,LYS,,259.1450745282072,
2021-10-06 13:00:00,1438A,LYS,,259.3399509742903,
2021-10-06 14:00:00,1438A,LYS,,259.77808425592417,
2021-10-06 15:00:00,1438A,LYS,,259.7230306110992,
2021-10-06 16:00:00,1438A,LYS,,259.2889012710303,
2021-10-06 17:00:00,1438A,LYS,,259.22726426579214,
2021-10-06 18:00:00,1438A,LYS,,260.1440211432107,
2021-10-06 19:00:00,1438A,LYS,2.0,261.6178422911814,-259.6178422911814
2021-10-06 20:00:00,1438A,LYS,5.0,261.81300102033003,-256.81300102033003
2021-10-06 21:00:00,1438A,LYS,4.0,261.6710871777355,-257.6710871777355
2021-10-06 22:00:00,1438A,LYS,4.0,262.3249090508724,-258.3249090508724
2021-10-06 23:00:00,1438A,LYS,3.0,262.5030780795607,-259.5030780795607
2021-10-07 00:00:00,1438A,LYS,6.0,261.73817760779156,-255.73817760779156
2021-10-07 01:00:00,1438A,LYS,7.0,261.7045049702282,-254.7045049702282
2021-10-07 02:00:00,1438A,LYS,7.0,261.74079285287354,-254.74079285287354
2021-10-07 03:00:00,1438A,LYS,7.0,259.8130268539726,-252.8130268539726
2021-10-07 04:00:00,1438A,LYS,6.0,259.4199826711361,-253.4199826711361
2021-10-07 05:00:00,1438A,LYS,5.0,258.41851501351243,-253.41851501351243
2021-10-07 06:00:00,1438A,LYS,6.0,258.4004905848897,-252.40049058488972
2021-10-07 07:00:00,1438A,LYS,5.0,257.8441443610156,-252.8441443610156
2021-10-07 08:00:00,1438A,LYS,8.0,257.096912501639,-249.096912501639
2021-10-07 09:00:00,1438A,LYS,8.0,256.2081662072049,-248.2081662072049
2021-10-07 10:00:00,1438A,LYS,24.0,255.73571996581882,-231.73571996581882
2021-10-07 11:00:00,1438A,LYS,25.0,257.78713571922356,-232.78713571922356
2021-10-07 12:00:00,1438A,LYS,20.0,259.7650621540837,-239.7650621540837
2021-10-07 13:00:00,1438A,LYS,22.0,259.95993860016677,-237.95993860016677
2021-10-07 14:00:00,1438A,LYS,20.0,260.39807188180066,-240.39807188180066
2021-10-07 15:00:00,1438A,LYS,18.0,260.3430182369757,-242.3430182369757
2021-10-07 16:00:00,1438A,LYS,20.0,259.9088888969068,-239.90888889690677
2021-10-07 17:00:00,1438A,LYS,22.0,259.84725189166863,-237.84725189166863
2021-10-07 18:00:00,1438A,LYS,20.0,260.7640087690872,-240.76400876908718
2021-10-07 19:00:00,1438A,LYS,16.0,262.23782991705787,-246.23782991705787
2021-10-07 20:00:00,1438A,LYS,13.0,262.4329886462065,-249.43298864620652
2021-10-07 21:00:00,1438A,LYS,13.0,262.291074803612,-249.291074803612
2021-10-07 22:00:00,1438A,LYS,16.0,262.9448966767489,-246.9448966767489
2021-10-07 23:00:00,1438A,LYS,17.0,263.12306570543717,-246.12306570543717
2021-10-08 00:00:00,1438A,LYS,18.0,262.35816523366805,-244.35816523366805
2021-10-08 01:00:00,1438A,LYS,16.0,262.3244925961047,-246.32449259610468
2021-10-08 02:00:00,1438A,LYS,14.0,262.36078047875003,-248.36078047875003
2021-10-08 03:00:00,1438A,LYS,11.0,260.4330144798491,-249.43301447984908
2021-10-08 04:00:00,1438A,LYS,5.0,260.0399702970126,-255.0399702970126
2021-10-08 05:00:00,1438A,LYS,3.0,259.0385026393889,-256.0385026393889
2021-10-08 06:00:00,1438A,LYS,7.0,259.0204782107662,-252.0204782107662
2021-10-08 07:00:00,1438A,LYS,7.0,258.4641319868921,-251.46413198689208
2021-10-08 08:00:00,1438A,LYS,6.0,257.7169001275155,-251.7169001275155
2021-10-08 09:00:00,1438A,LYS,5.0,256.8281538330814,-251.8281538330814
2021-10-08 10:00:00,1438A,LYS,5.0,256.3557075916953,-251.3557075916953
2021-10-08 11:00:00,1438A,LYS,6.0,258.40712334510005,-252.40712334510005
2021-10-08 12:00:00,1438A,LYS,8.0,260.3850497799602,-252.38504977996018
2021-10-08 13:00:00,1438A,LYS,9.0,260.57992622604326,-251.57992622604326
2021-10-08 14:00:00,1438A,LYS,9.0,261.01805950767715,-252.01805950767715
2021-10-08 15:00:00,1438A,LYS,9.0,260.9630058628522,-251.96300586285219
2021-10-08 16:00:00,1438A,LYS,11.0,260.52887652278326,-249.52887652278326
2021-10-08 17:00:00,1438A,LYS,9.0,260.4672395175451,-251.46723951754512
2021-10-08 18:00:00,1438A,LYS,11.0,261.3839963949637,-250.38399639496367
2021-10-08 19:00:00,1438A,LYS,14.0,262.85781754293436,-248.85781754293436
2021-10-08 20:00:00,1438A,LYS,18.0,263.052976272083,-245.05297627208301
2021-10-08 21:00:00,1438A,LYS,28.0,262.9110624294885,-234.91106242948848
2021-10-08 22:00:00,1438A,LYS,18.0,263.5648843026254,-245.5648843026254
2021-10-08 23:00:00,1438A,LYS,9.0,263.74305333131366,-254.74305333131366
2021-10-09 00:00:00,1438A,LYS,6.0,262.97815285954454,-256.97815285954454
2021-10-09 01:00:00,1438A,LYS,9.0,262.94448022198117,-253.94448022198117
2021-10-09 02:00:00,1438A,LYS,13.0,262.9807681046265,-249.98076810462652
2021-10-09 03:00:00,1438A,LYS,10.0,261.05300210572557,-251.05300210572557
2021-10-09 04:00:00,1438A,LYS,8.0,260.6599579228891,-252.65995792288908
2021-10-09 05:00:00,1438A,LYS,6.0,259.6584902652654,-253.6584902652654
2021-10-09 06:00:00,1438A,LYS,6.0,259.6404658366427,-253.6404658366427
2021-10-09 07:00:00,1438A,LYS,4.0,259.0841196127686,-255.08411961276857
2021-10-09 08:00:00,1438A,LYS,2.0,258.336887753392,-256.336887753392
2021-10-09 09:00:00,1438A,LYS,2.0,257.4481414589579,-255.44814145895788
2021-10-09 10:00:00,1438A,LYS,1.0,256.9756952175718,-255.9756952175718
2021-10-09 11:00:00,1438A,LYS,2.0,259.02711097097654,-257.02711097097654
2021-10-09 12:00:00,1438A,LYS,4.0,261.0050374058367,-257.0050374058367
2021-10-09 13:00:00,1438A,LYS,10.0,261.19991385191975,-251.19991385191975
2021-10-09 14:00:00,1438A,LYS,15.0,261.63804713355364,-246.63804713355364
2021-10-09 15:00:00,1438A,LYS,14.0,261.5829934887287,-247.58299348872868
2021-10-09 16:00:00,1438A,LYS,10.0,261.14886414865975,-251.14886414865975
2021-10-09 17:00:00,1438A,LYS,6.0,261.0872271434216,-255.08722714342161
2021-10-09 18:00:00,1438A,LYS,2.0,262.00398402084016,-260.00398402084016
2021-10-09 19:00:00,1438A,LYS,1.0,263.47780516881085,-262.47780516881085
2021-10-09 20:00:00,1438A,LYS,2.0,263.6729638979595,-261.6729638979595
2021-10-09 21:00:00,1438A,LYS,2.0,263.531050055365,-261.531050055365
2021-10-09 22:00:00,1438A,LYS,1.0,264.1848719285019,-263.1848719285019
2021-10-09 23:00:00,1438A,LYS,3.0,264.36304095719015,-261.36304095719015
2021-10-10 00:00:00,1438A,LYS,1.0,263.598140485421,-262.598140485421
2021-10-10 01:00:00,1438A,LYS,,263.56446784785766,
2021-10-10 02:00:00,1438A,LYS,2.0,263.600755730503,-261.600755730503
2021-10-10 03:00:00,1438A,LYS,,261.67298973160206,
2021-10-10 04:00:00,1438A,LYS,,261.27994554876557,
2021-10-10 05:00:00,1438A,LYS,,260.2784778911419,
2021-10-10 06:00:00,1438A,LYS,,260.2604534625192,
2021-10-10 07:00:00,1438A,LYS,,259.70410723864507,
2021-10-10 08:00:00,1438A,LYS,,258.95687537926847,
2021-10-10 09:00:00,1438A,LYS,,258.06812908483437,
2021-10-10 10:00:00,1438A,LYS,1.0,257.5956828434483,-256.5956828434483
2021-10-10 11:00:00,1438A,LYS,,259.647098596853,
2021-10-10 12:00:00,1438A,LYS,,261.62502503171316,
2021-10-10 13:00:00,1438A,LYS,1.0,261.81990147779624,-260.81990147779624
2021-10-10 14:00:00,1438A,LYS,5.0,262.25803475943013,-257.25803475943013
2021-10-10 15:00:00,1438A,LYS,9.0,262.20298111460517,-253.20298111460517
2021-10-10 16:00:00,1438A,LYS,11.0,261.76885177453624,-250.76885177453624
2021-10-10 17:00:00,1438A,LYS,4.0,261.7072147692981,-257.7072147692981
2021-10-10 18:00:00,1438A,LYS,3.0,262.62397164671665,-259.62397164671665
2021-10-10 19:00:00,1438A,LYS,12.0,264.09779279468734,-252.09779279468734
2021-10-10 20:00:00,1438A,LYS,11.0,264.292951523836,-253.292951523836
2021-10-10 21:00:00,1438A,LYS,7.0,264.15103768124146,-257.15103768124146
2021-10-10 22:00:00,1438A,LYS,8.0,264.80485955437837,-256.80485955437837
2021-10-10 23:00:00,1438A,LYS,7.0,264.98302858306664,-257.98302858306664
2021-10-11 00:00:00,1438A,LYS,4.0,264.2181281112975,-260.2181281112975
2021-10-11 01:00:00,1438A,LYS,4.0,264.18445547373415,-260.18445547373415
2021-10-11 02:00:00,1438A,LYS,9.0,264.2207433563795,-255.2207433563795
2021-10-11 03:00:00,1438A,LYS,13.0,262.29297735747855,-249.29297735747855
2021-10-11 04:00:00,1438A,LYS,11.0,261.89993317464206,-250.89993317464206
2021-10-11 05:00:00,1438A,LYS,10.0,260.8984655170184,-250.8984655170184
2021-10-11 06:00:00,1438A,LYS,10.0,260.8804410883957,-250.88044108839568
2021-10-11 07:00:00,1438A,LYS,13.0,260.32409486452156,-247.32409486452156
2021-10-11 08:00:00,1438A,LYS,15.0,259.57686300514496,-244.57686300514496
2021-10-11 09:00:00,1438A,LYS,12.0,258.68811671071086,-246.68811671071086
2021-10-11 10:00:00,1438A,LYS,15.0,258.2156704693248,-243.21567046932478
2021-10-11 11:00:00,1438A,LYS,17.0,260.2670862227295,-243.26708622272952
2021-10-11 12:00:00,1438A,LYS,21.0,262.24501265758965,-241.24501265758965
2021-10-11 13:00:00,1438A,LYS,26.0,262.4398891036727,-236.43988910367273
2021-10-11 14:00:00,1438A,LYS,27.0,262.8780223853066,-235.87802238530662
2021-10-11 15:00:00,1438A,LYS,27.0,262.82296874048166,-235.82296874048166
2021-10-11 16:00:00,1438A,LYS,29.0,262.38883940041273,-233.38883940041273
2021-10-11 17:00:00,1438A,LYS,30.0,262.3272023951746,-232.3272023951746
2021-10-11 18:00:00,1438A,LYS,29.0,263.24395927259314,-234.24395927259314
2021-10-11 19:00:00,1438A,LYS,30.0,264.7177804205638,-234.71778042056383
2021-10-11 20:00:00,1438A,LYS,29.0,264.9129391497125,-235.91293914971249
2021-10-11 21:00:00,1438A,LYS,31.0,264.77102530711795,-233.77102530711795
2021-10-11 22:00:00,1438A,LYS,38.0,265.42484718025486,-227.42484718025486
2021-10-11 23:00:00,1438A,LYS,29.0,265.60301620894313,-236.60301620894313
2021-10-12 00:00:00,1438A,LYS,29.0,264.838115737174,-235.838115737174
2021-10-12 01:00:00,1438A,LYS,20.0,264.80444309961064,-244.80444309961064
2021-10-12 02:00:00,1438A,LYS,8.0,264.840730982256,-256.840730982256
2021-10-12 03:00:00,1438A,LYS,8.0,262.91296498335504,-254.91296498335504
2021-10-12 04:00:00,1438A,LYS,4.0,262.51992080051855,-258.51992080051855
2021-10-12 05:00:00,1438A,LYS,2.0,261.5184531428949,-259.5184531428949
2021-10-12 06:00:00,1438A,LYS,3.0,261.5004287142722,-258.5004287142722
2021-10-12 07:00:00,1438A,LYS,3.0,260.94408249039805,-257.94408249039805
2021-10-12 08:00:00,1438A,LYS,3.0,260.19685063102145,-257.19685063102145
2021-10-12 09:00:00,1438A,LYS,2.0,259.30810433658735,-257.30810433658735
2021-10-12 10:00:00,1438A,LYS,,258.83565809520127,
2021-10-12 11:00:00,1438A,LYS,4.0,260.887073848606,-256.887073848606
2021-10-12 12:00:00,1438A,LYS,9.0,262.86500028346614,-253.86500028346614
2021-10-12 13:00:00,1438A,LYS,11.0,263.0598767295492,-252.05987672954922
2021-10-12 14:00:00,1438A,LYS,19.0,263.4980100111831,-244.4980100111831
2021-10-12 15:00:00,1438A,LYS,23.0,263.44295636635815,-240.44295636635815
2021-10-12 16:00:00,1438A,LYS,21.0,263.0088270262892,-242.00882702628923
2021-10-12 17:00:00,1438A,LYS,23.0,262.9471900210511,-239.94719002105109
2021-10-12 18:00:00,1438A,LYS,23.0,263.86394689846964,-240.86394689846964
2021-10-12 19:00:00,1438A,LYS,24.0,265.3377680464403,-241.33776804644032
2021-10-12 20:00:00,1438A,LYS,25.0,265.532926775589,-240.53292677558898
2021-10-12 21:00:00,1438A,LYS,29.0,265.39101293299444,-236.39101293299444
2021-10-12 22:00:00,1438A,LYS,26.0,266.04483480613135,-240.04483480613135
2021-10-12 23:00:00,1438A,LYS,19.0,266.2230038348196,-247.22300383481962
2021-10-13 00:00:00,1438A,LYS,8.0,265.4581033630505,-257.4581033630505
2021-10-13 01:00:00,1438A,LYS,7.0,265.4244307254871,-258.4244307254871
2021-10-13 02:00:00,1438A,LYS,6.0,265.4607186081325,-259.4607186081325
2021-10-13 03:00:00,1438A,LYS,10.0,263.53295260923153,-253.53295260923153
2021-10-13 04:00:00,1438A,LYS,17.0,263.13990842639504,-246.13990842639504
2021-10-13 05:00:00,1438A,LYS,13.0,262.1384407687714,-249.13844076877137
2021-10-13 06:00:00,1438A,LYS,12.0,262.12041634014867,-250.12041634014867
2021-10-13 07:00:00,1438A,LYS,11.0,261.56407011627454,-250.56407011627454
2021-10-13 08:00:00,1438A,LYS,11.0,260.81683825689794,-249.81683825689794
2021-10-13 09:00:00,1438A,LYS,9.0,259.92809196246384,-250.92809196246384
2021-10-13 10:00:00,1438A,LYS,8.0,259.45564572107776,-251.45564572107776
2021-10-13 11:00:00,1438A,LYS,16.0,261.5070614744825,-245.5070614744825
2021-10-13 12:00:00,1438A,LYS,18.0,263.48498790934264,-245.48498790934264
2021-10-13 13:00:00,1438A,LYS,31.0,263.6798643554257,-232.6798643554257
2021-10-13 14:00:00,1438A,LYS,36.0,264.1179976370596,-228.1179976370596
2021-10-13 15:00:00,1438A,LYS,36.0,264.06294399223464,-228.06294399223464
2021-10-13 16:00:00,1438A,LYS,33.0,263.6288146521657,-230.62881465216572
2021-10-13 17:00:00,1438A,LYS,29.0,263.5671776469276,-234.56717764692758
2021-10-13 18:00:00,1438A,LYS,37.0,264.4839345243461,-227.48393452434613
2021-10-13 19:00:00,1438A,LYS,35.0,265.9577556723168,-230.9577556723168
2021-10-13 20:00:00,1438A,LYS,40.0,266.15291440146547,-226.15291440146547
2021-10-13 21:00:00,1438A,LYS,35.0,266.01100055887093,-231.01100055887093
2021-10-13 22:00:00,1438A,LYS,21.0,266.66482243200784,-245.66482243200784
2021-10-13 23:00:00,1438A,LYS,19.0,266.8429914606961,-247.8429914606961
2021-10-14 00:00:00,1438A,LYS,17.0,266.078090988927,-249.078090988927
2021-10-14 01:00:00,1438A,LYS,22.0,266.0444183513636,-244.04441835136362
2021-10-14 02:00:00,1438A,LYS,25.0,266.08070623400897,-241.08070623400897
2021-10-14 03:00:00,1438A,LYS,18.0,264.152940235108,-246.15294023510802
2021-10-14 04:00:00,1438A,LYS,11.0,263.75989605227153,-252.75989605227153
2021-10-14 05:00:00,1438A,LYS,14.0,262.75842839464786,-248.75842839464786
2021-10-14 06:00:00,1438A,LYS,10.0,262.74040396602516,-252.74040396602516
2021-10-14 07:00:00,1438A,LYS,6.0,262.184057742151,-256.184057742151
2021-10-14 08:00:00,1438A,LYS,6.0,261.43682588277443,-255.43682588277443
2021-10-14 09:00:00,1438A,LYS,10.0,260.54807958834033,-250.54807958834033
2021-10-14 10:00:00,1438A,LYS,13.0,260.07563334695425,-247.07563334695425
2021-10-14 11:00:00,1438A,LYS,7.0,262.127049100359,-255.127049100359
2021-10-14 12:00:00,1438A,LYS,,264.1049755352191,
2021-10-14 13:00:00,1438A,LYS,,264.2998519813022,
2021-10-14 14:00:00,1438A,LYS,,264.7379852629361,
2021-10-14 15:00:00,1438A,LYS,,264.6829316181111,
2021-10-14 16:00:00,1438A,LYS,,264.2488022780422,
2021-10-14 17:00:00,1438A,LYS,,264.18716527280407,
2021-10-14 18:00:00,1438A,LYS,,265.1039221502226,
2021-10-14 19:00:00,1438A,LYS,,266.5777432981933,
2021-10-14 20:00:00,1438A,LYS,,266.77290202734196,
2021-10-14 21:00:00,1438A,LYS,,266.6309881847474,
2021-10-14 22:00:00,1438A,LYS,,267.28481005788433,
2021-10-14 23:00:00,1438A,LYS,,267.4629790865726,
2021-10-15 00:00:00,1438A,LYS,,266.6980786148035,
2021-10-15 01:00:00,1438A,LYS,,266.6644059772401,
2021-10-15 02:00:00,1438A,LYS,,266.70069385988546,
2021-10-15 03:00:00,1438A,LYS,,264.7729278609845,
2021-10-15 04:00:00,1438A,LYS,,264.379883678148,
2021-10-15 05:00:00,1438A,LYS,,263.37841602052436,
2021-10-15 06:00:00,1438A,LYS,,263.36039159190165,
2021-10-15 07:00:00,1438A,LYS,,262.8040453680275,
2021-10-15 08:00:00,1438A,LYS,,262.0568135086509,
2021-10-15 09:00:00,1438A,LYS,,261.1680672142168,
2021-10-15 10:00:00,1438A,LYS,,260.69562097283074,
2021-10-15 11:00:00,1438A,LYS,,262.7470367262355,
2021-10-15 12:00:00,1438A,LYS,,264.7249631610956,
2021-10-15 13:00:00,1438A,LYS,,264.9198396071787,
2021-10-15 14:00:00,1438A,LYS,,265.3579728888126,
2021-10-15 15:00:00,1438A,LYS,,265.3029192439876,
2021-10-15 16:00:00,1438A,LYS,,264.8687899039187,
2021-10-15 17:00:00,1438A,LYS,,264.80715289868056,
2021-10-15 18:00:00,1438A,LYS,,265.7239097760991,
2021-10-15 19:00:00,1438A,LYS,,267.1977309240698,
2021-10-15 20:00:00,1438A,LYS,,267.39288965321845,
2021-10-15 21:00:00,1438A,LYS,,267.2509758106239,
2021-10-15 22:00:00,1438A,LYS,,267.9047976837608,
2021-10-15 23:00:00,1438A,LYS,,268.0829667124491,
2021-10-16 00:00:00,1438A,LYS,,267.31806624067997,
2021-10-16 01:00:00,1438A,LYS,,267.2843936031166,
2021-10-16 02:00:00,1438A,LYS,,267.32068148576195,
2021-10-16 03:00:00,1438A,LYS,,265.392915486861,
2021-10-16 04:00:00,1438A,LYS,,264.9998713040245,
2021-10-16 05:00:00,1438A,LYS,,263.99840364640085,
2021-10-16 06:00:00,1438A,LYS,,263.98037921777814,
2021-10-16 07:00:00,1438A,LYS,,263.424032993904,
2021-10-16 08:00:00,1438A,LYS,,262.6768011345274,
2021-10-16 09:00:00,1438A,LYS,,261.7880548400933,
2021-10-16 10:00:00,1438A,LYS,,261.31560859870723,
2021-10-16 11:00:00,1438A,LYS,,263.36702435211197,
2021-10-16 12:00:00,1438A,LYS,,265.3449507869721,
2021-10-16 13:00:00,1438A,LYS,,265.5398272330552,
2021-10-16 14:00:00,1438A,LYS,,265.9779605146891,
2021-10-16 15:00:00,1438A,LYS,,265.9229068698641,
2021-10-16 16:00:00,1438A,LYS,,265.4887775297952,
2021-10-16 17:00:00,1438A,LYS,,265.42714052455705,
2021-10-16 18:00:00,1438A,LYS,,266.3438974019756,
2021-10-16 19:00:00,1438A,LYS,,267.8177185499463,
2021-10-16 20:00:00,1438A,LYS,,268.01287727909494,
2021-10-16 21:00:00,1438A,LYS,,267.8709634365004,
2021-10-16 22:00:00,1438A,LYS,,268.5247853096373,
2021-10-16 23:00:00,1438A,LYS,,268.7029543383256,
2021-10-17 00:00:00,1438A,LYS,,267.93805386655646,
2021-10-17 01:00:00,1438A,LYS,,267.9043812289931,
2021-10-17 02:00:00,1438A,LYS,,267.94066911163844,
2021-10-17 03:00:00,1438A,LYS,,266.0129031127375,
2021-10-17 04:00:00,1438A,LYS,,265.619858929901,
2021-10-17 05:00:00,1438A,LYS,,264.61839127227734,
2021-10-17 06:00:00,1438A,LYS,,264.6003668436546,
2021-10-17 07:00:00,1438A,LYS,,264.0440206197805,
2021-10-17 08:00:00,1438A,LYS,,263.2967887604039,
2021-10-17 09:00:00,1438A,LYS,,262.4080424659698,
2021-10-17 10:00:00,1438A,LYS,,261.9355962245837,
2021-10-17 11:00:00,1438A,LYS,,263.98701197798846,
2021-10-17 12:00:00,1438A,LYS,,265.9649384128486,
2021-10-17 13:00:00,1438A,LYS,,266.15981485893167,
2021-10-17 14:00:00,1438A,LYS,,266.59794814056556,
2021-10-17 15:00:00,1438A,LYS,,266.5428944957406,
2021-10-17 16:00:00,1438A,LYS,,266.1087651556717,
2021-10-17 17:00:00,1438A,LYS,,266.04712815043354,
2021-10-17 18:00:00,1438A,LYS,,266.9638850278521,
2021-10-17 19:00:00,1438A,LYS,,268.43770617582277,
2021-10-17 20:00:00,1438A,LYS,,268.6328649049714,
2021-10-17 21:00:00,1438A,LYS,,268.4909510623769,
2021-10-17 22:00:00,1438A,LYS,,269.1447729355138,
2021-10-17 23:00:00,1438A,LYS,,269.3229419642021,
2021-10-18 00:00:00,1438A,LYS,,268.55804149243295,
2021-10-18 01:00:00,1438A,LYS,,268.5243688548696,
2021-10-18 02:00:00,1438A,LYS,,268.56065673751493,
2021-10-18 03:00:00,1438A,LYS,,266.632890738614,
2021-10-18 04:00:00,1438A,LYS,,266.2398465557775,
2021-10-18 05:00:00,1438A,LYS,,265.2383788981538,
2021-10-18 06:00:00,1438A,LYS,,265.2203544695311,
2021-10-18 07:00:00,1438A,LYS,,264.664008245657,
2021-10-18 08:00:00,1438A,LYS,,263.9167763862804,
2021-10-18 09:00:00,1438A,LYS,,263.0280300918463,
2021-10-18 10:00:00,1438A,LYS,,262.5555838504602,
2021-10-18 11:00:00,1438A,LYS,,264.60699960386495,
2021-10-18 12:00:00,1438A,LYS,,266.5849260387251,
2021-10-18 13:00:00,1438A,LYS,,266.77980248480816,
2021-10-18 14:00:00,1438A,LYS,25.0,267.21793576644205,-242.21793576644205
2021-10-18 15:00:00,1438A,LYS,30.0,267.1628821216171,-237.1628821216171
2021-10-18 16:00:00,1438A,LYS,30.0,266.72875278154817,-236.72875278154817
2021-10-18 17:00:00,1438A,LYS,29.0,266.66711577631,-237.66711577631003
2021-10-18 18:00:00,1438A,LYS,30.0,267.5838726537286,-237.58387265372858
2021-10-18 19:00:00,1438A,LYS,32.0,269.05769380169926,-237.05769380169926
2021-10-18 20:00:00,1438A,LYS,26.0,269.2528525308479,-243.25285253084792
2021-10-18 21:00:00,1438A,LYS,27.0,269.1109386882534,-242.11093868825338
2021-10-18 22:00:00,1438A,LYS,24.0,269.7647605613903,-245.7647605613903
2021-10-18 23:00:00,1438A,LYS,31.0,269.94292959007856,-238.94292959007856
2021-10-19 00:00:00,1438A,LYS,32.0,269.17802911830944,-237.17802911830944
2021-10-19 01:00:00,1438A,LYS,32.0,269.14435648074607,-237.14435648074607
2021-10-19 02:00:00,1438A,LYS,27.0,269.1806443633914,-242.18064436339142
2021-10-19 03:00:00,1438A,LYS,23.0,267.25287836449047,-244.25287836449047
2021-10-19 04:00:00,1438A,LYS,20.0,266.859834181654,-246.85983418165398
2021-10-19 05:00:00,1438A,LYS,22.0,265.8583665240303,-243.85836652403032
2021-10-19 06:00:00,1438A,LYS,23.0,265.8403420954076,-242.8403420954076
2021-10-19 07:00:00,1438A,LYS,26.0,265.2839958715335,-239.28399587153348
2021-10-19 08:00:00,1438A,LYS,32.0,264.5367640121569,-232.53676401215688
2021-10-19 09:00:00,1438A,LYS,32.0,263.6480177177228,-231.64801771772278
2021-10-19 10:00:00,1438A,LYS,38.0,263.1755714763367,-225.1755714763367
2021-10-19 11:00:00,1438A,LYS,32.0,265.22698722974144,-233.22698722974144
2021-10-19 12:00:00,1438A,LYS,37.0,267.2049136646016,-230.20491366460158
2021-10-19 13:00:00,1438A,LYS,40.0,267.39979011068465,-227.39979011068465
2021-10-19 14:00:00,1438A,LYS,40.0,267.83792339231854,-227.83792339231854
2021-10-19 15:00:00,1438A,LYS,39.0,267.7828697474936,-228.78286974749358
2021-10-19 16:00:00,1438A,LYS,39.0,267.34874040742466,-228.34874040742466
2021-10-19 17:00:00,1438A,LYS,40.0,267.2871034021865,-227.28710340218652
2021-10-19 18:00:00,1438A,LYS,28.0,268.20386027960507,-240.20386027960507
2021-10-19 19:00:00,1438A,LYS,5.0,269.67768142757575,-264.67768142757575
2021-10-19 20:00:00,1438A,LYS,4.0,269.8728401567244,-265.8728401567244
2021-10-19 21:00:00,1438A,LYS,4.0,269.7309263141299,-265.7309263141299
2021-10-19 22:00:00,1438A,LYS,,270.3847481872668,
2021-10-19 23:00:00,1438A,LYS,,270.56291721595505,
2021-10-20 00:00:00,1438A,LYS,,269.79801674418593,
2021-10-20 01:00:00,1438A,LYS,,269.76434410662256,
2021-10-20 02:00:00,1438A,LYS,,269.8006319892679,
2021-10-20 03:00:00,1438A,LYS,,267.87286599036696,
2021-10-20 04:00:00,1438A,LYS,,267.47982180753047,
2021-10-20 05:00:00,1438A,LYS,,266.4783541499068,
2021-10-20 06:00:00,1438A,LYS,,266.4603297212841,
2021-10-20 07:00:00,1438A,LYS,,265.90398349740997,
2021-10-20 08:00:00,1438A,LYS,,265.15675163803337,
2021-10-20 09:00:00,1438A,LYS,,264.26800534359927,
2021-10-20 10:00:00,1438A,LYS,,263.7955591022132,
2021-10-20 11:00:00,1438A,LYS,,265.84697485561793,
2021-10-20 12:00:00,1438A,LYS,,267.82490129047807,
2021-10-20 13:00:00,1438A,LYS,15.0,268.01977773656114,-253.01977773656114
2021-10-20 14:00:00,1438A,LYS,15.0,268.45791101819503,-253.45791101819503
2021-10-20 15:00:00,1438A,LYS,16.0,268.40285737337007,-252.40285737337007
2021-10-20 16:00:00,1438A,LYS,20.0,267.96872803330115,-247.96872803330115
2021-10-20 17:00:00,1438A,LYS,21.0,267.907091028063,-246.907091028063
2021-10-20 18:00:00,1438A,LYS,23.0,268.82384790548156,-245.82384790548156
2021-10-20 19:00:00,1438A,LYS,19.0,270.29766905345224,-251.29766905345224
2021-10-20 20:00:00,1438A,LYS,20.0,270.4928277826009,-250.4928277826009
2021-10-20 21:00:00,1438A,LYS,17.0,270.35091394000636,-253.35091394000636
2021-10-20 22:00:00,1438A,LYS,17.0,271.00473581314327,-254.00473581314327
2021-10-20 23:00:00,1438A,LYS,15.0,271.18290484183154,-256.18290484183154
2021-10-21 00:00:00,1438A,LYS,18.0,270.4180043700624,-252.41800437006242
2021-10-21 01:00:00,1438A,LYS,18.0,270.38433173249905,-252.38433173249905
2021-10-21 02:00:00,1438A,LYS,18.0,270.4206196151444,-252.4206196151444
2021-10-21 03:00:00,1438A,LYS,12.0,268.49285361624345,-256.49285361624345
2021-10-21 04:00:00,1438A,LYS,10.0,268.09980943340696,-258.09980943340696
2021-10-21 05:00:00,1438A,LYS,7.0,267.0983417757833,-260.0983417757833
2021-10-21 06:00:00,1438A,LYS,8.0,267.0803173471606,-259.0803173471606
2021-10-21 07:00:00,1438A,LYS,6.0,266.52397112328646,-260.52397112328646
2021-10-21 08:00:00,1438A,LYS,4.0,265.77673926390986,-261.77673926390986
2021-10-21 09:00:00,1438A,LYS,2.0,264.88799296947576,-262.88799296947576
2021-10-21 10:00:00,1438A,LYS,2.0,264.4155467280897,-262.4155467280897
2021-10-21 11:00:00,1438A,LYS,2.0,266.4669624814944,-264.4669624814944
2021-10-21 12:00:00,1438A,LYS,9.0,268.44488891635456,-259.44488891635456
2021-10-21 13:00:00,1438A,LYS,16.0,268.63976536243763,-252.63976536243763
2021-10-21 14:00:00,1438A,LYS,11.0,269.0778986440715,-258.0778986440715
2021-10-21 15:00:00,1438A,LYS,14.0,269.02284499924656,-255.02284499924656
2021-10-21 16:00:00,1438A,LYS,17.0,268.58871565917764,-251.58871565917764
2021-10-21 17:00:00,1438A,LYS,13.0,268.5270786539395,-255.5270786539395
2021-10-21 18:00:00,1438A,LYS,9.0,269.44383553135805,-260.44383553135805
2021-10-21 19:00:00,1438A,LYS,6.0,270.91765667932873,-264.91765667932873
2021-10-21 20:00:00,1438A,LYS,7.0,271.1128154084774,-264.1128154084774
2021-10-21 21:00:00,1438A,LYS,6.0,270.97090156588285,-264.97090156588285
2021-10-21 22:00:00,1438A,LYS,8.0,271.62472343901976,-263.62472343901976
2021-10-21 23:00:00,1438A,LYS,8.0,271.80289246770803,-263.80289246770803
2021-10-22 00:00:00,1438A,LYS,10.0,271.0379919959389,-261.0379919959389
2021-10-22 01:00:00,1438A,LYS,6.0,271.00431935837554,-265.00431935837554
2021-10-22 02:00:00,1438A,LYS,5.0,271.0406072410209,-266.0406072410209
2021-10-22 03:00:00,1438A,LYS,9.0,269.11284124211994,-260.11284124211994
2021-10-22 04:00:00,1438A,LYS,6.0,268.71979705928345,-262.71979705928345
2021-10-22 05:00:00,1438A,LYS,7.0,267.7183294016598,-260.7183294016598
2021-10-22 06:00:00,1438A,LYS,5.0,267.7003049730371,-262.7003049730371
2021-10-22 07:00:00,1438A,LYS,6.0,267.14395874916295,-261.14395874916295
2021-10-22 08:00:00,1438A,LYS,7.0,266.39672688978635,-259.39672688978635
2021-10-22 09:00:00,1438A,LYS,10.0,265.50798059535225,-255.50798059535225
2021-10-22 10:00:00,1438A,LYS,8.0,265.03553435396617,-257.03553435396617
2021-10-22 11:00:00,1438A,LYS,8.0,267.0869501073709,-259.0869501073709
2021-10-22 12:00:00,1438A,LYS,12.0,269.06487654223105,-257.06487654223105
2021-10-22 13:00:00,1438A,LYS,14.0,269.2597529883141,-255.25975298831412
2021-10-22 14:00:00,1438A,LYS,13.0,269.697886269948,-256.697886269948
2021-10-22 15:00:00,1438A,LYS,16.0,269.64283262512305,-253.64283262512305
2021-10-22 16:00:00,1438A,LYS,14.0,269.2087032850541,-255.20870328505413
2021-10-22 17:00:00,1438A,LYS,17.0,269.147066279816,-252.147066279816
2021-10-22 18:00:00,1438A,LYS,22.0,270.06382315723454,-248.06382315723454
2021-10-22 19:00:00,1438A,LYS,27.0,271.5376443052052,-244.53764430520522
2021-10-22 20:00:00,1438A,LYS,25.0,271.7328030343539,-246.73280303435388
2021-10-22 21:00:00,1438A,LYS,21.0,271.59088919175935,-250.59088919175935
2021-10-22 22:00:00,1438A,LYS,26.0,272.24471106489625,-246.24471106489625
2021-10-22 23:00:00,1438A,LYS,19.0,272.4228800935845,-253.42288009358452
2021-10-23 00:00:00,1438A,LYS,15.0,271.6579796218154,-256.6579796218154
2021-10-23 01:00:00,1438A,LYS,15.0,271.62430698425203,-256.62430698425203
2021-10-23 02:00:00,1438A,LYS,16.0,271.6605948668974,-255.66059486689738
2021-10-23 03:00:00,1438A,LYS,9.0,269.73282886799643,-260.73282886799643
2021-10-23 04:00:00,1438A,LYS,6.0,269.33978468515994,-263.33978468515994
2021-10-23 05:00:00,1438A,LYS,1.0,268.3383170275363,-267.3383170275363
2021-10-23 06:00:00,1438A,LYS,3.0,268.32029259891357,-265.32029259891357
2021-10-23 07:00:00,1438A,LYS,11.0,267.76394637503944,-256.76394637503944
2021-10-23 08:00:00,1438A,LYS,9.0,267.01671451566284,-258.01671451566284
2021-10-23 09:00:00,1438A,LYS,4.0,266.12796822122874,-262.12796822122874
2021-10-23 10:00:00,1438A,LYS,9.0,265.65552197984266,-256.65552197984266
2021-10-23 11:00:00,1438A,LYS,12.0,267.7069377332474,-255.7069377332474
2021-10-23 12:00:00,1438A,LYS,25.0,269.68486416810754,-244.68486416810754
2021-10-23 13:00:00,1438A,LYS,27.0,269.8797406141906,-242.8797406141906
2021-10-23 14:00:00,1438A,LYS,26.0,270.3178738958245,-244.3178738958245
2021-10-23 15:00:00,1438A,LYS,28.0,270.26282025099954,-242.26282025099954
2021-10-23 16:00:00,1438A,LYS,28.0,269.8286909109306,-241.82869091093062
2021-10-23 17:00:00,1438A,LYS,26.0,269.7670539056925,-243.76705390569248
2021-10-23 18:00:00,1438A,LYS,20.0,270.683810783111,-250.68381078311103
2021-10-23 19:00:00,1438A,LYS,23.0,272.1576319310817,-249.1576319310817
2021-10-23 20:00:00,1438A,LYS,27.0,272.35279066023037,-245.35279066023037
2021-10-23 21:00:00,1438A,LYS,27.0,272.21087681763584,-245.21087681763584
2021-10-23 22:00:00,1438A,LYS,27.0,272.86469869077274,-245.86469869077274
2021-10-23 23:00:00,1438A,LYS,26.0,273.042867719461,-247.04286771946101
2021-10-24 00:00:00,1438A,LYS,33.0,272.2779672476919,-239.2779672476919
2021-10-24 01:00:00,1438A,LYS,25.0,272.2442946101285,-247.24429461012852
2021-10-24 02:00:00,1438A,LYS,30.0,272.2805824927739,-242.28058249277387
2021-10-24 03:00:00,1438A,LYS,22.0,270.3528164938729,-248.35281649387292
2021-10-24 04:00:00,1438A,LYS,26.0,269.95977231103643,-243.95977231103643
2021-10-24 05:00:00,1438A,LYS,16.0,268.95830465341277,-252.95830465341277
2021-10-24 06:00:00,1438A,LYS,21.0,268.94028022479006,-247.94028022479006
2021-10-24 07:00:00,1438A,LYS,16.0,268.38393400091593,-252.38393400091593
2021-10-24 08:00:00,1438A,LYS,19.0,267.63670214153933,-248.63670214153933
2021-10-24 09:00:00,1438A,LYS,22.0,266.74795584710523,-244.74795584710523
2021-10-24 10:00:00,1438A,LYS,20.0,266.27550960571915,-246.27550960571915
2021-10-24 11:00:00,1438A,LYS,28.0,268.3269253591239,-240.3269253591239
2021-10-24 12:00:00,1438A,LYS,31.0,270.304851793984,-239.30485179398403
2021-10-24 13:00:00,1438A,LYS,42.0,270.4997282400671,-228.4997282400671
2021-10-24 14:00:00,1438A,LYS,38.0,270.937861521701,-232.937861521701
2021-10-24 15:00:00,1438A,LYS,39.0,270.88280787687603,-231.88280787687603
2021-10-24 16:00:00,1438A,LYS,38.0,270.4486785368071,-232.4486785368071
2021-10-24 17:00:00,1438A,LYS,32.0,270.38704153156897,-238.38704153156897
2021-10-24 18:00:00,1438A,LYS,26.0,271.3037984089875,-245.30379840898752
2021-10-24 19:00:00,1438A,LYS,40.0,272.7776195569582,-232.7776195569582
2021-10-24 20:00:00,1438A,LYS,33.0,272.97277828610686,-239.97277828610686
2021-10-24 21:00:00,1438A,LYS,32.0,272.8308644435123,-240.83086444351233
2021-10-24 22:00:00,1438A,LYS,28.0,273.48468631664923,-245.48468631664923
2021-10-24 23:00:00,1438A,LYS,25.0,273.6628553453375,-248.6628553453375
2021-10-25 00:00:00,1438A,LYS,21.0,272.8979548735684,-251.89795487356838
2021-10-25 01:00:00,1438A,LYS,18.0,272.864282236005,-254.864282236005
2021-10-25 02:00:00,1438A,LYS,21.0,272.90057011865036,-251.90057011865036
2021-10-25 03:00:00,1438A,LYS,20.0,270.9728041197494,-250.9728041197494
2021-10-25 04:00:00,1438A,LYS,18.0,270.5797599369129,-252.57975993691292
2021-10-25 05:00:00,1438A,LYS,20.0,269.57829227928926,-249.57829227928926
2021-10-25 06:00:00,1438A,LYS,21.0,269.56026785066655,-248.56026785066655
2021-10-25 07:00:00,1438A,LYS,21.0,269.0039216267924,-248.00392162679242
2021-10-25 08:00:00,1438A,LYS,25.0,268.2566897674158,-243.25668976741582
2021-10-25 09:00:00,1438A,LYS,24.0,267.3679434729817,-243.36794347298172
2021-10-25 10:00:00,1438A,LYS,43.0,266.89549723159564,-223.89549723159564
2021-10-25 11:00:00,1438A,LYS,40.0,268.9469129850004,-228.94691298500038
2021-10-25 12:00:00,1438A,LYS,29.0,270.9248394198605,-241.92483941986052
2021-10-25 13:00:00,1438A,LYS,22.0,271.1197158659436,-249.1197158659436
2021-10-25 14:00:00,1438A,LYS,18.0,271.5578491475775,-253.55784914757749
2021-10-25 15:00:00,1438A,LYS,13.0,271.5027955027525,-258.5027955027525
2021-10-25 16:00:00,1438A,LYS,20.0,271.0686661626836,-251.0686661626836
2021-10-25 17:00:00,1438A,LYS,22.0,271.00702915744546,-249.00702915744546
2021-10-25 18:00:00,1438A,LYS,16.0,271.923786034864,-255.923786034864
2021-10-25 19:00:00,1438A,LYS,22.0,273.3976071828347,-251.3976071828347
2021-10-25 20:00:00,1438A,LYS,22.0,273.59276591198335,-251.59276591198335
2021-10-25 21:00:00,1438A,LYS,24.0,273.4508520693888,-249.45085206938882
2021-10-25 22:00:00,1438A,LYS,24.0,274.1046739425257,-250.10467394252572
2021-10-25 23:00:00,1438A,LYS,16.0,274.282842971214,-258.282842971214
2021-10-26 00:00:00,1438A,LYS,12.0,273.51794249944487,-261.51794249944487
2021-10-26 01:00:00,1438A,LYS,,273.4842698618815,
2021-10-26 02:00:00,1438A,LYS,,273.52055774452685,
2021-10-26 03:00:00,1438A,LYS,15.0,271.5927917456259,-256.5927917456259
2021-10-26 04:00:00,1438A,LYS,17.0,271.1997475627894,-254.1997475627894
2021-10-26 05:00:00,1438A,LYS,18.0,270.19827990516575,-252.19827990516575
2021-10-26 06:00:00,1438A,LYS,,270.18025547654304,
2021-10-26 07:00:00,1438A,LYS,22.0,269.6239092526689,-247.6239092526689
2021-10-26 08:00:00,1438A,LYS,12.0,268.8766773932923,-256.8766773932923
2021-10-26 09:00:00,1438A,LYS,14.0,267.9879310988582,-253.9879310988582
2021-10-26 10:00:00,1438A,LYS,13.0,267.51548485747213,-254.51548485747213
2021-10-26 11:00:00,1438A,LYS,6.0,269.56690061087687,-263.56690061087687
2021-10-26 12:00:00,1438A,LYS,2.0,271.544827045737,-269.544827045737
2021-10-26 13:00:00,1438A,LYS,1.0,271.7397034918201,-270.7397034918201
2021-10-26 14:00:00,1438A,LYS,2.0,272.177836773454,-270.177836773454
2021-10-26 15:00:00,1438A,LYS,6.0,272.122783128629,-266.122783128629
2021-10-26 16:00:00,1438A,LYS,9.0,271.6886537885601,-262.6886537885601
2021-10-26 17:00:00,1438A,LYS,12.0,271.62701678332195,-259.62701678332195
2021-10-26 18:00:00,1438A,LYS,15.0,272.5437736607405,-257.5437736607405
2021-10-26 19:00:00,1438A,LYS,15.0,274.0175948087112,-259.0175948087112
2021-10-26 20:00:00,1438A,LYS,9.0,274.21275353785984,-265.21275353785984
2021-10-26 21:00:00,1438A,LYS,8.0,274.0708396952653,-266.0708396952653
2021-10-26 22:00:00,1438A,LYS,8.0,274.7246615684022,-266.7246615684022
2021-10-26 23:00:00,1438A,LYS,13.0,274.9028305970905,-261.9028305970905
2021-10-27 00:00:00,1438A,LYS,7.0,274.13793012532136,-267.13793012532136
2021-10-27 01:00:00,1438A,LYS,4.0,274.104257487758,-270.104257487758
2021-10-27 02:00:00,1438A,LYS,4.0,274.14054537040334,-270.14054537040334
2021-10-27 03:00:00,1438A,LYS,4.0,272.2127793715024,-268.2127793715024
2021-10-27 04:00:00,1438A,LYS,4.0,271.8197351886659,-267.8197351886659
2021-10-27 05:00:00,1438A,LYS,5.0,270.81826753104224,-265.81826753104224
2021-10-27 06:00:00,1438A,LYS,5.0,270.80024310241953,-265.80024310241953
2021-10-27 07:00:00,1438A,LYS,6.0,270.2438968785454,-264.2438968785454
2021-10-27 08:00:00,1438A,LYS,8.0,269.4966650191688,-261.4966650191688
2021-10-27 09:00:00,1438A,LYS,10.0,268.6079187247347,-258.6079187247347
2021-10-27 10:00:00,1438A,LYS,10.0,268.1354724833486,-258.1354724833486
2021-10-27 11:00:00,1438A,LYS,14.0,270.18688823675336,-256.18688823675336
2021-10-27 12:00:00,1438A,LYS,20.0,272.1648146716135,-252.1648146716135
2021-10-27 13:00:00,1438A,LYS,31.0,272.35969111769657,-241.35969111769657
2021-10-27 14:00:00,1438A,LYS,33.0,272.79782439933047,-239.79782439933047
2021-10-27 15:00:00,1438A,LYS,29.0,272.7427707545055,-243.7427707545055
2021-10-27 16:00:00,1438A,LYS,29.0,272.3086414144366,-243.30864141443658
2021-10-27 17:00:00,1438A,LYS,29.0,272.24700440919844,-243.24700440919844
2021-10-27 18:00:00,1438A,LYS,27.0,273.163761286617,-246.163761286617
2021-10-27 19:00:00,1438A,LYS,25.0,274.63758243458767,-249.63758243458767
2021-10-27 20:00:00,1438A,LYS,28.0,274.83274116373633,-246.83274116373633
2021-10-27 21:00:00,1438A,LYS,19.0,274.6908273211418,-255.6908273211418
2021-10-27 22:00:00,1438A,LYS,14.0,275.3446491942787,-261.3446491942787
2021-10-27 23:00:00,1438A,LYS,9.0,275.522818222967,-266.522818222967
2021-10-28 00:00:00,1438A,LYS,9.0,274.75791775119785,-265.75791775119785
2021-10-28 01:00:00,1438A,LYS,6.0,274.7242451136345,-268.7242451136345
2021-10-28 02:00:00,1438A,LYS,7.0,274.76053299627984,-267.76053299627984
2021-10-28 03:00:00,1438A,LYS,19.0,272.8327669973789,-253.83276699737888
2021-10-28 04:00:00,1438A,LYS,11.0,272.4397228145424,-261.4397228145424
2021-10-28 05:00:00,1438A,LYS,28.0,271.43825515691873,-243.43825515691873
2021-10-28 06:00:00,1438A,LYS,25.0,271.420230728296,-246.42023072829602
2021-10-28 07:00:00,1438A,LYS,23.0,270.8638845044219,-247.8638845044219
2021-10-28 08:00:00,1438A,LYS,30.0,270.1166526450453,-240.1166526450453
2021-10-28 09:00:00,1438A,LYS,9.0,269.2279063506112,-260.2279063506112
2021-10-28 10:00:00,1438A,LYS,18.0,268.7554601092251,-250.7554601092251
2021-10-28 11:00:00,1438A,LYS,,270.80687586262985,
2021-10-28 12:00:00,1438A,LYS,21.0,272.78480229749,-251.78480229749
2021-10-28 13:00:00,1438A,LYS,22.0,272.97967874357306,-250.97967874357306
2021-10-28 14:00:00,1438A,LYS,25.0,273.41781202520696,-248.41781202520696
2021-10-28 15:00:00,1438A,LYS,21.0,273.362758380382,-252.362758380382
2021-10-28 16:00:00,1438A,LYS,20.0,272.92862904031307,-252.92862904031307
2021-10-28 17:00:00,1438A,LYS,27.0,272.86699203507493,-245.86699203507493
2021-10-28 18:00:00,1438A,LYS,22.0,273.7837489124935,-251.78374891249348
2021-10-28 19:00:00,1438A,LYS,23.0,275.25757006046416,-252.25757006046416
2021-10-28 20:00:00,1438A,LYS,19.0,275.4527287896128,-256.4527287896128
2021-10-28 21:00:00,1438A,LYS,10.0,275.3108149470183,-265.3108149470183
2021-10-28 22:00:00,1438A,LYS,5.0,275.9646368201552,-270.9646368201552
2021-10-28 23:00:00,1438A,LYS,5.0,276.14280584884347,-271.14280584884347
2021-10-29 00:00:00,1438A,LYS,7.0,275.37790537707434,-268.37790537707434
2021-10-29 01:00:00,1438A,LYS,7.0,275.34423273951097,-268.34423273951097
2021-10-29 02:00:00,1438A,LYS,7.0,275.3805206221563,-268.3805206221563
2021-10-29 03:00:00,1438A,LYS,9.0,273.4527546232554,-264.4527546232554
2021-10-29 04:00:00,1438A,LYS,11.0,273.0597104404189,-262.0597104404189
2021-10-29 05:00:00,1438A,LYS,15.0,272.0582427827952,-257.0582427827952
2021-10-29 06:00:00,1438A,LYS,15.0,272.0402183541725,-257.0402183541725
2021-10-29 07:00:00,1438A,LYS,16.0,271.4838721302984,-255.48387213029838
2021-10-29 08:00:00,1438A,LYS,14.0,270.7366402709218,-256.7366402709218
2021-10-29 09:00:00,1438A,LYS,12.0,269.8478939764877,-257.8478939764877
2021-10-29 10:00:00,1438A,LYS,12.0,269.3754477351016,-257.3754477351016
2021-10-29 11:00:00,1438A,LYS,15.0,271.42686348850634,-256.42686348850634
2021-10-29 12:00:00,1438A,LYS,15.0,273.4047899233665,-258.4047899233665
2021-10-29 13:00:00,1438A,LYS,17.0,273.59966636944955,-256.59966636944955
2021-10-29 14:00:00,1438A,LYS,12.0,274.03779965108345,-262.03779965108345
2021-10-29 15:00:00,1438A,LYS,13.0,273.9827460062585,-260.9827460062585
2021-10-29 16:00:00,1438A,LYS,16.0,273.54861666618956,-257.54861666618956
2021-10-29 17:00:00,1438A,LYS,24.0,273.4869796609514,-249.48697966095142
2021-10-29 18:00:00,1438A,LYS,29.0,274.40373653836997,-245.40373653836997
2021-10-29 19:00:00,1438A,LYS,34.0,275.87755768634065,-241.87755768634065
2021-10-29 20:00:00,1438A,LYS,42.0,276.0727164154893,-234.0727164154893
2021-10-29 21:00:00,1438A,LYS,40.0,275.9308025728948,-235.93080257289478
2021-10-29 22:00:00,1438A,LYS,37.0,276.5846244460317,-239.58462444603168
2021-10-29 23:00:00,1438A,LYS,42.0,276.76279347471996,-234.76279347471996
2021-10-30 00:00:00,1438A,LYS,,275.99789300295083,
2021-10-30 01:00:00,1438A,LYS,37.0,275.96422036538746,-238.96422036538746
2021-10-30 02:00:00,1438A,LYS,38.0,276.0005082480328,-238.00050824803282
2021-10-30 03:00:00,1438A,LYS,36.0,274.07274224913186,-238.07274224913186
2021-10-30 04:00:00,1438A,LYS,34.0,273.6796980662954,-239.67969806629537
2021-10-30 05:00:00,1438A,LYS,37.0,272.6782304086717,-235.6782304086717
2021-10-30 06:00:00,1438A,LYS,34.0,272.660205980049,-238.660205980049
2021-10-30 07:00:00,1438A,LYS,36.0,272.10385975617487,-236.10385975617487
2021-10-30 08:00:00,1438A,LYS,42.0,271.3566278967983,-229.35662789679827
2021-10-30 09:00:00,1438A,LYS,56.0,270.4678816023642,-214.46788160236417
2021-10-30 10:00:00,1438A,LYS,43.0,269.9954353609781,-226.9954353609781
2021-10-30 11:00:00,1438A,LYS,58.0,272.04685111438283,-214.04685111438283
2021-10-30 12:00:00,1438A,LYS,53.0,274.02477754924297,-221.02477754924297
2021-10-30 13:00:00,1438A,LYS,53.0,274.21965399532604,-221.21965399532604
2021-10-30 14:00:00,1438A,LYS,47.0,274.65778727695994,-227.65778727695994
2021-10-30 15:00:00,1438A,LYS,44.0,274.60273363213497,-230.60273363213497
2021-10-30 16:00:00,1438A,LYS,44.0,274.16860429206605,-230.16860429206605
2021-10-30 17:00:00,1438A,LYS,45.0,274.1069672868279,-229.1069672868279
2021-10-30 18:00:00,1438A,LYS,38.0,275.02372416424646,-237.02372416424646
2021-10-30 19:00:00,1438A,LYS,36.0,276.49754531221714,-240.49754531221714
2021-10-30 20:00:00,1438A,LYS,34.0,276.6927040413658,-242.6927040413658
2021-10-30 21:00:00,1438A,LYS,27.0,276.55079019877127,-249.55079019877127
2021-10-30 22:00:00,1438A,LYS,18.0,277.2046120719082,-259.2046120719082
2021-10-30 23:00:00,1438A,LYS,19.0,277.38278110059645,-258.38278110059645
2021-10-31 00:00:00,1438A,LYS,26.0,276.6178806288273,-250.61788062882732
2021-10-31 01:00:00,1438A,LYS,27.0,276.58420799126395,-249.58420799126395
2021-10-31 02:00:00,1438A,LYS,14.0,276.6204958739093,-262.6204958739093
2021-10-31 03:00:00,1438A,LYS,11.0,274.69272987500835,-263.69272987500835
2021-10-31 04:00:00,1438A,LYS,6.0,274.29968569217186,-268.29968569217186
2021-10-31 05:00:00,1438A,LYS,7.0,273.2982180345482,-266.2982180345482
2021-10-31 06:00:00,1438A,LYS,7.0,273.2801936059255,-266.2801936059255
2021-10-31 07:00:00,1438A,LYS,5.0,272.72384738205136,-267.72384738205136
2021-10-31 08:00:00,1438A,LYS,3.0,271.97661552267476,-268.97661552267476
2021-10-31 09:00:00,1438A,LYS,3.0,271.08786922824066,-268.08786922824066
2021-10-31 10:00:00,1438A,LYS,3.0,270.6154229868546,-267.6154229868546
2021-10-31 11:00:00,1438A,LYS,3.0,272.6668387402593,-269.6668387402593
2021-10-31 12:00:00,1438A,LYS,3.0,274.64476517511946,-271.64476517511946
2021-10-31 13:00:00,1438A,LYS,4.0,274.83964162120253,-270.83964162120253
2021-10-31 14:00:00,1438A,LYS,13.0,275.2777749028364,-262.2777749028364
2021-10-31 15:00:00,1438A,LYS,12.0,275.22272125801146,-263.22272125801146
2021-10-31 16:00:00,1438A,LYS,14.0,274.78859191794254,-260.78859191794254
2021-10-31 17:00:00,1438A,LYS,16.0,274.7269549127044,-258.7269549127044
2021-10-31 18:00:00,1438A,LYS,10.0,275.64371179012295,-265.64371179012295
2021-10-31 19:00:00,1438A,LYS,10.0,277.11753293809363,-267.11753293809363
2021-10-31 20:00:00,1438A,LYS,7.0,277.3126916672423,-270.3126916672423
2021-10-31 21:00:00,1438A,LYS,6.0,277.17077782464776,-271.17077782464776
2021-10-31 22:00:00,1438A,LYS,5.0,277.82459969778466,-272.82459969778466
2021-10-31 23:00:00,1438A,LYS,7.0,278.00276872647294,-271.00276872647294
2021-11-01 00:00:00,1438A,LYS,7.0,277.2378682547038,-270.2378682547038
2021-11-01 01:00:00,1438A,LYS,8.0,277.20419561714044,-269.20419561714044
2021-11-01 02:00:00,1438A,LYS,9.0,277.2404834997858,-268.2404834997858
2021-11-01 03:00:00,1438A,LYS,10.0,275.31271750088484,-265.31271750088484
2021-11-01 04:00:00,1438A,LYS,12.0,274.91967331804835,-262.91967331804835
2021-11-01 05:00:00,1438A,LYS,10.0,273.9182056604247,-263.9182056604247
2021-11-01 06:00:00,1438A,LYS,8.0,273.900181231802,-265.900181231802
2021-11-01 07:00:00,1438A,LYS,8.0,273.34383500792785,-265.34383500792785
2021-11-01 08:00:00,1438A,LYS,9.0,272.59660314855125,-263.59660314855125
2021-11-01 09:00:00,1438A,LYS,8.0,271.70785685411715,-263.70785685411715
2021-11-01 10:00:00,1438A,LYS,,271.2354106127311,
2021-11-01 11:00:00,1438A,LYS,,273.2868263661358,
2021-11-01 12:00:00,1438A,LYS,,275.26475280099595,
2021-11-01 13:00:00,1438A,LYS,,275.459629247079,
2021-11-01 14:00:00,1438A,LYS,,275.8977625287129,
2021-11-01 15:00:00,1438A,LYS,,275.84270888388795,
2021-11-01 16:00:00,1438A,LYS,,275.40857954381903,
2021-11-01 17:00:00,1438A,LYS,,275.3469425385809,
2021-11-01 18:00:00,1438A,LYS,,276.26369941599944,
2021-11-01 19:00:00,1438A,LYS,,277.7375205639701,
2021-11-01 20:00:00,1438A,LYS,,277.9326792931188,
2021-11-01 21:00:00,1438A,LYS,,277.79076545052425,
2021-11-01 22:00:00,1438A,LYS,,278.44458732366115,
2021-11-01 23:00:00,1438A,LYS,,278.6227563523494,
2021-11-02 00:00:00,1438A,LYS,,277.8578558805803,
2021-11-02 01:00:00,1438A,LYS,,277.82418324301693,
2021-11-02 02:00:00,1438A,LYS,,277.8604711256623,
2021-11-02 03:00:00,1438A,LYS,,275.93270512676133,
2021-11-02 04:00:00,1438A,LYS,,275.53966094392484,
2021-11-02 05:00:00,1438A,LYS,,274.5381932863012,
2021-11-02 06:00:00,1438A,LYS,,274.52016885767847,
2021-11-02 07:00:00,1438A,LYS,,273.96382263380434,
2021-11-02 08:00:00,1438A,LYS,,273.21659077442774,
2021-11-02 09:00:00,1438A,LYS,,272.32784447999364,
2021-11-02 10:00:00,1438A,LYS,,271.85539823860756,
2021-11-02 11:00:00,1438A,LYS,,273.9068139920123,
2021-11-02 12:00:00,1438A,LYS,,275.88474042687244,
2021-11-02 13:00:00,1438A,LYS,,276.0796168729555,
2021-11-02 14:00:00,1438A,LYS,,276.5177501545894,
2021-11-02 15:00:00,1438A,LYS,,276.46269650976444,
2021-11-02 16:00:00,1438A,LYS,,276.0285671696955,
2021-11-02 17:00:00,1438A,LYS,,275.9669301644574,
2021-11-02 18:00:00,1438A,LYS,,276.88368704187593,
2021-11-02 19:00:00,1438A,LYS,,278.3575081898466,
2021-11-02 20:00:00,1438A,LYS,,278.55266691899527,
2021-11-02 21:00:00,1438A,LYS,,278.41075307640074,
2021-11-02 22:00:00,1438A,LYS,,279.06457494953764,
2021-11-02 23:00:00,1438A,LYS,,279.2427439782259,
2021-11-03 00:00:00,1438A,LYS,,278.4778435064568,
2021-11-03 01:00:00,1438A,LYS,,278.4441708688934,
2021-11-03 02:00:00,1438A,LYS,,278.4804587515388,
2021-11-03 03:00:00,1438A,LYS,,276.5526927526378,
2021-11-03 04:00:00,1438A,LYS,,276.15964856980133,
2021-11-03 05:00:00,1438A,LYS,,275.15818091217767,
2021-11-03 06:00:00,1438A,LYS,,275.14015648355496,
2021-11-03 07:00:00,1438A,LYS,,274.58381025968083,
2021-11-03 08:00:00,1438A,LYS,,273.83657840030423,
2021-11-03 09:00:00,1438A,LYS,,272.94783210587013,
2021-11-03 10:00:00,1438A,LYS,,272.47538586448405,
2021-11-03 11:00:00,1438A,LYS,,274.5268016178888,
2021-11-03 12:00:00,1438A,LYS,,276.50472805274893,
2021-11-03 13:00:00,1438A,LYS,,276.699604498832,
2021-11-03 14:00:00,1438A,LYS,,277.1377377804659,
2021-11-03 15:00:00,1438A,LYS,,277.08268413564093,
2021-11-03 16:00:00,1438A,LYS,,276.648554795572,
2021-11-03 17:00:00,1438A,LYS,,276.58691779033387,
2021-11-03 18:00:00,1438A,LYS,17.0,277.5036746677524,-260.5036746677524
2021-11-03 19:00:00,1438A,LYS,23.0,278.9774958157231,-255.9774958157231
2021-11-03 20:00:00,1438A,LYS,26.0,279.17265454487176,-253.17265454487176
2021-11-03 21:00:00,1438A,LYS,38.0,279.0307407022772,-241.03074070227723
2021-11-03 22:00:00,1438A,LYS,44.0,279.68456257541413,-235.68456257541413
2021-11-03 23:00:00,1438A,LYS,49.0,279.8627316041024,-230.8627316041024
2021-11-04 00:00:00,1438A,LYS,45.0,279.0978311323333,-234.09783113233328
2021-11-04 01:00:00,1438A,LYS,40.0,279.0641584947699,-239.0641584947699
2021-11-04 02:00:00,1438A,LYS,47.0,279.10044637741527,-232.10044637741527
2021-11-04 03:00:00,1438A,LYS,33.0,277.1726803785143,-244.17268037851431
2021-11-04 04:00:00,1438A,LYS,39.0,276.7796361956778,-237.77963619567782
2021-11-04 05:00:00,1438A,LYS,29.0,275.77816853805416,-246.77816853805416
2021-11-04 06:00:00,1438A,LYS,18.0,275.76014410943145,-257.76014410943145
2021-11-04 07:00:00,1438A,LYS,21.0,275.2037978855573,-254.20379788555732
2021-11-04 08:00:00,1438A,LYS,19.0,274.4565660261807,-255.45656602618072
2021-11-04 09:00:00,1438A,LYS,19.0,273.5678197317466,-254.56781973174662
2021-11-04 10:00:00,1438A,LYS,26.0,273.09537349036054,-247.09537349036054
2021-11-04 11:00:00,1438A,LYS,32.0,275.1467892437653,-243.14678924376528
2021-11-04 12:00:00,1438A,LYS,29.0,277.1247156786254,-248.12471567862542
2021-11-04 13:00:00,1438A,LYS,30.0,277.3195921247085,-247.3195921247085
2021-11-04 14:00:00,1438A,LYS,33.0,277.7577254063424,-244.7577254063424
2021-11-04 15:00:00,1438A,LYS,33.0,277.7026717615174,-244.70267176151742
2021-11-04 16:00:00,1438A,LYS,34.0,277.2685424214485,-243.2685424214485
2021-11-04 17:00:00,1438A,LYS,33.0,277.20690541621036,-244.20690541621036
2021-11-04 18:00:00,1438A,LYS,30.0,278.1236622936289,-248.1236622936289
2021-11-04 19:00:00,1438A,LYS,32.0,279.5974834415996,-247.5974834415996
2021-11-04 20:00:00,1438A,LYS,32.0,279.79264217074825,-247.79264217074825
2021-11-04 21:00:00,1438A,LYS,30.0,279.6507283281537,-249.65072832815372
2021-11-04 22:00:00,1438A,LYS,34.0,280.3045502012906,-246.30455020129062
2021-11-04 23:00:00,1438A,LYS,35.0,280.4827192299789,-245.4827192299789
2021-11-05 00:00:00,1438A,LYS,33.0,279.7178187582098,-246.71781875820977
2021-11-05 01:00:00,1438A,LYS,24.0,279.6841461206464,-255.6841461206464
2021-11-05 02:00:00,1438A,LYS,23.0,279.72043400329176,-256.72043400329176
2021-11-05 03:00:00,1438A,LYS,26.0,277.7926680043908,-251.7926680043908
2021-11-05 04:00:00,1438A,LYS,24.0,277.3996238215543,-253.39962382155431
2021-11-05 05:00:00,1438A,LYS,22.0,276.39815616393065,-254.39815616393065
2021-11-05 06:00:00,1438A,LYS,19.0,276.38013173530794,-257.38013173530794
2021-11-05 07:00:00,1438A,LYS,21.0,275.8237855114338,-254.8237855114338
2021-11-05 08:00:00,1438A,LYS,26.0,275.0765536520572,-249.0765536520572
2021-11-05 09:00:00,1438A,LYS,26.0,274.1878073576231,-248.18780735762311
2021-11-05 10:00:00,1438A,LYS,27.0,273.71536111623703,-246.71536111623703
2021-11-05 11:00:00,1438A,LYS,31.0,275.7667768696418,-244.76677686964177
2021-11-05 12:00:00,1438A,LYS,31.0,277.7447033045019,-246.7447033045019
2021-11-05 13:00:00,1438A,LYS,41.0,277.939579750585,-236.93957975058498
2021-11-05 14:00:00,1438A,LYS,51.0,278.3777130322189,-227.37771303221888
2021-11-05 15:00:00,1438A,LYS,50.0,278.3226593873939,-228.3226593873939
2021-11-05 16:00:00,1438A,LYS,52.0,277.888530047325,-225.888530047325
2021-11-05 17:00:00,1438A,LYS,52.0,277.82689304208685,-225.82689304208685
2021-11-05 18:00:00,1438A,LYS,61.0,278.7436499195054,-217.7436499195054
2021-11-05 19:00:00,1438A,LYS,73.0,280.2174710674761,-207.21747106747608
2021-11-05 20:00:00,1438A,LYS,41.0,280.41262979662474,-239.41262979662474
2021-11-05 21:00:00,1438A,LYS,57.0,280.2707159540302,-223.2707159540302
2021-11-05 22:00:00,1438A,LYS,53.0,280.9245378271671,-227.92453782716711
2021-11-05 23:00:00,1438A,LYS,51.0,281.1027068558554,-230.1027068558554
2021-11-06 00:00:00,1438A,LYS,60.0,280.33780638408626,-220.33780638408626
2021-11-06 01:00:00,1438A,LYS,70.0,280.3041337465229,-210.3041337465229
2021-11-06 02:00:00,1438A,LYS,70.0,280.34042162916825,-210.34042162916825
2021-11-06 03:00:00,1438A,LYS,70.0,278.4126556302673,-208.4126556302673
2021-11-06 04:00:00,1438A,LYS,72.0,278.0196114474308,-206.0196114474308
2021-11-06 05:00:00,1438A,LYS,64.0,277.01814378980714,-213.01814378980714
2021-11-06 06:00:00,1438A,LYS,55.0,277.00011936118443,-222.00011936118443
2021-11-06 07:00:00,1438A,LYS,51.0,276.4437731373103,-225.4437731373103
2021-11-06 08:00:00,1438A,LYS,41.0,275.6965412779337,-234.6965412779337
2021-11-06 09:00:00,1438A,LYS,21.0,274.8077949834996,-253.8077949834996
2021-11-06 10:00:00,1438A,LYS,33.0,274.3353487421135,-241.33534874211352
2021-11-06 11:00:00,1438A,LYS,9.0,276.38676449551826,-267.38676449551826
2021-11-06 12:00:00,1438A,LYS,10.0,278.3646909303784,-268.3646909303784
2021-11-06 13:00:00,1438A,LYS,15.0,278.5595673764615,-263.5595673764615
2021-11-06 14:00:00,1438A,LYS,17.0,278.99770065809537,-261.99770065809537
2021-11-06 15:00:00,1438A,LYS,22.0,278.9426470132704,-256.9426470132704
2021-11-06 16:00:00,1438A,LYS,35.0,278.5085176732015,-243.50851767320148
2021-11-06 17:00:00,1438A,LYS,33.0,278.44688066796334,-245.44688066796334
2021-11-06 18:00:00,1438A,LYS,22.0,279.3636375453819,-257.3636375453819
2021-11-06 19:00:00,1438A,LYS,16.0,280.8374586933526,-264.8374586933526
2021-11-06 20:00:00,1438A,LYS,9.0,281.03261742250123,-272.03261742250123
2021-11-06 21:00:00,1438A,LYS,4.0,280.8907035799067,-276.8907035799067
2021-11-06 22:00:00,1438A,LYS,3.0,281.5445254530436,-278.5445254530436
2021-11-06 23:00:00,1438A,LYS,1.0,281.7226944817319,-280.7226944817319
2021-11-07 00:00:00,1438A,LYS,,280.95779400996275,
2021-11-07 01:00:00,1438A,LYS,3.0,280.9241213723994,-277.9241213723994
2021-11-07 02:00:00,1438A,LYS,10.0,280.96040925504474,-270.96040925504474
2021-11-07 03:00:00,1438A,LYS,10.0,279.0326432561438,-269.0326432561438
2021-11-07 04:00:00,1438A,LYS,,278.6395990733073,
2021-11-07 05:00:00,1438A,LYS,9.0,277.63813141568363,-268.63813141568363
2021-11-07 06:00:00,1438A,LYS,6.0,277.6201069870609,-271.6201069870609
2021-11-07 07:00:00,1438A,LYS,5.0,277.0637607631868,-272.0637607631868
2021-11-07 08:00:00,1438A,LYS,2.0,276.3165289038102,-274.3165289038102
2021-11-07 09:00:00,1438A,LYS,3.0,275.4277826093761,-272.4277826093761
2021-11-07 10:00:00,1438A,LYS,4.0,274.95533636799,-270.95533636799
2021-11-07 11:00:00,1438A,LYS,4.0,277.00675212139475,-273.00675212139475
2021-11-07 12:00:00,1438A,LYS,6.0,278.9846785562549,-272.9846785562549
2021-11-07 13:00:00,1438A,LYS,,279.17955500233796,
2021-11-07 14:00:00,1438A,LYS,4.0,279.61768828397186,-275.61768828397186
2021-11-07 15:00:00,1438A,LYS,3.0,279.5626346391469,-276.5626346391469
2021-11-07 16:00:00,1438A,LYS,4.0,279.128505299078,-275.128505299078
2021-11-07 17:00:00,1438A,LYS,7.0,279.06686829383983,-272.06686829383983
2021-11-07 18:00:00,1438A,LYS,11.0,279.9836251712584,-268.9836251712584
2021-11-07 19:00:00,1438A,LYS,13.0,281.45744631922906,-268.45744631922906
2021-11-07 20:00:00,1438A,LYS,13.0,281.6526050483777,-268.6526050483777
2021-11-07 21:00:00,1438A,LYS,16.0,281.5106912057832,-265.5106912057832
2021-11-07 22:00:00,1438A,LYS,18.0,282.1645130789201,-264.1645130789201
2021-11-07 23:00:00,1438A,LYS,17.0,282.34268210760837,-265.34268210760837
2021-11-08 00:00:00,1438A,LYS,17.0,281.57778163583924,-264.57778163583924
2021-11-08 01:00:00,1438A,LYS,16.0,281.5441089982759,-265.5441089982759
2021-11-08 02:00:00,1438A,LYS,20.0,281.5803968809212,-261.5803968809212
2021-11-08 03:00:00,1438A,LYS,20.0,279.6526308820203,-259.6526308820203
2021-11-08 04:00:00,1438A,LYS,18.0,279.2595866991838,-261.2595866991838
2021-11-08 05:00:00,1438A,LYS,17.0,278.2581190415601,-261.2581190415601
2021-11-08 06:00:00,1438A,LYS,12.0,278.2400946129374,-266.2400946129374
2021-11-08 07:00:00,1438A,LYS,9.0,277.6837483890633,-268.6837483890633
2021-11-08 08:00:00,1438A,LYS,13.0,276.9365165296867,-263.9365165296867
2021-11-08 09:00:00,1438A,LYS,16.0,276.0477702352526,-260.0477702352526
2021-11-08 10:00:00,1438A,LYS,18.0,275.5753239938665,-257.5753239938665
2021-11-08 11:00:00,1438A,LYS,24.0,277.62673974727124,-253.62673974727124
2021-11-08 12:00:00,1438A,LYS,31.0,279.6046661821314,-248.60466618213138
2021-11-08 13:00:00,1438A,LYS,32.0,279.79954262821445,-247.79954262821445
2021-11-08 14:00:00,1438A,LYS,,280.23767590984835,
2021-11-08 15:00:00,1438A,LYS,37.0,280.1826222650234,-243.18262226502338
2021-11-08 16:00:00,1438A,LYS,36.0,279.74849292495446,-243.74849292495446
2021-11-08 17:00:00,1438A,LYS,29.0,279.6868559197163,-250.68685591971632
2021-11-08 18:00:00,1438A,LYS,29.0,280.6036127971349,-251.60361279713487
2021-11-08 19:00:00,1438A,LYS,34.0,282.07743394510555,-248.07743394510555
2021-11-08 20:00:00,1438A,LYS,39.0,282.2725926742542,-243.2725926742542
2021-11-08 21:00:00,1438A,LYS,44.0,282.1306788316597,-238.13067883165968
2021-11-08 22:00:00,1438A,LYS,46.0,282.7845007047966,-236.78450070479659
2021-11-08 23:00:00,1438A,LYS,49.0,282.96266973348486,-233.96266973348486
2021-11-09 00:00:00,1438A,LYS,53.0,282.19776926171573,-229.19776926171573
2021-11-09 01:00:00,1438A,LYS,49.0,282.16409662415236,-233.16409662415236
2021-11-09 02:00:00,1438A,LYS,54.0,282.2003845067977,-228.20038450679772
2021-11-09 03:00:00,1438A,LYS,59.0,280.27261850789677,-221.27261850789677
2021-11-09 04:00:00,1438A,LYS,59.0,279.8795743250603,-220.87957432506028
2021-11-09 05:00:00,1438A,LYS,62.0,278.8781066674366,-216.8781066674366
2021-11-09 06:00:00,1438A,LYS,65.0,278.8600822388139,-213.8600822388139
2021-11-09 07:00:00,1438A,LYS,60.0,278.3037360149398,-218.30373601493977
2021-11-09 08:00:00,1438A,LYS,56.0,277.5565041555632,-221.55650415556318
2021-11-09 09:00:00,1438A,LYS,53.0,276.6677578611291,-223.66775786112908
2021-11-09 10:00:00,1438A,LYS,54.0,276.195311619743,-222.195311619743
2021-11-09 11:00:00,1438A,LYS,58.0,278.24672737314773,-220.24672737314773
2021-11-09 12:00:00,1438A,LYS,63.0,280.2246538080079,-217.22465380800787
2021-11-09 13:00:00,1438A,LYS,66.0,280.41953025409094,-214.41953025409094
2021-11-09 14:00:00,1438A,LYS,55.0,280.85766353572484,-225.85766353572484
2021-11-09 15:00:00,1438A,LYS,41.0,280.8026098908999,-239.80260989089987
2021-11-09 16:00:00,1438A,LYS,31.0,280.36848055083095,-249.36848055083095
2021-11-09 17:00:00,1438A,LYS,29.0,280.3068435455928,-251.3068435455928
2021-11-09 18:00:00,1438A,LYS,30.0,281.22360042301136,-251.22360042301136
2021-11-09 19:00:00,1438A,LYS,36.0,282.69742157098204,-246.69742157098204
2021-11-09 20:00:00,1438A,LYS,43.0,282.8925803001307,-239.8925803001307
2021-11-09 21:00:00,1438A,LYS,40.0,282.75066645753617,-242.75066645753617
2021-11-09 22:00:00,1438A,LYS,,283.4044883306731,
2021-11-09 23:00:00,1438A,LYS,,283.58265735936135,
2021-11-10 00:00:00,1438A,LYS,1.0,282.8177568875922,-281.8177568875922
2021-11-10 01:00:00,1438A,LYS,19.0,282.78408425002885,-263.78408425002885
2021-11-10 02:00:00,1438A,LYS,32.0,282.8203721326742,-250.8203721326742
2021-11-10 03:00:00,1438A,LYS,34.0,280.89260613377326,-246.89260613377326
2021-11-10 04:00:00,1438A,LYS,34.0,280.49956195093677,-246.49956195093677
2021-11-10 05:00:00,1438A,LYS,31.0,279.4980942933131,-248.4980942933131
2021-11-10 06:00:00,1438A,LYS,28.0,279.4800698646904,-251.4800698646904
2021-11-10 07:00:00,1438A,LYS,26.0,278.92372364081626,-252.92372364081626
2021-11-10 08:00:00,1438A,LYS,24.0,278.17649178143967,-254.17649178143967
2021-11-10 09:00:00,1438A,LYS,26.0,277.28774548700557,-251.28774548700557
2021-11-10 10:00:00,1438A,LYS,28.0,276.8152992456195,-248.81529924561949
2021-11-10 11:00:00,1438A,LYS,29.0,278.8667149990242,-249.86671499902423
2021-11-10 12:00:00,1438A,LYS,32.0,280.84464143388436,-248.84464143388436
2021-11-10 13:00:00,1438A,LYS,33.0,281.03951787996743,-248.03951787996743
2021-11-10 14:00:00,1438A,LYS,34.0,281.47765116160133,-247.47765116160133
2021-11-10 15:00:00,1438A,LYS,37.0,281.42259751677636,-244.42259751677636
2021-11-10 16:00:00,1438A,LYS,31.0,280.98846817670744,-249.98846817670744
2021-11-10 17:00:00,1438A,LYS,31.0,280.9268311714693,-249.9268311714693
2021-11-10 18:00:00,1438A,LYS,41.0,281.84358804888785,-240.84358804888785
2021-11-10 19:00:00,1438A,LYS,48.0,283.31740919685853,-235.31740919685853
2021-11-10 20:00:00,1438A,LYS,56.0,283.5125679260072,-227.5125679260072
2021-11-10 21:00:00,1438A,LYS,53.0,283.37065408341266,-230.37065408341266
2021-11-10 22:00:00,1438A,LYS,52.0,284.02447595654957,-232.02447595654957
2021-11-10 23:00:00,1438A,LYS,52.0,284.20264498523784,-232.20264498523784
2021-11-11 00:00:00,1438A,LYS,57.0,283.4377445134687,-226.43774451346872
2021-11-11 01:00:00,1438A,LYS,57.0,283.40407187590534,-226.40407187590534
2021-11-11 02:00:00,1438A,LYS,62.0,283.4403597585507,-221.4403597585507
2021-11-11 03:00:00,1438A,LYS,63.0,281.51259375964975,-218.51259375964975
2021-11-11 04:00:00,1438A,LYS,58.0,281.11954957681326,-223.11954957681326
2021-11-11 05:00:00,1438A,LYS,59.0,280.1180819191896,-221.1180819191896
2021-11-11 06:00:00,1438A,LYS,56.0,280.1000574905669,-224.10005749056688
2021-11-11 07:00:00,1438A,LYS,57.0,279.54371126669275,-222.54371126669275
2021-11-11 08:00:00,1438A,LYS,58.0,278.79647940731616,-220.79647940731616
2021-11-11 09:00:00,1438A,LYS,58.0,277.90773311288206,-219.90773311288206
2021-11-11 10:00:00,1438A,LYS,60.0,277.435286871496,-217.43528687149598
2021-11-11 11:00:00,1438A,LYS,58.0,279.4867026249007,-221.48670262490072
2021-11-11 12:00:00,1438A,LYS,55.0,281.46462905976085,-226.46462905976085
2021-11-11 13:00:00,1438A,LYS,60.0,281.6595055058439,-221.65950550584392
2021-11-11 14:00:00,1438A,LYS,58.0,282.0976387874778,-224.09763878747782
2021-11-11 15:00:00,1438A,LYS,42.0,282.04258514265285,-240.04258514265285
2021-11-11 16:00:00,1438A,LYS,37.0,281.60845580258393,-244.60845580258393
2021-11-11 17:00:00,1438A,LYS,51.0,281.5468187973458,-230.5468187973458
2021-11-11 18:00:00,1438A,LYS,68.0,282.46357567476434,-214.46357567476434
2021-11-11 19:00:00,1438A,LYS,72.0,283.937396822735,-211.93739682273502
2021-11-11 20:00:00,1438A,LYS,73.0,284.1325555518837,-211.13255555188368
2021-11-11 21:00:00,1438A,LYS,69.0,283.99064170928915,-214.99064170928915
2021-11-11 22:00:00,1438A,LYS,77.0,284.64446358242606,-207.64446358242606
2021-11-11 23:00:00,1438A,LYS,77.0,284.82263261111433,-207.82263261111433
2021-11-12 00:00:00,1438A,LYS,75.0,284.0577321393452,-209.0577321393452
2021-11-12 01:00:00,1438A,LYS,52.0,284.02405950178184,-232.02405950178184
2021-11-12 02:00:00,1438A,LYS,65.0,284.0603473844272,-219.0603473844272
2021-11-12 03:00:00,1438A,LYS,68.0,282.13258138552624,-214.13258138552624
2021-11-12 04:00:00,1438A,LYS,49.0,281.73953720268975,-232.73953720268975
2021-11-12 05:00:00,1438A,LYS,48.0,280.7380695450661,-232.73806954506608
2021-11-12 06:00:00,1438A,LYS,38.0,280.7200451164434,-242.72004511644337
2021-11-12 07:00:00,1438A,LYS,28.0,280.16369889256924,-252.16369889256924
2021-11-12 08:00:00,1438A,LYS,33.0,279.41646703319265,-246.41646703319265
2021-11-12 09:00:00,1438A,LYS,29.0,278.52772073875855,-249.52772073875855
2021-11-12 10:00:00,1438A,LYS,22.0,278.05527449737247,-256.05527449737247
2021-11-12 11:00:00,1438A,LYS,31.0,280.1066902507772,-249.1066902507772
2021-11-12 12:00:00,1438A,LYS,40.0,282.08461668563734,-242.08461668563734
2021-11-12 13:00:00,1438A,LYS,31.0,282.2794931317204,-251.27949313172041
2021-11-12 14:00:00,1438A,LYS,35.0,282.7176264133543,-247.7176264133543
2021-11-12 15:00:00,1438A,LYS,31.0,282.66257276852934,-251.66257276852934
2021-11-12 16:00:00,1438A,LYS,37.0,282.2284434284604,-245.22844342846042
2021-11-12 17:00:00,1438A,LYS,50.0,282.1668064232223,-232.16680642322228
2021-11-12 18:00:00,1438A,LYS,51.0,283.08356330064083,-232.08356330064083
2021-11-12 19:00:00,1438A,LYS,63.0,284.5573844486115,-221.55738444861151
2021-11-12 20:00:00,1438A,LYS,68.0,284.7525431777602,-216.75254317776017
2021-11-12 21:00:00,1438A,LYS,60.0,284.61062933516564,-224.61062933516564
2021-11-12 22:00:00,1438A,LYS,64.0,285.26445120830255,-221.26445120830255
2021-11-12 23:00:00,1438A,LYS,60.0,285.4426202369908,-225.44262023699082
2021-11-13 00:00:00,1438A,LYS,53.0,284.6777197652217,-231.6777197652217
2021-11-13 01:00:00,1438A,LYS,48.0,284.6440471276583,-236.64404712765833
2021-11-13 02:00:00,1438A,LYS,44.0,284.6803350103037,-240.68033501030368
2021-11-13 03:00:00,1438A,LYS,42.0,282.7525690114027,-240.75256901140273
2021-11-13 04:00:00,1438A,LYS,37.0,282.35952482856624,-245.35952482856624
2021-11-13 05:00:00,1438A,LYS,33.0,281.3580571709426,-248.35805717094257
2021-11-13 06:00:00,1438A,LYS,30.0,281.34003274231986,-251.34003274231986
2021-11-13 07:00:00,1438A,LYS,27.0,280.78368651844573,-253.78368651844573
2021-11-13 08:00:00,1438A,LYS,27.0,280.03645465906914,-253.03645465906914
2021-11-13 09:00:00,1438A,LYS,32.0,279.14770836463504,-247.14770836463504
2021-11-13 10:00:00,1438A,LYS,30.0,278.67526212324896,-248.67526212324896
2021-11-13 11:00:00,1438A,LYS,41.0,280.7266778766537,-239.7266778766537
2021-11-13 12:00:00,1438A,LYS,49.0,282.70460431151383,-233.70460431151383
2021-11-13 13:00:00,1438A,LYS,57.0,282.8994807575969,-225.8994807575969
2021-11-13 14:00:00,1438A,LYS,74.0,283.3376140392308,-209.3376140392308
2021-11-13 15:00:00,1438A,LYS,82.0,283.28256039440583,-201.28256039440583
2021-11-13 16:00:00,1438A,LYS,94.0,282.8484310543369,-188.8484310543369
2021-11-13 17:00:00,1438A,LYS,96.0,282.7867940490988,-186.78679404909877
2021-11-13 18:00:00,1438A,LYS,101.0,283.7035509265173,-182.70355092651732
2021-11-13 19:00:00,1438A,LYS,108.0,285.177372074488,-177.177372074488
2021-11-13 20:00:00,1438A,LYS,113.0,285.37253080363666,-172.37253080363666
2021-11-13 21:00:00,1438A,LYS,116.0,285.23061696104213,-169.23061696104213
2021-11-13 22:00:00,1438A,LYS,115.0,285.88443883417904,-170.88443883417904
2021-11-13 23:00:00,1438A,LYS,127.0,286.0626078628673,-159.0626078628673
2021-11-14 00:00:00,1438A,LYS,117.0,285.2977073910982,-168.29770739109819
2021-11-14 01:00:00,1438A,LYS,111.0,285.2640347535348,-174.26403475353482
2021-11-14 02:00:00,1438A,LYS,114.0,285.30032263618017,-171.30032263618017
2021-11-14 03:00:00,1438A,LYS,108.0,283.3725566372792,-175.37255663727922
2021-11-14 04:00:00,1438A,LYS,102.0,282.9795124544427,-180.97951245444273
2021-11-14 05:00:00,1438A,LYS,92.0,281.97804479681906,-189.97804479681906
2021-11-14 06:00:00,1438A,LYS,88.0,281.96002036819635,-193.96002036819635
2021-11-14 07:00:00,1438A,LYS,102.0,281.4036741443222,-179.40367414432222
2021-11-14 08:00:00,1438A,LYS,127.0,280.6564422849456,-153.65644228494563
2021-11-14 09:00:00,1438A,LYS,127.0,279.7676959905115,-152.76769599051153
2021-11-14 10:00:00,1438A,LYS,129.0,279.29524974912545,-150.29524974912545
2021-11-14 11:00:00,1438A,LYS,132.0,281.3466655025302,-149.3466655025302
2021-11-14 12:00:00,1438A,LYS,147.0,283.3245919373903,-136.32459193739032
2021-11-14 13:00:00,1438A,LYS,154.0,283.5194683834734,-129.5194683834734
2021-11-14 14:00:00,1438A,LYS,149.0,283.9576016651073,-134.9576016651073
2021-11-14 15:00:00,1438A,LYS,156.0,283.9025480202823,-127.90254802028232
2021-11-14 16:00:00,1438A,LYS,151.0,283.4684186802134,-132.4684186802134
2021-11-14 17:00:00,1438A,LYS,151.0,283.40678167497526,-132.40678167497526
2021-11-14 18:00:00,1438A,LYS,145.0,284.3235385523938,-139.3235385523938
2021-11-14 19:00:00,1438A,LYS,142.0,285.7973597003645,-143.7973597003645
2021-11-14 20:00:00,1438A,LYS,134.0,285.99251842951315,-151.99251842951315
2021-11-14 21:00:00,1438A,LYS,135.0,285.8506045869186,-150.85060458691862
2021-11-14 22:00:00,1438A,LYS,128.0,286.5044264600555,-158.50442646005553
2021-11-14 23:00:00,1438A,LYS,120.0,286.6825954887438,-166.6825954887438
2021-11-15 00:00:00,1438A,LYS,110.0,285.9176950169747,-175.91769501697468
2021-11-15 01:00:00,1438A,LYS,104.0,285.8840223794113,-181.8840223794113
2021-11-15 02:00:00,1438A,LYS,101.0,285.92031026205666,-184.92031026205666
2021-11-15 03:00:00,1438A,LYS,94.0,283.9925442631557,-189.9925442631557
2021-11-15 04:00:00,1438A,LYS,83.0,283.5995000803192,-200.59950008031922
2021-11-15 05:00:00,1438A,LYS,87.0,282.59803242269555,-195.59803242269555
2021-11-15 06:00:00,1438A,LYS,65.0,282.58000799407284,-217.58000799407284
2021-11-15 07:00:00,1438A,LYS,55.0,282.0236617701987,-227.02366177019871
2021-11-15 08:00:00,1438A,LYS,66.0,281.2764299108221,-215.27642991082212
2021-11-15 09:00:00,1438A,LYS,62.0,280.387683616388,-218.38768361638802
2021-11-15 10:00:00,1438A,LYS,72.0,279.91523737500194,-207.91523737500194
2021-11-15 11:00:00,1438A,LYS,66.0,281.9666531284067,-215.96665312840668
2021-11-15 12:00:00,1438A,LYS,79.0,283.9445795632668,-204.9445795632668
2021-11-15 13:00:00,1438A,LYS,97.0,284.1394560093499,-187.13945600934989
2021-11-15 14:00:00,1438A,LYS,101.0,284.5775892909838,-183.57758929098378
2021-11-15 15:00:00,1438A,LYS,102.0,284.5225356461588,-182.52253564615881
2021-11-15 16:00:00,1438A,LYS,105.0,284.0884063060899,-179.0884063060899
2021-11-15 17:00:00,1438A,LYS,123.0,284.02676930085175,-161.02676930085175
2021-11-15 18:00:00,1438A,LYS,131.0,284.9435261782703,-153.9435261782703
2021-11-15 19:00:00,1438A,LYS,136.0,286.417347326241,-150.41734732624099
2021-11-15 20:00:00,1438A,LYS,140.0,286.61250605538964,-146.61250605538964
2021-11-15 21:00:00,1438A,LYS,141.0,286.4705922127951,-145.4705922127951
2021-11-15 22:00:00,1438A,LYS,140.0,287.124414085932,-147.12441408593202
2021-11-15 23:00:00,1438A,LYS,143.0,287.3025831146203,-144.3025831146203
2021-11-16 00:00:00,1438A,LYS,140.0,286.53768264285117,-146.53768264285117
2021-11-16 01:00:00,1438A,LYS,118.0,286.5040100052878,-168.5040100052878
2021-11-16 02:00:00,1438A,LYS,71.0,286.54029788793315,-215.54029788793315
2021-11-16 03:00:00,1438A,LYS,31.0,284.6125318890322,-253.6125318890322
2021-11-16 04:00:00,1438A,LYS,20.0,284.2194877061957,-264.2194877061957
2021-11-16 05:00:00,1438A,LYS,19.0,283.21802004857204,-264.21802004857204
2021-11-16 06:00:00,1438A,LYS,20.0,283.19999561994933,-263.19999561994933
2021-11-16 07:00:00,1438A,LYS,18.0,282.6436493960752,-264.6436493960752
2021-11-16 08:00:00,1438A,LYS,19.0,281.8964175366986,-262.8964175366986
2021-11-16 09:00:00,1438A,LYS,20.0,281.0076712422645,-261.0076712422645
2021-11-16 10:00:00,1438A,LYS,18.0,280.5352250008784,-262.5352250008784
2021-11-16 11:00:00,1438A,LYS,17.0,282.58664075428317,-265.58664075428317
2021-11-16 12:00:00,1438A,LYS,23.0,284.5645671891433,-261.5645671891433
2021-11-16 13:00:00,1438A,LYS,32.0,284.7594436352264,-252.75944363522638
2021-11-16 14:00:00,1438A,LYS,65.0,285.19757691686027,-220.19757691686027
2021-11-16 15:00:00,1438A,LYS,76.0,285.1425232720353,-209.1425232720353
2021-11-16 16:00:00,1438A,LYS,76.0,284.7083939319664,-208.70839393196638
2021-11-16 17:00:00,1438A,LYS,83.0,284.64675692672824,-201.64675692672824
2021-11-16 18:00:00,1438A,LYS,109.0,285.5635138041468,-176.5635138041468
2021-11-16 19:00:00,1438A,LYS,101.0,287.0373349521175,-186.03733495211748
2021-11-16 20:00:00,1438A,LYS,104.0,287.23249368126613,-183.23249368126613
2021-11-16 21:00:00,1438A,LYS,108.0,287.0905798386716,-179.0905798386716
2021-11-16 22:00:00,1438A,LYS,84.0,287.7444017118085,-203.7444017118085
2021-11-16 23:00:00,1438A,LYS,81.0,287.9225707404968,-206.92257074049678
2021-11-17 00:00:00,1438A,LYS,73.0,287.15767026872766,-214.15767026872766
2021-11-17 01:00:00,1438A,LYS,67.0,287.1239976311643,-220.1239976311643
2021-11-17 02:00:00,1438A,LYS,60.0,287.16028551380964,-227.16028551380964
2021-11-17 03:00:00,1438A,LYS,54.0,285.2325195149087,-231.2325195149087
2021-11-17 04:00:00,1438A,LYS,49.0,284.8394753320722,-235.8394753320722
2021-11-17 05:00:00,1438A,LYS,50.0,283.83800767444853,-233.83800767444853
2021-11-17 06:00:00,1438A,LYS,52.0,283.8199832458258,-231.81998324582582
2021-11-17 07:00:00,1438A,LYS,43.0,283.2636370219517,-240.2636370219517
2021-11-17 08:00:00,1438A,LYS,34.0,282.5164051625751,-248.5164051625751
2021-11-17 09:00:00,1438A,LYS,30.0,281.627658868141,-251.627658868141
2021-11-17 10:00:00,1438A,LYS,24.0,281.1552126267549,-257.1552126267549
2021-11-17 11:00:00,1438A,LYS,29.0,283.20662838015966,-254.20662838015966
2021-11-17 12:00:00,1438A,LYS,,285.1845548150198,
2021-11-17 13:00:00,1438A,LYS,25.0,285.37943126110287,-260.37943126110287
2021-11-17 14:00:00,1438A,LYS,39.0,285.81756454273676,-246.81756454273676
2021-11-17 15:00:00,1438A,LYS,40.0,285.7625108979118,-245.7625108979118
2021-11-17 16:00:00,1438A,LYS,40.0,285.3283815578429,-245.32838155784287
2021-11-17 17:00:00,1438A,LYS,37.0,285.26674455260473,-248.26674455260473
2021-11-17 18:00:00,1438A,LYS,45.0,286.1835014300233,-241.18350143002328
2021-11-17 19:00:00,1438A,LYS,53.0,287.65732257799397,-234.65732257799397
2021-11-17 20:00:00,1438A,LYS,56.0,287.8524813071426,-231.85248130714263
2021-11-17 21:00:00,1438A,LYS,53.0,287.7105674645481,-234.7105674645481
2021-11-17 22:00:00,1438A,LYS,,288.364389337685,
2021-11-17 23:00:00,1438A,LYS,,288.54255836637327,
2021-11-18 00:00:00,1438A,LYS,,287.77765789460415,
2021-11-18 01:00:00,1438A,LYS,,287.7439852570408,
2021-11-18 02:00:00,1438A,LYS,,287.78027313968613,
2021-11-18 03:00:00,1438A,LYS,,285.8525071407852,
2021-11-18 04:00:00,1438A,LYS,,285.4594629579487,
2021-11-18 05:00:00,1438A,LYS,,284.457995300325,
2021-11-18 06:00:00,1438A,LYS,,284.4399708717023,
2021-11-18 07:00:00,1438A,LYS,,283.8836246478282,
2021-11-18 08:00:00,1438A,LYS,,283.1363927884516,
2021-11-18 09:00:00,1438A,LYS,,282.2476464940175,
2021-11-18 10:00:00,1438A,LYS,,281.7752002526314,
2021-11-18 11:00:00,1438A,LYS,,283.82661600603615,
2021-11-18 12:00:00,1438A,LYS,29.0,285.8045424408963,-256.8045424408963
2021-11-18 13:00:00,1438A,LYS,33.0,285.99941888697936,-252.99941888697936
2021-11-18 14:00:00,1438A,LYS,34.0,286.43755216861325,-252.43755216861325
2021-11-18 15:00:00,1438A,LYS,,286.3824985237883,
2021-11-18 16:00:00,1438A,LYS,,285.94836918371936,
2021-11-18 17:00:00,1438A,LYS,62.0,285.8867321784812,-223.88673217848122
2021-11-18 18:00:00,1438A,LYS,58.0,286.8034890558998,-228.80348905589977
2021-11-18 19:00:00,1438A,LYS,65.0,288.27731020387046,-223.27731020387046
2021-11-18 20:00:00,1438A,LYS,73.0,288.4724689330191,-215.47246893301912
2021-11-18 21:00:00,1438A,LYS,53.0,288.3305550904246,-235.33055509042458
2021-11-18 22:00:00,1438A,LYS,25.0,288.9843769635615,-263.9843769635615
2021-11-18 23:00:00,1438A,LYS,14.0,289.16254599224976,-275.16254599224976
2021-11-19 00:00:00,1438A,LYS,11.0,288.39764552048064,-277.39764552048064
2021-11-19 01:00:00,1438A,LYS,10.0,288.36397288291727,-278.36397288291727
2021-11-19 02:00:00,1438A,LYS,15.0,288.4002607655626,-273.4002607655626
2021-11-19 03:00:00,1438A,LYS,18.0,286.47249476666167,-268.47249476666167
2021-11-19 04:00:00,1438A,LYS,12.0,286.0794505838252,-274.0794505838252
2021-11-19 05:00:00,1438A,LYS,16.0,285.0779829262015,-269.0779829262015
2021-11-19 06:00:00,1438A,LYS,15.0,285.0599584975788,-270.0599584975788
2021-11-19 07:00:00,1438A,LYS,16.0,284.5036122737047,-268.5036122737047
2021-11-19 08:00:00,1438A,LYS,14.0,283.7563804143281,-269.7563804143281
2021-11-19 09:00:00,1438A,LYS,16.0,282.867634119894,-266.867634119894
2021-11-19 10:00:00,1438A,LYS,20.0,282.3951878785079,-262.3951878785079
2021-11-19 11:00:00,1438A,LYS,23.0,284.44660363191264,-261.44660363191264
2021-11-19 12:00:00,1438A,LYS,31.0,286.4245300667728,-255.42453006677277
2021-11-19 13:00:00,1438A,LYS,,286.61940651285585,
2021-11-19 14:00:00,1438A,LYS,,287.05753979448974,
2021-11-19 15:00:00,1438A,LYS,,287.0024861496648,
2021-11-19 16:00:00,1438A,LYS,,286.56835680959585,
2021-11-19 17:00:00,1438A,LYS,39.0,286.5067198043577,-247.50671980435772
2021-11-19 18:00:00,1438A,LYS,47.0,287.42347668177626,-240.42347668177626
2021-11-19 19:00:00,1438A,LYS,54.0,288.89729782974695,-234.89729782974695
2021-11-19 20:00:00,1438A,LYS,56.0,289.0924565588956,-233.0924565588956
2021-11-19 21:00:00,1438A,LYS,55.0,288.9505427163011,-233.95054271630107
2021-11-19 22:00:00,1438A,LYS,59.0,289.604364589438,-230.60436458943798
2021-11-19 23:00:00,1438A,LYS,56.0,289.78253361812625,-233.78253361812625
2021-11-20 00:00:00,1438A,LYS,45.0,289.0176331463571,-244.01763314635713
2021-11-20 01:00:00,1438A,LYS,38.0,288.98396050879376,-250.98396050879376
2021-11-20 02:00:00,1438A,LYS,35.0,289.0202483914391,-254.0202483914391
2021-11-20 03:00:00,1438A,LYS,45.0,287.09248239253816,-242.09248239253816
2021-11-20 04:00:00,1438A,LYS,50.0,286.69943820970167,-236.69943820970167
2021-11-20 05:00:00,1438A,LYS,31.0,285.697970552078,-254.697970552078
2021-11-20 06:00:00,1438A,LYS,14.0,285.6799461234553,-271.6799461234553
2021-11-20 07:00:00,1438A,LYS,13.0,285.12359989958117,-272.12359989958117
2021-11-20 08:00:00,1438A,LYS,18.0,284.37636804020457,-266.37636804020457
2021-11-20 09:00:00,1438A,LYS,22.0,283.48762174577047,-261.48762174577047
2021-11-20 10:00:00,1438A,LYS,31.0,283.0151755043844,-252.0151755043844
2021-11-20 11:00:00,1438A,LYS,42.0,285.0665912577891,-243.06659125778913
2021-11-20 12:00:00,1438A,LYS,51.0,287.04451769264926,-236.04451769264926
2021-11-20 13:00:00,1438A,LYS,63.0,287.23939413873234,-224.23939413873234
2021-11-20 14:00:00,1438A,LYS,68.0,287.67752742036623,-219.67752742036623
2021-11-20 15:00:00,1438A,LYS,77.0,287.62247377554127,-210.62247377554127
2021-11-20 16:00:00,1438A,LYS,69.0,287.18834443547235,-218.18834443547235
2021-11-20 17:00:00,1438A,LYS,60.0,287.1267074302342,-227.1267074302342
2021-11-20 18:00:00,1438A,LYS,56.0,288.04346430765275,-232.04346430765275
2021-11-20 19:00:00,1438A,LYS,55.0,289.51728545562344,-234.51728545562344
2021-11-20 20:00:00,1438A,LYS,55.0,289.7124441847721,-234.7124441847721
2021-11-20 21:00:00,1438A,LYS,53.0,289.57053034217756,-236.57053034217756
2021-11-20 22:00:00,1438A,LYS,47.0,290.22435221531447,-243.22435221531447
2021-11-20 23:00:00,1438A,LYS,39.0,290.40252124400274,-251.40252124400274
2021-11-21 00:00:00,1438A,LYS,45.0,289.6376207722336,-244.63762077223362
2021-11-21 01:00:00,1438A,LYS,55.0,289.60394813467025,-234.60394813467025
2021-11-21 02:00:00,1438A,LYS,,289.6402360173156,
2021-11-21 03:00:00,1438A,LYS,,287.71247001841465,
2021-11-21 04:00:00,1438A,LYS,57.0,287.31942583557816,-230.31942583557816
2021-11-21 05:00:00,1438A,LYS,41.0,286.3179581779545,-245.3179581779545
2021-11-21 06:00:00,1438A,LYS,39.0,286.2999337493318,-247.29993374933179
2021-11-21 07:00:00,1438A,LYS,31.0,285.74358752545766,-254.74358752545766
2021-11-21 08:00:00,1438A,LYS,30.0,284.99635566608106,-254.99635566608106
2021-11-21 09:00:00,1438A,LYS,25.0,284.10760937164696,-259.10760937164696
2021-11-21 10:00:00,1438A,LYS,24.0,283.6351631302609,-259.6351631302609
2021-11-21 11:00:00,1438A,LYS,24.0,285.6865788836656,-261.6865788836656
2021-11-21 12:00:00,1438A,LYS,28.0,287.66450531852576,-259.66450531852576
2021-11-21 13:00:00,1438A,LYS,32.0,287.8593817646088,-255.85938176460883
2021-11-21 14:00:00,1438A,LYS,26.0,288.2975150462427,-262.2975150462427
2021-11-21 15:00:00,1438A,LYS,20.0,288.24246140141776,-268.24246140141776
2021-11-21 16:00:00,1438A,LYS,18.0,287.80833206134884,-269.80833206134884
2021-11-21 17:00:00,1438A,LYS,18.0,287.7466950561107,-269.7466950561107
2021-11-21 18:00:00,1438A,LYS,19.0,288.66345193352925,-269.66345193352925
2021-11-21 19:00:00,1438A,LYS,21.0,290.1372730814999,-269.1372730814999
2021-11-21 20:00:00,1438A,LYS,22.0,290.3324318106486,-268.3324318106486
2021-11-21 21:00:00,1438A,LYS,19.0,290.19051796805405,-271.19051796805405
2021-11-21 22:00:00,1438A,LYS,16.0,290.84433984119096,-274.84433984119096
2021-11-21 23:00:00,1438A,LYS,14.0,291.02250886987923,-277.02250886987923
2021-11-22 00:00:00,1438A,LYS,14.0,290.2576083981101,-276.2576083981101
2021-11-22 01:00:00,1438A,LYS,15.0,290.22393576054674,-275.22393576054674
2021-11-22 02:00:00,1438A,LYS,15.0,290.2602236431921,-275.2602236431921
2021-11-22 03:00:00,1438A,LYS,14.0,288.33245764429114,-274.33245764429114
2021-11-22 04:00:00,1438A,LYS,14.0,287.93941346145465,-273.93941346145465
2021-11-22 05:00:00,1438A,LYS,14.0,286.937945803831,-272.937945803831
2021-11-22 06:00:00,1438A,LYS,15.0,286.9199213752083,-271.9199213752083
2021-11-22 07:00:00,1438A,LYS,15.0,286.36357515133415,-271.36357515133415
2021-11-22 08:00:00,1438A,LYS,15.0,285.61634329195755,-270.61634329195755
2021-11-22 09:00:00,1438A,LYS,15.0,284.72759699752345,-269.72759699752345
2021-11-22 10:00:00,1438A,LYS,19.0,284.25515075613737,-265.25515075613737
2021-11-22 11:00:00,1438A,LYS,20.0,286.3065665095421,-266.3065665095421
2021-11-22 12:00:00,1438A,LYS,26.0,288.28449294440225,-262.28449294440225
2021-11-22 13:00:00,1438A,LYS,34.0,288.4793693904853,-254.47936939048532
2021-11-22 14:00:00,1438A,LYS,36.0,288.9175026721192,-252.9175026721192
2021-11-22 15:00:00,1438A,LYS,38.0,288.86244902729425,-250.86244902729425
2021-11-22 16:00:00,1438A,LYS,29.0,288.4283196872253,-259.4283196872253
2021-11-22 17:00:00,1438A,LYS,31.0,288.3666826819872,-257.3666826819872
2021-11-22 18:00:00,1438A,LYS,31.0,289.28343955940574,-258.28343955940574
2021-11-22 19:00:00,1438A,LYS,36.0,290.7572607073764,-254.75726070737642
2021-11-22 20:00:00,1438A,LYS,46.0,290.9524194365251,-244.95241943652508
2021-11-22 21:00:00,1438A,LYS,46.0,290.81050559393054,-244.81050559393054
2021-11-22 22:00:00,1438A,LYS,48.0,291.46432746706745,-243.46432746706745
2021-11-22 23:00:00,1438A,LYS,43.0,291.6424964957557,-248.64249649575572
2021-11-23 00:00:00,1438A,LYS,43.0,290.8775960239866,-247.8775960239866
2021-11-23 01:00:00,1438A,LYS,42.0,290.8439233864232,-248.84392338642323
2021-11-23 02:00:00,1438A,LYS,40.0,290.8802112690686,-250.88021126906858
2021-11-23 03:00:00,1438A,LYS,37.0,288.95244527016763,-251.95244527016763
2021-11-23 04:00:00,1438A,LYS,34.0,288.55940108733114,-254.55940108733114
2021-11-23 05:00:00,1438A,LYS,33.0,287.5579334297075,-254.55793342970748
2021-11-23 06:00:00,1438A,LYS,33.0,287.53990900108477,-254.53990900108477
2021-11-23 07:00:00,1438A,LYS,27.0,286.98356277721064,-259.98356277721064
2021-11-23 08:00:00,1438A,LYS,24.0,286.23633091783404,-262.23633091783404
2021-11-23 09:00:00,1438A,LYS,24.0,285.34758462339994,-261.34758462339994
2021-11-23 10:00:00,1438A,LYS,21.0,284.87513838201386,-263.87513838201386
2021-11-23 11:00:00,1438A,LYS,33.0,286.9265541354186,-253.9265541354186
2021-11-23 12:00:00,1438A,LYS,41.0,288.90448057027874,-247.90448057027874
2021-11-23 13:00:00,1438A,LYS,38.0,289.0993570163618,-251.0993570163618
2021-11-23 14:00:00,1438A,LYS,34.0,289.5374902979957,-255.5374902979957
2021-11-23 15:00:00,1438A,LYS,23.0,289.48243665317074,-266.48243665317074
2021-11-23 16:00:00,1438A,LYS,16.0,289.0483073131018,-273.0483073131018
2021-11-23 17:00:00,1438A,LYS,17.0,288.9866703078637,-271.9866703078637
2021-11-23 18:00:00,1438A,LYS,22.0,289.9034271852822,-267.9034271852822
2021-11-23 19:00:00,1438A,LYS,29.0,291.3772483332529,-262.3772483332529
2021-11-23 20:00:00,1438A,LYS,30.0,291.57240706240157,-261.57240706240157
2021-11-23 21:00:00,1438A,LYS,28.0,291.43049321980703,-263.43049321980703
2021-11-23 22:00:00,1438A,LYS,29.0,292.08431509294394,-263.08431509294394
2021-11-23 23:00:00,1438A,LYS,31.0,292.2624841216322,-261.2624841216322
2021-11-24 00:00:00,1438A,LYS,30.0,291.4975836498631,-261.4975836498631
2021-11-24 01:00:00,1438A,LYS,21.0,291.4639110122997,-270.4639110122997
2021-11-24 02:00:00,1438A,LYS,31.0,291.5001988949451,-260.5001988949451
2021-11-24 03:00:00,1438A,LYS,33.0,289.5724328960441,-256.5724328960441
2021-11-24 04:00:00,1438A,LYS,34.0,289.17938871320763,-255.17938871320763
2021-11-24 05:00:00,1438A,LYS,32.0,288.17792105558397,-256.17792105558397
2021-11-24 06:00:00,1438A,LYS,31.0,288.15989662696126,-257.15989662696126
2021-11-24 07:00:00,1438A,LYS,30.0,287.6035504030871,-257.6035504030871
2021-11-24 08:00:00,1438A,LYS,28.0,286.85631854371053,-258.85631854371053
2021-11-24 09:00:00,1438A,LYS,29.0,285.96757224927643,-256.96757224927643
2021-11-24 10:00:00,1438A,LYS,31.0,285.49512600789035,-254.49512600789035
2021-11-24 11:00:00,1438A,LYS,39.0,287.5465417612951,-248.5465417612951
2021-11-24 12:00:00,1438A,LYS,35.0,289.5244681961552,-254.52446819615523
2021-11-24 13:00:00,1438A,LYS,37.0,289.7193446422383,-252.7193446422383
2021-11-24 14:00:00,1438A,LYS,40.0,290.1574779238722,-250.1574779238722
2021-11-24 15:00:00,1438A,LYS,41.0,290.1024242790472,-249.10242427904723
2021-11-24 16:00:00,1438A,LYS,41.0,289.6682949389783,-248.6682949389783
2021-11-24 17:00:00,1438A,LYS,40.0,289.60665793374017,-249.60665793374017
2021-11-24 18:00:00,1438A,LYS,42.0,290.5234148111587,-248.52341481115872
2021-11-24 19:00:00,1438A,LYS,40.0,291.9972359591294,-251.9972359591294
2021-11-24 20:00:00,1438A,LYS,36.0,292.19239468827806,-256.19239468827806
2021-11-24 21:00:00,1438A,LYS,38.0,292.0504808456835,-254.05048084568352
2021-11-24 22:00:00,1438A,LYS,52.0,292.70430271882043,-240.70430271882043
2021-11-24 23:00:00,1438A,LYS,52.0,292.8824717475087,-240.8824717475087
2021-11-25 00:00:00,1438A,LYS,53.0,292.1175712757396,-239.11757127573958
2021-11-25 01:00:00,1438A,LYS,39.0,292.0838986381762,-253.0838986381762
2021-11-25 02:00:00,1438A,LYS,67.0,292.12018652082156,-225.12018652082156
2021-11-25 03:00:00,1438A,LYS,56.0,290.1924205219206,-234.1924205219206
2021-11-25 04:00:00,1438A,LYS,53.0,289.7993763390841,-236.79937633908412
2021-11-25 05:00:00,1438A,LYS,47.0,288.79790868146046,-241.79790868146046
2021-11-25 06:00:00,1438A,LYS,44.0,288.77988425283775,-244.77988425283775
2021-11-25 07:00:00,1438A,LYS,,288.2235380289636,
2021-11-25 08:00:00,1438A,LYS,40.0,287.476306169587,-247.47630616958702
2021-11-25 09:00:00,1438A,LYS,38.0,286.5875598751529,-248.58755987515292
2021-11-25 10:00:00,1438A,LYS,40.0,286.11511363376684,-246.11511363376684
2021-11-25 11:00:00,1438A,LYS,54.0,288.1665293871716,-234.16652938717158
2021-11-25 12:00:00,1438A,LYS,60.0,290.1444558220317,-230.14445582203172
2021-11-25 13:00:00,1438A,LYS,68.0,290.3393322681148,-222.3393322681148
2021-11-25 14:00:00,1438A,LYS,68.0,290.7774655497487,-222.77746554974868
2021-11-25 15:00:00,1438A,LYS,67.0,290.7224119049237,-223.72241190492372
2021-11-25 16:00:00,1438A,LYS,66.0,290.2882825648548,-224.2882825648548
2021-11-25 17:00:00,1438A,LYS,70.0,290.22664555961666,-220.22664555961666
2021-11-25 18:00:00,1438A,LYS,69.0,291.1434024370352,-222.1434024370352
2021-11-25 19:00:00,1438A,LYS,70.0,292.6172235850059,-222.6172235850059
2021-11-25 20:00:00,1438A,LYS,75.0,292.81238231415455,-217.81238231415455
2021-11-25 21:00:00,1438A,LYS,83.0,292.67046847156,-209.67046847156
2021-11-25 22:00:00,1438A,LYS,86.0,293.3242903446969,-207.32429034469692
2021-11-25 23:00:00,1438A,LYS,77.0,293.5024593733852,-216.5024593733852
2021-11-26 00:00:00,1438A,LYS,,292.73755890161607,
2021-11-26 01:00:00,1438A,LYS,,292.7038862640527,
2021-11-26 02:00:00,1438A,LYS,,292.74017414669805,
2021-11-26 03:00:00,1438A,LYS,,290.8124081477971,
2021-11-26 04:00:00,1438A,LYS,,290.4193639649606,
2021-11-26 05:00:00,1438A,LYS,,289.41789630733695,
2021-11-26 06:00:00,1438A,LYS,,289.39987187871424,
2021-11-26 07:00:00,1438A,LYS,,288.8435256548401,
2021-11-26 08:00:00,1438A,LYS,68.0,288.0962937954635,-220.0962937954635
2021-11-26 09:00:00,1438A,LYS,75.0,287.2075475010294,-212.2075475010294
2021-11-26 10:00:00,1438A,LYS,70.0,286.73510125964333,-216.73510125964333
2021-11-26 11:00:00,1438A,LYS,78.0,288.78651701304807,-210.78651701304807
2021-11-26 12:00:00,1438A,LYS,82.0,290.7644434479082,-208.7644434479082
2021-11-26 13:00:00,1438A,LYS,93.0,290.9593198939913,-197.95931989399128
2021-11-26 14:00:00,1438A,LYS,85.0,291.3974531756252,-206.39745317562517
2021-11-26 15:00:00,1438A,LYS,90.0,291.3423995308002,-201.3423995308002
2021-11-26 16:00:00,1438A,LYS,88.0,290.9082701907313,-202.9082701907313
2021-11-26 17:00:00,1438A,LYS,,290.84663318549315,
2021-11-26 18:00:00,1438A,LYS,,291.7633900629117,
2021-11-26 19:00:00,1438A,LYS,88.0,293.2372112108824,-205.23721121088238
2021-11-26 20:00:00,1438A,LYS,68.0,293.43236994003104,-225.43236994003104
2021-11-26 21:00:00,1438A,LYS,54.0,293.2904560974365,-239.2904560974365
2021-11-26 22:00:00,1438A,LYS,48.0,293.9442779705734,-245.9442779705734
2021-11-26 23:00:00,1438A,LYS,48.0,294.1224469992617,-246.12244699926168
2021-11-27 00:00:00,1438A,LYS,36.0,293.35754652749256,-257.35754652749256
2021-11-27 01:00:00,1438A,LYS,41.0,293.3238738899292,-252.3238738899292
2021-11-27 02:00:00,1438A,LYS,42.0,293.36016177257454,-251.36016177257454
2021-11-27 03:00:00,1438A,LYS,37.0,291.4323957736736,-254.4323957736736
2021-11-27 04:00:00,1438A,LYS,35.0,291.0393515908371,-256.0393515908371
2021-11-27 05:00:00,1438A,LYS,49.0,290.03788393321344,-241.03788393321344
2021-11-27 06:00:00,1438A,LYS,63.0,290.0198595045907,-227.01985950459073
2021-11-27 07:00:00,1438A,LYS,40.0,289.4635132807166,-249.4635132807166
2021-11-27 08:00:00,1438A,LYS,32.0,288.71628142134,-256.71628142134
2021-11-27 09:00:00,1438A,LYS,27.0,287.8275351269059,-260.8275351269059
2021-11-27 10:00:00,1438A,LYS,27.0,287.3550888855198,-260.3550888855198
2021-11-27 11:00:00,1438A,LYS,29.0,289.40650463892456,-260.40650463892456
2021-11-27 12:00:00,1438A,LYS,29.0,291.3844310737847,-262.3844310737847
2021-11-27 13:00:00,1438A,LYS,33.0,291.57930751986777,-258.57930751986777
2021-11-27 14:00:00,1438A,LYS,33.0,292.01744080150166,-259.01744080150166
2021-11-27 15:00:00,1438A,LYS,31.0,291.9623871566767,-260.9623871566767
2021-11-27 16:00:00,1438A,LYS,35.0,291.5282578166078,-256.5282578166078
2021-11-27 17:00:00,1438A,LYS,45.0,291.46662081136964,-246.46662081136964
2021-11-27 18:00:00,1438A,LYS,50.0,292.3833776887882,-242.3833776887882
2021-11-27 19:00:00,1438A,LYS,46.0,293.85719883675887,-247.85719883675887
2021-11-27 20:00:00,1438A,LYS,49.0,294.0523575659075,-245.05235756590753
2021-11-27 21:00:00,1438A,LYS,49.0,293.910443723313,-244.910443723313
2021-11-27 22:00:00,1438A,LYS,57.0,294.5642655964499,-237.5642655964499
2021-11-27 23:00:00,1438A,LYS,64.0,294.7424346251382,-230.74243462513817
2021-11-28 00:00:00,1438A,LYS,59.0,293.97753415336905,-234.97753415336905
2021-11-28 01:00:00,1438A,LYS,54.0,293.9438615158057,-239.94386151580568
2021-11-28 02:00:00,1438A,LYS,52.0,293.98014939845103,-241.98014939845103
2021-11-28 03:00:00,1438A,LYS,61.0,292.0523833995501,-231.05238339955008
2021-11-28 04:00:00,1438A,LYS,47.0,291.6593392167136,-244.6593392167136
2021-11-28 05:00:00,1438A,LYS,49.0,290.6578715590899,-241.65787155908993
2021-11-28 06:00:00,1438A,LYS,45.0,290.6398471304672,-245.63984713046722
2021-11-28 07:00:00,1438A,LYS,52.0,290.0835009065931,-238.0835009065931
2021-11-28 08:00:00,1438A,LYS,53.0,289.3362690472165,-236.3362690472165
2021-11-28 09:00:00,1438A,LYS,41.0,288.4475227527824,-247.4475227527824
2021-11-28 10:00:00,1438A,LYS,48.0,287.9750765113963,-239.9750765113963
2021-11-28 11:00:00,1438A,LYS,56.0,290.02649226480105,-234.02649226480105
2021-11-28 12:00:00,1438A,LYS,66.0,292.0044186996612,-226.0044186996612
2021-11-28 13:00:00,1438A,LYS,70.0,292.19929514574426,-222.19929514574426
2021-11-28 14:00:00,1438A,LYS,71.0,292.63742842737815,-221.63742842737815
2021-11-28 15:00:00,1438A,LYS,75.0,292.5823747825532,-217.5823747825532
2021-11-28 16:00:00,1438A,LYS,76.0,292.14824544248427,-216.14824544248427
2021-11-28 17:00:00,1438A,LYS,77.0,292.0866084372461,-215.08660843724613
2021-11-28 18:00:00,1438A,LYS,84.0,293.0033653146647,-209.00336531466468
2021-11-28 19:00:00,1438A,LYS,89.0,294.47718646263536,-205.47718646263536
2021-11-28 20:00:00,1438A,LYS,87.0,294.672345191784,-207.67234519178402
2021-11-28 21:00:00,1438A,LYS,89.0,294.5304313491895,-205.53043134918948
2021-11-28 22:00:00,1438A,LYS,84.0,295.1842532223264,-211.1842532223264
2021-11-28 23:00:00,1438A,LYS,82.0,295.36242225101466,-213.36242225101466
2021-11-29 00:00:00,1438A,LYS,83.0,294.59752177924554,-211.59752177924554
2021-11-29 01:00:00,1438A,LYS,81.0,294.56384914168217,-213.56384914168217
2021-11-29 02:00:00,1438A,LYS,66.0,294.6001370243275,-228.60013702432752
2021-11-29 03:00:00,1438A,LYS,67.0,292.67237102542657,-225.67237102542657
2021-11-29 04:00:00,1438A,LYS,64.0,292.2793268425901,-228.27932684259008
2021-11-29 05:00:00,1438A,LYS,44.0,291.2778591849664,-247.27785918496642
2021-11-29 06:00:00,1438A,LYS,25.0,291.2598347563437,-266.2598347563437
2021-11-29 07:00:00,1438A,LYS,19.0,290.7034885324696,-271.7034885324696
2021-11-29 08:00:00,1438A,LYS,20.0,289.956256673093,-269.956256673093
2021-11-29 09:00:00,1438A,LYS,17.0,289.0675103786589,-272.0675103786589
2021-11-29 10:00:00,1438A,LYS,20.0,288.5950641372728,-268.5950641372728
2021-11-29 11:00:00,1438A,LYS,24.0,290.64647989067754,-266.64647989067754
2021-11-29 12:00:00,1438A,LYS,36.0,292.6244063255377,-256.6244063255377
2021-11-29 13:00:00,1438A,LYS,29.0,292.81928277162075,-263.81928277162075
2021-11-29 14:00:00,1438A,LYS,38.0,293.25741605325464,-255.25741605325464
2021-11-29 15:00:00,1438A,LYS,44.0,293.2023624084297,-249.20236240842968
2021-11-29 16:00:00,1438A,LYS,32.0,292.76823306836076,-260.76823306836076
2021-11-29 17:00:00,1438A,LYS,27.0,292.7065960631226,-265.7065960631226
2021-11-29 18:00:00,1438A,LYS,24.0,293.62335294054117,-269.62335294054117
2021-11-29 19:00:00,1438A,LYS,24.0,295.09717408851185,-271.09717408851185
2021-11-29 20:00:00,1438A,LYS,26.0,295.2923328176605,-269.2923328176605
2021-11-29 21:00:00,1438A,LYS,32.0,295.150418975066,-263.150418975066
2021-11-29 22:00:00,1438A,LYS,33.0,295.8042408482029,-262.8042408482029
2021-11-29 23:00:00,1438A,LYS,30.0,295.98240987689115,-265.98240987689115
2021-11-30 00:00:00,1438A,LYS,20.0,295.21750940512203,-275.21750940512203
2021-11-30 01:00:00,1438A,LYS,14.0,295.18383676755866,-281.18383676755866
2021-11-30 02:00:00,1438A,LYS,15.0,295.220124650204,-280.220124650204
2021-11-30 03:00:00,1438A,LYS,25.0,293.29235865130306,-268.29235865130306
2021-11-30 04:00:00,1438A,LYS,19.0,292.89931446846657,-273.89931446846657
2021-11-30 05:00:00,1438A,LYS,15.0,291.8978468108429,-276.8978468108429
2021-11-30 06:00:00,1438A,LYS,17.0,291.8798223822202,-274.8798223822202
2021-11-30 07:00:00,1438A,LYS,14.0,291.32347615834607,-277.32347615834607
2021-11-30 08:00:00,1438A,LYS,11.0,290.57624429896947,-279.57624429896947
2021-11-30 09:00:00,1438A,LYS,11.0,289.68749800453537,-278.68749800453537
2021-11-30 10:00:00,1438A,LYS,12.0,289.2150517631493,-277.2150517631493
2021-11-30 11:00:00,1438A,LYS,14.0,291.26646751655403,-277.26646751655403
2021-11-30 12:00:00,1438A,LYS,31.0,293.24439395141417,-262.24439395141417
2021-11-30 13:00:00,1438A,LYS,,293.43927039749724,
2021-11-30 14:00:00,1438A,LYS,34.0,293.87740367913113,-259.87740367913113
2021-11-30 15:00:00,1438A,LYS,,293.82235003430617,
2021-11-30 16:00:00,1438A,LYS,,293.38822069423725,
2021-11-30 17:00:00,1438A,LYS,,293.3265836889991,
2021-11-30 18:00:00,1438A,LYS,36.0,294.24334056641766,-258.24334056641766
2021-11-30 19:00:00,1438A,LYS,42.0,295.71716171438834,-253.71716171438834
2021-11-30 20:00:00,1438A,LYS,45.0,295.912320443537,-250.912320443537
2021-11-30 21:00:00,1438A,LYS,40.0,295.77040660094247,-255.77040660094247
2021-11-30 22:00:00,1438A,LYS,22.0,296.42422847407937,-274.42422847407937
2021-11-30 23:00:00,1438A,LYS,19.0,296.60239750276764,-277.60239750276764
2021-12-01 00:00:00,1438A,LYS,20.0,295.8374970309985,-275.8374970309985
2021-12-01 01:00:00,1438A,LYS,21.0,295.80382439343515,-274.80382439343515
2021-12-01 02:00:00,1438A,LYS,25.0,295.8401122760805,-270.8401122760805
2021-12-01 03:00:00,1438A,LYS,29.0,293.91234627717955,-264.91234627717955
2021-12-01 04:00:00,1438A,LYS,30.0,293.51930209434306,-263.51930209434306
2021-12-01 05:00:00,1438A,LYS,33.0,292.5178344367194,-259.5178344367194
2021-12-01 06:00:00,1438A,LYS,29.0,292.4998100080967,-263.4998100080967
2021-12-01 07:00:00,1438A,LYS,29.0,291.94346378422256,-262.94346378422256
2021-12-01 08:00:00,1438A,LYS,28.0,291.19623192484596,-263.19623192484596
2021-12-01 09:00:00,1438A,LYS,30.0,290.30748563041186,-260.30748563041186
2021-12-01 10:00:00,1438A,LYS,29.0,289.8350393890258,-260.8350393890258
2021-12-01 11:00:00,1438A,LYS,32.0,291.8864551424305,-259.8864551424305
2021-12-01 12:00:00,1438A,LYS,31.0,293.86438157729066,-262.86438157729066
2021-12-01 13:00:00,1438A,LYS,33.0,294.05925802337373,-261.05925802337373
2021-12-01 14:00:00,1438A,LYS,33.0,294.4973913050076,-261.4973913050076
2021-12-01 15:00:00,1438A,LYS,33.0,294.44233766018266,-261.44233766018266
2021-12-01 16:00:00,1438A,LYS,32.0,294.00820832011374,-262.00820832011374
2021-12-01 17:00:00,1438A,LYS,33.0,293.9465713148756,-260.9465713148756
2021-12-01 18:00:00,1438A,LYS,35.0,294.86332819229415,-259.86332819229415
2021-12-01 19:00:00,1438A,LYS,39.0,296.33714934026483,-257.33714934026483
2021-12-01 20:00:00,1438A,LYS,46.0,296.5323080694135,-250.5323080694135
2021-12-01 21:00:00,1438A,LYS,44.0,296.39039422681896,-252.39039422681896
2021-12-01 22:00:00,1438A,LYS,48.0,297.04421609995586,-249.04421609995586
2021-12-01 23:00:00,1438A,LYS,56.0,297.22238512864413,-241.22238512864413
2021-12-02 00:00:00,1438A,LYS,52.0,296.457484656875,-244.457484656875
2021-12-02 01:00:00,1438A,LYS,48.0,296.42381201931164,-248.42381201931164
2021-12-02 02:00:00,1438A,LYS,48.0,296.460099901957,-248.460099901957
2021-12-02 03:00:00,1438A,LYS,,294.53233390305604,
2021-12-02 04:00:00,1438A,LYS,,294.13928972021955,
2021-12-02 05:00:00,1438A,LYS,67.0,293.1378220625959,-226.1378220625959
2021-12-02 06:00:00,1438A,LYS,66.0,293.1197976339732,-227.11979763397318
2021-12-02 07:00:00,1438A,LYS,59.0,292.56345141009905,-233.56345141009905
2021-12-02 08:00:00,1438A,LYS,53.0,291.81621955072245,-238.81621955072245
