station_code,station_name,year,horizon,horizon_hours,predictor,total_rows,target_available_samples,predictor_available_samples,usable_samples,usable_pct
1431A,JQLH,2015,48h,48,PM10,8760,7571,8112,7551,86.1986301369863
1431A,JQLH,2016,48h,48,PM10,8784,8234,8458,8188,93.21493624772313
1431A,JQLH,2017,48h,48,PM10,8760,8312,8496,8258,94.26940639269407
1431A,JQLH,2018,48h,48,PM10,8760,7813,8063,7712,88.03652968036529
1431A,JQLH,2019,48h,48,PM10,8760,7961,8275,7905,90.23972602739725
1431A,JQLH,2020,48h,48,PM10,8784,7994,8366,7969,90.72176684881603
1431A,JQLH,2021,48h,48,PM10,8049,7500,7796,7490,93.05503789290596
1431A,JQLH,2015,48h,48,SO2,8760,7571,8131,7569,86.4041095890411
1431A,JQLH,2016,48h,48,SO2,8784,8234,8507,8229,93.68169398907104
1431A,JQLH,2017,48h,48,SO2,8760,8312,8539,8297,94.71461187214612
1431A,JQLH,2018,48h,48,SO2,8760,7813,8152,7782,88.83561643835617
1431A,JQLH,2019,48h,48,SO2,8760,7961,8297,7911,90.3082191780822
1431A,JQLH,2020,48h,48,SO2,8784,7994,8371,7949,90.4940801457195
1431A,JQLH,2021,48h,48,SO2,8049,7500,7809,7461,92.69474468878121
1431A,JQLH,2015,48h,48,NO2,8760,7571,8132,7568,86.39269406392694
1431A,JQLH,2016,48h,48,NO2,8784,8234,8506,8229,93.68169398907104
1431A,JQLH,2017,48h,48,NO2,8760,8312,8514,8274,94.45205479452055
1431A,JQLH,2018,48h,48,NO2,8760,7813,8141,7769,88.68721461187215
1431A,JQLH,2019,48h,48,NO2,8760,7961,8249,7868,89.81735159817352
1431A,JQLH,2020,48h,48,NO2,8784,7994,8375,7950,90.50546448087432
1431A,JQLH,2021,48h,48,NO2,8049,7500,7814,7466,92.75686420673375
1431A,JQLH,2015,48h,48,O3-8h,8760,7571,8130,7566,86.36986301369863
1431A,JQLH,2016,48h,48,O3-8h,8784,8234,8510,8233,93.72723132969034
1431A,JQLH,2017,48h,48,O3-8h,8760,8312,8540,8296,94.70319634703196
1431A,JQLH,2018,48h,48,O3-8h,8760,7813,8199,7813,89.18949771689498
1431A,JQLH,2019,48h,48,O3-8h,8760,7961,8357,7960,90.8675799086758
1431A,JQLH,2020,48h,48,O3-8h,8784,7994,8448,7994,91.0063752276867
1431A,JQLH,2021,48h,48,O3-8h,8049,7500,7767,7390,91.81264753385514
1431A,JQLH,2015,48h,48,CO,8760,7571,8135,7571,86.42694063926942
1431A,JQLH,2016,48h,48,CO,8784,8234,8510,8233,93.72723132969034
1431A,JQLH,2017,48h,48,CO,8760,8312,8516,8277,94.48630136986301
1431A,JQLH,2018,48h,48,CO,8760,7813,8165,7794,88.97260273972603
1431A,JQLH,2019,48h,48,CO,8760,7961,8299,7914,90.34246575342466
1431A,JQLH,2020,48h,48,CO,8784,7994,8377,7953,90.5396174863388
1431A,JQLH,2021,48h,48,CO,8049,7500,7799,7460,92.68232078519071
1431A,JQLH,2015,48h,48,U10,8760,7571,8753,7571,86.42694063926942
1431A,JQLH,2016,48h,48,U10,8784,8234,8784,8234,93.73861566484517
1431A,JQLH,2017,48h,48,U10,8760,8312,8760,8312,94.88584474885845
1431A,JQLH,2018,48h,48,U10,8760,7813,8760,7813,89.18949771689498
1431A,JQLH,2019,48h,48,U10,8760,7961,8760,7961,90.87899543378995
1431A,JQLH,2020,48h,48,U10,8784,7994,8784,7994,91.0063752276867
1431A,JQLH,2021,48h,48,U10,8049,7500,8048,7499,93.16685302522052
1431A,JQLH,2015,48h,48,V10,8760,7571,8753,7571,86.42694063926942
1431A,JQLH,2016,48h,48,V10,8784,8234,8784,8234,93.73861566484517
1431A,JQLH,2017,48h,48,V10,8760,8312,8760,8312,94.88584474885845
1431A,JQLH,2018,48h,48,V10,8760,7813,8760,7813,89.18949771689498
1431A,JQLH,2019,48h,48,V10,8760,7961,8760,7961,90.87899543378995
1431A,JQLH,2020,48h,48,V10,8784,7994,8784,7994,91.0063752276867
1431A,JQLH,2021,48h,48,V10,8049,7500,8048,7499,93.16685302522052
1431A,JQLH,2015,48h,48,T2,8760,7571,8753,7571,86.42694063926942
1431A,JQLH,2016,48h,48,T2,8784,8234,8784,8234,93.73861566484517
1431A,JQLH,2017,48h,48,T2,8760,8312,8760,8312,94.88584474885845
1431A,JQLH,2018,48h,48,T2,8760,7813,8760,7813,89.18949771689498
1431A,JQLH,2019,48h,48,T2,8760,7961,8760,7961,90.87899543378995
1431A,JQLH,2020,48h,48,T2,8784,7994,8784,7994,91.0063752276867
1431A,JQLH,2021,48h,48,T2,8049,7500,8048,7499,93.16685302522052
1431A,JQLH,2015,48h,48,RH2,8760,7571,8753,7571,86.42694063926942
1431A,JQLH,2016,48h,48,RH2,8784,8234,8784,8234,93.73861566484517
1431A,JQLH,2017,48h,48,RH2,8760,8312,8760,8312,94.88584474885845
1431A,JQLH,2018,48h,48,RH2,8760,7813,8760,7813,89.18949771689498
1431A,JQLH,2019,48h,48,RH2,8760,7961,8760,7961,90.87899543378995
1431A,JQLH,2020,48h,48,RH2,8784,7994,8784,7994,91.0063752276867
1431A,JQLH,2021,48h,48,RH2,8049,7500,8049,7500,93.17927692881102
1431A,JQLH,2015,48h,48,PBLH,8760,7571,8753,7571,86.42694063926942
1431A,JQLH,2016,48h,48,PBLH,8784,8234,8784,8234,93.73861566484517
1431A,JQLH,2017,48h,48,PBLH,8760,8312,8760,8312,94.88584474885845
1431A,JQLH,2018,48h,48,PBLH,8760,7813,8760,7813,89.18949771689498
1431A,JQLH,2019,48h,48,PBLH,8760,7961,8760,7961,90.87899543378995
1431A,JQLH,2020,48h,48,PBLH,8784,7994,8784,7994,91.0063752276867
1431A,JQLH,2021,48h,48,PBLH,8049,7500,8048,7499,93.16685302522052
1431A,JQLH,2015,72h,72,PM10,8760,7576,8112,7559,86.28995433789954
1431A,JQLH,2016,72h,72,PM10,8784,8223,8458,8173,93.04417122040073
1431A,JQLH,2017,72h,72,PM10,8760,8309,8496,8255,94.2351598173516
1431A,JQLH,2018,72h,72,PM10,8760,7715,8063,7617,86.95205479452055
1431A,JQLH,2019,72h,72,PM10,8760,7919,8275,7858,89.70319634703196
1431A,JQLH,2020,72h,72,PM10,8784,7971,8366,7947,90.47131147540983
1431A,JQLH,2021,72h,72,PM10,8049,7491,7796,7482,92.95564666418188
1431A,JQLH,2015,72h,72,SO2,8760,7576,8131,7574,86.46118721461187
1431A,JQLH,2016,72h,72,SO2,8784,8223,8507,8218,93.55646630236795
1431A,JQLH,2017,72h,72,SO2,8760,8309,8539,8294,94.68036529680364
1431A,JQLH,2018,72h,72,SO2,8760,7715,8152,7681,87.68264840182648
1431A,JQLH,2019,72h,72,SO2,8760,7919,8297,7870,89.84018264840182
1431A,JQLH,2020,72h,72,SO2,8784,7971,8371,7929,90.26639344262296
1431A,JQLH,2021,72h,72,SO2,8049,7491,7809,7451,92.57050565287614
1431A,JQLH,2015,72h,72,NO2,8760,7576,8132,7574,86.46118721461187
1431A,JQLH,2016,72h,72,NO2,8784,8223,8506,8218,93.55646630236795
1431A,JQLH,2017,72h,72,NO2,8760,8309,8514,8273,94.44063926940639
1431A,JQLH,2018,72h,72,NO2,8760,7715,8141,7673,87.59132420091325
1431A,JQLH,2019,72h,72,NO2,8760,7919,8249,7828,89.3607305936073
1431A,JQLH,2020,72h,72,NO2,8784,7971,8375,7928,90.25500910746813
1431A,JQLH,2021,72h,72,NO2,8049,7491,7814,7456,92.63262517082867
1431A,JQLH,2015,72h,72,O3-8h,8760,7576,8130,7571,86.42694063926942
1431A,JQLH,2016,72h,72,O3-8h,8784,8223,8510,8222,93.60200364298726
1431A,JQLH,2017,72h,72,O3-8h,8760,8309,8540,8291,94.64611872146119
1431A,JQLH,2018,72h,72,O3-8h,8760,7715,8199,7715,88.07077625570776
1431A,JQLH,2019,72h,72,O3-8h,8760,7919,8357,7918,90.38812785388129
1431A,JQLH,2020,72h,72,O3-8h,8784,7971,8448,7971,90.74453551912568
1431A,JQLH,2021,72h,72,O3-8h,8049,7491,7767,7380,91.68840849795006
1431A,JQLH,2015,72h,72,CO,8760,7576,8135,7576,86.48401826484017
1431A,JQLH,2016,72h,72,CO,8784,8223,8510,8222,93.60200364298726
1431A,JQLH,2017,72h,72,CO,8760,8309,8516,8273,94.44063926940639
1431A,JQLH,2018,72h,72,CO,8760,7715,8165,7694,87.8310502283105
1431A,JQLH,2019,72h,72,CO,8760,7919,8299,7874,89.88584474885845
1431A,JQLH,2020,72h,72,CO,8784,7971,8377,7930,90.27777777777779
1431A,JQLH,2021,72h,72,CO,8049,7491,7799,7450,92.55808174928562
1431A,JQLH,2015,72h,72,U10,8760,7576,8753,7576,86.48401826484017
1431A,JQLH,2016,72h,72,U10,8784,8223,8784,8223,93.61338797814209
1431A,JQLH,2017,72h,72,U10,8760,8309,8760,8309,94.85159817351598
1431A,JQLH,2018,72h,72,U10,8760,7715,8760,7715,88.07077625570776
1431A,JQLH,2019,72h,72,U10,8760,7919,8760,7919,90.39954337899543
1431A,JQLH,2020,72h,72,U10,8784,7971,8784,7971,90.74453551912568
1431A,JQLH,2021,72h,72,U10,8049,7491,8048,7490,93.05503789290596
1431A,JQLH,2015,72h,72,V10,8760,7576,8753,7576,86.48401826484017
1431A,JQLH,2016,72h,72,V10,8784,8223,8784,8223,93.61338797814209
1431A,JQLH,2017,72h,72,V10,8760,8309,8760,8309,94.85159817351598
1431A,JQLH,2018,72h,72,V10,8760,7715,8760,7715,88.07077625570776
1431A,JQLH,2019,72h,72,V10,8760,7919,8760,7919,90.39954337899543
1431A,JQLH,2020,72h,72,V10,8784,7971,8784,7971,90.74453551912568
1431A,JQLH,2021,72h,72,V10,8049,7491,8048,7490,93.05503789290596
1431A,JQLH,2015,72h,72,T2,8760,7576,8753,7576,86.48401826484017
1431A,JQLH,2016,72h,72,T2,8784,8223,8784,8223,93.61338797814209
1431A,JQLH,2017,72h,72,T2,8760,8309,8760,8309,94.85159817351598
1431A,JQLH,2018,72h,72,T2,8760,7715,8760,7715,88.07077625570776
1431A,JQLH,2019,72h,72,T2,8760,7919,8760,7919,90.39954337899543
1431A,JQLH,2020,72h,72,T2,8784,7971,8784,7971,90.74453551912568
1431A,JQLH,2021,72h,72,T2,8049,7491,8048,7490,93.05503789290596
1431A,JQLH,2015,72h,72,RH2,8760,7576,8753,7576,86.48401826484017
1431A,JQLH,2016,72h,72,RH2,8784,8223,8784,8223,93.61338797814209
1431A,JQLH,2017,72h,72,RH2,8760,8309,8760,8309,94.85159817351598
1431A,JQLH,2018,72h,72,RH2,8760,7715,8760,7715,88.07077625570776
1431A,JQLH,2019,72h,72,RH2,8760,7919,8760,7919,90.39954337899543
1431A,JQLH,2020,72h,72,RH2,8784,7971,8784,7971,90.74453551912568
1431A,JQLH,2021,72h,72,RH2,8049,7491,8049,7491,93.06746179649646
1431A,JQLH,2015,72h,72,PBLH,8760,7576,8753,7576,86.48401826484017
1431A,JQLH,2016,72h,72,PBLH,8784,8223,8784,8223,93.61338797814209
1431A,JQLH,2017,72h,72,PBLH,8760,8309,8760,8309,94.85159817351598
1431A,JQLH,2018,72h,72,PBLH,8760,7715,8760,7715,88.07077625570776
1431A,JQLH,2019,72h,72,PBLH,8760,7919,8760,7919,90.39954337899543
1431A,JQLH,2020,72h,72,PBLH,8784,7971,8784,7971,90.74453551912568
1431A,JQLH,2021,72h,72,PBLH,8049,7491,8048,7490,93.05503789290596
1431A,JQLH,2015,7d,168,PM10,8760,7607,8112,7587,86.60958904109589
1431A,JQLH,2016,7d,168,PM10,8784,8221,8458,8169,92.99863387978142
1431A,JQLH,2017,7d,168,PM10,8760,8313,8496,8260,94.29223744292237
1431A,JQLH,2018,7d,168,PM10,8760,7633,8063,7531,85.9703196347032
1431A,JQLH,2019,7d,168,PM10,8760,7942,8275,7878,89.93150684931507
1431A,JQLH,2020,7d,168,PM10,8784,7971,8366,7947,90.47131147540983
1431A,JQLH,2021,7d,168,PM10,8049,7391,7796,7382,91.71325630513107
1431A,JQLH,2015,7d,168,SO2,8760,7607,8131,7604,86.80365296803653
1431A,JQLH,2016,7d,168,SO2,8784,8221,8507,8216,93.53369763205829
1431A,JQLH,2017,7d,168,SO2,8760,8313,8539,8299,94.73744292237443
1431A,JQLH,2018,7d,168,SO2,8760,7633,8152,7604,86.80365296803653
1431A,JQLH,2019,7d,168,SO2,8760,7942,8297,7892,90.09132420091325
1431A,JQLH,2020,7d,168,SO2,8784,7971,8371,7926,90.23224043715847
1431A,JQLH,2021,7d,168,SO2,8049,7391,7809,7355,91.37781090818736
1431A,JQLH,2015,7d,168,NO2,8760,7607,8132,7605,86.81506849315068
1431A,JQLH,2016,7d,168,NO2,8784,8221,8506,8216,93.53369763205829
1431A,JQLH,2017,7d,168,NO2,8760,8313,8514,8276,94.47488584474885
1431A,JQLH,2018,7d,168,NO2,8760,7633,8141,7594,86.68949771689498
1431A,JQLH,2019,7d,168,NO2,8760,7942,8249,7857,89.69178082191782
1431A,JQLH,2020,7d,168,NO2,8784,7971,8375,7928,90.25500910746813
1431A,JQLH,2021,7d,168,NO2,8049,7391,7814,7362,91.46477823332091
1431A,JQLH,2015,7d,168,O3-8h,8760,7607,8130,7602,86.78082191780821
1431A,JQLH,2016,7d,168,O3-8h,8784,8221,8510,8220,93.5792349726776
1431A,JQLH,2017,7d,168,O3-8h,8760,8313,8540,8297,94.71461187214612
1431A,JQLH,2018,7d,168,O3-8h,8760,7633,8199,7633,87.13470319634703
1431A,JQLH,2019,7d,168,O3-8h,8760,7942,8357,7941,90.65068493150686
1431A,JQLH,2020,7d,168,O3-8h,8784,7971,8448,7971,90.74453551912568
1431A,JQLH,2021,7d,168,O3-8h,8049,7391,7767,7281,90.45844204248975
1431A,JQLH,2015,7d,168,CO,8760,7607,8135,7607,86.837899543379
1431A,JQLH,2016,7d,168,CO,8784,8221,8510,8220,93.5792349726776
1431A,JQLH,2017,7d,168,CO,8760,8313,8516,8281,94.53196347031964
1431A,JQLH,2018,7d,168,CO,8760,7633,8165,7617,86.95205479452055
1431A,JQLH,2019,7d,168,CO,8760,7942,8299,7895,90.1255707762557
1431A,JQLH,2020,7d,168,CO,8784,7971,8377,7934,90.32331511839709
1431A,JQLH,2021,7d,168,CO,8049,7391,7799,7351,91.32811529382532
1431A,JQLH,2015,7d,168,U10,8760,7607,8753,7607,86.837899543379
1431A,JQLH,2016,7d,168,U10,8784,8221,8784,8221,93.59061930783243
1431A,JQLH,2017,7d,168,U10,8760,8313,8760,8313,94.8972602739726
1431A,JQLH,2018,7d,168,U10,8760,7633,8760,7633,87.13470319634703
1431A,JQLH,2019,7d,168,U10,8760,7942,8760,7942,90.662100456621
1431A,JQLH,2020,7d,168,U10,8784,7971,8784,7971,90.74453551912568
1431A,JQLH,2021,7d,168,U10,8049,7391,8048,7390,91.81264753385514
1431A,JQLH,2015,7d,168,V10,8760,7607,8753,7607,86.837899543379
1431A,JQLH,2016,7d,168,V10,8784,8221,8784,8221,93.59061930783243
1431A,JQLH,2017,7d,168,V10,8760,8313,8760,8313,94.8972602739726
1431A,JQLH,2018,7d,168,V10,8760,7633,8760,7633,87.13470319634703
1431A,JQLH,2019,7d,168,V10,8760,7942,8760,7942,90.662100456621
1431A,JQLH,2020,7d,168,V10,8784,7971,8784,7971,90.74453551912568
1431A,JQLH,2021,7d,168,V10,8049,7391,8048,7390,91.81264753385514
1431A,JQLH,2015,7d,168,T2,8760,7607,8753,7607,86.837899543379
1431A,JQLH,2016,7d,168,T2,8784,8221,8784,8221,93.59061930783243
1431A,JQLH,2017,7d,168,T2,8760,8313,8760,8313,94.8972602739726
1431A,JQLH,2018,7d,168,T2,8760,7633,8760,7633,87.13470319634703
1431A,JQLH,2019,7d,168,T2,8760,7942,8760,7942,90.662100456621
1431A,JQLH,2020,7d,168,T2,8784,7971,8784,7971,90.74453551912568
1431A,JQLH,2021,7d,168,T2,8049,7391,8048,7390,91.81264753385514
1431A,JQLH,2015,7d,168,RH2,8760,7607,8753,7607,86.837899543379
1431A,JQLH,2016,7d,168,RH2,8784,8221,8784,8221,93.59061930783243
1431A,JQLH,2017,7d,168,RH2,8760,8313,8760,8313,94.8972602739726
1431A,JQLH,2018,7d,168,RH2,8760,7633,8760,7633,87.13470319634703
1431A,JQLH,2019,7d,168,RH2,8760,7942,8760,7942,90.662100456621
1431A,JQLH,2020,7d,168,RH2,8784,7971,8784,7971,90.74453551912568
1431A,JQLH,2021,7d,168,RH2,8049,7391,8049,7391,91.82507143744564
1431A,JQLH,2015,7d,168,PBLH,8760,7607,8753,7607,86.837899543379
1431A,JQLH,2016,7d,168,PBLH,8784,8221,8784,8221,93.59061930783243
1431A,JQLH,2017,7d,168,PBLH,8760,8313,8760,8313,94.8972602739726
1431A,JQLH,2018,7d,168,PBLH,8760,7633,8760,7633,87.13470319634703
1431A,JQLH,2019,7d,168,PBLH,8760,7942,8760,7942,90.662100456621
1431A,JQLH,2020,7d,168,PBLH,8784,7971,8784,7971,90.74453551912568
1431A,JQLH,2021,7d,168,PBLH,8049,7391,8048,7390,91.81264753385514
1431A,JQLH,2015,14d,336,PM10,8760,7607,8112,7588,86.62100456621005
1431A,JQLH,2016,14d,336,PM10,8784,8213,8458,8163,92.93032786885246
1431A,JQLH,2017,14d,336,PM10,8760,8315,8496,8261,94.30365296803653
1431A,JQLH,2018,14d,336,PM10,8760,7597,8063,7495,85.5593607305936
1431A,JQLH,2019,14d,336,PM10,8760,7920,8275,7855,89.6689497716895
1431A,JQLH,2020,14d,336,PM10,8784,7979,8366,7954,90.55100182149363
1431A,JQLH,2021,14d,336,PM10,8049,7227,7796,7218,89.67573611628774
1431A,JQLH,2015,14d,336,SO2,8760,7607,8131,7604,86.80365296803653
1431A,JQLH,2016,14d,336,SO2,8784,8213,8507,8208,93.44262295081968
1431A,JQLH,2017,14d,336,SO2,8760,8315,8539,8300,94.74885844748859
1431A,JQLH,2018,14d,336,SO2,8760,7597,8152,7565,86.35844748858447
1431A,JQLH,2019,14d,336,SO2,8760,7920,8297,7868,89.81735159817352
1431A,JQLH,2020,14d,336,SO2,8784,7979,8371,7939,90.38023679417122
1431A,JQLH,2021,14d,336,SO2,8049,7227,7809,7191,89.34029071934401
1431A,JQLH,2015,14d,336,NO2,8760,7607,8132,7604,86.80365296803653
1431A,JQLH,2016,14d,336,NO2,8784,8213,8506,8209,93.4540072859745
1431A,JQLH,2017,14d,336,NO2,8760,8315,8514,8278,94.49771689497717
1431A,JQLH,2018,14d,336,NO2,8760,7597,8141,7555,86.24429223744292
1431A,JQLH,2019,14d,336,NO2,8760,7920,8249,7831,89.39497716894978
1431A,JQLH,2020,14d,336,NO2,8784,7979,8375,7938,90.3688524590164
1431A,JQLH,2021,14d,336,NO2,8049,7227,7814,7195,89.38998633370605
1431A,JQLH,2015,14d,336,O3-8h,8760,7607,8130,7602,86.78082191780821
1431A,JQLH,2016,14d,336,O3-8h,8784,8213,8510,8212,93.48816029143899
1431A,JQLH,2017,14d,336,O3-8h,8760,8315,8540,8297,94.71461187214612
1431A,JQLH,2018,14d,336,O3-8h,8760,7597,8199,7597,86.72374429223744
1431A,JQLH,2019,14d,336,O3-8h,8760,7920,8357,7919,90.39954337899543
1431A,JQLH,2020,14d,336,O3-8h,8784,7979,8448,7979,90.8356102003643
1431A,JQLH,2021,14d,336,O3-8h,8049,7227,7767,7116,88.4084979500559
1431A,JQLH,2015,14d,336,CO,8760,7607,8135,7607,86.837899543379
1431A,JQLH,2016,14d,336,CO,8784,8213,8510,8212,93.48816029143899
1431A,JQLH,2017,14d,336,CO,8760,8315,8516,8280,94.52054794520548
1431A,JQLH,2018,14d,336,CO,8760,7597,8165,7578,86.5068493150685
1431A,JQLH,2019,14d,336,CO,8760,7920,8299,7869,89.82876712328766
1431A,JQLH,2020,14d,336,CO,8784,7979,8377,7942,90.4143897996357
1431A,JQLH,2021,14d,336,CO,8049,7227,7799,7187,89.29059510498199
1431A,JQLH,2015,14d,336,U10,8760,7607,8753,7607,86.837899543379
1431A,JQLH,2016,14d,336,U10,8784,8213,8784,8213,93.49954462659382
1431A,JQLH,2017,14d,336,U10,8760,8315,8760,8315,94.92009132420091
1431A,JQLH,2018,14d,336,U10,8760,7597,8760,7597,86.72374429223744
1431A,JQLH,2019,14d,336,U10,8760,7920,8760,7920,90.41095890410958
1431A,JQLH,2020,14d,336,U10,8784,7979,8784,7979,90.8356102003643
1431A,JQLH,2021,14d,336,U10,8049,7227,8048,7226,89.77512734501181
1431A,JQLH,2015,14d,336,V10,8760,7607,8753,7607,86.837899543379
1431A,JQLH,2016,14d,336,V10,8784,8213,8784,8213,93.49954462659382
1431A,JQLH,2017,14d,336,V10,8760,8315,8760,8315,94.92009132420091
1431A,JQLH,2018,14d,336,V10,8760,7597,8760,7597,86.72374429223744
1431A,JQLH,2019,14d,336,V10,8760,7920,8760,7920,90.41095890410958
1431A,JQLH,2020,14d,336,V10,8784,7979,8784,7979,90.8356102003643
1431A,JQLH,2021,14d,336,V10,8049,7227,8048,7226,89.77512734501181
1431A,JQLH,2015,14d,336,T2,8760,7607,8753,7607,86.837899543379
1431A,JQLH,2016,14d,336,T2,8784,8213,8784,8213,93.49954462659382
1431A,JQLH,2017,14d,336,T2,8760,8315,8760,8315,94.92009132420091
1431A,JQLH,2018,14d,336,T2,8760,7597,8760,7597,86.72374429223744
1431A,JQLH,2019,14d,336,T2,8760,7920,8760,7920,90.41095890410958
1431A,JQLH,2020,14d,336,T2,8784,7979,8784,7979,90.8356102003643
1431A,JQLH,2021,14d,336,T2,8049,7227,8048,7226,89.77512734501181
1431A,JQLH,2015,14d,336,RH2,8760,7607,8753,7607,86.837899543379
1431A,JQLH,2016,14d,336,RH2,8784,8213,8784,8213,93.49954462659382
1431A,JQLH,2017,14d,336,RH2,8760,8315,8760,8315,94.92009132420091
1431A,JQLH,2018,14d,336,RH2,8760,7597,8760,7597,86.72374429223744
1431A,JQLH,2019,14d,336,RH2,8760,7920,8760,7920,90.41095890410958
1431A,JQLH,2020,14d,336,RH2,8784,7979,8784,7979,90.8356102003643
1431A,JQLH,2021,14d,336,RH2,8049,7227,8049,7227,89.78755124860231
1431A,JQLH,2015,14d,336,PBLH,8760,7607,8753,7607,86.837899543379
1431A,JQLH,2016,14d,336,PBLH,8784,8213,8784,8213,93.49954462659382
1431A,JQLH,2017,14d,336,PBLH,8760,8315,8760,8315,94.92009132420091
1431A,JQLH,2018,14d,336,PBLH,8760,7597,8760,7597,86.72374429223744
1431A,JQLH,2019,14d,336,PBLH,8760,7920,8760,7920,90.41095890410958
1431A,JQLH,2020,14d,336,PBLH,8784,7979,8784,7979,90.8356102003643
1431A,JQLH,2021,14d,336,PBLH,8049,7227,8048,7226,89.77512734501181
1431A,JQLH,2015,30d,720,PM10,8760,7633,8112,7613,86.90639269406392
1431A,JQLH,2016,30d,720,PM10,8784,8208,8458,8156,92.85063752276868
1431A,JQLH,2017,30d,720,PM10,8760,8318,8496,8266,94.3607305936073
1431A,JQLH,2018,30d,720,PM10,8760,7560,8063,7452,85.06849315068493
1431A,JQLH,2019,30d,720,PM10,8760,7918,8275,7853,89.64611872146119
1431A,JQLH,2020,30d,720,PM10,8784,7965,8366,7941,90.40300546448088
1431A,JQLH,2021,30d,720,PM10,8049,6856,7796,6847,85.06646788420922
1431A,JQLH,2015,30d,720,SO2,8760,7633,8131,7631,87.11187214611871
1431A,JQLH,2016,30d,720,SO2,8784,8208,8507,8203,93.38570127504553
1431A,JQLH,2017,30d,720,SO2,8760,8318,8539,8303,94.78310502283105
1431A,JQLH,2018,30d,720,SO2,8760,7560,8152,7527,85.92465753424658
1431A,JQLH,2019,30d,720,SO2,8760,7918,8297,7865,89.78310502283105
1431A,JQLH,2020,30d,720,SO2,8784,7965,8371,7921,90.17531876138433
1431A,JQLH,2021,30d,720,SO2,8049,6856,7809,6819,84.71859858367499
1431A,JQLH,2015,30d,720,NO2,8760,7633,8132,7630,87.10045662100457
1431A,JQLH,2016,30d,720,NO2,8784,8208,8506,8204,93.39708561020036
1431A,JQLH,2017,30d,720,NO2,8760,8318,8514,8281,94.53196347031964
1431A,JQLH,2018,30d,720,NO2,8760,7560,8141,7517,85.81050228310502
1431A,JQLH,2019,30d,720,NO2,8760,7918,8249,7817,89.2351598173516
1431A,JQLH,2020,30d,720,NO2,8784,7965,8375,7922,90.18670309653916
1431A,JQLH,2021,30d,720,NO2,8049,6856,7814,6824,84.78071810162753
1431A,JQLH,2015,30d,720,O3-8h,8760,7633,8130,7628,87.07762557077625
1431A,JQLH,2016,30d,720,O3-8h,8784,8208,8510,8207,93.43123861566485
1431A,JQLH,2017,30d,720,O3-8h,8760,8318,8540,8302,94.77168949771689
1431A,JQLH,2018,30d,720,O3-8h,8760,7560,8199,7560,86.3013698630137
1431A,JQLH,2019,30d,720,O3-8h,8760,7918,8357,7917,90.37671232876713
1431A,JQLH,2020,30d,720,O3-8h,8784,7965,8448,7965,90.67622950819673
1431A,JQLH,2021,30d,720,O3-8h,8049,6856,7767,6786,84.30860976518822
1431A,JQLH,2015,30d,720,CO,8760,7633,8135,7633,87.13470319634703
1431A,JQLH,2016,30d,720,CO,8784,8208,8510,8207,93.43123861566485
1431A,JQLH,2017,30d,720,CO,8760,8318,8516,8282,94.54337899543378
1431A,JQLH,2018,30d,720,CO,8760,7560,8165,7539,86.06164383561644
1431A,JQLH,2019,30d,720,CO,8760,7918,8299,7867,89.80593607305936
1431A,JQLH,2020,30d,720,CO,8784,7965,8377,7925,90.22085610200364
1431A,JQLH,2021,30d,720,CO,8049,6856,7799,6815,84.66890296931295
1431A,JQLH,2015,30d,720,U10,8760,7633,8753,7633,87.13470319634703
1431A,JQLH,2016,30d,720,U10,8784,8208,8784,8208,93.44262295081968
1431A,JQLH,2017,30d,720,U10,8760,8318,8760,8318,94.95433789954339
1431A,JQLH,2018,30d,720,U10,8760,7560,8760,7560,86.3013698630137
1431A,JQLH,2019,30d,720,U10,8760,7918,8760,7918,90.38812785388129
1431A,JQLH,2020,30d,720,U10,8784,7965,8784,7965,90.67622950819673
1431A,JQLH,2021,30d,720,U10,8049,6856,8048,6855,85.16585911293329
1431A,JQLH,2015,30d,720,V10,8760,7633,8753,7633,87.13470319634703
1431A,JQLH,2016,30d,720,V10,8784,8208,8784,8208,93.44262295081968
1431A,JQLH,2017,30d,720,V10,8760,8318,8760,8318,94.95433789954339
1431A,JQLH,2018,30d,720,V10,8760,7560,8760,7560,86.3013698630137
1431A,JQLH,2019,30d,720,V10,8760,7918,8760,7918,90.38812785388129
1431A,JQLH,2020,30d,720,V10,8784,7965,8784,7965,90.67622950819673
1431A,JQLH,2021,30d,720,V10,8049,6856,8048,6855,85.16585911293329
1431A,JQLH,2015,30d,720,T2,8760,7633,8753,7633,87.13470319634703
1431A,JQLH,2016,30d,720,T2,8784,8208,8784,8208,93.44262295081968
1431A,JQLH,2017,30d,720,T2,8760,8318,8760,8318,94.95433789954339
1431A,JQLH,2018,30d,720,T2,8760,7560,8760,7560,86.3013698630137
1431A,JQLH,2019,30d,720,T2,8760,7918,8760,7918,90.38812785388129
1431A,JQLH,2020,30d,720,T2,8784,7965,8784,7965,90.67622950819673
1431A,JQLH,2021,30d,720,T2,8049,6856,8048,6855,85.16585911293329
1431A,JQLH,2015,30d,720,RH2,8760,7633,8753,7633,87.13470319634703
1431A,JQLH,2016,30d,720,RH2,8784,8208,8784,8208,93.44262295081968
1431A,JQLH,2017,30d,720,RH2,8760,8318,8760,8318,94.95433789954339
1431A,JQLH,2018,30d,720,RH2,8760,7560,8760,7560,86.3013698630137
1431A,JQLH,2019,30d,720,RH2,8760,7918,8760,7918,90.38812785388129
1431A,JQLH,2020,30d,720,RH2,8784,7965,8784,7965,90.67622950819673
1431A,JQLH,2021,30d,720,RH2,8049,6856,8049,6856,85.17828301652379
1431A,JQLH,2015,30d,720,PBLH,8760,7633,8753,7633,87.13470319634703
1431A,JQLH,2016,30d,720,PBLH,8784,8208,8784,8208,93.44262295081968
1431A,JQLH,2017,30d,720,PBLH,8760,8318,8760,8318,94.95433789954339
1431A,JQLH,2018,30d,720,PBLH,8760,7560,8760,7560,86.3013698630137
1431A,JQLH,2019,30d,720,PBLH,8760,7918,8760,7918,90.38812785388129
1431A,JQLH,2020,30d,720,PBLH,8784,7965,8784,7965,90.67622950819673
1431A,JQLH,2021,30d,720,PBLH,8049,6856,8048,6855,85.16585911293329
1432A,SLD,2015,48h,48,PM10,8760,7650,8145,7625,87.04337899543378
1432A,SLD,2016,48h,48,PM10,8784,8331,8511,8289,94.36475409836066
1432A,SLD,2017,48h,48,PM10,8760,8382,8520,8331,95.1027397260274
1432A,SLD,2018,48h,48,PM10,8760,7864,8075,7777,88.77853881278538
1432A,SLD,2019,48h,48,PM10,8760,7047,7685,6917,78.96118721461187
1432A,SLD,2020,48h,48,PM10,8784,8212,8505,8185,93.18078324225864
1432A,SLD,2021,48h,48,PM10,8049,7645,7905,7642,94.9434712386632
1432A,SLD,2015,48h,48,SO2,8760,7650,8167,7646,87.28310502283105
1432A,SLD,2016,48h,48,SO2,8784,8331,8545,8322,94.74043715846994
1432A,SLD,2017,48h,48,SO2,8760,8382,8551,8362,95.45662100456622
1432A,SLD,2018,48h,48,SO2,8760,7864,8135,7817,89.2351598173516
1432A,SLD,2019,48h,48,SO2,8760,7047,7800,6988,79.77168949771689
1432A,SLD,2020,48h,48,SO2,8784,8212,8528,8162,92.91894353369763
1432A,SLD,2021,48h,48,SO2,8049,7645,7888,7597,94.38439557709032
1432A,SLD,2015,48h,48,NO2,8760,7650,8169,7648,87.30593607305937
1432A,SLD,2016,48h,48,NO2,8784,8331,8550,8327,94.79735883424408
1432A,SLD,2017,48h,48,NO2,8760,8382,8550,8360,95.4337899543379
1432A,SLD,2018,48h,48,NO2,8760,7864,8108,7792,88.94977168949771
1432A,SLD,2019,48h,48,NO2,8760,7047,7756,6944,79.26940639269407
1432A,SLD,2020,48h,48,NO2,8784,8212,8469,8121,92.45218579234972
1432A,SLD,2021,48h,48,NO2,8049,7645,7850,7568,94.02410237296559
1432A,SLD,2015,48h,48,O3-8h,8760,7650,8136,7615,86.92922374429224
1432A,SLD,2016,48h,48,O3-8h,8784,8331,8553,8330,94.83151183970855
1432A,SLD,2017,48h,48,O3-8h,8760,8382,8569,8376,95.61643835616438
1432A,SLD,2018,48h,48,O3-8h,8760,7864,8191,7862,89.74885844748859
1432A,SLD,2019,48h,48,O3-8h,8760,7047,7933,7042,80.38812785388127
1432A,SLD,2020,48h,48,O3-8h,8784,8212,8568,8202,93.37431693989072
1432A,SLD,2021,48h,48,O3-8h,8049,7645,7797,7517,93.39048328984967
1432A,SLD,2015,48h,48,CO,8760,7650,8168,7646,87.28310502283105
1432A,SLD,2016,48h,48,CO,8784,8331,8548,8325,94.77459016393442
1432A,SLD,2017,48h,48,CO,8760,8382,8566,8377,95.62785388127854
1432A,SLD,2018,48h,48,CO,8760,7864,8139,7819,89.2579908675799
1432A,SLD,2019,48h,48,CO,8760,7047,7781,6975,79.62328767123287
1432A,SLD,2020,48h,48,CO,8784,8212,8483,8138,92.64571948998179
1432A,SLD,2021,48h,48,CO,8049,7645,7887,7602,94.44651509504286
1432A,SLD,2015,48h,48,U10,8760,7650,8753,7650,87.32876712328768
1432A,SLD,2016,48h,48,U10,8784,8331,8784,8331,94.84289617486338
1432A,SLD,2017,48h,48,U10,8760,8382,8760,8382,95.68493150684931
1432A,SLD,2018,48h,48,U10,8760,7864,8760,7864,89.7716894977169
1432A,SLD,2019,48h,48,U10,8760,7047,8760,7047,80.44520547945206
1432A,SLD,2020,48h,48,U10,8784,8212,8784,8212,93.48816029143899
1432A,SLD,2021,48h,48,U10,8049,7645,8048,7644,94.96831904584421
1432A,SLD,2015,48h,48,V10,8760,7650,8753,7650,87.32876712328768
1432A,SLD,2016,48h,48,V10,8784,8331,8784,8331,94.84289617486338
1432A,SLD,2017,48h,48,V10,8760,8382,8760,8382,95.68493150684931
1432A,SLD,2018,48h,48,V10,8760,7864,8760,7864,89.7716894977169
1432A,SLD,2019,48h,48,V10,8760,7047,8760,7047,80.44520547945206
1432A,SLD,2020,48h,48,V10,8784,8212,8784,8212,93.48816029143899
1432A,SLD,2021,48h,48,V10,8049,7645,8048,7644,94.96831904584421
1432A,SLD,2015,48h,48,T2,8760,7650,8753,7650,87.32876712328768
1432A,SLD,2016,48h,48,T2,8784,8331,8784,8331,94.84289617486338
1432A,SLD,2017,48h,48,T2,8760,8382,8760,8382,95.68493150684931
1432A,SLD,2018,48h,48,T2,8760,7864,8760,7864,89.7716894977169
1432A,SLD,2019,48h,48,T2,8760,7047,8760,7047,80.44520547945206
1432A,SLD,2020,48h,48,T2,8784,8212,8784,8212,93.48816029143899
1432A,SLD,2021,48h,48,T2,8049,7645,8048,7644,94.96831904584421
1432A,SLD,2015,48h,48,RH2,8760,7650,8753,7650,87.32876712328768
1432A,SLD,2016,48h,48,RH2,8784,8331,8784,8331,94.84289617486338
1432A,SLD,2017,48h,48,RH2,8760,8382,8760,8382,95.68493150684931
1432A,SLD,2018,48h,48,RH2,8760,7864,8760,7864,89.7716894977169
1432A,SLD,2019,48h,48,RH2,8760,7047,8760,7047,80.44520547945206
1432A,SLD,2020,48h,48,RH2,8784,8212,8784,8212,93.48816029143899
1432A,SLD,2021,48h,48,RH2,8049,7645,8049,7645,94.98074294943471
1432A,SLD,2015,48h,48,PBLH,8760,7650,8753,7650,87.32876712328768
1432A,SLD,2016,48h,48,PBLH,8784,8331,8784,8331,94.84289617486338
1432A,SLD,2017,48h,48,PBLH,8760,8382,8760,8382,95.68493150684931
1432A,SLD,2018,48h,48,PBLH,8760,7864,8760,7864,89.7716894977169
1432A,SLD,2019,48h,48,PBLH,8760,7047,8760,7047,80.44520547945206
1432A,SLD,2020,48h,48,PBLH,8784,8212,8784,8212,93.48816029143899
1432A,SLD,2021,48h,48,PBLH,8049,7645,8048,7644,94.96831904584421
1432A,SLD,2015,72h,72,PM10,8760,7653,8145,7631,87.11187214611871
1432A,SLD,2016,72h,72,PM10,8784,8321,8511,8279,94.2509107468124
1432A,SLD,2017,72h,72,PM10,8760,8375,8520,8324,95.0228310502283
1432A,SLD,2018,72h,72,PM10,8760,7771,8075,7681,87.68264840182648
1432A,SLD,2019,72h,72,PM10,8760,6998,7685,6884,78.58447488584474
1432A,SLD,2020,72h,72,PM10,8784,8202,8505,8175,93.06693989071039
1432A,SLD,2021,72h,72,PM10,8049,7620,7905,7617,94.63287364890049
1432A,SLD,2015,72h,72,SO2,8760,7653,8167,7648,87.30593607305937
1432A,SLD,2016,72h,72,SO2,8784,8321,8545,8312,94.62659380692168
1432A,SLD,2017,72h,72,SO2,8760,8375,8551,8356,95.38812785388127
1432A,SLD,2018,72h,72,SO2,8760,7771,8135,7724,88.17351598173516
1432A,SLD,2019,72h,72,SO2,8760,6998,7800,6941,79.2351598173516
1432A,SLD,2020,72h,72,SO2,8784,8202,8528,8152,92.80510018214936
1432A,SLD,2021,72h,72,SO2,8049,7620,7888,7573,94.08622189091813
1432A,SLD,2015,72h,72,NO2,8760,7653,8169,7650,87.32876712328768
1432A,SLD,2016,72h,72,NO2,8784,8321,8550,8317,94.68351548269581
1432A,SLD,2017,72h,72,NO2,8760,8375,8550,8353,95.35388127853881
1432A,SLD,2018,72h,72,NO2,8760,7771,8108,7703,87.93378995433791
1432A,SLD,2019,72h,72,NO2,8760,6998,7756,6901,78.7785388127854
1432A,SLD,2020,72h,72,NO2,8784,8202,8469,8111,92.33834244080145
1432A,SLD,2021,72h,72,NO2,8049,7620,7850,7542,93.70108087961238
1432A,SLD,2015,72h,72,O3-8h,8760,7653,8136,7620,86.98630136986301
1432A,SLD,2016,72h,72,O3-8h,8784,8321,8553,8320,94.71766848816029
1432A,SLD,2017,72h,72,O3-8h,8760,8375,8569,8369,95.5365296803653
1432A,SLD,2018,72h,72,O3-8h,8760,7771,8191,7769,88.68721461187215
1432A,SLD,2019,72h,72,O3-8h,8760,6998,7933,6994,79.84018264840182
1432A,SLD,2020,72h,72,O3-8h,8784,8202,8568,8194,93.2832422586521
1432A,SLD,2021,72h,72,O3-8h,8049,7620,7797,7506,93.25382035035408
1432A,SLD,2015,72h,72,CO,8760,7653,8168,7649,87.31735159817352
1432A,SLD,2016,72h,72,CO,8784,8321,8548,8315,94.66074681238615
1432A,SLD,2017,72h,72,CO,8760,8375,8566,8371,95.55936073059361
1432A,SLD,2018,72h,72,CO,8760,7771,8139,7726,88.19634703196347
1432A,SLD,2019,72h,72,CO,8760,6998,7781,6927,79.07534246575342
1432A,SLD,2020,72h,72,CO,8784,8202,8483,8125,92.49772313296903
1432A,SLD,2021,72h,72,CO,8049,7620,7887,7583,94.2104609268232
1432A,SLD,2015,72h,72,U10,8760,7653,8753,7653,87.36301369863013
1432A,SLD,2016,72h,72,U10,8784,8321,8784,8321,94.72905282331512
1432A,SLD,2017,72h,72,U10,8760,8375,8760,8375,95.60502283105022
1432A,SLD,2018,72h,72,U10,8760,7771,8760,7771,88.71004566210046
1432A,SLD,2019,72h,72,U10,8760,6998,8760,6998,79.88584474885845
1432A,SLD,2020,72h,72,U10,8784,8202,8784,8202,93.37431693989072
1432A,SLD,2021,72h,72,U10,8049,7620,8048,7619,94.6577214560815
1432A,SLD,2015,72h,72,V10,8760,7653,8753,7653,87.36301369863013
1432A,SLD,2016,72h,72,V10,8784,8321,8784,8321,94.72905282331512
1432A,SLD,2017,72h,72,V10,8760,8375,8760,8375,95.60502283105022
1432A,SLD,2018,72h,72,V10,8760,7771,8760,7771,88.71004566210046
1432A,SLD,2019,72h,72,V10,8760,6998,8760,6998,79.88584474885845
1432A,SLD,2020,72h,72,V10,8784,8202,8784,8202,93.37431693989072
1432A,SLD,2021,72h,72,V10,8049,7620,8048,7619,94.6577214560815
1432A,SLD,2015,72h,72,T2,8760,7653,8753,7653,87.36301369863013
1432A,SLD,2016,72h,72,T2,8784,8321,8784,8321,94.72905282331512
1432A,SLD,2017,72h,72,T2,8760,8375,8760,8375,95.60502283105022
1432A,SLD,2018,72h,72,T2,8760,7771,8760,7771,88.71004566210046
1432A,SLD,2019,72h,72,T2,8760,6998,8760,6998,79.88584474885845
1432A,SLD,2020,72h,72,T2,8784,8202,8784,8202,93.37431693989072
1432A,SLD,2021,72h,72,T2,8049,7620,8048,7619,94.6577214560815
1432A,SLD,2015,72h,72,RH2,8760,7653,8753,7653,87.36301369863013
1432A,SLD,2016,72h,72,RH2,8784,8321,8784,8321,94.72905282331512
1432A,SLD,2017,72h,72,RH2,8760,8375,8760,8375,95.60502283105022
1432A,SLD,2018,72h,72,RH2,8760,7771,8760,7771,88.71004566210046
1432A,SLD,2019,72h,72,RH2,8760,6998,8760,6998,79.88584474885845
1432A,SLD,2020,72h,72,RH2,8784,8202,8784,8202,93.37431693989072
1432A,SLD,2021,72h,72,RH2,8049,7620,8049,7620,94.670145359672
1432A,SLD,2015,72h,72,PBLH,8760,7653,8753,7653,87.36301369863013
1432A,SLD,2016,72h,72,PBLH,8784,8321,8784,8321,94.72905282331512
1432A,SLD,2017,72h,72,PBLH,8760,8375,8760,8375,95.60502283105022
1432A,SLD,2018,72h,72,PBLH,8760,7771,8760,7771,88.71004566210046
1432A,SLD,2019,72h,72,PBLH,8760,6998,8760,6998,79.88584474885845
1432A,SLD,2020,72h,72,PBLH,8784,8202,8784,8202,93.37431693989072
1432A,SLD,2021,72h,72,PBLH,8049,7620,8048,7619,94.6577214560815
1432A,SLD,2015,7d,168,PM10,8760,7669,8145,7644,87.26027397260275
1432A,SLD,2016,7d,168,PM10,8784,8326,8511,8283,94.2964480874317
1432A,SLD,2017,7d,168,PM10,8760,8376,8520,8327,95.05707762557077
1432A,SLD,2018,7d,168,PM10,8760,7702,8075,7612,86.89497716894977
1432A,SLD,2019,7d,168,PM10,8760,7024,7685,6896,78.72146118721462
1432A,SLD,2020,7d,168,PM10,8784,8209,8505,8182,93.14663023679417
1432A,SLD,2021,7d,168,PM10,8049,7535,7905,7533,93.5892657472978
1432A,SLD,2015,7d,168,SO2,8760,7669,8167,7664,87.48858447488584
1432A,SLD,2016,7d,168,SO2,8784,8326,8545,8317,94.68351548269581
1432A,SLD,2017,7d,168,SO2,8760,8376,8551,8356,95.38812785388127
1432A,SLD,2018,7d,168,SO2,8760,7702,8135,7657,87.40867579908675
1432A,SLD,2019,7d,168,SO2,8760,7024,7800,6964,79.49771689497716
1432A,SLD,2020,7d,168,SO2,8784,8209,8528,8158,92.87340619307832
1432A,SLD,2021,7d,168,SO2,8049,7535,7888,7488,93.03019008572494
1432A,SLD,2015,7d,168,NO2,8760,7669,8169,7666,87.51141552511416
1432A,SLD,2016,7d,168,NO2,8784,8326,8550,8322,94.74043715846994
1432A,SLD,2017,7d,168,NO2,8760,8376,8550,8355,95.37671232876713
1432A,SLD,2018,7d,168,NO2,8760,7702,8108,7636,87.1689497716895
1432A,SLD,2019,7d,168,NO2,8760,7024,7756,6934,79.15525114155251
1432A,SLD,2020,7d,168,NO2,8784,8209,8469,8124,92.4863387978142
1432A,SLD,2021,7d,168,NO2,8049,7535,7850,7460,92.68232078519071
1432A,SLD,2015,7d,168,O3-8h,8760,7669,8136,7633,87.13470319634703
1432A,SLD,2016,7d,168,O3-8h,8784,8326,8553,8325,94.77459016393442
1432A,SLD,2017,7d,168,O3-8h,8760,8376,8569,8370,95.54794520547945
1432A,SLD,2018,7d,168,O3-8h,8760,7702,8191,7700,87.89954337899543
1432A,SLD,2019,7d,168,O3-8h,8760,7024,7933,7020,80.13698630136986
1432A,SLD,2020,7d,168,O3-8h,8784,8209,8568,8199,93.34016393442623
1432A,SLD,2021,7d,168,O3-8h,8049,7535,7797,7426,92.25990806311343
1432A,SLD,2015,7d,168,CO,8760,7669,8168,7665,87.5
1432A,SLD,2016,7d,168,CO,8784,8326,8548,8320,94.71766848816029
1432A,SLD,2017,7d,168,CO,8760,8376,8566,8371,95.55936073059361
1432A,SLD,2018,7d,168,CO,8760,7702,8139,7659,87.43150684931507
1432A,SLD,2019,7d,168,CO,8760,7024,7781,6966,79.52054794520548
1432A,SLD,2020,7d,168,CO,8784,8209,8483,8132,92.57741347905282
1432A,SLD,2021,7d,168,CO,8049,7535,7887,7493,93.09230960367746
1432A,SLD,2015,7d,168,U10,8760,7669,8753,7669,87.54566210045662
1432A,SLD,2016,7d,168,U10,8784,8326,8784,8326,94.78597449908925
1432A,SLD,2017,7d,168,U10,8760,8376,8760,8376,95.61643835616438
1432A,SLD,2018,7d,168,U10,8760,7702,8760,7702,87.92237442922375
1432A,SLD,2019,7d,168,U10,8760,7024,8760,7024,80.18264840182648
1432A,SLD,2020,7d,168,U10,8784,8209,8784,8209,93.4540072859745
1432A,SLD,2021,7d,168,U10,8049,7535,8048,7534,93.6016896508883
1432A,SLD,2015,7d,168,V10,8760,7669,8753,7669,87.54566210045662
1432A,SLD,2016,7d,168,V10,8784,8326,8784,8326,94.78597449908925
1432A,SLD,2017,7d,168,V10,8760,8376,8760,8376,95.61643835616438
1432A,SLD,2018,7d,168,V10,8760,7702,8760,7702,87.92237442922375
1432A,SLD,2019,7d,168,V10,8760,7024,8760,7024,80.18264840182648
1432A,SLD,2020,7d,168,V10,8784,8209,8784,8209,93.4540072859745
1432A,SLD,2021,7d,168,V10,8049,7535,8048,7534,93.6016896508883
1432A,SLD,2015,7d,168,T2,8760,7669,8753,7669,87.54566210045662
1432A,SLD,2016,7d,168,T2,8784,8326,8784,8326,94.78597449908925
1432A,SLD,2017,7d,168,T2,8760,8376,8760,8376,95.61643835616438
1432A,SLD,2018,7d,168,T2,8760,7702,8760,7702,87.92237442922375
1432A,SLD,2019,7d,168,T2,8760,7024,8760,7024,80.18264840182648
1432A,SLD,2020,7d,168,T2,8784,8209,8784,8209,93.4540072859745
1432A,SLD,2021,7d,168,T2,8049,7535,8048,7534,93.6016896508883
1432A,SLD,2015,7d,168,RH2,8760,7669,8753,7669,87.54566210045662
1432A,SLD,2016,7d,168,RH2,8784,8326,8784,8326,94.78597449908925
1432A,SLD,2017,7d,168,RH2,8760,8376,8760,8376,95.61643835616438
1432A,SLD,2018,7d,168,RH2,8760,7702,8760,7702,87.92237442922375
1432A,SLD,2019,7d,168,RH2,8760,7024,8760,7024,80.18264840182648
1432A,SLD,2020,7d,168,RH2,8784,8209,8784,8209,93.4540072859745
1432A,SLD,2021,7d,168,RH2,8049,7535,8049,7535,93.61411355447882
1432A,SLD,2015,7d,168,PBLH,8760,7669,8753,7669,87.54566210045662
1432A,SLD,2016,7d,168,PBLH,8784,8326,8784,8326,94.78597449908925
1432A,SLD,2017,7d,168,PBLH,8760,8376,8760,8376,95.61643835616438
1432A,SLD,2018,7d,168,PBLH,8760,7702,8760,7702,87.92237442922375
1432A,SLD,2019,7d,168,PBLH,8760,7024,8760,7024,80.18264840182648
1432A,SLD,2020,7d,168,PBLH,8784,8209,8784,8209,93.4540072859745
1432A,SLD,2021,7d,168,PBLH,8049,7535,8048,7534,93.6016896508883
1432A,SLD,2015,14d,336,PM10,8760,7678,8145,7653,87.36301369863013
1432A,SLD,2016,14d,336,PM10,8784,8321,8511,8278,94.23952641165756
1432A,SLD,2017,14d,336,PM10,8760,8374,8520,8326,95.04566210045662
1432A,SLD,2018,14d,336,PM10,8760,7638,8075,7561,86.31278538812785
1432A,SLD,2019,14d,336,PM10,8760,6948,7685,6818,77.8310502283105
1432A,SLD,2020,14d,336,PM10,8784,8203,8505,8176,93.0783242258652
1432A,SLD,2021,14d,336,PM10,8049,7362,7905,7359,91.42750652254938
1432A,SLD,2015,14d,336,SO2,8760,7678,8167,7673,87.59132420091325
1432A,SLD,2016,14d,336,SO2,8784,8321,8545,8312,94.62659380692168
1432A,SLD,2017,14d,336,SO2,8760,8374,8551,8354,95.36529680365297
1432A,SLD,2018,14d,336,SO2,8760,7638,8135,7594,86.68949771689498
1432A,SLD,2019,14d,336,SO2,8760,6948,7800,6888,78.63013698630137
1432A,SLD,2020,14d,336,SO2,8784,8203,8528,8152,92.80510018214936
1432A,SLD,2021,14d,336,SO2,8049,7362,7888,7319,90.93055037892907
1432A,SLD,2015,14d,336,NO2,8760,7678,8169,7675,87.61415525114155
1432A,SLD,2016,14d,336,NO2,8784,8321,8550,8317,94.68351548269581
1432A,SLD,2017,14d,336,NO2,8760,8374,8550,8352,95.34246575342465
1432A,SLD,2018,14d,336,NO2,8760,7638,8108,7567,86.3812785388128
1432A,SLD,2019,14d,336,NO2,8760,6948,7756,6859,78.29908675799086
1432A,SLD,2020,14d,336,NO2,8784,8203,8469,8114,92.37249544626593
1432A,SLD,2021,14d,336,NO2,8049,7362,7850,7290,90.57025717480433
1432A,SLD,2015,14d,336,O3-8h,8760,7678,8136,7644,87.26027397260275
1432A,SLD,2016,14d,336,O3-8h,8784,8321,8553,8320,94.71766848816029
1432A,SLD,2017,14d,336,O3-8h,8760,8374,8569,8368,95.52511415525115
1432A,SLD,2018,14d,336,O3-8h,8760,7638,8191,7636,87.1689497716895
1432A,SLD,2019,14d,336,O3-8h,8760,6948,7933,6943,79.2579908675799
1432A,SLD,2020,14d,336,O3-8h,8784,8203,8568,8193,93.27185792349727
1432A,SLD,2021,14d,336,O3-8h,8049,7362,7797,7259,90.18511616349856
1432A,SLD,2015,14d,336,CO,8760,7678,8168,7674,87.6027397260274
1432A,SLD,2016,14d,336,CO,8784,8321,8548,8315,94.66074681238615
1432A,SLD,2017,14d,336,CO,8760,8374,8566,8369,95.5365296803653
1432A,SLD,2018,14d,336,CO,8760,7638,8139,7593,86.67808219178083
1432A,SLD,2019,14d,336,CO,8760,6948,7781,6883,78.5730593607306
1432A,SLD,2020,14d,336,CO,8784,8203,8483,8125,92.49772313296903
1432A,SLD,2021,14d,336,CO,8049,7362,7887,7322,90.96782208970058
1432A,SLD,2015,14d,336,U10,8760,7678,8753,7678,87.64840182648402
1432A,SLD,2016,14d,336,U10,8784,8321,8784,8321,94.72905282331512
1432A,SLD,2017,14d,336,U10,8760,8374,8760,8374,95.59360730593608
1432A,SLD,2018,14d,336,U10,8760,7638,8760,7638,87.1917808219178
1432A,SLD,2019,14d,336,U10,8760,6948,8760,6948,79.31506849315069
1432A,SLD,2020,14d,336,U10,8784,8203,8784,8203,93.38570127504553
1432A,SLD,2021,14d,336,U10,8049,7362,8048,7361,91.4523543297304
1432A,SLD,2015,14d,336,V10,8760,7678,8753,7678,87.64840182648402
1432A,SLD,2016,14d,336,V10,8784,8321,8784,8321,94.72905282331512
1432A,SLD,2017,14d,336,V10,8760,8374,8760,8374,95.59360730593608
1432A,SLD,2018,14d,336,V10,8760,7638,8760,7638,87.1917808219178
1432A,SLD,2019,14d,336,V10,8760,6948,8760,6948,79.31506849315069
1432A,SLD,2020,14d,336,V10,8784,8203,8784,8203,93.38570127504553
1432A,SLD,2021,14d,336,V10,8049,7362,8048,7361,91.4523543297304
1432A,SLD,2015,14d,336,T2,8760,7678,8753,7678,87.64840182648402
1432A,SLD,2016,14d,336,T2,8784,8321,8784,8321,94.72905282331512
1432A,SLD,2017,14d,336,T2,8760,8374,8760,8374,95.59360730593608
1432A,SLD,2018,14d,336,T2,8760,7638,8760,7638,87.1917808219178
1432A,SLD,2019,14d,336,T2,8760,6948,8760,6948,79.31506849315069
1432A,SLD,2020,14d,336,T2,8784,8203,8784,8203,93.38570127504553
1432A,SLD,2021,14d,336,T2,8049,7362,8048,7361,91.4523543297304
1432A,SLD,2015,14d,336,RH2,8760,7678,8753,7678,87.64840182648402
1432A,SLD,2016,14d,336,RH2,8784,8321,8784,8321,94.72905282331512
1432A,SLD,2017,14d,336,RH2,8760,8374,8760,8374,95.59360730593608
1432A,SLD,2018,14d,336,RH2,8760,7638,8760,7638,87.1917808219178
1432A,SLD,2019,14d,336,RH2,8760,6948,8760,6948,79.31506849315069
1432A,SLD,2020,14d,336,RH2,8784,8203,8784,8203,93.38570127504553
1432A,SLD,2021,14d,336,RH2,8049,7362,8049,7362,91.46477823332091
1432A,SLD,2015,14d,336,PBLH,8760,7678,8753,7678,87.64840182648402
1432A,SLD,2016,14d,336,PBLH,8784,8321,8784,8321,94.72905282331512
1432A,SLD,2017,14d,336,PBLH,8760,8374,8760,8374,95.59360730593608
1432A,SLD,2018,14d,336,PBLH,8760,7638,8760,7638,87.1917808219178
1432A,SLD,2019,14d,336,PBLH,8760,6948,8760,6948,79.31506849315069
1432A,SLD,2020,14d,336,PBLH,8784,8203,8784,8203,93.38570127504553
1432A,SLD,2021,14d,336,PBLH,8049,7362,8048,7361,91.4523543297304
1432A,SLD,2015,30d,720,PM10,8760,7694,8145,7669,87.54566210045662
1432A,SLD,2016,30d,720,PM10,8784,8316,8511,8273,94.18260473588343
1432A,SLD,2017,30d,720,PM10,8760,8380,8520,8329,95.07990867579909
1432A,SLD,2018,30d,720,PM10,8760,7592,8075,7506,85.68493150684931
1432A,SLD,2019,30d,720,PM10,8760,7052,7685,6928,79.08675799086758
1432A,SLD,2020,30d,720,PM10,8784,8202,8505,8175,93.06693989071039
1432A,SLD,2021,30d,720,PM10,8049,6982,7905,6979,86.70642315815628
1432A,SLD,2015,30d,720,SO2,8760,7694,8167,7689,87.77397260273972
1432A,SLD,2016,30d,720,SO2,8784,8316,8545,8307,94.56967213114754
1432A,SLD,2017,30d,720,SO2,8760,8380,8551,8361,95.44520547945206
1432A,SLD,2018,30d,720,SO2,8760,7592,8135,7546,86.14155251141553
1432A,SLD,2019,30d,720,SO2,8760,7052,7800,6993,79.82876712328768
1432A,SLD,2020,30d,720,SO2,8784,8202,8528,8153,92.81648451730419
1432A,SLD,2021,30d,720,SO2,8049,6982,7888,6938,86.19704311094546
1432A,SLD,2015,30d,720,NO2,8760,7694,8169,7691,87.79680365296804
1432A,SLD,2016,30d,720,NO2,8784,8316,8550,8312,94.62659380692168
1432A,SLD,2017,30d,720,NO2,8760,8380,8550,8358,95.41095890410959
1432A,SLD,2018,30d,720,NO2,8760,7592,8108,7519,85.83333333333333
1432A,SLD,2019,30d,720,NO2,8760,7052,7756,6954,79.38356164383562
1432A,SLD,2020,30d,720,NO2,8784,8202,8469,8115,92.38387978142076
1432A,SLD,2021,30d,720,NO2,8049,6982,7850,6908,85.82432600323021
1432A,SLD,2015,30d,720,O3-8h,8760,7694,8136,7659,87.43150684931507
1432A,SLD,2016,30d,720,O3-8h,8784,8316,8553,8315,94.66074681238615
1432A,SLD,2017,30d,720,O3-8h,8760,8380,8569,8374,95.59360730593608
1432A,SLD,2018,30d,720,O3-8h,8760,7592,8191,7590,86.64383561643835
1432A,SLD,2019,30d,720,O3-8h,8760,7052,7933,7048,80.45662100456622
1432A,SLD,2020,30d,720,O3-8h,8784,8202,8568,8192,93.26047358834244
1432A,SLD,2021,30d,720,O3-8h,8049,6982,7797,6917,85.93614113554479
1432A,SLD,2015,30d,720,CO,8760,7694,8168,7690,87.78538812785388
1432A,SLD,2016,30d,720,CO,8784,8316,8548,8310,94.60382513661202
1432A,SLD,2017,30d,720,CO,8760,8380,8566,8375,95.60502283105022
1432A,SLD,2018,30d,720,CO,8760,7592,8139,7547,86.15296803652967
1432A,SLD,2019,30d,720,CO,8760,7052,7781,6977,79.64611872146119
1432A,SLD,2020,30d,720,CO,8784,8202,8483,8128,92.53187613843352
1432A,SLD,2021,30d,720,CO,8049,6982,7887,6943,86.259162628898
1432A,SLD,2015,30d,720,U10,8760,7694,8753,7694,87.8310502283105
1432A,SLD,2016,30d,720,U10,8784,8316,8784,8316,94.67213114754098
1432A,SLD,2017,30d,720,U10,8760,8380,8760,8380,95.662100456621
1432A,SLD,2018,30d,720,U10,8760,7592,8760,7592,86.66666666666667
1432A,SLD,2019,30d,720,U10,8760,7052,8760,7052,80.50228310502283
1432A,SLD,2020,30d,720,U10,8784,8202,8784,8202,93.37431693989072
1432A,SLD,2021,30d,720,U10,8049,6982,8048,6981,86.7312709653373
1432A,SLD,2015,30d,720,V10,8760,7694,8753,7694,87.8310502283105
1432A,SLD,2016,30d,720,V10,8784,8316,8784,8316,94.67213114754098
1432A,SLD,2017,30d,720,V10,8760,8380,8760,8380,95.662100456621
1432A,SLD,2018,30d,720,V10,8760,7592,8760,7592,86.66666666666667
1432A,SLD,2019,30d,720,V10,8760,7052,8760,7052,80.50228310502283
1432A,SLD,2020,30d,720,V10,8784,8202,8784,8202,93.37431693989072
1432A,SLD,2021,30d,720,V10,8049,6982,8048,6981,86.7312709653373
1432A,SLD,2015,30d,720,T2,8760,7694,8753,7694,87.8310502283105
1432A,SLD,2016,30d,720,T2,8784,8316,8784,8316,94.67213114754098
1432A,SLD,2017,30d,720,T2,8760,8380,8760,8380,95.662100456621
1432A,SLD,2018,30d,720,T2,8760,7592,8760,7592,86.66666666666667
1432A,SLD,2019,30d,720,T2,8760,7052,8760,7052,80.50228310502283
1432A,SLD,2020,30d,720,T2,8784,8202,8784,8202,93.37431693989072
1432A,SLD,2021,30d,720,T2,8049,6982,8048,6981,86.7312709653373
1432A,SLD,2015,30d,720,RH2,8760,7694,8753,7694,87.8310502283105
1432A,SLD,2016,30d,720,RH2,8784,8316,8784,8316,94.67213114754098
1432A,SLD,2017,30d,720,RH2,8760,8380,8760,8380,95.662100456621
1432A,SLD,2018,30d,720,RH2,8760,7592,8760,7592,86.66666666666667
1432A,SLD,2019,30d,720,RH2,8760,7052,8760,7052,80.50228310502283
1432A,SLD,2020,30d,720,RH2,8784,8202,8784,8202,93.37431693989072
1432A,SLD,2021,30d,720,RH2,8049,6982,8049,6982,86.74369486892782
1432A,SLD,2015,30d,720,PBLH,8760,7694,8753,7694,87.8310502283105
1432A,SLD,2016,30d,720,PBLH,8784,8316,8784,8316,94.67213114754098
1432A,SLD,2017,30d,720,PBLH,8760,8380,8760,8380,95.662100456621
1432A,SLD,2018,30d,720,PBLH,8760,7592,8760,7592,86.66666666666667
1432A,SLD,2019,30d,720,PBLH,8760,7052,8760,7052,80.50228310502283
1432A,SLD,2020,30d,720,PBLH,8784,8202,8784,8202,93.37431693989072
1432A,SLD,2021,30d,720,PBLH,8049,6982,8048,6981,86.7312709653373
1433A,SWY,2015,48h,48,PM10,8760,7674,8173,7662,87.46575342465754
1433A,SWY,2016,48h,48,PM10,8784,8241,8458,8172,93.0327868852459
1433A,SWY,2017,48h,48,PM10,8760,8320,8490,8273,94.44063926940639
1433A,SWY,2018,48h,48,PM10,8760,7703,7932,7527,85.92465753424658
1433A,SWY,2019,48h,48,PM10,8760,7570,8066,7533,85.9931506849315
1433A,SWY,2020,48h,48,PM10,8784,8161,8544,8140,92.66848816029145
1433A,SWY,2021,48h,48,PM10,8049,7715,7913,7712,95.81314448999876
1433A,SWY,2015,48h,48,SO2,8760,7674,8183,7670,87.55707762557078
1433A,SWY,2016,48h,48,SO2,8784,8241,8529,8238,93.78415300546447
1433A,SWY,2017,48h,48,SO2,8760,8320,8526,8307,94.82876712328768
1433A,SWY,2018,48h,48,SO2,8760,7703,7998,7579,86.51826484018265
1433A,SWY,2019,48h,48,SO2,8760,7570,8098,7518,85.82191780821918
1433A,SWY,2020,48h,48,SO2,8784,8161,8521,8090,92.09927140255009
1433A,SWY,2021,48h,48,SO2,8049,7715,7885,7655,95.1049819853398
1433A,SWY,2015,48h,48,NO2,8760,7674,8185,7672,87.57990867579909
1433A,SWY,2016,48h,48,NO2,8784,8241,8530,8239,93.7955373406193
1433A,SWY,2017,48h,48,NO2,8760,8320,8521,8301,94.76027397260273
1433A,SWY,2018,48h,48,NO2,8760,7703,8032,7613,86.90639269406392
1433A,SWY,2019,48h,48,NO2,8760,7570,8027,7477,85.35388127853881
1433A,SWY,2020,48h,48,NO2,8784,8161,8549,8111,92.33834244080145
1433A,SWY,2021,48h,48,NO2,8049,7715,7899,7672,95.31618834637842
1433A,SWY,2015,48h,48,O3-8h,8760,7674,8185,7672,87.57990867579909
1433A,SWY,2016,48h,48,O3-8h,8784,8241,8531,8240,93.80692167577413
1433A,SWY,2017,48h,48,O3-8h,8760,8320,8525,8300,94.74885844748859
1433A,SWY,2018,48h,48,O3-8h,8760,7703,8081,7655,87.38584474885845
1433A,SWY,2019,48h,48,O3-8h,8760,7570,8106,7538,86.05022831050229
1433A,SWY,2020,48h,48,O3-8h,8784,8161,8623,8155,92.83925318761385
1433A,SWY,2021,48h,48,O3-8h,8049,7715,7883,7628,94.76953658839608
1433A,SWY,2015,48h,48,CO,8760,7674,8179,7666,87.51141552511416
1433A,SWY,2016,48h,48,CO,8784,8241,8531,8240,93.80692167577413
1433A,SWY,2017,48h,48,CO,8760,8320,8529,8310,94.86301369863014
1433A,SWY,2018,48h,48,CO,8760,7703,8071,7653,87.36301369863013
1433A,SWY,2019,48h,48,CO,8760,7570,8063,7510,85.73059360730593
1433A,SWY,2020,48h,48,CO,8784,8161,8539,8098,92.19034608378871
1433A,SWY,2021,48h,48,CO,8049,7715,7870,7634,94.84408000993912
1433A,SWY,2015,48h,48,U10,8760,7674,8753,7674,87.6027397260274
1433A,SWY,2016,48h,48,U10,8784,8241,8784,8241,93.81830601092896
1433A,SWY,2017,48h,48,U10,8760,8320,8760,8320,94.97716894977168
1433A,SWY,2018,48h,48,U10,8760,7703,8760,7703,87.93378995433791
1433A,SWY,2019,48h,48,U10,8760,7570,8760,7570,86.41552511415526
1433A,SWY,2020,48h,48,U10,8784,8161,8784,8161,92.90755919854281
1433A,SWY,2021,48h,48,U10,8049,7715,8048,7714,95.83799229717978
1433A,SWY,2015,48h,48,V10,8760,7674,8753,7674,87.6027397260274
1433A,SWY,2016,48h,48,V10,8784,8241,8784,8241,93.81830601092896
1433A,SWY,2017,48h,48,V10,8760,8320,8760,8320,94.97716894977168
1433A,SWY,2018,48h,48,V10,8760,7703,8760,7703,87.93378995433791
1433A,SWY,2019,48h,48,V10,8760,7570,8760,7570,86.41552511415526
1433A,SWY,2020,48h,48,V10,8784,8161,8784,8161,92.90755919854281
1433A,SWY,2021,48h,48,V10,8049,7715,8048,7714,95.83799229717978
1433A,SWY,2015,48h,48,T2,8760,7674,8753,7674,87.6027397260274
1433A,SWY,2016,48h,48,T2,8784,8241,8784,8241,93.81830601092896
1433A,SWY,2017,48h,48,T2,8760,8320,8760,8320,94.97716894977168
1433A,SWY,2018,48h,48,T2,8760,7703,8760,7703,87.93378995433791
1433A,SWY,2019,48h,48,T2,8760,7570,8760,7570,86.41552511415526
1433A,SWY,2020,48h,48,T2,8784,8161,8784,8161,92.90755919854281
1433A,SWY,2021,48h,48,T2,8049,7715,8048,7714,95.83799229717978
1433A,SWY,2015,48h,48,RH2,8760,7674,8753,7674,87.6027397260274
1433A,SWY,2016,48h,48,RH2,8784,8241,8784,8241,93.81830601092896
1433A,SWY,2017,48h,48,RH2,8760,8320,8760,8320,94.97716894977168
1433A,SWY,2018,48h,48,RH2,8760,7703,8760,7703,87.93378995433791
1433A,SWY,2019,48h,48,RH2,8760,7570,8760,7570,86.41552511415526
1433A,SWY,2020,48h,48,RH2,8784,8161,8784,8161,92.90755919854281
1433A,SWY,2021,48h,48,RH2,8049,7715,8049,7715,95.85041620077028
1433A,SWY,2015,48h,48,PBLH,8760,7674,8753,7674,87.6027397260274
1433A,SWY,2016,48h,48,PBLH,8784,8241,8784,8241,93.81830601092896
1433A,SWY,2017,48h,48,PBLH,8760,8320,8760,8320,94.97716894977168
1433A,SWY,2018,48h,48,PBLH,8760,7703,8760,7703,87.93378995433791
1433A,SWY,2019,48h,48,PBLH,8760,7570,8760,7570,86.41552511415526
1433A,SWY,2020,48h,48,PBLH,8784,8161,8784,8161,92.90755919854281
1433A,SWY,2021,48h,48,PBLH,8049,7715,8048,7714,95.83799229717978
1433A,SWY,2015,72h,72,PM10,8760,7680,8173,7669,87.54566210045662
1433A,SWY,2016,72h,72,PM10,8784,8232,8458,8167,92.97586520947176
1433A,SWY,2017,72h,72,PM10,8760,8318,8490,8271,94.41780821917808
1433A,SWY,2018,72h,72,PM10,8760,7627,7932,7453,85.07990867579909
1433A,SWY,2019,72h,72,PM10,8760,7530,8066,7492,85.52511415525113
1433A,SWY,2020,72h,72,PM10,8784,8157,8544,8134,92.60018214936248
1433A,SWY,2021,72h,72,PM10,8049,7690,7913,7686,95.49012299664554
1433A,SWY,2015,72h,72,SO2,8760,7680,8183,7676,87.62557077625571
1433A,SWY,2016,72h,72,SO2,8784,8232,8529,8229,93.68169398907104
1433A,SWY,2017,72h,72,SO2,8760,8318,8526,8304,94.79452054794521
1433A,SWY,2018,72h,72,SO2,8760,7627,7998,7503,85.65068493150685
1433A,SWY,2019,72h,72,SO2,8760,7530,8098,7476,85.34246575342466
1433A,SWY,2020,72h,72,SO2,8784,8157,8521,8087,92.06511839708561
1433A,SWY,2021,72h,72,SO2,8049,7690,7885,7629,94.78196049198658
1433A,SWY,2015,72h,72,NO2,8760,7680,8185,7678,87.64840182648402
1433A,SWY,2016,72h,72,NO2,8784,8232,8530,8230,93.69307832422587
1433A,SWY,2017,72h,72,NO2,8760,8318,8521,8301,94.76027397260273
1433A,SWY,2018,72h,72,NO2,8760,7627,8032,7538,86.05022831050229
1433A,SWY,2019,72h,72,NO2,8760,7530,8027,7440,84.93150684931507
1433A,SWY,2020,72h,72,NO2,8784,8157,8549,8109,92.3155737704918
1433A,SWY,2021,72h,72,NO2,8049,7690,7899,7646,94.99316685302523
1433A,SWY,2015,72h,72,O3-8h,8760,7680,8185,7678,87.64840182648402
1433A,SWY,2016,72h,72,O3-8h,8784,8232,8531,8231,93.7044626593807
1433A,SWY,2017,72h,72,O3-8h,8760,8318,8525,8298,94.72602739726027
1433A,SWY,2018,72h,72,O3-8h,8760,7627,8081,7577,86.49543378995433
1433A,SWY,2019,72h,72,O3-8h,8760,7530,8106,7498,85.59360730593608
1433A,SWY,2020,72h,72,O3-8h,8784,8157,8623,8151,92.79371584699454
1433A,SWY,2021,72h,72,O3-8h,8049,7690,7883,7603,94.45893899863337
1433A,SWY,2015,72h,72,CO,8760,7680,8179,7673,87.59132420091325
1433A,SWY,2016,72h,72,CO,8784,8232,8531,8231,93.7044626593807
1433A,SWY,2017,72h,72,CO,8760,8318,8529,8309,94.85159817351598
1433A,SWY,2018,72h,72,CO,8760,7627,8071,7580,86.5296803652968
1433A,SWY,2019,72h,72,CO,8760,7530,8063,7469,85.26255707762557
1433A,SWY,2020,72h,72,CO,8784,8157,8539,8094,92.1448087431694
1433A,SWY,2021,72h,72,CO,8049,7690,7870,7608,94.52105851658591
1433A,SWY,2015,72h,72,U10,8760,7680,8753,7680,87.67123287671232
1433A,SWY,2016,72h,72,U10,8784,8232,8784,8232,93.71584699453553
1433A,SWY,2017,72h,72,U10,8760,8318,8760,8318,94.95433789954339
1433A,SWY,2018,72h,72,U10,8760,7627,8760,7627,87.06621004566209
1433A,SWY,2019,72h,72,U10,8760,7530,8760,7530,85.95890410958904
1433A,SWY,2020,72h,72,U10,8784,8157,8784,8157,92.8620218579235
1433A,SWY,2021,72h,72,U10,8049,7690,8048,7689,95.52739470741707
1433A,SWY,2015,72h,72,V10,8760,7680,8753,7680,87.67123287671232
1433A,SWY,2016,72h,72,V10,8784,8232,8784,8232,93.71584699453553
1433A,SWY,2017,72h,72,V10,8760,8318,8760,8318,94.95433789954339
1433A,SWY,2018,72h,72,V10,8760,7627,8760,7627,87.06621004566209
1433A,SWY,2019,72h,72,V10,8760,7530,8760,7530,85.95890410958904
1433A,SWY,2020,72h,72,V10,8784,8157,8784,8157,92.8620218579235
1433A,SWY,2021,72h,72,V10,8049,7690,8048,7689,95.52739470741707
1433A,SWY,2015,72h,72,T2,8760,7680,8753,7680,87.67123287671232
1433A,SWY,2016,72h,72,T2,8784,8232,8784,8232,93.71584699453553
1433A,SWY,2017,72h,72,T2,8760,8318,8760,8318,94.95433789954339
1433A,SWY,2018,72h,72,T2,8760,7627,8760,7627,87.06621004566209
1433A,SWY,2019,72h,72,T2,8760,7530,8760,7530,85.95890410958904
1433A,SWY,2020,72h,72,T2,8784,8157,8784,8157,92.8620218579235
1433A,SWY,2021,72h,72,T2,8049,7690,8048,7689,95.52739470741707
1433A,SWY,2015,72h,72,RH2,8760,7680,8753,7680,87.67123287671232
1433A,SWY,2016,72h,72,RH2,8784,8232,8784,8232,93.71584699453553
1433A,SWY,2017,72h,72,RH2,8760,8318,8760,8318,94.95433789954339
1433A,SWY,2018,72h,72,RH2,8760,7627,8760,7627,87.06621004566209
1433A,SWY,2019,72h,72,RH2,8760,7530,8760,7530,85.95890410958904
1433A,SWY,2020,72h,72,RH2,8784,8157,8784,8157,92.8620218579235
1433A,SWY,2021,72h,72,RH2,8049,7690,8049,7690,95.53981861100758
1433A,SWY,2015,72h,72,PBLH,8760,7680,8753,7680,87.67123287671232
1433A,SWY,2016,72h,72,PBLH,8784,8232,8784,8232,93.71584699453553
1433A,SWY,2017,72h,72,PBLH,8760,8318,8760,8318,94.95433789954339
1433A,SWY,2018,72h,72,PBLH,8760,7627,8760,7627,87.06621004566209
1433A,SWY,2019,72h,72,PBLH,8760,7530,8760,7530,85.95890410958904
1433A,SWY,2020,72h,72,PBLH,8784,8157,8784,8157,92.8620218579235
1433A,SWY,2021,72h,72,PBLH,8049,7690,8048,7689,95.52739470741707
1433A,SWY,2015,7d,168,PM10,8760,7695,8173,7685,87.72831050228311
1433A,SWY,2016,7d,168,PM10,8784,8243,8458,8171,93.02140255009107
1433A,SWY,2017,7d,168,PM10,8760,8313,8490,8266,94.3607305936073
1433A,SWY,2018,7d,168,PM10,8760,7559,7932,7384,84.29223744292239
1433A,SWY,2019,7d,168,PM10,8760,7506,8066,7468,85.25114155251141
1433A,SWY,2020,7d,168,PM10,8784,8158,8544,8135,92.61156648451731
1433A,SWY,2021,7d,168,PM10,8049,7604,7913,7600,94.42166728786184
1433A,SWY,2015,7d,168,SO2,8760,7695,8183,7691,87.79680365296804
1433A,SWY,2016,7d,168,SO2,8784,8243,8529,8240,93.80692167577413
1433A,SWY,2017,7d,168,SO2,8760,8313,8526,8299,94.73744292237443
1433A,SWY,2018,7d,168,SO2,8760,7559,7998,7436,84.88584474885845
1433A,SWY,2019,7d,168,SO2,8760,7506,8098,7450,85.04566210045662
1433A,SWY,2020,7d,168,SO2,8784,8158,8521,8088,92.07650273224044
1433A,SWY,2021,7d,168,SO2,8049,7604,7885,7549,93.78804820474593
1433A,SWY,2015,7d,168,NO2,8760,7695,8185,7693,87.81963470319634
1433A,SWY,2016,7d,168,NO2,8784,8243,8530,8241,93.81830601092896
1433A,SWY,2017,7d,168,NO2,8760,8313,8521,8295,94.6917808219178
1433A,SWY,2018,7d,168,NO2,8760,7559,8032,7471,85.28538812785388
1433A,SWY,2019,7d,168,NO2,8760,7506,8027,7412,84.61187214611871
1433A,SWY,2020,7d,168,NO2,8784,8158,8549,8111,92.33834244080145
1433A,SWY,2021,7d,168,NO2,8049,7604,7899,7562,93.94955895142255
1433A,SWY,2015,7d,168,O3-8h,8760,7695,8185,7693,87.81963470319634
1433A,SWY,2016,7d,168,O3-8h,8784,8243,8531,8242,93.8296903460838
1433A,SWY,2017,7d,168,O3-8h,8760,8313,8525,8295,94.6917808219178
1433A,SWY,2018,7d,168,O3-8h,8760,7559,8081,7506,85.68493150684931
1433A,SWY,2019,7d,168,O3-8h,8760,7506,8106,7474,85.31963470319634
1433A,SWY,2020,7d,168,O3-8h,8784,8158,8623,8152,92.80510018214936
1433A,SWY,2021,7d,168,O3-8h,8049,7604,7883,7519,93.41533109703069
1433A,SWY,2015,7d,168,CO,8760,7695,8179,7687,87.75114155251141
1433A,SWY,2016,7d,168,CO,8784,8243,8531,8242,93.8296903460838
1433A,SWY,2017,7d,168,CO,8760,8313,8529,8303,94.78310502283105
1433A,SWY,2018,7d,168,CO,8760,7559,8071,7511,85.7420091324201
1433A,SWY,2019,7d,168,CO,8760,7506,8063,7443,84.96575342465754
1433A,SWY,2020,7d,168,CO,8784,8158,8539,8098,92.19034608378871
1433A,SWY,2021,7d,168,CO,8049,7604,7870,7525,93.48987451857373
1433A,SWY,2015,7d,168,U10,8760,7695,8753,7695,87.84246575342466
1433A,SWY,2016,7d,168,U10,8784,8243,8784,8243,93.84107468123861
1433A,SWY,2017,7d,168,U10,8760,8313,8760,8313,94.8972602739726
1433A,SWY,2018,7d,168,U10,8760,7559,8760,7559,86.28995433789954
1433A,SWY,2019,7d,168,U10,8760,7506,8760,7506,85.68493150684931
1433A,SWY,2020,7d,168,U10,8784,8158,8784,8158,92.87340619307832
1433A,SWY,2021,7d,168,U10,8049,7604,8048,7603,94.45893899863337
1433A,SWY,2015,7d,168,V10,8760,7695,8753,7695,87.84246575342466
1433A,SWY,2016,7d,168,V10,8784,8243,8784,8243,93.84107468123861
1433A,SWY,2017,7d,168,V10,8760,8313,8760,8313,94.8972602739726
1433A,SWY,2018,7d,168,V10,8760,7559,8760,7559,86.28995433789954
1433A,SWY,2019,7d,168,V10,8760,7506,8760,7506,85.68493150684931
1433A,SWY,2020,7d,168,V10,8784,8158,8784,8158,92.87340619307832
1433A,SWY,2021,7d,168,V10,8049,7604,8048,7603,94.45893899863337
1433A,SWY,2015,7d,168,T2,8760,7695,8753,7695,87.84246575342466
1433A,SWY,2016,7d,168,T2,8784,8243,8784,8243,93.84107468123861
1433A,SWY,2017,7d,168,T2,8760,8313,8760,8313,94.8972602739726
1433A,SWY,2018,7d,168,T2,8760,7559,8760,7559,86.28995433789954
1433A,SWY,2019,7d,168,T2,8760,7506,8760,7506,85.68493150684931
1433A,SWY,2020,7d,168,T2,8784,8158,8784,8158,92.87340619307832
1433A,SWY,2021,7d,168,T2,8049,7604,8048,7603,94.45893899863337
1433A,SWY,2015,7d,168,RH2,8760,7695,8753,7695,87.84246575342466
1433A,SWY,2016,7d,168,RH2,8784,8243,8784,8243,93.84107468123861
1433A,SWY,2017,7d,168,RH2,8760,8313,8760,8313,94.8972602739726
1433A,SWY,2018,7d,168,RH2,8760,7559,8760,7559,86.28995433789954
1433A,SWY,2019,7d,168,RH2,8760,7506,8760,7506,85.68493150684931
1433A,SWY,2020,7d,168,RH2,8784,8158,8784,8158,92.87340619307832
1433A,SWY,2021,7d,168,RH2,8049,7604,8049,7604,94.47136290222387
1433A,SWY,2015,7d,168,PBLH,8760,7695,8753,7695,87.84246575342466
1433A,SWY,2016,7d,168,PBLH,8784,8243,8784,8243,93.84107468123861
1433A,SWY,2017,7d,168,PBLH,8760,8313,8760,8313,94.8972602739726
1433A,SWY,2018,7d,168,PBLH,8760,7559,8760,7559,86.28995433789954
1433A,SWY,2019,7d,168,PBLH,8760,7506,8760,7506,85.68493150684931
1433A,SWY,2020,7d,168,PBLH,8784,8158,8784,8158,92.87340619307832
1433A,SWY,2021,7d,168,PBLH,8049,7604,8048,7603,94.45893899863337
1433A,SWY,2015,14d,336,PM10,8760,7704,8173,7694,87.8310502283105
1433A,SWY,2016,14d,336,PM10,8784,8229,8458,8158,92.87340619307832
1433A,SWY,2017,14d,336,PM10,8760,8316,8490,8271,94.41780821917808
1433A,SWY,2018,14d,336,PM10,8760,7524,7932,7352,83.9269406392694
1433A,SWY,2019,14d,336,PM10,8760,7469,8066,7435,84.8744292237443
1433A,SWY,2020,14d,336,PM10,8784,8163,8544,8139,92.65710382513662
1433A,SWY,2021,14d,336,PM10,8049,7445,7913,7441,92.44626661697104
1433A,SWY,2015,14d,336,SO2,8760,7704,8183,7701,87.91095890410959
1433A,SWY,2016,14d,336,SO2,8784,8229,8529,8226,93.64754098360656
1433A,SWY,2017,14d,336,SO2,8760,8316,8526,8303,94.78310502283105
1433A,SWY,2018,14d,336,SO2,8760,7524,7998,7413,84.62328767123287
1433A,SWY,2019,14d,336,SO2,8760,7469,8098,7415,84.64611872146118
1433A,SWY,2020,14d,336,SO2,8784,8163,8521,8090,92.09927140255009
1433A,SWY,2021,14d,336,SO2,8049,7445,7885,7387,91.77537582308362
1433A,SWY,2015,14d,336,NO2,8760,7704,8185,7702,87.92237442922375
1433A,SWY,2016,14d,336,NO2,8784,8229,8530,8227,93.65892531876139
1433A,SWY,2017,14d,336,NO2,8760,8316,8521,8297,94.71461187214612
1433A,SWY,2018,14d,336,NO2,8760,7524,8032,7440,84.93150684931507
1433A,SWY,2019,14d,336,NO2,8760,7469,8027,7376,84.20091324200914
1433A,SWY,2020,14d,336,NO2,8784,8163,8549,8113,92.36111111111111
1433A,SWY,2021,14d,336,NO2,8049,7445,7899,7406,92.01142999130327
1433A,SWY,2015,14d,336,O3-8h,8760,7704,8185,7702,87.92237442922375
1433A,SWY,2016,14d,336,O3-8h,8784,8229,8531,8228,93.6703096539162
1433A,SWY,2017,14d,336,O3-8h,8760,8316,8525,8296,94.70319634703196
1433A,SWY,2018,14d,336,O3-8h,8760,7524,8081,7477,85.35388127853881
1433A,SWY,2019,14d,336,O3-8h,8760,7469,8106,7437,84.8972602739726
1433A,SWY,2020,14d,336,O3-8h,8784,8163,8623,8158,92.87340619307832
1433A,SWY,2021,14d,336,O3-8h,8049,7445,7883,7357,91.40265871536837
1433A,SWY,2015,14d,336,CO,8760,7704,8179,7697,87.86529680365297
1433A,SWY,2016,14d,336,CO,8784,8229,8531,8228,93.6703096539162
1433A,SWY,2017,14d,336,CO,8760,8316,8529,8306,94.81735159817352
1433A,SWY,2018,14d,336,CO,8760,7524,8071,7475,85.3310502283105
1433A,SWY,2019,14d,336,CO,8760,7469,8063,7412,84.61187214611871
1433A,SWY,2020,14d,336,CO,8784,8163,8539,8103,92.24726775956285
1433A,SWY,2021,14d,336,CO,8049,7445,7870,7366,91.51447384768294
1433A,SWY,2015,14d,336,U10,8760,7704,8753,7704,87.94520547945206
1433A,SWY,2016,14d,336,U10,8784,8229,8784,8229,93.68169398907104
1433A,SWY,2017,14d,336,U10,8760,8316,8760,8316,94.93150684931507
1433A,SWY,2018,14d,336,U10,8760,7524,8760,7524,85.89041095890411
1433A,SWY,2019,14d,336,U10,8760,7469,8760,7469,85.26255707762557
1433A,SWY,2020,14d,336,U10,8784,8163,8784,8163,92.93032786885246
1433A,SWY,2021,14d,336,U10,8049,7445,8048,7444,92.48353832774258
1433A,SWY,2015,14d,336,V10,8760,7704,8753,7704,87.94520547945206
1433A,SWY,2016,14d,336,V10,8784,8229,8784,8229,93.68169398907104
1433A,SWY,2017,14d,336,V10,8760,8316,8760,8316,94.93150684931507
1433A,SWY,2018,14d,336,V10,8760,7524,8760,7524,85.89041095890411
1433A,SWY,2019,14d,336,V10,8760,7469,8760,7469,85.26255707762557
1433A,SWY,2020,14d,336,V10,8784,8163,8784,8163,92.93032786885246
1433A,SWY,2021,14d,336,V10,8049,7445,8048,7444,92.48353832774258
1433A,SWY,2015,14d,336,T2,8760,7704,8753,7704,87.94520547945206
1433A,SWY,2016,14d,336,T2,8784,8229,8784,8229,93.68169398907104
1433A,SWY,2017,14d,336,T2,8760,8316,8760,8316,94.93150684931507
1433A,SWY,2018,14d,336,T2,8760,7524,8760,7524,85.89041095890411
1433A,SWY,2019,14d,336,T2,8760,7469,8760,7469,85.26255707762557
1433A,SWY,2020,14d,336,T2,8784,8163,8784,8163,92.93032786885246
1433A,SWY,2021,14d,336,T2,8049,7445,8048,7444,92.48353832774258
1433A,SWY,2015,14d,336,RH2,8760,7704,8753,7704,87.94520547945206
1433A,SWY,2016,14d,336,RH2,8784,8229,8784,8229,93.68169398907104
1433A,SWY,2017,14d,336,RH2,8760,8316,8760,8316,94.93150684931507
1433A,SWY,2018,14d,336,RH2,8760,7524,8760,7524,85.89041095890411
1433A,SWY,2019,14d,336,RH2,8760,7469,8760,7469,85.26255707762557
1433A,SWY,2020,14d,336,RH2,8784,8163,8784,8163,92.93032786885246
1433A,SWY,2021,14d,336,RH2,8049,7445,8049,7445,92.49596223133308
1433A,SWY,2015,14d,336,PBLH,8760,7704,8753,7704,87.94520547945206
1433A,SWY,2016,14d,336,PBLH,8784,8229,8784,8229,93.68169398907104
1433A,SWY,2017,14d,336,PBLH,8760,8316,8760,8316,94.93150684931507
1433A,SWY,2018,14d,336,PBLH,8760,7524,8760,7524,85.89041095890411
1433A,SWY,2019,14d,336,PBLH,8760,7469,8760,7469,85.26255707762557
1433A,SWY,2020,14d,336,PBLH,8784,8163,8784,8163,92.93032786885246
1433A,SWY,2021,14d,336,PBLH,8049,7445,8048,7444,92.48353832774258
1433A,SWY,2015,30d,720,PM10,8760,7724,8173,7714,88.05936073059361
1433A,SWY,2016,30d,720,PM10,8784,8224,8458,8157,92.8620218579235
1433A,SWY,2017,30d,720,PM10,8760,8313,8490,8266,94.3607305936073
1433A,SWY,2018,30d,720,PM10,8760,7435,7932,7269,82.97945205479452
1433A,SWY,2019,30d,720,PM10,8760,7586,8066,7549,86.17579908675799
1433A,SWY,2020,30d,720,PM10,8784,8147,8544,8123,92.47495446265937
1433A,SWY,2021,30d,720,PM10,8049,7073,7913,7069,87.82457448130202
1433A,SWY,2015,30d,720,SO2,8760,7724,8183,7720,88.12785388127854
1433A,SWY,2016,30d,720,SO2,8784,8224,8529,8221,93.59061930783243
1433A,SWY,2017,30d,720,SO2,8760,8313,8526,8300,94.74885844748859
1433A,SWY,2018,30d,720,SO2,8760,7435,7998,7337,83.75570776255708
1433A,SWY,2019,30d,720,SO2,8760,7586,8098,7529,85.94748858447488
1433A,SWY,2020,30d,720,SO2,8784,8147,8521,8077,91.95127504553734
1433A,SWY,2021,30d,720,SO2,8049,7073,7885,7014,87.14125978382408
1433A,SWY,2015,30d,720,NO2,8760,7724,8185,7722,88.15068493150685
1433A,SWY,2016,30d,720,NO2,8784,8224,8530,8223,93.61338797814209
1433A,SWY,2017,30d,720,NO2,8760,8313,8521,8295,94.6917808219178
1433A,SWY,2018,30d,720,NO2,8760,7435,8032,7355,83.96118721461188
1433A,SWY,2019,30d,720,NO2,8760,7586,8027,7492,85.52511415525113
1433A,SWY,2020,30d,720,NO2,8784,8147,8549,8097,92.17896174863388
1433A,SWY,2021,30d,720,NO2,8049,7073,7899,7031,87.35246614486272
1433A,SWY,2015,30d,720,O3-8h,8760,7724,8185,7722,88.15068493150685
1433A,SWY,2016,30d,720,O3-8h,8784,8224,8531,8223,93.61338797814209
1433A,SWY,2017,30d,720,O3-8h,8760,8313,8525,8293,94.6689497716895
1433A,SWY,2018,30d,720,O3-8h,8760,7435,8081,7391,84.37214611872146
1433A,SWY,2019,30d,720,O3-8h,8760,7586,8106,7554,86.23287671232876
1433A,SWY,2020,30d,720,O3-8h,8784,8147,8623,8141,92.67987249544628
1433A,SWY,2021,30d,720,O3-8h,8049,7073,7883,6985,86.78096657969934
1433A,SWY,2015,30d,720,CO,8760,7724,8179,7716,88.08219178082192
1433A,SWY,2016,30d,720,CO,8784,8224,8531,8223,93.61338797814209
1433A,SWY,2017,30d,720,CO,8760,8313,8529,8304,94.79452054794521
1433A,SWY,2018,30d,720,CO,8760,7435,8071,7388,84.337899543379
1433A,SWY,2019,30d,720,CO,8760,7586,8063,7525,85.90182648401826
1433A,SWY,2020,30d,720,CO,8784,8147,8539,8087,92.06511839708561
1433A,SWY,2021,30d,720,CO,8049,7073,7870,6993,86.8803578084234
1433A,SWY,2015,30d,720,U10,8760,7724,8753,7724,88.17351598173516
1433A,SWY,2016,30d,720,U10,8784,8224,8784,8224,93.6247723132969
1433A,SWY,2017,30d,720,U10,8760,8313,8760,8313,94.8972602739726
1433A,SWY,2018,30d,720,U10,8760,7435,8760,7435,84.8744292237443
1433A,SWY,2019,30d,720,U10,8760,7586,8760,7586,86.59817351598174
1433A,SWY,2020,30d,720,U10,8784,8147,8784,8147,92.74817850637523
1433A,SWY,2021,30d,720,U10,8049,7073,8048,7072,87.86184619207354
1433A,SWY,2015,30d,720,V10,8760,7724,8753,7724,88.17351598173516
1433A,SWY,2016,30d,720,V10,8784,8224,8784,8224,93.6247723132969
1433A,SWY,2017,30d,720,V10,8760,8313,8760,8313,94.8972602739726
1433A,SWY,2018,30d,720,V10,8760,7435,8760,7435,84.8744292237443
1433A,SWY,2019,30d,720,V10,8760,7586,8760,7586,86.59817351598174
1433A,SWY,2020,30d,720,V10,8784,8147,8784,8147,92.74817850637523
1433A,SWY,2021,30d,720,V10,8049,7073,8048,7072,87.86184619207354
1433A,SWY,2015,30d,720,T2,8760,7724,8753,7724,88.17351598173516
1433A,SWY,2016,30d,720,T2,8784,8224,8784,8224,93.6247723132969
1433A,SWY,2017,30d,720,T2,8760,8313,8760,8313,94.8972602739726
1433A,SWY,2018,30d,720,T2,8760,7435,8760,7435,84.8744292237443
1433A,SWY,2019,30d,720,T2,8760,7586,8760,7586,86.59817351598174
1433A,SWY,2020,30d,720,T2,8784,8147,8784,8147,92.74817850637523
1433A,SWY,2021,30d,720,T2,8049,7073,8048,7072,87.86184619207354
1433A,SWY,2015,30d,720,RH2,8760,7724,8753,7724,88.17351598173516
1433A,SWY,2016,30d,720,RH2,8784,8224,8784,8224,93.6247723132969
1433A,SWY,2017,30d,720,RH2,8760,8313,8760,8313,94.8972602739726
1433A,SWY,2018,30d,720,RH2,8760,7435,8760,7435,84.8744292237443
1433A,SWY,2019,30d,720,RH2,8760,7586,8760,7586,86.59817351598174
1433A,SWY,2020,30d,720,RH2,8784,8147,8784,8147,92.74817850637523
1433A,SWY,2021,30d,720,RH2,8049,7073,8049,7073,87.87427009566406
1433A,SWY,2015,30d,720,PBLH,8760,7724,8753,7724,88.17351598173516
1433A,SWY,2016,30d,720,PBLH,8784,8224,8784,8224,93.6247723132969
1433A,SWY,2017,30d,720,PBLH,8760,8313,8760,8313,94.8972602739726
1433A,SWY,2018,30d,720,PBLH,8760,7435,8760,7435,84.8744292237443
1433A,SWY,2019,30d,720,PBLH,8760,7586,8760,7586,86.59817351598174
1433A,SWY,2020,30d,720,PBLH,8784,8147,8784,8147,92.74817850637523
1433A,SWY,2021,30d,720,PBLH,8049,7073,8048,7072,87.86184619207354
1434A,SHP,2015,48h,48,PM10,8760,7672,8165,7659,87.43150684931507
1434A,SHP,2016,48h,48,PM10,8784,8304,8530,8286,94.33060109289617
1434A,SHP,2017,48h,48,PM10,8760,8327,8444,8235,94.0068493150685
1434A,SHP,2018,48h,48,PM10,8760,7759,8079,7705,87.95662100456622
1434A,SHP,2019,48h,48,PM10,8760,7450,7865,7179,81.95205479452055
1434A,SHP,2020,48h,48,PM10,8784,8195,8515,8179,93.11247723132969
1434A,SHP,2021,48h,48,PM10,8049,7714,7893,7691,95.55224251459808
1434A,SHP,2015,48h,48,SO2,8760,7672,8166,7659,87.43150684931507
1434A,SHP,2016,48h,48,SO2,8784,8304,8542,8298,94.4672131147541
1434A,SHP,2017,48h,48,SO2,8760,8327,8533,8318,94.95433789954339
1434A,SHP,2018,48h,48,SO2,8760,7759,8092,7717,88.09360730593608
1434A,SHP,2019,48h,48,SO2,8760,7450,8148,7412,84.61187214611871
1434A,SHP,2020,48h,48,SO2,8784,8195,8511,8153,92.81648451730419
1434A,SHP,2021,48h,48,SO2,8049,7714,7882,7667,95.25406882842589
1434A,SHP,2015,48h,48,NO2,8760,7672,8140,7632,87.12328767123287
1434A,SHP,2016,48h,48,NO2,8784,8304,8547,8303,94.52413479052824
1434A,SHP,2017,48h,48,NO2,8760,8327,8529,8314,94.90867579908677
1434A,SHP,2018,48h,48,NO2,8760,7759,8061,7684,87.71689497716895
1434A,SHP,2019,48h,48,NO2,8760,7450,8079,7347,83.86986301369863
1434A,SHP,2020,48h,48,NO2,8784,8195,8499,8132,92.57741347905282
1434A,SHP,2021,48h,48,NO2,8049,7714,7881,7668,95.26649273201639
1434A,SHP,2015,48h,48,O3-8h,8760,7672,8180,7672,87.57990867579909
1434A,SHP,2016,48h,48,O3-8h,8784,8304,8545,8301,94.50136612021858
1434A,SHP,2017,48h,48,O3-8h,8760,8327,8544,8326,95.04566210045662
1434A,SHP,2018,48h,48,O3-8h,8760,7759,8133,7745,88.41324200913242
1434A,SHP,2019,48h,48,O3-8h,8760,7450,8199,7450,85.04566210045662
1434A,SHP,2020,48h,48,O3-8h,8784,8195,8574,8192,93.26047358834244
1434A,SHP,2021,48h,48,O3-8h,8049,7714,7841,7630,94.7943843955771
1434A,SHP,2015,48h,48,CO,8760,7672,8180,7672,87.57990867579909
1434A,SHP,2016,48h,48,CO,8784,8304,8547,8303,94.52413479052824
1434A,SHP,2017,48h,48,CO,8760,8327,8501,8295,94.6917808219178
1434A,SHP,2018,48h,48,CO,8760,7759,8105,7728,88.21917808219179
1434A,SHP,2019,48h,48,CO,8760,7450,8151,7412,84.61187214611871
1434A,SHP,2020,48h,48,CO,8784,8195,8530,8162,92.91894353369763
1434A,SHP,2021,48h,48,CO,8049,7714,7889,7670,95.2913405391974
1434A,SHP,2015,48h,48,U10,8760,7672,8753,7672,87.57990867579909
1434A,SHP,2016,48h,48,U10,8784,8304,8784,8304,94.53551912568307
1434A,SHP,2017,48h,48,U10,8760,8327,8760,8327,95.05707762557077
1434A,SHP,2018,48h,48,U10,8760,7759,8760,7759,88.57305936073058
1434A,SHP,2019,48h,48,U10,8760,7450,8760,7450,85.04566210045662
1434A,SHP,2020,48h,48,U10,8784,8195,8784,8195,93.29462659380692
1434A,SHP,2021,48h,48,U10,8049,7714,8048,7713,95.82556839358926
1434A,SHP,2015,48h,48,V10,8760,7672,8753,7672,87.57990867579909
1434A,SHP,2016,48h,48,V10,8784,8304,8784,8304,94.53551912568307
1434A,SHP,2017,48h,48,V10,8760,8327,8760,8327,95.05707762557077
1434A,SHP,2018,48h,48,V10,8760,7759,8760,7759,88.57305936073058
1434A,SHP,2019,48h,48,V10,8760,7450,8760,7450,85.04566210045662
1434A,SHP,2020,48h,48,V10,8784,8195,8784,8195,93.29462659380692
1434A,SHP,2021,48h,48,V10,8049,7714,8048,7713,95.82556839358926
1434A,SHP,2015,48h,48,T2,8760,7672,8753,7672,87.57990867579909
1434A,SHP,2016,48h,48,T2,8784,8304,8784,8304,94.53551912568307
1434A,SHP,2017,48h,48,T2,8760,8327,8760,8327,95.05707762557077
1434A,SHP,2018,48h,48,T2,8760,7759,8760,7759,88.57305936073058
1434A,SHP,2019,48h,48,T2,8760,7450,8760,7450,85.04566210045662
1434A,SHP,2020,48h,48,T2,8784,8195,8784,8195,93.29462659380692
1434A,SHP,2021,48h,48,T2,8049,7714,8048,7713,95.82556839358926
1434A,SHP,2015,48h,48,RH2,8760,7672,8753,7672,87.57990867579909
1434A,SHP,2016,48h,48,RH2,8784,8304,8784,8304,94.53551912568307
1434A,SHP,2017,48h,48,RH2,8760,8327,8760,8327,95.05707762557077
1434A,SHP,2018,48h,48,RH2,8760,7759,8760,7759,88.57305936073058
1434A,SHP,2019,48h,48,RH2,8760,7450,8760,7450,85.04566210045662
1434A,SHP,2020,48h,48,RH2,8784,8195,8784,8195,93.29462659380692
1434A,SHP,2021,48h,48,RH2,8049,7714,8049,7714,95.83799229717978
1434A,SHP,2015,48h,48,PBLH,8760,7672,8753,7672,87.57990867579909
1434A,SHP,2016,48h,48,PBLH,8784,8304,8784,8304,94.53551912568307
1434A,SHP,2017,48h,48,PBLH,8760,8327,8760,8327,95.05707762557077
1434A,SHP,2018,48h,48,PBLH,8760,7759,8760,7759,88.57305936073058
1434A,SHP,2019,48h,48,PBLH,8760,7450,8760,7450,85.04566210045662
1434A,SHP,2020,48h,48,PBLH,8784,8195,8784,8195,93.29462659380692
1434A,SHP,2021,48h,48,PBLH,8049,7714,8048,7713,95.82556839358926
1434A,SHP,2015,72h,72,PM10,8760,7673,8165,7660,87.44292237442922
1434A,SHP,2016,72h,72,PM10,8784,8290,8530,8272,94.1712204007286
1434A,SHP,2017,72h,72,PM10,8760,8321,8444,8229,93.93835616438356
1434A,SHP,2018,72h,72,PM10,8760,7679,8079,7626,87.05479452054794
1434A,SHP,2019,72h,72,PM10,8760,7411,7865,7154,81.66666666666667
1434A,SHP,2020,72h,72,PM10,8784,8199,8515,8185,93.18078324225864
1434A,SHP,2021,72h,72,PM10,8049,7690,7893,7667,95.25406882842589
1434A,SHP,2015,72h,72,SO2,8760,7673,8166,7659,87.43150684931507
1434A,SHP,2016,72h,72,SO2,8784,8290,8542,8284,94.30783242258653
1434A,SHP,2017,72h,72,SO2,8760,8321,8533,8312,94.88584474885845
1434A,SHP,2018,72h,72,SO2,8760,7679,8092,7639,87.20319634703196
1434A,SHP,2019,72h,72,SO2,8760,7411,8148,7373,84.16666666666667
1434A,SHP,2020,72h,72,SO2,8784,8199,8511,8158,92.87340619307832
1434A,SHP,2021,72h,72,SO2,8049,7690,7882,7642,94.9434712386632
1434A,SHP,2015,72h,72,NO2,8760,7673,8140,7633,87.13470319634703
1434A,SHP,2016,72h,72,NO2,8784,8290,8547,8289,94.36475409836066
1434A,SHP,2017,72h,72,NO2,8760,8321,8529,8308,94.84018264840182
1434A,SHP,2018,72h,72,NO2,8760,7679,8061,7606,86.82648401826484
1434A,SHP,2019,72h,72,NO2,8760,7411,8079,7312,83.47031963470319
1434A,SHP,2020,72h,72,NO2,8784,8199,8499,8137,92.63433515482696
1434A,SHP,2021,72h,72,NO2,8049,7690,7881,7642,94.9434712386632
1434A,SHP,2015,72h,72,O3-8h,8760,7673,8180,7673,87.59132420091325
1434A,SHP,2016,72h,72,O3-8h,8784,8290,8545,8287,94.341985428051
1434A,SHP,2017,72h,72,O3-8h,8760,8321,8544,8320,94.97716894977168
1434A,SHP,2018,72h,72,O3-8h,8760,7679,8133,7666,87.51141552511416
1434A,SHP,2019,72h,72,O3-8h,8760,7411,8199,7411,84.60045662100457
1434A,SHP,2020,72h,72,O3-8h,8784,8199,8574,8196,93.30601092896174
1434A,SHP,2021,72h,72,O3-8h,8049,7690,7841,7611,94.55833022735743
1434A,SHP,2015,72h,72,CO,8760,7673,8180,7673,87.59132420091325
1434A,SHP,2016,72h,72,CO,8784,8290,8547,8289,94.36475409836066
1434A,SHP,2017,72h,72,CO,8760,8321,8501,8280,94.52054794520548
1434A,SHP,2018,72h,72,CO,8760,7679,8105,7649,87.31735159817352
1434A,SHP,2019,72h,72,CO,8760,7411,8151,7373,84.16666666666667
1434A,SHP,2020,72h,72,CO,8784,8199,8530,8167,92.97586520947176
1434A,SHP,2021,72h,72,CO,8049,7690,7889,7648,95.01801466020623
1434A,SHP,2015,72h,72,U10,8760,7673,8753,7673,87.59132420091325
1434A,SHP,2016,72h,72,U10,8784,8290,8784,8290,94.37613843351548
1434A,SHP,2017,72h,72,U10,8760,8321,8760,8321,94.98858447488584
1434A,SHP,2018,72h,72,U10,8760,7679,8760,7679,87.65981735159816
1434A,SHP,2019,72h,72,U10,8760,7411,8760,7411,84.60045662100457
1434A,SHP,2020,72h,72,U10,8784,8199,8784,8199,93.34016393442623
1434A,SHP,2021,72h,72,U10,8049,7690,8048,7689,95.52739470741707
1434A,SHP,2015,72h,72,V10,8760,7673,8753,7673,87.59132420091325
1434A,SHP,2016,72h,72,V10,8784,8290,8784,8290,94.37613843351548
1434A,SHP,2017,72h,72,V10,8760,8321,8760,8321,94.98858447488584
1434A,SHP,2018,72h,72,V10,8760,7679,8760,7679,87.65981735159816
1434A,SHP,2019,72h,72,V10,8760,7411,8760,7411,84.60045662100457
1434A,SHP,2020,72h,72,V10,8784,8199,8784,8199,93.34016393442623
1434A,SHP,2021,72h,72,V10,8049,7690,8048,7689,95.52739470741707
1434A,SHP,2015,72h,72,T2,8760,7673,8753,7673,87.59132420091325
1434A,SHP,2016,72h,72,T2,8784,8290,8784,8290,94.37613843351548
1434A,SHP,2017,72h,72,T2,8760,8321,8760,8321,94.98858447488584
1434A,SHP,2018,72h,72,T2,8760,7679,8760,7679,87.65981735159816
1434A,SHP,2019,72h,72,T2,8760,7411,8760,7411,84.60045662100457
1434A,SHP,2020,72h,72,T2,8784,8199,8784,8199,93.34016393442623
1434A,SHP,2021,72h,72,T2,8049,7690,8048,7689,95.52739470741707
1434A,SHP,2015,72h,72,RH2,8760,7673,8753,7673,87.59132420091325
1434A,SHP,2016,72h,72,RH2,8784,8290,8784,8290,94.37613843351548
1434A,SHP,2017,72h,72,RH2,8760,8321,8760,8321,94.98858447488584
1434A,SHP,2018,72h,72,RH2,8760,7679,8760,7679,87.65981735159816
1434A,SHP,2019,72h,72,RH2,8760,7411,8760,7411,84.60045662100457
1434A,SHP,2020,72h,72,RH2,8784,8199,8784,8199,93.34016393442623
1434A,SHP,2021,72h,72,RH2,8049,7690,8049,7690,95.53981861100758
1434A,SHP,2015,72h,72,PBLH,8760,7673,8753,7673,87.59132420091325
1434A,SHP,2016,72h,72,PBLH,8784,8290,8784,8290,94.37613843351548
1434A,SHP,2017,72h,72,PBLH,8760,8321,8760,8321,94.98858447488584
1434A,SHP,2018,72h,72,PBLH,8760,7679,8760,7679,87.65981735159816
1434A,SHP,2019,72h,72,PBLH,8760,7411,8760,7411,84.60045662100457
1434A,SHP,2020,72h,72,PBLH,8784,8199,8784,8199,93.34016393442623
1434A,SHP,2021,72h,72,PBLH,8049,7690,8048,7689,95.52739470741707
1434A,SHP,2015,7d,168,PM10,8760,7686,8165,7672,87.57990867579909
1434A,SHP,2016,7d,168,PM10,8784,8295,8530,8277,94.22814207650273
1434A,SHP,2017,7d,168,PM10,8760,8309,8444,8218,93.81278538812785
1434A,SHP,2018,7d,168,PM10,8760,7616,8079,7565,86.35844748858447
1434A,SHP,2019,7d,168,PM10,8760,7419,7865,7165,81.79223744292237
1434A,SHP,2020,7d,168,PM10,8784,8200,8515,8185,93.18078324225864
1434A,SHP,2021,7d,168,PM10,8049,7598,7893,7576,94.12349360168966
1434A,SHP,2015,7d,168,SO2,8760,7686,8166,7672,87.57990867579909
1434A,SHP,2016,7d,168,SO2,8784,8295,8542,8289,94.36475409836066
1434A,SHP,2017,7d,168,SO2,8760,8309,8533,8301,94.76027397260273
1434A,SHP,2018,7d,168,SO2,8760,7616,8092,7576,86.48401826484017
1434A,SHP,2019,7d,168,SO2,8760,7419,8148,7384,84.29223744292239
1434A,SHP,2020,7d,168,SO2,8784,8200,8511,8162,92.91894353369763
1434A,SHP,2021,7d,168,SO2,8049,7598,7882,7553,93.83774381910797
1434A,SHP,2015,7d,168,NO2,8760,7686,8140,7648,87.30593607305937
1434A,SHP,2016,7d,168,NO2,8784,8295,8547,8294,94.4216757741348
1434A,SHP,2017,7d,168,NO2,8760,8309,8529,8296,94.70319634703196
1434A,SHP,2018,7d,168,NO2,8760,7616,8061,7543,86.10730593607306
1434A,SHP,2019,7d,168,NO2,8760,7419,8079,7332,83.6986301369863
1434A,SHP,2020,7d,168,NO2,8784,8200,8499,8141,92.67987249544628
1434A,SHP,2021,7d,168,NO2,8049,7598,7881,7553,93.83774381910797
1434A,SHP,2015,7d,168,O3-8h,8760,7686,8180,7686,87.73972602739725
1434A,SHP,2016,7d,168,O3-8h,8784,8295,8545,8292,94.39890710382514
1434A,SHP,2017,7d,168,O3-8h,8760,8309,8544,8308,94.84018264840182
1434A,SHP,2018,7d,168,O3-8h,8760,7616,8133,7604,86.80365296803653
1434A,SHP,2019,7d,168,O3-8h,8760,7419,8199,7419,84.6917808219178
1434A,SHP,2020,7d,168,O3-8h,8784,8200,8574,8199,93.34016393442623
1434A,SHP,2021,7d,168,O3-8h,8049,7598,7841,7533,93.5892657472978
1434A,SHP,2015,7d,168,CO,8760,7686,8180,7686,87.73972602739725
1434A,SHP,2016,7d,168,CO,8784,8295,8547,8294,94.4216757741348
1434A,SHP,2017,7d,168,CO,8760,8309,8501,8268,94.3835616438356
1434A,SHP,2018,7d,168,CO,8760,7616,8105,7587,86.60958904109589
1434A,SHP,2019,7d,168,CO,8760,7419,8151,7381,84.2579908675799
1434A,SHP,2020,7d,168,CO,8784,8200,8530,8170,93.01001821493625
1434A,SHP,2021,7d,168,CO,8049,7598,7889,7557,93.88743943346999
1434A,SHP,2015,7d,168,U10,8760,7686,8753,7686,87.73972602739725
1434A,SHP,2016,7d,168,U10,8784,8295,8784,8295,94.43306010928961
1434A,SHP,2017,7d,168,U10,8760,8309,8760,8309,94.85159817351598
1434A,SHP,2018,7d,168,U10,8760,7616,8760,7616,86.94063926940639
1434A,SHP,2019,7d,168,U10,8760,7419,8760,7419,84.6917808219178
1434A,SHP,2020,7d,168,U10,8784,8200,8784,8200,93.35154826958106
1434A,SHP,2021,7d,168,U10,8049,7598,8048,7597,94.38439557709032
1434A,SHP,2015,7d,168,V10,8760,7686,8753,7686,87.73972602739725
1434A,SHP,2016,7d,168,V10,8784,8295,8784,8295,94.43306010928961
1434A,SHP,2017,7d,168,V10,8760,8309,8760,8309,94.85159817351598
1434A,SHP,2018,7d,168,V10,8760,7616,8760,7616,86.94063926940639
1434A,SHP,2019,7d,168,V10,8760,7419,8760,7419,84.6917808219178
1434A,SHP,2020,7d,168,V10,8784,8200,8784,8200,93.35154826958106
1434A,SHP,2021,7d,168,V10,8049,7598,8048,7597,94.38439557709032
1434A,SHP,2015,7d,168,T2,8760,7686,8753,7686,87.73972602739725
1434A,SHP,2016,7d,168,T2,8784,8295,8784,8295,94.43306010928961
1434A,SHP,2017,7d,168,T2,8760,8309,8760,8309,94.85159817351598
1434A,SHP,2018,7d,168,T2,8760,7616,8760,7616,86.94063926940639
1434A,SHP,2019,7d,168,T2,8760,7419,8760,7419,84.6917808219178
1434A,SHP,2020,7d,168,T2,8784,8200,8784,8200,93.35154826958106
1434A,SHP,2021,7d,168,T2,8049,7598,8048,7597,94.38439557709032
1434A,SHP,2015,7d,168,RH2,8760,7686,8753,7686,87.73972602739725
1434A,SHP,2016,7d,168,RH2,8784,8295,8784,8295,94.43306010928961
1434A,SHP,2017,7d,168,RH2,8760,8309,8760,8309,94.85159817351598
1434A,SHP,2018,7d,168,RH2,8760,7616,8760,7616,86.94063926940639
1434A,SHP,2019,7d,168,RH2,8760,7419,8760,7419,84.6917808219178
1434A,SHP,2020,7d,168,RH2,8784,8200,8784,8200,93.35154826958106
1434A,SHP,2021,7d,168,RH2,8049,7598,8049,7598,94.39681948068083
1434A,SHP,2015,7d,168,PBLH,8760,7686,8753,7686,87.73972602739725
1434A,SHP,2016,7d,168,PBLH,8784,8295,8784,8295,94.43306010928961
1434A,SHP,2017,7d,168,PBLH,8760,8309,8760,8309,94.85159817351598
1434A,SHP,2018,7d,168,PBLH,8760,7616,8760,7616,86.94063926940639
1434A,SHP,2019,7d,168,PBLH,8760,7419,8760,7419,84.6917808219178
1434A,SHP,2020,7d,168,PBLH,8784,8200,8784,8200,93.35154826958106
1434A,SHP,2021,7d,168,PBLH,8049,7598,8048,7597,94.38439557709032
1434A,SHP,2015,14d,336,PM10,8760,7697,8165,7683,87.70547945205479
1434A,SHP,2016,14d,336,PM10,8784,8291,8530,8273,94.18260473588343
1434A,SHP,2017,14d,336,PM10,8760,8297,8444,8205,93.66438356164383
1434A,SHP,2018,14d,336,PM10,8760,7601,8079,7549,86.17579908675799
1434A,SHP,2019,14d,336,PM10,8760,7353,7865,7086,80.89041095890411
1434A,SHP,2020,14d,336,PM10,8784,8234,8515,8218,93.55646630236795
1434A,SHP,2021,14d,336,PM10,8049,7438,7893,7416,92.13566902720835
1434A,SHP,2015,14d,336,SO2,8760,7697,8166,7684,87.71689497716895
1434A,SHP,2016,14d,336,SO2,8784,8291,8542,8285,94.31921675774136
1434A,SHP,2017,14d,336,SO2,8760,8297,8533,8289,94.62328767123289
1434A,SHP,2018,14d,336,SO2,8760,7601,8092,7558,86.27853881278538
1434A,SHP,2019,14d,336,SO2,8760,7353,8148,7318,83.53881278538813
1434A,SHP,2020,14d,336,SO2,8784,8234,8511,8194,93.2832422586521
1434A,SHP,2021,14d,336,SO2,8049,7438,7882,7392,91.83749534103616
1434A,SHP,2015,14d,336,NO2,8760,7697,8140,7661,87.45433789954338
1434A,SHP,2016,14d,336,NO2,8784,8291,8547,8290,94.37613843351548
1434A,SHP,2017,14d,336,NO2,8760,8297,8529,8285,94.57762557077626
1434A,SHP,2018,14d,336,NO2,8760,7601,8061,7529,85.94748858447488
1434A,SHP,2019,14d,336,NO2,8760,7353,8079,7257,82.84246575342465
1434A,SHP,2020,14d,336,NO2,8784,8234,8499,8178,93.10109289617486
1434A,SHP,2021,14d,336,NO2,8049,7438,7881,7394,91.86234314821718
1434A,SHP,2015,14d,336,O3-8h,8760,7697,8180,7697,87.86529680365297
1434A,SHP,2016,14d,336,O3-8h,8784,8291,8545,8288,94.35336976320583
1434A,SHP,2017,14d,336,O3-8h,8760,8297,8544,8296,94.70319634703196
1434A,SHP,2018,14d,336,O3-8h,8760,7601,8133,7594,86.68949771689498
1434A,SHP,2019,14d,336,O3-8h,8760,7353,8199,7353,83.93835616438356
1434A,SHP,2020,14d,336,O3-8h,8784,8234,8574,8231,93.7044626593807
1434A,SHP,2021,14d,336,O3-8h,8049,7438,7841,7365,91.50204994409243
1434A,SHP,2015,14d,336,CO,8760,7697,8180,7697,87.86529680365297
1434A,SHP,2016,14d,336,CO,8784,8291,8547,8290,94.37613843351548
1434A,SHP,2017,14d,336,CO,8760,8297,8501,8257,94.2579908675799
1434A,SHP,2018,14d,336,CO,8760,7601,8105,7571,86.42694063926942
1434A,SHP,2019,14d,336,CO,8760,7353,8151,7314,83.4931506849315
1434A,SHP,2020,14d,336,CO,8784,8234,8530,8205,93.4084699453552
1434A,SHP,2021,14d,336,CO,8049,7438,7889,7395,91.87476705180768
1434A,SHP,2015,14d,336,U10,8760,7697,8753,7697,87.86529680365297
1434A,SHP,2016,14d,336,U10,8784,8291,8784,8291,94.38752276867031
1434A,SHP,2017,14d,336,U10,8760,8297,8760,8297,94.71461187214612
1434A,SHP,2018,14d,336,U10,8760,7601,8760,7601,86.76940639269407
1434A,SHP,2019,14d,336,U10,8760,7353,8760,7353,83.93835616438356
1434A,SHP,2020,14d,336,U10,8784,8234,8784,8234,93.73861566484517
1434A,SHP,2021,14d,336,U10,8049,7438,8048,7437,92.39657100260902
1434A,SHP,2015,14d,336,V10,8760,7697,8753,7697,87.86529680365297
1434A,SHP,2016,14d,336,V10,8784,8291,8784,8291,94.38752276867031
1434A,SHP,2017,14d,336,V10,8760,8297,8760,8297,94.71461187214612
1434A,SHP,2018,14d,336,V10,8760,7601,8760,7601,86.76940639269407
1434A,SHP,2019,14d,336,V10,8760,7353,8760,7353,83.93835616438356
1434A,SHP,2020,14d,336,V10,8784,8234,8784,8234,93.73861566484517
1434A,SHP,2021,14d,336,V10,8049,7438,8048,7437,92.39657100260902
1434A,SHP,2015,14d,336,T2,8760,7697,8753,7697,87.86529680365297
1434A,SHP,2016,14d,336,T2,8784,8291,8784,8291,94.38752276867031
1434A,SHP,2017,14d,336,T2,8760,8297,8760,8297,94.71461187214612
1434A,SHP,2018,14d,336,T2,8760,7601,8760,7601,86.76940639269407
1434A,SHP,2019,14d,336,T2,8760,7353,8760,7353,83.93835616438356
1434A,SHP,2020,14d,336,T2,8784,8234,8784,8234,93.73861566484517
1434A,SHP,2021,14d,336,T2,8049,7438,8048,7437,92.39657100260902
1434A,SHP,2015,14d,336,RH2,8760,7697,8753,7697,87.86529680365297
1434A,SHP,2016,14d,336,RH2,8784,8291,8784,8291,94.38752276867031
1434A,SHP,2017,14d,336,RH2,8760,8297,8760,8297,94.71461187214612
1434A,SHP,2018,14d,336,RH2,8760,7601,8760,7601,86.76940639269407
1434A,SHP,2019,14d,336,RH2,8760,7353,8760,7353,83.93835616438356
1434A,SHP,2020,14d,336,RH2,8784,8234,8784,8234,93.73861566484517
1434A,SHP,2021,14d,336,RH2,8049,7438,8049,7438,92.40899490619952
1434A,SHP,2015,14d,336,PBLH,8760,7697,8753,7697,87.86529680365297
1434A,SHP,2016,14d,336,PBLH,8784,8291,8784,8291,94.38752276867031
1434A,SHP,2017,14d,336,PBLH,8760,8297,8760,8297,94.71461187214612
1434A,SHP,2018,14d,336,PBLH,8760,7601,8760,7601,86.76940639269407
1434A,SHP,2019,14d,336,PBLH,8760,7353,8760,7353,83.93835616438356
1434A,SHP,2020,14d,336,PBLH,8784,8234,8784,8234,93.73861566484517
1434A,SHP,2021,14d,336,PBLH,8049,7438,8048,7437,92.39657100260902
1434A,SHP,2015,30d,720,PM10,8760,7714,8165,7701,87.91095890410959
1434A,SHP,2016,30d,720,PM10,8784,8286,8530,8268,94.12568306010928
1434A,SHP,2017,30d,720,PM10,8760,8294,8444,8203,93.64155251141553
1434A,SHP,2018,30d,720,PM10,8760,7526,8079,7472,85.29680365296804
1434A,SHP,2019,30d,720,PM10,8760,7394,7865,7134,81.43835616438356
1434A,SHP,2020,30d,720,PM10,8784,8243,8515,8227,93.65892531876139
1434A,SHP,2021,30d,720,PM10,8049,7092,7893,7071,87.84942228848304
1434A,SHP,2015,30d,720,SO2,8760,7714,8166,7700,87.89954337899543
1434A,SHP,2016,30d,720,SO2,8784,8286,8542,8280,94.26229508196722
1434A,SHP,2017,30d,720,SO2,8760,8294,8533,8286,94.58904109589041
1434A,SHP,2018,30d,720,SO2,8760,7526,8092,7482,85.41095890410959
1434A,SHP,2019,30d,720,SO2,8760,7394,8148,7357,83.98401826484019
1434A,SHP,2020,30d,720,SO2,8784,8243,8511,8201,93.36293260473589
1434A,SHP,2021,30d,720,SO2,8049,7092,7882,7049,87.57609640949187
1434A,SHP,2015,30d,720,NO2,8760,7714,8140,7676,87.62557077625571
1434A,SHP,2016,30d,720,NO2,8784,8286,8547,8285,94.31921675774136
1434A,SHP,2017,30d,720,NO2,8760,8294,8529,8283,94.55479452054794
1434A,SHP,2018,30d,720,NO2,8760,7526,8061,7451,85.05707762557077
1434A,SHP,2019,30d,720,NO2,8760,7394,8079,7299,83.32191780821918
1434A,SHP,2020,30d,720,NO2,8784,8243,8499,8180,93.12386156648452
1434A,SHP,2021,30d,720,NO2,8049,7092,7881,7049,87.57609640949187
1434A,SHP,2015,30d,720,O3-8h,8760,7714,8180,7714,88.05936073059361
1434A,SHP,2016,30d,720,O3-8h,8784,8286,8545,8283,94.2964480874317
1434A,SHP,2017,30d,720,O3-8h,8760,8294,8544,8293,94.6689497716895
1434A,SHP,2018,30d,720,O3-8h,8760,7526,8133,7514,85.77625570776256
1434A,SHP,2019,30d,720,O3-8h,8760,7394,8199,7394,84.40639269406392
1434A,SHP,2020,30d,720,O3-8h,8784,8243,8574,8240,93.80692167577413
1434A,SHP,2021,30d,720,O3-8h,8049,7092,7841,7042,87.48912908435831
1434A,SHP,2015,30d,720,CO,8760,7714,8180,7714,88.05936073059361
1434A,SHP,2016,30d,720,CO,8784,8286,8547,8285,94.31921675774136
1434A,SHP,2017,30d,720,CO,8760,8294,8501,8254,94.22374429223744
1434A,SHP,2018,30d,720,CO,8760,7526,8105,7496,85.57077625570776
1434A,SHP,2019,30d,720,CO,8760,7394,8151,7365,84.07534246575342
1434A,SHP,2020,30d,720,CO,8784,8243,8530,8210,93.46539162112933
1434A,SHP,2021,30d,720,CO,8049,7092,7889,7054,87.6382159274444
1434A,SHP,2015,30d,720,U10,8760,7714,8753,7714,88.05936073059361
1434A,SHP,2016,30d,720,U10,8784,8286,8784,8286,94.33060109289617
1434A,SHP,2017,30d,720,U10,8760,8294,8760,8294,94.68036529680364
1434A,SHP,2018,30d,720,U10,8760,7526,8760,7526,85.91324200913242
1434A,SHP,2019,30d,720,U10,8760,7394,8760,7394,84.40639269406392
1434A,SHP,2020,30d,720,U10,8784,8243,8784,8243,93.84107468123861
1434A,SHP,2021,30d,720,U10,8049,7092,8048,7091,88.0979003602932
1434A,SHP,2015,30d,720,V10,8760,7714,8753,7714,88.05936073059361
1434A,SHP,2016,30d,720,V10,8784,8286,8784,8286,94.33060109289617
1434A,SHP,2017,30d,720,V10,8760,8294,8760,8294,94.68036529680364
1434A,SHP,2018,30d,720,V10,8760,7526,8760,7526,85.91324200913242
1434A,SHP,2019,30d,720,V10,8760,7394,8760,7394,84.40639269406392
1434A,SHP,2020,30d,720,V10,8784,8243,8784,8243,93.84107468123861
1434A,SHP,2021,30d,720,V10,8049,7092,8048,7091,88.0979003602932
1434A,SHP,2015,30d,720,T2,8760,7714,8753,7714,88.05936073059361
1434A,SHP,2016,30d,720,T2,8784,8286,8784,8286,94.33060109289617
1434A,SHP,2017,30d,720,T2,8760,8294,8760,8294,94.68036529680364
1434A,SHP,2018,30d,720,T2,8760,7526,8760,7526,85.91324200913242
1434A,SHP,2019,30d,720,T2,8760,7394,8760,7394,84.40639269406392
1434A,SHP,2020,30d,720,T2,8784,8243,8784,8243,93.84107468123861
1434A,SHP,2021,30d,720,T2,8049,7092,8048,7091,88.0979003602932
1434A,SHP,2015,30d,720,RH2,8760,7714,8753,7714,88.05936073059361
1434A,SHP,2016,30d,720,RH2,8784,8286,8784,8286,94.33060109289617
1434A,SHP,2017,30d,720,RH2,8760,8294,8760,8294,94.68036529680364
1434A,SHP,2018,30d,720,RH2,8760,7526,8760,7526,85.91324200913242
1434A,SHP,2019,30d,720,RH2,8760,7394,8760,7394,84.40639269406392
1434A,SHP,2020,30d,720,RH2,8784,8243,8784,8243,93.84107468123861
1434A,SHP,2021,30d,720,RH2,8049,7092,8049,7092,88.11032426388371
1434A,SHP,2015,30d,720,PBLH,8760,7714,8753,7714,88.05936073059361
1434A,SHP,2016,30d,720,PBLH,8784,8286,8784,8286,94.33060109289617
1434A,SHP,2017,30d,720,PBLH,8760,8294,8760,8294,94.68036529680364
1434A,SHP,2018,30d,720,PBLH,8760,7526,8760,7526,85.91324200913242
1434A,SHP,2019,30d,720,PBLH,8760,7394,8760,7394,84.40639269406392
1434A,SHP,2020,30d,720,PBLH,8784,8243,8784,8243,93.84107468123861
1434A,SHP,2021,30d,720,PBLH,8049,7092,8048,7091,88.0979003602932
1437A,JPJ,2015,48h,48,PM10,8760,7650,8163,7643,87.24885844748859
1437A,JPJ,2016,48h,48,PM10,8784,8335,8496,8279,94.2509107468124
1437A,JPJ,2017,48h,48,PM10,8760,8270,8411,8174,93.31050228310502
1437A,JPJ,2018,48h,48,PM10,8760,7861,8116,7799,89.0296803652968
1437A,JPJ,2019,48h,48,PM10,8760,7883,8214,7748,88.44748858447488
1437A,JPJ,2020,48h,48,PM10,8784,8333,8546,8312,94.62659380692168
1437A,JPJ,2021,48h,48,PM10,8049,7627,7862,7620,94.670145359672
1437A,JPJ,2015,48h,48,SO2,8760,7650,8165,7647,87.29452054794521
1437A,JPJ,2016,48h,48,SO2,8784,8335,8552,8330,94.83151183970855
1437A,JPJ,2017,48h,48,SO2,8760,8270,8509,8257,94.2579908675799
1437A,JPJ,2018,48h,48,SO2,8760,7861,8139,7814,89.20091324200912
1437A,JPJ,2019,48h,48,SO2,8760,7883,8339,7832,89.40639269406392
1437A,JPJ,2020,48h,48,SO2,8784,8333,8520,8259,94.02322404371584
1437A,JPJ,2021,48h,48,SO2,8049,7627,7848,7579,94.16076531246117
1437A,JPJ,2015,48h,48,NO2,8760,7650,8126,7609,86.8607305936073
1437A,JPJ,2016,48h,48,NO2,8784,8335,8543,8321,94.72905282331512
1437A,JPJ,2017,48h,48,NO2,8760,8270,8504,8250,94.17808219178082
1437A,JPJ,2018,48h,48,NO2,8760,7861,8123,7803,89.07534246575342
1437A,JPJ,2019,48h,48,NO2,8760,7883,8310,7804,89.08675799086758
1437A,JPJ,2020,48h,48,NO2,8784,8333,8511,8247,93.88661202185791
1437A,JPJ,2021,48h,48,NO2,8049,7627,7822,7539,93.66380916884086
1437A,JPJ,2015,48h,48,O3-8h,8760,7650,8152,7633,87.13470319634703
1437A,JPJ,2016,48h,48,O3-8h,8784,8335,8556,8334,94.87704918032787
1437A,JPJ,2017,48h,48,O3-8h,8760,8270,8534,8268,94.3835616438356
1437A,JPJ,2018,48h,48,O3-8h,8760,7861,8160,7820,89.26940639269407
1437A,JPJ,2019,48h,48,O3-8h,8760,7883,8337,7817,89.2351598173516
1437A,JPJ,2020,48h,48,O3-8h,8784,8333,8561,8281,94.27367941712204
1437A,JPJ,2021,48h,48,O3-8h,8049,7627,7911,7614,94.59560193812897
1437A,JPJ,2015,48h,48,CO,8760,7650,8161,7643,87.24885844748859
1437A,JPJ,2016,48h,48,CO,8784,8335,8552,8330,94.83151183970855
1437A,JPJ,2017,48h,48,CO,8760,8270,8495,8243,94.09817351598173
1437A,JPJ,2018,48h,48,CO,8760,7861,8125,7803,89.07534246575342
1437A,JPJ,2019,48h,48,CO,8760,7883,8321,7812,89.17808219178082
1437A,JPJ,2020,48h,48,CO,8784,8333,8501,8240,93.80692167577413
1437A,JPJ,2021,48h,48,CO,8049,7627,7842,7588,94.27258044477574
1437A,JPJ,2015,48h,48,U10,8760,7650,8753,7650,87.32876712328768
1437A,JPJ,2016,48h,48,U10,8784,8335,8784,8335,94.88843351548269
1437A,JPJ,2017,48h,48,U10,8760,8270,8760,8270,94.40639269406392
1437A,JPJ,2018,48h,48,U10,8760,7861,8760,7861,89.73744292237443
1437A,JPJ,2019,48h,48,U10,8760,7883,8760,7883,89.98858447488584
1437A,JPJ,2020,48h,48,U10,8784,8333,8784,8333,94.86566484517304
1437A,JPJ,2021,48h,48,U10,8049,7627,8048,7626,94.74468878121506
1437A,JPJ,2015,48h,48,V10,8760,7650,8753,7650,87.32876712328768
1437A,JPJ,2016,48h,48,V10,8784,8335,8784,8335,94.88843351548269
1437A,JPJ,2017,48h,48,V10,8760,8270,8760,8270,94.40639269406392
1437A,JPJ,2018,48h,48,V10,8760,7861,8760,7861,89.73744292237443
1437A,JPJ,2019,48h,48,V10,8760,7883,8760,7883,89.98858447488584
1437A,JPJ,2020,48h,48,V10,8784,8333,8784,8333,94.86566484517304
1437A,JPJ,2021,48h,48,V10,8049,7627,8048,7626,94.74468878121506
1437A,JPJ,2015,48h,48,T2,8760,7650,8753,7650,87.32876712328768
1437A,JPJ,2016,48h,48,T2,8784,8335,8784,8335,94.88843351548269
1437A,JPJ,2017,48h,48,T2,8760,8270,8760,8270,94.40639269406392
1437A,JPJ,2018,48h,48,T2,8760,7861,8760,7861,89.73744292237443
1437A,JPJ,2019,48h,48,T2,8760,7883,8760,7883,89.98858447488584
1437A,JPJ,2020,48h,48,T2,8784,8333,8784,8333,94.86566484517304
1437A,JPJ,2021,48h,48,T2,8049,7627,8048,7626,94.74468878121506
1437A,JPJ,2015,48h,48,RH2,8760,7650,8753,7650,87.32876712328768
1437A,JPJ,2016,48h,48,RH2,8784,8335,8784,8335,94.88843351548269
1437A,JPJ,2017,48h,48,RH2,8760,8270,8760,8270,94.40639269406392
1437A,JPJ,2018,48h,48,RH2,8760,7861,8760,7861,89.73744292237443
1437A,JPJ,2019,48h,48,RH2,8760,7883,8760,7883,89.98858447488584
1437A,JPJ,2020,48h,48,RH2,8784,8333,8784,8333,94.86566484517304
1437A,JPJ,2021,48h,48,RH2,8049,7627,8049,7627,94.75711268480556
1437A,JPJ,2015,48h,48,PBLH,8760,7650,8753,7650,87.32876712328768
1437A,JPJ,2016,48h,48,PBLH,8784,8335,8784,8335,94.88843351548269
1437A,JPJ,2017,48h,48,PBLH,8760,8270,8760,8270,94.40639269406392
1437A,JPJ,2018,48h,48,PBLH,8760,7861,8760,7861,89.73744292237443
1437A,JPJ,2019,48h,48,PBLH,8760,7883,8760,7883,89.98858447488584
1437A,JPJ,2020,48h,48,PBLH,8784,8333,8784,8333,94.86566484517304
1437A,JPJ,2021,48h,48,PBLH,8049,7627,8048,7626,94.74468878121506
1437A,JPJ,2015,72h,72,PM10,8760,7655,8163,7647,87.29452054794521
1437A,JPJ,2016,72h,72,PM10,8784,8325,8496,8267,94.11429872495447
1437A,JPJ,2017,72h,72,PM10,8760,8264,8411,8164,93.19634703196347
1437A,JPJ,2018,72h,72,PM10,8760,7771,8116,7711,88.02511415525115
1437A,JPJ,2019,72h,72,PM10,8760,7853,8214,7704,87.94520547945206
1437A,JPJ,2020,72h,72,PM10,8784,8336,8546,8314,94.64936247723132
1437A,JPJ,2021,72h,72,PM10,8049,7606,7862,7599,94.40924338427133
1437A,JPJ,2015,72h,72,SO2,8760,7655,8165,7649,87.31735159817352
1437A,JPJ,2016,72h,72,SO2,8784,8325,8552,8320,94.71766848816029
1437A,JPJ,2017,72h,72,SO2,8760,8264,8509,8251,94.18949771689498
1437A,JPJ,2018,72h,72,SO2,8760,7771,8139,7726,88.19634703196347
1437A,JPJ,2019,72h,72,SO2,8760,7853,8339,7803,89.07534246575342
1437A,JPJ,2020,72h,72,SO2,8784,8336,8520,8263,94.06876138433515
1437A,JPJ,2021,72h,72,SO2,8049,7606,7848,7557,93.88743943346999
1437A,JPJ,2015,72h,72,NO2,8760,7655,8126,7612,86.89497716894977
1437A,JPJ,2016,72h,72,NO2,8784,8325,8543,8311,94.61520947176685
1437A,JPJ,2017,72h,72,NO2,8760,8264,8504,8245,94.12100456621005
1437A,JPJ,2018,72h,72,NO2,8760,7771,8123,7711,88.02511415525115
1437A,JPJ,2019,72h,72,NO2,8760,7853,8310,7777,88.77853881278538
1437A,JPJ,2020,72h,72,NO2,8784,8336,8511,8252,93.94353369763205
1437A,JPJ,2021,72h,72,NO2,8049,7606,7822,7522,93.45260280780221
1437A,JPJ,2015,72h,72,O3-8h,8760,7655,8152,7635,87.15753424657534
1437A,JPJ,2016,72h,72,O3-8h,8784,8325,8556,8324,94.76320582877959
1437A,JPJ,2017,72h,72,O3-8h,8760,8264,8534,8262,94.31506849315069
1437A,JPJ,2018,72h,72,O3-8h,8760,7771,8160,7733,88.27625570776256
1437A,JPJ,2019,72h,72,O3-8h,8760,7853,8337,7788,88.9041095890411
1437A,JPJ,2020,72h,72,O3-8h,8784,8336,8561,8283,94.2964480874317
1437A,JPJ,2021,72h,72,O3-8h,8049,7606,7911,7595,94.3595477699093
1437A,JPJ,2015,72h,72,CO,8760,7655,8161,7645,87.27168949771689
1437A,JPJ,2016,72h,72,CO,8784,8325,8552,8320,94.71766848816029
1437A,JPJ,2017,72h,72,CO,8760,8264,8495,8238,94.04109589041096
1437A,JPJ,2018,72h,72,CO,8760,7771,8125,7716,88.08219178082192
1437A,JPJ,2019,72h,72,CO,8760,7853,8321,7785,88.86986301369863
1437A,JPJ,2020,72h,72,CO,8784,8336,8501,8258,94.01183970856101
1437A,JPJ,2021,72h,72,CO,8049,7606,7842,7569,94.0365262765561
1437A,JPJ,2015,72h,72,U10,8760,7655,8753,7655,87.38584474885845
1437A,JPJ,2016,72h,72,U10,8784,8325,8784,8325,94.77459016393442
1437A,JPJ,2017,72h,72,U10,8760,8264,8760,8264,94.337899543379
1437A,JPJ,2018,72h,72,U10,8760,7771,8760,7771,88.71004566210046
1437A,JPJ,2019,72h,72,U10,8760,7853,8760,7853,89.64611872146119
1437A,JPJ,2020,72h,72,U10,8784,8336,8784,8336,94.89981785063752
1437A,JPJ,2021,72h,72,U10,8049,7606,8048,7605,94.48378680581439
1437A,JPJ,2015,72h,72,V10,8760,7655,8753,7655,87.38584474885845
1437A,JPJ,2016,72h,72,V10,8784,8325,8784,8325,94.77459016393442
1437A,JPJ,2017,72h,72,V10,8760,8264,8760,8264,94.337899543379
1437A,JPJ,2018,72h,72,V10,8760,7771,8760,7771,88.71004566210046
1437A,JPJ,2019,72h,72,V10,8760,7853,8760,7853,89.64611872146119
1437A,JPJ,2020,72h,72,V10,8784,8336,8784,8336,94.89981785063752
1437A,JPJ,2021,72h,72,V10,8049,7606,8048,7605,94.48378680581439
1437A,JPJ,2015,72h,72,T2,8760,7655,8753,7655,87.38584474885845
1437A,JPJ,2016,72h,72,T2,8784,8325,8784,8325,94.77459016393442
1437A,JPJ,2017,72h,72,T2,8760,8264,8760,8264,94.337899543379
1437A,JPJ,2018,72h,72,T2,8760,7771,8760,7771,88.71004566210046
1437A,JPJ,2019,72h,72,T2,8760,7853,8760,7853,89.64611872146119
1437A,JPJ,2020,72h,72,T2,8784,8336,8784,8336,94.89981785063752
1437A,JPJ,2021,72h,72,T2,8049,7606,8048,7605,94.48378680581439
1437A,JPJ,2015,72h,72,RH2,8760,7655,8753,7655,87.38584474885845
1437A,JPJ,2016,72h,72,RH2,8784,8325,8784,8325,94.77459016393442
1437A,JPJ,2017,72h,72,RH2,8760,8264,8760,8264,94.337899543379
1437A,JPJ,2018,72h,72,RH2,8760,7771,8760,7771,88.71004566210046
1437A,JPJ,2019,72h,72,RH2,8760,7853,8760,7853,89.64611872146119
1437A,JPJ,2020,72h,72,RH2,8784,8336,8784,8336,94.89981785063752
1437A,JPJ,2021,72h,72,RH2,8049,7606,8049,7606,94.49621070940489
1437A,JPJ,2015,72h,72,PBLH,8760,7655,8753,7655,87.38584474885845
1437A,JPJ,2016,72h,72,PBLH,8784,8325,8784,8325,94.77459016393442
1437A,JPJ,2017,72h,72,PBLH,8760,8264,8760,8264,94.337899543379
1437A,JPJ,2018,72h,72,PBLH,8760,7771,8760,7771,88.71004566210046
1437A,JPJ,2019,72h,72,PBLH,8760,7853,8760,7853,89.64611872146119
1437A,JPJ,2020,72h,72,PBLH,8784,8336,8784,8336,94.89981785063752
1437A,JPJ,2021,72h,72,PBLH,8049,7606,8048,7605,94.48378680581439
1437A,JPJ,2015,7d,168,PM10,8760,7674,8163,7668,87.53424657534246
1437A,JPJ,2016,7d,168,PM10,8784,8330,8496,8275,94.20537340619308
1437A,JPJ,2017,7d,168,PM10,8760,8264,8411,8163,93.18493150684931
1437A,JPJ,2018,7d,168,PM10,8760,7683,8116,7621,86.99771689497717
1437A,JPJ,2019,7d,168,PM10,8760,7882,8214,7732,88.2648401826484
1437A,JPJ,2020,7d,168,PM10,8784,8348,8546,8327,94.79735883424408
1437A,JPJ,2021,7d,168,PM10,8049,7561,7862,7554,93.85016772269847
1437A,JPJ,2015,7d,168,SO2,8760,7674,8165,7668,87.53424657534246
1437A,JPJ,2016,7d,168,SO2,8784,8330,8552,8325,94.77459016393442
1437A,JPJ,2017,7d,168,SO2,8760,8264,8509,8251,94.18949771689498
1437A,JPJ,2018,7d,168,SO2,8760,7683,8139,7638,87.1917808219178
1437A,JPJ,2019,7d,168,SO2,8760,7882,8339,7833,89.41780821917808
1437A,JPJ,2020,7d,168,SO2,8784,8348,8520,8279,94.2509107468124
1437A,JPJ,2021,7d,168,SO2,8049,7561,7848,7519,93.41533109703069
1437A,JPJ,2015,7d,168,NO2,8760,7674,8126,7632,87.12328767123287
1437A,JPJ,2016,7d,168,NO2,8784,8330,8543,8316,94.67213114754098
1437A,JPJ,2017,7d,168,NO2,8760,8264,8504,8244,94.10958904109589
1437A,JPJ,2018,7d,168,NO2,8760,7683,8123,7622,87.00913242009133
1437A,JPJ,2019,7d,168,NO2,8760,7882,8310,7805,89.09817351598174
1437A,JPJ,2020,7d,168,NO2,8784,8348,8511,8267,94.11429872495447
1437A,JPJ,2021,7d,168,NO2,8049,7561,7822,7479,92.91837495341036
1437A,JPJ,2015,7d,168,O3-8h,8760,7674,8152,7654,87.37442922374429
1437A,JPJ,2016,7d,168,O3-8h,8784,8330,8556,8329,94.82012750455372
1437A,JPJ,2017,7d,168,O3-8h,8760,8264,8534,8262,94.31506849315069
1437A,JPJ,2018,7d,168,O3-8h,8760,7683,8160,7643,87.24885844748859
1437A,JPJ,2019,7d,168,O3-8h,8760,7882,8337,7816,89.22374429223744
1437A,JPJ,2020,7d,168,O3-8h,8784,8348,8561,8296,94.44444444444444
1437A,JPJ,2021,7d,168,O3-8h,8049,7561,7911,7550,93.80047210833644
1437A,JPJ,2015,7d,168,CO,8760,7674,8161,7664,87.48858447488584
1437A,JPJ,2016,7d,168,CO,8784,8330,8552,8325,94.77459016393442
1437A,JPJ,2017,7d,168,CO,8760,8264,8495,8236,94.01826484018265
1437A,JPJ,2018,7d,168,CO,8760,7683,8125,7630,87.10045662100457
1437A,JPJ,2019,7d,168,CO,8760,7882,8321,7814,89.20091324200912
1437A,JPJ,2020,7d,168,CO,8784,8348,8501,8258,94.01183970856101
1437A,JPJ,2021,7d,168,CO,8049,7561,7842,7526,93.50229842216424
1437A,JPJ,2015,7d,168,U10,8760,7674,8753,7674,87.6027397260274
1437A,JPJ,2016,7d,168,U10,8784,8330,8784,8330,94.83151183970855
1437A,JPJ,2017,7d,168,U10,8760,8264,8760,8264,94.337899543379
1437A,JPJ,2018,7d,168,U10,8760,7683,8760,7683,87.70547945205479
1437A,JPJ,2019,7d,168,U10,8760,7882,8760,7882,89.9771689497717
1437A,JPJ,2020,7d,168,U10,8784,8348,8784,8348,95.03642987249545
1437A,JPJ,2021,7d,168,U10,8049,7561,8048,7560,93.92471114424153
1437A,JPJ,2015,7d,168,V10,8760,7674,8753,7674,87.6027397260274
1437A,JPJ,2016,7d,168,V10,8784,8330,8784,8330,94.83151183970855
1437A,JPJ,2017,7d,168,V10,8760,8264,8760,8264,94.337899543379
1437A,JPJ,2018,7d,168,V10,8760,7683,8760,7683,87.70547945205479
1437A,JPJ,2019,7d,168,V10,8760,7882,8760,7882,89.9771689497717
1437A,JPJ,2020,7d,168,V10,8784,8348,8784,8348,95.03642987249545
1437A,JPJ,2021,7d,168,V10,8049,7561,8048,7560,93.92471114424153
1437A,JPJ,2015,7d,168,T2,8760,7674,8753,7674,87.6027397260274
1437A,JPJ,2016,7d,168,T2,8784,8330,8784,8330,94.83151183970855
1437A,JPJ,2017,7d,168,T2,8760,8264,8760,8264,94.337899543379
1437A,JPJ,2018,7d,168,T2,8760,7683,8760,7683,87.70547945205479
1437A,JPJ,2019,7d,168,T2,8760,7882,8760,7882,89.9771689497717
1437A,JPJ,2020,7d,168,T2,8784,8348,8784,8348,95.03642987249545
1437A,JPJ,2021,7d,168,T2,8049,7561,8048,7560,93.92471114424153
1437A,JPJ,2015,7d,168,RH2,8760,7674,8753,7674,87.6027397260274
1437A,JPJ,2016,7d,168,RH2,8784,8330,8784,8330,94.83151183970855
1437A,JPJ,2017,7d,168,RH2,8760,8264,8760,8264,94.337899543379
1437A,JPJ,2018,7d,168,RH2,8760,7683,8760,7683,87.70547945205479
1437A,JPJ,2019,7d,168,RH2,8760,7882,8760,7882,89.9771689497717
1437A,JPJ,2020,7d,168,RH2,8784,8348,8784,8348,95.03642987249545
1437A,JPJ,2021,7d,168,RH2,8049,7561,8049,7561,93.93713504783203
1437A,JPJ,2015,7d,168,PBLH,8760,7674,8753,7674,87.6027397260274
1437A,JPJ,2016,7d,168,PBLH,8784,8330,8784,8330,94.83151183970855
1437A,JPJ,2017,7d,168,PBLH,8760,8264,8760,8264,94.337899543379
1437A,JPJ,2018,7d,168,PBLH,8760,7683,8760,7683,87.70547945205479
1437A,JPJ,2019,7d,168,PBLH,8760,7882,8760,7882,89.9771689497717
1437A,JPJ,2020,7d,168,PBLH,8784,8348,8784,8348,95.03642987249545
1437A,JPJ,2021,7d,168,PBLH,8049,7561,8048,7560,93.92471114424153
1437A,JPJ,2015,14d,336,PM10,8760,7683,8163,7675,87.61415525114155
1437A,JPJ,2016,14d,336,PM10,8784,8323,8496,8263,94.06876138433515
1437A,JPJ,2017,14d,336,PM10,8760,8268,8411,8169,93.25342465753424
1437A,JPJ,2018,14d,336,PM10,8760,7672,8116,7625,87.04337899543378
1437A,JPJ,2019,14d,336,PM10,8760,7835,8214,7683,87.70547945205479
1437A,JPJ,2020,14d,336,PM10,8784,8337,8546,8316,94.67213114754098
1437A,JPJ,2021,14d,336,PM10,8049,7406,7862,7399,91.92446266616972
1437A,JPJ,2015,14d,336,SO2,8760,7683,8165,7677,87.63698630136987
1437A,JPJ,2016,14d,336,SO2,8784,8323,8552,8318,94.69489981785064
1437A,JPJ,2017,14d,336,SO2,8760,8268,8509,8254,94.22374429223744
1437A,JPJ,2018,14d,336,SO2,8760,7672,8139,7626,87.05479452054794
1437A,JPJ,2019,14d,336,SO2,8760,7835,8339,7785,88.86986301369863
1437A,JPJ,2020,14d,336,SO2,8784,8337,8520,8266,94.10291438979964
1437A,JPJ,2021,14d,336,SO2,8049,7406,7848,7358,91.41508261895888
1437A,JPJ,2015,14d,336,NO2,8760,7683,8126,7640,87.21461187214612
1437A,JPJ,2016,14d,336,NO2,8784,8323,8543,8309,94.59244080145719
1437A,JPJ,2017,14d,336,NO2,8760,8268,8504,8248,94.15525114155251
1437A,JPJ,2018,14d,336,NO2,8760,7672,8123,7613,86.90639269406392
1437A,JPJ,2019,14d,336,NO2,8760,7835,8310,7756,88.53881278538813
1437A,JPJ,2020,14d,336,NO2,8784,8337,8511,8257,94.00045537340618
1437A,JPJ,2021,14d,336,NO2,8049,7406,7822,7318,90.91812647533855
1437A,JPJ,2015,14d,336,O3-8h,8760,7683,8152,7664,87.48858447488584
1437A,JPJ,2016,14d,336,O3-8h,8784,8323,8556,8322,94.74043715846994
1437A,JPJ,2017,14d,336,O3-8h,8760,8268,8534,8266,94.3607305936073
1437A,JPJ,2018,14d,336,O3-8h,8760,7672,8160,7632,87.12328767123287
1437A,JPJ,2019,14d,336,O3-8h,8760,7835,8337,7769,88.68721461187215
1437A,JPJ,2020,14d,336,O3-8h,8784,8337,8561,8283,94.2964480874317
1437A,JPJ,2021,14d,336,O3-8h,8049,7406,7911,7397,91.8996148589887
1437A,JPJ,2015,14d,336,CO,8760,7683,8161,7673,87.59132420091325
1437A,JPJ,2016,14d,336,CO,8784,8323,8552,8318,94.69489981785064
1437A,JPJ,2017,14d,336,CO,8760,8268,8495,8240,94.06392694063926
1437A,JPJ,2018,14d,336,CO,8760,7672,8125,7619,86.97488584474885
1437A,JPJ,2019,14d,336,CO,8760,7835,8321,7767,88.66438356164383
1437A,JPJ,2020,14d,336,CO,8784,8337,8501,8245,93.86384335154827
1437A,JPJ,2021,14d,336,CO,8049,7406,7842,7366,91.51447384768294
1437A,JPJ,2015,14d,336,U10,8760,7683,8753,7683,87.70547945205479
1437A,JPJ,2016,14d,336,U10,8784,8323,8784,8323,94.75182149362477
1437A,JPJ,2017,14d,336,U10,8760,8268,8760,8268,94.3835616438356
1437A,JPJ,2018,14d,336,U10,8760,7672,8760,7672,87.57990867579909
1437A,JPJ,2019,14d,336,U10,8760,7835,8760,7835,89.4406392694064
1437A,JPJ,2020,14d,336,U10,8784,8337,8784,8337,94.91120218579235
1437A,JPJ,2021,14d,336,U10,8049,7406,8048,7405,91.99900608771276
1437A,JPJ,2015,14d,336,V10,8760,7683,8753,7683,87.70547945205479
1437A,JPJ,2016,14d,336,V10,8784,8323,8784,8323,94.75182149362477
1437A,JPJ,2017,14d,336,V10,8760,8268,8760,8268,94.3835616438356
1437A,JPJ,2018,14d,336,V10,8760,7672,8760,7672,87.57990867579909
1437A,JPJ,2019,14d,336,V10,8760,7835,8760,7835,89.4406392694064
1437A,JPJ,2020,14d,336,V10,8784,8337,8784,8337,94.91120218579235
1437A,JPJ,2021,14d,336,V10,8049,7406,8048,7405,91.99900608771276
1437A,JPJ,2015,14d,336,T2,8760,7683,8753,7683,87.70547945205479
1437A,JPJ,2016,14d,336,T2,8784,8323,8784,8323,94.75182149362477
1437A,JPJ,2017,14d,336,T2,8760,8268,8760,8268,94.3835616438356
1437A,JPJ,2018,14d,336,T2,8760,7672,8760,7672,87.57990867579909
1437A,JPJ,2019,14d,336,T2,8760,7835,8760,7835,89.4406392694064
1437A,JPJ,2020,14d,336,T2,8784,8337,8784,8337,94.91120218579235
1437A,JPJ,2021,14d,336,T2,8049,7406,8048,7405,91.99900608771276
1437A,JPJ,2015,14d,336,RH2,8760,7683,8753,7683,87.70547945205479
1437A,JPJ,2016,14d,336,RH2,8784,8323,8784,8323,94.75182149362477
1437A,JPJ,2017,14d,336,RH2,8760,8268,8760,8268,94.3835616438356
1437A,JPJ,2018,14d,336,RH2,8760,7672,8760,7672,87.57990867579909
1437A,JPJ,2019,14d,336,RH2,8760,7835,8760,7835,89.4406392694064
1437A,JPJ,2020,14d,336,RH2,8784,8337,8784,8337,94.91120218579235
1437A,JPJ,2021,14d,336,RH2,8049,7406,8049,7406,92.01142999130327
1437A,JPJ,2015,14d,336,PBLH,8760,7683,8753,7683,87.70547945205479
1437A,JPJ,2016,14d,336,PBLH,8784,8323,8784,8323,94.75182149362477
1437A,JPJ,2017,14d,336,PBLH,8760,8268,8760,8268,94.3835616438356
1437A,JPJ,2018,14d,336,PBLH,8760,7672,8760,7672,87.57990867579909
1437A,JPJ,2019,14d,336,PBLH,8760,7835,8760,7835,89.4406392694064
1437A,JPJ,2020,14d,336,PBLH,8784,8337,8784,8337,94.91120218579235
1437A,JPJ,2021,14d,336,PBLH,8049,7406,8048,7405,91.99900608771276
1437A,JPJ,2015,30d,720,PM10,8760,7704,8163,7696,87.85388127853881
1437A,JPJ,2016,30d,720,PM10,8784,8317,8496,8257,94.00045537340618
1437A,JPJ,2017,30d,720,PM10,8760,8262,8411,8160,93.15068493150685
1437A,JPJ,2018,30d,720,PM10,8760,7609,8116,7571,86.42694063926942
1437A,JPJ,2019,30d,720,PM10,8760,7841,8214,7698,87.87671232876713
1437A,JPJ,2020,30d,720,PM10,8784,8324,8546,8302,94.5127504553734
1437A,JPJ,2021,30d,720,PM10,8049,7017,7862,7010,87.09156416946205
1437A,JPJ,2015,30d,720,SO2,8760,7704,8165,7698,87.87671232876713
1437A,JPJ,2016,30d,720,SO2,8784,8317,8552,8312,94.62659380692168
1437A,JPJ,2017,30d,720,SO2,8760,8262,8509,8250,94.17808219178082
1437A,JPJ,2018,30d,720,SO2,8760,7609,8139,7564,86.34703196347033
1437A,JPJ,2019,30d,720,SO2,8760,7841,8339,7791,88.93835616438356
1437A,JPJ,2020,30d,720,SO2,8784,8324,8520,8250,93.9207650273224
1437A,JPJ,2021,30d,720,SO2,8049,7017,7848,6972,86.61945583302274
1437A,JPJ,2015,30d,720,NO2,8760,7704,8126,7660,87.44292237442922
1437A,JPJ,2016,30d,720,NO2,8784,8317,8543,8303,94.52413479052824
1437A,JPJ,2017,30d,720,NO2,8760,8262,8504,8243,94.09817351598173
1437A,JPJ,2018,30d,720,NO2,8760,7609,8123,7554,86.23287671232876
1437A,JPJ,2019,30d,720,NO2,8760,7841,8310,7760,88.58447488584474
1437A,JPJ,2020,30d,720,NO2,8784,8324,8511,8238,93.78415300546447
1437A,JPJ,2021,30d,720,NO2,8049,7017,7822,6932,86.1224996894024
1437A,JPJ,2015,30d,720,O3-8h,8760,7704,8152,7685,87.72831050228311
1437A,JPJ,2016,30d,720,O3-8h,8784,8317,8556,8316,94.67213114754098
1437A,JPJ,2017,30d,720,O3-8h,8760,8262,8534,8260,94.29223744292237
1437A,JPJ,2018,30d,720,O3-8h,8760,7609,8160,7569,86.4041095890411
1437A,JPJ,2019,30d,720,O3-8h,8760,7841,8337,7780,88.81278538812786
1437A,JPJ,2020,30d,720,O3-8h,8784,8324,8561,8272,94.1712204007286
1437A,JPJ,2021,30d,720,O3-8h,8049,7017,7911,7008,87.06671636228103
1437A,JPJ,2015,30d,720,CO,8760,7704,8161,7694,87.8310502283105
1437A,JPJ,2016,30d,720,CO,8784,8317,8552,8312,94.62659380692168
1437A,JPJ,2017,30d,720,CO,8760,8262,8495,8236,94.01826484018265
1437A,JPJ,2018,30d,720,CO,8760,7609,8125,7557,86.26712328767124
1437A,JPJ,2019,30d,720,CO,8760,7841,8321,7770,88.6986301369863
1437A,JPJ,2020,30d,720,CO,8784,8324,8501,8228,93.6703096539162
1437A,JPJ,2021,30d,720,CO,8049,7017,7842,6979,86.70642315815628
1437A,JPJ,2015,30d,720,U10,8760,7704,8753,7704,87.94520547945206
1437A,JPJ,2016,30d,720,U10,8784,8317,8784,8317,94.68351548269581
1437A,JPJ,2017,30d,720,U10,8760,8262,8760,8262,94.31506849315069
1437A,JPJ,2018,30d,720,U10,8760,7609,8760,7609,86.8607305936073
1437A,JPJ,2019,30d,720,U10,8760,7841,8760,7841,89.50913242009132
1437A,JPJ,2020,30d,720,U10,8784,8324,8784,8324,94.76320582877959
1437A,JPJ,2021,30d,720,U10,8049,7017,8048,7016,87.16610759100509
1437A,JPJ,2015,30d,720,V10,8760,7704,8753,7704,87.94520547945206
1437A,JPJ,2016,30d,720,V10,8784,8317,8784,8317,94.68351548269581
1437A,JPJ,2017,30d,720,V10,8760,8262,8760,8262,94.31506849315069
1437A,JPJ,2018,30d,720,V10,8760,7609,8760,7609,86.8607305936073
1437A,JPJ,2019,30d,720,V10,8760,7841,8760,7841,89.50913242009132
1437A,JPJ,2020,30d,720,V10,8784,8324,8784,8324,94.76320582877959
1437A,JPJ,2021,30d,720,V10,8049,7017,8048,7016,87.16610759100509
1437A,JPJ,2015,30d,720,T2,8760,7704,8753,7704,87.94520547945206
1437A,JPJ,2016,30d,720,T2,8784,8317,8784,8317,94.68351548269581
1437A,JPJ,2017,30d,720,T2,8760,8262,8760,8262,94.31506849315069
1437A,JPJ,2018,30d,720,T2,8760,7609,8760,7609,86.8607305936073
1437A,JPJ,2019,30d,720,T2,8760,7841,8760,7841,89.50913242009132
1437A,JPJ,2020,30d,720,T2,8784,8324,8784,8324,94.76320582877959
1437A,JPJ,2021,30d,720,T2,8049,7017,8048,7016,87.16610759100509
1437A,JPJ,2015,30d,720,RH2,8760,7704,8753,7704,87.94520547945206
1437A,JPJ,2016,30d,720,RH2,8784,8317,8784,8317,94.68351548269581
1437A,JPJ,2017,30d,720,RH2,8760,8262,8760,8262,94.31506849315069
1437A,JPJ,2018,30d,720,RH2,8760,7609,8760,7609,86.8607305936073
1437A,JPJ,2019,30d,720,RH2,8760,7841,8760,7841,89.50913242009132
1437A,JPJ,2020,30d,720,RH2,8784,8324,8784,8324,94.76320582877959
1437A,JPJ,2021,30d,720,RH2,8049,7017,8049,7017,87.1785314945956
1437A,JPJ,2015,30d,720,PBLH,8760,7704,8753,7704,87.94520547945206
1437A,JPJ,2016,30d,720,PBLH,8784,8317,8784,8317,94.68351548269581
1437A,JPJ,2017,30d,720,PBLH,8760,8262,8760,8262,94.31506849315069
1437A,JPJ,2018,30d,720,PBLH,8760,7609,8760,7609,86.8607305936073
1437A,JPJ,2019,30d,720,PBLH,8760,7841,8760,7841,89.50913242009132
1437A,JPJ,2020,30d,720,PBLH,8784,8324,8784,8324,94.76320582877959
1437A,JPJ,2021,30d,720,PBLH,8049,7017,8048,7016,87.16610759100509
1438A,LYS,2015,48h,48,PM10,8760,7500,8024,7413,84.62328767123287
1438A,LYS,2016,48h,48,PM10,8784,7541,7928,7482,85.1775956284153
1438A,LYS,2017,48h,48,PM10,8760,7930,8151,7765,88.64155251141553
1438A,LYS,2018,48h,48,PM10,8760,6883,7349,6644,75.84474885844749
1438A,LYS,2019,48h,48,PM10,8760,7122,7689,6888,78.63013698630137
1438A,LYS,2020,48h,48,PM10,8784,7550,8149,7524,85.65573770491804
1438A,LYS,2021,48h,48,PM10,8049,6908,7448,6859,85.21555472729531
1438A,LYS,2015,48h,48,SO2,8760,7500,8102,7486,85.45662100456622
1438A,LYS,2016,48h,48,SO2,8784,7541,8003,7535,85.78096539162114
1438A,LYS,2017,48h,48,SO2,8760,7930,8352,7921,90.42237442922374
1438A,LYS,2018,48h,48,SO2,8760,6883,7706,6865,78.3675799086758
1438A,LYS,2019,48h,48,SO2,8760,7122,7879,7034,80.29680365296804
1438A,LYS,2020,48h,48,SO2,8784,7550,8152,7503,85.41666666666666
1438A,LYS,2021,48h,48,SO2,8049,6908,7441,6846,85.05404398061872
1438A,LYS,2015,48h,48,NO2,8760,7500,8115,7499,85.60502283105022
1438A,LYS,2016,48h,48,NO2,8784,7541,8008,7540,85.83788706739527
1438A,LYS,2017,48h,48,NO2,8760,7930,8354,7925,90.46803652968036
1438A,LYS,2018,48h,48,NO2,8760,6883,7718,6874,78.4703196347032
1438A,LYS,2019,48h,48,NO2,8760,7122,7917,7070,80.70776255707763
1438A,LYS,2020,48h,48,NO2,8784,7550,8170,7523,85.64435336976321
1438A,LYS,2021,48h,48,NO2,8049,6908,7457,6836,84.92980494471362
1438A,LYS,2015,48h,48,O3-8h,8760,7500,8101,7485,85.44520547945206
1438A,LYS,2016,48h,48,O3-8h,8784,7541,8008,7540,85.83788706739527
1438A,LYS,2017,48h,48,O3-8h,8760,7930,8350,7918,90.38812785388129
1438A,LYS,2018,48h,48,O3-8h,8760,6883,7736,6881,78.55022831050228
1438A,LYS,2019,48h,48,O3-8h,8760,7122,7986,7119,81.26712328767123
1438A,LYS,2020,48h,48,O3-8h,8784,7550,8211,7541,85.84927140255009
1438A,LYS,2021,48h,48,O3-8h,8049,6908,7534,6888,85.57584793142006
1438A,LYS,2015,48h,48,CO,8760,7500,8092,7481,85.39954337899543
1438A,LYS,2016,48h,48,CO,8784,7541,7992,7526,85.6785063752277
1438A,LYS,2017,48h,48,CO,8760,7930,8040,7642,87.23744292237443
1438A,LYS,2018,48h,48,CO,8760,6883,7429,6641,75.81050228310502
1438A,LYS,2019,48h,48,CO,8760,7122,7557,6746,77.00913242009132
1438A,LYS,2020,48h,48,CO,8784,7550,8075,7446,84.76775956284153
1438A,LYS,2021,48h,48,CO,8049,6908,7345,6750,83.86134923592992
1438A,LYS,2015,48h,48,U10,8760,7500,8753,7500,85.61643835616438
1438A,LYS,2016,48h,48,U10,8784,7541,8784,7541,85.84927140255009
1438A,LYS,2017,48h,48,U10,8760,7930,8760,7930,90.52511415525115
1438A,LYS,2018,48h,48,U10,8760,6883,8760,6883,78.5730593607306
1438A,LYS,2019,48h,48,U10,8760,7122,8760,7122,81.30136986301369
1438A,LYS,2020,48h,48,U10,8784,7550,8784,7550,85.95173041894353
1438A,LYS,2021,48h,48,U10,8049,6908,8048,6907,85.81190209963971
1438A,LYS,2015,48h,48,V10,8760,7500,8753,7500,85.61643835616438
1438A,LYS,2016,48h,48,V10,8784,7541,8784,7541,85.84927140255009
1438A,LYS,2017,48h,48,V10,8760,7930,8760,7930,90.52511415525115
1438A,LYS,2018,48h,48,V10,8760,6883,8760,6883,78.5730593607306
1438A,LYS,2019,48h,48,V10,8760,7122,8760,7122,81.30136986301369
1438A,LYS,2020,48h,48,V10,8784,7550,8784,7550,85.95173041894353
1438A,LYS,2021,48h,48,V10,8049,6908,8048,6907,85.81190209963971
1438A,LYS,2015,48h,48,T2,8760,7500,8753,7500,85.61643835616438
1438A,LYS,2016,48h,48,T2,8784,7541,8784,7541,85.84927140255009
1438A,LYS,2017,48h,48,T2,8760,7930,8760,7930,90.52511415525115
1438A,LYS,2018,48h,48,T2,8760,6883,8760,6883,78.5730593607306
1438A,LYS,2019,48h,48,T2,8760,7122,8760,7122,81.30136986301369
1438A,LYS,2020,48h,48,T2,8784,7550,8784,7550,85.95173041894353
1438A,LYS,2021,48h,48,T2,8049,6908,8048,6907,85.81190209963971
1438A,LYS,2015,48h,48,RH2,8760,7500,8753,7500,85.61643835616438
1438A,LYS,2016,48h,48,RH2,8784,7541,8784,7541,85.84927140255009
1438A,LYS,2017,48h,48,RH2,8760,7930,8760,7930,90.52511415525115
1438A,LYS,2018,48h,48,RH2,8760,6883,8760,6883,78.5730593607306
1438A,LYS,2019,48h,48,RH2,8760,7122,8760,7122,81.30136986301369
1438A,LYS,2020,48h,48,RH2,8784,7550,8784,7550,85.95173041894353
1438A,LYS,2021,48h,48,RH2,8049,6908,8049,6908,85.82432600323021
1438A,LYS,2015,48h,48,PBLH,8760,7500,8753,7500,85.61643835616438
1438A,LYS,2016,48h,48,PBLH,8784,7541,8784,7541,85.84927140255009
1438A,LYS,2017,48h,48,PBLH,8760,7930,8760,7930,90.52511415525115
1438A,LYS,2018,48h,48,PBLH,8760,6883,8760,6883,78.5730593607306
1438A,LYS,2019,48h,48,PBLH,8760,7122,8760,7122,81.30136986301369
1438A,LYS,2020,48h,48,PBLH,8784,7550,8784,7550,85.95173041894353
1438A,LYS,2021,48h,48,PBLH,8049,6908,8048,6907,85.81190209963971
1438A,LYS,2015,72h,72,PM10,8760,7505,8024,7415,84.64611872146118
1438A,LYS,2016,72h,72,PM10,8784,7471,7928,7402,84.26684881602914
1438A,LYS,2017,72h,72,PM10,8760,7902,8151,7734,88.2876712328767
1438A,LYS,2018,72h,72,PM10,8760,6772,7349,6518,74.40639269406392
1438A,LYS,2019,72h,72,PM10,8760,7087,7689,6846,78.15068493150686
1438A,LYS,2020,72h,72,PM10,8784,7519,8149,7492,85.29143897996357
1438A,LYS,2021,72h,72,PM10,8049,6855,7448,6807,84.5695117405889
1438A,LYS,2015,72h,72,SO2,8760,7505,8102,7491,85.51369863013699
1438A,LYS,2016,72h,72,SO2,8784,7471,8003,7465,84.98406193078324
1438A,LYS,2017,72h,72,SO2,8760,7902,8352,7895,90.1255707762557
1438A,LYS,2018,72h,72,SO2,8760,6772,7706,6754,77.10045662100457
1438A,LYS,2019,72h,72,SO2,8760,7087,7879,7000,79.90867579908677
1438A,LYS,2020,72h,72,SO2,8784,7519,8152,7471,85.0523679417122
1438A,LYS,2021,72h,72,SO2,8049,6855,7441,6795,84.4204248975028
1438A,LYS,2015,72h,72,NO2,8760,7505,8115,7504,85.662100456621
1438A,LYS,2016,72h,72,NO2,8784,7471,8008,7470,85.04098360655738
1438A,LYS,2017,72h,72,NO2,8760,7902,8354,7897,90.14840182648402
1438A,LYS,2018,72h,72,NO2,8760,6772,7718,6764,77.21461187214612
1438A,LYS,2019,72h,72,NO2,8760,7087,7917,7032,80.27397260273973
1438A,LYS,2020,72h,72,NO2,8784,7519,8170,7487,85.23451730418944
1438A,LYS,2021,72h,72,NO2,8049,6855,7457,6785,84.29618586159772
1438A,LYS,2015,72h,72,O3-8h,8760,7505,8101,7494,85.54794520547945
1438A,LYS,2016,72h,72,O3-8h,8784,7471,8008,7470,85.04098360655738
1438A,LYS,2017,72h,72,O3-8h,8760,7902,8350,7890,90.06849315068493
1438A,LYS,2018,72h,72,O3-8h,8760,6772,7736,6770,77.28310502283105
1438A,LYS,2019,72h,72,O3-8h,8760,7087,7986,7084,80.86757990867581
1438A,LYS,2020,72h,72,O3-8h,8784,7519,8211,7511,85.50774134790528
1438A,LYS,2021,72h,72,O3-8h,8049,6855,7534,6834,84.9049571375326
1438A,LYS,2015,72h,72,CO,8760,7505,8092,7484,85.4337899543379
1438A,LYS,2016,72h,72,CO,8784,7471,7992,7458,84.90437158469946
1438A,LYS,2017,72h,72,CO,8760,7902,8040,7614,86.91780821917808
1438A,LYS,2018,72h,72,CO,8760,6772,7429,6535,74.60045662100457
1438A,LYS,2019,72h,72,CO,8760,7087,7557,6711,76.60958904109589
1438A,LYS,2020,72h,72,CO,8784,7519,8075,7429,84.57422586520947
1438A,LYS,2021,72h,72,CO,8049,6855,7345,6700,83.24015405640452
1438A,LYS,2015,72h,72,U10,8760,7505,8753,7505,85.67351598173516
1438A,LYS,2016,72h,72,U10,8784,7471,8784,7471,85.0523679417122
1438A,LYS,2017,72h,72,U10,8760,7902,8760,7902,90.20547945205479
1438A,LYS,2018,72h,72,U10,8760,6772,8760,6772,77.30593607305936
1438A,LYS,2019,72h,72,U10,8760,7087,8760,7087,80.90182648401827
1438A,LYS,2020,72h,72,U10,8784,7519,8784,7519,85.5988160291439
1438A,LYS,2021,72h,72,U10,8049,6855,8048,6854,85.15343520934277
1438A,LYS,2015,72h,72,V10,8760,7505,8753,7505,85.67351598173516
1438A,LYS,2016,72h,72,V10,8784,7471,8784,7471,85.0523679417122
1438A,LYS,2017,72h,72,V10,8760,7902,8760,7902,90.20547945205479
1438A,LYS,2018,72h,72,V10,8760,6772,8760,6772,77.30593607305936
1438A,LYS,2019,72h,72,V10,8760,7087,8760,7087,80.90182648401827
1438A,LYS,2020,72h,72,V10,8784,7519,8784,7519,85.5988160291439
1438A,LYS,2021,72h,72,V10,8049,6855,8048,6854,85.15343520934277
1438A,LYS,2015,72h,72,T2,8760,7505,8753,7505,85.67351598173516
1438A,LYS,2016,72h,72,T2,8784,7471,8784,7471,85.0523679417122
1438A,LYS,2017,72h,72,T2,8760,7902,8760,7902,90.20547945205479
1438A,LYS,2018,72h,72,T2,8760,6772,8760,6772,77.30593607305936
1438A,LYS,2019,72h,72,T2,8760,7087,8760,7087,80.90182648401827
1438A,LYS,2020,72h,72,T2,8784,7519,8784,7519,85.5988160291439
1438A,LYS,2021,72h,72,T2,8049,6855,8048,6854,85.15343520934277
1438A,LYS,2015,72h,72,RH2,8760,7505,8753,7505,85.67351598173516
1438A,LYS,2016,72h,72,RH2,8784,7471,8784,7471,85.0523679417122
1438A,LYS,2017,72h,72,RH2,8760,7902,8760,7902,90.20547945205479
1438A,LYS,2018,72h,72,RH2,8760,6772,8760,6772,77.30593607305936
1438A,LYS,2019,72h,72,RH2,8760,7087,8760,7087,80.90182648401827
1438A,LYS,2020,72h,72,RH2,8784,7519,8784,7519,85.5988160291439
1438A,LYS,2021,72h,72,RH2,8049,6855,8049,6855,85.16585911293329
1438A,LYS,2015,72h,72,PBLH,8760,7505,8753,7505,85.67351598173516
1438A,LYS,2016,72h,72,PBLH,8784,7471,8784,7471,85.0523679417122
1438A,LYS,2017,72h,72,PBLH,8760,7902,8760,7902,90.20547945205479
1438A,LYS,2018,72h,72,PBLH,8760,6772,8760,6772,77.30593607305936
1438A,LYS,2019,72h,72,PBLH,8760,7087,8760,7087,80.90182648401827
1438A,LYS,2020,72h,72,PBLH,8784,7519,8784,7519,85.5988160291439
1438A,LYS,2021,72h,72,PBLH,8049,6855,8048,6854,85.15343520934277
1438A,LYS,2015,7d,168,PM10,8760,7542,8024,7453,85.07990867579909
1438A,LYS,2016,7d,168,PM10,8784,7342,7928,7279,82.86657559198542
1438A,LYS,2017,7d,168,PM10,8760,7936,8151,7747,88.43607305936074
1438A,LYS,2018,7d,168,PM10,8760,6615,7349,6374,72.76255707762557
1438A,LYS,2019,7d,168,PM10,8760,7076,7689,6859,78.29908675799086
1438A,LYS,2020,7d,168,PM10,8784,7413,8149,7388,84.10746812386157
1438A,LYS,2021,7d,168,PM10,8049,6754,7448,6705,83.30227357435706
1438A,LYS,2015,7d,168,SO2,8760,7542,8102,7528,85.93607305936072
1438A,LYS,2016,7d,168,SO2,8784,7342,8003,7336,83.51548269581056
1438A,LYS,2017,7d,168,SO2,8760,7936,8352,7928,90.50228310502283
1438A,LYS,2018,7d,168,SO2,8760,6615,7706,6597,75.3082191780822
1438A,LYS,2019,7d,168,SO2,8760,7076,7879,6996,79.86301369863014
1438A,LYS,2020,7d,168,SO2,8784,7413,8152,7365,83.84562841530054
1438A,LYS,2021,7d,168,SO2,8049,6754,7441,6694,83.16561063486148
1438A,LYS,2015,7d,168,NO2,8760,7542,8115,7541,86.08447488584476
1438A,LYS,2016,7d,168,NO2,8784,7342,8008,7341,83.5724043715847
1438A,LYS,2017,7d,168,NO2,8760,7936,8354,7931,90.53652968036529
1438A,LYS,2018,7d,168,NO2,8760,6615,7718,6605,75.39954337899543
1438A,LYS,2019,7d,168,NO2,8760,7076,7917,7035,80.3082191780822
1438A,LYS,2020,7d,168,NO2,8784,7413,8170,7382,84.03916211293262
1438A,LYS,2021,7d,168,NO2,8049,6754,7457,6682,83.01652379177537
1438A,LYS,2015,7d,168,O3-8h,8760,7542,8101,7528,85.93607305936072
1438A,LYS,2016,7d,168,O3-8h,8784,7342,8008,7341,83.5724043715847
1438A,LYS,2017,7d,168,O3-8h,8760,7936,8350,7925,90.46803652968036
1438A,LYS,2018,7d,168,O3-8h,8760,6615,7736,6613,75.49086757990867
1438A,LYS,2019,7d,168,O3-8h,8760,7076,7986,7073,80.7420091324201
1438A,LYS,2020,7d,168,O3-8h,8784,7413,8211,7405,84.30100182149363
1438A,LYS,2021,7d,168,O3-8h,8049,6754,7534,6733,83.65014287489129
1438A,LYS,2015,7d,168,CO,8760,7542,8092,7520,85.84474885844749
1438A,LYS,2016,7d,168,CO,8784,7342,7992,7334,83.49271402550092
1438A,LYS,2017,7d,168,CO,8760,7936,8040,7633,87.13470319634703
1438A,LYS,2018,7d,168,CO,8760,6615,7429,6402,73.08219178082192
1438A,LYS,2019,7d,168,CO,8760,7076,7557,6701,76.49543378995433
1438A,LYS,2020,7d,168,CO,8784,7413,8075,7292,83.01457194899818
1438A,LYS,2021,7d,168,CO,8049,6754,7345,6604,82.04745931171574
1438A,LYS,2015,7d,168,U10,8760,7542,8753,7542,86.0958904109589
1438A,LYS,2016,7d,168,U10,8784,7342,8784,7342,83.58378870673953
1438A,LYS,2017,7d,168,U10,8760,7936,8760,7936,90.59360730593608
1438A,LYS,2018,7d,168,U10,8760,6615,8760,6615,75.51369863013699
1438A,LYS,2019,7d,168,U10,8760,7076,8760,7076,80.77625570776256
1438A,LYS,2020,7d,168,U10,8784,7413,8784,7413,84.39207650273224
1438A,LYS,2021,7d,168,U10,8049,6754,8048,6753,83.89862094670146
1438A,LYS,2015,7d,168,V10,8760,7542,8753,7542,86.0958904109589
1438A,LYS,2016,7d,168,V10,8784,7342,8784,7342,83.58378870673953
1438A,LYS,2017,7d,168,V10,8760,7936,8760,7936,90.59360730593608
1438A,LYS,2018,7d,168,V10,8760,6615,8760,6615,75.51369863013699
1438A,LYS,2019,7d,168,V10,8760,7076,8760,7076,80.77625570776256
1438A,LYS,2020,7d,168,V10,8784,7413,8784,7413,84.39207650273224
1438A,LYS,2021,7d,168,V10,8049,6754,8048,6753,83.89862094670146
1438A,LYS,2015,7d,168,T2,8760,7542,8753,7542,86.0958904109589
1438A,LYS,2016,7d,168,T2,8784,7342,8784,7342,83.58378870673953
1438A,LYS,2017,7d,168,T2,8760,7936,8760,7936,90.59360730593608
1438A,LYS,2018,7d,168,T2,8760,6615,8760,6615,75.51369863013699
1438A,LYS,2019,7d,168,T2,8760,7076,8760,7076,80.77625570776256
1438A,LYS,2020,7d,168,T2,8784,7413,8784,7413,84.39207650273224
1438A,LYS,2021,7d,168,T2,8049,6754,8048,6753,83.89862094670146
1438A,LYS,2015,7d,168,RH2,8760,7542,8753,7542,86.0958904109589
1438A,LYS,2016,7d,168,RH2,8784,7342,8784,7342,83.58378870673953
1438A,LYS,2017,7d,168,RH2,8760,7936,8760,7936,90.59360730593608
1438A,LYS,2018,7d,168,RH2,8760,6615,8760,6615,75.51369863013699
1438A,LYS,2019,7d,168,RH2,8760,7076,8760,7076,80.77625570776256
1438A,LYS,2020,7d,168,RH2,8784,7413,8784,7413,84.39207650273224
1438A,LYS,2021,7d,168,RH2,8049,6754,8049,6754,83.91104485029196
1438A,LYS,2015,7d,168,PBLH,8760,7542,8753,7542,86.0958904109589
1438A,LYS,2016,7d,168,PBLH,8784,7342,8784,7342,83.58378870673953
1438A,LYS,2017,7d,168,PBLH,8760,7936,8760,7936,90.59360730593608
1438A,LYS,2018,7d,168,PBLH,8760,6615,8760,6615,75.51369863013699
1438A,LYS,2019,7d,168,PBLH,8760,7076,8760,7076,80.77625570776256
1438A,LYS,2020,7d,168,PBLH,8784,7413,8784,7413,84.39207650273224
1438A,LYS,2021,7d,168,PBLH,8049,6754,8048,6753,83.89862094670146
1438A,LYS,2015,14d,336,PM10,8760,7527,8024,7440,84.93150684931507
1438A,LYS,2016,14d,336,PM10,8784,7266,7928,7194,81.89890710382514
1438A,LYS,2017,14d,336,PM10,8760,7935,8151,7738,88.33333333333333
1438A,LYS,2018,14d,336,PM10,8760,6508,7349,6259,71.44977168949772
1438A,LYS,2019,14d,336,PM10,8760,7130,7689,6892,78.67579908675799
1438A,LYS,2020,14d,336,PM10,8784,7447,8149,7422,84.49453551912568
1438A,LYS,2021,14d,336,PM10,8049,6626,7448,6581,81.76170952913405
1438A,LYS,2015,14d,336,SO2,8760,7527,8102,7516,85.79908675799088
1438A,LYS,2016,14d,336,SO2,8784,7266,8003,7259,82.63888888888889
1438A,LYS,2017,14d,336,SO2,8760,7935,8352,7926,90.47945205479452
1438A,LYS,2018,14d,336,SO2,8760,6508,7706,6491,74.09817351598174
1438A,LYS,2019,14d,336,SO2,8760,7130,7879,7045,80.42237442922374
1438A,LYS,2020,14d,336,SO2,8784,7447,8152,7402,84.26684881602914
1438A,LYS,2021,14d,336,SO2,8049,6626,7441,6567,81.58777487886694
1438A,LYS,2015,14d,336,NO2,8760,7527,8115,7527,85.92465753424658
1438A,LYS,2016,14d,336,NO2,8784,7266,8008,7265,82.70719489981785
1438A,LYS,2017,14d,336,NO2,8760,7935,8354,7930,90.52511415525115
1438A,LYS,2018,14d,336,NO2,8760,6508,7718,6498,74.17808219178083
1438A,LYS,2019,14d,336,NO2,8760,7130,7917,7080,80.82191780821918
1438A,LYS,2020,14d,336,NO2,8784,7447,8170,7415,84.4148451730419
1438A,LYS,2021,14d,336,NO2,8049,6626,7457,6561,81.51323145732388
1438A,LYS,2015,14d,336,O3-8h,8760,7527,8101,7512,85.75342465753425
1438A,LYS,2016,14d,336,O3-8h,8784,7266,8008,7265,82.70719489981785
1438A,LYS,2017,14d,336,O3-8h,8760,7935,8350,7923,90.44520547945206
1438A,LYS,2018,14d,336,O3-8h,8760,6508,7736,6506,74.26940639269407
1438A,LYS,2019,14d,336,O3-8h,8760,7130,7986,7127,81.35844748858447
1438A,LYS,2020,14d,336,O3-8h,8784,7447,8211,7438,84.67668488160291
1438A,LYS,2021,14d,336,O3-8h,8049,6626,7534,6606,82.07230711889676
1438A,LYS,2015,14d,336,CO,8760,7527,8092,7506,85.68493150684931
1438A,LYS,2016,14d,336,CO,8784,7266,7992,7257,82.61612021857924
1438A,LYS,2017,14d,336,CO,8760,7935,8040,7634,87.14611872146119
1438A,LYS,2018,14d,336,CO,8760,6508,7429,6294,71.84931506849314
1438A,LYS,2019,14d,336,CO,8760,7130,7557,6752,77.07762557077625
1438A,LYS,2020,14d,336,CO,8784,7447,8075,7359,83.77732240437157
1438A,LYS,2021,14d,336,CO,8049,6626,7345,6479,80.49447136290222
1438A,LYS,2015,14d,336,U10,8760,7527,8753,7527,85.92465753424658
1438A,LYS,2016,14d,336,U10,8784,7266,8784,7266,82.71857923497268
1438A,LYS,2017,14d,336,U10,8760,7935,8760,7935,90.58219178082192
1438A,LYS,2018,14d,336,U10,8760,6508,8760,6508,74.29223744292237
1438A,LYS,2019,14d,336,U10,8760,7130,8760,7130,81.39269406392694
1438A,LYS,2020,14d,336,U10,8784,7447,8784,7447,84.77914389799636
1438A,LYS,2021,14d,336,U10,8049,6626,8048,6625,82.30836128711641
1438A,LYS,2015,14d,336,V10,8760,7527,8753,7527,85.92465753424658
1438A,LYS,2016,14d,336,V10,8784,7266,8784,7266,82.71857923497268
1438A,LYS,2017,14d,336,V10,8760,7935,8760,7935,90.58219178082192
1438A,LYS,2018,14d,336,V10,8760,6508,8760,6508,74.29223744292237
1438A,LYS,2019,14d,336,V10,8760,7130,8760,7130,81.39269406392694
1438A,LYS,2020,14d,336,V10,8784,7447,8784,7447,84.77914389799636
1438A,LYS,2021,14d,336,V10,8049,6626,8048,6625,82.30836128711641
1438A,LYS,2015,14d,336,T2,8760,7527,8753,7527,85.92465753424658
1438A,LYS,2016,14d,336,T2,8784,7266,8784,7266,82.71857923497268
1438A,LYS,2017,14d,336,T2,8760,7935,8760,7935,90.58219178082192
1438A,LYS,2018,14d,336,T2,8760,6508,8760,6508,74.29223744292237
1438A,LYS,2019,14d,336,T2,8760,7130,8760,7130,81.39269406392694
1438A,LYS,2020,14d,336,T2,8784,7447,8784,7447,84.77914389799636
1438A,LYS,2021,14d,336,T2,8049,6626,8048,6625,82.30836128711641
1438A,LYS,2015,14d,336,RH2,8760,7527,8753,7527,85.92465753424658
1438A,LYS,2016,14d,336,RH2,8784,7266,8784,7266,82.71857923497268
1438A,LYS,2017,14d,336,RH2,8760,7935,8760,7935,90.58219178082192
1438A,LYS,2018,14d,336,RH2,8760,6508,8760,6508,74.29223744292237
1438A,LYS,2019,14d,336,RH2,8760,7130,8760,7130,81.39269406392694
1438A,LYS,2020,14d,336,RH2,8784,7447,8784,7447,84.77914389799636
1438A,LYS,2021,14d,336,RH2,8049,6626,8049,6626,82.32078519070693
1438A,LYS,2015,14d,336,PBLH,8760,7527,8753,7527,85.92465753424658
1438A,LYS,2016,14d,336,PBLH,8784,7266,8784,7266,82.71857923497268
1438A,LYS,2017,14d,336,PBLH,8760,7935,8760,7935,90.58219178082192
1438A,LYS,2018,14d,336,PBLH,8760,6508,8760,6508,74.29223744292237
1438A,LYS,2019,14d,336,PBLH,8760,7130,8760,7130,81.39269406392694
1438A,LYS,2020,14d,336,PBLH,8784,7447,8784,7447,84.77914389799636
1438A,LYS,2021,14d,336,PBLH,8049,6626,8048,6625,82.30836128711641
1438A,LYS,2015,30d,720,PM10,8760,7560,8024,7468,85.25114155251141
1438A,LYS,2016,30d,720,PM10,8784,7257,7928,7185,81.7964480874317
1438A,LYS,2017,30d,720,PM10,8760,7942,8151,7750,88.4703196347032
1438A,LYS,2018,30d,720,PM10,8760,6499,7349,6243,71.26712328767123
1438A,LYS,2019,30d,720,PM10,8760,7125,7689,6912,78.9041095890411
1438A,LYS,2020,30d,720,PM10,8784,7448,8149,7421,84.48315118397086
1438A,LYS,2021,30d,720,PM10,8049,6293,7448,6260,77.77363647658095
1438A,LYS,2015,30d,720,SO2,8760,7560,8102,7548,86.16438356164383
1438A,LYS,2016,30d,720,SO2,8784,7257,8003,7251,82.54781420765028
1438A,LYS,2017,30d,720,SO2,8760,7942,8352,7933,90.55936073059361
1438A,LYS,2018,30d,720,SO2,8760,6499,7706,6483,74.0068493150685
1438A,LYS,2019,30d,720,SO2,8760,7125,7879,7055,80.5365296803653
1438A,LYS,2020,30d,720,SO2,8784,7448,8152,7399,84.23269581056466
1438A,LYS,2021,30d,720,SO2,8049,6293,7441,6238,77.50031059758976
1438A,LYS,2015,30d,720,NO2,8760,7560,8115,7560,86.3013698630137
1438A,LYS,2016,30d,720,NO2,8784,7257,8008,7256,82.60473588342441
1438A,LYS,2017,30d,720,NO2,8760,7942,8354,7937,90.60502283105023
1438A,LYS,2018,30d,720,NO2,8760,6499,7718,6489,74.07534246575342
1438A,LYS,2019,30d,720,NO2,8760,7125,7917,7075,80.7648401826484
1438A,LYS,2020,30d,720,NO2,8784,7448,8170,7414,84.40346083788707
1438A,LYS,2021,30d,720,NO2,8049,6293,7457,6228,77.37607156168468
1438A,LYS,2015,30d,720,O3-8h,8760,7560,8101,7545,86.13013698630137
1438A,LYS,2016,30d,720,O3-8h,8784,7257,8008,7256,82.60473588342441
1438A,LYS,2017,30d,720,O3-8h,8760,7942,8350,7930,90.52511415525115
1438A,LYS,2018,30d,720,O3-8h,8760,6499,7736,6497,74.16666666666667
1438A,LYS,2019,30d,720,O3-8h,8760,7125,7986,7122,81.30136986301369
1438A,LYS,2020,30d,720,O3-8h,8784,7448,8211,7439,84.68806921675774
1438A,LYS,2021,30d,720,O3-8h,8049,6293,7534,6274,77.94757112684806
1438A,LYS,2015,30d,720,CO,8760,7560,8092,7540,86.0730593607306
1438A,LYS,2016,30d,720,CO,8784,7257,7992,7247,82.50227686703097
1438A,LYS,2017,30d,720,CO,8760,7942,8040,7638,87.1917808219178
1438A,LYS,2018,30d,720,CO,8760,6499,7429,6319,72.13470319634703
1438A,LYS,2019,30d,720,CO,8760,7125,7557,6732,76.84931506849315
1438A,LYS,2020,30d,720,CO,8784,7448,8075,7325,83.39025500910748
1438A,LYS,2021,30d,720,CO,8049,6293,7345,6164,76.58094173189215
1438A,LYS,2015,30d,720,U10,8760,7560,8753,7560,86.3013698630137
1438A,LYS,2016,30d,720,U10,8784,7257,8784,7257,82.61612021857924
1438A,LYS,2017,30d,720,U10,8760,7942,8760,7942,90.662100456621
1438A,LYS,2018,30d,720,U10,8760,6499,8760,6499,74.18949771689498
1438A,LYS,2019,30d,720,U10,8760,7125,8760,7125,81.33561643835617
1438A,LYS,2020,30d,720,U10,8784,7448,8784,7448,84.79052823315118
1438A,LYS,2021,30d,720,U10,8049,6293,8048,6292,78.17120139147721
1438A,LYS,2015,30d,720,V10,8760,7560,8753,7560,86.3013698630137
1438A,LYS,2016,30d,720,V10,8784,7257,8784,7257,82.61612021857924
1438A,LYS,2017,30d,720,V10,8760,7942,8760,7942,90.662100456621
1438A,LYS,2018,30d,720,V10,8760,6499,8760,6499,74.18949771689498
1438A,LYS,2019,30d,720,V10,8760,7125,8760,7125,81.33561643835617
1438A,LYS,2020,30d,720,V10,8784,7448,8784,7448,84.79052823315118
1438A,LYS,2021,30d,720,V10,8049,6293,8048,6292,78.17120139147721
1438A,LYS,2015,30d,720,T2,8760,7560,8753,7560,86.3013698630137
1438A,LYS,2016,30d,720,T2,8784,7257,8784,7257,82.61612021857924
1438A,LYS,2017,30d,720,T2,8760,7942,8760,7942,90.662100456621
1438A,LYS,2018,30d,720,T2,8760,6499,8760,6499,74.18949771689498
1438A,LYS,2019,30d,720,T2,8760,7125,8760,7125,81.33561643835617
1438A,LYS,2020,30d,720,T2,8784,7448,8784,7448,84.79052823315118
1438A,LYS,2021,30d,720,T2,8049,6293,8048,6292,78.17120139147721
1438A,LYS,2015,30d,720,RH2,8760,7560,8753,7560,86.3013698630137
1438A,LYS,2016,30d,720,RH2,8784,7257,8784,7257,82.61612021857924
1438A,LYS,2017,30d,720,RH2,8760,7942,8760,7942,90.662100456621
1438A,LYS,2018,30d,720,RH2,8760,6499,8760,6499,74.18949771689498
1438A,LYS,2019,30d,720,RH2,8760,7125,8760,7125,81.33561643835617
1438A,LYS,2020,30d,720,RH2,8784,7448,8784,7448,84.79052823315118
1438A,LYS,2021,30d,720,RH2,8049,6293,8049,6293,78.18362529506771
1438A,LYS,2015,30d,720,PBLH,8760,7560,8753,7560,86.3013698630137
1438A,LYS,2016,30d,720,PBLH,8784,7257,8784,7257,82.61612021857924
1438A,LYS,2017,30d,720,PBLH,8760,7942,8760,7942,90.662100456621
1438A,LYS,2018,30d,720,PBLH,8760,6499,8760,6499,74.18949771689498
1438A,LYS,2019,30d,720,PBLH,8760,7125,8760,7125,81.33561643835617
1438A,LYS,2020,30d,720,PBLH,8784,7448,8784,7448,84.79052823315118
1438A,LYS,2021,30d,720,PBLH,8049,6293,8048,6292,78.17120139147721
2880A,DSXL,2015,48h,48,PM10,8760,7480,6011,5521,63.02511415525114
2880A,DSXL,2016,48h,48,PM10,8784,8054,7082,6738,76.70765027322405
2880A,DSXL,2017,48h,48,PM10,8760,8266,8133,7888,90.04566210045662
2880A,DSXL,2018,48h,48,PM10,8760,7940,8181,7903,90.21689497716895
2880A,DSXL,2019,48h,48,PM10,8760,8013,8353,8003,91.35844748858447
2880A,DSXL,2020,48h,48,PM10,8784,8364,8567,8343,94.97950819672131
2880A,DSXL,2021,48h,48,PM10,8049,7380,7757,7345,91.25357187228227
2880A,DSXL,2015,48h,48,SO2,8760,7480,8126,7469,85.26255707762557
2880A,DSXL,2016,48h,48,SO2,8784,8054,8476,8050,91.64389799635701
2880A,DSXL,2017,48h,48,SO2,8760,8266,8504,8255,94.2351598173516
2880A,DSXL,2018,48h,48,SO2,8760,7940,8192,7909,90.28538812785388
2880A,DSXL,2019,48h,48,SO2,8760,8013,8327,7956,90.82191780821918
2880A,DSXL,2020,48h,48,SO2,8784,8364,8578,8316,94.67213114754098
2880A,DSXL,2021,48h,48,SO2,8049,7380,7813,7348,91.2908435830538
2880A,DSXL,2015,48h,48,NO2,8760,7480,8122,7466,85.2283105022831
2880A,DSXL,2016,48h,48,NO2,8784,8054,8475,8048,91.62112932604735
2880A,DSXL,2017,48h,48,NO2,8760,8266,8502,8253,94.21232876712328
2880A,DSXL,2018,48h,48,NO2,8760,7940,8175,7892,90.09132420091325
2880A,DSXL,2019,48h,48,NO2,8760,8013,8294,7926,90.47945205479452
2880A,DSXL,2020,48h,48,NO2,8784,8364,8502,8233,93.72723132969034
2880A,DSXL,2021,48h,48,NO2,8049,7380,7788,7308,90.79388743943348
2880A,DSXL,2015,48h,48,O3-8h,8760,7480,8120,7453,85.07990867579909
2880A,DSXL,2016,48h,48,O3-8h,8784,8054,8447,8020,91.3023679417122
2880A,DSXL,2017,48h,48,O3-8h,8760,8266,8514,8263,94.32648401826485
2880A,DSXL,2018,48h,48,O3-8h,8760,7940,8229,7936,90.59360730593608
2880A,DSXL,2019,48h,48,O3-8h,8760,8013,8384,8004,91.36986301369862
2880A,DSXL,2020,48h,48,O3-8h,8784,8364,8652,8364,95.21857923497268
2880A,DSXL,2021,48h,48,O3-8h,8049,7380,7850,7347,91.27841967946328
2880A,DSXL,2015,48h,48,CO,8760,7480,8110,7455,85.1027397260274
2880A,DSXL,2016,48h,48,CO,8784,8054,8479,8052,91.66666666666666
2880A,DSXL,2017,48h,48,CO,8760,8266,8502,8252,94.20091324200914
2880A,DSXL,2018,48h,48,CO,8760,7940,8196,7911,90.3082191780822
2880A,DSXL,2019,48h,48,CO,8760,8013,8331,7959,90.85616438356165
2880A,DSXL,2020,48h,48,CO,8784,8364,8565,8301,94.50136612021858
2880A,DSXL,2021,48h,48,CO,8049,7380,7798,7338,91.16660454714871
2880A,DSXL,2015,48h,48,U10,8760,7480,8753,7480,85.38812785388129
2880A,DSXL,2016,48h,48,U10,8784,8054,8784,8054,91.68943533697632
2880A,DSXL,2017,48h,48,U10,8760,8266,8760,8266,94.3607305936073
2880A,DSXL,2018,48h,48,U10,8760,7940,8760,7940,90.6392694063927
2880A,DSXL,2019,48h,48,U10,8760,8013,8760,8013,91.47260273972603
2880A,DSXL,2020,48h,48,U10,8784,8364,8784,8364,95.21857923497268
2880A,DSXL,2021,48h,48,U10,8049,7380,8048,7379,91.67598459435955
2880A,DSXL,2015,48h,48,V10,8760,7480,8753,7480,85.38812785388129
2880A,DSXL,2016,48h,48,V10,8784,8054,8784,8054,91.68943533697632
2880A,DSXL,2017,48h,48,V10,8760,8266,8760,8266,94.3607305936073
2880A,DSXL,2018,48h,48,V10,8760,7940,8760,7940,90.6392694063927
2880A,DSXL,2019,48h,48,V10,8760,8013,8760,8013,91.47260273972603
2880A,DSXL,2020,48h,48,V10,8784,8364,8784,8364,95.21857923497268
2880A,DSXL,2021,48h,48,V10,8049,7380,8048,7379,91.67598459435955
2880A,DSXL,2015,48h,48,T2,8760,7480,8753,7480,85.38812785388129
2880A,DSXL,2016,48h,48,T2,8784,8054,8784,8054,91.68943533697632
2880A,DSXL,2017,48h,48,T2,8760,8266,8760,8266,94.3607305936073
2880A,DSXL,2018,48h,48,T2,8760,7940,8760,7940,90.6392694063927
2880A,DSXL,2019,48h,48,T2,8760,8013,8760,8013,91.47260273972603
2880A,DSXL,2020,48h,48,T2,8784,8364,8784,8364,95.21857923497268
2880A,DSXL,2021,48h,48,T2,8049,7380,8048,7379,91.67598459435955
2880A,DSXL,2015,48h,48,RH2,8760,7480,8753,7480,85.38812785388129
2880A,DSXL,2016,48h,48,RH2,8784,8054,8784,8054,91.68943533697632
2880A,DSXL,2017,48h,48,RH2,8760,8266,8760,8266,94.3607305936073
2880A,DSXL,2018,48h,48,RH2,8760,7940,8760,7940,90.6392694063927
2880A,DSXL,2019,48h,48,RH2,8760,8013,8760,8013,91.47260273972603
2880A,DSXL,2020,48h,48,RH2,8784,8364,8784,8364,95.21857923497268
2880A,DSXL,2021,48h,48,RH2,8049,7380,8049,7380,91.68840849795006
2880A,DSXL,2015,48h,48,PBLH,8760,7480,8753,7480,85.38812785388129
2880A,DSXL,2016,48h,48,PBLH,8784,8054,8784,8054,91.68943533697632
2880A,DSXL,2017,48h,48,PBLH,8760,8266,8760,8266,94.3607305936073
2880A,DSXL,2018,48h,48,PBLH,8760,7940,8760,7940,90.6392694063927
2880A,DSXL,2019,48h,48,PBLH,8760,8013,8760,8013,91.47260273972603
2880A,DSXL,2020,48h,48,PBLH,8784,8364,8784,8364,95.21857923497268
2880A,DSXL,2021,48h,48,PBLH,8049,7380,8048,7379,91.67598459435955
2880A,DSXL,2015,72h,72,PM10,8760,7487,6011,5505,62.84246575342466
2880A,DSXL,2016,72h,72,PM10,8784,8033,7082,6721,76.51411657559198
2880A,DSXL,2017,72h,72,PM10,8760,8252,8133,7875,89.8972602739726
2880A,DSXL,2018,72h,72,PM10,8760,7843,8181,7809,89.14383561643837
2880A,DSXL,2019,72h,72,PM10,8760,7981,8353,7972,91.00456621004567
2880A,DSXL,2020,72h,72,PM10,8784,8369,8567,8348,95.03642987249545
2880A,DSXL,2021,72h,72,PM10,8049,7349,7757,7314,90.86843086097652
2880A,DSXL,2015,72h,72,SO2,8760,7487,8126,7479,85.37671232876713
2880A,DSXL,2016,72h,72,SO2,8784,8033,8476,8028,91.39344262295081
2880A,DSXL,2017,72h,72,SO2,8760,8252,8504,8240,94.06392694063926
2880A,DSXL,2018,72h,72,SO2,8760,7843,8192,7813,89.18949771689498
2880A,DSXL,2019,72h,72,SO2,8760,7981,8327,7926,90.47945205479452
2880A,DSXL,2020,72h,72,SO2,8784,8369,8578,8319,94.70628415300546
2880A,DSXL,2021,72h,72,SO2,8049,7349,7813,7316,90.89327866815754
2880A,DSXL,2015,72h,72,NO2,8760,7487,8122,7475,85.3310502283105
2880A,DSXL,2016,72h,72,NO2,8784,8033,8475,8027,91.382058287796
2880A,DSXL,2017,72h,72,NO2,8760,8252,8502,8238,94.04109589041096
2880A,DSXL,2018,72h,72,NO2,8760,7843,8175,7796,88.99543378995433
2880A,DSXL,2019,72h,72,NO2,8760,7981,8294,7893,90.1027397260274
2880A,DSXL,2020,72h,72,NO2,8784,8369,8502,8238,93.78415300546447
2880A,DSXL,2021,72h,72,NO2,8049,7349,7788,7277,90.40874642812771
2880A,DSXL,2015,72h,72,O3-8h,8760,7487,8120,7461,85.17123287671234
2880A,DSXL,2016,72h,72,O3-8h,8784,8033,8447,8001,91.0860655737705
2880A,DSXL,2017,72h,72,O3-8h,8760,8252,8514,8250,94.17808219178082
2880A,DSXL,2018,72h,72,O3-8h,8760,7843,8229,7839,89.48630136986301
2880A,DSXL,2019,72h,72,O3-8h,8760,7981,8384,7972,91.00456621004567
2880A,DSXL,2020,72h,72,O3-8h,8784,8369,8652,8369,95.27550091074681
2880A,DSXL,2021,72h,72,O3-8h,8049,7349,7850,7316,90.89327866815754
2880A,DSXL,2015,72h,72,CO,8760,7487,8110,7465,85.21689497716895
2880A,DSXL,2016,72h,72,CO,8784,8033,8479,8031,91.4275956284153
2880A,DSXL,2017,72h,72,CO,8760,8252,8502,8244,94.10958904109589
2880A,DSXL,2018,72h,72,CO,8760,7843,8196,7815,89.21232876712328
2880A,DSXL,2019,72h,72,CO,8760,7981,8331,7926,90.47945205479452
2880A,DSXL,2020,72h,72,CO,8784,8369,8565,8307,94.56967213114754
2880A,DSXL,2021,72h,72,CO,8049,7349,7798,7308,90.79388743943348
2880A,DSXL,2015,72h,72,U10,8760,7487,8753,7487,85.46803652968038
2880A,DSXL,2016,72h,72,U10,8784,8033,8784,8033,91.45036429872495
2880A,DSXL,2017,72h,72,U10,8760,8252,8760,8252,94.20091324200914
2880A,DSXL,2018,72h,72,U10,8760,7843,8760,7843,89.53196347031962
2880A,DSXL,2019,72h,72,U10,8760,7981,8760,7981,91.10730593607306
2880A,DSXL,2020,72h,72,U10,8784,8369,8784,8369,95.27550091074681
2880A,DSXL,2021,72h,72,U10,8049,7349,8048,7348,91.2908435830538
2880A,DSXL,2015,72h,72,V10,8760,7487,8753,7487,85.46803652968038
2880A,DSXL,2016,72h,72,V10,8784,8033,8784,8033,91.45036429872495
2880A,DSXL,2017,72h,72,V10,8760,8252,8760,8252,94.20091324200914
2880A,DSXL,2018,72h,72,V10,8760,7843,8760,7843,89.53196347031962
2880A,DSXL,2019,72h,72,V10,8760,7981,8760,7981,91.10730593607306
2880A,DSXL,2020,72h,72,V10,8784,8369,8784,8369,95.27550091074681
2880A,DSXL,2021,72h,72,V10,8049,7349,8048,7348,91.2908435830538
2880A,DSXL,2015,72h,72,T2,8760,7487,8753,7487,85.46803652968038
2880A,DSXL,2016,72h,72,T2,8784,8033,8784,8033,91.45036429872495
2880A,DSXL,2017,72h,72,T2,8760,8252,8760,8252,94.20091324200914
2880A,DSXL,2018,72h,72,T2,8760,7843,8760,7843,89.53196347031962
2880A,DSXL,2019,72h,72,T2,8760,7981,8760,7981,91.10730593607306
2880A,DSXL,2020,72h,72,T2,8784,8369,8784,8369,95.27550091074681
2880A,DSXL,2021,72h,72,T2,8049,7349,8048,7348,91.2908435830538
2880A,DSXL,2015,72h,72,RH2,8760,7487,8753,7487,85.46803652968038
2880A,DSXL,2016,72h,72,RH2,8784,8033,8784,8033,91.45036429872495
2880A,DSXL,2017,72h,72,RH2,8760,8252,8760,8252,94.20091324200914
2880A,DSXL,2018,72h,72,RH2,8760,7843,8760,7843,89.53196347031962
2880A,DSXL,2019,72h,72,RH2,8760,7981,8760,7981,91.10730593607306
2880A,DSXL,2020,72h,72,RH2,8784,8369,8784,8369,95.27550091074681
2880A,DSXL,2021,72h,72,RH2,8049,7349,8049,7349,91.3032674866443
2880A,DSXL,2015,72h,72,PBLH,8760,7487,8753,7487,85.46803652968038
2880A,DSXL,2016,72h,72,PBLH,8784,8033,8784,8033,91.45036429872495
2880A,DSXL,2017,72h,72,PBLH,8760,8252,8760,8252,94.20091324200914
2880A,DSXL,2018,72h,72,PBLH,8760,7843,8760,7843,89.53196347031962
2880A,DSXL,2019,72h,72,PBLH,8760,7981,8760,7981,91.10730593607306
2880A,DSXL,2020,72h,72,PBLH,8784,8369,8784,8369,95.27550091074681
2880A,DSXL,2021,72h,72,PBLH,8049,7349,8048,7348,91.2908435830538
2880A,DSXL,2015,7d,168,PM10,8760,7498,6011,5536,63.19634703196348
2880A,DSXL,2016,7d,168,PM10,8784,8039,7082,6728,76.59380692167578
2880A,DSXL,2017,7d,168,PM10,8760,8256,8133,7880,89.95433789954338
2880A,DSXL,2018,7d,168,PM10,8760,7755,8181,7720,88.12785388127854
2880A,DSXL,2019,7d,168,PM10,8760,8003,8353,7993,91.24429223744292
2880A,DSXL,2020,7d,168,PM10,8784,8367,8567,8346,95.0136612021858
2880A,DSXL,2021,7d,168,PM10,8049,7269,7757,7228,89.79997515219283
2880A,DSXL,2015,7d,168,SO2,8760,7498,8126,7487,85.46803652968038
2880A,DSXL,2016,7d,168,SO2,8784,8039,8476,8034,91.46174863387978
2880A,DSXL,2017,7d,168,SO2,8760,8256,8504,8244,94.10958904109589
2880A,DSXL,2018,7d,168,SO2,8760,7755,8192,7725,88.18493150684932
2880A,DSXL,2019,7d,168,SO2,8760,8003,8327,7947,90.71917808219177
2880A,DSXL,2020,7d,168,SO2,8784,8367,8578,8318,94.69489981785064
2880A,DSXL,2021,7d,168,SO2,8049,7269,7813,7240,89.94906199527891
2880A,DSXL,2015,7d,168,NO2,8760,7498,8122,7485,85.44520547945206
2880A,DSXL,2016,7d,168,NO2,8784,8039,8475,8033,91.45036429872495
2880A,DSXL,2017,7d,168,NO2,8760,8256,8502,8242,94.08675799086758
2880A,DSXL,2018,7d,168,NO2,8760,7755,8175,7711,88.02511415525115
2880A,DSXL,2019,7d,168,NO2,8760,8003,8294,7918,90.38812785388129
2880A,DSXL,2020,7d,168,NO2,8784,8367,8502,8241,93.81830601092896
2880A,DSXL,2021,7d,168,NO2,8049,7269,7788,7208,89.55149708038266
2880A,DSXL,2015,7d,168,O3-8h,8760,7498,8120,7473,85.30821917808218
2880A,DSXL,2016,7d,168,O3-8h,8784,8039,8447,8007,91.15437158469946
2880A,DSXL,2017,7d,168,O3-8h,8760,8256,8514,8253,94.21232876712328
2880A,DSXL,2018,7d,168,O3-8h,8760,7755,8229,7751,88.48173515981735
2880A,DSXL,2019,7d,168,O3-8h,8760,8003,8384,7994,91.25570776255708
2880A,DSXL,2020,7d,168,O3-8h,8784,8367,8652,8367,95.25273224043715
2880A,DSXL,2021,7d,168,O3-8h,8049,7269,7850,7242,89.97390980245993
2880A,DSXL,2015,7d,168,CO,8760,7498,8110,7472,85.29680365296804
2880A,DSXL,2016,7d,168,CO,8784,8039,8479,8037,91.49590163934425
2880A,DSXL,2017,7d,168,CO,8760,8256,8502,8242,94.08675799086758
2880A,DSXL,2018,7d,168,CO,8760,7755,8196,7725,88.18493150684932
2880A,DSXL,2019,7d,168,CO,8760,8003,8331,7947,90.71917808219177
2880A,DSXL,2020,7d,168,CO,8784,8367,8565,8307,94.56967213114754
2880A,DSXL,2021,7d,168,CO,8049,7269,7798,7232,89.84967076655485
2880A,DSXL,2015,7d,168,U10,8760,7498,8753,7498,85.59360730593608
2880A,DSXL,2016,7d,168,U10,8784,8039,8784,8039,91.51867030965391
2880A,DSXL,2017,7d,168,U10,8760,8256,8760,8256,94.24657534246576
2880A,DSXL,2018,7d,168,U10,8760,7755,8760,7755,88.52739726027397
2880A,DSXL,2019,7d,168,U10,8760,8003,8760,8003,91.35844748858447
2880A,DSXL,2020,7d,168,U10,8784,8367,8784,8367,95.25273224043715
2880A,DSXL,2021,7d,168,U10,8049,7269,8048,7268,90.29693129581314
2880A,DSXL,2015,7d,168,V10,8760,7498,8753,7498,85.59360730593608
2880A,DSXL,2016,7d,168,V10,8784,8039,8784,8039,91.51867030965391
2880A,DSXL,2017,7d,168,V10,8760,8256,8760,8256,94.24657534246576
2880A,DSXL,2018,7d,168,V10,8760,7755,8760,7755,88.52739726027397
2880A,DSXL,2019,7d,168,V10,8760,8003,8760,8003,91.35844748858447
2880A,DSXL,2020,7d,168,V10,8784,8367,8784,8367,95.25273224043715
2880A,DSXL,2021,7d,168,V10,8049,7269,8048,7268,90.29693129581314
2880A,DSXL,2015,7d,168,T2,8760,7498,8753,7498,85.59360730593608
2880A,DSXL,2016,7d,168,T2,8784,8039,8784,8039,91.51867030965391
2880A,DSXL,2017,7d,168,T2,8760,8256,8760,8256,94.24657534246576
2880A,DSXL,2018,7d,168,T2,8760,7755,8760,7755,88.52739726027397
2880A,DSXL,2019,7d,168,T2,8760,8003,8760,8003,91.35844748858447
2880A,DSXL,2020,7d,168,T2,8784,8367,8784,8367,95.25273224043715
2880A,DSXL,2021,7d,168,T2,8049,7269,8048,7268,90.29693129581314
2880A,DSXL,2015,7d,168,RH2,8760,7498,8753,7498,85.59360730593608
2880A,DSXL,2016,7d,168,RH2,8784,8039,8784,8039,91.51867030965391
2880A,DSXL,2017,7d,168,RH2,8760,8256,8760,8256,94.24657534246576
2880A,DSXL,2018,7d,168,RH2,8760,7755,8760,7755,88.52739726027397
2880A,DSXL,2019,7d,168,RH2,8760,8003,8760,8003,91.35844748858447
2880A,DSXL,2020,7d,168,RH2,8784,8367,8784,8367,95.25273224043715
2880A,DSXL,2021,7d,168,RH2,8049,7269,8049,7269,90.30935519940365
2880A,DSXL,2015,7d,168,PBLH,8760,7498,8753,7498,85.59360730593608
2880A,DSXL,2016,7d,168,PBLH,8784,8039,8784,8039,91.51867030965391
2880A,DSXL,2017,7d,168,PBLH,8760,8256,8760,8256,94.24657534246576
2880A,DSXL,2018,7d,168,PBLH,8760,7755,8760,7755,88.52739726027397
2880A,DSXL,2019,7d,168,PBLH,8760,8003,8760,8003,91.35844748858447
2880A,DSXL,2020,7d,168,PBLH,8784,8367,8784,8367,95.25273224043715
2880A,DSXL,2021,7d,168,PBLH,8049,7269,8048,7268,90.29693129581314
2880A,DSXL,2015,14d,336,PM10,8760,7518,6011,5573,63.618721461187214
2880A,DSXL,2016,14d,336,PM10,8784,8033,7082,6714,76.4344262295082
2880A,DSXL,2017,14d,336,PM10,8760,8238,8133,7869,89.82876712328766
2880A,DSXL,2018,14d,336,PM10,8760,7735,8181,7700,87.89954337899543
2880A,DSXL,2019,14d,336,PM10,8760,7959,8353,7949,90.7420091324201
2880A,DSXL,2020,14d,336,PM10,8784,8364,8567,8342,94.96812386156648
2880A,DSXL,2021,14d,336,PM10,8049,7107,7757,7068,87.8121505777115
2880A,DSXL,2015,14d,336,SO2,8760,7518,8126,7507,85.69634703196347
2880A,DSXL,2016,14d,336,SO2,8784,8033,8476,8028,91.39344262295081
2880A,DSXL,2017,14d,336,SO2,8760,8238,8504,8226,93.9041095890411
2880A,DSXL,2018,14d,336,SO2,8760,7735,8192,7704,87.94520547945206
2880A,DSXL,2019,14d,336,SO2,8760,7959,8327,7900,90.18264840182648
2880A,DSXL,2020,14d,336,SO2,8784,8364,8578,8318,94.69489981785064
2880A,DSXL,2021,14d,336,SO2,8049,7107,7813,7076,87.91154180643558
2880A,DSXL,2015,14d,336,NO2,8760,7518,8122,7504,85.662100456621
2880A,DSXL,2016,14d,336,NO2,8784,8033,8475,8027,91.382058287796
2880A,DSXL,2017,14d,336,NO2,8760,8238,8502,8224,93.88127853881278
2880A,DSXL,2018,14d,336,NO2,8760,7735,8175,7686,87.73972602739725
2880A,DSXL,2019,14d,336,NO2,8760,7959,8294,7868,89.81735159817352
2880A,DSXL,2020,14d,336,NO2,8784,8364,8502,8239,93.7955373406193
2880A,DSXL,2021,14d,336,NO2,8049,7107,7788,7040,87.46428127717729
2880A,DSXL,2015,14d,336,O3-8h,8760,7518,8120,7491,85.51369863013699
2880A,DSXL,2016,14d,336,O3-8h,8784,8033,8447,8006,91.14298724954463
2880A,DSXL,2017,14d,336,O3-8h,8760,8238,8514,8235,94.0068493150685
2880A,DSXL,2018,14d,336,O3-8h,8760,7735,8229,7731,88.25342465753425
2880A,DSXL,2019,14d,336,O3-8h,8760,7959,8384,7950,90.75342465753424
2880A,DSXL,2020,14d,336,O3-8h,8784,8364,8652,8364,95.21857923497268
2880A,DSXL,2021,14d,336,O3-8h,8049,7107,7850,7077,87.92396571002608
2880A,DSXL,2015,14d,336,CO,8760,7518,8110,7493,85.53652968036529
2880A,DSXL,2016,14d,336,CO,8784,8033,8479,8031,91.4275956284153
2880A,DSXL,2017,14d,336,CO,8760,8238,8502,8224,93.88127853881278
2880A,DSXL,2018,14d,336,CO,8760,7735,8196,7705,87.95662100456622
2880A,DSXL,2019,14d,336,CO,8760,7959,8331,7903,90.21689497716895
2880A,DSXL,2020,14d,336,CO,8784,8364,8565,8304,94.53551912568307
2880A,DSXL,2021,14d,336,CO,8049,7107,7798,7068,87.8121505777115
2880A,DSXL,2015,14d,336,U10,8760,7518,8753,7518,85.82191780821918
2880A,DSXL,2016,14d,336,U10,8784,8033,8784,8033,91.45036429872495
2880A,DSXL,2017,14d,336,U10,8760,8238,8760,8238,94.04109589041096
2880A,DSXL,2018,14d,336,U10,8760,7735,8760,7735,88.29908675799086
2880A,DSXL,2019,14d,336,U10,8760,7959,8760,7959,90.85616438356165
2880A,DSXL,2020,14d,336,U10,8784,8364,8784,8364,95.21857923497268
2880A,DSXL,2021,14d,336,U10,8049,7107,8048,7106,88.28425891415083
2880A,DSXL,2015,14d,336,V10,8760,7518,8753,7518,85.82191780821918
2880A,DSXL,2016,14d,336,V10,8784,8033,8784,8033,91.45036429872495
2880A,DSXL,2017,14d,336,V10,8760,8238,8760,8238,94.04109589041096
2880A,DSXL,2018,14d,336,V10,8760,7735,8760,7735,88.29908675799086
2880A,DSXL,2019,14d,336,V10,8760,7959,8760,7959,90.85616438356165
2880A,DSXL,2020,14d,336,V10,8784,8364,8784,8364,95.21857923497268
2880A,DSXL,2021,14d,336,V10,8049,7107,8048,7106,88.28425891415083
2880A,DSXL,2015,14d,336,T2,8760,7518,8753,7518,85.82191780821918
2880A,DSXL,2016,14d,336,T2,8784,8033,8784,8033,91.45036429872495
2880A,DSXL,2017,14d,336,T2,8760,8238,8760,8238,94.04109589041096
2880A,DSXL,2018,14d,336,T2,8760,7735,8760,7735,88.29908675799086
2880A,DSXL,2019,14d,336,T2,8760,7959,8760,7959,90.85616438356165
2880A,DSXL,2020,14d,336,T2,8784,8364,8784,8364,95.21857923497268
2880A,DSXL,2021,14d,336,T2,8049,7107,8048,7106,88.28425891415083
2880A,DSXL,2015,14d,336,RH2,8760,7518,8753,7518,85.82191780821918
2880A,DSXL,2016,14d,336,RH2,8784,8033,8784,8033,91.45036429872495
2880A,DSXL,2017,14d,336,RH2,8760,8238,8760,8238,94.04109589041096
2880A,DSXL,2018,14d,336,RH2,8760,7735,8760,7735,88.29908675799086
2880A,DSXL,2019,14d,336,RH2,8760,7959,8760,7959,90.85616438356165
2880A,DSXL,2020,14d,336,RH2,8784,8364,8784,8364,95.21857923497268
2880A,DSXL,2021,14d,336,RH2,8049,7107,8049,7107,88.29668281774133
2880A,DSXL,2015,14d,336,PBLH,8760,7518,8753,7518,85.82191780821918
2880A,DSXL,2016,14d,336,PBLH,8784,8033,8784,8033,91.45036429872495
2880A,DSXL,2017,14d,336,PBLH,8760,8238,8760,8238,94.04109589041096
2880A,DSXL,2018,14d,336,PBLH,8760,7735,8760,7735,88.29908675799086
2880A,DSXL,2019,14d,336,PBLH,8760,7959,8760,7959,90.85616438356165
2880A,DSXL,2020,14d,336,PBLH,8784,8364,8784,8364,95.21857923497268
2880A,DSXL,2021,14d,336,PBLH,8049,7107,8048,7106,88.28425891415083
2880A,DSXL,2015,30d,720,PM10,8760,7496,6011,5538,63.21917808219178
2880A,DSXL,2016,30d,720,PM10,8784,8055,7082,6708,76.36612021857924
2880A,DSXL,2017,30d,720,PM10,8760,8242,8133,7869,89.82876712328766
2880A,DSXL,2018,30d,720,PM10,8760,7677,8181,7642,87.23744292237443
2880A,DSXL,2019,30d,720,PM10,8760,8011,8353,8001,91.33561643835615
2880A,DSXL,2020,30d,720,PM10,8784,8352,8567,8330,94.83151183970855
2880A,DSXL,2021,30d,720,PM10,8049,6802,7757,6766,84.06013169337805
2880A,DSXL,2015,30d,720,SO2,8760,7496,8126,7485,85.44520547945206
2880A,DSXL,2016,30d,720,SO2,8784,8055,8476,8050,91.64389799635701
2880A,DSXL,2017,30d,720,SO2,8760,8242,8504,8230,93.94977168949772
2880A,DSXL,2018,30d,720,SO2,8760,7677,8192,7648,87.30593607305937
2880A,DSXL,2019,30d,720,SO2,8760,8011,8327,7955,90.81050228310502
2880A,DSXL,2020,30d,720,SO2,8784,8352,8578,8302,94.5127504553734
2880A,DSXL,2021,30d,720,SO2,8049,6802,7813,6773,84.14709901851161
2880A,DSXL,2015,30d,720,NO2,8760,7496,8122,7482,85.41095890410959
2880A,DSXL,2016,30d,720,NO2,8784,8055,8475,8049,91.63251366120218
2880A,DSXL,2017,30d,720,NO2,8760,8242,8502,8228,93.9269406392694
2880A,DSXL,2018,30d,720,NO2,8760,7677,8175,7629,87.08904109589041
2880A,DSXL,2019,30d,720,NO2,8760,8011,8294,7927,90.49086757990867
2880A,DSXL,2020,30d,720,NO2,8784,8352,8502,8222,93.60200364298726
2880A,DSXL,2021,30d,720,NO2,8049,6802,7788,6737,83.69983848925332
2880A,DSXL,2015,30d,720,O3-8h,8760,7496,8120,7470,85.27397260273972
2880A,DSXL,2016,30d,720,O3-8h,8784,8055,8447,8022,91.32513661202186
2880A,DSXL,2017,30d,720,O3-8h,8760,8242,8514,8239,94.05251141552512
2880A,DSXL,2018,30d,720,O3-8h,8760,7677,8229,7673,87.59132420091325
2880A,DSXL,2019,30d,720,O3-8h,8760,8011,8384,8004,91.36986301369862
2880A,DSXL,2020,30d,720,O3-8h,8784,8352,8652,8352,95.08196721311475
2880A,DSXL,2021,30d,720,O3-8h,8049,6802,7850,6769,84.09740340414959
2880A,DSXL,2015,30d,720,CO,8760,7496,8110,7470,85.27397260273972
2880A,DSXL,2016,30d,720,CO,8784,8055,8479,8053,91.67805100182149
2880A,DSXL,2017,30d,720,CO,8760,8242,8502,8228,93.9269406392694
2880A,DSXL,2018,30d,720,CO,8760,7677,8196,7648,87.30593607305937
2880A,DSXL,2019,30d,720,CO,8760,8011,8331,7958,90.84474885844749
2880A,DSXL,2020,30d,720,CO,8784,8352,8565,8289,94.36475409836066
2880A,DSXL,2021,30d,720,CO,8049,6802,7798,6765,84.04770778978755
2880A,DSXL,2015,30d,720,U10,8760,7496,8753,7496,85.57077625570776
2880A,DSXL,2016,30d,720,U10,8784,8055,8784,8055,91.70081967213115
2880A,DSXL,2017,30d,720,U10,8760,8242,8760,8242,94.08675799086758
2880A,DSXL,2018,30d,720,U10,8760,7677,8760,7677,87.63698630136987
2880A,DSXL,2019,30d,720,U10,8760,8011,8760,8011,91.44977168949772
2880A,DSXL,2020,30d,720,U10,8784,8352,8784,8352,95.08196721311475
2880A,DSXL,2021,30d,720,U10,8049,6802,8048,6801,84.49496831904585
2880A,DSXL,2015,30d,720,V10,8760,7496,8753,7496,85.57077625570776
2880A,DSXL,2016,30d,720,V10,8784,8055,8784,8055,91.70081967213115
2880A,DSXL,2017,30d,720,V10,8760,8242,8760,8242,94.08675799086758
2880A,DSXL,2018,30d,720,V10,8760,7677,8760,7677,87.63698630136987
2880A,DSXL,2019,30d,720,V10,8760,8011,8760,8011,91.44977168949772
2880A,DSXL,2020,30d,720,V10,8784,8352,8784,8352,95.08196721311475
2880A,DSXL,2021,30d,720,V10,8049,6802,8048,6801,84.49496831904585
2880A,DSXL,2015,30d,720,T2,8760,7496,8753,7496,85.57077625570776
2880A,DSXL,2016,30d,720,T2,8784,8055,8784,8055,91.70081967213115
2880A,DSXL,2017,30d,720,T2,8760,8242,8760,8242,94.08675799086758
2880A,DSXL,2018,30d,720,T2,8760,7677,8760,7677,87.63698630136987
2880A,DSXL,2019,30d,720,T2,8760,8011,8760,8011,91.44977168949772
2880A,DSXL,2020,30d,720,T2,8784,8352,8784,8352,95.08196721311475
2880A,DSXL,2021,30d,720,T2,8049,6802,8048,6801,84.49496831904585
2880A,DSXL,2015,30d,720,RH2,8760,7496,8753,7496,85.57077625570776
2880A,DSXL,2016,30d,720,RH2,8784,8055,8784,8055,91.70081967213115
2880A,DSXL,2017,30d,720,RH2,8760,8242,8760,8242,94.08675799086758
2880A,DSXL,2018,30d,720,RH2,8760,7677,8760,7677,87.63698630136987
2880A,DSXL,2019,30d,720,RH2,8760,8011,8760,8011,91.44977168949772
2880A,DSXL,2020,30d,720,RH2,8784,8352,8784,8352,95.08196721311475
2880A,DSXL,2021,30d,720,RH2,8049,6802,8049,6802,84.50739222263635
2880A,DSXL,2015,30d,720,PBLH,8760,7496,8753,7496,85.57077625570776
2880A,DSXL,2016,30d,720,PBLH,8784,8055,8784,8055,91.70081967213115
2880A,DSXL,2017,30d,720,PBLH,8760,8242,8760,8242,94.08675799086758
2880A,DSXL,2018,30d,720,PBLH,8760,7677,8760,7677,87.63698630136987
2880A,DSXL,2019,30d,720,PBLH,8760,8011,8760,8011,91.44977168949772
2880A,DSXL,2020,30d,720,PBLH,8784,8352,8784,8352,95.08196721311475
2880A,DSXL,2021,30d,720,PBLH,8049,6802,8048,6801,84.49496831904585
3136A,LQXQ,2015,48h,48,PM10,8760,7126,5166,4537,51.79223744292237
3136A,LQXQ,2017,48h,48,PM10,8760,7510,7067,6485,74.0296803652968
3136A,LQXQ,2018,48h,48,PM10,8760,7747,7938,7605,86.81506849315068
3136A,LQXQ,2019,48h,48,PM10,8760,7787,8251,7747,88.43607305936074
3136A,LQXQ,2020,48h,48,PM10,8784,8305,8545,8299,94.47859744990893
3136A,LQXQ,2021,48h,48,PM10,8049,7613,7838,7609,94.53348242017641
3136A,LQXQ,2015,48h,48,SO2,8760,7126,7939,7037,80.3310502283105
3136A,LQXQ,2017,48h,48,SO2,8760,7510,8139,7491,85.51369863013699
3136A,LQXQ,2018,48h,48,SO2,8760,7747,8074,7728,88.21917808219179
3136A,LQXQ,2019,48h,48,SO2,8760,7787,8271,7745,88.41324200913242
3136A,LQXQ,2020,48h,48,SO2,8784,8305,8511,8243,93.84107468123861
3136A,LQXQ,2021,48h,48,SO2,8049,7613,7809,7570,94.0489501801466
3136A,LQXQ,2015,48h,48,NO2,8760,7126,7954,7060,80.59360730593608
3136A,LQXQ,2017,48h,48,NO2,8760,7510,8147,7493,85.53652968036529
3136A,LQXQ,2018,48h,48,NO2,8760,7747,8063,7718,88.10502283105023
3136A,LQXQ,2019,48h,48,NO2,8760,7787,8259,7733,88.27625570776256
3136A,LQXQ,2020,48h,48,NO2,8784,8305,8503,8232,93.71584699453553
3136A,LQXQ,2021,48h,48,NO2,8049,7613,7796,7556,93.87501552987949
3136A,LQXQ,2015,48h,48,O3-8h,8760,7126,8002,7101,81.06164383561644
3136A,LQXQ,2017,48h,48,O3-8h,8760,7510,8172,7506,85.68493150684931
3136A,LQXQ,2018,48h,48,O3-8h,8760,7747,8111,7747,88.43607305936074
3136A,LQXQ,2019,48h,48,O3-8h,8760,7787,8326,7786,88.88127853881278
3136A,LQXQ,2020,48h,48,O3-8h,8784,8305,8569,8278,94.23952641165756
3136A,LQXQ,2021,48h,48,O3-8h,8049,7613,7845,7586,94.24773263759472
3136A,LQXQ,2015,48h,48,CO,8760,7126,7852,6959,79.44063926940639
3136A,LQXQ,2017,48h,48,CO,8760,7510,8135,7480,85.38812785388129
3136A,LQXQ,2018,48h,48,CO,8760,7747,8076,7729,88.23059360730593
3136A,LQXQ,2019,48h,48,CO,8760,7787,8277,7750,88.4703196347032
3136A,LQXQ,2020,48h,48,CO,8784,8305,8544,8274,94.19398907103826
3136A,LQXQ,2021,48h,48,CO,8049,7613,7815,7573,94.08622189091813
3136A,LQXQ,2015,48h,48,U10,8760,7126,8753,7126,81.34703196347031
3136A,LQXQ,2017,48h,48,U10,8760,7510,8760,7510,85.73059360730593
3136A,LQXQ,2018,48h,48,U10,8760,7747,8760,7747,88.43607305936074
3136A,LQXQ,2019,48h,48,U10,8760,7787,8760,7787,88.89269406392694
3136A,LQXQ,2020,48h,48,U10,8784,8305,8784,8305,94.54690346083788
3136A,LQXQ,2021,48h,48,U10,8049,7613,8048,7612,94.57075413094795
3136A,LQXQ,2015,48h,48,V10,8760,7126,8753,7126,81.34703196347031
3136A,LQXQ,2017,48h,48,V10,8760,7510,8760,7510,85.73059360730593
3136A,LQXQ,2018,48h,48,V10,8760,7747,8760,7747,88.43607305936074
3136A,LQXQ,2019,48h,48,V10,8760,7787,8760,7787,88.89269406392694
3136A,LQXQ,2020,48h,48,V10,8784,8305,8784,8305,94.54690346083788
3136A,LQXQ,2021,48h,48,V10,8049,7613,8048,7612,94.57075413094795
3136A,LQXQ,2015,48h,48,T2,8760,7126,8753,7126,81.34703196347031
3136A,LQXQ,2017,48h,48,T2,8760,7510,8760,7510,85.73059360730593
3136A,LQXQ,2018,48h,48,T2,8760,7747,8760,7747,88.43607305936074
3136A,LQXQ,2019,48h,48,T2,8760,7787,8760,7787,88.89269406392694
3136A,LQXQ,2020,48h,48,T2,8784,8305,8784,8305,94.54690346083788
3136A,LQXQ,2021,48h,48,T2,8049,7613,8048,7612,94.57075413094795
3136A,LQXQ,2015,48h,48,RH2,8760,7126,8753,7126,81.34703196347031
3136A,LQXQ,2017,48h,48,RH2,8760,7510,8760,7510,85.73059360730593
3136A,LQXQ,2018,48h,48,RH2,8760,7747,8760,7747,88.43607305936074
3136A,LQXQ,2019,48h,48,RH2,8760,7787,8760,7787,88.89269406392694
3136A,LQXQ,2020,48h,48,RH2,8784,8305,8784,8305,94.54690346083788
3136A,LQXQ,2021,48h,48,RH2,8049,7613,8049,7613,94.58317803453845
3136A,LQXQ,2015,48h,48,PBLH,8760,7126,8753,7126,81.34703196347031
3136A,LQXQ,2017,48h,48,PBLH,8760,7510,8760,7510,85.73059360730593
3136A,LQXQ,2018,48h,48,PBLH,8760,7747,8760,7747,88.43607305936074
3136A,LQXQ,2019,48h,48,PBLH,8760,7787,8760,7787,88.89269406392694
3136A,LQXQ,2020,48h,48,PBLH,8784,8305,8784,8305,94.54690346083788
3136A,LQXQ,2021,48h,48,PBLH,8049,7613,8048,7612,94.57075413094795
3136A,LQXQ,2015,72h,72,PM10,8760,7110,5166,4511,51.49543378995433
3136A,LQXQ,2017,72h,72,PM10,8760,7439,7067,6404,73.10502283105022
3136A,LQXQ,2018,72h,72,PM10,8760,7670,7938,7529,85.94748858447488
3136A,LQXQ,2019,72h,72,PM10,8760,7754,8251,7715,88.07077625570776
3136A,LQXQ,2020,72h,72,PM10,8784,8288,8545,8282,94.28506375227687
3136A,LQXQ,2021,72h,72,PM10,8049,7582,7838,7578,94.14834140887068
3136A,LQXQ,2015,72h,72,SO2,8760,7110,7939,7021,80.14840182648402
3136A,LQXQ,2017,72h,72,SO2,8760,7439,8139,7419,84.6917808219178
3136A,LQXQ,2018,72h,72,SO2,8760,7670,8074,7652,87.35159817351598
3136A,LQXQ,2019,72h,72,SO2,8760,7754,8271,7710,88.01369863013699
3136A,LQXQ,2020,72h,72,SO2,8784,8288,8511,8225,93.63615664845173
3136A,LQXQ,2021,72h,72,SO2,8049,7582,7809,7538,93.65138526525034
3136A,LQXQ,2015,72h,72,NO2,8760,7110,7954,7039,80.35388127853881
3136A,LQXQ,2017,72h,72,NO2,8760,7439,8147,7423,84.73744292237443
3136A,LQXQ,2018,72h,72,NO2,8760,7670,8063,7641,87.22602739726028
3136A,LQXQ,2019,72h,72,NO2,8760,7754,8259,7698,87.87671232876713
3136A,LQXQ,2020,72h,72,NO2,8784,8288,8503,8213,93.49954462659382
3136A,LQXQ,2021,72h,72,NO2,8049,7582,7796,7524,93.47745061498323
3136A,LQXQ,2015,72h,72,O3-8h,8760,7110,8002,7083,80.85616438356165
3136A,LQXQ,2017,72h,72,O3-8h,8760,7439,8172,7434,84.86301369863014
3136A,LQXQ,2018,72h,72,O3-8h,8760,7670,8111,7670,87.55707762557078
3136A,LQXQ,2019,72h,72,O3-8h,8760,7754,8326,7753,88.50456621004567
3136A,LQXQ,2020,72h,72,O3-8h,8784,8288,8569,8262,94.05737704918032
3136A,LQXQ,2021,72h,72,O3-8h,8049,7582,7845,7556,93.87501552987949
3136A,LQXQ,2015,72h,72,CO,8760,7110,7852,6945,79.28082191780823
3136A,LQXQ,2017,72h,72,CO,8760,7439,8135,7409,84.57762557077626
3136A,LQXQ,2018,72h,72,CO,8760,7670,8076,7652,87.35159817351598
3136A,LQXQ,2019,72h,72,CO,8760,7754,8277,7718,88.10502283105023
3136A,LQXQ,2020,72h,72,CO,8784,8288,8544,8258,94.01183970856101
3136A,LQXQ,2021,72h,72,CO,8049,7582,7815,7541,93.68865697602186
3136A,LQXQ,2015,72h,72,U10,8760,7110,8753,7110,81.16438356164383
3136A,LQXQ,2017,72h,72,U10,8760,7439,8760,7439,84.92009132420091
3136A,LQXQ,2018,72h,72,U10,8760,7670,8760,7670,87.55707762557078
3136A,LQXQ,2019,72h,72,U10,8760,7754,8760,7754,88.51598173515983
3136A,LQXQ,2020,72h,72,U10,8784,8288,8784,8288,94.35336976320583
3136A,LQXQ,2021,72h,72,U10,8049,7582,8048,7581,94.18561311964218
3136A,LQXQ,2015,72h,72,V10,8760,7110,8753,7110,81.16438356164383
3136A,LQXQ,2017,72h,72,V10,8760,7439,8760,7439,84.92009132420091
3136A,LQXQ,2018,72h,72,V10,8760,7670,8760,7670,87.55707762557078
3136A,LQXQ,2019,72h,72,V10,8760,7754,8760,7754,88.51598173515983
3136A,LQXQ,2020,72h,72,V10,8784,8288,8784,8288,94.35336976320583
3136A,LQXQ,2021,72h,72,V10,8049,7582,8048,7581,94.18561311964218
3136A,LQXQ,2015,72h,72,T2,8760,7110,8753,7110,81.16438356164383
3136A,LQXQ,2017,72h,72,T2,8760,7439,8760,7439,84.92009132420091
3136A,LQXQ,2018,72h,72,T2,8760,7670,8760,7670,87.55707762557078
3136A,LQXQ,2019,72h,72,T2,8760,7754,8760,7754,88.51598173515983
3136A,LQXQ,2020,72h,72,T2,8784,8288,8784,8288,94.35336976320583
3136A,LQXQ,2021,72h,72,T2,8049,7582,8048,7581,94.18561311964218
3136A,LQXQ,2015,72h,72,RH2,8760,7110,8753,7110,81.16438356164383
3136A,LQXQ,2017,72h,72,RH2,8760,7439,8760,7439,84.92009132420091
3136A,LQXQ,2018,72h,72,RH2,8760,7670,8760,7670,87.55707762557078
3136A,LQXQ,2019,72h,72,RH2,8760,7754,8760,7754,88.51598173515983
3136A,LQXQ,2020,72h,72,RH2,8784,8288,8784,8288,94.35336976320583
3136A,LQXQ,2021,72h,72,RH2,8049,7582,8049,7582,94.1980370232327
3136A,LQXQ,2015,72h,72,PBLH,8760,7110,8753,7110,81.16438356164383
3136A,LQXQ,2017,72h,72,PBLH,8760,7439,8760,7439,84.92009132420091
3136A,LQXQ,2018,72h,72,PBLH,8760,7670,8760,7670,87.55707762557078
3136A,LQXQ,2019,72h,72,PBLH,8760,7754,8760,7754,88.51598173515983
3136A,LQXQ,2020,72h,72,PBLH,8784,8288,8784,8288,94.35336976320583
3136A,LQXQ,2021,72h,72,PBLH,8049,7582,8048,7581,94.18561311964218
3136A,LQXQ,2015,7d,168,PM10,8760,7134,5166,4472,51.05022831050229
3136A,LQXQ,2017,7d,168,PM10,8760,7353,7067,6393,72.97945205479452
3136A,LQXQ,2018,7d,168,PM10,8760,7573,7938,7430,84.81735159817352
3136A,LQXQ,2019,7d,168,PM10,8760,7777,8251,7738,88.33333333333333
3136A,LQXQ,2020,7d,168,PM10,8784,8294,8545,8287,94.341985428051
3136A,LQXQ,2021,7d,168,PM10,8049,7485,7838,7481,92.94322276059138
3136A,LQXQ,2015,7d,168,SO2,8760,7134,7939,7045,80.42237442922374
3136A,LQXQ,2017,7d,168,SO2,8760,7353,8139,7334,83.7214611872146
3136A,LQXQ,2018,7d,168,SO2,8760,7573,8074,7555,86.24429223744292
3136A,LQXQ,2019,7d,168,SO2,8760,7777,8271,7735,88.29908675799086
3136A,LQXQ,2020,7d,168,SO2,8784,8294,8511,8231,93.7044626593807
3136A,LQXQ,2021,7d,168,SO2,8049,7485,7809,7444,92.48353832774258
3136A,LQXQ,2015,7d,168,NO2,8760,7134,7954,7064,80.6392694063927
3136A,LQXQ,2017,7d,168,NO2,8760,7353,8147,7339,83.77853881278538
3136A,LQXQ,2018,7d,168,NO2,8760,7573,8063,7544,86.11872146118722
3136A,LQXQ,2019,7d,168,NO2,8760,7777,8259,7724,88.17351598173516
3136A,LQXQ,2020,7d,168,NO2,8784,8294,8503,8221,93.59061930783243
3136A,LQXQ,2021,7d,168,NO2,8049,7485,7796,7428,92.28475587029445
3136A,LQXQ,2015,7d,168,O3-8h,8760,7134,8002,7109,81.15296803652969
3136A,LQXQ,2017,7d,168,O3-8h,8760,7353,8172,7348,83.8812785388128
3136A,LQXQ,2018,7d,168,O3-8h,8760,7573,8111,7573,86.44977168949771
3136A,LQXQ,2019,7d,168,O3-8h,8760,7777,8326,7777,88.77853881278538
3136A,LQXQ,2020,7d,168,O3-8h,8784,8294,8569,8266,94.10291438979964
3136A,LQXQ,2021,7d,168,O3-8h,8049,7485,7845,7459,92.6698968816002
3136A,LQXQ,2015,7d,168,CO,8760,7134,7852,6966,79.52054794520548
3136A,LQXQ,2017,7d,168,CO,8760,7353,8135,7324,83.60730593607306
3136A,LQXQ,2018,7d,168,CO,8760,7573,8076,7554,86.23287671232876
3136A,LQXQ,2019,7d,168,CO,8760,7777,8277,7739,88.34474885844749
3136A,LQXQ,2020,7d,168,CO,8784,8294,8544,8265,94.0915300546448
3136A,LQXQ,2021,7d,168,CO,8049,7485,7815,7446,92.5083861349236
3136A,LQXQ,2015,7d,168,U10,8760,7134,8753,7134,81.43835616438356
3136A,LQXQ,2017,7d,168,U10,8760,7353,8760,7353,83.93835616438356
3136A,LQXQ,2018,7d,168,U10,8760,7573,8760,7573,86.44977168949771
3136A,LQXQ,2019,7d,168,U10,8760,7777,8760,7777,88.77853881278538
3136A,LQXQ,2020,7d,168,U10,8784,8294,8784,8294,94.4216757741348
3136A,LQXQ,2021,7d,168,U10,8049,7485,8048,7484,92.9804944713629
3136A,LQXQ,2015,7d,168,V10,8760,7134,8753,7134,81.43835616438356
3136A,LQXQ,2017,7d,168,V10,8760,7353,8760,7353,83.93835616438356
3136A,LQXQ,2018,7d,168,V10,8760,7573,8760,7573,86.44977168949771
3136A,LQXQ,2019,7d,168,V10,8760,7777,8760,7777,88.77853881278538
3136A,LQXQ,2020,7d,168,V10,8784,8294,8784,8294,94.4216757741348
3136A,LQXQ,2021,7d,168,V10,8049,7485,8048,7484,92.9804944713629
3136A,LQXQ,2015,7d,168,T2,8760,7134,8753,7134,81.43835616438356
3136A,LQXQ,2017,7d,168,T2,8760,7353,8760,7353,83.93835616438356
3136A,LQXQ,2018,7d,168,T2,8760,7573,8760,7573,86.44977168949771
3136A,LQXQ,2019,7d,168,T2,8760,7777,8760,7777,88.77853881278538
3136A,LQXQ,2020,7d,168,T2,8784,8294,8784,8294,94.4216757741348
3136A,LQXQ,2021,7d,168,T2,8049,7485,8048,7484,92.9804944713629
3136A,LQXQ,2015,7d,168,RH2,8760,7134,8753,7134,81.43835616438356
3136A,LQXQ,2017,7d,168,RH2,8760,7353,8760,7353,83.93835616438356
3136A,LQXQ,2018,7d,168,RH2,8760,7573,8760,7573,86.44977168949771
3136A,LQXQ,2019,7d,168,RH2,8760,7777,8760,7777,88.77853881278538
3136A,LQXQ,2020,7d,168,RH2,8784,8294,8784,8294,94.4216757741348
3136A,LQXQ,2021,7d,168,RH2,8049,7485,8049,7485,92.99291837495342
3136A,LQXQ,2015,7d,168,PBLH,8760,7134,8753,7134,81.43835616438356
3136A,LQXQ,2017,7d,168,PBLH,8760,7353,8760,7353,83.93835616438356
3136A,LQXQ,2018,7d,168,PBLH,8760,7573,8760,7573,86.44977168949771
3136A,LQXQ,2019,7d,168,PBLH,8760,7777,8760,7777,88.77853881278538
3136A,LQXQ,2020,7d,168,PBLH,8784,8294,8784,8294,94.4216757741348
3136A,LQXQ,2021,7d,168,PBLH,8049,7485,8048,7484,92.9804944713629
3136A,LQXQ,2015,14d,336,PM10,8760,7141,5166,4544,51.87214611872146
3136A,LQXQ,2017,14d,336,PM10,8760,7364,7067,6353,72.5228310502283
3136A,LQXQ,2018,14d,336,PM10,8760,7560,7938,7422,84.72602739726027
3136A,LQXQ,2019,14d,336,PM10,8760,7728,8251,7690,87.78538812785388
3136A,LQXQ,2020,14d,336,PM10,8784,8290,8545,8284,94.30783242258653
3136A,LQXQ,2021,14d,336,PM10,8049,7310,7838,7309,90.80631134302398
3136A,LQXQ,2015,14d,336,SO2,8760,7141,7939,7052,80.50228310502283
3136A,LQXQ,2017,14d,336,SO2,8760,7364,8139,7342,83.81278538812785
3136A,LQXQ,2018,14d,336,SO2,8760,7560,8074,7542,86.0958904109589
3136A,LQXQ,2019,14d,336,SO2,8760,7728,8271,7685,87.72831050228311
3136A,LQXQ,2020,14d,336,SO2,8784,8290,8511,8229,93.68169398907104
3136A,LQXQ,2021,14d,336,SO2,8049,7310,7809,7271,90.33420300658467
3136A,LQXQ,2015,14d,336,NO2,8760,7141,7954,7069,80.69634703196347
3136A,LQXQ,2017,14d,336,NO2,8760,7364,8147,7347,83.86986301369863
3136A,LQXQ,2018,14d,336,NO2,8760,7560,8063,7531,85.9703196347032
3136A,LQXQ,2019,14d,336,NO2,8760,7728,8259,7673,87.59132420091325
3136A,LQXQ,2020,14d,336,NO2,8784,8290,8503,8216,93.53369763205829
3136A,LQXQ,2021,14d,336,NO2,8049,7310,7796,7255,90.13542054913654
3136A,LQXQ,2015,14d,336,O3-8h,8760,7141,8002,7117,81.24429223744293
3136A,LQXQ,2017,14d,336,O3-8h,8760,7364,8172,7359,84.0068493150685
3136A,LQXQ,2018,14d,336,O3-8h,8760,7560,8111,7560,86.3013698630137
3136A,LQXQ,2019,14d,336,O3-8h,8760,7728,8326,7727,88.20776255707763
3136A,LQXQ,2020,14d,336,O3-8h,8784,8290,8569,8262,94.05737704918032
3136A,LQXQ,2021,14d,336,O3-8h,8049,7310,7845,7284,90.49571375326127
3136A,LQXQ,2015,14d,336,CO,8760,7141,7852,6971,79.57762557077626
3136A,LQXQ,2017,14d,336,CO,8760,7364,8135,7333,83.71004566210046
3136A,LQXQ,2018,14d,336,CO,8760,7560,8076,7541,86.08447488584476
3136A,LQXQ,2019,14d,336,CO,8760,7728,8277,7690,87.78538812785388
3136A,LQXQ,2020,14d,336,CO,8784,8290,8544,8260,94.03460837887067
3136A,LQXQ,2021,14d,336,CO,8049,7310,7815,7273,90.35905081376569
3136A,LQXQ,2015,14d,336,U10,8760,7141,8753,7141,81.51826484018265
3136A,LQXQ,2017,14d,336,U10,8760,7364,8760,7364,84.06392694063926
3136A,LQXQ,2018,14d,336,U10,8760,7560,8760,7560,86.3013698630137
3136A,LQXQ,2019,14d,336,U10,8760,7728,8760,7728,88.21917808219179
3136A,LQXQ,2020,14d,336,U10,8784,8290,8784,8290,94.37613843351548
3136A,LQXQ,2021,14d,336,U10,8049,7310,8048,7309,90.80631134302398
3136A,LQXQ,2015,14d,336,V10,8760,7141,8753,7141,81.51826484018265
3136A,LQXQ,2017,14d,336,V10,8760,7364,8760,7364,84.06392694063926
3136A,LQXQ,2018,14d,336,V10,8760,7560,8760,7560,86.3013698630137
3136A,LQXQ,2019,14d,336,V10,8760,7728,8760,7728,88.21917808219179
3136A,LQXQ,2020,14d,336,V10,8784,8290,8784,8290,94.37613843351548
3136A,LQXQ,2021,14d,336,V10,8049,7310,8048,7309,90.80631134302398
3136A,LQXQ,2015,14d,336,T2,8760,7141,8753,7141,81.51826484018265
3136A,LQXQ,2017,14d,336,T2,8760,7364,8760,7364,84.06392694063926
3136A,LQXQ,2018,14d,336,T2,8760,7560,8760,7560,86.3013698630137
3136A,LQXQ,2019,14d,336,T2,8760,7728,8760,7728,88.21917808219179
3136A,LQXQ,2020,14d,336,T2,8784,8290,8784,8290,94.37613843351548
3136A,LQXQ,2021,14d,336,T2,8049,7310,8048,7309,90.80631134302398
3136A,LQXQ,2015,14d,336,RH2,8760,7141,8753,7141,81.51826484018265
3136A,LQXQ,2017,14d,336,RH2,8760,7364,8760,7364,84.06392694063926
3136A,LQXQ,2018,14d,336,RH2,8760,7560,8760,7560,86.3013698630137
3136A,LQXQ,2019,14d,336,RH2,8760,7728,8760,7728,88.21917808219179
3136A,LQXQ,2020,14d,336,RH2,8784,8290,8784,8290,94.37613843351548
3136A,LQXQ,2021,14d,336,RH2,8049,7310,8049,7310,90.8187352466145
3136A,LQXQ,2015,14d,336,PBLH,8760,7141,8753,7141,81.51826484018265
3136A,LQXQ,2017,14d,336,PBLH,8760,7364,8760,7364,84.06392694063926
3136A,LQXQ,2018,14d,336,PBLH,8760,7560,8760,7560,86.3013698630137
3136A,LQXQ,2019,14d,336,PBLH,8760,7728,8760,7728,88.21917808219179
3136A,LQXQ,2020,14d,336,PBLH,8784,8290,8784,8290,94.37613843351548
3136A,LQXQ,2021,14d,336,PBLH,8049,7310,8048,7309,90.80631134302398
3136A,LQXQ,2015,30d,720,PM10,8760,7151,5166,4518,51.57534246575343
3136A,LQXQ,2017,30d,720,PM10,8760,7378,7067,6356,72.55707762557077
3136A,LQXQ,2018,30d,720,PM10,8760,7523,7938,7386,84.31506849315068
3136A,LQXQ,2019,30d,720,PM10,8760,7803,8251,7763,88.6187214611872
3136A,LQXQ,2020,30d,720,PM10,8784,8288,8545,8281,94.27367941712204
3136A,LQXQ,2021,30d,720,PM10,8049,6944,7838,6943,86.259162628898
3136A,LQXQ,2015,30d,720,SO2,8760,7151,7939,7063,80.62785388127854
3136A,LQXQ,2017,30d,720,SO2,8760,7378,8139,7358,83.99543378995433
3136A,LQXQ,2018,30d,720,SO2,8760,7523,8074,7505,85.67351598173516
3136A,LQXQ,2019,30d,720,SO2,8760,7803,8271,7759,88.57305936073058
3136A,LQXQ,2020,30d,720,SO2,8784,8288,8511,8225,93.63615664845173
3136A,LQXQ,2021,30d,720,SO2,8049,6944,7809,6906,85.7994781960492
3136A,LQXQ,2015,30d,720,NO2,8760,7151,7954,7081,80.83333333333333
3136A,LQXQ,2017,30d,720,NO2,8760,7378,8147,7361,84.0296803652968
3136A,LQXQ,2018,30d,720,NO2,8760,7523,8063,7493,85.53652968036529
3136A,LQXQ,2019,30d,720,NO2,8760,7803,8259,7749,88.45890410958904
3136A,LQXQ,2020,30d,720,NO2,8784,8288,8503,8213,93.49954462659382
3136A,LQXQ,2021,30d,720,NO2,8049,6944,7796,6890,85.60069573860108
3136A,LQXQ,2015,30d,720,O3-8h,8760,7151,8002,7127,81.35844748858447
3136A,LQXQ,2017,30d,720,O3-8h,8760,7378,8172,7373,84.16666666666667
3136A,LQXQ,2018,30d,720,O3-8h,8760,7523,8111,7523,85.87899543378995
3136A,LQXQ,2019,30d,720,O3-8h,8760,7803,8326,7802,89.06392694063928
3136A,LQXQ,2020,30d,720,O3-8h,8784,8288,8569,8271,94.15983606557377
3136A,LQXQ,2021,30d,720,O3-8h,8049,6944,7845,6924,86.02310846067834
3136A,LQXQ,2015,30d,720,CO,8760,7151,7852,6976,79.63470319634703
3136A,LQXQ,2017,30d,720,CO,8760,7378,8135,7347,83.86986301369863
3136A,LQXQ,2018,30d,720,CO,8760,7523,8076,7504,85.662100456621
3136A,LQXQ,2019,30d,720,CO,8760,7803,8277,7766,88.65296803652967
3136A,LQXQ,2020,30d,720,CO,8784,8288,8544,8257,94.00045537340618
3136A,LQXQ,2021,30d,720,CO,8049,6944,7815,6909,85.83674990682071
3136A,LQXQ,2015,30d,720,U10,8760,7151,8753,7151,81.63242009132419
3136A,LQXQ,2017,30d,720,U10,8760,7378,8760,7378,84.22374429223744
3136A,LQXQ,2018,30d,720,U10,8760,7523,8760,7523,85.87899543378995
3136A,LQXQ,2019,30d,720,U10,8760,7803,8760,7803,89.07534246575342
3136A,LQXQ,2020,30d,720,U10,8784,8288,8784,8288,94.35336976320583
3136A,LQXQ,2021,30d,720,U10,8049,6944,8048,6943,86.259162628898
3136A,LQXQ,2015,30d,720,V10,8760,7151,8753,7151,81.63242009132419
3136A,LQXQ,2017,30d,720,V10,8760,7378,8760,7378,84.22374429223744
3136A,LQXQ,2018,30d,720,V10,8760,7523,8760,7523,85.87899543378995
3136A,LQXQ,2019,30d,720,V10,8760,7803,8760,7803,89.07534246575342
3136A,LQXQ,2020,30d,720,V10,8784,8288,8784,8288,94.35336976320583
3136A,LQXQ,2021,30d,720,V10,8049,6944,8048,6943,86.259162628898
3136A,LQXQ,2015,30d,720,T2,8760,7151,8753,7151,81.63242009132419
3136A,LQXQ,2017,30d,720,T2,8760,7378,8760,7378,84.22374429223744
3136A,LQXQ,2018,30d,720,T2,8760,7523,8760,7523,85.87899543378995
3136A,LQXQ,2019,30d,720,T2,8760,7803,8760,7803,89.07534246575342
3136A,LQXQ,2020,30d,720,T2,8784,8288,8784,8288,94.35336976320583
3136A,LQXQ,2021,30d,720,T2,8049,6944,8048,6943,86.259162628898
3136A,LQXQ,2015,30d,720,RH2,8760,7151,8753,7151,81.63242009132419
3136A,LQXQ,2017,30d,720,RH2,8760,7378,8760,7378,84.22374429223744
3136A,LQXQ,2018,30d,720,RH2,8760,7523,8760,7523,85.87899543378995
3136A,LQXQ,2019,30d,720,RH2,8760,7803,8760,7803,89.07534246575342
3136A,LQXQ,2020,30d,720,RH2,8784,8288,8784,8288,94.35336976320583
3136A,LQXQ,2021,30d,720,RH2,8049,6944,8049,6944,86.27158653248851
3136A,LQXQ,2015,30d,720,PBLH,8760,7151,8753,7151,81.63242009132419
3136A,LQXQ,2017,30d,720,PBLH,8760,7378,8760,7378,84.22374429223744
3136A,LQXQ,2018,30d,720,PBLH,8760,7523,8760,7523,85.87899543378995
3136A,LQXQ,2019,30d,720,PBLH,8760,7803,8760,7803,89.07534246575342
3136A,LQXQ,2020,30d,720,PBLH,8784,8288,8784,8288,94.35336976320583
3136A,LQXQ,2021,30d,720,PBLH,8049,6944,8048,6943,86.259162628898
3358A,LJL,2015,48h,48,PM10,8760,7278,5632,5120,58.44748858447488
3358A,LJL,2016,48h,48,PM10,8784,7968,6447,6064,69.03460837887067
3358A,LJL,2017,48h,48,PM10,8760,8340,7046,6856,78.2648401826484
3358A,LJL,2018,48h,48,PM10,8760,7721,6577,6260,71.46118721461188
3358A,LJL,2019,48h,48,PM10,8760,7961,8142,7768,88.67579908675799
3358A,LJL,2020,48h,48,PM10,8784,8488,8651,8482,96.56193078324226
3358A,LJL,2021,48h,48,PM10,8049,7461,7772,7438,92.40899490619952
3358A,LJL,2015,48h,48,SO2,8760,7278,8010,7264,82.92237442922374
3358A,LJL,2016,48h,48,SO2,8784,7968,8447,7953,90.5396174863388
3358A,LJL,2017,48h,48,SO2,8760,8340,8540,8330,95.09132420091323
3358A,LJL,2018,48h,48,SO2,8760,7721,8052,7663,87.4771689497717
3358A,LJL,2019,48h,48,SO2,8760,7961,8272,7885,90.01141552511416
3358A,LJL,2020,48h,48,SO2,8784,8488,8608,8432,95.99271402550092
3358A,LJL,2021,48h,48,SO2,8049,7461,7770,7401,91.94931047335074
3358A,LJL,2015,48h,48,NO2,8760,7278,7930,7190,82.07762557077626
3358A,LJL,2016,48h,48,NO2,8784,7968,8407,7916,90.1183970856102
3358A,LJL,2017,48h,48,NO2,8760,8340,8530,8320,94.97716894977168
3358A,LJL,2018,48h,48,NO2,8760,7721,8048,7664,87.48858447488584
3358A,LJL,2019,48h,48,NO2,8760,7961,8279,7896,90.13698630136986
3358A,LJL,2020,48h,48,NO2,8784,8488,8573,8403,95.66256830601093
3358A,LJL,2021,48h,48,NO2,8049,7461,7782,7412,92.08597341284631
3358A,LJL,2015,48h,48,O3-8h,8760,7278,8011,7266,82.94520547945206
3358A,LJL,2016,48h,48,O3-8h,8784,7968,8442,7946,90.45992714025502
3358A,LJL,2017,48h,48,O3-8h,8760,8340,8560,8340,95.2054794520548
3358A,LJL,2018,48h,48,O3-8h,8760,7721,8088,7679,87.65981735159816
3358A,LJL,2019,48h,48,O3-8h,8760,7961,8360,7960,90.8675799086758
3358A,LJL,2020,48h,48,O3-8h,8784,8488,8666,8473,96.45947176684882
3358A,LJL,2021,48h,48,O3-8h,8049,7461,7798,7420,92.18536464157037
3358A,LJL,2015,48h,48,CO,8760,7278,8006,7261,82.88812785388127
3358A,LJL,2016,48h,48,CO,8784,7968,8428,7935,90.33469945355192
3358A,LJL,2017,48h,48,CO,8760,8340,8536,8326,95.04566210045662
3358A,LJL,2018,48h,48,CO,8760,7721,8049,7663,87.4771689497717
3358A,LJL,2019,48h,48,CO,8760,7961,8292,7908,90.27397260273973
3358A,LJL,2020,48h,48,CO,8784,8488,8598,8426,95.92440801457195
3358A,LJL,2021,48h,48,CO,8049,7461,7755,7386,91.7629519194931
3358A,LJL,2015,48h,48,U10,8760,7278,8753,7278,83.08219178082192
3358A,LJL,2016,48h,48,U10,8784,7968,8784,7968,90.7103825136612
3358A,LJL,2017,48h,48,U10,8760,8340,8760,8340,95.2054794520548
3358A,LJL,2018,48h,48,U10,8760,7721,8760,7721,88.1392694063927
3358A,LJL,2019,48h,48,U10,8760,7961,8760,7961,90.87899543378995
3358A,LJL,2020,48h,48,U10,8784,8488,8784,8488,96.63023679417122
3358A,LJL,2021,48h,48,U10,8049,7461,8048,7460,92.68232078519071
3358A,LJL,2015,48h,48,V10,8760,7278,8753,7278,83.08219178082192
3358A,LJL,2016,48h,48,V10,8784,7968,8784,7968,90.7103825136612
3358A,LJL,2017,48h,48,V10,8760,8340,8760,8340,95.2054794520548
3358A,LJL,2018,48h,48,V10,8760,7721,8760,7721,88.1392694063927
3358A,LJL,2019,48h,48,V10,8760,7961,8760,7961,90.87899543378995
3358A,LJL,2020,48h,48,V10,8784,8488,8784,8488,96.63023679417122
3358A,LJL,2021,48h,48,V10,8049,7461,8048,7460,92.68232078519071
3358A,LJL,2015,48h,48,T2,8760,7278,8753,7278,83.08219178082192
3358A,LJL,2016,48h,48,T2,8784,7968,8784,7968,90.7103825136612
3358A,LJL,2017,48h,48,T2,8760,8340,8760,8340,95.2054794520548
3358A,LJL,2018,48h,48,T2,8760,7721,8760,7721,88.1392694063927
3358A,LJL,2019,48h,48,T2,8760,7961,8760,7961,90.87899543378995
3358A,LJL,2020,48h,48,T2,8784,8488,8784,8488,96.63023679417122
3358A,LJL,2021,48h,48,T2,8049,7461,8048,7460,92.68232078519071
3358A,LJL,2015,48h,48,RH2,8760,7278,8753,7278,83.08219178082192
3358A,LJL,2016,48h,48,RH2,8784,7968,8784,7968,90.7103825136612
3358A,LJL,2017,48h,48,RH2,8760,8340,8760,8340,95.2054794520548
3358A,LJL,2018,48h,48,RH2,8760,7721,8760,7721,88.1392694063927
3358A,LJL,2019,48h,48,RH2,8760,7961,8760,7961,90.87899543378995
3358A,LJL,2020,48h,48,RH2,8784,8488,8784,8488,96.63023679417122
3358A,LJL,2021,48h,48,RH2,8049,7461,8049,7461,92.69474468878121
3358A,LJL,2015,48h,48,PBLH,8760,7278,8753,7278,83.08219178082192
3358A,LJL,2016,48h,48,PBLH,8784,7968,8784,7968,90.7103825136612
3358A,LJL,2017,48h,48,PBLH,8760,8340,8760,8340,95.2054794520548
3358A,LJL,2018,48h,48,PBLH,8760,7721,8760,7721,88.1392694063927
3358A,LJL,2019,48h,48,PBLH,8760,7961,8760,7961,90.87899543378995
3358A,LJL,2020,48h,48,PBLH,8784,8488,8784,8488,96.63023679417122
3358A,LJL,2021,48h,48,PBLH,8049,7461,8048,7460,92.68232078519071
3358A,LJL,2015,72h,72,PM10,8760,7284,5632,5122,58.470319634703195
3358A,LJL,2016,72h,72,PM10,8784,7960,6447,6078,69.19398907103826
3358A,LJL,2017,72h,72,PM10,8760,8333,7046,6844,78.12785388127854
3358A,LJL,2018,72h,72,PM10,8760,7655,6577,6201,70.78767123287672
3358A,LJL,2019,72h,72,PM10,8760,7924,8142,7731,88.25342465753425
3358A,LJL,2020,72h,72,PM10,8784,8471,8651,8465,96.3683970856102
3358A,LJL,2021,72h,72,PM10,8049,7436,7772,7412,92.08597341284631
3358A,LJL,2015,72h,72,SO2,8760,7284,8010,7268,82.96803652968036
3358A,LJL,2016,72h,72,SO2,8784,7960,8447,7945,90.44854280510019
3358A,LJL,2017,72h,72,SO2,8760,8333,8540,8323,95.01141552511415
3358A,LJL,2018,72h,72,SO2,8760,7655,8052,7598,86.7351598173516
3358A,LJL,2019,72h,72,SO2,8760,7924,8272,7850,89.61187214611871
3358A,LJL,2020,72h,72,SO2,8784,8471,8608,8416,95.81056466302368
3358A,LJL,2021,72h,72,SO2,8049,7436,7770,7379,91.67598459435955
3358A,LJL,2015,72h,72,NO2,8760,7284,7930,7195,82.13470319634703
3358A,LJL,2016,72h,72,NO2,8784,7960,8407,7907,90.01593806921676
3358A,LJL,2017,72h,72,NO2,8760,8333,8530,8316,94.93150684931507
3358A,LJL,2018,72h,72,NO2,8760,7655,8048,7598,86.7351598173516
3358A,LJL,2019,72h,72,NO2,8760,7924,8279,7860,89.72602739726028
3358A,LJL,2020,72h,72,NO2,8784,8471,8573,8383,95.43488160291439
3358A,LJL,2021,72h,72,NO2,8049,7436,7782,7390,91.81264753385514
3358A,LJL,2015,72h,72,O3-8h,8760,7284,8011,7269,82.97945205479452
3358A,LJL,2016,72h,72,O3-8h,8784,7960,8442,7939,90.38023679417122
3358A,LJL,2017,72h,72,O3-8h,8760,8333,8560,8333,95.12557077625571
3358A,LJL,2018,72h,72,O3-8h,8760,7655,8088,7613,86.90639269406392
3358A,LJL,2019,72h,72,O3-8h,8760,7924,8360,7923,90.44520547945206
3358A,LJL,2020,72h,72,O3-8h,8784,8471,8666,8456,96.26593806921676
3358A,LJL,2021,72h,72,O3-8h,8049,7436,7798,7394,91.86234314821718
3358A,LJL,2015,72h,72,CO,8760,7284,8006,7266,82.94520547945206
3358A,LJL,2016,72h,72,CO,8784,7960,8428,7928,90.25500910746813
3358A,LJL,2017,72h,72,CO,8760,8333,8536,8319,94.96575342465754
3358A,LJL,2018,72h,72,CO,8760,7655,8049,7599,86.74657534246575
3358A,LJL,2019,72h,72,CO,8760,7924,8292,7873,89.87442922374429
3358A,LJL,2020,72h,72,CO,8784,8471,8598,8410,95.74225865209472
3358A,LJL,2021,72h,72,CO,8049,7436,7755,7365,91.50204994409243
3358A,LJL,2015,72h,72,U10,8760,7284,8753,7284,83.15068493150685
3358A,LJL,2016,72h,72,U10,8784,7960,8784,7960,90.61930783242259
3358A,LJL,2017,72h,72,U10,8760,8333,8760,8333,95.12557077625571
3358A,LJL,2018,72h,72,U10,8760,7655,8760,7655,87.38584474885845
3358A,LJL,2019,72h,72,U10,8760,7924,8760,7924,90.4566210045662
3358A,LJL,2020,72h,72,U10,8784,8471,8784,8471,96.43670309653916
3358A,LJL,2021,72h,72,U10,8049,7436,8048,7435,92.371723195428
3358A,LJL,2015,72h,72,V10,8760,7284,8753,7284,83.15068493150685
3358A,LJL,2016,72h,72,V10,8784,7960,8784,7960,90.61930783242259
3358A,LJL,2017,72h,72,V10,8760,8333,8760,8333,95.12557077625571
3358A,LJL,2018,72h,72,V10,8760,7655,8760,7655,87.38584474885845
3358A,LJL,2019,72h,72,V10,8760,7924,8760,7924,90.4566210045662
3358A,LJL,2020,72h,72,V10,8784,8471,8784,8471,96.43670309653916
3358A,LJL,2021,72h,72,V10,8049,7436,8048,7435,92.371723195428
3358A,LJL,2015,72h,72,T2,8760,7284,8753,7284,83.15068493150685
3358A,LJL,2016,72h,72,T2,8784,7960,8784,7960,90.61930783242259
3358A,LJL,2017,72h,72,T2,8760,8333,8760,8333,95.12557077625571
3358A,LJL,2018,72h,72,T2,8760,7655,8760,7655,87.38584474885845
3358A,LJL,2019,72h,72,T2,8760,7924,8760,7924,90.4566210045662
3358A,LJL,2020,72h,72,T2,8784,8471,8784,8471,96.43670309653916
3358A,LJL,2021,72h,72,T2,8049,7436,8048,7435,92.371723195428
3358A,LJL,2015,72h,72,RH2,8760,7284,8753,7284,83.15068493150685
3358A,LJL,2016,72h,72,RH2,8784,7960,8784,7960,90.61930783242259
3358A,LJL,2017,72h,72,RH2,8760,8333,8760,8333,95.12557077625571
3358A,LJL,2018,72h,72,RH2,8760,7655,8760,7655,87.38584474885845
3358A,LJL,2019,72h,72,RH2,8760,7924,8760,7924,90.4566210045662
3358A,LJL,2020,72h,72,RH2,8784,8471,8784,8471,96.43670309653916
3358A,LJL,2021,72h,72,RH2,8049,7436,8049,7436,92.3841470990185
3358A,LJL,2015,72h,72,PBLH,8760,7284,8753,7284,83.15068493150685
3358A,LJL,2016,72h,72,PBLH,8784,7960,8784,7960,90.61930783242259
3358A,LJL,2017,72h,72,PBLH,8760,8333,8760,8333,95.12557077625571
3358A,LJL,2018,72h,72,PBLH,8760,7655,8760,7655,87.38584474885845
3358A,LJL,2019,72h,72,PBLH,8760,7924,8760,7924,90.4566210045662
3358A,LJL,2020,72h,72,PBLH,8784,8471,8784,8471,96.43670309653916
3358A,LJL,2021,72h,72,PBLH,8049,7436,8048,7435,92.371723195428
3358A,LJL,2015,7d,168,PM10,8760,7273,5632,5089,58.09360730593607
3358A,LJL,2016,7d,168,PM10,8784,7967,6447,6075,69.15983606557377
3358A,LJL,2017,7d,168,PM10,8760,8337,7046,6866,78.37899543378995
3358A,LJL,2018,7d,168,PM10,8760,7555,6577,6108,69.72602739726027
3358A,LJL,2019,7d,168,PM10,8760,7944,8142,7749,88.45890410958904
3358A,LJL,2020,7d,168,PM10,8784,8430,8651,8426,95.92440801457195
3358A,LJL,2021,7d,168,PM10,8049,7381,7772,7357,91.40265871536837
3358A,LJL,2015,7d,168,SO2,8760,7273,8010,7254,82.80821917808218
3358A,LJL,2016,7d,168,SO2,8784,7967,8447,7955,90.56238615664846
3358A,LJL,2017,7d,168,SO2,8760,8337,8540,8326,95.04566210045662
3358A,LJL,2018,7d,168,SO2,8760,7555,8052,7503,85.65068493150685
3358A,LJL,2019,7d,168,SO2,8760,7944,8272,7867,89.80593607305936
3358A,LJL,2020,7d,168,SO2,8784,8430,8608,8376,95.3551912568306
3358A,LJL,2021,7d,168,SO2,8049,7381,7770,7326,91.01751770406261
3358A,LJL,2015,7d,168,NO2,8760,7273,7930,7185,82.02054794520548
3358A,LJL,2016,7d,168,NO2,8784,7967,8407,7916,90.1183970856102
3358A,LJL,2017,7d,168,NO2,8760,8337,8530,8320,94.97716894977168
3358A,LJL,2018,7d,168,NO2,8760,7555,8048,7504,85.662100456621
3358A,LJL,2019,7d,168,NO2,8760,7944,8279,7879,89.94292237442923
3358A,LJL,2020,7d,168,NO2,8784,8430,8573,8343,94.97950819672131
3358A,LJL,2021,7d,168,NO2,8049,7381,7782,7336,91.14175673996769
3358A,LJL,2015,7d,168,O3-8h,8760,7273,8011,7255,82.81963470319634
3358A,LJL,2016,7d,168,O3-8h,8784,7967,8442,7948,90.48269581056466
3358A,LJL,2017,7d,168,O3-8h,8760,8337,8560,8337,95.17123287671232
3358A,LJL,2018,7d,168,O3-8h,8760,7555,8088,7513,85.7648401826484
3358A,LJL,2019,7d,168,O3-8h,8760,7944,8360,7943,90.67351598173516
3358A,LJL,2020,7d,168,O3-8h,8784,8430,8666,8415,95.79918032786885
3358A,LJL,2021,7d,168,O3-8h,8049,7381,7798,7342,91.21630016151074
3358A,LJL,2015,7d,168,CO,8760,7273,8006,7253,82.79680365296804
3358A,LJL,2016,7d,168,CO,8784,7967,8428,7940,90.39162112932605
3358A,LJL,2017,7d,168,CO,8760,8337,8536,8323,95.01141552511415
3358A,LJL,2018,7d,168,CO,8760,7555,8049,7503,85.65068493150685
3358A,LJL,2019,7d,168,CO,8760,7944,8292,7891,90.07990867579909
3358A,LJL,2020,7d,168,CO,8784,8430,8598,8372,95.30965391621129
3358A,LJL,2021,7d,168,CO,8049,7381,7755,7313,90.85600695738601
3358A,LJL,2015,7d,168,U10,8760,7273,8753,7273,83.02511415525115
3358A,LJL,2016,7d,168,U10,8784,7967,8784,7967,90.69899817850637
3358A,LJL,2017,7d,168,U10,8760,8337,8760,8337,95.17123287671232
3358A,LJL,2018,7d,168,U10,8760,7555,8760,7555,86.24429223744292
3358A,LJL,2019,7d,168,U10,8760,7944,8760,7944,90.68493150684932
3358A,LJL,2020,7d,168,U10,8784,8430,8784,8430,95.96994535519126
3358A,LJL,2021,7d,168,U10,8049,7381,8048,7380,91.68840849795006
3358A,LJL,2015,7d,168,V10,8760,7273,8753,7273,83.02511415525115
3358A,LJL,2016,7d,168,V10,8784,7967,8784,7967,90.69899817850637
3358A,LJL,2017,7d,168,V10,8760,8337,8760,8337,95.17123287671232
3358A,LJL,2018,7d,168,V10,8760,7555,8760,7555,86.24429223744292
3358A,LJL,2019,7d,168,V10,8760,7944,8760,7944,90.68493150684932
3358A,LJL,2020,7d,168,V10,8784,8430,8784,8430,95.96994535519126
3358A,LJL,2021,7d,168,V10,8049,7381,8048,7380,91.68840849795006
3358A,LJL,2015,7d,168,T2,8760,7273,8753,7273,83.02511415525115
3358A,LJL,2016,7d,168,T2,8784,7967,8784,7967,90.69899817850637
3358A,LJL,2017,7d,168,T2,8760,8337,8760,8337,95.17123287671232
3358A,LJL,2018,7d,168,T2,8760,7555,8760,7555,86.24429223744292
3358A,LJL,2019,7d,168,T2,8760,7944,8760,7944,90.68493150684932
3358A,LJL,2020,7d,168,T2,8784,8430,8784,8430,95.96994535519126
3358A,LJL,2021,7d,168,T2,8049,7381,8048,7380,91.68840849795006
3358A,LJL,2015,7d,168,RH2,8760,7273,8753,7273,83.02511415525115
3358A,LJL,2016,7d,168,RH2,8784,7967,8784,7967,90.69899817850637
3358A,LJL,2017,7d,168,RH2,8760,8337,8760,8337,95.17123287671232
3358A,LJL,2018,7d,168,RH2,8760,7555,8760,7555,86.24429223744292
3358A,LJL,2019,7d,168,RH2,8760,7944,8760,7944,90.68493150684932
3358A,LJL,2020,7d,168,RH2,8784,8430,8784,8430,95.96994535519126
3358A,LJL,2021,7d,168,RH2,8049,7381,8049,7381,91.70083240154057
3358A,LJL,2015,7d,168,PBLH,8760,7273,8753,7273,83.02511415525115
3358A,LJL,2016,7d,168,PBLH,8784,7967,8784,7967,90.69899817850637
3358A,LJL,2017,7d,168,PBLH,8760,8337,8760,8337,95.17123287671232
3358A,LJL,2018,7d,168,PBLH,8760,7555,8760,7555,86.24429223744292
3358A,LJL,2019,7d,168,PBLH,8760,7944,8760,7944,90.68493150684932
3358A,LJL,2020,7d,168,PBLH,8784,8430,8784,8430,95.96994535519126
3358A,LJL,2021,7d,168,PBLH,8049,7381,8048,7380,91.68840849795006
3358A,LJL,2015,14d,336,PM10,8760,7306,5632,5120,58.44748858447488
3358A,LJL,2016,14d,336,PM10,8784,7961,6447,6063,69.02322404371584
3358A,LJL,2017,14d,336,PM10,8760,8331,7046,6858,78.2876712328767
3358A,LJL,2018,14d,336,PM10,8760,7516,6577,6119,69.85159817351598
3358A,LJL,2019,14d,336,PM10,8760,7907,8142,7716,88.08219178082192
3358A,LJL,2020,14d,336,PM10,8784,8418,8651,8413,95.77641165755921
3358A,LJL,2021,14d,336,PM10,8049,7236,7772,7213,89.6136165983352
3358A,LJL,2015,14d,336,SO2,8760,7306,8010,7289,83.20776255707763
3358A,LJL,2016,14d,336,SO2,8784,7961,8447,7947,90.47131147540983
3358A,LJL,2017,14d,336,SO2,8760,8331,8540,8320,94.97716894977168
3358A,LJL,2018,14d,336,SO2,8760,7516,8052,7462,85.18264840182648
3358A,LJL,2019,14d,336,SO2,8760,7907,8272,7830,89.38356164383562
3358A,LJL,2020,14d,336,SO2,8784,8418,8608,8362,95.19581056466302
3358A,LJL,2021,14d,336,SO2,8049,7236,7770,7181,89.21605168343893
3358A,LJL,2015,14d,336,NO2,8760,7306,7930,7217,82.38584474885845
3358A,LJL,2016,14d,336,NO2,8784,7961,8407,7906,90.00455373406193
3358A,LJL,2017,14d,336,NO2,8760,8331,8530,8311,94.8744292237443
3358A,LJL,2018,14d,336,NO2,8760,7516,8048,7463,85.19406392694064
3358A,LJL,2019,14d,336,NO2,8760,7907,8279,7842,89.52054794520548
3358A,LJL,2020,14d,336,NO2,8784,8418,8573,8330,94.83151183970855
3358A,LJL,2021,14d,336,NO2,8049,7236,7782,7192,89.35271462293453
3358A,LJL,2015,14d,336,O3-8h,8760,7306,8011,7290,83.21917808219177
3358A,LJL,2016,14d,336,O3-8h,8784,7961,8442,7939,90.38023679417122
3358A,LJL,2017,14d,336,O3-8h,8760,8331,8560,8331,95.1027397260274
3358A,LJL,2018,14d,336,O3-8h,8760,7516,8088,7475,85.3310502283105
3358A,LJL,2019,14d,336,O3-8h,8760,7907,8360,7906,90.25114155251141
3358A,LJL,2020,14d,336,O3-8h,8784,8418,8666,8403,95.66256830601093
3358A,LJL,2021,14d,336,O3-8h,8049,7236,7798,7197,89.41483414088707
3358A,LJL,2015,14d,336,CO,8760,7306,8006,7287,83.18493150684931
3358A,LJL,2016,14d,336,CO,8784,7961,8428,7929,90.26639344262296
3358A,LJL,2017,14d,336,CO,8760,8331,8536,8317,94.94292237442923
3358A,LJL,2018,14d,336,CO,8760,7516,8049,7463,85.19406392694064
3358A,LJL,2019,14d,336,CO,8760,7907,8292,7852,89.63470319634703
3358A,LJL,2020,14d,336,CO,8784,8418,8598,8359,95.16165755919855
3358A,LJL,2021,14d,336,CO,8049,7236,7755,7167,89.04211703317182
3358A,LJL,2015,14d,336,U10,8760,7306,8753,7306,83.40182648401826
3358A,LJL,2016,14d,336,U10,8784,7961,8784,7961,90.63069216757741
3358A,LJL,2017,14d,336,U10,8760,8331,8760,8331,95.1027397260274
3358A,LJL,2018,14d,336,U10,8760,7516,8760,7516,85.79908675799088
3358A,LJL,2019,14d,336,U10,8760,7907,8760,7907,90.26255707762557
3358A,LJL,2020,14d,336,U10,8784,8418,8784,8418,95.83333333333334
3358A,LJL,2021,14d,336,U10,8049,7236,8048,7235,89.88694247732639
3358A,LJL,2015,14d,336,V10,8760,7306,8753,7306,83.40182648401826
3358A,LJL,2016,14d,336,V10,8784,7961,8784,7961,90.63069216757741
3358A,LJL,2017,14d,336,V10,8760,8331,8760,8331,95.1027397260274
3358A,LJL,2018,14d,336,V10,8760,7516,8760,7516,85.79908675799088
3358A,LJL,2019,14d,336,V10,8760,7907,8760,7907,90.26255707762557
3358A,LJL,2020,14d,336,V10,8784,8418,8784,8418,95.83333333333334
3358A,LJL,2021,14d,336,V10,8049,7236,8048,7235,89.88694247732639
3358A,LJL,2015,14d,336,T2,8760,7306,8753,7306,83.40182648401826
3358A,LJL,2016,14d,336,T2,8784,7961,8784,7961,90.63069216757741
3358A,LJL,2017,14d,336,T2,8760,8331,8760,8331,95.1027397260274
3358A,LJL,2018,14d,336,T2,8760,7516,8760,7516,85.79908675799088
3358A,LJL,2019,14d,336,T2,8760,7907,8760,7907,90.26255707762557
3358A,LJL,2020,14d,336,T2,8784,8418,8784,8418,95.83333333333334
3358A,LJL,2021,14d,336,T2,8049,7236,8048,7235,89.88694247732639
3358A,LJL,2015,14d,336,RH2,8760,7306,8753,7306,83.40182648401826
3358A,LJL,2016,14d,336,RH2,8784,7961,8784,7961,90.63069216757741
3358A,LJL,2017,14d,336,RH2,8760,8331,8760,8331,95.1027397260274
3358A,LJL,2018,14d,336,RH2,8760,7516,8760,7516,85.79908675799088
3358A,LJL,2019,14d,336,RH2,8760,7907,8760,7907,90.26255707762557
3358A,LJL,2020,14d,336,RH2,8784,8418,8784,8418,95.83333333333334
3358A,LJL,2021,14d,336,RH2,8049,7236,8049,7236,89.89936638091687
3358A,LJL,2015,14d,336,PBLH,8760,7306,8753,7306,83.40182648401826
3358A,LJL,2016,14d,336,PBLH,8784,7961,8784,7961,90.63069216757741
3358A,LJL,2017,14d,336,PBLH,8760,8331,8760,8331,95.1027397260274
3358A,LJL,2018,14d,336,PBLH,8760,7516,8760,7516,85.79908675799088
3358A,LJL,2019,14d,336,PBLH,8760,7907,8760,7907,90.26255707762557
3358A,LJL,2020,14d,336,PBLH,8784,8418,8784,8418,95.83333333333334
3358A,LJL,2021,14d,336,PBLH,8049,7236,8048,7235,89.88694247732639
3358A,LJL,2015,30d,720,PM10,8760,7292,5632,5069,57.86529680365297
3358A,LJL,2016,30d,720,PM10,8784,7962,6447,6100,69.44444444444444
3358A,LJL,2017,30d,720,PM10,8760,8325,7046,6841,78.09360730593608
3358A,LJL,2018,30d,720,PM10,8760,7489,6577,6054,69.10958904109589
3358A,LJL,2019,30d,720,PM10,8760,7936,8142,7747,88.43607305936074
3358A,LJL,2020,30d,720,PM10,8784,8401,8651,8395,95.5714936247723
3358A,LJL,2021,30d,720,PM10,8049,6893,7772,6870,85.3522176667909
3358A,LJL,2015,30d,720,SO2,8760,7292,8010,7273,83.02511415525115
3358A,LJL,2016,30d,720,SO2,8784,7962,8447,7949,90.4940801457195
3358A,LJL,2017,30d,720,SO2,8760,8325,8540,8314,94.90867579908677
3358A,LJL,2018,30d,720,SO2,8760,7489,8052,7432,84.84018264840184
3358A,LJL,2019,30d,720,SO2,8760,7936,8272,7866,89.7945205479452
3358A,LJL,2020,30d,720,SO2,8784,8401,8608,8347,95.02504553734063
3358A,LJL,2021,30d,720,SO2,8049,6893,7770,6840,84.97950055907566
3358A,LJL,2015,30d,720,NO2,8760,7292,7930,7199,82.18036529680364
3358A,LJL,2016,30d,720,NO2,8784,7962,8407,7906,90.00455373406193
3358A,LJL,2017,30d,720,NO2,8760,8325,8530,8305,94.80593607305936
3358A,LJL,2018,30d,720,NO2,8760,7489,8048,7430,84.81735159817352
3358A,LJL,2019,30d,720,NO2,8760,7936,8279,7870,89.84018264840182
3358A,LJL,2020,30d,720,NO2,8784,8401,8573,8314,94.64936247723132
3358A,LJL,2021,30d,720,NO2,8049,6893,7782,6849,85.09131569139024
3358A,LJL,2015,30d,720,O3-8h,8760,7292,8011,7274,83.0365296803653
3358A,LJL,2016,30d,720,O3-8h,8784,7962,8442,7940,90.39162112932605
3358A,LJL,2017,30d,720,O3-8h,8760,8325,8560,8325,95.03424657534246
3358A,LJL,2018,30d,720,O3-8h,8760,7489,8088,7447,85.01141552511416
3358A,LJL,2019,30d,720,O3-8h,8760,7936,8360,7935,90.58219178082192
3358A,LJL,2020,30d,720,O3-8h,8784,8401,8666,8386,95.46903460837886
3358A,LJL,2021,30d,720,O3-8h,8049,6893,7798,6863,85.26525034165735
3358A,LJL,2015,30d,720,CO,8760,7292,8006,7270,82.99086757990868
3358A,LJL,2016,30d,720,CO,8784,7962,8428,7935,90.33469945355192
3358A,LJL,2017,30d,720,CO,8760,8325,8536,8312,94.88584474885845
3358A,LJL,2018,30d,720,CO,8760,7489,8049,7435,84.8744292237443
3358A,LJL,2019,30d,720,CO,8760,7936,8292,7886,90.02283105022832
3358A,LJL,2020,30d,720,CO,8784,8401,8598,8341,94.95673952641167
3358A,LJL,2021,30d,720,CO,8049,6893,7755,6826,84.80556590880855
3358A,LJL,2015,30d,720,U10,8760,7292,8753,7292,83.2420091324201
3358A,LJL,2016,30d,720,U10,8784,7962,8784,7962,90.64207650273224
3358A,LJL,2017,30d,720,U10,8760,8325,8760,8325,95.03424657534246
3358A,LJL,2018,30d,720,U10,8760,7489,8760,7489,85.49086757990868
3358A,LJL,2019,30d,720,U10,8760,7936,8760,7936,90.59360730593608
3358A,LJL,2020,30d,720,U10,8784,8401,8784,8401,95.63979963570127
3358A,LJL,2021,30d,720,U10,8049,6893,8048,6892,85.6255435457821
3358A,LJL,2015,30d,720,V10,8760,7292,8753,7292,83.2420091324201
3358A,LJL,2016,30d,720,V10,8784,7962,8784,7962,90.64207650273224
3358A,LJL,2017,30d,720,V10,8760,8325,8760,8325,95.03424657534246
3358A,LJL,2018,30d,720,V10,8760,7489,8760,7489,85.49086757990868
3358A,LJL,2019,30d,720,V10,8760,7936,8760,7936,90.59360730593608
3358A,LJL,2020,30d,720,V10,8784,8401,8784,8401,95.63979963570127
3358A,LJL,2021,30d,720,V10,8049,6893,8048,6892,85.6255435457821
3358A,LJL,2015,30d,720,T2,8760,7292,8753,7292,83.2420091324201
3358A,LJL,2016,30d,720,T2,8784,7962,8784,7962,90.64207650273224
3358A,LJL,2017,30d,720,T2,8760,8325,8760,8325,95.03424657534246
3358A,LJL,2018,30d,720,T2,8760,7489,8760,7489,85.49086757990868
3358A,LJL,2019,30d,720,T2,8760,7936,8760,7936,90.59360730593608
3358A,LJL,2020,30d,720,T2,8784,8401,8784,8401,95.63979963570127
3358A,LJL,2021,30d,720,T2,8049,6893,8048,6892,85.6255435457821
3358A,LJL,2015,30d,720,RH2,8760,7292,8753,7292,83.2420091324201
3358A,LJL,2016,30d,720,RH2,8784,7962,8784,7962,90.64207650273224
3358A,LJL,2017,30d,720,RH2,8760,8325,8760,8325,95.03424657534246
3358A,LJL,2018,30d,720,RH2,8760,7489,8760,7489,85.49086757990868
3358A,LJL,2019,30d,720,RH2,8760,7936,8760,7936,90.59360730593608
3358A,LJL,2020,30d,720,RH2,8784,8401,8784,8401,95.63979963570127
3358A,LJL,2021,30d,720,RH2,8049,6893,8049,6893,85.6379674493726
3358A,LJL,2015,30d,720,PBLH,8760,7292,8753,7292,83.2420091324201
3358A,LJL,2016,30d,720,PBLH,8784,7962,8784,7962,90.64207650273224
3358A,LJL,2017,30d,720,PBLH,8760,8325,8760,8325,95.03424657534246
3358A,LJL,2018,30d,720,PBLH,8760,7489,8760,7489,85.49086757990868
3358A,LJL,2019,30d,720,PBLH,8760,7936,8760,7936,90.59360730593608
3358A,LJL,2020,30d,720,PBLH,8784,8401,8784,8401,95.63979963570127
3358A,LJL,2021,30d,720,PBLH,8049,6893,8048,6892,85.6255435457821
