timestamp,temperature,relative_humidity,surface_pressure,precipitation,wind_speed,wind_direction
2016-02-09 00:00:00+00:00,6.3,77,958.5,0.0,3.6,270
2016-02-09 01:00:00+00:00,6.5,76,959.2,0.0,4.4,261
2016-02-09 02:00:00+00:00,10.1,64,960.2,0.0,3.3,264
2016-02-09 03:00:00+00:00,10.9,62,960.1,0.0,3.0,256
2016-02-09 04:00:00+00:00,11.5,60,959.3,0.0,2.6,254
2016-02-09 05:00:00+00:00,15.3,47,958.2,0.0,1.1,198
2016-02-09 06:00:00+00:00,15.3,45,956.7,0.0,1.8,90
2016-02-09 07:00:00+00:00,15.8,42,955.1,0.0,4.0,80
2016-02-09 08:00:00+00:00,16.1,40,954.9,0.0,5.5,67
2016-02-09 09:00:00+00:00,15.9,41,954.9,0.0,6.2,54
2016-02-09 10:00:00+00:00,14.0,50,954.7,0.0,4.4,35
2016-02-09 11:00:00+00:00,11.8,62,954.4,0.0,9.4,43
2016-02-09 12:00:00+00:00,11.3,64,954.6,0.0,7.9,16
2016-02-09 13:00:00+00:00,10.5,69,954.9,0.0,6.5,354
2016-02-09 14:00:00+00:00,9.2,76,954.8,0.0,6.0,343
2016-02-09 15:00:00+00:00,8.4,83,954.6,0.0,7.1,336
2016-02-09 16:00:00+00:00,8.9,81,954.3,0.0,5.8,338
2016-02-09 17:00:00+00:00,8.5,81,953.9,0.0,5.5,337
2016-02-09 18:00:00+00:00,8.2,81,952.9,0.0,8.1,339
2016-02-09 19:00:00+00:00,8.0,81,952.3,0.0,6.7,344
2016-02-09 20:00:00+00:00,7.8,81,951.4,0.0,5.8,353
2016-02-09 21:00:00+00:00,8.0,82,950.9,0.0,6.1,357
2016-02-09 22:00:00+00:00,7.3,81,950.0,0.0,4.4,351
2016-02-09 23:00:00+00:00,7.1,84,950.7,0.0,3.1,324
2016-02-10 00:00:00+00:00,6.7,87,950.9,0.0,4.6,321
2016-02-10 01:00:00+00:00,7.7,82,951.6,0.0,6.4,333
2016-02-10 02:00:00+00:00,11.7,65,953.0,0.0,5.2,348
2016-02-10 03:00:00+00:00,12.6,55,953.0,0.0,4.7,9
2016-02-10 04:00:00+00:00,12.9,52,952.3,0.0,4.8,13
2016-02-10 05:00:00+00:00,16.8,36,951.6,0.0,4.3,24
2016-02-10 06:00:00+00:00,16.7,37,950.1,0.0,3.7,29
2016-02-10 07:00:00+00:00,16.8,37,949.0,0.0,3.1,36
2016-02-10 08:00:00+00:00,17.3,35,949.0,0.0,2.5,45
2016-02-10 09:00:00+00:00,17.2,35,949.2,0.0,2.1,31
2016-02-10 10:00:00+00:00,14.2,50,948.8,0.0,5.0,339
2016-02-10 11:00:00+00:00,12.4,53,949.0,0.0,8.5,348
2016-02-10 12:00:00+00:00,12.0,51,949.4,0.0,7.5,343
2016-02-10 13:00:00+00:00,11.7,54,950.3,0.0,8.0,333
2016-02-10 14:00:00+00:00,10.5,58,950.1,0.0,7.2,333
2016-02-10 15:00:00+00:00,8.6,70,950.2,0.0,6.9,332
2016-02-10 16:00:00+00:00,8.4,73,950.3,0.0,7.6,335
2016-02-10 17:00:00+00:00,8.2,74,950.1,0.0,7.4,346
2016-02-10 18:00:00+00:00,7.9,77,950.0,0.0,7.2,3
2016-02-10 19:00:00+00:00,7.5,80,949.7,0.0,7.5,17
2016-02-10 20:00:00+00:00,6.2,83,949.3,0.0,6.7,36
2016-02-10 21:00:00+00:00,5.9,85,948.8,0.0,6.4,47
2016-02-10 22:00:00+00:00,6.3,86,948.7,0.0,6.7,54
2016-02-10 23:00:00+00:00,6.6,86,950.5,0.0,8.4,47
2016-02-11 00:00:00+00:00,7.0,86,950.8,0.0,6.1,360
2016-02-11 01:00:00+00:00,8.1,81,951.8,0.0,6.0,343
2016-02-11 02:00:00+00:00,11.6,65,953.0,0.0,4.3,336
2016-02-11 03:00:00+00:00,12.1,62,952.5,0.0,4.7,360
2016-02-11 04:00:00+00:00,13.1,59,951.8,0.0,4.5,14
2016-02-11 05:00:00+00:00,16.7,46,951.2,0.0,4.3,24
2016-02-11 06:00:00+00:00,17.0,44,949.5,0.0,3.7,29
2016-02-11 07:00:00+00:00,17.2,45,948.7,0.0,3.3,49
2016-02-11 08:00:00+00:00,17.6,43,948.0,0.0,2.8,40
2016-02-11 09:00:00+00:00,17.4,44,948.5,0.0,2.2,9
2016-02-11 10:00:00+00:00,15.1,54,947.6,0.0,5.8,338
2016-02-11 11:00:00+00:00,15.2,51,948.2,0.0,7.9,336
2016-02-11 12:00:00+00:00,14.0,53,948.5,0.0,9.0,337
2016-02-11 13:00:00+00:00,13.9,53,948.9,0.0,9.1,342
2016-02-11 14:00:00+00:00,13.0,59,949.0,0.0,9.1,342
2016-02-11 15:00:00+00:00,12.4,65,949.0,0.0,8.1,339
2016-02-11 16:00:00+00:00,12.6,66,948.9,0.0,8.0,342
2016-02-11 17:00:00+00:00,12.7,67,948.5,0.0,8.9,346
2016-02-11 18:00:00+00:00,12.5,67,948.2,0.0,9.0,344
2016-02-11 19:00:00+00:00,12.5,67,947.7,0.0,8.8,341
2016-02-11 20:00:00+00:00,12.3,71,947.1,0.0,8.0,342
2016-02-11 21:00:00+00:00,12.2,70,947.1,0.0,6.8,342
2016-02-11 22:00:00+00:00,12.0,72,946.9,0.0,6.4,322
2016-02-11 23:00:00+00:00,11.7,73,947.6,0.0,4.7,302
2016-02-12 00:00:00+00:00,11.4,76,947.9,0.0,3.7,299
2016-02-12 01:00:00+00:00,11.3,76,948.4,0.0,8.5,298
2016-02-12 02:00:00+00:00,14.5,65,949.7,0.0,9.2,309
2016-02-12 03:00:00+00:00,15.5,62,949.2,0.0,8.2,322
2016-02-12 04:00:00+00:00,16.1,61,949.1,0.0,5.8,330
2016-02-12 05:00:00+00:00,18.9,52,948.8,0.0,4.6,18
2016-02-12 06:00:00+00:00,19.0,52,948.1,0.0,10.6,55
2016-02-12 07:00:00+00:00,18.3,56,948.1,0.0,15.3,63
2016-02-12 08:00:00+00:00,17.7,58,948.8,0.0,19.6,73
2016-02-12 09:00:00+00:00,17.0,56,950.7,0.0,20.1,75
2016-02-12 10:00:00+00:00,13.6,53,949.9,0.0,16.3,62
2016-02-12 11:00:00+00:00,13.6,48,950.8,0.0,16.0,67
2016-02-12 12:00:00+00:00,13.5,44,953.0,0.0,16.4,64
2016-02-12 13:00:00+00:00,13.5,42,954.2,0.0,16.3,59
2016-02-12 14:00:00+00:00,13.0,42,955.5,0.0,16.2,53
2016-02-12 15:00:00+00:00,11.6,42,956.4,0.0,14.5,48
2016-02-12 16:00:00+00:00,11.3,42,956.6,0.0,10.4,46
2016-02-12 17:00:00+00:00,10.7,45,957.2,0.0,6.1,40
2016-02-12 18:00:00+00:00,10.6,53,957.8,0.0,3.7,241
2016-02-12 19:00:00+00:00,10.3,58,958.3,0.0,6.9,223
2016-02-12 20:00:00+00:00,9.3,62,958.7,0.0,4.1,225
2016-02-12 21:00:00+00:00,9.1,64,958.8,0.0,3.1,225
2016-02-12 22:00:00+00:00,8.3,56,958.0,0.0,3.0,194
2016-02-12 23:00:00+00:00,8.4,59,958.4,0.0,3.1,111
2016-02-13 00:00:00+00:00,8.6,59,959.2,0.0,5.2,65
2016-02-13 01:00:00+00:00,8.9,55,961.0,0.0,8.2,75
2016-02-13 02:00:00+00:00,9.4,40,962.0,0.0,11.3,73
2016-02-13 03:00:00+00:00,9.4,36,962.8,0.0,13.2,68
2016-02-13 04:00:00+00:00,9.6,34,963.3,0.0,13.0,62
2016-02-13 05:00:00+00:00,9.7,34,963.0,0.0,12.3,52
2016-02-13 06:00:00+00:00,9.3,34,962.3,0.0,10.8,53
2016-02-13 07:00:00+00:00,8.9,35,962.0,0.0,10.1,55
2016-02-13 08:00:00+00:00,8.7,36,962.4,0.0,9.6,56
2016-02-13 09:00:00+00:00,8.6,36,963.4,0.0,9.4,50
2016-02-13 10:00:00+00:00,7.4,44,964.6,0.0,12.0,49
2016-02-13 11:00:00+00:00,7.3,45,965.9,0.0,10.5,41
2016-02-13 12:00:00+00:00,6.6,46,967.0,0.0,9.3,28
2016-02-13 13:00:00+00:00,6.3,49,968.5,0.0,7.9,357
2016-02-13 14:00:00+00:00,5.7,54,969.0,0.0,5.6,333
2016-02-13 15:00:00+00:00,5.1,60,969.9,0.0,6.3,294
2016-02-13 16:00:00+00:00,4.9,64,970.1,0.0,8.2,285
2016-02-13 17:00:00+00:00,4.2,69,970.2,0.0,8.8,282
2016-02-13 18:00:00+00:00,4.6,71,970.1,0.0,8.5,282
2016-02-13 19:00:00+00:00,4.5,72,969.8,0.0,7.6,275
2016-02-13 20:00:00+00:00,3.4,76,969.3,0.0,6.8,273
2016-02-13 21:00:00+00:00,3.2,77,969.3,0.0,5.4,274
2016-02-13 22:00:00+00:00,2.2,89,969.6,0.0,2.9,277
2016-02-13 23:00:00+00:00,2.1,89,969.5,0.0,0.7,90
2016-02-14 00:00:00+00:00,2.3,89,970.3,0.0,0.7,90
2016-02-14 01:00:00+00:00,2.8,87,971.7,0.0,1.4,270
2016-02-14 02:00:00+00:00,4.1,83,972.8,0.0,2.0,315
2016-02-14 03:00:00+00:00,4.5,77,973.6,0.0,0.7,270
2016-02-14 04:00:00+00:00,4.3,73,973.4,0.0,0.8,153
2016-02-14 05:00:00+00:00,6.0,59,973.2,0.0,0.5,45
2016-02-14 06:00:00+00:00,5.9,56,972.1,0.0,1.8,360
2016-02-14 07:00:00+00:00,6.0,53,971.1,0.0,3.7,349
2016-02-14 08:00:00+00:00,6.9,51,971.5,0.0,4.4,351
2016-02-14 09:00:00+00:00,6.8,51,971.4,0.0,5.2,326
2016-02-14 10:00:00+00:00,4.5,59,972.0,0.0,8.8,279
2016-02-14 11:00:00+00:00,4.0,67,972.2,0.0,11.1,295
2016-02-14 12:00:00+00:00,4.0,68,973.1,0.0,11.8,301
2016-02-14 13:00:00+00:00,4.0,68,974.0,0.0,10.8,307
2016-02-14 14:00:00+00:00,3.4,70,974.6,0.0,8.9,310
2016-02-14 15:00:00+00:00,2.4,77,974.9,0.0,5.2,304
2016-02-14 16:00:00+00:00,2.2,81,974.8,0.0,4.1,285
2016-02-14 17:00:00+00:00,1.8,83,974.6,0.0,3.6,276
2016-02-14 18:00:00+00:00,2.4,80,974.3,0.0,4.0,275
2016-02-14 19:00:00+00:00,1.9,80,973.8,0.0,5.0,291
2016-02-14 20:00:00+00:00,0.8,84,973.2,0.0,7.4,313
2016-02-14 21:00:00+00:00,0.6,85,972.7,0.0,7.1,311
2016-02-14 22:00:00+00:00,0.1,90,971.9,0.0,6.2,306
2016-02-14 23:00:00+00:00,0.8,84,972.6,0.0,4.4,279
2016-02-15 00:00:00+00:00,0.7,82,972.7,0.0,3.7,349
2016-02-15 01:00:00+00:00,1.0,78,973.2,0.0,3.4,342
2016-02-15 02:00:00+00:00,6.0,49,974.4,0.0,5.4,4
2016-02-15 03:00:00+00:00,6.2,47,973.9,0.0,5.9,14
2016-02-15 04:00:00+00:00,6.5,47,973.2,0.0,6.0,25
2016-02-15 05:00:00+00:00,9.4,38,972.3,0.0,5.2,34
2016-02-15 06:00:00+00:00,9.3,37,970.6,0.0,4.6,39
2016-02-15 07:00:00+00:00,9.3,37,969.2,0.0,5.2,25
2016-02-15 08:00:00+00:00,9.2,37,968.7,0.0,6.0,17
2016-02-15 09:00:00+00:00,9.0,40,968.5,0.0,8.2,15
2016-02-15 10:00:00+00:00,7.4,46,969.6,0.0,7.0,348
2016-02-15 11:00:00+00:00,6.9,48,969.5,0.0,8.3,342
2016-02-15 12:00:00+00:00,6.4,48,970.8,0.0,8.9,339
2016-02-15 13:00:00+00:00,6.4,49,971.9,0.0,6.9,332
2016-02-15 14:00:00+00:00,5.9,51,972.7,0.0,6.3,329
2016-02-15 15:00:00+00:00,4.3,60,972.8,0.0,5.0,330
2016-02-15 16:00:00+00:00,3.9,61,972.3,0.0,4.4,305
2016-02-15 17:00:00+00:00,4.6,54,972.4,0.0,4.9,287
2016-02-15 18:00:00+00:00,3.2,63,971.8,0.0,6.6,292
2016-02-15 19:00:00+00:00,3.1,62,971.5,0.0,7.3,290
2016-02-15 20:00:00+00:00,3.3,64,970.7,0.0,7.9,267
2016-02-15 21:00:00+00:00,3.5,65,970.6,0.0,7.4,247
2016-02-15 22:00:00+00:00,2.4,63,969.7,0.0,7.9,227
2016-02-15 23:00:00+00:00,2.3,67,970.4,0.0,8.5,242
2016-02-16 00:00:00+00:00,1.8,73,970.3,0.0,6.9,261
2016-02-16 01:00:00+00:00,3.8,64,971.1,0.0,6.5,270
2016-02-16 02:00:00+00:00,7.9,53,972.1,0.0,5.4,262
2016-02-16 03:00:00+00:00,8.2,48,972.0,0.0,4.0,280
2016-02-16 04:00:00+00:00,8.5,47,971.4,0.0,2.5,262
2016-02-16 05:00:00+00:00,11.6,36,970.7,0.0,1.8,259
2016-02-16 06:00:00+00:00,11.2,37,969.0,0.0,0.8,243
2016-02-16 07:00:00+00:00,11.5,36,967.7,0.0,0.7,90
2016-02-16 08:00:00+00:00,11.8,33,967.1,0.0,1.9,68
2016-02-16 09:00:00+00:00,11.8,34,967.4,0.0,1.8,37
2016-02-16 10:00:00+00:00,9.3,43,966.8,0.0,1.9,68
2016-02-16 11:00:00+00:00,8.4,56,966.8,0.0,5.4,318
2016-02-16 12:00:00+00:00,7.4,61,968.3,0.0,6.4,317
2016-02-16 13:00:00+00:00,7.5,57,969.2,0.0,6.7,324
2016-02-16 14:00:00+00:00,6.6,60,969.9,0.0,5.8,330
2016-02-16 15:00:00+00:00,5.4,66,969.7,0.0,5.5,337
2016-02-16 16:00:00+00:00,6.0,61,969.2,0.0,5.4,340
2016-02-16 17:00:00+00:00,5.6,57,968.8,0.0,5.5,328
2016-02-16 18:00:00+00:00,5.6,53,968.3,0.0,4.4,351
2016-02-16 19:00:00+00:00,3.6,65,967.5,0.0,0.8,207
2016-02-16 20:00:00+00:00,2.1,78,966.6,0.0,0.8,207
2016-02-16 21:00:00+00:00,1.4,84,966.1,0.0,2.6,214
2016-02-16 22:00:00+00:00,2.5,79,966.1,0.0,5.9,223
2016-02-16 23:00:00+00:00,2.6,77,966.7,0.0,7.1,229
2016-02-17 00:00:00+00:00,2.4,77,966.8,0.0,5.4,278
2016-02-17 01:00:00+00:00,3.5,74,967.5,0.0,4.3,294
2016-02-17 02:00:00+00:00,8.7,50,968.8,0.0,3.3,319
2016-02-17 03:00:00+00:00,9.0,50,968.9,0.0,1.6,333
2016-02-17 04:00:00+00:00,10.3,50,967.9,0.0,1.1,198
2016-02-17 05:00:00+00:00,12.8,39,967.2,0.0,3.6,180
2016-02-17 06:00:00+00:00,12.6,39,965.8,0.0,4.4,171
2016-02-17 07:00:00+00:00,12.9,38,964.9,0.0,3.7,151
2016-02-17 08:00:00+00:00,13.4,35,964.6,0.0,2.1,149
2016-02-17 09:00:00+00:00,13.3,35,964.8,0.0,2.3,129
2016-02-17 10:00:00+00:00,10.3,46,965.1,0.0,2.3,342
2016-02-17 11:00:00+00:00,9.2,56,965.1,0.0,5.8,4
2016-02-17 12:00:00+00:00,8.7,56,966.6,0.0,6.6,351
2016-02-17 13:00:00+00:00,7.6,63,967.0,0.0,6.5,354
2016-02-17 14:00:00+00:00,6.6,66,967.1,0.0,6.8,360
2016-02-17 15:00:00+00:00,4.6,71,966.8,0.0,7.4,14
2016-02-17 16:00:00+00:00,5.3,69,967.1,0.0,4.4,35
2016-02-17 17:00:00+00:00,4.8,72,966.9,0.0,7.1,41
2016-02-17 18:00:00+00:00,4.2,74,966.8,0.0,7.2,37
2016-02-17 19:00:00+00:00,4.2,74,966.4,0.0,5.2,56
2016-02-17 20:00:00+00:00,2.6,78,965.3,0.0,3.9,112
2016-02-17 21:00:00+00:00,2.6,78,964.8,0.0,1.8,169
2016-02-17 22:00:00+00:00,3.5,74,964.4,0.0,5.2,196
2016-02-17 23:00:00+00:00,2.7,81,964.5,0.0,5.1,231
2016-02-18 00:00:00+00:00,2.2,88,964.0,0.0,5.4,274
2016-02-18 01:00:00+00:00,3.9,82,964.5,0.0,3.5,294
2016-02-18 02:00:00+00:00,9.8,60,965.4,0.0,2.4,243
2016-02-18 03:00:00+00:00,10.0,55,964.8,0.0,4.4,215
2016-02-18 04:00:00+00:00,11.1,53,963.4,0.0,7.1,195
2016-02-18 05:00:00+00:00,14.3,40,962.1,0.0,7.2,186
2016-02-18 06:00:00+00:00,14.6,40,960.2,0.0,6.1,180
2016-02-18 07:00:00+00:00,14.8,40,958.9,0.0,5.2,168
2016-02-18 08:00:00+00:00,14.9,38,958.6,0.0,5.1,176
2016-02-18 09:00:00+00:00,14.8,39,958.9,0.0,4.8,167
2016-02-18 10:00:00+00:00,12.5,44,958.2,0.0,2.2,270
2016-02-18 11:00:00+00:00,11.5,51,959.7,0.0,6.8,360
2016-02-18 12:00:00+00:00,11.4,50,960.9,0.0,8.0,8
2016-02-18 13:00:00+00:00,11.0,52,962.9,0.0,9.6,13
2016-02-18 14:00:00+00:00,11.8,49,964.2,0.0,10.7,14
2016-02-18 15:00:00+00:00,11.2,54,965.3,0.0,8.7,355
2016-02-18 16:00:00+00:00,10.6,56,965.2,0.0,7.9,313
2016-02-18 17:00:00+00:00,8.7,62,965.4,0.0,8.6,292
2016-02-18 18:00:00+00:00,9.1,62,965.3,0.0,7.7,281
2016-02-18 19:00:00+00:00,8.2,66,964.9,0.2,8.0,275
2016-02-18 20:00:00+00:00,6.9,74,964.5,0.4,6.5,267
2016-02-18 21:00:00+00:00,7.1,74,964.5,0.2,5.9,256
2016-02-18 22:00:00+00:00,6.9,80,964.1,0.0,6.8,245
2016-02-18 23:00:00+00:00,6.9,81,965.0,0.0,8.2,241
2016-02-19 00:00:00+00:00,6.3,84,965.1,0.0,7.1,255
2016-02-19 01:00:00+00:00,6.5,87,966.1,0.0,8.0,275
2016-02-19 02:00:00+00:00,12.0,69,967.8,0.0,7.9,294
2016-02-19 03:00:00+00:00,12.9,51,968.4,0.0,6.4,317
2016-02-19 04:00:00+00:00,13.2,39,967.9,0.0,7.2,27
2016-02-19 05:00:00+00:00,15.9,27,967.7,0.0,9.3,36
2016-02-19 06:00:00+00:00,16.1,24,966.6,0.0,10.0,38
2016-02-19 07:00:00+00:00,16.3,23,965.5,0.0,10.5,38
2016-02-19 08:00:00+00:00,15.7,24,965.3,0.0,11.2,40
2016-02-19 09:00:00+00:00,15.6,26,965.9,0.0,12.0,39
2016-02-19 10:00:00+00:00,13.7,28,968.0,0.0,11.9,2
2016-02-19 11:00:00+00:00,12.8,35,968.9,0.0,10.0,13
2016-02-19 12:00:00+00:00,12.8,32,970.7,0.0,12.2,2
2016-02-19 13:00:00+00:00,13.0,30,972.3,0.0,12.3,345
2016-02-19 14:00:00+00:00,12.5,31,973.3,0.0,10.6,332
2016-02-19 15:00:00+00:00,11.3,31,973.9,0.0,9.9,316
2016-02-19 16:00:00+00:00,11.4,31,974.1,0.0,9.2,315
2016-02-19 17:00:00+00:00,10.7,32,974.1,0.0,9.2,312
2016-02-19 18:00:00+00:00,11.2,31,973.8,0.0,8.7,308
2016-02-19 19:00:00+00:00,11.2,31,973.3,0.0,8.3,304
2016-02-19 20:00:00+00:00,9.3,37,972.1,0.0,8.1,302
2016-02-19 21:00:00+00:00,9.7,33,971.6,0.0,7.9,300
2016-02-19 22:00:00+00:00,7.7,54,971.2,0.0,4.8,283
2016-02-19 23:00:00+00:00,7.5,54,971.2,0.0,5.2,286
2016-02-20 00:00:00+00:00,7.3,54,971.1,0.0,5.8,292
2016-02-20 01:00:00+00:00,8.3,57,970.9,0.0,8.4,290
2016-02-20 02:00:00+00:00,12.5,24,971.9,0.0,7.7,307
2016-02-20 03:00:00+00:00,12.6,25,970.9,0.0,6.5,341
2016-02-20 04:00:00+00:00,13.2,26,970.1,0.0,4.7,351
2016-02-20 05:00:00+00:00,14.1,22,968.3,0.0,1.8,323
2016-02-20 06:00:00+00:00,14.3,22,966.1,0.0,2.6,236
2016-02-20 07:00:00+00:00,14.4,24,964.2,0.0,4.1,218
2016-02-20 08:00:00+00:00,14.5,26,963.3,0.0,3.9,214
2016-02-20 09:00:00+00:00,14.4,26,962.6,0.0,1.9,248
2016-02-20 10:00:00+00:00,12.0,31,963.3,0.0,4.7,274
2016-02-20 11:00:00+00:00,11.2,39,962.3,0.0,6.9,321
2016-02-20 12:00:00+00:00,10.4,37,962.3,0.0,7.5,325
2016-02-20 13:00:00+00:00,9.6,41,962.0,0.0,7.9,321
2016-02-20 14:00:00+00:00,9.7,41,962.2,0.0,7.7,323
2016-02-20 15:00:00+00:00,8.4,45,961.7,0.0,7.5,325
2016-02-20 16:00:00+00:00,8.5,46,960.8,0.0,6.8,328
2016-02-20 17:00:00+00:00,8.0,50,960.5,0.0,7.4,346
2016-02-20 18:00:00+00:00,7.5,54,959.1,0.0,6.5,354
2016-02-20 19:00:00+00:00,8.1,51,958.2,0.0,5.8,356
2016-02-20 20:00:00+00:00,7.8,53,957.1,0.0,6.6,9
2016-02-20 21:00:00+00:00,7.8,53,956.2,0.0,7.4,29
2016-02-20 22:00:00+00:00,7.5,57,955.9,0.0,7.4,51
2016-02-20 23:00:00+00:00,7.5,59,956.0,0.0,7.1,49
2016-02-21 00:00:00+00:00,7.5,63,956.2,0.0,6.9,28
2016-02-21 01:00:00+00:00,7.8,66,957.2,0.0,9.4,2
2016-02-21 02:00:00+00:00,8.7,69,957.8,0.0,10.9,8
2016-02-21 03:00:00+00:00,8.9,72,958.6,0.0,13.0,19
2016-02-21 04:00:00+00:00,8.5,75,959.0,0.0,14.4,22
2016-02-21 05:00:00+00:00,9.1,74,959.2,0.0,16.5,20
2016-02-21 06:00:00+00:00,9.0,73,958.6,0.0,18.9,24
2016-02-21 07:00:00+00:00,9.3,73,958.7,0.0,19.0,29
2016-02-21 08:00:00+00:00,9.2,71,959.1,0.0,18.4,31
2016-02-21 09:00:00+00:00,9.1,73,960.3,0.0,15.3,27
2016-02-21 10:00:00+00:00,8.1,78,962.1,0.0,9.1,9
2016-02-21 11:00:00+00:00,8.2,79,962.8,0.4,6.6,315
2016-02-21 12:00:00+00:00,7.8,85,964.6,0.2,8.7,277
2016-02-21 13:00:00+00:00,7.5,87,965.7,0.2,11.2,264
2016-02-21 14:00:00+00:00,7.4,87,966.2,0.5,10.5,262
2016-02-21 15:00:00+00:00,6.3,89,966.7,0.5,11.2,249
2016-02-21 16:00:00+00:00,6.2,89,967.1,0.3,11.1,245
2016-02-21 17:00:00+00:00,5.9,89,967.5,0.1,10.5,248
2016-02-21 18:00:00+00:00,5.9,88,967.3,0.0,11.6,248
2016-02-21 19:00:00+00:00,5.8,88,966.7,0.0,12.1,247
2016-02-21 20:00:00+00:00,5.5,87,965.9,0.0,11.8,250
2016-02-21 21:00:00+00:00,5.5,86,965.2,0.0,12.7,255
2016-02-21 22:00:00+00:00,6.0,86,966.1,0.0,12.1,243
2016-02-21 23:00:00+00:00,6.0,86,965.4,0.0,12.6,243
2016-02-22 00:00:00+00:00,6.0,86,966.2,0.0,9.0,254
2016-02-22 01:00:00+00:00,6.3,86,966.4,0.0,6.1,267
2016-02-22 02:00:00+00:00,9.2,72,967.2,0.0,3.3,283
2016-02-22 03:00:00+00:00,9.8,62,967.1,0.0,1.5,284
2016-02-22 04:00:00+00:00,10.7,58,966.6,0.0,2.3,129
2016-02-22 05:00:00+00:00,13.5,43,966.4,0.0,4.7,122
2016-02-22 06:00:00+00:00,13.3,44,965.0,0.0,6.2,111
2016-02-22 07:00:00+00:00,13.6,44,964.0,0.0,6.6,99
2016-02-22 08:00:00+00:00,14.2,41,964.0,0.0,7.2,90
2016-02-22 09:00:00+00:00,13.6,42,964.2,0.0,7.1,75
2016-02-22 10:00:00+00:00,12.1,58,964.0,0.0,5.1,82
2016-02-22 11:00:00+00:00,11.4,70,965.4,0.0,3.1,21
2016-02-22 12:00:00+00:00,11.2,70,967.2,0.3,3.0,346
2016-02-22 13:00:00+00:00,10.6,79,968.4,0.6,6.1,332
2016-02-22 14:00:00+00:00,9.5,84,969.6,0.6,7.9,317
2016-02-22 15:00:00+00:00,8.5,89,970.5,0.7,9.4,313
2016-02-22 16:00:00+00:00,8.5,88,970.9,0.7,10.0,311
2016-02-22 17:00:00+00:00,7.9,89,971.4,0.6,9.7,309
2016-02-22 18:00:00+00:00,8.0,90,971.5,0.4,9.4,310
2016-02-22 19:00:00+00:00,8.2,90,971.3,0.5,7.9,313
2016-02-22 20:00:00+00:00,7.8,92,971.1,0.4,7.6,315
2016-02-22 21:00:00+00:00,7.7,92,970.9,0.4,6.6,315
2016-02-22 22:00:00+00:00,7.6,92,971.7,0.3,5.3,298
2016-02-22 23:00:00+00:00,7.6,91,971.2,0.2,4.9,306
2016-02-23 00:00:00+00:00,7.8,91,972.6,0.1,6.6,319
2016-02-23 01:00:00+00:00,7.8,90,973.6,0.1,9.5,335
2016-02-23 02:00:00+00:00,9.3,83,974.8,0.1,10.0,347
2016-02-23 03:00:00+00:00,9.2,81,975.2,0.1,11.3,7
2016-02-23 04:00:00+00:00,10.0,74,974.9,0.1,15.0,35
2016-02-23 05:00:00+00:00,10.7,66,974.6,0.0,14.8,41
2016-02-23 06:00:00+00:00,10.9,63,973.1,0.0,13.0,39
2016-02-23 07:00:00+00:00,11.3,61,972.0,0.0,11.8,38
2016-02-23 08:00:00+00:00,11.2,61,971.6,0.0,10.5,38
2016-02-23 09:00:00+00:00,11.0,63,971.6,0.0,10.2,39
2016-02-23 10:00:00+00:00,9.2,74,972.3,0.0,7.9,30
2016-02-23 11:00:00+00:00,9.6,72,973.1,0.0,6.1,28
2016-02-23 12:00:00+00:00,8.9,78,974.0,0.0,4.1,15
2016-02-23 13:00:00+00:00,8.2,83,974.3,0.0,4.0,350
2016-02-23 14:00:00+00:00,8.0,87,974.9,0.0,3.9,326
2016-02-23 15:00:00+00:00,6.8,94,975.0,0.0,3.7,331
2016-02-23 16:00:00+00:00,6.8,95,975.0,0.0,4.6,321
2016-02-23 17:00:00+00:00,6.6,95,975.0,0.0,3.9,326
2016-02-23 18:00:00+00:00,6.9,92,974.6,0.0,3.9,338
2016-02-23 19:00:00+00:00,6.6,95,974.2,0.0,3.3,347
2016-02-23 20:00:00+00:00,6.7,95,974.1,0.0,3.3,347
2016-02-23 21:00:00+00:00,6.4,97,973.4,0.0,2.9,353
2016-02-23 22:00:00+00:00,6.4,96,974.1,0.0,4.4,9
2016-02-23 23:00:00+00:00,6.9,92,973.9,0.0,5.1,45
2016-02-24 00:00:00+00:00,7.0,92,975.2,0.0,5.4,37
2016-02-24 01:00:00+00:00,7.2,89,976.1,0.0,4.4,9
2016-02-24 02:00:00+00:00,8.3,82,977.3,0.0,5.8,360
2016-02-24 03:00:00+00:00,8.3,83,977.0,0.0,6.8,3
2016-02-24 04:00:00+00:00,8.5,83,976.8,0.0,5.8,356
2016-02-24 05:00:00+00:00,10.4,68,976.0,0.0,5.2,344
2016-02-24 06:00:00+00:00,10.5,67,974.5,0.0,3.2,333
2016-02-24 07:00:00+00:00,10.6,66,973.2,0.0,3.5,336
2016-02-24 08:00:00+00:00,10.9,63,972.4,0.0,3.0,346
2016-02-24 09:00:00+00:00,11.0,62,972.2,0.0,4.7,351
2016-02-24 10:00:00+00:00,9.7,71,972.8,0.0,5.1,352
2016-02-24 11:00:00+00:00,9.0,80,972.8,0.0,3.6,6
2016-02-24 12:00:00+00:00,8.2,83,973.6,0.0,4.0,5
2016-02-24 13:00:00+00:00,8.5,81,974.2,0.0,5.5,11
2016-02-24 14:00:00+00:00,8.0,86,974.7,0.0,4.0,5
2016-02-24 15:00:00+00:00,8.1,87,975.1,0.0,3.4,342
2016-02-24 16:00:00+00:00,7.8,87,974.6,0.0,3.9,326
2016-02-24 17:00:00+00:00,7.4,90,974.6,0.0,3.6,307
2016-02-24 18:00:00+00:00,7.6,90,974.2,0.0,5.5,302
2016-02-24 19:00:00+00:00,7.5,90,973.7,0.0,4.3,294
2016-02-24 20:00:00+00:00,6.4,92,973.2,0.0,5.9,308
2016-02-24 21:00:00+00:00,6.9,91,972.9,0.0,4.9,324
2016-02-24 22:00:00+00:00,7.1,90,974.3,0.0,3.8,319
2016-02-24 23:00:00+00:00,6.8,91,974.3,0.0,1.5,104
2016-02-25 00:00:00+00:00,6.7,92,974.8,0.0,2.5,45
2016-02-25 01:00:00+00:00,6.3,90,975.2,0.0,2.8,40
2016-02-25 02:00:00+00:00,9.1,78,976.3,0.0,1.6,63
2016-02-25 03:00:00+00:00,9.1,80,976.3,0.0,0.8,153
2016-02-25 04:00:00+00:00,9.9,76,975.9,0.0,3.8,221
2016-02-25 05:00:00+00:00,11.9,63,975.5,0.0,6.1,230
2016-02-25 06:00:00+00:00,11.9,64,974.0,0.0,5.4,233
2016-02-25 07:00:00+00:00,12.2,59,973.2,0.0,5.4,233
2016-02-25 08:00:00+00:00,12.5,57,972.7,0.0,4.6,231
2016-02-25 09:00:00+00:00,12.7,55,972.9,0.0,4.8,243
2016-02-25 10:00:00+00:00,11.6,59,973.5,0.0,6.9,264
2016-02-25 11:00:00+00:00,10.7,68,973.2,0.0,4.7,302
2016-02-25 12:00:00+00:00,10.1,69,974.3,0.0,3.8,319
2016-02-25 13:00:00+00:00,10.1,71,974.9,0.0,4.1,285
2016-02-25 14:00:00+00:00,9.8,74,975.5,0.0,6.0,295
2016-02-25 15:00:00+00:00,7.8,86,975.4,0.0,6.0,295
2016-02-25 16:00:00+00:00,7.6,89,975.2,0.0,4.8,283
2016-02-25 17:00:00+00:00,7.5,87,974.5,0.0,4.3,265
2016-02-25 18:00:00+00:00,8.0,85,974.3,0.0,5.2,245
2016-02-25 19:00:00+00:00,6.8,92,973.3,0.0,5.2,236
2016-02-25 20:00:00+00:00,5.9,95,972.9,0.0,5.4,233
2016-02-25 21:00:00+00:00,5.6,96,972.1,0.0,5.4,228
2016-02-25 22:00:00+00:00,5.9,95,971.6,0.0,6.7,196
2016-02-25 23:00:00+00:00,5.7,95,971.8,0.0,7.4,194
2016-02-26 00:00:00+00:00,6.2,96,972.5,0.0,7.4,203
2016-02-26 01:00:00+00:00,7.0,93,972.9,0.0,7.9,196
2016-02-26 02:00:00+00:00,10.5,75,973.7,0.0,8.8,199
2016-02-26 03:00:00+00:00,11.0,72,973.2,0.0,10.8,201
2016-02-26 04:00:00+00:00,11.9,61,971.9,0.0,12.6,204
2016-02-26 05:00:00+00:00,16.1,51,971.2,0.0,12.9,203
2016-02-26 06:00:00+00:00,16.2,51,969.5,0.0,13.2,206
2016-02-26 07:00:00+00:00,16.9,49,968.3,0.0,12.4,210
2016-02-26 08:00:00+00:00,17.4,44,967.1,0.0,12.2,214
2016-02-26 09:00:00+00:00,17.2,44,966.8,0.0,10.6,215
2016-02-26 10:00:00+00:00,15.1,48,966.4,0.0,4.6,225
2016-02-26 11:00:00+00:00,13.6,55,965.8,0.0,1.5,104
2016-02-26 12:00:00+00:00,13.8,54,967.3,0.0,2.3,72
2016-02-26 13:00:00+00:00,13.7,55,967.5,0.0,2.9,360
2016-02-26 14:00:00+00:00,13.0,61,967.9,0.0,3.1,324
2016-02-26 15:00:00+00:00,10.8,74,967.7,0.0,3.2,297
2016-02-26 16:00:00+00:00,10.5,76,967.7,0.0,4.4,261
2016-02-26 17:00:00+00:00,10.0,79,967.5,0.0,4.4,215
2016-02-26 18:00:00+00:00,10.1,80,967.2,0.0,4.0,185
2016-02-26 19:00:00+00:00,10.3,80,966.7,0.0,4.0,153
2016-02-26 20:00:00+00:00,9.4,82,966.3,0.0,3.8,131
2016-02-26 21:00:00+00:00,9.7,81,965.6,0.0,3.9,124
2016-02-26 22:00:00+00:00,9.2,82,964.8,0.0,6.7,144
2016-02-26 23:00:00+00:00,9.7,80,965.5,0.0,4.7,189
2016-02-27 00:00:00+00:00,9.4,81,966.2,0.0,5.5,148
2016-02-27 01:00:00+00:00,8.6,85,966.8,0.0,3.6,90
2016-02-27 02:00:00+00:00,13.6,65,968.3,0.0,3.8,107
2016-02-27 03:00:00+00:00,13.5,66,967.7,0.0,3.1,111
2016-02-27 04:00:00+00:00,14.2,66,967.0,0.0,3.5,114
2016-02-27 05:00:00+00:00,17.5,51,966.4,0.0,4.2,121
2016-02-27 06:00:00+00:00,17.7,49,965.4,0.0,3.4,122
2016-02-27 07:00:00+00:00,18.1,46,964.3,0.0,2.9,83
2016-02-27 08:00:00+00:00,18.8,43,963.8,0.0,1.9,68
2016-02-27 09:00:00+00:00,18.4,41,963.6,0.0,2.2,99
2016-02-27 10:00:00+00:00,16.6,45,963.8,0.0,1.5,76
2016-02-27 11:00:00+00:00,17.1,45,965.1,0.0,4.2,70
2016-02-27 12:00:00+00:00,16.0,49,964.9,0.0,7.4,76
2016-02-27 13:00:00+00:00,15.3,53,965.5,0.0,7.7,62
2016-02-27 14:00:00+00:00,12.7,67,965.0,0.0,6.2,54
2016-02-27 15:00:00+00:00,10.5,82,965.4,0.0,5.1,51
2016-02-27 16:00:00+00:00,11.6,79,965.2,0.0,3.1,45
2016-02-27 17:00:00+00:00,12.5,77,965.3,0.0,1.6,27
2016-02-27 18:00:00+00:00,12.3,78,965.2,0.0,1.1,360
2016-02-27 19:00:00+00:00,12.4,76,965.1,0.0,2.2,360
2016-02-27 20:00:00+00:00,8.5,88,964.3,0.0,3.3,13
2016-02-27 21:00:00+00:00,8.2,88,964.5,0.0,5.6,27
2016-02-27 22:00:00+00:00,8.2,88,964.5,0.0,6.6,29
2016-02-27 23:00:00+00:00,7.9,88,965.5,0.0,6.2,21
2016-02-28 00:00:00+00:00,8.5,88,966.2,0.0,5.5,58
2016-02-28 01:00:00+00:00,9.2,84,968.2,0.0,7.7,49
2016-02-28 02:00:00+00:00,14.7,64,970.0,0.0,7.1,60
2016-02-28 03:00:00+00:00,14.6,64,970.2,0.0,6.2,69
2016-02-28 04:00:00+00:00,14.8,63,969.6,0.0,4.9,73
2016-02-28 05:00:00+00:00,19.3,47,970.3,0.0,4.3,66
2016-02-28 06:00:00+00:00,19.5,47,969.5,0.0,3.1,45
2016-02-28 07:00:00+00:00,19.9,46,968.8,0.0,2.3,18
2016-02-28 08:00:00+00:00,20.6,42,968.4,0.0,2.2,9
2016-02-28 09:00:00+00:00,20.6,42,968.7,0.0,2.2,351
2016-02-28 10:00:00+00:00,17.9,47,967.9,0.0,3.6,6
2016-02-28 11:00:00+00:00,15.3,61,968.0,0.0,8.1,13
2016-02-28 12:00:00+00:00,13.9,64,968.5,0.0,9.3,16
2016-02-28 13:00:00+00:00,13.4,68,969.1,0.0,9.7,358
2016-02-28 14:00:00+00:00,13.0,73,969.5,0.0,9.4,328
2016-02-28 15:00:00+00:00,10.3,83,969.4,0.0,8.6,303
2016-02-28 16:00:00+00:00,10.7,80,969.3,0.0,7.6,278
2016-02-28 17:00:00+00:00,9.3,84,968.9,0.0,7.7,259
2016-02-28 18:00:00+00:00,9.6,84,968.6,0.0,6.4,243
2016-02-28 19:00:00+00:00,9.5,84,968.1,0.0,6.3,239
2016-02-28 20:00:00+00:00,8.6,87,967.6,0.0,5.5,238
2016-02-28 21:00:00+00:00,8.3,87,966.8,0.0,5.2,236
2016-02-28 22:00:00+00:00,7.1,91,966.3,0.0,4.7,247
2016-02-28 23:00:00+00:00,7.2,91,966.4,0.0,3.7,241
2016-02-29 00:00:00+00:00,7.2,89,967.2,0.0,2.9,240
2016-02-29 01:00:00+00:00,8.3,81,967.6,0.0,3.3,257
2016-02-29 02:00:00+00:00,14.8,56,969.4,0.0,1.5,256
2016-02-29 03:00:00+00:00,15.5,58,968.7,0.0,2.3,231
2016-02-29 04:00:00+00:00,16.3,55,967.8,0.0,4.5,209
2016-02-29 05:00:00+00:00,21.1,43,967.3,0.0,6.3,193
2016-02-29 06:00:00+00:00,21.1,43,965.3,0.0,6.5,186
2016-02-29 07:00:00+00:00,21.3,41,963.6,0.0,6.2,187
2016-02-29 08:00:00+00:00,21.8,37,962.6,0.0,7.2,198
2016-02-29 09:00:00+00:00,22.1,34,962.0,0.0,6.0,197
2016-02-29 10:00:00+00:00,19.1,45,960.8,0.0,2.1,211
2016-02-29 11:00:00+00:00,19.6,41,960.7,0.0,3.4,342
2016-02-29 12:00:00+00:00,15.6,56,960.4,0.0,7.0,12
2016-02-29 13:00:00+00:00,14.6,65,960.4,0.0,8.2,15
2016-02-29 14:00:00+00:00,13.2,72,960.4,0.0,8.8,19
2016-02-29 15:00:00+00:00,12.0,79,960.1,0.0,9.3,16
2016-02-29 16:00:00+00:00,11.7,81,959.9,0.0,8.6,358
2016-02-29 17:00:00+00:00,10.4,87,959.4,0.0,7.7,349
2016-02-29 18:00:00+00:00,10.6,87,958.8,0.0,6.8,357
2016-02-29 19:00:00+00:00,9.8,86,958.0,0.0,7.2,360
2016-02-29 20:00:00+00:00,9.3,88,957.9,0.0,7.9,3
2016-02-29 21:00:00+00:00,9.6,88,957.7,0.0,8.4,7
2016-02-29 22:00:00+00:00,10.6,87,957.6,0.0,7.2,354
2016-02-29 23:00:00+00:00,9.8,89,958.0,0.0,7.9,3
2016-03-01 00:00:00+00:00,9.8,88,958.4,0.0,7.7,349
2016-03-01 01:00:00+00:00,10.4,84,959.1,0.0,9.4,337
2016-03-01 02:00:00+00:00,16.6,62,960.8,0.0,8.2,345
2016-03-01 03:00:00+00:00,17.3,55,960.5,0.0,10.5,6
2016-03-01 04:00:00+00:00,17.8,50,960.0,0.0,11.6,16
2016-03-01 05:00:00+00:00,21.7,37,959.9,0.0,12.1,17
2016-03-01 06:00:00+00:00,21.8,38,959.1,0.0,11.4,18
2016-03-01 07:00:00+00:00,22.1,37,958.1,0.0,11.3,22
2016-03-01 08:00:00+00:00,22.7,34,957.9,0.0,11.3,22
2016-03-01 09:00:00+00:00,22.7,33,958.1,0.0,10.8,21
2016-03-01 10:00:00+00:00,19.1,44,957.3,0.0,9.1,7
2016-03-01 11:00:00+00:00,17.5,52,957.3,0.0,8.8,348
2016-03-01 12:00:00+00:00,16.8,55,958.5,0.0,10.0,334
2016-03-01 13:00:00+00:00,16.9,54,959.6,0.0,10.8,323
2016-03-01 14:00:00+00:00,16.0,57,960.1,0.0,11.5,321
2016-03-01 15:00:00+00:00,14.7,61,960.6,0.0,11.8,322
2016-03-01 16:00:00+00:00,14.6,63,960.8,0.0,12.2,326
2016-03-01 17:00:00+00:00,14.5,63,960.6,0.0,12.2,326
2016-03-01 18:00:00+00:00,14.3,64,960.4,0.0,12.1,330
2016-03-01 19:00:00+00:00,14.3,63,960.3,0.0,11.8,329
2016-03-01 20:00:00+00:00,14.0,64,960.1,0.0,11.5,328
2016-03-01 21:00:00+00:00,13.8,65,960.2,0.0,10.8,330
2016-03-01 22:00:00+00:00,13.8,67,960.9,0.0,10.6,336
2016-03-01 23:00:00+00:00,14.1,65,961.3,0.0,10.2,350
2016-03-02 00:00:00+00:00,13.7,68,962.3,0.0,11.4,349
2016-03-02 01:00:00+00:00,14.7,66,963.0,0.0,13.9,343
2016-03-02 02:00:00+00:00,17.3,54,964.3,0.0,12.4,343
2016-03-02 03:00:00+00:00,18.2,49,964.5,0.0,12.9,347
2016-03-02 04:00:00+00:00,18.2,46,964.4,0.0,13.7,346
2016-03-02 05:00:00+00:00,20.8,36,964.2,0.0,13.7,337
2016-03-02 06:00:00+00:00,20.6,36,962.8,0.0,14.3,332
2016-03-02 07:00:00+00:00,20.4,38,962.0,0.0,14.2,324
2016-03-02 08:00:00+00:00,20.6,36,961.1,0.0,14.0,318
2016-03-02 09:00:00+00:00,20.1,39,961.1,0.0,12.0,311
2016-03-02 10:00:00+00:00,17.3,49,960.7,0.0,11.5,302
2016-03-02 11:00:00+00:00,15.9,56,960.6,0.0,7.1,300
2016-03-02 12:00:00+00:00,15.3,60,961.0,0.0,8.2,299
2016-03-02 13:00:00+00:00,15.0,64,961.4,0.0,7.9,286
2016-03-02 14:00:00+00:00,13.4,72,961.4,0.0,7.6,267
2016-03-02 15:00:00+00:00,11.1,82,961.0,0.0,7.0,249
2016-03-02 16:00:00+00:00,11.1,81,960.4,0.0,6.3,246
2016-03-02 17:00:00+00:00,10.1,84,959.9,0.0,5.8,248
2016-03-02 18:00:00+00:00,10.7,81,959.3,0.0,5.7,235
2016-03-02 19:00:00+00:00,10.7,79,959.2,0.0,6.8,238
2016-03-02 20:00:00+00:00,9.7,82,958.4,0.0,7.2,252
2016-03-02 21:00:00+00:00,9.7,82,958.4,0.0,6.8,267
2016-03-02 22:00:00+00:00,9.0,83,958.0,0.0,6.9,279
2016-03-02 23:00:00+00:00,9.1,79,958.6,0.0,4.5,284
2016-03-03 00:00:00+00:00,9.3,77,958.8,0.0,3.7,281
2016-03-03 01:00:00+00:00,10.6,72,959.3,0.0,1.8,281
2016-03-03 02:00:00+00:00,16.4,54,960.6,0.0,1.8,217
2016-03-03 03:00:00+00:00,17.0,53,960.0,0.0,4.1,225
2016-03-03 04:00:00+00:00,18.0,50,959.6,0.0,7.2,207
2016-03-03 05:00:00+00:00,22.4,39,959.1,0.0,8.6,195
2016-03-03 06:00:00+00:00,22.3,40,957.5,0.0,8.0,190
2016-03-03 07:00:00+00:00,22.6,40,956.2,0.0,7.6,188
2016-03-03 08:00:00+00:00,23.3,37,955.5,0.0,6.9,189
2016-03-03 09:00:00+00:00,23.3,36,955.1,0.0,5.5,191
2016-03-03 10:00:00+00:00,20.4,46,953.8,0.0,2.4,207
2016-03-03 11:00:00+00:00,21.0,42,954.8,0.0,3.6,354
2016-03-03 12:00:00+00:00,17.6,58,954.6,0.0,7.2,6
2016-03-03 13:00:00+00:00,16.7,63,955.0,0.0,7.3,351
2016-03-03 14:00:00+00:00,15.1,69,954.7,0.0,6.0,335
2016-03-03 15:00:00+00:00,13.7,77,954.6,0.0,5.5,337
2016-03-03 16:00:00+00:00,13.3,78,954.5,0.0,4.7,337
2016-03-03 17:00:00+00:00,13.1,79,954.4,0.0,4.5,346
2016-03-03 18:00:00+00:00,12.9,79,953.7,0.0,5.4,356
2016-03-03 19:00:00+00:00,12.3,81,953.2,0.0,6.1,3
2016-03-03 20:00:00+00:00,12.0,82,952.7,0.0,7.3,11
2016-03-03 21:00:00+00:00,12.1,82,952.4,0.0,7.1,24
2016-03-03 22:00:00+00:00,13.9,76,952.9,0.0,6.5,6
2016-03-03 23:00:00+00:00,13.5,78,954.0,0.0,7.1,24
2016-03-04 00:00:00+00:00,13.5,76,954.3,0.0,7.7,28
2016-03-04 01:00:00+00:00,13.2,79,955.2,0.0,8.4,25
2016-03-04 02:00:00+00:00,17.2,64,956.4,0.0,8.0,18
2016-03-04 03:00:00+00:00,16.6,65,956.3,0.0,8.9,14
2016-03-04 04:00:00+00:00,17.6,63,956.6,0.0,8.2,15
2016-03-04 05:00:00+00:00,20.4,53,956.3,0.0,7.6,19
2016-03-04 06:00:00+00:00,21.0,51,955.4,0.0,6.5,34
2016-03-04 07:00:00+00:00,21.7,49,954.7,0.0,5.7,18
2016-03-04 08:00:00+00:00,22.4,44,954.8,0.0,5.7,18
2016-03-04 09:00:00+00:00,22.3,43,955.3,0.0,6.3,13
2016-03-04 10:00:00+00:00,20.3,52,954.6,0.0,7.5,325
2016-03-04 11:00:00+00:00,20.1,55,956.2,0.0,8.4,320
2016-03-04 12:00:00+00:00,19.1,60,957.0,0.0,9.2,315
2016-03-04 13:00:00+00:00,18.7,62,958.7,0.0,10.6,325
2016-03-04 14:00:00+00:00,18.0,70,959.6,0.0,10.9,351
2016-03-04 15:00:00+00:00,16.0,73,959.7,0.0,12.3,3
2016-03-04 16:00:00+00:00,16.9,70,960.4,0.0,11.2,356
2016-03-04 17:00:00+00:00,16.5,59,960.4,0.0,7.7,349
2016-03-04 18:00:00+00:00,15.6,57,960.3,0.0,6.1,332
2016-03-04 19:00:00+00:00,15.3,49,959.5,0.0,6.0,343
2016-03-04 20:00:00+00:00,14.0,41,959.1,0.0,6.5,341
2016-03-04 21:00:00+00:00,13.8,42,958.9,0.0,6.7,324
2016-03-04 22:00:00+00:00,12.7,85,958.5,0.0,2.9,353
2016-03-04 23:00:00+00:00,13.5,84,959.5,0.0,3.4,18
2016-03-05 00:00:00+00:00,14.0,81,959.9,0.0,1.1,342
2016-03-05 01:00:00+00:00,14.4,77,960.4,0.0,1.1,360
2016-03-05 02:00:00+00:00,18.3,48,961.6,0.0,1.6,63
2016-03-05 03:00:00+00:00,18.4,37,960.6,0.0,1.6,117
2016-03-05 04:00:00+00:00,19.1,33,959.5,0.0,3.3,174
2016-03-05 05:00:00+00:00,21.9,30,958.5,0.0,5.8,184
2016-03-05 06:00:00+00:00,21.9,33,956.9,0.0,7.2,186
2016-03-05 07:00:00+00:00,22.1,35,955.6,0.0,6.5,180
2016-03-05 08:00:00+00:00,22.7,36,954.9,0.0,6.0,147
2016-03-05 09:00:00+00:00,23.0,35,954.3,0.0,5.6,135
2016-03-05 10:00:00+00:00,21.1,39,953.8,0.0,8.5,36
2016-03-05 11:00:00+00:00,19.3,47,953.9,0.0,12.1,37
2016-03-05 12:00:00+00:00,19.1,47,955.0,0.0,13.4,36
2016-03-05 13:00:00+00:00,18.8,48,956.6,0.0,12.9,27
2016-03-05 14:00:00+00:00,17.9,51,956.8,0.0,11.1,13
2016-03-05 15:00:00+00:00,16.2,60,956.7,0.0,9.8,8
2016-03-05 16:00:00+00:00,16.3,61,956.7,0.0,8.3,360
2016-03-05 17:00:00+00:00,15.8,66,956.2,0.0,6.5,357
2016-03-05 18:00:00+00:00,16.0,64,955.8,0.0,6.1,360
2016-03-05 19:00:00+00:00,16.0,62,955.0,0.0,6.1,3
2016-03-05 20:00:00+00:00,14.8,64,954.4,0.0,6.5,6
2016-03-05 21:00:00+00:00,14.6,65,953.5,0.0,6.5,6
2016-03-05 22:00:00+00:00,15.2,59,953.1,0.0,7.4,29
2016-03-05 23:00:00+00:00,15.1,58,953.5,0.0,7.4,29
2016-03-06 00:00:00+00:00,15.0,58,954.2,0.0,6.8,25
2016-03-06 01:00:00+00:00,15.5,60,954.9,0.0,8.4,25
2016-03-06 02:00:00+00:00,18.8,47,955.7,0.0,8.9,27
2016-03-06 03:00:00+00:00,19.0,53,955.1,0.0,9.5,25
2016-03-06 04:00:00+00:00,19.1,55,954.6,0.0,8.7,24
2016-03-06 05:00:00+00:00,23.1,48,954.0,0.0,7.6,25
2016-03-06 06:00:00+00:00,23.1,47,952.3,0.0,7.1,30
2016-03-06 07:00:00+00:00,23.4,45,951.4,0.0,6.1,40
2016-03-06 08:00:00+00:00,23.5,44,950.0,0.0,4.3,48
2016-03-06 09:00:00+00:00,23.6,43,950.1,0.0,6.5,34
2016-03-06 10:00:00+00:00,22.1,46,949.3,0.0,13.3,2
2016-03-06 11:00:00+00:00,21.9,47,950.4,0.0,15.5,356
2016-03-06 12:00:00+00:00,21.1,51,950.9,0.0,14.0,1
2016-03-06 13:00:00+00:00,20.5,56,951.8,0.0,12.4,10
2016-03-06 14:00:00+00:00,19.7,62,951.9,0.0,12.8,10
2016-03-06 15:00:00+00:00,18.6,69,952.0,0.0,13.0,6
2016-03-06 16:00:00+00:00,18.7,70,951.9,0.0,12.2,2
2016-03-06 17:00:00+00:00,18.5,71,951.9,0.0,10.9,351
2016-03-06 18:00:00+00:00,18.6,71,951.2,0.0,10.0,345
2016-03-06 19:00:00+00:00,18.3,71,950.7,0.0,9.4,358
2016-03-06 20:00:00+00:00,17.9,73,950.0,0.0,9.5,11
2016-03-06 21:00:00+00:00,18.1,73,949.9,0.0,10.0,15
2016-03-06 22:00:00+00:00,17.3,81,950.1,0.0,11.2,15
2016-03-06 23:00:00+00:00,17.7,80,951.0,0.0,11.4,24
2016-03-07 00:00:00+00:00,17.8,79,951.5,0.0,11.9,29
2016-03-07 01:00:00+00:00,17.8,76,952.3,0.0,12.4,17
2016-03-07 02:00:00+00:00,19.2,70,953.1,0.0,12.7,8
2016-03-07 03:00:00+00:00,19.1,68,952.6,0.0,13.6,12
2016-03-07 04:00:00+00:00,19.3,67,952.5,0.0,15.0,21
2016-03-07 05:00:00+00:00,21.3,58,951.5,0.0,15.1,28
2016-03-07 06:00:00+00:00,21.1,58,951.0,0.0,16.3,35
2016-03-07 07:00:00+00:00,21.0,56,949.9,0.0,16.8,35
2016-03-07 08:00:00+00:00,20.9,54,950.0,0.0,16.4,29
2016-03-07 09:00:00+00:00,21.1,51,949.7,0.0,16.6,22
2016-03-07 10:00:00+00:00,20.6,54,949.4,0.0,15.7,11
2016-03-07 11:00:00+00:00,20.6,54,949.9,0.0,16.3,5
2016-03-07 12:00:00+00:00,20.0,56,950.6,0.0,15.8,1
2016-03-07 13:00:00+00:00,19.8,56,951.4,0.0,14.1,357
2016-03-07 14:00:00+00:00,19.1,59,951.7,0.0,12.6,358
2016-03-07 15:00:00+00:00,17.6,69,951.6,0.0,12.6,360
2016-03-07 16:00:00+00:00,17.3,72,951.2,0.4,13.7,357
2016-03-07 17:00:00+00:00,17.0,78,951.3,0.3,13.8,354
2016-03-07 18:00:00+00:00,17.3,79,951.2,0.1,12.0,353
2016-03-07 19:00:00+00:00,17.4,78,951.0,0.0,9.7,345
2016-03-07 20:00:00+00:00,17.2,76,950.2,0.0,9.9,341
2016-03-07 21:00:00+00:00,17.4,74,950.0,0.0,10.9,351
2016-03-07 22:00:00+00:00,17.9,64,950.6,0.0,10.5,8
2016-03-07 23:00:00+00:00,17.1,65,951.5,0.0,8.4,20
2016-03-08 00:00:00+00:00,16.8,67,952.4,0.0,5.8,22
2016-03-08 01:00:00+00:00,17.0,67,953.2,0.0,6.9,9
2016-03-08 02:00:00+00:00,18.1,59,954.2,0.0,7.3,351
2016-03-08 03:00:00+00:00,18.1,55,954.4,0.0,8.7,353
2016-03-08 04:00:00+00:00,18.8,54,954.2,0.0,9.5,9
2016-03-08 05:00:00+00:00,20.0,48,953.7,0.0,10.8,21
2016-03-08 06:00:00+00:00,20.4,45,953.0,0.0,10.1,27
2016-03-08 07:00:00+00:00,20.2,46,952.1,0.0,8.8,19
2016-03-08 08:00:00+00:00,19.6,47,951.8,0.0,7.9,3
2016-03-08 09:00:00+00:00,19.2,50,952.1,0.0,8.4,350
2016-03-08 10:00:00+00:00,16.9,63,952.0,0.0,11.2,327
2016-03-08 11:00:00+00:00,17.0,65,952.7,0.0,10.2,312
2016-03-08 12:00:00+00:00,16.6,69,954.2,0.0,9.2,309
2016-03-08 13:00:00+00:00,16.7,73,955.0,0.3,7.8,338
2016-03-08 14:00:00+00:00,16.4,77,955.9,0.3,8.7,30
2016-03-08 15:00:00+00:00,15.0,86,956.1,0.2,11.3,53
2016-03-08 16:00:00+00:00,15.1,85,956.3,0.1,12.2,56
2016-03-08 17:00:00+00:00,14.8,83,956.7,0.0,12.0,49
2016-03-08 18:00:00+00:00,14.1,79,956.6,0.0,11.5,39
2016-03-08 19:00:00+00:00,13.9,76,956.5,0.0,11.1,36
2016-03-08 20:00:00+00:00,13.1,76,956.1,0.0,10.7,33
2016-03-08 21:00:00+00:00,13.1,75,956.4,0.1,10.1,35
2016-03-08 22:00:00+00:00,12.9,75,955.5,0.0,11.0,41
2016-03-08 23:00:00+00:00,13.3,73,956.8,0.0,10.9,44
2016-03-09 00:00:00+00:00,13.0,71,957.3,0.0,9.6,34
2016-03-09 01:00:00+00:00,13.8,71,959.3,0.0,9.2,31
2016-03-09 02:00:00+00:00,13.4,71,960.0,0.0,9.4,18
2016-03-09 03:00:00+00:00,13.4,71,960.3,0.1,10.5,27
2016-03-09 04:00:00+00:00,13.1,74,960.5,0.2,13.8,43
2016-03-09 05:00:00+00:00,13.0,72,960.4,0.2,17.8,54
2016-03-09 06:00:00+00:00,12.6,74,960.6,0.2,19.5,56
2016-03-09 07:00:00+00:00,12.4,75,960.2,0.2,18.0,53
2016-03-09 08:00:00+00:00,12.3,73,961.1,0.2,17.1,51
2016-03-09 09:00:00+00:00,12.3,73,961.2,0.2,17.9,52
2016-03-09 10:00:00+00:00,11.4,76,961.6,0.1,10.4,44
2016-03-09 11:00:00+00:00,11.6,77,962.4,0.0,9.4,43
2016-03-09 12:00:00+00:00,11.6,78,963.8,0.0,7.9,47
2016-03-09 13:00:00+00:00,11.3,80,965.1,0.0,7.9,51
2016-03-09 14:00:00+00:00,11.0,81,966.7,0.0,9.5,61
2016-03-09 15:00:00+00:00,9.6,83,968.0,0.0,10.3,65
2016-03-09 16:00:00+00:00,9.4,85,969.0,0.0,10.6,66
2016-03-09 17:00:00+00:00,9.2,81,969.8,0.0,10.7,57
2016-03-09 18:00:00+00:00,9.1,80,970.3,0.0,9.5,53
2016-03-09 19:00:00+00:00,8.9,82,970.7,0.0,8.2,41
2016-03-09 20:00:00+00:00,8.4,83,970.8,0.0,6.3,24
2016-03-09 21:00:00+00:00,8.2,85,970.6,0.0,4.7,360
2016-03-09 22:00:00+00:00,7.8,71,970.1,0.0,6.2,306
2016-03-09 23:00:00+00:00,7.9,75,970.2,0.0,7.9,309
2016-03-10 00:00:00+00:00,7.6,72,970.8,0.0,10.2,318
2016-03-10 01:00:00+00:00,8.8,64,971.5,0.0,10.1,325
2016-03-10 02:00:00+00:00,9.7,46,972.1,0.0,9.7,360
2016-03-10 03:00:00+00:00,9.5,47,971.8,0.0,10.1,27
2016-03-10 04:00:00+00:00,10.1,46,971.0,0.0,9.6,34
2016-03-10 05:00:00+00:00,11.5,40,970.0,0.0,7.8,34
2016-03-10 06:00:00+00:00,12.1,39,968.7,0.0,6.0,33
2016-03-10 07:00:00+00:00,12.3,40,966.8,0.0,3.4,32
2016-03-10 08:00:00+00:00,12.2,41,965.8,0.0,2.6,16
2016-03-10 09:00:00+00:00,12.0,42,965.2,0.0,2.9,7
2016-03-10 10:00:00+00:00,11.3,48,967.4,0.0,9.8,336
2016-03-10 11:00:00+00:00,10.9,47,967.6,0.0,9.0,355
2016-03-10 12:00:00+00:00,10.6,49,968.5,0.0,6.8,360
2016-03-10 13:00:00+00:00,10.4,50,969.0,0.0,4.3,5
2016-03-10 14:00:00+00:00,9.9,51,969.2,0.0,1.8,349
2016-03-10 15:00:00+00:00,8.7,58,969.2,0.0,2.3,342
2016-03-10 16:00:00+00:00,9.3,58,969.0,0.0,2.4,333
2016-03-10 17:00:00+00:00,8.8,69,968.5,0.0,2.7,337
2016-03-10 18:00:00+00:00,9.1,66,968.2,0.0,4.6,342
2016-03-10 19:00:00+00:00,8.8,69,967.7,0.0,5.4,352
2016-03-10 20:00:00+00:00,8.4,73,967.4,0.0,6.2,350
2016-03-10 21:00:00+00:00,8.5,72,966.6,0.0,6.4,344
2016-03-10 22:00:00+00:00,7.8,65,966.8,0.0,8.2,322
2016-03-10 23:00:00+00:00,7.3,65,966.7,0.0,6.3,329
2016-03-11 00:00:00+00:00,6.8,69,966.8,0.0,6.0,343
2016-03-11 01:00:00+00:00,7.4,68,967.4,0.0,5.1,352
2016-03-11 02:00:00+00:00,9.2,57,967.8,0.0,2.9,360
2016-03-11 03:00:00+00:00,9.5,63,967.2,0.0,0.7,360
2016-03-11 04:00:00+00:00,9.8,63,966.0,0.0,2.6,146
2016-03-11 05:00:00+00:00,11.2,55,965.2,0.0,4.2,160
2016-03-11 06:00:00+00:00,11.3,54,963.7,0.0,4.3,180
2016-03-11 07:00:00+00:00,11.8,54,962.3,0.0,4.3,180
2016-03-11 08:00:00+00:00,11.9,54,961.2,0.0,4.7,184
2016-03-11 09:00:00+00:00,11.5,55,960.4,0.0,4.5,194
2016-03-11 10:00:00+00:00,10.8,63,960.3,0.0,7.1,294
2016-03-11 11:00:00+00:00,10.5,62,960.0,0.0,5.4,312
2016-03-11 12:00:00+00:00,10.0,64,960.2,0.0,5.6,345
2016-03-11 13:00:00+00:00,10.0,63,960.0,0.0,5.2,344
2016-03-11 14:00:00+00:00,9.6,66,960.1,0.0,5.6,320
2016-03-11 15:00:00+00:00,9.2,70,959.7,0.0,6.6,331
2016-03-11 16:00:00+00:00,9.2,71,958.9,0.0,5.6,333
2016-03-11 17:00:00+00:00,9.1,73,958.3,0.0,5.4,340
2016-03-11 18:00:00+00:00,9.5,71,957.7,0.0,5.2,344
2016-03-11 19:00:00+00:00,9.4,73,957.1,0.0,5.2,348
2016-03-11 20:00:00+00:00,8.4,76,956.4,0.0,5.4,340
2016-03-11 21:00:00+00:00,8.6,75,955.7,0.0,4.9,343
2016-03-11 22:00:00+00:00,8.0,80,956.5,0.0,6.3,347
2016-03-11 23:00:00+00:00,8.1,80,957.1,0.0,4.7,9
2016-03-12 00:00:00+00:00,7.9,80,956.8,0.0,5.4,37
2016-03-12 01:00:00+00:00,8.0,80,956.9,0.0,5.2,25
2016-03-12 02:00:00+00:00,8.8,74,957.2,0.0,5.5,11
2016-03-12 03:00:00+00:00,8.8,75,957.0,0.0,6.5,19
2016-03-12 04:00:00+00:00,9.8,74,956.9,0.0,8.3,34
2016-03-12 05:00:00+00:00,10.4,70,956.1,0.0,10.9,46
2016-03-12 06:00:00+00:00,10.4,68,955.3,0.0,12.0,49
2016-03-12 07:00:00+00:00,10.1,71,954.8,0.0,12.2,45
2016-03-12 08:00:00+00:00,10.9,69,954.7,0.0,11.8,38
2016-03-12 09:00:00+00:00,10.7,70,955.4,0.0,11.3,27
2016-03-12 10:00:00+00:00,9.8,76,955.4,0.0,14.8,356
2016-03-12 11:00:00+00:00,9.8,76,955.8,0.0,6.8,3
2016-03-12 12:00:00+00:00,9.5,79,957.2,0.0,3.6,307
2016-03-12 13:00:00+00:00,9.8,79,958.4,0.0,7.3,303
2016-03-12 14:00:00+00:00,9.1,83,959.1,0.0,9.8,298
2016-03-12 15:00:00+00:00,8.9,86,959.4,0.0,9.2,291
2016-03-12 16:00:00+00:00,8.9,86,959.8,0.0,10.3,282
2016-03-12 17:00:00+00:00,8.4,85,959.9,0.0,10.1,276
2016-03-12 18:00:00+00:00,9.2,81,959.9,0.0,9.4,270
2016-03-12 19:00:00+00:00,8.7,83,959.9,0.0,8.5,258
2016-03-12 20:00:00+00:00,7.7,85,959.8,0.0,7.6,251
2016-03-12 21:00:00+00:00,7.4,86,959.7,0.0,6.8,252
2016-03-12 22:00:00+00:00,8.5,76,960.9,0.0,8.1,257
2016-03-12 23:00:00+00:00,8.2,80,961.6,0.0,7.0,235
2016-03-13 00:00:00+00:00,9.2,73,962.1,0.0,9.0,247
2016-03-13 01:00:00+00:00,10.0,67,963.2,0.0,7.6,265
2016-03-13 02:00:00+00:00,13.6,55,964.9,0.0,9.8,278
2016-03-13 03:00:00+00:00,14.5,46,965.2,0.0,9.9,303
2016-03-13 04:00:00+00:00,15.7,40,965.0,0.0,10.1,333
2016-03-13 05:00:00+00:00,19.5,29,964.8,0.0,11.5,2
2016-03-13 06:00:00+00:00,19.3,30,963.8,0.0,10.8,4
2016-03-13 07:00:00+00:00,19.4,31,962.7,0.0,10.0,347
2016-03-13 08:00:00+00:00,19.2,30,962.3,0.0,11.1,331
2016-03-13 09:00:00+00:00,18.8,29,962.2,0.0,13.8,319
2016-03-13 10:00:00+00:00,15.4,45,962.1,0.0,16.5,306
2016-03-13 11:00:00+00:00,15.2,43,962.9,0.0,14.7,306
2016-03-13 12:00:00+00:00,14.4,45,962.9,0.0,11.1,306
2016-03-13 13:00:00+00:00,14.5,48,963.7,0.0,8.4,310
2016-03-13 14:00:00+00:00,13.4,53,963.8,0.0,6.6,331
2016-03-13 15:00:00+00:00,11.6,64,963.8,0.0,5.1,352
2016-03-13 16:00:00+00:00,10.6,67,963.3,0.0,6.6,13
2016-03-13 17:00:00+00:00,10.9,68,963.0,0.0,6.2,21
2016-03-13 18:00:00+00:00,10.7,71,962.6,0.0,6.1,360
2016-03-13 19:00:00+00:00,10.8,70,961.8,0.0,5.4,340
2016-03-13 20:00:00+00:00,10.2,72,961.1,0.0,4.8,318
2016-03-13 21:00:00+00:00,10.0,72,960.4,0.0,5.1,321
2016-03-13 22:00:00+00:00,10.4,71,960.5,0.0,6.7,344
2016-03-13 23:00:00+00:00,10.2,71,960.6,0.0,5.4,37
2016-03-14 00:00:00+00:00,10.7,69,961.2,0.0,3.7,29
2016-03-14 01:00:00+00:00,11.0,70,962.0,0.0,3.4,32
2016-03-14 02:00:00+00:00,13.3,60,962.7,0.0,4.2,20
2016-03-14 03:00:00+00:00,13.4,62,961.9,0.0,6.6,13
2016-03-14 04:00:00+00:00,13.9,60,961.6,0.0,7.4,14
2016-03-14 05:00:00+00:00,15.2,49,960.0,0.0,6.1,360
2016-03-14 06:00:00+00:00,14.9,50,959.0,0.0,5.8,353
2016-03-14 07:00:00+00:00,14.9,50,957.5,0.0,7.2,357
2016-03-14 08:00:00+00:00,14.7,49,956.7,0.0,8.7,5
2016-03-14 09:00:00+00:00,14.5,51,956.4,0.0,10.9,9
2016-03-14 10:00:00+00:00,13.0,52,956.3,0.0,10.9,9
2016-03-14 11:00:00+00:00,13.2,51,956.6,0.0,9.8,36
2016-03-14 12:00:00+00:00,13.1,55,957.6,0.0,9.8,36
2016-03-14 13:00:00+00:00,13.1,57,958.2,0.0,10.2,23
2016-03-14 14:00:00+00:00,12.4,61,958.4,0.0,10.4,14
2016-03-14 15:00:00+00:00,11.7,67,958.3,0.0,10.9,9
2016-03-14 16:00:00+00:00,11.8,68,958.5,0.0,10.8,4
2016-03-14 17:00:00+00:00,11.5,72,958.4,0.0,10.4,358
2016-03-14 18:00:00+00:00,11.4,73,958.0,0.0,10.5,354
2016-03-14 19:00:00+00:00,11.3,76,957.7,0.0,10.9,354
2016-03-14 20:00:00+00:00,11.1,81,957.5,0.0,9.8,354
2016-03-14 21:00:00+00:00,11.0,81,956.9,0.0,9.1,353
2016-03-14 22:00:00+00:00,10.8,82,957.3,0.0,9.6,347
2016-03-14 23:00:00+00:00,10.9,80,957.8,0.0,6.9,332
2016-03-15 00:00:00+00:00,10.9,79,958.0,0.0,7.4,317
2016-03-15 01:00:00+00:00,11.1,76,958.2,0.0,8.9,313
2016-03-15 02:00:00+00:00,13.6,60,958.5,0.0,9.9,314
2016-03-15 03:00:00+00:00,14.2,56,957.9,0.0,9.2,321
2016-03-15 04:00:00+00:00,14.2,54,957.1,0.0,7.9,330
2016-03-15 05:00:00+00:00,16.4,41,956.9,0.0,8.1,339
2016-03-15 06:00:00+00:00,17.0,42,955.5,0.0,7.2,357
2016-03-15 07:00:00+00:00,16.9,42,954.3,0.0,5.5,11
2016-03-15 08:00:00+00:00,17.5,38,953.7,0.0,6.8,18
2016-03-15 09:00:00+00:00,17.5,38,953.5,0.0,8.0,10
2016-03-15 10:00:00+00:00,14.6,49,952.8,0.0,13.7,337
2016-03-15 11:00:00+00:00,14.8,47,953.7,0.0,7.7,319
2016-03-15 12:00:00+00:00,14.3,52,954.6,0.0,11.5,319
2016-03-15 13:00:00+00:00,14.4,52,955.1,0.0,13.3,319
2016-03-15 14:00:00+00:00,14.1,55,955.4,0.0,12.0,319
2016-03-15 15:00:00+00:00,13.0,62,955.3,0.0,10.5,319
2016-03-15 16:00:00+00:00,13.1,62,955.0,0.0,9.2,315
2016-03-15 17:00:00+00:00,12.5,65,954.9,0.0,8.4,310
2016-03-15 18:00:00+00:00,12.3,66,954.5,0.0,7.9,313
2016-03-15 19:00:00+00:00,12.5,66,953.7,0.0,7.6,315
2016-03-15 20:00:00+00:00,11.6,70,953.1,0.0,7.1,330
2016-03-15 21:00:00+00:00,11.5,69,952.7,0.0,7.1,336
2016-03-15 22:00:00+00:00,11.6,73,953.1,0.0,6.1,320
2016-03-15 23:00:00+00:00,11.2,74,953.7,0.0,4.1,322
2016-03-16 00:00:00+00:00,11.2,73,954.3,0.0,5.6,333
2016-03-16 01:00:00+00:00,12.0,67,955.2,0.0,6.2,353
2016-03-16 02:00:00+00:00,16.2,51,956.3,0.0,8.4,10
2016-03-16 03:00:00+00:00,16.5,50,956.2,0.0,9.7,22
2016-03-16 04:00:00+00:00,16.3,49,955.8,0.0,10.1,27
2016-03-16 05:00:00+00:00,18.9,41,955.5,0.0,9.1,34
2016-03-16 06:00:00+00:00,18.3,43,955.0,0.0,10.3,29
2016-03-16 07:00:00+00:00,18.4,43,954.1,0.0,12.2,28
2016-03-16 08:00:00+00:00,17.9,44,953.6,0.0,12.7,25
2016-03-16 09:00:00+00:00,17.9,44,954.5,0.0,13.3,13
2016-03-16 10:00:00+00:00,15.5,57,954.1,0.0,14.5,354
2016-03-16 11:00:00+00:00,15.5,56,954.5,0.0,11.3,351
2016-03-16 12:00:00+00:00,15.6,56,955.2,0.0,10.0,345
2016-03-16 13:00:00+00:00,15.8,56,955.9,0.0,10.8,339
2016-03-16 14:00:00+00:00,15.2,62,956.4,0.4,10.8,334
2016-03-16 15:00:00+00:00,13.8,76,956.0,0.5,9.7,333
2016-03-16 16:00:00+00:00,13.8,78,955.9,0.9,8.4,329
2016-03-16 17:00:00+00:00,13.7,79,955.5,0.0,7.1,330
2016-03-16 18:00:00+00:00,13.6,80,954.9,0.0,6.8,335
2016-03-16 19:00:00+00:00,13.8,80,954.4,0.0,6.2,350
2016-03-16 20:00:00+00:00,13.6,81,954.1,0.0,6.8,360
2016-03-16 21:00:00+00:00,13.5,81,953.9,0.0,7.2,3
2016-03-16 22:00:00+00:00,13.5,72,954.2,0.0,8.3,5
2016-03-16 23:00:00+00:00,13.5,75,955.0,0.2,8.9,27
2016-03-17 00:00:00+00:00,13.4,79,955.7,0.3,8.2,29
2016-03-17 01:00:00+00:00,12.9,83,956.8,0.2,8.1,13
2016-03-17 02:00:00+00:00,13.9,81,957.9,0.0,9.1,7
2016-03-17 03:00:00+00:00,14.3,75,958.1,0.0,8.7,5
2016-03-17 04:00:00+00:00,14.7,69,958.0,0.0,8.3,360
2016-03-17 05:00:00+00:00,17.4,57,957.4,0.0,5.4,352
2016-03-17 06:00:00+00:00,17.9,55,956.5,0.0,2.2,279
2016-03-17 07:00:00+00:00,18.2,55,955.8,0.0,6.0,237
2016-03-17 08:00:00+00:00,19.0,49,955.3,0.0,8.7,240
2016-03-17 09:00:00+00:00,18.9,49,955.5,0.0,10.2,252
2016-03-17 10:00:00+00:00,16.3,60,955.1,0.0,13.2,259
2016-03-17 11:00:00+00:00,16.4,58,955.9,0.0,6.3,246
2016-03-17 12:00:00+00:00,15.8,62,956.1,0.0,5.5,247
2016-03-17 13:00:00+00:00,15.0,66,956.5,0.0,6.4,254
2016-03-17 14:00:00+00:00,13.5,75,956.4,0.0,7.4,231
2016-03-17 15:00:00+00:00,10.9,86,955.9,0.0,8.4,230
2016-03-17 16:00:00+00:00,10.8,88,955.6,0.0,7.9,231
2016-03-17 17:00:00+00:00,10.4,91,954.7,0.0,7.9,227
2016-03-17 18:00:00+00:00,10.4,92,954.2,0.0,7.9,223
2016-03-17 19:00:00+00:00,10.5,91,953.3,0.0,7.9,223
2016-03-17 20:00:00+00:00,9.0,97,952.7,0.0,7.1,221
2016-03-17 21:00:00+00:00,8.5,98,952.3,0.0,5.4,217
2016-03-17 22:00:00+00:00,8.7,97,953.1,0.0,3.3,276
2016-03-17 23:00:00+00:00,8.8,98,953.5,0.0,4.3,95
2016-03-18 00:00:00+00:00,8.9,99,954.5,0.0,2.3,18
2016-03-18 01:00:00+00:00,9.4,93,955.2,0.0,4.1,45
2016-03-18 02:00:00+00:00,16.1,64,956.6,0.0,4.6,51
2016-03-18 03:00:00+00:00,17.1,59,956.5,0.0,3.3,77
2016-03-18 04:00:00+00:00,18.0,55,956.1,0.0,4.3,138
2016-03-18 05:00:00+00:00,22.3,37,955.7,0.0,6.8,162
2016-03-18 06:00:00+00:00,22.6,36,954.7,0.0,6.9,174
2016-03-18 07:00:00+00:00,23.0,36,953.5,0.0,6.5,186
2016-03-18 08:00:00+00:00,24.0,33,953.1,0.0,6.2,201
2016-03-18 09:00:00+00:00,24.1,32,952.7,0.0,5.6,207
2016-03-18 10:00:00+00:00,20.8,42,951.9,0.0,3.7,241
2016-03-18 11:00:00+00:00,19.9,46,952.3,0.0,4.9,287
2016-03-18 12:00:00+00:00,17.9,52,952.7,0.0,7.0,305
2016-03-18 13:00:00+00:00,17.0,57,953.5,0.0,7.8,304
2016-03-18 14:00:00+00:00,15.7,65,953.7,0.0,8.9,310
2016-03-18 15:00:00+00:00,13.8,76,953.7,0.0,5.0,330
2016-03-18 16:00:00+00:00,14.9,70,953.7,0.0,4.9,17
2016-03-18 17:00:00+00:00,14.5,74,953.6,0.0,6.3,31
2016-03-18 18:00:00+00:00,13.5,80,953.1,0.0,6.7,36
2016-03-18 19:00:00+00:00,12.6,83,952.4,0.0,7.1,45
2016-03-18 20:00:00+00:00,12.0,89,952.3,0.0,7.4,47
2016-03-18 21:00:00+00:00,11.9,89,951.8,0.0,7.4,39
2016-03-18 22:00:00+00:00,12.1,88,952.5,0.0,6.8,32
2016-03-18 23:00:00+00:00,12.8,87,953.3,0.0,6.6,13
2016-03-19 00:00:00+00:00,13.3,84,953.9,0.0,5.8,353
2016-03-19 01:00:00+00:00,14.1,79,954.2,0.0,4.0,360
2016-03-19 02:00:00+00:00,17.6,60,955.2,0.0,4.0,5
2016-03-19 03:00:00+00:00,18.6,58,955.2,0.0,2.9,7
2016-03-19 04:00:00+00:00,19.5,56,954.5,0.0,1.5,14
2016-03-19 05:00:00+00:00,22.4,42,953.7,0.0,1.8,101
2016-03-19 06:00:00+00:00,22.9,42,952.6,0.0,4.1,128
2016-03-19 07:00:00+00:00,23.6,39,951.5,0.0,4.7,113
2016-03-19 08:00:00+00:00,23.9,39,951.1,0.0,6.6,103
2016-03-19 09:00:00+00:00,23.7,39,950.9,0.0,6.8,90
2016-03-19 10:00:00+00:00,21.6,47,950.4,0.0,6.2,69
2016-03-19 11:00:00+00:00,22.0,46,951.5,0.0,4.8,13
2016-03-19 12:00:00+00:00,21.4,49,952.0,0.0,6.5,3
2016-03-19 13:00:00+00:00,21.0,49,952.6,0.0,7.9,3
2016-03-19 14:00:00+00:00,20.0,53,952.9,0.0,6.5,6
2016-03-19 15:00:00+00:00,18.0,62,952.5,0.0,6.5,19
2016-03-19 16:00:00+00:00,18.1,62,952.8,0.0,8.0,18
2016-03-19 17:00:00+00:00,16.7,69,951.9,0.0,8.1,13
2016-03-19 18:00:00+00:00,16.4,69,951.5,0.0,7.2,360
2016-03-19 19:00:00+00:00,16.5,67,951.0,0.0,8.0,8
2016-03-19 20:00:00+00:00,16.0,72,950.6,0.0,8.5,36
2016-03-19 21:00:00+00:00,16.1,73,950.8,0.0,6.1,50
2016-03-19 22:00:00+00:00,15.6,77,950.9,0.0,6.5,19
2016-03-19 23:00:00+00:00,15.5,77,951.5,0.0,5.4,8
2016-03-20 00:00:00+00:00,16.1,73,952.2,0.0,8.9,346
2016-03-20 01:00:00+00:00,17.2,68,953.1,0.0,9.2,339
2016-03-20 02:00:00+00:00,19.1,56,954.2,0.0,7.7,349
2016-03-20 03:00:00+00:00,19.7,56,954.7,0.0,5.4,8
2016-03-20 04:00:00+00:00,20.1,55,954.3,0.0,5.1,8
2016-03-20 05:00:00+00:00,22.2,48,954.0,0.0,6.2,10
2016-03-20 06:00:00+00:00,22.5,47,953.1,0.0,7.4,23
2016-03-20 07:00:00+00:00,22.8,45,952.6,0.0,9.0,37
2016-03-20 08:00:00+00:00,22.5,48,952.2,0.0,8.9,47
2016-03-20 09:00:00+00:00,22.1,51,952.2,0.0,9.4,43
2016-03-20 10:00:00+00:00,19.9,58,952.0,0.0,15.7,37
2016-03-20 11:00:00+00:00,19.5,64,953.2,0.0,15.8,45
2016-03-20 12:00:00+00:00,18.8,71,954.4,0.0,15.8,49
2016-03-20 13:00:00+00:00,18.2,76,955.0,0.0,14.3,43
2016-03-20 14:00:00+00:00,17.5,80,955.8,0.0,13.0,39
2016-03-20 15:00:00+00:00,16.8,81,955.7,0.0,11.1,36
2016-03-20 16:00:00+00:00,16.7,82,956.2,0.0,8.7,30
2016-03-20 17:00:00+00:00,16.4,83,955.4,0.0,6.1,28
2016-03-20 18:00:00+00:00,16.5,81,955.4,0.0,3.8,49
2016-03-20 19:00:00+00:00,16.0,83,954.1,0.0,3.3,49
2016-03-20 20:00:00+00:00,15.8,84,954.0,0.0,3.1,36
2016-03-20 21:00:00+00:00,16.0,85,953.4,0.0,5.0,30
2016-03-20 22:00:00+00:00,15.7,83,953.7,0.0,7.7,41
2016-03-20 23:00:00+00:00,16.0,83,954.6,0.0,7.5,55
2016-03-21 00:00:00+00:00,15.8,85,954.8,0.0,7.5,35
2016-03-21 01:00:00+00:00,15.4,88,955.4,0.0,8.0,27
2016-03-21 02:00:00+00:00,15.7,88,956.1,0.3,8.4,31
2016-03-21 03:00:00+00:00,15.8,88,956.0,0.1,9.4,43
2016-03-21 04:00:00+00:00,15.7,87,955.8,0.0,9.2,48
2016-03-21 05:00:00+00:00,16.1,85,955.2,0.0,10.2,45
2016-03-21 06:00:00+00:00,15.3,90,954.6,0.0,13.5,44
2016-03-21 07:00:00+00:00,15.0,93,953.7,0.0,14.8,41
2016-03-21 08:00:00+00:00,14.7,93,953.2,0.0,15.6,40
2016-03-21 09:00:00+00:00,14.3,94,953.1,0.0,15.0,42
2016-03-21 10:00:00+00:00,13.1,96,953.7,0.0,17.1,39
2016-03-21 11:00:00+00:00,13.5,93,953.9,0.0,14.5,44
2016-03-21 12:00:00+00:00,14.1,90,955.3,0.0,15.3,47
2016-03-21 13:00:00+00:00,13.8,90,955.4,0.0,15.1,40
2016-03-21 14:00:00+00:00,14.0,89,955.9,0.0,11.8,31
2016-03-21 15:00:00+00:00,13.9,90,955.7,0.0,10.9,27
2016-03-21 16:00:00+00:00,13.8,89,955.6,0.2,10.3,25
2016-03-21 17:00:00+00:00,13.7,91,955.2,0.9,8.4,20
2016-03-21 18:00:00+00:00,13.9,91,954.8,2.5,7.6,8
2016-03-21 19:00:00+00:00,13.8,91,954.0,1.9,7.4,14
2016-03-21 20:00:00+00:00,13.7,91,953.5,1.6,8.7,30
2016-03-21 21:00:00+00:00,13.6,91,953.1,1.3,9.7,39
2016-03-21 22:00:00+00:00,13.4,91,952.9,0.5,10.2,51
2016-03-21 23:00:00+00:00,13.4,91,953.5,0.4,9.2,51
2016-03-22 00:00:00+00:00,13.5,92,954.4,0.4,9.2,45
2016-03-22 01:00:00+00:00,13.6,92,955.4,0.4,8.5,36
2016-03-22 02:00:00+00:00,13.6,93,956.0,0.3,8.5,28
2016-03-22 03:00:00+00:00,13.5,95,956.5,0.2,10.0,26
2016-03-22 04:00:00+00:00,13.8,92,956.4,0.2,9.8,24
2016-03-22 05:00:00+00:00,14.1,89,956.3,0.1,10.0,30
2016-03-22 06:00:00+00:00,14.5,88,955.8,0.0,10.2,39
2016-03-22 07:00:00+00:00,14.7,86,954.9,0.0,8.7,45
2016-03-22 08:00:00+00:00,15.2,82,955.1,0.0,7.6,45
2016-03-22 09:00:00+00:00,15.4,81,955.2,0.0,8.4,43
2016-03-22 10:00:00+00:00,14.9,79,955.2,0.0,3.9,22
2016-03-22 11:00:00+00:00,14.9,80,956.2,0.0,3.3,311
2016-03-22 12:00:00+00:00,14.2,86,957.2,0.0,5.9,313
2016-03-22 13:00:00+00:00,13.8,89,958.4,0.0,6.9,298
2016-03-22 14:00:00+00:00,14.1,87,959.1,0.0,5.2,286
2016-03-22 15:00:00+00:00,13.6,89,959.7,0.0,7.1,285
2016-03-22 16:00:00+00:00,13.8,88,959.8,0.0,7.5,287
2016-03-22 17:00:00+00:00,13.9,87,960.0,0.0,7.8,283
2016-03-22 18:00:00+00:00,13.7,87,959.9,0.0,7.6,275
2016-03-22 19:00:00+00:00,13.8,86,960.0,0.2,8.3,270
2016-03-22 20:00:00+00:00,13.5,86,960.0,0.3,7.9,270
2016-03-22 21:00:00+00:00,13.5,86,960.1,0.3,7.3,281
2016-03-22 22:00:00+00:00,13.2,92,960.3,0.3,5.8,270
2016-03-22 23:00:00+00:00,13.3,92,961.3,0.2,5.2,286
2016-03-23 00:00:00+00:00,13.3,92,962.6,0.2,6.4,308
2016-03-23 01:00:00+00:00,13.3,93,963.8,0.2,7.5,305
2016-03-23 02:00:00+00:00,15.4,83,965.1,0.1,8.7,300
2016-03-23 03:00:00+00:00,15.8,79,965.2,0.0,9.7,309
2016-03-23 04:00:00+00:00,15.9,74,965.1,0.0,9.4,310
2016-03-23 05:00:00+00:00,16.8,69,965.0,0.0,7.4,321
2016-03-23 06:00:00+00:00,16.7,70,964.3,0.1,6.8,342
2016-03-23 07:00:00+00:00,16.2,72,963.6,0.1,8.1,339
2016-03-23 08:00:00+00:00,16.3,74,963.5,0.2,8.0,342
2016-03-23 09:00:00+00:00,16.2,77,963.3,0.1,6.7,344
2016-03-23 10:00:00+00:00,14.3,82,963.1,0.3,5.4,20
2016-03-23 11:00:00+00:00,14.0,85,964.0,0.1,4.6,342
2016-03-23 12:00:00+00:00,14.0,86,965.3,0.0,4.0,333
2016-03-23 13:00:00+00:00,14.2,84,966.4,0.1,4.9,343
2016-03-23 14:00:00+00:00,14.0,85,967.4,0.2,6.1,357
2016-03-23 15:00:00+00:00,12.5,90,967.5,0.3,6.8,3
2016-03-23 16:00:00+00:00,12.3,92,967.9,0.4,6.9,6
2016-03-23 17:00:00+00:00,12.4,92,968.0,0.6,7.2,360
2016-03-23 18:00:00+00:00,12.6,91,968.0,0.6,7.9,357
2016-03-23 19:00:00+00:00,12.6,92,967.5,0.4,7.9,360
2016-03-23 20:00:00+00:00,12.2,91,967.3,0.3,7.2,360
2016-03-23 21:00:00+00:00,12.2,92,967.3,0.4,6.2,10
2016-03-23 22:00:00+00:00,11.5,91,966.9,0.4,4.0,10
2016-03-23 23:00:00+00:00,11.8,91,967.9,0.3,3.6,6
2016-03-24 00:00:00+00:00,11.9,91,968.7,0.2,5.4,4
2016-03-24 01:00:00+00:00,12.4,87,969.5,0.0,6.6,29
2016-03-24 02:00:00+00:00,14.7,70,970.3,0.0,6.9,51
2016-03-24 03:00:00+00:00,15.4,65,969.9,0.0,5.1,51
2016-03-24 04:00:00+00:00,16.0,61,969.9,0.0,3.1,36
2016-03-24 05:00:00+00:00,17.4,53,969.0,0.0,2.2,9
2016-03-24 06:00:00+00:00,17.2,55,968.1,0.0,2.5,8
2016-03-24 07:00:00+00:00,16.9,56,967.0,0.0,2.6,34
2016-03-24 08:00:00+00:00,17.6,51,966.0,0.0,1.0,45
2016-03-24 09:00:00+00:00,17.7,51,966.4,0.0,0.8,333
2016-03-24 10:00:00+00:00,16.1,60,966.5,0.0,5.6,333
2016-03-24 11:00:00+00:00,15.7,65,967.6,0.0,5.3,332
2016-03-24 12:00:00+00:00,14.6,69,968.5,0.0,4.7,328
2016-03-24 13:00:00+00:00,14.6,69,969.3,0.0,4.3,294
2016-03-24 14:00:00+00:00,14.4,73,970.0,0.0,4.0,297
2016-03-24 15:00:00+00:00,13.2,85,969.9,0.0,3.4,302
2016-03-24 16:00:00+00:00,13.2,85,969.6,0.0,4.9,306
2016-03-24 17:00:00+00:00,13.0,86,968.9,0.0,3.4,342
2016-03-24 18:00:00+00:00,13.0,86,968.6,0.0,3.6,45
2016-03-24 19:00:00+00:00,13.0,85,967.8,0.0,4.3,66
2016-03-24 20:00:00+00:00,12.4,89,967.4,0.0,3.2,90
2016-03-24 21:00:00+00:00,12.4,86,966.9,0.0,2.3,129
2016-03-24 22:00:00+00:00,12.0,95,966.1,0.0,3.7,209
2016-03-24 23:00:00+00:00,11.7,97,966.4,0.0,4.2,200
2016-03-25 00:00:00+00:00,11.5,97,966.7,0.0,7.7,191
2016-03-25 01:00:00+00:00,11.8,95,966.9,0.0,7.7,191
2016-03-25 02:00:00+00:00,15.1,77,967.7,0.0,9.7,202
2016-03-25 03:00:00+00:00,15.6,69,967.2,0.0,11.3,197
2016-03-25 04:00:00+00:00,16.1,64,966.4,0.0,10.8,178
2016-03-25 05:00:00+00:00,18.4,52,965.7,0.0,9.6,160
2016-03-25 06:00:00+00:00,18.8,51,964.8,0.0,7.4,141
2016-03-25 07:00:00+00:00,18.8,51,963.7,0.0,6.7,126
2016-03-25 08:00:00+00:00,18.3,51,962.9,0.0,6.5,109
2016-03-25 09:00:00+00:00,18.1,47,962.6,0.0,5.8,86
2016-03-25 10:00:00+00:00,15.8,61,963.2,0.0,11.1,25
2016-03-25 11:00:00+00:00,15.9,60,964.0,0.0,13.5,25
2016-03-25 12:00:00+00:00,15.4,61,964.7,0.0,13.5,29
2016-03-25 13:00:00+00:00,15.5,61,965.6,0.0,12.8,22
2016-03-25 14:00:00+00:00,15.4,63,966.2,0.0,11.1,13
2016-03-25 15:00:00+00:00,14.1,71,966.4,0.0,10.0,13
2016-03-25 16:00:00+00:00,14.0,73,966.7,0.0,10.1,17
2016-03-25 17:00:00+00:00,13.7,78,966.8,0.0,10.7,14
2016-03-25 18:00:00+00:00,13.7,78,966.5,0.0,11.3,7
2016-03-25 19:00:00+00:00,13.6,81,966.5,0.2,11.5,4
2016-03-25 20:00:00+00:00,13.0,85,966.4,0.3,10.5,6
2016-03-25 21:00:00+00:00,12.7,87,966.8,0.4,10.0,13
2016-03-25 22:00:00+00:00,12.7,91,967.7,0.5,8.6,2
2016-03-25 23:00:00+00:00,12.7,91,968.8,0.3,8.4,350
2016-03-26 00:00:00+00:00,12.8,89,969.3,0.0,11.6,334
2016-03-26 01:00:00+00:00,13.0,86,970.2,0.0,12.8,338
2016-03-26 02:00:00+00:00,15.2,66,971.6,0.0,13.6,338
2016-03-26 03:00:00+00:00,15.3,58,971.6,0.0,14.0,348
2016-03-26 04:00:00+00:00,15.9,44,971.4,0.0,13.4,6
2016-03-26 05:00:00+00:00,17.2,32,970.7,0.0,11.9,14
2016-03-26 06:00:00+00:00,17.5,32,969.8,0.0,9.2,11
2016-03-26 07:00:00+00:00,17.4,33,968.7,0.0,6.5,354
2016-03-26 08:00:00+00:00,18.3,31,967.9,0.0,5.0,330
2016-03-26 09:00:00+00:00,18.0,32,967.5,0.0,5.4,318
2016-03-26 10:00:00+00:00,15.9,37,967.0,0.0,10.7,312
2016-03-26 11:00:00+00:00,15.1,37,967.7,0.0,10.3,306
2016-03-26 12:00:00+00:00,14.0,39,967.9,0.0,11.8,301
2016-03-26 13:00:00+00:00,13.6,38,968.4,0.0,12.0,303
2016-03-26 14:00:00+00:00,12.9,40,968.6,0.0,10.4,304
2016-03-26 15:00:00+00:00,10.9,51,967.9,0.0,7.9,309
2016-03-26 16:00:00+00:00,10.6,53,967.8,0.0,6.4,313
2016-03-26 17:00:00+00:00,10.6,55,967.1,0.0,5.6,310
2016-03-26 18:00:00+00:00,10.5,53,966.5,0.0,5.2,304
2016-03-26 19:00:00+00:00,10.1,59,965.9,0.0,5.0,300
2016-03-26 20:00:00+00:00,9.3,67,965.1,0.0,4.2,301
2016-03-26 21:00:00+00:00,9.6,66,964.9,0.0,4.9,306
2016-03-26 22:00:00+00:00,9.8,78,964.7,0.0,4.1,308
2016-03-26 23:00:00+00:00,9.7,81,964.9,0.0,3.1,291
2016-03-27 00:00:00+00:00,10.2,75,965.4,0.0,0.8,333
2016-03-27 01:00:00+00:00,10.7,65,966.1,0.0,1.0,45
2016-03-27 02:00:00+00:00,14.7,49,967.0,0.0,0.8,27
2016-03-27 03:00:00+00:00,16.1,46,966.9,0.0,2.9,263
2016-03-27 04:00:00+00:00,16.7,45,966.2,0.0,2.6,254
2016-03-27 05:00:00+00:00,18.4,38,965.6,0.0,1.6,243
2016-03-27 06:00:00+00:00,18.5,39,964.2,0.0,2.4,243
2016-03-27 07:00:00+00:00,19.1,38,963.3,0.0,4.7,212
2016-03-27 08:00:00+00:00,18.8,38,961.9,0.0,6.9,223
2016-03-27 09:00:00+00:00,18.7,38,961.9,0.0,9.4,263
2016-03-27 10:00:00+00:00,16.2,47,962.4,0.0,14.7,295
2016-03-27 11:00:00+00:00,16.1,49,962.4,0.0,12.8,302
2016-03-27 12:00:00+00:00,15.7,52,962.9,0.0,10.2,315
2016-03-27 13:00:00+00:00,15.4,56,962.9,0.0,8.9,320
2016-03-27 14:00:00+00:00,14.6,61,962.9,0.0,7.4,321
2016-03-27 15:00:00+00:00,14.4,64,962.9,0.0,6.1,315
2016-03-27 16:00:00+00:00,14.3,65,962.3,0.0,5.6,315
2016-03-27 17:00:00+00:00,14.1,69,962.0,0.0,4.9,324
2016-03-27 18:00:00+00:00,14.1,70,960.8,0.0,4.2,329
2016-03-27 19:00:00+00:00,13.9,70,960.2,0.0,4.8,333
2016-03-27 20:00:00+00:00,13.7,73,960.0,0.0,4.6,342
2016-03-27 21:00:00+00:00,14.0,70,959.7,0.0,5.4,352
2016-03-27 22:00:00+00:00,14.4,71,960.5,0.0,5.0,339
2016-03-27 23:00:00+00:00,14.1,73,960.3,0.0,5.5,11
2016-03-28 00:00:00+00:00,14.0,71,961.0,0.0,6.7,16
2016-03-28 01:00:00+00:00,13.6,72,961.5,0.0,6.6,9
2016-03-28 02:00:00+00:00,15.3,60,962.5,0.0,7.3,11
2016-03-28 03:00:00+00:00,15.0,61,962.3,0.0,8.5,12
2016-03-28 04:00:00+00:00,15.2,59,962.0,0.0,9.3,13
2016-03-28 05:00:00+00:00,17.6,48,961.8,0.0,9.7,15
2016-03-28 06:00:00+00:00,18.0,47,960.8,0.0,9.4,18
2016-03-28 07:00:00+00:00,17.6,48,960.1,0.0,9.1,18
2016-03-28 08:00:00+00:00,18.3,46,959.6,0.0,9.3,16
2016-03-28 09:00:00+00:00,18.4,44,959.8,0.0,8.9,14
2016-03-28 10:00:00+00:00,16.2,54,959.8,0.0,7.2,354
2016-03-28 11:00:00+00:00,16.4,52,960.4,0.0,6.7,324
2016-03-28 12:00:00+00:00,16.1,56,960.7,0.0,9.7,318
2016-03-28 13:00:00+00:00,16.0,58,961.2,0.0,10.7,315
2016-03-28 14:00:00+00:00,15.9,60,962.1,0.0,8.7,312
2016-03-28 15:00:00+00:00,14.9,67,961.8,0.0,5.4,318
2016-03-28 16:00:00+00:00,14.4,70,961.8,0.0,5.1,315
2016-03-28 17:00:00+00:00,13.9,74,960.9,0.0,4.7,266
2016-03-28 18:00:00+00:00,14.3,73,960.9,0.0,3.6,217
2016-03-28 19:00:00+00:00,14.3,73,960.2,0.0,4.6,198
2016-03-28 20:00:00+00:00,13.6,78,959.8,0.0,4.3,204
2016-03-28 21:00:00+00:00,13.2,79,959.2,0.0,4.7,203
2016-03-28 22:00:00+00:00,13.0,81,960.0,0.0,3.6,180
2016-03-28 23:00:00+00:00,12.5,83,960.4,0.0,5.8,187
2016-03-29 00:00:00+00:00,13.1,80,961.3,0.0,6.1,208
2016-03-29 01:00:00+00:00,13.5,77,962.1,0.0,4.1,218
2016-03-29 02:00:00+00:00,15.0,69,962.3,0.0,4.2,211
2016-03-29 03:00:00+00:00,14.9,68,962.6,0.0,3.6,225
2016-03-29 04:00:00+00:00,15.2,68,961.9,0.0,1.8,259
2016-03-29 05:00:00+00:00,15.8,66,961.3,0.0,2.7,337
2016-03-29 06:00:00+00:00,16.1,65,960.3,0.0,4.7,9
2016-03-29 07:00:00+00:00,16.2,64,959.7,0.0,7.6,25
2016-03-29 08:00:00+00:00,16.0,65,959.0,0.0,10.1,35
2016-03-29 09:00:00+00:00,15.4,68,959.1,0.0,9.7,39
2016-03-29 10:00:00+00:00,14.3,74,959.9,0.0,10.6,35
2016-03-29 11:00:00+00:00,14.5,74,961.0,0.0,7.3,20
2016-03-29 12:00:00+00:00,14.1,77,962.2,0.0,6.1,357
2016-03-29 13:00:00+00:00,13.5,80,962.8,0.0,6.5,326
2016-03-29 14:00:00+00:00,13.2,83,963.2,0.0,7.8,304
2016-03-29 15:00:00+00:00,11.7,89,963.0,0.0,7.6,275
2016-03-29 16:00:00+00:00,11.5,91,963.1,0.0,8.0,265
2016-03-29 17:00:00+00:00,11.2,93,962.3,0.0,7.6,273
2016-03-29 18:00:00+00:00,10.9,95,961.8,0.0,6.2,277
2016-03-29 19:00:00+00:00,10.9,95,961.2,0.0,5.2,282
2016-03-29 20:00:00+00:00,9.7,95,960.4,0.0,6.3,283
2016-03-29 21:00:00+00:00,9.6,95,960.0,0.0,4.3,270
2016-03-29 22:00:00+00:00,9.5,94,960.5,0.0,5.0,201
2016-03-29 23:00:00+00:00,9.2,95,960.5,0.0,6.1,180
2016-03-30 00:00:00+00:00,10.9,89,961.7,0.0,5.6,195
2016-03-30 01:00:00+00:00,12.2,77,962.3,0.0,3.3,229
2016-03-30 02:00:00+00:00,17.4,51,963.3,0.0,4.2,250
2016-03-30 03:00:00+00:00,17.7,50,962.6,0.0,3.8,229
2016-03-30 04:00:00+00:00,18.0,50,962.3,0.0,4.8,193
2016-03-30 05:00:00+00:00,21.2,40,961.6,0.0,5.4,176
2016-03-30 06:00:00+00:00,21.5,40,960.7,0.0,5.4,180
2016-03-30 07:00:00+00:00,22.5,36,960.2,0.0,5.2,196
2016-03-30 08:00:00+00:00,22.5,36,959.0,0.0,5.9,194
2016-03-30 09:00:00+00:00,22.2,35,958.7,0.0,5.2,205
2016-03-30 10:00:00+00:00,19.9,45,957.9,0.0,1.8,281
2016-03-30 11:00:00+00:00,19.4,49,958.4,0.0,3.8,343
2016-03-30 12:00:00+00:00,17.8,57,958.8,0.0,3.6,360
2016-03-30 13:00:00+00:00,17.9,60,959.4,0.0,5.2,34
2016-03-30 14:00:00+00:00,16.5,64,959.7,0.0,6.2,69
2016-03-30 15:00:00+00:00,15.8,69,959.9,0.0,5.8,97
2016-03-30 16:00:00+00:00,15.0,72,959.1,0.0,5.8,120
2016-03-30 17:00:00+00:00,14.6,75,958.9,0.0,6.6,135
2016-03-30 18:00:00+00:00,14.9,73,958.4,0.0,7.4,157
2016-03-30 19:00:00+00:00,14.7,73,958.0,0.0,6.0,163
2016-03-30 20:00:00+00:00,13.9,82,957.3,0.0,3.3,131
2016-03-30 21:00:00+00:00,13.2,85,956.9,0.0,1.5,14
2016-03-30 22:00:00+00:00,13.7,85,957.3,0.0,3.3,49
2016-03-30 23:00:00+00:00,13.8,85,957.3,0.0,3.6,37
2016-03-31 00:00:00+00:00,14.3,82,958.5,0.0,4.7,23
2016-03-31 01:00:00+00:00,14.9,77,958.7,0.0,3.4,18
2016-03-31 02:00:00+00:00,17.0,62,959.3,0.0,1.0,315
2016-03-31 03:00:00+00:00,18.0,61,959.3,0.0,3.0,194
2016-03-31 04:00:00+00:00,18.3,59,958.1,0.0,6.2,190
2016-03-31 05:00:00+00:00,21.7,45,957.9,0.0,6.9,189
2016-03-31 06:00:00+00:00,21.7,45,956.7,0.0,7.8,193
2016-03-31 07:00:00+00:00,21.6,46,955.6,0.0,6.6,189
2016-03-31 08:00:00+00:00,22.3,43,954.8,0.0,6.1,177
2016-03-31 09:00:00+00:00,22.3,43,954.6,0.0,4.3,175
2016-03-31 10:00:00+00:00,20.2,51,953.5,0.0,1.8,169
2016-03-31 11:00:00+00:00,20.9,45,954.3,0.0,3.3,186
2016-03-31 12:00:00+00:00,19.5,55,954.9,0.0,3.4,238
2016-03-31 13:00:00+00:00,19.1,57,955.3,0.0,3.9,292
2016-03-31 14:00:00+00:00,18.4,60,955.5,0.0,3.9,326
2016-03-31 15:00:00+00:00,17.0,71,954.7,0.0,3.2,333
2016-03-31 16:00:00+00:00,16.9,73,954.5,0.0,1.1,270
2016-03-31 17:00:00+00:00,16.8,73,954.4,0.0,2.9,240
2016-03-31 18:00:00+00:00,16.3,75,953.8,0.0,2.6,236
2016-03-31 19:00:00+00:00,15.0,83,952.7,0.0,0.4,270
2016-03-31 20:00:00+00:00,13.8,89,952.1,0.0,1.8,79
2016-03-31 21:00:00+00:00,13.6,90,951.6,0.0,3.3,84
2016-03-31 22:00:00+00:00,13.7,85,951.8,0.0,4.5,104
2016-03-31 23:00:00+00:00,13.5,86,952.9,0.0,4.4,35
2016-04-01 00:00:00+00:00,14.7,80,953.5,0.0,6.1,28
2016-04-01 01:00:00+00:00,15.6,76,954.0,0.0,5.6,40
2016-04-01 02:00:00+00:00,19.1,58,954.7,0.0,4.8,42
2016-04-01 03:00:00+00:00,20.1,57,954.7,0.0,4.5,61
2016-04-01 04:00:00+00:00,20.5,54,953.4,0.0,4.7,86
2016-04-01 05:00:00+00:00,22.9,43,953.1,0.0,4.7,99
2016-04-01 06:00:00+00:00,22.8,44,952.4,0.0,4.6,108
2016-04-01 07:00:00+00:00,23.0,43,951.6,0.0,3.3,96
2016-04-01 08:00:00+00:00,23.2,42,951.1,0.0,3.9,68
2016-04-01 09:00:00+00:00,23.0,42,951.1,0.0,4.3,66
2016-04-01 10:00:00+00:00,21.4,50,951.1,0.0,7.1,45
2016-04-01 11:00:00+00:00,21.1,49,951.5,0.0,5.7,18
2016-04-01 12:00:00+00:00,19.1,56,952.0,0.0,5.7,18
2016-04-01 13:00:00+00:00,19.2,56,952.9,0.0,5.6,15
2016-04-01 14:00:00+00:00,18.5,60,953.7,0.0,5.8,7
2016-04-01 15:00:00+00:00,16.9,69,953.8,0.0,6.5,357
2016-04-01 16:00:00+00:00,16.8,71,953.4,0.0,6.5,3
2016-04-01 17:00:00+00:00,16.3,73,953.4,0.0,5.5,11
2016-04-01 18:00:00+00:00,16.2,74,953.2,0.0,5.8,356
2016-04-01 19:00:00+00:00,15.9,76,952.6,0.0,5.4,340
2016-04-01 20:00:00+00:00,14.6,85,951.7,0.0,4.9,343
2016-04-01 21:00:00+00:00,15.7,79,951.7,0.0,6.0,343
2016-04-01 22:00:00+00:00,14.2,90,951.4,0.0,5.1,321
2016-04-01 23:00:00+00:00,14.6,88,952.4,0.0,3.6,315
2016-04-02 00:00:00+00:00,15.9,83,953.4,0.0,5.2,326
2016-04-02 01:00:00+00:00,16.2,80,953.8,0.0,4.0,355
2016-04-02 02:00:00+00:00,20.8,58,954.7,0.0,4.0,5
2016-04-02 03:00:00+00:00,21.4,57,954.5,0.0,1.8,79
2016-04-02 04:00:00+00:00,22.3,55,953.9,0.0,5.3,152
2016-04-02 05:00:00+00:00,25.1,44,953.2,0.0,6.0,163
2016-04-02 06:00:00+00:00,25.5,42,952.5,0.0,4.8,167
2016-04-02 07:00:00+00:00,25.6,41,951.6,0.0,5.2,155
2016-04-02 08:00:00+00:00,25.5,40,950.9,0.0,4.5,151
2016-04-02 09:00:00+00:00,25.4,40,950.6,0.0,2.5,172
2016-04-02 10:00:00+00:00,23.3,48,950.5,0.0,2.4,243
2016-04-02 11:00:00+00:00,22.7,51,950.6,0.0,3.8,343
2016-04-02 12:00:00+00:00,21.2,56,951.4,0.0,7.5,343
2016-04-02 13:00:00+00:00,20.9,56,952.5,0.0,8.9,328
2016-04-02 14:00:00+00:00,20.5,61,953.4,0.0,6.4,322
2016-04-02 15:00:00+00:00,19.9,66,954.2,0.0,5.8,338
2016-04-02 16:00:00+00:00,19.2,70,954.6,0.0,7.4,346
2016-04-02 17:00:00+00:00,19.1,71,954.5,0.0,6.0,327
2016-04-02 18:00:00+00:00,18.1,76,953.5,0.0,5.9,313
2016-04-02 19:00:00+00:00,18.0,79,952.9,0.0,6.5,289
2016-04-02 20:00:00+00:00,16.9,84,952.8,0.0,5.4,278
2016-04-02 21:00:00+00:00,16.5,86,952.7,0.0,5.8,292
2016-04-02 22:00:00+00:00,16.4,87,952.2,0.0,4.9,287
2016-04-02 23:00:00+00:00,16.0,88,953.2,0.0,5.4,290
2016-04-03 00:00:00+00:00,16.5,82,954.2,0.0,7.1,300
2016-04-03 01:00:00+00:00,17.1,79,955.2,0.0,6.3,301
2016-04-03 02:00:00+00:00,24.1,50,956.6,0.0,6.8,302
2016-04-03 03:00:00+00:00,25.0,46,956.3,0.0,5.6,320
2016-04-03 04:00:00+00:00,25.6,45,956.2,0.0,4.4,351
2016-04-03 05:00:00+00:00,28.9,33,955.7,0.0,3.6,37
2016-04-03 06:00:00+00:00,29.1,33,954.6,0.0,3.4,72
2016-04-03 07:00:00+00:00,29.3,32,953.1,0.0,1.5,76
2016-04-03 08:00:00+00:00,30.1,31,951.9,0.0,1.8,270
2016-04-03 09:00:00+00:00,30.0,31,951.5,0.0,3.6,276
2016-04-03 10:00:00+00:00,26.5,39,950.7,0.0,2.9,277
2016-04-03 11:00:00+00:00,26.7,38,950.3,0.0,5.1,321
2016-04-03 12:00:00+00:00,24.8,48,951.0,0.0,5.5,328
2016-04-03 13:00:00+00:00,24.3,50,951.7,0.0,6.3,336
2016-04-03 14:00:00+00:00,23.7,59,952.9,0.0,5.2,16
2016-04-03 15:00:00+00:00,22.3,66,952.8,0.0,4.0,63
2016-04-03 16:00:00+00:00,22.2,64,952.6,0.0,3.6,96
2016-04-03 17:00:00+00:00,21.1,70,952.1,0.0,0.0,270
2016-04-03 18:00:00+00:00,20.6,71,951.5,0.0,1.5,346
2016-04-03 19:00:00+00:00,20.6,72,950.8,0.0,3.1,36
2016-04-03 20:00:00+00:00,19.4,76,950.0,0.0,5.8,68
2016-04-03 21:00:00+00:00,18.2,85,949.5,0.0,5.4,70
2016-04-03 22:00:00+00:00,18.7,82,949.6,0.0,4.9,54
2016-04-03 23:00:00+00:00,18.5,83,949.0,0.0,7.5,55
2016-04-04 00:00:00+00:00,18.7,84,949.6,0.0,9.8,66
2016-04-04 01:00:00+00:00,18.7,83,950.2,0.0,9.4,67
2016-04-04 02:00:00+00:00,21.0,75,950.7,0.0,9.3,74
2016-04-04 03:00:00+00:00,23.3,65,951.2,0.0,7.2,72
2016-04-04 04:00:00+00:00,23.8,63,950.5,0.0,6.5,56
2016-04-04 05:00:00+00:00,25.5,56,949.8,0.0,6.9,43
2016-04-04 06:00:00+00:00,25.2,55,948.6,0.0,8.7,38
2016-04-04 07:00:00+00:00,24.4,59,947.7,0.0,10.5,38
2016-04-04 08:00:00+00:00,23.5,61,947.0,0.0,12.0,39
2016-04-04 09:00:00+00:00,23.4,64,947.1,0.0,14.3,39
2016-04-04 10:00:00+00:00,22.2,69,946.8,0.0,16.0,14
2016-04-04 11:00:00+00:00,22.1,72,947.0,0.0,14.0,23
2016-04-04 12:00:00+00:00,22.2,73,948.5,0.1,12.6,24
2016-04-04 13:00:00+00:00,22.1,74,949.4,0.1,12.4,22
2016-04-04 14:00:00+00:00,21.7,77,950.3,0.0,12.3,21
2016-04-04 15:00:00+00:00,20.7,81,950.9,0.1,10.0,13
2016-04-04 16:00:00+00:00,20.8,80,950.4,0.1,10.3,12
2016-04-04 17:00:00+00:00,20.3,83,950.2,0.0,8.9,14
2016-04-04 18:00:00+00:00,20.1,83,949.7,0.1,8.3,18
2016-04-04 19:00:00+00:00,20.0,84,949.0,0.0,7.1,30
2016-04-04 20:00:00+00:00,19.3,88,948.2,0.0,7.4,43
2016-04-04 21:00:00+00:00,19.3,87,948.5,0.3,8.4,40
2016-04-04 22:00:00+00:00,19.5,86,949.4,0.4,8.5,36
2016-04-04 23:00:00+00:00,19.5,84,949.8,0.3,10.1,35
2016-04-05 00:00:00+00:00,19.1,84,950.3,0.5,11.8,23
2016-04-05 01:00:00+00:00,18.6,85,950.9,0.6,12.1,23
2016-04-05 02:00:00+00:00,18.7,83,951.1,0.5,12.1,30
2016-04-05 03:00:00+00:00,18.2,84,951.1,0.2,12.1,37
2016-04-05 04:00:00+00:00,18.0,81,950.6,0.0,11.2,40
2016-04-05 05:00:00+00:00,19.6,73,950.3,0.0,12.7,43
2016-04-05 06:00:00+00:00,19.4,72,949.3,0.0,12.0,41
2016-04-05 07:00:00+00:00,19.7,69,948.8,0.0,12.0,41
2016-04-05 08:00:00+00:00,19.4,70,948.5,0.0,10.1,27
2016-04-05 09:00:00+00:00,19.6,70,948.3,0.3,10.5,8
2016-04-05 10:00:00+00:00,18.4,83,948.4,0.0,10.5,352
2016-04-05 11:00:00+00:00,18.9,80,948.8,0.0,11.9,355
2016-04-05 12:00:00+00:00,19.0,79,949.0,0.0,13.0,355
2016-04-05 13:00:00+00:00,19.4,77,950.1,0.0,11.9,357
2016-04-05 14:00:00+00:00,19.1,79,950.8,0.0,9.8,354
2016-04-05 15:00:00+00:00,17.9,82,950.9,0.2,8.7,355
2016-04-05 16:00:00+00:00,17.8,84,950.8,0.0,9.4,358
2016-04-05 17:00:00+00:00,17.6,86,950.8,0.0,10.2,8
2016-04-05 18:00:00+00:00,17.5,85,950.1,0.0,12.1,17
2016-04-05 19:00:00+00:00,17.5,85,949.7,0.0,11.9,25
2016-04-05 20:00:00+00:00,16.7,87,949.5,0.0,12.1,27
2016-04-05 21:00:00+00:00,16.8,85,949.6,0.1,10.8,26
2016-04-05 22:00:00+00:00,16.5,85,949.8,0.1,6.0,17
2016-04-05 23:00:00+00:00,16.5,85,950.8,0.2,5.3,28
2016-04-06 00:00:00+00:00,16.5,86,951.5,0.0,5.8,30
2016-04-06 01:00:00+00:00,16.7,84,952.7,0.0,5.2,12
2016-04-06 02:00:00+00:00,18.8,71,953.7,0.0,3.3,6
2016-04-06 03:00:00+00:00,19.8,66,954.0,0.0,2.4,297
2016-04-06 04:00:00+00:00,20.2,61,954.6,0.0,5.8,263
2016-04-06 05:00:00+00:00,21.4,57,954.2,0.0,8.8,258
2016-04-06 06:00:00+00:00,21.3,57,953.5,0.0,10.8,255
2016-04-06 07:00:00+00:00,21.3,58,952.5,0.0,11.5,250
2016-04-06 08:00:00+00:00,22.5,54,952.2,0.0,10.0,244
2016-04-06 09:00:00+00:00,22.9,52,952.1,0.0,7.4,241
2016-04-06 10:00:00+00:00,20.7,62,953.1,0.0,7.0,249
2016-04-06 11:00:00+00:00,20.3,62,952.9,0.0,8.4,230
2016-04-06 12:00:00+00:00,19.6,67,953.5,0.0,8.6,248
2016-04-06 13:00:00+00:00,19.7,68,954.5,0.0,6.1,267
2016-04-06 14:00:00+00:00,19.5,72,955.5,0.0,5.2,258
2016-04-06 15:00:00+00:00,18.7,77,955.9,0.0,6.0,253
2016-04-06 16:00:00+00:00,18.3,79,955.8,0.0,5.7,252
2016-04-06 17:00:00+00:00,18.3,80,956.0,0.0,5.2,245
2016-04-06 18:00:00+00:00,18.7,79,955.7,0.0,4.5,241
2016-04-06 19:00:00+00:00,18.5,80,955.3,0.0,5.1,225
2016-04-06 20:00:00+00:00,17.9,82,955.3,0.0,5.5,212
2016-04-06 21:00:00+00:00,17.6,83,954.8,0.0,5.5,203
2016-04-06 22:00:00+00:00,18.5,80,955.8,0.0,7.1,210
2016-04-06 23:00:00+00:00,18.4,81,955.8,0.0,6.4,207
2016-04-07 00:00:00+00:00,17.8,82,956.8,0.0,4.6,231
2016-04-07 01:00:00+00:00,17.9,82,957.3,0.0,2.5,225
2016-04-07 02:00:00+00:00,21.1,67,958.1,0.0,1.0,225
2016-04-07 03:00:00+00:00,21.1,67,958.6,0.0,1.0,45
2016-04-07 04:00:00+00:00,21.7,63,958.2,0.0,1.3,56
2016-04-07 05:00:00+00:00,24.2,52,958.2,0.0,1.0,45
2016-04-07 06:00:00+00:00,24.2,50,957.2,0.0,1.1,18
2016-04-07 07:00:00+00:00,24.4,48,956.2,0.0,1.5,346
2016-04-07 08:00:00+00:00,23.9,48,955.3,0.0,2.8,310
2016-04-07 09:00:00+00:00,24.1,47,954.8,0.0,3.5,336
2016-04-07 10:00:00+00:00,23.4,50,955.2,0.0,3.7,349
2016-04-07 11:00:00+00:00,22.5,50,955.4,0.0,2.1,59
2016-04-07 12:00:00+00:00,21.4,57,956.0,0.0,2.7,293
2016-04-07 13:00:00+00:00,21.2,58,956.7,0.0,4.1,308
2016-04-07 14:00:00+00:00,20.6,62,957.7,0.0,4.6,309
2016-04-07 15:00:00+00:00,20.0,69,957.9,0.1,3.4,342
2016-04-07 16:00:00+00:00,19.5,76,958.0,0.2,3.6,53
2016-04-07 17:00:00+00:00,19.4,77,958.2,0.1,4.3,42
2016-04-07 18:00:00+00:00,19.1,80,957.9,0.8,4.8,27
2016-04-07 19:00:00+00:00,18.3,86,958.0,1.3,2.8,320
2016-04-07 20:00:00+00:00,17.2,92,957.5,1.1,5.0,300
2016-04-07 21:00:00+00:00,16.8,94,957.6,1.4,5.9,308
2016-04-07 22:00:00+00:00,16.2,93,957.4,1.4,5.5,337
2016-04-07 23:00:00+00:00,16.1,93,957.6,0.7,3.4,342
2016-04-08 00:00:00+00:00,16.3,91,958.4,0.7,4.5,331
2016-04-08 01:00:00+00:00,16.7,91,959.0,0.3,4.7,328
2016-04-08 02:00:00+00:00,18.8,80,959.4,0.0,3.4,302
2016-04-08 03:00:00+00:00,19.2,78,959.9,0.1,4.0,275
2016-04-08 04:00:00+00:00,19.9,78,959.2,0.0,5.2,282
2016-04-08 05:00:00+00:00,20.7,71,958.6,0.0,6.8,302
2016-04-08 06:00:00+00:00,20.8,70,957.2,0.0,7.8,338
2016-04-08 07:00:00+00:00,21.4,66,956.4,0.0,8.4,353
2016-04-08 08:00:00+00:00,21.2,65,955.6,0.0,9.0,360
2016-04-08 09:00:00+00:00,20.7,67,955.2,0.0,9.8,17
2016-04-08 10:00:00+00:00,19.8,63,955.7,0.0,10.1,2
2016-04-08 11:00:00+00:00,19.4,65,955.6,0.0,10.4,34
2016-04-08 12:00:00+00:00,19.2,69,956.3,0.0,11.6,36
2016-04-08 13:00:00+00:00,18.5,75,956.9,0.0,11.8,31
2016-04-08 14:00:00+00:00,18.4,79,957.4,0.0,11.1,29
2016-04-08 15:00:00+00:00,17.3,83,957.3,0.0,10.8,26
2016-04-08 16:00:00+00:00,17.2,84,957.1,0.0,9.2,21
2016-04-08 17:00:00+00:00,17.0,85,956.9,0.0,7.8,13
2016-04-08 18:00:00+00:00,16.9,85,956.2,0.1,6.5,357
2016-04-08 19:00:00+00:00,16.8,86,955.5,0.6,7.7,349
2016-04-08 20:00:00+00:00,16.3,88,954.6,0.4,7.6,355
2016-04-08 21:00:00+00:00,16.1,90,954.2,0.4,7.2,357
2016-04-08 22:00:00+00:00,15.5,90,953.8,0.3,6.3,13
2016-04-08 23:00:00+00:00,15.6,89,954.0,0.2,5.4,20
2016-04-09 00:00:00+00:00,15.8,88,954.6,0.0,5.9,14
2016-04-09 01:00:00+00:00,15.9,87,955.1,0.0,5.1,4
2016-04-09 02:00:00+00:00,17.5,80,955.4,0.0,5.5,11
2016-04-09 03:00:00+00:00,17.7,79,955.6,0.0,6.4,27
2016-04-09 04:00:00+00:00,17.8,78,955.0,0.0,5.7,18
2016-04-09 05:00:00+00:00,19.9,66,954.7,0.0,5.9,11
2016-04-09 06:00:00+00:00,20.1,65,953.7,0.0,6.9,6
2016-04-09 07:00:00+00:00,20.4,64,953.4,0.0,5.8,353
2016-04-09 08:00:00+00:00,21.4,57,952.6,0.0,6.1,357
2016-04-09 09:00:00+00:00,21.4,57,952.5,0.0,7.4,346
2016-04-09 10:00:00+00:00,19.5,65,952.4,0.0,9.8,343
2016-04-09 11:00:00+00:00,19.7,63,952.8,0.0,8.0,355
2016-04-09 12:00:00+00:00,19.3,66,953.7,0.0,6.5,360
2016-04-09 13:00:00+00:00,18.9,68,954.5,0.0,6.0,343
2016-04-09 14:00:00+00:00,18.6,71,955.3,0.0,6.1,310
2016-04-09 15:00:00+00:00,17.4,79,955.3,0.0,6.1,310
2016-04-09 16:00:00+00:00,16.7,84,955.0,0.0,5.9,313
2016-04-09 17:00:00+00:00,16.2,87,955.0,0.0,5.6,310
2016-04-09 18:00:00+00:00,16.4,87,955.0,0.0,6.9,317
2016-04-09 19:00:00+00:00,15.5,89,954.1,0.0,4.8,333
2016-04-09 20:00:00+00:00,14.4,91,953.8,0.0,4.7,9
2016-04-09 21:00:00+00:00,14.0,92,953.4,0.0,5.0,21
2016-04-09 22:00:00+00:00,14.6,90,953.1,0.0,6.9,39
2016-04-09 23:00:00+00:00,15.5,86,953.8,0.0,4.3,42
2016-04-10 00:00:00+00:00,15.6,87,954.4,0.0,1.8,360
2016-04-10 01:00:00+00:00,16.4,80,955.5,0.0,2.2,9
2016-04-10 02:00:00+00:00,21.3,57,956.6,0.0,2.2,351
2016-04-10 03:00:00+00:00,21.6,57,956.9,0.0,1.8,307
2016-04-10 04:00:00+00:00,22.0,57,956.1,0.0,2.2,279
2016-04-10 05:00:00+00:00,24.8,46,956.0,0.0,1.5,284
2016-04-10 06:00:00+00:00,25.5,43,954.5,0.0,0.4,360
2016-04-10 07:00:00+00:00,25.5,43,953.9,0.0,0.5,315
2016-04-10 08:00:00+00:00,25.3,41,952.9,0.0,3.4,288
2016-04-10 09:00:00+00:00,25.2,43,953.0,0.0,6.4,297
2016-04-10 10:00:00+00:00,22.5,54,953.7,0.0,11.2,312
2016-04-10 11:00:00+00:00,22.5,53,954.0,0.0,7.7,311
2016-04-10 12:00:00+00:00,22.1,57,954.7,0.0,7.9,309
2016-04-10 13:00:00+00:00,22.2,59,955.0,0.0,6.4,308
2016-04-10 14:00:00+00:00,19.7,71,955.0,0.0,6.4,297
2016-04-10 15:00:00+00:00,18.2,77,954.7,0.0,4.9,324
2016-04-10 16:00:00+00:00,18.4,76,954.9,0.0,6.2,350
2016-04-10 17:00:00+00:00,17.8,80,954.5,0.0,6.7,16
2016-04-10 18:00:00+00:00,17.9,81,954.2,0.0,6.6,22
2016-04-10 19:00:00+00:00,18.4,76,954.0,0.0,4.1,345
2016-04-10 20:00:00+00:00,17.4,83,953.6,0.0,4.4,305
2016-04-10 21:00:00+00:00,17.4,80,953.1,0.0,5.1,315
2016-04-10 22:00:00+00:00,16.6,87,952.7,0.0,5.1,8
2016-04-10 23:00:00+00:00,16.5,85,953.1,0.0,5.4,53
2016-04-11 00:00:00+00:00,17.2,80,954.0,0.0,3.6,37
2016-04-11 01:00:00+00:00,17.3,77,954.3,0.0,4.6,45
2016-04-11 02:00:00+00:00,21.0,58,955.5,0.0,5.2,34
2016-04-11 03:00:00+00:00,21.6,60,955.0,0.0,4.8,42
2016-04-11 04:00:00+00:00,22.1,59,954.2,0.0,4.1,45
2016-04-11 05:00:00+00:00,24.2,50,953.7,0.0,4.9,36
2016-04-11 06:00:00+00:00,24.1,52,952.5,0.0,4.5,61
2016-04-11 07:00:00+00:00,24.5,50,952.0,0.0,4.2,70
2016-04-11 08:00:00+00:00,24.3,50,951.2,0.0,4.1,45
2016-04-11 09:00:00+00:00,24.0,49,951.0,0.0,3.6,6
2016-04-11 10:00:00+00:00,21.7,61,951.8,0.0,10.3,335
2016-04-11 11:00:00+00:00,21.6,59,951.3,0.0,8.2,345
2016-04-11 12:00:00+00:00,21.8,61,951.5,0.0,6.8,335
2016-04-11 13:00:00+00:00,21.9,60,952.5,0.0,5.8,338
2016-04-11 14:00:00+00:00,21.2,64,952.8,0.0,5.2,326
2016-04-11 15:00:00+00:00,19.6,73,952.6,0.0,6.2,339
2016-04-11 16:00:00+00:00,19.6,73,952.2,0.0,5.7,342
2016-04-11 17:00:00+00:00,19.1,77,951.8,0.0,5.4,312
2016-04-11 18:00:00+00:00,18.9,79,951.4,0.0,5.2,304
2016-04-11 19:00:00+00:00,18.3,83,950.4,0.0,4.5,331
2016-04-11 20:00:00+00:00,17.5,88,949.8,0.0,5.9,349
2016-04-11 21:00:00+00:00,17.5,89,949.2,0.0,5.6,333
2016-04-11 22:00:00+00:00,17.5,88,949.3,0.0,4.7,351
2016-04-11 23:00:00+00:00,17.4,88,949.8,0.0,4.3,5
2016-04-12 00:00:00+00:00,18.0,83,950.5,0.0,5.6,15
2016-04-12 01:00:00+00:00,18.5,79,950.9,0.0,5.2,12
2016-04-12 02:00:00+00:00,21.9,62,951.9,0.0,5.9,14
2016-04-12 03:00:00+00:00,22.4,60,951.5,0.0,5.8,30
2016-04-12 04:00:00+00:00,22.9,58,950.9,0.0,4.3,24
2016-04-12 05:00:00+00:00,23.8,52,950.1,0.0,4.6,51
2016-04-12 06:00:00+00:00,24.4,51,949.5,0.0,5.7,72
2016-04-12 07:00:00+00:00,24.3,53,949.1,0.0,5.1,82
2016-04-12 08:00:00+00:00,24.9,51,948.6,0.0,4.3,90
2016-04-12 09:00:00+00:00,24.8,52,948.5,0.0,4.1,45
2016-04-12 10:00:00+00:00,22.7,61,948.2,0.0,4.0,27
2016-04-12 11:00:00+00:00,22.7,60,949.2,0.0,4.0,350
2016-04-12 12:00:00+00:00,22.3,65,949.8,0.0,5.6,345
2016-04-12 13:00:00+00:00,22.3,68,951.1,0.0,8.3,342
2016-04-12 14:00:00+00:00,21.7,71,951.8,0.0,7.8,347
2016-04-12 15:00:00+00:00,20.1,77,951.9,0.1,6.8,357
2016-04-12 16:00:00+00:00,20.1,77,952.3,0.1,8.0,10
2016-04-12 17:00:00+00:00,19.5,80,951.8,0.0,9.4,18
2016-04-12 18:00:00+00:00,19.3,80,951.6,0.0,7.9,16
2016-04-12 19:00:00+00:00,19.0,81,950.8,0.3,5.4,20
2016-04-12 20:00:00+00:00,18.4,84,950.4,0.5,4.5,29
2016-04-12 21:00:00+00:00,18.8,81,950.1,0.5,5.4,20
2016-04-12 22:00:00+00:00,18.1,86,949.9,0.3,3.6,354
2016-04-12 23:00:00+00:00,18.3,85,950.1,0.3,1.9,292
2016-04-13 00:00:00+00:00,18.4,82,950.2,0.3,3.8,319
2016-04-13 01:00:00+00:00,17.7,86,950.2,0.4,4.4,325
2016-04-13 02:00:00+00:00,18.9,77,950.5,0.7,2.9,353
2016-04-13 03:00:00+00:00,18.9,80,950.7,0.6,2.9,30
2016-04-13 04:00:00+00:00,18.6,81,950.1,0.1,3.4,32
2016-04-13 05:00:00+00:00,20.4,70,949.4,0.0,6.5,360
2016-04-13 06:00:00+00:00,20.7,69,948.4,0.0,8.7,353
2016-04-13 07:00:00+00:00,20.8,68,947.5,0.0,9.7,345
2016-04-13 08:00:00+00:00,21.4,64,946.7,0.0,10.0,347
2016-04-13 09:00:00+00:00,21.5,61,946.3,0.0,9.8,6
2016-04-13 10:00:00+00:00,20.1,70,945.9,0.0,8.9,14
2016-04-13 11:00:00+00:00,20.4,69,946.8,0.0,9.5,37
2016-04-13 12:00:00+00:00,20.7,70,947.9,0.0,12.0,44
2016-04-13 13:00:00+00:00,20.6,71,949.1,0.1,14.8,47
2016-04-13 14:00:00+00:00,19.9,76,950.0,0.3,16.8,42
2016-04-13 15:00:00+00:00,18.0,86,950.3,0.3,17.7,38
2016-04-13 16:00:00+00:00,17.7,86,950.6,0.1,16.3,41
2016-04-13 17:00:00+00:00,17.1,87,950.7,0.0,16.0,46
2016-04-13 18:00:00+00:00,17.1,85,950.3,0.0,14.5,46
2016-04-13 19:00:00+00:00,17.1,83,950.1,1.5,10.9,46
2016-04-13 20:00:00+00:00,16.6,81,950.4,0.6,8.1,32
2016-04-13 21:00:00+00:00,16.7,80,949.9,0.1,7.4,23
2016-04-13 22:00:00+00:00,15.6,88,951.1,0.0,5.1,8
2016-04-13 23:00:00+00:00,15.7,88,951.2,0.0,4.1,15
2016-04-14 00:00:00+00:00,16.8,85,952.2,0.0,4.8,312
2016-04-14 01:00:00+00:00,17.2,83,952.8,0.0,5.1,309
2016-04-14 02:00:00+00:00,20.1,65,953.5,0.0,4.2,329
2016-04-14 03:00:00+00:00,21.2,60,953.7,0.0,3.6,354
2016-04-14 04:00:00+00:00,21.7,60,953.1,0.0,3.4,32
2016-04-14 05:00:00+00:00,24.5,49,952.9,0.0,5.9,38
2016-04-14 06:00:00+00:00,24.4,49,952.1,0.0,7.8,22
2016-04-14 07:00:00+00:00,24.4,50,951.3,0.0,8.2,15
2016-04-14 08:00:00+00:00,23.9,51,950.4,0.0,10.0,30
2016-04-14 09:00:00+00:00,23.6,53,950.3,0.0,11.9,35
2016-04-14 10:00:00+00:00,21.8,62,949.5,0.0,10.7,42
2016-04-14 11:00:00+00:00,21.3,62,950.5,0.0,6.9,43
2016-04-14 12:00:00+00:00,21.2,65,951.3,0.0,5.6,40
2016-04-14 13:00:00+00:00,20.7,68,951.9,0.2,5.3,28
2016-04-14 14:00:00+00:00,19.7,77,952.5,0.8,3.8,343
2016-04-14 15:00:00+00:00,18.2,87,952.3,0.7,4.4,325
2016-04-14 16:00:00+00:00,18.2,88,952.0,0.6,4.1,345
2016-04-14 17:00:00+00:00,18.3,88,951.6,0.0,4.0,350
2016-04-14 18:00:00+00:00,18.0,88,950.8,0.0,3.7,349
2016-04-14 19:00:00+00:00,18.0,88,950.1,0.0,3.6,354
2016-04-14 20:00:00+00:00,17.6,87,949.4,0.0,4.0,360
2016-04-14 21:00:00+00:00,17.0,91,948.6,0.0,4.3,5
2016-04-14 22:00:00+00:00,17.1,90,948.3,0.0,3.3,49
2016-04-14 23:00:00+00:00,17.0,90,948.5,0.0,4.6,72
2016-04-15 00:00:00+00:00,17.5,89,949.1,0.0,5.3,62
2016-04-15 01:00:00+00:00,17.8,89,949.5,0.0,3.3,49
2016-04-15 02:00:00+00:00,19.9,81,950.4,0.0,2.9,7
2016-04-15 03:00:00+00:00,20.5,75,950.6,0.0,5.1,8
2016-04-15 04:00:00+00:00,21.1,71,949.8,0.0,4.5,29
2016-04-15 05:00:00+00:00,23.0,60,949.3,0.0,5.4,53
2016-04-15 06:00:00+00:00,23.5,59,949.2,0.0,7.4,47
2016-04-15 07:00:00+00:00,22.8,64,949.5,0.0,14.0,46
2016-04-15 08:00:00+00:00,20.4,73,950.2,0.7,22.8,59
2016-04-15 09:00:00+00:00,19.6,75,950.6,0.5,17.7,66
2016-04-15 10:00:00+00:00,16.8,67,950.6,0.1,9.3,62
2016-04-15 11:00:00+00:00,16.9,74,951.9,0.5,4.8,42
2016-04-15 12:00:00+00:00,16.8,90,952.5,0.4,2.5,270
2016-04-15 13:00:00+00:00,17.2,91,954.0,0.0,11.2,255
2016-04-15 14:00:00+00:00,16.6,93,955.3,0.0,14.7,245
2016-04-15 15:00:00+00:00,15.4,94,955.3,0.0,17.1,245
2016-04-15 16:00:00+00:00,15.7,92,955.5,0.2,15.0,249
2016-04-15 17:00:00+00:00,15.6,91,955.2,0.2,13.3,251
2016-04-15 18:00:00+00:00,15.9,88,955.0,0.0,10.0,249
2016-04-15 19:00:00+00:00,16.0,87,954.9,0.0,7.6,262
2016-04-15 20:00:00+00:00,15.1,90,954.5,0.0,6.0,303
2016-04-15 21:00:00+00:00,15.2,89,954.2,0.0,3.9,292
2016-04-15 22:00:00+00:00,15.5,91,953.7,0.0,4.0,265
2016-04-15 23:00:00+00:00,15.4,90,953.7,0.0,3.7,209
2016-04-16 00:00:00+00:00,16.3,84,954.8,0.0,1.9,112
2016-04-16 01:00:00+00:00,16.7,71,955.0,0.0,2.3,129
2016-04-16 02:00:00+00:00,21.3,51,956.7,0.0,7.1,229
2016-04-16 03:00:00+00:00,21.7,45,956.8,0.0,11.1,234
2016-04-16 04:00:00+00:00,21.8,42,955.5,0.0,11.0,229
2016-04-16 05:00:00+00:00,24.7,35,955.0,0.0,9.4,230
2016-04-16 06:00:00+00:00,24.9,36,953.9,0.0,7.7,233
2016-04-16 07:00:00+00:00,25.0,37,952.9,0.0,7.4,227
2016-04-16 08:00:00+00:00,25.1,35,952.0,0.0,7.1,225
2016-04-16 09:00:00+00:00,25.2,34,951.3,0.0,5.6,255
2016-04-16 10:00:00+00:00,22.7,45,951.3,0.0,8.9,317
2016-04-16 11:00:00+00:00,22.6,44,951.5,0.0,7.0,339
2016-04-16 12:00:00+00:00,21.4,56,952.7,0.5,8.7,336
2016-04-16 13:00:00+00:00,21.0,58,953.5,0.0,10.2,321
2016-04-16 14:00:00+00:00,20.3,64,954.9,0.2,8.3,326
2016-04-16 15:00:00+00:00,17.2,82,955.2,0.9,6.1,315
2016-04-16 16:00:00+00:00,16.7,86,956.2,1.4,5.8,277
2016-04-16 17:00:00+00:00,15.6,91,956.4,1.1,5.9,281
2016-04-16 18:00:00+00:00,15.9,91,956.3,0.3,4.3,294
2016-04-16 19:00:00+00:00,16.1,91,956.3,0.2,4.8,297
2016-04-16 20:00:00+00:00,15.1,94,956.4,0.0,2.6,286
2016-04-16 21:00:00+00:00,15.4,95,957.6,0.0,3.8,343
2016-04-16 22:00:00+00:00,15.1,86,958.9,0.4,3.9,22
2016-04-16 23:00:00+00:00,15.3,89,959.8,0.6,5.6,45
2016-04-17 00:00:00+00:00,15.3,90,961.2,0.2,4.6,51
2016-04-17 01:00:00+00:00,15.6,88,963.0,0.1,0.7,180
2016-04-17 02:00:00+00:00,16.7,81,963.9,0.3,6.3,211
2016-04-17 03:00:00+00:00,16.6,75,964.4,0.6,9.2,206
2016-04-17 04:00:00+00:00,16.7,71,963.6,0.0,11.2,225
2016-04-17 05:00:00+00:00,19.3,57,963.5,0.0,13.0,228
2016-04-17 06:00:00+00:00,19.3,54,961.8,0.0,13.0,226
2016-04-17 07:00:00+00:00,19.6,52,960.9,0.0,13.0,224
2016-04-17 08:00:00+00:00,20.9,46,960.0,0.0,12.7,227
2016-04-17 09:00:00+00:00,20.8,47,959.3,0.0,12.2,236
2016-04-17 10:00:00+00:00,18.7,53,959.5,0.0,11.4,252
2016-04-17 11:00:00+00:00,18.7,52,959.4,0.0,4.1,285
2016-04-17 12:00:00+00:00,17.2,62,960.0,0.0,6.5,304
2016-04-17 13:00:00+00:00,16.4,67,960.3,0.0,7.0,325
2016-04-17 14:00:00+00:00,15.3,72,960.5,0.0,7.1,345
2016-04-17 15:00:00+00:00,13.7,83,960.0,0.0,5.8,356
2016-04-17 16:00:00+00:00,14.4,77,960.1,0.0,6.8,3
2016-04-17 17:00:00+00:00,12.9,86,959.0,0.0,3.1,315
2016-04-17 18:00:00+00:00,12.8,87,958.4,0.0,0.8,153
2016-04-17 19:00:00+00:00,12.8,87,957.8,0.0,2.6,164
2016-04-17 20:00:00+00:00,11.6,91,957.2,0.0,3.9,158
2016-04-17 21:00:00+00:00,11.8,90,956.6,0.0,3.4,162
2016-04-17 22:00:00+00:00,12.4,90,957.4,0.0,2.9,330
2016-04-17 23:00:00+00:00,11.8,95,956.9,0.0,4.4,55
2016-04-18 00:00:00+00:00,13.0,87,958.3,0.0,4.8,48
2016-04-18 01:00:00+00:00,14.5,74,959.0,0.0,3.1,54
2016-04-18 02:00:00+00:00,19.7,52,959.8,0.0,1.6,117
2016-04-18 03:00:00+00:00,20.3,54,959.6,0.0,4.0,180
2016-04-18 04:00:00+00:00,20.6,53,958.4,0.0,6.7,196
2016-04-18 05:00:00+00:00,23.0,41,957.6,0.0,8.7,197
2016-04-18 06:00:00+00:00,23.4,41,956.2,0.0,8.1,201
2016-04-18 07:00:00+00:00,23.5,41,954.9,0.0,7.7,208
2016-04-18 08:00:00+00:00,23.5,39,953.9,0.0,7.1,210
2016-04-18 09:00:00+00:00,23.4,39,953.3,0.0,7.4,209
2016-04-18 10:00:00+00:00,21.1,48,952.7,0.0,7.2,276
2016-04-18 11:00:00+00:00,21.4,45,952.6,0.0,6.3,301
2016-04-18 12:00:00+00:00,20.7,52,953.2,0.0,8.0,306
2016-04-18 13:00:00+00:00,20.1,55,953.4,0.0,8.2,322
2016-04-18 14:00:00+00:00,18.2,62,953.6,0.0,8.9,328
2016-04-18 15:00:00+00:00,16.6,76,952.8,0.0,7.7,323
2016-04-18 16:00:00+00:00,16.3,76,952.6,0.0,5.6,315
2016-04-18 17:00:00+00:00,15.8,80,952.1,0.0,5.1,315
2016-04-18 18:00:00+00:00,15.8,80,951.6,0.0,5.2,326
2016-04-18 19:00:00+00:00,15.9,80,951.0,0.0,5.0,339
2016-04-18 20:00:00+00:00,15.2,86,950.4,0.0,4.7,351
2016-04-18 21:00:00+00:00,15.2,85,950.2,0.0,5.2,348
2016-04-18 22:00:00+00:00,16.7,79,950.5,0.0,5.7,325
2016-04-18 23:00:00+00:00,16.8,77,950.7,0.0,4.7,9
2016-04-19 00:00:00+00:00,17.0,76,951.2,0.0,8.9,14
2016-04-19 01:00:00+00:00,17.2,74,951.8,0.0,9.9,19
2016-04-19 02:00:00+00:00,21.1,50,953.0,0.0,11.4,24
2016-04-19 03:00:00+00:00,21.4,51,953.3,0.0,12.4,26
2016-04-19 04:00:00+00:00,21.9,49,952.8,0.0,13.3,33
2016-04-19 05:00:00+00:00,23.6,44,952.7,0.0,12.5,39
2016-04-19 06:00:00+00:00,24.5,41,952.0,0.0,13.2,45
2016-04-19 07:00:00+00:00,24.3,41,951.5,0.0,13.0,44
2016-04-19 08:00:00+00:00,22.9,46,951.1,0.0,13.8,39
2016-04-19 09:00:00+00:00,22.6,43,950.9,0.0,14.7,31
2016-04-19 10:00:00+00:00,20.7,52,951.2,0.0,12.0,16
2016-04-19 11:00:00+00:00,20.5,55,951.2,0.0,9.4,356
2016-04-19 12:00:00+00:00,20.0,61,952.7,0.0,9.2,321
2016-04-19 13:00:00+00:00,19.8,64,953.7,0.0,10.0,308
2016-04-19 14:00:00+00:00,19.0,69,954.9,0.0,9.0,299
2016-04-19 15:00:00+00:00,17.6,79,955.0,0.0,9.0,272
2016-04-19 16:00:00+00:00,17.8,78,955.7,0.0,9.4,274
2016-04-19 17:00:00+00:00,17.3,80,955.8,0.0,7.4,284
2016-04-19 18:00:00+00:00,17.4,80,955.7,0.0,5.9,281
2016-04-19 19:00:00+00:00,17.3,80,955.3,0.0,6.1,273
2016-04-19 20:00:00+00:00,16.5,83,955.1,0.0,7.4,256
2016-04-19 21:00:00+00:00,16.3,84,955.2,0.0,8.4,250
2016-04-19 22:00:00+00:00,16.8,80,955.9,0.0,8.6,248
2016-04-19 23:00:00+00:00,17.1,78,956.2,0.0,9.5,245
2016-04-20 00:00:00+00:00,17.8,74,957.6,0.0,11.0,259
2016-04-20 01:00:00+00:00,18.9,68,957.7,0.0,12.2,272
2016-04-20 02:00:00+00:00,23.2,47,958.8,0.0,13.4,275
2016-04-20 03:00:00+00:00,23.6,45,959.0,0.0,12.3,275
2016-04-20 04:00:00+00:00,23.8,45,958.6,0.0,9.8,278
2016-04-20 05:00:00+00:00,26.8,33,958.5,0.0,7.4,293
2016-04-20 06:00:00+00:00,27.1,34,957.3,0.0,5.6,310
2016-04-20 07:00:00+00:00,27.1,34,956.6,0.0,6.4,313
2016-04-20 08:00:00+00:00,27.4,31,955.4,0.0,8.7,308
2016-04-20 09:00:00+00:00,27.1,33,954.9,0.0,11.3,301
2016-04-20 10:00:00+00:00,23.1,46,954.2,0.0,15.8,291
2016-04-20 11:00:00+00:00,23.2,46,954.2,0.0,10.8,291
2016-04-20 12:00:00+00:00,22.1,52,954.6,0.0,8.2,299
2016-04-20 13:00:00+00:00,20.9,58,955.2,0.0,5.9,322
2016-04-20 14:00:00+00:00,19.7,65,956.3,0.0,5.2,16
2016-04-20 15:00:00+00:00,17.5,81,956.5,0.0,6.9,84
2016-04-20 16:00:00+00:00,17.4,80,956.9,0.0,6.6,103
2016-04-20 17:00:00+00:00,16.7,85,956.9,0.0,8.0,108
2016-04-20 18:00:00+00:00,17.4,80,956.7,0.0,4.5,61
2016-04-20 19:00:00+00:00,17.8,77,956.6,0.0,5.4,20
2016-04-20 20:00:00+00:00,17.7,77,956.1,0.0,5.5,23
2016-04-20 21:00:00+00:00,16.7,84,955.4,0.0,6.0,33
2016-04-20 22:00:00+00:00,17.1,77,955.6,0.0,4.9,73
2016-04-20 23:00:00+00:00,17.4,76,955.6,0.2,5.2,115
2016-04-21 00:00:00+00:00,17.4,76,956.4,0.2,4.1,105
2016-04-21 01:00:00+00:00,17.1,79,957.1,0.6,4.0,90
2016-04-21 02:00:00+00:00,18.1,76,957.8,1.1,4.3,85
2016-04-21 03:00:00+00:00,18.1,76,957.8,0.0,5.8,86
2016-04-21 04:00:00+00:00,18.4,72,957.8,0.0,5.1,86
2016-04-21 05:00:00+00:00,20.3,65,957.7,0.0,4.4,55
2016-04-21 06:00:00+00:00,20.4,62,956.9,0.0,3.6,45
2016-04-21 07:00:00+00:00,20.8,60,956.6,0.0,1.4,360
2016-04-21 08:00:00+00:00,21.1,58,955.4,0.0,4.1,308
2016-04-21 09:00:00+00:00,20.9,58,954.7,0.0,7.0,305
2016-04-21 10:00:00+00:00,19.2,69,955.1,0.0,9.2,301
2016-04-21 11:00:00+00:00,19.1,68,954.8,0.0,6.2,291
2016-04-21 12:00:00+00:00,18.8,71,955.1,0.0,5.4,290
2016-04-21 13:00:00+00:00,18.5,74,955.8,0.0,5.5,281
2016-04-21 14:00:00+00:00,18.4,76,956.1,0.0,6.2,291
2016-04-21 15:00:00+00:00,17.2,81,956.2,0.0,5.8,277
2016-04-21 16:00:00+00:00,16.7,84,955.2,0.0,5.8,277
2016-04-21 17:00:00+00:00,16.0,88,954.2,0.0,5.4,270
2016-04-21 18:00:00+00:00,16.2,87,953.5,0.0,4.3,246
2016-04-21 19:00:00+00:00,16.2,87,952.9,0.0,4.1,232
2016-04-21 20:00:00+00:00,15.8,90,952.1,0.0,4.0,243
2016-04-21 21:00:00+00:00,16.2,87,951.6,0.0,3.8,253
2016-04-21 22:00:00+00:00,16.6,84,951.4,0.0,3.2,207
2016-04-21 23:00:00+00:00,16.6,84,951.7,0.2,4.6,219
2016-04-22 00:00:00+00:00,16.5,85,952.5,0.4,2.9,270
2016-04-22 01:00:00+00:00,16.2,89,953.0,0.5,4.6,321
2016-04-22 02:00:00+00:00,16.9,89,954.2,0.4,5.9,317
2016-04-22 03:00:00+00:00,17.0,84,954.4,0.2,7.4,317
2016-04-22 04:00:00+00:00,17.7,76,954.3,0.0,7.9,336
2016-04-22 05:00:00+00:00,20.2,58,953.5,0.0,9.6,13
2016-04-22 06:00:00+00:00,21.3,53,952.5,0.0,10.8,30
2016-04-22 07:00:00+00:00,21.3,51,951.5,0.0,10.2,32
2016-04-22 08:00:00+00:00,21.9,46,951.1,0.0,9.4,23
2016-04-22 09:00:00+00:00,21.7,47,950.9,0.0,9.1,18
2016-04-22 10:00:00+00:00,19.7,51,951.4,0.0,11.3,9
2016-04-22 11:00:00+00:00,19.1,51,951.6,0.0,8.8,12
2016-04-22 12:00:00+00:00,18.3,56,952.5,0.0,6.4,344
2016-04-22 13:00:00+00:00,17.9,59,953.6,0.0,7.8,326
2016-04-22 14:00:00+00:00,17.4,64,954.5,0.0,9.7,318
2016-04-22 15:00:00+00:00,16.2,73,954.5,0.0,10.8,323
2016-04-22 16:00:00+00:00,16.4,74,954.3,0.0,9.7,315
2016-04-22 17:00:00+00:00,15.7,79,953.9,0.0,8.2,299
2016-04-22 18:00:00+00:00,15.5,81,952.9,0.0,6.3,294
2016-04-22 19:00:00+00:00,15.1,84,952.3,0.0,6.1,270
2016-04-22 20:00:00+00:00,14.7,86,952.1,0.0,6.6,261
2016-04-22 21:00:00+00:00,14.6,85,951.6,0.0,5.8,266
2016-04-22 22:00:00+00:00,15.1,77,951.9,0.0,6.1,298
2016-04-22 23:00:00+00:00,15.7,75,952.1,0.0,3.3,283
2016-04-23 00:00:00+00:00,16.5,68,953.5,0.0,4.0,265
2016-04-23 01:00:00+00:00,17.5,60,954.6,0.0,4.7,266
2016-04-23 02:00:00+00:00,19.7,47,955.5,0.0,6.7,286
2016-04-23 03:00:00+00:00,19.5,51,955.9,0.0,8.1,283
2016-04-23 04:00:00+00:00,19.8,51,955.4,0.0,8.7,287
2016-04-23 05:00:00+00:00,20.9,47,955.3,0.0,8.4,277
2016-04-23 06:00:00+00:00,21.2,48,954.6,0.0,8.8,282
2016-04-23 07:00:00+00:00,21.4,48,953.5,0.0,7.8,283
2016-04-23 08:00:00+00:00,22.2,46,953.1,0.0,7.0,282
2016-04-23 09:00:00+00:00,22.1,46,952.7,0.0,7.6,275
2016-04-23 10:00:00+00:00,19.0,58,953.1,0.0,10.5,278
2016-04-23 11:00:00+00:00,18.9,55,952.8,0.0,10.5,274
2016-04-23 12:00:00+00:00,19.0,57,953.4,0.0,8.5,282
2016-04-23 13:00:00+00:00,18.2,60,953.5,0.0,6.4,286
2016-04-23 14:00:00+00:00,17.2,69,954.1,0.0,5.4,266
2016-04-23 15:00:00+00:00,16.2,76,954.6,0.0,6.1,242
2016-04-23 16:00:00+00:00,16.2,74,954.9,0.0,6.6,241
2016-04-23 17:00:00+00:00,16.2,74,954.6,0.0,6.0,237
2016-04-23 18:00:00+00:00,15.9,75,954.4,0.0,5.6,225
2016-04-23 19:00:00+00:00,15.6,77,954.0,0.0,5.2,214
2016-04-23 20:00:00+00:00,15.3,80,953.6,0.0,5.2,214
2016-04-23 21:00:00+00:00,15.1,83,953.4,0.0,5.6,220
2016-04-23 22:00:00+00:00,15.6,78,953.8,0.0,3.6,180
2016-04-23 23:00:00+00:00,16.0,77,953.9,0.0,4.7,176
2016-04-24 00:00:00+00:00,16.3,76,955.0,0.0,3.8,221
2016-04-24 01:00:00+00:00,16.5,74,955.4,0.0,3.4,252
2016-04-24 02:00:00+00:00,19.8,56,956.2,0.0,3.3,283
2016-04-24 03:00:00+00:00,20.3,54,956.2,0.0,2.7,293
2016-04-24 04:00:00+00:00,20.7,55,955.5,0.0,1.0,225
2016-04-24 05:00:00+00:00,23.6,45,955.1,0.0,2.3,141
2016-04-24 06:00:00+00:00,23.8,43,954.4,0.0,3.0,194
2016-04-24 07:00:00+00:00,24.0,43,953.5,0.0,1.3,214
2016-04-24 08:00:00+00:00,22.8,48,952.3,0.0,1.1,180
2016-04-24 09:00:00+00:00,22.4,48,952.3,0.0,2.5,225
2016-04-24 10:00:00+00:00,20.0,60,952.2,0.0,4.5,166
2016-04-24 11:00:00+00:00,20.1,61,952.1,0.0,5.2,164
2016-04-24 12:00:00+00:00,19.9,65,952.8,0.0,4.1,195
2016-04-24 13:00:00+00:00,20.2,63,953.7,0.0,5.1,231
2016-04-24 14:00:00+00:00,19.3,69,954.2,0.0,5.5,238
2016-04-24 15:00:00+00:00,18.1,76,953.9,0.0,4.8,222
2016-04-24 16:00:00+00:00,18.0,77,953.7,0.0,4.7,203
2016-04-24 17:00:00+00:00,17.7,81,953.4,0.0,4.5,194
2016-04-24 18:00:00+00:00,17.6,81,952.7,0.0,4.0,180
2016-04-24 19:00:00+00:00,17.3,84,952.3,0.0,0.8,117
2016-04-24 20:00:00+00:00,17.1,85,951.7,0.0,2.3,39
2016-04-24 21:00:00+00:00,16.8,87,951.5,0.0,3.3,49
2016-04-24 22:00:00+00:00,16.6,90,951.7,0.0,3.1,69
2016-04-24 23:00:00+00:00,16.6,90,952.1,0.0,5.0,111
2016-04-25 00:00:00+00:00,16.8,89,953.0,0.0,4.8,117
2016-04-25 01:00:00+00:00,17.0,87,953.2,0.0,2.8,130
2016-04-25 02:00:00+00:00,19.5,74,953.8,0.0,1.0,45
2016-04-25 03:00:00+00:00,19.6,75,953.7,0.1,1.6,63
2016-04-25 04:00:00+00:00,19.4,77,953.3,0.0,2.2,90
2016-04-25 05:00:00+00:00,20.6,72,952.7,0.0,2.2,99
2016-04-25 06:00:00+00:00,20.3,75,951.9,0.0,3.4,148
2016-04-25 07:00:00+00:00,20.2,73,951.3,0.0,2.3,162
2016-04-25 08:00:00+00:00,20.5,71,950.8,0.0,0.4,180
2016-04-25 09:00:00+00:00,20.9,67,950.8,0.0,2.7,23
2016-04-25 10:00:00+00:00,19.6,66,951.2,0.0,6.7,16
2016-04-25 11:00:00+00:00,19.9,66,952.1,0.0,6.6,29
2016-04-25 12:00:00+00:00,19.9,66,953.1,0.0,4.0,27
2016-04-25 13:00:00+00:00,19.9,66,953.9,0.0,4.0,10
2016-04-25 14:00:00+00:00,19.9,68,955.1,0.0,5.7,342
2016-04-25 15:00:00+00:00,18.6,76,954.8,0.0,6.3,336
2016-04-25 16:00:00+00:00,18.6,77,955.0,0.0,5.3,332
2016-04-25 17:00:00+00:00,18.4,78,954.7,0.0,4.2,340
2016-04-25 18:00:00+00:00,18.0,81,954.5,0.0,5.1,356
2016-04-25 19:00:00+00:00,18.0,83,954.5,0.0,2.1,329
2016-04-25 20:00:00+00:00,18.0,80,954.2,0.0,1.1,288
2016-04-25 21:00:00+00:00,17.8,82,954.4,0.0,1.8,233
2016-04-25 22:00:00+00:00,16.9,88,954.4,0.5,1.9,158
2016-04-25 23:00:00+00:00,17.1,87,954.5,0.1,2.2,171
2016-04-26 00:00:00+00:00,16.8,90,955.6,0.8,3.1,225
2016-04-26 01:00:00+00:00,17.2,86,956.4,0.0,3.4,238
2016-04-26 02:00:00+00:00,20.3,72,957.3,0.0,3.8,253
2016-04-26 03:00:00+00:00,20.9,70,957.5,0.0,5.9,259
2016-04-26 04:00:00+00:00,21.5,68,956.8,0.0,7.6,273
2016-04-26 05:00:00+00:00,24.2,56,957.0,0.0,8.6,292
2016-04-26 06:00:00+00:00,24.2,55,956.5,0.0,9.6,326
2016-04-26 07:00:00+00:00,24.4,53,956.0,0.0,13.1,351
2016-04-26 08:00:00+00:00,25.2,47,955.5,0.0,10.5,354
2016-04-26 09:00:00+00:00,25.2,45,955.3,0.0,7.4,331
2016-04-26 10:00:00+00:00,23.0,52,954.6,0.0,6.2,280
2016-04-26 11:00:00+00:00,22.5,53,955.2,0.0,9.0,265
2016-04-26 12:00:00+00:00,21.1,61,955.9,0.0,9.7,272
2016-04-26 13:00:00+00:00,20.3,66,956.4,0.0,9.2,281
2016-04-26 14:00:00+00:00,18.9,72,957.0,0.0,8.1,291
2016-04-26 15:00:00+00:00,16.9,79,957.0,0.0,6.8,288
2016-04-26 16:00:00+00:00,17.2,78,956.4,0.0,6.1,273
2016-04-26 17:00:00+00:00,17.0,80,956.6,0.0,5.8,263
2016-04-26 18:00:00+00:00,16.6,80,955.6,0.0,4.9,253
2016-04-26 19:00:00+00:00,16.1,81,955.3,0.0,4.8,243
2016-04-26 20:00:00+00:00,15.0,84,955.0,0.0,6.0,245
2016-04-26 21:00:00+00:00,14.9,85,955.0,0.0,5.4,250
2016-04-26 22:00:00+00:00,16.1,82,955.9,0.0,4.6,252
2016-04-26 23:00:00+00:00,16.4,80,956.1,0.0,4.7,261
2016-04-27 00:00:00+00:00,17.8,73,957.4,0.0,5.1,309
2016-04-27 01:00:00+00:00,19.3,60,957.8,0.0,4.8,318
2016-04-27 02:00:00+00:00,25.0,35,959.0,0.0,6.9,317
2016-04-27 03:00:00+00:00,25.8,36,958.7,0.0,6.8,302
2016-04-27 04:00:00+00:00,26.2,39,957.9,0.0,6.5,273
2016-04-27 05:00:00+00:00,27.8,31,957.2,0.0,6.5,251
2016-04-27 06:00:00+00:00,27.8,32,956.2,0.0,7.2,243
2016-04-27 07:00:00+00:00,28.1,32,955.4,0.0,8.1,238
2016-04-27 08:00:00+00:00,27.3,34,954.4,0.0,8.8,251
2016-04-27 09:00:00+00:00,27.0,35,953.9,0.0,9.8,262
2016-04-27 10:00:00+00:00,24.1,46,953.5,0.0,10.1,266
2016-04-27 11:00:00+00:00,23.9,44,953.8,0.0,9.4,310
2016-04-27 12:00:00+00:00,23.2,49,954.8,0.0,10.6,332
2016-04-27 13:00:00+00:00,22.6,52,955.5,0.0,11.4,342
2016-04-27 14:00:00+00:00,21.4,61,956.2,0.0,9.1,351
2016-04-27 15:00:00+00:00,19.4,75,956.0,0.0,4.8,333
2016-04-27 16:00:00+00:00,19.3,75,956.3,0.0,4.3,275
2016-04-27 17:00:00+00:00,18.9,76,956.0,0.0,6.8,245
2016-04-27 18:00:00+00:00,18.7,78,955.9,0.0,9.4,227
2016-04-27 19:00:00+00:00,18.6,78,955.6,0.0,11.2,225
2016-04-27 20:00:00+00:00,17.2,83,955.1,0.0,10.9,224
2016-04-27 21:00:00+00:00,17.3,81,955.7,0.0,8.9,227
2016-04-27 22:00:00+00:00,17.9,84,957.0,0.0,7.4,241
2016-04-27 23:00:00+00:00,18.2,81,958.0,0.0,7.5,215
2016-04-28 00:00:00+00:00,19.1,76,958.5,0.0,6.6,221
2016-04-28 01:00:00+00:00,20.0,72,959.0,0.0,7.9,219
2016-04-28 02:00:00+00:00,24.4,52,959.9,0.0,11.5,221
2016-04-28 03:00:00+00:00,24.8,52,959.3,0.0,11.2,222
2016-04-28 04:00:00+00:00,25.3,53,958.5,0.0,8.9,220
2016-04-28 05:00:00+00:00,27.7,41,958.1,0.0,8.6,202
2016-04-28 06:00:00+00:00,27.7,40,957.9,0.0,9.7,207
2016-04-28 07:00:00+00:00,28.0,37,957.1,0.0,7.7,221
2016-04-28 08:00:00+00:00,27.2,38,956.5,0.0,8.2,221
2016-04-28 09:00:00+00:00,27.0,37,956.1,0.0,10.4,236
2016-04-28 10:00:00+00:00,23.8,52,956.0,0.0,12.3,230
2016-04-28 11:00:00+00:00,23.6,51,956.8,0.0,14.3,231
2016-04-28 12:00:00+00:00,23.1,56,957.3,0.0,15.6,230
2016-04-28 13:00:00+00:00,22.7,59,958.0,0.0,17.1,221
2016-04-28 14:00:00+00:00,21.6,65,958.6,0.0,17.2,213
2016-04-28 15:00:00+00:00,19.4,74,958.8,0.0,14.5,207
2016-04-28 16:00:00+00:00,19.0,76,958.8,0.0,11.8,200
2016-04-28 17:00:00+00:00,18.4,80,958.7,0.0,10.3,205
2016-04-28 18:00:00+00:00,18.0,83,958.0,0.0,9.8,204
2016-04-28 19:00:00+00:00,18.2,82,957.7,0.0,8.8,192
2016-04-28 20:00:00+00:00,17.2,88,957.2,0.0,8.2,195
2016-04-28 21:00:00+00:00,16.9,90,957.3,0.0,7.0,215
2016-04-28 22:00:00+00:00,17.6,83,957.8,0.0,5.2,192
2016-04-28 23:00:00+00:00,17.8,81,958.3,0.0,6.8,180
2016-04-29 00:00:00+00:00,18.2,79,959.0,0.0,7.0,192
2016-04-29 01:00:00+00:00,18.6,77,959.6,0.0,7.1,204
2016-04-29 02:00:00+00:00,21.3,64,960.3,0.0,6.0,205
2016-04-29 03:00:00+00:00,21.6,62,960.0,0.0,6.2,187
2016-04-29 04:00:00+00:00,22.2,59,959.7,0.0,7.6,175
2016-04-29 05:00:00+00:00,24.0,52,959.5,0.0,9.0,178
2016-04-29 06:00:00+00:00,24.1,51,958.8,0.0,9.0,185
2016-04-29 07:00:00+00:00,23.9,50,957.3,0.0,7.2,198
2016-04-29 08:00:00+00:00,23.9,48,956.6,0.0,5.3,208
2016-04-29 09:00:00+00:00,23.9,46,955.8,0.0,3.4,212
2016-04-29 10:00:00+00:00,21.8,57,956.1,0.0,1.9,202
2016-04-29 11:00:00+00:00,21.8,58,956.2,0.0,3.1,144
2016-04-29 12:00:00+00:00,21.4,63,956.4,0.0,2.5,180
2016-04-29 13:00:00+00:00,20.8,64,956.8,0.0,5.2,196
2016-04-29 14:00:00+00:00,20.1,67,957.4,0.0,7.4,209
2016-04-29 15:00:00+00:00,19.0,74,957.1,0.0,7.1,221
2016-04-29 16:00:00+00:00,18.6,78,956.7,0.0,6.0,205
2016-04-29 17:00:00+00:00,18.1,82,955.9,0.0,6.8,198
2016-04-29 18:00:00+00:00,17.3,89,954.9,0.0,5.8,202
2016-04-29 19:00:00+00:00,17.1,92,954.3,0.0,6.4,196
2016-04-29 20:00:00+00:00,16.3,94,953.3,0.0,4.7,212
2016-04-29 21:00:00+00:00,16.2,94,953.5,0.0,3.5,246
2016-04-29 22:00:00+00:00,16.0,95,953.8,0.0,1.5,14
2016-04-29 23:00:00+00:00,16.3,94,953.4,0.0,4.4,55
2016-04-30 00:00:00+00:00,16.6,89,954.4,0.0,2.9,7
2016-04-30 01:00:00+00:00,17.2,83,954.2,0.0,0.7,360
2016-04-30 02:00:00+00:00,21.0,64,954.7,0.0,1.5,166
2016-04-30 03:00:00+00:00,21.8,61,954.0,0.0,4.0,170
2016-04-30 04:00:00+00:00,22.6,56,953.2,0.0,6.8,177
2016-04-30 05:00:00+00:00,25.4,46,953.0,0.0,7.2,180
2016-04-30 06:00:00+00:00,25.5,45,952.0,0.0,6.2,170
2016-04-30 07:00:00+00:00,25.7,45,951.2,0.0,4.4,189
2016-04-30 08:00:00+00:00,26.0,43,950.1,0.0,5.2,192
2016-04-30 09:00:00+00:00,26.2,43,949.8,0.0,4.7,189
2016-04-30 10:00:00+00:00,23.6,55,949.5,0.0,4.5,284
2016-04-30 11:00:00+00:00,23.7,50,951.0,0.0,4.0,243
2016-04-30 12:00:00+00:00,23.0,57,951.1,0.0,4.5,284
2016-04-30 13:00:00+00:00,22.7,59,951.8,0.0,4.3,294
2016-04-30 14:00:00+00:00,21.8,66,952.6,0.0,5.3,298
2016-04-30 15:00:00+00:00,19.4,79,952.2,0.0,5.6,310
2016-04-30 16:00:00+00:00,19.7,79,952.1,0.0,5.4,307
2016-04-30 17:00:00+00:00,19.1,83,951.5,0.0,4.5,284
2016-04-30 18:00:00+00:00,19.0,84,950.6,0.0,4.0,265
2016-04-30 19:00:00+00:00,18.6,86,949.7,0.0,4.1,255
2016-04-30 20:00:00+00:00,17.3,92,948.8,0.0,4.2,239
2016-04-30 21:00:00+00:00,17.3,92,948.9,0.0,3.5,246
2016-04-30 22:00:00+00:00,17.8,87,948.9,0.0,3.1,45
2016-04-30 23:00:00+00:00,18.1,85,949.3,0.0,3.6,45
2016-05-01 00:00:00+00:00,18.9,80,949.9,0.0,2.5,45
2016-05-01 01:00:00+00:00,19.7,70,950.0,0.0,1.5,76
2016-05-01 02:00:00+00:00,25.1,51,950.9,0.0,2.9,173
2016-05-01 03:00:00+00:00,25.5,51,950.2,0.0,6.2,187
2016-05-01 04:00:00+00:00,25.9,49,949.5,0.0,6.3,204
2016-05-01 05:00:00+00:00,28.3,40,948.6,0.0,4.9,197
2016-05-01 06:00:00+00:00,28.9,39,947.5,0.0,6.6,202
2016-05-01 07:00:00+00:00,28.7,40,946.6,0.0,7.4,223
2016-05-01 08:00:00+00:00,29.4,37,946.0,0.0,4.2,239
2016-05-01 09:00:00+00:00,29.1,38,945.5,0.0,2.1,211
2016-05-01 10:00:00+00:00,26.9,46,945.7,0.0,3.4,328
2016-05-01 11:00:00+00:00,26.9,43,945.9,0.0,2.3,321
2016-05-01 12:00:00+00:00,26.2,51,946.9,0.0,5.1,315
2016-05-01 13:00:00+00:00,25.4,59,947.6,0.2,6.1,320
2016-05-01 14:00:00+00:00,24.2,69,947.7,0.0,5.4,318
2016-05-01 15:00:00+00:00,22.2,82,947.5,0.0,5.4,307
2016-05-01 16:00:00+00:00,22.0,84,947.9,0.0,3.9,338
2016-05-01 17:00:00+00:00,21.5,88,947.5,0.0,4.7,356
2016-05-01 18:00:00+00:00,21.4,88,947.2,0.0,5.5,11
2016-05-01 19:00:00+00:00,22.1,85,947.3,0.0,6.5,19
2016-05-01 20:00:00+00:00,21.0,86,947.5,0.0,7.9,24
2016-05-01 21:00:00+00:00,20.9,85,948.1,0.0,10.9,27
2016-05-01 22:00:00+00:00,21.3,76,948.8,0.0,9.6,13
2016-05-01 23:00:00+00:00,22.0,74,950.5,0.0,11.2,358
2016-05-02 00:00:00+00:00,22.9,69,952.3,0.0,11.9,358
2016-05-02 01:00:00+00:00,22.8,65,953.6,0.0,10.0,15
2016-05-02 02:00:00+00:00,25.5,39,954.4,0.0,13.0,44
2016-05-02 03:00:00+00:00,25.4,35,954.5,0.0,11.8,50
2016-05-02 04:00:00+00:00,25.7,33,954.1,0.0,9.2,59
2016-05-02 05:00:00+00:00,28.5,24,954.5,0.0,7.1,60
2016-05-02 06:00:00+00:00,28.2,26,953.4,0.0,6.9,47
2016-05-02 07:00:00+00:00,28.3,29,952.9,0.0,4.8,27
2016-05-02 08:00:00+00:00,28.7,29,952.0,0.0,5.0,21
2016-05-02 09:00:00+00:00,28.7,31,952.3,0.0,8.9,32
2016-05-02 10:00:00+00:00,27.5,28,952.4,0.0,11.2,358
2016-05-02 11:00:00+00:00,27.4,27,952.7,0.0,13.0,357
2016-05-02 12:00:00+00:00,26.3,34,953.8,0.0,13.0,360
2016-05-02 13:00:00+00:00,25.7,38,954.9,0.0,12.3,3
2016-05-02 14:00:00+00:00,24.6,46,955.5,0.0,10.8,358
2016-05-02 15:00:00+00:00,21.8,60,955.3,0.0,8.8,348
2016-05-02 16:00:00+00:00,21.4,64,955.3,0.0,7.9,336
2016-05-02 17:00:00+00:00,21.1,67,954.8,0.0,7.0,325
2016-05-02 18:00:00+00:00,21.2,67,954.6,0.0,6.9,321
2016-05-02 19:00:00+00:00,20.5,69,953.9,0.0,7.1,319
2016-05-02 20:00:00+00:00,19.4,74,953.4,0.0,7.4,317
2016-05-02 21:00:00+00:00,19.3,74,953.3,0.0,6.4,317
2016-05-02 22:00:00+00:00,19.7,76,953.4,0.0,8.1,328
2016-05-02 23:00:00+00:00,20.3,70,953.8,0.0,7.6,355
2016-05-03 00:00:00+00:00,21.6,57,953.9,0.0,5.9,11
2016-05-03 01:00:00+00:00,22.1,45,954.3,0.0,5.0,21
2016-05-03 02:00:00+00:00,27.0,28,954.7,0.0,3.4,18
2016-05-03 03:00:00+00:00,27.1,30,954.4,0.0,1.4,90
2016-05-03 04:00:00+00:00,27.4,32,953.3,0.0,2.5,135
2016-05-03 05:00:00+00:00,30.4,26,953.0,0.0,3.2,153
2016-05-03 06:00:00+00:00,30.7,27,951.8,0.0,3.3,167
2016-05-03 07:00:00+00:00,30.8,27,951.0,0.0,1.9,202
2016-05-03 08:00:00+00:00,30.7,29,949.9,0.0,1.6,207
2016-05-03 09:00:00+00:00,30.9,28,949.0,0.0,1.5,315
2016-05-03 10:00:00+00:00,28.3,36,949.2,0.0,7.6,301
2016-05-03 11:00:00+00:00,28.2,33,949.0,0.0,12.3,320
2016-05-03 12:00:00+00:00,27.1,39,949.5,0.0,11.5,328
2016-05-03 13:00:00+00:00,26.5,42,950.3,0.0,8.5,332
2016-05-03 14:00:00+00:00,25.7,46,950.9,0.0,8.4,335
2016-05-03 15:00:00+00:00,23.0,57,950.3,0.0,9.0,337
2016-05-03 16:00:00+00:00,22.8,58,949.9,0.0,8.7,336
2016-05-03 17:00:00+00:00,21.9,62,949.1,0.0,7.1,336
2016-05-03 18:00:00+00:00,21.6,65,948.5,0.0,4.7,337
2016-05-03 19:00:00+00:00,21.7,68,947.8,0.0,4.2,340
2016-05-03 20:00:00+00:00,21.1,69,947.1,0.0,6.6,331
2016-05-03 21:00:00+00:00,21.5,66,946.7,0.0,6.4,344
2016-05-03 22:00:00+00:00,22.4,65,947.5,0.0,7.0,12
2016-05-03 23:00:00+00:00,23.0,60,947.4,0.0,4.7,23
2016-05-04 00:00:00+00:00,23.3,55,948.0,0.0,5.8,22
2016-05-04 01:00:00+00:00,23.8,53,947.9,0.0,9.0,23
2016-05-04 02:00:00+00:00,29.3,37,948.7,0.0,8.9,32
2016-05-04 03:00:00+00:00,29.8,39,948.5,0.0,6.1,28
2016-05-04 04:00:00+00:00,29.9,40,947.9,0.0,2.3,39
2016-05-04 05:00:00+00:00,32.8,33,947.5,0.0,3.6,186
2016-05-04 06:00:00+00:00,33.0,32,946.6,0.0,4.9,197
2016-05-04 07:00:00+00:00,33.2,31,945.0,0.0,5.8,202
2016-05-04 08:00:00+00:00,33.3,32,944.6,0.0,5.5,212
2016-05-04 09:00:00+00:00,33.1,32,943.6,0.0,4.3,222
2016-05-04 10:00:00+00:00,30.3,42,943.0,0.0,1.8,169
2016-05-04 11:00:00+00:00,30.7,35,943.7,0.0,2.9,277
2016-05-04 12:00:00+00:00,30.7,39,944.1,0.0,4.3,294
2016-05-04 13:00:00+00:00,28.9,45,944.7,0.0,2.5,45
2016-05-04 14:00:00+00:00,28.7,48,945.7,0.0,4.6,18
2016-05-04 15:00:00+00:00,25.3,59,945.8,0.0,5.2,12
2016-05-04 16:00:00+00:00,24.9,62,945.7,0.0,5.1,352
2016-05-04 17:00:00+00:00,24.5,65,945.8,0.0,4.8,347
2016-05-04 18:00:00+00:00,24.2,67,945.6,0.0,5.0,360
2016-05-04 19:00:00+00:00,24.2,69,945.5,0.0,6.0,33
2016-05-04 20:00:00+00:00,23.6,74,945.5,0.0,7.2,37
2016-05-04 21:00:00+00:00,23.8,75,945.6,0.0,7.3,20
2016-05-04 22:00:00+00:00,24.9,70,946.5,0.0,9.1,7
2016-05-04 23:00:00+00:00,24.8,71,947.5,0.0,10.1,27
2016-05-05 00:00:00+00:00,24.9,73,948.0,0.0,8.5,28
2016-05-05 01:00:00+00:00,24.7,74,948.6,0.0,7.3,11
2016-05-05 02:00:00+00:00,30.0,55,949.8,0.0,6.1,360
2016-05-05 03:00:00+00:00,29.7,55,949.6,0.3,2.5,360
2016-05-05 04:00:00+00:00,30.0,53,948.9,0.2,1.5,76
2016-05-05 05:00:00+00:00,32.8,43,948.9,0.1,4.7,67
2016-05-05 06:00:00+00:00,32.9,42,948.4,0.1,9.3,54
2016-05-05 07:00:00+00:00,33.0,42,948.0,0.4,5.5,58
2016-05-05 08:00:00+00:00,33.0,42,947.4,0.0,6.3,24
2016-05-05 09:00:00+00:00,32.3,46,946.6,0.0,5.4,340
2016-05-05 10:00:00+00:00,30.5,50,945.2,0.0,1.1,252
2016-05-05 11:00:00+00:00,31.3,41,946.5,0.0,4.8,77
2016-05-05 12:00:00+00:00,30.0,50,947.5,0.0,6.3,103
2016-05-05 13:00:00+00:00,30.3,50,947.9,0.0,5.5,191
2016-05-05 14:00:00+00:00,28.7,59,949.2,0.1,7.7,191
2016-05-05 15:00:00+00:00,25.8,69,948.9,1.0,7.9,3
2016-05-05 16:00:00+00:00,24.9,80,949.0,2.8,2.1,149
2016-05-05 17:00:00+00:00,24.0,84,949.1,3.4,4.7,157
2016-05-05 18:00:00+00:00,24.4,81,948.8,0.2,8.0,63
2016-05-05 19:00:00+00:00,24.3,82,948.7,2.8,5.6,40
2016-05-05 20:00:00+00:00,22.5,89,947.9,1.8,7.1,311
2016-05-05 21:00:00+00:00,22.1,90,946.9,0.0,6.5,270
2016-05-05 22:00:00+00:00,22.0,90,948.5,1.2,4.0,190
2016-05-05 23:00:00+00:00,21.7,93,947.7,5.5,8.1,122
2016-05-06 00:00:00+00:00,21.4,94,948.5,2.9,4.5,14
2016-05-06 01:00:00+00:00,21.4,91,949.1,0.4,10.1,63
2016-05-06 02:00:00+00:00,23.0,85,950.4,0.2,17.7,77
2016-05-06 03:00:00+00:00,23.4,82,950.2,0.5,17.7,78
2016-05-06 04:00:00+00:00,23.8,79,950.2,1.2,12.5,46
2016-05-06 05:00:00+00:00,25.0,74,950.7,0.4,11.6,26
2016-05-06 06:00:00+00:00,24.6,77,949.7,0.7,11.4,35
2016-05-06 07:00:00+00:00,24.3,80,948.7,0.5,9.8,36
2016-05-06 08:00:00+00:00,23.3,83,947.7,0.8,9.5,11
2016-05-06 09:00:00+00:00,24.3,78,947.4,0.0,7.6,360
2016-05-06 10:00:00+00:00,22.3,82,947.0,0.3,11.8,40
2016-05-06 11:00:00+00:00,21.8,85,946.7,1.0,10.4,44
2016-05-06 12:00:00+00:00,22.3,85,947.9,1.8,8.9,32
2016-05-06 13:00:00+00:00,21.8,85,948.5,1.1,8.8,19
2016-05-06 14:00:00+00:00,21.2,87,949.2,0.7,10.8,360
2016-05-06 15:00:00+00:00,20.7,86,949.7,1.1,10.8,358
2016-05-06 16:00:00+00:00,20.9,86,949.8,2.4,12.1,12
2016-05-06 17:00:00+00:00,20.9,87,949.9,3.5,14.8,29
2016-05-06 18:00:00+00:00,20.6,87,949.9,3.2,15.8,47
2016-05-06 19:00:00+00:00,20.0,86,950.0,1.4,14.4,53
2016-05-06 20:00:00+00:00,19.0,85,949.7,1.5,15.2,59
2016-05-06 21:00:00+00:00,18.7,85,950.5,1.1,16.1,56
2016-05-06 22:00:00+00:00,18.0,85,950.6,0.5,13.9,53
2016-05-06 23:00:00+00:00,18.0,84,951.6,0.3,13.5,46
2016-05-07 00:00:00+00:00,18.1,83,952.1,0.2,12.8,38
2016-05-07 01:00:00+00:00,18.9,81,953.2,0.0,10.4,44
2016-05-07 02:00:00+00:00,19.8,75,953.7,0.0,10.2,42
2016-05-07 03:00:00+00:00,20.6,72,954.4,0.0,11.0,52
2016-05-07 04:00:00+00:00,21.4,69,954.9,0.0,12.0,57
2016-05-07 05:00:00+00:00,22.3,66,954.9,0.0,11.6,60
2016-05-07 06:00:00+00:00,22.4,66,954.6,0.0,10.8,60
2016-05-07 07:00:00+00:00,22.6,65,954.5,0.0,10.3,54
2016-05-07 08:00:00+00:00,22.9,62,953.7,0.0,13.0,48
2016-05-07 09:00:00+00:00,22.7,60,954.1,0.0,10.0,49
2016-05-07 10:00:00+00:00,20.4,66,953.2,0.0,7.8,56
2016-05-07 11:00:00+00:00,20.6,65,953.8,0.0,4.4,35
2016-05-07 12:00:00+00:00,20.3,68,954.7,0.0,4.8,27
2016-05-07 13:00:00+00:00,20.2,69,955.4,0.0,3.6,53
2016-05-07 14:00:00+00:00,20.0,77,956.3,0.0,4.3,42
2016-05-07 15:00:00+00:00,18.9,75,956.8,0.0,4.6,39
2016-05-07 16:00:00+00:00,18.8,78,956.9,0.0,4.2,31
2016-05-07 17:00:00+00:00,18.1,82,956.7,0.0,2.5,352
2016-05-07 18:00:00+00:00,18.1,82,956.1,0.0,2.6,344
2016-05-07 19:00:00+00:00,18.0,84,955.4,0.0,2.5,8
2016-05-07 20:00:00+00:00,17.4,83,954.8,0.0,2.2,360
2016-05-07 21:00:00+00:00,17.0,88,954.7,0.0,3.0,14
2016-05-07 22:00:00+00:00,18.0,71,955.4,0.0,5.6,45
2016-05-07 23:00:00+00:00,17.6,74,955.8,0.0,7.5,55
2016-05-08 00:00:00+00:00,17.7,70,956.5,0.0,7.4,61
2016-05-08 01:00:00+00:00,17.3,68,956.8,0.0,7.1,60
2016-05-08 02:00:00+00:00,18.6,59,957.3,0.0,6.0,65
2016-05-08 03:00:00+00:00,18.3,61,957.2,0.0,4.2,70
2016-05-08 04:00:00+00:00,18.4,61,956.8,0.0,3.5,66
2016-05-08 05:00:00+00:00,19.3,60,956.3,0.0,2.6,74
2016-05-08 06:00:00+00:00,19.5,61,955.5,0.0,1.9,68
2016-05-08 07:00:00+00:00,19.7,61,954.8,0.0,2.6,56
2016-05-08 08:00:00+00:00,19.8,62,954.2,0.0,2.0,45
2016-05-08 09:00:00+00:00,19.9,61,953.8,0.0,1.9,22
2016-05-08 10:00:00+00:00,18.5,67,953.4,0.0,1.4,90
2016-05-08 11:00:00+00:00,18.5,65,953.5,0.0,0.5,225
2016-05-08 12:00:00+00:00,18.6,65,954.4,0.0,0.7,270
2016-05-08 13:00:00+00:00,18.4,68,955.1,0.0,2.5,180
2016-05-08 14:00:00+00:00,17.8,74,956.2,0.0,2.9,120
2016-05-08 15:00:00+00:00,16.7,77,956.3,0.1,3.3,96
2016-05-08 16:00:00+00:00,16.6,79,956.6,0.5,0.7,180
2016-05-08 17:00:00+00:00,15.8,89,956.6,0.7,2.1,211
2016-05-08 18:00:00+00:00,15.6,92,955.9,0.3,3.2,207
2016-05-08 19:00:00+00:00,15.7,93,955.5,0.7,6.5,214
2016-05-08 20:00:00+00:00,15.7,94,954.9,0.6,9.3,216
2016-05-08 21:00:00+00:00,15.9,94,954.8,0.3,11.8,218
2016-05-08 22:00:00+00:00,16.4,93,955.3,0.0,12.0,224
2016-05-08 23:00:00+00:00,16.5,91,955.8,0.0,11.9,215
2016-05-09 00:00:00+00:00,17.4,87,956.3,0.0,10.5,211
2016-05-09 01:00:00+00:00,18.6,81,956.5,0.0,9.7,219
2016-05-09 02:00:00+00:00,24.0,57,957.4,0.0,10.8,217
2016-05-09 03:00:00+00:00,25.0,49,956.8,0.0,12.7,209
2016-05-09 04:00:00+00:00,24.9,51,956.4,0.0,12.6,200
2016-05-09 05:00:00+00:00,28.4,40,956.2,0.0,10.8,201
2016-05-09 06:00:00+00:00,28.2,42,955.3,0.0,9.8,208
2016-05-09 07:00:00+00:00,28.2,43,954.5,0.0,8.1,212
2016-05-09 08:00:00+00:00,28.6,38,953.7,0.0,7.4,223
2016-05-09 09:00:00+00:00,28.7,37,953.1,0.0,7.1,229
2016-05-09 10:00:00+00:00,26.4,48,951.9,0.0,7.1,255
2016-05-09 11:00:00+00:00,25.9,57,952.1,0.0,5.9,281
2016-05-09 12:00:00+00:00,25.9,52,953.4,0.0,7.4,337
2016-05-09 13:00:00+00:00,23.8,62,954.4,0.0,7.7,11
2016-05-09 14:00:00+00:00,23.2,64,955.6,0.0,8.3,18
2016-05-09 15:00:00+00:00,20.5,80,955.9,0.0,6.2,7
2016-05-09 16:00:00+00:00,20.0,82,956.4,0.0,7.6,352
2016-05-09 17:00:00+00:00,19.4,86,956.5,0.0,6.2,324
2016-05-09 18:00:00+00:00,19.5,85,955.8,0.0,4.7,270
2016-05-09 19:00:00+00:00,19.8,84,954.9,0.0,7.7,242
2016-05-09 20:00:00+00:00,18.8,87,954.4,0.0,8.2,229
2016-05-09 21:00:00+00:00,18.8,87,953.9,0.0,7.5,215
2016-05-09 22:00:00+00:00,19.5,84,955.5,0.0,5.3,208
2016-05-09 23:00:00+00:00,19.6,84,955.9,0.0,7.6,183
2016-05-10 00:00:00+00:00,20.2,81,956.3,0.0,5.8,187
2016-05-10 01:00:00+00:00,20.6,81,956.2,0.0,6.2,201
2016-05-10 02:00:00+00:00,26.1,60,957.2,0.0,8.1,201
2016-05-10 03:00:00+00:00,26.6,57,956.5,0.0,10.0,201
2016-05-10 04:00:00+00:00,27.1,53,956.0,0.0,11.7,198
2016-05-10 05:00:00+00:00,30.1,42,955.4,0.0,11.3,202
2016-05-10 06:00:00+00:00,29.9,42,954.2,0.0,12.5,198
2016-05-10 07:00:00+00:00,29.8,43,953.5,0.0,11.9,209
2016-05-10 08:00:00+00:00,31.0,39,952.9,0.0,9.6,200
2016-05-10 09:00:00+00:00,30.9,40,952.1,0.0,9.4,203
2016-05-10 10:00:00+00:00,28.1,48,951.4,0.0,8.4,211
2016-05-10 11:00:00+00:00,27.9,49,951.4,0.0,4.9,216
2016-05-10 12:00:00+00:00,27.3,53,951.8,0.0,5.9,223
2016-05-10 13:00:00+00:00,26.5,56,952.2,0.0,2.5,315
2016-05-10 14:00:00+00:00,24.4,67,952.8,0.0,4.5,331
2016-05-10 15:00:00+00:00,21.3,80,952.4,0.0,4.7,328
2016-05-10 16:00:00+00:00,22.3,75,952.7,0.0,2.6,344
2016-05-10 17:00:00+00:00,21.7,81,952.1,0.0,2.5,45
2016-05-10 18:00:00+00:00,20.9,88,951.2,0.0,3.7,79
2016-05-10 19:00:00+00:00,20.4,90,950.4,0.0,4.7,86
2016-05-10 20:00:00+00:00,19.3,95,949.9,0.0,3.8,41
2016-05-10 21:00:00+00:00,19.0,96,949.8,0.0,4.3,360
2016-05-10 22:00:00+00:00,20.8,89,950.1,0.0,4.4,9
2016-05-10 23:00:00+00:00,21.1,86,950.6,0.0,6.8,18
2016-05-11 00:00:00+00:00,21.9,82,951.1,0.0,3.3,13
2016-05-11 01:00:00+00:00,22.6,77,950.9,0.0,1.8,37
2016-05-11 02:00:00+00:00,28.4,50,951.6,0.0,2.1,149
2016-05-11 03:00:00+00:00,28.7,50,950.6,0.0,4.9,163
2016-05-11 04:00:00+00:00,28.8,50,949.6,0.0,7.0,168
2016-05-11 05:00:00+00:00,31.7,41,948.6,0.0,7.2,174
2016-05-11 06:00:00+00:00,31.9,41,947.4,0.0,7.2,183
2016-05-11 07:00:00+00:00,31.9,41,946.4,0.0,6.5,177
2016-05-11 08:00:00+00:00,32.6,39,945.4,0.0,7.3,169
2016-05-11 09:00:00+00:00,32.7,38,944.6,0.0,7.7,169
2016-05-11 10:00:00+00:00,30.5,44,943.9,0.0,3.6,127
2016-05-11 11:00:00+00:00,31.0,40,944.1,0.0,4.0,350
2016-05-11 12:00:00+00:00,28.7,55,944.5,0.0,7.9,360
2016-05-11 13:00:00+00:00,29.2,54,945.1,0.0,9.7,358
2016-05-11 14:00:00+00:00,28.2,60,945.7,0.0,8.7,353
2016-05-11 15:00:00+00:00,24.8,72,945.6,0.0,8.4,353
2016-05-11 16:00:00+00:00,25.4,73,945.8,0.0,7.0,348
2016-05-11 17:00:00+00:00,24.7,76,945.4,0.0,6.6,331
2016-05-11 18:00:00+00:00,24.5,76,945.0,0.0,6.2,339
2016-05-11 19:00:00+00:00,24.4,76,944.5,0.0,6.3,347
2016-05-11 20:00:00+00:00,23.9,78,944.6,0.0,7.7,11
2016-05-11 21:00:00+00:00,23.8,78,945.2,0.0,11.5,20
2016-05-11 22:00:00+00:00,25.2,67,946.1,0.0,12.8,16
2016-05-11 23:00:00+00:00,25.4,63,947.0,0.0,14.7,17
2016-05-12 00:00:00+00:00,25.4,65,947.9,0.1,16.4,15
2016-05-12 01:00:00+00:00,25.3,70,948.5,0.0,17.9,15
2016-05-12 02:00:00+00:00,27.4,60,949.4,0.1,20.9,24
2016-05-12 03:00:00+00:00,27.1,47,950.1,0.0,28.0,46
2016-05-12 04:00:00+00:00,26.1,43,950.4,0.0,29.8,46
2016-05-12 05:00:00+00:00,26.3,36,950.6,0.0,28.5,44
2016-05-12 06:00:00+00:00,26.4,38,950.7,0.0,27.8,42
2016-05-12 07:00:00+00:00,25.9,43,950.9,0.0,28.2,38
2016-05-12 08:00:00+00:00,24.5,49,951.5,0.0,26.3,29
2016-05-12 09:00:00+00:00,24.9,47,952.0,0.0,24.0,24
2016-05-12 10:00:00+00:00,24.5,35,950.8,0.0,21.7,24
2016-05-12 11:00:00+00:00,24.5,38,951.5,0.0,20.5,24
2016-05-12 12:00:00+00:00,24.4,40,952.9,0.0,12.1,27
2016-05-12 13:00:00+00:00,23.6,54,954.2,0.5,7.1,49
2016-05-12 14:00:00+00:00,21.7,75,955.0,1.0,6.0,295
2016-05-12 15:00:00+00:00,19.5,87,955.1,0.6,7.6,295
2016-05-12 16:00:00+00:00,20.1,83,955.0,0.6,7.0,282
2016-05-12 17:00:00+00:00,19.9,84,954.9,0.4,4.3,270
2016-05-12 18:00:00+00:00,20.3,81,955.0,0.0,6.6,241
2016-05-12 19:00:00+00:00,20.3,82,954.4,0.1,7.6,262
2016-05-12 20:00:00+00:00,19.1,91,953.6,0.0,6.1,270
2016-05-12 21:00:00+00:00,19.3,88,953.2,0.0,2.6,236
2016-05-12 22:00:00+00:00,18.8,92,954.5,0.0,5.8,202
2016-05-12 23:00:00+00:00,19.0,93,954.5,0.0,5.9,166
2016-05-13 00:00:00+00:00,19.2,83,955.1,0.0,6.6,99
2016-05-13 01:00:00+00:00,19.2,76,955.0,0.0,9.2,59
2016-05-13 02:00:00+00:00,22.5,60,955.5,0.0,11.4,66
2016-05-13 03:00:00+00:00,22.5,59,955.7,0.0,12.3,83
2016-05-13 04:00:00+00:00,23.3,57,955.4,0.0,10.1,88
2016-05-13 05:00:00+00:00,24.1,55,954.4,0.0,7.2,84
2016-05-13 06:00:00+00:00,23.9,55,953.3,0.0,6.6,68
2016-05-13 07:00:00+00:00,23.8,55,952.2,0.0,8.2,67
2016-05-13 08:00:00+00:00,23.3,58,951.5,0.0,9.3,74
2016-05-13 09:00:00+00:00,23.3,58,950.7,0.0,10.4,56
2016-05-13 10:00:00+00:00,21.5,65,950.6,0.0,9.1,34
2016-05-13 11:00:00+00:00,21.0,66,950.6,0.0,9.7,22
2016-05-13 12:00:00+00:00,20.9,68,950.8,0.0,10.7,20
2016-05-13 13:00:00+00:00,20.3,70,950.9,0.0,9.3,28
2016-05-13 14:00:00+00:00,19.6,74,951.3,0.0,9.2,39
2016-05-13 15:00:00+00:00,18.6,80,951.4,0.0,9.7,48
2016-05-13 16:00:00+00:00,18.4,81,951.4,0.0,9.8,54
2016-05-13 17:00:00+00:00,18.3,81,950.9,0.0,8.9,58
2016-05-13 18:00:00+00:00,18.3,81,950.6,0.0,8.5,62
2016-05-13 19:00:00+00:00,18.4,81,950.6,0.0,8.2,49
2016-05-13 20:00:00+00:00,18.0,81,950.6,0.0,8.9,32
2016-05-13 21:00:00+00:00,18.1,81,951.3,0.1,8.9,27
2016-05-13 22:00:00+00:00,17.7,83,952.3,0.3,9.6,34
2016-05-13 23:00:00+00:00,17.5,86,953.4,0.7,13.6,50
2016-05-14 00:00:00+00:00,17.2,87,953.8,0.7,13.8,57
2016-05-14 01:00:00+00:00,17.5,85,955.5,0.2,11.4,62
2016-05-14 02:00:00+00:00,17.4,81,956.2,0.0,10.5,59
2016-05-14 03:00:00+00:00,17.7,76,956.9,0.0,8.1,58
2016-05-14 04:00:00+00:00,18.2,72,957.7,0.0,5.9,47
2016-05-14 05:00:00+00:00,18.0,66,958.3,0.0,2.8,50
2016-05-14 06:00:00+00:00,18.2,66,958.8,0.0,1.9,248
2016-05-14 07:00:00+00:00,18.2,67,959.4,0.0,8.5,242
2016-05-14 08:00:00+00:00,18.0,69,959.3,0.0,12.2,242
2016-05-14 09:00:00+00:00,18.1,70,959.7,0.0,13.8,242
2016-05-14 10:00:00+00:00,17.1,78,960.4,0.0,14.0,247
2016-05-14 11:00:00+00:00,17.0,79,960.6,0.0,9.0,241
2016-05-14 12:00:00+00:00,16.8,84,961.9,0.0,8.4,250
2016-05-14 13:00:00+00:00,16.7,84,963.1,0.0,8.6,272
2016-05-14 14:00:00+00:00,16.7,83,965.1,0.0,9.7,270
2016-05-14 15:00:00+00:00,16.0,81,966.2,0.0,11.9,273
2016-05-14 16:00:00+00:00,16.0,79,967.0,0.0,13.2,281
2016-05-14 17:00:00+00:00,15.8,77,967.2,0.0,13.7,284
2016-05-14 18:00:00+00:00,15.7,74,966.7,0.0,14.6,279
2016-05-14 19:00:00+00:00,15.6,74,966.5,0.2,16.2,273
2016-05-14 20:00:00+00:00,15.5,75,965.9,0.0,18.1,264
2016-05-14 21:00:00+00:00,15.7,73,965.6,0.0,20.5,260
2016-05-14 22:00:00+00:00,15.1,79,965.7,0.0,21.1,262
2016-05-14 23:00:00+00:00,15.2,75,966.1,0.0,18.8,265
2016-05-15 00:00:00+00:00,16.4,69,966.8,0.0,15.8,270
2016-05-15 01:00:00+00:00,16.9,62,967.2,0.0,14.5,276
2016-05-15 02:00:00+00:00,21.7,45,968.1,0.0,14.6,280
2016-05-15 03:00:00+00:00,21.9,44,967.6,0.0,13.8,285
2016-05-15 04:00:00+00:00,22.6,41,966.8,0.0,11.3,292
2016-05-15 05:00:00+00:00,25.7,25,966.4,0.0,8.6,285
2016-05-15 06:00:00+00:00,25.8,26,965.4,0.0,8.0,275
2016-05-15 07:00:00+00:00,25.7,28,964.1,0.0,8.6,268
2016-05-15 08:00:00+00:00,26.1,25,963.1,0.0,9.8,264
2016-05-15 09:00:00+00:00,25.7,27,962.3,0.0,10.1,264
2016-05-15 10:00:00+00:00,23.3,34,961.6,0.0,10.1,272
2016-05-15 11:00:00+00:00,23.1,29,961.9,0.0,6.6,279
2016-05-15 12:00:00+00:00,21.8,40,961.6,0.0,7.4,284
2016-05-15 13:00:00+00:00,21.4,43,961.6,0.0,8.2,293
2016-05-15 14:00:00+00:00,19.9,50,962.0,0.0,6.8,295
2016-05-15 15:00:00+00:00,16.7,71,960.9,0.0,6.6,299
2016-05-15 16:00:00+00:00,16.5,72,960.6,0.0,8.0,297
2016-05-15 17:00:00+00:00,15.8,76,960.0,0.0,5.1,278
2016-05-15 18:00:00+00:00,15.7,75,959.4,0.0,3.4,212
2016-05-15 19:00:00+00:00,15.5,76,958.6,0.0,4.3,185
2016-05-15 20:00:00+00:00,14.5,80,958.0,0.0,4.3,180
2016-05-15 21:00:00+00:00,14.4,80,957.7,0.0,2.9,173
2016-05-15 22:00:00+00:00,16.6,68,958.5,0.0,1.4,180
2016-05-15 23:00:00+00:00,16.2,70,958.9,0.0,0.0,270
2016-05-16 00:00:00+00:00,17.5,65,959.7,0.0,1.1,360
2016-05-16 01:00:00+00:00,18.7,52,960.1,0.0,2.2,360
2016-05-16 02:00:00+00:00,24.2,33,960.6,0.0,0.8,297
2016-05-16 03:00:00+00:00,24.4,35,960.1,0.0,5.2,205
2016-05-16 04:00:00+00:00,24.9,35,959.0,0.0,8.8,199
2016-05-16 05:00:00+00:00,27.3,27,958.0,0.0,9.0,196
2016-05-16 06:00:00+00:00,27.7,26,956.8,0.0,8.4,190
2016-05-16 07:00:00+00:00,27.8,25,955.3,0.0,7.1,195
2016-05-16 08:00:00+00:00,28.0,25,954.4,0.0,6.0,205
2016-05-16 09:00:00+00:00,28.0,25,953.7,0.0,5.4,222
2016-05-16 10:00:00+00:00,25.1,33,952.3,0.0,4.0,275
2016-05-16 11:00:00+00:00,24.9,34,952.0,0.0,4.2,329
2016-05-16 12:00:00+00:00,23.7,40,952.7,0.0,6.0,327
2016-05-16 13:00:00+00:00,22.9,43,953.4,0.0,7.6,295
2016-05-16 14:00:00+00:00,22.1,51,954.2,0.6,6.1,273
2016-05-16 15:00:00+00:00,20.0,64,954.1,0.0,5.9,308
2016-05-16 16:00:00+00:00,20.4,63,954.0,0.0,5.3,332
2016-05-16 17:00:00+00:00,20.1,67,953.8,0.0,4.9,343
2016-05-16 18:00:00+00:00,20.3,60,952.9,0.0,3.8,343
2016-05-16 19:00:00+00:00,20.2,65,952.4,0.0,3.5,336
2016-05-16 20:00:00+00:00,19.8,70,951.9,0.0,3.4,342
2016-05-16 21:00:00+00:00,19.5,71,952.0,0.0,3.5,336
2016-05-16 22:00:00+00:00,19.6,72,952.7,0.0,5.5,337
2016-05-16 23:00:00+00:00,19.8,70,952.9,0.0,5.8,356
2016-05-17 00:00:00+00:00,20.3,66,953.0,0.0,6.8,3
2016-05-17 01:00:00+00:00,21.2,57,953.2,0.0,6.9,6
2016-05-17 02:00:00+00:00,24.5,42,954.2,0.0,6.5,6
2016-05-17 03:00:00+00:00,24.3,43,953.7,0.0,4.7,360
2016-05-17 04:00:00+00:00,24.2,45,952.8,0.0,4.7,9
2016-05-17 05:00:00+00:00,27.2,34,952.3,0.0,5.2,16
2016-05-17 06:00:00+00:00,27.3,34,951.7,0.0,3.7,11
2016-05-17 07:00:00+00:00,27.4,34,951.0,0.0,3.3,13
2016-05-17 08:00:00+00:00,27.3,32,950.4,0.0,6.5,3
2016-05-17 09:00:00+00:00,27.0,33,950.1,0.0,9.7,356
2016-05-17 10:00:00+00:00,24.2,38,950.5,0.0,10.6,350
2016-05-17 11:00:00+00:00,24.2,35,951.3,0.0,12.3,355
2016-05-17 12:00:00+00:00,24.4,35,952.1,0.0,11.9,355
2016-05-17 13:00:00+00:00,24.6,34,952.8,0.0,12.0,344
2016-05-17 14:00:00+00:00,23.8,41,953.4,0.0,10.1,333
2016-05-17 15:00:00+00:00,21.3,51,952.9,0.0,9.3,324
2016-05-17 16:00:00+00:00,20.7,54,952.7,0.0,8.2,322
2016-05-17 17:00:00+00:00,20.2,59,952.3,0.0,7.2,323
2016-05-17 18:00:00+00:00,20.1,62,952.0,0.0,7.2,323
2016-05-17 19:00:00+00:00,19.4,65,951.2,0.0,7.2,333
2016-05-17 20:00:00+00:00,18.4,70,950.5,0.0,6.2,339
2016-05-17 21:00:00+00:00,18.4,71,950.5,0.0,4.9,343
2016-05-17 22:00:00+00:00,19.3,68,951.8,0.0,5.4,352
2016-05-17 23:00:00+00:00,19.6,65,952.2,0.0,7.3,33
2016-05-18 00:00:00+00:00,20.5,62,953.2,0.0,5.0,30
2016-05-18 01:00:00+00:00,21.2,60,953.3,0.0,5.6,27
2016-05-18 02:00:00+00:00,25.4,51,954.4,0.0,3.6,6
2016-05-18 03:00:00+00:00,25.7,49,954.2,0.0,0.8,333
2016-05-18 04:00:00+00:00,26.3,48,953.8,0.0,5.4,228
2016-05-18 05:00:00+00:00,28.4,38,953.4,0.0,5.1,266
2016-05-18 06:00:00+00:00,27.8,43,952.5,0.8,4.7,270
2016-05-18 07:00:00+00:00,27.5,45,951.3,0.0,2.5,270
2016-05-18 08:00:00+00:00,26.2,51,950.5,0.0,2.5,225
2016-05-18 09:00:00+00:00,25.4,58,949.7,0.0,3.3,276
2016-05-18 10:00:00+00:00,24.8,53,950.0,0.0,7.4,293
2016-05-18 11:00:00+00:00,24.7,52,950.0,0.0,7.4,309
2016-05-18 12:00:00+00:00,24.5,56,950.7,0.0,6.6,319
2016-05-18 13:00:00+00:00,24.6,56,951.2,0.0,7.7,319
2016-05-18 14:00:00+00:00,23.3,64,951.9,0.8,8.9,320
2016-05-18 15:00:00+00:00,21.2,79,952.1,0.2,9.2,329
2016-05-18 16:00:00+00:00,20.4,86,952.2,1.2,7.1,330
2016-05-18 17:00:00+00:00,19.9,89,952.0,1.2,5.7,342
2016-05-18 18:00:00+00:00,19.9,88,951.3,0.6,5.1,356
2016-05-18 19:00:00+00:00,19.9,88,950.6,0.2,3.6,6
2016-05-18 20:00:00+00:00,19.7,87,950.1,0.0,3.2,27
2016-05-18 21:00:00+00:00,19.7,89,949.8,0.0,4.5,29
2016-05-18 22:00:00+00:00,19.2,89,950.0,0.0,5.4,53
2016-05-18 23:00:00+00:00,19.3,89,950.5,0.0,6.2,54
2016-05-19 00:00:00+00:00,20.1,86,951.2,0.0,4.1,38
2016-05-19 01:00:00+00:00,20.7,82,952.0,0.0,4.8,27
2016-05-19 02:00:00+00:00,23.8,68,952.9,0.0,4.6,51
2016-05-19 03:00:00+00:00,24.5,65,952.3,0.0,4.4,55
2016-05-19 04:00:00+00:00,24.7,63,952.2,0.0,2.5,45
2016-05-19 05:00:00+00:00,26.6,55,951.9,0.0,2.8,40
2016-05-19 06:00:00+00:00,27.0,53,951.4,0.0,4.8,48
2016-05-19 07:00:00+00:00,27.1,52,950.7,0.0,6.9,51
2016-05-19 08:00:00+00:00,27.2,50,950.4,0.0,7.7,41
2016-05-19 09:00:00+00:00,27.1,50,950.2,0.0,9.4,32
2016-05-19 10:00:00+00:00,25.8,54,951.2,0.0,10.5,8
2016-05-19 11:00:00+00:00,25.4,55,951.3,0.0,8.6,2
2016-05-19 12:00:00+00:00,25.1,59,951.6,0.0,5.9,11
2016-05-19 13:00:00+00:00,24.7,63,952.6,0.0,7.0,339
2016-05-19 14:00:00+00:00,23.6,68,953.2,0.0,5.9,349
2016-05-19 15:00:00+00:00,21.8,73,953.4,0.0,6.0,25
2016-05-19 16:00:00+00:00,21.6,75,953.5,0.0,4.7,58
2016-05-19 17:00:00+00:00,21.0,78,953.2,0.0,4.9,73
2016-05-19 18:00:00+00:00,20.7,81,952.9,0.0,5.8,83
2016-05-19 19:00:00+00:00,20.2,84,952.3,0.0,5.8,94
2016-05-19 20:00:00+00:00,18.4,91,951.9,0.0,5.1,98
2016-05-19 21:00:00+00:00,18.5,90,951.9,0.0,5.2,102
2016-05-19 22:00:00+00:00,18.9,90,951.9,0.0,4.2,121
2016-05-19 23:00:00+00:00,19.8,87,953.0,0.0,3.6,127
2016-05-20 00:00:00+00:00,20.4,78,953.7,0.0,2.8,130
2016-05-20 01:00:00+00:00,20.4,75,954.0,0.0,3.3,131
2016-05-20 02:00:00+00:00,24.0,61,954.9,0.0,4.7,113
2016-05-20 03:00:00+00:00,24.2,59,954.5,0.0,5.4,98
2016-05-20 04:00:00+00:00,24.9,56,954.1,0.0,5.9,79
2016-05-20 05:00:00+00:00,27.5,45,954.0,0.0,7.3,70
2016-05-20 06:00:00+00:00,27.9,43,953.3,0.0,8.8,71
2016-05-20 07:00:00+00:00,28.3,41,952.6,0.0,9.8,66
2016-05-20 08:00:00+00:00,29.3,38,952.2,0.0,9.8,54
2016-05-20 09:00:00+00:00,29.3,37,952.0,0.0,10.0,38
2016-05-20 10:00:00+00:00,26.5,48,951.4,0.0,9.0,16
2016-05-20 11:00:00+00:00,26.2,48,951.6,0.0,11.2,358
2016-05-20 12:00:00+00:00,25.7,51,952.4,0.0,11.7,349
2016-05-20 13:00:00+00:00,25.3,55,953.4,0.0,12.7,352
2016-05-20 14:00:00+00:00,24.4,62,954.1,0.0,12.2,358
2016-05-20 15:00:00+00:00,22.2,72,954.7,0.0,8.6,360
2016-05-20 16:00:00+00:00,21.9,76,955.3,0.0,5.4,356
2016-05-20 17:00:00+00:00,21.9,77,955.5,0.0,5.1,8
2016-05-20 18:00:00+00:00,22.2,74,955.4,0.0,6.0,17
2016-05-20 19:00:00+00:00,21.9,75,955.3,0.0,7.3,20
2016-05-20 20:00:00+00:00,21.2,77,955.2,0.0,7.5,17
2016-05-20 21:00:00+00:00,21.3,76,955.2,0.0,7.4,14
2016-05-20 22:00:00+00:00,21.7,75,956.0,0.2,6.4,16
2016-05-20 23:00:00+00:00,21.1,79,956.0,0.2,7.2,18
2016-05-21 00:00:00+00:00,20.6,83,956.4,0.1,7.0,12
2016-05-21 01:00:00+00:00,20.2,86,956.6,0.0,5.6,15
2016-05-21 02:00:00+00:00,22.0,78,957.4,0.0,5.3,28
2016-05-21 03:00:00+00:00,22.2,77,957.5,0.0,5.8,30
2016-05-21 04:00:00+00:00,22.9,71,957.1,0.0,7.3,33
2016-05-21 05:00:00+00:00,24.4,60,956.9,0.0,7.8,34
2016-05-21 06:00:00+00:00,24.2,60,956.0,0.0,8.3,34
2016-05-21 07:00:00+00:00,24.8,57,955.3,0.0,8.4,40
2016-05-21 08:00:00+00:00,25.0,55,954.9,0.0,7.7,28
2016-05-21 09:00:00+00:00,25.2,54,954.1,0.0,9.5,11
2016-05-21 10:00:00+00:00,23.6,61,954.6,0.0,10.8,358
2016-05-21 11:00:00+00:00,23.4,61,955.1,0.0,10.1,356
2016-05-21 12:00:00+00:00,23.4,62,955.6,0.0,10.5,354
2016-05-21 13:00:00+00:00,23.3,63,956.3,0.0,10.5,354
2016-05-21 14:00:00+00:00,23.0,66,956.9,0.0,10.5,352
2016-05-21 15:00:00+00:00,21.5,74,957.2,0.0,10.5,354
2016-05-21 16:00:00+00:00,21.4,73,957.2,0.0,10.1,356
2016-05-21 17:00:00+00:00,21.1,74,956.9,0.0,10.5,356
2016-05-21 18:00:00+00:00,20.7,74,956.1,0.0,10.4,360
2016-05-21 19:00:00+00:00,20.3,76,955.5,0.2,10.1,4
2016-05-21 20:00:00+00:00,19.3,84,954.9,0.9,8.7,5
2016-05-21 21:00:00+00:00,18.8,89,954.8,1.9,8.3,360
2016-05-21 22:00:00+00:00,18.3,91,955.0,2.4,6.9,9
2016-05-21 23:00:00+00:00,18.4,91,955.4,2.5,10.1,17
2016-05-22 00:00:00+00:00,18.7,91,956.1,2.6,11.1,13
2016-05-22 01:00:00+00:00,18.9,91,956.0,3.0,12.7,15
2016-05-22 02:00:00+00:00,19.0,91,956.6,2.6,12.3,15
2016-05-22 03:00:00+00:00,18.9,92,956.4,2.6,11.5,14
2016-05-22 04:00:00+00:00,19.0,92,955.9,2.4,11.6,16
2016-05-22 05:00:00+00:00,19.4,91,955.3,2.7,10.9,17
2016-05-22 06:00:00+00:00,19.3,91,954.7,2.5,14.2,30
2016-05-22 07:00:00+00:00,19.3,90,954.2,1.6,16.1,34
2016-05-22 08:00:00+00:00,19.0,92,953.7,1.5,16.9,34
2016-05-22 09:00:00+00:00,19.1,92,953.2,1.1,17.2,33
2016-05-22 10:00:00+00:00,18.3,94,953.7,1.3,16.5,32
2016-05-22 11:00:00+00:00,18.4,94,953.8,1.4,15.4,33
2016-05-22 12:00:00+00:00,18.6,94,954.5,1.4,14.3,28
2016-05-22 13:00:00+00:00,18.6,94,955.2,1.4,13.8,28
2016-05-22 14:00:00+00:00,18.4,94,956.1,1.4,14.5,27
2016-05-22 15:00:00+00:00,17.8,94,956.8,1.0,14.3,34
2016-05-22 16:00:00+00:00,17.9,93,956.8,0.3,13.8,43
2016-05-22 17:00:00+00:00,17.9,93,956.7,0.2,12.5,39
2016-05-22 18:00:00+00:00,18.2,91,956.9,0.1,11.4,35
2016-05-22 19:00:00+00:00,18.1,91,957.1,0.0,10.0,30
2016-05-22 20:00:00+00:00,17.8,90,956.9,0.0,9.0,29
2016-05-22 21:00:00+00:00,17.7,90,957.1,0.0,8.2,23
2016-05-22 22:00:00+00:00,18.4,84,957.6,0.0,7.6,360
2016-05-22 23:00:00+00:00,18.3,85,958.6,0.0,7.0,339
2016-05-23 00:00:00+00:00,18.4,86,959.0,0.0,7.1,300
2016-05-23 01:00:00+00:00,18.3,86,959.3,0.0,8.0,288
2016-05-23 02:00:00+00:00,20.6,74,959.9,0.0,8.8,289
2016-05-23 03:00:00+00:00,20.8,68,959.5,0.0,8.7,294
2016-05-23 04:00:00+00:00,21.0,63,958.8,0.0,7.2,297
2016-05-23 05:00:00+00:00,24.1,49,958.4,0.0,4.8,283
2016-05-23 06:00:00+00:00,24.3,49,957.2,0.0,4.3,265
2016-05-23 07:00:00+00:00,24.8,48,956.4,0.0,4.8,257
2016-05-23 08:00:00+00:00,25.4,45,955.6,0.0,5.9,259
2016-05-23 09:00:00+00:00,25.4,45,955.4,0.0,5.9,256
2016-05-23 10:00:00+00:00,23.2,55,955.1,0.0,7.6,267
2016-05-23 11:00:00+00:00,22.9,58,955.0,0.0,4.3,265
2016-05-23 12:00:00+00:00,21.8,63,955.4,0.0,6.9,264
2016-05-23 13:00:00+00:00,21.5,64,955.8,0.0,6.5,273
2016-05-23 14:00:00+00:00,20.8,69,956.0,0.0,6.5,273
2016-05-23 15:00:00+00:00,18.4,81,955.6,0.0,5.4,274
2016-05-23 16:00:00+00:00,18.1,82,955.1,0.0,6.5,251
2016-05-23 17:00:00+00:00,18.0,84,954.7,0.0,5.4,222
2016-05-23 18:00:00+00:00,18.0,84,954.1,0.0,6.2,216
2016-05-23 19:00:00+00:00,17.7,86,953.4,0.0,5.7,215
2016-05-23 20:00:00+00:00,16.7,93,953.0,0.0,7.0,215
2016-05-23 21:00:00+00:00,16.6,92,952.6,0.0,6.2,216
2016-05-23 22:00:00+00:00,17.9,90,953.0,0.0,4.4,189
2016-05-23 23:00:00+00:00,18.6,87,953.4,0.0,8.6,195
2016-05-24 00:00:00+00:00,19.7,83,953.5,0.0,6.9,219
2016-05-24 01:00:00+00:00,20.3,79,953.7,0.0,7.2,233
2016-05-24 02:00:00+00:00,24.5,60,953.6,0.0,7.4,219
2016-05-24 03:00:00+00:00,24.6,60,953.0,0.0,8.3,198
2016-05-24 04:00:00+00:00,24.8,59,951.6,0.0,8.6,195
2016-05-24 05:00:00+00:00,27.5,49,951.1,0.0,8.1,193
2016-05-24 06:00:00+00:00,27.3,50,950.1,0.0,7.5,197
2016-05-24 07:00:00+00:00,27.3,50,948.8,0.0,7.3,191
2016-05-24 08:00:00+00:00,27.8,48,947.8,0.0,6.9,189
2016-05-24 09:00:00+00:00,27.3,49,947.0,0.0,4.8,193
2016-05-24 10:00:00+00:00,25.6,58,946.4,0.0,2.7,247
2016-05-24 11:00:00+00:00,25.7,58,946.0,0.0,2.6,326
2016-05-24 12:00:00+00:00,25.8,58,946.2,0.0,5.4,340
2016-05-24 13:00:00+00:00,25.4,58,946.6,0.0,8.3,342
2016-05-24 14:00:00+00:00,24.8,60,947.4,0.0,9.4,337
2016-05-24 15:00:00+00:00,22.9,70,947.1,0.0,9.4,342
2016-05-24 16:00:00+00:00,22.8,71,947.3,0.0,8.1,347
2016-05-24 17:00:00+00:00,22.2,75,946.7,0.0,7.6,355
2016-05-24 18:00:00+00:00,22.2,75,946.4,0.0,7.6,357
2016-05-24 19:00:00+00:00,22.1,76,946.1,0.0,8.3,5
2016-05-24 20:00:00+00:00,21.4,81,945.7,0.0,8.8,12
2016-05-24 21:00:00+00:00,21.5,82,945.8,0.0,9.7,22
2016-05-24 22:00:00+00:00,21.7,81,946.8,0.4,8.9,32
2016-05-24 23:00:00+00:00,21.0,87,947.1,0.8,10.1,35
2016-05-25 00:00:00+00:00,20.4,91,947.3,0.8,11.4,35
2016-05-25 01:00:00+00:00,19.9,94,948.0,1.1,11.2,33
2016-05-25 02:00:00+00:00,20.8,91,948.6,0.8,11.0,32
2016-05-25 03:00:00+00:00,20.6,93,949.0,0.8,11.6,26
2016-05-25 04:00:00+00:00,20.8,94,949.4,0.8,13.2,26
2016-05-25 05:00:00+00:00,21.0,90,949.5,0.6,14.2,24
2016-05-25 06:00:00+00:00,21.0,93,949.2,0.7,18.0,33
2016-05-25 07:00:00+00:00,20.3,92,949.8,1.5,25.2,48
2016-05-25 08:00:00+00:00,18.7,83,949.1,0.2,20.9,42
2016-05-25 09:00:00+00:00,18.9,71,949.1,0.0,19.1,36
2016-05-25 10:00:00+00:00,18.7,70,949.7,0.0,14.3,28
2016-05-25 11:00:00+00:00,18.8,67,950.1,0.0,15.9,38
2016-05-25 12:00:00+00:00,18.9,66,951.4,0.1,15.9,39
2016-05-25 13:00:00+00:00,19.0,67,952.7,0.2,16.5,46
2016-05-25 14:00:00+00:00,18.8,66,953.7,0.0,15.8,49
2016-05-25 15:00:00+00:00,17.1,79,954.8,0.0,8.3,56
2016-05-25 16:00:00+00:00,17.0,79,955.3,0.3,2.0,135
2016-05-25 17:00:00+00:00,16.2,87,955.2,0.0,2.4,207
2016-05-25 18:00:00+00:00,16.2,90,955.1,0.0,4.6,231
2016-05-25 19:00:00+00:00,16.1,92,954.5,0.1,5.8,240
2016-05-25 20:00:00+00:00,15.6,93,954.5,0.1,7.4,231
2016-05-25 21:00:00+00:00,15.7,94,954.5,0.0,8.2,221
2016-05-25 22:00:00+00:00,15.2,96,955.1,0.0,6.9,208
2016-05-25 23:00:00+00:00,15.4,95,955.4,0.0,5.1,184
2016-05-26 00:00:00+00:00,15.7,95,956.2,0.0,5.0,180
2016-05-26 01:00:00+00:00,16.0,93,956.6,0.0,5.2,192
2016-05-26 02:00:00+00:00,16.9,88,956.7,0.0,5.3,208
2016-05-26 03:00:00+00:00,17.5,85,957.1,0.0,7.7,217
2016-05-26 04:00:00+00:00,17.3,85,956.8,0.0,9.7,228
2016-05-26 05:00:00+00:00,19.1,76,956.9,0.0,10.2,238
2016-05-26 06:00:00+00:00,19.3,70,956.2,0.0,10.0,249
2016-05-26 07:00:00+00:00,19.5,66,955.7,0.0,10.2,252
2016-05-26 08:00:00+00:00,19.5,62,954.7,0.0,10.1,253
2016-05-26 09:00:00+00:00,19.7,60,954.2,0.0,10.2,260
2016-05-26 10:00:00+00:00,18.1,68,954.5,0.0,10.0,257
2016-05-26 11:00:00+00:00,17.9,71,953.5,0.0,8.8,282
2016-05-26 12:00:00+00:00,17.7,72,954.7,0.0,10.0,296
2016-05-26 13:00:00+00:00,17.3,72,954.4,0.0,10.6,305
2016-05-26 14:00:00+00:00,17.1,73,955.1,0.0,8.9,302
2016-05-26 15:00:00+00:00,16.6,74,955.5,0.0,8.7,300
2016-05-26 16:00:00+00:00,16.8,72,955.4,0.0,8.7,312
2016-05-26 17:00:00+00:00,16.6,74,954.8,0.0,6.5,326
2016-05-26 18:00:00+00:00,16.3,83,953.9,0.0,4.9,343
2016-05-26 19:00:00+00:00,16.6,80,953.6,0.0,4.4,351
2016-05-26 20:00:00+00:00,15.9,82,953.1,0.0,5.0,360
2016-05-26 21:00:00+00:00,15.9,82,953.1,0.0,4.1,15
2016-05-26 22:00:00+00:00,15.9,79,953.6,0.0,4.2,20
2016-05-26 23:00:00+00:00,16.0,80,953.9,0.0,4.1,15
2016-05-27 00:00:00+00:00,16.3,79,954.7,0.0,4.0,360
2016-05-27 01:00:00+00:00,16.8,77,954.9,0.0,5.0,360
2016-05-27 02:00:00+00:00,18.6,68,955.5,0.0,4.7,360
2016-05-27 03:00:00+00:00,19.1,66,955.6,0.0,3.7,11
2016-05-27 04:00:00+00:00,19.1,66,955.3,0.0,3.5,24
2016-05-27 05:00:00+00:00,20.9,58,955.1,0.0,3.1,21
2016-05-27 06:00:00+00:00,21.1,57,954.4,0.0,4.4,9
2016-05-27 07:00:00+00:00,21.6,55,953.7,0.0,5.4,4
2016-05-27 08:00:00+00:00,22.2,53,953.0,0.0,5.5,11
2016-05-27 09:00:00+00:00,22.0,53,953.0,0.0,5.4,360
2016-05-27 10:00:00+00:00,19.1,66,952.5,0.0,5.6,315
2016-05-27 11:00:00+00:00,19.0,65,952.3,0.0,6.0,303
2016-05-27 12:00:00+00:00,19.1,64,952.6,0.0,6.2,291
2016-05-27 13:00:00+00:00,18.6,65,952.8,0.0,7.4,299
2016-05-27 14:00:00+00:00,18.5,69,953.5,0.0,6.7,286
2016-05-27 15:00:00+00:00,17.7,74,953.9,0.0,5.1,274
2016-05-27 16:00:00+00:00,17.6,74,953.9,0.0,4.0,243
2016-05-27 17:00:00+00:00,17.4,76,953.8,0.0,4.6,219
2016-05-27 18:00:00+00:00,17.6,76,953.5,0.0,4.3,180
2016-05-27 19:00:00+00:00,17.5,75,952.5,0.0,1.9,112
2016-05-27 20:00:00+00:00,16.9,79,952.0,0.0,3.6,90
2016-05-27 21:00:00+00:00,16.9,80,952.1,0.0,4.7,86
2016-05-27 22:00:00+00:00,16.6,86,952.3,0.0,4.8,103
2016-05-27 23:00:00+00:00,16.8,85,952.5,0.0,5.4,82
2016-05-28 00:00:00+00:00,17.5,83,953.5,0.0,4.8,63
2016-05-28 01:00:00+00:00,18.4,76,953.8,0.0,4.9,73
2016-05-28 02:00:00+00:00,22.2,59,954.8,0.0,4.5,104
2016-05-28 03:00:00+00:00,22.7,59,954.3,0.0,3.6,135
2016-05-28 04:00:00+00:00,22.9,60,953.8,0.0,2.5,180
2016-05-28 05:00:00+00:00,25.0,51,953.5,0.0,2.1,211
2016-05-28 06:00:00+00:00,25.3,50,952.8,0.0,1.1,252
2016-05-28 07:00:00+00:00,25.5,50,952.2,0.0,1.8,307
2016-05-28 08:00:00+00:00,26.4,47,951.7,0.0,2.1,301
2016-05-28 09:00:00+00:00,26.5,46,951.7,0.0,2.9,270
2016-05-28 10:00:00+00:00,24.8,54,951.1,0.0,4.5,284
2016-05-28 11:00:00+00:00,24.5,54,951.7,0.0,4.1,285
2016-05-28 12:00:00+00:00,23.5,65,952.3,0.0,6.6,299
2016-05-28 13:00:00+00:00,24.2,59,952.6,0.0,5.8,300
2016-05-28 14:00:00+00:00,24.1,63,953.5,0.0,2.8,220
2016-05-28 15:00:00+00:00,20.6,83,953.4,0.0,6.2,173
2016-05-28 16:00:00+00:00,20.9,81,953.6,0.0,7.9,177
2016-05-28 17:00:00+00:00,20.7,80,953.4,0.0,9.8,172
2016-05-28 18:00:00+00:00,20.4,80,953.1,0.0,8.3,162
2016-05-28 19:00:00+00:00,20.3,81,952.4,0.0,7.6,155
2016-05-28 20:00:00+00:00,19.9,82,951.9,0.0,4.6,141
2016-05-28 21:00:00+00:00,20.0,83,951.9,0.0,6.1,130
2016-05-28 22:00:00+00:00,20.9,80,952.9,0.0,8.9,137
2016-05-28 23:00:00+00:00,20.6,82,953.4,0.0,8.8,99
2016-05-29 00:00:00+00:00,20.9,79,954.0,0.0,5.6,105
2016-05-29 01:00:00+00:00,21.1,76,954.2,0.0,6.2,111
2016-05-29 02:00:00+00:00,25.0,57,954.2,0.0,5.2,124
2016-05-29 03:00:00+00:00,25.4,56,953.9,0.0,5.3,118
2016-05-29 04:00:00+00:00,26.0,55,953.4,0.0,6.1,130
2016-05-29 05:00:00+00:00,28.1,48,953.0,0.0,6.2,144
2016-05-29 06:00:00+00:00,28.2,49,951.8,0.0,4.6,162
2016-05-29 07:00:00+00:00,28.5,49,951.0,0.0,4.3,175
2016-05-29 08:00:00+00:00,29.3,45,950.3,0.0,3.5,204
2016-05-29 09:00:00+00:00,29.5,44,949.4,0.0,3.1,234
2016-05-29 10:00:00+00:00,28.2,47,948.8,0.0,3.5,246
2016-05-29 11:00:00+00:00,27.6,53,948.7,0.0,1.1,342
2016-05-29 12:00:00+00:00,26.7,60,949.1,0.0,5.8,330
2016-05-29 13:00:00+00:00,26.8,61,949.6,0.0,7.2,333
2016-05-29 14:00:00+00:00,25.7,68,950.2,0.0,6.3,329
2016-05-29 15:00:00+00:00,23.4,80,950.2,0.0,5.0,339
2016-05-29 16:00:00+00:00,24.0,75,950.3,0.0,2.4,63
2016-05-29 17:00:00+00:00,23.1,82,949.9,0.0,5.2,106
2016-05-29 18:00:00+00:00,23.1,81,949.5,0.0,5.1,98
2016-05-29 19:00:00+00:00,23.4,79,949.2,0.0,3.6,84
2016-05-29 20:00:00+00:00,22.9,82,948.6,0.0,3.9,68
2016-05-29 21:00:00+00:00,22.6,84,948.7,0.0,4.2,59
2016-05-29 22:00:00+00:00,22.9,81,949.5,0.0,4.3,42
2016-05-29 23:00:00+00:00,22.7,82,949.8,0.0,5.6,45
2016-05-30 00:00:00+00:00,22.7,82,949.7,0.0,4.7,32
2016-05-30 01:00:00+00:00,22.8,80,949.5,0.0,5.2,25
2016-05-30 02:00:00+00:00,25.6,65,950.0,0.0,3.5,24
2016-05-30 03:00:00+00:00,25.8,65,949.4,0.0,3.1,144
2016-05-30 04:00:00+00:00,26.2,61,949.0,0.0,4.5,151
2016-05-30 05:00:00+00:00,28.4,54,948.2,0.0,2.8,130
2016-05-30 06:00:00+00:00,28.4,54,947.2,0.1,2.6,106
2016-05-30 07:00:00+00:00,28.1,53,946.5,0.1,3.6,45
2016-05-30 08:00:00+00:00,27.1,57,945.6,0.0,4.6,18
2016-05-30 09:00:00+00:00,27.0,55,945.1,0.0,5.4,360
2016-05-30 10:00:00+00:00,25.0,63,945.4,0.0,8.7,353
2016-05-30 11:00:00+00:00,25.1,60,944.9,0.0,9.4,353
2016-05-30 12:00:00+00:00,25.4,61,945.7,0.0,9.3,347
2016-05-30 13:00:00+00:00,25.1,61,945.9,0.0,9.4,342
2016-05-30 14:00:00+00:00,24.6,64,946.5,0.0,9.5,331
2016-05-30 15:00:00+00:00,22.9,72,946.4,0.0,8.4,329
2016-05-30 16:00:00+00:00,23.1,71,946.1,0.0,7.0,339
2016-05-30 17:00:00+00:00,22.4,77,945.4,0.0,6.5,341
2016-05-30 18:00:00+00:00,22.3,79,944.7,0.0,6.0,343
2016-05-30 19:00:00+00:00,22.2,79,944.2,0.0,5.1,356
2016-05-30 20:00:00+00:00,21.8,84,943.7,0.0,5.4,8
2016-05-30 21:00:00+00:00,21.8,84,943.8,0.0,5.5,349
2016-05-30 22:00:00+00:00,21.6,86,945.4,0.0,5.3,332
2016-05-30 23:00:00+00:00,22.3,82,945.4,0.0,6.9,332
2016-05-31 00:00:00+00:00,22.8,77,945.8,0.0,7.6,335
2016-05-31 01:00:00+00:00,23.5,73,946.2,0.0,8.1,347
2016-05-31 02:00:00+00:00,26.6,58,946.6,0.0,6.9,354
2016-05-31 03:00:00+00:00,26.8,58,946.5,0.0,5.2,16
2016-05-31 04:00:00+00:00,27.3,58,946.5,0.0,5.0,21
2016-05-31 05:00:00+00:00,29.8,48,946.5,0.0,4.9,17
2016-05-31 06:00:00+00:00,29.9,47,946.1,0.0,5.0,360
2016-05-31 07:00:00+00:00,30.3,46,946.1,0.0,5.9,349
2016-05-31 08:00:00+00:00,31.1,45,945.8,0.0,6.5,354
2016-05-31 09:00:00+00:00,31.0,45,945.6,0.0,8.0,342
2016-05-31 10:00:00+00:00,28.7,54,945.2,0.0,7.9,336
2016-05-31 11:00:00+00:00,28.2,54,945.1,0.0,10.2,318
2016-05-31 12:00:00+00:00,27.7,58,946.5,0.0,10.9,304
2016-05-31 13:00:00+00:00,26.9,61,946.8,0.0,10.0,308
2016-05-31 14:00:00+00:00,26.3,67,947.4,0.0,9.7,312
2016-05-31 15:00:00+00:00,24.0,80,947.3,0.0,8.0,306
2016-05-31 16:00:00+00:00,23.9,82,947.1,0.0,6.8,295
2016-05-31 17:00:00+00:00,23.6,83,946.9,0.0,4.7,274
2016-05-31 18:00:00+00:00,23.7,81,946.3,0.0,4.1,232
2016-05-31 19:00:00+00:00,23.9,79,946.2,0.0,4.7,238
2016-05-31 20:00:00+00:00,23.2,81,945.5,0.0,4.8,228
2016-05-31 21:00:00+00:00,23.2,82,945.8,0.0,3.4,198
2016-05-31 22:00:00+00:00,23.7,83,945.9,0.0,3.8,163
2016-05-31 23:00:00+00:00,24.0,80,946.2,0.0,2.1,149
2016-06-01 00:00:00+00:00,24.4,78,947.0,0.0,0.8,63
2016-06-01 01:00:00+00:00,24.6,77,947.1,0.0,3.4,18
2016-06-01 02:00:00+00:00,28.2,64,947.5,0.0,5.5,23
2016-06-01 03:00:00+00:00,28.2,64,947.6,0.0,6.2,36
2016-06-01 04:00:00+00:00,28.8,61,947.0,0.0,7.1,41
2016-06-01 05:00:00+00:00,30.6,54,946.8,0.1,7.9,43
2016-06-01 06:00:00+00:00,30.7,52,946.0,0.0,8.2,38
2016-06-01 07:00:00+00:00,30.7,51,945.8,0.0,9.3,36
2016-06-01 08:00:00+00:00,30.2,52,945.3,0.1,9.6,34
2016-06-01 09:00:00+00:00,29.6,53,944.8,0.2,11.4,28
2016-06-01 10:00:00+00:00,27.2,65,944.3,0.0,10.1,356
2016-06-01 11:00:00+00:00,27.4,63,945.1,0.0,7.9,24
2016-06-01 12:00:00+00:00,27.5,65,946.5,0.0,10.5,41
2016-06-01 13:00:00+00:00,27.1,66,947.3,0.0,13.0,44
2016-06-01 14:00:00+00:00,26.4,69,947.9,0.0,13.9,37
2016-06-01 15:00:00+00:00,24.4,78,947.7,1.0,11.9,25
2016-06-01 16:00:00+00:00,23.9,83,947.6,0.7,11.6,16
2016-06-01 17:00:00+00:00,23.6,83,947.2,0.8,10.8,26
2016-06-01 18:00:00+00:00,23.7,82,946.8,0.9,11.3,27
2016-06-01 19:00:00+00:00,23.6,81,946.8,0.8,11.4,28
2016-06-01 20:00:00+00:00,22.8,80,946.6,0.4,10.8,37
2016-06-01 21:00:00+00:00,22.9,79,947.0,1.0,9.4,43
2016-06-01 22:00:00+00:00,22.6,79,947.7,0.6,6.3,13
2016-06-01 23:00:00+00:00,22.8,79,948.6,0.1,3.1,306
2016-06-02 00:00:00+00:00,23.2,78,949.0,0.0,4.5,299
2016-06-02 01:00:00+00:00,23.4,75,950.1,0.2,4.5,299
2016-06-02 02:00:00+00:00,24.2,71,950.3,0.4,4.8,297
2016-06-02 03:00:00+00:00,24.2,73,950.1,0.4,6.3,283
2016-06-02 04:00:00+00:00,23.7,76,949.7,0.0,9.4,263
2016-06-02 05:00:00+00:00,26.6,65,949.7,0.0,7.3,250
2016-06-02 06:00:00+00:00,26.8,64,949.3,0.0,4.7,212
2016-06-02 07:00:00+00:00,27.1,61,948.3,0.0,3.8,221
2016-06-02 08:00:00+00:00,28.3,55,948.3,0.0,3.3,257
2016-06-02 09:00:00+00:00,28.5,54,948.1,0.0,5.8,274
2016-06-02 10:00:00+00:00,27.0,60,948.2,0.0,8.9,284
2016-06-02 11:00:00+00:00,26.4,61,948.6,0.0,7.0,291
2016-06-02 12:00:00+00:00,25.8,66,949.5,0.0,7.3,303
2016-06-02 13:00:00+00:00,25.9,68,951.1,0.0,7.1,311
2016-06-02 14:00:00+00:00,25.3,73,951.7,0.0,6.4,317
2016-06-02 15:00:00+00:00,22.8,84,951.8,0.0,7.4,317
2016-06-02 16:00:00+00:00,22.8,87,951.3,0.0,6.9,309
2016-06-02 17:00:00+00:00,22.7,87,951.0,0.0,5.4,307
2016-06-02 18:00:00+00:00,22.8,88,950.9,0.0,4.8,312
2016-06-02 19:00:00+00:00,23.7,82,950.8,0.0,3.4,328
2016-06-02 20:00:00+00:00,21.7,92,950.0,0.0,1.8,143
2016-06-02 21:00:00+00:00,21.7,92,949.9,0.0,4.9,163
2016-06-02 22:00:00+00:00,22.5,89,950.3,0.0,4.1,135
2016-06-02 23:00:00+00:00,22.8,86,950.8,0.0,9.2,129
2016-06-03 00:00:00+00:00,23.2,85,951.2,0.0,4.7,148
2016-06-03 01:00:00+00:00,23.8,80,951.6,0.0,5.0,150
2016-06-03 02:00:00+00:00,28.5,56,952.3,0.0,6.4,164
2016-06-03 03:00:00+00:00,28.6,55,951.7,0.0,8.3,180
2016-06-03 04:00:00+00:00,28.8,54,950.9,0.0,9.6,193
2016-06-03 05:00:00+00:00,31.4,44,950.5,0.0,9.1,198
2016-06-03 06:00:00+00:00,31.3,44,949.6,0.0,10.6,198
2016-06-03 07:00:00+00:00,31.5,44,948.7,0.0,10.4,200
2016-06-03 08:00:00+00:00,32.2,39,948.5,0.0,9.2,206
2016-06-03 09:00:00+00:00,32.5,39,947.9,0.0,8.5,216
2016-06-03 10:00:00+00:00,30.3,47,947.2,0.0,7.2,243
2016-06-03 11:00:00+00:00,30.0,50,947.9,0.0,3.8,287
2016-06-03 12:00:00+00:00,29.1,61,948.5,0.0,1.8,53
2016-06-03 13:00:00+00:00,28.7,63,949.5,0.0,1.3,146
2016-06-03 14:00:00+00:00,27.7,70,950.3,0.0,2.3,162
2016-06-03 15:00:00+00:00,24.7,84,950.5,0.0,1.3,236
2016-06-03 16:00:00+00:00,24.5,84,950.3,0.0,2.7,203
2016-06-03 17:00:00+00:00,23.9,88,950.1,0.0,3.5,156
2016-06-03 18:00:00+00:00,24.1,89,949.9,0.0,3.4,108
2016-06-03 19:00:00+00:00,25.0,84,949.9,0.0,2.6,56
2016-06-03 20:00:00+00:00,23.3,91,949.2,0.0,2.6,16
2016-06-03 21:00:00+00:00,23.0,93,949.5,0.0,3.8,17
2016-06-03 22:00:00+00:00,23.5,92,950.2,0.0,3.3,13
2016-06-03 23:00:00+00:00,23.7,88,950.6,0.0,5.4,42
2016-06-04 00:00:00+00:00,24.1,84,951.4,0.0,5.8,30
2016-06-04 01:00:00+00:00,24.7,80,951.5,0.0,6.1,50
2016-06-04 02:00:00+00:00,28.0,62,952.2,0.1,2.4,63
2016-06-04 03:00:00+00:00,28.1,62,952.2,0.1,0.4,270
2016-06-04 04:00:00+00:00,28.7,58,951.9,0.0,1.6,153
2016-06-04 05:00:00+00:00,30.1,52,951.6,0.0,2.3,39
2016-06-04 06:00:00+00:00,29.9,52,951.3,0.1,7.0,21
2016-06-04 07:00:00+00:00,29.8,52,951.0,0.1,6.7,16
2016-06-04 08:00:00+00:00,30.3,49,950.7,0.0,8.5,12
2016-06-04 09:00:00+00:00,30.3,47,950.3,0.0,6.5,357
2016-06-04 10:00:00+00:00,27.2,58,950.8,0.0,12.6,5
2016-06-04 11:00:00+00:00,27.4,57,951.4,0.0,13.5,34
2016-06-04 12:00:00+00:00,27.2,59,953.0,0.0,17.2,26
2016-06-04 13:00:00+00:00,26.1,62,953.5,0.3,10.2,10
2016-06-04 14:00:00+00:00,24.2,76,953.7,3.9,5.6,320
2016-06-04 15:00:00+00:00,21.8,87,953.3,0.5,6.7,306
2016-06-04 16:00:00+00:00,21.7,87,953.5,0.0,7.2,270
2016-06-04 17:00:00+00:00,20.9,90,953.3,0.0,8.5,234
2016-06-04 18:00:00+00:00,21.1,88,953.5,0.0,8.4,230
2016-06-04 19:00:00+00:00,21.5,87,953.2,0.0,6.6,221
2016-06-04 20:00:00+00:00,20.5,89,952.7,0.0,6.9,223
2016-06-04 21:00:00+00:00,20.4,89,952.4,0.0,6.6,229
2016-06-04 22:00:00+00:00,22.0,81,953.0,0.0,8.2,221
2016-06-04 23:00:00+00:00,22.6,75,953.4,0.0,9.1,236
2016-06-05 00:00:00+00:00,23.1,71,953.3,0.0,7.0,215
2016-06-05 01:00:00+00:00,23.7,66,953.1,0.0,6.5,214
2016-06-05 02:00:00+00:00,29.7,48,953.8,0.0,6.2,216
2016-06-05 03:00:00+00:00,30.3,47,953.2,0.0,5.5,212
2016-06-05 04:00:00+00:00,30.7,47,952.7,0.0,6.1,208
2016-06-05 05:00:00+00:00,33.5,40,952.1,0.0,7.4,203
2016-06-05 06:00:00+00:00,33.7,41,951.6,0.0,8.0,207
2016-06-05 07:00:00+00:00,33.9,41,950.6,0.0,9.2,211
2016-06-05 08:00:00+00:00,34.9,37,950.2,0.0,9.7,211
2016-06-05 09:00:00+00:00,34.9,37,949.7,0.0,9.7,222
2016-06-05 10:00:00+00:00,32.8,41,949.0,0.0,6.9,223
2016-06-05 11:00:00+00:00,32.5,39,949.2,0.0,4.8,222
2016-06-05 12:00:00+00:00,30.4,53,949.1,0.0,8.4,250
2016-06-05 13:00:00+00:00,29.9,55,949.8,0.0,7.7,259
2016-06-05 14:00:00+00:00,27.8,66,950.2,0.0,7.1,240
2016-06-05 15:00:00+00:00,25.4,79,950.1,0.0,7.1,229
2016-06-05 16:00:00+00:00,25.4,81,950.7,0.0,6.9,208
2016-06-05 17:00:00+00:00,24.7,85,950.6,0.0,5.8,202
2016-06-05 18:00:00+00:00,24.4,87,949.9,0.0,7.1,204
2016-06-05 19:00:00+00:00,24.1,88,949.7,0.0,7.0,192
2016-06-05 20:00:00+00:00,23.9,89,949.9,0.0,3.4,162
2016-06-05 21:00:00+00:00,23.5,90,949.5,0.0,3.4,108
2016-06-05 22:00:00+00:00,24.2,86,950.3,0.0,3.6,96
2016-06-05 23:00:00+00:00,24.8,83,951.5,0.0,5.9,104
2016-06-06 00:00:00+00:00,25.4,80,951.3,0.0,3.6,84
2016-06-06 01:00:00+00:00,25.9,78,952.0,0.0,2.7,67
2016-06-06 02:00:00+00:00,29.5,61,952.6,0.0,4.6,39
2016-06-06 03:00:00+00:00,30.6,56,952.5,0.1,5.1,39
2016-06-06 04:00:00+00:00,30.7,54,952.3,0.0,5.5,32
2016-06-06 05:00:00+00:00,32.1,47,952.1,0.0,5.6,27
2016-06-06 06:00:00+00:00,32.1,46,951.2,0.0,4.4,351
2016-06-06 07:00:00+00:00,32.1,45,950.3,0.1,4.4,325
2016-06-06 08:00:00+00:00,30.5,48,949.5,0.1,6.1,320
2016-06-06 09:00:00+00:00,29.3,54,949.5,0.6,8.4,313
2016-06-06 10:00:00+00:00,26.1,74,949.4,2.5,11.9,355
2016-06-06 11:00:00+00:00,26.4,71,950.0,0.0,16.6,358
2016-06-06 12:00:00+00:00,26.3,64,951.1,0.0,13.3,358
2016-06-06 13:00:00+00:00,25.9,60,952.7,0.0,10.6,336
2016-06-06 14:00:00+00:00,25.2,63,953.2,0.2,8.4,350
2016-06-06 15:00:00+00:00,23.2,69,953.0,0.2,5.4,4
2016-06-06 16:00:00+00:00,23.2,67,953.4,0.0,5.7,18
2016-06-06 17:00:00+00:00,23.6,66,953.7,0.0,3.1,306
2016-06-06 18:00:00+00:00,23.6,63,953.9,0.2,4.0,260
2016-06-06 19:00:00+00:00,23.6,60,953.7,0.0,4.8,257
2016-06-06 20:00:00+00:00,22.4,68,953.4,0.0,6.6,261
2016-06-06 21:00:00+00:00,22.2,66,953.2,0.0,8.4,260
2016-06-06 22:00:00+00:00,22.4,81,954.0,0.0,10.9,243
2016-06-06 23:00:00+00:00,22.4,78,954.8,0.0,11.8,247
2016-06-07 00:00:00+00:00,23.9,69,955.1,0.0,9.8,253
2016-06-07 01:00:00+00:00,25.1,58,955.0,0.0,8.7,263
2016-06-07 02:00:00+00:00,30.2,36,955.5,0.0,8.0,265
2016-06-07 03:00:00+00:00,30.6,36,955.4,0.0,6.6,261
2016-06-07 04:00:00+00:00,30.5,38,954.5,0.0,6.8,245
2016-06-07 05:00:00+00:00,33.3,30,954.4,0.0,7.8,236
2016-06-07 06:00:00+00:00,33.3,31,953.4,0.0,9.2,239
2016-06-07 07:00:00+00:00,33.1,31,952.6,0.0,10.3,241
2016-06-07 08:00:00+00:00,33.9,29,952.0,0.0,10.2,252
2016-06-07 09:00:00+00:00,33.6,29,951.2,0.0,10.1,264
2016-06-07 10:00:00+00:00,31.3,38,951.1,0.0,8.0,252
2016-06-07 11:00:00+00:00,31.2,35,950.5,0.0,10.4,272
2016-06-07 12:00:00+00:00,30.2,38,951.0,0.0,8.0,280
2016-06-07 13:00:00+00:00,29.6,41,951.1,0.0,8.6,285
2016-06-07 14:00:00+00:00,28.2,51,951.9,0.0,7.2,273
2016-06-07 15:00:00+00:00,25.3,64,952.0,0.0,6.5,264
2016-06-07 16:00:00+00:00,25.2,65,952.0,0.0,5.9,259
2016-06-07 17:00:00+00:00,24.7,71,951.7,0.0,6.8,245
2016-06-07 18:00:00+00:00,24.6,74,951.1,0.0,6.2,234
2016-06-07 19:00:00+00:00,24.5,76,950.8,0.0,5.6,220
2016-06-07 20:00:00+00:00,23.7,82,950.3,0.0,6.3,211
2016-06-07 21:00:00+00:00,23.6,85,950.3,0.0,5.1,188
2016-06-07 22:00:00+00:00,24.8,78,950.5,0.0,4.7,176
2016-06-07 23:00:00+00:00,25.0,75,951.5,0.0,7.3,189
2016-06-08 00:00:00+00:00,25.5,71,952.1,0.0,4.6,198
2016-06-08 01:00:00+00:00,26.3,67,952.0,0.0,4.0,207
2016-06-08 02:00:00+00:00,30.5,50,952.8,0.0,4.0,207
2016-06-08 03:00:00+00:00,31.2,48,952.7,0.0,5.6,207
2016-06-08 04:00:00+00:00,31.4,45,952.4,0.0,6.6,209
2016-06-08 05:00:00+00:00,33.0,37,952.2,0.0,6.9,208
2016-06-08 06:00:00+00:00,33.2,36,951.6,0.0,6.9,219
2016-06-08 07:00:00+00:00,33.1,36,951.0,0.0,6.1,242
2016-06-08 08:00:00+00:00,31.8,39,949.8,0.0,7.2,264
2016-06-08 09:00:00+00:00,31.8,39,949.4,0.0,9.7,270
2016-06-08 10:00:00+00:00,29.2,47,950.0,0.3,11.9,295
2016-06-08 11:00:00+00:00,28.4,45,948.9,0.0,9.7,301
2016-06-08 12:00:00+00:00,28.5,49,950.4,0.0,5.1,321
2016-06-08 13:00:00+00:00,27.4,53,950.7,0.0,8.4,350
2016-06-08 14:00:00+00:00,26.6,62,951.5,0.4,8.6,360
2016-06-08 15:00:00+00:00,24.6,71,952.0,0.6,10.5,4
2016-06-08 16:00:00+00:00,24.3,71,951.8,0.0,10.4,2
2016-06-08 17:00:00+00:00,23.6,73,951.9,0.0,9.4,356
2016-06-08 18:00:00+00:00,23.5,70,952.0,0.0,7.1,336
2016-06-08 19:00:00+00:00,23.7,68,951.8,0.0,4.4,325
2016-06-08 20:00:00+00:00,22.4,72,951.7,0.0,6.5,289
2016-06-08 21:00:00+00:00,21.3,73,951.5,0.0,8.4,290
2016-06-08 22:00:00+00:00,21.5,63,952.6,0.0,8.9,297
2016-06-08 23:00:00+00:00,21.7,62,952.1,0.0,8.7,315
2016-06-09 00:00:00+00:00,22.4,58,952.5,0.0,9.4,317
2016-06-09 01:00:00+00:00,23.2,50,952.5,0.0,8.2,319
2016-06-09 02:00:00+00:00,24.7,41,953.1,0.0,2.6,286
2016-06-09 03:00:00+00:00,24.6,39,953.7,0.0,6.8,162
2016-06-09 04:00:00+00:00,24.4,40,953.8,0.0,9.2,169
2016-06-09 05:00:00+00:00,25.5,40,954.1,0.0,8.4,187
2016-06-09 06:00:00+00:00,24.8,45,953.8,0.0,6.9,208
2016-06-09 07:00:00+00:00,24.7,47,953.2,0.6,6.7,234
2016-06-09 08:00:00+00:00,24.5,53,952.3,0.4,5.7,252
2016-06-09 09:00:00+00:00,24.1,55,951.5,0.2,6.3,257
2016-06-09 10:00:00+00:00,21.3,79,952.9,0.0,5.8,248
2016-06-09 11:00:00+00:00,21.3,78,951.7,0.0,6.7,234
2016-06-09 12:00:00+00:00,21.8,80,952.6,0.0,6.3,239
2016-06-09 13:00:00+00:00,21.8,82,952.6,0.0,5.9,232
2016-06-09 14:00:00+00:00,21.8,85,952.9,0.0,7.3,213
2016-06-09 15:00:00+00:00,21.3,87,953.3,0.0,6.4,223
2016-06-09 16:00:00+00:00,21.4,87,953.1,0.0,4.7,238
2016-06-09 17:00:00+00:00,21.5,87,952.6,0.0,4.6,225
2016-06-09 18:00:00+00:00,21.2,88,952.1,0.0,5.4,200
2016-06-09 19:00:00+00:00,21.3,88,951.6,0.0,6.8,198
2016-06-09 20:00:00+00:00,21.0,89,951.1,0.0,7.2,207
2016-06-09 21:00:00+00:00,21.0,89,951.3,0.0,8.1,212
2016-06-09 22:00:00+00:00,21.1,89,951.8,0.0,4.9,197
2016-06-09 23:00:00+00:00,21.1,88,951.8,0.0,6.2,190
2016-06-10 00:00:00+00:00,21.7,83,952.7,0.0,7.2,183
2016-06-10 01:00:00+00:00,22.3,78,952.9,0.0,6.3,204
2016-06-10 02:00:00+00:00,25.1,65,953.5,0.0,4.8,222
2016-06-10 03:00:00+00:00,25.4,65,953.4,0.0,4.6,225
2016-06-10 04:00:00+00:00,25.4,66,952.9,0.3,5.1,231
2016-06-10 05:00:00+00:00,27.2,60,952.7,0.3,6.6,221
2016-06-10 06:00:00+00:00,27.4,57,952.2,0.0,7.8,214
2016-06-10 07:00:00+00:00,27.3,56,951.4,0.0,8.7,218
2016-06-10 08:00:00+00:00,28.6,49,951.2,0.0,9.1,214
2016-06-10 09:00:00+00:00,28.8,48,950.6,0.0,8.7,218
2016-06-10 10:00:00+00:00,25.6,66,950.9,0.0,7.3,191
2016-06-10 11:00:00+00:00,25.5,64,950.1,0.0,7.2,183
2016-06-10 12:00:00+00:00,24.8,68,951.0,0.0,5.6,195
2016-06-10 13:00:00+00:00,24.9,69,951.6,0.0,5.9,194
2016-06-10 14:00:00+00:00,24.5,71,951.7,0.0,7.6,188
2016-06-10 15:00:00+00:00,23.2,78,951.9,0.0,8.4,190
2016-06-10 16:00:00+00:00,23.0,81,951.9,0.0,7.2,198
2016-06-10 17:00:00+00:00,22.8,84,951.4,0.0,6.0,205
2016-06-10 18:00:00+00:00,22.8,85,950.7,0.0,5.5,203
2016-06-10 19:00:00+00:00,22.9,84,950.6,0.0,6.1,180
2016-06-10 20:00:00+00:00,22.5,86,950.0,0.0,6.8,180
2016-06-10 21:00:00+00:00,22.2,88,950.0,0.0,7.7,191
2016-06-10 22:00:00+00:00,22.7,86,950.7,0.0,6.4,196
2016-06-10 23:00:00+00:00,22.4,86,950.6,0.0,5.8,176
2016-06-11 00:00:00+00:00,22.8,84,951.9,0.0,4.9,163
2016-06-11 01:00:00+00:00,23.2,81,951.6,0.0,6.6,158
2016-06-11 02:00:00+00:00,27.1,64,952.5,0.0,8.4,160
2016-06-11 03:00:00+00:00,27.9,59,952.2,0.0,9.1,162
2016-06-11 04:00:00+00:00,28.2,57,951.7,0.0,8.8,171
2016-06-11 05:00:00+00:00,30.8,46,951.6,0.0,7.6,183
2016-06-11 06:00:00+00:00,31.1,46,950.9,0.0,6.5,186
2016-06-11 07:00:00+00:00,31.2,45,950.2,0.0,6.8,205
2016-06-11 08:00:00+00:00,31.4,45,949.7,0.0,7.1,240
2016-06-11 09:00:00+00:00,31.7,44,949.1,0.0,7.1,240
2016-06-11 10:00:00+00:00,29.3,53,948.9,0.0,6.5,214
2016-06-11 11:00:00+00:00,29.2,52,948.7,0.0,7.9,219
2016-06-11 12:00:00+00:00,28.6,54,950.1,0.0,6.4,232
2016-06-11 13:00:00+00:00,28.3,56,951.0,0.0,4.7,247
2016-06-11 14:00:00+00:00,26.9,64,951.5,0.0,5.4,262
2016-06-11 15:00:00+00:00,24.6,74,951.9,0.0,4.4,261
2016-06-11 16:00:00+00:00,24.0,77,951.7,0.0,4.1,255
2016-06-11 17:00:00+00:00,23.3,82,951.3,0.0,4.3,246
2016-06-11 18:00:00+00:00,23.2,85,950.7,0.0,4.5,241
2016-06-11 19:00:00+00:00,23.0,86,950.4,0.0,4.6,225
2016-06-11 20:00:00+00:00,22.2,90,949.9,0.0,5.2,205
2016-06-11 21:00:00+00:00,22.1,91,949.9,0.0,4.6,198
2016-06-11 22:00:00+00:00,23.5,84,950.8,0.0,3.9,214
2016-06-11 23:00:00+00:00,23.9,82,951.1,0.0,3.9,214
2016-06-12 00:00:00+00:00,25.0,75,951.8,0.0,5.4,222
2016-06-12 01:00:00+00:00,25.6,71,951.6,0.0,5.0,240
2016-06-12 02:00:00+00:00,30.4,49,952.7,0.0,3.8,229
2016-06-12 03:00:00+00:00,30.6,48,951.9,0.0,4.0,207
2016-06-12 04:00:00+00:00,30.8,49,951.2,0.0,5.8,202
2016-06-12 05:00:00+00:00,33.1,42,950.6,0.0,7.6,205
2016-06-12 06:00:00+00:00,32.9,43,950.2,0.0,9.1,214
2016-06-12 07:00:00+00:00,32.9,43,949.1,0.0,10.2,212
2016-06-12 08:00:00+00:00,33.8,39,948.8,0.0,10.0,221
2016-06-12 09:00:00+00:00,33.8,39,948.3,0.0,11.2,225
2016-06-12 10:00:00+00:00,31.2,50,947.9,0.0,12.5,224
2016-06-12 11:00:00+00:00,30.9,47,948.2,0.0,11.8,232
2016-06-12 12:00:00+00:00,30.4,48,948.0,0.0,8.3,236
2016-06-12 13:00:00+00:00,29.8,52,948.4,0.0,6.7,234
2016-06-12 14:00:00+00:00,28.3,60,949.0,0.0,7.1,225
2016-06-12 15:00:00+00:00,25.6,76,948.6,0.0,6.2,216
2016-06-12 16:00:00+00:00,25.3,78,948.9,0.0,5.0,210
2016-06-12 17:00:00+00:00,24.7,83,948.4,0.0,4.8,207
2016-06-12 18:00:00+00:00,24.5,84,948.0,0.0,4.7,203
2016-06-12 19:00:00+00:00,24.3,87,947.5,0.0,4.3,185
2016-06-12 20:00:00+00:00,23.1,93,947.2,0.0,5.0,180
2016-06-12 21:00:00+00:00,22.7,95,947.1,0.0,5.4,184
2016-06-12 22:00:00+00:00,24.2,88,947.7,0.0,2.9,187
2016-06-12 23:00:00+00:00,24.7,84,948.6,0.0,3.3,186
2016-06-13 00:00:00+00:00,24.9,81,948.7,0.0,2.1,211
2016-06-13 01:00:00+00:00,25.1,79,949.2,0.0,1.0,225
2016-06-13 02:00:00+00:00,29.0,59,949.4,0.0,1.1,198
2016-06-13 03:00:00+00:00,29.4,56,949.1,0.0,3.2,180
2016-06-13 04:00:00+00:00,30.0,52,948.5,0.0,5.1,184
2016-06-13 05:00:00+00:00,31.9,42,947.8,0.0,5.7,198
2016-06-13 06:00:00+00:00,32.2,41,947.0,0.0,5.8,210
2016-06-13 07:00:00+00:00,32.4,40,946.2,0.0,6.7,216
2016-06-13 08:00:00+00:00,33.3,38,945.6,0.0,8.4,223
2016-06-13 09:00:00+00:00,33.0,39,945.1,0.0,9.9,237
2016-06-13 10:00:00+00:00,30.2,51,944.9,0.0,6.9,242
2016-06-13 11:00:00+00:00,29.7,51,944.5,0.0,7.5,253
2016-06-13 12:00:00+00:00,29.4,53,945.0,0.0,7.6,251
2016-06-13 13:00:00+00:00,28.6,56,945.3,0.0,7.6,265
2016-06-13 14:00:00+00:00,27.4,62,945.9,0.0,6.5,273
2016-06-13 15:00:00+00:00,25.0,76,945.9,0.0,6.6,279
2016-06-13 16:00:00+00:00,25.0,77,945.8,0.0,6.3,283
2016-06-13 17:00:00+00:00,24.3,80,945.0,0.0,5.2,282
2016-06-13 18:00:00+00:00,24.3,81,944.5,0.0,4.3,312
2016-06-13 19:00:00+00:00,24.2,81,944.2,0.0,5.1,8
2016-06-13 20:00:00+00:00,23.3,86,943.9,0.0,5.0,30
2016-06-13 21:00:00+00:00,23.5,84,944.1,0.0,4.8,27
2016-06-13 22:00:00+00:00,24.5,79,945.3,0.0,7.1,15
2016-06-13 23:00:00+00:00,24.9,76,946.0,0.0,8.3,18
2016-06-14 00:00:00+00:00,25.9,68,946.6,0.0,8.3,18
2016-06-14 01:00:00+00:00,26.6,64,946.7,0.0,9.4,23
2016-06-14 02:00:00+00:00,30.8,50,947.5,0.0,8.4,31
2016-06-14 03:00:00+00:00,31.5,47,947.1,0.0,7.5,35
2016-06-14 04:00:00+00:00,32.7,43,946.8,0.0,7.7,37
2016-06-14 05:00:00+00:00,34.2,36,946.4,0.0,10.2,32
2016-06-14 06:00:00+00:00,34.9,35,946.2,0.0,12.5,39
2016-06-14 07:00:00+00:00,34.3,34,945.6,0.0,13.2,22
2016-06-14 08:00:00+00:00,34.4,34,945.5,0.0,12.2,14
2016-06-14 09:00:00+00:00,33.9,36,945.3,0.0,12.2,2
2016-06-14 10:00:00+00:00,31.1,45,945.9,0.0,12.5,12
2016-06-14 11:00:00+00:00,30.4,45,945.6,0.0,7.6,355
2016-06-14 12:00:00+00:00,30.0,47,946.4,0.0,5.2,335
2016-06-14 13:00:00+00:00,29.2,50,946.9,0.0,4.3,270
2016-06-14 14:00:00+00:00,28.7,54,947.6,0.0,9.1,277
2016-06-14 15:00:00+00:00,26.9,56,948.2,0.0,13.9,291
2016-06-14 16:00:00+00:00,26.6,55,949.0,0.0,15.6,304
2016-06-14 17:00:00+00:00,26.0,54,949.0,0.0,18.4,310
2016-06-14 18:00:00+00:00,26.3,48,949.3,0.0,21.6,316
2016-06-14 19:00:00+00:00,26.4,44,949.6,0.0,22.3,321
2016-06-14 20:00:00+00:00,25.3,45,949.5,0.0,23.9,326
2016-06-14 21:00:00+00:00,25.2,46,949.7,0.0,25.1,333
2016-06-14 22:00:00+00:00,24.4,47,951.0,0.0,23.4,331
2016-06-14 23:00:00+00:00,24.8,44,951.3,0.0,23.2,334
2016-06-15 00:00:00+00:00,25.3,42,952.8,0.0,22.9,341
2016-06-15 01:00:00+00:00,25.0,43,953.5,0.0,19.0,333
2016-06-15 02:00:00+00:00,26.4,40,954.4,0.0,18.1,317
2016-06-15 03:00:00+00:00,26.1,45,954.5,0.0,19.6,302
2016-06-15 04:00:00+00:00,26.5,43,954.2,0.0,21.4,297
2016-06-15 05:00:00+00:00,28.9,34,953.9,0.0,22.2,299
2016-06-15 06:00:00+00:00,30.6,29,953.4,0.0,21.1,303
2016-06-15 07:00:00+00:00,30.7,29,952.7,0.0,18.5,307
2016-06-15 08:00:00+00:00,31.4,24,952.1,0.0,16.6,309
2016-06-15 09:00:00+00:00,30.9,24,951.5,0.0,17.1,309
2016-06-15 10:00:00+00:00,28.7,25,952.2,0.0,17.3,306
2016-06-15 11:00:00+00:00,28.3,22,952.1,0.0,17.7,299
2016-06-15 12:00:00+00:00,27.9,26,952.7,0.0,16.4,296
2016-06-15 13:00:00+00:00,27.0,31,953.1,0.0,15.5,288
2016-06-15 14:00:00+00:00,26.0,38,953.8,0.0,14.2,277
2016-06-15 15:00:00+00:00,23.5,46,953.6,0.0,12.3,267
2016-06-15 16:00:00+00:00,23.6,46,953.5,0.0,10.5,262
2016-06-15 17:00:00+00:00,23.2,48,952.8,0.0,8.6,255
2016-06-15 18:00:00+00:00,22.9,49,952.3,0.0,7.5,253
2016-06-15 19:00:00+00:00,22.1,56,951.9,0.0,6.5,251
2016-06-15 20:00:00+00:00,20.9,62,951.1,0.0,6.5,251
2016-06-15 21:00:00+00:00,20.3,61,951.1,0.0,6.5,251
2016-06-15 22:00:00+00:00,22.2,52,952.2,0.0,6.5,251
2016-06-15 23:00:00+00:00,22.6,50,952.3,0.0,5.9,259
2016-06-16 00:00:00+00:00,24.5,45,953.0,0.0,4.0,260
2016-06-16 01:00:00+00:00,26.1,39,953.2,0.0,4.3,275
2016-06-16 02:00:00+00:00,31.3,24,953.9,0.0,6.2,260
2016-06-16 03:00:00+00:00,31.6,26,953.6,0.0,9.1,236
2016-06-16 04:00:00+00:00,31.7,28,952.8,0.0,12.0,224
2016-06-16 05:00:00+00:00,34.6,19,952.1,0.0,13.6,220
2016-06-16 06:00:00+00:00,34.6,21,950.9,0.0,14.9,217
2016-06-16 07:00:00+00:00,34.7,22,949.8,0.0,16.0,216
2016-06-16 08:00:00+00:00,35.2,19,949.0,0.0,15.9,218
2016-06-16 09:00:00+00:00,34.9,19,948.4,0.0,15.1,218
2016-06-16 10:00:00+00:00,32.4,24,948.3,0.0,13.2,225
2016-06-16 11:00:00+00:00,32.1,20,948.2,0.0,12.7,227
2016-06-16 12:00:00+00:00,31.2,26,948.5,0.0,9.5,245
2016-06-16 13:00:00+00:00,30.2,31,948.4,0.0,7.4,256
2016-06-16 14:00:00+00:00,27.7,41,948.8,0.0,5.4,262
2016-06-16 15:00:00+00:00,24.2,59,948.4,0.0,7.6,270
2016-06-16 16:00:00+00:00,24.0,61,948.0,0.0,4.7,266
2016-06-16 17:00:00+00:00,22.6,67,947.2,0.0,2.9,210
2016-06-16 18:00:00+00:00,22.5,68,946.5,0.0,3.6,180
2016-06-16 19:00:00+00:00,22.3,69,946.0,0.0,4.3,180
2016-06-16 20:00:00+00:00,21.1,75,944.9,0.0,2.9,180
2016-06-16 21:00:00+00:00,21.4,74,945.0,0.0,1.3,146
2016-06-16 22:00:00+00:00,24.0,58,946.0,0.0,4.6,72
2016-06-16 23:00:00+00:00,23.3,59,946.1,0.0,5.6,27
2016-06-17 00:00:00+00:00,25.0,53,946.5,0.0,3.6,37
2016-06-17 01:00:00+00:00,26.1,49,946.6,0.0,3.7,29
2016-06-17 02:00:00+00:00,31.6,31,946.9,0.0,2.6,56
2016-06-17 03:00:00+00:00,32.0,31,946.5,0.0,3.1,126
2016-06-17 04:00:00+00:00,32.6,31,946.3,0.0,3.9,158
2016-06-17 05:00:00+00:00,35.3,26,945.8,0.0,4.0,180
2016-06-17 06:00:00+00:00,35.6,26,945.0,0.0,3.5,204
2016-06-17 07:00:00+00:00,35.9,26,944.1,0.0,4.6,231
2016-06-17 08:00:00+00:00,36.6,25,943.2,0.0,5.7,235
2016-06-17 09:00:00+00:00,36.6,25,942.2,0.0,8.3,252
2016-06-17 10:00:00+00:00,34.9,29,943.3,0.0,6.1,273
2016-06-17 11:00:00+00:00,35.1,24,943.5,0.0,8.8,289
2016-06-17 12:00:00+00:00,33.5,30,943.9,0.0,9.2,291
2016-06-17 13:00:00+00:00,33.0,33,944.6,0.0,8.7,294
2016-06-17 14:00:00+00:00,30.6,40,944.9,0.0,5.5,293
2016-06-17 15:00:00+00:00,28.4,51,945.3,0.0,4.0,297
2016-06-17 16:00:00+00:00,28.2,53,945.4,0.0,1.3,214
2016-06-17 17:00:00+00:00,27.4,59,945.3,0.0,4.3,222
2016-06-17 18:00:00+00:00,27.0,63,944.7,0.0,5.0,240
2016-06-17 19:00:00+00:00,27.2,62,944.7,0.0,4.3,270
2016-06-17 20:00:00+00:00,26.1,66,944.5,0.0,6.0,303
2016-06-17 21:00:00+00:00,26.0,66,944.4,0.0,5.4,323
2016-06-17 22:00:00+00:00,26.6,60,945.3,0.0,7.0,348
2016-06-17 23:00:00+00:00,27.6,55,945.5,0.0,7.8,22
2016-06-18 00:00:00+00:00,28.4,49,946.0,0.0,8.1,21
2016-06-18 01:00:00+00:00,28.6,49,945.8,0.0,9.8,24
2016-06-18 02:00:00+00:00,32.3,40,946.8,0.0,9.0,29
2016-06-18 03:00:00+00:00,32.8,40,946.9,0.0,7.1,45
2016-06-18 04:00:00+00:00,33.1,38,947.2,0.0,7.1,41
2016-06-18 05:00:00+00:00,34.2,34,947.2,0.0,7.0,35
2016-06-18 06:00:00+00:00,34.1,35,946.6,0.0,6.6,29
2016-06-18 07:00:00+00:00,34.1,35,946.1,0.0,7.9,16
2016-06-18 08:00:00+00:00,33.7,37,945.7,0.0,7.9,360
2016-06-18 09:00:00+00:00,33.4,37,945.2,0.0,7.2,360
2016-06-18 10:00:00+00:00,30.0,53,947.1,0.0,15.3,330
2016-06-18 11:00:00+00:00,30.0,50,945.9,0.0,15.3,326
2016-06-18 12:00:00+00:00,29.4,53,946.8,0.0,15.8,315
2016-06-18 13:00:00+00:00,28.4,61,947.0,0.4,12.5,316
2016-06-18 14:00:00+00:00,27.6,68,947.6,0.6,9.9,314
2016-06-18 15:00:00+00:00,25.5,83,948.3,1.7,10.5,301
2016-06-18 16:00:00+00:00,25.4,86,948.2,2.5,10.5,319
2016-06-18 17:00:00+00:00,24.6,88,947.9,1.9,11.0,308
2016-06-18 18:00:00+00:00,24.6,88,947.2,1.8,9.7,309
2016-06-18 19:00:00+00:00,24.7,87,946.7,0.6,9.7,312
2016-06-18 20:00:00+00:00,24.1,90,945.9,0.5,9.7,315
2016-06-18 21:00:00+00:00,24.1,89,945.8,0.4,7.6,301
2016-06-18 22:00:00+00:00,24.6,87,946.8,0.4,6.5,304
2016-06-18 23:00:00+00:00,24.2,89,946.6,0.4,5.1,309
2016-06-19 00:00:00+00:00,24.3,90,947.0,0.3,7.6,295
2016-06-19 01:00:00+00:00,24.3,89,947.4,0.2,7.7,298
2016-06-19 02:00:00+00:00,27.8,75,947.8,0.0,7.5,287
2016-06-19 03:00:00+00:00,28.8,67,947.7,0.0,6.3,294
2016-06-19 04:00:00+00:00,29.7,62,947.3,0.0,5.1,274
2016-06-19 05:00:00+00:00,32.8,49,947.2,0.0,5.2,258
2016-06-19 06:00:00+00:00,33.6,47,946.7,0.0,7.1,255
2016-06-19 07:00:00+00:00,33.8,46,946.1,0.0,8.7,253
2016-06-19 08:00:00+00:00,34.9,42,945.6,0.0,12.1,253
2016-06-19 09:00:00+00:00,34.3,45,945.3,0.0,13.1,262
2016-06-19 10:00:00+00:00,30.9,57,944.6,0.0,11.9,273
2016-06-19 11:00:00+00:00,30.8,55,944.4,0.0,11.9,272
2016-06-19 12:00:00+00:00,30.4,58,945.0,0.0,11.5,268
2016-06-19 13:00:00+00:00,30.0,61,945.4,0.0,9.8,262
2016-06-19 14:00:00+00:00,29.4,67,946.5,0.0,7.4,247
2016-06-19 15:00:00+00:00,27.0,76,946.5,0.0,6.4,223
2016-06-19 16:00:00+00:00,27.0,77,946.9,0.0,6.4,218
2016-06-19 17:00:00+00:00,26.4,81,946.3,0.0,6.1,220
2016-06-19 18:00:00+00:00,26.4,82,945.8,0.0,5.1,225
2016-06-19 19:00:00+00:00,26.2,84,945.3,0.0,6.3,211
2016-06-19 20:00:00+00:00,25.3,88,944.7,0.0,5.7,198
2016-06-19 21:00:00+00:00,25.1,89,944.7,0.0,5.3,208
2016-06-19 22:00:00+00:00,26.1,83,946.1,0.0,3.8,229
2016-06-19 23:00:00+00:00,26.3,81,946.2,0.0,1.5,225
2016-06-20 00:00:00+00:00,27.1,76,946.9,0.0,0.5,45
2016-06-20 01:00:00+00:00,27.8,71,947.0,0.0,2.1,31
2016-06-20 02:00:00+00:00,32.8,50,947.9,0.0,1.0,45
2016-06-20 03:00:00+00:00,33.2,48,947.3,0.0,2.3,198
2016-06-20 04:00:00+00:00,33.7,47,947.1,0.0,4.6,231
2016-06-20 05:00:00+00:00,36.0,41,946.7,0.0,7.9,231
2016-06-20 06:00:00+00:00,35.7,41,946.2,0.0,10.5,239
2016-06-20 07:00:00+00:00,35.3,43,945.3,0.0,10.1,243
2016-06-20 08:00:00+00:00,35.7,41,944.5,0.0,10.3,245
2016-06-20 09:00:00+00:00,35.1,44,943.7,0.4,9.5,245
2016-06-20 10:00:00+00:00,32.6,58,944.4,0.0,11.2,230
2016-06-20 11:00:00+00:00,32.3,56,943.9,0.0,8.9,227
2016-06-20 12:00:00+00:00,31.2,59,944.8,0.0,6.9,242
2016-06-20 13:00:00+00:00,31.2,62,945.6,0.0,4.7,261
2016-06-20 14:00:00+00:00,30.6,66,946.3,0.0,5.8,266
2016-06-20 15:00:00+00:00,27.8,79,946.5,0.0,5.8,270
2016-06-20 16:00:00+00:00,27.5,81,946.7,0.0,4.7,293
2016-06-20 17:00:00+00:00,26.6,86,946.5,0.0,4.4,305
2016-06-20 18:00:00+00:00,26.5,86,946.1,0.0,4.6,309
2016-06-20 19:00:00+00:00,26.2,88,945.5,0.0,5.2,295
2016-06-20 20:00:00+00:00,25.7,88,945.1,0.0,5.1,262
2016-06-20 21:00:00+00:00,25.6,87,945.2,0.0,4.7,238
2016-06-20 22:00:00+00:00,26.2,87,946.5,0.0,2.3,231
2016-06-20 23:00:00+00:00,25.9,88,946.5,0.0,3.3,6
2016-06-21 00:00:00+00:00,26.8,84,947.3,0.0,5.2,16
2016-06-21 01:00:00+00:00,27.8,75,948.2,0.0,7.9,43
2016-06-21 02:00:00+00:00,31.8,50,949.3,0.0,7.1,60
2016-06-21 03:00:00+00:00,32.2,48,949.3,0.0,4.7,113
2016-06-21 04:00:00+00:00,31.5,49,949.0,1.0,2.2,189
2016-06-21 05:00:00+00:00,30.6,54,948.7,0.5,4.8,243
2016-06-21 06:00:00+00:00,30.0,59,948.0,0.0,8.7,253
2016-06-21 07:00:00+00:00,31.6,53,947.5,0.0,10.6,252
2016-06-21 08:00:00+00:00,31.9,52,946.7,0.0,12.1,260
2016-06-21 09:00:00+00:00,31.5,51,946.0,0.0,12.0,263
2016-06-21 10:00:00+00:00,29.6,60,946.4,0.0,9.7,266
2016-06-21 11:00:00+00:00,29.4,60,946.2,0.0,8.8,282
2016-06-21 12:00:00+00:00,29.3,61,946.8,0.0,5.4,270
2016-06-21 13:00:00+00:00,28.9,65,947.6,0.0,8.0,243
2016-06-21 14:00:00+00:00,28.3,70,948.3,0.0,7.8,257
2016-06-21 15:00:00+00:00,27.1,76,948.3,0.0,6.6,257
2016-06-21 16:00:00+00:00,27.2,77,948.4,0.0,6.9,264
2016-06-21 17:00:00+00:00,26.8,81,948.0,0.0,5.9,259
2016-06-21 18:00:00+00:00,26.7,82,947.3,0.0,5.7,252
2016-06-21 19:00:00+00:00,26.4,84,947.2,0.0,5.0,240
2016-06-21 20:00:00+00:00,25.7,88,946.8,0.0,4.1,225
2016-06-21 21:00:00+00:00,25.7,89,947.0,0.0,4.1,225
2016-06-21 22:00:00+00:00,25.8,87,947.6,0.0,1.8,180
2016-06-21 23:00:00+00:00,25.9,85,948.2,0.0,1.1,162
2016-06-22 00:00:00+00:00,26.9,79,948.6,0.0,2.1,31
2016-06-22 01:00:00+00:00,27.9,72,949.0,0.0,2.7,23
2016-06-22 02:00:00+00:00,31.3,55,949.4,0.0,2.0,45
2016-06-22 03:00:00+00:00,31.7,54,949.3,0.0,2.2,81
2016-06-22 04:00:00+00:00,31.6,55,949.1,0.0,1.1,360
2016-06-22 05:00:00+00:00,33.8,46,948.6,0.0,2.5,315
2016-06-22 06:00:00+00:00,33.8,47,947.8,0.0,2.5,315
2016-06-22 07:00:00+00:00,33.9,47,946.8,0.0,2.3,342
2016-06-22 08:00:00+00:00,33.0,53,945.9,0.1,1.9,292
2016-06-22 09:00:00+00:00,32.8,54,944.5,0.5,3.8,253
2016-06-22 10:00:00+00:00,28.6,74,943.5,9.6,7.0,282
2016-06-22 11:00:00+00:00,28.4,78,943.3,1.4,2.2,180
2016-06-22 12:00:00+00:00,27.4,86,944.6,1.7,4.0,190
2016-06-22 13:00:00+00:00,27.3,87,945.1,4.7,7.6,188
2016-06-22 14:00:00+00:00,26.9,88,945.6,3.9,8.0,188
2016-06-22 15:00:00+00:00,25.9,93,945.9,1.4,4.8,222
2016-06-22 16:00:00+00:00,25.9,94,945.5,0.9,1.5,315
2016-06-22 17:00:00+00:00,26.1,93,945.3,0.6,1.1,72
2016-06-22 18:00:00+00:00,26.3,92,944.3,0.0,3.0,104
2016-06-22 19:00:00+00:00,26.1,93,943.6,0.0,4.7,113
2016-06-22 20:00:00+00:00,25.6,91,943.3,0.0,6.2,111
2016-06-22 21:00:00+00:00,25.4,93,943.2,0.0,4.7,86
2016-06-22 22:00:00+00:00,25.6,93,943.6,0.0,6.3,59
2016-06-22 23:00:00+00:00,25.9,92,943.7,0.0,7.1,41
2016-06-23 00:00:00+00:00,26.2,86,944.2,0.0,8.1,45
2016-06-23 01:00:00+00:00,26.8,81,944.5,0.1,8.9,50
2016-06-23 02:00:00+00:00,29.1,74,944.8,0.0,8.4,43
2016-06-23 03:00:00+00:00,29.5,74,945.1,0.0,8.9,47
2016-06-23 04:00:00+00:00,29.5,75,945.2,0.0,10.0,52
2016-06-23 05:00:00+00:00,30.7,70,945.0,0.0,11.7,47
2016-06-23 06:00:00+00:00,30.4,67,944.6,0.0,12.4,36
2016-06-23 07:00:00+00:00,30.8,66,944.7,0.2,13.4,27
2016-06-23 08:00:00+00:00,28.7,77,944.5,7.8,19.4,31
2016-06-23 09:00:00+00:00,28.4,82,945.0,1.5,16.1,48
2016-06-23 10:00:00+00:00,26.9,82,944.3,0.2,10.2,42
2016-06-23 11:00:00+00:00,27.2,79,944.7,0.0,6.6,29
2016-06-23 12:00:00+00:00,27.0,83,945.5,0.0,4.2,20
2016-06-23 13:00:00+00:00,26.8,83,946.2,0.0,3.3,354
2016-06-23 14:00:00+00:00,26.0,88,946.4,0.0,2.7,293
2016-06-23 15:00:00+00:00,25.7,83,946.9,0.0,3.2,297
2016-06-23 16:00:00+00:00,25.2,87,947.2,0.0,4.0,275
2016-06-23 17:00:00+00:00,25.3,87,947.3,0.0,4.1,232
2016-06-23 18:00:00+00:00,25.4,86,947.6,0.0,7.3,250
2016-06-23 19:00:00+00:00,25.2,86,947.6,0.0,8.0,262
2016-06-23 20:00:00+00:00,24.8,86,947.5,0.0,9.8,278
2016-06-23 21:00:00+00:00,25.0,82,947.5,0.0,9.3,286
2016-06-23 22:00:00+00:00,24.5,84,947.5,0.0,8.7,265
2016-06-23 23:00:00+00:00,24.8,83,948.6,0.0,8.6,255
2016-06-24 00:00:00+00:00,25.4,80,948.9,0.0,8.3,265
2016-06-24 01:00:00+00:00,26.0,75,949.2,0.0,8.4,277
2016-06-24 02:00:00+00:00,27.1,68,949.6,0.0,9.0,286
2016-06-24 03:00:00+00:00,27.1,65,949.4,0.0,7.9,286
2016-06-24 04:00:00+00:00,27.4,58,949.5,0.0,6.5,273
2016-06-24 05:00:00+00:00,28.4,51,949.3,0.0,5.4,278
2016-06-24 06:00:00+00:00,28.8,50,949.2,0.2,3.4,302
2016-06-24 07:00:00+00:00,28.7,55,948.9,0.0,3.0,14
2016-06-24 08:00:00+00:00,28.6,54,948.8,0.0,3.3,96
2016-06-24 09:00:00+00:00,28.8,53,949.1,0.0,6.8,155
2016-06-24 10:00:00+00:00,26.7,69,949.5,0.0,6.8,108
2016-06-24 11:00:00+00:00,26.3,74,950.5,0.4,8.1,103
2016-06-24 12:00:00+00:00,25.6,76,951.1,0.0,8.4,97
2016-06-24 13:00:00+00:00,25.4,75,952.4,0.0,6.6,103
2016-06-24 14:00:00+00:00,24.4,79,953.3,0.1,4.1,105
2016-06-24 15:00:00+00:00,23.6,79,953.8,0.0,4.3,95
2016-06-24 16:00:00+00:00,23.6,78,953.8,0.0,3.3,96
2016-06-24 17:00:00+00:00,23.2,79,953.4,0.0,2.1,121
2016-06-24 18:00:00+00:00,23.1,79,952.8,0.0,1.5,135
2016-06-24 19:00:00+00:00,22.9,77,952.6,0.0,2.1,121
2016-06-24 20:00:00+00:00,22.6,78,952.4,0.0,2.8,130
2016-06-24 21:00:00+00:00,22.4,78,952.4,0.0,3.3,139
2016-06-24 22:00:00+00:00,22.5,84,953.1,0.0,1.1,162
2016-06-24 23:00:00+00:00,22.6,84,953.1,0.3,3.3,131
2016-06-25 00:00:00+00:00,22.7,81,954.2,0.4,1.8,270
2016-06-25 01:00:00+00:00,22.3,85,954.6,0.7,6.5,270
2016-06-25 02:00:00+00:00,23.8,79,955.4,1.3,10.1,266
2016-06-25 03:00:00+00:00,23.3,83,955.1,1.3,12.2,268
2016-06-25 04:00:00+00:00,22.9,86,955.2,0.7,12.3,263
2016-06-25 05:00:00+00:00,24.6,80,954.9,0.2,12.1,258
2016-06-25 06:00:00+00:00,24.8,77,953.9,0.0,11.0,251
2016-06-25 07:00:00+00:00,25.1,74,953.5,0.0,8.7,253
2016-06-25 08:00:00+00:00,26.3,65,952.8,0.0,5.5,259
2016-06-25 09:00:00+00:00,27.5,57,952.8,0.0,4.3,265
2016-06-25 10:00:00+00:00,27.2,59,952.9,0.0,6.0,287
2016-06-25 11:00:00+00:00,26.8,62,952.6,0.0,2.6,236
2016-06-25 12:00:00+00:00,26.1,66,953.2,0.0,5.1,266
2016-06-25 13:00:00+00:00,25.6,73,953.8,0.0,5.1,278
2016-06-25 14:00:00+00:00,25.5,74,954.5,0.0,2.6,254
2016-06-25 15:00:00+00:00,23.3,83,954.9,0.0,1.8,143
2016-06-25 16:00:00+00:00,23.4,78,954.7,0.0,3.3,77
2016-06-25 17:00:00+00:00,22.6,81,954.6,0.0,4.7,86
2016-06-25 18:00:00+00:00,22.2,82,953.9,0.0,5.4,94
2016-06-25 19:00:00+00:00,21.8,82,953.5,0.0,5.9,101
2016-06-25 20:00:00+00:00,20.9,85,953.1,0.0,5.7,108
2016-06-25 21:00:00+00:00,21.4,83,953.3,0.0,3.9,112
2016-06-25 22:00:00+00:00,21.3,89,953.8,0.0,4.7,90
2016-06-25 23:00:00+00:00,21.4,88,954.1,0.0,5.8,94
2016-06-26 00:00:00+00:00,21.7,85,954.6,0.0,4.5,76
2016-06-26 01:00:00+00:00,21.9,83,954.7,0.1,4.4,55
2016-06-26 02:00:00+00:00,22.7,79,954.9,0.0,3.8,73
2016-06-26 03:00:00+00:00,22.7,77,954.8,0.5,3.8,73
2016-06-26 04:00:00+00:00,22.3,80,954.0,0.6,4.3,66
2016-06-26 05:00:00+00:00,22.7,77,953.8,0.4,4.0,80
2016-06-26 06:00:00+00:00,22.7,78,953.4,1.0,2.2,99
2016-06-26 07:00:00+00:00,22.8,78,953.0,0.1,0.4,360
2016-06-26 08:00:00+00:00,23.6,74,953.3,0.2,1.0,315
2016-06-26 09:00:00+00:00,23.7,73,953.1,0.2,1.5,315
2016-06-26 10:00:00+00:00,23.0,78,953.8,0.1,2.5,262
2016-06-26 11:00:00+00:00,23.2,77,952.8,0.0,3.2,180
2016-06-26 12:00:00+00:00,23.1,79,954.0,0.0,2.6,236
2016-06-26 13:00:00+00:00,22.9,82,953.8,0.0,6.4,243
2016-06-26 14:00:00+00:00,22.4,87,954.5,0.0,8.7,246
2016-06-26 15:00:00+00:00,21.5,91,953.9,0.0,8.3,236
2016-06-26 16:00:00+00:00,21.2,92,953.7,0.0,8.3,214
2016-06-26 17:00:00+00:00,20.9,94,952.9,0.0,8.6,195
2016-06-26 18:00:00+00:00,20.8,94,952.4,0.0,8.9,194
2016-06-26 19:00:00+00:00,20.9,94,952.2,0.0,7.6,185
2016-06-26 20:00:00+00:00,20.5,95,951.8,0.0,7.9,180
2016-06-26 21:00:00+00:00,20.2,96,951.7,0.0,8.0,175
2016-06-26 22:00:00+00:00,20.7,96,952.9,0.0,6.9,174
2016-06-26 23:00:00+00:00,20.9,94,952.9,0.0,8.0,175
2016-06-27 00:00:00+00:00,21.7,88,953.5,0.0,8.3,185
2016-06-27 01:00:00+00:00,22.1,86,953.7,0.0,8.1,193
2016-06-27 02:00:00+00:00,23.7,78,953.9,0.0,8.1,201
2016-06-27 03:00:00+00:00,24.3,75,953.3,0.0,8.1,201
2016-06-27 04:00:00+00:00,24.5,72,953.2,0.0,7.0,201
2016-06-27 05:00:00+00:00,26.8,60,953.1,0.0,8.0,198
2016-06-27 06:00:00+00:00,26.9,59,952.6,0.0,10.8,201
2016-06-27 07:00:00+00:00,27.3,57,952.1,0.0,11.2,213
2016-06-27 08:00:00+00:00,27.6,54,951.8,0.0,11.3,217
2016-06-27 09:00:00+00:00,26.8,61,950.9,0.0,11.5,224
2016-06-27 10:00:00+00:00,23.3,80,951.5,0.0,9.7,225
2016-06-27 11:00:00+00:00,23.4,79,950.6,0.0,9.4,238
2016-06-27 12:00:00+00:00,23.7,78,951.7,0.0,11.4,252
2016-06-27 13:00:00+00:00,23.7,79,951.4,0.0,10.4,250
2016-06-27 14:00:00+00:00,23.3,83,952.0,0.0,9.7,239
2016-06-27 15:00:00+00:00,21.8,89,951.6,0.0,10.8,217
2016-06-27 16:00:00+00:00,21.8,90,951.6,0.0,11.7,198
2016-06-27 17:00:00+00:00,21.4,92,951.0,0.0,11.6,185
2016-06-27 18:00:00+00:00,21.4,93,950.8,0.0,8.6,180
2016-06-27 19:00:00+00:00,21.4,94,950.4,0.0,5.4,184
2016-06-27 20:00:00+00:00,20.2,98,950.2,0.0,5.8,184
2016-06-27 21:00:00+00:00,20.1,98,950.4,0.0,4.0,185
2016-06-27 22:00:00+00:00,21.0,95,951.1,0.0,3.9,214
2016-06-27 23:00:00+00:00,21.2,93,951.9,0.0,7.0,192
2016-06-28 00:00:00+00:00,22.0,87,952.8,0.0,7.2,207
2016-06-28 01:00:00+00:00,22.5,83,952.7,0.0,6.6,221
2016-06-28 02:00:00+00:00,26.3,67,953.1,0.0,6.7,216
2016-06-28 03:00:00+00:00,26.5,66,953.0,0.0,6.3,211
2016-06-28 04:00:00+00:00,26.8,64,952.5,0.0,6.8,198
2016-06-28 05:00:00+00:00,29.6,53,952.3,0.0,7.9,196
2016-06-28 06:00:00+00:00,30.1,53,951.6,0.0,7.8,202
2016-06-28 07:00:00+00:00,30.7,51,951.1,0.0,7.1,210
2016-06-28 08:00:00+00:00,31.9,45,950.8,0.0,6.4,232
2016-06-28 09:00:00+00:00,31.3,47,950.2,0.0,7.8,257
2016-06-28 10:00:00+00:00,29.1,55,951.0,0.0,8.0,280
2016-06-28 11:00:00+00:00,28.9,56,950.6,0.0,7.3,281
2016-06-28 12:00:00+00:00,28.4,59,951.6,0.0,5.4,278
2016-06-28 13:00:00+00:00,27.5,65,952.2,0.0,5.4,262
2016-06-28 14:00:00+00:00,26.3,75,952.6,0.0,5.2,236
2016-06-28 15:00:00+00:00,23.5,87,952.3,0.0,5.4,217
2016-06-28 16:00:00+00:00,23.3,88,952.0,0.0,5.4,200
2016-06-28 17:00:00+00:00,22.8,90,951.2,0.0,5.5,169
2016-06-28 18:00:00+00:00,22.6,92,950.8,0.0,5.6,165
2016-06-28 19:00:00+00:00,22.4,93,950.4,0.0,5.1,176
2016-06-28 20:00:00+00:00,21.3,96,950.4,0.0,6.1,183
2016-06-28 21:00:00+00:00,21.2,96,950.5,0.0,5.6,195
2016-06-28 22:00:00+00:00,22.2,93,951.0,0.0,1.9,248
2016-06-28 23:00:00+00:00,22.1,93,951.6,0.0,1.4,270
2016-06-29 00:00:00+00:00,23.1,88,952.1,0.0,1.5,256
2016-06-29 01:00:00+00:00,23.9,84,952.4,0.0,1.8,233
2016-06-29 02:00:00+00:00,28.8,63,953.0,0.0,3.5,204
2016-06-29 03:00:00+00:00,29.2,61,952.5,0.0,6.3,193
2016-06-29 04:00:00+00:00,29.6,59,952.1,0.0,7.1,195
2016-06-29 05:00:00+00:00,31.7,51,951.9,0.0,7.2,186
2016-06-29 06:00:00+00:00,31.6,50,950.9,0.0,7.2,183
2016-06-29 07:00:00+00:00,31.7,49,950.0,0.0,6.5,186
2016-06-29 08:00:00+00:00,32.0,47,949.4,0.0,5.4,222
2016-06-29 09:00:00+00:00,32.4,45,948.4,0.0,5.2,236
2016-06-29 10:00:00+00:00,29.7,56,948.4,0.0,4.1,232
2016-06-29 11:00:00+00:00,29.4,59,948.0,0.0,3.6,270
2016-06-29 12:00:00+00:00,29.1,60,948.8,0.0,4.3,294
2016-06-29 13:00:00+00:00,29.1,63,949.1,0.0,5.0,339
2016-06-29 14:00:00+00:00,28.2,69,949.6,0.0,4.7,360
2016-06-29 15:00:00+00:00,25.9,79,949.4,0.0,6.2,7
2016-06-29 16:00:00+00:00,25.7,83,949.3,0.0,7.8,13
2016-06-29 17:00:00+00:00,25.8,81,949.1,0.0,7.6,19
2016-06-29 18:00:00+00:00,25.9,78,948.5,0.0,6.2,10
2016-06-29 19:00:00+00:00,25.7,78,947.9,0.5,4.7,4
2016-06-29 20:00:00+00:00,24.6,83,947.6,1.0,5.8,360
2016-06-29 21:00:00+00:00,24.5,85,947.4,1.1,6.8,357
2016-06-29 22:00:00+00:00,23.7,89,948.2,1.4,5.6,345
2016-06-29 23:00:00+00:00,23.6,90,948.2,1.8,5.2,335
2016-06-30 00:00:00+00:00,23.5,91,948.5,3.3,5.8,338
2016-06-30 01:00:00+00:00,23.3,92,948.8,4.7,6.5,341
2016-06-30 02:00:00+00:00,24.1,89,948.8,3.5,7.1,345
2016-06-30 03:00:00+00:00,24.5,87,948.7,2.1,7.4,331
2016-06-30 04:00:00+00:00,24.6,87,948.5,0.9,7.2,307
2016-06-30 05:00:00+00:00,25.8,82,948.1,0.3,7.6,278
2016-06-30 06:00:00+00:00,26.1,80,947.5,0.0,10.5,266
2016-06-30 07:00:00+00:00,26.4,77,946.9,0.0,11.4,259
2016-06-30 08:00:00+00:00,27.2,73,946.4,0.0,11.4,257
2016-06-30 09:00:00+00:00,27.3,72,945.5,0.0,10.5,254
2016-06-30 10:00:00+00:00,26.9,70,945.9,0.0,9.2,239
2016-06-30 11:00:00+00:00,26.7,72,945.7,0.0,6.8,252
2016-06-30 12:00:00+00:00,25.8,77,946.3,0.0,5.5,247
2016-06-30 13:00:00+00:00,25.4,81,947.1,0.0,6.3,239
2016-06-30 14:00:00+00:00,24.9,82,947.5,0.0,3.3,276
2016-06-30 15:00:00+00:00,24.1,83,947.7,0.0,1.8,349
2016-06-30 16:00:00+00:00,23.3,89,947.4,0.0,3.9,248
2016-06-30 17:00:00+00:00,22.7,91,946.6,0.0,5.8,248
2016-06-30 18:00:00+00:00,22.9,91,945.9,0.0,5.4,233
2016-06-30 19:00:00+00:00,22.9,92,945.4,0.0,5.6,207
2016-06-30 20:00:00+00:00,22.4,92,944.8,0.0,6.1,183
2016-06-30 21:00:00+00:00,22.2,93,944.5,0.0,6.9,174
2016-06-30 22:00:00+00:00,23.3,92,945.5,0.0,5.5,122
2016-06-30 23:00:00+00:00,23.9,91,945.7,0.0,6.9,118
2016-07-01 00:00:00+00:00,24.6,88,946.8,0.0,2.4,153
2016-07-01 01:00:00+00:00,24.4,86,947.3,0.0,3.1,201
2016-07-01 02:00:00+00:00,28.9,68,948.0,0.0,5.3,208
2016-07-01 03:00:00+00:00,28.9,69,947.9,0.0,7.0,201
2016-07-01 04:00:00+00:00,29.0,69,947.6,0.0,8.6,195
2016-07-01 05:00:00+00:00,31.5,61,947.3,0.0,9.8,204
2016-07-01 06:00:00+00:00,31.7,61,947.1,0.0,11.9,235
2016-07-01 07:00:00+00:00,32.0,60,946.5,0.0,12.0,254
2016-07-01 08:00:00+00:00,31.4,59,945.9,0.0,10.8,266
2016-07-01 09:00:00+00:00,31.5,58,945.5,0.0,7.2,273
2016-07-01 10:00:00+00:00,29.5,65,945.7,0.0,2.9,240
2016-07-01 11:00:00+00:00,29.6,63,945.1,0.0,2.1,211
2016-07-01 12:00:00+00:00,29.2,68,945.9,0.0,4.2,211
2016-07-01 13:00:00+00:00,28.4,75,946.0,0.0,5.9,194
2016-07-01 14:00:00+00:00,27.8,79,946.5,0.0,6.7,196
2016-07-01 15:00:00+00:00,26.1,90,946.8,0.0,5.9,194
2016-07-01 16:00:00+00:00,26.2,88,947.1,0.0,5.4,184
2016-07-01 17:00:00+00:00,26.0,90,946.8,0.0,6.2,190
2016-07-01 18:00:00+00:00,25.8,91,946.0,0.0,5.9,223
2016-07-01 19:00:00+00:00,25.9,89,945.9,0.0,4.6,198
2016-07-01 20:00:00+00:00,25.1,93,945.6,0.0,3.7,151
2016-07-01 21:00:00+00:00,24.9,94,945.8,0.0,3.9,146
2016-07-01 22:00:00+00:00,25.8,93,947.1,0.0,3.6,90
2016-07-01 23:00:00+00:00,25.6,92,947.0,0.0,3.4,148
2016-07-02 00:00:00+00:00,25.8,90,947.6,0.0,1.1,288
2016-07-02 01:00:00+00:00,26.4,89,948.1,0.0,2.3,342
2016-07-02 02:00:00+00:00,30.2,72,948.7,0.0,2.2,351
2016-07-02 03:00:00+00:00,30.8,71,948.9,0.1,0.4,360
2016-07-02 04:00:00+00:00,31.1,68,948.6,0.2,0.0,270
2016-07-02 05:00:00+00:00,32.7,59,948.2,0.3,2.7,293
2016-07-02 06:00:00+00:00,32.2,63,947.6,0.5,4.4,279
2016-07-02 07:00:00+00:00,32.5,62,946.6,0.1,5.7,288
2016-07-02 08:00:00+00:00,30.9,67,945.6,0.0,7.2,273
2016-07-02 09:00:00+00:00,30.4,65,945.0,0.4,6.2,260
2016-07-02 10:00:00+00:00,29.0,67,945.4,0.0,3.5,246
2016-07-02 11:00:00+00:00,28.7,72,945.1,0.0,3.0,194
2016-07-02 12:00:00+00:00,28.6,74,946.2,0.1,3.7,191
2016-07-02 13:00:00+00:00,28.3,76,946.5,0.0,4.0,153
2016-07-02 14:00:00+00:00,28.3,75,947.4,0.0,5.4,172
2016-07-02 15:00:00+00:00,25.9,87,947.0,0.0,4.7,274
2016-07-02 16:00:00+00:00,26.6,80,947.3,0.0,4.5,284
2016-07-02 17:00:00+00:00,25.3,87,947.0,2.6,4.7,274
2016-07-02 18:00:00+00:00,24.7,88,946.7,3.7,4.3,265
2016-07-02 19:00:00+00:00,24.7,89,946.2,0.4,2.8,220
2016-07-02 20:00:00+00:00,23.5,95,945.4,0.5,1.5,135
2016-07-02 21:00:00+00:00,23.7,95,945.3,0.8,3.3,131
2016-07-02 22:00:00+00:00,24.5,82,947.3,0.1,4.7,67
2016-07-02 23:00:00+00:00,24.0,85,947.3,0.1,6.6,81
2016-07-03 00:00:00+00:00,24.1,84,947.9,0.1,4.3,85
2016-07-03 01:00:00+00:00,24.2,81,948.0,0.0,1.3,56
2016-07-03 02:00:00+00:00,26.7,69,948.2,0.0,2.0,315
2016-07-03 03:00:00+00:00,27.1,70,948.0,0.0,1.8,281
2016-07-03 04:00:00+00:00,27.4,70,947.5,0.0,1.8,233
2016-07-03 05:00:00+00:00,30.5,59,947.5,0.1,4.1,225
2016-07-03 06:00:00+00:00,30.9,58,946.9,0.0,4.5,241
2016-07-03 07:00:00+00:00,31.2,56,945.9,0.0,3.2,243
2016-07-03 08:00:00+00:00,32.4,50,945.8,0.0,4.0,280
2016-07-03 09:00:00+00:00,32.3,49,945.1,0.0,6.0,287
2016-07-03 10:00:00+00:00,30.3,59,944.8,0.0,5.2,286
2016-07-03 11:00:00+00:00,29.9,60,944.9,0.0,2.9,263
2016-07-03 12:00:00+00:00,29.2,62,945.4,0.0,5.5,238
2016-07-03 13:00:00+00:00,28.9,64,946.2,0.0,5.1,231
2016-07-03 14:00:00+00:00,28.1,70,946.9,0.0,5.1,231
2016-07-03 15:00:00+00:00,25.2,80,946.5,0.0,6.3,257
2016-07-03 16:00:00+00:00,25.4,79,946.5,0.0,4.9,324
2016-07-03 17:00:00+00:00,24.8,81,945.9,0.0,4.7,356
2016-07-03 18:00:00+00:00,24.5,83,945.5,0.0,4.2,20
2016-07-03 19:00:00+00:00,25.0,83,945.1,0.0,6.0,25
2016-07-03 20:00:00+00:00,23.8,89,945.1,0.0,7.4,29
2016-07-03 21:00:00+00:00,23.8,90,945.2,0.0,7.7,28
2016-07-03 22:00:00+00:00,25.6,81,946.6,0.0,8.6,15
2016-07-03 23:00:00+00:00,25.6,81,946.7,0.0,9.0,37
2016-07-04 00:00:00+00:00,25.4,82,946.9,0.0,8.0,54
2016-07-04 01:00:00+00:00,25.4,85,946.9,0.0,7.9,60
2016-07-04 02:00:00+00:00,28.2,73,947.5,0.0,7.3,79
2016-07-04 03:00:00+00:00,28.1,72,947.5,0.0,6.9,96
2016-07-04 04:00:00+00:00,28.0,72,947.5,0.0,5.9,101
2016-07-04 05:00:00+00:00,29.6,65,947.3,0.2,5.8,94
2016-07-04 06:00:00+00:00,30.2,64,946.7,0.0,6.3,66
2016-07-04 07:00:00+00:00,30.6,61,946.3,0.0,7.1,60
2016-07-04 08:00:00+00:00,30.6,62,946.3,0.0,7.9,30
2016-07-04 09:00:00+00:00,30.2,63,945.7,0.0,9.5,9
2016-07-04 10:00:00+00:00,27.4,78,945.1,0.9,8.5,348
2016-07-04 11:00:00+00:00,27.7,76,945.5,0.0,5.0,330
2016-07-04 12:00:00+00:00,28.2,73,946.6,0.0,4.3,312
2016-07-04 13:00:00+00:00,28.7,71,947.1,0.0,5.3,298
2016-07-04 14:00:00+00:00,28.2,74,947.7,0.2,6.7,286
2016-07-04 15:00:00+00:00,26.3,84,948.2,0.4,8.0,297
2016-07-04 16:00:00+00:00,26.3,85,948.1,0.0,7.7,307
2016-07-04 17:00:00+00:00,25.8,87,947.5,0.0,5.4,323
2016-07-04 18:00:00+00:00,25.9,86,947.0,0.0,4.3,336
2016-07-04 19:00:00+00:00,25.7,88,946.6,0.0,4.3,360
2016-07-04 20:00:00+00:00,25.3,88,946.1,0.0,4.3,42
2016-07-04 21:00:00+00:00,25.5,86,946.0,0.0,4.4,81
2016-07-04 22:00:00+00:00,25.7,85,947.2,0.2,5.3,62
2016-07-04 23:00:00+00:00,25.8,84,947.5,0.3,4.5,14
2016-07-05 00:00:00+00:00,25.7,85,948.1,0.2,7.1,345
2016-07-05 01:00:00+00:00,25.3,85,948.1,0.0,8.3,342
2016-07-05 02:00:00+00:00,27.6,75,949.2,0.0,10.6,350
2016-07-05 03:00:00+00:00,27.6,74,949.2,0.0,10.4,2
2016-07-05 04:00:00+00:00,27.9,71,949.5,0.0,11.5,360
2016-07-05 05:00:00+00:00,28.3,68,949.3,0.0,12.3,355
2016-07-05 06:00:00+00:00,27.6,70,948.9,0.0,13.0,355
2016-07-05 07:00:00+00:00,27.0,73,948.3,0.7,11.7,351
2016-07-05 08:00:00+00:00,26.1,80,948.1,1.1,10.8,356
2016-07-05 09:00:00+00:00,25.4,87,947.1,1.0,12.2,2
2016-07-05 10:00:00+00:00,23.9,91,947.8,0.6,9.4,23
2016-07-05 11:00:00+00:00,24.0,89,947.2,0.4,8.8,9
2016-07-05 12:00:00+00:00,24.3,86,948.7,0.5,8.3,2
2016-07-05 13:00:00+00:00,24.2,86,949.1,0.7,9.7,4
2016-07-05 14:00:00+00:00,23.9,88,949.7,0.9,10.1,4
2016-07-05 15:00:00+00:00,23.1,92,949.8,0.5,9.4,360
2016-07-05 16:00:00+00:00,23.0,92,950.0,1.9,8.5,348
2016-07-05 17:00:00+00:00,22.9,92,949.9,0.9,9.3,344
2016-07-05 18:00:00+00:00,22.9,92,949.5,1.2,8.6,358
2016-07-05 19:00:00+00:00,23.0,93,949.1,1.5,6.6,9
2016-07-05 20:00:00+00:00,22.8,94,949.0,0.6,6.4,16
2016-07-05 21:00:00+00:00,22.8,94,949.1,0.5,7.6,8
2016-07-05 22:00:00+00:00,23.2,88,950.1,0.4,8.8,351
2016-07-05 23:00:00+00:00,23.3,87,949.6,0.0,6.1,3
2016-07-06 00:00:00+00:00,23.6,87,950.4,0.0,5.5,32
2016-07-06 01:00:00+00:00,24.0,88,950.8,0.0,6.4,43
2016-07-06 02:00:00+00:00,26.0,82,951.4,0.0,9.5,37
2016-07-06 03:00:00+00:00,26.6,79,951.6,0.0,7.5,35
2016-07-06 04:00:00+00:00,27.0,78,951.2,0.0,6.9,28
2016-07-06 05:00:00+00:00,28.1,72,951.2,0.0,6.5,6
2016-07-06 06:00:00+00:00,28.2,71,950.8,0.2,7.2,354
2016-07-06 07:00:00+00:00,27.4,74,950.2,0.4,6.6,347
2016-07-06 08:00:00+00:00,25.9,83,949.8,0.5,7.2,360
2016-07-06 09:00:00+00:00,25.7,85,948.8,1.1,5.8,4
2016-07-06 10:00:00+00:00,24.2,92,948.8,0.7,3.4,18
2016-07-06 11:00:00+00:00,24.3,90,948.4,0.3,2.1,301
2016-07-06 12:00:00+00:00,24.8,87,949.2,0.2,3.3,311
2016-07-06 13:00:00+00:00,24.8,87,949.4,0.5,4.7,337
2016-07-06 14:00:00+00:00,24.9,87,950.3,0.4,3.2,333
2016-07-06 15:00:00+00:00,24.1,92,950.2,0.1,2.7,337
2016-07-06 16:00:00+00:00,24.4,92,950.3,0.0,2.3,321
2016-07-06 17:00:00+00:00,24.2,95,950.0,0.2,2.7,23
2016-07-06 18:00:00+00:00,24.3,94,949.4,0.2,2.9,90
2016-07-06 19:00:00+00:00,24.5,94,949.1,0.0,2.3,129
2016-07-06 20:00:00+00:00,24.1,95,948.8,0.0,3.1,135
2016-07-06 21:00:00+00:00,24.0,95,948.5,0.0,2.6,164
2016-07-06 22:00:00+00:00,23.7,96,949.1,0.0,1.8,360
2016-07-06 23:00:00+00:00,23.6,96,948.5,0.0,3.7,79
2016-07-07 00:00:00+00:00,23.8,94,948.9,0.0,5.2,102
2016-07-07 01:00:00+00:00,23.7,93,949.0,0.0,4.7,122
2016-07-07 02:00:00+00:00,26.2,80,949.4,0.0,4.1,135
2016-07-07 03:00:00+00:00,26.2,80,949.3,0.0,4.4,145
2016-07-07 04:00:00+00:00,26.5,79,948.9,0.1,4.4,145
2016-07-07 05:00:00+00:00,28.6,71,948.8,0.0,4.6,141
2016-07-07 06:00:00+00:00,28.7,71,948.0,0.0,4.1,135
2016-07-07 07:00:00+00:00,29.1,68,947.5,0.0,3.3,131
2016-07-07 08:00:00+00:00,29.0,68,946.9,0.0,1.8,79
2016-07-07 09:00:00+00:00,29.2,68,946.3,0.0,2.7,23
2016-07-07 10:00:00+00:00,27.6,76,945.5,0.0,5.2,65
2016-07-07 11:00:00+00:00,27.5,76,945.9,0.0,5.2,56
2016-07-07 12:00:00+00:00,27.2,79,946.6,0.0,4.3,48
2016-07-07 13:00:00+00:00,27.1,81,946.6,0.0,4.3,5
2016-07-07 14:00:00+00:00,27.1,82,947.1,0.0,4.7,4
2016-07-07 15:00:00+00:00,25.8,89,947.3,0.3,6.9,51
2016-07-07 16:00:00+00:00,25.6,91,946.9,1.4,7.1,66
2016-07-07 17:00:00+00:00,24.9,96,946.6,3.5,7.6,71
2016-07-07 18:00:00+00:00,24.9,98,945.9,4.1,6.1,62
2016-07-07 19:00:00+00:00,24.8,98,945.7,3.5,5.9,43
2016-07-07 20:00:00+00:00,24.4,99,945.0,4.1,7.6,45
2016-07-07 21:00:00+00:00,24.5,99,945.4,3.2,9.3,54
2016-07-07 22:00:00+00:00,24.7,96,945.9,2.6,8.2,38
2016-07-07 23:00:00+00:00,24.5,96,946.1,1.8,9.1,18
2016-07-08 00:00:00+00:00,24.4,96,945.9,1.3,8.0,8
2016-07-08 01:00:00+00:00,24.4,97,945.9,1.4,7.2,6
2016-07-08 02:00:00+00:00,26.9,84,946.4,0.8,7.6,19
2016-07-08 03:00:00+00:00,27.3,81,946.4,0.5,7.7,53
2016-07-08 04:00:00+00:00,27.5,79,945.7,0.0,6.5,56
2016-07-08 05:00:00+00:00,29.8,72,945.5,0.2,6.4,38
2016-07-08 06:00:00+00:00,29.8,72,944.8,0.0,7.5,35
2016-07-08 07:00:00+00:00,30.3,72,944.1,0.2,7.2,27
2016-07-08 08:00:00+00:00,31.0,70,943.6,0.2,7.7,11
2016-07-08 09:00:00+00:00,30.5,70,943.1,0.7,7.6,360
2016-07-08 10:00:00+00:00,28.4,81,943.1,1.7,4.6,72
2016-07-08 11:00:00+00:00,28.3,81,942.9,2.6,4.9,126
2016-07-08 12:00:00+00:00,28.1,82,944.4,2.3,3.8,139
2016-07-08 13:00:00+00:00,27.4,85,944.6,0.7,1.0,225
2016-07-08 14:00:00+00:00,27.8,84,945.4,0.0,8.5,332
2016-07-08 15:00:00+00:00,26.4,91,945.1,0.2,8.8,341
2016-07-08 16:00:00+00:00,26.3,91,944.7,2.3,5.2,16
2016-07-08 17:00:00+00:00,26.0,93,944.7,4.8,8.7,83
2016-07-08 18:00:00+00:00,26.1,92,944.6,7.3,9.9,71
2016-07-08 19:00:00+00:00,25.9,92,945.0,5.3,6.3,59
2016-07-08 20:00:00+00:00,25.4,96,944.4,0.6,5.8,4
2016-07-08 21:00:00+00:00,25.3,96,944.2,0.3,6.0,25
2016-07-08 22:00:00+00:00,25.5,91,943.4,0.4,5.8,86
2016-07-08 23:00:00+00:00,25.4,92,943.8,1.8,4.8,77
2016-07-09 00:00:00+00:00,25.4,91,944.9,3.9,0.8,243
2016-07-09 01:00:00+00:00,25.1,94,945.2,4.1,3.9,202
2016-07-09 02:00:00+00:00,26.1,88,946.2,3.3,1.9,248
2016-07-09 03:00:00+00:00,26.6,86,946.0,2.4,7.6,335
2016-07-09 04:00:00+00:00,26.6,87,946.0,1.5,11.9,346
2016-07-09 05:00:00+00:00,28.8,75,945.5,0.2,9.4,358
2016-07-09 06:00:00+00:00,29.4,74,945.0,0.1,9.2,21
2016-07-09 07:00:00+00:00,29.9,73,944.0,0.2,8.4,20
2016-07-09 08:00:00+00:00,31.0,69,944.0,0.3,7.1,15
2016-07-09 09:00:00+00:00,31.2,69,943.3,2.6,7.6,352
2016-07-09 10:00:00+00:00,29.1,79,943.4,0.3,6.3,13
2016-07-09 11:00:00+00:00,29.4,77,942.6,0.4,6.9,309
2016-07-09 12:00:00+00:00,28.8,82,943.3,0.0,6.2,306
2016-07-09 13:00:00+00:00,29.0,81,944.3,0.0,5.7,18
2016-07-09 14:00:00+00:00,28.2,84,944.9,0.1,5.2,115
2016-07-09 15:00:00+00:00,26.7,90,945.1,0.4,3.5,204
2016-07-09 16:00:00+00:00,26.1,92,944.9,3.0,3.8,287
2016-07-09 17:00:00+00:00,26.1,91,944.8,1.7,5.5,337
2016-07-09 18:00:00+00:00,26.2,92,944.6,0.3,2.9,120
2016-07-09 19:00:00+00:00,26.0,92,944.6,0.2,8.4,160
2016-07-09 20:00:00+00:00,25.2,94,944.0,0.0,3.3,77
2016-07-09 21:00:00+00:00,25.4,95,944.3,0.0,4.6,141
2016-07-09 22:00:00+00:00,25.6,95,943.4,0.3,8.0,172
2016-07-09 23:00:00+00:00,25.6,94,944.6,0.0,5.0,270
2016-07-10 00:00:00+00:00,25.8,93,944.7,0.2,4.6,309
2016-07-10 01:00:00+00:00,26.0,92,944.8,0.1,0.8,27
2016-07-10 02:00:00+00:00,29.4,76,945.7,0.0,3.4,108
2016-07-10 03:00:00+00:00,29.5,75,945.4,0.0,5.8,90
2016-07-10 04:00:00+00:00,29.9,74,945.1,0.0,5.4,94
2016-07-10 05:00:00+00:00,32.2,65,944.9,0.0,5.8,86
2016-07-10 06:00:00+00:00,32.6,66,944.3,0.0,5.2,78
2016-07-10 07:00:00+00:00,33.0,65,943.4,0.0,4.6,18
2016-07-10 08:00:00+00:00,32.6,67,942.9,0.0,6.8,360
2016-07-10 09:00:00+00:00,32.4,68,942.3,0.8,4.7,23
2016-07-10 10:00:00+00:00,30.1,75,942.6,0.2,1.5,194
2016-07-10 11:00:00+00:00,30.6,73,942.1,0.0,4.4,279
2016-07-10 12:00:00+00:00,29.9,81,942.5,0.0,4.7,337
2016-07-10 13:00:00+00:00,30.0,79,943.5,0.0,4.8,48
2016-07-10 14:00:00+00:00,28.5,87,944.3,0.1,4.5,104
2016-07-10 15:00:00+00:00,26.8,93,945.0,0.0,2.7,157
2016-07-10 16:00:00+00:00,27.0,92,945.2,0.0,4.7,122
2016-07-10 17:00:00+00:00,26.8,92,945.6,0.2,5.8,158
2016-07-10 18:00:00+00:00,26.3,92,945.4,0.8,1.8,259
2016-07-10 19:00:00+00:00,25.9,92,944.4,0.0,3.6,315
2016-07-10 20:00:00+00:00,24.6,95,944.0,0.0,2.0,135
2016-07-10 21:00:00+00:00,24.6,95,943.7,0.0,2.9,30
2016-07-10 22:00:00+00:00,25.0,93,943.7,0.0,2.6,106
2016-07-10 23:00:00+00:00,24.9,93,944.3,0.0,1.3,56
2016-07-11 00:00:00+00:00,25.6,89,944.5,0.0,1.9,338
2016-07-11 01:00:00+00:00,26.1,89,945.0,0.0,2.3,342
2016-07-11 02:00:00+00:00,30.4,76,945.6,0.0,2.3,39
2016-07-11 03:00:00+00:00,30.6,78,945.5,0.0,5.9,101
2016-07-11 04:00:00+00:00,30.7,79,945.3,0.0,7.0,111
2016-07-11 05:00:00+00:00,33.3,68,945.0,0.0,4.1,105
2016-07-11 06:00:00+00:00,33.4,68,944.4,0.0,3.1,45
2016-07-11 07:00:00+00:00,33.7,63,943.8,0.0,3.6,45
2016-07-11 08:00:00+00:00,34.0,63,943.1,0.0,1.8,349
2016-07-11 09:00:00+00:00,33.9,63,943.1,0.0,3.3,311
2016-07-11 10:00:00+00:00,31.5,70,943.1,0.4,0.8,297
2016-07-11 11:00:00+00:00,31.3,69,942.6,0.0,5.2,335
2016-07-11 12:00:00+00:00,30.6,73,943.0,0.0,6.8,357
2016-07-11 13:00:00+00:00,30.0,77,944.0,0.0,6.2,353
2016-07-11 14:00:00+00:00,30.1,78,945.4,0.1,5.9,308
2016-07-11 15:00:00+00:00,28.3,87,946.5,1.2,4.7,238
2016-07-11 16:00:00+00:00,28.2,88,946.2,0.7,3.2,117
2016-07-11 17:00:00+00:00,27.9,89,945.5,0.0,5.1,82
2016-07-11 18:00:00+00:00,28.0,89,945.3,0.0,5.0,60
2016-07-11 19:00:00+00:00,28.1,90,945.2,0.0,7.7,37
2016-07-11 20:00:00+00:00,27.3,91,945.3,0.0,7.0,35
2016-07-11 21:00:00+00:00,27.4,92,945.6,0.1,5.6,45
2016-07-11 22:00:00+00:00,27.3,86,944.5,0.0,1.3,146
2016-07-11 23:00:00+00:00,27.2,89,945.0,0.2,1.6,207
2016-07-12 00:00:00+00:00,27.5,87,946.3,0.3,6.2,263
2016-07-12 01:00:00+00:00,27.8,85,946.7,0.0,8.4,277
2016-07-12 02:00:00+00:00,29.6,72,947.4,0.0,8.6,270
2016-07-12 03:00:00+00:00,30.2,65,947.5,0.0,8.6,292
2016-07-12 04:00:00+00:00,30.2,63,947.4,0.0,8.4,335
2016-07-12 05:00:00+00:00,32.0,56,947.0,0.0,11.4,13
2016-07-12 06:00:00+00:00,31.8,58,946.4,0.0,12.0,16
2016-07-12 07:00:00+00:00,32.0,59,946.1,0.0,12.8,16
2016-07-12 08:00:00+00:00,32.1,59,945.0,0.0,10.7,12
2016-07-12 09:00:00+00:00,32.1,60,945.0,0.0,10.1,6
2016-07-12 10:00:00+00:00,30.7,64,945.0,0.0,6.8,18
2016-07-12 11:00:00+00:00,30.1,67,945.1,0.0,6.9,354
2016-07-12 12:00:00+00:00,29.6,70,945.4,0.0,6.8,342
2016-07-12 13:00:00+00:00,29.6,68,946.2,0.0,6.7,324
2016-07-12 14:00:00+00:00,29.3,70,946.4,0.0,6.6,283
2016-07-12 15:00:00+00:00,27.4,78,946.5,0.0,9.4,272
2016-07-12 16:00:00+00:00,27.6,78,946.0,0.0,8.9,284
2016-07-12 17:00:00+00:00,27.0,82,945.5,0.0,6.2,306
2016-07-12 18:00:00+00:00,26.9,83,945.2,0.0,5.5,328
2016-07-12 19:00:00+00:00,26.7,84,944.6,0.0,8.4,313
2016-07-12 20:00:00+00:00,26.1,86,944.2,0.0,6.8,302
2016-07-12 21:00:00+00:00,25.7,89,944.2,0.0,4.7,279
2016-07-12 22:00:00+00:00,25.7,80,945.0,0.0,4.4,279
2016-07-12 23:00:00+00:00,25.8,80,945.9,0.0,6.9,317
2016-07-13 00:00:00+00:00,26.5,80,947.0,0.0,11.0,341
2016-07-13 01:00:00+00:00,27.4,76,947.0,0.0,13.0,354
2016-07-13 02:00:00+00:00,28.7,68,947.5,0.0,12.0,353
2016-07-13 03:00:00+00:00,29.0,67,947.6,0.0,11.9,357
2016-07-13 04:00:00+00:00,29.5,70,947.0,0.0,11.9,14
2016-07-13 05:00:00+00:00,30.8,64,946.8,0.0,11.5,20
2016-07-13 06:00:00+00:00,29.6,63,946.5,0.3,11.6,26
2016-07-13 07:00:00+00:00,29.6,66,945.9,0.0,8.4,20
2016-07-13 08:00:00+00:00,28.8,69,945.7,0.0,9.7,22
2016-07-13 09:00:00+00:00,28.4,73,945.3,0.4,9.8,28
2016-07-13 10:00:00+00:00,26.4,76,946.0,0.0,11.5,49
2016-07-13 11:00:00+00:00,26.4,74,945.1,0.2,13.8,43
2016-07-13 12:00:00+00:00,26.8,71,947.4,0.2,10.6,55
2016-07-13 13:00:00+00:00,26.6,72,947.8,0.3,9.2,21
2016-07-13 14:00:00+00:00,25.8,76,948.6,0.6,7.2,360
2016-07-13 15:00:00+00:00,23.6,85,948.3,0.8,7.2,357
2016-07-13 16:00:00+00:00,23.8,85,948.5,0.4,6.8,360
2016-07-13 17:00:00+00:00,23.2,90,947.9,0.5,6.8,18
2016-07-13 18:00:00+00:00,23.2,92,947.7,0.3,7.7,28
2016-07-13 19:00:00+00:00,23.5,87,947.1,0.8,7.5,35
2016-07-13 20:00:00+00:00,23.2,86,947.3,0.6,6.4,38
2016-07-13 21:00:00+00:00,23.0,89,947.2,0.5,5.2,34
2016-07-13 22:00:00+00:00,22.6,88,947.7,0.2,3.7,11
2016-07-13 23:00:00+00:00,22.7,87,947.7,0.1,2.9,90
2016-07-14 00:00:00+00:00,22.5,90,948.8,0.2,3.6,127
2016-07-14 01:00:00+00:00,22.7,91,949.1,0.2,2.9,173
2016-07-14 02:00:00+00:00,23.6,87,950.4,0.2,5.1,219
2016-07-14 03:00:00+00:00,23.5,89,950.9,0.1,7.7,233
2016-07-14 04:00:00+00:00,23.3,90,951.2,0.2,10.3,234
2016-07-14 05:00:00+00:00,23.3,88,950.9,0.2,12.9,243
2016-07-14 06:00:00+00:00,23.6,83,950.7,0.0,15.9,245
2016-07-14 07:00:00+00:00,23.5,86,950.4,0.0,15.5,245
2016-07-14 08:00:00+00:00,25.0,77,950.1,0.0,14.3,245
2016-07-14 09:00:00+00:00,24.9,78,949.7,0.0,13.5,241
2016-07-14 10:00:00+00:00,23.7,81,950.6,0.0,12.4,244
2016-07-14 11:00:00+00:00,23.6,82,948.9,0.0,9.0,233
2016-07-14 12:00:00+00:00,23.6,81,949.6,0.0,5.5,212
2016-07-14 13:00:00+00:00,23.7,82,949.5,0.0,6.6,189
2016-07-14 14:00:00+00:00,23.4,84,950.1,0.0,6.2,187
2016-07-14 15:00:00+00:00,21.9,86,949.9,0.0,5.5,212
2016-07-14 16:00:00+00:00,22.0,85,949.7,0.0,7.9,210
2016-07-14 17:00:00+00:00,21.9,85,949.5,0.0,9.8,204
2016-07-14 18:00:00+00:00,21.8,85,948.9,0.0,10.2,203
2016-07-14 19:00:00+00:00,21.6,86,948.2,0.0,8.7,204
2016-07-14 20:00:00+00:00,20.7,89,947.2,0.0,6.9,208
2016-07-14 21:00:00+00:00,20.7,89,947.0,0.0,6.3,204
2016-07-14 22:00:00+00:00,20.7,89,947.5,0.0,4.0,207
2016-07-14 23:00:00+00:00,20.8,88,948.0,0.0,5.4,222
2016-07-15 00:00:00+00:00,21.7,85,948.5,0.0,5.6,207
2016-07-15 01:00:00+00:00,22.5,82,948.6,0.0,6.6,193
2016-07-15 02:00:00+00:00,27.3,63,949.3,0.0,8.4,190
2016-07-15 03:00:00+00:00,27.7,60,948.9,0.0,9.7,184
2016-07-15 04:00:00+00:00,28.0,59,948.2,0.0,11.2,186
2016-07-15 05:00:00+00:00,30.7,50,948.0,0.0,11.9,183
2016-07-15 06:00:00+00:00,30.8,51,947.2,0.0,11.6,185
2016-07-15 07:00:00+00:00,31.0,51,946.7,0.0,10.1,184
2016-07-15 08:00:00+00:00,32.2,47,946.1,0.0,9.7,178
2016-07-15 09:00:00+00:00,32.3,47,945.5,0.0,8.6,178
2016-07-15 10:00:00+00:00,30.3,53,945.2,0.0,7.9,164
2016-07-15 11:00:00+00:00,30.4,57,944.3,0.0,4.0,180
2016-07-15 12:00:00+00:00,30.7,53,945.7,0.0,3.6,174
2016-07-15 13:00:00+00:00,30.4,56,946.3,0.0,3.3,167
2016-07-15 14:00:00+00:00,28.7,65,946.8,0.0,3.8,163
2016-07-15 15:00:00+00:00,25.5,79,947.2,0.0,0.4,90
2016-07-15 16:00:00+00:00,24.9,81,947.3,0.0,1.1,342
2016-07-15 17:00:00+00:00,23.7,87,946.8,0.0,0.8,63
2016-07-15 18:00:00+00:00,22.4,93,946.1,0.0,2.2,81
2016-07-15 19:00:00+00:00,22.2,93,945.5,0.0,4.2,70
2016-07-15 20:00:00+00:00,21.4,97,945.1,0.0,5.3,62
2016-07-15 21:00:00+00:00,21.2,97,945.5,0.0,5.4,53
2016-07-15 22:00:00+00:00,22.9,92,946.7,0.0,6.1,40
2016-07-15 23:00:00+00:00,23.2,90,947.3,0.0,7.1,45
2016-07-16 00:00:00+00:00,24.6,88,948.0,0.0,6.9,47
2016-07-16 01:00:00+00:00,25.1,87,948.7,0.0,7.4,47
2016-07-16 02:00:00+00:00,28.2,74,949.8,0.0,6.9,47
2016-07-16 03:00:00+00:00,30.4,62,950.1,0.0,5.5,58
2016-07-16 04:00:00+00:00,30.7,59,950.0,0.0,3.2,63
2016-07-16 05:00:00+00:00,32.5,51,949.8,0.0,0.8,153
2016-07-16 06:00:00+00:00,32.7,49,949.1,0.0,3.1,225
2016-07-16 07:00:00+00:00,32.9,48,949.0,0.0,4.3,246
2016-07-16 08:00:00+00:00,33.8,46,948.2,0.0,6.1,270
2016-07-16 09:00:00+00:00,33.5,47,947.7,0.0,8.2,293
2016-07-16 10:00:00+00:00,30.5,58,947.4,0.0,8.8,289
2016-07-16 11:00:00+00:00,29.8,61,947.1,0.0,8.7,315
2016-07-16 12:00:00+00:00,28.7,66,947.3,0.0,7.9,321
2016-07-16 13:00:00+00:00,28.3,70,947.8,0.0,6.8,328
2016-07-16 14:00:00+00:00,27.9,70,949.1,0.0,7.7,311
2016-07-16 15:00:00+00:00,25.5,81,949.2,0.0,6.8,288
2016-07-16 16:00:00+00:00,25.6,82,949.0,0.0,7.4,284
2016-07-16 17:00:00+00:00,24.4,87,947.9,0.0,7.0,258
2016-07-16 18:00:00+00:00,24.4,85,947.5,0.0,7.4,247
2016-07-16 19:00:00+00:00,24.6,84,947.0,0.0,6.1,230
2016-07-16 20:00:00+00:00,23.4,90,946.8,0.0,4.0,190
2016-07-16 21:00:00+00:00,23.0,90,947.0,0.0,3.4,212
2016-07-16 22:00:00+00:00,24.2,85,947.5,0.0,5.1,266
2016-07-16 23:00:00+00:00,24.6,84,948.1,0.0,4.7,302
2016-07-17 00:00:00+00:00,25.1,82,948.5,0.0,4.4,325
2016-07-17 01:00:00+00:00,25.9,79,948.8,0.0,4.2,340
2016-07-17 02:00:00+00:00,31.5,53,949.5,0.0,4.7,337
2016-07-17 03:00:00+00:00,31.9,51,949.0,0.0,4.1,315
2016-07-17 04:00:00+00:00,32.1,51,948.7,0.0,3.4,288
2016-07-17 05:00:00+00:00,34.2,43,948.2,0.0,3.3,257
2016-07-17 06:00:00+00:00,34.4,43,947.5,0.0,3.4,252
2016-07-17 07:00:00+00:00,34.6,41,946.6,0.0,3.3,257
2016-07-17 08:00:00+00:00,34.4,42,945.8,0.0,4.4,261
2016-07-17 09:00:00+00:00,34.8,40,945.1,0.0,4.9,287
2016-07-17 10:00:00+00:00,31.4,56,944.4,0.0,2.3,18
2016-07-17 11:00:00+00:00,30.9,60,944.2,0.0,4.9,306
2016-07-17 12:00:00+00:00,30.2,65,944.9,0.0,6.5,289
2016-07-17 13:00:00+00:00,29.9,63,945.2,0.0,6.8,295
2016-07-17 14:00:00+00:00,29.4,59,945.3,0.0,7.5,305
2016-07-17 15:00:00+00:00,27.4,66,945.9,0.0,6.4,297
2016-07-17 16:00:00+00:00,27.3,65,945.4,0.0,5.1,309
2016-07-17 17:00:00+00:00,26.5,68,944.5,0.0,4.8,312
2016-07-17 18:00:00+00:00,25.5,71,943.4,0.0,4.9,306
2016-07-17 19:00:00+00:00,25.4,73,942.7,0.0,5.0,291
2016-07-17 20:00:00+00:00,24.5,77,942.1,0.0,3.1,225
2016-07-17 21:00:00+00:00,24.5,78,942.3,0.0,3.0,166
2016-07-17 22:00:00+00:00,25.4,80,943.3,0.0,5.4,110
2016-07-17 23:00:00+00:00,25.4,83,942.8,0.3,5.4,86
2016-07-18 00:00:00+00:00,25.6,85,943.2,0.4,5.2,56
2016-07-18 01:00:00+00:00,25.6,87,943.6,0.6,5.7,55
2016-07-18 02:00:00+00:00,26.8,84,943.5,0.6,7.3,20
2016-07-18 03:00:00+00:00,26.4,87,943.2,0.4,7.6,25
2016-07-18 04:00:00+00:00,26.3,87,942.7,0.4,7.9,30
2016-07-18 05:00:00+00:00,26.6,86,942.1,0.6,9.3,13
2016-07-18 06:00:00+00:00,26.6,86,941.4,0.7,9.0,5
2016-07-18 07:00:00+00:00,26.8,84,941.0,2.6,10.8,2
2016-07-18 08:00:00+00:00,27.2,83,940.8,2.3,7.7,41
2016-07-18 09:00:00+00:00,27.3,84,940.4,2.0,8.3,56
2016-07-18 10:00:00+00:00,26.4,88,940.8,0.6,9.4,23
2016-07-18 11:00:00+00:00,26.8,85,940.4,1.5,12.4,26
2016-07-18 12:00:00+00:00,26.5,86,941.6,0.6,13.2,29
2016-07-18 13:00:00+00:00,26.8,86,942.6,0.0,11.4,35
2016-07-18 14:00:00+00:00,26.3,89,943.3,0.2,11.0,19
2016-07-18 15:00:00+00:00,24.6,93,943.8,0.0,11.7,18
2016-07-18 16:00:00+00:00,24.9,92,943.9,0.0,6.2,7
2016-07-18 17:00:00+00:00,24.6,94,943.4,0.0,3.0,284
2016-07-18 18:00:00+00:00,24.5,94,942.7,0.0,2.9,240
2016-07-18 19:00:00+00:00,24.4,95,942.8,0.0,4.0,260
2016-07-18 20:00:00+00:00,23.2,98,941.4,0.0,6.4,297
2016-07-18 21:00:00+00:00,23.2,98,941.5,0.0,6.5,289
2016-07-18 22:00:00+00:00,23.9,95,941.7,0.0,4.9,197
2016-07-18 23:00:00+00:00,24.5,95,942.4,0.0,7.1,246
2016-07-19 00:00:00+00:00,25.8,91,943.0,0.0,6.8,270
2016-07-19 01:00:00+00:00,26.5,85,943.9,0.0,8.0,288
2016-07-19 02:00:00+00:00,30.3,67,944.5,0.0,10.6,298
2016-07-19 03:00:00+00:00,30.4,66,944.0,0.0,11.6,300
2016-07-19 04:00:00+00:00,31.1,64,943.5,0.0,11.4,305
2016-07-19 05:00:00+00:00,33.5,53,943.4,0.0,8.9,297
2016-07-19 06:00:00+00:00,34.1,51,942.6,0.0,7.2,276
2016-07-19 07:00:00+00:00,34.1,50,942.2,0.0,6.8,252
2016-07-19 08:00:00+00:00,35.4,43,942.2,0.0,7.5,235
2016-07-19 09:00:00+00:00,35.1,45,942.0,0.0,8.0,265
2016-07-19 10:00:00+00:00,32.0,60,942.8,0.0,6.7,254
2016-07-19 11:00:00+00:00,31.2,63,942.4,0.0,4.7,266
2016-07-19 12:00:00+00:00,30.8,66,943.0,0.0,7.3,290
2016-07-19 13:00:00+00:00,30.6,67,943.9,0.0,7.0,305
2016-07-19 14:00:00+00:00,29.3,72,944.1,0.0,6.2,324
2016-07-19 15:00:00+00:00,26.9,81,943.8,0.0,6.6,338
2016-07-19 16:00:00+00:00,26.5,83,943.8,0.0,7.7,323
2016-07-19 17:00:00+00:00,25.9,84,943.2,0.0,6.5,289
2016-07-19 18:00:00+00:00,25.9,85,942.3,0.0,6.3,257
2016-07-19 19:00:00+00:00,25.6,86,942.0,0.0,7.0,235
2016-07-19 20:00:00+00:00,24.6,88,941.4,0.0,6.2,216
2016-07-19 21:00:00+00:00,24.5,88,941.7,0.0,4.7,180
2016-07-19 22:00:00+00:00,25.7,85,943.1,0.0,1.3,146
2016-07-19 23:00:00+00:00,25.8,85,943.4,0.0,1.8,180
2016-07-20 00:00:00+00:00,26.5,84,944.4,0.0,2.7,247
2016-07-20 01:00:00+00:00,26.9,81,944.3,0.0,3.2,270
2016-07-20 02:00:00+00:00,31.8,61,945.1,0.0,4.0,260
2016-07-20 03:00:00+00:00,32.2,59,945.1,0.0,5.6,230
2016-07-20 04:00:00+00:00,32.4,58,945.2,0.0,8.2,218
2016-07-20 05:00:00+00:00,34.9,50,945.2,0.0,9.5,209
2016-07-20 06:00:00+00:00,34.9,50,944.9,0.0,10.5,207
2016-07-20 07:00:00+00:00,34.7,52,944.2,0.0,9.8,208
2016-07-20 08:00:00+00:00,35.6,46,943.9,0.0,7.9,219
2016-07-20 09:00:00+00:00,35.7,45,943.6,0.0,5.7,252
2016-07-20 10:00:00+00:00,33.8,51,943.5,0.0,5.2,286
2016-07-20 11:00:00+00:00,33.2,55,942.2,0.0,4.8,312
2016-07-20 12:00:00+00:00,31.6,63,942.5,0.0,7.2,323
2016-07-20 13:00:00+00:00,31.4,63,942.8,0.0,7.4,331
2016-07-20 14:00:00+00:00,30.0,66,943.8,0.0,6.9,321
2016-07-20 15:00:00+00:00,27.4,75,943.8,0.0,7.9,330
2016-07-20 16:00:00+00:00,27.8,72,943.8,0.0,6.6,338
2016-07-20 17:00:00+00:00,26.8,77,943.3,0.0,5.8,360
2016-07-20 18:00:00+00:00,26.1,81,942.3,0.0,6.1,50
2016-07-20 19:00:00+00:00,25.8,84,942.4,0.0,6.1,50
2016-07-20 20:00:00+00:00,24.8,87,942.2,0.0,4.7,32
2016-07-20 21:00:00+00:00,24.9,86,942.9,0.0,6.0,17
2016-07-20 22:00:00+00:00,26.3,78,944.0,0.0,5.9,14
2016-07-20 23:00:00+00:00,26.6,75,944.3,0.0,7.6,5
2016-07-21 00:00:00+00:00,27.7,71,944.9,0.0,9.4,4
2016-07-21 01:00:00+00:00,28.3,71,944.8,0.0,9.1,9
2016-07-21 02:00:00+00:00,31.8,58,945.7,0.0,10.0,21
2016-07-21 03:00:00+00:00,31.7,63,945.6,0.0,9.8,36
2016-07-21 04:00:00+00:00,31.8,64,945.6,0.1,8.4,43
2016-07-21 05:00:00+00:00,33.6,59,945.9,0.0,6.4,38
2016-07-21 06:00:00+00:00,33.7,57,945.2,0.0,4.8,13
2016-07-21 07:00:00+00:00,33.8,56,944.9,0.0,6.2,350
2016-07-21 08:00:00+00:00,31.5,63,944.0,0.0,7.6,355
2016-07-21 09:00:00+00:00,32.2,60,943.4,0.1,5.8,356
2016-07-21 10:00:00+00:00,30.3,68,943.6,0.0,6.0,107
2016-07-21 11:00:00+00:00,30.6,68,943.3,0.0,1.9,22
2016-07-21 12:00:00+00:00,29.7,74,944.1,0.0,5.6,320
2016-07-21 13:00:00+00:00,29.7,72,944.4,0.0,6.3,329
2016-07-21 14:00:00+00:00,29.2,77,944.6,0.2,6.5,360
2016-07-21 15:00:00+00:00,27.2,88,945.1,1.6,5.8,68
2016-07-21 16:00:00+00:00,26.7,90,945.5,1.2,4.4,55
2016-07-21 17:00:00+00:00,26.1,93,945.8,1.6,4.5,29
2016-07-21 18:00:00+00:00,25.6,94,945.3,0.4,11.7,43
2016-07-21 19:00:00+00:00,25.2,94,945.0,1.9,10.2,48
2016-07-21 20:00:00+00:00,24.3,95,945.0,2.5,7.4,43
2016-07-21 21:00:00+00:00,24.3,95,945.6,3.1,6.1,50
2016-07-21 22:00:00+00:00,24.9,92,946.5,3.3,8.1,45
2016-07-21 23:00:00+00:00,24.7,92,946.1,2.3,8.4,25
2016-07-22 00:00:00+00:00,24.9,91,946.8,2.0,9.4,23
2016-07-22 01:00:00+00:00,24.9,91,946.9,1.3,7.4,23
2016-07-22 02:00:00+00:00,26.2,86,947.7,0.5,8.6,22
2016-07-22 03:00:00+00:00,26.6,85,947.7,0.2,8.5,12
2016-07-22 04:00:00+00:00,26.9,84,947.7,0.0,9.7,358
2016-07-22 05:00:00+00:00,28.0,80,947.7,0.0,9.8,8
2016-07-22 06:00:00+00:00,28.2,79,947.3,0.4,11.3,7
2016-07-22 07:00:00+00:00,28.1,80,946.7,0.1,10.2,8
2016-07-22 08:00:00+00:00,27.4,81,946.1,0.0,7.3,11
2016-07-22 09:00:00+00:00,27.5,81,946.2,0.0,3.6,360
2016-07-22 10:00:00+00:00,26.7,84,946.4,0.0,4.0,27
2016-07-22 11:00:00+00:00,26.6,86,946.0,0.3,4.0,350
2016-07-22 12:00:00+00:00,26.3,88,946.7,0.9,5.4,352
2016-07-22 13:00:00+00:00,26.3,86,947.2,0.8,6.2,7
2016-07-22 14:00:00+00:00,25.7,89,947.6,2.8,4.6,315
2016-07-22 15:00:00+00:00,25.2,92,947.2,3.2,5.2,348
2016-07-22 16:00:00+00:00,25.4,89,947.5,1.0,3.9,124
2016-07-22 17:00:00+00:00,25.1,92,946.9,0.6,3.6,323
2016-07-22 18:00:00+00:00,25.0,93,946.3,1.3,2.3,141
2016-07-22 19:00:00+00:00,24.9,93,946.3,4.6,5.8,176
2016-07-22 20:00:00+00:00,24.5,94,946.1,6.7,4.0,207
2016-07-22 21:00:00+00:00,24.6,94,946.6,5.0,2.2,189
2016-07-22 22:00:00+00:00,24.7,95,947.3,4.4,2.6,214
2016-07-22 23:00:00+00:00,24.5,95,946.7,3.4,6.6,311
2016-07-23 00:00:00+00:00,24.5,93,947.1,1.3,5.9,322
2016-07-23 01:00:00+00:00,24.3,95,946.9,0.8,1.8,360
2016-07-23 02:00:00+00:00,26.2,86,947.6,0.6,1.3,236
2016-07-23 03:00:00+00:00,26.3,87,948.0,0.4,1.3,214
2016-07-23 04:00:00+00:00,26.2,87,947.6,0.3,1.3,236
2016-07-23 05:00:00+00:00,28.3,78,947.6,0.0,0.5,135
2016-07-23 06:00:00+00:00,28.9,77,946.4,0.0,0.8,27
2016-07-23 07:00:00+00:00,29.4,76,946.4,0.0,4.8,318
2016-07-23 08:00:00+00:00,30.0,72,945.7,0.0,7.1,319
2016-07-23 09:00:00+00:00,30.2,73,945.1,0.0,6.8,328
2016-07-23 10:00:00+00:00,29.9,77,944.9,0.0,2.9,353
2016-07-23 11:00:00+00:00,30.0,75,944.7,0.0,3.6,360
2016-07-23 12:00:00+00:00,29.4,77,945.0,0.0,4.6,315
2016-07-23 13:00:00+00:00,28.9,83,946.1,0.8,3.4,198
2016-07-23 14:00:00+00:00,27.1,86,946.6,3.8,4.7,171
2016-07-23 15:00:00+00:00,25.3,94,946.8,2.6,8.1,167
2016-07-23 16:00:00+00:00,25.3,94,947.5,0.4,2.3,162
2016-07-23 17:00:00+00:00,25.3,94,947.1,0.3,6.5,341
2016-07-23 18:00:00+00:00,25.2,94,946.2,0.1,2.7,113
2016-07-23 19:00:00+00:00,25.1,94,946.0,0.3,7.2,117
2016-07-23 20:00:00+00:00,24.7,96,945.7,0.0,4.7,90
2016-07-23 21:00:00+00:00,24.6,97,946.1,0.1,5.7,108
2016-07-23 22:00:00+00:00,25.5,93,946.8,0.5,4.4,145
2016-07-23 23:00:00+00:00,25.4,93,946.8,1.0,4.3,318
2016-07-24 00:00:00+00:00,25.4,94,947.4,0.9,7.4,317
2016-07-24 01:00:00+00:00,25.1,96,947.6,0.5,4.3,336
2016-07-24 02:00:00+00:00,27.6,85,948.2,0.3,3.6,45
2016-07-24 03:00:00+00:00,27.5,84,948.3,0.3,4.2,59
2016-07-24 04:00:00+00:00,27.6,84,948.0,0.3,4.3,66
2016-07-24 05:00:00+00:00,29.7,75,947.9,0.0,3.6,45
2016-07-24 06:00:00+00:00,30.4,70,947.6,0.0,7.4,29
2016-07-24 07:00:00+00:00,30.0,73,947.1,3.1,7.8,22
2016-07-24 08:00:00+00:00,30.6,71,947.2,1.7,6.4,16
2016-07-24 09:00:00+00:00,31.0,69,947.7,0.2,8.6,345
2016-07-24 10:00:00+00:00,28.1,81,946.5,1.0,4.8,77
2016-07-24 11:00:00+00:00,28.3,79,946.9,0.6,3.5,24
2016-07-24 12:00:00+00:00,27.9,84,948.1,0.3,5.2,335
2016-07-24 13:00:00+00:00,27.6,85,949.4,1.6,3.4,288
2016-07-24 14:00:00+00:00,27.1,85,949.4,0.9,4.2,301
2016-07-24 15:00:00+00:00,26.3,88,949.8,0.0,3.6,276
2016-07-24 16:00:00+00:00,26.4,88,950.2,0.5,3.5,204
2016-07-24 17:00:00+00:00,26.0,91,950.2,2.4,5.9,166
2016-07-24 18:00:00+00:00,25.7,93,950.2,0.6,3.4,122
2016-07-24 19:00:00+00:00,25.8,93,950.3,5.4,2.9,330
2016-07-24 20:00:00+00:00,25.2,94,950.2,2.4,4.1,45
2016-07-24 21:00:00+00:00,25.3,94,950.9,2.7,4.5,76
2016-07-24 22:00:00+00:00,25.0,94,949.3,2.2,4.2,70
2016-07-24 23:00:00+00:00,24.9,94,950.0,0.4,5.8,338
2016-07-25 00:00:00+00:00,24.8,95,950.3,1.0,3.9,326
2016-07-25 01:00:00+00:00,24.6,96,950.8,0.9,3.5,24
2016-07-25 02:00:00+00:00,26.9,83,951.9,0.5,7.3,57
2016-07-25 03:00:00+00:00,27.2,80,952.1,0.0,8.2,52
2016-07-25 04:00:00+00:00,27.9,77,951.9,0.0,8.2,52
2016-07-25 05:00:00+00:00,30.0,69,951.2,0.0,8.8,55
2016-07-25 06:00:00+00:00,30.0,70,950.8,0.3,7.6,45
2016-07-25 07:00:00+00:00,30.7,67,950.1,0.0,7.4,43
2016-07-25 08:00:00+00:00,30.9,66,949.8,0.0,7.4,51
2016-07-25 09:00:00+00:00,31.6,64,949.8,0.3,6.1,40
2016-07-25 10:00:00+00:00,28.6,75,949.6,0.8,5.3,62
2016-07-25 11:00:00+00:00,29.1,73,949.8,0.0,3.6,6
2016-07-25 12:00:00+00:00,28.7,79,950.3,0.0,4.6,315
2016-07-25 13:00:00+00:00,28.5,80,950.6,0.0,5.4,318
2016-07-25 14:00:00+00:00,27.8,85,951.0,0.0,5.8,30
2016-07-25 15:00:00+00:00,27.3,87,950.9,0.0,2.6,344
2016-07-25 16:00:00+00:00,26.7,91,951.0,0.0,3.1,315
2016-07-25 17:00:00+00:00,26.6,92,951.0,0.0,2.6,254
2016-07-25 18:00:00+00:00,26.5,93,950.9,0.0,2.7,247
2016-07-25 19:00:00+00:00,26.4,93,950.5,0.0,4.6,252
2016-07-25 20:00:00+00:00,26.1,94,950.5,0.3,0.5,135
2016-07-25 21:00:00+00:00,25.9,95,951.3,1.3,4.5,119
2016-07-25 22:00:00+00:00,25.7,93,950.2,0.3,3.3,174
2016-07-25 23:00:00+00:00,25.6,93,950.0,0.6,4.7,157
2016-07-26 00:00:00+00:00,25.9,92,950.4,0.4,1.1,90
2016-07-26 01:00:00+00:00,26.5,90,951.0,0.0,6.1,45
2016-07-26 02:00:00+00:00,29.1,78,951.8,0.3,7.9,51
2016-07-26 03:00:00+00:00,28.5,80,951.9,1.4,10.5,59
2016-07-26 04:00:00+00:00,27.7,84,951.3,1.2,11.3,59
2016-07-26 05:00:00+00:00,29.4,73,950.6,0.0,11.7,56
2016-07-26 06:00:00+00:00,30.1,69,950.9,0.0,14.1,40
2016-07-26 07:00:00+00:00,30.3,68,950.8,0.6,11.9,29
2016-07-26 08:00:00+00:00,30.2,67,950.9,0.2,13.3,19
2016-07-26 09:00:00+00:00,30.4,66,950.8,0.3,9.0,16
2016-07-26 10:00:00+00:00,28.1,77,950.3,0.0,8.9,14
2016-07-26 11:00:00+00:00,28.2,77,949.6,0.0,4.5,346
2016-07-26 12:00:00+00:00,27.9,79,950.3,0.0,5.0,291
2016-07-26 13:00:00+00:00,28.0,79,950.6,0.0,5.6,285
2016-07-26 14:00:00+00:00,27.0,83,951.0,0.0,5.4,270
2016-07-26 15:00:00+00:00,25.3,91,951.1,0.0,5.8,266
2016-07-26 16:00:00+00:00,25.2,91,951.1,0.0,4.7,274
2016-07-26 17:00:00+00:00,24.9,92,950.5,0.0,4.5,284
2016-07-26 18:00:00+00:00,24.9,91,950.6,0.0,6.2,201
2016-07-26 19:00:00+00:00,24.9,88,951.0,0.2,13.1,188
2016-07-26 20:00:00+00:00,24.1,91,951.8,0.3,14.8,198
2016-07-26 21:00:00+00:00,24.4,88,951.9,0.5,14.0,235
2016-07-26 22:00:00+00:00,24.3,88,952.0,0.6,15.3,231
2016-07-26 23:00:00+00:00,23.9,86,951.9,0.4,11.0,229
2016-07-27 00:00:00+00:00,23.9,85,951.4,0.0,9.8,204
2016-07-27 01:00:00+00:00,23.5,88,951.2,0.0,11.2,186
2016-07-27 02:00:00+00:00,26.7,78,952.0,0.0,14.1,183
2016-07-27 03:00:00+00:00,27.0,78,952.0,0.0,14.1,184
2016-07-27 04:00:00+00:00,27.7,77,951.9,0.0,13.4,186
2016-07-27 05:00:00+00:00,30.1,65,952.0,0.0,11.0,191
2016-07-27 06:00:00+00:00,30.0,63,951.5,0.0,9.7,202
2016-07-27 07:00:00+00:00,28.8,71,950.5,0.0,6.2,216
2016-07-27 08:00:00+00:00,30.0,64,950.6,0.0,4.6,231
2016-07-27 09:00:00+00:00,30.1,63,950.2,0.0,4.7,261
2016-07-27 10:00:00+00:00,29.5,65,951.0,0.0,4.0,180
2016-07-27 11:00:00+00:00,29.1,72,949.8,0.0,2.9,240
2016-07-27 12:00:00+00:00,27.4,76,950.2,0.0,7.2,207
2016-07-27 13:00:00+00:00,27.2,77,950.7,0.0,6.6,202
2016-07-27 14:00:00+00:00,26.5,82,951.5,0.0,8.0,198
2016-07-27 15:00:00+00:00,24.5,91,951.3,0.0,7.4,203
2016-07-27 16:00:00+00:00,24.4,92,951.2,0.0,6.0,205
2016-07-27 17:00:00+00:00,24.0,94,951.2,0.0,5.8,180
2016-07-27 18:00:00+00:00,23.5,95,951.0,0.0,6.6,167
2016-07-27 19:00:00+00:00,23.2,96,950.5,0.0,6.5,180
2016-07-27 20:00:00+00:00,22.8,96,950.3,0.0,7.7,217
2016-07-27 21:00:00+00:00,22.7,96,949.9,0.0,6.9,231
2016-07-27 22:00:00+00:00,24.0,94,950.9,0.0,0.7,360
2016-07-27 23:00:00+00:00,23.9,95,951.1,0.0,2.5,98
2016-07-28 00:00:00+00:00,24.5,93,951.5,0.0,2.4,27
2016-07-28 01:00:00+00:00,25.1,90,952.0,0.0,2.1,31
2016-07-28 02:00:00+00:00,29.2,72,952.6,0.0,3.1,135
2016-07-28 03:00:00+00:00,29.6,69,952.7,0.0,5.5,169
2016-07-28 04:00:00+00:00,30.1,66,952.3,0.0,5.8,173
2016-07-28 05:00:00+00:00,31.8,57,951.9,0.0,4.7,176
2016-07-28 06:00:00+00:00,31.9,56,951.4,0.0,3.7,191
2016-07-28 07:00:00+00:00,31.4,58,950.4,0.0,3.5,204
2016-07-28 08:00:00+00:00,31.6,58,950.0,0.1,4.0,185
2016-07-28 09:00:00+00:00,31.8,58,949.3,0.0,2.5,172
2016-07-28 10:00:00+00:00,30.3,69,949.7,0.0,4.1,135
2016-07-28 11:00:00+00:00,29.4,73,949.9,1.0,4.7,171
2016-07-28 12:00:00+00:00,28.9,75,950.5,0.0,6.0,197
2016-07-28 13:00:00+00:00,28.5,77,951.3,1.7,10.7,220
2016-07-28 14:00:00+00:00,27.1,82,951.9,5.4,8.9,230
2016-07-28 15:00:00+00:00,24.3,88,951.3,5.4,5.2,245
2016-07-28 16:00:00+00:00,24.5,89,951.1,0.0,5.0,270
2016-07-28 17:00:00+00:00,24.1,89,950.8,0.0,3.0,256
2016-07-28 18:00:00+00:00,24.2,88,950.1,0.0,2.2,180
2016-07-28 19:00:00+00:00,24.5,87,949.9,0.0,3.7,191
2016-07-28 20:00:00+00:00,23.8,90,949.4,0.3,4.0,185
2016-07-28 21:00:00+00:00,24.0,90,949.4,0.3,4.0,180
2016-07-28 22:00:00+00:00,24.0,92,950.4,0.2,2.9,90
2016-07-28 23:00:00+00:00,24.3,92,950.3,0.0,5.5,79
2016-07-29 00:00:00+00:00,24.6,93,951.2,0.0,2.3,51
2016-07-29 01:00:00+00:00,25.1,90,951.3,0.0,1.6,63
2016-07-29 02:00:00+00:00,29.4,73,952.2,0.3,1.1,198
2016-07-29 03:00:00+00:00,29.9,71,951.9,0.4,2.2,171
2016-07-29 04:00:00+00:00,29.9,72,951.4,0.4,2.9,120
2016-07-29 05:00:00+00:00,31.5,66,951.1,0.4,2.4,63
2016-07-29 06:00:00+00:00,31.7,63,950.7,0.5,5.5,58
2016-07-29 07:00:00+00:00,31.7,64,950.2,0.2,8.5,36
2016-07-29 08:00:00+00:00,31.1,68,950.1,1.4,8.1,21
2016-07-29 09:00:00+00:00,29.5,75,949.4,3.7,9.4,7
2016-07-29 10:00:00+00:00,27.8,75,949.2,5.9,7.5,35
2016-07-29 11:00:00+00:00,27.7,74,949.5,0.5,4.6,72
2016-07-29 12:00:00+00:00,27.7,79,950.0,0.8,1.5,315
2016-07-29 13:00:00+00:00,27.5,76,950.3,2.4,4.3,265
2016-07-29 14:00:00+00:00,26.5,79,950.7,1.2,4.3,246
2016-07-29 15:00:00+00:00,24.0,90,950.5,1.2,5.0,249
2016-07-29 16:00:00+00:00,24.1,89,950.4,1.0,5.0,270
2016-07-29 17:00:00+00:00,24.1,89,950.0,0.0,5.1,274
2016-07-29 18:00:00+00:00,23.8,91,949.6,0.0,5.8,274
2016-07-29 19:00:00+00:00,24.0,91,949.3,0.0,4.7,261
2016-07-29 20:00:00+00:00,23.3,94,949.3,0.0,3.4,252
2016-07-29 21:00:00+00:00,23.4,93,948.8,0.0,4.0,260
2016-07-29 22:00:00+00:00,24.0,89,949.7,0.0,4.3,265
2016-07-29 23:00:00+00:00,24.7,85,950.2,0.0,3.9,292
2016-07-30 00:00:00+00:00,25.7,81,950.8,0.0,6.1,320
2016-07-30 01:00:00+00:00,26.0,77,951.2,0.1,6.3,347
2016-07-30 02:00:00+00:00,30.1,62,951.9,0.0,5.8,4
2016-07-30 03:00:00+00:00,30.3,65,952.1,0.0,3.7,11
2016-07-30 04:00:00+00:00,30.5,67,951.8,0.0,2.2,351
2016-07-30 05:00:00+00:00,31.6,63,951.1,0.0,1.5,346
2016-07-30 06:00:00+00:00,31.0,65,950.3,0.0,1.1,360
2016-07-30 07:00:00+00:00,31.1,61,949.8,0.1,5.9,349
2016-07-30 08:00:00+00:00,31.7,61,949.6,0.0,6.6,319
2016-07-30 09:00:00+00:00,30.6,65,948.9,3.0,5.0,330
2016-07-30 10:00:00+00:00,27.9,73,949.2,0.0,6.0,343
2016-07-30 11:00:00+00:00,27.7,73,949.1,0.0,6.4,52
2016-07-30 12:00:00+00:00,27.4,77,949.9,0.0,6.5,87
2016-07-30 13:00:00+00:00,26.7,84,950.4,0.1,5.2,124
2016-07-30 14:00:00+00:00,26.0,88,950.7,0.2,2.0,225
2016-07-30 15:00:00+00:00,24.6,93,950.7,0.1,4.8,257
2016-07-30 16:00:00+00:00,24.9,92,950.7,0.0,3.6,276
2016-07-30 17:00:00+00:00,24.7,94,950.8,0.0,3.8,287
2016-07-30 18:00:00+00:00,24.8,93,950.5,0.0,5.0,300
2016-07-30 19:00:00+00:00,24.7,94,949.9,0.0,5.6,315
2016-07-30 20:00:00+00:00,23.7,96,949.5,0.0,3.9,338
2016-07-30 21:00:00+00:00,23.7,95,949.6,0.0,1.1,162
2016-07-30 22:00:00+00:00,24.0,91,949.2,0.3,5.0,69
2016-07-30 23:00:00+00:00,23.9,91,950.1,1.5,2.9,120
2016-07-31 00:00:00+00:00,24.4,91,950.7,0.0,4.4,99
2016-07-31 01:00:00+00:00,24.3,90,951.3,0.0,9.9,80
2016-07-31 02:00:00+00:00,26.3,83,952.4,0.0,11.3,63
2016-07-31 03:00:00+00:00,26.0,87,952.9,0.2,9.7,63
2016-07-31 04:00:00+00:00,25.1,91,952.3,2.8,10.9,63
2016-07-31 05:00:00+00:00,27.1,81,951.8,2.4,10.5,59
2016-07-31 06:00:00+00:00,27.8,80,951.0,0.1,10.4,56
2016-07-31 07:00:00+00:00,28.2,80,950.0,0.0,9.0,53
2016-07-31 08:00:00+00:00,28.5,78,949.4,0.2,8.4,50
2016-07-31 09:00:00+00:00,28.8,74,949.2,0.0,7.5,55
2016-07-31 10:00:00+00:00,26.7,78,949.6,0.0,7.7,62
2016-07-31 11:00:00+00:00,26.8,78,949.4,0.0,5.1,51
2016-07-31 12:00:00+00:00,26.1,81,949.5,0.0,4.4,9
2016-07-31 13:00:00+00:00,26.6,75,950.3,0.0,5.8,7
2016-07-31 14:00:00+00:00,26.1,79,951.2,0.0,5.2,326
2016-07-31 15:00:00+00:00,24.6,88,951.5,0.0,5.2,304
2016-07-31 16:00:00+00:00,24.2,91,951.1,0.0,3.6,315
2016-07-31 17:00:00+00:00,24.3,91,951.0,0.1,3.2,63
2016-07-31 18:00:00+00:00,23.9,94,950.4,0.0,5.5,101
2016-07-31 19:00:00+00:00,24.0,94,950.0,0.0,5.0,150
2016-07-31 20:00:00+00:00,23.0,95,950.0,0.0,3.4,252
2016-07-31 21:00:00+00:00,23.1,95,949.9,0.0,4.7,261
2016-07-31 22:00:00+00:00,23.9,90,950.2,0.0,3.0,76
2016-07-31 23:00:00+00:00,23.9,91,950.5,0.0,5.2,102
2016-08-01 00:00:00+00:00,24.5,89,951.2,0.0,4.1,52
2016-08-01 01:00:00+00:00,25.1,85,951.4,0.0,7.7,62
2016-08-01 02:00:00+00:00,27.9,76,952.5,0.0,9.2,79
2016-08-01 03:00:00+00:00,28.0,78,952.4,0.1,7.3,81
2016-08-01 04:00:00+00:00,27.9,80,951.8,0.1,4.6,72
2016-08-01 05:00:00+00:00,30.7,69,951.4,0.0,3.1,69
2016-08-01 06:00:00+00:00,30.6,69,950.4,0.1,1.9,22
2016-08-01 07:00:00+00:00,30.8,61,949.8,0.3,2.9,353
2016-08-01 08:00:00+00:00,31.7,60,949.8,4.4,1.8,90
2016-08-01 09:00:00+00:00,29.4,70,948.3,0.5,0.4,180
2016-08-01 10:00:00+00:00,27.8,78,949.1,0.0,1.3,326
2016-08-01 11:00:00+00:00,27.8,78,948.6,0.0,2.3,231
2016-08-01 12:00:00+00:00,28.4,74,949.7,0.0,3.6,276
2016-08-01 13:00:00+00:00,27.6,81,950.0,0.0,4.9,287
2016-08-01 14:00:00+00:00,27.2,83,950.7,0.0,4.8,297
2016-08-01 15:00:00+00:00,25.8,86,950.7,0.0,5.6,297
2016-08-01 16:00:00+00:00,25.4,90,950.8,0.0,3.7,299
2016-08-01 17:00:00+00:00,25.5,88,950.5,0.0,3.3,319
2016-08-01 18:00:00+00:00,25.5,89,949.8,0.0,4.3,318
2016-08-01 19:00:00+00:00,24.8,94,949.3,0.0,3.3,311
2016-08-01 20:00:00+00:00,24.2,96,948.9,0.0,0.0,270
2016-08-01 21:00:00+00:00,24.3,96,949.2,0.0,2.3,129
2016-08-01 22:00:00+00:00,24.6,95,950.0,0.2,4.1,75
2016-08-01 23:00:00+00:00,24.7,96,950.2,1.1,3.7,61
2016-08-02 00:00:00+00:00,25.2,94,950.6,0.8,3.8,41
2016-08-02 01:00:00+00:00,25.5,93,951.2,0.3,2.3,72
2016-08-02 02:00:00+00:00,29.2,74,951.9,0.2,3.1,159
2016-08-02 03:00:00+00:00,29.4,73,951.6,0.1,4.6,252
2016-08-02 04:00:00+00:00,29.6,74,951.3,0.1,4.3,270
2016-08-02 05:00:00+00:00,31.1,71,950.8,0.2,2.5,270
2016-08-02 06:00:00+00:00,31.3,63,949.8,0.4,1.9,292
2016-08-02 07:00:00+00:00,31.3,62,949.4,0.2,3.8,319
2016-08-02 08:00:00+00:00,32.0,62,948.2,0.5,4.3,336
2016-08-02 09:00:00+00:00,30.4,66,947.2,0.1,5.5,349
2016-08-02 10:00:00+00:00,29.6,70,947.1,0.0,4.2,70
2016-08-02 11:00:00+00:00,29.7,69,947.0,0.0,3.2,63
2016-08-02 12:00:00+00:00,28.9,77,948.0,0.0,2.9,300
2016-08-02 13:00:00+00:00,28.6,77,948.7,0.0,5.5,293
2016-08-02 14:00:00+00:00,27.8,80,949.7,0.0,5.6,297
2016-08-02 15:00:00+00:00,26.4,86,949.6,0.0,5.7,288
2016-08-02 16:00:00+00:00,26.4,85,949.4,0.0,5.8,277
2016-08-02 17:00:00+00:00,25.8,88,949.1,0.0,5.8,266
2016-08-02 18:00:00+00:00,25.3,92,948.2,0.0,6.0,245
2016-08-02 19:00:00+00:00,25.4,91,948.0,0.0,6.8,238
2016-08-02 20:00:00+00:00,24.8,91,948.0,0.0,7.2,243
2016-08-02 21:00:00+00:00,25.1,89,948.3,0.0,7.2,267
2016-08-02 22:00:00+00:00,26.4,82,948.8,0.2,2.9,353
2016-08-02 23:00:00+00:00,25.7,86,949.4,0.4,2.6,106
2016-08-03 00:00:00+00:00,26.2,89,950.1,0.2,4.0,117
2016-08-03 01:00:00+00:00,26.8,87,950.7,0.2,2.6,124
2016-08-03 02:00:00+00:00,30.7,69,951.5,0.2,2.0,45
2016-08-03 03:00:00+00:00,30.5,68,951.8,0.1,3.4,18
2016-08-03 04:00:00+00:00,30.7,67,951.2,0.1,3.7,29
2016-08-03 05:00:00+00:00,32.1,62,951.0,0.2,5.2,16
2016-08-03 06:00:00+00:00,31.8,62,950.3,0.1,8.6,358
2016-08-03 07:00:00+00:00,30.9,60,949.5,2.0,9.5,351
2016-08-03 08:00:00+00:00,28.6,72,948.4,0.4,8.7,353
2016-08-03 09:00:00+00:00,29.6,68,948.1,0.0,5.1,352
2016-08-03 10:00:00+00:00,28.3,73,947.5,0.0,2.9,330
2016-08-03 11:00:00+00:00,28.7,74,947.4,0.0,3.3,311
2016-08-03 12:00:00+00:00,28.3,79,948.8,0.0,6.4,313
2016-08-03 13:00:00+00:00,28.9,74,949.7,0.0,1.6,207
2016-08-03 14:00:00+00:00,27.9,81,950.7,0.2,4.4,171
2016-08-03 15:00:00+00:00,25.9,88,950.7,0.2,7.3,191
2016-08-03 16:00:00+00:00,26.0,89,950.4,0.2,5.1,219
2016-08-03 17:00:00+00:00,25.7,91,950.2,0.2,4.3,222
2016-08-03 18:00:00+00:00,25.3,93,949.4,0.4,4.8,228
2016-08-03 19:00:00+00:00,25.3,94,949.2,0.0,3.2,270
2016-08-03 20:00:00+00:00,25.0,94,949.1,0.0,1.1,108
2016-08-03 21:00:00+00:00,25.0,93,949.3,0.0,2.9,120
2016-08-03 22:00:00+00:00,24.9,94,949.1,0.0,4.2,59
2016-08-03 23:00:00+00:00,25.4,93,949.7,0.1,4.0,350
2016-08-04 00:00:00+00:00,26.1,89,950.5,0.4,5.9,346
2016-08-04 01:00:00+00:00,26.6,85,951.1,0.2,7.6,5
2016-08-04 02:00:00+00:00,29.0,75,952.0,0.1,8.8,19
2016-08-04 03:00:00+00:00,28.9,75,952.2,0.0,9.1,9
2016-08-04 04:00:00+00:00,29.0,72,951.6,0.0,11.2,360
2016-08-04 05:00:00+00:00,29.5,71,951.2,0.2,9.1,9
2016-08-04 06:00:00+00:00,30.2,69,950.4,0.0,8.9,27
2016-08-04 07:00:00+00:00,30.2,67,949.6,0.2,11.0,19
2016-08-04 08:00:00+00:00,30.2,67,949.5,0.9,10.4,46
2016-08-04 09:00:00+00:00,29.7,68,948.8,0.7,6.7,54
2016-08-04 10:00:00+00:00,27.7,79,948.9,0.0,5.9,43
2016-08-04 11:00:00+00:00,27.1,82,948.7,2.2,2.9,353
2016-08-04 12:00:00+00:00,26.7,85,950.3,2.2,3.3,84
2016-08-04 13:00:00+00:00,26.2,88,951.0,1.4,3.3,49
2016-08-04 14:00:00+00:00,25.9,88,951.8,1.9,1.1,18
2016-08-04 15:00:00+00:00,24.6,94,952.0,1.2,4.5,256
2016-08-04 16:00:00+00:00,24.7,95,951.2,0.0,5.8,270
2016-08-04 17:00:00+00:00,24.8,92,951.1,0.0,2.3,219
2016-08-04 18:00:00+00:00,24.5,94,950.5,0.0,0.5,135
2016-08-04 19:00:00+00:00,24.3,95,950.4,0.0,3.6,53
2016-08-04 20:00:00+00:00,24.2,96,950.3,0.0,3.5,66
2016-08-04 21:00:00+00:00,24.2,95,950.8,0.1,5.4,70
2016-08-04 22:00:00+00:00,25.3,95,951.4,0.0,5.4,48
2016-08-04 23:00:00+00:00,25.0,95,951.8,0.0,5.1,39
2016-08-05 00:00:00+00:00,25.3,94,952.0,0.1,5.9,349
2016-08-05 01:00:00+00:00,25.5,92,952.1,0.4,5.8,338
2016-08-05 02:00:00+00:00,28.0,81,953.1,0.4,5.7,18
2016-08-05 03:00:00+00:00,28.2,79,953.1,0.2,6.0,25
2016-08-05 04:00:00+00:00,28.4,79,953.2,0.1,6.5,19
2016-08-05 05:00:00+00:00,30.2,72,952.7,0.1,7.9,3
2016-08-05 06:00:00+00:00,29.3,75,952.1,1.7,10.7,348
2016-08-05 07:00:00+00:00,28.9,76,950.7,0.0,9.1,351
2016-08-05 08:00:00+00:00,29.1,73,950.3,0.0,5.2,16
2016-08-05 09:00:00+00:00,29.8,70,950.1,0.0,3.1,36
2016-08-05 10:00:00+00:00,29.0,75,949.9,0.2,1.0,45
2016-08-05 11:00:00+00:00,28.7,76,949.6,0.2,4.5,166
2016-08-05 12:00:00+00:00,28.1,84,950.7,0.0,5.1,188
2016-08-05 13:00:00+00:00,27.9,83,950.7,0.0,5.2,205
2016-08-05 14:00:00+00:00,27.1,86,951.4,0.0,6.7,196
2016-08-05 15:00:00+00:00,25.4,94,951.2,0.0,5.0,201
2016-08-05 16:00:00+00:00,25.4,94,951.5,0.0,2.6,214
2016-08-05 17:00:00+00:00,25.1,94,951.4,0.0,4.4,9
2016-08-05 18:00:00+00:00,25.1,93,950.2,0.0,4.9,306
2016-08-05 19:00:00+00:00,25.9,90,950.0,0.0,4.3,318
2016-08-05 20:00:00+00:00,25.2,92,949.4,0.0,3.2,117
2016-08-05 21:00:00+00:00,24.2,96,949.5,0.0,4.8,103
2016-08-05 22:00:00+00:00,24.5,95,950.0,0.0,4.9,54
2016-08-05 23:00:00+00:00,24.9,94,950.7,0.0,4.9,36
2016-08-06 00:00:00+00:00,25.3,93,951.0,0.0,4.7,23
2016-08-06 01:00:00+00:00,25.6,91,951.3,0.0,5.2,25
2016-08-06 02:00:00+00:00,28.8,79,951.9,0.3,4.1,45
2016-08-06 03:00:00+00:00,28.7,80,951.7,0.4,3.7,101
2016-08-06 04:00:00+00:00,29.2,77,951.3,0.2,4.0,153
2016-08-06 05:00:00+00:00,31.4,66,950.7,0.3,5.0,180
2016-08-06 06:00:00+00:00,31.3,66,949.9,0.2,5.9,191
2016-08-06 07:00:00+00:00,31.6,65,949.5,0.2,6.0,197
2016-08-06 08:00:00+00:00,31.5,65,948.5,0.2,6.9,227
2016-08-06 09:00:00+00:00,31.8,64,947.9,0.0,4.6,252
2016-08-06 10:00:00+00:00,29.1,76,948.9,0.0,4.6,162
2016-08-06 11:00:00+00:00,29.1,77,947.4,0.0,3.3,174
2016-08-06 12:00:00+00:00,28.7,81,948.8,0.0,4.8,132
2016-08-06 13:00:00+00:00,29.2,77,948.9,0.0,1.0,45
2016-08-06 14:00:00+00:00,28.8,81,950.0,0.0,5.5,328
2016-08-06 15:00:00+00:00,25.9,90,949.3,0.0,5.1,309
2016-08-06 16:00:00+00:00,25.8,88,949.4,0.0,5.5,302
2016-08-06 17:00:00+00:00,25.2,88,949.0,0.0,4.4,305
2016-08-06 18:00:00+00:00,25.1,89,948.4,0.0,0.8,243
2016-08-06 19:00:00+00:00,25.1,91,948.0,0.0,5.3,152
2016-08-06 20:00:00+00:00,24.3,94,947.9,0.0,6.1,140
2016-08-06 21:00:00+00:00,24.1,96,948.0,0.0,3.0,76
2016-08-06 22:00:00+00:00,24.0,94,948.7,0.0,1.8,323
2016-08-06 23:00:00+00:00,24.6,93,948.9,0.0,1.1,18
2016-08-07 00:00:00+00:00,25.0,90,949.3,0.0,1.8,37
2016-08-07 01:00:00+00:00,25.0,91,949.5,0.0,2.9,360
2016-08-07 02:00:00+00:00,29.9,71,950.5,0.0,2.9,7
2016-08-07 03:00:00+00:00,29.7,72,950.7,0.4,2.8,50
2016-08-07 04:00:00+00:00,27.8,81,949.8,8.3,3.7,11
2016-08-07 05:00:00+00:00,29.9,71,949.4,0.0,4.5,14
2016-08-07 06:00:00+00:00,30.7,69,948.5,0.0,0.8,27
2016-08-07 07:00:00+00:00,31.5,64,948.3,0.0,2.6,304
2016-08-07 08:00:00+00:00,31.7,62,947.7,0.0,4.2,301
2016-08-07 09:00:00+00:00,31.8,60,946.9,0.1,3.1,291
2016-08-07 10:00:00+00:00,28.9,65,947.0,0.0,3.7,119
2016-08-07 11:00:00+00:00,28.5,72,946.6,0.0,3.6,174
2016-08-07 12:00:00+00:00,28.0,74,947.9,0.0,7.6,199
2016-08-07 13:00:00+00:00,27.7,76,948.7,0.0,10.2,219
2016-08-07 14:00:00+00:00,27.4,81,949.7,0.0,6.3,246
2016-08-07 15:00:00+00:00,25.3,92,949.5,0.0,6.5,267
2016-08-07 16:00:00+00:00,25.3,92,949.6,0.0,6.2,263
2016-08-07 17:00:00+00:00,24.6,92,949.2,0.0,3.0,194
2016-08-07 18:00:00+00:00,25.7,86,948.8,0.0,1.0,135
2016-08-07 19:00:00+00:00,24.8,91,948.5,0.0,3.2,180
2016-08-07 20:00:00+00:00,24.3,95,948.2,0.0,4.0,185
2016-08-07 21:00:00+00:00,24.2,95,948.2,0.0,3.8,163
2016-08-07 22:00:00+00:00,24.8,91,949.3,0.0,0.8,63
2016-08-07 23:00:00+00:00,24.5,92,949.2,0.0,3.1,339
2016-08-08 00:00:00+00:00,24.7,90,950.1,0.0,7.4,67
2016-08-08 01:00:00+00:00,25.1,87,950.3,0.0,10.8,69
2016-08-08 02:00:00+00:00,28.2,72,951.7,0.0,7.7,49
2016-08-08 03:00:00+00:00,27.9,72,951.6,0.2,7.6,8
2016-08-08 04:00:00+00:00,28.1,71,950.9,0.2,6.5,357
2016-08-08 05:00:00+00:00,29.9,63,950.1,0.0,3.3,6
2016-08-08 06:00:00+00:00,29.6,61,949.7,0.0,3.6,360
2016-08-08 07:00:00+00:00,29.5,61,948.8,0.0,1.8,323
2016-08-08 08:00:00+00:00,30.3,57,948.5,0.5,3.7,299
2016-08-08 09:00:00+00:00,30.1,62,947.6,0.8,1.5,315
2016-08-08 10:00:00+00:00,27.3,71,948.1,0.0,4.3,185
2016-08-08 11:00:00+00:00,27.3,76,948.6,0.0,2.6,146
2016-08-08 12:00:00+00:00,26.7,78,949.2,0.0,3.4,162
2016-08-08 13:00:00+00:00,26.3,80,949.7,0.0,3.6,264
2016-08-08 14:00:00+00:00,25.7,82,949.9,0.0,5.8,270
2016-08-08 15:00:00+00:00,24.0,86,949.4,0.0,5.8,248
2016-08-08 16:00:00+00:00,23.8,89,949.6,0.0,4.8,228
2016-08-08 17:00:00+00:00,23.7,91,949.1,0.0,6.1,225
2016-08-08 18:00:00+00:00,23.5,91,948.6,0.0,4.6,225
2016-08-08 19:00:00+00:00,23.6,92,948.2,0.0,5.4,217
2016-08-08 20:00:00+00:00,22.8,95,947.9,0.0,5.2,205
2016-08-08 21:00:00+00:00,23.2,94,947.8,0.0,3.6,180
2016-08-08 22:00:00+00:00,23.7,93,948.6,0.0,4.9,234
2016-08-08 23:00:00+00:00,23.9,92,949.1,0.0,3.7,209
2016-08-09 00:00:00+00:00,24.4,89,949.4,0.1,4.4,189
2016-08-09 01:00:00+00:00,24.5,88,949.8,0.0,1.6,153
2016-08-09 02:00:00+00:00,29.0,68,950.7,0.1,3.2,27
2016-08-09 03:00:00+00:00,29.2,69,950.6,0.1,3.6,45
2016-08-09 04:00:00+00:00,29.5,70,949.9,0.1,4.2,70
2016-08-09 05:00:00+00:00,31.1,65,949.4,0.0,5.1,82
2016-08-09 06:00:00+00:00,31.4,61,948.4,0.1,4.7,67
2016-08-09 07:00:00+00:00,31.2,60,948.0,0.0,4.6,18
2016-08-09 08:00:00+00:00,31.6,58,947.1,0.0,5.8,7
2016-08-09 09:00:00+00:00,30.2,67,947.1,0.1,3.1,339
2016-08-09 10:00:00+00:00,28.4,67,947.3,0.3,1.8,79
2016-08-09 11:00:00+00:00,28.1,70,947.1,0.0,1.5,284
2016-08-09 12:00:00+00:00,28.8,60,947.8,0.0,4.7,302
2016-08-09 13:00:00+00:00,28.1,66,948.5,0.0,7.3,303
2016-08-09 14:00:00+00:00,26.8,76,949.3,0.0,4.1,255
2016-08-09 15:00:00+00:00,24.8,86,949.2,0.0,4.4,261
2016-08-09 16:00:00+00:00,25.1,86,949.4,0.0,5.4,290
2016-08-09 17:00:00+00:00,24.9,85,949.4,0.0,5.9,313
2016-08-09 18:00:00+00:00,25.7,79,949.1,0.0,4.0,355
2016-08-09 19:00:00+00:00,24.9,86,948.9,0.0,5.3,62
2016-08-09 20:00:00+00:00,23.7,91,948.5,0.1,4.1,105
2016-08-09 21:00:00+00:00,23.8,92,949.0,0.0,5.5,101
2016-08-09 22:00:00+00:00,24.2,90,949.2,0.0,5.2,25
2016-08-09 23:00:00+00:00,24.4,91,949.8,0.0,3.2,333
2016-08-10 00:00:00+00:00,24.9,88,950.7,0.0,5.1,321
2016-08-10 01:00:00+00:00,25.1,88,950.6,0.0,5.7,342
2016-08-10 02:00:00+00:00,28.9,71,951.8,0.0,5.4,8
2016-08-10 03:00:00+00:00,29.5,70,951.2,0.0,4.6,39
2016-08-10 04:00:00+00:00,29.9,69,950.9,0.0,3.6,37
2016-08-10 05:00:00+00:00,32.6,60,950.7,0.0,5.5,11
2016-08-10 06:00:00+00:00,32.8,57,949.9,0.0,6.4,16
2016-08-10 07:00:00+00:00,33.2,56,949.6,0.0,4.8,13
2016-08-10 08:00:00+00:00,32.6,56,949.0,0.0,7.3,340
2016-08-10 09:00:00+00:00,30.6,64,948.5,4.4,9.4,337
2016-08-10 10:00:00+00:00,29.1,71,948.7,0.1,4.1,315
2016-08-10 11:00:00+00:00,29.7,65,947.9,0.0,3.1,306
2016-08-10 12:00:00+00:00,29.3,68,949.4,0.0,4.6,315
2016-08-10 13:00:00+00:00,28.6,75,950.0,0.0,1.9,292
2016-08-10 14:00:00+00:00,28.0,78,950.6,0.0,4.6,288
2016-08-10 15:00:00+00:00,26.2,83,951.0,0.0,5.4,274
2016-08-10 16:00:00+00:00,26.1,82,950.5,0.0,6.5,251
2016-08-10 17:00:00+00:00,25.8,84,950.6,0.0,6.3,246
2016-08-10 18:00:00+00:00,25.8,83,949.6,0.0,6.8,252
2016-08-10 19:00:00+00:00,26.2,80,949.5,0.0,4.0,280
2016-08-10 20:00:00+00:00,26.0,79,949.0,0.0,3.3,319
2016-08-10 21:00:00+00:00,25.8,80,949.2,0.0,4.1,315
2016-08-10 22:00:00+00:00,26.5,74,949.6,0.0,2.6,286
2016-08-10 23:00:00+00:00,26.3,74,950.8,0.0,3.2,297
2016-08-11 00:00:00+00:00,26.3,78,950.8,0.0,1.8,270
2016-08-11 01:00:00+00:00,26.8,79,951.0,0.0,1.3,326
2016-08-11 02:00:00+00:00,31.0,65,952.2,0.0,1.5,14
2016-08-11 03:00:00+00:00,31.3,64,951.9,0.0,2.9,90
2016-08-11 04:00:00+00:00,31.5,65,951.4,0.0,3.7,119
2016-08-11 05:00:00+00:00,33.7,54,951.1,0.0,4.7,122
2016-08-11 06:00:00+00:00,33.8,53,950.3,0.0,4.3,114
2016-08-11 07:00:00+00:00,33.6,52,949.6,0.0,1.8,79
2016-08-11 08:00:00+00:00,33.3,53,949.0,0.0,4.6,342
2016-08-11 09:00:00+00:00,32.1,57,948.3,0.9,6.5,326
2016-08-11 10:00:00+00:00,29.2,76,947.8,0.6,5.1,135
2016-08-11 11:00:00+00:00,29.3,76,948.7,0.0,3.0,104
2016-08-11 12:00:00+00:00,28.6,82,949.4,0.0,4.0,333
2016-08-11 13:00:00+00:00,28.3,83,950.4,0.3,4.7,293
2016-08-11 14:00:00+00:00,27.7,84,951.1,0.4,2.8,220
2016-08-11 15:00:00+00:00,26.0,88,951.0,0.1,3.4,162
2016-08-11 16:00:00+00:00,26.1,86,950.7,0.0,3.8,163
2016-08-11 17:00:00+00:00,25.5,89,949.8,0.0,1.9,158
2016-08-11 18:00:00+00:00,25.3,90,949.6,0.0,2.3,141
2016-08-11 19:00:00+00:00,25.4,90,949.4,0.0,3.9,146
2016-08-11 20:00:00+00:00,24.7,92,948.8,0.0,4.2,149
2016-08-11 21:00:00+00:00,24.4,94,948.6,0.0,3.1,135
2016-08-11 22:00:00+00:00,24.9,96,949.0,0.0,2.9,150
2016-08-11 23:00:00+00:00,25.0,96,949.9,0.0,5.2,214
2016-08-12 00:00:00+00:00,25.7,94,950.5,0.0,5.8,270
2016-08-12 01:00:00+00:00,26.2,92,950.4,0.1,6.0,287
2016-08-12 02:00:00+00:00,30.7,71,951.4,0.0,5.0,300
2016-08-12 03:00:00+00:00,31.1,69,951.0,0.0,0.8,333
2016-08-12 04:00:00+00:00,31.2,68,950.7,0.0,1.5,166
2016-08-12 05:00:00+00:00,33.4,59,950.2,0.0,2.3,141
2016-08-12 06:00:00+00:00,33.6,58,949.5,0.1,3.6,127
2016-08-12 07:00:00+00:00,33.4,58,948.7,0.0,3.3,131
2016-08-12 08:00:00+00:00,33.1,60,948.0,0.0,1.8,360
2016-08-12 09:00:00+00:00,33.2,60,948.1,0.4,2.3,321
2016-08-12 10:00:00+00:00,29.3,76,947.7,1.9,0.4,360
2016-08-12 11:00:00+00:00,29.5,74,947.1,0.0,2.7,337
2016-08-12 12:00:00+00:00,29.4,76,947.9,0.0,2.9,240
2016-08-12 13:00:00+00:00,29.3,77,948.4,0.0,5.6,255
2016-08-12 14:00:00+00:00,28.8,78,949.2,0.0,7.4,256
2016-08-12 15:00:00+00:00,26.6,88,948.7,0.0,6.6,261
2016-08-12 16:00:00+00:00,26.4,89,948.9,0.0,5.2,282
2016-08-12 17:00:00+00:00,25.8,92,948.5,0.0,5.8,300
2016-08-12 18:00:00+00:00,25.8,91,948.1,0.0,4.1,322
2016-08-12 19:00:00+00:00,26.2,90,947.9,0.0,0.8,117
2016-08-12 20:00:00+00:00,25.8,91,947.7,0.0,2.3,141
2016-08-12 21:00:00+00:00,25.3,93,947.6,0.0,1.1,252
2016-08-12 22:00:00+00:00,27.3,82,948.2,0.0,4.2,329
2016-08-12 23:00:00+00:00,26.7,85,948.6,0.0,4.8,318
2016-08-13 00:00:00+00:00,27.0,84,949.0,0.0,2.7,337
2016-08-13 01:00:00+00:00,27.2,85,949.2,0.0,3.8,343
2016-08-13 02:00:00+00:00,31.7,67,950.2,0.0,4.5,331
2016-08-13 03:00:00+00:00,32.0,66,949.8,0.0,3.8,287
2016-08-13 04:00:00+00:00,32.1,66,949.2,0.0,4.5,241
2016-08-13 05:00:00+00:00,34.7,55,948.8,0.0,5.4,228
2016-08-13 06:00:00+00:00,35.2,53,948.0,0.0,5.4,233
2016-08-13 07:00:00+00:00,35.1,54,947.4,0.0,4.7,212
2016-08-13 08:00:00+00:00,35.5,54,947.2,0.1,5.9,194
2016-08-13 09:00:00+00:00,35.7,53,946.8,0.3,5.0,210
2016-08-13 10:00:00+00:00,32.4,65,945.8,0.8,3.1,135
2016-08-13 11:00:00+00:00,32.0,67,945.5,0.0,5.2,295
2016-08-13 12:00:00+00:00,30.9,71,946.6,0.0,6.3,246
2016-08-13 13:00:00+00:00,30.5,74,947.0,0.0,6.6,261
2016-08-13 14:00:00+00:00,30.4,71,947.8,0.0,7.6,275
2016-08-13 15:00:00+00:00,27.7,80,947.8,0.0,7.9,270
2016-08-13 16:00:00+00:00,27.2,83,948.0,0.0,4.6,231
2016-08-13 17:00:00+00:00,26.9,86,947.3,0.0,5.1,231
2016-08-13 18:00:00+00:00,26.6,89,946.8,0.0,5.4,250
2016-08-13 19:00:00+00:00,26.6,89,946.5,0.0,6.2,216
2016-08-13 20:00:00+00:00,25.6,93,946.3,0.0,6.7,234
2016-08-13 21:00:00+00:00,25.6,93,945.9,0.0,5.6,225
2016-08-13 22:00:00+00:00,26.4,86,946.2,0.0,5.8,202
2016-08-13 23:00:00+00:00,26.5,86,946.4,0.0,3.8,221
2016-08-14 00:00:00+00:00,27.0,85,948.0,0.1,3.6,217
2016-08-14 01:00:00+00:00,27.4,84,948.5,0.3,3.3,139
2016-08-14 02:00:00+00:00,31.7,67,949.8,0.4,2.9,150
2016-08-14 03:00:00+00:00,32.1,67,949.5,0.1,4.3,204
2016-08-14 04:00:00+00:00,32.6,64,948.6,0.0,5.7,235
2016-08-14 05:00:00+00:00,35.4,54,948.4,0.0,4.5,241
2016-08-14 06:00:00+00:00,35.2,54,947.1,0.0,2.4,207
2016-08-14 07:00:00+00:00,35.5,54,945.9,0.0,2.9,180
2016-08-14 08:00:00+00:00,36.5,49,945.2,0.0,2.6,196
2016-08-14 09:00:00+00:00,35.9,51,944.3,0.0,2.2,189
2016-08-14 10:00:00+00:00,33.8,57,944.2,0.0,3.1,144
2016-08-14 11:00:00+00:00,33.6,56,943.2,0.0,2.0,135
2016-08-14 12:00:00+00:00,33.3,60,945.1,0.0,2.2,189
2016-08-14 13:00:00+00:00,32.5,65,946.2,0.0,4.6,231
2016-08-14 14:00:00+00:00,30.8,72,947.4,0.3,6.1,273
2016-08-14 15:00:00+00:00,27.7,83,947.5,0.8,6.2,263
2016-08-14 16:00:00+00:00,27.1,83,947.7,0.2,5.5,238
2016-08-14 17:00:00+00:00,26.1,87,947.4,0.0,6.6,209
2016-08-14 18:00:00+00:00,26.0,88,946.4,0.8,4.9,216
2016-08-14 19:00:00+00:00,25.9,88,946.1,0.0,6.6,209
2016-08-14 20:00:00+00:00,25.3,90,945.8,0.0,4.7,184
2016-08-14 21:00:00+00:00,25.5,87,946.4,0.0,4.5,166
2016-08-14 22:00:00+00:00,25.6,91,947.3,0.3,6.7,144
2016-08-14 23:00:00+00:00,25.4,92,947.7,0.4,8.4,155
2016-08-15 00:00:00+00:00,25.4,93,948.7,0.2,4.4,145
2016-08-15 01:00:00+00:00,25.7,92,948.6,0.2,3.6,127
2016-08-15 02:00:00+00:00,30.3,74,949.7,0.2,2.4,117
2016-08-15 03:00:00+00:00,30.2,76,949.2,0.2,1.8,101
2016-08-15 04:00:00+00:00,30.1,77,949.1,0.2,3.2,153
2016-08-15 05:00:00+00:00,33.5,60,948.6,0.1,2.0,225
2016-08-15 06:00:00+00:00,33.8,58,947.9,0.0,2.9,270
2016-08-15 07:00:00+00:00,34.1,58,946.9,0.0,3.5,294
2016-08-15 08:00:00+00:00,34.5,56,946.4,0.0,4.3,312
2016-08-15 09:00:00+00:00,34.5,57,945.6,0.0,5.2,335
2016-08-15 10:00:00+00:00,31.5,64,945.8,1.0,3.0,104
2016-08-15 11:00:00+00:00,30.0,71,945.8,0.4,3.0,104
2016-08-15 12:00:00+00:00,29.4,78,946.5,0.5,4.6,141
2016-08-15 13:00:00+00:00,29.5,80,947.5,0.4,5.2,214
2016-08-15 14:00:00+00:00,28.4,85,948.2,0.3,5.1,274
2016-08-15 15:00:00+00:00,26.5,92,948.1,0.9,5.2,286
2016-08-15 16:00:00+00:00,26.6,88,948.5,0.7,6.7,286
2016-08-15 17:00:00+00:00,26.0,88,947.8,0.2,5.5,238
2016-08-15 18:00:00+00:00,26.2,88,947.2,0.0,4.7,212
2016-08-15 19:00:00+00:00,26.0,89,946.4,0.0,4.4,215
2016-08-15 20:00:00+00:00,25.0,93,945.6,0.0,4.5,209
2016-08-15 21:00:00+00:00,24.9,94,945.9,0.0,4.5,209
2016-08-15 22:00:00+00:00,25.7,91,945.9,0.0,4.7,180
2016-08-15 23:00:00+00:00,25.9,90,945.8,0.0,2.5,225
2016-08-16 00:00:00+00:00,26.4,90,947.0,0.0,3.1,249
2016-08-16 01:00:00+00:00,27.0,87,947.2,0.0,2.5,270
2016-08-16 02:00:00+00:00,32.0,64,948.1,0.0,3.1,225
2016-08-16 03:00:00+00:00,32.4,63,947.6,0.0,5.6,207
2016-08-16 04:00:00+00:00,32.6,62,947.2,0.0,8.0,198
2016-08-16 05:00:00+00:00,34.5,55,946.9,0.0,9.4,187
2016-08-16 06:00:00+00:00,34.3,57,946.3,0.2,10.9,186
2016-08-16 07:00:00+00:00,34.0,59,945.7,0.1,10.2,190
2016-08-16 08:00:00+00:00,34.8,55,944.9,0.2,8.4,187
2016-08-16 09:00:00+00:00,35.1,55,944.6,0.0,6.8,183
2016-08-16 10:00:00+00:00,32.5,63,944.4,0.0,7.2,162
2016-08-16 11:00:00+00:00,31.9,64,943.9,0.2,4.3,156
2016-08-16 12:00:00+00:00,31.3,71,944.1,0.0,2.9,173
2016-08-16 13:00:00+00:00,31.0,75,944.9,0.3,5.8,292
2016-08-16 14:00:00+00:00,30.0,78,945.5,0.3,6.2,306
2016-08-16 15:00:00+00:00,28.0,86,945.4,0.4,6.1,315
2016-08-16 16:00:00+00:00,28.6,81,945.4,0.2,7.7,319
2016-08-16 17:00:00+00:00,27.9,82,945.0,0.0,7.7,332
2016-08-16 18:00:00+00:00,27.2,87,944.2,0.0,6.6,347
2016-08-16 19:00:00+00:00,27.1,84,944.0,0.0,4.6,18
2016-08-16 20:00:00+00:00,26.9,82,943.6,0.0,3.4,72
2016-08-16 21:00:00+00:00,26.1,86,943.8,0.0,3.0,76
2016-08-16 22:00:00+00:00,27.5,76,944.5,0.0,3.3,84
2016-08-16 23:00:00+00:00,27.3,77,944.3,0.0,0.5,315
2016-08-17 00:00:00+00:00,27.3,82,944.9,0.0,2.4,333
2016-08-17 01:00:00+00:00,27.6,80,944.9,0.0,4.2,340
2016-08-17 02:00:00+00:00,32.3,62,945.3,0.0,4.1,322
2016-08-17 03:00:00+00:00,32.3,64,944.9,0.2,3.1,225
2016-08-17 04:00:00+00:00,32.2,65,944.3,0.2,4.0,185
2016-08-17 05:00:00+00:00,34.7,55,944.1,0.0,6.2,159
2016-08-17 06:00:00+00:00,34.7,55,943.3,0.0,9.0,151
2016-08-17 07:00:00+00:00,34.6,57,942.9,0.2,9.7,149
2016-08-17 08:00:00+00:00,35.2,55,942.2,0.0,9.1,146
2016-08-17 09:00:00+00:00,35.1,56,942.1,0.0,7.4,141
2016-08-17 10:00:00+00:00,32.5,66,941.5,0.0,4.7,148
2016-08-17 11:00:00+00:00,32.9,63,940.9,0.0,1.6,243
2016-08-17 12:00:00+00:00,32.8,67,942.1,0.0,4.1,322
2016-08-17 13:00:00+00:00,32.3,70,942.3,0.0,7.8,326
2016-08-17 14:00:00+00:00,31.6,69,943.2,0.0,8.7,330
2016-08-17 15:00:00+00:00,29.0,80,942.7,0.0,8.4,329
2016-08-17 16:00:00+00:00,29.0,80,943.1,0.0,6.9,332
2016-08-17 17:00:00+00:00,28.6,80,943.3,0.0,6.5,341
2016-08-17 18:00:00+00:00,28.5,80,942.8,0.0,6.9,351
2016-08-17 19:00:00+00:00,28.3,82,942.9,0.0,6.5,354
2016-08-17 20:00:00+00:00,27.7,84,942.9,0.0,5.8,353
2016-08-17 21:00:00+00:00,28.1,83,943.0,0.0,5.4,352
2016-08-17 22:00:00+00:00,28.2,84,943.4,0.0,5.9,14
2016-08-17 23:00:00+00:00,28.6,82,943.7,0.0,5.8,4
2016-08-18 00:00:00+00:00,28.6,81,944.1,0.0,7.8,13
2016-08-18 01:00:00+00:00,28.8,79,945.0,0.0,8.6,15
2016-08-18 02:00:00+00:00,32.1,63,945.6,0.0,9.1,7
2016-08-18 03:00:00+00:00,32.0,62,946.0,0.0,10.5,16
2016-08-18 04:00:00+00:00,32.0,62,945.6,0.0,10.0,21
2016-08-18 05:00:00+00:00,34.1,55,945.7,0.0,9.3,36
2016-08-18 06:00:00+00:00,34.4,54,945.6,0.0,8.1,32
2016-08-18 07:00:00+00:00,34.6,52,945.7,0.0,8.7,24
2016-08-18 08:00:00+00:00,34.5,50,944.8,0.0,10.5,22
2016-08-18 09:00:00+00:00,34.7,50,944.9,0.0,11.6,5
2016-08-18 10:00:00+00:00,31.0,63,944.1,0.0,8.2,345
2016-08-18 11:00:00+00:00,30.9,60,943.9,0.0,8.2,308
2016-08-18 12:00:00+00:00,30.9,60,945.2,0.0,8.9,302
2016-08-18 13:00:00+00:00,30.9,62,945.6,0.0,10.0,319
2016-08-18 14:00:00+00:00,30.1,68,946.5,0.0,8.5,324
2016-08-18 15:00:00+00:00,29.2,67,946.9,0.0,7.2,323
2016-08-18 16:00:00+00:00,29.9,64,946.7,0.0,8.4,317
2016-08-18 17:00:00+00:00,27.7,77,946.6,0.0,7.6,270
2016-08-18 18:00:00+00:00,27.5,78,946.0,0.0,7.1,246
2016-08-18 19:00:00+00:00,27.3,79,945.9,0.0,7.3,237
2016-08-18 20:00:00+00:00,26.3,84,945.7,0.0,6.9,242
2016-08-18 21:00:00+00:00,27.2,78,945.9,0.0,6.9,264
2016-08-18 22:00:00+00:00,28.0,73,946.3,0.0,3.3,174
2016-08-18 23:00:00+00:00,28.6,68,946.9,0.0,2.3,198
2016-08-19 00:00:00+00:00,28.4,72,947.5,0.0,2.6,304
2016-08-19 01:00:00+00:00,28.8,68,947.9,0.0,5.1,315
2016-08-19 02:00:00+00:00,34.3,50,948.6,0.0,5.7,325
2016-08-19 03:00:00+00:00,34.5,48,948.9,0.0,3.1,306
2016-08-19 04:00:00+00:00,34.5,49,948.6,0.0,2.5,278
2016-08-19 05:00:00+00:00,37.0,41,948.2,0.0,2.5,225
2016-08-19 06:00:00+00:00,37.1,41,948.0,0.0,4.3,185
2016-08-19 07:00:00+00:00,37.3,41,947.3,0.0,5.1,188
2016-08-19 08:00:00+00:00,37.9,38,947.1,0.0,4.5,194
2016-08-19 09:00:00+00:00,37.7,38,946.5,0.0,3.4,198
2016-08-19 10:00:00+00:00,34.5,52,945.5,0.0,5.5,157
2016-08-19 11:00:00+00:00,33.8,60,945.0,0.0,5.6,153
2016-08-19 12:00:00+00:00,32.6,65,946.4,0.0,7.1,195
2016-08-19 13:00:00+00:00,32.6,65,947.3,0.0,6.4,227
2016-08-19 14:00:00+00:00,32.0,64,948.3,0.0,7.1,255
2016-08-19 15:00:00+00:00,29.4,73,948.2,0.0,8.0,278
2016-08-19 16:00:00+00:00,29.0,75,948.6,0.0,8.6,270
2016-08-19 17:00:00+00:00,28.3,78,948.6,0.0,8.7,265
2016-08-19 18:00:00+00:00,28.0,79,948.3,0.0,8.3,270
2016-08-19 19:00:00+00:00,28.0,78,947.8,0.0,7.9,270
2016-08-19 20:00:00+00:00,26.7,83,947.4,0.0,5.6,255
2016-08-19 21:00:00+00:00,26.4,84,947.5,0.0,4.5,241
2016-08-19 22:00:00+00:00,26.7,79,947.7,0.0,1.8,169
2016-08-19 23:00:00+00:00,26.9,76,948.3,0.0,2.7,247
2016-08-20 00:00:00+00:00,27.4,75,949.2,0.0,3.2,270
2016-08-20 01:00:00+00:00,28.5,69,950.1,0.0,4.4,279
2016-08-20 02:00:00+00:00,33.8,54,951.0,0.0,4.9,253
2016-08-20 03:00:00+00:00,34.3,56,950.8,0.0,5.8,210
2016-08-20 04:00:00+00:00,34.6,57,950.4,0.0,7.2,198
2016-08-20 05:00:00+00:00,36.7,49,950.1,0.0,7.6,188
2016-08-20 06:00:00+00:00,36.7,48,949.5,0.0,8.0,190
2016-08-20 07:00:00+00:00,36.3,49,948.6,0.0,7.8,202
2016-08-20 08:00:00+00:00,36.7,49,948.2,0.0,7.4,194
2016-08-20 09:00:00+00:00,36.6,50,948.0,0.3,8.0,185
2016-08-20 10:00:00+00:00,33.0,66,946.6,0.2,6.2,187
2016-08-20 11:00:00+00:00,33.3,66,946.8,0.0,5.4,180
2016-08-20 12:00:00+00:00,32.3,73,947.3,0.8,8.0,185
2016-08-20 13:00:00+00:00,32.3,73,948.6,1.9,6.9,227
2016-08-20 14:00:00+00:00,31.7,75,949.4,2.7,7.6,301
2016-08-20 15:00:00+00:00,28.6,87,949.2,3.6,7.6,315
2016-08-20 16:00:00+00:00,28.4,85,949.1,2.5,8.7,312
2016-08-20 17:00:00+00:00,27.7,86,949.0,0.8,8.7,300
2016-08-20 18:00:00+00:00,27.6,85,948.5,0.6,7.9,294
2016-08-20 19:00:00+00:00,28.3,79,948.2,0.0,4.1,255
2016-08-20 20:00:00+00:00,27.5,81,947.7,0.0,2.4,207
2016-08-20 21:00:00+00:00,27.4,81,948.0,0.0,1.8,180
2016-08-20 22:00:00+00:00,27.6,79,948.5,0.0,0.5,135
2016-08-20 23:00:00+00:00,27.6,79,948.8,0.0,0.8,207
2016-08-21 00:00:00+00:00,27.8,81,949.6,0.0,2.1,301
2016-08-21 01:00:00+00:00,28.4,79,950.1,0.0,3.2,297
2016-08-21 02:00:00+00:00,33.6,57,951.2,0.0,1.9,292
2016-08-21 03:00:00+00:00,33.7,58,950.5,0.0,2.8,220
2016-08-21 04:00:00+00:00,33.7,60,950.4,0.0,5.2,205
2016-08-21 05:00:00+00:00,36.3,52,950.2,0.0,6.3,204
2016-08-21 06:00:00+00:00,36.2,53,949.2,0.0,6.4,196
2016-08-21 07:00:00+00:00,36.3,52,948.5,0.0,6.5,199
2016-08-21 08:00:00+00:00,37.2,46,948.2,0.0,6.4,196
2016-08-21 09:00:00+00:00,37.4,45,947.7,0.0,6.3,193
2016-08-21 10:00:00+00:00,34.6,57,946.6,0.0,4.3,204
2016-08-21 11:00:00+00:00,34.6,54,946.3,0.0,5.6,207
2016-08-21 12:00:00+00:00,32.7,67,946.7,0.6,5.4,233
2016-08-21 13:00:00+00:00,32.0,70,947.0,0.8,8.5,282
2016-08-21 14:00:00+00:00,31.1,75,948.2,0.1,7.6,295
2016-08-21 15:00:00+00:00,28.5,82,948.7,0.0,7.6,301
2016-08-21 16:00:00+00:00,29.0,76,949.2,0.0,7.9,309
2016-08-21 17:00:00+00:00,28.4,77,949.0,0.0,8.2,319
2016-08-21 18:00:00+00:00,28.1,80,948.3,0.0,7.4,337
2016-08-21 19:00:00+00:00,29.3,70,948.2,0.0,8.2,345
2016-08-21 20:00:00+00:00,28.7,71,948.1,0.0,5.4,360
2016-08-21 21:00:00+00:00,28.9,71,948.2,0.0,4.5,346
2016-08-21 22:00:00+00:00,27.4,75,948.0,0.0,3.0,284
2016-08-21 23:00:00+00:00,26.9,82,948.3,0.0,3.8,311
2016-08-22 00:00:00+00:00,27.8,74,949.5,0.0,3.4,18
2016-08-22 01:00:00+00:00,28.7,73,950.3,0.0,4.6,39
2016-08-22 02:00:00+00:00,33.3,57,951.1,0.0,4.8,48
2016-08-22 03:00:00+00:00,33.4,59,951.0,0.0,3.8,73
2016-08-22 04:00:00+00:00,33.2,62,950.8,0.0,2.9,90
2016-08-22 05:00:00+00:00,35.7,54,950.2,0.0,1.8,127
2016-08-22 06:00:00+00:00,35.7,54,949.5,0.0,2.2,90
2016-08-22 07:00:00+00:00,35.8,53,948.9,0.0,1.5,76
2016-08-22 08:00:00+00:00,35.4,53,948.0,0.1,1.1,90
2016-08-22 09:00:00+00:00,35.3,54,948.4,0.2,2.7,23
2016-08-22 10:00:00+00:00,33.3,60,947.8,0.4,1.3,34
2016-08-22 11:00:00+00:00,31.9,68,946.6,1.5,5.2,348
2016-08-22 12:00:00+00:00,31.0,74,947.0,0.8,6.3,329
2016-08-22 13:00:00+00:00,31.4,74,948.0,3.0,6.6,331
2016-08-22 14:00:00+00:00,30.1,77,949.2,4.8,7.4,313
2016-08-22 15:00:00+00:00,27.8,85,949.9,3.9,6.6,283
2016-08-22 16:00:00+00:00,27.6,86,950.2,3.2,8.0,280
2016-08-22 17:00:00+00:00,27.2,86,950.1,0.5,5.4,312
2016-08-22 18:00:00+00:00,26.9,86,949.5,1.8,6.2,10
2016-08-22 19:00:00+00:00,26.8,88,949.2,0.1,5.6,40
2016-08-22 20:00:00+00:00,26.5,89,949.5,0.0,5.9,47
2016-08-22 21:00:00+00:00,26.6,89,949.5,0.1,6.7,54
2016-08-22 22:00:00+00:00,27.0,86,949.4,0.0,6.0,65
2016-08-22 23:00:00+00:00,27.0,87,949.7,0.0,4.8,27
2016-08-23 00:00:00+00:00,27.4,86,950.4,0.0,7.9,360
2016-08-23 01:00:00+00:00,27.5,86,950.6,0.0,9.4,353
2016-08-23 02:00:00+00:00,32.1,68,951.6,0.0,9.0,355
2016-08-23 03:00:00+00:00,32.4,67,951.0,0.0,7.0,12
2016-08-23 04:00:00+00:00,32.6,65,950.2,0.0,3.4,32
2016-08-23 05:00:00+00:00,35.1,57,949.7,0.0,3.2,90
2016-08-23 06:00:00+00:00,35.3,57,948.8,0.0,4.7,99
2016-08-23 07:00:00+00:00,35.1,56,948.4,0.0,2.6,124
2016-08-23 08:00:00+00:00,36.0,53,947.7,0.2,1.1,360
2016-08-23 09:00:00+00:00,35.9,54,947.6,0.0,6.6,331
2016-08-23 10:00:00+00:00,33.1,62,946.7,0.0,4.6,342
2016-08-23 11:00:00+00:00,32.9,62,946.8,0.0,8.5,332
2016-08-23 12:00:00+00:00,31.8,65,947.2,0.0,8.1,339
2016-08-23 13:00:00+00:00,31.6,66,947.7,0.0,6.8,328
2016-08-23 14:00:00+00:00,31.0,68,948.9,0.2,6.6,311
2016-08-23 15:00:00+00:00,29.0,77,948.4,0.0,6.4,308
2016-08-23 16:00:00+00:00,28.7,78,948.7,0.0,6.7,286
2016-08-23 17:00:00+00:00,27.9,82,948.1,0.0,6.2,280
2016-08-23 18:00:00+00:00,27.7,85,947.9,0.0,5.4,266
2016-08-23 19:00:00+00:00,27.5,87,947.8,0.0,5.8,270
2016-08-23 20:00:00+00:00,26.1,95,947.6,0.0,5.2,282
2016-08-23 21:00:00+00:00,25.9,96,947.6,0.0,4.6,342
2016-08-23 22:00:00+00:00,28.1,81,947.9,0.0,5.9,79
2016-08-23 23:00:00+00:00,27.8,84,948.3,0.0,5.4,82
2016-08-24 00:00:00+00:00,28.4,82,948.9,0.0,3.4,18
2016-08-24 01:00:00+00:00,28.4,81,949.2,0.0,5.8,4
2016-08-24 02:00:00+00:00,32.7,63,950.3,0.0,5.8,7
2016-08-24 03:00:00+00:00,32.2,65,949.9,0.1,4.7,9
2016-08-24 04:00:00+00:00,32.4,65,949.6,0.0,2.6,344
2016-08-24 05:00:00+00:00,35.3,55,949.0,0.0,1.3,326
2016-08-24 06:00:00+00:00,35.2,55,948.2,0.0,2.2,180
2016-08-24 07:00:00+00:00,35.7,53,947.5,0.0,3.1,216
2016-08-24 08:00:00+00:00,36.2,51,947.0,0.0,4.9,287
2016-08-24 09:00:00+00:00,36.1,53,946.9,0.0,7.6,295
2016-08-24 10:00:00+00:00,33.4,64,946.0,0.0,5.2,344
2016-08-24 11:00:00+00:00,32.9,63,946.9,0.0,8.5,324
2016-08-24 12:00:00+00:00,32.8,62,946.4,0.0,7.9,286
2016-08-24 13:00:00+00:00,32.7,62,947.4,0.0,8.7,287
2016-08-24 14:00:00+00:00,31.7,67,948.2,0.0,8.8,305
2016-08-24 15:00:00+00:00,29.2,81,948.0,0.0,7.6,315
2016-08-24 16:00:00+00:00,28.9,82,948.5,0.0,6.2,324
2016-08-24 17:00:00+00:00,28.9,84,948.2,0.0,7.1,330
2016-08-24 18:00:00+00:00,29.5,78,948.2,0.0,6.4,322
2016-08-24 19:00:00+00:00,29.4,77,948.1,0.0,6.4,317
2016-08-24 20:00:00+00:00,28.7,79,948.0,0.0,5.9,317
2016-08-24 21:00:00+00:00,27.7,86,948.3,0.0,5.4,307
2016-08-24 22:00:00+00:00,27.9,83,948.7,0.0,5.9,317
2016-08-24 23:00:00+00:00,28.2,81,949.2,0.0,4.5,299
2016-08-25 00:00:00+00:00,28.8,79,950.4,0.0,5.9,281
2016-08-25 01:00:00+00:00,29.3,76,950.5,0.0,6.0,327
2016-08-25 02:00:00+00:00,33.5,59,951.7,0.0,8.0,355
2016-08-25 03:00:00+00:00,33.8,59,951.7,0.0,8.0,8
2016-08-25 04:00:00+00:00,34.0,60,951.1,0.0,6.8,360
2016-08-25 05:00:00+00:00,36.5,48,950.8,0.0,4.7,9
2016-08-25 06:00:00+00:00,36.9,47,950.1,0.0,9.2,26
2016-08-25 07:00:00+00:00,36.7,48,951.1,0.1,13.8,28
2016-08-25 08:00:00+00:00,35.4,47,950.2,0.6,13.0,28
2016-08-25 09:00:00+00:00,35.4,47,949.9,0.1,12.6,13
2016-08-25 10:00:00+00:00,32.6,57,948.1,0.0,8.4,31
2016-08-25 11:00:00+00:00,32.5,53,948.7,0.0,9.1,351
2016-08-25 12:00:00+00:00,32.5,51,950.1,0.0,9.0,344
2016-08-25 13:00:00+00:00,32.7,46,951.0,0.0,11.5,358
2016-08-25 14:00:00+00:00,31.8,47,952.5,0.0,10.1,358
2016-08-25 15:00:00+00:00,29.5,53,953.5,0.0,8.6,345
2016-08-25 16:00:00+00:00,29.1,58,953.6,0.2,7.0,348
2016-08-25 17:00:00+00:00,27.2,70,953.3,0.1,6.1,310
2016-08-25 18:00:00+00:00,26.8,75,952.8,0.0,7.4,284
2016-08-25 19:00:00+00:00,26.7,80,952.8,0.0,6.2,277
2016-08-25 20:00:00+00:00,25.3,87,952.4,0.0,5.0,270
2016-08-25 21:00:00+00:00,25.5,87,952.4,0.0,4.7,266
2016-08-25 22:00:00+00:00,25.3,91,952.5,0.0,4.8,297
2016-08-25 23:00:00+00:00,25.7,91,952.8,0.0,6.4,317
2016-08-26 00:00:00+00:00,26.3,88,953.9,0.0,5.5,328
2016-08-26 01:00:00+00:00,26.6,84,954.8,0.0,4.0,350
2016-08-26 02:00:00+00:00,28.5,69,955.8,0.0,6.2,350
2016-08-26 03:00:00+00:00,28.7,54,955.8,0.0,10.1,360
2016-08-26 04:00:00+00:00,28.9,51,955.6,0.0,10.9,17
2016-08-26 05:00:00+00:00,29.8,45,955.2,0.0,13.3,38
2016-08-26 06:00:00+00:00,30.2,45,955.2,0.0,12.5,39
2016-08-26 07:00:00+00:00,30.3,45,955.0,0.0,12.7,29
2016-08-26 08:00:00+00:00,30.6,45,954.5,0.0,12.3,3
2016-08-26 09:00:00+00:00,30.3,47,954.3,0.0,14.1,356
2016-08-26 10:00:00+00:00,27.6,53,954.5,0.0,9.9,350
2016-08-26 11:00:00+00:00,27.3,53,954.9,0.0,8.5,332
2016-08-26 12:00:00+00:00,27.2,51,955.6,0.0,8.0,324
2016-08-26 13:00:00+00:00,27.3,51,956.5,0.0,8.9,339
2016-08-26 14:00:00+00:00,26.8,54,957.7,0.0,10.5,344
2016-08-26 15:00:00+00:00,25.5,59,958.0,0.0,10.5,333
2016-08-26 16:00:00+00:00,25.4,61,957.5,0.0,10.6,325
2016-08-26 17:00:00+00:00,25.0,66,957.2,0.0,8.7,315
2016-08-26 18:00:00+00:00,25.0,68,956.8,0.0,7.4,299
2016-08-26 19:00:00+00:00,25.0,70,956.5,0.0,7.1,300
2016-08-26 20:00:00+00:00,24.8,71,956.1,0.0,5.9,317
2016-08-26 21:00:00+00:00,24.7,73,956.2,0.0,3.9,326
2016-08-26 22:00:00+00:00,24.9,77,957.1,0.0,5.1,315
2016-08-26 23:00:00+00:00,25.1,79,957.8,0.0,3.8,17
2016-08-27 00:00:00+00:00,25.5,72,957.9,0.0,5.0,21
2016-08-27 01:00:00+00:00,25.4,73,958.2,0.0,5.6,27
2016-08-27 02:00:00+00:00,27.8,58,958.9,0.0,6.9,39
2016-08-27 03:00:00+00:00,27.9,57,958.9,0.0,6.1,50
2016-08-27 04:00:00+00:00,27.8,57,958.2,0.0,5.9,47
2016-08-27 05:00:00+00:00,29.6,49,957.9,0.0,6.4,43
2016-08-27 06:00:00+00:00,29.7,49,957.5,0.0,5.8,30
2016-08-27 07:00:00+00:00,30.0,48,956.8,0.0,5.9,11
2016-08-27 08:00:00+00:00,30.6,47,956.5,0.0,8.0,355
2016-08-27 09:00:00+00:00,30.7,46,956.0,0.0,9.9,341
2016-08-27 10:00:00+00:00,28.3,56,956.2,0.0,8.6,338
2016-08-27 11:00:00+00:00,28.0,53,955.9,0.0,11.0,328
2016-08-27 12:00:00+00:00,27.8,53,956.4,0.0,11.5,319
2016-08-27 13:00:00+00:00,27.4,55,957.2,0.0,9.4,310
2016-08-27 14:00:00+00:00,27.2,60,958.1,0.0,6.6,299
2016-08-27 15:00:00+00:00,26.0,67,958.1,0.0,4.7,302
2016-08-27 16:00:00+00:00,25.8,76,957.9,0.0,5.1,321
2016-08-27 17:00:00+00:00,25.7,76,957.5,0.0,2.3,51
2016-08-27 18:00:00+00:00,25.7,72,957.4,0.0,3.2,117
2016-08-27 19:00:00+00:00,25.5,74,956.8,0.0,4.1,128
2016-08-27 20:00:00+00:00,24.6,79,956.4,0.0,4.1,128
2016-08-27 21:00:00+00:00,24.2,82,956.2,0.0,3.8,131
2016-08-27 22:00:00+00:00,24.2,84,956.7,0.0,3.9,146
2016-08-27 23:00:00+00:00,24.2,84,957.1,0.0,2.5,98
2016-08-28 00:00:00+00:00,25.2,80,957.5,0.0,3.3,49
2016-08-28 01:00:00+00:00,25.1,80,957.5,0.0,4.8,42
2016-08-28 02:00:00+00:00,27.9,68,958.0,0.0,5.6,40
2016-08-28 03:00:00+00:00,28.1,67,957.9,0.0,5.7,35
2016-08-28 04:00:00+00:00,28.3,65,957.0,0.0,5.9,43
2016-08-28 05:00:00+00:00,29.3,56,956.3,0.0,5.5,58
2016-08-28 06:00:00+00:00,29.1,53,955.1,0.0,5.7,72
2016-08-28 07:00:00+00:00,28.6,54,954.1,0.0,5.9,79
2016-08-28 08:00:00+00:00,28.4,55,953.6,0.0,4.8,77
2016-08-28 09:00:00+00:00,28.9,52,953.3,0.0,2.4,63
2016-08-28 10:00:00+00:00,27.0,65,953.2,0.1,2.8,220
2016-08-28 11:00:00+00:00,26.3,71,952.9,0.1,4.7,247
2016-08-28 12:00:00+00:00,26.2,73,953.2,0.1,4.0,260
2016-08-28 13:00:00+00:00,25.9,74,953.5,0.0,4.3,265
2016-08-28 14:00:00+00:00,25.3,77,954.2,0.0,5.1,274
2016-08-28 15:00:00+00:00,24.2,84,954.2,0.0,4.0,280
2016-08-28 16:00:00+00:00,24.3,85,953.8,0.0,3.9,304
2016-08-28 17:00:00+00:00,24.0,86,953.7,0.0,2.9,330
2016-08-28 18:00:00+00:00,23.9,86,953.2,0.0,1.9,22
2016-08-28 19:00:00+00:00,23.9,88,952.8,0.0,3.6,37
2016-08-28 20:00:00+00:00,23.6,88,952.3,0.0,5.4,42
2016-08-28 21:00:00+00:00,23.3,86,951.9,0.0,6.3,59
2016-08-28 22:00:00+00:00,23.1,79,952.8,0.0,6.8,72
2016-08-28 23:00:00+00:00,23.0,74,953.2,0.0,7.8,68
2016-08-29 00:00:00+00:00,22.9,73,953.4,0.0,9.7,59
2016-08-29 01:00:00+00:00,22.8,74,954.2,0.0,10.3,54
2016-08-29 02:00:00+00:00,22.8,69,954.1,0.0,10.7,50
2016-08-29 03:00:00+00:00,22.8,70,954.5,0.0,11.0,41
2016-08-29 04:00:00+00:00,22.7,69,954.0,0.0,11.8,38
2016-08-29 05:00:00+00:00,22.5,69,953.6,0.0,12.1,37
2016-08-29 06:00:00+00:00,22.1,72,952.9,0.0,12.8,32
2016-08-29 07:00:00+00:00,21.9,74,952.5,0.0,12.2,34
2016-08-29 08:00:00+00:00,21.5,77,951.7,0.0,12.3,32
2016-08-29 09:00:00+00:00,21.4,76,952.1,0.0,12.9,30
2016-08-29 10:00:00+00:00,20.9,83,952.8,0.0,11.7,34
2016-08-29 11:00:00+00:00,21.0,84,953.0,0.0,13.4,36
2016-08-29 12:00:00+00:00,21.2,84,953.4,0.1,11.8,27
2016-08-29 13:00:00+00:00,21.4,85,954.2,0.4,10.8,21
2016-08-29 14:00:00+00:00,21.4,86,955.0,0.3,9.0,23
2016-08-29 15:00:00+00:00,20.4,91,954.8,0.5,7.5,17
2016-08-29 16:00:00+00:00,20.6,91,955.5,0.5,7.9,24
2016-08-29 17:00:00+00:00,20.4,92,955.5,0.3,8.2,38
2016-08-29 18:00:00+00:00,20.2,92,955.1,0.3,7.1,41
2016-08-29 19:00:00+00:00,19.9,93,954.7,1.4,7.4,43
2016-08-29 20:00:00+00:00,19.1,94,954.4,1.6,7.4,47
2016-08-29 21:00:00+00:00,19.0,94,954.5,1.1,6.4,52
2016-08-29 22:00:00+00:00,18.8,95,955.3,0.9,5.6,27
2016-08-29 23:00:00+00:00,18.9,94,955.1,0.8,3.3,13
2016-08-30 00:00:00+00:00,19.0,92,955.8,0.6,1.3,326
2016-08-30 01:00:00+00:00,19.0,92,956.0,0.9,1.4,270
2016-08-30 02:00:00+00:00,19.9,90,956.7,0.8,2.2,261
2016-08-30 03:00:00+00:00,19.9,91,956.6,1.3,2.1,239
2016-08-30 04:00:00+00:00,20.2,89,956.1,0.3,1.4,270
2016-08-30 05:00:00+00:00,22.0,80,955.8,0.6,1.1,18
2016-08-30 06:00:00+00:00,22.4,79,955.1,0.3,2.0,45
2016-08-30 07:00:00+00:00,23.0,76,954.6,0.0,3.1,36
2016-08-30 08:00:00+00:00,23.5,74,954.0,0.0,2.7,23
2016-08-30 09:00:00+00:00,23.7,73,953.6,0.0,3.8,41
2016-08-30 10:00:00+00:00,22.1,80,953.0,0.2,2.0,45
2016-08-30 11:00:00+00:00,21.8,82,953.4,1.1,1.5,346
2016-08-30 12:00:00+00:00,21.4,89,953.9,0.5,2.1,301
2016-08-30 13:00:00+00:00,21.1,91,954.1,0.8,2.1,301
2016-08-30 14:00:00+00:00,20.8,94,954.6,0.0,2.9,270
2016-08-30 15:00:00+00:00,20.4,96,954.4,0.0,2.7,337
2016-08-30 16:00:00+00:00,20.3,97,954.1,0.0,3.1,45
2016-08-30 17:00:00+00:00,20.3,98,953.5,0.0,2.9,60
2016-08-30 18:00:00+00:00,20.1,98,952.7,0.0,3.0,76
2016-08-30 19:00:00+00:00,20.0,98,952.1,0.0,1.8,90
2016-08-30 20:00:00+00:00,19.8,96,951.4,0.4,1.8,101
2016-08-30 21:00:00+00:00,19.8,95,951.5,0.3,1.8,90
2016-08-30 22:00:00+00:00,20.0,95,952.8,0.4,3.8,41
2016-08-30 23:00:00+00:00,19.9,95,952.7,0.3,3.6,53
2016-08-31 00:00:00+00:00,20.2,93,953.0,0.4,2.6,74
2016-08-31 01:00:00+00:00,20.4,92,953.3,0.0,1.3,34
2016-08-31 02:00:00+00:00,21.9,83,953.8,0.0,0.4,360
2016-08-31 03:00:00+00:00,21.8,84,953.6,0.0,1.1,198
2016-08-31 04:00:00+00:00,22.8,79,953.5,0.0,3.4,198
2016-08-31 05:00:00+00:00,25.2,69,953.1,0.0,6.0,213
2016-08-31 06:00:00+00:00,25.7,68,952.4,0.0,6.7,234
2016-08-31 07:00:00+00:00,25.8,67,951.4,0.0,6.6,241
2016-08-31 08:00:00+00:00,26.3,64,950.7,0.0,6.0,237
2016-08-31 09:00:00+00:00,26.1,65,950.2,0.0,4.8,257
2016-08-31 10:00:00+00:00,24.3,76,950.9,0.0,4.5,209
2016-08-31 11:00:00+00:00,24.1,78,950.3,0.0,4.5,241
2016-08-31 12:00:00+00:00,23.7,82,950.5,0.0,5.4,250
2016-08-31 13:00:00+00:00,23.6,81,951.1,0.0,5.8,240
2016-08-31 14:00:00+00:00,23.5,82,951.3,0.0,4.8,222
2016-08-31 15:00:00+00:00,22.5,85,951.1,0.0,5.7,198
2016-08-31 16:00:00+00:00,22.7,84,951.1,0.0,7.6,183
2016-08-31 17:00:00+00:00,22.2,87,950.7,0.0,8.3,178
2016-08-31 18:00:00+00:00,21.7,90,950.1,0.0,8.3,178
2016-08-31 19:00:00+00:00,21.6,91,949.5,0.0,7.8,167
2016-08-31 20:00:00+00:00,21.1,93,949.3,0.0,7.3,160
2016-08-31 21:00:00+00:00,21.0,94,949.1,0.0,7.6,161
2016-08-31 22:00:00+00:00,21.3,92,950.8,0.0,6.8,148
2016-08-31 23:00:00+00:00,21.4,92,950.6,0.0,7.1,150
2016-09-01 00:00:00+00:00,21.6,91,952.0,0.0,4.4,171
2016-09-01 01:00:00+00:00,21.4,92,952.1,0.0,4.2,200
2016-09-01 02:00:00+00:00,23.5,84,952.5,0.0,6.3,204
2016-09-01 03:00:00+00:00,23.2,86,952.4,0.0,7.8,202
2016-09-01 04:00:00+00:00,23.4,86,951.8,0.0,8.8,199
2016-09-01 05:00:00+00:00,26.4,72,951.6,0.0,9.5,205
2016-09-01 06:00:00+00:00,26.8,69,950.9,0.0,10.0,210
2016-09-01 07:00:00+00:00,27.0,68,949.8,0.0,9.8,216
2016-09-01 08:00:00+00:00,27.8,66,949.2,0.0,10.0,218
2016-09-01 09:00:00+00:00,28.4,63,948.8,0.0,10.2,222
2016-09-01 10:00:00+00:00,26.5,73,948.9,0.0,9.9,199
2016-09-01 11:00:00+00:00,26.2,75,948.5,0.0,7.0,201
2016-09-01 12:00:00+00:00,25.4,80,948.8,0.0,7.7,221
2016-09-01 13:00:00+00:00,25.1,80,949.5,0.0,7.6,225
2016-09-01 14:00:00+00:00,24.6,83,950.0,0.0,7.4,223
2016-09-01 15:00:00+00:00,22.8,92,949.7,0.0,7.5,215
2016-09-01 16:00:00+00:00,22.6,93,949.6,0.0,7.1,204
2016-09-01 17:00:00+00:00,22.0,94,949.2,0.0,6.8,198
2016-09-01 18:00:00+00:00,22.1,94,949.3,0.0,7.3,189
2016-09-01 19:00:00+00:00,21.7,95,948.7,0.0,7.6,183
2016-09-01 20:00:00+00:00,20.9,97,948.7,0.0,7.2,180
2016-09-01 21:00:00+00:00,20.7,97,948.7,0.0,7.2,180
2016-09-01 22:00:00+00:00,21.9,95,949.8,0.0,5.6,153
2016-09-01 23:00:00+00:00,21.9,95,950.0,0.0,5.0,150
2016-09-02 00:00:00+00:00,22.4,93,951.1,0.0,4.5,166
2016-09-02 01:00:00+00:00,22.8,92,951.2,0.0,3.3,186
2016-09-02 02:00:00+00:00,27.0,74,952.1,0.0,4.0,207
2016-09-02 03:00:00+00:00,27.1,72,952.0,0.0,5.2,192
2016-09-02 04:00:00+00:00,26.9,71,951.1,0.0,4.9,197
2016-09-02 05:00:00+00:00,29.4,59,950.6,0.0,4.0,207
2016-09-02 06:00:00+00:00,29.5,57,949.9,0.0,2.3,198
2016-09-02 07:00:00+00:00,29.8,57,949.0,0.0,1.0,225
2016-09-02 08:00:00+00:00,29.7,57,948.3,0.0,0.7,270
2016-09-02 09:00:00+00:00,29.8,56,948.0,0.0,3.3,283
2016-09-02 10:00:00+00:00,27.5,66,947.2,0.0,2.7,337
2016-09-02 11:00:00+00:00,27.4,66,948.0,0.0,5.1,309
2016-09-02 12:00:00+00:00,26.9,68,948.2,0.0,8.2,311
2016-09-02 13:00:00+00:00,26.6,67,948.4,0.0,9.5,323
2016-09-02 14:00:00+00:00,26.3,67,949.5,0.0,7.6,329
2016-09-02 15:00:00+00:00,24.5,77,949.5,0.0,6.6,331
2016-09-02 16:00:00+00:00,24.3,79,949.8,0.0,5.6,333
2016-09-02 17:00:00+00:00,23.4,82,949.2,0.0,4.8,333
2016-09-02 18:00:00+00:00,23.4,80,949.0,0.0,6.0,327
2016-09-02 19:00:00+00:00,23.5,78,948.7,0.0,5.9,322
2016-09-02 20:00:00+00:00,22.9,80,948.4,0.0,5.6,315
2016-09-02 21:00:00+00:00,22.5,83,948.6,0.0,4.2,301
2016-09-02 22:00:00+00:00,22.9,78,949.8,0.0,4.3,294
2016-09-02 23:00:00+00:00,22.8,80,949.1,0.0,1.5,284
2016-09-03 00:00:00+00:00,23.0,80,949.8,0.0,1.9,292
2016-09-03 01:00:00+00:00,23.2,78,950.1,0.0,3.7,299
2016-09-03 02:00:00+00:00,24.4,73,950.8,0.0,3.9,304
2016-09-03 03:00:00+00:00,24.8,71,951.5,0.0,5.4,307
2016-09-03 04:00:00+00:00,25.1,71,951.2,0.0,6.0,303
2016-09-03 05:00:00+00:00,25.8,67,951.3,0.0,6.4,297
2016-09-03 06:00:00+00:00,25.8,68,950.9,0.0,7.6,315
2016-09-03 07:00:00+00:00,25.9,68,950.6,0.2,8.9,317
2016-09-03 08:00:00+00:00,25.5,69,949.8,0.4,9.4,320
2016-09-03 09:00:00+00:00,25.9,67,950.2,0.5,9.4,317
2016-09-03 10:00:00+00:00,22.1,87,951.2,0.8,6.2,324
2016-09-03 11:00:00+00:00,21.7,86,950.4,0.8,8.6,338
2016-09-03 12:00:00+00:00,21.9,85,951.7,0.4,10.3,331
2016-09-03 13:00:00+00:00,22.1,84,952.9,0.2,11.9,335
2016-09-03 14:00:00+00:00,21.9,84,954.3,0.0,12.9,347
2016-09-03 15:00:00+00:00,21.3,85,954.5,0.0,12.6,357
2016-09-03 16:00:00+00:00,21.4,86,954.8,0.4,11.3,7
2016-09-03 17:00:00+00:00,20.7,88,954.3,0.8,7.9,16
2016-09-03 18:00:00+00:00,20.7,88,954.0,1.3,6.0,25
2016-09-03 19:00:00+00:00,20.5,88,953.7,0.0,3.6,37
2016-09-03 20:00:00+00:00,19.9,89,953.3,0.1,1.8,307
2016-09-03 21:00:00+00:00,19.9,90,954.0,1.1,3.5,294
2016-09-03 22:00:00+00:00,20.4,87,954.7,2.1,3.7,259
2016-09-03 23:00:00+00:00,20.1,91,954.6,0.8,5.8,274
2016-09-04 00:00:00+00:00,20.4,90,955.5,0.4,5.8,277
2016-09-04 01:00:00+00:00,20.6,88,955.9,0.5,4.7,274
2016-09-04 02:00:00+00:00,21.4,84,956.7,0.4,4.0,270
2016-09-04 03:00:00+00:00,21.2,86,956.4,0.5,3.3,283
2016-09-04 04:00:00+00:00,21.3,88,956.3,0.6,2.9,270
2016-09-04 05:00:00+00:00,22.4,83,956.2,0.6,3.2,243
2016-09-04 06:00:00+00:00,22.4,83,955.9,0.5,4.2,239
2016-09-04 07:00:00+00:00,22.5,83,955.6,0.2,5.2,245
2016-09-04 08:00:00+00:00,22.4,85,955.1,0.2,5.5,247
2016-09-04 09:00:00+00:00,22.5,84,955.1,0.2,5.7,252
2016-09-04 10:00:00+00:00,21.8,90,954.9,0.1,3.3,193
2016-09-04 11:00:00+00:00,21.7,90,954.8,0.0,4.7,203
2016-09-04 12:00:00+00:00,21.7,89,955.5,0.0,6.4,243
2016-09-04 13:00:00+00:00,21.6,89,956.2,0.0,6.3,257
2016-09-04 14:00:00+00:00,21.6,91,956.5,0.0,4.0,260
2016-09-04 15:00:00+00:00,20.9,92,956.5,0.0,3.9,248
2016-09-04 16:00:00+00:00,20.9,91,956.1,0.0,3.8,229
2016-09-04 17:00:00+00:00,20.7,91,955.6,0.3,4.1,218
2016-09-04 18:00:00+00:00,20.4,91,955.1,0.5,5.4,222
2016-09-04 19:00:00+00:00,20.4,91,954.9,0.4,6.0,237
2016-09-04 20:00:00+00:00,19.8,93,954.6,0.9,5.9,256
2016-09-04 21:00:00+00:00,19.7,93,954.9,1.5,4.7,261
2016-09-04 22:00:00+00:00,19.3,95,955.7,1.9,3.1,339
2016-09-04 23:00:00+00:00,19.4,95,955.8,2.1,3.2,360
2016-09-05 00:00:00+00:00,19.8,94,956.6,2.0,4.7,356
2016-09-05 01:00:00+00:00,20.1,92,956.7,1.7,5.6,345
2016-09-05 02:00:00+00:00,20.7,90,957.3,1.2,6.0,335
2016-09-05 03:00:00+00:00,20.7,90,957.3,0.7,4.7,351
2016-09-05 04:00:00+00:00,20.7,91,957.2,0.4,4.7,4
2016-09-05 05:00:00+00:00,21.1,88,956.9,0.1,4.0,10
2016-09-05 06:00:00+00:00,21.3,88,956.4,0.1,4.8,13
2016-09-05 07:00:00+00:00,21.4,86,955.9,0.0,5.3,28
2016-09-05 08:00:00+00:00,21.6,82,955.6,0.0,5.0,21
2016-09-05 09:00:00+00:00,21.7,81,955.6,0.0,4.5,14
2016-09-05 10:00:00+00:00,20.1,93,956.4,0.0,7.8,13
2016-09-05 11:00:00+00:00,20.0,93,956.3,0.0,7.5,17
2016-09-05 12:00:00+00:00,20.3,92,956.4,0.0,6.3,13
2016-09-05 13:00:00+00:00,20.4,92,956.9,0.0,5.1,4
2016-09-05 14:00:00+00:00,20.5,92,957.2,0.0,4.2,340
2016-09-05 15:00:00+00:00,20.3,93,957.1,0.0,3.7,299
2016-09-05 16:00:00+00:00,20.2,92,956.8,0.0,4.3,270
2016-09-05 17:00:00+00:00,20.2,91,956.5,0.0,4.5,256
2016-09-05 18:00:00+00:00,20.0,91,956.4,0.0,4.2,250
2016-09-05 19:00:00+00:00,19.9,92,955.7,0.1,2.6,254
2016-09-05 20:00:00+00:00,19.5,93,955.8,0.1,2.4,243
2016-09-05 21:00:00+00:00,19.4,95,955.4,0.1,2.9,263
2016-09-05 22:00:00+00:00,18.9,94,956.0,0.0,3.0,284
2016-09-05 23:00:00+00:00,18.8,94,956.3,0.0,1.8,281
2016-09-06 00:00:00+00:00,19.4,91,956.8,0.0,2.5,225
2016-09-06 01:00:00+00:00,19.6,90,957.7,0.0,3.3,229
2016-09-06 02:00:00+00:00,22.6,77,958.4,0.0,3.7,259
2016-09-06 03:00:00+00:00,23.4,75,958.3,0.0,3.2,270
2016-09-06 04:00:00+00:00,23.3,75,957.7,0.0,4.0,265
2016-09-06 05:00:00+00:00,26.1,64,957.3,0.0,4.8,257
2016-09-06 06:00:00+00:00,26.1,64,956.3,0.0,5.2,245
2016-09-06 07:00:00+00:00,26.1,65,955.5,0.0,7.0,235
2016-09-06 08:00:00+00:00,26.7,61,955.4,0.0,8.2,241
2016-09-06 09:00:00+00:00,26.8,60,954.6,0.0,7.2,252
2016-09-06 10:00:00+00:00,23.7,76,954.7,0.0,5.5,247
2016-09-06 11:00:00+00:00,23.6,76,954.3,0.0,4.7,274
2016-09-06 12:00:00+00:00,23.3,79,955.1,0.0,6.2,280
2016-09-06 13:00:00+00:00,23.1,80,955.4,0.0,6.0,287
2016-09-06 14:00:00+00:00,22.8,83,956.0,0.0,4.9,287
2016-09-06 15:00:00+00:00,21.3,87,955.5,0.0,5.8,274
2016-09-06 16:00:00+00:00,21.7,86,955.3,0.0,5.1,225
2016-09-06 17:00:00+00:00,21.5,87,954.9,0.0,8.0,207
2016-09-06 18:00:00+00:00,21.4,88,954.7,0.0,9.5,205
2016-09-06 19:00:00+00:00,21.1,91,954.3,0.0,9.2,206
2016-09-06 20:00:00+00:00,20.9,94,954.1,0.0,7.6,205
2016-09-06 21:00:00+00:00,20.9,94,953.9,0.0,6.5,199
2016-09-06 22:00:00+00:00,21.5,91,954.5,0.0,7.4,157
2016-09-06 23:00:00+00:00,21.4,91,955.0,0.0,4.2,149
2016-09-07 00:00:00+00:00,21.4,91,955.7,0.0,4.2,160
2016-09-07 01:00:00+00:00,21.4,91,956.0,0.0,4.0,190
2016-09-07 02:00:00+00:00,24.8,78,956.5,0.0,3.3,193
2016-09-07 03:00:00+00:00,24.9,76,956.3,0.0,3.9,202
2016-09-07 04:00:00+00:00,25.5,75,955.5,0.0,5.6,207
2016-09-07 05:00:00+00:00,27.3,65,955.5,0.0,6.9,223
2016-09-07 06:00:00+00:00,27.1,66,954.8,0.3,7.9,227
2016-09-07 07:00:00+00:00,27.1,66,954.0,0.4,7.7,221
2016-09-07 08:00:00+00:00,25.9,70,952.9,0.0,6.8,212
2016-09-07 09:00:00+00:00,26.1,69,952.6,0.0,7.1,221
2016-09-07 10:00:00+00:00,24.4,80,952.7,0.1,4.7,238
2016-09-07 11:00:00+00:00,24.2,81,952.4,0.0,1.8,233
2016-09-07 12:00:00+00:00,23.9,84,953.2,0.0,3.7,209
2016-09-07 13:00:00+00:00,24.0,84,953.9,0.0,2.6,196
2016-09-07 14:00:00+00:00,23.7,87,954.7,0.0,2.6,236
2016-09-07 15:00:00+00:00,22.5,92,954.6,0.0,5.0,249
2016-09-07 16:00:00+00:00,22.2,92,954.6,0.0,5.2,254
2016-09-07 17:00:00+00:00,22.2,92,954.4,0.0,5.2,258
2016-09-07 18:00:00+00:00,22.0,92,953.6,0.0,4.6,252
2016-09-07 19:00:00+00:00,22.0,93,953.6,0.2,5.4,217
2016-09-07 20:00:00+00:00,21.3,94,952.7,0.2,5.3,208
2016-09-07 21:00:00+00:00,21.2,95,953.3,0.1,5.5,191
2016-09-07 22:00:00+00:00,21.0,92,954.4,0.0,3.6,186
2016-09-07 23:00:00+00:00,20.8,94,954.0,0.0,3.8,197
2016-09-08 00:00:00+00:00,21.1,93,955.3,0.0,2.4,207
2016-09-08 01:00:00+00:00,21.3,93,955.8,0.0,2.8,220
2016-09-08 02:00:00+00:00,24.0,79,956.5,0.0,3.1,225
2016-09-08 03:00:00+00:00,24.5,72,956.2,0.0,4.3,228
2016-09-08 04:00:00+00:00,25.2,67,955.6,0.0,5.5,238
2016-09-08 05:00:00+00:00,26.5,58,955.2,0.0,6.9,231
2016-09-08 06:00:00+00:00,26.5,58,954.7,0.0,6.4,218
2016-09-08 07:00:00+00:00,26.8,59,953.8,0.0,6.2,201
2016-09-08 08:00:00+00:00,26.7,59,953.5,0.0,6.3,204
2016-09-08 09:00:00+00:00,26.6,59,953.1,0.0,5.5,212
2016-09-08 10:00:00+00:00,24.1,72,953.9,0.0,5.2,196
2016-09-08 11:00:00+00:00,23.5,76,953.6,0.0,5.6,165
2016-09-08 12:00:00+00:00,22.6,82,953.8,0.0,5.4,180
2016-09-08 13:00:00+00:00,22.2,85,953.8,0.0,4.7,212
2016-09-08 14:00:00+00:00,21.4,87,954.4,0.0,5.0,240
2016-09-08 15:00:00+00:00,20.7,91,953.9,0.0,4.4,235
2016-09-08 16:00:00+00:00,20.8,90,954.0,0.0,4.6,231
2016-09-08 17:00:00+00:00,20.7,92,953.7,0.0,3.6,233
2016-09-08 18:00:00+00:00,21.0,91,953.2,0.0,3.2,180
2016-09-08 19:00:00+00:00,20.5,93,952.7,0.0,3.0,104
2016-09-08 20:00:00+00:00,19.7,98,952.3,0.0,3.3,84
2016-09-08 21:00:00+00:00,19.9,97,952.4,0.0,2.9,97
2016-09-08 22:00:00+00:00,19.5,99,953.2,0.0,3.3,103
2016-09-08 23:00:00+00:00,20.0,98,953.1,0.0,1.6,63
2016-09-09 00:00:00+00:00,20.5,97,954.8,0.0,2.6,344
2016-09-09 01:00:00+00:00,21.6,90,955.3,0.0,5.4,340
2016-09-09 02:00:00+00:00,24.6,75,956.1,0.0,6.5,354
2016-09-09 03:00:00+00:00,25.0,72,956.1,0.0,6.8,3
2016-09-09 04:00:00+00:00,25.4,70,955.3,0.0,6.0,17
2016-09-09 05:00:00+00:00,27.7,57,955.3,0.0,5.5,32
2016-09-09 06:00:00+00:00,27.8,55,954.7,0.0,5.9,47
2016-09-09 07:00:00+00:00,28.0,54,954.3,0.0,4.0,27
2016-09-09 08:00:00+00:00,28.7,53,954.2,0.0,5.0,339
2016-09-09 09:00:00+00:00,28.1,55,954.1,0.0,8.7,312
2016-09-09 10:00:00+00:00,25.6,69,955.2,0.0,8.6,268
2016-09-09 11:00:00+00:00,25.5,68,954.4,0.0,7.9,270
2016-09-09 12:00:00+00:00,25.1,71,955.7,0.0,7.6,275
2016-09-09 13:00:00+00:00,24.9,73,956.4,0.0,6.5,273
2016-09-09 14:00:00+00:00,24.2,76,957.6,0.0,5.8,277
2016-09-09 15:00:00+00:00,22.7,82,957.4,0.0,7.8,304
2016-09-09 16:00:00+00:00,22.7,80,957.4,0.0,8.4,301
2016-09-09 17:00:00+00:00,22.6,79,957.3,0.0,8.2,285
2016-09-09 18:00:00+00:00,22.3,79,956.5,0.0,8.0,280
2016-09-09 19:00:00+00:00,22.3,79,956.4,0.0,7.7,281
2016-09-09 20:00:00+00:00,20.8,86,955.9,0.0,7.3,281
2016-09-09 21:00:00+00:00,20.5,89,955.6,0.0,6.7,286
2016-09-09 22:00:00+00:00,21.3,85,956.4,0.0,6.8,288
2016-09-09 23:00:00+00:00,21.2,86,956.8,0.0,5.5,293
2016-09-10 00:00:00+00:00,22.5,82,957.4,0.0,6.6,292
2016-09-10 01:00:00+00:00,23.0,77,958.1,0.0,5.2,286
2016-09-10 02:00:00+00:00,27.8,56,958.9,0.0,5.5,293
2016-09-10 03:00:00+00:00,28.4,51,958.8,0.0,5.9,284
2016-09-10 04:00:00+00:00,28.2,52,958.0,0.0,6.1,270
2016-09-10 05:00:00+00:00,31.0,40,957.2,0.0,6.6,248
2016-09-10 06:00:00+00:00,31.0,42,956.7,0.0,7.2,270
2016-09-10 07:00:00+00:00,30.9,43,955.3,0.0,9.5,281
2016-09-10 08:00:00+00:00,31.5,39,955.1,0.0,10.9,279
2016-09-10 09:00:00+00:00,31.1,42,954.5,0.0,11.0,293
2016-09-10 10:00:00+00:00,26.8,59,953.8,0.0,5.4,278
2016-09-10 11:00:00+00:00,25.8,61,954.1,0.0,8.2,285
2016-09-10 12:00:00+00:00,25.0,63,954.5,0.0,8.8,289
2016-09-10 13:00:00+00:00,24.8,63,955.6,0.0,8.2,299
2016-09-10 14:00:00+00:00,24.0,66,956.4,0.0,7.7,311
2016-09-10 15:00:00+00:00,21.3,75,955.7,0.0,6.8,302
2016-09-10 16:00:00+00:00,21.2,76,955.9,0.0,7.2,288
2016-09-10 17:00:00+00:00,20.4,79,955.5,0.0,7.6,275
2016-09-10 18:00:00+00:00,20.3,78,955.1,0.0,7.3,261
2016-09-10 19:00:00+00:00,19.7,80,954.8,0.0,6.8,252
2016-09-10 20:00:00+00:00,18.1,85,954.4,0.0,6.8,252
2016-09-10 21:00:00+00:00,18.1,84,954.2,0.0,8.0,243
2016-09-10 22:00:00+00:00,20.2,77,954.7,0.0,7.9,246
2016-09-10 23:00:00+00:00,20.6,76,954.7,0.0,3.3,174
2016-09-11 00:00:00+00:00,21.2,75,956.0,0.0,2.6,164
2016-09-11 01:00:00+00:00,22.1,75,956.2,0.0,2.2,189
2016-09-11 02:00:00+00:00,27.8,56,957.3,0.0,2.2,189
2016-09-11 03:00:00+00:00,28.3,55,957.6,0.0,3.4,212
2016-09-11 04:00:00+00:00,28.7,53,956.6,0.0,4.8,228
2016-09-11 05:00:00+00:00,32.2,38,956.2,0.0,6.4,232
2016-09-11 06:00:00+00:00,32.3,37,955.1,0.0,8.0,243
2016-09-11 07:00:00+00:00,32.4,37,954.4,0.0,9.0,241
2016-09-11 08:00:00+00:00,32.2,37,953.9,0.0,9.5,241
2016-09-11 09:00:00+00:00,32.1,38,953.5,0.0,8.0,252
2016-09-11 10:00:00+00:00,28.1,56,952.5,0.0,5.2,245
2016-09-11 11:00:00+00:00,27.0,57,952.7,0.0,7.6,265
2016-09-11 12:00:00+00:00,25.8,60,953.2,0.0,7.1,285
2016-09-11 13:00:00+00:00,25.1,60,953.8,0.0,7.8,304
2016-09-11 14:00:00+00:00,23.9,67,954.7,0.0,8.4,310
2016-09-11 15:00:00+00:00,22.3,75,954.5,0.0,8.9,313
2016-09-11 16:00:00+00:00,22.9,73,954.4,0.0,6.6,299
2016-09-11 17:00:00+00:00,22.2,79,954.4,0.0,3.1,225
2016-09-11 18:00:00+00:00,22.1,81,954.2,0.0,1.5,166
2016-09-11 19:00:00+00:00,22.3,80,954.1,0.0,1.8,191
2016-09-11 20:00:00+00:00,21.9,77,954.1,0.0,4.1,345
2016-09-11 21:00:00+00:00,22.0,76,954.2,0.0,4.7,9
2016-09-11 22:00:00+00:00,23.1,66,954.4,0.0,6.2,100
2016-09-11 23:00:00+00:00,22.5,75,954.8,0.0,4.4,125
2016-09-12 00:00:00+00:00,22.4,74,955.8,0.0,2.1,31
2016-09-12 01:00:00+00:00,22.5,72,956.3,0.0,3.0,346
2016-09-12 02:00:00+00:00,25.4,57,957.3,0.0,3.8,343
2016-09-12 03:00:00+00:00,26.1,54,957.5,0.0,4.0,10
2016-09-12 04:00:00+00:00,26.9,52,957.2,0.0,4.7,23
2016-09-12 05:00:00+00:00,29.2,44,956.8,0.0,5.8,30
2016-09-12 06:00:00+00:00,29.4,45,956.6,0.0,6.1,40
2016-09-12 07:00:00+00:00,29.4,46,956.0,0.0,6.0,33
2016-09-12 08:00:00+00:00,28.7,46,955.8,0.0,5.6,40
2016-09-12 09:00:00+00:00,28.6,47,955.6,0.0,5.2,25
2016-09-12 10:00:00+00:00,25.1,70,956.4,0.0,3.4,72
2016-09-12 11:00:00+00:00,25.1,79,956.6,0.0,5.1,98
2016-09-12 12:00:00+00:00,25.7,73,957.7,0.0,5.4,37
2016-09-12 13:00:00+00:00,25.7,73,958.6,0.2,5.5,328
2016-09-12 14:00:00+00:00,24.0,84,959.7,0.4,7.1,311
2016-09-12 15:00:00+00:00,22.6,92,959.4,0.2,7.7,298
2016-09-12 16:00:00+00:00,22.9,90,959.8,0.0,7.9,294
2016-09-12 17:00:00+00:00,22.9,88,959.2,0.0,5.8,292
2016-09-12 18:00:00+00:00,22.6,89,958.7,0.1,5.2,286
2016-09-12 19:00:00+00:00,22.0,87,958.3,0.0,5.4,274
2016-09-12 20:00:00+00:00,21.2,86,957.9,0.0,4.7,261
2016-09-12 21:00:00+00:00,21.0,82,957.8,0.0,4.7,266
2016-09-12 22:00:00+00:00,20.7,78,958.1,0.0,4.7,270
2016-09-12 23:00:00+00:00,20.8,77,958.6,0.0,3.1,216
2016-09-13 00:00:00+00:00,20.9,78,959.0,0.0,2.2,180
2016-09-13 01:00:00+00:00,20.5,81,959.7,0.0,1.8,259
2016-09-13 02:00:00+00:00,21.7,79,959.9,0.0,1.8,217
2016-09-13 03:00:00+00:00,21.4,83,960.2,0.0,3.1,216
2016-09-13 04:00:00+00:00,21.2,85,959.6,0.0,4.9,234
2016-09-13 05:00:00+00:00,21.9,80,959.5,0.0,5.2,236
2016-09-13 06:00:00+00:00,21.8,79,958.8,0.0,5.3,242
2016-09-13 07:00:00+00:00,21.6,81,958.3,0.0,5.4,262
2016-09-13 08:00:00+00:00,21.8,79,957.5,0.0,4.7,293
2016-09-13 09:00:00+00:00,22.3,76,957.2,0.0,3.4,302
2016-09-13 10:00:00+00:00,21.8,80,957.7,0.0,1.0,225
2016-09-13 11:00:00+00:00,21.9,87,957.4,0.0,1.5,284
2016-09-13 12:00:00+00:00,21.5,86,957.5,0.0,2.1,301
2016-09-13 13:00:00+00:00,21.8,83,958.5,0.0,4.8,257
2016-09-13 14:00:00+00:00,21.2,85,958.9,0.0,4.7,274
2016-09-13 15:00:00+00:00,21.0,87,958.7,0.0,4.0,280
2016-09-13 16:00:00+00:00,21.0,87,958.5,0.0,3.7,281
2016-09-13 17:00:00+00:00,21.1,86,957.6,0.0,3.1,249
2016-09-13 18:00:00+00:00,21.1,85,957.2,0.7,4.1,225
2016-09-13 19:00:00+00:00,20.7,90,956.5,0.1,4.0,243
2016-09-13 20:00:00+00:00,20.1,95,956.0,0.8,3.6,264
2016-09-13 21:00:00+00:00,20.2,97,956.1,1.3,1.6,27
2016-09-13 22:00:00+00:00,19.8,92,956.4,0.1,4.4,81
2016-09-13 23:00:00+00:00,20.0,93,956.2,0.0,4.2,70
2016-09-14 00:00:00+00:00,20.5,89,956.9,0.0,4.9,36
2016-09-14 01:00:00+00:00,20.3,89,957.2,0.0,5.1,8
2016-09-14 02:00:00+00:00,20.3,88,957.4,0.0,5.2,12
2016-09-14 03:00:00+00:00,20.5,87,957.6,0.0,6.2,36
2016-09-14 04:00:00+00:00,20.6,86,956.9,0.0,8.1,45
2016-09-14 05:00:00+00:00,20.9,83,956.9,0.0,10.5,49
2016-09-14 06:00:00+00:00,20.8,83,955.9,0.0,11.5,49
2016-09-14 07:00:00+00:00,20.5,84,955.5,0.0,13.5,48
2016-09-14 08:00:00+00:00,20.0,85,955.0,0.0,13.2,43
2016-09-14 09:00:00+00:00,19.9,84,955.4,0.0,13.8,41
2016-09-14 10:00:00+00:00,19.6,86,956.6,0.0,12.9,30
2016-09-14 11:00:00+00:00,19.9,85,956.5,0.0,17.5,32
2016-09-14 12:00:00+00:00,20.2,83,957.7,0.0,16.9,29
2016-09-14 13:00:00+00:00,20.4,81,958.5,0.0,15.7,32
2016-09-14 14:00:00+00:00,20.3,80,959.1,0.0,12.4,30
2016-09-14 15:00:00+00:00,19.6,82,959.1,0.0,7.6,8
2016-09-14 16:00:00+00:00,19.4,83,959.0,0.0,3.8,311
2016-09-14 17:00:00+00:00,19.3,84,959.0,0.0,5.4,270
2016-09-14 18:00:00+00:00,18.9,87,958.7,0.0,8.0,260
2016-09-14 19:00:00+00:00,18.8,89,958.3,0.0,9.2,259
2016-09-14 20:00:00+00:00,18.4,91,957.6,0.0,9.2,259
2016-09-14 21:00:00+00:00,18.2,92,957.6,0.0,9.2,259
2016-09-14 22:00:00+00:00,18.5,88,957.6,0.0,8.7,265
2016-09-14 23:00:00+00:00,18.3,90,957.8,0.0,7.6,270
2016-09-15 00:00:00+00:00,19.3,86,958.2,0.0,8.0,280
2016-09-15 01:00:00+00:00,20.1,82,958.7,0.0,7.2,288
2016-09-15 02:00:00+00:00,23.6,67,959.4,0.0,6.6,292
2016-09-15 03:00:00+00:00,24.7,59,959.5,0.0,4.9,324
2016-09-15 04:00:00+00:00,25.0,60,958.9,0.0,5.1,8
2016-09-15 05:00:00+00:00,27.2,52,958.6,0.0,5.8,356
2016-09-15 06:00:00+00:00,27.2,54,957.6,0.0,6.3,336
2016-09-15 07:00:00+00:00,27.3,55,956.7,0.0,6.5,326
2016-09-15 08:00:00+00:00,27.2,55,955.7,0.0,5.9,317
2016-09-15 09:00:00+00:00,27.0,56,956.2,0.0,5.8,300
2016-09-15 10:00:00+00:00,24.2,72,956.0,0.0,5.0,291
2016-09-15 11:00:00+00:00,24.1,71,955.7,0.0,4.8,312
2016-09-15 12:00:00+00:00,23.5,73,956.1,0.0,5.9,317
2016-09-15 13:00:00+00:00,22.9,76,956.8,0.0,5.5,337
2016-09-15 14:00:00+00:00,22.3,80,956.8,0.0,7.1,345
2016-09-15 15:00:00+00:00,20.9,88,956.9,0.0,5.2,344
2016-09-15 16:00:00+00:00,21.4,83,956.8,0.0,3.4,18
2016-09-15 17:00:00+00:00,21.9,79,956.7,0.0,3.1,69
2016-09-15 18:00:00+00:00,21.6,80,956.0,0.0,3.3,77
2016-09-15 19:00:00+00:00,20.4,89,955.7,0.0,2.6,106
2016-09-15 20:00:00+00:00,19.9,91,955.1,0.0,2.0,135
2016-09-15 21:00:00+00:00,19.5,94,955.3,0.0,1.1,162
2016-09-15 22:00:00+00:00,20.0,93,955.8,0.0,1.3,124
2016-09-15 23:00:00+00:00,20.1,92,955.9,0.0,2.3,108
2016-09-16 00:00:00+00:00,20.5,91,956.7,0.0,2.7,113
2016-09-16 01:00:00+00:00,20.8,88,957.0,0.0,1.8,90
2016-09-16 02:00:00+00:00,23.8,75,958.0,0.0,0.7,90
2016-09-16 03:00:00+00:00,23.7,76,957.6,0.0,1.3,214
2016-09-16 04:00:00+00:00,23.6,77,956.8,0.0,0.5,225
2016-09-16 05:00:00+00:00,26.2,65,956.5,0.0,0.8,117
2016-09-16 06:00:00+00:00,26.5,63,955.4,0.0,2.2,99
2016-09-16 07:00:00+00:00,26.4,63,954.5,0.0,2.9,90
2016-09-16 08:00:00+00:00,26.8,61,953.8,0.0,3.4,72
2016-09-16 09:00:00+00:00,26.9,61,953.4,0.0,2.3,72
2016-09-16 10:00:00+00:00,24.1,74,953.6,0.0,1.1,90
2016-09-16 11:00:00+00:00,24.5,70,953.2,0.0,0.7,90
2016-09-16 12:00:00+00:00,24.3,76,953.8,0.0,3.3,311
2016-09-16 13:00:00+00:00,24.2,79,954.4,0.0,5.2,335
2016-09-16 14:00:00+00:00,23.8,80,954.8,0.0,5.6,333
2016-09-16 15:00:00+00:00,22.2,87,955.1,0.0,6.7,324
2016-09-16 16:00:00+00:00,22.1,87,955.3,0.0,5.7,325
2016-09-16 17:00:00+00:00,21.5,89,955.2,0.0,6.4,333
2016-09-16 18:00:00+00:00,21.6,88,955.1,0.0,5.5,337
2016-09-16 19:00:00+00:00,21.6,88,954.8,0.0,4.0,360
2016-09-16 20:00:00+00:00,21.8,87,954.8,0.0,3.9,22
2016-09-16 21:00:00+00:00,21.7,89,954.6,0.0,4.5,14
2016-09-16 22:00:00+00:00,21.5,86,955.4,0.0,5.2,16
2016-09-16 23:00:00+00:00,21.4,86,955.3,0.0,6.1,28
2016-09-17 00:00:00+00:00,21.3,88,956.3,0.0,6.5,34
2016-09-17 01:00:00+00:00,21.1,90,956.7,0.0,6.8,32
2016-09-17 02:00:00+00:00,23.2,82,957.8,0.0,6.5,34
2016-09-17 03:00:00+00:00,22.9,82,957.4,0.0,5.2,25
2016-09-17 04:00:00+00:00,23.3,79,957.4,0.0,5.2,12
2016-09-17 05:00:00+00:00,25.0,69,957.0,0.0,5.2,12
2016-09-17 06:00:00+00:00,25.0,68,956.2,0.0,4.9,17
2016-09-17 07:00:00+00:00,25.1,67,955.6,0.0,5.2,16
2016-09-17 08:00:00+00:00,24.9,70,955.1,0.0,6.0,17
2016-09-17 09:00:00+00:00,25.1,70,954.6,0.0,6.5,19
2016-09-17 10:00:00+00:00,23.1,79,954.8,0.0,7.2,6
2016-09-17 11:00:00+00:00,23.0,80,955.5,0.0,4.0,360
2016-09-17 12:00:00+00:00,22.9,81,955.4,0.0,4.5,346
2016-09-17 13:00:00+00:00,23.0,81,956.5,0.0,4.6,342
2016-09-17 14:00:00+00:00,22.9,82,956.8,0.0,4.3,318
2016-09-17 15:00:00+00:00,22.2,86,957.0,0.1,3.9,304
2016-09-17 16:00:00+00:00,22.1,87,956.9,0.3,3.8,311
2016-09-17 17:00:00+00:00,21.7,88,956.4,0.2,3.6,315
2016-09-17 18:00:00+00:00,21.6,90,956.2,0.4,3.8,319
2016-09-17 19:00:00+00:00,21.6,90,956.0,0.0,3.3,319
2016-09-17 20:00:00+00:00,21.2,92,955.4,0.6,3.6,323
2016-09-17 21:00:00+00:00,21.3,93,955.6,1.0,4.1,322
2016-09-17 22:00:00+00:00,20.7,94,955.7,1.1,4.0,360
2016-09-17 23:00:00+00:00,20.8,95,955.9,1.3,4.0,27
2016-09-18 00:00:00+00:00,21.1,94,956.9,0.8,4.7,23
2016-09-18 01:00:00+00:00,21.0,92,957.4,0.8,5.8,4
2016-09-18 02:00:00+00:00,21.0,92,957.4,0.3,7.3,11
2016-09-18 03:00:00+00:00,20.7,94,957.9,0.4,7.3,20
2016-09-18 04:00:00+00:00,20.4,96,957.2,1.3,7.6,25
2016-09-18 05:00:00+00:00,20.6,96,957.1,0.8,7.9,24
2016-09-18 06:00:00+00:00,20.1,100,956.6,1.6,10.1,27
2016-09-18 07:00:00+00:00,19.9,100,956.1,0.5,10.9,27
2016-09-18 08:00:00+00:00,19.7,100,955.9,0.3,11.9,29
2016-09-18 09:00:00+00:00,20.0,98,955.9,0.1,10.9,27
2016-09-18 10:00:00+00:00,20.1,95,955.9,0.3,8.5,36
2016-09-18 11:00:00+00:00,20.2,94,956.6,0.6,8.6,33
2016-09-18 12:00:00+00:00,20.3,94,957.0,0.6,8.6,33
2016-09-18 13:00:00+00:00,20.4,94,958.2,1.2,9.7,31
2016-09-18 14:00:00+00:00,20.6,93,958.9,1.7,10.8,26
2016-09-18 15:00:00+00:00,20.3,92,958.7,1.7,11.0,23
2016-09-18 16:00:00+00:00,20.3,92,958.8,1.4,9.0,16
2016-09-18 17:00:00+00:00,20.3,92,958.7,1.3,7.0,12
2016-09-18 18:00:00+00:00,20.2,93,958.5,1.4,6.0,17
2016-09-18 19:00:00+00:00,20.1,93,958.4,1.4,4.9,17
2016-09-18 20:00:00+00:00,19.7,94,958.3,1.4,2.7,337
2016-09-18 21:00:00+00:00,19.7,94,958.7,1.7,2.4,297
2016-09-18 22:00:00+00:00,19.4,96,959.7,2.0,4.3,294
2016-09-18 23:00:00+00:00,19.4,97,959.7,2.3,5.5,302
2016-09-19 00:00:00+00:00,19.6,97,960.2,2.0,5.8,300
2016-09-19 01:00:00+00:00,19.9,97,960.7,1.6,5.0,300
2016-09-19 02:00:00+00:00,21.3,90,961.5,1.1,4.7,293
2016-09-19 03:00:00+00:00,21.7,86,961.4,0.8,2.6,304
2016-09-19 04:00:00+00:00,21.9,84,961.0,0.5,1.3,304
2016-09-19 05:00:00+00:00,23.5,76,960.7,0.2,2.3,18
2016-09-19 06:00:00+00:00,24.0,73,960.0,0.1,3.9,22
2016-09-19 07:00:00+00:00,23.9,72,959.5,0.0,3.3,13
2016-09-19 08:00:00+00:00,23.4,73,959.1,0.0,4.8,13
2016-09-19 09:00:00+00:00,23.6,72,959.0,0.0,5.4,4
2016-09-19 10:00:00+00:00,21.5,82,959.2,0.0,5.2,12
2016-09-19 11:00:00+00:00,21.0,86,959.0,0.0,3.8,41
2016-09-19 12:00:00+00:00,20.8,89,959.9,0.0,3.5,24
2016-09-19 13:00:00+00:00,20.8,89,960.9,0.0,3.9,22
2016-09-19 14:00:00+00:00,20.1,91,961.1,0.0,3.7,29
2016-09-19 15:00:00+00:00,19.6,92,961.0,0.2,4.1,38
2016-09-19 16:00:00+00:00,19.5,95,961.3,0.3,3.8,49
2016-09-19 17:00:00+00:00,19.2,96,961.1,0.5,4.1,38
2016-09-19 18:00:00+00:00,19.3,95,960.8,1.0,3.2,27
2016-09-19 19:00:00+00:00,19.2,94,961.0,0.7,3.8,41
2016-09-19 20:00:00+00:00,18.9,95,960.5,0.7,4.3,42
2016-09-19 21:00:00+00:00,19.0,95,960.8,0.6,4.6,45
2016-09-19 22:00:00+00:00,18.7,97,960.9,0.5,3.4,58
2016-09-19 23:00:00+00:00,18.8,97,961.6,0.4,2.6,34
2016-09-20 00:00:00+00:00,18.9,97,962.0,0.5,4.0,360
2016-09-20 01:00:00+00:00,19.1,95,962.8,0.7,4.0,10
2016-09-20 02:00:00+00:00,20.1,91,963.2,0.4,3.7,11
2016-09-20 03:00:00+00:00,20.2,90,963.3,0.2,4.1,15
2016-09-20 04:00:00+00:00,20.4,86,963.0,0.1,5.5,23
2016-09-20 05:00:00+00:00,21.2,81,962.7,0.0,6.0,25
2016-09-20 06:00:00+00:00,21.5,79,962.2,0.0,7.9,47
2016-09-20 07:00:00+00:00,21.3,79,961.5,0.0,8.0,54
2016-09-20 08:00:00+00:00,21.6,77,961.1,0.0,8.4,50
2016-09-20 09:00:00+00:00,21.6,77,961.1,0.0,8.7,45
2016-09-20 10:00:00+00:00,20.8,81,961.6,0.0,5.9,38
2016-09-20 11:00:00+00:00,20.4,84,961.5,0.0,5.9,38
2016-09-20 12:00:00+00:00,20.2,86,962.2,0.0,4.8,63
2016-09-20 13:00:00+00:00,20.1,89,963.0,0.0,4.8,77
2016-09-20 14:00:00+00:00,19.7,92,963.8,0.0,4.0,63
2016-09-20 15:00:00+00:00,18.3,94,963.5,0.0,3.8,49
2016-09-20 16:00:00+00:00,18.0,97,963.6,0.0,3.8,49
2016-09-20 17:00:00+00:00,17.1,99,963.1,0.0,2.7,157
2016-09-20 18:00:00+00:00,17.2,100,962.8,0.0,3.9,158
2016-09-20 19:00:00+00:00,17.6,99,962.7,0.0,3.8,139
2016-09-20 20:00:00+00:00,17.0,99,962.2,0.0,2.5,135
2016-09-20 21:00:00+00:00,17.1,99,962.4,0.0,2.9,120
2016-09-20 22:00:00+00:00,17.2,98,963.1,0.0,4.9,54
2016-09-20 23:00:00+00:00,17.2,98,963.2,0.0,5.4,37
2016-09-21 00:00:00+00:00,17.5,99,964.2,0.0,5.4,53
2016-09-21 01:00:00+00:00,17.7,95,964.7,0.0,4.9,54
2016-09-21 02:00:00+00:00,20.6,80,965.4,0.0,3.6,45
2016-09-21 03:00:00+00:00,20.9,77,965.0,0.0,2.8,50
2016-09-21 04:00:00+00:00,21.2,77,964.0,0.0,2.2,99
2016-09-21 05:00:00+00:00,23.9,64,963.3,0.0,4.1,165
2016-09-21 06:00:00+00:00,24.5,61,962.5,0.0,4.7,176
2016-09-21 07:00:00+00:00,24.5,61,961.6,0.0,3.6,180
2016-09-21 08:00:00+00:00,25.1,58,961.0,0.0,3.8,197
2016-09-21 09:00:00+00:00,25.4,57,960.9,0.0,3.8,221
2016-09-21 10:00:00+00:00,23.0,72,961.0,0.0,4.0,275
2016-09-21 11:00:00+00:00,22.2,75,960.7,0.0,5.4,290
2016-09-21 12:00:00+00:00,22.3,74,961.0,0.0,4.7,302
2016-09-21 13:00:00+00:00,21.9,77,961.6,0.0,5.6,315
2016-09-21 14:00:00+00:00,21.0,83,961.8,0.0,5.7,325
2016-09-21 15:00:00+00:00,19.4,90,961.3,0.0,5.4,323
2016-09-21 16:00:00+00:00,19.4,91,961.1,0.0,4.3,336
2016-09-21 17:00:00+00:00,19.0,93,960.6,0.0,3.8,343
2016-09-21 18:00:00+00:00,19.4,93,960.1,0.0,4.5,346
2016-09-21 19:00:00+00:00,19.0,93,959.8,0.0,3.1,21
2016-09-21 20:00:00+00:00,19.1,92,959.2,0.0,3.8,41
2016-09-21 21:00:00+00:00,19.4,90,959.2,0.0,3.9,56
2016-09-21 22:00:00+00:00,19.5,92,959.9,0.0,3.6,37
2016-09-21 23:00:00+00:00,19.3,94,959.8,0.0,3.8,73
2016-09-22 00:00:00+00:00,19.4,92,960.4,0.0,3.1,111
2016-09-22 01:00:00+00:00,19.3,92,960.6,0.0,3.7,101
2016-09-22 02:00:00+00:00,21.2,84,961.1,0.0,2.9,120
2016-09-22 03:00:00+00:00,21.1,86,960.5,0.0,2.5,172
2016-09-22 04:00:00+00:00,21.5,85,959.8,0.0,3.3,167
2016-09-22 05:00:00+00:00,22.0,81,958.9,0.0,3.9,158
2016-09-22 06:00:00+00:00,22.1,79,958.2,0.0,2.8,130
2016-09-22 07:00:00+00:00,22.1,79,957.2,0.0,2.8,50
2016-09-22 08:00:00+00:00,22.2,78,956.9,0.2,6.1,3
2016-09-22 09:00:00+00:00,21.9,83,957.0,0.4,8.1,13
2016-09-22 10:00:00+00:00,20.0,94,957.2,0.4,8.1,13
2016-09-22 11:00:00+00:00,20.2,94,957.1,0.9,7.3,11
2016-09-22 12:00:00+00:00,20.4,93,957.5,1.5,7.1,15
2016-09-22 13:00:00+00:00,20.5,92,958.2,1.9,7.9,24
2016-09-22 14:00:00+00:00,20.2,93,958.6,2.5,9.2,21
2016-09-22 15:00:00+00:00,19.5,94,958.2,2.4,11.0,23
2016-09-22 16:00:00+00:00,19.6,93,957.8,1.5,10.7,33
2016-09-22 17:00:00+00:00,19.4,94,957.4,0.5,9.0,37
2016-09-22 18:00:00+00:00,19.4,94,957.4,0.6,8.2,29
2016-09-22 19:00:00+00:00,19.5,93,957.1,0.9,7.1,15
2016-09-22 20:00:00+00:00,19.3,94,956.9,0.8,7.2,6
2016-09-22 21:00:00+00:00,19.4,93,957.0,0.7,7.2,357
2016-09-22 22:00:00+00:00,19.1,94,957.4,1.1,5.4,356
2016-09-22 23:00:00+00:00,19.1,94,957.1,1.1,5.1,352
2016-09-23 00:00:00+00:00,19.3,93,957.7,0.9,5.2,348
2016-09-23 01:00:00+00:00,19.3,94,958.2,0.7,5.2,348
2016-09-23 02:00:00+00:00,20.1,90,958.6,0.4,5.2,348
2016-09-23 03:00:00+00:00,20.2,91,958.4,0.1,5.4,360
2016-09-23 04:00:00+00:00,20.1,94,958.2,0.0,5.0,360
2016-09-23 05:00:00+00:00,21.2,89,957.4,0.0,3.8,343
2016-09-23 06:00:00+00:00,20.9,90,956.8,0.0,3.0,346
2016-09-23 07:00:00+00:00,21.2,86,955.6,0.0,3.7,349
2016-09-23 08:00:00+00:00,21.7,82,955.1,0.0,3.3,354
2016-09-23 09:00:00+00:00,21.6,82,954.9,0.0,3.2,333
2016-09-23 10:00:00+00:00,21.6,82,955.2,0.0,5.1,315
2016-09-23 11:00:00+00:00,21.2,88,954.5,0.0,5.5,293
2016-09-23 12:00:00+00:00,21.1,85,955.4,0.0,4.9,287
2016-09-23 13:00:00+00:00,21.0,85,955.6,0.0,5.3,298
2016-09-23 14:00:00+00:00,20.8,87,955.6,0.0,5.2,295
2016-09-23 15:00:00+00:00,20.3,87,955.4,0.0,4.7,293
2016-09-23 16:00:00+00:00,20.0,88,955.1,0.0,4.4,305
2016-09-23 17:00:00+00:00,19.8,91,954.6,0.1,5.3,332
2016-09-23 18:00:00+00:00,20.1,88,954.1,0.1,4.7,360
2016-09-23 19:00:00+00:00,20.0,88,953.8,0.0,4.1,15
2016-09-23 20:00:00+00:00,19.5,89,953.3,0.0,4.5,14
2016-09-23 21:00:00+00:00,19.5,89,953.4,0.0,5.0,21
2016-09-23 22:00:00+00:00,19.4,88,954.1,0.0,4.7,32
2016-09-23 23:00:00+00:00,19.3,88,953.9,0.0,6.0,25
2016-09-24 00:00:00+00:00,19.4,87,954.9,0.0,7.2,18
2016-09-24 01:00:00+00:00,19.8,87,955.3,0.0,7.3,11
2016-09-24 02:00:00+00:00,20.9,82,955.9,0.0,7.0,12
2016-09-24 03:00:00+00:00,20.9,81,955.5,0.0,7.3,20
2016-09-24 04:00:00+00:00,21.1,81,955.2,0.0,7.7,28
2016-09-24 05:00:00+00:00,23.5,70,954.8,0.0,7.8,22
2016-09-24 06:00:00+00:00,23.4,70,954.0,0.0,6.4,27
2016-09-24 07:00:00+00:00,23.8,68,953.1,0.0,5.5,23
2016-09-24 08:00:00+00:00,23.8,69,953.2,0.0,5.1,8
2016-09-24 09:00:00+00:00,23.7,69,952.9,0.0,5.2,344
2016-09-24 10:00:00+00:00,22.3,76,953.3,0.0,3.9,304
2016-09-24 11:00:00+00:00,21.7,78,953.3,0.0,6.0,303
2016-09-24 12:00:00+00:00,21.5,79,953.7,0.0,5.6,297
2016-09-24 13:00:00+00:00,21.4,80,954.2,0.0,6.0,303
2016-09-24 14:00:00+00:00,21.1,83,954.3,0.0,5.7,305
2016-09-24 15:00:00+00:00,19.9,89,954.1,0.0,6.3,294
2016-09-24 16:00:00+00:00,20.6,84,954.1,0.0,2.5,225
2016-09-24 17:00:00+00:00,19.5,92,953.6,0.0,3.2,180
2016-09-24 18:00:00+00:00,19.1,95,953.1,0.0,4.3,175
2016-09-24 19:00:00+00:00,19.3,94,953.0,0.0,2.6,164
2016-09-24 20:00:00+00:00,19.2,94,952.3,0.0,1.6,117
2016-09-24 21:00:00+00:00,18.8,97,952.5,0.0,3.6,96
2016-09-24 22:00:00+00:00,18.4,97,952.7,0.0,3.6,84
2016-09-24 23:00:00+00:00,18.3,98,952.5,0.0,4.5,61
2016-09-25 00:00:00+00:00,19.3,94,954.2,0.0,6.4,38
2016-09-25 01:00:00+00:00,20.0,92,954.7,0.0,7.0,35
2016-09-25 02:00:00+00:00,22.7,80,955.3,0.0,6.4,47
2016-09-25 03:00:00+00:00,23.3,76,955.0,0.0,4.8,48
2016-09-25 04:00:00+00:00,23.2,74,954.7,0.0,3.6,53
2016-09-25 05:00:00+00:00,25.5,62,954.1,0.0,3.1,54
2016-09-25 06:00:00+00:00,25.6,63,953.1,0.0,3.9,68
2016-09-25 07:00:00+00:00,25.6,63,952.3,0.0,3.7,61
2016-09-25 08:00:00+00:00,25.3,65,952.2,0.0,3.3,49
2016-09-25 09:00:00+00:00,25.1,63,952.1,0.0,4.4,35
2016-09-25 10:00:00+00:00,22.5,81,952.2,0.0,2.8,40
2016-09-25 11:00:00+00:00,22.8,77,952.8,0.0,4.0,360
2016-09-25 12:00:00+00:00,22.5,77,953.6,0.0,5.5,349
2016-09-25 13:00:00+00:00,22.6,76,954.3,0.0,6.1,332
2016-09-25 14:00:00+00:00,22.2,78,954.1,0.0,5.9,317
2016-09-25 15:00:00+00:00,21.3,85,953.9,0.0,4.1,315
2016-09-25 16:00:00+00:00,21.2,85,953.9,0.0,3.6,307
2016-09-25 17:00:00+00:00,21.3,85,953.9,0.0,5.2,304
2016-09-25 18:00:00+00:00,21.3,85,953.5,0.0,5.1,315
2016-09-25 19:00:00+00:00,21.3,84,953.1,0.0,5.0,330
2016-09-25 20:00:00+00:00,20.6,90,952.7,0.0,4.7,356
2016-09-25 21:00:00+00:00,20.4,90,952.3,0.0,3.3,6
2016-09-25 22:00:00+00:00,20.1,93,952.7,0.0,3.3,49
2016-09-25 23:00:00+00:00,20.1,93,953.0,0.0,3.4,58
2016-09-26 00:00:00+00:00,20.3,91,953.9,0.0,4.4,35
2016-09-26 01:00:00+00:00,20.3,90,954.7,0.0,5.7,18
2016-09-26 02:00:00+00:00,21.2,86,955.6,0.0,6.6,13
2016-09-26 03:00:00+00:00,21.1,88,955.8,0.0,7.4,14
2016-09-26 04:00:00+00:00,21.3,86,955.8,0.0,7.1,15
2016-09-26 05:00:00+00:00,22.2,80,955.3,0.0,5.8,360
2016-09-26 06:00:00+00:00,22.3,80,954.9,0.0,5.4,340
2016-09-26 07:00:00+00:00,22.4,79,954.5,0.0,4.9,324
2016-09-26 08:00:00+00:00,22.6,78,954.2,0.0,4.4,325
2016-09-26 09:00:00+00:00,23.1,74,954.3,0.0,4.1,315
2016-09-26 10:00:00+00:00,21.9,79,954.9,0.0,5.4,266
2016-09-26 11:00:00+00:00,21.7,82,955.1,0.0,7.2,270
2016-09-26 12:00:00+00:00,21.5,83,955.8,0.0,6.5,267
2016-09-26 13:00:00+00:00,21.6,83,956.4,0.0,5.4,262
2016-09-26 14:00:00+00:00,21.3,84,956.6,0.0,5.5,247
2016-09-26 15:00:00+00:00,21.1,85,956.6,0.0,5.8,240
2016-09-26 16:00:00+00:00,21.2,85,956.6,0.0,6.3,246
2016-09-26 17:00:00+00:00,21.2,85,956.2,0.1,5.4,262
2016-09-26 18:00:00+00:00,21.1,85,955.9,0.0,4.3,270
2016-09-26 19:00:00+00:00,21.1,85,955.8,0.0,4.3,265
2016-09-26 20:00:00+00:00,20.4,89,955.6,0.0,5.1,262
2016-09-26 21:00:00+00:00,20.7,87,955.5,0.0,5.4,274
2016-09-26 22:00:00+00:00,20.6,87,956.3,0.0,4.8,243
2016-09-26 23:00:00+00:00,20.7,87,956.4,0.0,5.8,263
2016-09-27 00:00:00+00:00,21.2,86,957.2,0.0,3.8,287
2016-09-27 01:00:00+00:00,21.5,81,957.6,0.0,3.4,302
2016-09-27 02:00:00+00:00,24.5,70,958.7,0.0,3.6,270
2016-09-27 03:00:00+00:00,24.8,70,958.8,0.0,5.4,270
2016-09-27 04:00:00+00:00,25.0,70,958.5,0.0,7.2,273
2016-09-27 05:00:00+00:00,27.8,56,958.3,0.0,8.5,282
2016-09-27 06:00:00+00:00,27.8,56,957.6,0.0,7.9,286
2016-09-27 07:00:00+00:00,28.1,55,956.9,0.0,6.6,299
2016-09-27 08:00:00+00:00,27.9,55,956.9,0.0,5.9,313
2016-09-27 09:00:00+00:00,27.7,55,956.7,0.0,6.7,344
2016-09-27 10:00:00+00:00,24.7,71,956.9,0.0,5.5,337
2016-09-27 11:00:00+00:00,24.4,72,957.2,0.0,6.1,357
2016-09-27 12:00:00+00:00,24.0,74,958.3,0.0,7.6,357
2016-09-27 13:00:00+00:00,24.2,73,959.3,0.0,7.6,341
2016-09-27 14:00:00+00:00,23.3,76,960.0,0.0,7.2,333
2016-09-27 15:00:00+00:00,22.0,81,960.0,0.0,7.5,325
2016-09-27 16:00:00+00:00,21.9,80,960.1,0.0,7.9,317
2016-09-27 17:00:00+00:00,21.8,79,959.8,0.0,8.2,308
2016-09-27 18:00:00+00:00,21.8,80,959.7,0.0,8.9,302
2016-09-27 19:00:00+00:00,21.7,79,959.0,0.0,9.0,299
2016-09-27 20:00:00+00:00,21.2,80,958.8,0.0,9.2,301
2016-09-27 21:00:00+00:00,21.1,79,958.6,0.0,9.5,299
2016-09-27 22:00:00+00:00,21.1,79,959.2,0.0,10.7,284
2016-09-27 23:00:00+00:00,21.4,78,959.4,0.0,10.8,291
2016-09-28 00:00:00+00:00,21.3,79,960.1,0.0,10.0,296
2016-09-28 01:00:00+00:00,20.9,81,960.1,0.0,9.8,298
2016-09-28 02:00:00+00:00,25.5,62,960.9,0.0,9.9,303
2016-09-28 03:00:00+00:00,25.8,60,960.7,0.0,8.4,320
2016-09-28 04:00:00+00:00,26.5,57,960.0,0.0,5.4,352
2016-09-28 05:00:00+00:00,28.7,47,959.4,0.0,4.6,18
2016-09-28 06:00:00+00:00,28.9,47,958.4,0.0,4.5,29
2016-09-28 07:00:00+00:00,29.0,47,957.6,0.0,5.2,12
2016-09-28 08:00:00+00:00,28.3,48,957.2,0.0,6.5,360
2016-09-28 09:00:00+00:00,27.9,50,956.8,0.0,9.1,351
2016-09-28 10:00:00+00:00,24.9,67,956.4,0.0,5.8,338
2016-09-28 11:00:00+00:00,24.9,65,957.1,0.0,7.9,330
2016-09-28 12:00:00+00:00,24.4,67,957.8,0.0,8.4,335
2016-09-28 13:00:00+00:00,23.7,69,958.2,0.0,8.2,345
2016-09-28 14:00:00+00:00,22.7,75,958.3,0.0,7.1,345
2016-09-28 15:00:00+00:00,21.1,86,958.3,0.0,5.8,356
2016-09-28 16:00:00+00:00,21.3,85,958.1,0.0,5.4,8
2016-09-28 17:00:00+00:00,21.0,85,957.6,0.0,6.3,24
2016-09-28 18:00:00+00:00,21.0,86,957.3,0.0,7.0,35
2016-09-28 19:00:00+00:00,21.4,83,956.9,0.0,5.7,35
2016-09-28 20:00:00+00:00,20.8,86,956.7,0.0,4.6,18
2016-09-28 21:00:00+00:00,20.2,91,956.4,0.0,5.2,344
2016-09-28 22:00:00+00:00,20.5,87,956.7,0.0,7.1,24
2016-09-28 23:00:00+00:00,20.1,90,956.7,0.0,5.9,47
2016-09-29 00:00:00+00:00,21.0,85,957.1,0.0,6.1,28
2016-09-29 01:00:00+00:00,22.1,81,957.8,0.0,5.6,27
2016-09-29 02:00:00+00:00,24.9,68,958.5,0.0,7.1,45
2016-09-29 03:00:00+00:00,25.2,66,958.5,0.0,7.0,55
2016-09-29 04:00:00+00:00,25.0,66,957.6,0.2,5.9,52
2016-09-29 05:00:00+00:00,25.8,60,957.0,0.2,5.4,37
2016-09-29 06:00:00+00:00,25.6,62,956.1,0.0,5.2,25
2016-09-29 07:00:00+00:00,25.6,63,955.3,0.1,6.4,27
2016-09-29 08:00:00+00:00,24.9,65,955.0,0.0,7.6,25
2016-09-29 09:00:00+00:00,24.8,64,955.2,0.0,7.6,3
2016-09-29 10:00:00+00:00,22.3,80,955.8,0.0,6.3,336
2016-09-29 11:00:00+00:00,22.5,79,955.8,0.0,6.9,351
2016-09-29 12:00:00+00:00,22.6,78,956.7,0.0,7.7,349
2016-09-29 13:00:00+00:00,22.7,78,957.3,0.0,8.2,345
2016-09-29 14:00:00+00:00,22.7,78,957.8,0.0,7.6,341
2016-09-29 15:00:00+00:00,21.4,82,957.8,0.0,6.6,338
2016-09-29 16:00:00+00:00,21.6,83,957.6,0.0,5.6,320
2016-09-29 17:00:00+00:00,21.2,85,957.3,0.0,5.1,309
2016-09-29 18:00:00+00:00,21.5,83,956.8,0.0,4.7,293
2016-09-29 19:00:00+00:00,21.5,84,956.6,0.0,4.1,285
2016-09-29 20:00:00+00:00,20.9,84,955.9,0.0,4.3,270
2016-09-29 21:00:00+00:00,21.0,84,956.0,0.0,3.7,259
2016-09-29 22:00:00+00:00,20.2,89,955.9,0.0,5.4,250
2016-09-29 23:00:00+00:00,20.2,89,955.8,0.0,4.3,222
2016-09-30 00:00:00+00:00,20.7,86,956.1,0.0,6.5,236
2016-09-30 01:00:00+00:00,20.9,84,956.6,0.0,4.1,255
2016-09-30 02:00:00+00:00,25.6,64,957.3,0.0,3.7,259
2016-09-30 03:00:00+00:00,26.0,64,957.0,0.0,3.2,243
2016-09-30 04:00:00+00:00,26.1,63,956.3,0.0,3.4,198
2016-09-30 05:00:00+00:00,28.8,50,955.6,0.0,4.3,180
2016-09-30 06:00:00+00:00,28.8,51,954.7,0.0,3.2,180
2016-09-30 07:00:00+00:00,28.6,52,953.7,0.0,2.5,188
2016-09-30 08:00:00+00:00,28.3,53,953.0,0.0,3.0,194
2016-09-30 09:00:00+00:00,28.0,53,953.0,0.0,2.9,277
2016-09-30 10:00:00+00:00,25.0,68,952.6,0.0,3.4,288
2016-09-30 11:00:00+00:00,25.0,69,952.8,0.0,5.3,298
2016-09-30 12:00:00+00:00,24.3,71,953.8,0.0,7.1,315
2016-09-30 13:00:00+00:00,24.4,70,954.8,0.0,8.2,331
2016-09-30 14:00:00+00:00,23.7,75,955.4,0.0,7.8,338
2016-09-30 15:00:00+00:00,22.2,83,955.5,0.0,6.6,338
2016-09-30 16:00:00+00:00,22.5,83,955.9,0.0,5.5,337
2016-09-30 17:00:00+00:00,21.9,88,955.7,0.0,6.6,338
2016-09-30 18:00:00+00:00,22.1,86,955.7,0.0,6.8,342
2016-09-30 19:00:00+00:00,22.1,85,955.7,0.0,5.9,346
2016-09-30 20:00:00+00:00,21.6,85,955.6,0.0,5.1,356
2016-09-30 21:00:00+00:00,21.8,84,955.7,0.0,5.8,356
2016-09-30 22:00:00+00:00,21.7,84,955.7,0.2,4.7,351
2016-09-30 23:00:00+00:00,21.7,84,956.3,1.2,7.1,330
2016-10-01 00:00:00+00:00,21.3,88,956.5,0.1,8.1,315
2016-10-01 01:00:00+00:00,21.1,90,957.0,0.0,7.9,300
2016-10-01 02:00:00+00:00,25.4,72,958.1,0.0,8.4,290
2016-10-01 03:00:00+00:00,26.0,69,958.2,0.0,8.8,282
2016-10-01 04:00:00+00:00,26.5,68,957.6,0.0,8.3,268
2016-10-01 05:00:00+00:00,29.9,53,957.4,0.0,7.8,257
2016-10-01 06:00:00+00:00,30.1,52,956.6,0.0,7.2,252
2016-10-01 07:00:00+00:00,30.1,52,955.8,0.0,6.6,257
2016-10-01 08:00:00+00:00,30.5,50,955.2,0.0,6.2,263
2016-10-01 09:00:00+00:00,30.2,51,955.1,0.0,6.5,273
2016-10-01 10:00:00+00:00,26.3,66,954.2,0.0,4.0,297
2016-10-01 11:00:00+00:00,25.1,73,954.7,0.0,7.8,304
2016-10-01 12:00:00+00:00,24.7,73,955.4,0.0,6.4,308
2016-10-01 13:00:00+00:00,24.7,73,956.1,0.0,7.3,303
2016-10-01 14:00:00+00:00,23.7,79,956.6,0.0,6.6,299
2016-10-01 15:00:00+00:00,21.2,88,956.2,0.0,6.9,276
2016-10-01 16:00:00+00:00,21.3,90,956.1,0.0,6.4,254
2016-10-01 17:00:00+00:00,21.4,89,955.8,0.0,4.3,246
2016-10-01 18:00:00+00:00,21.2,90,955.5,0.0,2.5,225
2016-10-01 19:00:00+00:00,20.6,93,955.1,0.0,2.3,252
2016-10-01 20:00:00+00:00,19.7,95,954.9,0.0,1.8,281
2016-10-01 21:00:00+00:00,19.8,95,955.0,0.0,2.6,286
2016-10-01 22:00:00+00:00,21.0,86,956.1,0.0,5.6,315
2016-10-01 23:00:00+00:00,20.5,89,956.6,0.0,5.6,333
2016-10-02 00:00:00+00:00,21.0,87,957.0,0.0,6.2,339
2016-10-02 01:00:00+00:00,21.2,88,957.6,0.0,3.7,349
2016-10-02 02:00:00+00:00,27.1,63,958.8,0.0,2.6,326
2016-10-02 03:00:00+00:00,27.3,63,958.8,0.0,3.8,253
2016-10-02 04:00:00+00:00,27.8,64,957.9,0.0,6.9,219
2016-10-02 05:00:00+00:00,30.8,51,957.3,0.0,8.9,207
2016-10-02 06:00:00+00:00,30.9,50,956.3,0.0,9.2,206
2016-10-02 07:00:00+00:00,30.9,49,955.3,0.0,9.2,206
2016-10-02 08:00:00+00:00,31.5,46,955.1,0.0,8.7,210
2016-10-02 09:00:00+00:00,31.7,44,954.7,0.0,8.3,214
2016-10-02 10:00:00+00:00,27.0,67,954.0,0.0,4.1,255
2016-10-02 11:00:00+00:00,25.7,73,954.1,0.0,6.9,313
2016-10-02 12:00:00+00:00,25.7,72,954.6,0.0,6.4,333
2016-10-02 13:00:00+00:00,25.5,73,955.2,0.0,6.2,339
2016-10-02 14:00:00+00:00,24.1,82,955.3,0.0,6.1,332
2016-10-02 15:00:00+00:00,22.3,92,955.1,0.0,6.9,321
2016-10-02 16:00:00+00:00,22.1,92,954.9,0.0,6.9,309
2016-10-02 17:00:00+00:00,21.7,93,954.8,0.0,5.0,300
2016-10-02 18:00:00+00:00,21.9,92,954.5,0.0,3.5,294
2016-10-02 19:00:00+00:00,22.2,91,954.4,0.0,3.3,276
2016-10-02 20:00:00+00:00,21.5,91,953.7,0.0,2.1,239
2016-10-02 21:00:00+00:00,20.8,94,953.4,0.0,1.1,198
2016-10-02 22:00:00+00:00,21.2,94,954.0,0.0,1.9,202
2016-10-02 23:00:00+00:00,21.4,94,954.3,0.0,2.2,189
2016-10-03 00:00:00+00:00,21.9,92,955.0,0.0,4.7,212
2016-10-03 01:00:00+00:00,22.4,89,955.1,0.0,2.7,247
2016-10-03 02:00:00+00:00,28.3,65,956.1,0.0,3.3,221
2016-10-03 03:00:00+00:00,28.1,65,955.4,0.0,6.7,196
2016-10-03 04:00:00+00:00,28.2,64,954.7,0.0,9.8,188
2016-10-03 05:00:00+00:00,31.2,51,953.8,0.0,11.3,187
2016-10-03 06:00:00+00:00,31.3,50,952.6,0.0,10.5,186
2016-10-03 07:00:00+00:00,31.4,50,951.3,0.0,9.4,184
2016-10-03 08:00:00+00:00,31.4,47,950.9,0.0,8.0,185
2016-10-03 09:00:00+00:00,31.8,45,950.9,0.0,5.1,184
2016-10-03 10:00:00+00:00,28.2,57,950.2,0.0,2.4,243
2016-10-03 11:00:00+00:00,27.3,66,950.3,0.0,5.6,310
2016-10-03 12:00:00+00:00,27.2,70,950.8,0.0,6.2,324
2016-10-03 13:00:00+00:00,26.2,75,951.4,0.0,6.9,332
2016-10-03 14:00:00+00:00,25.8,78,951.4,0.0,7.4,331
2016-10-03 15:00:00+00:00,23.3,89,951.4,0.0,6.7,324
2016-10-03 16:00:00+00:00,23.5,88,951.3,0.0,6.3,329
2016-10-03 17:00:00+00:00,23.7,88,951.3,0.0,6.5,341
2016-10-03 18:00:00+00:00,23.8,87,951.0,0.0,6.8,357
2016-10-03 19:00:00+00:00,23.7,86,951.2,0.0,6.6,13
2016-10-03 20:00:00+00:00,22.9,89,950.6,0.0,6.8,25
2016-10-03 21:00:00+00:00,22.9,88,950.8,0.0,6.8,25
2016-10-03 22:00:00+00:00,22.7,87,951.4,0.0,5.9,14
2016-10-03 23:00:00+00:00,23.0,86,952.0,0.0,7.6,25
2016-10-04 00:00:00+00:00,23.3,85,953.1,0.0,12.2,28
2016-10-04 01:00:00+00:00,23.5,82,953.7,0.0,14.7,25
2016-10-04 02:00:00+00:00,27.7,63,955.2,0.0,17.4,30
2016-10-04 03:00:00+00:00,28.2,61,955.2,0.0,20.3,33
2016-10-04 04:00:00+00:00,29.0,58,954.9,0.0,20.0,34
2016-10-04 05:00:00+00:00,31.1,46,954.7,0.0,22.3,34
2016-10-04 06:00:00+00:00,29.4,48,954.4,0.0,27.0,37
2016-10-04 07:00:00+00:00,28.7,45,954.9,0.0,28.5,35
2016-10-04 08:00:00+00:00,27.7,42,954.9,0.0,25.4,35
2016-10-04 09:00:00+00:00,27.9,40,955.5,0.0,22.4,33
2016-10-04 10:00:00+00:00,25.2,43,953.6,0.0,18.6,36
2016-10-04 11:00:00+00:00,25.7,39,955.0,0.0,16.1,34
2016-10-04 12:00:00+00:00,25.8,37,955.8,0.0,13.9,37
2016-10-04 13:00:00+00:00,25.6,37,957.0,0.0,11.2,33
2016-10-04 14:00:00+00:00,24.5,49,957.4,0.0,6.7,16
2016-10-04 15:00:00+00:00,24.3,45,957.5,0.0,6.9,332
2016-10-04 16:00:00+00:00,23.3,53,957.8,0.0,5.2,295
2016-10-04 17:00:00+00:00,22.5,62,957.4,0.0,5.2,282
2016-10-04 18:00:00+00:00,22.2,69,957.3,0.0,6.7,286
2016-10-04 19:00:00+00:00,22.2,73,957.7,0.0,7.6,289
2016-10-04 20:00:00+00:00,21.5,78,957.0,0.0,8.1,291
2016-10-04 21:00:00+00:00,21.8,77,957.1,0.0,8.8,289
2016-10-04 22:00:00+00:00,21.5,79,956.9,0.0,7.0,291
2016-10-04 23:00:00+00:00,21.6,77,956.4,0.2,6.6,311
2016-10-05 00:00:00+00:00,21.4,75,957.2,0.3,6.4,322
2016-10-05 01:00:00+00:00,20.9,76,957.4,0.0,6.3,347
2016-10-05 02:00:00+00:00,22.3,68,958.3,0.0,7.9,357
2016-10-05 03:00:00+00:00,22.3,63,957.9,0.0,8.6,360
2016-10-05 04:00:00+00:00,21.4,65,957.6,0.0,9.1,353
2016-10-05 05:00:00+00:00,22.8,59,957.3,0.0,10.1,356
2016-10-05 06:00:00+00:00,22.6,59,956.5,0.0,11.9,3
2016-10-05 07:00:00+00:00,23.2,56,955.9,0.0,12.7,8
2016-10-05 08:00:00+00:00,22.4,60,955.4,0.0,13.6,17
2016-10-05 09:00:00+00:00,22.2,61,955.8,0.0,13.2,17
2016-10-05 10:00:00+00:00,20.8,65,955.7,0.0,9.0,23
2016-10-05 11:00:00+00:00,21.2,64,955.7,0.0,6.8,25
2016-10-05 12:00:00+00:00,21.5,63,956.6,0.0,5.8,356
2016-10-05 13:00:00+00:00,21.7,62,957.2,0.0,4.5,346
2016-10-05 14:00:00+00:00,21.5,64,957.6,0.0,4.5,346
2016-10-05 15:00:00+00:00,20.8,70,957.8,0.0,4.7,351
2016-10-05 16:00:00+00:00,20.6,71,958.0,0.0,4.3,360
2016-10-05 17:00:00+00:00,20.0,77,957.6,0.4,3.8,17
2016-10-05 18:00:00+00:00,19.7,81,957.4,0.9,4.2,340
2016-10-05 19:00:00+00:00,19.6,85,957.2,0.8,3.4,302
2016-10-05 20:00:00+00:00,19.0,90,956.7,0.7,2.5,278
2016-10-05 21:00:00+00:00,19.1,90,956.5,0.7,2.5,270
2016-10-05 22:00:00+00:00,18.6,92,957.2,0.6,0.8,63
2016-10-05 23:00:00+00:00,18.7,92,957.1,0.4,3.5,66
2016-10-06 00:00:00+00:00,18.7,92,957.3,0.0,3.6,45
2016-10-06 01:00:00+00:00,18.6,90,957.9,0.0,3.2,27
2016-10-06 02:00:00+00:00,19.7,83,958.1,0.0,3.3,13
2016-10-06 03:00:00+00:00,19.3,86,958.3,0.0,4.0,10
2016-10-06 04:00:00+00:00,19.3,87,957.7,0.0,5.6,15
2016-10-06 05:00:00+00:00,21.3,78,957.4,0.0,6.6,22
2016-10-06 06:00:00+00:00,21.4,77,956.5,0.0,7.4,29
2016-10-06 07:00:00+00:00,21.2,77,955.5,0.0,7.5,35
2016-10-06 08:00:00+00:00,21.5,75,955.2,0.0,7.7,41
2016-10-06 09:00:00+00:00,21.6,73,955.1,0.0,7.4,39
2016-10-06 10:00:00+00:00,20.4,78,954.8,0.0,7.2,27
2016-10-06 11:00:00+00:00,20.6,79,954.6,0.0,6.2,10
2016-10-06 12:00:00+00:00,20.5,81,955.3,0.0,8.3,358
2016-10-06 13:00:00+00:00,20.7,81,956.1,0.0,9.4,356
2016-10-06 14:00:00+00:00,20.7,82,956.2,0.2,7.6,3
2016-10-06 15:00:00+00:00,19.7,88,956.4,0.6,7.7,11
2016-10-06 16:00:00+00:00,19.8,89,956.2,0.7,8.6,15
2016-10-06 17:00:00+00:00,19.9,90,956.2,0.9,9.4,18
2016-10-06 18:00:00+00:00,19.9,90,956.3,0.8,10.5,22
2016-10-06 19:00:00+00:00,19.9,90,956.7,0.5,11.9,25
2016-10-06 20:00:00+00:00,19.0,94,956.4,0.5,13.5,25
2016-10-06 21:00:00+00:00,19.0,93,956.7,0.3,13.4,27
2016-10-06 22:00:00+00:00,18.2,91,957.6,0.2,12.1,30
2016-10-06 23:00:00+00:00,18.3,90,958.2,0.5,10.9,27
2016-10-07 00:00:00+00:00,18.7,88,959.0,0.2,10.0,26
2016-10-07 01:00:00+00:00,18.7,90,959.7,0.2,9.0,23
2016-10-07 02:00:00+00:00,19.5,87,960.4,0.2,7.4,23
2016-10-07 03:00:00+00:00,19.4,88,960.5,0.0,7.0,21
2016-10-07 04:00:00+00:00,19.4,87,960.4,0.0,7.5,35
2016-10-07 05:00:00+00:00,20.0,82,959.9,0.0,9.7,48
2016-10-07 06:00:00+00:00,20.4,78,959.4,0.0,8.7,45
2016-10-07 07:00:00+00:00,20.3,76,958.9,0.0,8.4,25
2016-10-07 08:00:00+00:00,20.7,74,958.9,0.0,7.6,360
2016-10-07 09:00:00+00:00,20.6,76,959.3,0.0,7.8,338
2016-10-07 10:00:00+00:00,19.5,85,959.9,0.0,6.2,306
2016-10-07 11:00:00+00:00,19.4,87,959.7,0.0,6.7,306
2016-10-07 12:00:00+00:00,19.4,88,960.3,0.0,8.0,306
2016-10-07 13:00:00+00:00,19.2,88,961.3,0.0,8.9,302
2016-10-07 14:00:00+00:00,19.1,88,961.7,0.0,9.0,299
2016-10-07 15:00:00+00:00,18.7,89,961.6,0.0,9.3,298
2016-10-07 16:00:00+00:00,18.7,88,961.5,0.0,9.5,295
2016-10-07 17:00:00+00:00,18.8,87,961.4,0.0,9.2,296
2016-10-07 18:00:00+00:00,18.8,86,961.4,0.0,8.9,297
2016-10-07 19:00:00+00:00,18.8,86,961.0,0.0,8.3,304
2016-10-07 20:00:00+00:00,18.6,85,960.9,0.0,8.2,322
2016-10-07 21:00:00+00:00,18.7,84,961.0,0.0,8.4,340
2016-10-07 22:00:00+00:00,18.9,72,961.5,0.0,8.3,360
2016-10-07 23:00:00+00:00,18.7,72,961.5,0.0,8.8,9
2016-10-08 00:00:00+00:00,18.8,73,962.3,0.0,8.4,7
2016-10-08 01:00:00+00:00,18.9,74,962.8,0.0,8.3,2
2016-10-08 02:00:00+00:00,19.9,70,963.8,0.0,8.4,7
2016-10-08 03:00:00+00:00,20.1,70,963.1,0.0,8.1,13
2016-10-08 04:00:00+00:00,20.0,71,962.7,0.0,6.6,13
2016-10-08 05:00:00+00:00,21.4,62,961.8,0.0,4.7,9
2016-10-08 06:00:00+00:00,21.3,63,960.8,0.0,4.3,355
2016-10-08 07:00:00+00:00,21.5,61,959.9,0.0,4.7,337
2016-10-08 08:00:00+00:00,20.9,63,959.4,0.0,6.4,313
2016-10-08 09:00:00+00:00,20.8,64,959.2,0.0,10.1,297
2016-10-08 10:00:00+00:00,18.9,72,959.0,0.0,11.4,294
2016-10-08 11:00:00+00:00,18.6,73,959.1,0.0,9.7,301
2016-10-08 12:00:00+00:00,18.7,72,959.8,0.0,9.6,304
2016-10-08 13:00:00+00:00,18.7,73,960.3,0.0,8.0,324
2016-10-08 14:00:00+00:00,18.6,73,960.5,0.0,7.6,341
2016-10-08 15:00:00+00:00,18.0,77,960.2,0.0,6.8,357
2016-10-08 16:00:00+00:00,17.9,78,959.8,0.0,6.8,3
2016-10-08 17:00:00+00:00,17.6,80,959.2,0.0,6.8,18
2016-10-08 18:00:00+00:00,17.5,81,958.4,0.0,8.0,27
2016-10-08 19:00:00+00:00,17.3,81,958.0,0.0,7.7,37
2016-10-08 20:00:00+00:00,16.6,84,957.7,0.0,7.9,39
2016-10-08 21:00:00+00:00,16.3,84,957.9,0.0,8.4,31
2016-10-08 22:00:00+00:00,16.3,82,958.7,0.0,9.2,42
2016-10-08 23:00:00+00:00,16.1,83,958.6,0.0,9.8,36
2016-10-09 00:00:00+00:00,16.1,83,959.4,0.0,10.0,38
2016-10-09 01:00:00+00:00,16.2,83,959.8,0.0,8.7,38
2016-10-09 02:00:00+00:00,17.1,80,960.3,0.0,7.1,30
2016-10-09 03:00:00+00:00,17.1,81,960.6,0.0,6.8,25
2016-10-09 04:00:00+00:00,17.4,81,960.3,0.0,7.2,27
2016-10-09 05:00:00+00:00,18.0,79,960.0,0.0,7.2,18
2016-10-09 06:00:00+00:00,18.3,79,959.4,0.0,8.0,18
2016-10-09 07:00:00+00:00,18.1,79,958.8,0.0,12.0,33
2016-10-09 08:00:00+00:00,17.7,79,958.4,0.0,13.5,34
2016-10-09 09:00:00+00:00,17.8,79,958.6,0.0,12.9,27
2016-10-09 10:00:00+00:00,17.0,83,959.0,0.0,11.6,22
2016-10-09 11:00:00+00:00,16.9,83,959.1,0.0,14.0,35
2016-10-09 12:00:00+00:00,16.6,84,960.4,0.0,14.3,39
2016-10-09 13:00:00+00:00,16.7,84,961.4,0.0,14.1,40
2016-10-09 14:00:00+00:00,16.5,86,961.7,0.0,12.5,39
2016-10-09 15:00:00+00:00,15.8,89,961.6,0.0,10.0,38
2016-10-09 16:00:00+00:00,15.8,89,961.2,0.0,7.5,35
2016-10-09 17:00:00+00:00,15.8,90,960.9,0.2,5.3,28
2016-10-09 18:00:00+00:00,15.8,90,960.6,0.1,4.2,31
2016-10-09 19:00:00+00:00,15.7,92,960.2,0.2,3.4,32
2016-10-09 20:00:00+00:00,15.5,92,959.7,0.2,2.9,30
2016-10-09 21:00:00+00:00,15.5,93,959.8,0.1,2.9,30
2016-10-09 22:00:00+00:00,15.3,92,959.8,0.1,2.9,60
2016-10-09 23:00:00+00:00,15.3,92,960.0,0.0,3.8,49
2016-10-10 00:00:00+00:00,15.5,91,960.5,0.0,3.8,49
2016-10-10 01:00:00+00:00,15.4,90,961.1,0.0,3.6,53
2016-10-10 02:00:00+00:00,16.0,87,961.2,0.0,3.9,56
2016-10-10 03:00:00+00:00,16.0,84,961.4,0.0,4.9,54
2016-10-10 04:00:00+00:00,16.0,84,960.7,0.0,5.4,48
2016-10-10 05:00:00+00:00,16.8,80,960.2,0.0,5.9,47
2016-10-10 06:00:00+00:00,16.8,80,959.4,0.0,5.6,40
2016-10-10 07:00:00+00:00,16.7,80,958.5,0.0,6.9,43
2016-10-10 08:00:00+00:00,16.4,80,958.2,0.0,7.4,39
2016-10-10 09:00:00+00:00,16.3,80,958.4,0.0,8.2,49
2016-10-10 10:00:00+00:00,15.4,84,958.3,0.0,8.2,38
2016-10-10 11:00:00+00:00,15.5,84,958.2,0.0,7.9,43
2016-10-10 12:00:00+00:00,15.4,85,959.6,0.0,7.3,33
2016-10-10 13:00:00+00:00,15.3,86,960.3,0.0,7.0,35
2016-10-10 14:00:00+00:00,15.2,87,960.8,0.0,5.6,27
2016-10-10 15:00:00+00:00,14.7,88,961.0,0.0,5.4,20
2016-10-10 16:00:00+00:00,14.7,89,961.1,0.0,4.7,360
2016-10-10 17:00:00+00:00,14.5,90,961.1,0.0,4.7,351
2016-10-10 18:00:00+00:00,14.5,89,960.5,0.0,5.1,352
2016-10-10 19:00:00+00:00,14.6,88,960.2,0.0,4.7,351
2016-10-10 20:00:00+00:00,14.5,87,959.9,0.0,3.8,343
2016-10-10 21:00:00+00:00,14.5,87,960.0,0.0,3.9,326
2016-10-10 22:00:00+00:00,14.4,87,960.7,0.0,2.3,321
2016-10-10 23:00:00+00:00,14.4,88,960.5,0.0,3.3,319
2016-10-11 00:00:00+00:00,14.6,88,961.2,0.0,4.1,315
2016-10-11 01:00:00+00:00,14.6,87,961.9,0.0,4.1,315
2016-10-11 02:00:00+00:00,16.2,78,962.6,0.0,2.6,326
2016-10-11 03:00:00+00:00,16.4,77,962.6,0.0,2.2,351
2016-10-11 04:00:00+00:00,16.7,76,962.1,0.0,1.8,360
2016-10-11 05:00:00+00:00,18.0,69,961.6,0.0,1.8,11
2016-10-11 06:00:00+00:00,18.0,69,960.8,0.0,2.3,39
2016-10-11 07:00:00+00:00,18.3,68,960.0,0.0,3.6,45
2016-10-11 08:00:00+00:00,17.7,71,960.0,0.0,3.4,32
2016-10-11 09:00:00+00:00,17.6,72,960.2,0.0,4.0,5
2016-10-11 10:00:00+00:00,16.6,79,961.0,0.0,2.7,337
2016-10-11 11:00:00+00:00,16.6,81,960.6,0.0,3.3,354
2016-10-11 12:00:00+00:00,16.6,83,961.7,0.0,3.6,354
2016-10-11 13:00:00+00:00,16.4,85,962.6,0.0,2.7,337
2016-10-11 14:00:00+00:00,16.3,86,963.2,0.0,2.6,304
2016-10-11 15:00:00+00:00,15.8,87,963.4,0.0,4.4,279
2016-10-11 16:00:00+00:00,15.8,86,963.4,0.0,5.2,282
2016-10-11 17:00:00+00:00,15.5,87,962.7,0.0,4.0,297
2016-10-11 18:00:00+00:00,15.6,87,962.4,0.0,2.2,279
2016-10-11 19:00:00+00:00,15.6,86,962.2,0.0,1.8,270
2016-10-11 20:00:00+00:00,15.3,89,962.0,0.0,1.8,281
2016-10-11 21:00:00+00:00,15.4,88,962.0,0.0,2.6,304
2016-10-11 22:00:00+00:00,15.3,88,962.5,0.0,2.3,39
2016-10-11 23:00:00+00:00,15.1,90,962.5,0.0,2.3,18
2016-10-12 00:00:00+00:00,15.2,90,963.5,0.0,2.1,329
2016-10-12 01:00:00+00:00,15.2,89,964.3,0.0,2.6,326
2016-10-12 02:00:00+00:00,16.3,84,964.8,0.0,2.3,342
2016-10-12 03:00:00+00:00,16.4,85,964.7,0.0,2.2,360
2016-10-12 04:00:00+00:00,16.7,83,964.3,0.0,2.5,8
2016-10-12 05:00:00+00:00,17.3,79,963.7,0.0,3.7,11
2016-10-12 06:00:00+00:00,17.5,78,963.3,0.0,4.7,23
2016-10-12 07:00:00+00:00,17.7,77,962.9,0.0,5.5,23
2016-10-12 08:00:00+00:00,17.4,77,962.3,0.0,5.5,23
2016-10-12 09:00:00+00:00,17.2,79,962.2,0.0,5.2,25
2016-10-12 10:00:00+00:00,16.1,85,962.9,0.0,3.4,328
2016-10-12 11:00:00+00:00,16.1,88,962.7,0.0,3.2,333
2016-10-12 12:00:00+00:00,16.0,89,963.7,0.0,4.1,315
2016-10-12 13:00:00+00:00,16.1,89,964.5,0.0,4.0,297
2016-10-12 14:00:00+00:00,15.8,91,964.5,0.7,4.6,288
2016-10-12 15:00:00+00:00,15.5,92,964.5,0.0,4.7,293
2016-10-12 16:00:00+00:00,15.4,92,964.1,0.0,4.0,297
2016-10-12 17:00:00+00:00,15.4,91,963.4,0.0,2.4,297
2016-10-12 18:00:00+00:00,15.3,94,963.0,0.0,2.7,293
2016-10-12 19:00:00+00:00,15.4,94,962.6,0.0,1.8,37
2016-10-12 20:00:00+00:00,15.2,92,962.4,0.0,2.2,81
2016-10-12 21:00:00+00:00,15.1,89,962.2,0.0,2.6,124
2016-10-12 22:00:00+00:00,15.2,91,962.3,0.0,1.5,135
2016-10-12 23:00:00+00:00,15.4,89,962.6,0.0,0.8,153
2016-10-13 00:00:00+00:00,15.3,90,963.2,0.0,1.3,56
2016-10-13 01:00:00+00:00,15.7,86,963.7,0.0,2.4,63
2016-10-13 02:00:00+00:00,18.1,74,964.4,0.0,2.9,83
2016-10-13 03:00:00+00:00,18.8,71,964.2,0.0,2.5,98
2016-10-13 04:00:00+00:00,19.2,69,963.4,0.0,1.1,108
2016-10-13 05:00:00+00:00,20.5,62,962.6,0.0,1.3,124
2016-10-13 06:00:00+00:00,20.7,62,961.5,0.0,1.1,90
2016-10-13 07:00:00+00:00,20.5,63,960.8,0.0,1.8,53
2016-10-13 08:00:00+00:00,20.6,63,960.1,0.0,2.3,39
2016-10-13 09:00:00+00:00,20.6,62,960.3,0.0,3.6,6
2016-10-13 10:00:00+00:00,18.4,76,960.9,0.0,4.6,321
2016-10-13 11:00:00+00:00,18.3,76,960.4,0.0,5.2,326
2016-10-13 12:00:00+00:00,18.2,77,961.3,0.0,5.0,339
2016-10-13 13:00:00+00:00,18.2,77,961.4,0.0,4.7,356
2016-10-13 14:00:00+00:00,18.0,79,962.0,0.0,4.7,356
2016-10-13 15:00:00+00:00,17.4,84,961.7,1.1,5.0,360
2016-10-13 16:00:00+00:00,17.2,86,961.3,1.0,5.4,352
2016-10-13 17:00:00+00:00,16.7,90,961.1,1.4,3.6,360
2016-10-13 18:00:00+00:00,16.6,92,960.6,0.0,3.3,6
2016-10-13 19:00:00+00:00,16.8,92,960.3,0.0,3.0,14
2016-10-13 20:00:00+00:00,16.2,94,959.6,0.0,3.0,14
2016-10-13 21:00:00+00:00,16.2,94,959.3,0.0,3.3,13
2016-10-13 22:00:00+00:00,16.3,91,959.5,0.0,3.9,34
2016-10-13 23:00:00+00:00,16.0,92,959.1,0.0,4.1,38
2016-10-14 00:00:00+00:00,16.1,91,959.8,0.0,5.5,32
2016-10-14 01:00:00+00:00,16.6,89,960.3,0.0,5.0,21
2016-10-14 02:00:00+00:00,18.1,82,960.9,0.0,5.0,21
2016-10-14 03:00:00+00:00,18.0,82,960.4,0.0,4.5,29
2016-10-14 04:00:00+00:00,18.5,80,959.7,0.0,3.7,29
2016-10-14 05:00:00+00:00,19.4,71,959.0,0.0,4.7,32
2016-10-14 06:00:00+00:00,19.5,71,958.2,0.0,6.2,36
2016-10-14 07:00:00+00:00,19.7,70,957.4,0.0,8.0,36
2016-10-14 08:00:00+00:00,19.6,70,957.2,0.0,9.7,39
2016-10-14 09:00:00+00:00,19.5,71,957.3,0.0,9.7,45
2016-10-14 10:00:00+00:00,17.6,81,957.6,0.0,6.2,36
2016-10-14 11:00:00+00:00,17.6,81,957.8,0.0,6.2,36
2016-10-14 12:00:00+00:00,17.7,82,958.6,0.0,5.8,30
2016-10-14 13:00:00+00:00,17.6,83,959.5,0.0,5.1,39
2016-10-14 14:00:00+00:00,17.6,85,959.9,0.0,3.1,36
2016-10-14 15:00:00+00:00,17.0,89,959.9,0.0,3.0,346
2016-10-14 16:00:00+00:00,16.9,90,960.0,0.0,2.5,315
2016-10-14 17:00:00+00:00,17.0,91,959.7,0.0,2.6,304
2016-10-14 18:00:00+00:00,16.6,92,959.0,0.0,3.1,315
2016-10-14 19:00:00+00:00,16.5,94,958.9,0.0,3.1,315
2016-10-14 20:00:00+00:00,16.0,95,958.4,0.0,2.0,315
2016-10-14 21:00:00+00:00,16.0,95,958.4,0.0,3.1,324
2016-10-14 22:00:00+00:00,15.8,98,958.4,0.0,2.0,315
2016-10-14 23:00:00+00:00,15.7,98,958.6,0.0,1.8,360
2016-10-15 00:00:00+00:00,16.0,97,959.1,0.0,2.6,16
2016-10-15 01:00:00+00:00,16.6,91,960.1,0.0,3.2,360
2016-10-15 02:00:00+00:00,18.6,81,960.5,0.0,3.0,14
2016-10-15 03:00:00+00:00,18.5,81,960.6,0.0,2.8,40
2016-10-15 04:00:00+00:00,19.0,77,960.1,0.0,4.6,51
2016-10-15 05:00:00+00:00,21.7,68,959.8,0.0,5.6,50
2016-10-15 06:00:00+00:00,21.2,66,959.2,0.0,6.2,54
2016-10-15 07:00:00+00:00,21.0,67,958.6,0.0,6.7,54
2016-10-15 08:00:00+00:00,20.3,71,958.6,0.0,6.4,43
2016-10-15 09:00:00+00:00,20.3,70,958.9,0.0,6.4,38
2016-10-15 10:00:00+00:00,18.7,75,958.9,0.0,8.5,348
2016-10-15 11:00:00+00:00,18.9,75,959.5,0.0,7.6,3
2016-10-15 12:00:00+00:00,18.1,79,960.5,0.0,7.6,5
2016-10-15 13:00:00+00:00,18.2,79,961.5,0.0,6.5,360
2016-10-15 14:00:00+00:00,18.3,79,962.2,0.0,6.6,351
2016-10-15 15:00:00+00:00,17.9,79,962.8,0.0,5.7,342
2016-10-15 16:00:00+00:00,18.2,81,963.1,0.0,5.4,340
2016-10-15 17:00:00+00:00,17.6,83,962.9,0.0,3.8,343
2016-10-15 18:00:00+00:00,17.9,81,962.7,0.0,2.9,353
2016-10-15 19:00:00+00:00,17.7,83,962.8,0.0,3.0,346
2016-10-15 20:00:00+00:00,17.6,83,962.7,0.0,2.6,304
2016-10-15 21:00:00+00:00,17.5,84,962.5,0.0,2.5,278
2016-10-15 22:00:00+00:00,17.0,89,962.8,0.0,1.3,214
2016-10-15 23:00:00+00:00,16.5,92,963.4,0.0,3.7,241
2016-10-16 00:00:00+00:00,16.7,90,963.6,0.0,2.9,263
2016-10-16 01:00:00+00:00,17.0,88,964.4,0.0,1.8,281
2016-10-16 02:00:00+00:00,19.8,74,965.3,0.2,2.2,261
2016-10-16 03:00:00+00:00,19.9,76,965.3,0.4,3.3,283
2016-10-16 04:00:00+00:00,20.4,76,964.7,0.3,3.2,270
2016-10-16 05:00:00+00:00,22.0,67,964.1,0.2,4.0,270
2016-10-16 06:00:00+00:00,21.8,67,962.8,0.0,4.3,270
2016-10-16 07:00:00+00:00,21.5,69,962.5,0.0,4.0,275
2016-10-16 08:00:00+00:00,21.2,72,962.0,0.0,5.5,293
2016-10-16 09:00:00+00:00,21.3,71,961.9,0.0,7.0,291
2016-10-16 10:00:00+00:00,19.6,78,962.2,0.0,5.6,285
2016-10-16 11:00:00+00:00,19.5,81,962.4,0.0,9.7,297
2016-10-16 12:00:00+00:00,19.2,84,963.1,0.0,8.3,304
2016-10-16 13:00:00+00:00,19.4,83,963.5,0.0,8.7,308
2016-10-16 14:00:00+00:00,19.3,85,964.2,0.0,7.1,311
2016-10-16 15:00:00+00:00,18.1,91,964.2,0.0,6.4,308
2016-10-16 16:00:00+00:00,18.2,91,964.0,0.0,6.8,295
2016-10-16 17:00:00+00:00,18.2,91,963.7,0.0,8.2,285
2016-10-16 18:00:00+00:00,18.2,88,963.2,0.0,8.8,279
2016-10-16 19:00:00+00:00,18.6,85,962.9,0.0,8.6,268
2016-10-16 20:00:00+00:00,18.0,84,962.1,0.0,8.6,268
2016-10-16 21:00:00+00:00,17.9,83,961.7,0.0,7.2,270
2016-10-16 22:00:00+00:00,17.9,83,961.2,0.0,4.9,253
2016-10-16 23:00:00+00:00,17.7,84,961.3,0.0,6.5,251
2016-10-17 00:00:00+00:00,17.5,86,961.7,0.0,5.8,274
2016-10-17 01:00:00+00:00,18.3,81,962.2,0.0,4.5,299
2016-10-17 02:00:00+00:00,22.2,59,963.1,0.0,4.7,328
2016-10-17 03:00:00+00:00,23.0,55,963.0,0.0,4.0,355
2016-10-17 04:00:00+00:00,23.6,55,961.9,0.0,3.1,21
2016-10-17 05:00:00+00:00,25.7,47,961.2,0.0,2.1,59
2016-10-17 06:00:00+00:00,25.8,48,959.7,0.0,1.8,90
2016-10-17 07:00:00+00:00,25.7,49,959.2,0.0,0.5,135
2016-10-17 08:00:00+00:00,25.8,46,958.6,0.0,1.5,315
2016-10-17 09:00:00+00:00,25.6,45,958.7,0.0,3.6,323
2016-10-17 10:00:00+00:00,21.6,66,958.1,0.0,4.8,312
2016-10-17 11:00:00+00:00,21.6,67,958.6,0.0,6.1,332
2016-10-17 12:00:00+00:00,21.4,68,959.7,0.0,5.8,356
2016-10-17 13:00:00+00:00,20.9,74,960.5,0.0,5.8,30
2016-10-17 14:00:00+00:00,20.2,78,961.3,0.0,4.4,35
2016-10-17 15:00:00+00:00,19.2,81,961.2,0.0,5.4,37
2016-10-17 16:00:00+00:00,18.3,84,961.2,0.0,4.1,52
2016-10-17 17:00:00+00:00,18.4,85,960.7,0.0,5.9,76
2016-10-17 18:00:00+00:00,18.5,84,960.6,0.0,3.3,103
2016-10-17 19:00:00+00:00,18.1,88,960.0,0.0,0.7,360
2016-10-17 20:00:00+00:00,17.5,91,959.4,0.0,0.8,117
2016-10-17 21:00:00+00:00,16.8,96,959.2,0.0,2.2,99
2016-10-17 22:00:00+00:00,17.0,96,959.8,0.0,3.2,90
2016-10-17 23:00:00+00:00,16.6,98,959.8,0.0,4.2,70
2016-10-18 00:00:00+00:00,17.0,98,960.5,0.0,4.3,85
2016-10-18 01:00:00+00:00,17.5,97,961.2,0.0,4.0,90
2016-10-18 02:00:00+00:00,19.0,85,961.3,0.0,3.2,117
2016-10-18 03:00:00+00:00,19.2,83,961.3,0.0,3.3,139
2016-10-18 04:00:00+00:00,19.7,81,960.6,0.0,4.3,138
2016-10-18 05:00:00+00:00,22.7,65,960.3,0.0,3.9,146
2016-10-18 06:00:00+00:00,22.7,66,959.3,0.0,3.1,135
2016-10-18 07:00:00+00:00,22.8,64,958.7,0.0,2.6,106
2016-10-18 08:00:00+00:00,23.0,61,958.0,0.0,2.6,74
2016-10-18 09:00:00+00:00,23.1,61,957.9,0.0,3.6,37
2016-10-18 10:00:00+00:00,20.6,74,958.1,0.0,2.9,360
2016-10-18 11:00:00+00:00,20.7,76,958.2,0.0,5.0,360
2016-10-18 12:00:00+00:00,20.8,76,958.7,0.0,5.4,360
2016-10-18 13:00:00+00:00,20.6,76,959.8,0.0,6.1,360
2016-10-18 14:00:00+00:00,20.3,78,960.1,0.0,6.6,351
2016-10-18 15:00:00+00:00,20.0,84,960.3,0.0,5.5,349
2016-10-18 16:00:00+00:00,20.2,83,960.0,0.0,5.2,344
2016-10-18 17:00:00+00:00,19.9,84,959.2,0.0,4.2,340
2016-10-18 18:00:00+00:00,19.8,86,959.0,0.0,5.1,352
2016-10-18 19:00:00+00:00,19.8,84,958.8,0.0,3.9,34
2016-10-18 20:00:00+00:00,19.4,87,958.5,0.0,4.6,39
2016-10-18 21:00:00+00:00,19.3,90,958.3,0.0,4.9,36
2016-10-18 22:00:00+00:00,18.4,91,958.8,0.0,2.5,8
2016-10-18 23:00:00+00:00,18.6,90,958.6,0.0,4.1,38
2016-10-19 00:00:00+00:00,18.4,90,958.7,0.0,5.6,50
2016-10-19 01:00:00+00:00,18.2,90,959.3,0.0,3.8,49
2016-10-19 02:00:00+00:00,19.9,80,959.5,0.0,2.3,39
2016-10-19 03:00:00+00:00,19.7,82,959.5,0.0,2.5,8
2016-10-19 04:00:00+00:00,19.6,82,958.6,0.0,2.9,360
2016-10-19 05:00:00+00:00,21.1,75,957.5,0.0,3.2,360
2016-10-19 06:00:00+00:00,20.9,76,956.2,0.0,3.8,17
2016-10-19 07:00:00+00:00,20.7,77,954.9,0.0,4.8,27
2016-10-19 08:00:00+00:00,20.9,76,954.4,0.0,5.8,30
2016-10-19 09:00:00+00:00,21.1,74,954.3,0.0,5.8,30
2016-10-19 10:00:00+00:00,19.9,80,954.7,0.0,3.1,21
2016-10-19 11:00:00+00:00,19.9,82,955.0,0.0,5.8,356
2016-10-19 12:00:00+00:00,20.0,81,955.7,0.0,5.0,339
2016-10-19 13:00:00+00:00,20.0,83,956.1,0.0,6.0,343
2016-10-19 14:00:00+00:00,19.1,86,956.0,0.0,4.9,343
2016-10-19 15:00:00+00:00,18.4,91,955.5,0.0,4.7,328
2016-10-19 16:00:00+00:00,18.2,91,954.8,0.0,4.3,318
2016-10-19 17:00:00+00:00,18.5,90,954.7,0.0,2.9,300
2016-10-19 18:00:00+00:00,18.6,90,954.0,0.0,1.1,288
2016-10-19 19:00:00+00:00,18.6,91,953.8,0.0,0.8,243
2016-10-19 20:00:00+00:00,18.2,93,953.2,0.0,1.1,198
2016-10-19 21:00:00+00:00,18.6,91,953.1,0.0,1.8,191
2016-10-19 22:00:00+00:00,18.7,88,953.9,0.0,2.2,180
2016-10-19 23:00:00+00:00,18.8,87,953.7,0.1,3.2,153
2016-10-20 00:00:00+00:00,18.6,86,954.1,0.2,3.6,127
2016-10-20 01:00:00+00:00,17.7,91,954.0,0.3,2.6,124
2016-10-20 02:00:00+00:00,19.4,85,955.0,0.4,1.8,101
2016-10-20 03:00:00+00:00,18.5,86,954.1,0.2,0.4,90
2016-10-20 04:00:00+00:00,18.2,89,953.5,0.0,1.1,288
2016-10-20 05:00:00+00:00,19.8,83,952.8,0.0,1.6,207
2016-10-20 06:00:00+00:00,20.1,82,951.6,0.0,1.8,143
2016-10-20 07:00:00+00:00,20.2,81,950.8,0.0,2.5,82
2016-10-20 08:00:00+00:00,20.2,82,950.5,0.0,3.7,79
2016-10-20 09:00:00+00:00,20.4,79,950.6,0.0,2.3,51
2016-10-20 10:00:00+00:00,20.8,83,951.6,0.0,4.2,329
2016-10-20 11:00:00+00:00,20.4,83,952.0,0.0,5.5,293
2016-10-20 12:00:00+00:00,20.5,83,952.7,0.0,6.0,295
2016-10-20 13:00:00+00:00,20.3,85,953.1,0.0,4.3,312
2016-10-20 14:00:00+00:00,19.8,88,953.0,0.2,4.7,356
2016-10-20 15:00:00+00:00,19.5,89,952.7,0.0,4.1,45
2016-10-20 16:00:00+00:00,19.2,92,952.7,0.1,5.5,58
2016-10-20 17:00:00+00:00,18.8,94,952.6,0.0,4.4,55
2016-10-20 18:00:00+00:00,18.7,95,952.5,0.0,3.7,61
2016-10-20 19:00:00+00:00,18.5,96,952.4,0.0,4.1,75
2016-10-20 20:00:00+00:00,18.5,96,952.4,0.0,3.5,66
2016-10-20 21:00:00+00:00,18.3,95,952.6,0.0,3.6,53
2016-10-20 22:00:00+00:00,18.6,95,953.4,0.0,1.8,79
2016-10-20 23:00:00+00:00,18.7,95,953.5,0.0,2.3,39
2016-10-21 00:00:00+00:00,18.7,95,954.4,0.0,3.5,24
2016-10-21 01:00:00+00:00,18.6,94,954.8,0.0,4.4,9
2016-10-21 02:00:00+00:00,20.7,86,956.1,0.0,4.0,10
2016-10-21 03:00:00+00:00,20.3,86,955.6,0.0,3.3,6
2016-10-21 04:00:00+00:00,20.5,84,955.3,0.0,2.6,16
2016-10-21 05:00:00+00:00,21.4,78,954.6,0.0,3.2,27
2016-10-21 06:00:00+00:00,21.3,78,953.4,0.0,3.9,34
2016-10-21 07:00:00+00:00,21.3,79,953.1,0.0,3.9,34
2016-10-21 08:00:00+00:00,21.0,81,952.7,0.0,4.3,5
2016-10-21 09:00:00+00:00,21.3,80,952.8,0.0,6.0,343
2016-10-21 10:00:00+00:00,20.1,85,953.1,0.0,3.3,319
2016-10-21 11:00:00+00:00,20.3,87,952.7,0.0,4.6,315
2016-10-21 12:00:00+00:00,19.9,91,953.3,0.0,4.6,315
2016-10-21 13:00:00+00:00,20.7,86,953.9,0.0,3.1,291
2016-10-21 14:00:00+00:00,20.7,86,954.4,0.0,1.1,252
2016-10-21 15:00:00+00:00,20.1,89,954.2,0.0,3.0,346
2016-10-21 16:00:00+00:00,19.7,90,954.3,0.0,3.6,323
2016-10-21 17:00:00+00:00,18.9,94,953.7,0.0,3.8,319
2016-10-21 18:00:00+00:00,19.7,92,953.6,0.1,3.9,338
2016-10-21 19:00:00+00:00,20.0,91,953.5,0.0,3.3,13
2016-10-21 20:00:00+00:00,19.6,92,953.4,0.5,3.1,36
2016-10-21 21:00:00+00:00,19.6,93,953.0,0.2,4.4,35
2016-10-21 22:00:00+00:00,19.2,93,952.9,0.3,4.4,35
2016-10-21 23:00:00+00:00,19.2,94,952.9,0.4,5.7,35
2016-10-22 00:00:00+00:00,19.2,94,953.7,0.3,5.9,43
2016-10-22 01:00:00+00:00,18.9,95,954.3,0.4,6.6,45
2016-10-22 02:00:00+00:00,20.6,90,954.9,0.3,7.1,45
2016-10-22 03:00:00+00:00,20.2,93,954.6,0.3,8.2,41
2016-10-22 04:00:00+00:00,19.5,97,953.8,0.2,7.9,39
2016-10-22 05:00:00+00:00,21.4,86,953.4,0.3,9.2,39
2016-10-22 06:00:00+00:00,21.3,87,952.1,0.3,10.5,38
2016-10-22 07:00:00+00:00,21.1,89,951.7,0.0,12.1,37
2016-10-22 08:00:00+00:00,21.2,86,951.3,0.0,14.3,39
2016-10-22 09:00:00+00:00,21.4,85,951.6,0.0,14.1,40
2016-10-22 10:00:00+00:00,20.8,82,951.1,0.0,12.6,37
2016-10-22 11:00:00+00:00,20.7,82,951.8,0.0,10.3,25
2016-10-22 12:00:00+00:00,20.6,80,952.9,0.1,11.6,30
2016-10-22 13:00:00+00:00,20.5,80,953.5,0.1,13.3,33
2016-10-22 14:00:00+00:00,20.2,78,954.0,0.2,13.5,34
2016-10-22 15:00:00+00:00,19.3,82,954.5,0.2,13.4,36
2016-10-22 16:00:00+00:00,19.3,81,954.0,0.2,14.2,36
2016-10-22 17:00:00+00:00,18.5,83,953.8,1.1,14.8,39
2016-10-22 18:00:00+00:00,18.3,83,953.4,1.0,14.3,41
2016-10-22 19:00:00+00:00,18.3,84,953.3,0.3,13.8,41
2016-10-22 20:00:00+00:00,17.2,88,953.1,0.2,13.3,38
2016-10-22 21:00:00+00:00,17.2,87,953.0,0.3,12.8,40
2016-10-22 22:00:00+00:00,17.2,86,953.3,0.2,10.7,45
2016-10-22 23:00:00+00:00,17.1,86,953.5,0.5,9.9,46
2016-10-23 00:00:00+00:00,17.2,86,953.6,0.4,7.8,34
2016-10-23 01:00:00+00:00,16.9,88,954.3,0.4,5.6,15
2016-10-23 02:00:00+00:00,18.4,82,954.9,0.3,4.8,27
2016-10-23 03:00:00+00:00,18.2,82,954.4,0.2,5.4,37
2016-10-23 04:00:00+00:00,18.5,81,953.7,0.2,6.4,38
2016-10-23 05:00:00+00:00,20.3,76,952.8,0.0,7.8,34
2016-10-23 06:00:00+00:00,20.2,77,951.7,0.0,11.2,45
2016-10-23 07:00:00+00:00,20.4,76,950.9,0.0,12.3,50
2016-10-23 08:00:00+00:00,20.4,76,950.8,0.0,11.8,50
2016-10-23 09:00:00+00:00,20.2,76,951.0,0.0,11.5,46
2016-10-23 10:00:00+00:00,19.6,74,951.3,0.0,8.2,38
2016-10-23 11:00:00+00:00,19.1,74,951.2,0.0,7.7,37
2016-10-23 12:00:00+00:00,19.1,73,952.0,0.0,7.3,33
2016-10-23 13:00:00+00:00,18.9,73,952.8,0.0,7.9,30
2016-10-23 14:00:00+00:00,18.5,75,952.6,0.0,7.5,17
2016-10-23 15:00:00+00:00,18.1,78,952.8,0.0,6.9,6
2016-10-23 16:00:00+00:00,17.8,80,952.4,0.0,6.9,6
2016-10-23 17:00:00+00:00,17.8,79,951.9,0.0,5.8,7
2016-10-23 18:00:00+00:00,18.3,81,951.8,0.0,4.1,15
2016-10-23 19:00:00+00:00,18.3,82,951.6,0.0,3.9,22
2016-10-23 20:00:00+00:00,17.5,84,951.1,0.0,4.7,9
2016-10-23 21:00:00+00:00,17.6,82,950.9,0.0,6.2,7
2016-10-23 22:00:00+00:00,17.9,82,951.0,0.0,4.3,24
2016-10-23 23:00:00+00:00,18.0,82,950.8,0.0,4.7,360
2016-10-24 00:00:00+00:00,18.3,81,952.0,0.0,5.1,352
2016-10-24 01:00:00+00:00,17.9,83,952.8,0.0,7.6,5
2016-10-24 02:00:00+00:00,19.6,75,953.8,0.0,7.9,30
2016-10-24 03:00:00+00:00,19.4,78,953.7,0.0,8.7,45
2016-10-24 04:00:00+00:00,19.6,76,953.5,0.0,12.3,50
2016-10-24 05:00:00+00:00,21.1,69,953.1,0.0,16.9,52
2016-10-24 06:00:00+00:00,20.8,69,952.3,0.0,15.6,56
2016-10-24 07:00:00+00:00,20.8,67,952.0,0.0,13.6,53
2016-10-24 08:00:00+00:00,20.9,63,951.9,0.0,11.5,41
2016-10-24 09:00:00+00:00,21.0,65,952.3,0.0,10.7,33
2016-10-24 10:00:00+00:00,19.1,72,952.5,0.0,4.7,9
2016-10-24 11:00:00+00:00,19.8,69,953.2,0.0,6.4,322
2016-10-24 12:00:00+00:00,19.9,72,954.5,0.0,9.4,313
2016-10-24 13:00:00+00:00,19.9,74,955.1,0.0,10.2,321
2016-10-24 14:00:00+00:00,19.6,77,955.1,0.0,10.0,330
2016-10-24 15:00:00+00:00,18.3,82,955.1,0.0,7.4,317
2016-10-24 16:00:00+00:00,18.0,83,955.3,0.0,5.4,312
2016-10-24 17:00:00+00:00,17.7,86,954.7,0.0,4.3,312
2016-10-24 18:00:00+00:00,17.6,87,954.4,0.0,3.7,299
2016-10-24 19:00:00+00:00,17.5,87,953.9,0.0,4.2,290
2016-10-24 20:00:00+00:00,16.7,89,953.3,0.0,4.7,279
2016-10-24 21:00:00+00:00,16.1,92,952.7,0.0,3.4,288
2016-10-24 22:00:00+00:00,17.6,79,953.1,0.0,0.8,117
2016-10-24 23:00:00+00:00,17.4,80,953.2,0.0,1.5,284
2016-10-25 00:00:00+00:00,17.3,83,953.3,0.0,2.4,333
2016-10-25 01:00:00+00:00,17.8,79,953.4,0.0,2.6,344
2016-10-25 02:00:00+00:00,20.3,67,953.9,0.0,2.2,360
2016-10-25 03:00:00+00:00,20.9,60,953.6,0.0,3.3,41
2016-10-25 04:00:00+00:00,20.7,59,952.7,0.0,5.9,52
2016-10-25 05:00:00+00:00,22.3,53,951.7,0.0,8.6,57
2016-10-25 06:00:00+00:00,22.4,52,950.2,0.0,10.7,57
2016-10-25 07:00:00+00:00,22.2,52,949.4,0.0,11.2,57
2016-10-25 08:00:00+00:00,21.2,56,948.8,0.0,12.0,49
2016-10-25 09:00:00+00:00,21.3,56,949.2,0.0,13.1,32
2016-10-25 10:00:00+00:00,19.4,57,949.9,0.0,14.3,28
2016-10-25 11:00:00+00:00,19.4,59,949.8,0.0,13.2,29
2016-10-25 12:00:00+00:00,19.3,60,951.7,0.0,12.1,27
2016-10-25 13:00:00+00:00,19.3,61,952.8,0.0,9.0,16
2016-10-25 14:00:00+00:00,19.0,65,953.5,0.0,6.9,351
2016-10-25 15:00:00+00:00,17.3,75,953.4,0.0,6.3,329
2016-10-25 16:00:00+00:00,16.9,73,953.9,0.0,5.7,305
2016-10-25 17:00:00+00:00,16.7,75,953.8,0.0,6.9,298
2016-10-25 18:00:00+00:00,16.6,79,953.9,0.0,8.0,297
2016-10-25 19:00:00+00:00,16.7,79,954.1,0.0,8.4,301
2016-10-25 20:00:00+00:00,16.6,81,953.9,0.0,5.5,293
2016-10-25 21:00:00+00:00,16.8,80,954.1,0.0,4.7,274
2016-10-25 22:00:00+00:00,16.9,82,954.8,0.0,4.3,204
2016-10-25 23:00:00+00:00,17.0,82,955.5,0.0,5.4,233
2016-10-26 00:00:00+00:00,17.3,81,956.6,0.0,6.9,261
2016-10-26 01:00:00+00:00,17.2,80,957.5,0.0,6.9,264
2016-10-26 02:00:00+00:00,18.8,67,958.6,0.0,6.8,273
2016-10-26 03:00:00+00:00,19.4,68,958.5,0.0,7.0,282
2016-10-26 04:00:00+00:00,19.5,66,957.9,0.0,5.8,292
2016-10-26 05:00:00+00:00,21.6,57,957.1,0.0,4.1,315
2016-10-26 06:00:00+00:00,21.9,56,955.9,0.0,3.0,346
2016-10-26 07:00:00+00:00,22.3,53,955.5,0.0,3.9,22
2016-10-26 08:00:00+00:00,21.8,55,954.9,0.0,7.3,33
2016-10-26 09:00:00+00:00,21.7,55,955.4,0.0,7.0,21
2016-10-26 10:00:00+00:00,19.5,64,954.9,0.0,5.8,7
2016-10-26 11:00:00+00:00,19.4,64,955.1,0.0,6.3,336
2016-10-26 12:00:00+00:00,19.0,66,955.6,0.0,8.0,350
2016-10-26 13:00:00+00:00,18.7,70,956.3,0.0,7.1,336
2016-10-26 14:00:00+00:00,18.6,72,957.0,0.0,7.8,338
2016-10-26 15:00:00+00:00,17.7,73,956.9,0.0,7.4,337
2016-10-26 16:00:00+00:00,17.8,71,957.1,0.0,5.9,346
2016-10-26 17:00:00+00:00,17.3,75,956.6,0.0,6.0,343
2016-10-26 18:00:00+00:00,16.9,78,956.0,0.0,6.3,347
2016-10-26 19:00:00+00:00,16.9,78,955.7,0.0,4.7,356
2016-10-26 20:00:00+00:00,16.2,78,955.4,0.0,5.6,345
2016-10-26 21:00:00+00:00,16.3,76,955.1,0.0,4.2,329
2016-10-26 22:00:00+00:00,16.2,77,955.9,0.0,4.7,337
2016-10-26 23:00:00+00:00,16.3,77,956.5,0.0,4.5,331
2016-10-27 00:00:00+00:00,16.4,77,956.8,0.0,7.3,340
2016-10-27 01:00:00+00:00,16.6,75,957.9,0.0,6.3,347
2016-10-27 02:00:00+00:00,18.6,63,958.3,0.0,5.1,8
2016-10-27 03:00:00+00:00,18.5,63,958.6,0.0,6.0,33
2016-10-27 04:00:00+00:00,18.7,65,957.8,0.0,7.4,39
2016-10-27 05:00:00+00:00,20.0,62,957.4,0.0,9.2,42
2016-10-27 06:00:00+00:00,20.0,62,956.1,0.0,14.1,50
2016-10-27 07:00:00+00:00,20.3,61,956.0,0.0,16.4,50
2016-10-27 08:00:00+00:00,19.1,65,956.5,0.0,16.6,42
2016-10-27 09:00:00+00:00,19.0,67,957.2,0.0,14.4,37
2016-10-27 10:00:00+00:00,17.5,71,957.0,0.0,10.6,24
2016-10-27 11:00:00+00:00,17.8,70,958.1,0.0,6.1,28
2016-10-27 12:00:00+00:00,18.1,69,959.7,0.0,7.3,33
2016-10-27 13:00:00+00:00,18.1,68,961.4,0.0,6.0,17
2016-10-27 14:00:00+00:00,17.8,70,962.6,0.1,3.5,336
2016-10-27 15:00:00+00:00,16.4,80,963.1,0.2,3.9,292
2016-10-27 16:00:00+00:00,16.5,87,963.9,0.0,5.0,270
2016-10-27 17:00:00+00:00,16.4,89,964.2,0.0,5.8,263
2016-10-27 18:00:00+00:00,16.6,89,964.4,0.0,5.2,254
2016-10-27 19:00:00+00:00,16.6,89,964.5,0.0,5.2,245
2016-10-27 20:00:00+00:00,16.2,86,964.7,0.0,3.2,243
2016-10-27 21:00:00+00:00,16.1,83,965.0,0.0,2.6,254
2016-10-27 22:00:00+00:00,15.6,89,965.9,0.0,2.3,288
2016-10-27 23:00:00+00:00,15.5,89,966.0,0.0,3.0,14
2016-10-28 00:00:00+00:00,15.6,89,967.0,0.1,3.3,13
2016-10-28 01:00:00+00:00,15.7,81,967.9,0.3,4.7,32
2016-10-28 02:00:00+00:00,16.2,72,969.1,0.8,6.4,52
2016-10-28 03:00:00+00:00,16.4,70,969.1,0.2,9.1,56
2016-10-28 04:00:00+00:00,16.6,65,968.6,0.0,10.1,55
2016-10-28 05:00:00+00:00,17.1,60,967.7,0.0,10.2,51
2016-10-28 06:00:00+00:00,17.2,60,966.9,0.0,8.7,52
2016-10-28 07:00:00+00:00,17.3,57,966.4,0.0,7.7,53
2016-10-28 08:00:00+00:00,16.5,56,966.0,0.0,6.7,36
2016-10-28 09:00:00+00:00,15.9,54,966.4,0.0,5.2,12
2016-10-28 10:00:00+00:00,14.1,51,966.0,0.0,4.6,309
2016-10-28 11:00:00+00:00,14.1,54,966.4,0.0,6.9,313
2016-10-28 12:00:00+00:00,13.8,59,967.6,0.0,8.2,331
2016-10-28 13:00:00+00:00,13.7,62,968.8,0.0,6.5,341
2016-10-28 14:00:00+00:00,13.6,65,969.6,0.0,6.1,357
2016-10-28 15:00:00+00:00,13.0,68,970.6,0.0,5.6,15
2016-10-28 16:00:00+00:00,12.7,70,971.2,0.0,6.1,28
2016-10-28 17:00:00+00:00,12.2,72,971.5,0.0,4.8,13
2016-10-28 18:00:00+00:00,11.8,75,971.3,0.0,3.7,349
2016-10-28 19:00:00+00:00,11.5,76,971.1,0.0,3.6,315
2016-10-28 20:00:00+00:00,10.9,76,970.6,0.0,5.5,293
2016-10-28 21:00:00+00:00,10.6,77,970.5,0.0,6.3,294
2016-10-28 22:00:00+00:00,10.0,75,969.8,0.0,6.4,297
2016-10-28 23:00:00+00:00,9.7,77,969.7,0.0,4.8,312
2016-10-29 00:00:00+00:00,9.8,81,970.6,0.0,5.6,315
2016-10-29 01:00:00+00:00,10.9,78,971.1,0.0,5.4,318
2016-10-29 02:00:00+00:00,14.3,54,972.3,0.0,4.0,333
2016-10-29 03:00:00+00:00,14.5,51,972.0,0.0,3.9,34
2016-10-29 04:00:00+00:00,14.9,49,971.8,0.0,4.6,45
2016-10-29 05:00:00+00:00,16.5,47,970.9,0.0,3.3,49
2016-10-29 06:00:00+00:00,16.6,48,970.1,0.0,3.1,54
2016-10-29 07:00:00+00:00,16.8,48,969.3,0.0,3.9,56
2016-10-29 08:00:00+00:00,16.5,49,968.9,0.0,3.6,37
2016-10-29 09:00:00+00:00,16.3,49,969.0,0.0,3.6,360
2016-10-29 10:00:00+00:00,14.7,57,969.6,0.0,7.6,315
2016-10-29 11:00:00+00:00,14.1,57,969.5,0.0,8.3,326
2016-10-29 12:00:00+00:00,14.0,59,970.2,0.0,8.3,342
2016-10-29 13:00:00+00:00,13.8,61,970.5,0.0,7.0,348
2016-10-29 14:00:00+00:00,13.8,62,970.9,0.0,4.4,351
2016-10-29 15:00:00+00:00,12.6,68,970.6,0.0,4.1,345
2016-10-29 16:00:00+00:00,12.6,69,970.4,0.0,3.3,347
2016-10-29 17:00:00+00:00,12.3,71,969.5,0.0,2.9,7
2016-10-29 18:00:00+00:00,11.8,75,969.1,0.0,1.8,11
2016-10-29 19:00:00+00:00,11.9,74,968.2,0.0,2.5,360
2016-10-29 20:00:00+00:00,11.7,75,967.9,0.0,3.3,354
2016-10-29 21:00:00+00:00,11.4,76,967.3,0.0,3.2,360
2016-10-29 22:00:00+00:00,10.8,83,967.2,0.0,3.1,45
2016-10-29 23:00:00+00:00,10.8,84,966.5,0.0,3.1,21
2016-10-30 00:00:00+00:00,10.8,84,966.8,0.0,2.8,40
2016-10-30 01:00:00+00:00,11.0,85,967.3,0.0,2.4,63
2016-10-30 02:00:00+00:00,12.6,77,968.0,0.0,1.5,104
2016-10-30 03:00:00+00:00,13.0,75,967.3,0.0,1.1,162
2016-10-30 04:00:00+00:00,13.3,73,966.4,0.0,1.5,194
2016-10-30 05:00:00+00:00,14.9,64,965.5,0.0,2.6,196
2016-10-30 06:00:00+00:00,15.0,64,964.2,0.0,2.2,180
2016-10-30 07:00:00+00:00,15.0,65,963.4,0.0,1.6,153
2016-10-30 08:00:00+00:00,14.7,68,963.0,0.0,2.2,81
2016-10-30 09:00:00+00:00,14.7,68,963.5,0.0,3.6,53
2016-10-30 10:00:00+00:00,13.5,72,963.7,0.0,7.6,352
2016-10-30 11:00:00+00:00,13.3,72,964.7,0.0,8.4,31
2016-10-30 12:00:00+00:00,13.2,72,966.6,0.0,10.8,37
2016-10-30 13:00:00+00:00,13.2,73,967.4,0.0,11.6,30
2016-10-30 14:00:00+00:00,13.0,76,968.9,0.0,10.5,22
2016-10-30 15:00:00+00:00,12.3,82,969.0,0.0,9.0,16
2016-10-30 16:00:00+00:00,12.3,82,969.9,0.3,8.3,360
2016-10-30 17:00:00+00:00,12.0,88,969.8,0.9,7.4,321
2016-10-30 18:00:00+00:00,11.9,92,969.8,0.8,9.7,297
2016-10-30 19:00:00+00:00,11.6,94,969.8,1.1,9.2,291
2016-10-30 20:00:00+00:00,11.1,95,969.8,0.0,8.7,275
2016-10-30 21:00:00+00:00,11.1,95,969.8,0.0,8.1,257
2016-10-30 22:00:00+00:00,11.2,94,970.2,0.0,9.7,255
2016-10-30 23:00:00+00:00,11.1,94,969.9,0.0,6.6,257
2016-10-31 00:00:00+00:00,11.3,93,970.6,0.0,8.4,250
2016-10-31 01:00:00+00:00,12.3,89,971.2,0.0,8.6,248
2016-10-31 02:00:00+00:00,16.8,60,972.4,0.0,8.6,268
2016-10-31 03:00:00+00:00,17.3,54,972.1,0.0,7.5,287
2016-10-31 04:00:00+00:00,17.7,54,971.5,0.0,4.6,315
2016-10-31 05:00:00+00:00,19.8,43,970.6,0.0,2.9,360
2016-10-31 06:00:00+00:00,19.9,43,969.4,0.0,2.9,30
2016-10-31 07:00:00+00:00,19.9,44,968.5,0.0,1.8,11
2016-10-31 08:00:00+00:00,19.4,47,967.9,0.0,1.5,346
2016-10-31 09:00:00+00:00,19.5,46,968.1,0.0,4.6,309
2016-10-31 10:00:00+00:00,16.3,61,968.1,0.0,8.5,306
2016-10-31 11:00:00+00:00,16.0,60,968.1,0.0,8.2,319
2016-10-31 12:00:00+00:00,15.7,61,968.9,0.0,8.5,332
2016-10-31 13:00:00+00:00,15.3,61,968.9,0.0,7.8,338
2016-10-31 14:00:00+00:00,14.6,65,969.1,0.0,6.0,335
2016-10-31 15:00:00+00:00,14.1,72,968.8,0.0,5.0,330
2016-10-31 16:00:00+00:00,13.8,75,968.6,0.0,5.0,330
2016-10-31 17:00:00+00:00,13.6,82,968.2,0.0,3.1,324
2016-10-31 18:00:00+00:00,14.1,72,967.5,0.0,2.5,315
2016-10-31 19:00:00+00:00,14.0,81,967.3,0.0,3.2,297
2016-10-31 20:00:00+00:00,13.5,84,966.8,0.0,2.1,301
2016-10-31 21:00:00+00:00,13.4,80,966.7,0.0,3.3,319
2016-10-31 22:00:00+00:00,13.2,83,967.3,0.0,6.0,335
2016-10-31 23:00:00+00:00,13.3,82,967.4,0.0,5.8,4
2016-11-01 00:00:00+00:00,13.5,81,968.3,0.0,6.4,16
2016-11-01 01:00:00+00:00,13.4,84,968.7,0.0,6.1,28
2016-11-01 02:00:00+00:00,14.8,73,969.5,0.0,6.8,32
2016-11-01 03:00:00+00:00,15.6,72,969.9,0.0,7.2,37
2016-11-01 04:00:00+00:00,15.8,71,969.6,0.0,7.5,35
2016-11-01 05:00:00+00:00,16.1,70,969.2,0.0,8.1,32
2016-11-01 06:00:00+00:00,16.4,69,968.4,0.0,8.7,30
2016-11-01 07:00:00+00:00,16.1,72,967.9,0.0,8.5,28
2016-11-01 08:00:00+00:00,16.1,70,967.7,0.0,8.7,24
2016-11-01 09:00:00+00:00,15.7,72,967.9,0.0,8.1,13
2016-11-01 10:00:00+00:00,14.8,77,969.2,0.0,5.8,356
2016-11-01 11:00:00+00:00,14.8,76,969.4,0.0,6.3,347
2016-11-01 12:00:00+00:00,15.0,78,970.2,0.0,5.9,349
2016-11-01 13:00:00+00:00,15.0,80,970.6,0.0,5.0,339
2016-11-01 14:00:00+00:00,14.0,84,970.5,0.0,3.0,346
2016-11-01 15:00:00+00:00,13.7,90,970.6,0.0,4.1,345
2016-11-01 16:00:00+00:00,13.8,89,970.4,0.0,2.5,315
2016-11-01 17:00:00+00:00,13.8,87,970.0,0.0,2.9,277
2016-11-01 18:00:00+00:00,13.8,86,969.7,0.0,3.9,248
2016-11-01 19:00:00+00:00,13.5,88,969.5,0.0,4.2,250
2016-11-01 20:00:00+00:00,13.2,89,969.1,0.0,4.2,250
2016-11-01 21:00:00+00:00,13.1,90,969.0,0.0,2.6,236
2016-11-01 22:00:00+00:00,13.0,93,969.4,0.0,2.2,189
2016-11-01 23:00:00+00:00,13.2,91,969.4,0.0,1.9,112
2016-11-02 00:00:00+00:00,12.9,94,970.0,0.0,4.7,99
2016-11-02 01:00:00+00:00,13.2,86,970.3,0.0,3.4,108
2016-11-02 02:00:00+00:00,15.1,75,971.2,0.0,2.9,97
2016-11-02 03:00:00+00:00,15.9,75,971.0,0.0,3.0,104
2016-11-02 04:00:00+00:00,15.9,74,970.3,0.0,1.9,112
2016-11-02 05:00:00+00:00,17.5,65,969.2,0.0,0.8,117
2016-11-02 06:00:00+00:00,18.1,63,968.3,0.0,0.4,90
2016-11-02 07:00:00+00:00,18.3,62,967.5,0.0,1.1,72
2016-11-02 08:00:00+00:00,17.8,64,967.2,0.0,0.7,90
2016-11-02 09:00:00+00:00,17.9,64,967.4,0.0,2.1,329
2016-11-02 10:00:00+00:00,16.4,77,967.7,0.0,3.6,276
2016-11-02 11:00:00+00:00,15.7,74,968.2,0.0,5.0,270
2016-11-02 12:00:00+00:00,15.5,74,969.0,0.0,4.8,297
2016-11-02 13:00:00+00:00,16.0,71,969.5,0.0,3.8,319
2016-11-02 14:00:00+00:00,15.3,74,969.3,0.0,4.2,301
2016-11-02 15:00:00+00:00,14.6,80,969.7,0.0,3.3,283
2016-11-02 16:00:00+00:00,14.3,82,969.3,0.0,2.9,277
2016-11-02 17:00:00+00:00,13.4,89,968.5,0.0,4.3,265
2016-11-02 18:00:00+00:00,13.1,91,968.1,0.0,4.3,222
2016-11-02 19:00:00+00:00,12.6,93,968.0,0.0,5.2,214
2016-11-02 20:00:00+00:00,12.4,94,967.6,0.0,4.8,228
2016-11-02 21:00:00+00:00,11.7,98,967.1,0.0,4.2,239
2016-11-02 22:00:00+00:00,11.3,97,967.7,0.0,2.5,270
2016-11-02 23:00:00+00:00,11.3,98,967.2,0.0,0.8,63
2016-11-03 00:00:00+00:00,10.8,99,967.7,0.0,1.1,162
2016-11-03 01:00:00+00:00,11.4,100,968.0,0.0,1.8,180
2016-11-03 02:00:00+00:00,15.4,84,968.5,0.0,4.4,189
2016-11-03 03:00:00+00:00,16.3,76,968.0,0.0,8.0,185
2016-11-03 04:00:00+00:00,16.9,73,967.2,0.0,8.6,182
2016-11-03 05:00:00+00:00,18.9,60,965.9,0.0,6.8,183
2016-11-03 06:00:00+00:00,19.5,58,964.2,0.0,5.4,184
2016-11-03 07:00:00+00:00,19.8,57,963.5,0.0,5.1,172
2016-11-03 08:00:00+00:00,19.5,56,962.6,0.0,4.3,180
2016-11-03 09:00:00+00:00,19.6,55,962.7,0.0,1.8,180
2016-11-03 10:00:00+00:00,16.7,67,962.9,0.0,6.5,326
2016-11-03 11:00:00+00:00,16.6,70,962.7,0.0,6.1,332
2016-11-03 12:00:00+00:00,16.5,70,963.9,0.0,8.0,342
2016-11-03 13:00:00+00:00,16.2,71,963.7,0.0,6.8,342
2016-11-03 14:00:00+00:00,15.4,77,963.4,0.0,4.2,340
2016-11-03 15:00:00+00:00,12.7,88,962.9,0.0,4.7,356
2016-11-03 16:00:00+00:00,12.5,90,962.5,0.0,3.3,6
2016-11-03 17:00:00+00:00,12.0,94,962.1,0.0,3.3,354
2016-11-03 18:00:00+00:00,12.3,92,961.5,0.0,2.5,360
2016-11-03 19:00:00+00:00,11.7,96,961.0,0.0,2.2,360
2016-11-03 20:00:00+00:00,11.4,95,960.4,0.0,1.8,360
2016-11-03 21:00:00+00:00,11.6,94,960.0,0.0,2.9,360
2016-11-03 22:00:00+00:00,10.6,98,960.0,0.0,3.3,13
2016-11-03 23:00:00+00:00,10.5,99,959.7,0.0,3.8,41
2016-11-04 00:00:00+00:00,11.0,96,960.0,0.0,2.9,60
2016-11-04 01:00:00+00:00,11.6,95,960.3,0.0,1.6,117
2016-11-04 02:00:00+00:00,15.4,78,960.9,0.0,2.4,153
2016-11-04 03:00:00+00:00,16.2,77,960.0,0.0,4.0,175
2016-11-04 04:00:00+00:00,16.3,77,959.0,0.0,5.8,184
2016-11-04 05:00:00+00:00,19.0,62,957.9,0.0,5.8,187
2016-11-04 06:00:00+00:00,19.3,61,956.1,0.0,5.2,168
2016-11-04 07:00:00+00:00,19.4,61,955.0,0.0,4.3,175
2016-11-04 08:00:00+00:00,18.6,62,954.3,0.0,4.1,165
2016-11-04 09:00:00+00:00,18.6,61,954.4,0.0,1.0,45
2016-11-04 10:00:00+00:00,17.3,71,954.8,0.0,8.9,333
2016-11-04 11:00:00+00:00,16.7,75,955.1,0.0,5.3,332
2016-11-04 12:00:00+00:00,16.6,77,955.9,0.0,6.3,347
2016-11-04 13:00:00+00:00,16.4,78,955.6,0.0,6.1,357
2016-11-04 14:00:00+00:00,16.4,78,955.9,0.0,4.0,355
2016-11-04 15:00:00+00:00,15.5,82,955.6,0.0,4.4,351
2016-11-04 16:00:00+00:00,15.5,81,955.7,0.0,5.8,360
2016-11-04 17:00:00+00:00,15.3,84,955.2,0.0,6.5,6
2016-11-04 18:00:00+00:00,15.2,86,955.1,0.0,6.9,6
2016-11-04 19:00:00+00:00,15.3,86,955.1,0.0,6.5,360
2016-11-04 20:00:00+00:00,14.9,89,954.6,0.0,5.4,4
2016-11-04 21:00:00+00:00,14.6,90,954.3,0.0,4.9,17
2016-11-04 22:00:00+00:00,13.7,97,955.3,0.0,6.0,343
2016-11-04 23:00:00+00:00,13.5,97,955.5,0.0,4.0,27
2016-11-05 00:00:00+00:00,13.9,97,955.7,0.0,3.6,37
2016-11-05 01:00:00+00:00,14.5,94,956.1,0.0,3.6,45
2016-11-05 02:00:00+00:00,17.3,78,956.8,0.0,1.8,79
2016-11-05 03:00:00+00:00,17.1,79,956.4,0.0,2.6,124
2016-11-05 04:00:00+00:00,17.2,76,955.7,0.0,3.7,119
2016-11-05 05:00:00+00:00,19.3,67,954.6,0.0,5.1,141
2016-11-05 06:00:00+00:00,19.3,66,953.5,0.0,5.3,152
2016-11-05 07:00:00+00:00,19.5,66,952.8,0.0,5.5,169
2016-11-05 08:00:00+00:00,19.5,65,952.8,0.0,4.7,180
2016-11-05 09:00:00+00:00,19.6,65,953.3,0.0,1.4,180
2016-11-05 10:00:00+00:00,17.5,76,953.4,0.0,4.7,328
2016-11-05 11:00:00+00:00,17.4,77,954.2,0.0,5.2,326
2016-11-05 12:00:00+00:00,17.1,79,954.9,0.0,5.1,352
2016-11-05 13:00:00+00:00,17.2,79,954.9,0.0,6.2,7
2016-11-05 14:00:00+00:00,17.1,81,955.2,0.0,5.4,8
2016-11-05 15:00:00+00:00,16.3,84,955.9,0.0,4.0,360
2016-11-05 16:00:00+00:00,16.3,83,955.8,0.0,4.7,360
2016-11-05 17:00:00+00:00,16.2,84,955.7,0.0,4.3,360
2016-11-05 18:00:00+00:00,15.8,86,955.6,0.0,5.1,352
2016-11-05 19:00:00+00:00,15.8,86,955.7,0.0,4.6,342
2016-11-05 20:00:00+00:00,15.3,88,955.3,0.0,4.3,336
2016-11-05 21:00:00+00:00,15.3,88,955.1,0.0,3.8,343
2016-11-05 22:00:00+00:00,14.7,93,955.3,0.0,4.8,347
2016-11-05 23:00:00+00:00,14.8,92,955.4,0.0,3.0,14
2016-11-06 00:00:00+00:00,14.9,91,956.3,0.0,3.1,36
2016-11-06 01:00:00+00:00,14.9,90,957.2,0.0,2.2,351
2016-11-06 02:00:00+00:00,16.4,85,957.9,0.0,2.4,333
2016-11-06 03:00:00+00:00,16.2,83,958.0,0.0,3.6,315
2016-11-06 04:00:00+00:00,16.5,81,957.7,0.0,3.6,323
2016-11-06 05:00:00+00:00,17.6,77,957.0,0.0,3.5,336
2016-11-06 06:00:00+00:00,17.7,77,956.1,0.0,4.0,355
2016-11-06 07:00:00+00:00,17.7,76,955.5,0.0,4.3,360
2016-11-06 08:00:00+00:00,17.3,77,955.7,0.0,5.1,8
2016-11-06 09:00:00+00:00,17.4,78,956.1,0.0,5.2,25
2016-11-06 10:00:00+00:00,16.4,84,957.0,0.0,3.3,13
2016-11-06 11:00:00+00:00,16.3,86,957.8,0.0,3.7,11
2016-11-06 12:00:00+00:00,16.4,85,958.6,0.1,5.2,348
2016-11-06 13:00:00+00:00,16.2,87,958.9,0.3,6.4,344
2016-11-06 14:00:00+00:00,16.2,91,959.4,0.2,5.4,340
2016-11-06 15:00:00+00:00,15.3,90,959.5,0.5,5.1,8
2016-11-06 16:00:00+00:00,15.4,90,960.1,1.0,4.0,80
2016-11-06 17:00:00+00:00,14.8,91,960.1,0.6,4.0,80
2016-11-06 18:00:00+00:00,14.5,90,960.3,0.4,6.5,87
2016-11-06 19:00:00+00:00,14.3,90,961.1,0.2,7.3,81
2016-11-06 20:00:00+00:00,13.1,87,961.4,0.2,7.0,78
2016-11-06 21:00:00+00:00,13.0,85,962.1,0.2,5.0,60
2016-11-06 22:00:00+00:00,12.9,83,962.7,0.2,0.4,360
2016-11-06 23:00:00+00:00,13.0,84,963.7,0.0,4.0,10
2016-11-07 00:00:00+00:00,13.1,89,964.8,0.0,4.3,360
2016-11-07 01:00:00+00:00,13.3,92,966.3,0.0,4.3,355
2016-11-07 02:00:00+00:00,14.2,85,967.4,0.0,3.1,315
2016-11-07 03:00:00+00:00,14.5,87,967.8,0.0,5.0,270
2016-11-07 04:00:00+00:00,14.7,85,968.0,0.1,6.6,257
2016-11-07 05:00:00+00:00,14.8,83,968.3,0.1,10.0,244
2016-11-07 06:00:00+00:00,14.9,82,968.0,0.2,11.5,238
2016-11-07 07:00:00+00:00,14.5,82,968.1,0.2,13.5,241
2016-11-07 08:00:00+00:00,13.5,85,968.3,0.2,14.7,245
2016-11-07 09:00:00+00:00,13.3,84,969.1,0.1,15.3,251
2016-11-07 10:00:00+00:00,12.3,90,969.3,0.1,10.8,249
2016-11-07 11:00:00+00:00,12.2,90,969.3,0.1,10.6,252
2016-11-07 12:00:00+00:00,12.2,89,970.7,0.2,10.9,261
2016-11-07 13:00:00+00:00,12.0,88,971.6,0.2,10.6,260
2016-11-07 14:00:00+00:00,11.7,85,971.9,0.2,10.6,260
2016-11-07 15:00:00+00:00,11.0,86,971.6,0.0,10.2,260
2016-11-07 16:00:00+00:00,11.0,84,971.7,0.0,10.1,264
2016-11-07 17:00:00+00:00,11.0,81,971.6,0.0,10.1,266
2016-11-07 18:00:00+00:00,11.1,79,971.6,0.0,10.1,272
2016-11-07 19:00:00+00:00,11.0,78,971.4,0.0,9.7,274
2016-11-07 20:00:00+00:00,10.9,76,971.3,0.0,9.4,277
2016-11-07 21:00:00+00:00,10.7,76,971.3,0.0,9.4,277
2016-11-07 22:00:00+00:00,10.2,75,971.2,0.0,8.6,270
2016-11-07 23:00:00+00:00,10.2,74,971.6,0.0,10.1,268
2016-11-08 00:00:00+00:00,10.4,74,972.3,0.0,10.8,285
2016-11-08 01:00:00+00:00,10.8,72,973.0,0.0,10.7,290
2016-11-08 02:00:00+00:00,13.1,59,973.4,0.0,10.5,292
2016-11-08 03:00:00+00:00,13.5,58,973.5,0.0,8.7,294
2016-11-08 04:00:00+00:00,13.3,60,972.3,0.0,6.4,297
2016-11-08 05:00:00+00:00,14.6,53,971.4,0.0,3.8,319
2016-11-08 06:00:00+00:00,14.6,52,969.8,0.0,4.9,343
2016-11-08 07:00:00+00:00,14.4,53,969.0,0.0,6.9,354
2016-11-08 08:00:00+00:00,14.1,60,969.0,0.0,8.0,350
2016-11-08 09:00:00+00:00,13.6,62,969.1,0.0,9.0,344
2016-11-08 10:00:00+00:00,11.7,74,969.2,0.0,10.8,339
2016-11-08 11:00:00+00:00,11.6,75,969.5,0.0,8.1,347
2016-11-08 12:00:00+00:00,11.4,78,970.7,0.0,7.7,349
2016-11-08 13:00:00+00:00,11.2,80,971.1,0.0,6.8,342
2016-11-08 14:00:00+00:00,11.0,80,971.5,0.0,7.4,346
2016-11-08 15:00:00+00:00,10.4,82,971.3,0.0,7.6,352
2016-11-08 16:00:00+00:00,10.3,84,971.2,0.0,8.0,355
2016-11-08 17:00:00+00:00,10.1,87,970.7,0.0,7.9,3
2016-11-08 18:00:00+00:00,9.9,88,970.0,0.0,6.5,6
2016-11-08 19:00:00+00:00,9.7,89,970.3,0.0,6.1,3
2016-11-08 20:00:00+00:00,9.3,92,969.7,0.0,6.1,360
2016-11-08 21:00:00+00:00,9.0,94,969.6,0.1,3.8,343
2016-11-08 22:00:00+00:00,8.7,92,969.6,0.2,2.1,301
2016-11-08 23:00:00+00:00,8.7,95,969.7,0.1,4.4,305
2016-11-09 00:00:00+00:00,8.8,95,970.7,0.0,6.0,327
2016-11-09 01:00:00+00:00,9.1,92,971.6,0.0,6.1,332
2016-11-09 02:00:00+00:00,11.0,81,971.7,0.0,6.9,351
2016-11-09 03:00:00+00:00,11.3,77,971.1,0.0,7.5,17
2016-11-09 04:00:00+00:00,11.7,73,970.5,0.0,5.5,32
2016-11-09 05:00:00+00:00,12.7,66,969.0,0.0,4.1,52
2016-11-09 06:00:00+00:00,12.9,64,968.0,0.0,3.9,68
2016-11-09 07:00:00+00:00,13.1,64,967.0,0.0,3.7,79
2016-11-09 08:00:00+00:00,13.1,63,966.9,0.0,3.4,72
2016-11-09 09:00:00+00:00,13.1,64,966.7,0.0,3.3,49
2016-11-09 10:00:00+00:00,11.6,74,967.4,0.0,5.8,360
2016-11-09 11:00:00+00:00,11.9,73,968.1,0.0,6.1,357
2016-11-09 12:00:00+00:00,11.8,75,969.0,0.0,6.6,347
2016-11-09 13:00:00+00:00,11.1,79,969.1,0.0,6.8,342
2016-11-09 14:00:00+00:00,10.8,82,969.6,0.0,5.0,330
2016-11-09 15:00:00+00:00,10.0,85,969.3,0.0,2.6,304
2016-11-09 16:00:00+00:00,9.6,89,969.2,0.0,2.6,286
2016-11-09 17:00:00+00:00,8.9,95,968.8,0.0,3.1,306
2016-11-09 18:00:00+00:00,8.6,94,968.4,0.0,2.8,320
2016-11-09 19:00:00+00:00,8.7,94,968.2,0.0,2.7,337
2016-11-09 20:00:00+00:00,7.9,97,967.7,0.0,1.1,342
2016-11-09 21:00:00+00:00,7.9,99,967.5,0.0,1.8,323
2016-11-09 22:00:00+00:00,8.0,99,968.0,0.0,3.9,22
2016-11-09 23:00:00+00:00,8.4,97,967.8,0.0,2.9,60
2016-11-10 00:00:00+00:00,8.2,98,968.7,0.0,2.4,27
2016-11-10 01:00:00+00:00,8.7,96,969.7,0.0,3.0,14
2016-11-10 02:00:00+00:00,11.2,81,970.4,0.0,2.9,7
2016-11-10 03:00:00+00:00,12.3,79,970.1,0.0,1.8,11
2016-11-10 04:00:00+00:00,12.3,77,969.3,0.0,1.5,166
2016-11-10 05:00:00+00:00,13.5,69,967.7,0.0,5.1,172
2016-11-10 06:00:00+00:00,13.8,68,966.3,0.0,5.5,169
2016-11-10 07:00:00+00:00,13.9,67,965.2,0.0,5.2,168
2016-11-10 08:00:00+00:00,13.9,67,964.8,0.0,5.8,176
2016-11-10 09:00:00+00:00,13.8,67,964.1,0.0,5.9,194
2016-11-10 10:00:00+00:00,12.6,75,964.6,0.0,4.1,308
2016-11-10 11:00:00+00:00,12.6,76,965.0,0.0,5.9,346
2016-11-10 12:00:00+00:00,12.5,80,965.0,0.0,4.9,17
2016-11-10 13:00:00+00:00,12.6,80,964.9,0.0,3.3,41
2016-11-10 14:00:00+00:00,12.5,84,965.1,0.0,3.1,21
2016-11-10 15:00:00+00:00,11.2,92,964.8,0.0,2.2,360
2016-11-10 16:00:00+00:00,10.9,96,964.2,0.0,0.8,333
2016-11-10 17:00:00+00:00,10.6,98,963.4,0.0,0.5,315
2016-11-10 18:00:00+00:00,10.9,96,962.9,0.0,1.5,284
2016-11-10 19:00:00+00:00,10.5,99,962.2,0.0,3.2,207
2016-11-10 20:00:00+00:00,10.3,100,961.4,0.0,3.5,156
2016-11-10 21:00:00+00:00,10.4,100,960.8,0.0,3.9,124
2016-11-10 22:00:00+00:00,10.7,94,961.1,0.0,2.5,225
2016-11-10 23:00:00+00:00,10.5,94,960.9,0.0,4.3,156
2016-11-11 00:00:00+00:00,10.3,95,960.9,0.0,4.9,163
2016-11-11 01:00:00+00:00,10.8,92,961.0,0.0,6.2,173
2016-11-11 02:00:00+00:00,12.5,78,961.2,0.0,7.9,180
2016-11-11 03:00:00+00:00,13.3,74,960.6,0.0,9.8,186
2016-11-11 04:00:00+00:00,13.1,73,960.0,0.0,7.6,177
2016-11-11 05:00:00+00:00,14.1,64,958.4,0.0,5.9,166
2016-11-11 06:00:00+00:00,14.2,64,957.6,0.0,3.1,126
2016-11-11 07:00:00+00:00,14.2,64,956.6,0.0,4.8,77
2016-11-11 08:00:00+00:00,13.8,69,956.7,0.0,6.8,65
2016-11-11 09:00:00+00:00,13.8,67,957.4,0.0,7.9,60
2016-11-11 10:00:00+00:00,11.8,76,958.5,0.0,9.8,352
2016-11-11 11:00:00+00:00,11.9,77,959.5,0.0,9.2,11
2016-11-11 12:00:00+00:00,12.0,77,960.0,0.0,10.0,15
2016-11-11 13:00:00+00:00,12.2,79,960.8,0.0,8.0,10
2016-11-11 14:00:00+00:00,11.9,80,961.0,0.0,5.2,344
2016-11-11 15:00:00+00:00,10.2,88,960.8,0.0,4.2,290
2016-11-11 16:00:00+00:00,9.8,91,960.8,0.0,5.6,255
2016-11-11 17:00:00+00:00,9.4,92,960.4,0.0,7.1,225
2016-11-11 18:00:00+00:00,9.1,94,960.3,0.0,7.3,213
2016-11-11 19:00:00+00:00,9.2,94,960.2,0.0,6.3,204
2016-11-11 20:00:00+00:00,8.8,96,960.0,0.0,5.2,205
2016-11-11 21:00:00+00:00,8.3,97,959.9,0.0,5.2,214
2016-11-11 22:00:00+00:00,7.8,100,960.3,0.0,6.0,197
2016-11-11 23:00:00+00:00,7.6,99,960.7,0.0,4.6,225
2016-11-12 00:00:00+00:00,8.0,99,961.3,0.0,1.9,338
2016-11-12 01:00:00+00:00,8.2,99,961.8,0.0,1.4,360
2016-11-12 02:00:00+00:00,11.5,88,962.2,0.0,0.7,180
2016-11-12 03:00:00+00:00,12.7,79,961.5,0.0,2.9,187
2016-11-12 04:00:00+00:00,13.1,72,960.7,0.0,3.3,186
2016-11-12 05:00:00+00:00,15.9,60,959.5,0.0,3.6,180
2016-11-12 06:00:00+00:00,17.1,59,958.6,0.0,3.7,169
2016-11-12 07:00:00+00:00,17.2,56,957.9,0.0,2.6,164
2016-11-12 08:00:00+00:00,17.4,56,957.8,0.0,1.1,108
2016-11-12 09:00:00+00:00,17.0,57,957.9,0.0,1.6,27
2016-11-12 10:00:00+00:00,15.1,67,957.9,0.0,3.8,343
2016-11-12 11:00:00+00:00,14.7,66,958.4,0.0,3.6,360
2016-11-12 12:00:00+00:00,14.4,67,959.4,0.0,5.8,4
2016-11-12 13:00:00+00:00,14.2,69,960.4,0.0,7.3,351
2016-11-12 14:00:00+00:00,13.7,74,960.9,0.0,7.3,340
2016-11-12 15:00:00+00:00,12.1,83,960.8,0.0,6.4,333
2016-11-12 16:00:00+00:00,12.4,81,961.0,0.0,6.0,327
2016-11-12 17:00:00+00:00,11.8,86,960.7,0.0,6.4,317
2016-11-12 18:00:00+00:00,12.1,85,960.6,0.0,4.6,315
2016-11-12 19:00:00+00:00,12.0,86,960.2,0.0,5.1,309
2016-11-12 20:00:00+00:00,12.0,88,960.0,0.0,3.1,306
2016-11-12 21:00:00+00:00,11.4,93,959.7,0.0,3.7,299
2016-11-12 22:00:00+00:00,11.1,95,960.3,0.0,4.7,293
2016-11-12 23:00:00+00:00,11.1,96,960.6,0.0,1.6,297
2016-11-13 00:00:00+00:00,11.9,91,961.4,0.0,3.4,238
2016-11-13 01:00:00+00:00,11.8,90,961.7,0.0,4.5,256
2016-11-13 02:00:00+00:00,15.0,72,962.3,0.0,5.9,259
2016-11-13 03:00:00+00:00,16.0,66,962.3,0.0,5.0,249
2016-11-13 04:00:00+00:00,16.0,65,961.2,0.0,4.6,231
2016-11-13 05:00:00+00:00,18.2,56,960.4,0.0,4.4,215
2016-11-13 06:00:00+00:00,18.8,55,959.0,0.0,4.5,194
2016-11-13 07:00:00+00:00,18.9,55,958.0,0.0,4.0,185
2016-11-13 08:00:00+00:00,18.6,57,957.6,0.0,3.6,180
2016-11-13 09:00:00+00:00,18.3,56,957.8,0.0,2.6,196
2016-11-13 10:00:00+00:00,15.3,70,957.7,0.0,5.1,309
2016-11-13 11:00:00+00:00,15.1,71,958.2,0.0,4.2,340
2016-11-13 12:00:00+00:00,14.7,73,958.7,0.0,5.9,349
2016-11-13 13:00:00+00:00,14.6,75,959.6,0.0,7.2,342
2016-11-13 14:00:00+00:00,14.4,76,959.7,0.0,6.0,335
2016-11-13 15:00:00+00:00,13.3,84,959.9,0.0,5.7,325
2016-11-13 16:00:00+00:00,13.6,82,959.8,0.0,4.8,333
2016-11-13 17:00:00+00:00,13.6,85,959.8,0.0,3.1,339
2016-11-13 18:00:00+00:00,13.7,82,959.4,0.0,2.9,360
2016-11-13 19:00:00+00:00,13.7,84,959.5,0.0,3.3,13
2016-11-13 20:00:00+00:00,12.7,86,959.5,0.0,4.8,13
2016-11-13 21:00:00+00:00,12.4,86,959.7,0.0,4.0,5
2016-11-13 22:00:00+00:00,12.0,90,959.7,0.0,4.9,343
2016-11-13 23:00:00+00:00,12.3,88,960.4,0.0,5.1,4
2016-11-14 00:00:00+00:00,11.8,90,961.3,0.0,3.9,22
2016-11-14 01:00:00+00:00,12.8,85,962.5,0.0,4.4,351
2016-11-14 02:00:00+00:00,16.1,70,963.8,0.0,4.0,333
2016-11-14 03:00:00+00:00,16.5,70,963.7,0.0,4.3,294
2016-11-14 04:00:00+00:00,17.0,69,963.3,0.0,4.7,274
2016-11-14 05:00:00+00:00,19.7,56,962.5,0.0,4.7,261
2016-11-14 06:00:00+00:00,19.6,59,961.6,0.0,4.4,261
2016-11-14 07:00:00+00:00,19.5,59,960.9,0.0,4.7,261
2016-11-14 08:00:00+00:00,19.4,59,960.7,0.0,5.4,270
2016-11-14 09:00:00+00:00,19.3,56,961.4,0.0,6.2,277
2016-11-14 10:00:00+00:00,16.1,73,960.8,0.0,5.2,286
2016-11-14 11:00:00+00:00,15.9,74,961.7,0.0,5.9,284
2016-11-14 12:00:00+00:00,15.5,79,962.1,0.0,7.1,300
2016-11-14 13:00:00+00:00,15.9,78,962.8,0.0,6.5,304
2016-11-14 14:00:00+00:00,15.0,83,962.7,0.0,5.7,305
2016-11-14 15:00:00+00:00,14.3,88,962.9,0.0,4.6,288
2016-11-14 16:00:00+00:00,14.1,89,962.5,0.0,5.1,274
2016-11-14 17:00:00+00:00,14.2,89,962.5,0.0,5.8,263
2016-11-14 18:00:00+00:00,13.8,92,961.8,0.0,6.0,253
2016-11-14 19:00:00+00:00,13.5,94,961.6,0.0,5.2,245
2016-11-14 20:00:00+00:00,12.8,97,960.8,0.0,4.5,241
2016-11-14 21:00:00+00:00,12.8,97,960.6,0.0,3.9,236
2016-11-14 22:00:00+00:00,13.2,97,960.1,0.0,5.2,192
2016-11-14 23:00:00+00:00,13.5,96,960.4,0.0,4.0,180
2016-11-15 00:00:00+00:00,13.7,95,960.7,0.0,3.8,163
2016-11-15 01:00:00+00:00,13.9,92,961.0,0.0,1.3,124
2016-11-15 02:00:00+00:00,16.3,81,961.9,0.0,1.5,135
2016-11-15 03:00:00+00:00,16.3,78,961.5,0.0,2.1,121
2016-11-15 04:00:00+00:00,16.0,76,960.6,0.0,1.8,101
2016-11-15 05:00:00+00:00,18.3,66,959.7,0.0,1.9,68
2016-11-15 06:00:00+00:00,18.3,64,958.5,0.0,3.4,58
2016-11-15 07:00:00+00:00,18.4,65,957.2,0.0,4.4,55
2016-11-15 08:00:00+00:00,18.1,66,957.0,0.0,4.9,54
2016-11-15 09:00:00+00:00,17.8,66,956.8,0.0,6.1,45
2016-11-15 10:00:00+00:00,15.7,79,956.5,0.0,8.7,7
2016-11-15 11:00:00+00:00,15.9,80,956.6,0.0,8.3,34
2016-11-15 12:00:00+00:00,16.1,81,957.0,0.0,8.9,32
2016-11-15 13:00:00+00:00,15.7,82,957.8,0.0,8.2,23
2016-11-15 14:00:00+00:00,15.0,83,958.0,0.0,9.1,18
2016-11-15 15:00:00+00:00,15.0,85,957.9,0.0,9.4,23
2016-11-15 16:00:00+00:00,15.1,85,958.1,0.0,9.4,18
2016-11-15 17:00:00+00:00,14.9,87,958.1,0.0,9.3,13
2016-11-15 18:00:00+00:00,14.8,88,958.2,0.0,9.1,9
2016-11-15 19:00:00+00:00,14.7,89,958.4,0.0,8.0,8
2016-11-15 20:00:00+00:00,14.2,92,958.1,0.0,6.8,357
2016-11-15 21:00:00+00:00,14.1,93,957.9,0.0,5.9,346
2016-11-15 22:00:00+00:00,13.5,95,958.5,0.0,3.7,331
2016-11-15 23:00:00+00:00,13.6,94,958.5,0.0,2.9,300
2016-11-16 00:00:00+00:00,13.6,95,959.1,0.0,3.3,311
2016-11-16 01:00:00+00:00,14.1,90,959.7,0.0,5.2,295
2016-11-16 02:00:00+00:00,16.8,80,961.2,0.0,5.6,285
2016-11-16 03:00:00+00:00,17.0,74,960.8,0.0,5.4,270
2016-11-16 04:00:00+00:00,17.3,72,960.4,0.0,5.4,266
2016-11-16 05:00:00+00:00,20.5,59,959.7,0.0,4.4,261
2016-11-16 06:00:00+00:00,20.5,58,958.6,0.0,3.0,256
2016-11-16 07:00:00+00:00,20.8,56,957.7,0.0,2.3,288
2016-11-16 08:00:00+00:00,20.6,55,957.5,0.0,3.8,343
2016-11-16 09:00:00+00:00,20.4,57,958.0,0.0,4.6,342
2016-11-16 10:00:00+00:00,16.6,73,957.5,0.0,5.6,315
2016-11-16 11:00:00+00:00,16.9,72,958.2,0.0,5.5,302
2016-11-16 12:00:00+00:00,16.7,74,959.0,0.0,7.9,313
2016-11-16 13:00:00+00:00,16.6,76,959.1,0.0,9.2,318
2016-11-16 14:00:00+00:00,16.1,79,959.7,0.0,7.9,321
2016-11-16 15:00:00+00:00,15.1,85,959.6,0.0,6.6,319
2016-11-16 16:00:00+00:00,15.4,86,959.8,0.0,6.4,317
2016-11-16 17:00:00+00:00,14.9,88,959.5,0.0,5.9,313
2016-11-16 18:00:00+00:00,14.4,92,959.1,0.0,5.0,300
2016-11-16 19:00:00+00:00,14.7,91,959.0,0.0,4.5,299
2016-11-16 20:00:00+00:00,13.6,93,958.2,0.0,4.2,301
2016-11-16 21:00:00+00:00,13.7,92,958.3,0.0,4.7,302
2016-11-16 22:00:00+00:00,14.2,90,958.2,0.0,4.4,235
2016-11-16 23:00:00+00:00,14.1,90,958.0,0.0,4.1,218
2016-11-17 00:00:00+00:00,14.2,93,958.6,0.0,3.8,253
2016-11-17 01:00:00+00:00,14.3,88,958.9,0.0,3.4,328
2016-11-17 02:00:00+00:00,17.4,75,959.5,0.0,3.3,347
2016-11-17 03:00:00+00:00,18.0,73,959.5,0.0,2.2,360
2016-11-17 04:00:00+00:00,18.2,73,958.7,0.0,1.9,22
2016-11-17 05:00:00+00:00,20.2,64,957.7,0.0,1.0,45
2016-11-17 06:00:00+00:00,20.7,63,956.4,0.0,0.8,63
2016-11-17 07:00:00+00:00,20.7,61,955.6,0.0,1.1,108
2016-11-17 08:00:00+00:00,20.3,62,955.4,0.0,2.5,45
2016-11-17 09:00:00+00:00,20.3,62,955.8,0.0,4.5,14
2016-11-17 10:00:00+00:00,18.7,70,955.8,0.0,5.8,353
2016-11-17 11:00:00+00:00,18.7,71,956.0,0.0,6.6,22
2016-11-17 12:00:00+00:00,17.7,75,956.6,0.0,6.6,13
2016-11-17 13:00:00+00:00,17.4,75,957.0,0.0,7.4,14
2016-11-17 14:00:00+00:00,17.2,76,957.2,0.0,6.2,7
2016-11-17 15:00:00+00:00,16.1,82,957.2,0.0,6.1,357
2016-11-17 16:00:00+00:00,16.0,81,957.4,0.0,5.4,360
2016-11-17 17:00:00+00:00,15.5,85,956.7,0.0,6.0,17
2016-11-17 18:00:00+00:00,15.3,88,956.9,0.0,6.0,17
2016-11-17 19:00:00+00:00,15.7,86,956.5,0.0,5.6,15
2016-11-17 20:00:00+00:00,14.5,93,955.8,0.0,4.9,17
2016-11-17 21:00:00+00:00,14.5,93,955.5,0.0,2.2,351
2016-11-17 22:00:00+00:00,14.3,97,955.1,0.0,1.8,307
2016-11-17 23:00:00+00:00,14.0,98,955.4,0.0,2.1,211
2016-11-18 00:00:00+00:00,13.7,99,955.8,0.0,2.4,207
2016-11-18 01:00:00+00:00,14.3,96,956.2,0.0,3.2,180
2016-11-18 02:00:00+00:00,17.4,80,956.7,0.0,3.2,180
2016-11-18 03:00:00+00:00,17.3,78,956.4,0.0,5.2,192
2016-11-18 04:00:00+00:00,17.4,77,955.6,0.0,6.5,186
2016-11-18 05:00:00+00:00,20.3,62,955.0,0.0,6.8,177
2016-11-18 06:00:00+00:00,20.8,61,953.5,0.0,7.9,180
2016-11-18 07:00:00+00:00,21.0,61,953.2,0.0,6.5,183
2016-11-18 08:00:00+00:00,20.9,59,952.8,0.0,5.8,184
2016-11-18 09:00:00+00:00,20.7,59,953.0,0.0,4.0,180
2016-11-18 10:00:00+00:00,18.0,72,952.9,0.0,4.8,347
2016-11-18 11:00:00+00:00,17.6,74,953.4,0.0,6.1,357
2016-11-18 12:00:00+00:00,17.0,76,954.0,0.0,5.9,14
2016-11-18 13:00:00+00:00,16.5,79,954.4,0.0,7.7,28
2016-11-18 14:00:00+00:00,16.7,80,954.4,0.0,8.2,38
2016-11-18 15:00:00+00:00,16.3,86,954.7,0.0,7.9,39
2016-11-18 16:00:00+00:00,16.1,87,954.8,0.0,6.4,43
2016-11-18 17:00:00+00:00,15.8,89,954.5,0.0,6.9,47
2016-11-18 18:00:00+00:00,16.0,89,954.8,0.0,8.4,47
2016-11-18 19:00:00+00:00,16.1,91,955.8,0.2,10.5,41
2016-11-18 20:00:00+00:00,16.1,91,956.1,0.2,11.8,38
2016-11-18 21:00:00+00:00,16.6,91,956.6,0.1,11.2,33
2016-11-18 22:00:00+00:00,16.0,94,957.0,0.0,8.3,5
2016-11-18 23:00:00+00:00,16.0,95,957.5,0.0,6.3,329
2016-11-19 00:00:00+00:00,15.9,95,957.6,0.0,7.8,304
2016-11-19 01:00:00+00:00,15.4,96,957.5,0.0,8.7,287
2016-11-19 02:00:00+00:00,17.4,87,958.8,0.0,8.4,280
2016-11-19 03:00:00+00:00,17.0,86,958.0,0.0,7.7,281
2016-11-19 04:00:00+00:00,17.0,84,957.8,0.0,6.6,283
2016-11-19 05:00:00+00:00,19.2,71,956.8,0.0,6.1,298
2016-11-19 06:00:00+00:00,19.5,66,956.0,0.0,5.9,317
2016-11-19 07:00:00+00:00,19.4,64,955.4,0.0,5.8,330
2016-11-19 08:00:00+00:00,19.1,62,955.4,0.0,6.3,329
2016-11-19 09:00:00+00:00,19.1,61,955.7,0.0,6.9,309
2016-11-19 10:00:00+00:00,17.0,71,955.4,0.0,9.7,312
2016-11-19 11:00:00+00:00,16.8,74,956.1,0.0,5.8,330
2016-11-19 12:00:00+00:00,16.6,75,956.8,0.0,5.9,349
2016-11-19 13:00:00+00:00,16.5,77,957.7,0.0,6.8,342
2016-11-19 14:00:00+00:00,16.5,77,958.1,0.0,7.6,335
2016-11-19 15:00:00+00:00,15.9,81,958.3,0.0,9.0,337
2016-11-19 16:00:00+00:00,15.8,81,958.2,0.0,8.4,335
2016-11-19 17:00:00+00:00,15.3,84,958.2,0.0,7.8,338
2016-11-19 18:00:00+00:00,15.6,82,958.0,0.0,6.8,335
2016-11-19 19:00:00+00:00,15.5,80,957.8,0.0,6.5,326
2016-11-19 20:00:00+00:00,15.6,80,957.4,0.0,5.9,317
2016-11-19 21:00:00+00:00,15.4,80,957.2,0.0,5.1,309
2016-11-19 22:00:00+00:00,14.7,85,956.9,0.0,5.6,297
2016-11-19 23:00:00+00:00,14.9,83,957.2,0.0,5.4,290
2016-11-20 00:00:00+00:00,14.9,83,958.0,0.0,4.1,285
2016-11-20 01:00:00+00:00,15.2,80,958.4,0.0,6.6,283
2016-11-20 02:00:00+00:00,17.5,64,959.0,0.0,5.6,297
2016-11-20 03:00:00+00:00,18.7,56,959.1,0.0,3.8,319
2016-11-20 04:00:00+00:00,18.2,54,958.1,0.0,2.9,353
2016-11-20 05:00:00+00:00,21.9,42,957.2,0.0,3.3,354
2016-11-20 06:00:00+00:00,21.8,43,955.8,0.0,1.1,18
2016-11-20 07:00:00+00:00,21.8,45,954.8,0.0,1.8,127
2016-11-20 08:00:00+00:00,21.5,45,954.5,0.0,1.8,191
2016-11-20 09:00:00+00:00,21.4,46,954.4,0.0,1.1,288
2016-11-20 10:00:00+00:00,16.3,66,953.2,0.0,2.7,293
2016-11-20 11:00:00+00:00,14.4,75,953.7,0.0,7.4,317
2016-11-20 12:00:00+00:00,14.3,77,954.5,0.0,7.3,340
2016-11-20 13:00:00+00:00,14.0,79,954.6,0.0,6.2,353
2016-11-20 14:00:00+00:00,13.4,81,954.4,0.0,5.8,4
2016-11-20 15:00:00+00:00,11.5,91,954.5,0.0,6.2,10
2016-11-20 16:00:00+00:00,11.8,90,954.3,0.0,7.5,17
2016-11-20 17:00:00+00:00,12.0,88,954.3,0.0,7.9,24
2016-11-20 18:00:00+00:00,11.9,88,954.3,0.0,8.8,35
2016-11-20 19:00:00+00:00,12.0,88,954.3,0.0,7.4,43
2016-11-20 20:00:00+00:00,12.7,84,954.3,0.0,5.4,37
2016-11-20 21:00:00+00:00,12.8,84,954.3,0.0,5.4,42
2016-11-20 22:00:00+00:00,13.2,83,955.0,0.0,7.9,3
2016-11-20 23:00:00+00:00,12.9,86,955.3,0.0,7.4,23
2016-11-21 00:00:00+00:00,13.2,85,956.0,0.0,7.1,30
2016-11-21 01:00:00+00:00,13.4,83,956.5,0.0,5.8,30
2016-11-21 02:00:00+00:00,15.9,75,957.1,0.0,4.0,27
2016-11-21 03:00:00+00:00,15.8,77,956.9,0.0,2.9,30
2016-11-21 04:00:00+00:00,15.6,79,955.5,0.0,1.6,27
2016-11-21 05:00:00+00:00,17.9,71,954.6,0.0,1.6,27
2016-11-21 06:00:00+00:00,17.9,73,953.4,0.0,2.3,39
2016-11-21 07:00:00+00:00,18.1,73,952.7,0.0,4.1,15
2016-11-21 08:00:00+00:00,17.9,73,952.6,0.0,7.4,14
2016-11-21 09:00:00+00:00,18.0,72,953.0,0.0,10.2,10
2016-11-21 10:00:00+00:00,16.6,81,953.1,0.0,13.7,2
2016-11-21 11:00:00+00:00,16.4,85,954.6,0.1,14.3,10
2016-11-21 12:00:00+00:00,16.6,85,955.4,0.0,14.3,25
2016-11-21 13:00:00+00:00,17.1,86,955.9,0.0,12.2,24
2016-11-21 14:00:00+00:00,17.4,87,956.5,0.1,9.8,352
2016-11-21 15:00:00+00:00,16.6,86,957.8,0.0,10.4,358
2016-11-21 16:00:00+00:00,16.2,80,958.2,0.0,15.1,40
2016-11-21 17:00:00+00:00,15.5,71,958.6,0.0,16.9,56
2016-11-21 18:00:00+00:00,15.3,60,958.9,0.0,17.3,59
2016-11-21 19:00:00+00:00,15.0,54,960.0,0.0,19.1,58
2016-11-21 20:00:00+00:00,13.8,49,960.0,0.0,19.0,57
2016-11-21 21:00:00+00:00,13.5,45,960.7,0.0,16.8,59
2016-11-21 22:00:00+00:00,12.0,57,958.5,0.0,10.9,56
2016-11-21 23:00:00+00:00,12.2,55,959.4,0.0,10.2,67
2016-11-22 00:00:00+00:00,11.9,55,961.1,0.0,8.4,70
2016-11-22 01:00:00+00:00,11.3,57,961.6,0.0,8.9,63
2016-11-22 02:00:00+00:00,11.1,55,962.0,0.0,9.3,62
2016-11-22 03:00:00+00:00,10.8,58,962.5,0.0,10.0,64
2016-11-22 04:00:00+00:00,10.4,60,962.1,0.0,10.9,63
2016-11-22 05:00:00+00:00,10.6,57,961.6,0.0,12.3,58
2016-11-22 06:00:00+00:00,10.5,60,960.9,0.0,13.6,53
2016-11-22 07:00:00+00:00,10.5,61,961.3,0.0,12.5,51
2016-11-22 08:00:00+00:00,10.3,59,961.6,0.0,11.6,54
2016-11-22 09:00:00+00:00,10.2,60,962.7,0.0,9.5,53
2016-11-22 10:00:00+00:00,9.8,57,961.2,0.0,2.6,286
2016-11-22 11:00:00+00:00,9.9,58,962.6,0.0,3.3,13
2016-11-22 12:00:00+00:00,9.8,60,963.2,0.0,6.4,47
2016-11-22 13:00:00+00:00,9.8,62,964.6,0.0,4.0,355
2016-11-22 14:00:00+00:00,9.6,63,965.5,0.0,2.4,333
2016-11-22 15:00:00+00:00,8.9,64,966.7,0.0,0.8,297
2016-11-22 16:00:00+00:00,9.0,63,967.1,0.0,0.4,360
2016-11-22 17:00:00+00:00,8.9,60,967.4,0.0,1.8,360
2016-11-22 18:00:00+00:00,8.9,60,967.6,0.0,2.1,329
2016-11-22 19:00:00+00:00,8.8,63,968.1,0.0,2.0,315
2016-11-22 20:00:00+00:00,8.3,73,968.3,0.0,2.1,329
2016-11-22 21:00:00+00:00,8.1,74,968.9,0.0,2.3,342
2016-11-22 22:00:00+00:00,7.4,69,968.4,0.0,4.0,280
2016-11-22 23:00:00+00:00,7.5,68,969.3,0.0,2.9,277
2016-11-23 00:00:00+00:00,7.4,69,970.4,0.0,3.5,294
2016-11-23 01:00:00+00:00,7.4,68,972.0,0.0,3.3,319
2016-11-23 02:00:00+00:00,8.5,61,973.3,0.0,3.6,323
2016-11-23 03:00:00+00:00,8.4,59,973.5,0.0,3.0,346
2016-11-23 04:00:00+00:00,8.6,57,973.2,0.0,3.1,339
2016-11-23 05:00:00+00:00,9.4,51,972.1,0.0,3.1,339
2016-11-23 06:00:00+00:00,9.2,52,971.1,0.0,3.0,346
2016-11-23 07:00:00+00:00,9.5,51,970.1,0.0,3.4,342
2016-11-23 08:00:00+00:00,9.7,49,969.9,0.0,3.7,349
2016-11-23 09:00:00+00:00,9.7,50,970.0,0.0,2.7,337
2016-11-23 10:00:00+00:00,8.1,59,969.9,0.0,4.5,284
2016-11-23 11:00:00+00:00,7.8,62,970.6,0.0,6.2,277
2016-11-23 12:00:00+00:00,7.6,64,971.0,0.0,7.4,299
2016-11-23 13:00:00+00:00,7.5,65,971.2,0.0,8.1,302
2016-11-23 14:00:00+00:00,7.0,71,971.4,0.0,6.7,306
2016-11-23 15:00:00+00:00,6.0,73,971.2,0.0,6.4,313
2016-11-23 16:00:00+00:00,6.1,75,970.5,0.0,6.9,317
2016-11-23 17:00:00+00:00,5.8,78,969.6,0.0,7.6,329
2016-11-23 18:00:00+00:00,5.8,77,969.0,0.0,6.8,335
2016-11-23 19:00:00+00:00,6.0,75,968.6,0.0,5.5,349
2016-11-23 20:00:00+00:00,5.5,74,967.9,0.0,6.2,350
2016-11-23 21:00:00+00:00,5.5,71,967.4,0.0,7.3,351
2016-11-23 22:00:00+00:00,5.3,68,967.0,0.0,7.8,338
2016-11-23 23:00:00+00:00,5.2,68,967.3,0.0,6.6,347
2016-11-24 00:00:00+00:00,5.2,67,967.2,0.0,7.2,360
2016-11-24 01:00:00+00:00,5.1,71,966.7,0.0,7.4,14
2016-11-24 02:00:00+00:00,6.5,68,967.3,0.0,8.3,34
2016-11-24 03:00:00+00:00,6.3,72,966.9,0.0,8.9,40
2016-11-24 04:00:00+00:00,6.2,74,966.3,0.0,9.9,44
2016-11-24 05:00:00+00:00,7.0,70,964.9,0.0,9.9,46
2016-11-24 06:00:00+00:00,7.3,70,963.8,0.0,10.7,45
2016-11-24 07:00:00+00:00,7.7,68,963.3,0.0,12.7,43
2016-11-24 08:00:00+00:00,7.0,74,963.2,0.0,12.5,44
2016-11-24 09:00:00+00:00,7.0,76,963.6,0.0,11.2,45
2016-11-24 10:00:00+00:00,5.9,80,964.6,0.0,6.1,332
2016-11-24 11:00:00+00:00,5.8,82,964.8,0.0,3.1,339
2016-11-24 12:00:00+00:00,6.0,81,965.4,0.0,2.5,8
2016-11-24 13:00:00+00:00,6.0,83,966.2,0.0,3.9,292
2016-11-24 14:00:00+00:00,5.6,86,967.0,0.0,6.5,289
2016-11-24 15:00:00+00:00,5.6,85,967.5,0.0,5.6,310
2016-11-24 16:00:00+00:00,5.7,85,967.3,0.0,5.1,309
2016-11-24 17:00:00+00:00,5.0,88,966.9,0.0,4.8,297
2016-11-24 18:00:00+00:00,4.7,88,966.1,0.0,4.4,279
2016-11-24 19:00:00+00:00,4.6,88,965.8,0.0,4.3,275
2016-11-24 20:00:00+00:00,4.2,89,965.2,0.0,3.7,299
2016-11-24 21:00:00+00:00,3.9,91,965.2,0.0,2.1,301
2016-11-24 22:00:00+00:00,3.9,91,964.6,0.0,2.9,270
2016-11-24 23:00:00+00:00,4.1,91,964.8,0.0,2.2,261
2016-11-25 00:00:00+00:00,4.0,91,965.2,0.0,1.8,307
2016-11-25 01:00:00+00:00,4.0,90,965.6,0.0,3.4,328
2016-11-25 02:00:00+00:00,7.2,76,966.0,0.0,2.7,337
2016-11-25 03:00:00+00:00,7.4,76,965.3,0.0,2.2,9
2016-11-25 04:00:00+00:00,7.4,76,964.5,0.0,4.5,29
2016-11-25 05:00:00+00:00,9.1,67,963.5,0.0,8.2,38
2016-11-25 06:00:00+00:00,9.2,66,963.2,0.0,12.5,44
2016-11-25 07:00:00+00:00,9.5,66,962.9,0.0,13.3,52
2016-11-25 08:00:00+00:00,9.0,70,963.5,0.0,12.4,54
2016-11-25 09:00:00+00:00,8.9,69,964.8,0.0,7.4,39
2016-11-25 10:00:00+00:00,7.9,75,965.7,0.0,4.1,322
2016-11-25 11:00:00+00:00,7.8,76,967.6,0.0,10.9,287
2016-11-25 12:00:00+00:00,7.7,78,968.4,0.0,12.7,277
2016-11-25 13:00:00+00:00,7.5,79,969.3,0.0,11.9,265
2016-11-25 14:00:00+00:00,7.4,78,970.6,0.0,10.6,260
2016-11-25 15:00:00+00:00,7.0,80,971.3,0.0,9.1,263
2016-11-25 16:00:00+00:00,6.8,78,972.0,0.0,9.4,272
2016-11-25 17:00:00+00:00,7.1,78,971.9,0.0,10.2,280
2016-11-25 18:00:00+00:00,7.3,76,972.0,0.0,10.7,284
2016-11-25 19:00:00+00:00,7.9,72,972.1,0.0,10.6,288
2016-11-25 20:00:00+00:00,7.4,73,971.7,0.0,10.2,288
2016-11-25 21:00:00+00:00,7.5,70,971.4,0.0,9.4,288
2016-11-25 22:00:00+00:00,7.1,70,971.1,0.0,11.4,281
2016-11-25 23:00:00+00:00,6.6,73,970.7,0.0,7.7,281
2016-11-26 00:00:00+00:00,6.5,72,971.2,0.0,7.3,279
2016-11-26 01:00:00+00:00,7.0,62,971.9,0.0,6.5,251
2016-11-26 02:00:00+00:00,12.2,44,972.6,0.0,5.4,250
2016-11-26 03:00:00+00:00,12.7,39,972.3,0.0,7.0,235
2016-11-26 04:00:00+00:00,12.8,37,970.9,0.0,7.5,215
2016-11-26 05:00:00+00:00,15.4,25,969.5,0.0,6.6,202
2016-11-26 06:00:00+00:00,15.3,28,967.7,0.0,6.2,201
2016-11-26 07:00:00+00:00,15.0,29,966.5,0.0,5.7,198
2016-11-26 08:00:00+00:00,14.5,30,965.6,0.0,5.4,184
2016-11-26 09:00:00+00:00,14.4,34,965.6,0.0,3.7,209
2016-11-26 10:00:00+00:00,11.8,44,966.1,0.0,8.9,256
2016-11-26 11:00:00+00:00,10.7,48,965.9,0.0,9.2,239
2016-11-26 12:00:00+00:00,9.4,56,966.0,0.0,7.6,265
2016-11-26 13:00:00+00:00,8.2,61,966.1,0.0,7.6,267
2016-11-26 14:00:00+00:00,8.5,60,966.3,0.0,6.6,261
2016-11-26 15:00:00+00:00,7.8,63,966.4,0.0,5.3,242
2016-11-26 16:00:00+00:00,7.0,67,965.8,0.0,4.5,194
2016-11-26 17:00:00+00:00,5.4,77,964.8,0.0,5.1,176
2016-11-26 18:00:00+00:00,4.7,85,964.2,0.0,4.7,148
2016-11-26 19:00:00+00:00,4.5,88,963.6,0.0,2.6,106
2016-11-26 20:00:00+00:00,3.9,94,963.2,0.0,4.5,76
2016-11-26 21:00:00+00:00,3.9,97,963.0,0.0,4.8,63
2016-11-26 22:00:00+00:00,4.3,89,963.8,0.0,5.7,18
2016-11-26 23:00:00+00:00,4.5,89,963.7,0.0,7.9,51
2016-11-27 00:00:00+00:00,4.7,91,964.4,0.0,9.7,59
2016-11-27 01:00:00+00:00,4.9,89,965.7,0.0,10.5,59
2016-11-27 02:00:00+00:00,9.3,69,967.2,0.0,11.0,52
2016-11-27 03:00:00+00:00,9.5,68,967.4,0.0,12.0,51
2016-11-27 04:00:00+00:00,9.2,69,966.7,0.1,11.4,55
2016-11-27 05:00:00+00:00,11.9,58,965.8,0.0,10.4,56
2016-11-27 06:00:00+00:00,12.4,56,965.0,0.0,10.0,49
2016-11-27 07:00:00+00:00,12.5,54,964.3,0.0,7.9,47
2016-11-27 08:00:00+00:00,12.0,54,964.0,0.0,5.9,38
2016-11-27 09:00:00+00:00,11.8,52,964.4,0.0,4.6,18
2016-11-27 10:00:00+00:00,10.1,63,965.3,0.0,6.0,303
2016-11-27 11:00:00+00:00,9.7,64,965.8,0.0,6.9,313
2016-11-27 12:00:00+00:00,9.8,65,966.1,0.0,6.1,320
2016-11-27 13:00:00+00:00,9.5,66,966.6,0.0,6.1,298
2016-11-27 14:00:00+00:00,9.3,69,967.4,0.0,5.4,278
2016-11-27 15:00:00+00:00,8.7,73,967.7,0.0,6.6,283
2016-11-27 16:00:00+00:00,8.6,73,967.8,0.0,6.5,289
2016-11-27 17:00:00+00:00,8.4,77,967.1,0.0,4.4,279
2016-11-27 18:00:00+00:00,8.4,78,966.9,0.0,4.6,231
2016-11-27 19:00:00+00:00,8.4,81,966.6,0.0,2.9,210
2016-11-27 20:00:00+00:00,8.3,85,966.3,0.0,2.5,270
2016-11-27 21:00:00+00:00,8.4,83,966.2,0.0,2.8,310
2016-11-27 22:00:00+00:00,7.8,81,966.0,0.0,3.0,256
2016-11-27 23:00:00+00:00,7.9,80,965.9,0.0,2.4,243
2016-11-28 00:00:00+00:00,7.7,88,966.8,0.0,2.7,293
2016-11-28 01:00:00+00:00,8.2,78,967.4,0.0,1.5,315
2016-11-28 02:00:00+00:00,10.5,65,968.5,0.0,1.4,360
2016-11-28 03:00:00+00:00,10.9,61,968.4,0.0,1.4,360
2016-11-28 04:00:00+00:00,11.1,61,967.9,0.0,2.2,9
2016-11-28 05:00:00+00:00,12.8,53,966.8,0.0,3.2,27
2016-11-28 06:00:00+00:00,12.6,53,965.5,0.0,5.1,45
2016-11-28 07:00:00+00:00,12.8,52,964.8,0.0,5.6,40
2016-11-28 08:00:00+00:00,12.2,54,964.8,0.0,7.7,41
2016-11-28 09:00:00+00:00,12.4,52,965.4,0.0,8.7,38
2016-11-28 10:00:00+00:00,11.3,60,965.7,0.0,6.8,360
2016-11-28 11:00:00+00:00,11.1,61,966.0,0.0,8.7,7
2016-11-28 12:00:00+00:00,10.8,64,966.8,0.0,8.6,15
2016-11-28 13:00:00+00:00,10.6,66,967.7,0.0,7.7,11
2016-11-28 14:00:00+00:00,10.0,69,968.4,0.0,7.6,360
2016-11-28 15:00:00+00:00,9.0,73,968.7,0.0,7.6,341
2016-11-28 16:00:00+00:00,9.0,76,969.3,0.0,6.7,324
2016-11-28 17:00:00+00:00,8.7,83,969.1,0.8,5.6,320
2016-11-28 18:00:00+00:00,8.4,87,968.9,0.4,4.9,306
2016-11-28 19:00:00+00:00,8.5,88,969.4,0.0,5.2,304
2016-11-28 20:00:00+00:00,8.1,90,969.3,0.0,4.8,297
2016-11-28 21:00:00+00:00,8.5,88,969.6,0.0,5.2,286
2016-11-28 22:00:00+00:00,8.0,83,969.2,0.0,7.6,273
2016-11-28 23:00:00+00:00,8.0,84,970.2,0.0,7.6,278
2016-11-29 00:00:00+00:00,7.9,85,970.4,0.0,7.9,267
2016-11-29 01:00:00+00:00,8.4,82,971.5,0.0,9.4,263
2016-11-29 02:00:00+00:00,11.4,68,972.6,0.0,9.0,270
2016-11-29 03:00:00+00:00,11.7,63,972.5,0.0,8.4,277
2016-11-29 04:00:00+00:00,11.8,61,971.8,0.0,6.5,273
2016-11-29 05:00:00+00:00,14.7,46,970.9,0.0,4.4,279
2016-11-29 06:00:00+00:00,14.6,48,969.7,0.0,2.5,315
2016-11-29 07:00:00+00:00,14.7,49,968.5,0.0,2.3,342
2016-11-29 08:00:00+00:00,14.2,49,968.6,0.0,3.4,328
2016-11-29 09:00:00+00:00,14.1,50,968.8,0.0,6.9,317
2016-11-29 10:00:00+00:00,11.1,62,968.1,0.0,12.0,319
2016-11-29 11:00:00+00:00,10.8,66,969.1,0.0,11.2,327
2016-11-29 12:00:00+00:00,10.6,69,969.6,0.0,9.2,334
2016-11-29 13:00:00+00:00,10.7,72,970.7,0.0,9.2,339
2016-11-29 14:00:00+00:00,10.6,74,971.6,0.3,9.0,337
2016-11-29 15:00:00+00:00,9.8,80,972.1,0.3,6.8,328
2016-11-29 16:00:00+00:00,10.0,81,972.7,0.4,5.3,298
2016-11-29 17:00:00+00:00,9.6,82,972.5,0.0,6.8,295
2016-11-29 18:00:00+00:00,9.5,82,972.8,0.0,7.1,294
2016-11-29 19:00:00+00:00,9.9,79,972.6,0.0,7.4,293
2016-11-29 20:00:00+00:00,8.7,85,972.0,0.0,7.1,285
2016-11-29 21:00:00+00:00,8.3,87,971.7,0.0,6.2,280
2016-11-29 22:00:00+00:00,8.2,84,971.6,0.0,6.2,263
2016-11-29 23:00:00+00:00,8.2,85,971.7,0.0,6.9,242
2016-11-30 00:00:00+00:00,8.3,86,972.3,0.0,6.8,252
2016-11-30 01:00:00+00:00,8.7,84,973.0,0.0,1.9,292
2016-11-30 02:00:00+00:00,11.9,66,973.8,0.0,1.3,146
2016-11-30 03:00:00+00:00,11.6,67,973.8,0.2,1.5,166
2016-11-30 04:00:00+00:00,11.6,68,973.0,0.0,2.2,180
2016-11-30 05:00:00+00:00,15.3,53,971.9,0.0,5.8,180
2016-11-30 06:00:00+00:00,15.8,51,970.4,0.0,6.2,187
2016-11-30 07:00:00+00:00,16.1,49,969.2,0.0,6.6,189
2016-11-30 08:00:00+00:00,15.7,47,968.9,0.0,6.9,189
2016-11-30 09:00:00+00:00,15.4,48,968.8,0.0,5.4,200
2016-11-30 10:00:00+00:00,12.4,60,968.4,0.0,5.2,254
2016-11-30 11:00:00+00:00,11.8,62,968.8,0.0,2.1,329
2016-11-30 12:00:00+00:00,9.8,74,969.3,0.0,5.5,328
2016-11-30 13:00:00+00:00,10.1,72,970.0,0.0,5.8,330
2016-11-30 14:00:00+00:00,10.5,73,970.0,0.0,5.0,339
2016-11-30 15:00:00+00:00,9.0,84,969.6,0.0,7.0,348
2016-11-30 16:00:00+00:00,10.1,75,969.9,0.0,4.2,20
2016-11-30 17:00:00+00:00,10.2,76,969.6,0.0,2.9,90
2016-11-30 18:00:00+00:00,9.0,87,969.1,0.0,4.7,122
2016-11-30 19:00:00+00:00,8.5,89,968.9,0.0,3.8,131
2016-11-30 20:00:00+00:00,8.3,91,968.4,0.0,4.0,117
2016-11-30 21:00:00+00:00,8.2,92,968.3,0.2,3.4,122
2016-11-30 22:00:00+00:00,8.7,88,968.9,0.0,2.8,140
2016-11-30 23:00:00+00:00,8.9,88,968.9,0.0,2.2,99
2016-12-01 00:00:00+00:00,8.2,93,969.2,0.0,4.0,90
2016-12-01 01:00:00+00:00,8.4,95,970.1,0.4,4.2,70
2016-12-01 02:00:00+00:00,11.0,86,971.3,0.0,4.4,55
2016-12-01 03:00:00+00:00,11.5,81,971.4,0.0,6.3,59
2016-12-01 04:00:00+00:00,11.3,79,970.8,0.0,6.6,61
2016-12-01 05:00:00+00:00,13.2,67,969.7,0.0,5.7,72
2016-12-01 06:00:00+00:00,13.5,64,968.6,0.0,3.7,101
2016-12-01 07:00:00+00:00,13.4,63,968.0,0.0,2.7,113
2016-12-01 08:00:00+00:00,13.3,62,967.6,0.0,0.8,63
2016-12-01 09:00:00+00:00,13.2,60,968.1,0.0,2.7,337
2016-12-01 10:00:00+00:00,11.5,76,968.3,0.0,4.4,351
2016-12-01 11:00:00+00:00,11.3,79,968.6,0.0,4.3,360
2016-12-01 12:00:00+00:00,11.3,80,969.4,0.0,4.0,355
2016-12-01 13:00:00+00:00,11.1,81,969.8,0.0,4.1,345
2016-12-01 14:00:00+00:00,10.9,83,970.2,0.0,4.3,336
2016-12-01 15:00:00+00:00,10.3,87,969.9,0.0,3.2,333
2016-12-01 16:00:00+00:00,10.1,88,970.1,0.0,3.6,315
2016-12-01 17:00:00+00:00,10.1,88,970.0,0.0,3.3,319
2016-12-01 18:00:00+00:00,10.0,89,969.5,0.0,2.6,304
2016-12-01 19:00:00+00:00,10.1,89,969.3,0.0,2.6,304
2016-12-01 20:00:00+00:00,9.6,92,968.8,0.0,3.3,311
2016-12-01 21:00:00+00:00,9.5,94,968.4,0.0,2.0,315
2016-12-01 22:00:00+00:00,9.5,94,968.8,0.0,2.6,344
2016-12-01 23:00:00+00:00,9.4,92,968.3,0.0,1.9,68
2016-12-02 00:00:00+00:00,9.5,93,969.0,0.0,1.8,101
2016-12-02 01:00:00+00:00,9.6,91,969.5,0.0,1.1,72
2016-12-02 02:00:00+00:00,11.0,85,969.9,0.0,1.3,304
2016-12-02 03:00:00+00:00,11.3,84,969.9,0.0,0.5,315
2016-12-02 04:00:00+00:00,11.4,82,968.8,0.0,0.5,315
2016-12-02 05:00:00+00:00,12.3,74,967.7,0.0,0.8,333
2016-12-02 06:00:00+00:00,12.5,71,966.8,0.0,2.2,360
2016-12-02 07:00:00+00:00,12.2,71,966.0,0.0,4.5,14
2016-12-02 08:00:00+00:00,11.6,71,966.1,0.0,6.7,16
2016-12-02 09:00:00+00:00,11.3,72,966.3,0.0,6.3,24
2016-12-02 10:00:00+00:00,9.9,86,967.3,0.0,4.4,351
2016-12-02 11:00:00+00:00,9.9,86,967.5,0.0,4.9,17
2016-12-02 12:00:00+00:00,10.3,84,968.3,0.0,6.5,360
2016-12-02 13:00:00+00:00,10.1,84,968.4,0.0,8.0,10
2016-12-02 14:00:00+00:00,10.2,84,969.0,0.0,7.8,13
2016-12-02 15:00:00+00:00,8.8,89,968.6,0.0,6.6,9
2016-12-02 16:00:00+00:00,9.2,88,968.7,0.0,5.8,360
2016-12-02 17:00:00+00:00,9.1,89,968.5,0.0,5.1,352
2016-12-02 18:00:00+00:00,9.1,89,968.0,0.0,4.5,346
2016-12-02 19:00:00+00:00,9.0,91,967.9,0.0,3.8,343
2016-12-02 20:00:00+00:00,8.8,91,967.8,0.0,3.2,333
2016-12-02 21:00:00+00:00,8.7,92,967.3,0.0,2.7,337
2016-12-02 22:00:00+00:00,9.1,89,967.9,0.0,2.5,315
2016-12-02 23:00:00+00:00,8.9,92,968.1,0.5,1.8,307
2016-12-03 00:00:00+00:00,8.5,95,968.5,0.6,0.8,333
2016-12-03 01:00:00+00:00,8.1,95,969.2,0.0,1.0,45
2016-12-03 02:00:00+00:00,10.1,84,970.0,0.0,1.1,360
2016-12-03 03:00:00+00:00,9.8,86,970.3,0.0,1.9,292
2016-12-03 04:00:00+00:00,10.1,85,969.6,0.0,3.8,253
2016-12-03 05:00:00+00:00,12.0,74,968.9,0.0,5.8,248
2016-12-03 06:00:00+00:00,12.6,71,967.8,0.0,6.3,239
2016-12-03 07:00:00+00:00,13.0,68,967.1,0.0,7.5,235
2016-12-03 08:00:00+00:00,13.4,63,966.7,0.0,8.0,234
2016-12-03 09:00:00+00:00,13.7,60,966.9,0.0,8.0,234
2016-12-03 10:00:00+00:00,9.5,84,967.6,0.0,6.4,243
2016-12-03 11:00:00+00:00,8.5,90,967.3,0.0,7.6,211
2016-12-03 12:00:00+00:00,9.0,87,967.6,0.0,4.7,266
2016-12-03 13:00:00+00:00,8.5,89,967.8,0.0,6.6,261
2016-12-03 14:00:00+00:00,7.8,92,967.7,0.0,6.3,239
2016-12-03 15:00:00+00:00,6.4,97,966.7,0.0,5.2,214
2016-12-03 16:00:00+00:00,5.7,100,966.5,0.0,6.5,199
2016-12-03 17:00:00+00:00,5.6,100,966.0,0.0,6.9,189
2016-12-03 18:00:00+00:00,5.7,100,965.8,0.0,6.1,183
2016-12-03 19:00:00+00:00,5.5,100,965.4,0.0,6.5,183
2016-12-03 20:00:00+00:00,5.8,100,965.2,0.0,8.7,185
2016-12-03 21:00:00+00:00,6.8,98,965.0,0.0,8.0,190
2016-12-03 22:00:00+00:00,6.5,99,966.1,0.0,7.3,160
2016-12-03 23:00:00+00:00,6.3,99,966.2,0.0,5.8,150
2016-12-04 00:00:00+00:00,6.0,100,967.4,0.0,3.5,156
2016-12-04 01:00:00+00:00,5.5,100,967.4,0.0,3.1,135
2016-12-04 02:00:00+00:00,7.4,88,968.5,0.0,2.5,98
2016-12-04 03:00:00+00:00,8.9,84,968.4,0.0,2.5,90
2016-12-04 04:00:00+00:00,9.3,76,967.2,0.0,4.1,128
2016-12-04 05:00:00+00:00,12.3,62,966.2,0.0,5.5,148
2016-12-04 06:00:00+00:00,12.2,65,964.6,0.0,5.5,169
2016-12-04 07:00:00+00:00,12.6,64,963.7,0.0,6.8,177
2016-12-04 08:00:00+00:00,12.6,63,963.0,0.0,7.9,180
2016-12-04 09:00:00+00:00,12.7,62,962.6,0.0,7.9,183
2016-12-04 10:00:00+00:00,9.8,85,963.5,0.0,1.3,304
2016-12-04 11:00:00+00:00,9.8,83,963.1,0.0,2.9,97
2016-12-04 12:00:00+00:00,9.0,87,962.8,0.0,4.0,80
2016-12-04 13:00:00+00:00,9.5,87,963.4,0.0,3.3,49
2016-12-04 14:00:00+00:00,8.8,92,963.0,0.0,3.1,36
2016-12-04 15:00:00+00:00,7.9,100,963.4,0.0,3.3,41
2016-12-04 16:00:00+00:00,7.7,100,963.1,0.0,2.4,27
2016-12-04 17:00:00+00:00,8.0,100,963.6,0.0,5.1,39
2016-12-04 18:00:00+00:00,8.4,100,963.6,0.0,4.6,39
2016-12-04 19:00:00+00:00,8.4,100,963.4,0.0,3.9,34
2016-12-04 20:00:00+00:00,7.8,100,963.5,0.0,3.4,32
2016-12-04 21:00:00+00:00,7.6,100,963.2,0.0,3.8,49
2016-12-04 22:00:00+00:00,7.3,100,964.1,0.0,5.0,69
2016-12-04 23:00:00+00:00,7.2,100,965.4,0.0,6.5,84
2016-12-05 00:00:00+00:00,7.7,100,966.8,0.0,7.0,69
2016-12-05 01:00:00+00:00,7.3,100,968.4,0.0,9.7,59
2016-12-05 02:00:00+00:00,10.1,86,971.0,0.0,15.3,49
2016-12-05 03:00:00+00:00,10.1,84,972.6,0.0,13.5,44
2016-12-05 04:00:00+00:00,10.4,80,972.3,0.0,5.6,310
2016-12-05 05:00:00+00:00,13.7,64,972.3,0.0,9.1,277
2016-12-05 06:00:00+00:00,14.6,58,971.5,0.0,8.6,270
2016-12-05 07:00:00+00:00,14.9,56,971.6,0.0,6.2,277
2016-12-05 08:00:00+00:00,15.7,54,971.6,0.0,4.7,279
2016-12-05 09:00:00+00:00,15.8,54,972.3,0.0,4.7,270
2016-12-05 10:00:00+00:00,9.7,82,971.1,0.0,9.4,247
2016-12-05 11:00:00+00:00,9.5,80,971.4,0.0,9.2,259
2016-12-05 12:00:00+00:00,9.3,77,972.3,0.0,8.6,270
2016-12-05 13:00:00+00:00,9.2,76,972.7,0.0,9.4,277
2016-12-05 14:00:00+00:00,8.2,78,972.3,0.0,8.8,261
2016-12-05 15:00:00+00:00,6.5,79,971.8,0.0,6.9,227
2016-12-05 16:00:00+00:00,6.5,83,971.3,0.0,6.3,211
2016-12-05 17:00:00+00:00,5.7,85,970.5,0.0,5.8,210
2016-12-05 18:00:00+00:00,5.4,86,969.6,0.0,4.2,211
2016-12-05 19:00:00+00:00,5.4,85,969.1,0.0,2.9,210
2016-12-05 20:00:00+00:00,4.6,87,968.2,0.0,2.3,219
2016-12-05 21:00:00+00:00,4.5,87,967.6,0.0,3.2,243
2016-12-05 22:00:00+00:00,4.6,82,967.4,0.0,4.8,257
2016-12-05 23:00:00+00:00,5.4,76,968.5,0.0,4.0,275
2016-12-06 00:00:00+00:00,5.7,73,967.9,0.0,2.4,333
2016-12-06 01:00:00+00:00,4.7,82,968.0,0.0,6.3,24
2016-12-06 02:00:00+00:00,9.8,69,969.1,0.0,5.4,42
2016-12-06 03:00:00+00:00,10.9,63,968.8,0.0,5.6,45
2016-12-06 04:00:00+00:00,11.6,60,967.7,0.0,5.9,43
2016-12-06 05:00:00+00:00,14.8,46,966.5,0.0,5.6,50
2016-12-06 06:00:00+00:00,15.2,44,964.9,0.0,5.5,58
2016-12-06 07:00:00+00:00,15.3,45,964.3,0.0,6.8,58
2016-12-06 08:00:00+00:00,14.8,49,964.1,0.0,7.7,53
2016-12-06 09:00:00+00:00,14.4,51,964.4,0.0,6.5,34
2016-12-06 10:00:00+00:00,10.2,66,964.1,0.0,8.3,355
2016-12-06 11:00:00+00:00,9.1,70,965.3,0.0,7.7,11
2016-12-06 12:00:00+00:00,9.7,69,966.5,0.0,7.3,11
2016-12-06 13:00:00+00:00,9.1,70,967.1,0.0,7.4,14
2016-12-06 14:00:00+00:00,8.5,73,967.4,0.0,6.7,16
2016-12-06 15:00:00+00:00,6.8,83,967.2,0.0,6.8,18
2016-12-06 16:00:00+00:00,6.0,88,966.9,0.0,6.7,16
2016-12-06 17:00:00+00:00,6.0,89,966.7,0.0,3.2,360
2016-12-06 18:00:00+00:00,6.2,86,966.3,0.0,1.1,252
2016-12-06 19:00:00+00:00,5.9,88,966.2,0.0,3.9,236
2016-12-06 20:00:00+00:00,4.6,91,965.7,0.0,4.5,241
2016-12-06 21:00:00+00:00,5.1,88,965.6,0.0,3.8,229
2016-12-06 22:00:00+00:00,5.3,85,965.4,0.0,5.0,210
2016-12-06 23:00:00+00:00,5.4,85,966.0,0.0,7.4,157
2016-12-07 00:00:00+00:00,5.5,85,966.4,0.0,6.8,148
2016-12-07 01:00:00+00:00,5.1,88,966.7,0.0,4.9,144
2016-12-07 02:00:00+00:00,8.8,80,968.4,0.0,4.1,165
2016-12-07 03:00:00+00:00,9.9,76,968.3,0.0,4.7,180
2016-12-07 04:00:00+00:00,10.4,74,967.1,0.0,5.4,180
2016-12-07 05:00:00+00:00,14.5,59,966.4,0.0,4.7,176
2016-12-07 06:00:00+00:00,14.9,57,964.9,0.0,4.4,171
2016-12-07 07:00:00+00:00,15.1,57,964.6,0.0,4.3,175
2016-12-07 08:00:00+00:00,15.7,53,964.3,0.0,3.7,191
2016-12-07 09:00:00+00:00,15.7,53,964.7,0.0,2.7,203
2016-12-07 10:00:00+00:00,11.1,73,965.1,0.0,7.2,297
2016-12-07 11:00:00+00:00,9.3,81,965.6,0.0,2.9,330
2016-12-07 12:00:00+00:00,8.3,88,965.9,0.0,4.9,343
2016-12-07 13:00:00+00:00,7.9,90,966.0,0.0,5.1,352
2016-12-07 14:00:00+00:00,7.5,91,965.9,0.0,2.6,34
2016-12-07 15:00:00+00:00,5.7,96,965.4,0.0,2.4,153
2016-12-07 16:00:00+00:00,6.4,93,965.2,0.0,4.7,171
2016-12-07 17:00:00+00:00,6.0,95,964.7,0.0,6.2,187
2016-12-07 18:00:00+00:00,6.2,96,964.0,0.0,7.7,191
2016-12-07 19:00:00+00:00,5.4,98,963.2,0.0,8.1,193
2016-12-07 20:00:00+00:00,6.2,98,962.7,0.0,9.3,196
2016-12-07 21:00:00+00:00,6.9,97,962.0,0.0,9.1,189
2016-12-07 22:00:00+00:00,6.4,99,963.5,0.0,3.1,291
2016-12-07 23:00:00+00:00,6.6,100,963.2,0.0,2.5,98
2016-12-08 00:00:00+00:00,6.0,100,963.9,0.0,2.9,83
2016-12-08 01:00:00+00:00,5.8,99,963.9,0.0,3.9,68
2016-12-08 02:00:00+00:00,8.0,93,964.7,0.0,4.3,66
2016-12-08 03:00:00+00:00,8.4,90,964.7,0.0,5.5,67
2016-12-08 04:00:00+00:00,9.3,82,963.7,0.0,5.2,78
2016-12-08 05:00:00+00:00,11.6,67,962.2,0.0,5.5,79
2016-12-08 06:00:00+00:00,11.7,67,961.0,0.0,5.9,104
2016-12-08 07:00:00+00:00,12.0,67,960.2,0.0,5.9,101
2016-12-08 08:00:00+00:00,12.1,64,959.9,0.0,5.4,94
2016-12-08 09:00:00+00:00,12.3,66,959.7,0.0,4.3,95
2016-12-08 10:00:00+00:00,9.2,82,960.4,0.0,4.4,9
2016-12-08 11:00:00+00:00,8.8,88,960.6,0.0,3.8,41
2016-12-08 12:00:00+00:00,8.6,91,961.0,0.0,4.2,31
2016-12-08 13:00:00+00:00,8.3,95,961.1,0.0,4.9,17
2016-12-08 14:00:00+00:00,8.3,97,960.9,0.0,3.2,27
2016-12-08 15:00:00+00:00,7.1,99,960.2,0.0,2.9,30
2016-12-08 16:00:00+00:00,6.8,99,959.6,0.0,2.9,30
2016-12-08 17:00:00+00:00,7.1,99,959.2,0.0,5.1,45
2016-12-08 18:00:00+00:00,7.0,98,958.7,0.0,5.1,51
2016-12-08 19:00:00+00:00,7.3,97,958.8,0.0,3.9,56
2016-12-08 20:00:00+00:00,7.1,98,958.6,0.0,4.1,45
2016-12-08 21:00:00+00:00,7.4,99,958.5,0.0,4.1,45
2016-12-08 22:00:00+00:00,7.0,98,957.8,0.0,4.3,42
2016-12-08 23:00:00+00:00,7.1,98,958.7,0.0,5.0,69
2016-12-09 00:00:00+00:00,7.4,97,959.4,0.0,3.9,56
2016-12-09 01:00:00+00:00,6.9,98,959.6,0.0,5.4,37
2016-12-09 02:00:00+00:00,9.1,90,960.1,0.0,6.1,40
2016-12-09 03:00:00+00:00,8.9,88,959.3,0.0,6.0,57
2016-12-09 04:00:00+00:00,9.2,84,958.7,0.0,6.6,68
2016-12-09 05:00:00+00:00,10.9,73,957.5,0.0,7.4,67
2016-12-09 06:00:00+00:00,11.5,72,956.7,0.0,8.6,68
2016-12-09 07:00:00+00:00,11.5,71,956.5,0.0,8.0,63
2016-12-09 08:00:00+00:00,11.5,70,956.8,0.0,7.2,53
2016-12-09 09:00:00+00:00,11.5,67,957.2,0.0,7.1,45
2016-12-09 10:00:00+00:00,8.7,84,958.0,0.0,10.5,308
2016-12-09 11:00:00+00:00,8.3,87,958.4,0.0,4.7,293
2016-12-09 12:00:00+00:00,7.9,92,959.8,0.0,4.7,261
2016-12-09 13:00:00+00:00,7.5,98,960.7,0.0,8.8,258
2016-12-09 14:00:00+00:00,6.9,100,960.9,0.0,11.2,255
2016-12-09 15:00:00+00:00,6.1,99,961.3,0.0,11.7,252
2016-12-09 16:00:00+00:00,6.3,98,961.4,0.0,10.8,249
2016-12-09 17:00:00+00:00,6.1,97,960.8,0.0,9.7,243
2016-12-09 18:00:00+00:00,6.6,98,960.7,0.0,9.1,236
2016-12-09 19:00:00+00:00,6.6,96,960.6,0.0,8.0,234
2016-12-09 20:00:00+00:00,5.9,96,960.4,0.0,6.7,234
2016-12-09 21:00:00+00:00,6.1,96,959.9,0.0,5.7,235
2016-12-09 22:00:00+00:00,5.8,96,959.7,0.0,7.9,254
2016-12-09 23:00:00+00:00,5.7,96,960.0,0.0,5.2,205
2016-12-10 00:00:00+00:00,5.9,95,960.5,0.0,0.8,27
2016-12-10 01:00:00+00:00,6.2,92,960.9,0.0,5.2,25
2016-12-10 02:00:00+00:00,10.2,79,961.6,0.0,5.7,35
2016-12-10 03:00:00+00:00,11.5,75,961.9,0.0,6.4,52
2016-12-10 04:00:00+00:00,12.0,71,960.5,0.0,6.6,68
2016-12-10 05:00:00+00:00,14.5,59,959.3,0.0,7.4,76
2016-12-10 06:00:00+00:00,14.7,61,957.8,0.0,9.7,86
2016-12-10 07:00:00+00:00,14.3,63,956.4,0.0,11.2,84
2016-12-10 08:00:00+00:00,14.3,64,956.4,0.0,12.1,80
2016-12-10 09:00:00+00:00,13.3,64,956.3,0.0,11.8,70
2016-12-10 10:00:00+00:00,11.4,73,957.2,0.0,10.2,32
2016-12-10 11:00:00+00:00,11.4,75,957.3,0.0,11.7,43
2016-12-10 12:00:00+00:00,11.5,76,958.2,0.0,10.8,53
2016-12-10 13:00:00+00:00,10.7,77,958.6,0.0,9.8,54
2016-12-10 14:00:00+00:00,10.2,80,959.3,0.0,8.7,45
2016-12-10 15:00:00+00:00,9.3,85,959.2,0.0,8.5,36
2016-12-10 16:00:00+00:00,9.1,88,959.3,0.0,9.2,45
2016-12-10 17:00:00+00:00,9.2,88,958.9,0.0,6.7,36
2016-12-10 18:00:00+00:00,8.9,90,958.7,0.0,5.5,23
2016-12-10 19:00:00+00:00,9.0,90,958.7,0.0,4.4,9
2016-12-10 20:00:00+00:00,8.5,95,958.3,0.0,4.3,355
2016-12-10 21:00:00+00:00,8.4,96,957.8,0.0,3.4,328
2016-12-10 22:00:00+00:00,7.3,99,957.9,0.0,5.9,313
2016-12-10 23:00:00+00:00,7.3,99,957.4,0.0,2.3,321
2016-12-11 00:00:00+00:00,7.1,99,957.5,0.0,1.1,342
2016-12-11 01:00:00+00:00,7.4,99,957.9,0.0,1.5,346
2016-12-11 02:00:00+00:00,9.8,91,958.5,0.0,1.9,338
2016-12-11 03:00:00+00:00,10.0,87,958.0,0.0,1.8,11
2016-12-11 04:00:00+00:00,10.5,85,957.1,0.0,3.1,36
2016-12-11 05:00:00+00:00,11.7,77,955.6,0.0,3.9,56
2016-12-11 06:00:00+00:00,12.3,76,953.9,0.0,5.7,72
2016-12-11 07:00:00+00:00,12.4,77,952.7,0.0,6.0,73
2016-12-11 08:00:00+00:00,12.9,75,952.5,0.0,7.0,69
2016-12-11 09:00:00+00:00,12.5,76,952.6,0.0,6.9,62
2016-12-11 10:00:00+00:00,10.8,78,952.7,0.0,5.4,352
2016-12-11 11:00:00+00:00,11.1,80,953.4,0.0,6.1,357
2016-12-11 12:00:00+00:00,11.3,80,953.8,0.0,7.3,20
2016-12-11 13:00:00+00:00,11.4,84,954.2,0.0,7.8,13
2016-12-11 14:00:00+00:00,11.1,88,955.0,0.0,7.6,360
2016-12-11 15:00:00+00:00,10.0,93,955.3,0.0,7.2,357
2016-12-11 16:00:00+00:00,10.0,93,955.8,0.0,7.6,355
2016-12-11 17:00:00+00:00,10.0,94,956.0,0.0,7.9,357
2016-12-11 18:00:00+00:00,10.2,94,956.2,0.0,8.0,352
2016-12-11 19:00:00+00:00,10.1,95,956.4,0.0,7.5,343
2016-12-11 20:00:00+00:00,9.7,96,956.6,0.0,7.6,329
2016-12-11 21:00:00+00:00,9.7,96,956.4,0.0,7.7,319
2016-12-11 22:00:00+00:00,9.2,97,955.5,0.0,7.7,307
2016-12-11 23:00:00+00:00,9.2,97,956.8,0.0,5.9,284
2016-12-12 00:00:00+00:00,9.4,99,957.7,0.0,6.8,267
2016-12-12 01:00:00+00:00,9.4,97,958.4,0.0,7.9,273
2016-12-12 02:00:00+00:00,11.0,88,959.4,0.0,7.6,275
2016-12-12 03:00:00+00:00,11.3,87,959.8,0.0,7.2,273
2016-12-12 04:00:00+00:00,11.3,84,959.6,0.0,6.5,273
2016-12-12 05:00:00+00:00,13.7,72,959.1,0.0,4.8,283
2016-12-12 06:00:00+00:00,13.6,72,958.4,0.0,3.1,306
2016-12-12 07:00:00+00:00,13.7,72,958.3,0.0,3.1,339
2016-12-12 08:00:00+00:00,14.0,70,958.5,0.0,4.0,350
2016-12-12 09:00:00+00:00,13.9,72,959.3,0.0,4.4,325
2016-12-12 10:00:00+00:00,11.9,79,958.7,0.0,7.6,301
2016-12-12 11:00:00+00:00,12.1,80,960.0,0.0,6.0,295
2016-12-12 12:00:00+00:00,11.7,83,960.7,0.0,6.9,298
2016-12-12 13:00:00+00:00,11.7,83,961.5,0.0,7.3,303
2016-12-12 14:00:00+00:00,10.8,83,961.7,0.0,7.3,303
2016-12-12 15:00:00+00:00,9.6,88,961.7,0.0,6.0,303
2016-12-12 16:00:00+00:00,9.7,87,961.8,0.0,5.9,308
2016-12-12 17:00:00+00:00,8.4,92,961.1,0.0,5.4,312
2016-12-12 18:00:00+00:00,8.9,92,961.4,0.0,5.4,312
2016-12-12 19:00:00+00:00,8.3,93,961.1,0.0,4.9,324
2016-12-12 20:00:00+00:00,7.0,96,960.8,0.0,4.7,328
2016-12-12 21:00:00+00:00,7.1,97,960.5,0.0,5.2,344
2016-12-12 22:00:00+00:00,7.2,96,960.3,0.0,4.3,355
2016-12-12 23:00:00+00:00,7.8,93,960.9,0.0,4.7,32
2016-12-13 00:00:00+00:00,7.9,94,961.7,0.0,3.2,27
2016-12-13 01:00:00+00:00,7.7,92,961.9,0.0,2.4,27
2016-12-13 02:00:00+00:00,11.7,84,963.1,0.0,2.7,23
2016-12-13 03:00:00+00:00,12.2,81,963.5,0.0,4.3,42
2016-12-13 04:00:00+00:00,12.2,79,962.4,0.0,6.1,50
2016-12-13 05:00:00+00:00,13.9,68,961.6,0.0,7.4,51
2016-12-13 06:00:00+00:00,14.2,68,960.5,0.0,8.7,52
2016-12-13 07:00:00+00:00,14.4,68,960.0,0.0,9.9,46
2016-12-13 08:00:00+00:00,13.6,69,959.8,0.0,11.2,42
2016-12-13 09:00:00+00:00,13.3,70,960.6,0.0,9.8,28
2016-12-13 10:00:00+00:00,11.7,79,960.9,0.0,10.7,12
2016-12-13 11:00:00+00:00,11.9,80,962.6,0.0,11.9,14
2016-12-13 12:00:00+00:00,12.0,83,964.0,0.0,12.5,18
2016-12-13 13:00:00+00:00,11.9,83,965.1,0.0,12.8,16
2016-12-13 14:00:00+00:00,11.3,86,966.3,0.0,12.5,12
2016-12-13 15:00:00+00:00,10.4,88,966.7,0.0,11.2,6
2016-12-13 16:00:00+00:00,10.4,89,967.1,0.1,9.8,354
2016-12-13 17:00:00+00:00,10.1,90,967.3,0.1,8.8,341
2016-12-13 18:00:00+00:00,10.2,90,967.5,0.0,8.3,326
2016-12-13 19:00:00+00:00,10.2,91,967.4,0.0,7.1,311
2016-12-13 20:00:00+00:00,9.8,92,967.2,0.0,7.7,307
2016-12-13 21:00:00+00:00,9.8,92,967.0,0.0,7.4,299
2016-12-13 22:00:00+00:00,9.6,88,966.7,0.0,6.5,267
2016-12-13 23:00:00+00:00,9.7,88,967.0,0.0,8.3,272
2016-12-14 00:00:00+00:00,9.7,88,967.5,0.0,9.1,288
2016-12-14 01:00:00+00:00,9.9,86,967.9,0.0,10.3,299
2016-12-14 02:00:00+00:00,11.7,79,968.9,0.0,10.0,308
2016-12-14 03:00:00+00:00,12.0,75,969.4,0.0,8.9,313
2016-12-14 04:00:00+00:00,12.1,66,968.7,0.0,8.9,339
2016-12-14 05:00:00+00:00,13.8,56,967.6,0.0,8.3,360
2016-12-14 06:00:00+00:00,13.9,58,966.3,0.0,7.7,11
2016-12-14 07:00:00+00:00,13.7,58,965.8,0.0,7.3,11
2016-12-14 08:00:00+00:00,13.3,58,965.6,0.0,6.9,6
2016-12-14 09:00:00+00:00,13.0,62,965.8,0.0,5.3,332
2016-12-14 10:00:00+00:00,11.8,62,965.9,0.0,5.5,302
2016-12-14 11:00:00+00:00,11.5,63,966.6,0.0,8.7,300
2016-12-14 12:00:00+00:00,11.2,69,967.3,0.0,9.1,304
2016-12-14 13:00:00+00:00,10.8,72,968.4,0.0,9.3,306
2016-12-14 14:00:00+00:00,10.4,75,968.5,0.0,7.2,307
2016-12-14 15:00:00+00:00,9.7,77,968.6,0.0,5.9,313
2016-12-14 16:00:00+00:00,9.7,79,968.7,0.0,5.4,323
2016-12-14 17:00:00+00:00,9.4,80,968.7,0.0,4.8,333
2016-12-14 18:00:00+00:00,9.3,83,968.5,0.0,4.7,351
2016-12-14 19:00:00+00:00,9.3,84,968.7,0.0,4.3,355
2016-12-14 20:00:00+00:00,8.9,83,968.5,0.0,5.4,4
2016-12-14 21:00:00+00:00,8.6,86,968.6,0.0,5.6,15
2016-12-14 22:00:00+00:00,8.9,86,968.5,0.0,4.1,52
2016-12-14 23:00:00+00:00,9.0,86,969.1,0.0,4.8,42
2016-12-15 00:00:00+00:00,9.1,87,969.6,0.0,6.0,33
2016-12-15 01:00:00+00:00,9.0,86,970.4,0.0,8.2,29
2016-12-15 02:00:00+00:00,10.8,80,971.7,0.0,7.9,24
2016-12-15 03:00:00+00:00,10.9,80,972.3,0.0,8.9,27
2016-12-15 04:00:00+00:00,11.9,75,972.3,0.0,9.7,27
2016-12-15 05:00:00+00:00,12.8,69,971.3,0.0,11.0,32
2016-12-15 06:00:00+00:00,12.7,70,970.9,0.0,10.3,29
2016-12-15 07:00:00+00:00,12.8,69,970.3,0.0,10.0,21
2016-12-15 08:00:00+00:00,12.6,69,970.6,0.0,9.1,7
2016-12-15 09:00:00+00:00,12.8,67,970.9,0.0,8.1,339
2016-12-15 10:00:00+00:00,11.0,79,970.7,0.0,8.4,310
2016-12-15 11:00:00+00:00,10.7,81,971.7,0.0,8.9,302
2016-12-15 12:00:00+00:00,10.7,81,972.3,0.0,9.1,304
2016-12-15 13:00:00+00:00,10.8,80,973.1,0.0,7.2,307
2016-12-15 14:00:00+00:00,10.6,81,973.0,0.0,6.5,304
2016-12-15 15:00:00+00:00,8.5,85,972.8,0.0,5.3,298
2016-12-15 16:00:00+00:00,8.4,86,972.4,0.0,5.2,286
2016-12-15 17:00:00+00:00,7.5,87,971.9,0.0,6.5,276
2016-12-15 18:00:00+00:00,7.1,89,971.4,0.0,6.5,270
2016-12-15 19:00:00+00:00,6.8,90,971.2,0.0,5.4,270
2016-12-15 20:00:00+00:00,6.1,93,970.4,0.0,5.8,270
2016-12-15 21:00:00+00:00,5.9,96,970.0,0.0,5.0,270
2016-12-15 22:00:00+00:00,7.6,87,970.2,0.0,5.5,157
2016-12-15 23:00:00+00:00,7.7,86,969.9,0.0,4.1,128
2016-12-16 00:00:00+00:00,7.4,87,970.3,0.0,3.6,127
2016-12-16 01:00:00+00:00,7.0,90,970.3,0.0,3.9,112
2016-12-16 02:00:00+00:00,9.6,74,971.2,0.0,2.2,99
2016-12-16 03:00:00+00:00,9.9,64,971.0,0.0,2.4,117
2016-12-16 04:00:00+00:00,10.0,69,969.7,0.0,3.1,159
2016-12-16 05:00:00+00:00,12.2,59,968.0,0.0,5.4,176
2016-12-16 06:00:00+00:00,12.2,61,966.4,0.0,6.3,167
2016-12-16 07:00:00+00:00,12.3,60,965.2,0.0,6.0,163
2016-12-16 08:00:00+00:00,12.1,60,964.7,0.0,6.3,156
2016-12-16 09:00:00+00:00,12.2,59,964.4,0.0,4.7,148
2016-12-16 10:00:00+00:00,11.0,74,964.1,0.0,3.1,54
2016-12-16 11:00:00+00:00,11.2,73,964.8,0.0,5.7,35
2016-12-16 12:00:00+00:00,10.8,75,965.1,0.0,7.7,28
2016-12-16 13:00:00+00:00,10.8,75,965.4,0.0,8.4,20
2016-12-16 14:00:00+00:00,10.7,78,965.6,0.0,8.0,5
2016-12-16 15:00:00+00:00,9.2,82,965.5,0.0,7.2,360
2016-12-16 16:00:00+00:00,9.3,82,965.1,0.0,8.0,5
2016-12-16 17:00:00+00:00,9.0,84,964.6,0.0,8.0,5
2016-12-16 18:00:00+00:00,9.3,84,964.5,0.0,8.3,2
2016-12-16 19:00:00+00:00,9.1,86,964.1,0.0,8.7,5
2016-12-16 20:00:00+00:00,8.9,87,964.2,0.0,8.4,7
2016-12-16 21:00:00+00:00,9.0,88,963.8,0.0,8.0,10
2016-12-16 22:00:00+00:00,8.8,86,963.8,0.0,9.0,355
2016-12-16 23:00:00+00:00,8.9,85,964.0,0.0,7.2,360
2016-12-17 00:00:00+00:00,9.1,87,964.3,0.0,7.6,3
2016-12-17 01:00:00+00:00,8.8,88,964.5,0.0,7.2,360
2016-12-17 02:00:00+00:00,9.8,83,965.0,0.0,7.2,360
2016-12-17 03:00:00+00:00,10.0,84,964.9,0.0,7.2,3
2016-12-17 04:00:00+00:00,9.6,86,964.2,0.0,5.8,356
2016-12-17 05:00:00+00:00,11.1,73,962.9,0.0,4.7,360
2016-12-17 06:00:00+00:00,11.2,73,961.5,0.0,3.6,6
2016-12-17 07:00:00+00:00,11.3,72,960.9,0.0,3.7,11
2016-12-17 08:00:00+00:00,11.7,68,960.8,0.0,3.7,11
2016-12-17 09:00:00+00:00,11.7,65,961.2,0.0,4.8,347
2016-12-17 10:00:00+00:00,9.4,81,961.9,0.0,8.4,320
2016-12-17 11:00:00+00:00,9.8,79,962.5,0.0,5.2,335
2016-12-17 12:00:00+00:00,9.9,79,963.2,0.0,5.1,321
2016-12-17 13:00:00+00:00,9.8,79,963.7,0.0,5.3,298
2016-12-17 14:00:00+00:00,9.4,83,964.3,0.0,6.0,287
2016-12-17 15:00:00+00:00,8.3,88,964.3,0.0,4.5,299
2016-12-17 16:00:00+00:00,8.3,87,964.0,0.0,3.8,319
2016-12-17 17:00:00+00:00,8.2,88,963.6,0.0,2.7,337
2016-12-17 18:00:00+00:00,8.2,88,963.3,0.0,2.9,300
2016-12-17 19:00:00+00:00,7.5,94,962.9,0.0,0.4,270
2016-12-17 20:00:00+00:00,7.2,96,962.9,0.0,0.4,270
2016-12-17 21:00:00+00:00,7.5,95,962.4,0.0,1.1,252
2016-12-17 22:00:00+00:00,6.0,99,962.3,0.0,1.6,333
2016-12-17 23:00:00+00:00,6.4,100,962.2,0.0,4.4,35
2016-12-18 00:00:00+00:00,6.0,100,962.4,0.0,3.1,45
2016-12-18 01:00:00+00:00,7.0,97,963.3,0.0,1.6,27
2016-12-18 02:00:00+00:00,9.6,85,964.0,0.0,1.8,360
2016-12-18 03:00:00+00:00,10.8,81,963.9,0.0,2.6,16
2016-12-18 04:00:00+00:00,11.0,79,963.2,0.0,2.4,27
2016-12-18 05:00:00+00:00,13.0,63,962.0,0.0,1.9,68
2016-12-18 06:00:00+00:00,13.0,64,960.3,0.0,3.3,77
2016-12-18 07:00:00+00:00,12.8,64,959.5,0.0,4.2,70
2016-12-18 08:00:00+00:00,12.7,65,959.7,0.0,4.3,48
2016-12-18 09:00:00+00:00,12.7,66,959.8,0.0,4.9,17
2016-12-18 10:00:00+00:00,11.3,73,960.3,0.0,7.9,336
2016-12-18 11:00:00+00:00,11.4,74,960.8,0.0,8.2,337
2016-12-18 12:00:00+00:00,11.2,77,961.5,0.0,7.8,347
2016-12-18 13:00:00+00:00,11.2,77,962.2,0.0,8.4,353
2016-12-18 14:00:00+00:00,11.0,81,962.7,0.0,7.5,343
2016-12-18 15:00:00+00:00,9.8,82,962.7,0.0,7.6,335
2016-12-18 16:00:00+00:00,9.7,82,962.6,0.0,6.8,328
2016-12-18 17:00:00+00:00,9.3,84,962.4,0.0,5.8,330
2016-12-18 18:00:00+00:00,9.3,84,962.3,0.0,5.8,330
2016-12-18 19:00:00+00:00,9.3,84,962.2,0.0,5.5,337
2016-12-18 20:00:00+00:00,8.6,88,961.9,0.0,4.7,337
2016-12-18 21:00:00+00:00,8.9,87,961.4,0.0,4.0,333
2016-12-18 22:00:00+00:00,8.2,89,961.7,0.0,6.2,324
2016-12-18 23:00:00+00:00,8.2,89,961.7,0.0,3.7,349
2016-12-19 00:00:00+00:00,8.2,92,961.8,0.0,1.9,292
2016-12-19 01:00:00+00:00,8.5,87,962.3,0.0,1.8,281
2016-12-19 02:00:00+00:00,10.0,82,962.7,0.0,2.0,315
2016-12-19 03:00:00+00:00,11.1,74,962.9,0.0,1.9,338
2016-12-19 04:00:00+00:00,11.0,74,962.4,0.0,1.1,18
2016-12-19 05:00:00+00:00,12.1,66,961.1,0.0,2.3,72
2016-12-19 06:00:00+00:00,12.3,66,960.2,0.0,3.0,76
2016-12-19 07:00:00+00:00,12.4,67,959.4,0.0,3.8,73
2016-12-19 08:00:00+00:00,12.6,67,959.5,0.0,5.2,56
2016-12-19 09:00:00+00:00,12.7,66,959.7,0.0,5.7,35
2016-12-19 10:00:00+00:00,11.2,77,960.6,0.0,7.2,333
2016-12-19 11:00:00+00:00,11.1,78,960.9,0.0,7.3,349
2016-12-19 12:00:00+00:00,11.3,79,961.1,0.0,6.5,3
2016-12-19 13:00:00+00:00,10.8,82,961.1,0.0,5.4,8
2016-12-19 14:00:00+00:00,10.9,82,961.9,0.0,4.4,9
2016-12-19 15:00:00+00:00,10.3,84,961.8,0.0,3.3,354
2016-12-19 16:00:00+00:00,10.3,85,962.2,0.0,3.8,319
2016-12-19 17:00:00+00:00,10.1,87,961.7,0.0,3.7,299
2016-12-19 18:00:00+00:00,9.8,88,961.3,0.0,4.7,302
2016-12-19 19:00:00+00:00,9.8,90,960.8,0.0,5.2,304
2016-12-19 20:00:00+00:00,9.4,91,960.3,0.0,4.2,301
2016-12-19 21:00:00+00:00,9.5,87,959.5,0.0,3.3,264
2016-12-19 22:00:00+00:00,9.2,88,959.0,0.0,1.8,217
2016-12-19 23:00:00+00:00,9.1,88,959.2,0.0,4.3,222
2016-12-20 00:00:00+00:00,9.3,87,959.7,0.0,2.6,254
2016-12-20 01:00:00+00:00,9.2,88,960.0,0.0,3.1,306
2016-12-20 02:00:00+00:00,10.0,82,960.5,0.0,3.4,302
2016-12-20 03:00:00+00:00,10.8,78,960.7,0.0,2.9,300
2016-12-20 04:00:00+00:00,10.6,78,959.8,0.0,0.8,333
2016-12-20 05:00:00+00:00,12.0,71,958.7,0.5,2.1,59
2016-12-20 06:00:00+00:00,12.0,73,957.3,0.3,4.2,59
2016-12-20 07:00:00+00:00,12.0,74,957.0,0.0,6.4,63
2016-12-20 08:00:00+00:00,12.1,74,957.3,0.0,7.3,57
2016-12-20 09:00:00+00:00,12.2,74,957.9,0.0,7.1,45
2016-12-20 10:00:00+00:00,11.2,75,959.3,0.0,5.8,7
2016-12-20 11:00:00+00:00,10.9,78,960.0,0.0,6.7,16
2016-12-20 12:00:00+00:00,11.0,79,961.2,0.0,8.4,7
2016-12-20 13:00:00+00:00,11.1,81,962.3,0.0,7.6,355
2016-12-20 14:00:00+00:00,10.6,85,963.1,0.0,5.1,309
2016-12-20 15:00:00+00:00,9.3,88,963.3,0.0,6.5,273
2016-12-20 16:00:00+00:00,9.0,90,963.5,0.0,7.9,273
2016-12-20 17:00:00+00:00,8.7,92,963.5,0.0,7.7,259
2016-12-20 18:00:00+00:00,8.8,91,963.7,0.0,8.8,258
2016-12-20 19:00:00+00:00,9.2,90,963.7,0.0,8.5,258
2016-12-20 20:00:00+00:00,8.6,91,963.3,0.0,9.3,257
2016-12-20 21:00:00+00:00,8.4,92,963.0,0.0,8.8,258
2016-12-20 22:00:00+00:00,8.2,87,962.3,0.0,9.1,263
2016-12-20 23:00:00+00:00,7.7,90,962.8,0.0,5.2,245
2016-12-21 00:00:00+00:00,7.9,91,963.8,0.0,5.6,220
2016-12-21 01:00:00+00:00,8.3,88,964.8,0.0,5.5,238
2016-12-21 02:00:00+00:00,11.8,78,966.3,0.0,4.2,290
2016-12-21 03:00:00+00:00,13.0,69,967.3,0.0,4.8,297
2016-12-21 04:00:00+00:00,13.3,61,967.2,0.0,2.4,297
2016-12-21 05:00:00+00:00,15.9,52,966.8,0.0,1.8,53
2016-12-21 06:00:00+00:00,16.0,53,966.3,0.0,1.6,63
2016-12-21 07:00:00+00:00,15.9,54,966.3,0.0,1.3,34
2016-12-21 08:00:00+00:00,15.4,52,966.2,0.0,1.8,360
2016-12-21 09:00:00+00:00,15.2,52,966.9,0.0,3.6,323
2016-12-21 10:00:00+00:00,12.1,71,967.3,0.0,6.2,324
2016-12-21 11:00:00+00:00,11.5,72,968.0,0.0,6.2,291
2016-12-21 12:00:00+00:00,12.0,67,969.4,0.0,9.4,293
2016-12-21 13:00:00+00:00,11.6,68,970.1,0.0,10.2,302
2016-12-21 14:00:00+00:00,11.6,68,970.8,0.0,8.4,310
2016-12-21 15:00:00+00:00,8.8,79,970.1,0.0,6.4,322
2016-12-21 16:00:00+00:00,8.3,86,969.4,0.0,6.7,324
2016-12-21 17:00:00+00:00,7.8,87,968.9,0.0,6.9,332
2016-12-21 18:00:00+00:00,9.6,77,968.4,0.0,2.9,360
2016-12-21 19:00:00+00:00,9.8,75,968.1,0.0,3.0,104
2016-12-21 20:00:00+00:00,7.8,84,967.4,0.0,5.1,129
2016-12-21 21:00:00+00:00,7.1,87,966.8,0.0,5.6,153
2016-12-21 22:00:00+00:00,6.4,94,966.4,0.0,4.7,180
2016-12-21 23:00:00+00:00,6.6,91,966.2,0.0,6.6,189
2016-12-22 00:00:00+00:00,5.6,94,966.6,0.0,5.2,164
2016-12-22 01:00:00+00:00,6.5,90,967.8,0.0,1.5,45
2016-12-22 02:00:00+00:00,10.6,74,968.8,0.0,1.5,45
2016-12-22 03:00:00+00:00,11.5,61,968.8,0.0,1.5,76
2016-12-22 04:00:00+00:00,11.5,60,967.9,0.0,1.5,166
2016-12-22 05:00:00+00:00,13.7,50,966.5,0.0,2.3,141
2016-12-22 06:00:00+00:00,13.8,53,964.9,0.0,1.8,127
2016-12-22 07:00:00+00:00,13.6,55,963.9,0.0,1.5,76
2016-12-22 08:00:00+00:00,13.9,51,963.6,0.0,1.8,37
2016-12-22 09:00:00+00:00,14.0,48,963.6,0.0,1.5,346
2016-12-22 10:00:00+00:00,10.2,74,962.4,0.0,5.6,310
2016-12-22 11:00:00+00:00,10.2,70,963.2,0.0,6.6,338
2016-12-22 12:00:00+00:00,9.9,73,963.3,0.0,5.9,349
2016-12-22 13:00:00+00:00,9.6,74,963.7,0.0,5.9,349
2016-12-22 14:00:00+00:00,9.6,74,963.8,0.0,6.2,350
2016-12-22 15:00:00+00:00,9.4,76,964.1,0.0,6.2,10
2016-12-22 16:00:00+00:00,9.4,76,964.0,0.0,5.8,30
2016-12-22 17:00:00+00:00,8.1,83,963.6,0.0,5.6,40
2016-12-22 18:00:00+00:00,8.0,82,963.3,0.0,4.8,48
2016-12-22 19:00:00+00:00,8.3,80,963.3,0.0,4.6,39
2016-12-22 20:00:00+00:00,8.0,79,963.5,0.0,4.9,17
2016-12-22 21:00:00+00:00,8.3,76,963.1,0.0,4.3,360
2016-12-22 22:00:00+00:00,8.4,79,962.5,0.0,2.1,329
2016-12-22 23:00:00+00:00,8.3,81,962.7,0.0,3.1,339
2016-12-23 00:00:00+00:00,8.7,80,963.7,0.0,3.8,17
2016-12-23 01:00:00+00:00,8.4,81,964.0,0.0,6.2,7
2016-12-23 02:00:00+00:00,9.3,73,964.5,0.0,5.4,20
2016-12-23 03:00:00+00:00,9.6,74,964.5,0.0,4.1,15
2016-12-23 04:00:00+00:00,9.9,72,963.9,0.0,2.9,7
2016-12-23 05:00:00+00:00,10.9,64,962.1,0.0,1.5,14
2016-12-23 06:00:00+00:00,10.9,64,960.9,0.0,0.4,360
2016-12-23 07:00:00+00:00,11.0,63,959.7,0.0,1.1,360
2016-12-23 08:00:00+00:00,11.0,62,959.5,0.0,2.5,360
2016-12-23 09:00:00+00:00,11.0,62,959.3,0.0,4.0,360
2016-12-23 10:00:00+00:00,10.2,69,959.0,0.0,3.9,326
2016-12-23 11:00:00+00:00,9.9,72,959.4,0.0,2.9,353
2016-12-23 12:00:00+00:00,10.1,71,959.8,0.0,5.4,360
2016-12-23 13:00:00+00:00,9.9,71,960.5,0.0,6.5,357
2016-12-23 14:00:00+00:00,9.8,72,961.2,0.0,6.5,354
2016-12-23 15:00:00+00:00,8.5,77,961.1,0.0,6.2,353
2016-12-23 16:00:00+00:00,8.6,76,961.4,0.0,6.9,351
2016-12-23 17:00:00+00:00,8.3,78,961.3,0.0,7.3,351
2016-12-23 18:00:00+00:00,8.3,78,961.1,0.0,6.2,339
2016-12-23 19:00:00+00:00,8.4,77,961.0,0.0,5.5,328
2016-12-23 20:00:00+00:00,7.6,78,960.8,0.0,6.0,327
2016-12-23 21:00:00+00:00,7.3,80,960.5,0.0,4.8,312
2016-12-23 22:00:00+00:00,7.4,81,960.6,0.0,7.3,290
2016-12-23 23:00:00+00:00,7.4,82,960.4,0.0,5.0,291
2016-12-24 00:00:00+00:00,7.3,84,960.6,0.0,5.8,330
2016-12-24 01:00:00+00:00,7.3,84,960.6,0.0,6.4,322
2016-12-24 02:00:00+00:00,8.9,78,961.5,0.0,5.1,309
2016-12-24 03:00:00+00:00,8.7,79,961.1,0.0,3.5,336
2016-12-24 04:00:00+00:00,9.3,80,960.1,0.0,3.7,11
2016-12-24 05:00:00+00:00,10.3,75,959.0,0.0,4.1,45
2016-12-24 06:00:00+00:00,10.1,76,956.7,0.0,4.4,55
2016-12-24 07:00:00+00:00,10.0,76,955.8,0.0,5.5,58
2016-12-24 08:00:00+00:00,10.2,77,955.3,0.0,6.4,63
2016-12-24 09:00:00+00:00,10.2,78,955.5,0.0,6.4,52
2016-12-24 10:00:00+00:00,9.6,82,955.7,0.0,5.2,12
2016-12-24 11:00:00+00:00,9.4,83,957.1,0.0,4.7,356
2016-12-24 12:00:00+00:00,9.5,83,957.3,0.0,7.1,15
2016-12-24 13:00:00+00:00,9.4,84,958.1,0.0,8.8,19
2016-12-24 14:00:00+00:00,9.2,86,958.4,0.0,8.0,10
2016-12-24 15:00:00+00:00,8.4,90,958.8,0.0,7.6,355
2016-12-24 16:00:00+00:00,8.4,92,958.7,0.0,7.6,355
2016-12-24 17:00:00+00:00,8.1,93,958.6,0.0,9.0,360
2016-12-24 18:00:00+00:00,8.6,95,958.9,0.0,10.4,2
2016-12-24 19:00:00+00:00,8.4,97,958.9,0.0,10.3,12
2016-12-24 20:00:00+00:00,8.1,97,958.8,0.0,10.1,17
2016-12-24 21:00:00+00:00,8.2,95,958.6,0.0,11.6,30
2016-12-24 22:00:00+00:00,7.9,92,959.7,0.0,10.5,27
2016-12-24 23:00:00+00:00,7.9,93,960.1,0.0,9.2,45
2016-12-25 00:00:00+00:00,8.0,92,960.8,0.0,9.8,36
2016-12-25 01:00:00+00:00,8.0,91,962.0,0.0,5.8,7
2016-12-25 02:00:00+00:00,8.8,88,963.5,0.0,4.8,318
2016-12-25 03:00:00+00:00,9.3,87,963.6,0.0,5.6,315
2016-12-25 04:00:00+00:00,9.3,86,963.4,0.0,5.6,320
2016-12-25 05:00:00+00:00,10.3,77,962.6,0.0,4.9,324
2016-12-25 06:00:00+00:00,10.4,79,961.4,0.0,4.8,347
2016-12-25 07:00:00+00:00,10.7,77,960.9,0.0,3.8,343
2016-12-25 08:00:00+00:00,10.1,77,961.3,0.0,4.1,322
2016-12-25 09:00:00+00:00,10.2,77,962.1,0.0,5.7,305
2016-12-25 10:00:00+00:00,9.4,80,962.5,0.0,7.1,294
2016-12-25 11:00:00+00:00,9.2,84,963.8,0.0,8.1,291
2016-12-25 12:00:00+00:00,9.1,86,964.5,0.0,8.9,313
2016-12-25 13:00:00+00:00,9.0,88,965.5,0.0,10.0,319
2016-12-25 14:00:00+00:00,8.9,86,966.6,0.0,11.0,319
2016-12-25 15:00:00+00:00,8.4,85,967.2,0.0,9.2,321
2016-12-25 16:00:00+00:00,8.2,87,967.1,0.0,7.2,307
2016-12-25 17:00:00+00:00,8.0,90,967.3,0.0,6.7,286
2016-12-25 18:00:00+00:00,8.2,88,967.4,0.0,7.9,273
2016-12-25 19:00:00+00:00,8.3,89,967.6,0.0,9.4,268
2016-12-25 20:00:00+00:00,8.0,84,967.9,0.0,10.1,272
2016-12-25 21:00:00+00:00,8.0,82,967.7,0.0,9.4,274
2016-12-25 22:00:00+00:00,7.7,76,967.9,0.0,10.1,253
2016-12-25 23:00:00+00:00,7.6,76,969.0,0.0,9.4,263
2016-12-26 00:00:00+00:00,7.6,73,969.4,0.0,5.8,277
2016-12-26 01:00:00+00:00,7.9,71,971.1,0.0,7.9,286
2016-12-26 02:00:00+00:00,9.5,59,972.0,0.0,7.0,291
2016-12-26 03:00:00+00:00,10.2,52,972.4,0.0,6.7,286
2016-12-26 04:00:00+00:00,10.7,48,972.1,0.0,5.6,255
2016-12-26 05:00:00+00:00,12.3,41,971.3,0.0,4.7,247
2016-12-26 06:00:00+00:00,12.2,42,970.5,0.0,4.9,253
2016-12-26 07:00:00+00:00,12.1,43,969.5,0.0,6.2,263
2016-12-26 08:00:00+00:00,12.0,42,969.6,0.0,7.2,273
2016-12-26 09:00:00+00:00,12.0,41,969.9,0.0,7.2,288
2016-12-26 10:00:00+00:00,8.9,54,970.2,0.0,5.9,313
2016-12-26 11:00:00+00:00,7.7,57,971.3,0.0,6.0,335
2016-12-26 12:00:00+00:00,7.8,61,972.7,0.0,7.2,357
2016-12-26 13:00:00+00:00,7.9,62,974.3,0.0,7.6,3
2016-12-26 14:00:00+00:00,7.9,68,975.2,0.0,7.9,3
2016-12-26 15:00:00+00:00,6.6,72,975.2,0.0,8.4,353
2016-12-26 16:00:00+00:00,6.8,69,975.6,0.0,8.7,343
2016-12-26 17:00:00+00:00,7.2,68,975.3,0.0,8.4,340
2016-12-26 18:00:00+00:00,7.3,64,975.6,0.0,7.7,332
2016-12-26 19:00:00+00:00,7.3,62,975.2,0.0,7.2,333
2016-12-26 20:00:00+00:00,6.4,65,974.8,0.0,6.3,329
2016-12-26 21:00:00+00:00,6.7,60,974.2,0.0,5.2,326
2016-12-26 22:00:00+00:00,4.8,79,973.9,0.0,6.1,332
2016-12-26 23:00:00+00:00,6.0,65,974.2,0.0,3.9,292
2016-12-27 00:00:00+00:00,5.9,64,974.5,0.0,3.4,302
2016-12-27 01:00:00+00:00,5.4,70,974.4,0.0,3.4,288
2016-12-27 02:00:00+00:00,9.9,51,975.5,0.0,2.8,320
2016-12-27 03:00:00+00:00,10.3,44,974.8,0.0,1.8,323
2016-12-27 04:00:00+00:00,10.3,44,973.5,0.0,2.9,210
2016-12-27 05:00:00+00:00,13.2,33,971.8,0.0,6.0,197
2016-12-27 06:00:00+00:00,13.3,35,969.4,0.0,7.1,195
2016-12-27 07:00:00+00:00,13.3,37,968.0,0.0,6.7,196
2016-12-27 08:00:00+00:00,13.1,37,967.4,0.0,5.6,195
2016-12-27 09:00:00+00:00,13.0,35,967.1,0.0,3.7,191
2016-12-27 10:00:00+00:00,10.8,51,965.8,0.0,2.2,270
2016-12-27 11:00:00+00:00,9.1,60,965.7,0.0,4.8,318
2016-12-27 12:00:00+00:00,8.4,63,966.4,0.0,5.3,332
2016-12-27 13:00:00+00:00,8.7,58,966.9,0.0,7.7,349
2016-12-27 14:00:00+00:00,9.0,61,967.3,0.0,8.6,358
2016-12-27 15:00:00+00:00,7.2,73,966.8,0.0,7.6,5
2016-12-27 16:00:00+00:00,7.1,73,967.0,0.0,5.4,8
2016-12-27 17:00:00+00:00,6.3,77,966.4,0.0,4.6,18
2016-12-27 18:00:00+00:00,6.6,75,966.1,0.0,5.6,27
2016-12-27 19:00:00+00:00,6.3,77,965.9,0.0,6.0,33
2016-12-27 20:00:00+00:00,6.6,73,965.6,0.0,8.2,29
2016-12-27 21:00:00+00:00,6.1,76,964.7,0.0,9.4,43
2016-12-27 22:00:00+00:00,5.0,84,964.4,0.0,6.6,49
2016-12-27 23:00:00+00:00,5.5,83,964.3,0.0,6.9,62
2016-12-28 00:00:00+00:00,5.2,86,965.2,0.0,6.9,51
2016-12-28 01:00:00+00:00,5.6,83,966.1,0.0,7.1,66
2016-12-28 02:00:00+00:00,9.3,66,968.1,0.0,6.1,50
2016-12-28 03:00:00+00:00,9.7,61,968.0,0.0,7.2,37
2016-12-28 04:00:00+00:00,10.2,59,968.2,0.0,6.9,47
2016-12-28 05:00:00+00:00,12.7,48,967.4,0.0,6.3,59
2016-12-28 06:00:00+00:00,12.8,47,966.3,0.0,7.7,62
2016-12-28 07:00:00+00:00,12.8,48,966.1,0.0,10.7,57
2016-12-28 08:00:00+00:00,12.5,49,966.4,0.0,12.9,54
2016-12-28 09:00:00+00:00,12.3,49,967.3,0.0,13.3,52
2016-12-28 10:00:00+00:00,10.4,59,967.3,0.0,12.4,10
2016-12-28 11:00:00+00:00,10.5,58,969.2,0.0,13.4,8
2016-12-28 12:00:00+00:00,10.6,59,970.5,0.0,13.3,3
2016-12-28 13:00:00+00:00,10.3,62,971.6,0.0,12.3,357
2016-12-28 14:00:00+00:00,9.5,68,972.3,0.0,11.4,347
2016-12-28 15:00:00+00:00,8.6,75,973.0,0.0,10.6,336
2016-12-28 16:00:00+00:00,8.4,78,973.0,0.0,10.6,325
2016-12-28 17:00:00+00:00,8.2,80,972.8,0.0,9.7,312
2016-12-28 18:00:00+00:00,7.8,80,972.4,0.0,8.9,302
2016-12-28 19:00:00+00:00,7.7,82,971.8,0.0,8.4,290
2016-12-28 20:00:00+00:00,7.7,82,971.4,0.0,8.1,283
2016-12-28 21:00:00+00:00,7.3,85,970.5,0.0,7.3,279
2016-12-28 22:00:00+00:00,7.5,82,969.4,0.0,5.9,256
2016-12-28 23:00:00+00:00,7.1,84,969.2,0.0,7.0,258
2016-12-29 00:00:00+00:00,6.8,87,969.4,0.0,6.5,270
2016-12-29 01:00:00+00:00,7.1,85,969.6,0.0,8.2,285
2016-12-29 02:00:00+00:00,9.8,69,970.6,0.0,7.1,300
2016-12-29 03:00:00+00:00,10.4,56,970.8,0.0,6.7,324
2016-12-29 04:00:00+00:00,10.4,54,969.6,0.0,5.8,353
2016-12-29 05:00:00+00:00,12.7,44,969.0,0.0,4.6,18
2016-12-29 06:00:00+00:00,12.5,48,966.9,0.0,2.5,45
2016-12-29 07:00:00+00:00,12.4,49,966.4,0.0,2.2,360
2016-12-29 08:00:00+00:00,11.7,48,965.8,0.0,4.0,333
2016-12-29 09:00:00+00:00,11.6,48,965.7,0.0,5.6,333
2016-12-29 10:00:00+00:00,9.8,54,965.6,0.0,13.7,337
2016-12-29 11:00:00+00:00,9.7,51,966.5,0.0,12.1,348
2016-12-29 12:00:00+00:00,9.7,50,967.0,0.0,10.2,10
2016-12-29 13:00:00+00:00,9.8,51,967.5,0.0,8.7,17
2016-12-29 14:00:00+00:00,9.8,52,968.2,0.0,7.2,18
2016-12-29 15:00:00+00:00,9.0,58,968.2,0.0,6.3,13
2016-12-29 16:00:00+00:00,9.0,60,968.4,0.0,6.8,360
2016-12-29 17:00:00+00:00,8.6,63,968.0,0.0,7.3,349
2016-12-29 18:00:00+00:00,8.4,64,968.0,0.0,7.3,340
2016-12-29 19:00:00+00:00,8.5,65,967.4,0.0,6.0,335
2016-12-29 20:00:00+00:00,7.8,71,966.9,0.0,4.3,355
2016-12-29 21:00:00+00:00,7.9,73,966.8,0.0,3.7,11
2016-12-29 22:00:00+00:00,7.3,80,967.0,0.0,5.4,323
2016-12-29 23:00:00+00:00,7.5,81,967.2,0.0,2.5,360
2016-12-30 00:00:00+00:00,7.7,82,967.7,0.0,3.2,27
2016-12-30 01:00:00+00:00,7.3,85,968.0,0.0,4.4,9
2016-12-30 02:00:00+00:00,8.9,76,968.8,0.0,5.1,8
2016-12-30 03:00:00+00:00,8.6,79,969.0,0.0,6.8,32
2016-12-30 04:00:00+00:00,8.8,80,967.9,0.0,7.6,45
2016-12-30 05:00:00+00:00,10.3,69,967.0,0.0,7.7,53
2016-12-30 06:00:00+00:00,10.5,68,965.7,0.0,7.9,60
2016-12-30 07:00:00+00:00,10.5,67,964.7,0.0,9.4,67
2016-12-30 08:00:00+00:00,10.8,67,964.4,0.0,9.7,63
2016-12-30 09:00:00+00:00,10.9,64,964.7,0.0,9.1,56
2016-12-30 10:00:00+00:00,9.6,72,965.7,0.0,10.1,2
2016-12-30 11:00:00+00:00,9.8,74,966.2,0.0,10.1,6
2016-12-30 12:00:00+00:00,10.0,75,966.9,0.0,9.5,11
2016-12-30 13:00:00+00:00,9.9,76,967.5,0.0,9.1,9
2016-12-30 14:00:00+00:00,9.8,77,967.8,0.0,8.0,5
2016-12-30 15:00:00+00:00,9.1,80,968.0,0.0,7.3,351
2016-12-30 16:00:00+00:00,9.0,81,967.8,0.0,7.4,346
2016-12-30 17:00:00+00:00,8.8,84,967.6,0.0,6.6,347
2016-12-30 18:00:00+00:00,8.6,85,967.5,0.0,6.5,354
2016-12-30 19:00:00+00:00,8.6,84,967.6,0.0,5.4,352
2016-12-30 20:00:00+00:00,8.1,86,967.4,0.0,4.3,355
2016-12-30 21:00:00+00:00,7.8,87,966.9,0.0,4.0,350
2016-12-30 22:00:00+00:00,7.8,82,966.4,0.0,3.5,336
2016-12-30 23:00:00+00:00,7.8,84,966.8,0.0,3.3,354
2016-12-31 00:00:00+00:00,7.9,86,967.5,0.0,3.2,333
2016-12-31 01:00:00+00:00,7.8,84,967.8,0.0,5.0,330
2016-12-31 02:00:00+00:00,9.1,77,968.2,0.0,4.5,331
2016-12-31 03:00:00+00:00,9.0,78,968.4,0.0,3.2,333
2016-12-31 04:00:00+00:00,9.6,74,967.6,0.0,2.1,329
2016-12-31 05:00:00+00:00,10.9,67,966.6,0.0,1.4,360
2016-12-31 06:00:00+00:00,10.8,68,965.4,0.0,1.8,11
2016-12-31 07:00:00+00:00,11.0,67,964.6,0.0,3.4,32
2016-12-31 08:00:00+00:00,11.0,67,964.2,0.0,4.0,27
2016-12-31 09:00:00+00:00,11.0,67,964.5,0.0,4.7,4
2016-12-31 10:00:00+00:00,9.4,75,964.2,0.0,6.1,332
2016-12-31 11:00:00+00:00,9.5,76,965.3,0.0,5.9,349
2016-12-31 12:00:00+00:00,9.1,77,965.2,0.0,5.4,360
2016-12-31 13:00:00+00:00,9.1,77,965.6,0.0,5.2,335
2016-12-31 14:00:00+00:00,8.8,79,965.8,0.0,5.6,315
2016-12-31 15:00:00+00:00,8.0,82,965.4,0.0,5.6,310
2016-12-31 16:00:00+00:00,7.9,83,965.0,0.0,5.0,300
2016-12-31 17:00:00+00:00,7.6,85,964.3,0.0,3.3,276
2016-12-31 18:00:00+00:00,7.6,85,964.1,0.0,3.3,264
2016-12-31 19:00:00+00:00,7.7,83,963.5,0.0,2.9,277
2016-12-31 20:00:00+00:00,7.4,83,962.9,0.0,2.7,293
2016-12-31 21:00:00+00:00,7.2,86,962.2,0.0,1.9,292
2016-12-31 22:00:00+00:00,6.5,90,961.1,0.0,1.1,270
2016-12-31 23:00:00+00:00,6.6,89,961.1,0.0,1.3,214
2017-01-01 00:00:00+00:00,7.0,88,961.9,0.0,2.2,9
2017-01-01 01:00:00+00:00,7.1,86,962.5,0.0,3.3,13
2017-01-01 02:00:00+00:00,9.5,75,963.7,0.0,4.6,18
2017-01-01 03:00:00+00:00,10.0,74,964.0,0.0,5.5,32
2017-01-01 04:00:00+00:00,10.5,72,963.7,0.0,7.9,39
2017-01-01 05:00:00+00:00,12.4,60,963.4,0.0,10.4,46
2017-01-01 06:00:00+00:00,12.5,63,962.5,0.0,12.3,52
2017-01-01 07:00:00+00:00,12.3,65,962.5,0.0,12.8,50
2017-01-01 08:00:00+00:00,12.1,65,962.4,0.0,12.5,49
2017-01-01 09:00:00+00:00,12.1,64,963.5,0.0,10.3,36
2017-01-01 10:00:00+00:00,9.6,79,964.3,0.0,9.9,327
2017-01-01 11:00:00+00:00,9.1,82,965.1,0.0,7.2,333
2017-01-01 12:00:00+00:00,8.8,82,965.9,0.0,3.9,304
2017-01-01 13:00:00+00:00,8.7,85,966.5,0.0,4.0,275
2017-01-01 14:00:00+00:00,8.0,88,967.1,0.0,6.9,261
2017-01-01 15:00:00+00:00,6.7,93,966.9,0.0,8.9,256
2017-01-01 16:00:00+00:00,7.1,90,967.0,0.0,8.0,262
2017-01-01 17:00:00+00:00,7.0,93,966.6,0.0,7.1,255
2017-01-01 18:00:00+00:00,7.0,91,966.4,0.0,6.2,249
2017-01-01 19:00:00+00:00,7.1,91,966.2,0.0,5.8,240
2017-01-01 20:00:00+00:00,6.1,94,965.7,0.0,4.9,234
2017-01-01 21:00:00+00:00,5.5,95,964.9,0.0,7.1,229
2017-01-01 22:00:00+00:00,5.1,96,965.2,0.0,4.8,222
2017-01-01 23:00:00+00:00,4.6,97,965.4,0.0,5.9,218
2017-01-02 00:00:00+00:00,4.5,97,966.2,0.0,3.8,229
2017-01-02 01:00:00+00:00,5.5,94,966.9,0.0,1.4,90
2017-01-02 02:00:00+00:00,9.5,80,968.3,0.0,2.3,108
2017-01-02 03:00:00+00:00,10.2,79,968.2,0.0,3.0,104
2017-01-02 04:00:00+00:00,10.8,72,967.6,0.0,3.8,107
2017-01-02 05:00:00+00:00,14.6,53,967.0,0.0,4.2,121
2017-01-02 06:00:00+00:00,14.9,53,965.4,0.0,4.8,117
2017-01-02 07:00:00+00:00,14.8,52,964.7,0.0,4.9,107
2017-01-02 08:00:00+00:00,15.4,49,964.1,0.0,4.7,99
2017-01-02 09:00:00+00:00,15.2,49,964.7,0.0,2.7,67
2017-01-02 10:00:00+00:00,12.0,63,964.2,0.0,3.9,338
2017-01-02 11:00:00+00:00,12.0,63,965.2,0.0,5.8,360
2017-01-02 12:00:00+00:00,11.2,64,965.7,0.0,8.6,360
2017-01-02 13:00:00+00:00,10.8,63,965.8,0.0,7.9,360
2017-01-02 14:00:00+00:00,10.8,63,966.4,0.0,5.4,352
2017-01-02 15:00:00+00:00,9.3,71,966.6,0.0,5.5,349
2017-01-02 16:00:00+00:00,9.4,72,966.4,0.0,4.7,351
2017-01-02 17:00:00+00:00,8.9,77,966.2,0.0,4.7,4
2017-01-02 18:00:00+00:00,9.4,76,966.1,0.0,5.5,23
2017-01-02 19:00:00+00:00,9.3,77,965.7,0.0,4.6,45
2017-01-02 20:00:00+00:00,8.4,83,965.6,0.0,5.1,51
2017-01-02 21:00:00+00:00,8.2,84,964.9,0.0,6.4,47
2017-01-02 22:00:00+00:00,7.6,86,965.0,0.0,4.4,9
2017-01-02 23:00:00+00:00,7.6,88,964.3,0.0,5.1,51
2017-01-03 00:00:00+00:00,7.9,86,965.4,0.0,4.2,59
2017-01-03 01:00:00+00:00,7.8,86,965.6,0.0,5.6,45
2017-01-03 02:00:00+00:00,8.5,84,966.2,0.0,5.1,51
2017-01-03 03:00:00+00:00,8.9,85,966.3,0.0,4.6,51
2017-01-03 04:00:00+00:00,9.2,82,965.7,0.0,4.1,52
2017-01-03 05:00:00+00:00,11.4,74,964.8,0.0,4.0,63
2017-01-03 06:00:00+00:00,11.3,73,962.8,0.0,4.0,80
2017-01-03 07:00:00+00:00,11.4,73,962.0,0.0,4.3,85
2017-01-03 08:00:00+00:00,11.8,72,961.7,0.0,4.4,81
2017-01-03 09:00:00+00:00,11.6,71,962.0,0.0,3.4,58
2017-01-03 10:00:00+00:00,10.2,79,962.1,0.0,7.8,347
2017-01-03 11:00:00+00:00,10.3,79,962.1,0.0,5.4,8
2017-01-03 12:00:00+00:00,10.4,79,962.3,0.0,8.0,18
2017-01-03 13:00:00+00:00,10.5,78,962.3,0.0,6.9,28
2017-01-03 14:00:00+00:00,10.0,82,962.7,0.0,2.9,7
2017-01-03 15:00:00+00:00,9.2,86,962.4,0.0,4.7,337
2017-01-03 16:00:00+00:00,8.8,87,962.1,0.0,4.7,337
2017-01-03 17:00:00+00:00,9.0,87,961.5,0.0,4.7,351
2017-01-03 18:00:00+00:00,8.7,88,961.1,0.0,3.6,354
2017-01-03 19:00:00+00:00,8.7,88,960.9,0.0,4.7,4
2017-01-03 20:00:00+00:00,8.5,90,960.6,0.0,4.0,10
2017-01-03 21:00:00+00:00,8.7,90,960.2,0.0,4.8,27
2017-01-03 22:00:00+00:00,7.9,96,959.7,0.0,3.9,22
2017-01-03 23:00:00+00:00,7.8,97,959.8,0.0,3.9,56
2017-01-04 00:00:00+00:00,8.0,96,960.8,0.0,3.4,32
2017-01-04 01:00:00+00:00,8.1,94,961.0,0.0,4.8,27
2017-01-04 02:00:00+00:00,9.7,85,961.8,0.0,4.4,35
2017-01-04 03:00:00+00:00,10.0,81,961.9,0.0,4.2,31
2017-01-04 04:00:00+00:00,10.2,81,961.1,0.0,3.6,45
2017-01-04 05:00:00+00:00,11.3,72,960.1,0.0,2.2,90
2017-01-04 06:00:00+00:00,11.8,70,958.7,0.0,2.2,81
2017-01-04 07:00:00+00:00,11.9,70,957.9,0.0,2.9,83
2017-01-04 08:00:00+00:00,11.9,68,957.8,0.0,3.2,90
2017-01-04 09:00:00+00:00,12.0,68,957.8,0.0,3.1,69
2017-01-04 10:00:00+00:00,10.6,76,958.6,0.0,3.7,331
2017-01-04 11:00:00+00:00,10.0,80,958.5,0.0,3.1,21
2017-01-04 12:00:00+00:00,10.0,81,959.6,0.0,2.7,337
2017-01-04 13:00:00+00:00,9.9,84,960.0,0.0,3.4,328
2017-01-04 14:00:00+00:00,9.5,85,959.8,0.0,4.8,318
2017-01-04 15:00:00+00:00,8.3,88,959.8,0.0,3.6,315
2017-01-04 16:00:00+00:00,8.0,91,959.5,0.0,3.6,307
2017-01-04 17:00:00+00:00,7.7,94,959.3,0.0,3.4,288
2017-01-04 18:00:00+00:00,7.8,93,959.2,0.0,4.3,294
2017-01-04 19:00:00+00:00,7.9,93,959.0,0.0,4.5,331
2017-01-04 20:00:00+00:00,7.6,91,958.6,0.0,3.1,324
2017-01-04 21:00:00+00:00,7.6,93,958.2,0.0,3.6,264
2017-01-04 22:00:00+00:00,5.4,99,957.8,0.0,3.1,234
2017-01-04 23:00:00+00:00,5.2,99,957.4,0.0,2.7,247
2017-01-05 00:00:00+00:00,5.7,99,958.7,0.0,3.4,212
2017-01-05 01:00:00+00:00,5.9,98,959.2,0.0,2.2,270
2017-01-05 02:00:00+00:00,9.8,78,960.2,0.0,1.5,284
2017-01-05 03:00:00+00:00,11.1,70,960.8,0.0,0.5,225
2017-01-05 04:00:00+00:00,11.8,67,960.0,0.0,1.5,166
2017-01-05 05:00:00+00:00,15.1,54,959.2,0.0,1.8,127
2017-01-05 06:00:00+00:00,15.8,53,957.8,0.0,3.0,104
2017-01-05 07:00:00+00:00,15.8,54,957.1,0.0,4.3,95
2017-01-05 08:00:00+00:00,16.0,52,957.2,0.0,3.8,107
2017-01-05 09:00:00+00:00,16.1,50,957.4,0.0,3.3,77
2017-01-05 10:00:00+00:00,12.1,72,956.7,0.0,4.8,42
2017-01-05 11:00:00+00:00,10.8,74,957.0,0.0,7.5,17
2017-01-05 12:00:00+00:00,11.3,71,957.9,0.0,5.2,348
2017-01-05 13:00:00+00:00,10.9,73,958.6,0.0,5.4,340
2017-01-05 14:00:00+00:00,10.4,74,958.7,0.0,5.2,344
2017-01-05 15:00:00+00:00,9.8,80,958.8,0.0,5.1,352
2017-01-05 16:00:00+00:00,9.3,86,958.6,0.0,7.0,348
2017-01-05 17:00:00+00:00,9.3,88,958.2,0.0,5.4,340
2017-01-05 18:00:00+00:00,9.0,90,957.4,0.0,4.7,351
2017-01-05 19:00:00+00:00,9.8,85,957.4,0.0,3.3,13
2017-01-05 20:00:00+00:00,8.7,86,957.0,0.0,4.0,90
2017-01-05 21:00:00+00:00,8.8,85,956.7,0.0,4.9,107
2017-01-05 22:00:00+00:00,7.7,93,956.5,0.0,4.6,108
2017-01-05 23:00:00+00:00,7.8,93,956.6,0.0,4.1,105
2017-01-06 00:00:00+00:00,8.3,90,957.3,0.0,4.6,72
2017-01-06 01:00:00+00:00,8.5,88,957.8,0.0,5.4,37
2017-01-06 02:00:00+00:00,10.6,81,958.7,0.0,5.0,30
2017-01-06 03:00:00+00:00,10.7,81,958.9,0.0,5.4,42
2017-01-06 04:00:00+00:00,10.9,81,958.6,0.0,5.4,48
2017-01-06 05:00:00+00:00,12.4,71,957.2,0.0,6.1,50
2017-01-06 06:00:00+00:00,12.3,74,956.1,0.0,6.2,54
2017-01-06 07:00:00+00:00,12.4,73,955.1,0.0,7.0,55
2017-01-06 08:00:00+00:00,12.7,72,955.3,0.0,7.7,49
2017-01-06 09:00:00+00:00,12.9,70,955.8,0.0,8.7,38
2017-01-06 10:00:00+00:00,11.5,76,956.4,0.0,8.8,19
2017-01-06 11:00:00+00:00,11.3,79,957.1,0.0,8.0,27
2017-01-06 12:00:00+00:00,11.2,82,958.3,0.0,8.1,32
2017-01-06 13:00:00+00:00,11.1,84,959.0,0.0,6.5,34
2017-01-06 14:00:00+00:00,10.7,86,959.5,0.0,5.0,21
2017-01-06 15:00:00+00:00,9.9,89,960.0,0.0,4.4,351
2017-01-06 16:00:00+00:00,9.8,89,960.0,0.0,6.0,343
2017-01-06 17:00:00+00:00,9.5,92,960.1,0.0,6.4,344
2017-01-06 18:00:00+00:00,9.8,91,959.7,0.0,6.2,339
2017-01-06 19:00:00+00:00,10.1,90,960.0,0.0,5.5,337
2017-01-06 20:00:00+00:00,9.7,91,959.8,0.0,5.5,337
2017-01-06 21:00:00+00:00,10.3,89,959.8,0.0,5.0,339
2017-01-06 22:00:00+00:00,9.6,94,959.7,0.0,7.4,337
2017-01-06 23:00:00+00:00,9.9,92,959.4,0.0,4.6,342
2017-01-07 00:00:00+00:00,10.1,93,960.1,0.0,3.7,331
2017-01-07 01:00:00+00:00,10.0,91,960.8,0.0,6.0,343
2017-01-07 02:00:00+00:00,10.9,74,961.6,0.0,6.1,357
2017-01-07 03:00:00+00:00,11.2,68,962.3,0.0,5.4,360
2017-01-07 04:00:00+00:00,10.9,65,962.1,0.0,5.4,4
2017-01-07 05:00:00+00:00,12.2,51,960.8,0.0,5.9,14
2017-01-07 06:00:00+00:00,11.7,51,959.2,0.0,6.6,29
2017-01-07 07:00:00+00:00,12.3,51,958.2,0.0,6.7,36
2017-01-07 08:00:00+00:00,12.0,50,958.2,0.0,6.2,36
2017-01-07 09:00:00+00:00,11.9,51,958.1,0.0,6.3,13
2017-01-07 10:00:00+00:00,9.8,60,958.0,0.0,8.0,352
2017-01-07 11:00:00+00:00,9.9,60,959.2,0.0,6.4,344
2017-01-07 12:00:00+00:00,10.3,59,960.1,0.0,7.9,336
2017-01-07 13:00:00+00:00,10.6,60,960.8,0.0,9.8,332
2017-01-07 14:00:00+00:00,10.3,63,961.3,0.0,9.3,324
2017-01-07 15:00:00+00:00,9.2,69,961.4,0.0,9.8,324
2017-01-07 16:00:00+00:00,9.1,70,961.3,0.0,9.8,324
2017-01-07 17:00:00+00:00,9.1,72,961.1,0.0,8.7,322
2017-01-07 18:00:00+00:00,9.4,70,960.9,0.0,8.7,318
2017-01-07 19:00:00+00:00,9.4,70,960.9,0.0,8.9,317
2017-01-07 20:00:00+00:00,8.9,72,960.8,0.0,8.7,315
2017-01-07 21:00:00+00:00,9.1,71,960.4,0.0,7.6,315
2017-01-07 22:00:00+00:00,8.6,70,960.1,0.0,5.8,300
2017-01-07 23:00:00+00:00,9.2,68,960.6,0.0,5.4,307
2017-01-08 00:00:00+00:00,9.1,72,961.1,0.0,5.1,309
2017-01-08 01:00:00+00:00,9.0,73,962.0,0.0,5.9,322
2017-01-08 02:00:00+00:00,10.5,65,963.0,0.0,7.1,330
2017-01-08 03:00:00+00:00,10.4,63,963.1,0.0,7.5,343
2017-01-08 04:00:00+00:00,9.8,62,962.3,0.0,7.2,354
2017-01-08 05:00:00+00:00,11.1,54,960.7,0.0,7.0,12
2017-01-08 06:00:00+00:00,10.7,58,959.2,0.0,6.8,32
2017-01-08 07:00:00+00:00,11.0,57,958.2,0.0,6.6,41
2017-01-08 08:00:00+00:00,10.6,60,957.8,0.0,6.4,43
2017-01-08 09:00:00+00:00,10.8,59,958.3,0.0,5.8,22
2017-01-08 10:00:00+00:00,9.6,62,958.3,0.0,8.2,345
2017-01-08 11:00:00+00:00,9.7,64,959.3,0.0,7.6,357
2017-01-08 12:00:00+00:00,9.4,66,959.7,0.0,9.0,2
2017-01-08 13:00:00+00:00,9.2,68,960.2,0.0,9.7,358
2017-01-08 14:00:00+00:00,9.3,70,960.9,0.0,8.3,355
2017-01-08 15:00:00+00:00,8.1,74,961.1,0.0,8.0,350
2017-01-08 16:00:00+00:00,8.3,74,961.1,0.0,7.4,346
2017-01-08 17:00:00+00:00,8.4,74,961.1,0.0,6.6,338
2017-01-08 18:00:00+00:00,8.5,75,961.0,0.0,5.2,335
2017-01-08 19:00:00+00:00,8.4,75,960.6,0.0,4.9,343
2017-01-08 20:00:00+00:00,8.1,78,960.4,0.0,3.7,349
2017-01-08 21:00:00+00:00,8.0,78,960.0,0.0,3.4,328
2017-01-08 22:00:00+00:00,7.8,81,960.0,0.0,2.1,301
2017-01-08 23:00:00+00:00,7.8,82,959.9,0.0,2.2,279
2017-01-09 00:00:00+00:00,7.8,84,960.0,0.0,3.7,281
2017-01-09 01:00:00+00:00,7.9,84,960.3,0.0,5.0,291
2017-01-09 02:00:00+00:00,8.8,79,960.9,0.0,4.1,308
2017-01-09 03:00:00+00:00,9.0,81,960.8,0.0,3.3,347
2017-01-09 04:00:00+00:00,8.7,79,960.4,0.0,4.6,18
2017-01-09 05:00:00+00:00,9.0,76,959.3,0.0,7.1,41
2017-01-09 06:00:00+00:00,8.8,79,957.4,0.0,8.7,45
2017-01-09 07:00:00+00:00,9.0,78,957.2,0.0,10.5,49
2017-01-09 08:00:00+00:00,8.9,77,956.9,0.0,10.9,46
2017-01-09 09:00:00+00:00,8.9,79,957.7,0.0,12.0,46
2017-01-09 10:00:00+00:00,7.6,82,958.4,0.0,11.2,21
2017-01-09 11:00:00+00:00,7.8,84,958.1,0.0,14.3,47
2017-01-09 12:00:00+00:00,7.9,83,959.3,0.0,15.0,48
2017-01-09 13:00:00+00:00,8.0,83,959.9,0.0,12.7,45
2017-01-09 14:00:00+00:00,7.7,83,960.6,0.0,11.8,40
2017-01-09 15:00:00+00:00,6.6,85,960.9,0.0,11.6,36
2017-01-09 16:00:00+00:00,6.7,83,961.0,0.0,11.2,33
2017-01-09 17:00:00+00:00,6.5,83,961.1,0.0,10.8,30
2017-01-09 18:00:00+00:00,6.5,83,961.1,0.0,11.0,32
2017-01-09 19:00:00+00:00,6.7,84,961.4,0.2,11.3,37
2017-01-09 20:00:00+00:00,6.1,87,961.3,0.2,11.3,37
2017-01-09 21:00:00+00:00,6.1,88,961.7,0.2,10.8,37
2017-01-09 22:00:00+00:00,5.4,88,961.8,0.2,11.0,49
2017-01-09 23:00:00+00:00,5.4,87,962.7,0.2,10.5,49
2017-01-10 00:00:00+00:00,5.6,87,963.6,0.1,8.7,38
2017-01-10 01:00:00+00:00,5.6,88,964.4,0.1,6.8,18
2017-01-10 02:00:00+00:00,6.4,81,965.6,0.1,6.3,13
2017-01-10 03:00:00+00:00,6.5,81,966.0,0.0,7.7,28
2017-01-10 04:00:00+00:00,6.2,79,965.6,0.0,8.8,35
2017-01-10 05:00:00+00:00,6.4,74,964.8,0.0,10.9,44
2017-01-10 06:00:00+00:00,6.7,74,963.3,0.0,11.7,47
2017-01-10 07:00:00+00:00,6.9,70,963.3,0.0,11.7,45
2017-01-10 08:00:00+00:00,6.8,69,963.1,0.0,12.2,45
2017-01-10 09:00:00+00:00,6.9,67,963.5,0.0,13.2,43
2017-01-10 10:00:00+00:00,5.9,70,964.2,0.0,8.2,15
2017-01-10 11:00:00+00:00,5.6,73,964.5,0.0,8.1,21
2017-01-10 12:00:00+00:00,5.7,73,965.7,0.0,5.1,8
2017-01-10 13:00:00+00:00,5.8,73,966.6,0.0,3.6,323
2017-01-10 14:00:00+00:00,5.7,76,967.6,0.0,5.9,284
2017-01-10 15:00:00+00:00,5.0,78,967.8,0.0,7.0,282
2017-01-10 16:00:00+00:00,5.1,80,967.4,0.0,7.1,294
2017-01-10 17:00:00+00:00,5.0,81,967.4,0.0,6.8,302
2017-01-10 18:00:00+00:00,5.0,83,967.1,0.0,5.5,302
2017-01-10 19:00:00+00:00,4.7,85,966.9,0.0,5.5,302
2017-01-10 20:00:00+00:00,4.4,85,966.8,0.0,5.8,300
2017-01-10 21:00:00+00:00,4.4,85,966.4,0.0,6.4,297
2017-01-10 22:00:00+00:00,4.4,79,966.5,0.0,6.3,294
2017-01-10 23:00:00+00:00,4.6,76,966.7,0.0,4.7,274
2017-01-11 00:00:00+00:00,4.4,79,967.5,0.0,4.2,301
2017-01-11 01:00:00+00:00,4.6,78,968.2,0.0,5.8,292
2017-01-11 02:00:00+00:00,5.8,66,969.5,0.0,4.6,309
2017-01-11 03:00:00+00:00,6.1,62,969.4,0.0,3.9,326
2017-01-11 04:00:00+00:00,6.1,59,969.2,0.0,4.7,360
2017-01-11 05:00:00+00:00,6.6,55,967.5,0.0,6.0,25
2017-01-11 06:00:00+00:00,6.6,55,966.1,0.0,7.7,37
2017-01-11 07:00:00+00:00,6.4,56,965.2,0.0,7.9,43
2017-01-11 08:00:00+00:00,6.9,52,965.3,0.0,8.2,41
2017-01-11 09:00:00+00:00,6.8,54,965.6,0.0,7.7,28
2017-01-11 10:00:00+00:00,5.5,60,966.5,0.0,4.8,333
2017-01-11 11:00:00+00:00,5.0,64,966.6,0.0,4.6,321
2017-01-11 12:00:00+00:00,5.0,64,967.9,0.0,6.3,294
2017-01-11 13:00:00+00:00,5.0,65,968.4,0.0,11.0,293
2017-01-11 14:00:00+00:00,4.6,66,968.8,0.0,11.3,287
2017-01-11 15:00:00+00:00,5.0,66,968.8,0.0,10.2,278
2017-01-11 16:00:00+00:00,5.1,66,968.7,0.0,9.7,274
2017-01-11 17:00:00+00:00,5.1,66,968.6,0.0,9.4,270
2017-01-11 18:00:00+00:00,5.0,65,968.4,0.0,9.0,270
2017-01-11 19:00:00+00:00,4.4,68,968.3,0.0,8.6,268
2017-01-11 20:00:00+00:00,4.3,74,968.0,0.0,7.9,270
2017-01-11 21:00:00+00:00,3.8,75,967.0,0.0,7.6,267
2017-01-11 22:00:00+00:00,2.9,79,966.6,0.0,8.8,251
2017-01-11 23:00:00+00:00,2.8,80,966.7,0.0,9.1,236
2017-01-12 00:00:00+00:00,2.4,81,966.8,0.0,6.8,267
2017-01-12 01:00:00+00:00,3.5,70,967.5,0.0,8.8,279
2017-01-12 02:00:00+00:00,7.8,58,968.8,0.0,7.0,282
2017-01-12 03:00:00+00:00,8.9,49,968.8,0.0,9.5,279
2017-01-12 04:00:00+00:00,8.8,41,967.8,0.0,7.9,286
2017-01-12 05:00:00+00:00,11.5,30,966.5,0.0,5.2,304
2017-01-12 06:00:00+00:00,11.7,30,965.2,0.0,2.9,330
2017-01-12 07:00:00+00:00,11.6,30,964.1,0.0,1.9,338
2017-01-12 08:00:00+00:00,11.7,27,963.6,0.0,2.1,329
2017-01-12 09:00:00+00:00,11.3,28,963.3,0.0,2.9,330
2017-01-12 10:00:00+00:00,7.7,53,962.8,0.0,6.6,292
2017-01-12 11:00:00+00:00,6.2,55,962.8,0.0,8.6,285
2017-01-12 12:00:00+00:00,6.4,53,963.2,0.0,7.7,319
2017-01-12 13:00:00+00:00,6.9,49,964.1,0.0,8.2,308
2017-01-12 14:00:00+00:00,7.1,48,964.6,0.0,8.7,308
2017-01-12 15:00:00+00:00,5.1,53,964.5,0.0,8.3,326
2017-01-12 16:00:00+00:00,5.9,48,964.6,0.0,8.4,340
2017-01-12 17:00:00+00:00,5.8,48,964.1,0.0,8.0,350
2017-01-12 18:00:00+00:00,6.1,47,963.9,0.0,5.8,360
2017-01-12 19:00:00+00:00,6.2,45,963.7,0.0,3.2,27
2017-01-12 20:00:00+00:00,5.3,49,963.1,0.0,1.6,117
2017-01-12 21:00:00+00:00,3.8,58,962.3,0.0,0.8,117
2017-01-12 22:00:00+00:00,1.3,81,961.5,0.0,6.2,170
2017-01-12 23:00:00+00:00,1.7,81,961.5,0.0,8.3,178
2017-01-13 00:00:00+00:00,2.6,75,962.5,0.0,4.1,165
2017-01-13 01:00:00+00:00,2.4,77,962.8,0.0,1.3,146
2017-01-13 02:00:00+00:00,7.1,50,964.8,0.0,1.5,104
2017-01-13 03:00:00+00:00,8.0,45,964.6,0.0,1.5,76
2017-01-13 04:00:00+00:00,8.7,42,964.0,0.0,1.3,56
2017-01-13 05:00:00+00:00,11.7,32,962.7,0.0,2.2,81
2017-01-13 06:00:00+00:00,12.1,34,961.4,0.0,3.3,96
2017-01-13 07:00:00+00:00,12.5,33,960.3,0.0,3.6,96
2017-01-13 08:00:00+00:00,12.4,30,960.3,0.0,2.5,82
2017-01-13 09:00:00+00:00,12.0,32,960.1,0.0,2.7,23
2017-01-13 10:00:00+00:00,8.3,52,959.2,0.0,7.5,343
2017-01-13 11:00:00+00:00,7.0,54,959.4,0.0,7.3,351
2017-01-13 12:00:00+00:00,7.4,49,960.5,0.0,10.4,2
2017-01-13 13:00:00+00:00,6.9,48,961.0,0.0,10.9,352
2017-01-13 14:00:00+00:00,6.5,47,961.8,0.0,10.0,347
2017-01-13 15:00:00+00:00,4.7,52,962.0,0.0,8.3,358
2017-01-13 16:00:00+00:00,4.3,51,962.3,0.0,6.9,6
2017-01-13 17:00:00+00:00,3.8,58,962.3,0.0,5.9,14
2017-01-13 18:00:00+00:00,4.1,61,962.1,0.0,6.0,17
2017-01-13 19:00:00+00:00,4.3,64,962.2,0.0,5.5,11
2017-01-13 20:00:00+00:00,3.7,68,962.1,0.0,5.1,4
2017-01-13 21:00:00+00:00,3.8,69,961.8,0.0,4.3,355
2017-01-13 22:00:00+00:00,4.2,71,961.8,0.0,5.6,333
2017-01-13 23:00:00+00:00,4.1,74,961.6,0.0,4.0,27
2017-01-14 00:00:00+00:00,4.6,74,962.4,0.0,5.5,11
2017-01-14 01:00:00+00:00,4.9,72,963.3,0.0,4.9,343
2017-01-14 02:00:00+00:00,6.8,69,964.2,0.0,4.3,336
2017-01-14 03:00:00+00:00,7.3,71,964.8,0.0,5.3,332
2017-01-14 04:00:00+00:00,8.0,65,964.2,0.0,4.3,336
2017-01-14 05:00:00+00:00,9.9,54,963.2,0.0,3.8,343
2017-01-14 06:00:00+00:00,10.5,55,962.2,0.0,2.5,360
2017-01-14 07:00:00+00:00,10.6,55,961.6,0.0,2.6,16
2017-01-14 08:00:00+00:00,10.7,52,962.0,0.0,3.1,21
2017-01-14 09:00:00+00:00,10.7,53,962.3,0.0,4.7,9
2017-01-14 10:00:00+00:00,7.9,61,962.3,0.0,8.0,350
2017-01-14 11:00:00+00:00,7.9,61,962.5,0.0,9.3,13
2017-01-14 12:00:00+00:00,7.4,63,963.6,0.0,8.5,12
2017-01-14 13:00:00+00:00,7.5,59,964.3,0.0,8.4,350
2017-01-14 14:00:00+00:00,6.8,63,965.4,0.0,8.1,339
2017-01-14 15:00:00+00:00,6.1,68,965.8,0.0,7.0,339
2017-01-14 16:00:00+00:00,5.3,71,965.9,0.0,6.2,339
2017-01-14 17:00:00+00:00,5.7,68,966.0,0.0,5.5,337
2017-01-14 18:00:00+00:00,5.6,70,965.9,0.0,4.2,340
2017-01-14 19:00:00+00:00,6.0,69,966.0,0.0,3.8,343
2017-01-14 20:00:00+00:00,5.1,75,965.9,0.0,3.1,339
2017-01-14 21:00:00+00:00,5.0,76,965.5,0.0,3.5,336
2017-01-14 22:00:00+00:00,4.5,80,965.3,0.0,5.8,356
2017-01-14 23:00:00+00:00,4.8,78,965.7,0.0,4.2,31
2017-01-15 00:00:00+00:00,4.6,81,966.3,0.0,4.6,45
2017-01-15 01:00:00+00:00,5.3,79,966.8,0.0,6.0,33
2017-01-15 02:00:00+00:00,7.1,72,967.9,0.0,3.6,45
2017-01-15 03:00:00+00:00,7.8,71,968.1,0.0,2.1,59
2017-01-15 04:00:00+00:00,8.1,69,967.7,0.0,1.3,146
2017-01-15 05:00:00+00:00,10.4,57,966.0,0.0,3.6,186
2017-01-15 06:00:00+00:00,10.6,56,964.7,0.0,3.3,174
2017-01-15 07:00:00+00:00,11.0,54,963.3,0.0,3.4,162
2017-01-15 08:00:00+00:00,11.5,50,963.3,0.0,2.5,135
2017-01-15 09:00:00+00:00,10.9,52,962.9,0.0,1.1,72
2017-01-15 10:00:00+00:00,8.3,65,962.5,0.0,9.0,358
2017-01-15 11:00:00+00:00,8.4,68,963.3,0.0,10.4,20
2017-01-15 12:00:00+00:00,8.1,69,963.9,0.0,10.9,27
2017-01-15 13:00:00+00:00,7.8,70,964.3,0.0,10.6,18
2017-01-15 14:00:00+00:00,7.3,72,964.5,0.0,10.5,16
2017-01-15 15:00:00+00:00,6.3,77,964.3,0.0,9.7,15
2017-01-15 16:00:00+00:00,6.6,78,964.1,0.0,9.6,13
2017-01-15 17:00:00+00:00,6.5,81,963.9,0.0,9.0,5
2017-01-15 18:00:00+00:00,6.5,82,963.7,0.0,9.7,360
2017-01-15 19:00:00+00:00,6.9,82,963.5,0.0,9.7,2
2017-01-15 20:00:00+00:00,6.9,84,963.7,0.0,10.1,2
2017-01-15 21:00:00+00:00,7.0,85,963.2,0.1,9.7,2
2017-01-15 22:00:00+00:00,6.2,86,962.8,0.1,10.4,360
2017-01-15 23:00:00+00:00,6.4,86,962.7,0.0,9.1,7
2017-01-16 00:00:00+00:00,6.5,88,963.5,0.0,9.7,15
2017-01-16 01:00:00+00:00,6.4,88,964.0,0.0,10.1,17
2017-01-16 02:00:00+00:00,7.3,86,965.1,0.0,9.6,13
2017-01-16 03:00:00+00:00,7.2,86,965.0,0.0,9.3,13
2017-01-16 04:00:00+00:00,6.5,89,964.6,0.0,10.0,26
2017-01-16 05:00:00+00:00,7.7,80,963.6,0.0,10.1,27
2017-01-16 06:00:00+00:00,8.7,78,962.4,0.0,10.5,31
2017-01-16 07:00:00+00:00,8.7,76,961.8,0.0,10.0,30
2017-01-16 08:00:00+00:00,8.8,74,962.0,0.0,10.0,30
2017-01-16 09:00:00+00:00,8.8,74,962.7,0.0,9.2,21
2017-01-16 10:00:00+00:00,6.9,85,964.5,0.0,8.3,358
2017-01-16 11:00:00+00:00,7.3,85,964.5,0.0,8.0,352
2017-01-16 12:00:00+00:00,7.5,86,965.8,0.0,7.5,305
2017-01-16 13:00:00+00:00,7.8,84,967.4,0.0,8.8,305
2017-01-16 14:00:00+00:00,7.3,85,967.4,0.0,8.8,305
2017-01-16 15:00:00+00:00,6.6,86,967.4,0.0,8.1,302
2017-01-16 16:00:00+00:00,6.7,84,967.3,0.0,7.6,295
2017-01-16 17:00:00+00:00,6.5,84,966.7,0.0,6.4,297
2017-01-16 18:00:00+00:00,6.4,84,966.5,0.0,5.7,305
2017-01-16 19:00:00+00:00,6.2,86,966.0,0.0,5.4,318
2017-01-16 20:00:00+00:00,4.7,90,965.7,0.0,5.3,332
2017-01-16 21:00:00+00:00,4.6,90,965.0,0.0,4.8,333
2017-01-16 22:00:00+00:00,3.6,94,964.4,0.0,7.0,348
2017-01-16 23:00:00+00:00,3.5,93,964.3,0.0,4.5,29
2017-01-17 00:00:00+00:00,5.0,88,964.8,0.0,2.9,60
2017-01-17 01:00:00+00:00,4.6,89,965.3,0.0,1.1,90
2017-01-17 02:00:00+00:00,7.6,74,966.4,0.0,1.1,360
2017-01-17 03:00:00+00:00,7.9,68,966.2,0.0,1.9,338
2017-01-17 04:00:00+00:00,7.6,67,965.4,0.0,1.9,338
2017-01-17 05:00:00+00:00,9.9,56,964.1,0.0,1.6,333
2017-01-17 06:00:00+00:00,9.8,58,962.3,0.0,1.8,11
2017-01-17 07:00:00+00:00,10.0,55,961.1,0.0,2.9,30
2017-01-17 08:00:00+00:00,10.1,55,961.1,0.0,5.0,21
2017-01-17 09:00:00+00:00,9.5,56,961.3,0.0,7.3,20
2017-01-17 10:00:00+00:00,7.4,67,962.3,0.0,14.3,348
2017-01-17 11:00:00+00:00,7.7,66,962.3,0.0,12.6,24
2017-01-17 12:00:00+00:00,7.8,65,963.3,0.0,10.9,44
2017-01-17 13:00:00+00:00,7.7,65,964.9,0.0,7.3,20
2017-01-17 14:00:00+00:00,7.7,66,966.0,0.0,8.0,352
2017-01-17 15:00:00+00:00,6.8,72,966.5,0.0,10.3,348
2017-01-17 16:00:00+00:00,7.0,75,966.5,0.0,9.5,351
2017-01-17 17:00:00+00:00,6.9,80,966.3,0.0,8.0,352
2017-01-17 18:00:00+00:00,6.7,83,966.1,0.0,6.6,347
2017-01-17 19:00:00+00:00,7.1,84,965.8,0.0,7.0,348
2017-01-17 20:00:00+00:00,6.4,85,965.4,0.0,7.2,354
2017-01-17 21:00:00+00:00,6.5,85,965.1,0.0,7.6,360
2017-01-17 22:00:00+00:00,6.5,86,965.4,0.0,9.0,358
2017-01-17 23:00:00+00:00,6.6,88,966.1,0.0,5.4,8
2017-01-18 00:00:00+00:00,6.7,88,966.3,0.0,5.4,42
2017-01-18 01:00:00+00:00,6.5,89,966.5,0.0,3.2,27
2017-01-18 02:00:00+00:00,7.3,80,967.1,0.0,3.0,346
2017-01-18 03:00:00+00:00,7.0,85,967.0,0.0,2.9,360
2017-01-18 04:00:00+00:00,6.9,86,966.3,0.0,2.3,18
2017-01-18 05:00:00+00:00,8.0,73,965.3,0.0,2.5,45
2017-01-18 06:00:00+00:00,8.6,74,963.8,0.0,3.2,63
2017-01-18 07:00:00+00:00,8.2,74,963.0,0.0,4.1,52
2017-01-18 08:00:00+00:00,8.3,73,962.6,0.0,4.1,45
2017-01-18 09:00:00+00:00,8.3,75,963.5,0.0,5.5,23
2017-01-18 10:00:00+00:00,7.0,79,964.0,0.0,8.3,360
2017-01-18 11:00:00+00:00,6.8,81,964.7,0.0,8.6,15
2017-01-18 12:00:00+00:00,6.9,80,965.6,0.0,9.0,2
2017-01-18 13:00:00+00:00,6.9,81,966.9,0.0,9.2,349
2017-01-18 14:00:00+00:00,6.6,80,967.3,0.0,10.5,352
2017-01-18 15:00:00+00:00,5.9,79,967.9,0.0,9.8,352
2017-01-18 16:00:00+00:00,6.2,75,968.1,0.0,10.2,352
2017-01-18 17:00:00+00:00,6.2,75,968.4,0.0,9.5,351
2017-01-18 18:00:00+00:00,6.6,73,968.5,0.0,7.7,349
2017-01-18 19:00:00+00:00,6.7,75,968.5,0.0,7.3,340
2017-01-18 20:00:00+00:00,6.6,78,968.5,0.0,6.3,336
2017-01-18 21:00:00+00:00,7.0,80,968.9,0.0,7.7,349
2017-01-18 22:00:00+00:00,6.8,80,968.0,0.0,5.5,11
2017-01-18 23:00:00+00:00,7.2,80,968.9,0.0,3.4,302
2017-01-19 00:00:00+00:00,6.6,84,969.3,0.0,5.0,291
2017-01-19 01:00:00+00:00,6.7,84,970.0,0.0,6.8,288
2017-01-19 02:00:00+00:00,8.0,76,970.7,0.0,6.6,299
2017-01-19 03:00:00+00:00,8.1,76,971.2,0.0,6.5,304
2017-01-19 04:00:00+00:00,7.9,76,970.4,0.0,6.1,315
2017-01-19 05:00:00+00:00,9.6,63,969.7,0.0,5.8,330
2017-01-19 06:00:00+00:00,9.7,61,968.2,0.0,5.4,8
2017-01-19 07:00:00+00:00,10.6,57,967.2,0.0,6.2,21
2017-01-19 08:00:00+00:00,10.6,53,967.2,0.0,5.9,11
2017-01-19 09:00:00+00:00,10.8,52,967.4,0.0,6.5,357
2017-01-19 10:00:00+00:00,8.9,62,967.2,0.0,8.9,320
2017-01-19 11:00:00+00:00,8.4,62,968.5,0.0,9.0,323
2017-01-19 12:00:00+00:00,8.3,62,969.1,0.0,10.5,344
2017-01-19 13:00:00+00:00,8.6,62,970.6,0.0,12.3,345
2017-01-19 14:00:00+00:00,8.3,63,971.3,0.0,11.8,348
2017-01-19 15:00:00+00:00,7.4,61,971.6,0.0,11.2,345
2017-01-19 16:00:00+00:00,7.5,59,971.7,0.0,10.4,340
2017-01-19 17:00:00+00:00,7.3,59,971.4,0.0,8.8,325
2017-01-19 18:00:00+00:00,7.4,58,971.2,0.0,7.9,313
2017-01-19 19:00:00+00:00,7.6,57,970.6,0.0,8.4,301
2017-01-19 20:00:00+00:00,6.6,63,969.8,0.0,8.2,299
2017-01-19 21:00:00+00:00,6.6,64,969.3,0.0,8.4,301
2017-01-19 22:00:00+00:00,6.5,70,968.5,0.0,7.8,292
2017-01-19 23:00:00+00:00,6.6,70,969.2,0.0,7.4,293
2017-01-20 00:00:00+00:00,6.7,71,968.8,0.0,6.6,315
2017-01-20 01:00:00+00:00,6.7,73,969.0,0.0,8.1,328
2017-01-20 02:00:00+00:00,7.3,63,969.8,0.0,7.3,340
2017-01-20 03:00:00+00:00,7.0,63,969.4,0.0,7.6,357
2017-01-20 04:00:00+00:00,7.5,63,969.1,0.0,8.2,23
2017-01-20 05:00:00+00:00,8.0,61,968.1,0.0,8.4,31
2017-01-20 06:00:00+00:00,7.9,65,966.4,0.0,9.2,42
2017-01-20 07:00:00+00:00,7.7,68,965.1,0.0,9.4,47
2017-01-20 08:00:00+00:00,7.7,68,964.9,0.0,9.4,50
2017-01-20 09:00:00+00:00,7.8,68,965.3,0.0,8.4,50
2017-01-20 10:00:00+00:00,6.8,69,966.9,0.0,10.4,2
2017-01-20 11:00:00+00:00,6.7,74,967.2,0.0,6.6,41
2017-01-20 12:00:00+00:00,6.5,76,967.8,0.0,4.1,38
2017-01-20 13:00:00+00:00,6.3,77,969.3,0.0,4.3,355
2017-01-20 14:00:00+00:00,6.3,78,970.3,0.0,6.8,3
2017-01-20 15:00:00+00:00,5.9,79,971.2,0.0,6.9,6
2017-01-20 16:00:00+00:00,6.2,77,971.5,0.0,6.8,360
2017-01-20 17:00:00+00:00,5.7,82,971.8,0.4,7.0,348
2017-01-20 18:00:00+00:00,6.2,81,972.1,0.0,6.0,335
2017-01-20 19:00:00+00:00,6.2,83,972.2,0.0,6.1,315
2017-01-20 20:00:00+00:00,5.3,88,972.1,0.0,6.3,301
2017-01-20 21:00:00+00:00,5.0,90,971.6,0.0,5.6,285
2017-01-20 22:00:00+00:00,4.7,88,971.7,0.0,6.2,280
2017-01-20 23:00:00+00:00,4.5,91,971.9,0.0,5.7,252
2017-01-21 00:00:00+00:00,4.9,91,972.4,0.0,5.4,274
2017-01-21 01:00:00+00:00,4.8,90,972.6,0.0,6.6,283
2017-01-21 02:00:00+00:00,8.1,76,973.9,0.0,4.0,270
2017-01-21 03:00:00+00:00,8.4,73,973.9,0.0,1.8,233
2017-01-21 04:00:00+00:00,9.4,67,973.3,0.0,2.5,180
2017-01-21 05:00:00+00:00,12.3,50,971.9,0.0,3.7,169
2017-01-21 06:00:00+00:00,13.4,50,970.1,0.0,5.2,164
2017-01-21 07:00:00+00:00,13.5,50,968.9,0.0,5.9,169
2017-01-21 08:00:00+00:00,13.9,47,968.5,0.0,5.4,176
2017-01-21 09:00:00+00:00,13.9,46,968.4,0.0,4.3,185
2017-01-21 10:00:00+00:00,10.4,72,968.2,0.0,4.1,285
2017-01-21 11:00:00+00:00,11.3,53,968.7,0.0,4.1,345
2017-01-21 12:00:00+00:00,8.9,68,969.0,0.0,5.5,349
2017-01-21 13:00:00+00:00,7.8,72,970.1,0.0,6.8,335
2017-01-21 14:00:00+00:00,6.9,80,970.3,0.0,6.3,329
2017-01-21 15:00:00+00:00,5.1,86,970.6,0.0,5.7,325
2017-01-21 16:00:00+00:00,5.2,86,970.6,0.0,5.0,330
2017-01-21 17:00:00+00:00,5.1,85,970.7,0.0,4.5,331
2017-01-21 18:00:00+00:00,5.6,82,970.6,0.0,4.0,333
2017-01-21 19:00:00+00:00,6.2,77,970.7,0.0,3.2,333
2017-01-21 20:00:00+00:00,5.5,86,970.3,0.0,3.0,346
2017-01-21 21:00:00+00:00,5.5,88,970.1,0.0,2.5,360
2017-01-21 22:00:00+00:00,5.8,81,969.4,0.0,2.1,59
2017-01-21 23:00:00+00:00,5.6,84,970.9,0.0,4.3,48
2017-01-22 00:00:00+00:00,5.6,84,971.9,0.0,7.2,37
2017-01-22 01:00:00+00:00,5.9,83,972.3,0.0,6.4,27
2017-01-22 02:00:00+00:00,7.9,77,973.7,0.0,5.5,23
2017-01-22 03:00:00+00:00,7.9,76,973.5,0.0,4.9,17
2017-01-22 04:00:00+00:00,7.9,79,972.3,0.0,2.5,360
2017-01-22 05:00:00+00:00,10.2,65,971.6,0.0,1.8,349
2017-01-22 06:00:00+00:00,10.8,64,969.7,0.0,2.2,360
2017-01-22 07:00:00+00:00,10.9,63,968.7,0.0,3.2,27
2017-01-22 08:00:00+00:00,11.2,63,968.3,0.0,5.8,22
2017-01-22 09:00:00+00:00,11.1,63,968.5,0.0,7.9,16
2017-01-22 10:00:00+00:00,8.9,69,968.3,0.0,7.6,352
2017-01-22 11:00:00+00:00,9.0,70,969.3,0.0,5.4,340
2017-01-22 12:00:00+00:00,8.9,72,969.7,0.0,5.1,356
2017-01-22 13:00:00+00:00,8.7,72,970.2,0.0,4.5,346
2017-01-22 14:00:00+00:00,7.6,75,970.7,0.0,5.2,348
2017-01-22 15:00:00+00:00,6.6,77,970.6,0.0,4.1,315
2017-01-22 16:00:00+00:00,6.8,77,970.5,0.0,3.3,283
2017-01-22 17:00:00+00:00,6.5,79,970.2,0.0,4.3,270
2017-01-22 18:00:00+00:00,6.0,85,970.0,0.0,5.1,274
2017-01-22 19:00:00+00:00,5.6,88,969.1,0.0,5.5,281
2017-01-22 20:00:00+00:00,4.9,91,968.7,0.0,4.0,280
2017-01-22 21:00:00+00:00,4.9,92,968.0,0.0,3.8,229
2017-01-22 22:00:00+00:00,4.2,92,967.6,0.0,6.2,190
2017-01-22 23:00:00+00:00,4.7,90,968.5,0.0,4.4,189
2017-01-23 00:00:00+00:00,4.3,89,968.3,0.0,4.0,175
2017-01-23 01:00:00+00:00,5.3,85,969.1,0.0,2.6,146
2017-01-23 02:00:00+00:00,8.4,76,969.9,0.0,2.2,171
2017-01-23 03:00:00+00:00,8.8,76,970.1,0.0,1.9,202
2017-01-23 04:00:00+00:00,9.7,74,969.4,0.0,0.7,180
2017-01-23 05:00:00+00:00,12.1,60,968.0,0.0,1.5,76
2017-01-23 06:00:00+00:00,12.8,61,966.7,0.0,3.3,49
2017-01-23 07:00:00+00:00,12.9,60,965.5,0.0,5.1,51
2017-01-23 08:00:00+00:00,12.5,59,965.0,0.0,5.8,60
2017-01-23 09:00:00+00:00,12.6,58,965.3,0.0,5.2,56
2017-01-23 10:00:00+00:00,10.4,73,964.5,0.0,4.3,360
2017-01-23 11:00:00+00:00,10.2,75,965.1,0.0,4.1,345
2017-01-23 12:00:00+00:00,10.1,75,966.3,0.0,4.7,351
2017-01-23 13:00:00+00:00,10.1,73,966.6,0.0,5.1,8
2017-01-23 14:00:00+00:00,9.9,73,967.3,0.0,5.8,356
2017-01-23 15:00:00+00:00,9.1,75,967.3,0.0,6.1,357
2017-01-23 16:00:00+00:00,9.2,74,967.7,0.0,6.8,357
2017-01-23 17:00:00+00:00,9.2,74,967.4,0.0,7.2,354
2017-01-23 18:00:00+00:00,9.0,75,967.3,0.0,6.2,350
2017-01-23 19:00:00+00:00,9.0,75,967.2,0.0,6.6,351
2017-01-23 20:00:00+00:00,8.1,79,967.0,0.0,6.1,357
2017-01-23 21:00:00+00:00,7.7,82,966.4,0.0,5.4,8
2017-01-23 22:00:00+00:00,7.8,79,966.5,0.0,5.2,344
2017-01-23 23:00:00+00:00,7.8,81,967.3,0.0,3.0,346
2017-01-24 00:00:00+00:00,8.1,83,967.9,0.0,1.8,307
2017-01-24 01:00:00+00:00,8.0,84,968.8,0.0,3.4,302
2017-01-24 02:00:00+00:00,9.3,76,969.2,0.0,4.1,285
2017-01-24 03:00:00+00:00,9.7,71,969.6,0.0,3.9,292
2017-01-24 04:00:00+00:00,10.4,71,969.5,0.0,2.9,277
2017-01-24 05:00:00+00:00,12.5,57,968.6,0.0,3.4,252
2017-01-24 06:00:00+00:00,13.1,58,967.7,0.0,4.6,231
2017-01-24 07:00:00+00:00,13.4,56,967.1,0.0,3.1,216
2017-01-24 08:00:00+00:00,13.8,51,967.2,0.0,0.7,180
2017-01-24 09:00:00+00:00,14.1,53,967.9,0.0,0.8,63
2017-01-24 10:00:00+00:00,10.6,62,968.0,0.0,6.0,287
2017-01-24 11:00:00+00:00,10.2,67,969.0,0.0,4.8,297
2017-01-24 12:00:00+00:00,9.5,67,969.7,0.0,5.0,300
2017-01-24 13:00:00+00:00,8.7,72,970.4,0.0,5.0,300
2017-01-24 14:00:00+00:00,7.9,76,970.5,0.0,5.2,295
2017-01-24 15:00:00+00:00,5.6,85,970.5,0.0,5.4,290
2017-01-24 16:00:00+00:00,5.8,87,970.1,0.0,5.8,277
2017-01-24 17:00:00+00:00,5.3,91,969.5,0.0,4.8,243
2017-01-24 18:00:00+00:00,5.0,95,969.0,0.0,4.6,225
2017-01-24 19:00:00+00:00,5.0,95,968.8,0.0,2.9,210
2017-01-24 20:00:00+00:00,3.8,96,968.2,0.0,0.5,225
2017-01-24 21:00:00+00:00,3.9,97,968.0,0.0,1.0,45
2017-01-24 22:00:00+00:00,4.0,94,968.6,0.0,3.3,319
2017-01-24 23:00:00+00:00,4.3,94,968.8,0.0,4.4,351
2017-01-25 00:00:00+00:00,3.7,97,969.5,0.0,3.5,24
2017-01-25 01:00:00+00:00,4.0,96,970.2,0.0,2.5,82
2017-01-25 02:00:00+00:00,7.9,86,970.9,0.0,0.7,360
2017-01-25 03:00:00+00:00,8.9,81,971.6,0.0,1.6,297
2017-01-25 04:00:00+00:00,10.1,75,971.2,0.0,2.8,230
2017-01-25 05:00:00+00:00,13.2,61,970.1,0.0,3.8,197
2017-01-25 06:00:00+00:00,13.3,61,968.5,0.0,4.8,167
2017-01-25 07:00:00+00:00,13.6,62,967.5,0.0,5.5,157
2017-01-25 08:00:00+00:00,14.4,56,967.5,0.0,4.7,148
2017-01-25 09:00:00+00:00,13.8,57,967.4,0.0,2.2,99
2017-01-25 10:00:00+00:00,11.9,66,967.0,0.0,6.4,322
2017-01-25 11:00:00+00:00,11.5,68,967.4,0.0,6.0,327
2017-01-25 12:00:00+00:00,10.9,71,967.5,0.0,5.7,342
2017-01-25 13:00:00+00:00,10.9,72,967.9,0.0,5.8,353
2017-01-25 14:00:00+00:00,9.9,75,967.6,0.0,4.7,351
2017-01-25 15:00:00+00:00,9.0,80,967.5,0.0,4.1,345
2017-01-25 16:00:00+00:00,8.8,82,966.9,0.0,4.0,355
2017-01-25 17:00:00+00:00,8.3,87,966.5,0.0,4.3,355
2017-01-25 18:00:00+00:00,8.2,88,965.8,0.0,4.4,351
2017-01-25 19:00:00+00:00,8.6,88,965.6,0.0,5.1,4
2017-01-25 20:00:00+00:00,8.5,88,965.2,0.0,5.8,4
2017-01-25 21:00:00+00:00,8.6,88,964.7,0.0,7.0,12
2017-01-25 22:00:00+00:00,9.0,85,965.0,0.0,5.1,8
2017-01-25 23:00:00+00:00,9.3,85,965.0,0.0,6.4,27
2017-01-26 00:00:00+00:00,9.3,86,965.6,0.0,8.1,32
2017-01-26 01:00:00+00:00,9.2,86,966.6,0.0,10.8,26
2017-01-26 02:00:00+00:00,10.0,81,967.4,0.0,12.6,24
2017-01-26 03:00:00+00:00,10.3,80,967.9,0.0,13.5,29
2017-01-26 04:00:00+00:00,10.4,83,967.8,0.0,14.3,34
2017-01-26 05:00:00+00:00,11.2,76,967.1,0.0,12.0,33
2017-01-26 06:00:00+00:00,11.3,75,965.7,0.0,10.1,27
2017-01-26 07:00:00+00:00,11.3,76,965.1,0.0,8.6,22
2017-01-26 08:00:00+00:00,11.5,74,964.8,0.0,7.5,17
2017-01-26 09:00:00+00:00,11.6,72,965.4,0.0,6.2,353
2017-01-26 10:00:00+00:00,10.5,81,965.2,0.0,7.4,317
2017-01-26 11:00:00+00:00,10.0,82,966.4,0.0,7.7,298
2017-01-26 12:00:00+00:00,10.2,80,967.3,0.0,8.5,298
2017-01-26 13:00:00+00:00,9.9,82,968.0,0.0,10.0,296
2017-01-26 14:00:00+00:00,9.1,85,968.5,0.0,10.2,293
2017-01-26 15:00:00+00:00,8.1,83,968.7,0.0,10.5,292
2017-01-26 16:00:00+00:00,8.3,79,968.7,0.0,10.8,291
2017-01-26 17:00:00+00:00,7.7,81,968.6,0.0,11.5,290
2017-01-26 18:00:00+00:00,8.0,77,968.0,0.0,11.8,290
2017-01-26 19:00:00+00:00,8.2,71,967.6,0.0,11.5,290
2017-01-26 20:00:00+00:00,7.6,68,966.5,0.0,10.6,294
2017-01-26 21:00:00+00:00,7.7,59,965.8,0.0,9.7,297
2017-01-26 22:00:00+00:00,5.7,70,964.7,0.0,10.5,292
2017-01-26 23:00:00+00:00,5.1,72,964.2,0.0,7.0,305
2017-01-27 00:00:00+00:00,5.6,73,964.1,0.0,5.4,312
2017-01-27 01:00:00+00:00,6.1,71,964.7,0.0,7.4,321
2017-01-27 02:00:00+00:00,9.3,59,965.6,0.0,6.1,332
2017-01-27 03:00:00+00:00,10.6,51,965.3,0.0,6.8,360
2017-01-27 04:00:00+00:00,11.1,43,964.7,0.0,6.0,17
2017-01-27 05:00:00+00:00,13.5,35,963.6,0.0,3.3,41
2017-01-27 06:00:00+00:00,13.6,37,961.4,0.0,1.8,90
2017-01-27 07:00:00+00:00,14.3,38,959.9,0.0,1.5,135
2017-01-27 08:00:00+00:00,14.3,39,958.9,0.0,1.1,72
2017-01-27 09:00:00+00:00,14.0,39,958.5,0.0,1.5,14
2017-01-27 10:00:00+00:00,11.4,55,957.8,0.0,6.3,329
2017-01-27 11:00:00+00:00,10.4,56,957.1,0.0,5.2,344
2017-01-27 12:00:00+00:00,10.4,52,956.8,0.0,7.3,349
2017-01-27 13:00:00+00:00,10.2,52,957.2,0.0,8.2,331
2017-01-27 14:00:00+00:00,9.9,55,956.9,0.0,8.4,329
2017-01-27 15:00:00+00:00,8.2,61,956.0,0.0,8.6,338
2017-01-27 16:00:00+00:00,8.4,62,955.3,0.0,8.8,348
2017-01-27 17:00:00+00:00,8.4,63,954.9,0.0,7.6,355
2017-01-27 18:00:00+00:00,8.8,61,954.2,0.0,7.6,355
2017-01-27 19:00:00+00:00,8.6,62,953.5,0.0,7.2,354
2017-01-27 20:00:00+00:00,8.0,67,952.6,0.0,6.8,360
2017-01-27 21:00:00+00:00,7.7,71,952.0,0.0,6.6,9
2017-01-27 22:00:00+00:00,6.8,73,951.8,0.0,6.5,357
2017-01-27 23:00:00+00:00,7.0,73,952.3,0.0,5.6,15
2017-01-28 00:00:00+00:00,6.8,77,952.5,0.0,7.7,28
2017-01-28 01:00:00+00:00,6.9,80,953.1,0.0,11.3,17
2017-01-28 02:00:00+00:00,9.0,73,954.6,0.0,12.1,23
2017-01-28 03:00:00+00:00,10.4,70,954.8,0.0,12.1,27
2017-01-28 04:00:00+00:00,10.6,69,954.9,0.0,11.6,26
2017-01-28 05:00:00+00:00,11.9,64,953.9,0.0,11.0,23
2017-01-28 06:00:00+00:00,11.9,67,952.9,0.0,10.5,22
2017-01-28 07:00:00+00:00,12.0,68,952.5,0.0,9.0,23
2017-01-28 08:00:00+00:00,11.4,70,952.6,0.0,7.1,15
2017-01-28 09:00:00+00:00,11.7,70,953.3,0.0,6.2,350
2017-01-28 10:00:00+00:00,9.8,78,953.9,0.0,8.4,301
2017-01-28 11:00:00+00:00,10.2,78,954.3,0.0,3.7,259
2017-01-28 12:00:00+00:00,10.2,79,955.7,0.0,5.4,270
2017-01-28 13:00:00+00:00,9.8,82,956.1,0.0,7.4,284
2017-01-28 14:00:00+00:00,9.9,83,957.0,0.0,7.6,273
2017-01-28 15:00:00+00:00,9.1,87,957.0,0.0,8.0,262
2017-01-28 16:00:00+00:00,8.8,89,957.5,0.0,8.5,258
2017-01-28 17:00:00+00:00,9.0,90,957.9,0.0,8.5,258
2017-01-28 18:00:00+00:00,9.0,91,958.3,0.0,7.8,257
2017-01-28 19:00:00+00:00,9.2,88,958.8,0.0,7.2,252
2017-01-28 20:00:00+00:00,9.0,83,959.3,0.0,6.5,264
2017-01-28 21:00:00+00:00,9.2,81,960.1,0.0,6.3,283
2017-01-28 22:00:00+00:00,7.9,90,960.0,0.0,9.4,268
2017-01-28 23:00:00+00:00,8.1,88,961.3,0.0,9.3,257
2017-01-29 00:00:00+00:00,7.1,93,961.8,0.0,7.6,245
2017-01-29 01:00:00+00:00,8.0,86,962.8,0.0,7.6,225
2017-01-29 02:00:00+00:00,12.4,62,964.9,0.0,6.0,245
2017-01-29 03:00:00+00:00,12.9,55,964.9,0.0,7.2,252
2017-01-29 04:00:00+00:00,13.2,48,964.3,0.0,7.6,211
2017-01-29 05:00:00+00:00,16.0,35,963.9,0.0,7.0,192
2017-01-29 06:00:00+00:00,15.9,36,962.9,0.0,5.4,172
2017-01-29 07:00:00+00:00,16.0,36,961.9,0.0,4.9,144
2017-01-29 08:00:00+00:00,16.6,35,961.3,0.0,4.6,129
2017-01-29 09:00:00+00:00,16.7,35,961.7,0.0,4.7,99
2017-01-29 10:00:00+00:00,13.0,48,961.2,0.0,4.6,45
2017-01-29 11:00:00+00:00,12.7,53,962.1,0.0,7.7,37
2017-01-29 12:00:00+00:00,12.5,53,963.5,0.0,8.3,34
2017-01-29 13:00:00+00:00,12.2,51,964.0,0.0,8.4,31
2017-01-29 14:00:00+00:00,10.9,59,964.7,0.0,7.2,27
2017-01-29 15:00:00+00:00,8.6,70,964.6,0.0,7.6,31
2017-01-29 16:00:00+00:00,7.9,72,964.8,0.0,8.0,36
2017-01-29 17:00:00+00:00,7.5,75,964.7,0.0,7.7,41
2017-01-29 18:00:00+00:00,7.4,78,965.1,0.0,7.0,35
2017-01-29 19:00:00+00:00,7.0,82,964.8,0.0,4.8,27
2017-01-29 20:00:00+00:00,6.8,86,964.4,0.0,4.9,17
2017-01-29 21:00:00+00:00,6.6,87,963.9,0.0,5.0,21
2017-01-29 22:00:00+00:00,7.0,76,964.6,0.0,4.4,351
2017-01-29 23:00:00+00:00,7.0,76,964.4,0.0,4.5,14
2017-01-30 00:00:00+00:00,7.1,76,964.9,0.0,6.3,24
2017-01-30 01:00:00+00:00,6.7,79,965.0,0.0,8.2,41
2017-01-30 02:00:00+00:00,8.6,74,965.6,0.0,7.2,53
2017-01-30 03:00:00+00:00,9.8,73,965.6,0.0,6.8,58
2017-01-30 04:00:00+00:00,10.0,70,964.9,0.0,6.4,52
2017-01-30 05:00:00+00:00,11.9,60,963.5,0.0,6.9,47
2017-01-30 06:00:00+00:00,12.2,58,962.3,0.0,5.7,55
2017-01-30 07:00:00+00:00,12.0,58,960.7,0.0,5.6,50
2017-01-30 08:00:00+00:00,11.9,59,960.1,0.0,5.6,40
2017-01-30 09:00:00+00:00,12.1,57,960.2,0.0,7.4,14
2017-01-30 10:00:00+00:00,10.2,62,960.0,0.0,9.9,341
2017-01-30 11:00:00+00:00,10.5,61,960.3,0.0,7.6,19
2017-01-30 12:00:00+00:00,10.6,62,961.2,0.0,7.6,31
2017-01-30 13:00:00+00:00,10.3,64,961.5,0.0,10.3,25
2017-01-30 14:00:00+00:00,9.7,69,962.1,0.0,9.9,19
2017-01-30 15:00:00+00:00,9.2,82,962.6,0.1,10.4,14
2017-01-30 16:00:00+00:00,9.2,87,962.9,0.4,10.7,12
2017-01-30 17:00:00+00:00,8.9,93,962.6,0.4,10.6,10
2017-01-30 18:00:00+00:00,8.9,94,962.7,0.8,9.7,4
2017-01-30 19:00:00+00:00,9.0,94,962.3,0.0,9.4,2
2017-01-30 20:00:00+00:00,8.5,97,961.9,0.0,8.3,360
2017-01-30 21:00:00+00:00,8.3,96,961.3,0.0,7.9,3
2017-01-30 22:00:00+00:00,8.4,93,961.3,0.0,6.6,351
2017-01-30 23:00:00+00:00,8.5,92,961.8,0.0,5.0,360
2017-01-31 00:00:00+00:00,8.6,93,962.1,0.0,5.2,344
2017-01-31 01:00:00+00:00,8.6,94,962.9,0.0,6.5,360
2017-01-31 02:00:00+00:00,9.3,90,963.6,0.0,8.6,22
2017-01-31 03:00:00+00:00,9.2,89,963.6,0.0,9.9,46
2017-01-31 04:00:00+00:00,8.6,90,963.4,0.1,11.3,53
2017-01-31 05:00:00+00:00,10.0,81,962.2,0.0,11.8,52
2017-01-31 06:00:00+00:00,10.0,78,961.6,0.0,12.4,54
2017-01-31 07:00:00+00:00,9.7,80,961.4,0.0,12.6,53
2017-01-31 08:00:00+00:00,9.8,76,961.8,0.0,11.8,59
2017-01-31 09:00:00+00:00,9.8,76,962.4,0.0,10.0,49
2017-01-31 10:00:00+00:00,8.5,81,963.2,0.0,9.3,13
2017-01-31 11:00:00+00:00,8.8,81,963.9,0.0,7.6,8
2017-01-31 12:00:00+00:00,8.8,83,964.9,0.0,5.2,348
2017-01-31 13:00:00+00:00,8.8,82,965.8,0.0,7.8,338
2017-01-31 14:00:00+00:00,8.4,84,966.0,0.0,8.0,342
2017-01-31 15:00:00+00:00,7.4,87,966.2,0.0,6.6,338
2017-01-31 16:00:00+00:00,7.7,87,966.3,0.4,4.6,342
2017-01-31 17:00:00+00:00,7.8,90,966.6,0.4,3.1,339
2017-01-31 18:00:00+00:00,7.8,93,966.7,0.6,3.4,328
2017-01-31 19:00:00+00:00,7.9,93,966.7,0.0,3.7,331
2017-01-31 20:00:00+00:00,7.8,95,966.5,0.0,3.7,349
2017-01-31 21:00:00+00:00,7.6,96,966.0,0.0,3.6,6
2017-01-31 22:00:00+00:00,7.8,92,965.7,0.0,2.2,351
2017-01-31 23:00:00+00:00,7.6,93,966.3,0.0,1.8,79
2017-02-01 00:00:00+00:00,7.9,90,966.8,0.0,3.1,54
2017-02-01 01:00:00+00:00,7.7,91,968.0,0.0,4.4,55
2017-02-01 02:00:00+00:00,8.6,83,968.7,0.0,4.3,66
2017-02-01 03:00:00+00:00,9.0,81,969.1,0.0,5.8,86
2017-02-01 04:00:00+00:00,9.2,78,968.6,0.0,5.4,90
2017-02-01 05:00:00+00:00,10.3,66,967.8,0.0,5.9,79
2017-02-01 06:00:00+00:00,10.6,66,966.7,0.0,7.1,66
2017-02-01 07:00:00+00:00,10.8,64,966.0,0.0,8.5,62
2017-02-01 08:00:00+00:00,10.5,65,965.9,0.0,9.8,54
2017-02-01 09:00:00+00:00,10.5,64,966.5,0.0,9.4,50
2017-02-01 10:00:00+00:00,9.1,73,966.6,0.0,6.8,25
2017-02-01 11:00:00+00:00,8.9,75,966.8,0.0,6.1,360
2017-02-01 12:00:00+00:00,8.9,77,967.4,0.0,7.6,352
2017-02-01 13:00:00+00:00,8.3,79,967.7,0.0,9.1,351
2017-02-01 14:00:00+00:00,8.4,78,967.3,0.0,8.4,353
2017-02-01 15:00:00+00:00,8.3,82,967.8,0.0,6.9,9
2017-02-01 16:00:00+00:00,8.2,81,967.9,0.0,7.7,28
2017-02-01 17:00:00+00:00,8.1,81,967.4,0.0,8.1,32
2017-02-01 18:00:00+00:00,8.0,82,967.5,0.0,8.0,36
2017-02-01 19:00:00+00:00,7.9,83,966.7,0.0,8.1,32
2017-02-01 20:00:00+00:00,7.8,83,966.7,0.0,8.0,36
2017-02-01 21:00:00+00:00,7.7,84,966.1,0.0,8.4,40
2017-02-01 22:00:00+00:00,6.8,88,965.8,0.0,8.8,35
2017-02-01 23:00:00+00:00,6.6,90,965.8,0.0,8.7,45
2017-02-02 00:00:00+00:00,6.6,90,966.0,0.0,7.9,43
2017-02-02 01:00:00+00:00,6.6,91,966.7,0.0,6.4,52
2017-02-02 02:00:00+00:00,7.0,89,967.0,0.0,6.7,54
2017-02-02 03:00:00+00:00,7.3,85,967.0,0.0,7.6,59
2017-02-02 04:00:00+00:00,7.0,88,966.4,0.0,7.7,53
2017-02-02 05:00:00+00:00,7.6,83,965.1,0.0,9.2,48
2017-02-02 06:00:00+00:00,7.7,82,963.6,0.0,9.7,51
2017-02-02 07:00:00+00:00,7.5,83,962.7,0.0,9.5,53
2017-02-02 08:00:00+00:00,7.8,82,962.6,0.0,9.0,53
2017-02-02 09:00:00+00:00,7.9,80,963.0,0.0,7.7,49
2017-02-02 10:00:00+00:00,7.1,85,963.5,0.0,7.0,12
2017-02-02 11:00:00+00:00,7.5,85,964.1,0.0,7.6,31
2017-02-02 12:00:00+00:00,7.6,86,964.7,0.0,8.0,27
2017-02-02 13:00:00+00:00,7.3,86,965.0,0.0,7.6,25
2017-02-02 14:00:00+00:00,7.0,87,965.1,0.0,4.9,17
2017-02-02 15:00:00+00:00,6.5,89,965.2,0.0,3.8,17
2017-02-02 16:00:00+00:00,6.2,92,965.2,0.0,3.6,6
2017-02-02 17:00:00+00:00,6.2,92,964.7,0.0,3.6,6
2017-02-02 18:00:00+00:00,6.5,90,964.7,0.0,3.3,6
2017-02-02 19:00:00+00:00,6.6,89,964.0,0.0,2.9,7
2017-02-02 20:00:00+00:00,6.2,91,964.0,0.0,4.0,5
2017-02-02 21:00:00+00:00,6.2,92,963.6,0.0,4.4,9
2017-02-02 22:00:00+00:00,5.7,97,964.0,0.0,6.6,351
2017-02-02 23:00:00+00:00,5.7,97,964.2,0.0,4.7,360
2017-02-03 00:00:00+00:00,6.2,97,964.2,0.0,3.9,338
2017-02-03 01:00:00+00:00,5.7,99,964.6,0.0,2.9,330
2017-02-03 02:00:00+00:00,6.6,92,965.0,0.0,1.9,22
2017-02-03 03:00:00+00:00,7.6,86,965.0,0.0,1.9,68
2017-02-03 04:00:00+00:00,7.4,90,964.3,0.0,2.0,135
2017-02-03 05:00:00+00:00,9.3,79,963.2,0.0,2.7,157
2017-02-03 06:00:00+00:00,9.5,74,962.0,0.0,3.7,169
2017-02-03 07:00:00+00:00,9.6,73,961.0,0.0,5.4,176
2017-02-03 08:00:00+00:00,9.9,70,960.7,0.0,4.7,189
2017-02-03 09:00:00+00:00,10.1,67,961.0,0.0,5.2,214
2017-02-03 10:00:00+00:00,8.4,76,962.5,0.0,8.2,311
2017-02-03 11:00:00+00:00,8.3,78,962.5,0.0,3.5,336
2017-02-03 12:00:00+00:00,8.3,80,963.0,0.0,3.2,360
2017-02-03 13:00:00+00:00,8.0,82,963.3,0.0,2.2,360
2017-02-03 14:00:00+00:00,7.3,87,963.2,0.0,2.2,9
2017-02-03 15:00:00+00:00,6.4,95,963.3,0.0,0.7,360
2017-02-03 16:00:00+00:00,5.6,100,962.7,0.0,1.3,326
2017-02-03 17:00:00+00:00,5.8,100,962.5,0.0,2.7,157
2017-02-03 18:00:00+00:00,5.8,100,962.4,0.0,2.2,90
2017-02-03 19:00:00+00:00,6.0,99,962.1,0.0,2.9,83
2017-02-03 20:00:00+00:00,5.4,100,961.4,0.0,2.6,56
2017-02-03 21:00:00+00:00,5.5,100,961.1,0.0,2.8,50
2017-02-03 22:00:00+00:00,6.0,100,962.3,0.0,6.2,350
2017-02-03 23:00:00+00:00,6.4,98,962.4,0.0,3.6,6
2017-02-04 00:00:00+00:00,6.7,99,962.9,0.0,2.9,30
2017-02-04 01:00:00+00:00,6.3,99,963.0,0.0,2.7,67
2017-02-04 02:00:00+00:00,7.5,89,964.1,0.0,1.4,90
2017-02-04 03:00:00+00:00,8.5,85,964.0,0.0,1.1,162
2017-02-04 04:00:00+00:00,8.3,82,963.1,0.0,5.1,188
2017-02-04 05:00:00+00:00,10.8,65,961.8,0.0,6.8,183
2017-02-04 06:00:00+00:00,11.2,63,960.2,0.0,8.4,187
2017-02-04 07:00:00+00:00,11.7,60,959.0,0.0,5.6,165
2017-02-04 08:00:00+00:00,11.5,60,958.2,0.0,4.2,121
2017-02-04 09:00:00+00:00,11.2,61,957.3,0.0,4.2,110
2017-02-04 10:00:00+00:00,10.2,65,958.7,0.0,7.6,341
2017-02-04 11:00:00+00:00,10.4,68,959.2,0.0,5.2,12
2017-02-04 12:00:00+00:00,10.2,72,959.4,0.0,4.6,45
2017-02-04 13:00:00+00:00,9.6,75,959.4,0.0,4.5,29
2017-02-04 14:00:00+00:00,8.9,81,959.3,0.0,4.0,5
2017-02-04 15:00:00+00:00,8.4,87,959.4,0.0,5.2,34
2017-02-04 16:00:00+00:00,8.6,89,959.6,0.0,6.6,45
2017-02-04 17:00:00+00:00,8.8,91,959.8,0.0,6.9,43
2017-02-04 18:00:00+00:00,9.0,89,959.9,0.0,7.4,39
2017-02-04 19:00:00+00:00,9.2,89,959.7,0.0,6.6,29
2017-02-04 20:00:00+00:00,8.8,91,959.2,0.0,6.5,34
2017-02-04 21:00:00+00:00,8.7,92,959.1,0.0,6.2,36
2017-02-04 22:00:00+00:00,8.7,89,959.3,0.0,7.8,34
2017-02-04 23:00:00+00:00,8.6,90,960.5,0.0,8.1,45
2017-02-05 00:00:00+00:00,8.8,91,960.7,0.0,6.4,43
2017-02-05 01:00:00+00:00,8.3,92,960.9,0.0,4.7,32
2017-02-05 02:00:00+00:00,8.7,84,961.1,0.0,2.6,16
2017-02-05 03:00:00+00:00,8.9,85,960.8,0.0,1.8,37
2017-02-05 04:00:00+00:00,9.1,82,960.2,0.0,3.5,114
2017-02-05 05:00:00+00:00,10.1,72,958.9,0.0,3.8,107
2017-02-05 06:00:00+00:00,10.0,72,957.6,0.0,3.4,72
2017-02-05 07:00:00+00:00,10.0,72,956.5,0.0,3.7,61
2017-02-05 08:00:00+00:00,10.4,68,956.0,0.0,3.7,61
2017-02-05 09:00:00+00:00,10.5,67,956.2,0.0,2.5,45
2017-02-05 10:00:00+00:00,8.6,75,956.3,0.0,7.8,326
2017-02-05 11:00:00+00:00,8.7,75,957.0,0.0,6.8,342
2017-02-05 12:00:00+00:00,8.7,75,956.8,0.0,7.2,333
2017-02-05 13:00:00+00:00,8.6,76,956.5,0.0,6.1,332
2017-02-05 14:00:00+00:00,7.9,81,956.6,0.0,4.6,321
2017-02-05 15:00:00+00:00,7.5,85,956.7,0.0,5.1,315
2017-02-05 16:00:00+00:00,7.5,88,956.6,0.0,6.4,313
2017-02-05 17:00:00+00:00,7.3,90,956.5,0.0,6.0,303
2017-02-05 18:00:00+00:00,7.2,91,956.4,0.0,5.7,288
2017-02-05 19:00:00+00:00,7.3,89,955.7,0.0,6.2,280
2017-02-05 20:00:00+00:00,6.6,95,955.2,0.0,5.1,274
2017-02-05 21:00:00+00:00,6.5,95,954.9,0.0,3.6,276
2017-02-05 22:00:00+00:00,5.6,97,954.5,0.0,5.2,286
2017-02-05 23:00:00+00:00,5.5,97,954.9,0.0,3.8,311
2017-02-06 00:00:00+00:00,5.7,97,955.0,0.0,3.7,331
2017-02-06 01:00:00+00:00,6.3,91,955.8,0.0,4.5,346
2017-02-06 02:00:00+00:00,8.6,79,956.8,0.0,4.3,5
2017-02-06 03:00:00+00:00,9.6,75,957.1,0.0,4.9,17
2017-02-06 04:00:00+00:00,10.1,71,956.8,0.0,4.8,27
2017-02-06 05:00:00+00:00,10.8,63,955.9,0.0,4.3,42
2017-02-06 06:00:00+00:00,12.2,63,954.9,0.0,5.4,48
2017-02-06 07:00:00+00:00,12.0,64,954.0,0.0,5.9,43
2017-02-06 08:00:00+00:00,11.7,66,953.7,0.0,6.7,36
2017-02-06 09:00:00+00:00,11.6,67,953.9,0.0,8.2,29
2017-02-06 10:00:00+00:00,9.3,79,953.4,0.0,8.9,346
2017-02-06 11:00:00+00:00,9.2,80,954.1,0.0,5.9,11
2017-02-06 12:00:00+00:00,9.1,82,955.0,0.0,6.2,7
2017-02-06 13:00:00+00:00,9.2,82,955.9,0.0,6.3,347
2017-02-06 14:00:00+00:00,8.8,83,956.6,0.0,6.1,320
2017-02-06 15:00:00+00:00,8.0,86,957.1,0.0,5.9,308
2017-02-06 16:00:00+00:00,8.3,87,956.9,0.0,6.9,298
2017-02-06 17:00:00+00:00,8.2,89,957.3,0.0,7.7,298
2017-02-06 18:00:00+00:00,8.0,90,956.9,0.0,8.4,301
2017-02-06 19:00:00+00:00,8.3,89,956.6,0.1,7.3,303
2017-02-06 20:00:00+00:00,7.6,93,956.3,0.2,6.4,308
2017-02-06 21:00:00+00:00,7.7,93,955.8,0.3,4.6,315
2017-02-06 22:00:00+00:00,7.7,95,956.6,0.3,3.4,288
2017-02-06 23:00:00+00:00,8.0,94,957.0,0.3,1.6,207
2017-02-07 00:00:00+00:00,8.1,94,957.8,0.2,1.1,288
2017-02-07 01:00:00+00:00,8.2,93,958.3,0.2,4.4,325
2017-02-07 02:00:00+00:00,9.1,88,959.3,0.2,4.4,351
2017-02-07 03:00:00+00:00,9.0,87,959.9,0.2,6.6,22
2017-02-07 04:00:00+00:00,9.1,85,960.2,0.2,8.7,30
2017-02-07 05:00:00+00:00,9.4,82,960.0,0.2,12.2,34
2017-02-07 06:00:00+00:00,9.6,80,959.7,0.2,12.4,36
2017-02-07 07:00:00+00:00,9.6,78,959.2,0.0,15.3,43
2017-02-07 08:00:00+00:00,9.8,72,959.7,0.0,14.0,46
2017-02-07 09:00:00+00:00,9.8,71,960.6,0.0,12.5,44
2017-02-07 10:00:00+00:00,8.9,69,962.0,0.0,8.1,32
2017-02-07 11:00:00+00:00,8.0,74,962.6,0.0,3.7,349
2017-02-07 12:00:00+00:00,8.1,78,963.7,0.0,5.1,315
2017-02-07 13:00:00+00:00,7.3,88,965.0,0.0,6.2,291
2017-02-07 14:00:00+00:00,7.3,93,966.0,0.0,7.9,270
2017-02-07 15:00:00+00:00,6.4,91,966.4,0.0,9.4,266
2017-02-07 16:00:00+00:00,6.5,91,966.7,0.0,9.4,263
2017-02-07 17:00:00+00:00,6.2,89,967.0,0.0,8.7,265
2017-02-07 18:00:00+00:00,6.4,87,967.3,0.0,7.6,265
2017-02-07 19:00:00+00:00,6.1,87,967.5,0.0,6.8,267
2017-02-07 20:00:00+00:00,5.1,88,967.2,0.0,6.1,273
2017-02-07 21:00:00+00:00,5.4,85,967.5,0.0,6.6,283
2017-02-07 22:00:00+00:00,3.5,92,966.8,0.0,6.6,279
2017-02-07 23:00:00+00:00,3.6,90,966.9,0.0,7.6,270
2017-02-08 00:00:00+00:00,5.6,77,968.0,0.0,3.3,257
2017-02-08 01:00:00+00:00,5.1,80,968.5,0.0,0.8,63
2017-02-08 02:00:00+00:00,8.8,57,970.1,0.0,1.1,90
2017-02-08 03:00:00+00:00,9.3,51,970.3,0.0,4.0,180
2017-02-08 04:00:00+00:00,9.2,49,970.1,0.0,8.0,188
2017-02-08 05:00:00+00:00,11.9,40,969.7,0.0,6.2,187
2017-02-08 06:00:00+00:00,12.0,40,968.4,0.0,3.0,194
2017-02-08 07:00:00+00:00,12.0,40,967.9,0.0,1.6,243
2017-02-08 08:00:00+00:00,12.1,38,967.5,0.0,1.5,284
2017-02-08 09:00:00+00:00,12.0,38,967.9,0.0,6.4,317
2017-02-08 10:00:00+00:00,8.8,53,969.0,0.0,14.0,316
2017-02-08 11:00:00+00:00,8.7,56,968.9,0.0,8.4,313
2017-02-08 12:00:00+00:00,8.6,57,969.7,0.0,6.7,306
2017-02-08 13:00:00+00:00,8.0,60,970.6,0.0,6.5,304
2017-02-08 14:00:00+00:00,7.0,69,971.4,0.0,6.1,298
2017-02-08 15:00:00+00:00,5.2,81,970.9,0.0,7.2,297
2017-02-08 16:00:00+00:00,4.8,82,970.8,0.0,6.9,298
2017-02-08 17:00:00+00:00,4.6,84,970.2,0.0,6.5,304
2017-02-08 18:00:00+00:00,4.8,82,969.5,0.0,6.1,310
2017-02-08 19:00:00+00:00,4.8,81,968.7,0.0,6.7,306
2017-02-08 20:00:00+00:00,4.3,83,968.1,0.0,7.9,313
2017-02-08 21:00:00+00:00,4.6,83,967.2,0.0,6.5,326
2017-02-08 22:00:00+00:00,5.1,83,966.5,0.0,2.2,81
2017-02-08 23:00:00+00:00,4.8,84,967.0,0.0,2.3,198
